ISO-10303-21;
HEADER;
FILE_DESCRIPTION(('KiCad electronic assembly'),'2;1');
FILE_NAME('L3.step','2025-02-26T17:12:31',('Pcbnew'),('Kicad'),
  'Open CASCADE STEP processor 7.8','KiCad to STEP converter','Unknown'
  );
FILE_SCHEMA(('AUTOMOTIVE_DESIGN { 1 0 10303 214 1 1 1 1 }'));
ENDSEC;
DATA;
#1 = APPLICATION_PROTOCOL_DEFINITION('international standard',
  'automotive_design',2000,#2);
#2 = APPLICATION_CONTEXT(
  'core data for automotive mechanical design processes');
#3 = SHAPE_DEFINITION_REPRESENTATION(#4,#10);
#4 = PRODUCT_DEFINITION_SHAPE('','',#5);
#5 = PRODUCT_DEFINITION('design','',#6,#9);
#6 = PRODUCT_DEFINITION_FORMATION('','',#7);
#7 = PRODUCT('L3 1','L3 1','',(#8));
#8 = PRODUCT_CONTEXT('',#2,'mechanical');
#9 = PRODUCT_DEFINITION_CONTEXT('part definition',#2,'design');
#10 = SHAPE_REPRESENTATION('',(#11,#15,#19,#23,#27,#31,#35,#39,#43,#47,
    #51,#55,#59,#63,#67),#71);
#11 = AXIS2_PLACEMENT_3D('',#12,#13,#14);
#12 = CARTESIAN_POINT('',(0.,0.,0.));
#13 = DIRECTION('',(0.,0.,1.));
#14 = DIRECTION('',(1.,0.,-0.));
#15 = AXIS2_PLACEMENT_3D('',#16,#17,#18);
#16 = CARTESIAN_POINT('',(-45.0165,33.,1.65));
#17 = DIRECTION('',(-0.,0.,1.));
#18 = DIRECTION('',(1.110223024625E-16,-1.,0.));
#19 = AXIS2_PLACEMENT_3D('',#20,#21,#22);
#20 = CARTESIAN_POINT('',(-34.25,6.350001,1.65));
#21 = DIRECTION('',(0.,0.,1.));
#22 = DIRECTION('',(1.,0.,0.));
#23 = AXIS2_PLACEMENT_3D('',#24,#25,#26);
#24 = CARTESIAN_POINT('',(-1.2822,26.,1.65));
#25 = DIRECTION('',(0.,-0.,1.));
#26 = DIRECTION('',(1.110223024625E-16,1.,0.));
#27 = AXIS2_PLACEMENT_3D('',#28,#29,#30);
#28 = CARTESIAN_POINT('',(18.85,51.200001,1.65));
#29 = DIRECTION('',(-0.,0.,1.));
#30 = DIRECTION('',(1.110223024625E-16,-1.,0.));
#31 = AXIS2_PLACEMENT_3D('',#32,#33,#34);
#32 = CARTESIAN_POINT('',(-34.8565,33.,1.65));
#33 = DIRECTION('',(-0.,0.,1.));
#34 = DIRECTION('',(1.110223024625E-16,-1.,0.));
#35 = AXIS2_PLACEMENT_3D('',#36,#37,#38);
#36 = CARTESIAN_POINT('',(-18.85,-51.199999,1.65));
#37 = DIRECTION('',(0.,-0.,1.));
#38 = DIRECTION('',(1.110223024625E-16,1.,0.));
#39 = AXIS2_PLACEMENT_3D('',#40,#41,#42);
#40 = CARTESIAN_POINT('',(34.25,-6.349999,1.65));
#41 = DIRECTION('',(0.,0.,1.));
#42 = DIRECTION('',(-1.,1.224646799147E-16,0.));
#43 = AXIS2_PLACEMENT_3D('',#44,#45,#46);
#44 = CARTESIAN_POINT('',(-37.3965,33.,1.65));
#45 = DIRECTION('',(-0.,0.,1.));
#46 = DIRECTION('',(1.110223024625E-16,-1.,0.));
#47 = AXIS2_PLACEMENT_3D('',#48,#49,#50);
#48 = CARTESIAN_POINT('',(-3.8222,26.,1.65));
#49 = DIRECTION('',(-0.,0.,1.));
#50 = DIRECTION('',(1.110223024625E-16,-1.,0.));
#51 = AXIS2_PLACEMENT_3D('',#52,#53,#54);
#52 = CARTESIAN_POINT('',(-39.9365,33.,1.65));
#53 = DIRECTION('',(-0.,0.,1.));
#54 = DIRECTION('',(1.110223024625E-16,-1.,0.));
#55 = AXIS2_PLACEMENT_3D('',#56,#57,#58);
#56 = CARTESIAN_POINT('',(-42.4765,33.,1.65));
#57 = DIRECTION('',(-0.,0.,1.));
#58 = DIRECTION('',(1.110223024625E-16,-1.,0.));
#59 = AXIS2_PLACEMENT_3D('',#60,#61,#62);
#60 = CARTESIAN_POINT('',(-47.5565,33.,1.65));
#61 = DIRECTION('',(-0.,0.,1.));
#62 = DIRECTION('',(1.110223024625E-16,-1.,0.));
#63 = AXIS2_PLACEMENT_3D('',#64,#65,#66);
#64 = CARTESIAN_POINT('',(40.,3.,-5.E-02));
#65 = DIRECTION('',(1.224646799147E-16,-1.359631073447E-32,-1.));
#66 = DIRECTION('',(1.110223024625E-16,1.,0.));
#67 = AXIS2_PLACEMENT_3D('',#68,#69,#70);
#68 = CARTESIAN_POINT('',(0.,0.,0.));
#69 = DIRECTION('',(0.,0.,1.));
#70 = DIRECTION('',(1.,0.,-0.));
#71 = ( GEOMETRIC_REPRESENTATION_CONTEXT(3) 
GLOBAL_UNCERTAINTY_ASSIGNED_CONTEXT((#75)) GLOBAL_UNIT_ASSIGNED_CONTEXT(
(#72,#73,#74)) REPRESENTATION_CONTEXT('Context #1',
  '3D Context with UNIT and UNCERTAINTY') );
#72 = ( LENGTH_UNIT() NAMED_UNIT(*) SI_UNIT(.MILLI.,.METRE.) );
#73 = ( NAMED_UNIT(*) PLANE_ANGLE_UNIT() SI_UNIT($,.RADIAN.) );
#74 = ( NAMED_UNIT(*) SI_UNIT($,.STERADIAN.) SOLID_ANGLE_UNIT() );
#75 = UNCERTAINTY_MEASURE_WITH_UNIT(LENGTH_MEASURE(1.E-07),#72,
  'distance_accuracy_value','confusion accuracy');
#76 = PRODUCT_RELATED_PRODUCT_CATEGORY('part',$,(#7));
#77 = SHAPE_DEFINITION_REPRESENTATION(#78,#84);
#78 = PRODUCT_DEFINITION_SHAPE('','',#79);
#79 = PRODUCT_DEFINITION('design','',#80,#83);
#80 = PRODUCT_DEFINITION_FORMATION('','',#81);
#81 = PRODUCT('R_0603_1608Metric','R_0603_1608Metric','',(#82));
#82 = PRODUCT_CONTEXT('',#2,'mechanical');
#83 = PRODUCT_DEFINITION_CONTEXT('part definition',#2,'design');
#84 = SHAPE_REPRESENTATION('',(#11,#85),#89);
#85 = AXIS2_PLACEMENT_3D('',#86,#87,#88);
#86 = CARTESIAN_POINT('',(0.,0.,0.));
#87 = DIRECTION('',(0.,0.,1.));
#88 = DIRECTION('',(1.,0.,-0.));
#89 = ( GEOMETRIC_REPRESENTATION_CONTEXT(3) 
GLOBAL_UNCERTAINTY_ASSIGNED_CONTEXT((#93)) GLOBAL_UNIT_ASSIGNED_CONTEXT(
(#90,#91,#92)) REPRESENTATION_CONTEXT('Context #1',
  '3D Context with UNIT and UNCERTAINTY') );
#90 = ( LENGTH_UNIT() NAMED_UNIT(*) SI_UNIT(.MILLI.,.METRE.) );
#91 = ( NAMED_UNIT(*) PLANE_ANGLE_UNIT() SI_UNIT($,.RADIAN.) );
#92 = ( NAMED_UNIT(*) SI_UNIT($,.STERADIAN.) SOLID_ANGLE_UNIT() );
#93 = UNCERTAINTY_MEASURE_WITH_UNIT(LENGTH_MEASURE(1.E-07),#90,
  'distance_accuracy_value','confusion accuracy');
#94 = CONTEXT_DEPENDENT_SHAPE_REPRESENTATION(#95,#97);
#95 = ( REPRESENTATION_RELATIONSHIP('','',#84,#10) 
REPRESENTATION_RELATIONSHIP_WITH_TRANSFORMATION(#96) 
SHAPE_REPRESENTATION_RELATIONSHIP() );
#96 = ITEM_DEFINED_TRANSFORMATION('','',#11,#15);
#97 = PRODUCT_DEFINITION_SHAPE('Placement','Placement of an item',#98);
#98 = NEXT_ASSEMBLY_USAGE_OCCURRENCE('2','R6','',#5,#79,$);
#99 = PRODUCT_RELATED_PRODUCT_CATEGORY('part',$,(#81));
#100 = SHAPE_DEFINITION_REPRESENTATION(#101,#107);
#101 = PRODUCT_DEFINITION_SHAPE('','',#102);
#102 = PRODUCT_DEFINITION('design','',#103,#106);
#103 = PRODUCT_DEFINITION_FORMATION('','',#104);
#104 = PRODUCT('R_0603_1608Metric','R_0603_1608Metric','',(#105));
#105 = PRODUCT_CONTEXT('',#2,'mechanical');
#106 = PRODUCT_DEFINITION_CONTEXT('part definition',#2,'design');
#107 = ADVANCED_BREP_SHAPE_REPRESENTATION('',(#11,#108),#898);
#108 = MANIFOLD_SOLID_BREP('',#109);
#109 = CLOSED_SHELL('',(#110,#150,#233,#258,#283,#350,#367,#384,#433,
    #450,#467,#516,#533,#602,#633,#657,#726,#750,#767,#784,#801,#818,
    #835,#852,#869,#886));
#110 = ADVANCED_FACE('',(#111),#145,.F.);
#111 = FACE_BOUND('',#112,.F.);
#112 = EDGE_LOOP('',(#113,#123,#131,#139));
#113 = ORIENTED_EDGE('',*,*,#114,.F.);
#114 = EDGE_CURVE('',#115,#117,#119,.T.);
#115 = VERTEX_POINT('',#116);
#116 = CARTESIAN_POINT('',(-0.8,-0.4,4.5E-02));
#117 = VERTEX_POINT('',#118);
#118 = CARTESIAN_POINT('',(-0.8,-0.4,0.405));
#119 = LINE('',#120,#121);
#120 = CARTESIAN_POINT('',(-0.8,-0.4,0.));
#121 = VECTOR('',#122,1.);
#122 = DIRECTION('',(0.,0.,1.));
#123 = ORIENTED_EDGE('',*,*,#124,.T.);
#124 = EDGE_CURVE('',#115,#125,#127,.T.);
#125 = VERTEX_POINT('',#126);
#126 = CARTESIAN_POINT('',(-0.8,0.4,4.5E-02));
#127 = LINE('',#128,#129);
#128 = CARTESIAN_POINT('',(-0.8,-0.4,4.5E-02));
#129 = VECTOR('',#130,1.);
#130 = DIRECTION('',(0.,1.,0.));
#131 = ORIENTED_EDGE('',*,*,#132,.T.);
#132 = EDGE_CURVE('',#125,#133,#135,.T.);
#133 = VERTEX_POINT('',#134);
#134 = CARTESIAN_POINT('',(-0.8,0.4,0.405));
#135 = LINE('',#136,#137);
#136 = CARTESIAN_POINT('',(-0.8,0.4,0.));
#137 = VECTOR('',#138,1.);
#138 = DIRECTION('',(0.,0.,1.));
#139 = ORIENTED_EDGE('',*,*,#140,.F.);
#140 = EDGE_CURVE('',#117,#133,#141,.T.);
#141 = LINE('',#142,#143);
#142 = CARTESIAN_POINT('',(-0.8,-0.4,0.405));
#143 = VECTOR('',#144,1.);
#144 = DIRECTION('',(0.,1.,0.));
#145 = PLANE('',#146);
#146 = AXIS2_PLACEMENT_3D('',#147,#148,#149);
#147 = CARTESIAN_POINT('',(-0.8,-0.4,0.));
#148 = DIRECTION('',(1.,0.,0.));
#149 = DIRECTION('',(0.,0.,1.));
#150 = ADVANCED_FACE('',(#151),#228,.F.);
#151 = FACE_BOUND('',#152,.F.);
#152 = EDGE_LOOP('',(#153,#163,#170,#171,#180,#188,#197,#205,#213,#221)
  );
#153 = ORIENTED_EDGE('',*,*,#154,.F.);
#154 = EDGE_CURVE('',#155,#157,#159,.T.);
#155 = VERTEX_POINT('',#156);
#156 = CARTESIAN_POINT('',(-0.755,-0.4,-2.775557561563E-17));
#157 = VERTEX_POINT('',#158);
#158 = CARTESIAN_POINT('',(-0.545,-0.4,-2.775557561563E-17));
#159 = LINE('',#160,#161);
#160 = CARTESIAN_POINT('',(-0.8,-0.4,0.));
#161 = VECTOR('',#162,1.);
#162 = DIRECTION('',(1.,0.,0.));
#163 = ORIENTED_EDGE('',*,*,#164,.F.);
#164 = EDGE_CURVE('',#115,#155,#165,.T.);
#165 = CIRCLE('',#166,4.5E-02);
#166 = AXIS2_PLACEMENT_3D('',#167,#168,#169);
#167 = CARTESIAN_POINT('',(-0.755,-0.4,4.5E-02));
#168 = DIRECTION('',(0.,-1.,0.));
#169 = DIRECTION('',(0.,0.,1.));
#170 = ORIENTED_EDGE('',*,*,#114,.T.);
#171 = ORIENTED_EDGE('',*,*,#172,.T.);
#172 = EDGE_CURVE('',#117,#173,#175,.T.);
#173 = VERTEX_POINT('',#174);
#174 = CARTESIAN_POINT('',(-0.755,-0.4,0.45));
#175 = CIRCLE('',#176,4.5E-02);
#176 = AXIS2_PLACEMENT_3D('',#177,#178,#179);
#177 = CARTESIAN_POINT('',(-0.755,-0.4,0.405));
#178 = DIRECTION('',(0.,1.,0.));
#179 = DIRECTION('',(0.,-0.,1.));
#180 = ORIENTED_EDGE('',*,*,#181,.T.);
#181 = EDGE_CURVE('',#173,#182,#184,.T.);
#182 = VERTEX_POINT('',#183);
#183 = CARTESIAN_POINT('',(-0.545,-0.4,0.45));
#184 = LINE('',#185,#186);
#185 = CARTESIAN_POINT('',(-0.8,-0.4,0.45));
#186 = VECTOR('',#187,1.);
#187 = DIRECTION('',(1.,0.,0.));
#188 = ORIENTED_EDGE('',*,*,#189,.F.);
#189 = EDGE_CURVE('',#190,#182,#192,.T.);
#190 = VERTEX_POINT('',#191);
#191 = CARTESIAN_POINT('',(-0.5,-0.4,0.405));
#192 = CIRCLE('',#193,4.5E-02);
#193 = AXIS2_PLACEMENT_3D('',#194,#195,#196);
#194 = CARTESIAN_POINT('',(-0.545,-0.4,0.405));
#195 = DIRECTION('',(0.,-1.,0.));
#196 = DIRECTION('',(0.,0.,1.));
#197 = ORIENTED_EDGE('',*,*,#198,.F.);
#198 = EDGE_CURVE('',#199,#190,#201,.T.);
#199 = VERTEX_POINT('',#200);
#200 = CARTESIAN_POINT('',(-0.755,-0.4,0.405));
#201 = LINE('',#202,#203);
#202 = CARTESIAN_POINT('',(-0.755,-0.4,0.405));
#203 = VECTOR('',#204,1.);
#204 = DIRECTION('',(1.,0.,0.));
#205 = ORIENTED_EDGE('',*,*,#206,.F.);
#206 = EDGE_CURVE('',#207,#199,#209,.T.);
#207 = VERTEX_POINT('',#208);
#208 = CARTESIAN_POINT('',(-0.755,-0.4,4.5E-02));
#209 = LINE('',#210,#211);
#210 = CARTESIAN_POINT('',(-0.755,-0.4,4.5E-02));
#211 = VECTOR('',#212,1.);
#212 = DIRECTION('',(0.,0.,1.));
#213 = ORIENTED_EDGE('',*,*,#214,.T.);
#214 = EDGE_CURVE('',#207,#215,#217,.T.);
#215 = VERTEX_POINT('',#216);
#216 = CARTESIAN_POINT('',(-0.5,-0.4,4.5E-02));
#217 = LINE('',#218,#219);
#218 = CARTESIAN_POINT('',(-0.755,-0.4,4.5E-02));
#219 = VECTOR('',#220,1.);
#220 = DIRECTION('',(1.,0.,0.));
#221 = ORIENTED_EDGE('',*,*,#222,.T.);
#222 = EDGE_CURVE('',#215,#157,#223,.T.);
#223 = CIRCLE('',#224,4.5E-02);
#224 = AXIS2_PLACEMENT_3D('',#225,#226,#227);
#225 = CARTESIAN_POINT('',(-0.545,-0.4,4.5E-02));
#226 = DIRECTION('',(0.,1.,0.));
#227 = DIRECTION('',(0.,-0.,1.));
#228 = PLANE('',#229);
#229 = AXIS2_PLACEMENT_3D('',#230,#231,#232);
#230 = CARTESIAN_POINT('',(-0.8,-0.4,0.));
#231 = DIRECTION('',(0.,1.,0.));
#232 = DIRECTION('',(0.,-0.,1.));
#233 = ADVANCED_FACE('',(#234),#253,.T.);
#234 = FACE_BOUND('',#235,.T.);
#235 = EDGE_LOOP('',(#236,#237,#246,#252));
#236 = ORIENTED_EDGE('',*,*,#124,.T.);
#237 = ORIENTED_EDGE('',*,*,#238,.T.);
#238 = EDGE_CURVE('',#125,#239,#241,.T.);
#239 = VERTEX_POINT('',#240);
#240 = CARTESIAN_POINT('',(-0.755,0.4,-2.775557561563E-17));
#241 = CIRCLE('',#242,4.5E-02);
#242 = AXIS2_PLACEMENT_3D('',#243,#244,#245);
#243 = CARTESIAN_POINT('',(-0.755,0.4,4.5E-02));
#244 = DIRECTION('',(0.,-1.,0.));
#245 = DIRECTION('',(0.,0.,1.));
#246 = ORIENTED_EDGE('',*,*,#247,.F.);
#247 = EDGE_CURVE('',#155,#239,#248,.T.);
#248 = LINE('',#249,#250);
#249 = CARTESIAN_POINT('',(-0.755,-0.4,-2.775557561563E-17));
#250 = VECTOR('',#251,1.);
#251 = DIRECTION('',(0.,1.,0.));
#252 = ORIENTED_EDGE('',*,*,#164,.F.);
#253 = CYLINDRICAL_SURFACE('',#254,4.5E-02);
#254 = AXIS2_PLACEMENT_3D('',#255,#256,#257);
#255 = CARTESIAN_POINT('',(-0.755,-0.4,4.5E-02));
#256 = DIRECTION('',(0.,1.,0.));
#257 = DIRECTION('',(-1.,0.,0.));
#258 = ADVANCED_FACE('',(#259),#278,.T.);
#259 = FACE_BOUND('',#260,.T.);
#260 = EDGE_LOOP('',(#261,#262,#270,#277));
#261 = ORIENTED_EDGE('',*,*,#172,.T.);
#262 = ORIENTED_EDGE('',*,*,#263,.T.);
#263 = EDGE_CURVE('',#173,#264,#266,.T.);
#264 = VERTEX_POINT('',#265);
#265 = CARTESIAN_POINT('',(-0.755,0.4,0.45));
#266 = LINE('',#267,#268);
#267 = CARTESIAN_POINT('',(-0.755,-0.4,0.45));
#268 = VECTOR('',#269,1.);
#269 = DIRECTION('',(0.,1.,0.));
#270 = ORIENTED_EDGE('',*,*,#271,.F.);
#271 = EDGE_CURVE('',#133,#264,#272,.T.);
#272 = CIRCLE('',#273,4.5E-02);
#273 = AXIS2_PLACEMENT_3D('',#274,#275,#276);
#274 = CARTESIAN_POINT('',(-0.755,0.4,0.405));
#275 = DIRECTION('',(0.,1.,0.));
#276 = DIRECTION('',(0.,-0.,1.));
#277 = ORIENTED_EDGE('',*,*,#140,.F.);
#278 = CYLINDRICAL_SURFACE('',#279,4.5E-02);
#279 = AXIS2_PLACEMENT_3D('',#280,#281,#282);
#280 = CARTESIAN_POINT('',(-0.755,-0.4,0.405));
#281 = DIRECTION('',(0.,1.,0.));
#282 = DIRECTION('',(-1.,0.,0.));
#283 = ADVANCED_FACE('',(#284),#345,.T.);
#284 = FACE_BOUND('',#285,.T.);
#285 = EDGE_LOOP('',(#286,#294,#295,#296,#297,#305,#314,#322,#330,#338)
  );
#286 = ORIENTED_EDGE('',*,*,#287,.F.);
#287 = EDGE_CURVE('',#239,#288,#290,.T.);
#288 = VERTEX_POINT('',#289);
#289 = CARTESIAN_POINT('',(-0.545,0.4,-2.775557561563E-17));
#290 = LINE('',#291,#292);
#291 = CARTESIAN_POINT('',(-0.8,0.4,0.));
#292 = VECTOR('',#293,1.);
#293 = DIRECTION('',(1.,0.,0.));
#294 = ORIENTED_EDGE('',*,*,#238,.F.);
#295 = ORIENTED_EDGE('',*,*,#132,.T.);
#296 = ORIENTED_EDGE('',*,*,#271,.T.);
#297 = ORIENTED_EDGE('',*,*,#298,.T.);
#298 = EDGE_CURVE('',#264,#299,#301,.T.);
#299 = VERTEX_POINT('',#300);
#300 = CARTESIAN_POINT('',(-0.545,0.4,0.45));
#301 = LINE('',#302,#303);
#302 = CARTESIAN_POINT('',(-0.8,0.4,0.45));
#303 = VECTOR('',#304,1.);
#304 = DIRECTION('',(1.,0.,0.));
#305 = ORIENTED_EDGE('',*,*,#306,.F.);
#306 = EDGE_CURVE('',#307,#299,#309,.T.);
#307 = VERTEX_POINT('',#308);
#308 = CARTESIAN_POINT('',(-0.5,0.4,0.405));
#309 = CIRCLE('',#310,4.5E-02);
#310 = AXIS2_PLACEMENT_3D('',#311,#312,#313);
#311 = CARTESIAN_POINT('',(-0.545,0.4,0.405));
#312 = DIRECTION('',(0.,-1.,0.));
#313 = DIRECTION('',(0.,0.,1.));
#314 = ORIENTED_EDGE('',*,*,#315,.F.);
#315 = EDGE_CURVE('',#316,#307,#318,.T.);
#316 = VERTEX_POINT('',#317);
#317 = CARTESIAN_POINT('',(-0.755,0.4,0.405));
#318 = LINE('',#319,#320);
#319 = CARTESIAN_POINT('',(-0.755,0.4,0.405));
#320 = VECTOR('',#321,1.);
#321 = DIRECTION('',(1.,0.,0.));
#322 = ORIENTED_EDGE('',*,*,#323,.F.);
#323 = EDGE_CURVE('',#324,#316,#326,.T.);
#324 = VERTEX_POINT('',#325);
#325 = CARTESIAN_POINT('',(-0.755,0.4,4.5E-02));
#326 = LINE('',#327,#328);
#327 = CARTESIAN_POINT('',(-0.755,0.4,4.5E-02));
#328 = VECTOR('',#329,1.);
#329 = DIRECTION('',(0.,0.,1.));
#330 = ORIENTED_EDGE('',*,*,#331,.T.);
#331 = EDGE_CURVE('',#324,#332,#334,.T.);
#332 = VERTEX_POINT('',#333);
#333 = CARTESIAN_POINT('',(-0.5,0.4,4.5E-02));
#334 = LINE('',#335,#336);
#335 = CARTESIAN_POINT('',(-0.755,0.4,4.5E-02));
#336 = VECTOR('',#337,1.);
#337 = DIRECTION('',(1.,0.,0.));
#338 = ORIENTED_EDGE('',*,*,#339,.T.);
#339 = EDGE_CURVE('',#332,#288,#340,.T.);
#340 = CIRCLE('',#341,4.5E-02);
#341 = AXIS2_PLACEMENT_3D('',#342,#343,#344);
#342 = CARTESIAN_POINT('',(-0.545,0.4,4.5E-02));
#343 = DIRECTION('',(0.,1.,0.));
#344 = DIRECTION('',(0.,-0.,1.));
#345 = PLANE('',#346);
#346 = AXIS2_PLACEMENT_3D('',#347,#348,#349);
#347 = CARTESIAN_POINT('',(-0.8,0.4,0.));
#348 = DIRECTION('',(0.,1.,0.));
#349 = DIRECTION('',(0.,-0.,1.));
#350 = ADVANCED_FACE('',(#351),#362,.F.);
#351 = FACE_BOUND('',#352,.F.);
#352 = EDGE_LOOP('',(#353,#354,#355,#356));
#353 = ORIENTED_EDGE('',*,*,#287,.F.);
#354 = ORIENTED_EDGE('',*,*,#247,.F.);
#355 = ORIENTED_EDGE('',*,*,#154,.T.);
#356 = ORIENTED_EDGE('',*,*,#357,.T.);
#357 = EDGE_CURVE('',#157,#288,#358,.T.);
#358 = LINE('',#359,#360);
#359 = CARTESIAN_POINT('',(-0.545,-0.4,-2.775557561563E-17));
#360 = VECTOR('',#361,1.);
#361 = DIRECTION('',(0.,1.,0.));
#362 = PLANE('',#363);
#363 = AXIS2_PLACEMENT_3D('',#364,#365,#366);
#364 = CARTESIAN_POINT('',(-0.8,-0.4,0.));
#365 = DIRECTION('',(0.,0.,1.));
#366 = DIRECTION('',(1.,0.,-0.));
#367 = ADVANCED_FACE('',(#368),#379,.T.);
#368 = FACE_BOUND('',#369,.T.);
#369 = EDGE_LOOP('',(#370,#371,#372,#373));
#370 = ORIENTED_EDGE('',*,*,#222,.T.);
#371 = ORIENTED_EDGE('',*,*,#357,.T.);
#372 = ORIENTED_EDGE('',*,*,#339,.F.);
#373 = ORIENTED_EDGE('',*,*,#374,.F.);
#374 = EDGE_CURVE('',#215,#332,#375,.T.);
#375 = LINE('',#376,#377);
#376 = CARTESIAN_POINT('',(-0.5,-0.4,4.5E-02));
#377 = VECTOR('',#378,1.);
#378 = DIRECTION('',(0.,1.,0.));
#379 = CYLINDRICAL_SURFACE('',#380,4.5E-02);
#380 = AXIS2_PLACEMENT_3D('',#381,#382,#383);
#381 = CARTESIAN_POINT('',(-0.545,-0.4,4.5E-02));
#382 = DIRECTION('',(0.,1.,0.));
#383 = DIRECTION('',(1.,0.,0.));
#384 = ADVANCED_FACE('',(#385),#428,.F.);
#385 = FACE_BOUND('',#386,.F.);
#386 = EDGE_LOOP('',(#387,#388,#389,#390,#398,#406,#414,#422));
#387 = ORIENTED_EDGE('',*,*,#214,.F.);
#388 = ORIENTED_EDGE('',*,*,#206,.T.);
#389 = ORIENTED_EDGE('',*,*,#198,.T.);
#390 = ORIENTED_EDGE('',*,*,#391,.T.);
#391 = EDGE_CURVE('',#190,#392,#394,.T.);
#392 = VERTEX_POINT('',#393);
#393 = CARTESIAN_POINT('',(0.5,-0.4,0.405));
#394 = LINE('',#395,#396);
#395 = CARTESIAN_POINT('',(-0.5,-0.4,0.405));
#396 = VECTOR('',#397,1.);
#397 = DIRECTION('',(1.,0.,0.));
#398 = ORIENTED_EDGE('',*,*,#399,.T.);
#399 = EDGE_CURVE('',#392,#400,#402,.T.);
#400 = VERTEX_POINT('',#401);
#401 = CARTESIAN_POINT('',(0.755,-0.4,0.405));
#402 = LINE('',#403,#404);
#403 = CARTESIAN_POINT('',(-0.755,-0.4,0.405));
#404 = VECTOR('',#405,1.);
#405 = DIRECTION('',(1.,0.,0.));
#406 = ORIENTED_EDGE('',*,*,#407,.F.);
#407 = EDGE_CURVE('',#408,#400,#410,.T.);
#408 = VERTEX_POINT('',#409);
#409 = CARTESIAN_POINT('',(0.755,-0.4,4.5E-02));
#410 = LINE('',#411,#412);
#411 = CARTESIAN_POINT('',(0.755,-0.4,4.5E-02));
#412 = VECTOR('',#413,1.);
#413 = DIRECTION('',(0.,0.,1.));
#414 = ORIENTED_EDGE('',*,*,#415,.F.);
#415 = EDGE_CURVE('',#416,#408,#418,.T.);
#416 = VERTEX_POINT('',#417);
#417 = CARTESIAN_POINT('',(0.5,-0.4,4.5E-02));
#418 = LINE('',#419,#420);
#419 = CARTESIAN_POINT('',(-0.755,-0.4,4.5E-02));
#420 = VECTOR('',#421,1.);
#421 = DIRECTION('',(1.,0.,0.));
#422 = ORIENTED_EDGE('',*,*,#423,.F.);
#423 = EDGE_CURVE('',#215,#416,#424,.T.);
#424 = LINE('',#425,#426);
#425 = CARTESIAN_POINT('',(-0.755,-0.4,4.5E-02));
#426 = VECTOR('',#427,1.);
#427 = DIRECTION('',(1.,0.,0.));
#428 = PLANE('',#429);
#429 = AXIS2_PLACEMENT_3D('',#430,#431,#432);
#430 = CARTESIAN_POINT('',(-0.755,-0.4,4.5E-02));
#431 = DIRECTION('',(0.,1.,0.));
#432 = DIRECTION('',(0.,-0.,1.));
#433 = ADVANCED_FACE('',(#434),#445,.T.);
#434 = FACE_BOUND('',#435,.T.);
#435 = EDGE_LOOP('',(#436,#437,#438,#439));
#436 = ORIENTED_EDGE('',*,*,#298,.F.);
#437 = ORIENTED_EDGE('',*,*,#263,.F.);
#438 = ORIENTED_EDGE('',*,*,#181,.T.);
#439 = ORIENTED_EDGE('',*,*,#440,.T.);
#440 = EDGE_CURVE('',#182,#299,#441,.T.);
#441 = LINE('',#442,#443);
#442 = CARTESIAN_POINT('',(-0.545,-0.4,0.45));
#443 = VECTOR('',#444,1.);
#444 = DIRECTION('',(0.,1.,0.));
#445 = PLANE('',#446);
#446 = AXIS2_PLACEMENT_3D('',#447,#448,#449);
#447 = CARTESIAN_POINT('',(-0.8,-0.4,0.45));
#448 = DIRECTION('',(0.,0.,1.));
#449 = DIRECTION('',(1.,0.,-0.));
#450 = ADVANCED_FACE('',(#451),#462,.T.);
#451 = FACE_BOUND('',#452,.T.);
#452 = EDGE_LOOP('',(#453,#459,#460,#461));
#453 = ORIENTED_EDGE('',*,*,#454,.T.);
#454 = EDGE_CURVE('',#190,#307,#455,.T.);
#455 = LINE('',#456,#457);
#456 = CARTESIAN_POINT('',(-0.5,-0.4,0.405));
#457 = VECTOR('',#458,1.);
#458 = DIRECTION('',(0.,1.,0.));
#459 = ORIENTED_EDGE('',*,*,#306,.T.);
#460 = ORIENTED_EDGE('',*,*,#440,.F.);
#461 = ORIENTED_EDGE('',*,*,#189,.F.);
#462 = CYLINDRICAL_SURFACE('',#463,4.5E-02);
#463 = AXIS2_PLACEMENT_3D('',#464,#465,#466);
#464 = CARTESIAN_POINT('',(-0.545,-0.4,0.405));
#465 = DIRECTION('',(0.,1.,0.));
#466 = DIRECTION('',(1.,0.,0.));
#467 = ADVANCED_FACE('',(#468),#511,.T.);
#468 = FACE_BOUND('',#469,.T.);
#469 = EDGE_LOOP('',(#470,#471,#472,#473,#481,#489,#497,#505));
#470 = ORIENTED_EDGE('',*,*,#331,.F.);
#471 = ORIENTED_EDGE('',*,*,#323,.T.);
#472 = ORIENTED_EDGE('',*,*,#315,.T.);
#473 = ORIENTED_EDGE('',*,*,#474,.T.);
#474 = EDGE_CURVE('',#307,#475,#477,.T.);
#475 = VERTEX_POINT('',#476);
#476 = CARTESIAN_POINT('',(0.5,0.4,0.405));
#477 = LINE('',#478,#479);
#478 = CARTESIAN_POINT('',(-0.5,0.4,0.405));
#479 = VECTOR('',#480,1.);
#480 = DIRECTION('',(1.,0.,0.));
#481 = ORIENTED_EDGE('',*,*,#482,.T.);
#482 = EDGE_CURVE('',#475,#483,#485,.T.);
#483 = VERTEX_POINT('',#484);
#484 = CARTESIAN_POINT('',(0.755,0.4,0.405));
#485 = LINE('',#486,#487);
#486 = CARTESIAN_POINT('',(-0.755,0.4,0.405));
#487 = VECTOR('',#488,1.);
#488 = DIRECTION('',(1.,0.,0.));
#489 = ORIENTED_EDGE('',*,*,#490,.F.);
#490 = EDGE_CURVE('',#491,#483,#493,.T.);
#491 = VERTEX_POINT('',#492);
#492 = CARTESIAN_POINT('',(0.755,0.4,4.5E-02));
#493 = LINE('',#494,#495);
#494 = CARTESIAN_POINT('',(0.755,0.4,4.5E-02));
#495 = VECTOR('',#496,1.);
#496 = DIRECTION('',(0.,0.,1.));
#497 = ORIENTED_EDGE('',*,*,#498,.F.);
#498 = EDGE_CURVE('',#499,#491,#501,.T.);
#499 = VERTEX_POINT('',#500);
#500 = CARTESIAN_POINT('',(0.5,0.4,4.5E-02));
#501 = LINE('',#502,#503);
#502 = CARTESIAN_POINT('',(-0.755,0.4,4.5E-02));
#503 = VECTOR('',#504,1.);
#504 = DIRECTION('',(1.,0.,0.));
#505 = ORIENTED_EDGE('',*,*,#506,.F.);
#506 = EDGE_CURVE('',#332,#499,#507,.T.);
#507 = LINE('',#508,#509);
#508 = CARTESIAN_POINT('',(-0.755,0.4,4.5E-02));
#509 = VECTOR('',#510,1.);
#510 = DIRECTION('',(1.,0.,0.));
#511 = PLANE('',#512);
#512 = AXIS2_PLACEMENT_3D('',#513,#514,#515);
#513 = CARTESIAN_POINT('',(-0.755,0.4,4.5E-02));
#514 = DIRECTION('',(0.,1.,0.));
#515 = DIRECTION('',(0.,-0.,1.));
#516 = ADVANCED_FACE('',(#517),#528,.F.);
#517 = FACE_BOUND('',#518,.F.);
#518 = EDGE_LOOP('',(#519,#520,#521,#527));
#519 = ORIENTED_EDGE('',*,*,#374,.F.);
#520 = ORIENTED_EDGE('',*,*,#423,.T.);
#521 = ORIENTED_EDGE('',*,*,#522,.T.);
#522 = EDGE_CURVE('',#416,#499,#523,.T.);
#523 = LINE('',#524,#525);
#524 = CARTESIAN_POINT('',(0.5,-0.4,4.5E-02));
#525 = VECTOR('',#526,1.);
#526 = DIRECTION('',(0.,1.,0.));
#527 = ORIENTED_EDGE('',*,*,#506,.F.);
#528 = PLANE('',#529);
#529 = AXIS2_PLACEMENT_3D('',#530,#531,#532);
#530 = CARTESIAN_POINT('',(-0.755,-0.4,4.5E-02));
#531 = DIRECTION('',(0.,0.,1.));
#532 = DIRECTION('',(1.,0.,-0.));
#533 = ADVANCED_FACE('',(#534),#597,.F.);
#534 = FACE_BOUND('',#535,.F.);
#535 = EDGE_LOOP('',(#536,#546,#553,#554,#555,#556,#565,#573,#582,#590)
  );
#536 = ORIENTED_EDGE('',*,*,#537,.F.);
#537 = EDGE_CURVE('',#538,#540,#542,.T.);
#538 = VERTEX_POINT('',#539);
#539 = CARTESIAN_POINT('',(0.545,-0.4,-2.775557561563E-17));
#540 = VERTEX_POINT('',#541);
#541 = CARTESIAN_POINT('',(0.755,-0.4,-2.775557561563E-17));
#542 = LINE('',#543,#544);
#543 = CARTESIAN_POINT('',(0.5,-0.4,0.));
#544 = VECTOR('',#545,1.);
#545 = DIRECTION('',(1.,0.,0.));
#546 = ORIENTED_EDGE('',*,*,#547,.F.);
#547 = EDGE_CURVE('',#416,#538,#548,.T.);
#548 = CIRCLE('',#549,4.5E-02);
#549 = AXIS2_PLACEMENT_3D('',#550,#551,#552);
#550 = CARTESIAN_POINT('',(0.545,-0.4,4.5E-02));
#551 = DIRECTION('',(0.,-1.,0.));
#552 = DIRECTION('',(0.,0.,1.));
#553 = ORIENTED_EDGE('',*,*,#415,.T.);
#554 = ORIENTED_EDGE('',*,*,#407,.T.);
#555 = ORIENTED_EDGE('',*,*,#399,.F.);
#556 = ORIENTED_EDGE('',*,*,#557,.T.);
#557 = EDGE_CURVE('',#392,#558,#560,.T.);
#558 = VERTEX_POINT('',#559);
#559 = CARTESIAN_POINT('',(0.545,-0.4,0.45));
#560 = CIRCLE('',#561,4.5E-02);
#561 = AXIS2_PLACEMENT_3D('',#562,#563,#564);
#562 = CARTESIAN_POINT('',(0.545,-0.4,0.405));
#563 = DIRECTION('',(0.,1.,0.));
#564 = DIRECTION('',(0.,-0.,1.));
#565 = ORIENTED_EDGE('',*,*,#566,.T.);
#566 = EDGE_CURVE('',#558,#567,#569,.T.);
#567 = VERTEX_POINT('',#568);
#568 = CARTESIAN_POINT('',(0.755,-0.4,0.45));
#569 = LINE('',#570,#571);
#570 = CARTESIAN_POINT('',(0.5,-0.4,0.45));
#571 = VECTOR('',#572,1.);
#572 = DIRECTION('',(1.,0.,0.));
#573 = ORIENTED_EDGE('',*,*,#574,.F.);
#574 = EDGE_CURVE('',#575,#567,#577,.T.);
#575 = VERTEX_POINT('',#576);
#576 = CARTESIAN_POINT('',(0.8,-0.4,0.405));
#577 = CIRCLE('',#578,4.5E-02);
#578 = AXIS2_PLACEMENT_3D('',#579,#580,#581);
#579 = CARTESIAN_POINT('',(0.755,-0.4,0.405));
#580 = DIRECTION('',(0.,-1.,0.));
#581 = DIRECTION('',(0.,0.,1.));
#582 = ORIENTED_EDGE('',*,*,#583,.F.);
#583 = EDGE_CURVE('',#584,#575,#586,.T.);
#584 = VERTEX_POINT('',#585);
#585 = CARTESIAN_POINT('',(0.8,-0.4,4.5E-02));
#586 = LINE('',#587,#588);
#587 = CARTESIAN_POINT('',(0.8,-0.4,0.));
#588 = VECTOR('',#589,1.);
#589 = DIRECTION('',(0.,0.,1.));
#590 = ORIENTED_EDGE('',*,*,#591,.T.);
#591 = EDGE_CURVE('',#584,#540,#592,.T.);
#592 = CIRCLE('',#593,4.5E-02);
#593 = AXIS2_PLACEMENT_3D('',#594,#595,#596);
#594 = CARTESIAN_POINT('',(0.755,-0.4,4.5E-02));
#595 = DIRECTION('',(0.,1.,0.));
#596 = DIRECTION('',(0.,-0.,1.));
#597 = PLANE('',#598);
#598 = AXIS2_PLACEMENT_3D('',#599,#600,#601);
#599 = CARTESIAN_POINT('',(0.5,-0.4,0.));
#600 = DIRECTION('',(0.,1.,0.));
#601 = DIRECTION('',(0.,-0.,1.));
#602 = ADVANCED_FACE('',(#603),#628,.F.);
#603 = FACE_BOUND('',#604,.F.);
#604 = EDGE_LOOP('',(#605,#606,#614,#622));
#605 = ORIENTED_EDGE('',*,*,#391,.F.);
#606 = ORIENTED_EDGE('',*,*,#607,.T.);
#607 = EDGE_CURVE('',#190,#608,#610,.T.);
#608 = VERTEX_POINT('',#609);
#609 = CARTESIAN_POINT('',(-0.5,-0.4,0.45));
#610 = LINE('',#611,#612);
#611 = CARTESIAN_POINT('',(-0.5,-0.4,0.405));
#612 = VECTOR('',#613,1.);
#613 = DIRECTION('',(0.,0.,1.));
#614 = ORIENTED_EDGE('',*,*,#615,.T.);
#615 = EDGE_CURVE('',#608,#616,#618,.T.);
#616 = VERTEX_POINT('',#617);
#617 = CARTESIAN_POINT('',(0.5,-0.4,0.45));
#618 = LINE('',#619,#620);
#619 = CARTESIAN_POINT('',(-0.5,-0.4,0.45));
#620 = VECTOR('',#621,1.);
#621 = DIRECTION('',(1.,0.,0.));
#622 = ORIENTED_EDGE('',*,*,#623,.F.);
#623 = EDGE_CURVE('',#392,#616,#624,.T.);
#624 = LINE('',#625,#626);
#625 = CARTESIAN_POINT('',(0.5,-0.4,0.405));
#626 = VECTOR('',#627,1.);
#627 = DIRECTION('',(0.,0.,1.));
#628 = PLANE('',#629);
#629 = AXIS2_PLACEMENT_3D('',#630,#631,#632);
#630 = CARTESIAN_POINT('',(-0.5,-0.4,0.405));
#631 = DIRECTION('',(0.,1.,0.));
#632 = DIRECTION('',(0.,-0.,1.));
#633 = ADVANCED_FACE('',(#634),#652,.F.);
#634 = FACE_BOUND('',#635,.F.);
#635 = EDGE_LOOP('',(#636,#637,#638,#646));
#636 = ORIENTED_EDGE('',*,*,#607,.F.);
#637 = ORIENTED_EDGE('',*,*,#454,.T.);
#638 = ORIENTED_EDGE('',*,*,#639,.T.);
#639 = EDGE_CURVE('',#307,#640,#642,.T.);
#640 = VERTEX_POINT('',#641);
#641 = CARTESIAN_POINT('',(-0.5,0.4,0.45));
#642 = LINE('',#643,#644);
#643 = CARTESIAN_POINT('',(-0.5,0.4,0.405));
#644 = VECTOR('',#645,1.);
#645 = DIRECTION('',(0.,0.,1.));
#646 = ORIENTED_EDGE('',*,*,#647,.F.);
#647 = EDGE_CURVE('',#608,#640,#648,.T.);
#648 = LINE('',#649,#650);
#649 = CARTESIAN_POINT('',(-0.5,-0.4,0.45));
#650 = VECTOR('',#651,1.);
#651 = DIRECTION('',(0.,1.,0.));
#652 = PLANE('',#653);
#653 = AXIS2_PLACEMENT_3D('',#654,#655,#656);
#654 = CARTESIAN_POINT('',(-0.5,-0.4,0.405));
#655 = DIRECTION('',(1.,0.,0.));
#656 = DIRECTION('',(0.,0.,1.));
#657 = ADVANCED_FACE('',(#658),#721,.T.);
#658 = FACE_BOUND('',#659,.T.);
#659 = EDGE_LOOP('',(#660,#670,#677,#678,#679,#680,#689,#697,#706,#714)
  );
#660 = ORIENTED_EDGE('',*,*,#661,.F.);
#661 = EDGE_CURVE('',#662,#664,#666,.T.);
#662 = VERTEX_POINT('',#663);
#663 = CARTESIAN_POINT('',(0.545,0.4,-2.775557561563E-17));
#664 = VERTEX_POINT('',#665);
#665 = CARTESIAN_POINT('',(0.755,0.4,-2.775557561563E-17));
#666 = LINE('',#667,#668);
#667 = CARTESIAN_POINT('',(0.5,0.4,0.));
#668 = VECTOR('',#669,1.);
#669 = DIRECTION('',(1.,0.,0.));
#670 = ORIENTED_EDGE('',*,*,#671,.F.);
#671 = EDGE_CURVE('',#499,#662,#672,.T.);
#672 = CIRCLE('',#673,4.5E-02);
#673 = AXIS2_PLACEMENT_3D('',#674,#675,#676);
#674 = CARTESIAN_POINT('',(0.545,0.4,4.5E-02));
#675 = DIRECTION('',(0.,-1.,0.));
#676 = DIRECTION('',(0.,0.,1.));
#677 = ORIENTED_EDGE('',*,*,#498,.T.);
#678 = ORIENTED_EDGE('',*,*,#490,.T.);
#679 = ORIENTED_EDGE('',*,*,#482,.F.);
#680 = ORIENTED_EDGE('',*,*,#681,.T.);
#681 = EDGE_CURVE('',#475,#682,#684,.T.);
#682 = VERTEX_POINT('',#683);
#683 = CARTESIAN_POINT('',(0.545,0.4,0.45));
#684 = CIRCLE('',#685,4.5E-02);
#685 = AXIS2_PLACEMENT_3D('',#686,#687,#688);
#686 = CARTESIAN_POINT('',(0.545,0.4,0.405));
#687 = DIRECTION('',(0.,1.,0.));
#688 = DIRECTION('',(0.,-0.,1.));
#689 = ORIENTED_EDGE('',*,*,#690,.T.);
#690 = EDGE_CURVE('',#682,#691,#693,.T.);
#691 = VERTEX_POINT('',#692);
#692 = CARTESIAN_POINT('',(0.755,0.4,0.45));
#693 = LINE('',#694,#695);
#694 = CARTESIAN_POINT('',(0.5,0.4,0.45));
#695 = VECTOR('',#696,1.);
#696 = DIRECTION('',(1.,0.,0.));
#697 = ORIENTED_EDGE('',*,*,#698,.F.);
#698 = EDGE_CURVE('',#699,#691,#701,.T.);
#699 = VERTEX_POINT('',#700);
#700 = CARTESIAN_POINT('',(0.8,0.4,0.405));
#701 = CIRCLE('',#702,4.5E-02);
#702 = AXIS2_PLACEMENT_3D('',#703,#704,#705);
#703 = CARTESIAN_POINT('',(0.755,0.4,0.405));
#704 = DIRECTION('',(0.,-1.,0.));
#705 = DIRECTION('',(0.,0.,1.));
#706 = ORIENTED_EDGE('',*,*,#707,.F.);
#707 = EDGE_CURVE('',#708,#699,#710,.T.);
#708 = VERTEX_POINT('',#709);
#709 = CARTESIAN_POINT('',(0.8,0.4,4.5E-02));
#710 = LINE('',#711,#712);
#711 = CARTESIAN_POINT('',(0.8,0.4,0.));
#712 = VECTOR('',#713,1.);
#713 = DIRECTION('',(0.,0.,1.));
#714 = ORIENTED_EDGE('',*,*,#715,.T.);
#715 = EDGE_CURVE('',#708,#664,#716,.T.);
#716 = CIRCLE('',#717,4.5E-02);
#717 = AXIS2_PLACEMENT_3D('',#718,#719,#720);
#718 = CARTESIAN_POINT('',(0.755,0.4,4.5E-02));
#719 = DIRECTION('',(0.,1.,0.));
#720 = DIRECTION('',(0.,-0.,1.));
#721 = PLANE('',#722);
#722 = AXIS2_PLACEMENT_3D('',#723,#724,#725);
#723 = CARTESIAN_POINT('',(0.5,0.4,0.));
#724 = DIRECTION('',(0.,1.,0.));
#725 = DIRECTION('',(0.,-0.,1.));
#726 = ADVANCED_FACE('',(#727),#745,.T.);
#727 = FACE_BOUND('',#728,.T.);
#728 = EDGE_LOOP('',(#729,#730,#731,#739));
#729 = ORIENTED_EDGE('',*,*,#474,.F.);
#730 = ORIENTED_EDGE('',*,*,#639,.T.);
#731 = ORIENTED_EDGE('',*,*,#732,.T.);
#732 = EDGE_CURVE('',#640,#733,#735,.T.);
#733 = VERTEX_POINT('',#734);
#734 = CARTESIAN_POINT('',(0.5,0.4,0.45));
#735 = LINE('',#736,#737);
#736 = CARTESIAN_POINT('',(-0.5,0.4,0.45));
#737 = VECTOR('',#738,1.);
#738 = DIRECTION('',(1.,0.,0.));
#739 = ORIENTED_EDGE('',*,*,#740,.F.);
#740 = EDGE_CURVE('',#475,#733,#741,.T.);
#741 = LINE('',#742,#743);
#742 = CARTESIAN_POINT('',(0.5,0.4,0.405));
#743 = VECTOR('',#744,1.);
#744 = DIRECTION('',(0.,0.,1.));
#745 = PLANE('',#746);
#746 = AXIS2_PLACEMENT_3D('',#747,#748,#749);
#747 = CARTESIAN_POINT('',(-0.5,0.4,0.405));
#748 = DIRECTION('',(0.,1.,0.));
#749 = DIRECTION('',(0.,-0.,1.));
#750 = ADVANCED_FACE('',(#751),#762,.T.);
#751 = FACE_BOUND('',#752,.T.);
#752 = EDGE_LOOP('',(#753,#754,#755,#761));
#753 = ORIENTED_EDGE('',*,*,#522,.T.);
#754 = ORIENTED_EDGE('',*,*,#671,.T.);
#755 = ORIENTED_EDGE('',*,*,#756,.F.);
#756 = EDGE_CURVE('',#538,#662,#757,.T.);
#757 = LINE('',#758,#759);
#758 = CARTESIAN_POINT('',(0.545,-0.4,-2.775557561563E-17));
#759 = VECTOR('',#760,1.);
#760 = DIRECTION('',(0.,1.,0.));
#761 = ORIENTED_EDGE('',*,*,#547,.F.);
#762 = CYLINDRICAL_SURFACE('',#763,4.5E-02);
#763 = AXIS2_PLACEMENT_3D('',#764,#765,#766);
#764 = CARTESIAN_POINT('',(0.545,-0.4,4.5E-02));
#765 = DIRECTION('',(0.,1.,0.));
#766 = DIRECTION('',(-1.,0.,0.));
#767 = ADVANCED_FACE('',(#768),#779,.F.);
#768 = FACE_BOUND('',#769,.F.);
#769 = EDGE_LOOP('',(#770,#771,#772,#773));
#770 = ORIENTED_EDGE('',*,*,#661,.F.);
#771 = ORIENTED_EDGE('',*,*,#756,.F.);
#772 = ORIENTED_EDGE('',*,*,#537,.T.);
#773 = ORIENTED_EDGE('',*,*,#774,.T.);
#774 = EDGE_CURVE('',#540,#664,#775,.T.);
#775 = LINE('',#776,#777);
#776 = CARTESIAN_POINT('',(0.755,-0.4,-2.775557561563E-17));
#777 = VECTOR('',#778,1.);
#778 = DIRECTION('',(0.,1.,0.));
#779 = PLANE('',#780);
#780 = AXIS2_PLACEMENT_3D('',#781,#782,#783);
#781 = CARTESIAN_POINT('',(0.5,-0.4,0.));
#782 = DIRECTION('',(0.,0.,1.));
#783 = DIRECTION('',(1.,0.,-0.));
#784 = ADVANCED_FACE('',(#785),#796,.T.);
#785 = FACE_BOUND('',#786,.T.);
#786 = EDGE_LOOP('',(#787,#788,#789,#790));
#787 = ORIENTED_EDGE('',*,*,#591,.T.);
#788 = ORIENTED_EDGE('',*,*,#774,.T.);
#789 = ORIENTED_EDGE('',*,*,#715,.F.);
#790 = ORIENTED_EDGE('',*,*,#791,.F.);
#791 = EDGE_CURVE('',#584,#708,#792,.T.);
#792 = LINE('',#793,#794);
#793 = CARTESIAN_POINT('',(0.8,-0.4,4.5E-02));
#794 = VECTOR('',#795,1.);
#795 = DIRECTION('',(0.,1.,0.));
#796 = CYLINDRICAL_SURFACE('',#797,4.5E-02);
#797 = AXIS2_PLACEMENT_3D('',#798,#799,#800);
#798 = CARTESIAN_POINT('',(0.755,-0.4,4.5E-02));
#799 = DIRECTION('',(0.,1.,0.));
#800 = DIRECTION('',(1.,0.,0.));
#801 = ADVANCED_FACE('',(#802),#813,.T.);
#802 = FACE_BOUND('',#803,.T.);
#803 = EDGE_LOOP('',(#804,#805,#806,#807));
#804 = ORIENTED_EDGE('',*,*,#583,.F.);
#805 = ORIENTED_EDGE('',*,*,#791,.T.);
#806 = ORIENTED_EDGE('',*,*,#707,.T.);
#807 = ORIENTED_EDGE('',*,*,#808,.F.);
#808 = EDGE_CURVE('',#575,#699,#809,.T.);
#809 = LINE('',#810,#811);
#810 = CARTESIAN_POINT('',(0.8,-0.4,0.405));
#811 = VECTOR('',#812,1.);
#812 = DIRECTION('',(0.,1.,0.));
#813 = PLANE('',#814);
#814 = AXIS2_PLACEMENT_3D('',#815,#816,#817);
#815 = CARTESIAN_POINT('',(0.8,-0.4,0.));
#816 = DIRECTION('',(1.,0.,0.));
#817 = DIRECTION('',(0.,0.,1.));
#818 = ADVANCED_FACE('',(#819),#830,.T.);
#819 = FACE_BOUND('',#820,.T.);
#820 = EDGE_LOOP('',(#821,#822,#823,#829));
#821 = ORIENTED_EDGE('',*,*,#808,.T.);
#822 = ORIENTED_EDGE('',*,*,#698,.T.);
#823 = ORIENTED_EDGE('',*,*,#824,.F.);
#824 = EDGE_CURVE('',#567,#691,#825,.T.);
#825 = LINE('',#826,#827);
#826 = CARTESIAN_POINT('',(0.755,-0.4,0.45));
#827 = VECTOR('',#828,1.);
#828 = DIRECTION('',(0.,1.,0.));
#829 = ORIENTED_EDGE('',*,*,#574,.F.);
#830 = CYLINDRICAL_SURFACE('',#831,4.5E-02);
#831 = AXIS2_PLACEMENT_3D('',#832,#833,#834);
#832 = CARTESIAN_POINT('',(0.755,-0.4,0.405));
#833 = DIRECTION('',(0.,1.,0.));
#834 = DIRECTION('',(1.,0.,0.));
#835 = ADVANCED_FACE('',(#836),#847,.T.);
#836 = FACE_BOUND('',#837,.T.);
#837 = EDGE_LOOP('',(#838,#839,#845,#846));
#838 = ORIENTED_EDGE('',*,*,#690,.F.);
#839 = ORIENTED_EDGE('',*,*,#840,.F.);
#840 = EDGE_CURVE('',#558,#682,#841,.T.);
#841 = LINE('',#842,#843);
#842 = CARTESIAN_POINT('',(0.545,-0.4,0.45));
#843 = VECTOR('',#844,1.);
#844 = DIRECTION('',(0.,1.,0.));
#845 = ORIENTED_EDGE('',*,*,#566,.T.);
#846 = ORIENTED_EDGE('',*,*,#824,.T.);
#847 = PLANE('',#848);
#848 = AXIS2_PLACEMENT_3D('',#849,#850,#851);
#849 = CARTESIAN_POINT('',(0.5,-0.4,0.45));
#850 = DIRECTION('',(0.,0.,1.));
#851 = DIRECTION('',(1.,0.,-0.));
#852 = ADVANCED_FACE('',(#853),#864,.T.);
#853 = FACE_BOUND('',#854,.T.);
#854 = EDGE_LOOP('',(#855,#856,#857,#858));
#855 = ORIENTED_EDGE('',*,*,#557,.T.);
#856 = ORIENTED_EDGE('',*,*,#840,.T.);
#857 = ORIENTED_EDGE('',*,*,#681,.F.);
#858 = ORIENTED_EDGE('',*,*,#859,.F.);
#859 = EDGE_CURVE('',#392,#475,#860,.T.);
#860 = LINE('',#861,#862);
#861 = CARTESIAN_POINT('',(0.5,-0.4,0.405));
#862 = VECTOR('',#863,1.);
#863 = DIRECTION('',(0.,1.,0.));
#864 = CYLINDRICAL_SURFACE('',#865,4.5E-02);
#865 = AXIS2_PLACEMENT_3D('',#866,#867,#868);
#866 = CARTESIAN_POINT('',(0.545,-0.4,0.405));
#867 = DIRECTION('',(0.,1.,0.));
#868 = DIRECTION('',(-1.,0.,0.));
#869 = ADVANCED_FACE('',(#870),#881,.T.);
#870 = FACE_BOUND('',#871,.T.);
#871 = EDGE_LOOP('',(#872,#873,#874,#875));
#872 = ORIENTED_EDGE('',*,*,#623,.F.);
#873 = ORIENTED_EDGE('',*,*,#859,.T.);
#874 = ORIENTED_EDGE('',*,*,#740,.T.);
#875 = ORIENTED_EDGE('',*,*,#876,.F.);
#876 = EDGE_CURVE('',#616,#733,#877,.T.);
#877 = LINE('',#878,#879);
#878 = CARTESIAN_POINT('',(0.5,-0.4,0.45));
#879 = VECTOR('',#880,1.);
#880 = DIRECTION('',(0.,1.,0.));
#881 = PLANE('',#882);
#882 = AXIS2_PLACEMENT_3D('',#883,#884,#885);
#883 = CARTESIAN_POINT('',(0.5,-0.4,0.405));
#884 = DIRECTION('',(1.,0.,0.));
#885 = DIRECTION('',(0.,0.,1.));
#886 = ADVANCED_FACE('',(#887),#893,.T.);
#887 = FACE_BOUND('',#888,.T.);
#888 = EDGE_LOOP('',(#889,#890,#891,#892));
#889 = ORIENTED_EDGE('',*,*,#647,.F.);
#890 = ORIENTED_EDGE('',*,*,#615,.T.);
#891 = ORIENTED_EDGE('',*,*,#876,.T.);
#892 = ORIENTED_EDGE('',*,*,#732,.F.);
#893 = PLANE('',#894);
#894 = AXIS2_PLACEMENT_3D('',#895,#896,#897);
#895 = CARTESIAN_POINT('',(-0.5,-0.4,0.45));
#896 = DIRECTION('',(0.,0.,1.));
#897 = DIRECTION('',(1.,0.,-0.));
#898 = ( GEOMETRIC_REPRESENTATION_CONTEXT(3) 
GLOBAL_UNCERTAINTY_ASSIGNED_CONTEXT((#902)) GLOBAL_UNIT_ASSIGNED_CONTEXT
((#899,#900,#901)) REPRESENTATION_CONTEXT('Context #1',
  '3D Context with UNIT and UNCERTAINTY') );
#899 = ( LENGTH_UNIT() NAMED_UNIT(*) SI_UNIT(.MILLI.,.METRE.) );
#900 = ( NAMED_UNIT(*) PLANE_ANGLE_UNIT() SI_UNIT($,.RADIAN.) );
#901 = ( NAMED_UNIT(*) SI_UNIT($,.STERADIAN.) SOLID_ANGLE_UNIT() );
#902 = UNCERTAINTY_MEASURE_WITH_UNIT(LENGTH_MEASURE(1.E-07),#899,
  'distance_accuracy_value','confusion accuracy');
#903 = CONTEXT_DEPENDENT_SHAPE_REPRESENTATION(#904,#906);
#904 = ( REPRESENTATION_RELATIONSHIP('','',#107,#84) 
REPRESENTATION_RELATIONSHIP_WITH_TRANSFORMATION(#905) 
SHAPE_REPRESENTATION_RELATIONSHIP() );
#905 = ITEM_DEFINED_TRANSFORMATION('','',#11,#85);
#906 = PRODUCT_DEFINITION_SHAPE('Placement','Placement of an item',#907
  );
#907 = NEXT_ASSEMBLY_USAGE_OCCURRENCE('1','=>[0:1:1:3]','',#79,#102,$);
#908 = PRODUCT_RELATED_PRODUCT_CATEGORY('part',$,(#104));
#909 = SHAPE_DEFINITION_REPRESENTATION(#910,#916);
#910 = PRODUCT_DEFINITION_SHAPE('','',#911);
#911 = PRODUCT_DEFINITION('design','',#912,#915);
#912 = PRODUCT_DEFINITION_FORMATION('','',#913);
#913 = PRODUCT('PinHeader_1x06_P2.54mm_Vertical',
  'PinHeader_1x06_P2.54mm_Vertical','',(#914));
#914 = PRODUCT_CONTEXT('',#2,'mechanical');
#915 = PRODUCT_DEFINITION_CONTEXT('part definition',#2,'design');
#916 = SHAPE_REPRESENTATION('',(#11,#917),#921);
#917 = AXIS2_PLACEMENT_3D('',#918,#919,#920);
#918 = CARTESIAN_POINT('',(0.,0.,0.));
#919 = DIRECTION('',(0.,0.,1.));
#920 = DIRECTION('',(1.,0.,-0.));
#921 = ( GEOMETRIC_REPRESENTATION_CONTEXT(3) 
GLOBAL_UNCERTAINTY_ASSIGNED_CONTEXT((#925)) GLOBAL_UNIT_ASSIGNED_CONTEXT
((#922,#923,#924)) REPRESENTATION_CONTEXT('Context #1',
  '3D Context with UNIT and UNCERTAINTY') );
#922 = ( LENGTH_UNIT() NAMED_UNIT(*) SI_UNIT(.MILLI.,.METRE.) );
#923 = ( NAMED_UNIT(*) PLANE_ANGLE_UNIT() SI_UNIT($,.RADIAN.) );
#924 = ( NAMED_UNIT(*) SI_UNIT($,.STERADIAN.) SOLID_ANGLE_UNIT() );
#925 = UNCERTAINTY_MEASURE_WITH_UNIT(LENGTH_MEASURE(1.E-07),#922,
  'distance_accuracy_value','confusion accuracy');
#926 = CONTEXT_DEPENDENT_SHAPE_REPRESENTATION(#927,#929);
#927 = ( REPRESENTATION_RELATIONSHIP('','',#916,#10) 
REPRESENTATION_RELATIONSHIP_WITH_TRANSFORMATION(#928) 
SHAPE_REPRESENTATION_RELATIONSHIP() );
#928 = ITEM_DEFINED_TRANSFORMATION('','',#11,#19);
#929 = PRODUCT_DEFINITION_SHAPE('Placement','Placement of an item',#930
  );
#930 = NEXT_ASSEMBLY_USAGE_OCCURRENCE('4','J5','',#5,#911,$);
#931 = PRODUCT_RELATED_PRODUCT_CATEGORY('part',$,(#913));
#932 = SHAPE_DEFINITION_REPRESENTATION(#933,#939);
#933 = PRODUCT_DEFINITION_SHAPE('','',#934);
#934 = PRODUCT_DEFINITION('design','',#935,#938);
#935 = PRODUCT_DEFINITION_FORMATION('','',#936);
#936 = PRODUCT('PinHeader_1x06_P254mm_Vertical',
  'PinHeader_1x06_P254mm_Vertical','',(#937));
#937 = PRODUCT_CONTEXT('',#2,'mechanical');
#938 = PRODUCT_DEFINITION_CONTEXT('part definition',#2,'design');
#939 = ADVANCED_BREP_SHAPE_REPRESENTATION('',(#11,#940),#5068);
#940 = MANIFOLD_SOLID_BREP('',#941);
#941 = CLOSED_SHELL('',(#942,#982,#1013,#1044,#1537,#2030,#2047,#2064,
    #2081,#2098,#2115,#2132,#2149,#2166,#2183,#2200,#2217,#2234,#2251,
    #2268,#2285,#2302,#2319,#2336,#2353,#2370,#2387,#2404,#2421,#2438,
    #2455,#2472,#2489,#2506,#2523,#2540,#2557,#2574,#2591,#2608,#2620,
    #2651,#2675,#2699,#2716,#2747,#2771,#2795,#2812,#2843,#2867,#2891,
    #2908,#2939,#2963,#2987,#3004,#3035,#3059,#3083,#3100,#3131,#3155,
    #3179,#3196,#3227,#3251,#3275,#3292,#3323,#3347,#3371,#3388,#3419,
    #3443,#3467,#3484,#3515,#3539,#3563,#3580,#3611,#3635,#3659,#3676,
    #3707,#3731,#3755,#3772,#3803,#3827,#3851,#3868,#3899,#3923,#3947,
    #3964,#3995,#4019,#4043,#4060,#4091,#4115,#4139,#4156,#4187,#4211,
    #4235,#4252,#4283,#4307,#4331,#4348,#4379,#4403,#4427,#4444,#4475,
    #4499,#4523,#4540,#4571,#4595,#4619,#4636,#4667,#4691,#4715,#4732,
    #4763,#4787,#4811,#4828,#4859,#4883,#4907,#4924,#4936,#4948,#4960,
    #4972,#4984,#4996,#5008,#5020,#5032,#5044,#5056));
#942 = ADVANCED_FACE('',(#943),#977,.F.);
#943 = FACE_BOUND('',#944,.F.);
#944 = EDGE_LOOP('',(#945,#955,#963,#971));
#945 = ORIENTED_EDGE('',*,*,#946,.T.);
#946 = EDGE_CURVE('',#947,#949,#951,.T.);
#947 = VERTEX_POINT('',#948);
#948 = CARTESIAN_POINT('',(-1.016,1.27,0.));
#949 = VERTEX_POINT('',#950);
#950 = CARTESIAN_POINT('',(-1.016,1.27,2.54));
#951 = LINE('',#952,#953);
#952 = CARTESIAN_POINT('',(-1.016,1.27,0.));
#953 = VECTOR('',#954,1.);
#954 = DIRECTION('',(0.,0.,1.));
#955 = ORIENTED_EDGE('',*,*,#956,.T.);
#956 = EDGE_CURVE('',#949,#957,#959,.T.);
#957 = VERTEX_POINT('',#958);
#958 = CARTESIAN_POINT('',(-1.27,1.016,2.54));
#959 = LINE('',#960,#961);
#960 = CARTESIAN_POINT('',(-1.016,1.27,2.54));
#961 = VECTOR('',#962,1.);
#962 = DIRECTION('',(-0.707106781187,-0.707106781187,0.));
#963 = ORIENTED_EDGE('',*,*,#964,.F.);
#964 = EDGE_CURVE('',#965,#957,#967,.T.);
#965 = VERTEX_POINT('',#966);
#966 = CARTESIAN_POINT('',(-1.27,1.016,0.));
#967 = LINE('',#968,#969);
#968 = CARTESIAN_POINT('',(-1.27,1.016,0.));
#969 = VECTOR('',#970,1.);
#970 = DIRECTION('',(0.,0.,1.));
#971 = ORIENTED_EDGE('',*,*,#972,.F.);
#972 = EDGE_CURVE('',#947,#965,#973,.T.);
#973 = LINE('',#974,#975);
#974 = CARTESIAN_POINT('',(-1.016,1.27,0.));
#975 = VECTOR('',#976,1.);
#976 = DIRECTION('',(-0.707106781187,-0.707106781187,0.));
#977 = PLANE('',#978);
#978 = AXIS2_PLACEMENT_3D('',#979,#980,#981);
#979 = CARTESIAN_POINT('',(-1.016,1.27,0.));
#980 = DIRECTION('',(0.707106781187,-0.707106781187,0.));
#981 = DIRECTION('',(-0.707106781187,-0.707106781187,0.));
#982 = ADVANCED_FACE('',(#983),#1008,.F.);
#983 = FACE_BOUND('',#984,.F.);
#984 = EDGE_LOOP('',(#985,#995,#1001,#1002));
#985 = ORIENTED_EDGE('',*,*,#986,.T.);
#986 = EDGE_CURVE('',#987,#989,#991,.T.);
#987 = VERTEX_POINT('',#988);
#988 = CARTESIAN_POINT('',(1.016,1.27,0.));
#989 = VERTEX_POINT('',#990);
#990 = CARTESIAN_POINT('',(1.016,1.27,2.54));
#991 = LINE('',#992,#993);
#992 = CARTESIAN_POINT('',(1.016,1.27,0.));
#993 = VECTOR('',#994,1.);
#994 = DIRECTION('',(0.,0.,1.));
#995 = ORIENTED_EDGE('',*,*,#996,.T.);
#996 = EDGE_CURVE('',#989,#949,#997,.T.);
#997 = LINE('',#998,#999);
#998 = CARTESIAN_POINT('',(1.016,1.27,2.54));
#999 = VECTOR('',#1000,1.);
#1000 = DIRECTION('',(-1.,0.,0.));
#1001 = ORIENTED_EDGE('',*,*,#946,.F.);
#1002 = ORIENTED_EDGE('',*,*,#1003,.F.);
#1003 = EDGE_CURVE('',#987,#947,#1004,.T.);
#1004 = LINE('',#1005,#1006);
#1005 = CARTESIAN_POINT('',(1.016,1.27,0.));
#1006 = VECTOR('',#1007,1.);
#1007 = DIRECTION('',(-1.,0.,0.));
#1008 = PLANE('',#1009);
#1009 = AXIS2_PLACEMENT_3D('',#1010,#1011,#1012);
#1010 = CARTESIAN_POINT('',(1.016,1.27,0.));
#1011 = DIRECTION('',(0.,-1.,0.));
#1012 = DIRECTION('',(-1.,0.,0.));
#1013 = ADVANCED_FACE('',(#1014),#1039,.F.);
#1014 = FACE_BOUND('',#1015,.F.);
#1015 = EDGE_LOOP('',(#1016,#1017,#1025,#1033));
#1016 = ORIENTED_EDGE('',*,*,#964,.T.);
#1017 = ORIENTED_EDGE('',*,*,#1018,.T.);
#1018 = EDGE_CURVE('',#957,#1019,#1021,.T.);
#1019 = VERTEX_POINT('',#1020);
#1020 = CARTESIAN_POINT('',(-1.27,-1.016,2.54));
#1021 = LINE('',#1022,#1023);
#1022 = CARTESIAN_POINT('',(-1.27,1.016,2.54));
#1023 = VECTOR('',#1024,1.);
#1024 = DIRECTION('',(0.,-1.,0.));
#1025 = ORIENTED_EDGE('',*,*,#1026,.F.);
#1026 = EDGE_CURVE('',#1027,#1019,#1029,.T.);
#1027 = VERTEX_POINT('',#1028);
#1028 = CARTESIAN_POINT('',(-1.27,-1.016,0.));
#1029 = LINE('',#1030,#1031);
#1030 = CARTESIAN_POINT('',(-1.27,-1.016,0.));
#1031 = VECTOR('',#1032,1.);
#1032 = DIRECTION('',(0.,0.,1.));
#1033 = ORIENTED_EDGE('',*,*,#1034,.F.);
#1034 = EDGE_CURVE('',#965,#1027,#1035,.T.);
#1035 = LINE('',#1036,#1037);
#1036 = CARTESIAN_POINT('',(-1.27,1.016,0.));
#1037 = VECTOR('',#1038,1.);
#1038 = DIRECTION('',(0.,-1.,0.));
#1039 = PLANE('',#1040);
#1040 = AXIS2_PLACEMENT_3D('',#1041,#1042,#1043);
#1041 = CARTESIAN_POINT('',(-1.27,1.016,0.));
#1042 = DIRECTION('',(1.,0.,0.));
#1043 = DIRECTION('',(0.,-1.,0.));
#1044 = ADVANCED_FACE('',(#1045,#1328,#1362,#1396,#1430,#1464,#1498),
  #1532,.F.);
#1045 = FACE_BOUND('',#1046,.F.);
#1046 = EDGE_LOOP('',(#1047,#1048,#1049,#1057,#1065,#1073,#1081,#1089,
    #1097,#1105,#1113,#1121,#1129,#1137,#1145,#1153,#1161,#1169,#1177,
    #1185,#1193,#1201,#1209,#1217,#1225,#1233,#1241,#1249,#1257,#1265,
    #1273,#1281,#1289,#1297,#1305,#1313,#1321,#1327));
#1047 = ORIENTED_EDGE('',*,*,#972,.T.);
#1048 = ORIENTED_EDGE('',*,*,#1034,.T.);
#1049 = ORIENTED_EDGE('',*,*,#1050,.T.);
#1050 = EDGE_CURVE('',#1027,#1051,#1053,.T.);
#1051 = VERTEX_POINT('',#1052);
#1052 = CARTESIAN_POINT('',(-1.016,-1.27,0.));
#1053 = LINE('',#1054,#1055);
#1054 = CARTESIAN_POINT('',(-1.27,-1.016,0.));
#1055 = VECTOR('',#1056,1.);
#1056 = DIRECTION('',(0.707106781187,-0.707106781187,0.));
#1057 = ORIENTED_EDGE('',*,*,#1058,.T.);
#1058 = EDGE_CURVE('',#1051,#1059,#1061,.T.);
#1059 = VERTEX_POINT('',#1060);
#1060 = CARTESIAN_POINT('',(-1.27,-1.524,0.));
#1061 = LINE('',#1062,#1063);
#1062 = CARTESIAN_POINT('',(-1.016,-1.27,0.));
#1063 = VECTOR('',#1064,1.);
#1064 = DIRECTION('',(-0.707106781187,-0.707106781187,0.));
#1065 = ORIENTED_EDGE('',*,*,#1066,.T.);
#1066 = EDGE_CURVE('',#1059,#1067,#1069,.T.);
#1067 = VERTEX_POINT('',#1068);
#1068 = CARTESIAN_POINT('',(-1.27,-3.556,0.));
#1069 = LINE('',#1070,#1071);
#1070 = CARTESIAN_POINT('',(-1.27,-1.524,0.));
#1071 = VECTOR('',#1072,1.);
#1072 = DIRECTION('',(0.,-1.,0.));
#1073 = ORIENTED_EDGE('',*,*,#1074,.T.);
#1074 = EDGE_CURVE('',#1067,#1075,#1077,.T.);
#1075 = VERTEX_POINT('',#1076);
#1076 = CARTESIAN_POINT('',(-1.016,-3.81,0.));
#1077 = LINE('',#1078,#1079);
#1078 = CARTESIAN_POINT('',(-1.27,-3.556,0.));
#1079 = VECTOR('',#1080,1.);
#1080 = DIRECTION('',(0.707106781187,-0.707106781187,0.));
#1081 = ORIENTED_EDGE('',*,*,#1082,.T.);
#1082 = EDGE_CURVE('',#1075,#1083,#1085,.T.);
#1083 = VERTEX_POINT('',#1084);
#1084 = CARTESIAN_POINT('',(-1.27,-4.064,0.));
#1085 = LINE('',#1086,#1087);
#1086 = CARTESIAN_POINT('',(-1.016,-3.81,0.));
#1087 = VECTOR('',#1088,1.);
#1088 = DIRECTION('',(-0.707106781187,-0.707106781187,0.));
#1089 = ORIENTED_EDGE('',*,*,#1090,.T.);
#1090 = EDGE_CURVE('',#1083,#1091,#1093,.T.);
#1091 = VERTEX_POINT('',#1092);
#1092 = CARTESIAN_POINT('',(-1.27,-6.096,0.));
#1093 = LINE('',#1094,#1095);
#1094 = CARTESIAN_POINT('',(-1.27,-4.064,0.));
#1095 = VECTOR('',#1096,1.);
#1096 = DIRECTION('',(0.,-1.,0.));
#1097 = ORIENTED_EDGE('',*,*,#1098,.T.);
#1098 = EDGE_CURVE('',#1091,#1099,#1101,.T.);
#1099 = VERTEX_POINT('',#1100);
#1100 = CARTESIAN_POINT('',(-1.016,-6.35,0.));
#1101 = LINE('',#1102,#1103);
#1102 = CARTESIAN_POINT('',(-1.27,-6.096,0.));
#1103 = VECTOR('',#1104,1.);
#1104 = DIRECTION('',(0.707106781187,-0.707106781187,0.));
#1105 = ORIENTED_EDGE('',*,*,#1106,.T.);
#1106 = EDGE_CURVE('',#1099,#1107,#1109,.T.);
#1107 = VERTEX_POINT('',#1108);
#1108 = CARTESIAN_POINT('',(-1.27,-6.604,0.));
#1109 = LINE('',#1110,#1111);
#1110 = CARTESIAN_POINT('',(-1.016,-6.35,0.));
#1111 = VECTOR('',#1112,1.);
#1112 = DIRECTION('',(-0.707106781187,-0.707106781187,0.));
#1113 = ORIENTED_EDGE('',*,*,#1114,.T.);
#1114 = EDGE_CURVE('',#1107,#1115,#1117,.T.);
#1115 = VERTEX_POINT('',#1116);
#1116 = CARTESIAN_POINT('',(-1.27,-8.636,0.));
#1117 = LINE('',#1118,#1119);
#1118 = CARTESIAN_POINT('',(-1.27,-6.604,0.));
#1119 = VECTOR('',#1120,1.);
#1120 = DIRECTION('',(0.,-1.,0.));
#1121 = ORIENTED_EDGE('',*,*,#1122,.T.);
#1122 = EDGE_CURVE('',#1115,#1123,#1125,.T.);
#1123 = VERTEX_POINT('',#1124);
#1124 = CARTESIAN_POINT('',(-1.016,-8.89,0.));
#1125 = LINE('',#1126,#1127);
#1126 = CARTESIAN_POINT('',(-1.27,-8.636,0.));
#1127 = VECTOR('',#1128,1.);
#1128 = DIRECTION('',(0.707106781187,-0.707106781187,0.));
#1129 = ORIENTED_EDGE('',*,*,#1130,.T.);
#1130 = EDGE_CURVE('',#1123,#1131,#1133,.T.);
#1131 = VERTEX_POINT('',#1132);
#1132 = CARTESIAN_POINT('',(-1.27,-9.144,0.));
#1133 = LINE('',#1134,#1135);
#1134 = CARTESIAN_POINT('',(-1.016,-8.89,0.));
#1135 = VECTOR('',#1136,1.);
#1136 = DIRECTION('',(-0.707106781187,-0.707106781187,0.));
#1137 = ORIENTED_EDGE('',*,*,#1138,.T.);
#1138 = EDGE_CURVE('',#1131,#1139,#1141,.T.);
#1139 = VERTEX_POINT('',#1140);
#1140 = CARTESIAN_POINT('',(-1.27,-11.176,0.));
#1141 = LINE('',#1142,#1143);
#1142 = CARTESIAN_POINT('',(-1.27,-9.144,0.));
#1143 = VECTOR('',#1144,1.);
#1144 = DIRECTION('',(0.,-1.,0.));
#1145 = ORIENTED_EDGE('',*,*,#1146,.T.);
#1146 = EDGE_CURVE('',#1139,#1147,#1149,.T.);
#1147 = VERTEX_POINT('',#1148);
#1148 = CARTESIAN_POINT('',(-1.016,-11.43,0.));
#1149 = LINE('',#1150,#1151);
#1150 = CARTESIAN_POINT('',(-1.27,-11.176,0.));
#1151 = VECTOR('',#1152,1.);
#1152 = DIRECTION('',(0.707106781187,-0.707106781187,0.));
#1153 = ORIENTED_EDGE('',*,*,#1154,.T.);
#1154 = EDGE_CURVE('',#1147,#1155,#1157,.T.);
#1155 = VERTEX_POINT('',#1156);
#1156 = CARTESIAN_POINT('',(-1.27,-11.684,0.));
#1157 = LINE('',#1158,#1159);
#1158 = CARTESIAN_POINT('',(-1.016,-11.43,0.));
#1159 = VECTOR('',#1160,1.);
#1160 = DIRECTION('',(-0.707106781187,-0.707106781187,0.));
#1161 = ORIENTED_EDGE('',*,*,#1162,.T.);
#1162 = EDGE_CURVE('',#1155,#1163,#1165,.T.);
#1163 = VERTEX_POINT('',#1164);
#1164 = CARTESIAN_POINT('',(-1.27,-13.716,0.));
#1165 = LINE('',#1166,#1167);
#1166 = CARTESIAN_POINT('',(-1.27,-11.684,0.));
#1167 = VECTOR('',#1168,1.);
#1168 = DIRECTION('',(0.,-1.,0.));
#1169 = ORIENTED_EDGE('',*,*,#1170,.T.);
#1170 = EDGE_CURVE('',#1163,#1171,#1173,.T.);
#1171 = VERTEX_POINT('',#1172);
#1172 = CARTESIAN_POINT('',(-1.016,-13.97,0.));
#1173 = LINE('',#1174,#1175);
#1174 = CARTESIAN_POINT('',(-1.27,-13.716,0.));
#1175 = VECTOR('',#1176,1.);
#1176 = DIRECTION('',(0.707106781187,-0.707106781187,0.));
#1177 = ORIENTED_EDGE('',*,*,#1178,.T.);
#1178 = EDGE_CURVE('',#1171,#1179,#1181,.T.);
#1179 = VERTEX_POINT('',#1180);
#1180 = CARTESIAN_POINT('',(1.016,-13.97,0.));
#1181 = LINE('',#1182,#1183);
#1182 = CARTESIAN_POINT('',(-1.016,-13.97,0.));
#1183 = VECTOR('',#1184,1.);
#1184 = DIRECTION('',(1.,0.,0.));
#1185 = ORIENTED_EDGE('',*,*,#1186,.T.);
#1186 = EDGE_CURVE('',#1179,#1187,#1189,.T.);
#1187 = VERTEX_POINT('',#1188);
#1188 = CARTESIAN_POINT('',(1.27,-13.716,0.));
#1189 = LINE('',#1190,#1191);
#1190 = CARTESIAN_POINT('',(1.016,-13.97,0.));
#1191 = VECTOR('',#1192,1.);
#1192 = DIRECTION('',(0.707106781187,0.707106781187,0.));
#1193 = ORIENTED_EDGE('',*,*,#1194,.T.);
#1194 = EDGE_CURVE('',#1187,#1195,#1197,.T.);
#1195 = VERTEX_POINT('',#1196);
#1196 = CARTESIAN_POINT('',(1.27,-11.684,0.));
#1197 = LINE('',#1198,#1199);
#1198 = CARTESIAN_POINT('',(1.27,-13.716,0.));
#1199 = VECTOR('',#1200,1.);
#1200 = DIRECTION('',(0.,1.,0.));
#1201 = ORIENTED_EDGE('',*,*,#1202,.T.);
#1202 = EDGE_CURVE('',#1195,#1203,#1205,.T.);
#1203 = VERTEX_POINT('',#1204);
#1204 = CARTESIAN_POINT('',(1.016,-11.43,0.));
#1205 = LINE('',#1206,#1207);
#1206 = CARTESIAN_POINT('',(1.27,-11.684,0.));
#1207 = VECTOR('',#1208,1.);
#1208 = DIRECTION('',(-0.707106781187,0.707106781187,0.));
#1209 = ORIENTED_EDGE('',*,*,#1210,.T.);
#1210 = EDGE_CURVE('',#1203,#1211,#1213,.T.);
#1211 = VERTEX_POINT('',#1212);
#1212 = CARTESIAN_POINT('',(1.27,-11.176,0.));
#1213 = LINE('',#1214,#1215);
#1214 = CARTESIAN_POINT('',(1.016,-11.43,0.));
#1215 = VECTOR('',#1216,1.);
#1216 = DIRECTION('',(0.707106781187,0.707106781187,0.));
#1217 = ORIENTED_EDGE('',*,*,#1218,.T.);
#1218 = EDGE_CURVE('',#1211,#1219,#1221,.T.);
#1219 = VERTEX_POINT('',#1220);
#1220 = CARTESIAN_POINT('',(1.27,-9.144,0.));
#1221 = LINE('',#1222,#1223);
#1222 = CARTESIAN_POINT('',(1.27,-11.176,0.));
#1223 = VECTOR('',#1224,1.);
#1224 = DIRECTION('',(0.,1.,0.));
#1225 = ORIENTED_EDGE('',*,*,#1226,.T.);
#1226 = EDGE_CURVE('',#1219,#1227,#1229,.T.);
#1227 = VERTEX_POINT('',#1228);
#1228 = CARTESIAN_POINT('',(1.016,-8.89,0.));
#1229 = LINE('',#1230,#1231);
#1230 = CARTESIAN_POINT('',(1.27,-9.144,0.));
#1231 = VECTOR('',#1232,1.);
#1232 = DIRECTION('',(-0.707106781187,0.707106781187,0.));
#1233 = ORIENTED_EDGE('',*,*,#1234,.T.);
#1234 = EDGE_CURVE('',#1227,#1235,#1237,.T.);
#1235 = VERTEX_POINT('',#1236);
#1236 = CARTESIAN_POINT('',(1.27,-8.636,0.));
#1237 = LINE('',#1238,#1239);
#1238 = CARTESIAN_POINT('',(1.016,-8.89,0.));
#1239 = VECTOR('',#1240,1.);
#1240 = DIRECTION('',(0.707106781187,0.707106781187,0.));
#1241 = ORIENTED_EDGE('',*,*,#1242,.T.);
#1242 = EDGE_CURVE('',#1235,#1243,#1245,.T.);
#1243 = VERTEX_POINT('',#1244);
#1244 = CARTESIAN_POINT('',(1.27,-6.604,0.));
#1245 = LINE('',#1246,#1247);
#1246 = CARTESIAN_POINT('',(1.27,-8.636,0.));
#1247 = VECTOR('',#1248,1.);
#1248 = DIRECTION('',(0.,1.,0.));
#1249 = ORIENTED_EDGE('',*,*,#1250,.T.);
#1250 = EDGE_CURVE('',#1243,#1251,#1253,.T.);
#1251 = VERTEX_POINT('',#1252);
#1252 = CARTESIAN_POINT('',(1.016,-6.35,0.));
#1253 = LINE('',#1254,#1255);
#1254 = CARTESIAN_POINT('',(1.27,-6.604,0.));
#1255 = VECTOR('',#1256,1.);
#1256 = DIRECTION('',(-0.707106781187,0.707106781187,0.));
#1257 = ORIENTED_EDGE('',*,*,#1258,.T.);
#1258 = EDGE_CURVE('',#1251,#1259,#1261,.T.);
#1259 = VERTEX_POINT('',#1260);
#1260 = CARTESIAN_POINT('',(1.27,-6.096,0.));
#1261 = LINE('',#1262,#1263);
#1262 = CARTESIAN_POINT('',(1.016,-6.35,0.));
#1263 = VECTOR('',#1264,1.);
#1264 = DIRECTION('',(0.707106781187,0.707106781187,0.));
#1265 = ORIENTED_EDGE('',*,*,#1266,.T.);
#1266 = EDGE_CURVE('',#1259,#1267,#1269,.T.);
#1267 = VERTEX_POINT('',#1268);
#1268 = CARTESIAN_POINT('',(1.27,-4.064,0.));
#1269 = LINE('',#1270,#1271);
#1270 = CARTESIAN_POINT('',(1.27,-6.096,0.));
#1271 = VECTOR('',#1272,1.);
#1272 = DIRECTION('',(0.,1.,0.));
#1273 = ORIENTED_EDGE('',*,*,#1274,.T.);
#1274 = EDGE_CURVE('',#1267,#1275,#1277,.T.);
#1275 = VERTEX_POINT('',#1276);
#1276 = CARTESIAN_POINT('',(1.016,-3.81,0.));
#1277 = LINE('',#1278,#1279);
#1278 = CARTESIAN_POINT('',(1.27,-4.064,0.));
#1279 = VECTOR('',#1280,1.);
#1280 = DIRECTION('',(-0.707106781187,0.707106781187,0.));
#1281 = ORIENTED_EDGE('',*,*,#1282,.T.);
#1282 = EDGE_CURVE('',#1275,#1283,#1285,.T.);
#1283 = VERTEX_POINT('',#1284);
#1284 = CARTESIAN_POINT('',(1.27,-3.556,0.));
#1285 = LINE('',#1286,#1287);
#1286 = CARTESIAN_POINT('',(1.016,-3.81,0.));
#1287 = VECTOR('',#1288,1.);
#1288 = DIRECTION('',(0.707106781187,0.707106781187,0.));
#1289 = ORIENTED_EDGE('',*,*,#1290,.T.);
#1290 = EDGE_CURVE('',#1283,#1291,#1293,.T.);
#1291 = VERTEX_POINT('',#1292);
#1292 = CARTESIAN_POINT('',(1.27,-1.524,0.));
#1293 = LINE('',#1294,#1295);
#1294 = CARTESIAN_POINT('',(1.27,-3.556,0.));
#1295 = VECTOR('',#1296,1.);
#1296 = DIRECTION('',(0.,1.,0.));
#1297 = ORIENTED_EDGE('',*,*,#1298,.T.);
#1298 = EDGE_CURVE('',#1291,#1299,#1301,.T.);
#1299 = VERTEX_POINT('',#1300);
#1300 = CARTESIAN_POINT('',(1.016,-1.27,0.));
#1301 = LINE('',#1302,#1303);
#1302 = CARTESIAN_POINT('',(1.27,-1.524,0.));
#1303 = VECTOR('',#1304,1.);
#1304 = DIRECTION('',(-0.707106781187,0.707106781187,0.));
#1305 = ORIENTED_EDGE('',*,*,#1306,.T.);
#1306 = EDGE_CURVE('',#1299,#1307,#1309,.T.);
#1307 = VERTEX_POINT('',#1308);
#1308 = CARTESIAN_POINT('',(1.27,-1.016,0.));
#1309 = LINE('',#1310,#1311);
#1310 = CARTESIAN_POINT('',(1.016,-1.27,0.));
#1311 = VECTOR('',#1312,1.);
#1312 = DIRECTION('',(0.707106781187,0.707106781187,0.));
#1313 = ORIENTED_EDGE('',*,*,#1314,.T.);
#1314 = EDGE_CURVE('',#1307,#1315,#1317,.T.);
#1315 = VERTEX_POINT('',#1316);
#1316 = CARTESIAN_POINT('',(1.27,1.016,0.));
#1317 = LINE('',#1318,#1319);
#1318 = CARTESIAN_POINT('',(1.27,-1.016,0.));
#1319 = VECTOR('',#1320,1.);
#1320 = DIRECTION('',(0.,1.,0.));
#1321 = ORIENTED_EDGE('',*,*,#1322,.T.);
#1322 = EDGE_CURVE('',#1315,#987,#1323,.T.);
#1323 = LINE('',#1324,#1325);
#1324 = CARTESIAN_POINT('',(1.27,1.016,0.));
#1325 = VECTOR('',#1326,1.);
#1326 = DIRECTION('',(-0.707106781187,0.707106781187,0.));
#1327 = ORIENTED_EDGE('',*,*,#1003,.T.);
#1328 = FACE_BOUND('',#1329,.F.);
#1329 = EDGE_LOOP('',(#1330,#1340,#1348,#1356));
#1330 = ORIENTED_EDGE('',*,*,#1331,.F.);
#1331 = EDGE_CURVE('',#1332,#1334,#1336,.T.);
#1332 = VERTEX_POINT('',#1333);
#1333 = CARTESIAN_POINT('',(0.32,-0.32,0.));
#1334 = VERTEX_POINT('',#1335);
#1335 = CARTESIAN_POINT('',(0.32,0.32,0.));
#1336 = LINE('',#1337,#1338);
#1337 = CARTESIAN_POINT('',(0.32,-3.335,0.));
#1338 = VECTOR('',#1339,1.);
#1339 = DIRECTION('',(0.,1.,0.));
#1340 = ORIENTED_EDGE('',*,*,#1341,.T.);
#1341 = EDGE_CURVE('',#1332,#1342,#1344,.T.);
#1342 = VERTEX_POINT('',#1343);
#1343 = CARTESIAN_POINT('',(-0.32,-0.32,0.));
#1344 = LINE('',#1345,#1346);
#1345 = CARTESIAN_POINT('',(-0.16,-0.32,0.));
#1346 = VECTOR('',#1347,1.);
#1347 = DIRECTION('',(-1.,0.,0.));
#1348 = ORIENTED_EDGE('',*,*,#1349,.T.);
#1349 = EDGE_CURVE('',#1342,#1350,#1352,.T.);
#1350 = VERTEX_POINT('',#1351);
#1351 = CARTESIAN_POINT('',(-0.32,0.32,0.));
#1352 = LINE('',#1353,#1354);
#1353 = CARTESIAN_POINT('',(-0.32,-3.335,0.));
#1354 = VECTOR('',#1355,1.);
#1355 = DIRECTION('',(0.,1.,0.));
#1356 = ORIENTED_EDGE('',*,*,#1357,.F.);
#1357 = EDGE_CURVE('',#1334,#1350,#1358,.T.);
#1358 = LINE('',#1359,#1360);
#1359 = CARTESIAN_POINT('',(-0.16,0.32,0.));
#1360 = VECTOR('',#1361,1.);
#1361 = DIRECTION('',(-1.,0.,0.));
#1362 = FACE_BOUND('',#1363,.F.);
#1363 = EDGE_LOOP('',(#1364,#1374,#1382,#1390));
#1364 = ORIENTED_EDGE('',*,*,#1365,.F.);
#1365 = EDGE_CURVE('',#1366,#1368,#1370,.T.);
#1366 = VERTEX_POINT('',#1367);
#1367 = CARTESIAN_POINT('',(0.32,-5.4,0.));
#1368 = VERTEX_POINT('',#1369);
#1369 = CARTESIAN_POINT('',(0.32,-4.76,0.));
#1370 = LINE('',#1371,#1372);
#1371 = CARTESIAN_POINT('',(0.32,-5.875,0.));
#1372 = VECTOR('',#1373,1.);
#1373 = DIRECTION('',(0.,1.,0.));
#1374 = ORIENTED_EDGE('',*,*,#1375,.T.);
#1375 = EDGE_CURVE('',#1366,#1376,#1378,.T.);
#1376 = VERTEX_POINT('',#1377);
#1377 = CARTESIAN_POINT('',(-0.32,-5.4,0.));
#1378 = LINE('',#1379,#1380);
#1379 = CARTESIAN_POINT('',(-0.16,-5.4,0.));
#1380 = VECTOR('',#1381,1.);
#1381 = DIRECTION('',(-1.,0.,0.));
#1382 = ORIENTED_EDGE('',*,*,#1383,.T.);
#1383 = EDGE_CURVE('',#1376,#1384,#1386,.T.);
#1384 = VERTEX_POINT('',#1385);
#1385 = CARTESIAN_POINT('',(-0.32,-4.76,0.));
#1386 = LINE('',#1387,#1388);
#1387 = CARTESIAN_POINT('',(-0.32,-5.875,0.));
#1388 = VECTOR('',#1389,1.);
#1389 = DIRECTION('',(0.,1.,0.));
#1390 = ORIENTED_EDGE('',*,*,#1391,.F.);
#1391 = EDGE_CURVE('',#1368,#1384,#1392,.T.);
#1392 = LINE('',#1393,#1394);
#1393 = CARTESIAN_POINT('',(-0.16,-4.76,0.));
#1394 = VECTOR('',#1395,1.);
#1395 = DIRECTION('',(-1.,0.,0.));
#1396 = FACE_BOUND('',#1397,.F.);
#1397 = EDGE_LOOP('',(#1398,#1408,#1416,#1424));
#1398 = ORIENTED_EDGE('',*,*,#1399,.F.);
#1399 = EDGE_CURVE('',#1400,#1402,#1404,.T.);
#1400 = VERTEX_POINT('',#1401);
#1401 = CARTESIAN_POINT('',(0.32,-2.86,0.));
#1402 = VERTEX_POINT('',#1403);
#1403 = CARTESIAN_POINT('',(0.32,-2.22,0.));
#1404 = LINE('',#1405,#1406);
#1405 = CARTESIAN_POINT('',(0.32,-4.605,0.));
#1406 = VECTOR('',#1407,1.);
#1407 = DIRECTION('',(0.,1.,0.));
#1408 = ORIENTED_EDGE('',*,*,#1409,.T.);
#1409 = EDGE_CURVE('',#1400,#1410,#1412,.T.);
#1410 = VERTEX_POINT('',#1411);
#1411 = CARTESIAN_POINT('',(-0.32,-2.86,0.));
#1412 = LINE('',#1413,#1414);
#1413 = CARTESIAN_POINT('',(-0.16,-2.86,0.));
#1414 = VECTOR('',#1415,1.);
#1415 = DIRECTION('',(-1.,0.,0.));
#1416 = ORIENTED_EDGE('',*,*,#1417,.T.);
#1417 = EDGE_CURVE('',#1410,#1418,#1420,.T.);
#1418 = VERTEX_POINT('',#1419);
#1419 = CARTESIAN_POINT('',(-0.32,-2.22,0.));
#1420 = LINE('',#1421,#1422);
#1421 = CARTESIAN_POINT('',(-0.32,-4.605,0.));
#1422 = VECTOR('',#1423,1.);
#1423 = DIRECTION('',(0.,1.,0.));
#1424 = ORIENTED_EDGE('',*,*,#1425,.F.);
#1425 = EDGE_CURVE('',#1402,#1418,#1426,.T.);
#1426 = LINE('',#1427,#1428);
#1427 = CARTESIAN_POINT('',(-0.16,-2.22,0.));
#1428 = VECTOR('',#1429,1.);
#1429 = DIRECTION('',(-1.,0.,0.));
#1430 = FACE_BOUND('',#1431,.F.);
#1431 = EDGE_LOOP('',(#1432,#1442,#1450,#1458));
#1432 = ORIENTED_EDGE('',*,*,#1433,.T.);
#1433 = EDGE_CURVE('',#1434,#1436,#1438,.T.);
#1434 = VERTEX_POINT('',#1435);
#1435 = CARTESIAN_POINT('',(0.32,-13.02,0.));
#1436 = VERTEX_POINT('',#1437);
#1437 = CARTESIAN_POINT('',(-0.32,-13.02,0.));
#1438 = LINE('',#1439,#1440);
#1439 = CARTESIAN_POINT('',(-0.16,-13.02,0.));
#1440 = VECTOR('',#1441,1.);
#1441 = DIRECTION('',(-1.,0.,0.));
#1442 = ORIENTED_EDGE('',*,*,#1443,.T.);
#1443 = EDGE_CURVE('',#1436,#1444,#1446,.T.);
#1444 = VERTEX_POINT('',#1445);
#1445 = CARTESIAN_POINT('',(-0.32,-12.38,0.));
#1446 = LINE('',#1447,#1448);
#1447 = CARTESIAN_POINT('',(-0.32,-9.685,0.));
#1448 = VECTOR('',#1449,1.);
#1449 = DIRECTION('',(0.,1.,0.));
#1450 = ORIENTED_EDGE('',*,*,#1451,.F.);
#1451 = EDGE_CURVE('',#1452,#1444,#1454,.T.);
#1452 = VERTEX_POINT('',#1453);
#1453 = CARTESIAN_POINT('',(0.32,-12.38,0.));
#1454 = LINE('',#1455,#1456);
#1455 = CARTESIAN_POINT('',(-0.16,-12.38,0.));
#1456 = VECTOR('',#1457,1.);
#1457 = DIRECTION('',(-1.,0.,0.));
#1458 = ORIENTED_EDGE('',*,*,#1459,.F.);
#1459 = EDGE_CURVE('',#1434,#1452,#1460,.T.);
#1460 = LINE('',#1461,#1462);
#1461 = CARTESIAN_POINT('',(0.32,-9.685,0.));
#1462 = VECTOR('',#1463,1.);
#1463 = DIRECTION('',(0.,1.,0.));
#1464 = FACE_BOUND('',#1465,.F.);
#1465 = EDGE_LOOP('',(#1466,#1476,#1484,#1492));
#1466 = ORIENTED_EDGE('',*,*,#1467,.F.);
#1467 = EDGE_CURVE('',#1468,#1470,#1472,.T.);
#1468 = VERTEX_POINT('',#1469);
#1469 = CARTESIAN_POINT('',(0.32,-9.84,0.));
#1470 = VERTEX_POINT('',#1471);
#1471 = CARTESIAN_POINT('',(-0.32,-9.84,0.));
#1472 = LINE('',#1473,#1474);
#1473 = CARTESIAN_POINT('',(-0.16,-9.84,0.));
#1474 = VECTOR('',#1475,1.);
#1475 = DIRECTION('',(-1.,0.,0.));
#1476 = ORIENTED_EDGE('',*,*,#1477,.F.);
#1477 = EDGE_CURVE('',#1478,#1468,#1480,.T.);
#1478 = VERTEX_POINT('',#1479);
#1479 = CARTESIAN_POINT('',(0.32,-10.48,0.));
#1480 = LINE('',#1481,#1482);
#1481 = CARTESIAN_POINT('',(0.32,-8.415,0.));
#1482 = VECTOR('',#1483,1.);
#1483 = DIRECTION('',(0.,1.,0.));
#1484 = ORIENTED_EDGE('',*,*,#1485,.T.);
#1485 = EDGE_CURVE('',#1478,#1486,#1488,.T.);
#1486 = VERTEX_POINT('',#1487);
#1487 = CARTESIAN_POINT('',(-0.32,-10.48,0.));
#1488 = LINE('',#1489,#1490);
#1489 = CARTESIAN_POINT('',(-0.16,-10.48,0.));
#1490 = VECTOR('',#1491,1.);
#1491 = DIRECTION('',(-1.,0.,0.));
#1492 = ORIENTED_EDGE('',*,*,#1493,.T.);
#1493 = EDGE_CURVE('',#1486,#1470,#1494,.T.);
#1494 = LINE('',#1495,#1496);
#1495 = CARTESIAN_POINT('',(-0.32,-8.415,0.));
#1496 = VECTOR('',#1497,1.);
#1497 = DIRECTION('',(0.,1.,0.));
#1498 = FACE_BOUND('',#1499,.F.);
#1499 = EDGE_LOOP('',(#1500,#1510,#1518,#1526));
#1500 = ORIENTED_EDGE('',*,*,#1501,.T.);
#1501 = EDGE_CURVE('',#1502,#1504,#1506,.T.);
#1502 = VERTEX_POINT('',#1503);
#1503 = CARTESIAN_POINT('',(0.32,-7.94,0.));
#1504 = VERTEX_POINT('',#1505);
#1505 = CARTESIAN_POINT('',(-0.32,-7.94,0.));
#1506 = LINE('',#1507,#1508);
#1507 = CARTESIAN_POINT('',(-0.16,-7.94,0.));
#1508 = VECTOR('',#1509,1.);
#1509 = DIRECTION('',(-1.,0.,0.));
#1510 = ORIENTED_EDGE('',*,*,#1511,.T.);
#1511 = EDGE_CURVE('',#1504,#1512,#1514,.T.);
#1512 = VERTEX_POINT('',#1513);
#1513 = CARTESIAN_POINT('',(-0.32,-7.3,0.));
#1514 = LINE('',#1515,#1516);
#1515 = CARTESIAN_POINT('',(-0.32,-7.145,0.));
#1516 = VECTOR('',#1517,1.);
#1517 = DIRECTION('',(0.,1.,0.));
#1518 = ORIENTED_EDGE('',*,*,#1519,.F.);
#1519 = EDGE_CURVE('',#1520,#1512,#1522,.T.);
#1520 = VERTEX_POINT('',#1521);
#1521 = CARTESIAN_POINT('',(0.32,-7.3,0.));
#1522 = LINE('',#1523,#1524);
#1523 = CARTESIAN_POINT('',(-0.16,-7.3,0.));
#1524 = VECTOR('',#1525,1.);
#1525 = DIRECTION('',(-1.,0.,0.));
#1526 = ORIENTED_EDGE('',*,*,#1527,.F.);
#1527 = EDGE_CURVE('',#1502,#1520,#1528,.T.);
#1528 = LINE('',#1529,#1530);
#1529 = CARTESIAN_POINT('',(0.32,-7.145,0.));
#1530 = VECTOR('',#1531,1.);
#1531 = DIRECTION('',(0.,1.,0.));
#1532 = PLANE('',#1533);
#1533 = AXIS2_PLACEMENT_3D('',#1534,#1535,#1536);
#1534 = CARTESIAN_POINT('',(-1.797008255889E-17,-6.35,0.));
#1535 = DIRECTION('',(0.,0.,1.));
#1536 = DIRECTION('',(1.,0.,-0.));
#1537 = ADVANCED_FACE('',(#1538,#1821,#1855,#1889,#1923,#1957,#1991),
  #2025,.T.);
#1538 = FACE_BOUND('',#1539,.T.);
#1539 = EDGE_LOOP('',(#1540,#1541,#1542,#1550,#1558,#1566,#1574,#1582,
    #1590,#1598,#1606,#1614,#1622,#1630,#1638,#1646,#1654,#1662,#1670,
    #1678,#1686,#1694,#1702,#1710,#1718,#1726,#1734,#1742,#1750,#1758,
    #1766,#1774,#1782,#1790,#1798,#1806,#1814,#1820));
#1540 = ORIENTED_EDGE('',*,*,#956,.T.);
#1541 = ORIENTED_EDGE('',*,*,#1018,.T.);
#1542 = ORIENTED_EDGE('',*,*,#1543,.T.);
#1543 = EDGE_CURVE('',#1019,#1544,#1546,.T.);
#1544 = VERTEX_POINT('',#1545);
#1545 = CARTESIAN_POINT('',(-1.016,-1.27,2.54));
#1546 = LINE('',#1547,#1548);
#1547 = CARTESIAN_POINT('',(-1.27,-1.016,2.54));
#1548 = VECTOR('',#1549,1.);
#1549 = DIRECTION('',(0.707106781187,-0.707106781187,0.));
#1550 = ORIENTED_EDGE('',*,*,#1551,.T.);
#1551 = EDGE_CURVE('',#1544,#1552,#1554,.T.);
#1552 = VERTEX_POINT('',#1553);
#1553 = CARTESIAN_POINT('',(-1.27,-1.524,2.54));
#1554 = LINE('',#1555,#1556);
#1555 = CARTESIAN_POINT('',(-1.016,-1.27,2.54));
#1556 = VECTOR('',#1557,1.);
#1557 = DIRECTION('',(-0.707106781187,-0.707106781187,0.));
#1558 = ORIENTED_EDGE('',*,*,#1559,.T.);
#1559 = EDGE_CURVE('',#1552,#1560,#1562,.T.);
#1560 = VERTEX_POINT('',#1561);
#1561 = CARTESIAN_POINT('',(-1.27,-3.556,2.54));
#1562 = LINE('',#1563,#1564);
#1563 = CARTESIAN_POINT('',(-1.27,-1.524,2.54));
#1564 = VECTOR('',#1565,1.);
#1565 = DIRECTION('',(0.,-1.,0.));
#1566 = ORIENTED_EDGE('',*,*,#1567,.T.);
#1567 = EDGE_CURVE('',#1560,#1568,#1570,.T.);
#1568 = VERTEX_POINT('',#1569);
#1569 = CARTESIAN_POINT('',(-1.016,-3.81,2.54));
#1570 = LINE('',#1571,#1572);
#1571 = CARTESIAN_POINT('',(-1.27,-3.556,2.54));
#1572 = VECTOR('',#1573,1.);
#1573 = DIRECTION('',(0.707106781187,-0.707106781187,0.));
#1574 = ORIENTED_EDGE('',*,*,#1575,.T.);
#1575 = EDGE_CURVE('',#1568,#1576,#1578,.T.);
#1576 = VERTEX_POINT('',#1577);
#1577 = CARTESIAN_POINT('',(-1.27,-4.064,2.54));
#1578 = LINE('',#1579,#1580);
#1579 = CARTESIAN_POINT('',(-1.016,-3.81,2.54));
#1580 = VECTOR('',#1581,1.);
#1581 = DIRECTION('',(-0.707106781187,-0.707106781187,0.));
#1582 = ORIENTED_EDGE('',*,*,#1583,.T.);
#1583 = EDGE_CURVE('',#1576,#1584,#1586,.T.);
#1584 = VERTEX_POINT('',#1585);
#1585 = CARTESIAN_POINT('',(-1.27,-6.096,2.54));
#1586 = LINE('',#1587,#1588);
#1587 = CARTESIAN_POINT('',(-1.27,-4.064,2.54));
#1588 = VECTOR('',#1589,1.);
#1589 = DIRECTION('',(0.,-1.,0.));
#1590 = ORIENTED_EDGE('',*,*,#1591,.T.);
#1591 = EDGE_CURVE('',#1584,#1592,#1594,.T.);
#1592 = VERTEX_POINT('',#1593);
#1593 = CARTESIAN_POINT('',(-1.016,-6.35,2.54));
#1594 = LINE('',#1595,#1596);
#1595 = CARTESIAN_POINT('',(-1.27,-6.096,2.54));
#1596 = VECTOR('',#1597,1.);
#1597 = DIRECTION('',(0.707106781187,-0.707106781187,0.));
#1598 = ORIENTED_EDGE('',*,*,#1599,.T.);
#1599 = EDGE_CURVE('',#1592,#1600,#1602,.T.);
#1600 = VERTEX_POINT('',#1601);
#1601 = CARTESIAN_POINT('',(-1.27,-6.604,2.54));
#1602 = LINE('',#1603,#1604);
#1603 = CARTESIAN_POINT('',(-1.016,-6.35,2.54));
#1604 = VECTOR('',#1605,1.);
#1605 = DIRECTION('',(-0.707106781187,-0.707106781187,0.));
#1606 = ORIENTED_EDGE('',*,*,#1607,.T.);
#1607 = EDGE_CURVE('',#1600,#1608,#1610,.T.);
#1608 = VERTEX_POINT('',#1609);
#1609 = CARTESIAN_POINT('',(-1.27,-8.636,2.54));
#1610 = LINE('',#1611,#1612);
#1611 = CARTESIAN_POINT('',(-1.27,-6.604,2.54));
#1612 = VECTOR('',#1613,1.);
#1613 = DIRECTION('',(0.,-1.,0.));
#1614 = ORIENTED_EDGE('',*,*,#1615,.T.);
#1615 = EDGE_CURVE('',#1608,#1616,#1618,.T.);
#1616 = VERTEX_POINT('',#1617);
#1617 = CARTESIAN_POINT('',(-1.016,-8.89,2.54));
#1618 = LINE('',#1619,#1620);
#1619 = CARTESIAN_POINT('',(-1.27,-8.636,2.54));
#1620 = VECTOR('',#1621,1.);
#1621 = DIRECTION('',(0.707106781187,-0.707106781187,0.));
#1622 = ORIENTED_EDGE('',*,*,#1623,.T.);
#1623 = EDGE_CURVE('',#1616,#1624,#1626,.T.);
#1624 = VERTEX_POINT('',#1625);
#1625 = CARTESIAN_POINT('',(-1.27,-9.144,2.54));
#1626 = LINE('',#1627,#1628);
#1627 = CARTESIAN_POINT('',(-1.016,-8.89,2.54));
#1628 = VECTOR('',#1629,1.);
#1629 = DIRECTION('',(-0.707106781187,-0.707106781187,0.));
#1630 = ORIENTED_EDGE('',*,*,#1631,.T.);
#1631 = EDGE_CURVE('',#1624,#1632,#1634,.T.);
#1632 = VERTEX_POINT('',#1633);
#1633 = CARTESIAN_POINT('',(-1.27,-11.176,2.54));
#1634 = LINE('',#1635,#1636);
#1635 = CARTESIAN_POINT('',(-1.27,-9.144,2.54));
#1636 = VECTOR('',#1637,1.);
#1637 = DIRECTION('',(0.,-1.,0.));
#1638 = ORIENTED_EDGE('',*,*,#1639,.T.);
#1639 = EDGE_CURVE('',#1632,#1640,#1642,.T.);
#1640 = VERTEX_POINT('',#1641);
#1641 = CARTESIAN_POINT('',(-1.016,-11.43,2.54));
#1642 = LINE('',#1643,#1644);
#1643 = CARTESIAN_POINT('',(-1.27,-11.176,2.54));
#1644 = VECTOR('',#1645,1.);
#1645 = DIRECTION('',(0.707106781187,-0.707106781187,0.));
#1646 = ORIENTED_EDGE('',*,*,#1647,.T.);
#1647 = EDGE_CURVE('',#1640,#1648,#1650,.T.);
#1648 = VERTEX_POINT('',#1649);
#1649 = CARTESIAN_POINT('',(-1.27,-11.684,2.54));
#1650 = LINE('',#1651,#1652);
#1651 = CARTESIAN_POINT('',(-1.016,-11.43,2.54));
#1652 = VECTOR('',#1653,1.);
#1653 = DIRECTION('',(-0.707106781187,-0.707106781187,0.));
#1654 = ORIENTED_EDGE('',*,*,#1655,.T.);
#1655 = EDGE_CURVE('',#1648,#1656,#1658,.T.);
#1656 = VERTEX_POINT('',#1657);
#1657 = CARTESIAN_POINT('',(-1.27,-13.716,2.54));
#1658 = LINE('',#1659,#1660);
#1659 = CARTESIAN_POINT('',(-1.27,-11.684,2.54));
#1660 = VECTOR('',#1661,1.);
#1661 = DIRECTION('',(0.,-1.,0.));
#1662 = ORIENTED_EDGE('',*,*,#1663,.T.);
#1663 = EDGE_CURVE('',#1656,#1664,#1666,.T.);
#1664 = VERTEX_POINT('',#1665);
#1665 = CARTESIAN_POINT('',(-1.016,-13.97,2.54));
#1666 = LINE('',#1667,#1668);
#1667 = CARTESIAN_POINT('',(-1.27,-13.716,2.54));
#1668 = VECTOR('',#1669,1.);
#1669 = DIRECTION('',(0.707106781187,-0.707106781187,0.));
#1670 = ORIENTED_EDGE('',*,*,#1671,.T.);
#1671 = EDGE_CURVE('',#1664,#1672,#1674,.T.);
#1672 = VERTEX_POINT('',#1673);
#1673 = CARTESIAN_POINT('',(1.016,-13.97,2.54));
#1674 = LINE('',#1675,#1676);
#1675 = CARTESIAN_POINT('',(-1.016,-13.97,2.54));
#1676 = VECTOR('',#1677,1.);
#1677 = DIRECTION('',(1.,0.,0.));
#1678 = ORIENTED_EDGE('',*,*,#1679,.T.);
#1679 = EDGE_CURVE('',#1672,#1680,#1682,.T.);
#1680 = VERTEX_POINT('',#1681);
#1681 = CARTESIAN_POINT('',(1.27,-13.716,2.54));
#1682 = LINE('',#1683,#1684);
#1683 = CARTESIAN_POINT('',(1.016,-13.97,2.54));
#1684 = VECTOR('',#1685,1.);
#1685 = DIRECTION('',(0.707106781187,0.707106781187,0.));
#1686 = ORIENTED_EDGE('',*,*,#1687,.T.);
#1687 = EDGE_CURVE('',#1680,#1688,#1690,.T.);
#1688 = VERTEX_POINT('',#1689);
#1689 = CARTESIAN_POINT('',(1.27,-11.684,2.54));
#1690 = LINE('',#1691,#1692);
#1691 = CARTESIAN_POINT('',(1.27,-13.716,2.54));
#1692 = VECTOR('',#1693,1.);
#1693 = DIRECTION('',(0.,1.,0.));
#1694 = ORIENTED_EDGE('',*,*,#1695,.T.);
#1695 = EDGE_CURVE('',#1688,#1696,#1698,.T.);
#1696 = VERTEX_POINT('',#1697);
#1697 = CARTESIAN_POINT('',(1.016,-11.43,2.54));
#1698 = LINE('',#1699,#1700);
#1699 = CARTESIAN_POINT('',(1.27,-11.684,2.54));
#1700 = VECTOR('',#1701,1.);
#1701 = DIRECTION('',(-0.707106781187,0.707106781187,0.));
#1702 = ORIENTED_EDGE('',*,*,#1703,.T.);
#1703 = EDGE_CURVE('',#1696,#1704,#1706,.T.);
#1704 = VERTEX_POINT('',#1705);
#1705 = CARTESIAN_POINT('',(1.27,-11.176,2.54));
#1706 = LINE('',#1707,#1708);
#1707 = CARTESIAN_POINT('',(1.016,-11.43,2.54));
#1708 = VECTOR('',#1709,1.);
#1709 = DIRECTION('',(0.707106781187,0.707106781187,0.));
#1710 = ORIENTED_EDGE('',*,*,#1711,.T.);
#1711 = EDGE_CURVE('',#1704,#1712,#1714,.T.);
#1712 = VERTEX_POINT('',#1713);
#1713 = CARTESIAN_POINT('',(1.27,-9.144,2.54));
#1714 = LINE('',#1715,#1716);
#1715 = CARTESIAN_POINT('',(1.27,-11.176,2.54));
#1716 = VECTOR('',#1717,1.);
#1717 = DIRECTION('',(0.,1.,0.));
#1718 = ORIENTED_EDGE('',*,*,#1719,.T.);
#1719 = EDGE_CURVE('',#1712,#1720,#1722,.T.);
#1720 = VERTEX_POINT('',#1721);
#1721 = CARTESIAN_POINT('',(1.016,-8.89,2.54));
#1722 = LINE('',#1723,#1724);
#1723 = CARTESIAN_POINT('',(1.27,-9.144,2.54));
#1724 = VECTOR('',#1725,1.);
#1725 = DIRECTION('',(-0.707106781187,0.707106781187,0.));
#1726 = ORIENTED_EDGE('',*,*,#1727,.T.);
#1727 = EDGE_CURVE('',#1720,#1728,#1730,.T.);
#1728 = VERTEX_POINT('',#1729);
#1729 = CARTESIAN_POINT('',(1.27,-8.636,2.54));
#1730 = LINE('',#1731,#1732);
#1731 = CARTESIAN_POINT('',(1.016,-8.89,2.54));
#1732 = VECTOR('',#1733,1.);
#1733 = DIRECTION('',(0.707106781187,0.707106781187,0.));
#1734 = ORIENTED_EDGE('',*,*,#1735,.T.);
#1735 = EDGE_CURVE('',#1728,#1736,#1738,.T.);
#1736 = VERTEX_POINT('',#1737);
#1737 = CARTESIAN_POINT('',(1.27,-6.604,2.54));
#1738 = LINE('',#1739,#1740);
#1739 = CARTESIAN_POINT('',(1.27,-8.636,2.54));
#1740 = VECTOR('',#1741,1.);
#1741 = DIRECTION('',(0.,1.,0.));
#1742 = ORIENTED_EDGE('',*,*,#1743,.T.);
#1743 = EDGE_CURVE('',#1736,#1744,#1746,.T.);
#1744 = VERTEX_POINT('',#1745);
#1745 = CARTESIAN_POINT('',(1.016,-6.35,2.54));
#1746 = LINE('',#1747,#1748);
#1747 = CARTESIAN_POINT('',(1.27,-6.604,2.54));
#1748 = VECTOR('',#1749,1.);
#1749 = DIRECTION('',(-0.707106781187,0.707106781187,0.));
#1750 = ORIENTED_EDGE('',*,*,#1751,.T.);
#1751 = EDGE_CURVE('',#1744,#1752,#1754,.T.);
#1752 = VERTEX_POINT('',#1753);
#1753 = CARTESIAN_POINT('',(1.27,-6.096,2.54));
#1754 = LINE('',#1755,#1756);
#1755 = CARTESIAN_POINT('',(1.016,-6.35,2.54));
#1756 = VECTOR('',#1757,1.);
#1757 = DIRECTION('',(0.707106781187,0.707106781187,0.));
#1758 = ORIENTED_EDGE('',*,*,#1759,.T.);
#1759 = EDGE_CURVE('',#1752,#1760,#1762,.T.);
#1760 = VERTEX_POINT('',#1761);
#1761 = CARTESIAN_POINT('',(1.27,-4.064,2.54));
#1762 = LINE('',#1763,#1764);
#1763 = CARTESIAN_POINT('',(1.27,-6.096,2.54));
#1764 = VECTOR('',#1765,1.);
#1765 = DIRECTION('',(0.,1.,0.));
#1766 = ORIENTED_EDGE('',*,*,#1767,.T.);
#1767 = EDGE_CURVE('',#1760,#1768,#1770,.T.);
#1768 = VERTEX_POINT('',#1769);
#1769 = CARTESIAN_POINT('',(1.016,-3.81,2.54));
#1770 = LINE('',#1771,#1772);
#1771 = CARTESIAN_POINT('',(1.27,-4.064,2.54));
#1772 = VECTOR('',#1773,1.);
#1773 = DIRECTION('',(-0.707106781187,0.707106781187,0.));
#1774 = ORIENTED_EDGE('',*,*,#1775,.T.);
#1775 = EDGE_CURVE('',#1768,#1776,#1778,.T.);
#1776 = VERTEX_POINT('',#1777);
#1777 = CARTESIAN_POINT('',(1.27,-3.556,2.54));
#1778 = LINE('',#1779,#1780);
#1779 = CARTESIAN_POINT('',(1.016,-3.81,2.54));
#1780 = VECTOR('',#1781,1.);
#1781 = DIRECTION('',(0.707106781187,0.707106781187,0.));
#1782 = ORIENTED_EDGE('',*,*,#1783,.T.);
#1783 = EDGE_CURVE('',#1776,#1784,#1786,.T.);
#1784 = VERTEX_POINT('',#1785);
#1785 = CARTESIAN_POINT('',(1.27,-1.524,2.54));
#1786 = LINE('',#1787,#1788);
#1787 = CARTESIAN_POINT('',(1.27,-3.556,2.54));
#1788 = VECTOR('',#1789,1.);
#1789 = DIRECTION('',(0.,1.,0.));
#1790 = ORIENTED_EDGE('',*,*,#1791,.T.);
#1791 = EDGE_CURVE('',#1784,#1792,#1794,.T.);
#1792 = VERTEX_POINT('',#1793);
#1793 = CARTESIAN_POINT('',(1.016,-1.27,2.54));
#1794 = LINE('',#1795,#1796);
#1795 = CARTESIAN_POINT('',(1.27,-1.524,2.54));
#1796 = VECTOR('',#1797,1.);
#1797 = DIRECTION('',(-0.707106781187,0.707106781187,0.));
#1798 = ORIENTED_EDGE('',*,*,#1799,.T.);
#1799 = EDGE_CURVE('',#1792,#1800,#1802,.T.);
#1800 = VERTEX_POINT('',#1801);
#1801 = CARTESIAN_POINT('',(1.27,-1.016,2.54));
#1802 = LINE('',#1803,#1804);
#1803 = CARTESIAN_POINT('',(1.016,-1.27,2.54));
#1804 = VECTOR('',#1805,1.);
#1805 = DIRECTION('',(0.707106781187,0.707106781187,0.));
#1806 = ORIENTED_EDGE('',*,*,#1807,.T.);
#1807 = EDGE_CURVE('',#1800,#1808,#1810,.T.);
#1808 = VERTEX_POINT('',#1809);
#1809 = CARTESIAN_POINT('',(1.27,1.016,2.54));
#1810 = LINE('',#1811,#1812);
#1811 = CARTESIAN_POINT('',(1.27,-1.016,2.54));
#1812 = VECTOR('',#1813,1.);
#1813 = DIRECTION('',(0.,1.,0.));
#1814 = ORIENTED_EDGE('',*,*,#1815,.T.);
#1815 = EDGE_CURVE('',#1808,#989,#1816,.T.);
#1816 = LINE('',#1817,#1818);
#1817 = CARTESIAN_POINT('',(1.27,1.016,2.54));
#1818 = VECTOR('',#1819,1.);
#1819 = DIRECTION('',(-0.707106781187,0.707106781187,0.));
#1820 = ORIENTED_EDGE('',*,*,#996,.T.);
#1821 = FACE_BOUND('',#1822,.T.);
#1822 = EDGE_LOOP('',(#1823,#1833,#1841,#1849));
#1823 = ORIENTED_EDGE('',*,*,#1824,.F.);
#1824 = EDGE_CURVE('',#1825,#1827,#1829,.T.);
#1825 = VERTEX_POINT('',#1826);
#1826 = CARTESIAN_POINT('',(0.32,-0.32,2.54));
#1827 = VERTEX_POINT('',#1828);
#1828 = CARTESIAN_POINT('',(0.32,0.32,2.54));
#1829 = LINE('',#1830,#1831);
#1830 = CARTESIAN_POINT('',(0.32,-3.335,2.54));
#1831 = VECTOR('',#1832,1.);
#1832 = DIRECTION('',(0.,1.,0.));
#1833 = ORIENTED_EDGE('',*,*,#1834,.T.);
#1834 = EDGE_CURVE('',#1825,#1835,#1837,.T.);
#1835 = VERTEX_POINT('',#1836);
#1836 = CARTESIAN_POINT('',(-0.32,-0.32,2.54));
#1837 = LINE('',#1838,#1839);
#1838 = CARTESIAN_POINT('',(-0.16,-0.32,2.54));
#1839 = VECTOR('',#1840,1.);
#1840 = DIRECTION('',(-1.,0.,0.));
#1841 = ORIENTED_EDGE('',*,*,#1842,.T.);
#1842 = EDGE_CURVE('',#1835,#1843,#1845,.T.);
#1843 = VERTEX_POINT('',#1844);
#1844 = CARTESIAN_POINT('',(-0.32,0.32,2.54));
#1845 = LINE('',#1846,#1847);
#1846 = CARTESIAN_POINT('',(-0.32,-3.335,2.54));
#1847 = VECTOR('',#1848,1.);
#1848 = DIRECTION('',(0.,1.,0.));
#1849 = ORIENTED_EDGE('',*,*,#1850,.F.);
#1850 = EDGE_CURVE('',#1827,#1843,#1851,.T.);
#1851 = LINE('',#1852,#1853);
#1852 = CARTESIAN_POINT('',(-0.16,0.32,2.54));
#1853 = VECTOR('',#1854,1.);
#1854 = DIRECTION('',(-1.,0.,0.));
#1855 = FACE_BOUND('',#1856,.T.);
#1856 = EDGE_LOOP('',(#1857,#1867,#1875,#1883));
#1857 = ORIENTED_EDGE('',*,*,#1858,.F.);
#1858 = EDGE_CURVE('',#1859,#1861,#1863,.T.);
#1859 = VERTEX_POINT('',#1860);
#1860 = CARTESIAN_POINT('',(0.32,-5.4,2.54));
#1861 = VERTEX_POINT('',#1862);
#1862 = CARTESIAN_POINT('',(0.32,-4.76,2.54));
#1863 = LINE('',#1864,#1865);
#1864 = CARTESIAN_POINT('',(0.32,-5.875,2.54));
#1865 = VECTOR('',#1866,1.);
#1866 = DIRECTION('',(0.,1.,0.));
#1867 = ORIENTED_EDGE('',*,*,#1868,.T.);
#1868 = EDGE_CURVE('',#1859,#1869,#1871,.T.);
#1869 = VERTEX_POINT('',#1870);
#1870 = CARTESIAN_POINT('',(-0.32,-5.4,2.54));
#1871 = LINE('',#1872,#1873);
#1872 = CARTESIAN_POINT('',(-0.16,-5.4,2.54));
#1873 = VECTOR('',#1874,1.);
#1874 = DIRECTION('',(-1.,0.,0.));
#1875 = ORIENTED_EDGE('',*,*,#1876,.T.);
#1876 = EDGE_CURVE('',#1869,#1877,#1879,.T.);
#1877 = VERTEX_POINT('',#1878);
#1878 = CARTESIAN_POINT('',(-0.32,-4.76,2.54));
#1879 = LINE('',#1880,#1881);
#1880 = CARTESIAN_POINT('',(-0.32,-5.875,2.54));
#1881 = VECTOR('',#1882,1.);
#1882 = DIRECTION('',(0.,1.,0.));
#1883 = ORIENTED_EDGE('',*,*,#1884,.F.);
#1884 = EDGE_CURVE('',#1861,#1877,#1885,.T.);
#1885 = LINE('',#1886,#1887);
#1886 = CARTESIAN_POINT('',(-0.16,-4.76,2.54));
#1887 = VECTOR('',#1888,1.);
#1888 = DIRECTION('',(-1.,0.,0.));
#1889 = FACE_BOUND('',#1890,.T.);
#1890 = EDGE_LOOP('',(#1891,#1901,#1909,#1917));
#1891 = ORIENTED_EDGE('',*,*,#1892,.F.);
#1892 = EDGE_CURVE('',#1893,#1895,#1897,.T.);
#1893 = VERTEX_POINT('',#1894);
#1894 = CARTESIAN_POINT('',(0.32,-2.86,2.54));
#1895 = VERTEX_POINT('',#1896);
#1896 = CARTESIAN_POINT('',(0.32,-2.22,2.54));
#1897 = LINE('',#1898,#1899);
#1898 = CARTESIAN_POINT('',(0.32,-4.605,2.54));
#1899 = VECTOR('',#1900,1.);
#1900 = DIRECTION('',(0.,1.,0.));
#1901 = ORIENTED_EDGE('',*,*,#1902,.T.);
#1902 = EDGE_CURVE('',#1893,#1903,#1905,.T.);
#1903 = VERTEX_POINT('',#1904);
#1904 = CARTESIAN_POINT('',(-0.32,-2.86,2.54));
#1905 = LINE('',#1906,#1907);
#1906 = CARTESIAN_POINT('',(-0.16,-2.86,2.54));
#1907 = VECTOR('',#1908,1.);
#1908 = DIRECTION('',(-1.,0.,0.));
#1909 = ORIENTED_EDGE('',*,*,#1910,.T.);
#1910 = EDGE_CURVE('',#1903,#1911,#1913,.T.);
#1911 = VERTEX_POINT('',#1912);
#1912 = CARTESIAN_POINT('',(-0.32,-2.22,2.54));
#1913 = LINE('',#1914,#1915);
#1914 = CARTESIAN_POINT('',(-0.32,-4.605,2.54));
#1915 = VECTOR('',#1916,1.);
#1916 = DIRECTION('',(0.,1.,0.));
#1917 = ORIENTED_EDGE('',*,*,#1918,.F.);
#1918 = EDGE_CURVE('',#1895,#1911,#1919,.T.);
#1919 = LINE('',#1920,#1921);
#1920 = CARTESIAN_POINT('',(-0.16,-2.22,2.54));
#1921 = VECTOR('',#1922,1.);
#1922 = DIRECTION('',(-1.,0.,0.));
#1923 = FACE_BOUND('',#1924,.T.);
#1924 = EDGE_LOOP('',(#1925,#1935,#1943,#1951));
#1925 = ORIENTED_EDGE('',*,*,#1926,.T.);
#1926 = EDGE_CURVE('',#1927,#1929,#1931,.T.);
#1927 = VERTEX_POINT('',#1928);
#1928 = CARTESIAN_POINT('',(0.32,-13.02,2.54));
#1929 = VERTEX_POINT('',#1930);
#1930 = CARTESIAN_POINT('',(-0.32,-13.02,2.54));
#1931 = LINE('',#1932,#1933);
#1932 = CARTESIAN_POINT('',(-0.16,-13.02,2.54));
#1933 = VECTOR('',#1934,1.);
#1934 = DIRECTION('',(-1.,0.,0.));
#1935 = ORIENTED_EDGE('',*,*,#1936,.T.);
#1936 = EDGE_CURVE('',#1929,#1937,#1939,.T.);
#1937 = VERTEX_POINT('',#1938);
#1938 = CARTESIAN_POINT('',(-0.32,-12.38,2.54));
#1939 = LINE('',#1940,#1941);
#1940 = CARTESIAN_POINT('',(-0.32,-9.685,2.54));
#1941 = VECTOR('',#1942,1.);
#1942 = DIRECTION('',(0.,1.,0.));
#1943 = ORIENTED_EDGE('',*,*,#1944,.F.);
#1944 = EDGE_CURVE('',#1945,#1937,#1947,.T.);
#1945 = VERTEX_POINT('',#1946);
#1946 = CARTESIAN_POINT('',(0.32,-12.38,2.54));
#1947 = LINE('',#1948,#1949);
#1948 = CARTESIAN_POINT('',(-0.16,-12.38,2.54));
#1949 = VECTOR('',#1950,1.);
#1950 = DIRECTION('',(-1.,0.,0.));
#1951 = ORIENTED_EDGE('',*,*,#1952,.F.);
#1952 = EDGE_CURVE('',#1927,#1945,#1953,.T.);
#1953 = LINE('',#1954,#1955);
#1954 = CARTESIAN_POINT('',(0.32,-9.685,2.54));
#1955 = VECTOR('',#1956,1.);
#1956 = DIRECTION('',(0.,1.,0.));
#1957 = FACE_BOUND('',#1958,.T.);
#1958 = EDGE_LOOP('',(#1959,#1969,#1977,#1985));
#1959 = ORIENTED_EDGE('',*,*,#1960,.F.);
#1960 = EDGE_CURVE('',#1961,#1963,#1965,.T.);
#1961 = VERTEX_POINT('',#1962);
#1962 = CARTESIAN_POINT('',(0.32,-9.84,2.54));
#1963 = VERTEX_POINT('',#1964);
#1964 = CARTESIAN_POINT('',(-0.32,-9.84,2.54));
#1965 = LINE('',#1966,#1967);
#1966 = CARTESIAN_POINT('',(-0.16,-9.84,2.54));
#1967 = VECTOR('',#1968,1.);
#1968 = DIRECTION('',(-1.,0.,0.));
#1969 = ORIENTED_EDGE('',*,*,#1970,.F.);
#1970 = EDGE_CURVE('',#1971,#1961,#1973,.T.);
#1971 = VERTEX_POINT('',#1972);
#1972 = CARTESIAN_POINT('',(0.32,-10.48,2.54));
#1973 = LINE('',#1974,#1975);
#1974 = CARTESIAN_POINT('',(0.32,-8.415,2.54));
#1975 = VECTOR('',#1976,1.);
#1976 = DIRECTION('',(0.,1.,0.));
#1977 = ORIENTED_EDGE('',*,*,#1978,.T.);
#1978 = EDGE_CURVE('',#1971,#1979,#1981,.T.);
#1979 = VERTEX_POINT('',#1980);
#1980 = CARTESIAN_POINT('',(-0.32,-10.48,2.54));
#1981 = LINE('',#1982,#1983);
#1982 = CARTESIAN_POINT('',(-0.16,-10.48,2.54));
#1983 = VECTOR('',#1984,1.);
#1984 = DIRECTION('',(-1.,0.,0.));
#1985 = ORIENTED_EDGE('',*,*,#1986,.T.);
#1986 = EDGE_CURVE('',#1979,#1963,#1987,.T.);
#1987 = LINE('',#1988,#1989);
#1988 = CARTESIAN_POINT('',(-0.32,-8.415,2.54));
#1989 = VECTOR('',#1990,1.);
#1990 = DIRECTION('',(0.,1.,0.));
#1991 = FACE_BOUND('',#1992,.T.);
#1992 = EDGE_LOOP('',(#1993,#2003,#2011,#2019));
#1993 = ORIENTED_EDGE('',*,*,#1994,.T.);
#1994 = EDGE_CURVE('',#1995,#1997,#1999,.T.);
#1995 = VERTEX_POINT('',#1996);
#1996 = CARTESIAN_POINT('',(0.32,-7.94,2.54));
#1997 = VERTEX_POINT('',#1998);
#1998 = CARTESIAN_POINT('',(-0.32,-7.94,2.54));
#1999 = LINE('',#2000,#2001);
#2000 = CARTESIAN_POINT('',(-0.16,-7.94,2.54));
#2001 = VECTOR('',#2002,1.);
#2002 = DIRECTION('',(-1.,0.,0.));
#2003 = ORIENTED_EDGE('',*,*,#2004,.T.);
#2004 = EDGE_CURVE('',#1997,#2005,#2007,.T.);
#2005 = VERTEX_POINT('',#2006);
#2006 = CARTESIAN_POINT('',(-0.32,-7.3,2.54));
#2007 = LINE('',#2008,#2009);
#2008 = CARTESIAN_POINT('',(-0.32,-7.145,2.54));
#2009 = VECTOR('',#2010,1.);
#2010 = DIRECTION('',(0.,1.,0.));
#2011 = ORIENTED_EDGE('',*,*,#2012,.F.);
#2012 = EDGE_CURVE('',#2013,#2005,#2015,.T.);
#2013 = VERTEX_POINT('',#2014);
#2014 = CARTESIAN_POINT('',(0.32,-7.3,2.54));
#2015 = LINE('',#2016,#2017);
#2016 = CARTESIAN_POINT('',(-0.16,-7.3,2.54));
#2017 = VECTOR('',#2018,1.);
#2018 = DIRECTION('',(-1.,0.,0.));
#2019 = ORIENTED_EDGE('',*,*,#2020,.F.);
#2020 = EDGE_CURVE('',#1995,#2013,#2021,.T.);
#2021 = LINE('',#2022,#2023);
#2022 = CARTESIAN_POINT('',(0.32,-7.145,2.54));
#2023 = VECTOR('',#2024,1.);
#2024 = DIRECTION('',(0.,1.,0.));
#2025 = PLANE('',#2026);
#2026 = AXIS2_PLACEMENT_3D('',#2027,#2028,#2029);
#2027 = CARTESIAN_POINT('',(-1.797008255889E-17,-6.35,2.54));
#2028 = DIRECTION('',(0.,0.,1.));
#2029 = DIRECTION('',(1.,0.,-0.));
#2030 = ADVANCED_FACE('',(#2031),#2042,.F.);
#2031 = FACE_BOUND('',#2032,.F.);
#2032 = EDGE_LOOP('',(#2033,#2039,#2040,#2041));
#2033 = ORIENTED_EDGE('',*,*,#2034,.T.);
#2034 = EDGE_CURVE('',#1315,#1808,#2035,.T.);
#2035 = LINE('',#2036,#2037);
#2036 = CARTESIAN_POINT('',(1.27,1.016,0.));
#2037 = VECTOR('',#2038,1.);
#2038 = DIRECTION('',(0.,0.,1.));
#2039 = ORIENTED_EDGE('',*,*,#1815,.T.);
#2040 = ORIENTED_EDGE('',*,*,#986,.F.);
#2041 = ORIENTED_EDGE('',*,*,#1322,.F.);
#2042 = PLANE('',#2043);
#2043 = AXIS2_PLACEMENT_3D('',#2044,#2045,#2046);
#2044 = CARTESIAN_POINT('',(1.27,1.016,0.));
#2045 = DIRECTION('',(-0.707106781187,-0.707106781187,0.));
#2046 = DIRECTION('',(-0.707106781187,0.707106781187,0.));
#2047 = ADVANCED_FACE('',(#2048),#2059,.F.);
#2048 = FACE_BOUND('',#2049,.F.);
#2049 = EDGE_LOOP('',(#2050,#2051,#2052,#2058));
#2050 = ORIENTED_EDGE('',*,*,#1026,.T.);
#2051 = ORIENTED_EDGE('',*,*,#1543,.T.);
#2052 = ORIENTED_EDGE('',*,*,#2053,.F.);
#2053 = EDGE_CURVE('',#1051,#1544,#2054,.T.);
#2054 = LINE('',#2055,#2056);
#2055 = CARTESIAN_POINT('',(-1.016,-1.27,0.));
#2056 = VECTOR('',#2057,1.);
#2057 = DIRECTION('',(0.,0.,1.));
#2058 = ORIENTED_EDGE('',*,*,#1050,.F.);
#2059 = PLANE('',#2060);
#2060 = AXIS2_PLACEMENT_3D('',#2061,#2062,#2063);
#2061 = CARTESIAN_POINT('',(-1.27,-1.016,0.));
#2062 = DIRECTION('',(0.707106781187,0.707106781187,0.));
#2063 = DIRECTION('',(0.707106781187,-0.707106781187,0.));
#2064 = ADVANCED_FACE('',(#2065),#2076,.F.);
#2065 = FACE_BOUND('',#2066,.F.);
#2066 = EDGE_LOOP('',(#2067,#2073,#2074,#2075));
#2067 = ORIENTED_EDGE('',*,*,#2068,.T.);
#2068 = EDGE_CURVE('',#1307,#1800,#2069,.T.);
#2069 = LINE('',#2070,#2071);
#2070 = CARTESIAN_POINT('',(1.27,-1.016,0.));
#2071 = VECTOR('',#2072,1.);
#2072 = DIRECTION('',(0.,0.,1.));
#2073 = ORIENTED_EDGE('',*,*,#1807,.T.);
#2074 = ORIENTED_EDGE('',*,*,#2034,.F.);
#2075 = ORIENTED_EDGE('',*,*,#1314,.F.);
#2076 = PLANE('',#2077);
#2077 = AXIS2_PLACEMENT_3D('',#2078,#2079,#2080);
#2078 = CARTESIAN_POINT('',(1.27,-1.016,0.));
#2079 = DIRECTION('',(-1.,0.,0.));
#2080 = DIRECTION('',(0.,1.,0.));
#2081 = ADVANCED_FACE('',(#2082),#2093,.F.);
#2082 = FACE_BOUND('',#2083,.F.);
#2083 = EDGE_LOOP('',(#2084,#2085,#2086,#2092));
#2084 = ORIENTED_EDGE('',*,*,#2053,.T.);
#2085 = ORIENTED_EDGE('',*,*,#1551,.T.);
#2086 = ORIENTED_EDGE('',*,*,#2087,.F.);
#2087 = EDGE_CURVE('',#1059,#1552,#2088,.T.);
#2088 = LINE('',#2089,#2090);
#2089 = CARTESIAN_POINT('',(-1.27,-1.524,0.));
#2090 = VECTOR('',#2091,1.);
#2091 = DIRECTION('',(0.,0.,1.));
#2092 = ORIENTED_EDGE('',*,*,#1058,.F.);
#2093 = PLANE('',#2094);
#2094 = AXIS2_PLACEMENT_3D('',#2095,#2096,#2097);
#2095 = CARTESIAN_POINT('',(-1.016,-1.27,0.));
#2096 = DIRECTION('',(0.707106781187,-0.707106781187,0.));
#2097 = DIRECTION('',(-0.707106781187,-0.707106781187,0.));
#2098 = ADVANCED_FACE('',(#2099),#2110,.F.);
#2099 = FACE_BOUND('',#2100,.F.);
#2100 = EDGE_LOOP('',(#2101,#2107,#2108,#2109));
#2101 = ORIENTED_EDGE('',*,*,#2102,.T.);
#2102 = EDGE_CURVE('',#1299,#1792,#2103,.T.);
#2103 = LINE('',#2104,#2105);
#2104 = CARTESIAN_POINT('',(1.016,-1.27,0.));
#2105 = VECTOR('',#2106,1.);
#2106 = DIRECTION('',(0.,0.,1.));
#2107 = ORIENTED_EDGE('',*,*,#1799,.T.);
#2108 = ORIENTED_EDGE('',*,*,#2068,.F.);
#2109 = ORIENTED_EDGE('',*,*,#1306,.F.);
#2110 = PLANE('',#2111);
#2111 = AXIS2_PLACEMENT_3D('',#2112,#2113,#2114);
#2112 = CARTESIAN_POINT('',(1.016,-1.27,0.));
#2113 = DIRECTION('',(-0.707106781187,0.707106781187,0.));
#2114 = DIRECTION('',(0.707106781187,0.707106781187,0.));
#2115 = ADVANCED_FACE('',(#2116),#2127,.F.);
#2116 = FACE_BOUND('',#2117,.F.);
#2117 = EDGE_LOOP('',(#2118,#2119,#2120,#2126));
#2118 = ORIENTED_EDGE('',*,*,#2087,.T.);
#2119 = ORIENTED_EDGE('',*,*,#1559,.T.);
#2120 = ORIENTED_EDGE('',*,*,#2121,.F.);
#2121 = EDGE_CURVE('',#1067,#1560,#2122,.T.);
#2122 = LINE('',#2123,#2124);
#2123 = CARTESIAN_POINT('',(-1.27,-3.556,0.));
#2124 = VECTOR('',#2125,1.);
#2125 = DIRECTION('',(0.,0.,1.));
#2126 = ORIENTED_EDGE('',*,*,#1066,.F.);
#2127 = PLANE('',#2128);
#2128 = AXIS2_PLACEMENT_3D('',#2129,#2130,#2131);
#2129 = CARTESIAN_POINT('',(-1.27,-1.524,0.));
#2130 = DIRECTION('',(1.,0.,0.));
#2131 = DIRECTION('',(0.,-1.,0.));
#2132 = ADVANCED_FACE('',(#2133),#2144,.F.);
#2133 = FACE_BOUND('',#2134,.F.);
#2134 = EDGE_LOOP('',(#2135,#2141,#2142,#2143));
#2135 = ORIENTED_EDGE('',*,*,#2136,.T.);
#2136 = EDGE_CURVE('',#1291,#1784,#2137,.T.);
#2137 = LINE('',#2138,#2139);
#2138 = CARTESIAN_POINT('',(1.27,-1.524,0.));
#2139 = VECTOR('',#2140,1.);
#2140 = DIRECTION('',(0.,0.,1.));
#2141 = ORIENTED_EDGE('',*,*,#1791,.T.);
#2142 = ORIENTED_EDGE('',*,*,#2102,.F.);
#2143 = ORIENTED_EDGE('',*,*,#1298,.F.);
#2144 = PLANE('',#2145);
#2145 = AXIS2_PLACEMENT_3D('',#2146,#2147,#2148);
#2146 = CARTESIAN_POINT('',(1.27,-1.524,0.));
#2147 = DIRECTION('',(-0.707106781187,-0.707106781187,0.));
#2148 = DIRECTION('',(-0.707106781187,0.707106781187,0.));
#2149 = ADVANCED_FACE('',(#2150),#2161,.F.);
#2150 = FACE_BOUND('',#2151,.F.);
#2151 = EDGE_LOOP('',(#2152,#2153,#2154,#2160));
#2152 = ORIENTED_EDGE('',*,*,#2121,.T.);
#2153 = ORIENTED_EDGE('',*,*,#1567,.T.);
#2154 = ORIENTED_EDGE('',*,*,#2155,.F.);
#2155 = EDGE_CURVE('',#1075,#1568,#2156,.T.);
#2156 = LINE('',#2157,#2158);
#2157 = CARTESIAN_POINT('',(-1.016,-3.81,0.));
#2158 = VECTOR('',#2159,1.);
#2159 = DIRECTION('',(0.,0.,1.));
#2160 = ORIENTED_EDGE('',*,*,#1074,.F.);
#2161 = PLANE('',#2162);
#2162 = AXIS2_PLACEMENT_3D('',#2163,#2164,#2165);
#2163 = CARTESIAN_POINT('',(-1.27,-3.556,0.));
#2164 = DIRECTION('',(0.707106781187,0.707106781187,0.));
#2165 = DIRECTION('',(0.707106781187,-0.707106781187,0.));
#2166 = ADVANCED_FACE('',(#2167),#2178,.F.);
#2167 = FACE_BOUND('',#2168,.F.);
#2168 = EDGE_LOOP('',(#2169,#2175,#2176,#2177));
#2169 = ORIENTED_EDGE('',*,*,#2170,.T.);
#2170 = EDGE_CURVE('',#1283,#1776,#2171,.T.);
#2171 = LINE('',#2172,#2173);
#2172 = CARTESIAN_POINT('',(1.27,-3.556,0.));
#2173 = VECTOR('',#2174,1.);
#2174 = DIRECTION('',(0.,0.,1.));
#2175 = ORIENTED_EDGE('',*,*,#1783,.T.);
#2176 = ORIENTED_EDGE('',*,*,#2136,.F.);
#2177 = ORIENTED_EDGE('',*,*,#1290,.F.);
#2178 = PLANE('',#2179);
#2179 = AXIS2_PLACEMENT_3D('',#2180,#2181,#2182);
#2180 = CARTESIAN_POINT('',(1.27,-3.556,0.));
#2181 = DIRECTION('',(-1.,0.,0.));
#2182 = DIRECTION('',(0.,1.,0.));
#2183 = ADVANCED_FACE('',(#2184),#2195,.F.);
#2184 = FACE_BOUND('',#2185,.F.);
#2185 = EDGE_LOOP('',(#2186,#2187,#2188,#2194));
#2186 = ORIENTED_EDGE('',*,*,#2155,.T.);
#2187 = ORIENTED_EDGE('',*,*,#1575,.T.);
#2188 = ORIENTED_EDGE('',*,*,#2189,.F.);
#2189 = EDGE_CURVE('',#1083,#1576,#2190,.T.);
#2190 = LINE('',#2191,#2192);
#2191 = CARTESIAN_POINT('',(-1.27,-4.064,0.));
#2192 = VECTOR('',#2193,1.);
#2193 = DIRECTION('',(0.,0.,1.));
#2194 = ORIENTED_EDGE('',*,*,#1082,.F.);
#2195 = PLANE('',#2196);
#2196 = AXIS2_PLACEMENT_3D('',#2197,#2198,#2199);
#2197 = CARTESIAN_POINT('',(-1.016,-3.81,0.));
#2198 = DIRECTION('',(0.707106781187,-0.707106781187,0.));
#2199 = DIRECTION('',(-0.707106781187,-0.707106781187,0.));
#2200 = ADVANCED_FACE('',(#2201),#2212,.F.);
#2201 = FACE_BOUND('',#2202,.F.);
#2202 = EDGE_LOOP('',(#2203,#2209,#2210,#2211));
#2203 = ORIENTED_EDGE('',*,*,#2204,.T.);
#2204 = EDGE_CURVE('',#1275,#1768,#2205,.T.);
#2205 = LINE('',#2206,#2207);
#2206 = CARTESIAN_POINT('',(1.016,-3.81,0.));
#2207 = VECTOR('',#2208,1.);
#2208 = DIRECTION('',(0.,0.,1.));
#2209 = ORIENTED_EDGE('',*,*,#1775,.T.);
#2210 = ORIENTED_EDGE('',*,*,#2170,.F.);
#2211 = ORIENTED_EDGE('',*,*,#1282,.F.);
#2212 = PLANE('',#2213);
#2213 = AXIS2_PLACEMENT_3D('',#2214,#2215,#2216);
#2214 = CARTESIAN_POINT('',(1.016,-3.81,0.));
#2215 = DIRECTION('',(-0.707106781187,0.707106781187,0.));
#2216 = DIRECTION('',(0.707106781187,0.707106781187,0.));
#2217 = ADVANCED_FACE('',(#2218),#2229,.F.);
#2218 = FACE_BOUND('',#2219,.F.);
#2219 = EDGE_LOOP('',(#2220,#2221,#2222,#2228));
#2220 = ORIENTED_EDGE('',*,*,#2189,.T.);
#2221 = ORIENTED_EDGE('',*,*,#1583,.T.);
#2222 = ORIENTED_EDGE('',*,*,#2223,.F.);
#2223 = EDGE_CURVE('',#1091,#1584,#2224,.T.);
#2224 = LINE('',#2225,#2226);
#2225 = CARTESIAN_POINT('',(-1.27,-6.096,0.));
#2226 = VECTOR('',#2227,1.);
#2227 = DIRECTION('',(0.,0.,1.));
#2228 = ORIENTED_EDGE('',*,*,#1090,.F.);
#2229 = PLANE('',#2230);
#2230 = AXIS2_PLACEMENT_3D('',#2231,#2232,#2233);
#2231 = CARTESIAN_POINT('',(-1.27,-4.064,0.));
#2232 = DIRECTION('',(1.,0.,0.));
#2233 = DIRECTION('',(0.,-1.,0.));
#2234 = ADVANCED_FACE('',(#2235),#2246,.F.);
#2235 = FACE_BOUND('',#2236,.F.);
#2236 = EDGE_LOOP('',(#2237,#2243,#2244,#2245));
#2237 = ORIENTED_EDGE('',*,*,#2238,.T.);
#2238 = EDGE_CURVE('',#1267,#1760,#2239,.T.);
#2239 = LINE('',#2240,#2241);
#2240 = CARTESIAN_POINT('',(1.27,-4.064,0.));
#2241 = VECTOR('',#2242,1.);
#2242 = DIRECTION('',(0.,0.,1.));
#2243 = ORIENTED_EDGE('',*,*,#1767,.T.);
#2244 = ORIENTED_EDGE('',*,*,#2204,.F.);
#2245 = ORIENTED_EDGE('',*,*,#1274,.F.);
#2246 = PLANE('',#2247);
#2247 = AXIS2_PLACEMENT_3D('',#2248,#2249,#2250);
#2248 = CARTESIAN_POINT('',(1.27,-4.064,0.));
#2249 = DIRECTION('',(-0.707106781187,-0.707106781187,0.));
#2250 = DIRECTION('',(-0.707106781187,0.707106781187,0.));
#2251 = ADVANCED_FACE('',(#2252),#2263,.F.);
#2252 = FACE_BOUND('',#2253,.F.);
#2253 = EDGE_LOOP('',(#2254,#2255,#2256,#2262));
#2254 = ORIENTED_EDGE('',*,*,#2223,.T.);
#2255 = ORIENTED_EDGE('',*,*,#1591,.T.);
#2256 = ORIENTED_EDGE('',*,*,#2257,.F.);
#2257 = EDGE_CURVE('',#1099,#1592,#2258,.T.);
#2258 = LINE('',#2259,#2260);
#2259 = CARTESIAN_POINT('',(-1.016,-6.35,0.));
#2260 = VECTOR('',#2261,1.);
#2261 = DIRECTION('',(0.,0.,1.));
#2262 = ORIENTED_EDGE('',*,*,#1098,.F.);
#2263 = PLANE('',#2264);
#2264 = AXIS2_PLACEMENT_3D('',#2265,#2266,#2267);
#2265 = CARTESIAN_POINT('',(-1.27,-6.096,0.));
#2266 = DIRECTION('',(0.707106781187,0.707106781187,0.));
#2267 = DIRECTION('',(0.707106781187,-0.707106781187,0.));
#2268 = ADVANCED_FACE('',(#2269),#2280,.F.);
#2269 = FACE_BOUND('',#2270,.F.);
#2270 = EDGE_LOOP('',(#2271,#2277,#2278,#2279));
#2271 = ORIENTED_EDGE('',*,*,#2272,.T.);
#2272 = EDGE_CURVE('',#1259,#1752,#2273,.T.);
#2273 = LINE('',#2274,#2275);
#2274 = CARTESIAN_POINT('',(1.27,-6.096,0.));
#2275 = VECTOR('',#2276,1.);
#2276 = DIRECTION('',(0.,0.,1.));
#2277 = ORIENTED_EDGE('',*,*,#1759,.T.);
#2278 = ORIENTED_EDGE('',*,*,#2238,.F.);
#2279 = ORIENTED_EDGE('',*,*,#1266,.F.);
#2280 = PLANE('',#2281);
#2281 = AXIS2_PLACEMENT_3D('',#2282,#2283,#2284);
#2282 = CARTESIAN_POINT('',(1.27,-6.096,0.));
#2283 = DIRECTION('',(-1.,0.,0.));
#2284 = DIRECTION('',(0.,1.,0.));
#2285 = ADVANCED_FACE('',(#2286),#2297,.F.);
#2286 = FACE_BOUND('',#2287,.F.);
#2287 = EDGE_LOOP('',(#2288,#2289,#2290,#2296));
#2288 = ORIENTED_EDGE('',*,*,#2257,.T.);
#2289 = ORIENTED_EDGE('',*,*,#1599,.T.);
#2290 = ORIENTED_EDGE('',*,*,#2291,.F.);
#2291 = EDGE_CURVE('',#1107,#1600,#2292,.T.);
#2292 = LINE('',#2293,#2294);
#2293 = CARTESIAN_POINT('',(-1.27,-6.604,0.));
#2294 = VECTOR('',#2295,1.);
#2295 = DIRECTION('',(0.,0.,1.));
#2296 = ORIENTED_EDGE('',*,*,#1106,.F.);
#2297 = PLANE('',#2298);
#2298 = AXIS2_PLACEMENT_3D('',#2299,#2300,#2301);
#2299 = CARTESIAN_POINT('',(-1.016,-6.35,0.));
#2300 = DIRECTION('',(0.707106781187,-0.707106781187,0.));
#2301 = DIRECTION('',(-0.707106781187,-0.707106781187,0.));
#2302 = ADVANCED_FACE('',(#2303),#2314,.F.);
#2303 = FACE_BOUND('',#2304,.F.);
#2304 = EDGE_LOOP('',(#2305,#2311,#2312,#2313));
#2305 = ORIENTED_EDGE('',*,*,#2306,.T.);
#2306 = EDGE_CURVE('',#1251,#1744,#2307,.T.);
#2307 = LINE('',#2308,#2309);
#2308 = CARTESIAN_POINT('',(1.016,-6.35,0.));
#2309 = VECTOR('',#2310,1.);
#2310 = DIRECTION('',(0.,0.,1.));
#2311 = ORIENTED_EDGE('',*,*,#1751,.T.);
#2312 = ORIENTED_EDGE('',*,*,#2272,.F.);
#2313 = ORIENTED_EDGE('',*,*,#1258,.F.);
#2314 = PLANE('',#2315);
#2315 = AXIS2_PLACEMENT_3D('',#2316,#2317,#2318);
#2316 = CARTESIAN_POINT('',(1.016,-6.35,0.));
#2317 = DIRECTION('',(-0.707106781187,0.707106781187,0.));
#2318 = DIRECTION('',(0.707106781187,0.707106781187,0.));
#2319 = ADVANCED_FACE('',(#2320),#2331,.F.);
#2320 = FACE_BOUND('',#2321,.F.);
#2321 = EDGE_LOOP('',(#2322,#2323,#2324,#2330));
#2322 = ORIENTED_EDGE('',*,*,#2291,.T.);
#2323 = ORIENTED_EDGE('',*,*,#1607,.T.);
#2324 = ORIENTED_EDGE('',*,*,#2325,.F.);
#2325 = EDGE_CURVE('',#1115,#1608,#2326,.T.);
#2326 = LINE('',#2327,#2328);
#2327 = CARTESIAN_POINT('',(-1.27,-8.636,0.));
#2328 = VECTOR('',#2329,1.);
#2329 = DIRECTION('',(0.,0.,1.));
#2330 = ORIENTED_EDGE('',*,*,#1114,.F.);
#2331 = PLANE('',#2332);
#2332 = AXIS2_PLACEMENT_3D('',#2333,#2334,#2335);
#2333 = CARTESIAN_POINT('',(-1.27,-6.604,0.));
#2334 = DIRECTION('',(1.,0.,0.));
#2335 = DIRECTION('',(0.,-1.,0.));
#2336 = ADVANCED_FACE('',(#2337),#2348,.F.);
#2337 = FACE_BOUND('',#2338,.F.);
#2338 = EDGE_LOOP('',(#2339,#2345,#2346,#2347));
#2339 = ORIENTED_EDGE('',*,*,#2340,.T.);
#2340 = EDGE_CURVE('',#1243,#1736,#2341,.T.);
#2341 = LINE('',#2342,#2343);
#2342 = CARTESIAN_POINT('',(1.27,-6.604,0.));
#2343 = VECTOR('',#2344,1.);
#2344 = DIRECTION('',(0.,0.,1.));
#2345 = ORIENTED_EDGE('',*,*,#1743,.T.);
#2346 = ORIENTED_EDGE('',*,*,#2306,.F.);
#2347 = ORIENTED_EDGE('',*,*,#1250,.F.);
#2348 = PLANE('',#2349);
#2349 = AXIS2_PLACEMENT_3D('',#2350,#2351,#2352);
#2350 = CARTESIAN_POINT('',(1.27,-6.604,0.));
#2351 = DIRECTION('',(-0.707106781187,-0.707106781187,0.));
#2352 = DIRECTION('',(-0.707106781187,0.707106781187,0.));
#2353 = ADVANCED_FACE('',(#2354),#2365,.F.);
#2354 = FACE_BOUND('',#2355,.F.);
#2355 = EDGE_LOOP('',(#2356,#2357,#2358,#2364));
#2356 = ORIENTED_EDGE('',*,*,#2325,.T.);
#2357 = ORIENTED_EDGE('',*,*,#1615,.T.);
#2358 = ORIENTED_EDGE('',*,*,#2359,.F.);
#2359 = EDGE_CURVE('',#1123,#1616,#2360,.T.);
#2360 = LINE('',#2361,#2362);
#2361 = CARTESIAN_POINT('',(-1.016,-8.89,0.));
#2362 = VECTOR('',#2363,1.);
#2363 = DIRECTION('',(0.,0.,1.));
#2364 = ORIENTED_EDGE('',*,*,#1122,.F.);
#2365 = PLANE('',#2366);
#2366 = AXIS2_PLACEMENT_3D('',#2367,#2368,#2369);
#2367 = CARTESIAN_POINT('',(-1.27,-8.636,0.));
#2368 = DIRECTION('',(0.707106781187,0.707106781187,0.));
#2369 = DIRECTION('',(0.707106781187,-0.707106781187,0.));
#2370 = ADVANCED_FACE('',(#2371),#2382,.F.);
#2371 = FACE_BOUND('',#2372,.F.);
#2372 = EDGE_LOOP('',(#2373,#2379,#2380,#2381));
#2373 = ORIENTED_EDGE('',*,*,#2374,.T.);
#2374 = EDGE_CURVE('',#1235,#1728,#2375,.T.);
#2375 = LINE('',#2376,#2377);
#2376 = CARTESIAN_POINT('',(1.27,-8.636,0.));
#2377 = VECTOR('',#2378,1.);
#2378 = DIRECTION('',(0.,0.,1.));
#2379 = ORIENTED_EDGE('',*,*,#1735,.T.);
#2380 = ORIENTED_EDGE('',*,*,#2340,.F.);
#2381 = ORIENTED_EDGE('',*,*,#1242,.F.);
#2382 = PLANE('',#2383);
#2383 = AXIS2_PLACEMENT_3D('',#2384,#2385,#2386);
#2384 = CARTESIAN_POINT('',(1.27,-8.636,0.));
#2385 = DIRECTION('',(-1.,0.,0.));
#2386 = DIRECTION('',(0.,1.,0.));
#2387 = ADVANCED_FACE('',(#2388),#2399,.F.);
#2388 = FACE_BOUND('',#2389,.F.);
#2389 = EDGE_LOOP('',(#2390,#2391,#2392,#2398));
#2390 = ORIENTED_EDGE('',*,*,#2359,.T.);
#2391 = ORIENTED_EDGE('',*,*,#1623,.T.);
#2392 = ORIENTED_EDGE('',*,*,#2393,.F.);
#2393 = EDGE_CURVE('',#1131,#1624,#2394,.T.);
#2394 = LINE('',#2395,#2396);
#2395 = CARTESIAN_POINT('',(-1.27,-9.144,0.));
#2396 = VECTOR('',#2397,1.);
#2397 = DIRECTION('',(0.,0.,1.));
#2398 = ORIENTED_EDGE('',*,*,#1130,.F.);
#2399 = PLANE('',#2400);
#2400 = AXIS2_PLACEMENT_3D('',#2401,#2402,#2403);
#2401 = CARTESIAN_POINT('',(-1.016,-8.89,0.));
#2402 = DIRECTION('',(0.707106781187,-0.707106781187,0.));
#2403 = DIRECTION('',(-0.707106781187,-0.707106781187,0.));
#2404 = ADVANCED_FACE('',(#2405),#2416,.F.);
#2405 = FACE_BOUND('',#2406,.F.);
#2406 = EDGE_LOOP('',(#2407,#2413,#2414,#2415));
#2407 = ORIENTED_EDGE('',*,*,#2408,.T.);
#2408 = EDGE_CURVE('',#1227,#1720,#2409,.T.);
#2409 = LINE('',#2410,#2411);
#2410 = CARTESIAN_POINT('',(1.016,-8.89,0.));
#2411 = VECTOR('',#2412,1.);
#2412 = DIRECTION('',(0.,0.,1.));
#2413 = ORIENTED_EDGE('',*,*,#1727,.T.);
#2414 = ORIENTED_EDGE('',*,*,#2374,.F.);
#2415 = ORIENTED_EDGE('',*,*,#1234,.F.);
#2416 = PLANE('',#2417);
#2417 = AXIS2_PLACEMENT_3D('',#2418,#2419,#2420);
#2418 = CARTESIAN_POINT('',(1.016,-8.89,0.));
#2419 = DIRECTION('',(-0.707106781187,0.707106781187,0.));
#2420 = DIRECTION('',(0.707106781187,0.707106781187,0.));
#2421 = ADVANCED_FACE('',(#2422),#2433,.F.);
#2422 = FACE_BOUND('',#2423,.F.);
#2423 = EDGE_LOOP('',(#2424,#2425,#2426,#2432));
#2424 = ORIENTED_EDGE('',*,*,#2393,.T.);
#2425 = ORIENTED_EDGE('',*,*,#1631,.T.);
#2426 = ORIENTED_EDGE('',*,*,#2427,.F.);
#2427 = EDGE_CURVE('',#1139,#1632,#2428,.T.);
#2428 = LINE('',#2429,#2430);
#2429 = CARTESIAN_POINT('',(-1.27,-11.176,0.));
#2430 = VECTOR('',#2431,1.);
#2431 = DIRECTION('',(0.,0.,1.));
#2432 = ORIENTED_EDGE('',*,*,#1138,.F.);
#2433 = PLANE('',#2434);
#2434 = AXIS2_PLACEMENT_3D('',#2435,#2436,#2437);
#2435 = CARTESIAN_POINT('',(-1.27,-9.144,0.));
#2436 = DIRECTION('',(1.,0.,0.));
#2437 = DIRECTION('',(0.,-1.,0.));
#2438 = ADVANCED_FACE('',(#2439),#2450,.F.);
#2439 = FACE_BOUND('',#2440,.F.);
#2440 = EDGE_LOOP('',(#2441,#2447,#2448,#2449));
#2441 = ORIENTED_EDGE('',*,*,#2442,.T.);
#2442 = EDGE_CURVE('',#1219,#1712,#2443,.T.);
#2443 = LINE('',#2444,#2445);
#2444 = CARTESIAN_POINT('',(1.27,-9.144,0.));
#2445 = VECTOR('',#2446,1.);
#2446 = DIRECTION('',(0.,0.,1.));
#2447 = ORIENTED_EDGE('',*,*,#1719,.T.);
#2448 = ORIENTED_EDGE('',*,*,#2408,.F.);
#2449 = ORIENTED_EDGE('',*,*,#1226,.F.);
#2450 = PLANE('',#2451);
#2451 = AXIS2_PLACEMENT_3D('',#2452,#2453,#2454);
#2452 = CARTESIAN_POINT('',(1.27,-9.144,0.));
#2453 = DIRECTION('',(-0.707106781187,-0.707106781187,0.));
#2454 = DIRECTION('',(-0.707106781187,0.707106781187,0.));
#2455 = ADVANCED_FACE('',(#2456),#2467,.F.);
#2456 = FACE_BOUND('',#2457,.F.);
#2457 = EDGE_LOOP('',(#2458,#2459,#2460,#2466));
#2458 = ORIENTED_EDGE('',*,*,#2427,.T.);
#2459 = ORIENTED_EDGE('',*,*,#1639,.T.);
#2460 = ORIENTED_EDGE('',*,*,#2461,.F.);
#2461 = EDGE_CURVE('',#1147,#1640,#2462,.T.);
#2462 = LINE('',#2463,#2464);
#2463 = CARTESIAN_POINT('',(-1.016,-11.43,0.));
#2464 = VECTOR('',#2465,1.);
#2465 = DIRECTION('',(0.,0.,1.));
#2466 = ORIENTED_EDGE('',*,*,#1146,.F.);
#2467 = PLANE('',#2468);
#2468 = AXIS2_PLACEMENT_3D('',#2469,#2470,#2471);
#2469 = CARTESIAN_POINT('',(-1.27,-11.176,0.));
#2470 = DIRECTION('',(0.707106781187,0.707106781187,0.));
#2471 = DIRECTION('',(0.707106781187,-0.707106781187,0.));
#2472 = ADVANCED_FACE('',(#2473),#2484,.F.);
#2473 = FACE_BOUND('',#2474,.F.);
#2474 = EDGE_LOOP('',(#2475,#2481,#2482,#2483));
#2475 = ORIENTED_EDGE('',*,*,#2476,.T.);
#2476 = EDGE_CURVE('',#1211,#1704,#2477,.T.);
#2477 = LINE('',#2478,#2479);
#2478 = CARTESIAN_POINT('',(1.27,-11.176,0.));
#2479 = VECTOR('',#2480,1.);
#2480 = DIRECTION('',(0.,0.,1.));
#2481 = ORIENTED_EDGE('',*,*,#1711,.T.);
#2482 = ORIENTED_EDGE('',*,*,#2442,.F.);
#2483 = ORIENTED_EDGE('',*,*,#1218,.F.);
#2484 = PLANE('',#2485);
#2485 = AXIS2_PLACEMENT_3D('',#2486,#2487,#2488);
#2486 = CARTESIAN_POINT('',(1.27,-11.176,0.));
#2487 = DIRECTION('',(-1.,0.,0.));
#2488 = DIRECTION('',(0.,1.,0.));
#2489 = ADVANCED_FACE('',(#2490),#2501,.F.);
#2490 = FACE_BOUND('',#2491,.F.);
#2491 = EDGE_LOOP('',(#2492,#2493,#2494,#2500));
#2492 = ORIENTED_EDGE('',*,*,#2461,.T.);
#2493 = ORIENTED_EDGE('',*,*,#1647,.T.);
#2494 = ORIENTED_EDGE('',*,*,#2495,.F.);
#2495 = EDGE_CURVE('',#1155,#1648,#2496,.T.);
#2496 = LINE('',#2497,#2498);
#2497 = CARTESIAN_POINT('',(-1.27,-11.684,0.));
#2498 = VECTOR('',#2499,1.);
#2499 = DIRECTION('',(0.,0.,1.));
#2500 = ORIENTED_EDGE('',*,*,#1154,.F.);
#2501 = PLANE('',#2502);
#2502 = AXIS2_PLACEMENT_3D('',#2503,#2504,#2505);
#2503 = CARTESIAN_POINT('',(-1.016,-11.43,0.));
#2504 = DIRECTION('',(0.707106781187,-0.707106781187,0.));
#2505 = DIRECTION('',(-0.707106781187,-0.707106781187,0.));
#2506 = ADVANCED_FACE('',(#2507),#2518,.F.);
#2507 = FACE_BOUND('',#2508,.F.);
#2508 = EDGE_LOOP('',(#2509,#2515,#2516,#2517));
#2509 = ORIENTED_EDGE('',*,*,#2510,.T.);
#2510 = EDGE_CURVE('',#1203,#1696,#2511,.T.);
#2511 = LINE('',#2512,#2513);
#2512 = CARTESIAN_POINT('',(1.016,-11.43,0.));
#2513 = VECTOR('',#2514,1.);
#2514 = DIRECTION('',(0.,0.,1.));
#2515 = ORIENTED_EDGE('',*,*,#1703,.T.);
#2516 = ORIENTED_EDGE('',*,*,#2476,.F.);
#2517 = ORIENTED_EDGE('',*,*,#1210,.F.);
#2518 = PLANE('',#2519);
#2519 = AXIS2_PLACEMENT_3D('',#2520,#2521,#2522);
#2520 = CARTESIAN_POINT('',(1.016,-11.43,0.));
#2521 = DIRECTION('',(-0.707106781187,0.707106781187,0.));
#2522 = DIRECTION('',(0.707106781187,0.707106781187,0.));
#2523 = ADVANCED_FACE('',(#2524),#2535,.F.);
#2524 = FACE_BOUND('',#2525,.F.);
#2525 = EDGE_LOOP('',(#2526,#2527,#2528,#2534));
#2526 = ORIENTED_EDGE('',*,*,#2495,.T.);
#2527 = ORIENTED_EDGE('',*,*,#1655,.T.);
#2528 = ORIENTED_EDGE('',*,*,#2529,.F.);
#2529 = EDGE_CURVE('',#1163,#1656,#2530,.T.);
#2530 = LINE('',#2531,#2532);
#2531 = CARTESIAN_POINT('',(-1.27,-13.716,0.));
#2532 = VECTOR('',#2533,1.);
#2533 = DIRECTION('',(0.,0.,1.));
#2534 = ORIENTED_EDGE('',*,*,#1162,.F.);
#2535 = PLANE('',#2536);
#2536 = AXIS2_PLACEMENT_3D('',#2537,#2538,#2539);
#2537 = CARTESIAN_POINT('',(-1.27,-11.684,0.));
#2538 = DIRECTION('',(1.,0.,0.));
#2539 = DIRECTION('',(0.,-1.,0.));
#2540 = ADVANCED_FACE('',(#2541),#2552,.F.);
#2541 = FACE_BOUND('',#2542,.F.);
#2542 = EDGE_LOOP('',(#2543,#2549,#2550,#2551));
#2543 = ORIENTED_EDGE('',*,*,#2544,.T.);
#2544 = EDGE_CURVE('',#1195,#1688,#2545,.T.);
#2545 = LINE('',#2546,#2547);
#2546 = CARTESIAN_POINT('',(1.27,-11.684,0.));
#2547 = VECTOR('',#2548,1.);
#2548 = DIRECTION('',(0.,0.,1.));
#2549 = ORIENTED_EDGE('',*,*,#1695,.T.);
#2550 = ORIENTED_EDGE('',*,*,#2510,.F.);
#2551 = ORIENTED_EDGE('',*,*,#1202,.F.);
#2552 = PLANE('',#2553);
#2553 = AXIS2_PLACEMENT_3D('',#2554,#2555,#2556);
#2554 = CARTESIAN_POINT('',(1.27,-11.684,0.));
#2555 = DIRECTION('',(-0.707106781187,-0.707106781187,0.));
#2556 = DIRECTION('',(-0.707106781187,0.707106781187,0.));
#2557 = ADVANCED_FACE('',(#2558),#2569,.F.);
#2558 = FACE_BOUND('',#2559,.F.);
#2559 = EDGE_LOOP('',(#2560,#2561,#2562,#2568));
#2560 = ORIENTED_EDGE('',*,*,#2529,.T.);
#2561 = ORIENTED_EDGE('',*,*,#1663,.T.);
#2562 = ORIENTED_EDGE('',*,*,#2563,.F.);
#2563 = EDGE_CURVE('',#1171,#1664,#2564,.T.);
#2564 = LINE('',#2565,#2566);
#2565 = CARTESIAN_POINT('',(-1.016,-13.97,0.));
#2566 = VECTOR('',#2567,1.);
#2567 = DIRECTION('',(0.,0.,1.));
#2568 = ORIENTED_EDGE('',*,*,#1170,.F.);
#2569 = PLANE('',#2570);
#2570 = AXIS2_PLACEMENT_3D('',#2571,#2572,#2573);
#2571 = CARTESIAN_POINT('',(-1.27,-13.716,0.));
#2572 = DIRECTION('',(0.707106781187,0.707106781187,0.));
#2573 = DIRECTION('',(0.707106781187,-0.707106781187,0.));
#2574 = ADVANCED_FACE('',(#2575),#2586,.F.);
#2575 = FACE_BOUND('',#2576,.F.);
#2576 = EDGE_LOOP('',(#2577,#2583,#2584,#2585));
#2577 = ORIENTED_EDGE('',*,*,#2578,.T.);
#2578 = EDGE_CURVE('',#1187,#1680,#2579,.T.);
#2579 = LINE('',#2580,#2581);
#2580 = CARTESIAN_POINT('',(1.27,-13.716,0.));
#2581 = VECTOR('',#2582,1.);
#2582 = DIRECTION('',(0.,0.,1.));
#2583 = ORIENTED_EDGE('',*,*,#1687,.T.);
#2584 = ORIENTED_EDGE('',*,*,#2544,.F.);
#2585 = ORIENTED_EDGE('',*,*,#1194,.F.);
#2586 = PLANE('',#2587);
#2587 = AXIS2_PLACEMENT_3D('',#2588,#2589,#2590);
#2588 = CARTESIAN_POINT('',(1.27,-13.716,0.));
#2589 = DIRECTION('',(-1.,0.,0.));
#2590 = DIRECTION('',(0.,1.,0.));
#2591 = ADVANCED_FACE('',(#2592),#2603,.F.);
#2592 = FACE_BOUND('',#2593,.F.);
#2593 = EDGE_LOOP('',(#2594,#2595,#2596,#2602));
#2594 = ORIENTED_EDGE('',*,*,#2563,.T.);
#2595 = ORIENTED_EDGE('',*,*,#1671,.T.);
#2596 = ORIENTED_EDGE('',*,*,#2597,.F.);
#2597 = EDGE_CURVE('',#1179,#1672,#2598,.T.);
#2598 = LINE('',#2599,#2600);
#2599 = CARTESIAN_POINT('',(1.016,-13.97,0.));
#2600 = VECTOR('',#2601,1.);
#2601 = DIRECTION('',(0.,0.,1.));
#2602 = ORIENTED_EDGE('',*,*,#1178,.F.);
#2603 = PLANE('',#2604);
#2604 = AXIS2_PLACEMENT_3D('',#2605,#2606,#2607);
#2605 = CARTESIAN_POINT('',(-1.016,-13.97,0.));
#2606 = DIRECTION('',(0.,1.,0.));
#2607 = DIRECTION('',(1.,0.,0.));
#2608 = ADVANCED_FACE('',(#2609),#2615,.F.);
#2609 = FACE_BOUND('',#2610,.F.);
#2610 = EDGE_LOOP('',(#2611,#2612,#2613,#2614));
#2611 = ORIENTED_EDGE('',*,*,#2597,.T.);
#2612 = ORIENTED_EDGE('',*,*,#1679,.T.);
#2613 = ORIENTED_EDGE('',*,*,#2578,.F.);
#2614 = ORIENTED_EDGE('',*,*,#1186,.F.);
#2615 = PLANE('',#2616);
#2616 = AXIS2_PLACEMENT_3D('',#2617,#2618,#2619);
#2617 = CARTESIAN_POINT('',(1.016,-13.97,0.));
#2618 = DIRECTION('',(-0.707106781187,0.707106781187,0.));
#2619 = DIRECTION('',(0.707106781187,0.707106781187,0.));
#2620 = ADVANCED_FACE('',(#2621),#2646,.T.);
#2621 = FACE_BOUND('',#2622,.T.);
#2622 = EDGE_LOOP('',(#2623,#2631,#2639,#2645));
#2623 = ORIENTED_EDGE('',*,*,#2624,.F.);
#2624 = EDGE_CURVE('',#2625,#1332,#2627,.T.);
#2625 = VERTEX_POINT('',#2626);
#2626 = CARTESIAN_POINT('',(0.32,-0.32,-2.84));
#2627 = LINE('',#2628,#2629);
#2628 = CARTESIAN_POINT('',(0.32,-0.32,-3.));
#2629 = VECTOR('',#2630,1.);
#2630 = DIRECTION('',(0.,0.,1.));
#2631 = ORIENTED_EDGE('',*,*,#2632,.T.);
#2632 = EDGE_CURVE('',#2625,#2633,#2635,.T.);
#2633 = VERTEX_POINT('',#2634);
#2634 = CARTESIAN_POINT('',(0.32,0.32,-2.84));
#2635 = LINE('',#2636,#2637);
#2636 = CARTESIAN_POINT('',(0.32,-0.32,-2.84));
#2637 = VECTOR('',#2638,1.);
#2638 = DIRECTION('',(0.,1.,0.));
#2639 = ORIENTED_EDGE('',*,*,#2640,.T.);
#2640 = EDGE_CURVE('',#2633,#1334,#2641,.T.);
#2641 = LINE('',#2642,#2643);
#2642 = CARTESIAN_POINT('',(0.32,0.32,-3.));
#2643 = VECTOR('',#2644,1.);
#2644 = DIRECTION('',(0.,0.,1.));
#2645 = ORIENTED_EDGE('',*,*,#1331,.F.);
#2646 = PLANE('',#2647);
#2647 = AXIS2_PLACEMENT_3D('',#2648,#2649,#2650);
#2648 = CARTESIAN_POINT('',(0.32,-0.32,-3.));
#2649 = DIRECTION('',(1.,0.,0.));
#2650 = DIRECTION('',(0.,0.,1.));
#2651 = ADVANCED_FACE('',(#2652),#2670,.T.);
#2652 = FACE_BOUND('',#2653,.T.);
#2653 = EDGE_LOOP('',(#2654,#2655,#2663,#2669));
#2654 = ORIENTED_EDGE('',*,*,#2640,.F.);
#2655 = ORIENTED_EDGE('',*,*,#2656,.F.);
#2656 = EDGE_CURVE('',#2657,#2633,#2659,.T.);
#2657 = VERTEX_POINT('',#2658);
#2658 = CARTESIAN_POINT('',(-0.32,0.32,-2.84));
#2659 = LINE('',#2660,#2661);
#2660 = CARTESIAN_POINT('',(-0.32,0.32,-2.84));
#2661 = VECTOR('',#2662,1.);
#2662 = DIRECTION('',(1.,0.,0.));
#2663 = ORIENTED_EDGE('',*,*,#2664,.T.);
#2664 = EDGE_CURVE('',#2657,#1350,#2665,.T.);
#2665 = LINE('',#2666,#2667);
#2666 = CARTESIAN_POINT('',(-0.32,0.32,-3.));
#2667 = VECTOR('',#2668,1.);
#2668 = DIRECTION('',(0.,0.,1.));
#2669 = ORIENTED_EDGE('',*,*,#1357,.F.);
#2670 = PLANE('',#2671);
#2671 = AXIS2_PLACEMENT_3D('',#2672,#2673,#2674);
#2672 = CARTESIAN_POINT('',(-0.32,0.32,-3.));
#2673 = DIRECTION('',(0.,1.,0.));
#2674 = DIRECTION('',(0.,-0.,1.));
#2675 = ADVANCED_FACE('',(#2676),#2694,.F.);
#2676 = FACE_BOUND('',#2677,.F.);
#2677 = EDGE_LOOP('',(#2678,#2686,#2692,#2693));
#2678 = ORIENTED_EDGE('',*,*,#2679,.F.);
#2679 = EDGE_CURVE('',#2680,#1342,#2682,.T.);
#2680 = VERTEX_POINT('',#2681);
#2681 = CARTESIAN_POINT('',(-0.32,-0.32,-2.84));
#2682 = LINE('',#2683,#2684);
#2683 = CARTESIAN_POINT('',(-0.32,-0.32,-3.));
#2684 = VECTOR('',#2685,1.);
#2685 = DIRECTION('',(0.,0.,1.));
#2686 = ORIENTED_EDGE('',*,*,#2687,.T.);
#2687 = EDGE_CURVE('',#2680,#2657,#2688,.T.);
#2688 = LINE('',#2689,#2690);
#2689 = CARTESIAN_POINT('',(-0.32,-0.32,-2.84));
#2690 = VECTOR('',#2691,1.);
#2691 = DIRECTION('',(0.,1.,0.));
#2692 = ORIENTED_EDGE('',*,*,#2664,.T.);
#2693 = ORIENTED_EDGE('',*,*,#1349,.F.);
#2694 = PLANE('',#2695);
#2695 = AXIS2_PLACEMENT_3D('',#2696,#2697,#2698);
#2696 = CARTESIAN_POINT('',(-0.32,-0.32,-3.));
#2697 = DIRECTION('',(1.,0.,0.));
#2698 = DIRECTION('',(0.,0.,1.));
#2699 = ADVANCED_FACE('',(#2700),#2711,.F.);
#2700 = FACE_BOUND('',#2701,.F.);
#2701 = EDGE_LOOP('',(#2702,#2703,#2709,#2710));
#2702 = ORIENTED_EDGE('',*,*,#2624,.F.);
#2703 = ORIENTED_EDGE('',*,*,#2704,.F.);
#2704 = EDGE_CURVE('',#2680,#2625,#2705,.T.);
#2705 = LINE('',#2706,#2707);
#2706 = CARTESIAN_POINT('',(-0.32,-0.32,-2.84));
#2707 = VECTOR('',#2708,1.);
#2708 = DIRECTION('',(1.,0.,0.));
#2709 = ORIENTED_EDGE('',*,*,#2679,.T.);
#2710 = ORIENTED_EDGE('',*,*,#1341,.F.);
#2711 = PLANE('',#2712);
#2712 = AXIS2_PLACEMENT_3D('',#2713,#2714,#2715);
#2713 = CARTESIAN_POINT('',(-0.32,-0.32,-3.));
#2714 = DIRECTION('',(0.,1.,0.));
#2715 = DIRECTION('',(0.,-0.,1.));
#2716 = ADVANCED_FACE('',(#2717),#2742,.T.);
#2717 = FACE_BOUND('',#2718,.T.);
#2718 = EDGE_LOOP('',(#2719,#2727,#2735,#2741));
#2719 = ORIENTED_EDGE('',*,*,#2720,.F.);
#2720 = EDGE_CURVE('',#2721,#1366,#2723,.T.);
#2721 = VERTEX_POINT('',#2722);
#2722 = CARTESIAN_POINT('',(0.32,-5.4,-2.84));
#2723 = LINE('',#2724,#2725);
#2724 = CARTESIAN_POINT('',(0.32,-5.4,-3.));
#2725 = VECTOR('',#2726,1.);
#2726 = DIRECTION('',(0.,0.,1.));
#2727 = ORIENTED_EDGE('',*,*,#2728,.T.);
#2728 = EDGE_CURVE('',#2721,#2729,#2731,.T.);
#2729 = VERTEX_POINT('',#2730);
#2730 = CARTESIAN_POINT('',(0.32,-4.76,-2.84));
#2731 = LINE('',#2732,#2733);
#2732 = CARTESIAN_POINT('',(0.32,-5.4,-2.84));
#2733 = VECTOR('',#2734,1.);
#2734 = DIRECTION('',(0.,1.,0.));
#2735 = ORIENTED_EDGE('',*,*,#2736,.T.);
#2736 = EDGE_CURVE('',#2729,#1368,#2737,.T.);
#2737 = LINE('',#2738,#2739);
#2738 = CARTESIAN_POINT('',(0.32,-4.76,-3.));
#2739 = VECTOR('',#2740,1.);
#2740 = DIRECTION('',(0.,0.,1.));
#2741 = ORIENTED_EDGE('',*,*,#1365,.F.);
#2742 = PLANE('',#2743);
#2743 = AXIS2_PLACEMENT_3D('',#2744,#2745,#2746);
#2744 = CARTESIAN_POINT('',(0.32,-5.4,-3.));
#2745 = DIRECTION('',(1.,0.,0.));
#2746 = DIRECTION('',(0.,0.,1.));
#2747 = ADVANCED_FACE('',(#2748),#2766,.T.);
#2748 = FACE_BOUND('',#2749,.T.);
#2749 = EDGE_LOOP('',(#2750,#2751,#2759,#2765));
#2750 = ORIENTED_EDGE('',*,*,#2736,.F.);
#2751 = ORIENTED_EDGE('',*,*,#2752,.F.);
#2752 = EDGE_CURVE('',#2753,#2729,#2755,.T.);
#2753 = VERTEX_POINT('',#2754);
#2754 = CARTESIAN_POINT('',(-0.32,-4.76,-2.84));
#2755 = LINE('',#2756,#2757);
#2756 = CARTESIAN_POINT('',(-0.32,-4.76,-2.84));
#2757 = VECTOR('',#2758,1.);
#2758 = DIRECTION('',(1.,0.,0.));
#2759 = ORIENTED_EDGE('',*,*,#2760,.T.);
#2760 = EDGE_CURVE('',#2753,#1384,#2761,.T.);
#2761 = LINE('',#2762,#2763);
#2762 = CARTESIAN_POINT('',(-0.32,-4.76,-3.));
#2763 = VECTOR('',#2764,1.);
#2764 = DIRECTION('',(0.,0.,1.));
#2765 = ORIENTED_EDGE('',*,*,#1391,.F.);
#2766 = PLANE('',#2767);
#2767 = AXIS2_PLACEMENT_3D('',#2768,#2769,#2770);
#2768 = CARTESIAN_POINT('',(-0.32,-4.76,-3.));
#2769 = DIRECTION('',(0.,1.,0.));
#2770 = DIRECTION('',(0.,-0.,1.));
#2771 = ADVANCED_FACE('',(#2772),#2790,.F.);
#2772 = FACE_BOUND('',#2773,.F.);
#2773 = EDGE_LOOP('',(#2774,#2782,#2788,#2789));
#2774 = ORIENTED_EDGE('',*,*,#2775,.F.);
#2775 = EDGE_CURVE('',#2776,#1376,#2778,.T.);
#2776 = VERTEX_POINT('',#2777);
#2777 = CARTESIAN_POINT('',(-0.32,-5.4,-2.84));
#2778 = LINE('',#2779,#2780);
#2779 = CARTESIAN_POINT('',(-0.32,-5.4,-3.));
#2780 = VECTOR('',#2781,1.);
#2781 = DIRECTION('',(0.,0.,1.));
#2782 = ORIENTED_EDGE('',*,*,#2783,.T.);
#2783 = EDGE_CURVE('',#2776,#2753,#2784,.T.);
#2784 = LINE('',#2785,#2786);
#2785 = CARTESIAN_POINT('',(-0.32,-5.4,-2.84));
#2786 = VECTOR('',#2787,1.);
#2787 = DIRECTION('',(0.,1.,0.));
#2788 = ORIENTED_EDGE('',*,*,#2760,.T.);
#2789 = ORIENTED_EDGE('',*,*,#1383,.F.);
#2790 = PLANE('',#2791);
#2791 = AXIS2_PLACEMENT_3D('',#2792,#2793,#2794);
#2792 = CARTESIAN_POINT('',(-0.32,-5.4,-3.));
#2793 = DIRECTION('',(1.,0.,0.));
#2794 = DIRECTION('',(0.,0.,1.));
#2795 = ADVANCED_FACE('',(#2796),#2807,.F.);
#2796 = FACE_BOUND('',#2797,.F.);
#2797 = EDGE_LOOP('',(#2798,#2799,#2805,#2806));
#2798 = ORIENTED_EDGE('',*,*,#2720,.F.);
#2799 = ORIENTED_EDGE('',*,*,#2800,.F.);
#2800 = EDGE_CURVE('',#2776,#2721,#2801,.T.);
#2801 = LINE('',#2802,#2803);
#2802 = CARTESIAN_POINT('',(-0.32,-5.4,-2.84));
#2803 = VECTOR('',#2804,1.);
#2804 = DIRECTION('',(1.,0.,0.));
#2805 = ORIENTED_EDGE('',*,*,#2775,.T.);
#2806 = ORIENTED_EDGE('',*,*,#1375,.F.);
#2807 = PLANE('',#2808);
#2808 = AXIS2_PLACEMENT_3D('',#2809,#2810,#2811);
#2809 = CARTESIAN_POINT('',(-0.32,-5.4,-3.));
#2810 = DIRECTION('',(0.,1.,0.));
#2811 = DIRECTION('',(0.,-0.,1.));
#2812 = ADVANCED_FACE('',(#2813),#2838,.T.);
#2813 = FACE_BOUND('',#2814,.T.);
#2814 = EDGE_LOOP('',(#2815,#2823,#2831,#2837));
#2815 = ORIENTED_EDGE('',*,*,#2816,.F.);
#2816 = EDGE_CURVE('',#2817,#1400,#2819,.T.);
#2817 = VERTEX_POINT('',#2818);
#2818 = CARTESIAN_POINT('',(0.32,-2.86,-2.84));
#2819 = LINE('',#2820,#2821);
#2820 = CARTESIAN_POINT('',(0.32,-2.86,-3.));
#2821 = VECTOR('',#2822,1.);
#2822 = DIRECTION('',(0.,0.,1.));
#2823 = ORIENTED_EDGE('',*,*,#2824,.T.);
#2824 = EDGE_CURVE('',#2817,#2825,#2827,.T.);
#2825 = VERTEX_POINT('',#2826);
#2826 = CARTESIAN_POINT('',(0.32,-2.22,-2.84));
#2827 = LINE('',#2828,#2829);
#2828 = CARTESIAN_POINT('',(0.32,-2.86,-2.84));
#2829 = VECTOR('',#2830,1.);
#2830 = DIRECTION('',(0.,1.,0.));
#2831 = ORIENTED_EDGE('',*,*,#2832,.T.);
#2832 = EDGE_CURVE('',#2825,#1402,#2833,.T.);
#2833 = LINE('',#2834,#2835);
#2834 = CARTESIAN_POINT('',(0.32,-2.22,-3.));
#2835 = VECTOR('',#2836,1.);
#2836 = DIRECTION('',(0.,0.,1.));
#2837 = ORIENTED_EDGE('',*,*,#1399,.F.);
#2838 = PLANE('',#2839);
#2839 = AXIS2_PLACEMENT_3D('',#2840,#2841,#2842);
#2840 = CARTESIAN_POINT('',(0.32,-2.86,-3.));
#2841 = DIRECTION('',(1.,0.,0.));
#2842 = DIRECTION('',(0.,0.,1.));
#2843 = ADVANCED_FACE('',(#2844),#2862,.T.);
#2844 = FACE_BOUND('',#2845,.T.);
#2845 = EDGE_LOOP('',(#2846,#2847,#2855,#2861));
#2846 = ORIENTED_EDGE('',*,*,#2832,.F.);
#2847 = ORIENTED_EDGE('',*,*,#2848,.F.);
#2848 = EDGE_CURVE('',#2849,#2825,#2851,.T.);
#2849 = VERTEX_POINT('',#2850);
#2850 = CARTESIAN_POINT('',(-0.32,-2.22,-2.84));
#2851 = LINE('',#2852,#2853);
#2852 = CARTESIAN_POINT('',(-0.32,-2.22,-2.84));
#2853 = VECTOR('',#2854,1.);
#2854 = DIRECTION('',(1.,0.,0.));
#2855 = ORIENTED_EDGE('',*,*,#2856,.T.);
#2856 = EDGE_CURVE('',#2849,#1418,#2857,.T.);
#2857 = LINE('',#2858,#2859);
#2858 = CARTESIAN_POINT('',(-0.32,-2.22,-3.));
#2859 = VECTOR('',#2860,1.);
#2860 = DIRECTION('',(0.,0.,1.));
#2861 = ORIENTED_EDGE('',*,*,#1425,.F.);
#2862 = PLANE('',#2863);
#2863 = AXIS2_PLACEMENT_3D('',#2864,#2865,#2866);
#2864 = CARTESIAN_POINT('',(-0.32,-2.22,-3.));
#2865 = DIRECTION('',(0.,1.,0.));
#2866 = DIRECTION('',(0.,-0.,1.));
#2867 = ADVANCED_FACE('',(#2868),#2886,.F.);
#2868 = FACE_BOUND('',#2869,.F.);
#2869 = EDGE_LOOP('',(#2870,#2878,#2884,#2885));
#2870 = ORIENTED_EDGE('',*,*,#2871,.F.);
#2871 = EDGE_CURVE('',#2872,#1410,#2874,.T.);
#2872 = VERTEX_POINT('',#2873);
#2873 = CARTESIAN_POINT('',(-0.32,-2.86,-2.84));
#2874 = LINE('',#2875,#2876);
#2875 = CARTESIAN_POINT('',(-0.32,-2.86,-3.));
#2876 = VECTOR('',#2877,1.);
#2877 = DIRECTION('',(0.,0.,1.));
#2878 = ORIENTED_EDGE('',*,*,#2879,.T.);
#2879 = EDGE_CURVE('',#2872,#2849,#2880,.T.);
#2880 = LINE('',#2881,#2882);
#2881 = CARTESIAN_POINT('',(-0.32,-2.86,-2.84));
#2882 = VECTOR('',#2883,1.);
#2883 = DIRECTION('',(0.,1.,0.));
#2884 = ORIENTED_EDGE('',*,*,#2856,.T.);
#2885 = ORIENTED_EDGE('',*,*,#1417,.F.);
#2886 = PLANE('',#2887);
#2887 = AXIS2_PLACEMENT_3D('',#2888,#2889,#2890);
#2888 = CARTESIAN_POINT('',(-0.32,-2.86,-3.));
#2889 = DIRECTION('',(1.,0.,0.));
#2890 = DIRECTION('',(0.,0.,1.));
#2891 = ADVANCED_FACE('',(#2892),#2903,.F.);
#2892 = FACE_BOUND('',#2893,.F.);
#2893 = EDGE_LOOP('',(#2894,#2895,#2901,#2902));
#2894 = ORIENTED_EDGE('',*,*,#2816,.F.);
#2895 = ORIENTED_EDGE('',*,*,#2896,.F.);
#2896 = EDGE_CURVE('',#2872,#2817,#2897,.T.);
#2897 = LINE('',#2898,#2899);
#2898 = CARTESIAN_POINT('',(-0.32,-2.86,-2.84));
#2899 = VECTOR('',#2900,1.);
#2900 = DIRECTION('',(1.,0.,0.));
#2901 = ORIENTED_EDGE('',*,*,#2871,.T.);
#2902 = ORIENTED_EDGE('',*,*,#1409,.F.);
#2903 = PLANE('',#2904);
#2904 = AXIS2_PLACEMENT_3D('',#2905,#2906,#2907);
#2905 = CARTESIAN_POINT('',(-0.32,-2.86,-3.));
#2906 = DIRECTION('',(0.,1.,0.));
#2907 = DIRECTION('',(0.,-0.,1.));
#2908 = ADVANCED_FACE('',(#2909),#2934,.F.);
#2909 = FACE_BOUND('',#2910,.F.);
#2910 = EDGE_LOOP('',(#2911,#2919,#2927,#2933));
#2911 = ORIENTED_EDGE('',*,*,#2912,.F.);
#2912 = EDGE_CURVE('',#2913,#1434,#2915,.T.);
#2913 = VERTEX_POINT('',#2914);
#2914 = CARTESIAN_POINT('',(0.32,-13.02,-2.84));
#2915 = LINE('',#2916,#2917);
#2916 = CARTESIAN_POINT('',(0.32,-13.02,-3.));
#2917 = VECTOR('',#2918,1.);
#2918 = DIRECTION('',(0.,0.,1.));
#2919 = ORIENTED_EDGE('',*,*,#2920,.F.);
#2920 = EDGE_CURVE('',#2921,#2913,#2923,.T.);
#2921 = VERTEX_POINT('',#2922);
#2922 = CARTESIAN_POINT('',(-0.32,-13.02,-2.84));
#2923 = LINE('',#2924,#2925);
#2924 = CARTESIAN_POINT('',(-0.32,-13.02,-2.84));
#2925 = VECTOR('',#2926,1.);
#2926 = DIRECTION('',(1.,0.,0.));
#2927 = ORIENTED_EDGE('',*,*,#2928,.T.);
#2928 = EDGE_CURVE('',#2921,#1436,#2929,.T.);
#2929 = LINE('',#2930,#2931);
#2930 = CARTESIAN_POINT('',(-0.32,-13.02,-3.));
#2931 = VECTOR('',#2932,1.);
#2932 = DIRECTION('',(0.,0.,1.));
#2933 = ORIENTED_EDGE('',*,*,#1433,.F.);
#2934 = PLANE('',#2935);
#2935 = AXIS2_PLACEMENT_3D('',#2936,#2937,#2938);
#2936 = CARTESIAN_POINT('',(-0.32,-13.02,-3.));
#2937 = DIRECTION('',(0.,1.,0.));
#2938 = DIRECTION('',(0.,-0.,1.));
#2939 = ADVANCED_FACE('',(#2940),#2958,.T.);
#2940 = FACE_BOUND('',#2941,.T.);
#2941 = EDGE_LOOP('',(#2942,#2943,#2951,#2957));
#2942 = ORIENTED_EDGE('',*,*,#2912,.F.);
#2943 = ORIENTED_EDGE('',*,*,#2944,.T.);
#2944 = EDGE_CURVE('',#2913,#2945,#2947,.T.);
#2945 = VERTEX_POINT('',#2946);
#2946 = CARTESIAN_POINT('',(0.32,-12.38,-2.84));
#2947 = LINE('',#2948,#2949);
#2948 = CARTESIAN_POINT('',(0.32,-13.02,-2.84));
#2949 = VECTOR('',#2950,1.);
#2950 = DIRECTION('',(0.,1.,0.));
#2951 = ORIENTED_EDGE('',*,*,#2952,.T.);
#2952 = EDGE_CURVE('',#2945,#1452,#2953,.T.);
#2953 = LINE('',#2954,#2955);
#2954 = CARTESIAN_POINT('',(0.32,-12.38,-3.));
#2955 = VECTOR('',#2956,1.);
#2956 = DIRECTION('',(0.,0.,1.));
#2957 = ORIENTED_EDGE('',*,*,#1459,.F.);
#2958 = PLANE('',#2959);
#2959 = AXIS2_PLACEMENT_3D('',#2960,#2961,#2962);
#2960 = CARTESIAN_POINT('',(0.32,-13.02,-3.));
#2961 = DIRECTION('',(1.,0.,0.));
#2962 = DIRECTION('',(0.,0.,1.));
#2963 = ADVANCED_FACE('',(#2964),#2982,.T.);
#2964 = FACE_BOUND('',#2965,.T.);
#2965 = EDGE_LOOP('',(#2966,#2967,#2975,#2981));
#2966 = ORIENTED_EDGE('',*,*,#2952,.F.);
#2967 = ORIENTED_EDGE('',*,*,#2968,.F.);
#2968 = EDGE_CURVE('',#2969,#2945,#2971,.T.);
#2969 = VERTEX_POINT('',#2970);
#2970 = CARTESIAN_POINT('',(-0.32,-12.38,-2.84));
#2971 = LINE('',#2972,#2973);
#2972 = CARTESIAN_POINT('',(-0.32,-12.38,-2.84));
#2973 = VECTOR('',#2974,1.);
#2974 = DIRECTION('',(1.,0.,0.));
#2975 = ORIENTED_EDGE('',*,*,#2976,.T.);
#2976 = EDGE_CURVE('',#2969,#1444,#2977,.T.);
#2977 = LINE('',#2978,#2979);
#2978 = CARTESIAN_POINT('',(-0.32,-12.38,-3.));
#2979 = VECTOR('',#2980,1.);
#2980 = DIRECTION('',(0.,0.,1.));
#2981 = ORIENTED_EDGE('',*,*,#1451,.F.);
#2982 = PLANE('',#2983);
#2983 = AXIS2_PLACEMENT_3D('',#2984,#2985,#2986);
#2984 = CARTESIAN_POINT('',(-0.32,-12.38,-3.));
#2985 = DIRECTION('',(0.,1.,0.));
#2986 = DIRECTION('',(0.,-0.,1.));
#2987 = ADVANCED_FACE('',(#2988),#2999,.F.);
#2988 = FACE_BOUND('',#2989,.F.);
#2989 = EDGE_LOOP('',(#2990,#2991,#2997,#2998));
#2990 = ORIENTED_EDGE('',*,*,#2928,.F.);
#2991 = ORIENTED_EDGE('',*,*,#2992,.T.);
#2992 = EDGE_CURVE('',#2921,#2969,#2993,.T.);
#2993 = LINE('',#2994,#2995);
#2994 = CARTESIAN_POINT('',(-0.32,-13.02,-2.84));
#2995 = VECTOR('',#2996,1.);
#2996 = DIRECTION('',(0.,1.,0.));
#2997 = ORIENTED_EDGE('',*,*,#2976,.T.);
#2998 = ORIENTED_EDGE('',*,*,#1443,.F.);
#2999 = PLANE('',#3000);
#3000 = AXIS2_PLACEMENT_3D('',#3001,#3002,#3003);
#3001 = CARTESIAN_POINT('',(-0.32,-13.02,-3.));
#3002 = DIRECTION('',(1.,0.,0.));
#3003 = DIRECTION('',(0.,0.,1.));
#3004 = ADVANCED_FACE('',(#3005),#3030,.T.);
#3005 = FACE_BOUND('',#3006,.T.);
#3006 = EDGE_LOOP('',(#3007,#3015,#3023,#3029));
#3007 = ORIENTED_EDGE('',*,*,#3008,.F.);
#3008 = EDGE_CURVE('',#3009,#1468,#3011,.T.);
#3009 = VERTEX_POINT('',#3010);
#3010 = CARTESIAN_POINT('',(0.32,-9.84,-2.84));
#3011 = LINE('',#3012,#3013);
#3012 = CARTESIAN_POINT('',(0.32,-9.84,-3.));
#3013 = VECTOR('',#3014,1.);
#3014 = DIRECTION('',(0.,0.,1.));
#3015 = ORIENTED_EDGE('',*,*,#3016,.F.);
#3016 = EDGE_CURVE('',#3017,#3009,#3019,.T.);
#3017 = VERTEX_POINT('',#3018);
#3018 = CARTESIAN_POINT('',(-0.32,-9.84,-2.84));
#3019 = LINE('',#3020,#3021);
#3020 = CARTESIAN_POINT('',(-0.32,-9.84,-2.84));
#3021 = VECTOR('',#3022,1.);
#3022 = DIRECTION('',(1.,0.,0.));
#3023 = ORIENTED_EDGE('',*,*,#3024,.T.);
#3024 = EDGE_CURVE('',#3017,#1470,#3025,.T.);
#3025 = LINE('',#3026,#3027);
#3026 = CARTESIAN_POINT('',(-0.32,-9.84,-3.));
#3027 = VECTOR('',#3028,1.);
#3028 = DIRECTION('',(0.,0.,1.));
#3029 = ORIENTED_EDGE('',*,*,#1467,.F.);
#3030 = PLANE('',#3031);
#3031 = AXIS2_PLACEMENT_3D('',#3032,#3033,#3034);
#3032 = CARTESIAN_POINT('',(-0.32,-9.84,-3.));
#3033 = DIRECTION('',(0.,1.,0.));
#3034 = DIRECTION('',(0.,-0.,1.));
#3035 = ADVANCED_FACE('',(#3036),#3054,.F.);
#3036 = FACE_BOUND('',#3037,.F.);
#3037 = EDGE_LOOP('',(#3038,#3046,#3052,#3053));
#3038 = ORIENTED_EDGE('',*,*,#3039,.F.);
#3039 = EDGE_CURVE('',#3040,#1486,#3042,.T.);
#3040 = VERTEX_POINT('',#3041);
#3041 = CARTESIAN_POINT('',(-0.32,-10.48,-2.84));
#3042 = LINE('',#3043,#3044);
#3043 = CARTESIAN_POINT('',(-0.32,-10.48,-3.));
#3044 = VECTOR('',#3045,1.);
#3045 = DIRECTION('',(0.,0.,1.));
#3046 = ORIENTED_EDGE('',*,*,#3047,.T.);
#3047 = EDGE_CURVE('',#3040,#3017,#3048,.T.);
#3048 = LINE('',#3049,#3050);
#3049 = CARTESIAN_POINT('',(-0.32,-10.48,-2.84));
#3050 = VECTOR('',#3051,1.);
#3051 = DIRECTION('',(0.,1.,0.));
#3052 = ORIENTED_EDGE('',*,*,#3024,.T.);
#3053 = ORIENTED_EDGE('',*,*,#1493,.F.);
#3054 = PLANE('',#3055);
#3055 = AXIS2_PLACEMENT_3D('',#3056,#3057,#3058);
#3056 = CARTESIAN_POINT('',(-0.32,-10.48,-3.));
#3057 = DIRECTION('',(1.,0.,0.));
#3058 = DIRECTION('',(0.,0.,1.));
#3059 = ADVANCED_FACE('',(#3060),#3078,.F.);
#3060 = FACE_BOUND('',#3061,.F.);
#3061 = EDGE_LOOP('',(#3062,#3070,#3076,#3077));
#3062 = ORIENTED_EDGE('',*,*,#3063,.F.);
#3063 = EDGE_CURVE('',#3064,#1478,#3066,.T.);
#3064 = VERTEX_POINT('',#3065);
#3065 = CARTESIAN_POINT('',(0.32,-10.48,-2.84));
#3066 = LINE('',#3067,#3068);
#3067 = CARTESIAN_POINT('',(0.32,-10.48,-3.));
#3068 = VECTOR('',#3069,1.);
#3069 = DIRECTION('',(0.,0.,1.));
#3070 = ORIENTED_EDGE('',*,*,#3071,.F.);
#3071 = EDGE_CURVE('',#3040,#3064,#3072,.T.);
#3072 = LINE('',#3073,#3074);
#3073 = CARTESIAN_POINT('',(-0.32,-10.48,-2.84));
#3074 = VECTOR('',#3075,1.);
#3075 = DIRECTION('',(1.,0.,0.));
#3076 = ORIENTED_EDGE('',*,*,#3039,.T.);
#3077 = ORIENTED_EDGE('',*,*,#1485,.F.);
#3078 = PLANE('',#3079);
#3079 = AXIS2_PLACEMENT_3D('',#3080,#3081,#3082);
#3080 = CARTESIAN_POINT('',(-0.32,-10.48,-3.));
#3081 = DIRECTION('',(0.,1.,0.));
#3082 = DIRECTION('',(0.,-0.,1.));
#3083 = ADVANCED_FACE('',(#3084),#3095,.T.);
#3084 = FACE_BOUND('',#3085,.T.);
#3085 = EDGE_LOOP('',(#3086,#3087,#3093,#3094));
#3086 = ORIENTED_EDGE('',*,*,#3063,.F.);
#3087 = ORIENTED_EDGE('',*,*,#3088,.T.);
#3088 = EDGE_CURVE('',#3064,#3009,#3089,.T.);
#3089 = LINE('',#3090,#3091);
#3090 = CARTESIAN_POINT('',(0.32,-10.48,-2.84));
#3091 = VECTOR('',#3092,1.);
#3092 = DIRECTION('',(0.,1.,0.));
#3093 = ORIENTED_EDGE('',*,*,#3008,.T.);
#3094 = ORIENTED_EDGE('',*,*,#1477,.F.);
#3095 = PLANE('',#3096);
#3096 = AXIS2_PLACEMENT_3D('',#3097,#3098,#3099);
#3097 = CARTESIAN_POINT('',(0.32,-10.48,-3.));
#3098 = DIRECTION('',(1.,0.,0.));
#3099 = DIRECTION('',(0.,0.,1.));
#3100 = ADVANCED_FACE('',(#3101),#3126,.F.);
#3101 = FACE_BOUND('',#3102,.F.);
#3102 = EDGE_LOOP('',(#3103,#3111,#3119,#3125));
#3103 = ORIENTED_EDGE('',*,*,#3104,.F.);
#3104 = EDGE_CURVE('',#3105,#1502,#3107,.T.);
#3105 = VERTEX_POINT('',#3106);
#3106 = CARTESIAN_POINT('',(0.32,-7.94,-2.84));
#3107 = LINE('',#3108,#3109);
#3108 = CARTESIAN_POINT('',(0.32,-7.94,-3.));
#3109 = VECTOR('',#3110,1.);
#3110 = DIRECTION('',(0.,0.,1.));
#3111 = ORIENTED_EDGE('',*,*,#3112,.F.);
#3112 = EDGE_CURVE('',#3113,#3105,#3115,.T.);
#3113 = VERTEX_POINT('',#3114);
#3114 = CARTESIAN_POINT('',(-0.32,-7.94,-2.84));
#3115 = LINE('',#3116,#3117);
#3116 = CARTESIAN_POINT('',(-0.32,-7.94,-2.84));
#3117 = VECTOR('',#3118,1.);
#3118 = DIRECTION('',(1.,0.,0.));
#3119 = ORIENTED_EDGE('',*,*,#3120,.T.);
#3120 = EDGE_CURVE('',#3113,#1504,#3121,.T.);
#3121 = LINE('',#3122,#3123);
#3122 = CARTESIAN_POINT('',(-0.32,-7.94,-3.));
#3123 = VECTOR('',#3124,1.);
#3124 = DIRECTION('',(0.,0.,1.));
#3125 = ORIENTED_EDGE('',*,*,#1501,.F.);
#3126 = PLANE('',#3127);
#3127 = AXIS2_PLACEMENT_3D('',#3128,#3129,#3130);
#3128 = CARTESIAN_POINT('',(-0.32,-7.94,-3.));
#3129 = DIRECTION('',(0.,1.,0.));
#3130 = DIRECTION('',(0.,-0.,1.));
#3131 = ADVANCED_FACE('',(#3132),#3150,.T.);
#3132 = FACE_BOUND('',#3133,.T.);
#3133 = EDGE_LOOP('',(#3134,#3135,#3143,#3149));
#3134 = ORIENTED_EDGE('',*,*,#3104,.F.);
#3135 = ORIENTED_EDGE('',*,*,#3136,.T.);
#3136 = EDGE_CURVE('',#3105,#3137,#3139,.T.);
#3137 = VERTEX_POINT('',#3138);
#3138 = CARTESIAN_POINT('',(0.32,-7.3,-2.84));
#3139 = LINE('',#3140,#3141);
#3140 = CARTESIAN_POINT('',(0.32,-7.94,-2.84));
#3141 = VECTOR('',#3142,1.);
#3142 = DIRECTION('',(0.,1.,0.));
#3143 = ORIENTED_EDGE('',*,*,#3144,.T.);
#3144 = EDGE_CURVE('',#3137,#1520,#3145,.T.);
#3145 = LINE('',#3146,#3147);
#3146 = CARTESIAN_POINT('',(0.32,-7.3,-3.));
#3147 = VECTOR('',#3148,1.);
#3148 = DIRECTION('',(0.,0.,1.));
#3149 = ORIENTED_EDGE('',*,*,#1527,.F.);
#3150 = PLANE('',#3151);
#3151 = AXIS2_PLACEMENT_3D('',#3152,#3153,#3154);
#3152 = CARTESIAN_POINT('',(0.32,-7.94,-3.));
#3153 = DIRECTION('',(1.,0.,0.));
#3154 = DIRECTION('',(0.,0.,1.));
#3155 = ADVANCED_FACE('',(#3156),#3174,.T.);
#3156 = FACE_BOUND('',#3157,.T.);
#3157 = EDGE_LOOP('',(#3158,#3159,#3167,#3173));
#3158 = ORIENTED_EDGE('',*,*,#3144,.F.);
#3159 = ORIENTED_EDGE('',*,*,#3160,.F.);
#3160 = EDGE_CURVE('',#3161,#3137,#3163,.T.);
#3161 = VERTEX_POINT('',#3162);
#3162 = CARTESIAN_POINT('',(-0.32,-7.3,-2.84));
#3163 = LINE('',#3164,#3165);
#3164 = CARTESIAN_POINT('',(-0.32,-7.3,-2.84));
#3165 = VECTOR('',#3166,1.);
#3166 = DIRECTION('',(1.,0.,0.));
#3167 = ORIENTED_EDGE('',*,*,#3168,.T.);
#3168 = EDGE_CURVE('',#3161,#1512,#3169,.T.);
#3169 = LINE('',#3170,#3171);
#3170 = CARTESIAN_POINT('',(-0.32,-7.3,-3.));
#3171 = VECTOR('',#3172,1.);
#3172 = DIRECTION('',(0.,0.,1.));
#3173 = ORIENTED_EDGE('',*,*,#1519,.F.);
#3174 = PLANE('',#3175);
#3175 = AXIS2_PLACEMENT_3D('',#3176,#3177,#3178);
#3176 = CARTESIAN_POINT('',(-0.32,-7.3,-3.));
#3177 = DIRECTION('',(0.,1.,0.));
#3178 = DIRECTION('',(0.,-0.,1.));
#3179 = ADVANCED_FACE('',(#3180),#3191,.F.);
#3180 = FACE_BOUND('',#3181,.F.);
#3181 = EDGE_LOOP('',(#3182,#3183,#3189,#3190));
#3182 = ORIENTED_EDGE('',*,*,#3120,.F.);
#3183 = ORIENTED_EDGE('',*,*,#3184,.T.);
#3184 = EDGE_CURVE('',#3113,#3161,#3185,.T.);
#3185 = LINE('',#3186,#3187);
#3186 = CARTESIAN_POINT('',(-0.32,-7.94,-2.84));
#3187 = VECTOR('',#3188,1.);
#3188 = DIRECTION('',(0.,1.,0.));
#3189 = ORIENTED_EDGE('',*,*,#3168,.T.);
#3190 = ORIENTED_EDGE('',*,*,#1511,.F.);
#3191 = PLANE('',#3192);
#3192 = AXIS2_PLACEMENT_3D('',#3193,#3194,#3195);
#3193 = CARTESIAN_POINT('',(-0.32,-7.94,-3.));
#3194 = DIRECTION('',(1.,0.,0.));
#3195 = DIRECTION('',(0.,0.,1.));
#3196 = ADVANCED_FACE('',(#3197),#3222,.T.);
#3197 = FACE_BOUND('',#3198,.T.);
#3198 = EDGE_LOOP('',(#3199,#3207,#3208,#3216));
#3199 = ORIENTED_EDGE('',*,*,#3200,.F.);
#3200 = EDGE_CURVE('',#1825,#3201,#3203,.T.);
#3201 = VERTEX_POINT('',#3202);
#3202 = CARTESIAN_POINT('',(0.32,-0.32,8.38));
#3203 = LINE('',#3204,#3205);
#3204 = CARTESIAN_POINT('',(0.32,-0.32,-3.));
#3205 = VECTOR('',#3206,1.);
#3206 = DIRECTION('',(0.,0.,1.));
#3207 = ORIENTED_EDGE('',*,*,#1824,.T.);
#3208 = ORIENTED_EDGE('',*,*,#3209,.T.);
#3209 = EDGE_CURVE('',#1827,#3210,#3212,.T.);
#3210 = VERTEX_POINT('',#3211);
#3211 = CARTESIAN_POINT('',(0.32,0.32,8.38));
#3212 = LINE('',#3213,#3214);
#3213 = CARTESIAN_POINT('',(0.32,0.32,-3.));
#3214 = VECTOR('',#3215,1.);
#3215 = DIRECTION('',(0.,0.,1.));
#3216 = ORIENTED_EDGE('',*,*,#3217,.F.);
#3217 = EDGE_CURVE('',#3201,#3210,#3218,.T.);
#3218 = LINE('',#3219,#3220);
#3219 = CARTESIAN_POINT('',(0.32,-0.32,8.38));
#3220 = VECTOR('',#3221,1.);
#3221 = DIRECTION('',(0.,1.,0.));
#3222 = PLANE('',#3223);
#3223 = AXIS2_PLACEMENT_3D('',#3224,#3225,#3226);
#3224 = CARTESIAN_POINT('',(0.32,-0.32,-3.));
#3225 = DIRECTION('',(1.,0.,0.));
#3226 = DIRECTION('',(0.,0.,1.));
#3227 = ADVANCED_FACE('',(#3228),#3246,.T.);
#3228 = FACE_BOUND('',#3229,.T.);
#3229 = EDGE_LOOP('',(#3230,#3231,#3232,#3240));
#3230 = ORIENTED_EDGE('',*,*,#3209,.F.);
#3231 = ORIENTED_EDGE('',*,*,#1850,.T.);
#3232 = ORIENTED_EDGE('',*,*,#3233,.T.);
#3233 = EDGE_CURVE('',#1843,#3234,#3236,.T.);
#3234 = VERTEX_POINT('',#3235);
#3235 = CARTESIAN_POINT('',(-0.32,0.32,8.38));
#3236 = LINE('',#3237,#3238);
#3237 = CARTESIAN_POINT('',(-0.32,0.32,-3.));
#3238 = VECTOR('',#3239,1.);
#3239 = DIRECTION('',(0.,0.,1.));
#3240 = ORIENTED_EDGE('',*,*,#3241,.T.);
#3241 = EDGE_CURVE('',#3234,#3210,#3242,.T.);
#3242 = LINE('',#3243,#3244);
#3243 = CARTESIAN_POINT('',(-0.32,0.32,8.38));
#3244 = VECTOR('',#3245,1.);
#3245 = DIRECTION('',(1.,0.,0.));
#3246 = PLANE('',#3247);
#3247 = AXIS2_PLACEMENT_3D('',#3248,#3249,#3250);
#3248 = CARTESIAN_POINT('',(-0.32,0.32,-3.));
#3249 = DIRECTION('',(0.,1.,0.));
#3250 = DIRECTION('',(0.,-0.,1.));
#3251 = ADVANCED_FACE('',(#3252),#3270,.F.);
#3252 = FACE_BOUND('',#3253,.F.);
#3253 = EDGE_LOOP('',(#3254,#3262,#3263,#3264));
#3254 = ORIENTED_EDGE('',*,*,#3255,.F.);
#3255 = EDGE_CURVE('',#1835,#3256,#3258,.T.);
#3256 = VERTEX_POINT('',#3257);
#3257 = CARTESIAN_POINT('',(-0.32,-0.32,8.38));
#3258 = LINE('',#3259,#3260);
#3259 = CARTESIAN_POINT('',(-0.32,-0.32,-3.));
#3260 = VECTOR('',#3261,1.);
#3261 = DIRECTION('',(0.,0.,1.));
#3262 = ORIENTED_EDGE('',*,*,#1842,.T.);
#3263 = ORIENTED_EDGE('',*,*,#3233,.T.);
#3264 = ORIENTED_EDGE('',*,*,#3265,.F.);
#3265 = EDGE_CURVE('',#3256,#3234,#3266,.T.);
#3266 = LINE('',#3267,#3268);
#3267 = CARTESIAN_POINT('',(-0.32,-0.32,8.38));
#3268 = VECTOR('',#3269,1.);
#3269 = DIRECTION('',(0.,1.,0.));
#3270 = PLANE('',#3271);
#3271 = AXIS2_PLACEMENT_3D('',#3272,#3273,#3274);
#3272 = CARTESIAN_POINT('',(-0.32,-0.32,-3.));
#3273 = DIRECTION('',(1.,0.,0.));
#3274 = DIRECTION('',(0.,0.,1.));
#3275 = ADVANCED_FACE('',(#3276),#3287,.F.);
#3276 = FACE_BOUND('',#3277,.F.);
#3277 = EDGE_LOOP('',(#3278,#3279,#3280,#3281));
#3278 = ORIENTED_EDGE('',*,*,#3200,.F.);
#3279 = ORIENTED_EDGE('',*,*,#1834,.T.);
#3280 = ORIENTED_EDGE('',*,*,#3255,.T.);
#3281 = ORIENTED_EDGE('',*,*,#3282,.T.);
#3282 = EDGE_CURVE('',#3256,#3201,#3283,.T.);
#3283 = LINE('',#3284,#3285);
#3284 = CARTESIAN_POINT('',(-0.32,-0.32,8.38));
#3285 = VECTOR('',#3286,1.);
#3286 = DIRECTION('',(1.,0.,0.));
#3287 = PLANE('',#3288);
#3288 = AXIS2_PLACEMENT_3D('',#3289,#3290,#3291);
#3289 = CARTESIAN_POINT('',(-0.32,-0.32,-3.));
#3290 = DIRECTION('',(0.,1.,0.));
#3291 = DIRECTION('',(0.,-0.,1.));
#3292 = ADVANCED_FACE('',(#3293),#3318,.T.);
#3293 = FACE_BOUND('',#3294,.T.);
#3294 = EDGE_LOOP('',(#3295,#3303,#3304,#3312));
#3295 = ORIENTED_EDGE('',*,*,#3296,.F.);
#3296 = EDGE_CURVE('',#1859,#3297,#3299,.T.);
#3297 = VERTEX_POINT('',#3298);
#3298 = CARTESIAN_POINT('',(0.32,-5.4,8.38));
#3299 = LINE('',#3300,#3301);
#3300 = CARTESIAN_POINT('',(0.32,-5.4,-3.));
#3301 = VECTOR('',#3302,1.);
#3302 = DIRECTION('',(0.,0.,1.));
#3303 = ORIENTED_EDGE('',*,*,#1858,.T.);
#3304 = ORIENTED_EDGE('',*,*,#3305,.T.);
#3305 = EDGE_CURVE('',#1861,#3306,#3308,.T.);
#3306 = VERTEX_POINT('',#3307);
#3307 = CARTESIAN_POINT('',(0.32,-4.76,8.38));
#3308 = LINE('',#3309,#3310);
#3309 = CARTESIAN_POINT('',(0.32,-4.76,-3.));
#3310 = VECTOR('',#3311,1.);
#3311 = DIRECTION('',(0.,0.,1.));
#3312 = ORIENTED_EDGE('',*,*,#3313,.F.);
#3313 = EDGE_CURVE('',#3297,#3306,#3314,.T.);
#3314 = LINE('',#3315,#3316);
#3315 = CARTESIAN_POINT('',(0.32,-5.4,8.38));
#3316 = VECTOR('',#3317,1.);
#3317 = DIRECTION('',(0.,1.,0.));
#3318 = PLANE('',#3319);
#3319 = AXIS2_PLACEMENT_3D('',#3320,#3321,#3322);
#3320 = CARTESIAN_POINT('',(0.32,-5.4,-3.));
#3321 = DIRECTION('',(1.,0.,0.));
#3322 = DIRECTION('',(0.,0.,1.));
#3323 = ADVANCED_FACE('',(#3324),#3342,.T.);
#3324 = FACE_BOUND('',#3325,.T.);
#3325 = EDGE_LOOP('',(#3326,#3327,#3328,#3336));
#3326 = ORIENTED_EDGE('',*,*,#3305,.F.);
#3327 = ORIENTED_EDGE('',*,*,#1884,.T.);
#3328 = ORIENTED_EDGE('',*,*,#3329,.T.);
#3329 = EDGE_CURVE('',#1877,#3330,#3332,.T.);
#3330 = VERTEX_POINT('',#3331);
#3331 = CARTESIAN_POINT('',(-0.32,-4.76,8.38));
#3332 = LINE('',#3333,#3334);
#3333 = CARTESIAN_POINT('',(-0.32,-4.76,-3.));
#3334 = VECTOR('',#3335,1.);
#3335 = DIRECTION('',(0.,0.,1.));
#3336 = ORIENTED_EDGE('',*,*,#3337,.T.);
#3337 = EDGE_CURVE('',#3330,#3306,#3338,.T.);
#3338 = LINE('',#3339,#3340);
#3339 = CARTESIAN_POINT('',(-0.32,-4.76,8.38));
#3340 = VECTOR('',#3341,1.);
#3341 = DIRECTION('',(1.,0.,0.));
#3342 = PLANE('',#3343);
#3343 = AXIS2_PLACEMENT_3D('',#3344,#3345,#3346);
#3344 = CARTESIAN_POINT('',(-0.32,-4.76,-3.));
#3345 = DIRECTION('',(0.,1.,0.));
#3346 = DIRECTION('',(0.,-0.,1.));
#3347 = ADVANCED_FACE('',(#3348),#3366,.F.);
#3348 = FACE_BOUND('',#3349,.F.);
#3349 = EDGE_LOOP('',(#3350,#3358,#3359,#3360));
#3350 = ORIENTED_EDGE('',*,*,#3351,.F.);
#3351 = EDGE_CURVE('',#1869,#3352,#3354,.T.);
#3352 = VERTEX_POINT('',#3353);
#3353 = CARTESIAN_POINT('',(-0.32,-5.4,8.38));
#3354 = LINE('',#3355,#3356);
#3355 = CARTESIAN_POINT('',(-0.32,-5.4,-3.));
#3356 = VECTOR('',#3357,1.);
#3357 = DIRECTION('',(0.,0.,1.));
#3358 = ORIENTED_EDGE('',*,*,#1876,.T.);
#3359 = ORIENTED_EDGE('',*,*,#3329,.T.);
#3360 = ORIENTED_EDGE('',*,*,#3361,.F.);
#3361 = EDGE_CURVE('',#3352,#3330,#3362,.T.);
#3362 = LINE('',#3363,#3364);
#3363 = CARTESIAN_POINT('',(-0.32,-5.4,8.38));
#3364 = VECTOR('',#3365,1.);
#3365 = DIRECTION('',(0.,1.,0.));
#3366 = PLANE('',#3367);
#3367 = AXIS2_PLACEMENT_3D('',#3368,#3369,#3370);
#3368 = CARTESIAN_POINT('',(-0.32,-5.4,-3.));
#3369 = DIRECTION('',(1.,0.,0.));
#3370 = DIRECTION('',(0.,0.,1.));
#3371 = ADVANCED_FACE('',(#3372),#3383,.F.);
#3372 = FACE_BOUND('',#3373,.F.);
#3373 = EDGE_LOOP('',(#3374,#3375,#3376,#3377));
#3374 = ORIENTED_EDGE('',*,*,#3296,.F.);
#3375 = ORIENTED_EDGE('',*,*,#1868,.T.);
#3376 = ORIENTED_EDGE('',*,*,#3351,.T.);
#3377 = ORIENTED_EDGE('',*,*,#3378,.T.);
#3378 = EDGE_CURVE('',#3352,#3297,#3379,.T.);
#3379 = LINE('',#3380,#3381);
#3380 = CARTESIAN_POINT('',(-0.32,-5.4,8.38));
#3381 = VECTOR('',#3382,1.);
#3382 = DIRECTION('',(1.,0.,0.));
#3383 = PLANE('',#3384);
#3384 = AXIS2_PLACEMENT_3D('',#3385,#3386,#3387);
#3385 = CARTESIAN_POINT('',(-0.32,-5.4,-3.));
#3386 = DIRECTION('',(0.,1.,0.));
#3387 = DIRECTION('',(0.,-0.,1.));
#3388 = ADVANCED_FACE('',(#3389),#3414,.T.);
#3389 = FACE_BOUND('',#3390,.T.);
#3390 = EDGE_LOOP('',(#3391,#3399,#3400,#3408));
#3391 = ORIENTED_EDGE('',*,*,#3392,.F.);
#3392 = EDGE_CURVE('',#1893,#3393,#3395,.T.);
#3393 = VERTEX_POINT('',#3394);
#3394 = CARTESIAN_POINT('',(0.32,-2.86,8.38));
#3395 = LINE('',#3396,#3397);
#3396 = CARTESIAN_POINT('',(0.32,-2.86,-3.));
#3397 = VECTOR('',#3398,1.);
#3398 = DIRECTION('',(0.,0.,1.));
#3399 = ORIENTED_EDGE('',*,*,#1892,.T.);
#3400 = ORIENTED_EDGE('',*,*,#3401,.T.);
#3401 = EDGE_CURVE('',#1895,#3402,#3404,.T.);
#3402 = VERTEX_POINT('',#3403);
#3403 = CARTESIAN_POINT('',(0.32,-2.22,8.38));
#3404 = LINE('',#3405,#3406);
#3405 = CARTESIAN_POINT('',(0.32,-2.22,-3.));
#3406 = VECTOR('',#3407,1.);
#3407 = DIRECTION('',(0.,0.,1.));
#3408 = ORIENTED_EDGE('',*,*,#3409,.F.);
#3409 = EDGE_CURVE('',#3393,#3402,#3410,.T.);
#3410 = LINE('',#3411,#3412);
#3411 = CARTESIAN_POINT('',(0.32,-2.86,8.38));
#3412 = VECTOR('',#3413,1.);
#3413 = DIRECTION('',(0.,1.,0.));
#3414 = PLANE('',#3415);
#3415 = AXIS2_PLACEMENT_3D('',#3416,#3417,#3418);
#3416 = CARTESIAN_POINT('',(0.32,-2.86,-3.));
#3417 = DIRECTION('',(1.,0.,0.));
#3418 = DIRECTION('',(0.,0.,1.));
#3419 = ADVANCED_FACE('',(#3420),#3438,.T.);
#3420 = FACE_BOUND('',#3421,.T.);
#3421 = EDGE_LOOP('',(#3422,#3423,#3424,#3432));
#3422 = ORIENTED_EDGE('',*,*,#3401,.F.);
#3423 = ORIENTED_EDGE('',*,*,#1918,.T.);
#3424 = ORIENTED_EDGE('',*,*,#3425,.T.);
#3425 = EDGE_CURVE('',#1911,#3426,#3428,.T.);
#3426 = VERTEX_POINT('',#3427);
#3427 = CARTESIAN_POINT('',(-0.32,-2.22,8.38));
#3428 = LINE('',#3429,#3430);
#3429 = CARTESIAN_POINT('',(-0.32,-2.22,-3.));
#3430 = VECTOR('',#3431,1.);
#3431 = DIRECTION('',(0.,0.,1.));
#3432 = ORIENTED_EDGE('',*,*,#3433,.T.);
#3433 = EDGE_CURVE('',#3426,#3402,#3434,.T.);
#3434 = LINE('',#3435,#3436);
#3435 = CARTESIAN_POINT('',(-0.32,-2.22,8.38));
#3436 = VECTOR('',#3437,1.);
#3437 = DIRECTION('',(1.,0.,0.));
#3438 = PLANE('',#3439);
#3439 = AXIS2_PLACEMENT_3D('',#3440,#3441,#3442);
#3440 = CARTESIAN_POINT('',(-0.32,-2.22,-3.));
#3441 = DIRECTION('',(0.,1.,0.));
#3442 = DIRECTION('',(0.,-0.,1.));
#3443 = ADVANCED_FACE('',(#3444),#3462,.F.);
#3444 = FACE_BOUND('',#3445,.F.);
#3445 = EDGE_LOOP('',(#3446,#3454,#3455,#3456));
#3446 = ORIENTED_EDGE('',*,*,#3447,.F.);
#3447 = EDGE_CURVE('',#1903,#3448,#3450,.T.);
#3448 = VERTEX_POINT('',#3449);
#3449 = CARTESIAN_POINT('',(-0.32,-2.86,8.38));
#3450 = LINE('',#3451,#3452);
#3451 = CARTESIAN_POINT('',(-0.32,-2.86,-3.));
#3452 = VECTOR('',#3453,1.);
#3453 = DIRECTION('',(0.,0.,1.));
#3454 = ORIENTED_EDGE('',*,*,#1910,.T.);
#3455 = ORIENTED_EDGE('',*,*,#3425,.T.);
#3456 = ORIENTED_EDGE('',*,*,#3457,.F.);
#3457 = EDGE_CURVE('',#3448,#3426,#3458,.T.);
#3458 = LINE('',#3459,#3460);
#3459 = CARTESIAN_POINT('',(-0.32,-2.86,8.38));
#3460 = VECTOR('',#3461,1.);
#3461 = DIRECTION('',(0.,1.,0.));
#3462 = PLANE('',#3463);
#3463 = AXIS2_PLACEMENT_3D('',#3464,#3465,#3466);
#3464 = CARTESIAN_POINT('',(-0.32,-2.86,-3.));
#3465 = DIRECTION('',(1.,0.,0.));
#3466 = DIRECTION('',(0.,0.,1.));
#3467 = ADVANCED_FACE('',(#3468),#3479,.F.);
#3468 = FACE_BOUND('',#3469,.F.);
#3469 = EDGE_LOOP('',(#3470,#3471,#3472,#3473));
#3470 = ORIENTED_EDGE('',*,*,#3392,.F.);
#3471 = ORIENTED_EDGE('',*,*,#1902,.T.);
#3472 = ORIENTED_EDGE('',*,*,#3447,.T.);
#3473 = ORIENTED_EDGE('',*,*,#3474,.T.);
#3474 = EDGE_CURVE('',#3448,#3393,#3475,.T.);
#3475 = LINE('',#3476,#3477);
#3476 = CARTESIAN_POINT('',(-0.32,-2.86,8.38));
#3477 = VECTOR('',#3478,1.);
#3478 = DIRECTION('',(1.,0.,0.));
#3479 = PLANE('',#3480);
#3480 = AXIS2_PLACEMENT_3D('',#3481,#3482,#3483);
#3481 = CARTESIAN_POINT('',(-0.32,-2.86,-3.));
#3482 = DIRECTION('',(0.,1.,0.));
#3483 = DIRECTION('',(0.,-0.,1.));
#3484 = ADVANCED_FACE('',(#3485),#3510,.F.);
#3485 = FACE_BOUND('',#3486,.F.);
#3486 = EDGE_LOOP('',(#3487,#3495,#3496,#3504));
#3487 = ORIENTED_EDGE('',*,*,#3488,.F.);
#3488 = EDGE_CURVE('',#1927,#3489,#3491,.T.);
#3489 = VERTEX_POINT('',#3490);
#3490 = CARTESIAN_POINT('',(0.32,-13.02,8.38));
#3491 = LINE('',#3492,#3493);
#3492 = CARTESIAN_POINT('',(0.32,-13.02,-3.));
#3493 = VECTOR('',#3494,1.);
#3494 = DIRECTION('',(0.,0.,1.));
#3495 = ORIENTED_EDGE('',*,*,#1926,.T.);
#3496 = ORIENTED_EDGE('',*,*,#3497,.T.);
#3497 = EDGE_CURVE('',#1929,#3498,#3500,.T.);
#3498 = VERTEX_POINT('',#3499);
#3499 = CARTESIAN_POINT('',(-0.32,-13.02,8.38));
#3500 = LINE('',#3501,#3502);
#3501 = CARTESIAN_POINT('',(-0.32,-13.02,-3.));
#3502 = VECTOR('',#3503,1.);
#3503 = DIRECTION('',(0.,0.,1.));
#3504 = ORIENTED_EDGE('',*,*,#3505,.T.);
#3505 = EDGE_CURVE('',#3498,#3489,#3506,.T.);
#3506 = LINE('',#3507,#3508);
#3507 = CARTESIAN_POINT('',(-0.32,-13.02,8.38));
#3508 = VECTOR('',#3509,1.);
#3509 = DIRECTION('',(1.,0.,0.));
#3510 = PLANE('',#3511);
#3511 = AXIS2_PLACEMENT_3D('',#3512,#3513,#3514);
#3512 = CARTESIAN_POINT('',(-0.32,-13.02,-3.));
#3513 = DIRECTION('',(0.,1.,0.));
#3514 = DIRECTION('',(0.,-0.,1.));
#3515 = ADVANCED_FACE('',(#3516),#3534,.T.);
#3516 = FACE_BOUND('',#3517,.T.);
#3517 = EDGE_LOOP('',(#3518,#3519,#3520,#3528));
#3518 = ORIENTED_EDGE('',*,*,#3488,.F.);
#3519 = ORIENTED_EDGE('',*,*,#1952,.T.);
#3520 = ORIENTED_EDGE('',*,*,#3521,.T.);
#3521 = EDGE_CURVE('',#1945,#3522,#3524,.T.);
#3522 = VERTEX_POINT('',#3523);
#3523 = CARTESIAN_POINT('',(0.32,-12.38,8.38));
#3524 = LINE('',#3525,#3526);
#3525 = CARTESIAN_POINT('',(0.32,-12.38,-3.));
#3526 = VECTOR('',#3527,1.);
#3527 = DIRECTION('',(0.,0.,1.));
#3528 = ORIENTED_EDGE('',*,*,#3529,.F.);
#3529 = EDGE_CURVE('',#3489,#3522,#3530,.T.);
#3530 = LINE('',#3531,#3532);
#3531 = CARTESIAN_POINT('',(0.32,-13.02,8.38));
#3532 = VECTOR('',#3533,1.);
#3533 = DIRECTION('',(0.,1.,0.));
#3534 = PLANE('',#3535);
#3535 = AXIS2_PLACEMENT_3D('',#3536,#3537,#3538);
#3536 = CARTESIAN_POINT('',(0.32,-13.02,-3.));
#3537 = DIRECTION('',(1.,0.,0.));
#3538 = DIRECTION('',(0.,0.,1.));
#3539 = ADVANCED_FACE('',(#3540),#3558,.T.);
#3540 = FACE_BOUND('',#3541,.T.);
#3541 = EDGE_LOOP('',(#3542,#3543,#3544,#3552));
#3542 = ORIENTED_EDGE('',*,*,#3521,.F.);
#3543 = ORIENTED_EDGE('',*,*,#1944,.T.);
#3544 = ORIENTED_EDGE('',*,*,#3545,.T.);
#3545 = EDGE_CURVE('',#1937,#3546,#3548,.T.);
#3546 = VERTEX_POINT('',#3547);
#3547 = CARTESIAN_POINT('',(-0.32,-12.38,8.38));
#3548 = LINE('',#3549,#3550);
#3549 = CARTESIAN_POINT('',(-0.32,-12.38,-3.));
#3550 = VECTOR('',#3551,1.);
#3551 = DIRECTION('',(0.,0.,1.));
#3552 = ORIENTED_EDGE('',*,*,#3553,.T.);
#3553 = EDGE_CURVE('',#3546,#3522,#3554,.T.);
#3554 = LINE('',#3555,#3556);
#3555 = CARTESIAN_POINT('',(-0.32,-12.38,8.38));
#3556 = VECTOR('',#3557,1.);
#3557 = DIRECTION('',(1.,0.,0.));
#3558 = PLANE('',#3559);
#3559 = AXIS2_PLACEMENT_3D('',#3560,#3561,#3562);
#3560 = CARTESIAN_POINT('',(-0.32,-12.38,-3.));
#3561 = DIRECTION('',(0.,1.,0.));
#3562 = DIRECTION('',(0.,-0.,1.));
#3563 = ADVANCED_FACE('',(#3564),#3575,.F.);
#3564 = FACE_BOUND('',#3565,.F.);
#3565 = EDGE_LOOP('',(#3566,#3567,#3568,#3569));
#3566 = ORIENTED_EDGE('',*,*,#3497,.F.);
#3567 = ORIENTED_EDGE('',*,*,#1936,.T.);
#3568 = ORIENTED_EDGE('',*,*,#3545,.T.);
#3569 = ORIENTED_EDGE('',*,*,#3570,.F.);
#3570 = EDGE_CURVE('',#3498,#3546,#3571,.T.);
#3571 = LINE('',#3572,#3573);
#3572 = CARTESIAN_POINT('',(-0.32,-13.02,8.38));
#3573 = VECTOR('',#3574,1.);
#3574 = DIRECTION('',(0.,1.,0.));
#3575 = PLANE('',#3576);
#3576 = AXIS2_PLACEMENT_3D('',#3577,#3578,#3579);
#3577 = CARTESIAN_POINT('',(-0.32,-13.02,-3.));
#3578 = DIRECTION('',(1.,0.,0.));
#3579 = DIRECTION('',(0.,0.,1.));
#3580 = ADVANCED_FACE('',(#3581),#3606,.T.);
#3581 = FACE_BOUND('',#3582,.T.);
#3582 = EDGE_LOOP('',(#3583,#3591,#3592,#3600));
#3583 = ORIENTED_EDGE('',*,*,#3584,.F.);
#3584 = EDGE_CURVE('',#1961,#3585,#3587,.T.);
#3585 = VERTEX_POINT('',#3586);
#3586 = CARTESIAN_POINT('',(0.32,-9.84,8.38));
#3587 = LINE('',#3588,#3589);
#3588 = CARTESIAN_POINT('',(0.32,-9.84,-3.));
#3589 = VECTOR('',#3590,1.);
#3590 = DIRECTION('',(0.,0.,1.));
#3591 = ORIENTED_EDGE('',*,*,#1960,.T.);
#3592 = ORIENTED_EDGE('',*,*,#3593,.T.);
#3593 = EDGE_CURVE('',#1963,#3594,#3596,.T.);
#3594 = VERTEX_POINT('',#3595);
#3595 = CARTESIAN_POINT('',(-0.32,-9.84,8.38));
#3596 = LINE('',#3597,#3598);
#3597 = CARTESIAN_POINT('',(-0.32,-9.84,-3.));
#3598 = VECTOR('',#3599,1.);
#3599 = DIRECTION('',(0.,0.,1.));
#3600 = ORIENTED_EDGE('',*,*,#3601,.T.);
#3601 = EDGE_CURVE('',#3594,#3585,#3602,.T.);
#3602 = LINE('',#3603,#3604);
#3603 = CARTESIAN_POINT('',(-0.32,-9.84,8.38));
#3604 = VECTOR('',#3605,1.);
#3605 = DIRECTION('',(1.,0.,0.));
#3606 = PLANE('',#3607);
#3607 = AXIS2_PLACEMENT_3D('',#3608,#3609,#3610);
#3608 = CARTESIAN_POINT('',(-0.32,-9.84,-3.));
#3609 = DIRECTION('',(0.,1.,0.));
#3610 = DIRECTION('',(0.,-0.,1.));
#3611 = ADVANCED_FACE('',(#3612),#3630,.F.);
#3612 = FACE_BOUND('',#3613,.F.);
#3613 = EDGE_LOOP('',(#3614,#3622,#3623,#3624));
#3614 = ORIENTED_EDGE('',*,*,#3615,.F.);
#3615 = EDGE_CURVE('',#1979,#3616,#3618,.T.);
#3616 = VERTEX_POINT('',#3617);
#3617 = CARTESIAN_POINT('',(-0.32,-10.48,8.38));
#3618 = LINE('',#3619,#3620);
#3619 = CARTESIAN_POINT('',(-0.32,-10.48,-3.));
#3620 = VECTOR('',#3621,1.);
#3621 = DIRECTION('',(0.,0.,1.));
#3622 = ORIENTED_EDGE('',*,*,#1986,.T.);
#3623 = ORIENTED_EDGE('',*,*,#3593,.T.);
#3624 = ORIENTED_EDGE('',*,*,#3625,.F.);
#3625 = EDGE_CURVE('',#3616,#3594,#3626,.T.);
#3626 = LINE('',#3627,#3628);
#3627 = CARTESIAN_POINT('',(-0.32,-10.48,8.38));
#3628 = VECTOR('',#3629,1.);
#3629 = DIRECTION('',(0.,1.,0.));
#3630 = PLANE('',#3631);
#3631 = AXIS2_PLACEMENT_3D('',#3632,#3633,#3634);
#3632 = CARTESIAN_POINT('',(-0.32,-10.48,-3.));
#3633 = DIRECTION('',(1.,0.,0.));
#3634 = DIRECTION('',(0.,0.,1.));
#3635 = ADVANCED_FACE('',(#3636),#3654,.F.);
#3636 = FACE_BOUND('',#3637,.F.);
#3637 = EDGE_LOOP('',(#3638,#3646,#3647,#3648));
#3638 = ORIENTED_EDGE('',*,*,#3639,.F.);
#3639 = EDGE_CURVE('',#1971,#3640,#3642,.T.);
#3640 = VERTEX_POINT('',#3641);
#3641 = CARTESIAN_POINT('',(0.32,-10.48,8.38));
#3642 = LINE('',#3643,#3644);
#3643 = CARTESIAN_POINT('',(0.32,-10.48,-3.));
#3644 = VECTOR('',#3645,1.);
#3645 = DIRECTION('',(0.,0.,1.));
#3646 = ORIENTED_EDGE('',*,*,#1978,.T.);
#3647 = ORIENTED_EDGE('',*,*,#3615,.T.);
#3648 = ORIENTED_EDGE('',*,*,#3649,.T.);
#3649 = EDGE_CURVE('',#3616,#3640,#3650,.T.);
#3650 = LINE('',#3651,#3652);
#3651 = CARTESIAN_POINT('',(-0.32,-10.48,8.38));
#3652 = VECTOR('',#3653,1.);
#3653 = DIRECTION('',(1.,0.,0.));
#3654 = PLANE('',#3655);
#3655 = AXIS2_PLACEMENT_3D('',#3656,#3657,#3658);
#3656 = CARTESIAN_POINT('',(-0.32,-10.48,-3.));
#3657 = DIRECTION('',(0.,1.,0.));
#3658 = DIRECTION('',(0.,-0.,1.));
#3659 = ADVANCED_FACE('',(#3660),#3671,.T.);
#3660 = FACE_BOUND('',#3661,.T.);
#3661 = EDGE_LOOP('',(#3662,#3663,#3664,#3665));
#3662 = ORIENTED_EDGE('',*,*,#3639,.F.);
#3663 = ORIENTED_EDGE('',*,*,#1970,.T.);
#3664 = ORIENTED_EDGE('',*,*,#3584,.T.);
#3665 = ORIENTED_EDGE('',*,*,#3666,.F.);
#3666 = EDGE_CURVE('',#3640,#3585,#3667,.T.);
#3667 = LINE('',#3668,#3669);
#3668 = CARTESIAN_POINT('',(0.32,-10.48,8.38));
#3669 = VECTOR('',#3670,1.);
#3670 = DIRECTION('',(0.,1.,0.));
#3671 = PLANE('',#3672);
#3672 = AXIS2_PLACEMENT_3D('',#3673,#3674,#3675);
#3673 = CARTESIAN_POINT('',(0.32,-10.48,-3.));
#3674 = DIRECTION('',(1.,0.,0.));
#3675 = DIRECTION('',(0.,0.,1.));
#3676 = ADVANCED_FACE('',(#3677),#3702,.F.);
#3677 = FACE_BOUND('',#3678,.F.);
#3678 = EDGE_LOOP('',(#3679,#3687,#3688,#3696));
#3679 = ORIENTED_EDGE('',*,*,#3680,.F.);
#3680 = EDGE_CURVE('',#1995,#3681,#3683,.T.);
#3681 = VERTEX_POINT('',#3682);
#3682 = CARTESIAN_POINT('',(0.32,-7.94,8.38));
#3683 = LINE('',#3684,#3685);
#3684 = CARTESIAN_POINT('',(0.32,-7.94,-3.));
#3685 = VECTOR('',#3686,1.);
#3686 = DIRECTION('',(0.,0.,1.));
#3687 = ORIENTED_EDGE('',*,*,#1994,.T.);
#3688 = ORIENTED_EDGE('',*,*,#3689,.T.);
#3689 = EDGE_CURVE('',#1997,#3690,#3692,.T.);
#3690 = VERTEX_POINT('',#3691);
#3691 = CARTESIAN_POINT('',(-0.32,-7.94,8.38));
#3692 = LINE('',#3693,#3694);
#3693 = CARTESIAN_POINT('',(-0.32,-7.94,-3.));
#3694 = VECTOR('',#3695,1.);
#3695 = DIRECTION('',(0.,0.,1.));
#3696 = ORIENTED_EDGE('',*,*,#3697,.T.);
#3697 = EDGE_CURVE('',#3690,#3681,#3698,.T.);
#3698 = LINE('',#3699,#3700);
#3699 = CARTESIAN_POINT('',(-0.32,-7.94,8.38));
#3700 = VECTOR('',#3701,1.);
#3701 = DIRECTION('',(1.,0.,0.));
#3702 = PLANE('',#3703);
#3703 = AXIS2_PLACEMENT_3D('',#3704,#3705,#3706);
#3704 = CARTESIAN_POINT('',(-0.32,-7.94,-3.));
#3705 = DIRECTION('',(0.,1.,0.));
#3706 = DIRECTION('',(0.,-0.,1.));
#3707 = ADVANCED_FACE('',(#3708),#3726,.T.);
#3708 = FACE_BOUND('',#3709,.T.);
#3709 = EDGE_LOOP('',(#3710,#3711,#3712,#3720));
#3710 = ORIENTED_EDGE('',*,*,#3680,.F.);
#3711 = ORIENTED_EDGE('',*,*,#2020,.T.);
#3712 = ORIENTED_EDGE('',*,*,#3713,.T.);
#3713 = EDGE_CURVE('',#2013,#3714,#3716,.T.);
#3714 = VERTEX_POINT('',#3715);
#3715 = CARTESIAN_POINT('',(0.32,-7.3,8.38));
#3716 = LINE('',#3717,#3718);
#3717 = CARTESIAN_POINT('',(0.32,-7.3,-3.));
#3718 = VECTOR('',#3719,1.);
#3719 = DIRECTION('',(0.,0.,1.));
#3720 = ORIENTED_EDGE('',*,*,#3721,.F.);
#3721 = EDGE_CURVE('',#3681,#3714,#3722,.T.);
#3722 = LINE('',#3723,#3724);
#3723 = CARTESIAN_POINT('',(0.32,-7.94,8.38));
#3724 = VECTOR('',#3725,1.);
#3725 = DIRECTION('',(0.,1.,0.));
#3726 = PLANE('',#3727);
#3727 = AXIS2_PLACEMENT_3D('',#3728,#3729,#3730);
#3728 = CARTESIAN_POINT('',(0.32,-7.94,-3.));
#3729 = DIRECTION('',(1.,0.,0.));
#3730 = DIRECTION('',(0.,0.,1.));
#3731 = ADVANCED_FACE('',(#3732),#3750,.T.);
#3732 = FACE_BOUND('',#3733,.T.);
#3733 = EDGE_LOOP('',(#3734,#3735,#3736,#3744));
#3734 = ORIENTED_EDGE('',*,*,#3713,.F.);
#3735 = ORIENTED_EDGE('',*,*,#2012,.T.);
#3736 = ORIENTED_EDGE('',*,*,#3737,.T.);
#3737 = EDGE_CURVE('',#2005,#3738,#3740,.T.);
#3738 = VERTEX_POINT('',#3739);
#3739 = CARTESIAN_POINT('',(-0.32,-7.3,8.38));
#3740 = LINE('',#3741,#3742);
#3741 = CARTESIAN_POINT('',(-0.32,-7.3,-3.));
#3742 = VECTOR('',#3743,1.);
#3743 = DIRECTION('',(0.,0.,1.));
#3744 = ORIENTED_EDGE('',*,*,#3745,.T.);
#3745 = EDGE_CURVE('',#3738,#3714,#3746,.T.);
#3746 = LINE('',#3747,#3748);
#3747 = CARTESIAN_POINT('',(-0.32,-7.3,8.38));
#3748 = VECTOR('',#3749,1.);
#3749 = DIRECTION('',(1.,0.,0.));
#3750 = PLANE('',#3751);
#3751 = AXIS2_PLACEMENT_3D('',#3752,#3753,#3754);
#3752 = CARTESIAN_POINT('',(-0.32,-7.3,-3.));
#3753 = DIRECTION('',(0.,1.,0.));
#3754 = DIRECTION('',(0.,-0.,1.));
#3755 = ADVANCED_FACE('',(#3756),#3767,.F.);
#3756 = FACE_BOUND('',#3757,.F.);
#3757 = EDGE_LOOP('',(#3758,#3759,#3760,#3761));
#3758 = ORIENTED_EDGE('',*,*,#3689,.F.);
#3759 = ORIENTED_EDGE('',*,*,#2004,.T.);
#3760 = ORIENTED_EDGE('',*,*,#3737,.T.);
#3761 = ORIENTED_EDGE('',*,*,#3762,.F.);
#3762 = EDGE_CURVE('',#3690,#3738,#3763,.T.);
#3763 = LINE('',#3764,#3765);
#3764 = CARTESIAN_POINT('',(-0.32,-7.94,8.38));
#3765 = VECTOR('',#3766,1.);
#3766 = DIRECTION('',(0.,1.,0.));
#3767 = PLANE('',#3768);
#3768 = AXIS2_PLACEMENT_3D('',#3769,#3770,#3771);
#3769 = CARTESIAN_POINT('',(-0.32,-7.94,-3.));
#3770 = DIRECTION('',(1.,0.,0.));
#3771 = DIRECTION('',(0.,0.,1.));
#3772 = ADVANCED_FACE('',(#3773),#3798,.F.);
#3773 = FACE_BOUND('',#3774,.F.);
#3774 = EDGE_LOOP('',(#3775,#3783,#3784,#3792));
#3775 = ORIENTED_EDGE('',*,*,#3776,.F.);
#3776 = EDGE_CURVE('',#2625,#3777,#3779,.T.);
#3777 = VERTEX_POINT('',#3778);
#3778 = CARTESIAN_POINT('',(0.16,-0.16,-3.));
#3779 = LINE('',#3780,#3781);
#3780 = CARTESIAN_POINT('',(0.16,-0.16,-3.));
#3781 = VECTOR('',#3782,1.);
#3782 = DIRECTION('',(-0.57735026919,0.57735026919,-0.57735026919));
#3783 = ORIENTED_EDGE('',*,*,#2632,.T.);
#3784 = ORIENTED_EDGE('',*,*,#3785,.T.);
#3785 = EDGE_CURVE('',#2633,#3786,#3788,.T.);
#3786 = VERTEX_POINT('',#3787);
#3787 = CARTESIAN_POINT('',(0.16,0.16,-3.));
#3788 = LINE('',#3789,#3790);
#3789 = CARTESIAN_POINT('',(5.333333333333E-02,5.333333333333E-02,
    -3.106666666667));
#3790 = VECTOR('',#3791,1.);
#3791 = DIRECTION('',(-0.57735026919,-0.57735026919,-0.57735026919));
#3792 = ORIENTED_EDGE('',*,*,#3793,.F.);
#3793 = EDGE_CURVE('',#3777,#3786,#3794,.T.);
#3794 = LINE('',#3795,#3796);
#3795 = CARTESIAN_POINT('',(0.16,-0.32,-3.));
#3796 = VECTOR('',#3797,1.);
#3797 = DIRECTION('',(0.,1.,0.));
#3798 = PLANE('',#3799);
#3799 = AXIS2_PLACEMENT_3D('',#3800,#3801,#3802);
#3800 = CARTESIAN_POINT('',(0.24,-0.32,-2.92));
#3801 = DIRECTION('',(-0.707106781187,1.735167508357E-18,0.707106781187)
  );
#3802 = DIRECTION('',(1.226948711654E-18,1.,-1.226948711654E-18));
#3803 = ADVANCED_FACE('',(#3804),#3822,.F.);
#3804 = FACE_BOUND('',#3805,.T.);
#3805 = EDGE_LOOP('',(#3806,#3814,#3815,#3816));
#3806 = ORIENTED_EDGE('',*,*,#3807,.F.);
#3807 = EDGE_CURVE('',#2657,#3808,#3810,.T.);
#3808 = VERTEX_POINT('',#3809);
#3809 = CARTESIAN_POINT('',(-0.16,0.16,-3.));
#3810 = LINE('',#3811,#3812);
#3811 = CARTESIAN_POINT('',(-0.16,0.16,-3.));
#3812 = VECTOR('',#3813,1.);
#3813 = DIRECTION('',(0.57735026919,-0.57735026919,-0.57735026919));
#3814 = ORIENTED_EDGE('',*,*,#2656,.T.);
#3815 = ORIENTED_EDGE('',*,*,#3785,.T.);
#3816 = ORIENTED_EDGE('',*,*,#3817,.F.);
#3817 = EDGE_CURVE('',#3808,#3786,#3818,.T.);
#3818 = LINE('',#3819,#3820);
#3819 = CARTESIAN_POINT('',(-0.32,0.16,-3.));
#3820 = VECTOR('',#3821,1.);
#3821 = DIRECTION('',(1.,0.,0.));
#3822 = PLANE('',#3823);
#3823 = AXIS2_PLACEMENT_3D('',#3824,#3825,#3826);
#3824 = CARTESIAN_POINT('',(-0.32,0.24,-2.92));
#3825 = DIRECTION('',(-1.735167508357E-18,-0.707106781187,0.707106781187
    ));
#3826 = DIRECTION('',(-1.,1.226948711654E-18,-1.226948711654E-18));
#3827 = ADVANCED_FACE('',(#3828),#3846,.T.);
#3828 = FACE_BOUND('',#3829,.T.);
#3829 = EDGE_LOOP('',(#3830,#3838,#3839,#3840));
#3830 = ORIENTED_EDGE('',*,*,#3831,.F.);
#3831 = EDGE_CURVE('',#2680,#3832,#3834,.T.);
#3832 = VERTEX_POINT('',#3833);
#3833 = CARTESIAN_POINT('',(-0.16,-0.16,-3.));
#3834 = LINE('',#3835,#3836);
#3835 = CARTESIAN_POINT('',(-0.266666666667,-0.266666666667,
    -2.893333333333));
#3836 = VECTOR('',#3837,1.);
#3837 = DIRECTION('',(0.57735026919,0.57735026919,-0.57735026919));
#3838 = ORIENTED_EDGE('',*,*,#2687,.T.);
#3839 = ORIENTED_EDGE('',*,*,#3807,.T.);
#3840 = ORIENTED_EDGE('',*,*,#3841,.F.);
#3841 = EDGE_CURVE('',#3832,#3808,#3842,.T.);
#3842 = LINE('',#3843,#3844);
#3843 = CARTESIAN_POINT('',(-0.16,-0.32,-3.));
#3844 = VECTOR('',#3845,1.);
#3845 = DIRECTION('',(0.,1.,0.));
#3846 = PLANE('',#3847);
#3847 = AXIS2_PLACEMENT_3D('',#3848,#3849,#3850);
#3848 = CARTESIAN_POINT('',(-0.24,-0.32,-2.92));
#3849 = DIRECTION('',(-0.707106781187,-1.735167508357E-18,
    -0.707106781187));
#3850 = DIRECTION('',(-1.226948711654E-18,1.,-1.226948711654E-18));
#3851 = ADVANCED_FACE('',(#3852),#3863,.T.);
#3852 = FACE_BOUND('',#3853,.F.);
#3853 = EDGE_LOOP('',(#3854,#3855,#3856,#3857));
#3854 = ORIENTED_EDGE('',*,*,#3831,.F.);
#3855 = ORIENTED_EDGE('',*,*,#2704,.T.);
#3856 = ORIENTED_EDGE('',*,*,#3776,.T.);
#3857 = ORIENTED_EDGE('',*,*,#3858,.F.);
#3858 = EDGE_CURVE('',#3832,#3777,#3859,.T.);
#3859 = LINE('',#3860,#3861);
#3860 = CARTESIAN_POINT('',(-0.32,-0.16,-3.));
#3861 = VECTOR('',#3862,1.);
#3862 = DIRECTION('',(1.,0.,0.));
#3863 = PLANE('',#3864);
#3864 = AXIS2_PLACEMENT_3D('',#3865,#3866,#3867);
#3865 = CARTESIAN_POINT('',(-0.32,-0.24,-2.92));
#3866 = DIRECTION('',(1.735167508357E-18,-0.707106781187,-0.707106781187
    ));
#3867 = DIRECTION('',(-1.,-1.226948711654E-18,-1.226948711654E-18));
#3868 = ADVANCED_FACE('',(#3869),#3894,.F.);
#3869 = FACE_BOUND('',#3870,.F.);
#3870 = EDGE_LOOP('',(#3871,#3879,#3880,#3888));
#3871 = ORIENTED_EDGE('',*,*,#3872,.F.);
#3872 = EDGE_CURVE('',#2721,#3873,#3875,.T.);
#3873 = VERTEX_POINT('',#3874);
#3874 = CARTESIAN_POINT('',(0.16,-5.24,-3.));
#3875 = LINE('',#3876,#3877);
#3876 = CARTESIAN_POINT('',(0.16,-5.24,-3.));
#3877 = VECTOR('',#3878,1.);
#3878 = DIRECTION('',(-0.57735026919,0.57735026919,-0.57735026919));
#3879 = ORIENTED_EDGE('',*,*,#2728,.T.);
#3880 = ORIENTED_EDGE('',*,*,#3881,.T.);
#3881 = EDGE_CURVE('',#2729,#3882,#3884,.T.);
#3882 = VERTEX_POINT('',#3883);
#3883 = CARTESIAN_POINT('',(0.16,-4.92,-3.));
#3884 = LINE('',#3885,#3886);
#3885 = CARTESIAN_POINT('',(5.333333333333E-02,-5.026666666667,
    -3.106666666667));
#3886 = VECTOR('',#3887,1.);
#3887 = DIRECTION('',(-0.57735026919,-0.57735026919,-0.57735026919));
#3888 = ORIENTED_EDGE('',*,*,#3889,.F.);
#3889 = EDGE_CURVE('',#3873,#3882,#3890,.T.);
#3890 = LINE('',#3891,#3892);
#3891 = CARTESIAN_POINT('',(0.16,-5.4,-3.));
#3892 = VECTOR('',#3893,1.);
#3893 = DIRECTION('',(0.,1.,0.));
#3894 = PLANE('',#3895);
#3895 = AXIS2_PLACEMENT_3D('',#3896,#3897,#3898);
#3896 = CARTESIAN_POINT('',(0.24,-5.4,-2.92));
#3897 = DIRECTION('',(-0.707106781187,1.735167508357E-18,0.707106781187)
  );
#3898 = DIRECTION('',(1.226948711654E-18,1.,-1.226948711654E-18));
#3899 = ADVANCED_FACE('',(#3900),#3918,.F.);
#3900 = FACE_BOUND('',#3901,.T.);
#3901 = EDGE_LOOP('',(#3902,#3910,#3911,#3912));
#3902 = ORIENTED_EDGE('',*,*,#3903,.F.);
#3903 = EDGE_CURVE('',#2753,#3904,#3906,.T.);
#3904 = VERTEX_POINT('',#3905);
#3905 = CARTESIAN_POINT('',(-0.16,-4.92,-3.));
#3906 = LINE('',#3907,#3908);
#3907 = CARTESIAN_POINT('',(-0.16,-4.92,-3.));
#3908 = VECTOR('',#3909,1.);
#3909 = DIRECTION('',(0.57735026919,-0.57735026919,-0.57735026919));
#3910 = ORIENTED_EDGE('',*,*,#2752,.T.);
#3911 = ORIENTED_EDGE('',*,*,#3881,.T.);
#3912 = ORIENTED_EDGE('',*,*,#3913,.F.);
#3913 = EDGE_CURVE('',#3904,#3882,#3914,.T.);
#3914 = LINE('',#3915,#3916);
#3915 = CARTESIAN_POINT('',(-0.32,-4.92,-3.));
#3916 = VECTOR('',#3917,1.);
#3917 = DIRECTION('',(1.,0.,0.));
#3918 = PLANE('',#3919);
#3919 = AXIS2_PLACEMENT_3D('',#3920,#3921,#3922);
#3920 = CARTESIAN_POINT('',(-0.32,-4.84,-2.92));
#3921 = DIRECTION('',(-1.735167508357E-18,-0.707106781187,0.707106781187
    ));
#3922 = DIRECTION('',(-1.,1.226948711654E-18,-1.226948711654E-18));
#3923 = ADVANCED_FACE('',(#3924),#3942,.T.);
#3924 = FACE_BOUND('',#3925,.T.);
#3925 = EDGE_LOOP('',(#3926,#3934,#3935,#3936));
#3926 = ORIENTED_EDGE('',*,*,#3927,.F.);
#3927 = EDGE_CURVE('',#2776,#3928,#3930,.T.);
#3928 = VERTEX_POINT('',#3929);
#3929 = CARTESIAN_POINT('',(-0.16,-5.24,-3.));
#3930 = LINE('',#3931,#3932);
#3931 = CARTESIAN_POINT('',(-0.266666666667,-5.346666666667,
    -2.893333333333));
#3932 = VECTOR('',#3933,1.);
#3933 = DIRECTION('',(0.57735026919,0.57735026919,-0.57735026919));
#3934 = ORIENTED_EDGE('',*,*,#2783,.T.);
#3935 = ORIENTED_EDGE('',*,*,#3903,.T.);
#3936 = ORIENTED_EDGE('',*,*,#3937,.F.);
#3937 = EDGE_CURVE('',#3928,#3904,#3938,.T.);
#3938 = LINE('',#3939,#3940);
#3939 = CARTESIAN_POINT('',(-0.16,-5.4,-3.));
#3940 = VECTOR('',#3941,1.);
#3941 = DIRECTION('',(0.,1.,0.));
#3942 = PLANE('',#3943);
#3943 = AXIS2_PLACEMENT_3D('',#3944,#3945,#3946);
#3944 = CARTESIAN_POINT('',(-0.24,-5.4,-2.92));
#3945 = DIRECTION('',(-0.707106781187,-1.735167508357E-18,
    -0.707106781187));
#3946 = DIRECTION('',(-1.226948711654E-18,1.,-1.226948711654E-18));
#3947 = ADVANCED_FACE('',(#3948),#3959,.T.);
#3948 = FACE_BOUND('',#3949,.F.);
#3949 = EDGE_LOOP('',(#3950,#3951,#3952,#3953));
#3950 = ORIENTED_EDGE('',*,*,#3927,.F.);
#3951 = ORIENTED_EDGE('',*,*,#2800,.T.);
#3952 = ORIENTED_EDGE('',*,*,#3872,.T.);
#3953 = ORIENTED_EDGE('',*,*,#3954,.F.);
#3954 = EDGE_CURVE('',#3928,#3873,#3955,.T.);
#3955 = LINE('',#3956,#3957);
#3956 = CARTESIAN_POINT('',(-0.32,-5.24,-3.));
#3957 = VECTOR('',#3958,1.);
#3958 = DIRECTION('',(1.,0.,0.));
#3959 = PLANE('',#3960);
#3960 = AXIS2_PLACEMENT_3D('',#3961,#3962,#3963);
#3961 = CARTESIAN_POINT('',(-0.32,-5.32,-2.92));
#3962 = DIRECTION('',(1.735167508357E-18,-0.707106781187,-0.707106781187
    ));
#3963 = DIRECTION('',(-1.,-1.226948711654E-18,-1.226948711654E-18));
#3964 = ADVANCED_FACE('',(#3965),#3990,.F.);
#3965 = FACE_BOUND('',#3966,.F.);
#3966 = EDGE_LOOP('',(#3967,#3975,#3976,#3984));
#3967 = ORIENTED_EDGE('',*,*,#3968,.F.);
#3968 = EDGE_CURVE('',#2817,#3969,#3971,.T.);
#3969 = VERTEX_POINT('',#3970);
#3970 = CARTESIAN_POINT('',(0.16,-2.7,-3.));
#3971 = LINE('',#3972,#3973);
#3972 = CARTESIAN_POINT('',(0.16,-2.7,-3.));
#3973 = VECTOR('',#3974,1.);
#3974 = DIRECTION('',(-0.57735026919,0.57735026919,-0.57735026919));
#3975 = ORIENTED_EDGE('',*,*,#2824,.T.);
#3976 = ORIENTED_EDGE('',*,*,#3977,.T.);
#3977 = EDGE_CURVE('',#2825,#3978,#3980,.T.);
#3978 = VERTEX_POINT('',#3979);
#3979 = CARTESIAN_POINT('',(0.16,-2.38,-3.));
#3980 = LINE('',#3981,#3982);
#3981 = CARTESIAN_POINT('',(5.333333333333E-02,-2.486666666667,
    -3.106666666667));
#3982 = VECTOR('',#3983,1.);
#3983 = DIRECTION('',(-0.57735026919,-0.57735026919,-0.57735026919));
#3984 = ORIENTED_EDGE('',*,*,#3985,.F.);
#3985 = EDGE_CURVE('',#3969,#3978,#3986,.T.);
#3986 = LINE('',#3987,#3988);
#3987 = CARTESIAN_POINT('',(0.16,-2.86,-3.));
#3988 = VECTOR('',#3989,1.);
#3989 = DIRECTION('',(0.,1.,0.));
#3990 = PLANE('',#3991);
#3991 = AXIS2_PLACEMENT_3D('',#3992,#3993,#3994);
#3992 = CARTESIAN_POINT('',(0.24,-2.86,-2.92));
#3993 = DIRECTION('',(-0.707106781187,1.735167508357E-18,0.707106781187)
  );
#3994 = DIRECTION('',(1.226948711654E-18,1.,-1.226948711654E-18));
#3995 = ADVANCED_FACE('',(#3996),#4014,.F.);
#3996 = FACE_BOUND('',#3997,.T.);
#3997 = EDGE_LOOP('',(#3998,#4006,#4007,#4008));
#3998 = ORIENTED_EDGE('',*,*,#3999,.F.);
#3999 = EDGE_CURVE('',#2849,#4000,#4002,.T.);
#4000 = VERTEX_POINT('',#4001);
#4001 = CARTESIAN_POINT('',(-0.16,-2.38,-3.));
#4002 = LINE('',#4003,#4004);
#4003 = CARTESIAN_POINT('',(-0.16,-2.38,-3.));
#4004 = VECTOR('',#4005,1.);
#4005 = DIRECTION('',(0.57735026919,-0.57735026919,-0.57735026919));
#4006 = ORIENTED_EDGE('',*,*,#2848,.T.);
#4007 = ORIENTED_EDGE('',*,*,#3977,.T.);
#4008 = ORIENTED_EDGE('',*,*,#4009,.F.);
#4009 = EDGE_CURVE('',#4000,#3978,#4010,.T.);
#4010 = LINE('',#4011,#4012);
#4011 = CARTESIAN_POINT('',(-0.32,-2.38,-3.));
#4012 = VECTOR('',#4013,1.);
#4013 = DIRECTION('',(1.,0.,0.));
#4014 = PLANE('',#4015);
#4015 = AXIS2_PLACEMENT_3D('',#4016,#4017,#4018);
#4016 = CARTESIAN_POINT('',(-0.32,-2.3,-2.92));
#4017 = DIRECTION('',(-1.735167508357E-18,-0.707106781187,0.707106781187
    ));
#4018 = DIRECTION('',(-1.,1.226948711654E-18,-1.226948711654E-18));
#4019 = ADVANCED_FACE('',(#4020),#4038,.T.);
#4020 = FACE_BOUND('',#4021,.T.);
#4021 = EDGE_LOOP('',(#4022,#4030,#4031,#4032));
#4022 = ORIENTED_EDGE('',*,*,#4023,.F.);
#4023 = EDGE_CURVE('',#2872,#4024,#4026,.T.);
#4024 = VERTEX_POINT('',#4025);
#4025 = CARTESIAN_POINT('',(-0.16,-2.7,-3.));
#4026 = LINE('',#4027,#4028);
#4027 = CARTESIAN_POINT('',(-0.266666666667,-2.806666666667,
    -2.893333333333));
#4028 = VECTOR('',#4029,1.);
#4029 = DIRECTION('',(0.57735026919,0.57735026919,-0.57735026919));
#4030 = ORIENTED_EDGE('',*,*,#2879,.T.);
#4031 = ORIENTED_EDGE('',*,*,#3999,.T.);
#4032 = ORIENTED_EDGE('',*,*,#4033,.F.);
#4033 = EDGE_CURVE('',#4024,#4000,#4034,.T.);
#4034 = LINE('',#4035,#4036);
#4035 = CARTESIAN_POINT('',(-0.16,-2.86,-3.));
#4036 = VECTOR('',#4037,1.);
#4037 = DIRECTION('',(0.,1.,0.));
#4038 = PLANE('',#4039);
#4039 = AXIS2_PLACEMENT_3D('',#4040,#4041,#4042);
#4040 = CARTESIAN_POINT('',(-0.24,-2.86,-2.92));
#4041 = DIRECTION('',(-0.707106781187,-1.735167508357E-18,
    -0.707106781187));
#4042 = DIRECTION('',(-1.226948711654E-18,1.,-1.226948711654E-18));
#4043 = ADVANCED_FACE('',(#4044),#4055,.T.);
#4044 = FACE_BOUND('',#4045,.F.);
#4045 = EDGE_LOOP('',(#4046,#4047,#4048,#4049));
#4046 = ORIENTED_EDGE('',*,*,#4023,.F.);
#4047 = ORIENTED_EDGE('',*,*,#2896,.T.);
#4048 = ORIENTED_EDGE('',*,*,#3968,.T.);
#4049 = ORIENTED_EDGE('',*,*,#4050,.F.);
#4050 = EDGE_CURVE('',#4024,#3969,#4051,.T.);
#4051 = LINE('',#4052,#4053);
#4052 = CARTESIAN_POINT('',(-0.32,-2.7,-3.));
#4053 = VECTOR('',#4054,1.);
#4054 = DIRECTION('',(1.,0.,0.));
#4055 = PLANE('',#4056);
#4056 = AXIS2_PLACEMENT_3D('',#4057,#4058,#4059);
#4057 = CARTESIAN_POINT('',(-0.32,-2.78,-2.92));
#4058 = DIRECTION('',(1.735167508357E-18,-0.707106781187,-0.707106781187
    ));
#4059 = DIRECTION('',(-1.,-1.226948711654E-18,-1.226948711654E-18));
#4060 = ADVANCED_FACE('',(#4061),#4086,.T.);
#4061 = FACE_BOUND('',#4062,.F.);
#4062 = EDGE_LOOP('',(#4063,#4071,#4072,#4080));
#4063 = ORIENTED_EDGE('',*,*,#4064,.F.);
#4064 = EDGE_CURVE('',#2921,#4065,#4067,.T.);
#4065 = VERTEX_POINT('',#4066);
#4066 = CARTESIAN_POINT('',(-0.16,-12.86,-3.));
#4067 = LINE('',#4068,#4069);
#4068 = CARTESIAN_POINT('',(-0.266666666667,-12.96666666666,
    -2.893333333333));
#4069 = VECTOR('',#4070,1.);
#4070 = DIRECTION('',(0.57735026919,0.57735026919,-0.57735026919));
#4071 = ORIENTED_EDGE('',*,*,#2920,.T.);
#4072 = ORIENTED_EDGE('',*,*,#4073,.T.);
#4073 = EDGE_CURVE('',#2913,#4074,#4076,.T.);
#4074 = VERTEX_POINT('',#4075);
#4075 = CARTESIAN_POINT('',(0.16,-12.86,-3.));
#4076 = LINE('',#4077,#4078);
#4077 = CARTESIAN_POINT('',(0.16,-12.86,-3.));
#4078 = VECTOR('',#4079,1.);
#4079 = DIRECTION('',(-0.57735026919,0.57735026919,-0.57735026919));
#4080 = ORIENTED_EDGE('',*,*,#4081,.F.);
#4081 = EDGE_CURVE('',#4065,#4074,#4082,.T.);
#4082 = LINE('',#4083,#4084);
#4083 = CARTESIAN_POINT('',(-0.32,-12.86,-3.));
#4084 = VECTOR('',#4085,1.);
#4085 = DIRECTION('',(1.,0.,0.));
#4086 = PLANE('',#4087);
#4087 = AXIS2_PLACEMENT_3D('',#4088,#4089,#4090);
#4088 = CARTESIAN_POINT('',(-0.32,-12.94,-2.92));
#4089 = DIRECTION('',(1.735167508357E-18,-0.707106781187,-0.707106781187
    ));
#4090 = DIRECTION('',(-1.,-1.226948711654E-18,-1.226948711654E-18));
#4091 = ADVANCED_FACE('',(#4092),#4110,.F.);
#4092 = FACE_BOUND('',#4093,.F.);
#4093 = EDGE_LOOP('',(#4094,#4095,#4096,#4104));
#4094 = ORIENTED_EDGE('',*,*,#4073,.F.);
#4095 = ORIENTED_EDGE('',*,*,#2944,.T.);
#4096 = ORIENTED_EDGE('',*,*,#4097,.T.);
#4097 = EDGE_CURVE('',#2945,#4098,#4100,.T.);
#4098 = VERTEX_POINT('',#4099);
#4099 = CARTESIAN_POINT('',(0.16,-12.54,-3.));
#4100 = LINE('',#4101,#4102);
#4101 = CARTESIAN_POINT('',(5.333333333333E-02,-12.64666666666,
    -3.106666666667));
#4102 = VECTOR('',#4103,1.);
#4103 = DIRECTION('',(-0.57735026919,-0.57735026919,-0.57735026919));
#4104 = ORIENTED_EDGE('',*,*,#4105,.F.);
#4105 = EDGE_CURVE('',#4074,#4098,#4106,.T.);
#4106 = LINE('',#4107,#4108);
#4107 = CARTESIAN_POINT('',(0.16,-13.02,-3.));
#4108 = VECTOR('',#4109,1.);
#4109 = DIRECTION('',(0.,1.,0.));
#4110 = PLANE('',#4111);
#4111 = AXIS2_PLACEMENT_3D('',#4112,#4113,#4114);
#4112 = CARTESIAN_POINT('',(0.24,-13.02,-2.92));
#4113 = DIRECTION('',(-0.707106781187,1.735167508357E-18,0.707106781187)
  );
#4114 = DIRECTION('',(1.226948711654E-18,1.,-1.226948711654E-18));
#4115 = ADVANCED_FACE('',(#4116),#4134,.F.);
#4116 = FACE_BOUND('',#4117,.T.);
#4117 = EDGE_LOOP('',(#4118,#4126,#4127,#4128));
#4118 = ORIENTED_EDGE('',*,*,#4119,.F.);
#4119 = EDGE_CURVE('',#2969,#4120,#4122,.T.);
#4120 = VERTEX_POINT('',#4121);
#4121 = CARTESIAN_POINT('',(-0.16,-12.54,-3.));
#4122 = LINE('',#4123,#4124);
#4123 = CARTESIAN_POINT('',(-0.16,-12.54,-3.));
#4124 = VECTOR('',#4125,1.);
#4125 = DIRECTION('',(0.57735026919,-0.57735026919,-0.57735026919));
#4126 = ORIENTED_EDGE('',*,*,#2968,.T.);
#4127 = ORIENTED_EDGE('',*,*,#4097,.T.);
#4128 = ORIENTED_EDGE('',*,*,#4129,.F.);
#4129 = EDGE_CURVE('',#4120,#4098,#4130,.T.);
#4130 = LINE('',#4131,#4132);
#4131 = CARTESIAN_POINT('',(-0.32,-12.54,-3.));
#4132 = VECTOR('',#4133,1.);
#4133 = DIRECTION('',(1.,0.,0.));
#4134 = PLANE('',#4135);
#4135 = AXIS2_PLACEMENT_3D('',#4136,#4137,#4138);
#4136 = CARTESIAN_POINT('',(-0.32,-12.46,-2.92));
#4137 = DIRECTION('',(-1.735167508357E-18,-0.707106781187,0.707106781187
    ));
#4138 = DIRECTION('',(-1.,1.226948711654E-18,-1.226948711654E-18));
#4139 = ADVANCED_FACE('',(#4140),#4151,.T.);
#4140 = FACE_BOUND('',#4141,.T.);
#4141 = EDGE_LOOP('',(#4142,#4143,#4144,#4145));
#4142 = ORIENTED_EDGE('',*,*,#4064,.F.);
#4143 = ORIENTED_EDGE('',*,*,#2992,.T.);
#4144 = ORIENTED_EDGE('',*,*,#4119,.T.);
#4145 = ORIENTED_EDGE('',*,*,#4146,.F.);
#4146 = EDGE_CURVE('',#4065,#4120,#4147,.T.);
#4147 = LINE('',#4148,#4149);
#4148 = CARTESIAN_POINT('',(-0.16,-13.02,-3.));
#4149 = VECTOR('',#4150,1.);
#4150 = DIRECTION('',(0.,1.,0.));
#4151 = PLANE('',#4152);
#4152 = AXIS2_PLACEMENT_3D('',#4153,#4154,#4155);
#4153 = CARTESIAN_POINT('',(-0.24,-13.02,-2.92));
#4154 = DIRECTION('',(-0.707106781187,-1.735167508357E-18,
    -0.707106781187));
#4155 = DIRECTION('',(-1.226948711654E-18,1.,-1.226948711654E-18));
#4156 = ADVANCED_FACE('',(#4157),#4182,.F.);
#4157 = FACE_BOUND('',#4158,.T.);
#4158 = EDGE_LOOP('',(#4159,#4167,#4168,#4176));
#4159 = ORIENTED_EDGE('',*,*,#4160,.F.);
#4160 = EDGE_CURVE('',#3017,#4161,#4163,.T.);
#4161 = VERTEX_POINT('',#4162);
#4162 = CARTESIAN_POINT('',(-0.16,-10.,-3.));
#4163 = LINE('',#4164,#4165);
#4164 = CARTESIAN_POINT('',(-0.16,-10.,-3.));
#4165 = VECTOR('',#4166,1.);
#4166 = DIRECTION('',(0.57735026919,-0.57735026919,-0.57735026919));
#4167 = ORIENTED_EDGE('',*,*,#3016,.T.);
#4168 = ORIENTED_EDGE('',*,*,#4169,.T.);
#4169 = EDGE_CURVE('',#3009,#4170,#4172,.T.);
#4170 = VERTEX_POINT('',#4171);
#4171 = CARTESIAN_POINT('',(0.16,-10.,-3.));
#4172 = LINE('',#4173,#4174);
#4173 = CARTESIAN_POINT('',(5.333333333333E-02,-10.10666666666,
    -3.106666666667));
#4174 = VECTOR('',#4175,1.);
#4175 = DIRECTION('',(-0.57735026919,-0.57735026919,-0.57735026919));
#4176 = ORIENTED_EDGE('',*,*,#4177,.F.);
#4177 = EDGE_CURVE('',#4161,#4170,#4178,.T.);
#4178 = LINE('',#4179,#4180);
#4179 = CARTESIAN_POINT('',(-0.32,-10.,-3.));
#4180 = VECTOR('',#4181,1.);
#4181 = DIRECTION('',(1.,0.,0.));
#4182 = PLANE('',#4183);
#4183 = AXIS2_PLACEMENT_3D('',#4184,#4185,#4186);
#4184 = CARTESIAN_POINT('',(-0.32,-9.92,-2.92));
#4185 = DIRECTION('',(-1.735167508357E-18,-0.707106781187,0.707106781187
    ));
#4186 = DIRECTION('',(-1.,1.226948711654E-18,-1.226948711654E-18));
#4187 = ADVANCED_FACE('',(#4188),#4206,.T.);
#4188 = FACE_BOUND('',#4189,.T.);
#4189 = EDGE_LOOP('',(#4190,#4198,#4199,#4200));
#4190 = ORIENTED_EDGE('',*,*,#4191,.F.);
#4191 = EDGE_CURVE('',#3040,#4192,#4194,.T.);
#4192 = VERTEX_POINT('',#4193);
#4193 = CARTESIAN_POINT('',(-0.16,-10.32,-3.));
#4194 = LINE('',#4195,#4196);
#4195 = CARTESIAN_POINT('',(-0.266666666667,-10.42666666666,
    -2.893333333333));
#4196 = VECTOR('',#4197,1.);
#4197 = DIRECTION('',(0.57735026919,0.57735026919,-0.57735026919));
#4198 = ORIENTED_EDGE('',*,*,#3047,.T.);
#4199 = ORIENTED_EDGE('',*,*,#4160,.T.);
#4200 = ORIENTED_EDGE('',*,*,#4201,.F.);
#4201 = EDGE_CURVE('',#4192,#4161,#4202,.T.);
#4202 = LINE('',#4203,#4204);
#4203 = CARTESIAN_POINT('',(-0.16,-10.48,-3.));
#4204 = VECTOR('',#4205,1.);
#4205 = DIRECTION('',(0.,1.,0.));
#4206 = PLANE('',#4207);
#4207 = AXIS2_PLACEMENT_3D('',#4208,#4209,#4210);
#4208 = CARTESIAN_POINT('',(-0.24,-10.48,-2.92));
#4209 = DIRECTION('',(-0.707106781187,-1.735167508357E-18,
    -0.707106781187));
#4210 = DIRECTION('',(-1.226948711654E-18,1.,-1.226948711654E-18));
#4211 = ADVANCED_FACE('',(#4212),#4230,.T.);
#4212 = FACE_BOUND('',#4213,.F.);
#4213 = EDGE_LOOP('',(#4214,#4215,#4216,#4224));
#4214 = ORIENTED_EDGE('',*,*,#4191,.F.);
#4215 = ORIENTED_EDGE('',*,*,#3071,.T.);
#4216 = ORIENTED_EDGE('',*,*,#4217,.T.);
#4217 = EDGE_CURVE('',#3064,#4218,#4220,.T.);
#4218 = VERTEX_POINT('',#4219);
#4219 = CARTESIAN_POINT('',(0.16,-10.32,-3.));
#4220 = LINE('',#4221,#4222);
#4221 = CARTESIAN_POINT('',(0.16,-10.32,-3.));
#4222 = VECTOR('',#4223,1.);
#4223 = DIRECTION('',(-0.57735026919,0.57735026919,-0.57735026919));
#4224 = ORIENTED_EDGE('',*,*,#4225,.F.);
#4225 = EDGE_CURVE('',#4192,#4218,#4226,.T.);
#4226 = LINE('',#4227,#4228);
#4227 = CARTESIAN_POINT('',(-0.32,-10.32,-3.));
#4228 = VECTOR('',#4229,1.);
#4229 = DIRECTION('',(1.,0.,0.));
#4230 = PLANE('',#4231);
#4231 = AXIS2_PLACEMENT_3D('',#4232,#4233,#4234);
#4232 = CARTESIAN_POINT('',(-0.32,-10.4,-2.92));
#4233 = DIRECTION('',(1.735167508357E-18,-0.707106781187,-0.707106781187
    ));
#4234 = DIRECTION('',(-1.,-1.226948711654E-18,-1.226948711654E-18));
#4235 = ADVANCED_FACE('',(#4236),#4247,.F.);
#4236 = FACE_BOUND('',#4237,.F.);
#4237 = EDGE_LOOP('',(#4238,#4239,#4240,#4241));
#4238 = ORIENTED_EDGE('',*,*,#4217,.F.);
#4239 = ORIENTED_EDGE('',*,*,#3088,.T.);
#4240 = ORIENTED_EDGE('',*,*,#4169,.T.);
#4241 = ORIENTED_EDGE('',*,*,#4242,.F.);
#4242 = EDGE_CURVE('',#4218,#4170,#4243,.T.);
#4243 = LINE('',#4244,#4245);
#4244 = CARTESIAN_POINT('',(0.16,-10.48,-3.));
#4245 = VECTOR('',#4246,1.);
#4246 = DIRECTION('',(0.,1.,0.));
#4247 = PLANE('',#4248);
#4248 = AXIS2_PLACEMENT_3D('',#4249,#4250,#4251);
#4249 = CARTESIAN_POINT('',(0.24,-10.48,-2.92));
#4250 = DIRECTION('',(-0.707106781187,1.735167508357E-18,0.707106781187)
  );
#4251 = DIRECTION('',(1.226948711654E-18,1.,-1.226948711654E-18));
#4252 = ADVANCED_FACE('',(#4253),#4278,.T.);
#4253 = FACE_BOUND('',#4254,.F.);
#4254 = EDGE_LOOP('',(#4255,#4263,#4264,#4272));
#4255 = ORIENTED_EDGE('',*,*,#4256,.F.);
#4256 = EDGE_CURVE('',#3113,#4257,#4259,.T.);
#4257 = VERTEX_POINT('',#4258);
#4258 = CARTESIAN_POINT('',(-0.16,-7.78,-3.));
#4259 = LINE('',#4260,#4261);
#4260 = CARTESIAN_POINT('',(-0.266666666667,-7.886666666667,
    -2.893333333333));
#4261 = VECTOR('',#4262,1.);
#4262 = DIRECTION('',(0.57735026919,0.57735026919,-0.57735026919));
#4263 = ORIENTED_EDGE('',*,*,#3112,.T.);
#4264 = ORIENTED_EDGE('',*,*,#4265,.T.);
#4265 = EDGE_CURVE('',#3105,#4266,#4268,.T.);
#4266 = VERTEX_POINT('',#4267);
#4267 = CARTESIAN_POINT('',(0.16,-7.78,-3.));
#4268 = LINE('',#4269,#4270);
#4269 = CARTESIAN_POINT('',(0.16,-7.78,-3.));
#4270 = VECTOR('',#4271,1.);
#4271 = DIRECTION('',(-0.57735026919,0.57735026919,-0.57735026919));
#4272 = ORIENTED_EDGE('',*,*,#4273,.F.);
#4273 = EDGE_CURVE('',#4257,#4266,#4274,.T.);
#4274 = LINE('',#4275,#4276);
#4275 = CARTESIAN_POINT('',(-0.32,-7.78,-3.));
#4276 = VECTOR('',#4277,1.);
#4277 = DIRECTION('',(1.,0.,0.));
#4278 = PLANE('',#4279);
#4279 = AXIS2_PLACEMENT_3D('',#4280,#4281,#4282);
#4280 = CARTESIAN_POINT('',(-0.32,-7.86,-2.92));
#4281 = DIRECTION('',(1.735167508357E-18,-0.707106781187,-0.707106781187
    ));
#4282 = DIRECTION('',(-1.,-1.226948711654E-18,-1.226948711654E-18));
#4283 = ADVANCED_FACE('',(#4284),#4302,.F.);
#4284 = FACE_BOUND('',#4285,.F.);
#4285 = EDGE_LOOP('',(#4286,#4287,#4288,#4296));
#4286 = ORIENTED_EDGE('',*,*,#4265,.F.);
#4287 = ORIENTED_EDGE('',*,*,#3136,.T.);
#4288 = ORIENTED_EDGE('',*,*,#4289,.T.);
#4289 = EDGE_CURVE('',#3137,#4290,#4292,.T.);
#4290 = VERTEX_POINT('',#4291);
#4291 = CARTESIAN_POINT('',(0.16,-7.46,-3.));
#4292 = LINE('',#4293,#4294);
#4293 = CARTESIAN_POINT('',(5.333333333333E-02,-7.566666666667,
    -3.106666666667));
#4294 = VECTOR('',#4295,1.);
#4295 = DIRECTION('',(-0.57735026919,-0.57735026919,-0.57735026919));
#4296 = ORIENTED_EDGE('',*,*,#4297,.F.);
#4297 = EDGE_CURVE('',#4266,#4290,#4298,.T.);
#4298 = LINE('',#4299,#4300);
#4299 = CARTESIAN_POINT('',(0.16,-7.94,-3.));
#4300 = VECTOR('',#4301,1.);
#4301 = DIRECTION('',(0.,1.,0.));
#4302 = PLANE('',#4303);
#4303 = AXIS2_PLACEMENT_3D('',#4304,#4305,#4306);
#4304 = CARTESIAN_POINT('',(0.24,-7.94,-2.92));
#4305 = DIRECTION('',(-0.707106781187,1.735167508357E-18,0.707106781187)
  );
#4306 = DIRECTION('',(1.226948711654E-18,1.,-1.226948711654E-18));
#4307 = ADVANCED_FACE('',(#4308),#4326,.F.);
#4308 = FACE_BOUND('',#4309,.T.);
#4309 = EDGE_LOOP('',(#4310,#4318,#4319,#4320));
#4310 = ORIENTED_EDGE('',*,*,#4311,.F.);
#4311 = EDGE_CURVE('',#3161,#4312,#4314,.T.);
#4312 = VERTEX_POINT('',#4313);
#4313 = CARTESIAN_POINT('',(-0.16,-7.46,-3.));
#4314 = LINE('',#4315,#4316);
#4315 = CARTESIAN_POINT('',(-0.16,-7.46,-3.));
#4316 = VECTOR('',#4317,1.);
#4317 = DIRECTION('',(0.57735026919,-0.57735026919,-0.57735026919));
#4318 = ORIENTED_EDGE('',*,*,#3160,.T.);
#4319 = ORIENTED_EDGE('',*,*,#4289,.T.);
#4320 = ORIENTED_EDGE('',*,*,#4321,.F.);
#4321 = EDGE_CURVE('',#4312,#4290,#4322,.T.);
#4322 = LINE('',#4323,#4324);
#4323 = CARTESIAN_POINT('',(-0.32,-7.46,-3.));
#4324 = VECTOR('',#4325,1.);
#4325 = DIRECTION('',(1.,0.,0.));
#4326 = PLANE('',#4327);
#4327 = AXIS2_PLACEMENT_3D('',#4328,#4329,#4330);
#4328 = CARTESIAN_POINT('',(-0.32,-7.38,-2.92));
#4329 = DIRECTION('',(-1.735167508357E-18,-0.707106781187,0.707106781187
    ));
#4330 = DIRECTION('',(-1.,1.226948711654E-18,-1.226948711654E-18));
#4331 = ADVANCED_FACE('',(#4332),#4343,.T.);
#4332 = FACE_BOUND('',#4333,.T.);
#4333 = EDGE_LOOP('',(#4334,#4335,#4336,#4337));
#4334 = ORIENTED_EDGE('',*,*,#4256,.F.);
#4335 = ORIENTED_EDGE('',*,*,#3184,.T.);
#4336 = ORIENTED_EDGE('',*,*,#4311,.T.);
#4337 = ORIENTED_EDGE('',*,*,#4338,.F.);
#4338 = EDGE_CURVE('',#4257,#4312,#4339,.T.);
#4339 = LINE('',#4340,#4341);
#4340 = CARTESIAN_POINT('',(-0.16,-7.94,-3.));
#4341 = VECTOR('',#4342,1.);
#4342 = DIRECTION('',(0.,1.,0.));
#4343 = PLANE('',#4344);
#4344 = AXIS2_PLACEMENT_3D('',#4345,#4346,#4347);
#4345 = CARTESIAN_POINT('',(-0.24,-7.94,-2.92));
#4346 = DIRECTION('',(-0.707106781187,-1.735167508357E-18,
    -0.707106781187));
#4347 = DIRECTION('',(-1.226948711654E-18,1.,-1.226948711654E-18));
#4348 = ADVANCED_FACE('',(#4349),#4374,.T.);
#4349 = FACE_BOUND('',#4350,.T.);
#4350 = EDGE_LOOP('',(#4351,#4359,#4360,#4368));
#4351 = ORIENTED_EDGE('',*,*,#4352,.F.);
#4352 = EDGE_CURVE('',#3201,#4353,#4355,.T.);
#4353 = VERTEX_POINT('',#4354);
#4354 = CARTESIAN_POINT('',(0.16,-0.16,8.54));
#4355 = LINE('',#4356,#4357);
#4356 = CARTESIAN_POINT('',(0.16,-0.16,8.54));
#4357 = VECTOR('',#4358,1.);
#4358 = DIRECTION('',(-0.57735026919,0.57735026919,0.57735026919));
#4359 = ORIENTED_EDGE('',*,*,#3217,.T.);
#4360 = ORIENTED_EDGE('',*,*,#4361,.T.);
#4361 = EDGE_CURVE('',#3210,#4362,#4364,.T.);
#4362 = VERTEX_POINT('',#4363);
#4363 = CARTESIAN_POINT('',(0.16,0.16,8.54));
#4364 = LINE('',#4365,#4366);
#4365 = CARTESIAN_POINT('',(5.333333333333E-02,5.333333333333E-02,
    8.646666666667));
#4366 = VECTOR('',#4367,1.);
#4367 = DIRECTION('',(-0.57735026919,-0.57735026919,0.57735026919));
#4368 = ORIENTED_EDGE('',*,*,#4369,.F.);
#4369 = EDGE_CURVE('',#4353,#4362,#4370,.T.);
#4370 = LINE('',#4371,#4372);
#4371 = CARTESIAN_POINT('',(0.16,-0.32,8.54));
#4372 = VECTOR('',#4373,1.);
#4373 = DIRECTION('',(0.,1.,0.));
#4374 = PLANE('',#4375);
#4375 = AXIS2_PLACEMENT_3D('',#4376,#4377,#4378);
#4376 = CARTESIAN_POINT('',(0.24,-0.32,8.46));
#4377 = DIRECTION('',(0.707106781187,-1.735167508357E-18,0.707106781187)
  );
#4378 = DIRECTION('',(1.226948711654E-18,1.,1.226948711654E-18));
#4379 = ADVANCED_FACE('',(#4380),#4398,.T.);
#4380 = FACE_BOUND('',#4381,.F.);
#4381 = EDGE_LOOP('',(#4382,#4390,#4391,#4392));
#4382 = ORIENTED_EDGE('',*,*,#4383,.F.);
#4383 = EDGE_CURVE('',#3234,#4384,#4386,.T.);
#4384 = VERTEX_POINT('',#4385);
#4385 = CARTESIAN_POINT('',(-0.16,0.16,8.54));
#4386 = LINE('',#4387,#4388);
#4387 = CARTESIAN_POINT('',(-0.16,0.16,8.54));
#4388 = VECTOR('',#4389,1.);
#4389 = DIRECTION('',(0.57735026919,-0.57735026919,0.57735026919));
#4390 = ORIENTED_EDGE('',*,*,#3241,.T.);
#4391 = ORIENTED_EDGE('',*,*,#4361,.T.);
#4392 = ORIENTED_EDGE('',*,*,#4393,.F.);
#4393 = EDGE_CURVE('',#4384,#4362,#4394,.T.);
#4394 = LINE('',#4395,#4396);
#4395 = CARTESIAN_POINT('',(-0.32,0.16,8.54));
#4396 = VECTOR('',#4397,1.);
#4397 = DIRECTION('',(1.,0.,0.));
#4398 = PLANE('',#4399);
#4399 = AXIS2_PLACEMENT_3D('',#4400,#4401,#4402);
#4400 = CARTESIAN_POINT('',(-0.32,0.24,8.46));
#4401 = DIRECTION('',(1.735167508357E-18,0.707106781187,0.707106781187)
  );
#4402 = DIRECTION('',(-1.,1.226948711654E-18,1.226948711654E-18));
#4403 = ADVANCED_FACE('',(#4404),#4422,.F.);
#4404 = FACE_BOUND('',#4405,.F.);
#4405 = EDGE_LOOP('',(#4406,#4414,#4415,#4416));
#4406 = ORIENTED_EDGE('',*,*,#4407,.F.);
#4407 = EDGE_CURVE('',#3256,#4408,#4410,.T.);
#4408 = VERTEX_POINT('',#4409);
#4409 = CARTESIAN_POINT('',(-0.16,-0.16,8.54));
#4410 = LINE('',#4411,#4412);
#4411 = CARTESIAN_POINT('',(-0.266666666667,-0.266666666667,
    8.433333333333));
#4412 = VECTOR('',#4413,1.);
#4413 = DIRECTION('',(0.57735026919,0.57735026919,0.57735026919));
#4414 = ORIENTED_EDGE('',*,*,#3265,.T.);
#4415 = ORIENTED_EDGE('',*,*,#4383,.T.);
#4416 = ORIENTED_EDGE('',*,*,#4417,.F.);
#4417 = EDGE_CURVE('',#4408,#4384,#4418,.T.);
#4418 = LINE('',#4419,#4420);
#4419 = CARTESIAN_POINT('',(-0.16,-0.32,8.54));
#4420 = VECTOR('',#4421,1.);
#4421 = DIRECTION('',(0.,1.,0.));
#4422 = PLANE('',#4423);
#4423 = AXIS2_PLACEMENT_3D('',#4424,#4425,#4426);
#4424 = CARTESIAN_POINT('',(-0.24,-0.32,8.46));
#4425 = DIRECTION('',(0.707106781187,1.735167508357E-18,-0.707106781187)
  );
#4426 = DIRECTION('',(-1.226948711654E-18,1.,1.226948711654E-18));
#4427 = ADVANCED_FACE('',(#4428),#4439,.F.);
#4428 = FACE_BOUND('',#4429,.T.);
#4429 = EDGE_LOOP('',(#4430,#4431,#4432,#4433));
#4430 = ORIENTED_EDGE('',*,*,#4407,.F.);
#4431 = ORIENTED_EDGE('',*,*,#3282,.T.);
#4432 = ORIENTED_EDGE('',*,*,#4352,.T.);
#4433 = ORIENTED_EDGE('',*,*,#4434,.F.);
#4434 = EDGE_CURVE('',#4408,#4353,#4435,.T.);
#4435 = LINE('',#4436,#4437);
#4436 = CARTESIAN_POINT('',(-0.32,-0.16,8.54));
#4437 = VECTOR('',#4438,1.);
#4438 = DIRECTION('',(1.,0.,0.));
#4439 = PLANE('',#4440);
#4440 = AXIS2_PLACEMENT_3D('',#4441,#4442,#4443);
#4441 = CARTESIAN_POINT('',(-0.32,-0.24,8.46));
#4442 = DIRECTION('',(-1.735167508357E-18,0.707106781187,-0.707106781187
    ));
#4443 = DIRECTION('',(-1.,-1.226948711654E-18,1.226948711654E-18));
#4444 = ADVANCED_FACE('',(#4445),#4470,.T.);
#4445 = FACE_BOUND('',#4446,.T.);
#4446 = EDGE_LOOP('',(#4447,#4455,#4456,#4464));
#4447 = ORIENTED_EDGE('',*,*,#4448,.F.);
#4448 = EDGE_CURVE('',#3297,#4449,#4451,.T.);
#4449 = VERTEX_POINT('',#4450);
#4450 = CARTESIAN_POINT('',(0.16,-5.24,8.54));
#4451 = LINE('',#4452,#4453);
#4452 = CARTESIAN_POINT('',(0.16,-5.24,8.54));
#4453 = VECTOR('',#4454,1.);
#4454 = DIRECTION('',(-0.57735026919,0.57735026919,0.57735026919));
#4455 = ORIENTED_EDGE('',*,*,#3313,.T.);
#4456 = ORIENTED_EDGE('',*,*,#4457,.T.);
#4457 = EDGE_CURVE('',#3306,#4458,#4460,.T.);
#4458 = VERTEX_POINT('',#4459);
#4459 = CARTESIAN_POINT('',(0.16,-4.92,8.54));
#4460 = LINE('',#4461,#4462);
#4461 = CARTESIAN_POINT('',(5.333333333333E-02,-5.026666666667,
    8.646666666667));
#4462 = VECTOR('',#4463,1.);
#4463 = DIRECTION('',(-0.57735026919,-0.57735026919,0.57735026919));
#4464 = ORIENTED_EDGE('',*,*,#4465,.F.);
#4465 = EDGE_CURVE('',#4449,#4458,#4466,.T.);
#4466 = LINE('',#4467,#4468);
#4467 = CARTESIAN_POINT('',(0.16,-5.4,8.54));
#4468 = VECTOR('',#4469,1.);
#4469 = DIRECTION('',(0.,1.,0.));
#4470 = PLANE('',#4471);
#4471 = AXIS2_PLACEMENT_3D('',#4472,#4473,#4474);
#4472 = CARTESIAN_POINT('',(0.24,-5.4,8.46));
#4473 = DIRECTION('',(0.707106781187,-1.735167508357E-18,0.707106781187)
  );
#4474 = DIRECTION('',(1.226948711654E-18,1.,1.226948711654E-18));
#4475 = ADVANCED_FACE('',(#4476),#4494,.T.);
#4476 = FACE_BOUND('',#4477,.F.);
#4477 = EDGE_LOOP('',(#4478,#4486,#4487,#4488));
#4478 = ORIENTED_EDGE('',*,*,#4479,.F.);
#4479 = EDGE_CURVE('',#3330,#4480,#4482,.T.);
#4480 = VERTEX_POINT('',#4481);
#4481 = CARTESIAN_POINT('',(-0.16,-4.92,8.54));
#4482 = LINE('',#4483,#4484);
#4483 = CARTESIAN_POINT('',(-0.16,-4.92,8.54));
#4484 = VECTOR('',#4485,1.);
#4485 = DIRECTION('',(0.57735026919,-0.57735026919,0.57735026919));
#4486 = ORIENTED_EDGE('',*,*,#3337,.T.);
#4487 = ORIENTED_EDGE('',*,*,#4457,.T.);
#4488 = ORIENTED_EDGE('',*,*,#4489,.F.);
#4489 = EDGE_CURVE('',#4480,#4458,#4490,.T.);
#4490 = LINE('',#4491,#4492);
#4491 = CARTESIAN_POINT('',(-0.32,-4.92,8.54));
#4492 = VECTOR('',#4493,1.);
#4493 = DIRECTION('',(1.,0.,0.));
#4494 = PLANE('',#4495);
#4495 = AXIS2_PLACEMENT_3D('',#4496,#4497,#4498);
#4496 = CARTESIAN_POINT('',(-0.32,-4.84,8.46));
#4497 = DIRECTION('',(1.735167508357E-18,0.707106781187,0.707106781187)
  );
#4498 = DIRECTION('',(-1.,1.226948711654E-18,1.226948711654E-18));
#4499 = ADVANCED_FACE('',(#4500),#4518,.F.);
#4500 = FACE_BOUND('',#4501,.F.);
#4501 = EDGE_LOOP('',(#4502,#4510,#4511,#4512));
#4502 = ORIENTED_EDGE('',*,*,#4503,.F.);
#4503 = EDGE_CURVE('',#3352,#4504,#4506,.T.);
#4504 = VERTEX_POINT('',#4505);
#4505 = CARTESIAN_POINT('',(-0.16,-5.24,8.54));
#4506 = LINE('',#4507,#4508);
#4507 = CARTESIAN_POINT('',(-0.266666666667,-5.346666666667,
    8.433333333333));
#4508 = VECTOR('',#4509,1.);
#4509 = DIRECTION('',(0.57735026919,0.57735026919,0.57735026919));
#4510 = ORIENTED_EDGE('',*,*,#3361,.T.);
#4511 = ORIENTED_EDGE('',*,*,#4479,.T.);
#4512 = ORIENTED_EDGE('',*,*,#4513,.F.);
#4513 = EDGE_CURVE('',#4504,#4480,#4514,.T.);
#4514 = LINE('',#4515,#4516);
#4515 = CARTESIAN_POINT('',(-0.16,-5.4,8.54));
#4516 = VECTOR('',#4517,1.);
#4517 = DIRECTION('',(0.,1.,0.));
#4518 = PLANE('',#4519);
#4519 = AXIS2_PLACEMENT_3D('',#4520,#4521,#4522);
#4520 = CARTESIAN_POINT('',(-0.24,-5.4,8.46));
#4521 = DIRECTION('',(0.707106781187,1.735167508357E-18,-0.707106781187)
  );
#4522 = DIRECTION('',(-1.226948711654E-18,1.,1.226948711654E-18));
#4523 = ADVANCED_FACE('',(#4524),#4535,.F.);
#4524 = FACE_BOUND('',#4525,.T.);
#4525 = EDGE_LOOP('',(#4526,#4527,#4528,#4529));
#4526 = ORIENTED_EDGE('',*,*,#4503,.F.);
#4527 = ORIENTED_EDGE('',*,*,#3378,.T.);
#4528 = ORIENTED_EDGE('',*,*,#4448,.T.);
#4529 = ORIENTED_EDGE('',*,*,#4530,.F.);
#4530 = EDGE_CURVE('',#4504,#4449,#4531,.T.);
#4531 = LINE('',#4532,#4533);
#4532 = CARTESIAN_POINT('',(-0.32,-5.24,8.54));
#4533 = VECTOR('',#4534,1.);
#4534 = DIRECTION('',(1.,0.,0.));
#4535 = PLANE('',#4536);
#4536 = AXIS2_PLACEMENT_3D('',#4537,#4538,#4539);
#4537 = CARTESIAN_POINT('',(-0.32,-5.32,8.46));
#4538 = DIRECTION('',(-1.735167508357E-18,0.707106781187,-0.707106781187
    ));
#4539 = DIRECTION('',(-1.,-1.226948711654E-18,1.226948711654E-18));
#4540 = ADVANCED_FACE('',(#4541),#4566,.T.);
#4541 = FACE_BOUND('',#4542,.T.);
#4542 = EDGE_LOOP('',(#4543,#4551,#4552,#4560));
#4543 = ORIENTED_EDGE('',*,*,#4544,.F.);
#4544 = EDGE_CURVE('',#3393,#4545,#4547,.T.);
#4545 = VERTEX_POINT('',#4546);
#4546 = CARTESIAN_POINT('',(0.16,-2.7,8.54));
#4547 = LINE('',#4548,#4549);
#4548 = CARTESIAN_POINT('',(0.16,-2.7,8.54));
#4549 = VECTOR('',#4550,1.);
#4550 = DIRECTION('',(-0.57735026919,0.57735026919,0.57735026919));
#4551 = ORIENTED_EDGE('',*,*,#3409,.T.);
#4552 = ORIENTED_EDGE('',*,*,#4553,.T.);
#4553 = EDGE_CURVE('',#3402,#4554,#4556,.T.);
#4554 = VERTEX_POINT('',#4555);
#4555 = CARTESIAN_POINT('',(0.16,-2.38,8.54));
#4556 = LINE('',#4557,#4558);
#4557 = CARTESIAN_POINT('',(5.333333333333E-02,-2.486666666667,
    8.646666666667));
#4558 = VECTOR('',#4559,1.);
#4559 = DIRECTION('',(-0.57735026919,-0.57735026919,0.57735026919));
#4560 = ORIENTED_EDGE('',*,*,#4561,.F.);
#4561 = EDGE_CURVE('',#4545,#4554,#4562,.T.);
#4562 = LINE('',#4563,#4564);
#4563 = CARTESIAN_POINT('',(0.16,-2.86,8.54));
#4564 = VECTOR('',#4565,1.);
#4565 = DIRECTION('',(0.,1.,0.));
#4566 = PLANE('',#4567);
#4567 = AXIS2_PLACEMENT_3D('',#4568,#4569,#4570);
#4568 = CARTESIAN_POINT('',(0.24,-2.86,8.46));
#4569 = DIRECTION('',(0.707106781187,-1.735167508357E-18,0.707106781187)
  );
#4570 = DIRECTION('',(1.226948711654E-18,1.,1.226948711654E-18));
#4571 = ADVANCED_FACE('',(#4572),#4590,.T.);
#4572 = FACE_BOUND('',#4573,.F.);
#4573 = EDGE_LOOP('',(#4574,#4582,#4583,#4584));
#4574 = ORIENTED_EDGE('',*,*,#4575,.F.);
#4575 = EDGE_CURVE('',#3426,#4576,#4578,.T.);
#4576 = VERTEX_POINT('',#4577);
#4577 = CARTESIAN_POINT('',(-0.16,-2.38,8.54));
#4578 = LINE('',#4579,#4580);
#4579 = CARTESIAN_POINT('',(-0.16,-2.38,8.54));
#4580 = VECTOR('',#4581,1.);
#4581 = DIRECTION('',(0.57735026919,-0.57735026919,0.57735026919));
#4582 = ORIENTED_EDGE('',*,*,#3433,.T.);
#4583 = ORIENTED_EDGE('',*,*,#4553,.T.);
#4584 = ORIENTED_EDGE('',*,*,#4585,.F.);
#4585 = EDGE_CURVE('',#4576,#4554,#4586,.T.);
#4586 = LINE('',#4587,#4588);
#4587 = CARTESIAN_POINT('',(-0.32,-2.38,8.54));
#4588 = VECTOR('',#4589,1.);
#4589 = DIRECTION('',(1.,0.,0.));
#4590 = PLANE('',#4591);
#4591 = AXIS2_PLACEMENT_3D('',#4592,#4593,#4594);
#4592 = CARTESIAN_POINT('',(-0.32,-2.3,8.46));
#4593 = DIRECTION('',(1.735167508357E-18,0.707106781187,0.707106781187)
  );
#4594 = DIRECTION('',(-1.,1.226948711654E-18,1.226948711654E-18));
#4595 = ADVANCED_FACE('',(#4596),#4614,.F.);
#4596 = FACE_BOUND('',#4597,.F.);
#4597 = EDGE_LOOP('',(#4598,#4606,#4607,#4608));
#4598 = ORIENTED_EDGE('',*,*,#4599,.F.);
#4599 = EDGE_CURVE('',#3448,#4600,#4602,.T.);
#4600 = VERTEX_POINT('',#4601);
#4601 = CARTESIAN_POINT('',(-0.16,-2.7,8.54));
#4602 = LINE('',#4603,#4604);
#4603 = CARTESIAN_POINT('',(-0.266666666667,-2.806666666667,
    8.433333333333));
#4604 = VECTOR('',#4605,1.);
#4605 = DIRECTION('',(0.57735026919,0.57735026919,0.57735026919));
#4606 = ORIENTED_EDGE('',*,*,#3457,.T.);
#4607 = ORIENTED_EDGE('',*,*,#4575,.T.);
#4608 = ORIENTED_EDGE('',*,*,#4609,.F.);
#4609 = EDGE_CURVE('',#4600,#4576,#4610,.T.);
#4610 = LINE('',#4611,#4612);
#4611 = CARTESIAN_POINT('',(-0.16,-2.86,8.54));
#4612 = VECTOR('',#4613,1.);
#4613 = DIRECTION('',(0.,1.,0.));
#4614 = PLANE('',#4615);
#4615 = AXIS2_PLACEMENT_3D('',#4616,#4617,#4618);
#4616 = CARTESIAN_POINT('',(-0.24,-2.86,8.46));
#4617 = DIRECTION('',(0.707106781187,1.735167508357E-18,-0.707106781187)
  );
#4618 = DIRECTION('',(-1.226948711654E-18,1.,1.226948711654E-18));
#4619 = ADVANCED_FACE('',(#4620),#4631,.F.);
#4620 = FACE_BOUND('',#4621,.T.);
#4621 = EDGE_LOOP('',(#4622,#4623,#4624,#4625));
#4622 = ORIENTED_EDGE('',*,*,#4599,.F.);
#4623 = ORIENTED_EDGE('',*,*,#3474,.T.);
#4624 = ORIENTED_EDGE('',*,*,#4544,.T.);
#4625 = ORIENTED_EDGE('',*,*,#4626,.F.);
#4626 = EDGE_CURVE('',#4600,#4545,#4627,.T.);
#4627 = LINE('',#4628,#4629);
#4628 = CARTESIAN_POINT('',(-0.32,-2.7,8.54));
#4629 = VECTOR('',#4630,1.);
#4630 = DIRECTION('',(1.,0.,0.));
#4631 = PLANE('',#4632);
#4632 = AXIS2_PLACEMENT_3D('',#4633,#4634,#4635);
#4633 = CARTESIAN_POINT('',(-0.32,-2.78,8.46));
#4634 = DIRECTION('',(-1.735167508357E-18,0.707106781187,-0.707106781187
    ));
#4635 = DIRECTION('',(-1.,-1.226948711654E-18,1.226948711654E-18));
#4636 = ADVANCED_FACE('',(#4637),#4662,.F.);
#4637 = FACE_BOUND('',#4638,.T.);
#4638 = EDGE_LOOP('',(#4639,#4647,#4648,#4656));
#4639 = ORIENTED_EDGE('',*,*,#4640,.F.);
#4640 = EDGE_CURVE('',#3498,#4641,#4643,.T.);
#4641 = VERTEX_POINT('',#4642);
#4642 = CARTESIAN_POINT('',(-0.16,-12.86,8.54));
#4643 = LINE('',#4644,#4645);
#4644 = CARTESIAN_POINT('',(-0.266666666667,-12.96666666666,
    8.433333333333));
#4645 = VECTOR('',#4646,1.);
#4646 = DIRECTION('',(0.57735026919,0.57735026919,0.57735026919));
#4647 = ORIENTED_EDGE('',*,*,#3505,.T.);
#4648 = ORIENTED_EDGE('',*,*,#4649,.T.);
#4649 = EDGE_CURVE('',#3489,#4650,#4652,.T.);
#4650 = VERTEX_POINT('',#4651);
#4651 = CARTESIAN_POINT('',(0.16,-12.86,8.54));
#4652 = LINE('',#4653,#4654);
#4653 = CARTESIAN_POINT('',(0.16,-12.86,8.54));
#4654 = VECTOR('',#4655,1.);
#4655 = DIRECTION('',(-0.57735026919,0.57735026919,0.57735026919));
#4656 = ORIENTED_EDGE('',*,*,#4657,.F.);
#4657 = EDGE_CURVE('',#4641,#4650,#4658,.T.);
#4658 = LINE('',#4659,#4660);
#4659 = CARTESIAN_POINT('',(-0.32,-12.86,8.54));
#4660 = VECTOR('',#4661,1.);
#4661 = DIRECTION('',(1.,0.,0.));
#4662 = PLANE('',#4663);
#4663 = AXIS2_PLACEMENT_3D('',#4664,#4665,#4666);
#4664 = CARTESIAN_POINT('',(-0.32,-12.94,8.46));
#4665 = DIRECTION('',(-1.735167508357E-18,0.707106781187,-0.707106781187
    ));
#4666 = DIRECTION('',(-1.,-1.226948711654E-18,1.226948711654E-18));
#4667 = ADVANCED_FACE('',(#4668),#4686,.T.);
#4668 = FACE_BOUND('',#4669,.T.);
#4669 = EDGE_LOOP('',(#4670,#4671,#4672,#4680));
#4670 = ORIENTED_EDGE('',*,*,#4649,.F.);
#4671 = ORIENTED_EDGE('',*,*,#3529,.T.);
#4672 = ORIENTED_EDGE('',*,*,#4673,.T.);
#4673 = EDGE_CURVE('',#3522,#4674,#4676,.T.);
#4674 = VERTEX_POINT('',#4675);
#4675 = CARTESIAN_POINT('',(0.16,-12.54,8.54));
#4676 = LINE('',#4677,#4678);
#4677 = CARTESIAN_POINT('',(5.333333333333E-02,-12.64666666666,
    8.646666666667));
#4678 = VECTOR('',#4679,1.);
#4679 = DIRECTION('',(-0.57735026919,-0.57735026919,0.57735026919));
#4680 = ORIENTED_EDGE('',*,*,#4681,.F.);
#4681 = EDGE_CURVE('',#4650,#4674,#4682,.T.);
#4682 = LINE('',#4683,#4684);
#4683 = CARTESIAN_POINT('',(0.16,-13.02,8.54));
#4684 = VECTOR('',#4685,1.);
#4685 = DIRECTION('',(0.,1.,0.));
#4686 = PLANE('',#4687);
#4687 = AXIS2_PLACEMENT_3D('',#4688,#4689,#4690);
#4688 = CARTESIAN_POINT('',(0.24,-13.02,8.46));
#4689 = DIRECTION('',(0.707106781187,-1.735167508357E-18,0.707106781187)
  );
#4690 = DIRECTION('',(1.226948711654E-18,1.,1.226948711654E-18));
#4691 = ADVANCED_FACE('',(#4692),#4710,.T.);
#4692 = FACE_BOUND('',#4693,.F.);
#4693 = EDGE_LOOP('',(#4694,#4702,#4703,#4704));
#4694 = ORIENTED_EDGE('',*,*,#4695,.F.);
#4695 = EDGE_CURVE('',#3546,#4696,#4698,.T.);
#4696 = VERTEX_POINT('',#4697);
#4697 = CARTESIAN_POINT('',(-0.16,-12.54,8.54));
#4698 = LINE('',#4699,#4700);
#4699 = CARTESIAN_POINT('',(-0.16,-12.54,8.54));
#4700 = VECTOR('',#4701,1.);
#4701 = DIRECTION('',(0.57735026919,-0.57735026919,0.57735026919));
#4702 = ORIENTED_EDGE('',*,*,#3553,.T.);
#4703 = ORIENTED_EDGE('',*,*,#4673,.T.);
#4704 = ORIENTED_EDGE('',*,*,#4705,.F.);
#4705 = EDGE_CURVE('',#4696,#4674,#4706,.T.);
#4706 = LINE('',#4707,#4708);
#4707 = CARTESIAN_POINT('',(-0.32,-12.54,8.54));
#4708 = VECTOR('',#4709,1.);
#4709 = DIRECTION('',(1.,0.,0.));
#4710 = PLANE('',#4711);
#4711 = AXIS2_PLACEMENT_3D('',#4712,#4713,#4714);
#4712 = CARTESIAN_POINT('',(-0.32,-12.46,8.46));
#4713 = DIRECTION('',(1.735167508357E-18,0.707106781187,0.707106781187)
  );
#4714 = DIRECTION('',(-1.,1.226948711654E-18,1.226948711654E-18));
#4715 = ADVANCED_FACE('',(#4716),#4727,.F.);
#4716 = FACE_BOUND('',#4717,.F.);
#4717 = EDGE_LOOP('',(#4718,#4719,#4720,#4721));
#4718 = ORIENTED_EDGE('',*,*,#4640,.F.);
#4719 = ORIENTED_EDGE('',*,*,#3570,.T.);
#4720 = ORIENTED_EDGE('',*,*,#4695,.T.);
#4721 = ORIENTED_EDGE('',*,*,#4722,.F.);
#4722 = EDGE_CURVE('',#4641,#4696,#4723,.T.);
#4723 = LINE('',#4724,#4725);
#4724 = CARTESIAN_POINT('',(-0.16,-13.02,8.54));
#4725 = VECTOR('',#4726,1.);
#4726 = DIRECTION('',(0.,1.,0.));
#4727 = PLANE('',#4728);
#4728 = AXIS2_PLACEMENT_3D('',#4729,#4730,#4731);
#4729 = CARTESIAN_POINT('',(-0.24,-13.02,8.46));
#4730 = DIRECTION('',(0.707106781187,1.735167508357E-18,-0.707106781187)
  );
#4731 = DIRECTION('',(-1.226948711654E-18,1.,1.226948711654E-18));
#4732 = ADVANCED_FACE('',(#4733),#4758,.T.);
#4733 = FACE_BOUND('',#4734,.F.);
#4734 = EDGE_LOOP('',(#4735,#4743,#4744,#4752));
#4735 = ORIENTED_EDGE('',*,*,#4736,.F.);
#4736 = EDGE_CURVE('',#3594,#4737,#4739,.T.);
#4737 = VERTEX_POINT('',#4738);
#4738 = CARTESIAN_POINT('',(-0.16,-10.,8.54));
#4739 = LINE('',#4740,#4741);
#4740 = CARTESIAN_POINT('',(-0.16,-10.,8.54));
#4741 = VECTOR('',#4742,1.);
#4742 = DIRECTION('',(0.57735026919,-0.57735026919,0.57735026919));
#4743 = ORIENTED_EDGE('',*,*,#3601,.T.);
#4744 = ORIENTED_EDGE('',*,*,#4745,.T.);
#4745 = EDGE_CURVE('',#3585,#4746,#4748,.T.);
#4746 = VERTEX_POINT('',#4747);
#4747 = CARTESIAN_POINT('',(0.16,-10.,8.54));
#4748 = LINE('',#4749,#4750);
#4749 = CARTESIAN_POINT('',(5.333333333333E-02,-10.10666666666,
    8.646666666667));
#4750 = VECTOR('',#4751,1.);
#4751 = DIRECTION('',(-0.57735026919,-0.57735026919,0.57735026919));
#4752 = ORIENTED_EDGE('',*,*,#4753,.F.);
#4753 = EDGE_CURVE('',#4737,#4746,#4754,.T.);
#4754 = LINE('',#4755,#4756);
#4755 = CARTESIAN_POINT('',(-0.32,-10.,8.54));
#4756 = VECTOR('',#4757,1.);
#4757 = DIRECTION('',(1.,0.,0.));
#4758 = PLANE('',#4759);
#4759 = AXIS2_PLACEMENT_3D('',#4760,#4761,#4762);
#4760 = CARTESIAN_POINT('',(-0.32,-9.92,8.46));
#4761 = DIRECTION('',(1.735167508357E-18,0.707106781187,0.707106781187)
  );
#4762 = DIRECTION('',(-1.,1.226948711654E-18,1.226948711654E-18));
#4763 = ADVANCED_FACE('',(#4764),#4782,.F.);
#4764 = FACE_BOUND('',#4765,.F.);
#4765 = EDGE_LOOP('',(#4766,#4774,#4775,#4776));
#4766 = ORIENTED_EDGE('',*,*,#4767,.F.);
#4767 = EDGE_CURVE('',#3616,#4768,#4770,.T.);
#4768 = VERTEX_POINT('',#4769);
#4769 = CARTESIAN_POINT('',(-0.16,-10.32,8.54));
#4770 = LINE('',#4771,#4772);
#4771 = CARTESIAN_POINT('',(-0.266666666667,-10.42666666666,
    8.433333333333));
#4772 = VECTOR('',#4773,1.);
#4773 = DIRECTION('',(0.57735026919,0.57735026919,0.57735026919));
#4774 = ORIENTED_EDGE('',*,*,#3625,.T.);
#4775 = ORIENTED_EDGE('',*,*,#4736,.T.);
#4776 = ORIENTED_EDGE('',*,*,#4777,.F.);
#4777 = EDGE_CURVE('',#4768,#4737,#4778,.T.);
#4778 = LINE('',#4779,#4780);
#4779 = CARTESIAN_POINT('',(-0.16,-10.48,8.54));
#4780 = VECTOR('',#4781,1.);
#4781 = DIRECTION('',(0.,1.,0.));
#4782 = PLANE('',#4783);
#4783 = AXIS2_PLACEMENT_3D('',#4784,#4785,#4786);
#4784 = CARTESIAN_POINT('',(-0.24,-10.48,8.46));
#4785 = DIRECTION('',(0.707106781187,1.735167508357E-18,-0.707106781187)
  );
#4786 = DIRECTION('',(-1.226948711654E-18,1.,1.226948711654E-18));
#4787 = ADVANCED_FACE('',(#4788),#4806,.F.);
#4788 = FACE_BOUND('',#4789,.T.);
#4789 = EDGE_LOOP('',(#4790,#4791,#4792,#4800));
#4790 = ORIENTED_EDGE('',*,*,#4767,.F.);
#4791 = ORIENTED_EDGE('',*,*,#3649,.T.);
#4792 = ORIENTED_EDGE('',*,*,#4793,.T.);
#4793 = EDGE_CURVE('',#3640,#4794,#4796,.T.);
#4794 = VERTEX_POINT('',#4795);
#4795 = CARTESIAN_POINT('',(0.16,-10.32,8.54));
#4796 = LINE('',#4797,#4798);
#4797 = CARTESIAN_POINT('',(0.16,-10.32,8.54));
#4798 = VECTOR('',#4799,1.);
#4799 = DIRECTION('',(-0.57735026919,0.57735026919,0.57735026919));
#4800 = ORIENTED_EDGE('',*,*,#4801,.F.);
#4801 = EDGE_CURVE('',#4768,#4794,#4802,.T.);
#4802 = LINE('',#4803,#4804);
#4803 = CARTESIAN_POINT('',(-0.32,-10.32,8.54));
#4804 = VECTOR('',#4805,1.);
#4805 = DIRECTION('',(1.,0.,0.));
#4806 = PLANE('',#4807);
#4807 = AXIS2_PLACEMENT_3D('',#4808,#4809,#4810);
#4808 = CARTESIAN_POINT('',(-0.32,-10.4,8.46));
#4809 = DIRECTION('',(-1.735167508357E-18,0.707106781187,-0.707106781187
    ));
#4810 = DIRECTION('',(-1.,-1.226948711654E-18,1.226948711654E-18));
#4811 = ADVANCED_FACE('',(#4812),#4823,.T.);
#4812 = FACE_BOUND('',#4813,.T.);
#4813 = EDGE_LOOP('',(#4814,#4815,#4816,#4817));
#4814 = ORIENTED_EDGE('',*,*,#4793,.F.);
#4815 = ORIENTED_EDGE('',*,*,#3666,.T.);
#4816 = ORIENTED_EDGE('',*,*,#4745,.T.);
#4817 = ORIENTED_EDGE('',*,*,#4818,.F.);
#4818 = EDGE_CURVE('',#4794,#4746,#4819,.T.);
#4819 = LINE('',#4820,#4821);
#4820 = CARTESIAN_POINT('',(0.16,-10.48,8.54));
#4821 = VECTOR('',#4822,1.);
#4822 = DIRECTION('',(0.,1.,0.));
#4823 = PLANE('',#4824);
#4824 = AXIS2_PLACEMENT_3D('',#4825,#4826,#4827);
#4825 = CARTESIAN_POINT('',(0.24,-10.48,8.46));
#4826 = DIRECTION('',(0.707106781187,-1.735167508357E-18,0.707106781187)
  );
#4827 = DIRECTION('',(1.226948711654E-18,1.,1.226948711654E-18));
#4828 = ADVANCED_FACE('',(#4829),#4854,.F.);
#4829 = FACE_BOUND('',#4830,.T.);
#4830 = EDGE_LOOP('',(#4831,#4839,#4840,#4848));
#4831 = ORIENTED_EDGE('',*,*,#4832,.F.);
#4832 = EDGE_CURVE('',#3690,#4833,#4835,.T.);
#4833 = VERTEX_POINT('',#4834);
#4834 = CARTESIAN_POINT('',(-0.16,-7.78,8.54));
#4835 = LINE('',#4836,#4837);
#4836 = CARTESIAN_POINT('',(-0.266666666667,-7.886666666667,
    8.433333333333));
#4837 = VECTOR('',#4838,1.);
#4838 = DIRECTION('',(0.57735026919,0.57735026919,0.57735026919));
#4839 = ORIENTED_EDGE('',*,*,#3697,.T.);
#4840 = ORIENTED_EDGE('',*,*,#4841,.T.);
#4841 = EDGE_CURVE('',#3681,#4842,#4844,.T.);
#4842 = VERTEX_POINT('',#4843);
#4843 = CARTESIAN_POINT('',(0.16,-7.78,8.54));
#4844 = LINE('',#4845,#4846);
#4845 = CARTESIAN_POINT('',(0.16,-7.78,8.54));
#4846 = VECTOR('',#4847,1.);
#4847 = DIRECTION('',(-0.57735026919,0.57735026919,0.57735026919));
#4848 = ORIENTED_EDGE('',*,*,#4849,.F.);
#4849 = EDGE_CURVE('',#4833,#4842,#4850,.T.);
#4850 = LINE('',#4851,#4852);
#4851 = CARTESIAN_POINT('',(-0.32,-7.78,8.54));
#4852 = VECTOR('',#4853,1.);
#4853 = DIRECTION('',(1.,0.,0.));
#4854 = PLANE('',#4855);
#4855 = AXIS2_PLACEMENT_3D('',#4856,#4857,#4858);
#4856 = CARTESIAN_POINT('',(-0.32,-7.86,8.46));
#4857 = DIRECTION('',(-1.735167508357E-18,0.707106781187,-0.707106781187
    ));
#4858 = DIRECTION('',(-1.,-1.226948711654E-18,1.226948711654E-18));
#4859 = ADVANCED_FACE('',(#4860),#4878,.T.);
#4860 = FACE_BOUND('',#4861,.T.);
#4861 = EDGE_LOOP('',(#4862,#4863,#4864,#4872));
#4862 = ORIENTED_EDGE('',*,*,#4841,.F.);
#4863 = ORIENTED_EDGE('',*,*,#3721,.T.);
#4864 = ORIENTED_EDGE('',*,*,#4865,.T.);
#4865 = EDGE_CURVE('',#3714,#4866,#4868,.T.);
#4866 = VERTEX_POINT('',#4867);
#4867 = CARTESIAN_POINT('',(0.16,-7.46,8.54));
#4868 = LINE('',#4869,#4870);
#4869 = CARTESIAN_POINT('',(5.333333333333E-02,-7.566666666667,
    8.646666666667));
#4870 = VECTOR('',#4871,1.);
#4871 = DIRECTION('',(-0.57735026919,-0.57735026919,0.57735026919));
#4872 = ORIENTED_EDGE('',*,*,#4873,.F.);
#4873 = EDGE_CURVE('',#4842,#4866,#4874,.T.);
#4874 = LINE('',#4875,#4876);
#4875 = CARTESIAN_POINT('',(0.16,-7.94,8.54));
#4876 = VECTOR('',#4877,1.);
#4877 = DIRECTION('',(0.,1.,0.));
#4878 = PLANE('',#4879);
#4879 = AXIS2_PLACEMENT_3D('',#4880,#4881,#4882);
#4880 = CARTESIAN_POINT('',(0.24,-7.94,8.46));
#4881 = DIRECTION('',(0.707106781187,-1.735167508357E-18,0.707106781187)
  );
#4882 = DIRECTION('',(1.226948711654E-18,1.,1.226948711654E-18));
#4883 = ADVANCED_FACE('',(#4884),#4902,.T.);
#4884 = FACE_BOUND('',#4885,.F.);
#4885 = EDGE_LOOP('',(#4886,#4894,#4895,#4896));
#4886 = ORIENTED_EDGE('',*,*,#4887,.F.);
#4887 = EDGE_CURVE('',#3738,#4888,#4890,.T.);
#4888 = VERTEX_POINT('',#4889);
#4889 = CARTESIAN_POINT('',(-0.16,-7.46,8.54));
#4890 = LINE('',#4891,#4892);
#4891 = CARTESIAN_POINT('',(-0.16,-7.46,8.54));
#4892 = VECTOR('',#4893,1.);
#4893 = DIRECTION('',(0.57735026919,-0.57735026919,0.57735026919));
#4894 = ORIENTED_EDGE('',*,*,#3745,.T.);
#4895 = ORIENTED_EDGE('',*,*,#4865,.T.);
#4896 = ORIENTED_EDGE('',*,*,#4897,.F.);
#4897 = EDGE_CURVE('',#4888,#4866,#4898,.T.);
#4898 = LINE('',#4899,#4900);
#4899 = CARTESIAN_POINT('',(-0.32,-7.46,8.54));
#4900 = VECTOR('',#4901,1.);
#4901 = DIRECTION('',(1.,0.,0.));
#4902 = PLANE('',#4903);
#4903 = AXIS2_PLACEMENT_3D('',#4904,#4905,#4906);
#4904 = CARTESIAN_POINT('',(-0.32,-7.38,8.46));
#4905 = DIRECTION('',(1.735167508357E-18,0.707106781187,0.707106781187)
  );
#4906 = DIRECTION('',(-1.,1.226948711654E-18,1.226948711654E-18));
#4907 = ADVANCED_FACE('',(#4908),#4919,.F.);
#4908 = FACE_BOUND('',#4909,.F.);
#4909 = EDGE_LOOP('',(#4910,#4911,#4912,#4913));
#4910 = ORIENTED_EDGE('',*,*,#4832,.F.);
#4911 = ORIENTED_EDGE('',*,*,#3762,.T.);
#4912 = ORIENTED_EDGE('',*,*,#4887,.T.);
#4913 = ORIENTED_EDGE('',*,*,#4914,.F.);
#4914 = EDGE_CURVE('',#4833,#4888,#4915,.T.);
#4915 = LINE('',#4916,#4917);
#4916 = CARTESIAN_POINT('',(-0.16,-7.94,8.54));
#4917 = VECTOR('',#4918,1.);
#4918 = DIRECTION('',(0.,1.,0.));
#4919 = PLANE('',#4920);
#4920 = AXIS2_PLACEMENT_3D('',#4921,#4922,#4923);
#4921 = CARTESIAN_POINT('',(-0.24,-7.94,8.46));
#4922 = DIRECTION('',(0.707106781187,1.735167508357E-18,-0.707106781187)
  );
#4923 = DIRECTION('',(-1.226948711654E-18,1.,1.226948711654E-18));
#4924 = ADVANCED_FACE('',(#4925),#4931,.F.);
#4925 = FACE_BOUND('',#4926,.F.);
#4926 = EDGE_LOOP('',(#4927,#4928,#4929,#4930));
#4927 = ORIENTED_EDGE('',*,*,#3817,.F.);
#4928 = ORIENTED_EDGE('',*,*,#3841,.F.);
#4929 = ORIENTED_EDGE('',*,*,#3858,.T.);
#4930 = ORIENTED_EDGE('',*,*,#3793,.T.);
#4931 = PLANE('',#4932);
#4932 = AXIS2_PLACEMENT_3D('',#4933,#4934,#4935);
#4933 = CARTESIAN_POINT('',(-0.32,-0.32,-3.));
#4934 = DIRECTION('',(0.,0.,1.));
#4935 = DIRECTION('',(1.,0.,-0.));
#4936 = ADVANCED_FACE('',(#4937),#4943,.F.);
#4937 = FACE_BOUND('',#4938,.F.);
#4938 = EDGE_LOOP('',(#4939,#4940,#4941,#4942));
#4939 = ORIENTED_EDGE('',*,*,#3913,.F.);
#4940 = ORIENTED_EDGE('',*,*,#3937,.F.);
#4941 = ORIENTED_EDGE('',*,*,#3954,.T.);
#4942 = ORIENTED_EDGE('',*,*,#3889,.T.);
#4943 = PLANE('',#4944);
#4944 = AXIS2_PLACEMENT_3D('',#4945,#4946,#4947);
#4945 = CARTESIAN_POINT('',(-0.32,-5.4,-3.));
#4946 = DIRECTION('',(0.,0.,1.));
#4947 = DIRECTION('',(1.,0.,-0.));
#4948 = ADVANCED_FACE('',(#4949),#4955,.F.);
#4949 = FACE_BOUND('',#4950,.F.);
#4950 = EDGE_LOOP('',(#4951,#4952,#4953,#4954));
#4951 = ORIENTED_EDGE('',*,*,#4009,.F.);
#4952 = ORIENTED_EDGE('',*,*,#4033,.F.);
#4953 = ORIENTED_EDGE('',*,*,#4050,.T.);
#4954 = ORIENTED_EDGE('',*,*,#3985,.T.);
#4955 = PLANE('',#4956);
#4956 = AXIS2_PLACEMENT_3D('',#4957,#4958,#4959);
#4957 = CARTESIAN_POINT('',(-0.32,-2.86,-3.));
#4958 = DIRECTION('',(0.,0.,1.));
#4959 = DIRECTION('',(1.,0.,-0.));
#4960 = ADVANCED_FACE('',(#4961),#4967,.F.);
#4961 = FACE_BOUND('',#4962,.F.);
#4962 = EDGE_LOOP('',(#4963,#4964,#4965,#4966));
#4963 = ORIENTED_EDGE('',*,*,#4129,.F.);
#4964 = ORIENTED_EDGE('',*,*,#4146,.F.);
#4965 = ORIENTED_EDGE('',*,*,#4081,.T.);
#4966 = ORIENTED_EDGE('',*,*,#4105,.T.);
#4967 = PLANE('',#4968);
#4968 = AXIS2_PLACEMENT_3D('',#4969,#4970,#4971);
#4969 = CARTESIAN_POINT('',(-0.32,-13.02,-3.));
#4970 = DIRECTION('',(0.,0.,1.));
#4971 = DIRECTION('',(1.,0.,-0.));
#4972 = ADVANCED_FACE('',(#4973),#4979,.F.);
#4973 = FACE_BOUND('',#4974,.F.);
#4974 = EDGE_LOOP('',(#4975,#4976,#4977,#4978));
#4975 = ORIENTED_EDGE('',*,*,#4177,.F.);
#4976 = ORIENTED_EDGE('',*,*,#4201,.F.);
#4977 = ORIENTED_EDGE('',*,*,#4225,.T.);
#4978 = ORIENTED_EDGE('',*,*,#4242,.T.);
#4979 = PLANE('',#4980);
#4980 = AXIS2_PLACEMENT_3D('',#4981,#4982,#4983);
#4981 = CARTESIAN_POINT('',(-0.32,-10.48,-3.));
#4982 = DIRECTION('',(0.,0.,1.));
#4983 = DIRECTION('',(1.,0.,-0.));
#4984 = ADVANCED_FACE('',(#4985),#4991,.F.);
#4985 = FACE_BOUND('',#4986,.F.);
#4986 = EDGE_LOOP('',(#4987,#4988,#4989,#4990));
#4987 = ORIENTED_EDGE('',*,*,#4321,.F.);
#4988 = ORIENTED_EDGE('',*,*,#4338,.F.);
#4989 = ORIENTED_EDGE('',*,*,#4273,.T.);
#4990 = ORIENTED_EDGE('',*,*,#4297,.T.);
#4991 = PLANE('',#4992);
#4992 = AXIS2_PLACEMENT_3D('',#4993,#4994,#4995);
#4993 = CARTESIAN_POINT('',(-0.32,-7.94,-3.));
#4994 = DIRECTION('',(0.,0.,1.));
#4995 = DIRECTION('',(1.,0.,-0.));
#4996 = ADVANCED_FACE('',(#4997),#5003,.T.);
#4997 = FACE_BOUND('',#4998,.T.);
#4998 = EDGE_LOOP('',(#4999,#5000,#5001,#5002));
#4999 = ORIENTED_EDGE('',*,*,#4369,.T.);
#5000 = ORIENTED_EDGE('',*,*,#4393,.F.);
#5001 = ORIENTED_EDGE('',*,*,#4417,.F.);
#5002 = ORIENTED_EDGE('',*,*,#4434,.T.);
#5003 = PLANE('',#5004);
#5004 = AXIS2_PLACEMENT_3D('',#5005,#5006,#5007);
#5005 = CARTESIAN_POINT('',(-0.32,-0.32,8.54));
#5006 = DIRECTION('',(0.,0.,1.));
#5007 = DIRECTION('',(1.,0.,-0.));
#5008 = ADVANCED_FACE('',(#5009),#5015,.T.);
#5009 = FACE_BOUND('',#5010,.T.);
#5010 = EDGE_LOOP('',(#5011,#5012,#5013,#5014));
#5011 = ORIENTED_EDGE('',*,*,#4465,.T.);
#5012 = ORIENTED_EDGE('',*,*,#4489,.F.);
#5013 = ORIENTED_EDGE('',*,*,#4513,.F.);
#5014 = ORIENTED_EDGE('',*,*,#4530,.T.);
#5015 = PLANE('',#5016);
#5016 = AXIS2_PLACEMENT_3D('',#5017,#5018,#5019);
#5017 = CARTESIAN_POINT('',(-0.32,-5.4,8.54));
#5018 = DIRECTION('',(0.,0.,1.));
#5019 = DIRECTION('',(1.,0.,-0.));
#5020 = ADVANCED_FACE('',(#5021),#5027,.T.);
#5021 = FACE_BOUND('',#5022,.T.);
#5022 = EDGE_LOOP('',(#5023,#5024,#5025,#5026));
#5023 = ORIENTED_EDGE('',*,*,#4561,.T.);
#5024 = ORIENTED_EDGE('',*,*,#4585,.F.);
#5025 = ORIENTED_EDGE('',*,*,#4609,.F.);
#5026 = ORIENTED_EDGE('',*,*,#4626,.T.);
#5027 = PLANE('',#5028);
#5028 = AXIS2_PLACEMENT_3D('',#5029,#5030,#5031);
#5029 = CARTESIAN_POINT('',(-0.32,-2.86,8.54));
#5030 = DIRECTION('',(0.,0.,1.));
#5031 = DIRECTION('',(1.,0.,-0.));
#5032 = ADVANCED_FACE('',(#5033),#5039,.T.);
#5033 = FACE_BOUND('',#5034,.T.);
#5034 = EDGE_LOOP('',(#5035,#5036,#5037,#5038));
#5035 = ORIENTED_EDGE('',*,*,#4681,.T.);
#5036 = ORIENTED_EDGE('',*,*,#4705,.F.);
#5037 = ORIENTED_EDGE('',*,*,#4722,.F.);
#5038 = ORIENTED_EDGE('',*,*,#4657,.T.);
#5039 = PLANE('',#5040);
#5040 = AXIS2_PLACEMENT_3D('',#5041,#5042,#5043);
#5041 = CARTESIAN_POINT('',(-0.32,-13.02,8.54));
#5042 = DIRECTION('',(0.,0.,1.));
#5043 = DIRECTION('',(1.,0.,-0.));
#5044 = ADVANCED_FACE('',(#5045),#5051,.T.);
#5045 = FACE_BOUND('',#5046,.T.);
#5046 = EDGE_LOOP('',(#5047,#5048,#5049,#5050));
#5047 = ORIENTED_EDGE('',*,*,#4818,.T.);
#5048 = ORIENTED_EDGE('',*,*,#4753,.F.);
#5049 = ORIENTED_EDGE('',*,*,#4777,.F.);
#5050 = ORIENTED_EDGE('',*,*,#4801,.T.);
#5051 = PLANE('',#5052);
#5052 = AXIS2_PLACEMENT_3D('',#5053,#5054,#5055);
#5053 = CARTESIAN_POINT('',(-0.32,-10.48,8.54));
#5054 = DIRECTION('',(0.,0.,1.));
#5055 = DIRECTION('',(1.,0.,-0.));
#5056 = ADVANCED_FACE('',(#5057),#5063,.T.);
#5057 = FACE_BOUND('',#5058,.T.);
#5058 = EDGE_LOOP('',(#5059,#5060,#5061,#5062));
#5059 = ORIENTED_EDGE('',*,*,#4873,.T.);
#5060 = ORIENTED_EDGE('',*,*,#4897,.F.);
#5061 = ORIENTED_EDGE('',*,*,#4914,.F.);
#5062 = ORIENTED_EDGE('',*,*,#4849,.T.);
#5063 = PLANE('',#5064);
#5064 = AXIS2_PLACEMENT_3D('',#5065,#5066,#5067);
#5065 = CARTESIAN_POINT('',(-0.32,-7.94,8.54));
#5066 = DIRECTION('',(0.,0.,1.));
#5067 = DIRECTION('',(1.,0.,-0.));
#5068 = ( GEOMETRIC_REPRESENTATION_CONTEXT(3) 
GLOBAL_UNCERTAINTY_ASSIGNED_CONTEXT((#5072)) 
GLOBAL_UNIT_ASSIGNED_CONTEXT((#5069,#5070,#5071)) REPRESENTATION_CONTEXT
('Context #1','3D Context with UNIT and UNCERTAINTY') );
#5069 = ( LENGTH_UNIT() NAMED_UNIT(*) SI_UNIT(.MILLI.,.METRE.) );
#5070 = ( NAMED_UNIT(*) PLANE_ANGLE_UNIT() SI_UNIT($,.RADIAN.) );
#5071 = ( NAMED_UNIT(*) SI_UNIT($,.STERADIAN.) SOLID_ANGLE_UNIT() );
#5072 = UNCERTAINTY_MEASURE_WITH_UNIT(LENGTH_MEASURE(1.E-07),#5069,
  'distance_accuracy_value','confusion accuracy');
#5073 = CONTEXT_DEPENDENT_SHAPE_REPRESENTATION(#5074,#5076);
#5074 = ( REPRESENTATION_RELATIONSHIP('','',#939,#916) 
REPRESENTATION_RELATIONSHIP_WITH_TRANSFORMATION(#5075) 
SHAPE_REPRESENTATION_RELATIONSHIP() );
#5075 = ITEM_DEFINED_TRANSFORMATION('','',#11,#917);
#5076 = PRODUCT_DEFINITION_SHAPE('Placement','Placement of an item',
  #5077);
#5077 = NEXT_ASSEMBLY_USAGE_OCCURRENCE('3','=>[0:1:1:5]','',#911,#934,$
  );
#5078 = PRODUCT_RELATED_PRODUCT_CATEGORY('part',$,(#936));
#5079 = CONTEXT_DEPENDENT_SHAPE_REPRESENTATION(#5080,#5082);
#5080 = ( REPRESENTATION_RELATIONSHIP('','',#84,#10) 
REPRESENTATION_RELATIONSHIP_WITH_TRANSFORMATION(#5081) 
SHAPE_REPRESENTATION_RELATIONSHIP() );
#5081 = ITEM_DEFINED_TRANSFORMATION('','',#11,#23);
#5082 = PRODUCT_DEFINITION_SHAPE('Placement','Placement of an item',
  #5083);
#5083 = NEXT_ASSEMBLY_USAGE_OCCURRENCE('5','R4','',#5,#79,$);
#5084 = CONTEXT_DEPENDENT_SHAPE_REPRESENTATION(#5085,#5087);
#5085 = ( REPRESENTATION_RELATIONSHIP('','',#916,#10) 
REPRESENTATION_RELATIONSHIP_WITH_TRANSFORMATION(#5086) 
SHAPE_REPRESENTATION_RELATIONSHIP() );
#5086 = ITEM_DEFINED_TRANSFORMATION('','',#11,#27);
#5087 = PRODUCT_DEFINITION_SHAPE('Placement','Placement of an item',
  #5088);
#5088 = NEXT_ASSEMBLY_USAGE_OCCURRENCE('6','J1','',#5,#911,$);
#5089 = CONTEXT_DEPENDENT_SHAPE_REPRESENTATION(#5090,#5092);
#5090 = ( REPRESENTATION_RELATIONSHIP('','',#84,#10) 
REPRESENTATION_RELATIONSHIP_WITH_TRANSFORMATION(#5091) 
SHAPE_REPRESENTATION_RELATIONSHIP() );
#5091 = ITEM_DEFINED_TRANSFORMATION('','',#11,#31);
#5092 = PRODUCT_DEFINITION_SHAPE('Placement','Placement of an item',
  #5093);
#5093 = NEXT_ASSEMBLY_USAGE_OCCURRENCE('7','R2','',#5,#79,$);
#5094 = CONTEXT_DEPENDENT_SHAPE_REPRESENTATION(#5095,#5097);
#5095 = ( REPRESENTATION_RELATIONSHIP('','',#916,#10) 
REPRESENTATION_RELATIONSHIP_WITH_TRANSFORMATION(#5096) 
SHAPE_REPRESENTATION_RELATIONSHIP() );
#5096 = ITEM_DEFINED_TRANSFORMATION('','',#11,#35);
#5097 = PRODUCT_DEFINITION_SHAPE('Placement','Placement of an item',
  #5098);
#5098 = NEXT_ASSEMBLY_USAGE_OCCURRENCE('8','J3','',#5,#911,$);
#5099 = CONTEXT_DEPENDENT_SHAPE_REPRESENTATION(#5100,#5102);
#5100 = ( REPRESENTATION_RELATIONSHIP('','',#916,#10) 
REPRESENTATION_RELATIONSHIP_WITH_TRANSFORMATION(#5101) 
SHAPE_REPRESENTATION_RELATIONSHIP() );
#5101 = ITEM_DEFINED_TRANSFORMATION('','',#11,#39);
#5102 = PRODUCT_DEFINITION_SHAPE('Placement','Placement of an item',
  #5103);
#5103 = NEXT_ASSEMBLY_USAGE_OCCURRENCE('9','J4','',#5,#911,$);
#5104 = CONTEXT_DEPENDENT_SHAPE_REPRESENTATION(#5105,#5107);
#5105 = ( REPRESENTATION_RELATIONSHIP('','',#84,#10) 
REPRESENTATION_RELATIONSHIP_WITH_TRANSFORMATION(#5106) 
SHAPE_REPRESENTATION_RELATIONSHIP() );
#5106 = ITEM_DEFINED_TRANSFORMATION('','',#11,#43);
#5107 = PRODUCT_DEFINITION_SHAPE('Placement','Placement of an item',
  #5108);
#5108 = NEXT_ASSEMBLY_USAGE_OCCURRENCE('10','R1','',#5,#79,$);
#5109 = CONTEXT_DEPENDENT_SHAPE_REPRESENTATION(#5110,#5112);
#5110 = ( REPRESENTATION_RELATIONSHIP('','',#84,#10) 
REPRESENTATION_RELATIONSHIP_WITH_TRANSFORMATION(#5111) 
SHAPE_REPRESENTATION_RELATIONSHIP() );
#5111 = ITEM_DEFINED_TRANSFORMATION('','',#11,#47);
#5112 = PRODUCT_DEFINITION_SHAPE('Placement','Placement of an item',
  #5113);
#5113 = NEXT_ASSEMBLY_USAGE_OCCURRENCE('11','R3','',#5,#79,$);
#5114 = CONTEXT_DEPENDENT_SHAPE_REPRESENTATION(#5115,#5117);
#5115 = ( REPRESENTATION_RELATIONSHIP('','',#84,#10) 
REPRESENTATION_RELATIONSHIP_WITH_TRANSFORMATION(#5116) 
SHAPE_REPRESENTATION_RELATIONSHIP() );
#5116 = ITEM_DEFINED_TRANSFORMATION('','',#11,#51);
#5117 = PRODUCT_DEFINITION_SHAPE('Placement','Placement of an item',
  #5118);
#5118 = NEXT_ASSEMBLY_USAGE_OCCURRENCE('12','R8','',#5,#79,$);
#5119 = CONTEXT_DEPENDENT_SHAPE_REPRESENTATION(#5120,#5122);
#5120 = ( REPRESENTATION_RELATIONSHIP('','',#84,#10) 
REPRESENTATION_RELATIONSHIP_WITH_TRANSFORMATION(#5121) 
SHAPE_REPRESENTATION_RELATIONSHIP() );
#5121 = ITEM_DEFINED_TRANSFORMATION('','',#11,#55);
#5122 = PRODUCT_DEFINITION_SHAPE('Placement','Placement of an item',
  #5123);
#5123 = NEXT_ASSEMBLY_USAGE_OCCURRENCE('13','R7','',#5,#79,$);
#5124 = CONTEXT_DEPENDENT_SHAPE_REPRESENTATION(#5125,#5127);
#5125 = ( REPRESENTATION_RELATIONSHIP('','',#84,#10) 
REPRESENTATION_RELATIONSHIP_WITH_TRANSFORMATION(#5126) 
SHAPE_REPRESENTATION_RELATIONSHIP() );
#5126 = ITEM_DEFINED_TRANSFORMATION('','',#11,#59);
#5127 = PRODUCT_DEFINITION_SHAPE('Placement','Placement of an item',
  #5128);
#5128 = NEXT_ASSEMBLY_USAGE_OCCURRENCE('14','R5','',#5,#79,$);
#5129 = SHAPE_DEFINITION_REPRESENTATION(#5130,#5136);
#5130 = PRODUCT_DEFINITION_SHAPE('','',#5131);
#5131 = PRODUCT_DEFINITION('design','',#5132,#5135);
#5132 = PRODUCT_DEFINITION_FORMATION('','',#5133);
#5133 = PRODUCT('JST_EH_B8B-EH-A_1x08_P2.50mm_Vertical',
  'JST_EH_B8B-EH-A_1x08_P2.50mm_Vertical','',(#5134));
#5134 = PRODUCT_CONTEXT('',#2,'mechanical');
#5135 = PRODUCT_DEFINITION_CONTEXT('part definition',#2,'design');
#5136 = SHAPE_REPRESENTATION('',(#11,#5137),#5141);
#5137 = AXIS2_PLACEMENT_3D('',#5138,#5139,#5140);
#5138 = CARTESIAN_POINT('',(0.,0.,0.));
#5139 = DIRECTION('',(0.,0.,1.));
#5140 = DIRECTION('',(1.,0.,-0.));
#5141 = ( GEOMETRIC_REPRESENTATION_CONTEXT(3) 
GLOBAL_UNCERTAINTY_ASSIGNED_CONTEXT((#5145)) 
GLOBAL_UNIT_ASSIGNED_CONTEXT((#5142,#5143,#5144)) REPRESENTATION_CONTEXT
('Context #1','3D Context with UNIT and UNCERTAINTY') );
#5142 = ( LENGTH_UNIT() NAMED_UNIT(*) SI_UNIT(.MILLI.,.METRE.) );
#5143 = ( NAMED_UNIT(*) PLANE_ANGLE_UNIT() SI_UNIT($,.RADIAN.) );
#5144 = ( NAMED_UNIT(*) SI_UNIT($,.STERADIAN.) SOLID_ANGLE_UNIT() );
#5145 = UNCERTAINTY_MEASURE_WITH_UNIT(LENGTH_MEASURE(1.E-07),#5142,
  'distance_accuracy_value','confusion accuracy');
#5146 = CONTEXT_DEPENDENT_SHAPE_REPRESENTATION(#5147,#5149);
#5147 = ( REPRESENTATION_RELATIONSHIP('','',#5136,#10) 
REPRESENTATION_RELATIONSHIP_WITH_TRANSFORMATION(#5148) 
SHAPE_REPRESENTATION_RELATIONSHIP() );
#5148 = ITEM_DEFINED_TRANSFORMATION('','',#11,#63);
#5149 = PRODUCT_DEFINITION_SHAPE('Placement','Placement of an item',
  #5150);
#5150 = NEXT_ASSEMBLY_USAGE_OCCURRENCE('16','J2','',#5,#5131,$);
#5151 = PRODUCT_RELATED_PRODUCT_CATEGORY('part',$,(#5133));
#5152 = SHAPE_DEFINITION_REPRESENTATION(#5153,#5159);
#5153 = PRODUCT_DEFINITION_SHAPE('','',#5154);
#5154 = PRODUCT_DEFINITION('design','',#5155,#5158);
#5155 = PRODUCT_DEFINITION_FORMATION('','',#5156);
#5156 = PRODUCT('JST_B8B_EH_A','JST_B8B_EH_A','',(#5157));
#5157 = PRODUCT_CONTEXT('',#2,'mechanical');
#5158 = PRODUCT_DEFINITION_CONTEXT('part definition',#2,'design');
#5159 = ADVANCED_BREP_SHAPE_REPRESENTATION('',(#11,#5160),#11302);
#5160 = MANIFOLD_SOLID_BREP('',#5161);
#5161 = CLOSED_SHELL('',(#5162,#5490,#5521,#5545,#5603,#5627,#5651,#5675
    ,#5733,#5757,#5781,#5805,#5863,#5887,#5911,#5935,#5993,#6017,#6041,
    #6065,#6123,#6147,#6171,#6195,#6253,#6277,#6301,#6325,#6383,#6407,
    #6431,#6455,#6513,#6537,#6561,#6641,#6665,#6729,#6753,#6817,#6841,
    #6914,#6963,#7026,#7050,#7106,#7123,#7154,#7178,#7202,#7219,#7250,
    #7274,#7298,#7315,#7346,#7370,#7394,#7411,#7442,#7466,#7490,#7507,
    #7538,#7562,#7586,#7603,#7634,#7658,#7682,#7699,#7762,#7786,#7842,
    #7859,#7940,#7964,#8329,#8346,#8363,#8380,#8392,#8404,#8421,#8438,
    #8455,#8467,#8484,#8531,#8562,#8574,#8591,#8617,#8650,#8681,#8705,
    #8729,#8746,#8777,#8801,#8825,#8842,#8873,#8897,#8921,#8938,#8969,
    #8993,#9017,#9034,#9065,#9089,#9113,#9130,#9161,#9185,#9209,#9226,
    #9273,#9304,#9316,#9333,#9359,#9392,#9409,#9426,#9443,#9460,#9477,
    #9494,#9506,#9537,#9561,#9585,#9602,#9633,#9657,#9681,#9698,#9729,
    #9753,#9777,#9794,#9825,#9849,#9873,#9890,#9921,#9945,#9969,#9986,
    #10017,#10041,#10065,#10082,#10113,#10137,#10161,#10178,#10209,
    #10233,#10257,#10274,#10291,#10308,#10320,#10332,#10344,#10356,
    #10368,#10380,#10392,#10409,#10426,#10438,#10469,#10493,#10517,
    #10534,#10565,#10589,#10613,#10630,#10661,#10685,#10709,#10726,
    #10757,#10781,#10805,#10822,#10853,#10877,#10901,#10918,#10949,
    #10973,#10997,#11014,#11045,#11069,#11093,#11110,#11141,#11165,
    #11189,#11206,#11218,#11230,#11242,#11254,#11266,#11278,#11290));
#5162 = ADVANCED_FACE('',(#5163),#5485,.F.);
#5163 = FACE_BOUND('',#5164,.F.);
#5164 = EDGE_LOOP('',(#5165,#5175,#5183,#5191,#5199,#5207,#5215,#5223,
    #5231,#5239,#5247,#5255,#5263,#5271,#5279,#5287,#5295,#5303,#5311,
    #5319,#5327,#5335,#5343,#5351,#5359,#5367,#5375,#5383,#5391,#5399,
    #5407,#5415,#5423,#5431,#5439,#5447,#5455,#5463,#5471,#5479));
#5165 = ORIENTED_EDGE('',*,*,#5166,.F.);
#5166 = EDGE_CURVE('',#5167,#5169,#5171,.T.);
#5167 = VERTEX_POINT('',#5168);
#5168 = CARTESIAN_POINT('',(-2.5,-2.2,0.));
#5169 = VERTEX_POINT('',#5170);
#5170 = CARTESIAN_POINT('',(-0.75,-2.2,0.));
#5171 = LINE('',#5172,#5173);
#5172 = CARTESIAN_POINT('',(-2.5,-2.2,0.));
#5173 = VECTOR('',#5174,1.);
#5174 = DIRECTION('',(1.,0.,0.));
#5175 = ORIENTED_EDGE('',*,*,#5176,.T.);
#5176 = EDGE_CURVE('',#5167,#5177,#5179,.T.);
#5177 = VERTEX_POINT('',#5178);
#5178 = CARTESIAN_POINT('',(-2.5,-2.2,5.2));
#5179 = LINE('',#5180,#5181);
#5180 = CARTESIAN_POINT('',(-2.5,-2.2,0.));
#5181 = VECTOR('',#5182,1.);
#5182 = DIRECTION('',(0.,0.,1.));
#5183 = ORIENTED_EDGE('',*,*,#5184,.T.);
#5184 = EDGE_CURVE('',#5177,#5185,#5187,.T.);
#5185 = VERTEX_POINT('',#5186);
#5186 = CARTESIAN_POINT('',(-1.5,-2.2,5.2));
#5187 = LINE('',#5188,#5189);
#5188 = CARTESIAN_POINT('',(-2.5,-2.2,5.2));
#5189 = VECTOR('',#5190,1.);
#5190 = DIRECTION('',(1.,0.,0.));
#5191 = ORIENTED_EDGE('',*,*,#5192,.T.);
#5192 = EDGE_CURVE('',#5185,#5193,#5195,.T.);
#5193 = VERTEX_POINT('',#5194);
#5194 = CARTESIAN_POINT('',(-1.5,-2.2,1.1));
#5195 = LINE('',#5196,#5197);
#5196 = CARTESIAN_POINT('',(-1.5,-2.2,1.5));
#5197 = VECTOR('',#5198,1.);
#5198 = DIRECTION('',(0.,0.,-1.));
#5199 = ORIENTED_EDGE('',*,*,#5200,.T.);
#5200 = EDGE_CURVE('',#5193,#5201,#5203,.T.);
#5201 = VERTEX_POINT('',#5202);
#5202 = CARTESIAN_POINT('',(19.,-2.2,1.1));
#5203 = LINE('',#5204,#5205);
#5204 = CARTESIAN_POINT('',(-1.5,-2.2,1.1));
#5205 = VECTOR('',#5206,1.);
#5206 = DIRECTION('',(1.,0.,0.));
#5207 = ORIENTED_EDGE('',*,*,#5208,.F.);
#5208 = EDGE_CURVE('',#5209,#5201,#5211,.T.);
#5209 = VERTEX_POINT('',#5210);
#5210 = CARTESIAN_POINT('',(19.,-2.2,5.2));
#5211 = LINE('',#5212,#5213);
#5212 = CARTESIAN_POINT('',(19.,-2.2,6.));
#5213 = VECTOR('',#5214,1.);
#5214 = DIRECTION('',(-0.,-0.,-1.));
#5215 = ORIENTED_EDGE('',*,*,#5216,.T.);
#5216 = EDGE_CURVE('',#5209,#5217,#5219,.T.);
#5217 = VERTEX_POINT('',#5218);
#5218 = CARTESIAN_POINT('',(20.,-2.2,5.2));
#5219 = LINE('',#5220,#5221);
#5220 = CARTESIAN_POINT('',(-2.5,-2.2,5.2));
#5221 = VECTOR('',#5222,1.);
#5222 = DIRECTION('',(1.,0.,0.));
#5223 = ORIENTED_EDGE('',*,*,#5224,.F.);
#5224 = EDGE_CURVE('',#5225,#5217,#5227,.T.);
#5225 = VERTEX_POINT('',#5226);
#5226 = CARTESIAN_POINT('',(20.,-2.2,0.));
#5227 = LINE('',#5228,#5229);
#5228 = CARTESIAN_POINT('',(20.,-2.2,0.));
#5229 = VECTOR('',#5230,1.);
#5230 = DIRECTION('',(0.,0.,1.));
#5231 = ORIENTED_EDGE('',*,*,#5232,.F.);
#5232 = EDGE_CURVE('',#5233,#5225,#5235,.T.);
#5233 = VERTEX_POINT('',#5234);
#5234 = CARTESIAN_POINT('',(18.25,-2.2,0.));
#5235 = LINE('',#5236,#5237);
#5236 = CARTESIAN_POINT('',(-2.5,-2.2,0.));
#5237 = VECTOR('',#5238,1.);
#5238 = DIRECTION('',(1.,0.,0.));
#5239 = ORIENTED_EDGE('',*,*,#5240,.T.);
#5240 = EDGE_CURVE('',#5233,#5241,#5243,.T.);
#5241 = VERTEX_POINT('',#5242);
#5242 = CARTESIAN_POINT('',(18.25,-2.2,0.3));
#5243 = LINE('',#5244,#5245);
#5244 = CARTESIAN_POINT('',(18.25,-2.2,0.));
#5245 = VECTOR('',#5246,1.);
#5246 = DIRECTION('',(0.,0.,1.));
#5247 = ORIENTED_EDGE('',*,*,#5248,.F.);
#5248 = EDGE_CURVE('',#5249,#5241,#5251,.T.);
#5249 = VERTEX_POINT('',#5250);
#5250 = CARTESIAN_POINT('',(16.75,-2.2,0.3));
#5251 = LINE('',#5252,#5253);
#5252 = CARTESIAN_POINT('',(16.75,-2.2,0.3));
#5253 = VECTOR('',#5254,1.);
#5254 = DIRECTION('',(1.,0.,0.));
#5255 = ORIENTED_EDGE('',*,*,#5256,.F.);
#5256 = EDGE_CURVE('',#5257,#5249,#5259,.T.);
#5257 = VERTEX_POINT('',#5258);
#5258 = CARTESIAN_POINT('',(16.75,-2.2,0.));
#5259 = LINE('',#5260,#5261);
#5260 = CARTESIAN_POINT('',(16.75,-2.2,0.));
#5261 = VECTOR('',#5262,1.);
#5262 = DIRECTION('',(0.,0.,1.));
#5263 = ORIENTED_EDGE('',*,*,#5264,.F.);
#5264 = EDGE_CURVE('',#5265,#5257,#5267,.T.);
#5265 = VERTEX_POINT('',#5266);
#5266 = CARTESIAN_POINT('',(15.75,-2.2,0.));
#5267 = LINE('',#5268,#5269);
#5268 = CARTESIAN_POINT('',(-2.5,-2.2,0.));
#5269 = VECTOR('',#5270,1.);
#5270 = DIRECTION('',(1.,0.,0.));
#5271 = ORIENTED_EDGE('',*,*,#5272,.T.);
#5272 = EDGE_CURVE('',#5265,#5273,#5275,.T.);
#5273 = VERTEX_POINT('',#5274);
#5274 = CARTESIAN_POINT('',(15.75,-2.2,0.3));
#5275 = LINE('',#5276,#5277);
#5276 = CARTESIAN_POINT('',(15.75,-2.2,0.));
#5277 = VECTOR('',#5278,1.);
#5278 = DIRECTION('',(0.,0.,1.));
#5279 = ORIENTED_EDGE('',*,*,#5280,.F.);
#5280 = EDGE_CURVE('',#5281,#5273,#5283,.T.);
#5281 = VERTEX_POINT('',#5282);
#5282 = CARTESIAN_POINT('',(14.25,-2.2,0.3));
#5283 = LINE('',#5284,#5285);
#5284 = CARTESIAN_POINT('',(14.25,-2.2,0.3));
#5285 = VECTOR('',#5286,1.);
#5286 = DIRECTION('',(1.,0.,0.));
#5287 = ORIENTED_EDGE('',*,*,#5288,.F.);
#5288 = EDGE_CURVE('',#5289,#5281,#5291,.T.);
#5289 = VERTEX_POINT('',#5290);
#5290 = CARTESIAN_POINT('',(14.25,-2.2,0.));
#5291 = LINE('',#5292,#5293);
#5292 = CARTESIAN_POINT('',(14.25,-2.2,0.));
#5293 = VECTOR('',#5294,1.);
#5294 = DIRECTION('',(0.,0.,1.));
#5295 = ORIENTED_EDGE('',*,*,#5296,.F.);
#5296 = EDGE_CURVE('',#5297,#5289,#5299,.T.);
#5297 = VERTEX_POINT('',#5298);
#5298 = CARTESIAN_POINT('',(13.25,-2.2,0.));
#5299 = LINE('',#5300,#5301);
#5300 = CARTESIAN_POINT('',(-2.5,-2.2,0.));
#5301 = VECTOR('',#5302,1.);
#5302 = DIRECTION('',(1.,0.,0.));
#5303 = ORIENTED_EDGE('',*,*,#5304,.T.);
#5304 = EDGE_CURVE('',#5297,#5305,#5307,.T.);
#5305 = VERTEX_POINT('',#5306);
#5306 = CARTESIAN_POINT('',(13.25,-2.2,0.3));
#5307 = LINE('',#5308,#5309);
#5308 = CARTESIAN_POINT('',(13.25,-2.2,0.));
#5309 = VECTOR('',#5310,1.);
#5310 = DIRECTION('',(0.,0.,1.));
#5311 = ORIENTED_EDGE('',*,*,#5312,.F.);
#5312 = EDGE_CURVE('',#5313,#5305,#5315,.T.);
#5313 = VERTEX_POINT('',#5314);
#5314 = CARTESIAN_POINT('',(11.75,-2.2,0.3));
#5315 = LINE('',#5316,#5317);
#5316 = CARTESIAN_POINT('',(11.75,-2.2,0.3));
#5317 = VECTOR('',#5318,1.);
#5318 = DIRECTION('',(1.,0.,0.));
#5319 = ORIENTED_EDGE('',*,*,#5320,.F.);
#5320 = EDGE_CURVE('',#5321,#5313,#5323,.T.);
#5321 = VERTEX_POINT('',#5322);
#5322 = CARTESIAN_POINT('',(11.75,-2.2,0.));
#5323 = LINE('',#5324,#5325);
#5324 = CARTESIAN_POINT('',(11.75,-2.2,0.));
#5325 = VECTOR('',#5326,1.);
#5326 = DIRECTION('',(0.,0.,1.));
#5327 = ORIENTED_EDGE('',*,*,#5328,.F.);
#5328 = EDGE_CURVE('',#5329,#5321,#5331,.T.);
#5329 = VERTEX_POINT('',#5330);
#5330 = CARTESIAN_POINT('',(10.75,-2.2,0.));
#5331 = LINE('',#5332,#5333);
#5332 = CARTESIAN_POINT('',(-2.5,-2.2,0.));
#5333 = VECTOR('',#5334,1.);
#5334 = DIRECTION('',(1.,0.,0.));
#5335 = ORIENTED_EDGE('',*,*,#5336,.T.);
#5336 = EDGE_CURVE('',#5329,#5337,#5339,.T.);
#5337 = VERTEX_POINT('',#5338);
#5338 = CARTESIAN_POINT('',(10.75,-2.2,0.3));
#5339 = LINE('',#5340,#5341);
#5340 = CARTESIAN_POINT('',(10.75,-2.2,0.));
#5341 = VECTOR('',#5342,1.);
#5342 = DIRECTION('',(0.,0.,1.));
#5343 = ORIENTED_EDGE('',*,*,#5344,.F.);
#5344 = EDGE_CURVE('',#5345,#5337,#5347,.T.);
#5345 = VERTEX_POINT('',#5346);
#5346 = CARTESIAN_POINT('',(9.25,-2.2,0.3));
#5347 = LINE('',#5348,#5349);
#5348 = CARTESIAN_POINT('',(9.25,-2.2,0.3));
#5349 = VECTOR('',#5350,1.);
#5350 = DIRECTION('',(1.,0.,0.));
#5351 = ORIENTED_EDGE('',*,*,#5352,.F.);
#5352 = EDGE_CURVE('',#5353,#5345,#5355,.T.);
#5353 = VERTEX_POINT('',#5354);
#5354 = CARTESIAN_POINT('',(9.25,-2.2,0.));
#5355 = LINE('',#5356,#5357);
#5356 = CARTESIAN_POINT('',(9.25,-2.2,0.));
#5357 = VECTOR('',#5358,1.);
#5358 = DIRECTION('',(0.,0.,1.));
#5359 = ORIENTED_EDGE('',*,*,#5360,.F.);
#5360 = EDGE_CURVE('',#5361,#5353,#5363,.T.);
#5361 = VERTEX_POINT('',#5362);
#5362 = CARTESIAN_POINT('',(8.25,-2.2,0.));
#5363 = LINE('',#5364,#5365);
#5364 = CARTESIAN_POINT('',(-2.5,-2.2,0.));
#5365 = VECTOR('',#5366,1.);
#5366 = DIRECTION('',(1.,0.,0.));
#5367 = ORIENTED_EDGE('',*,*,#5368,.T.);
#5368 = EDGE_CURVE('',#5361,#5369,#5371,.T.);
#5369 = VERTEX_POINT('',#5370);
#5370 = CARTESIAN_POINT('',(8.25,-2.2,0.3));
#5371 = LINE('',#5372,#5373);
#5372 = CARTESIAN_POINT('',(8.25,-2.2,0.));
#5373 = VECTOR('',#5374,1.);
#5374 = DIRECTION('',(0.,0.,1.));
#5375 = ORIENTED_EDGE('',*,*,#5376,.F.);
#5376 = EDGE_CURVE('',#5377,#5369,#5379,.T.);
#5377 = VERTEX_POINT('',#5378);
#5378 = CARTESIAN_POINT('',(6.75,-2.2,0.3));
#5379 = LINE('',#5380,#5381);
#5380 = CARTESIAN_POINT('',(6.75,-2.2,0.3));
#5381 = VECTOR('',#5382,1.);
#5382 = DIRECTION('',(1.,0.,0.));
#5383 = ORIENTED_EDGE('',*,*,#5384,.F.);
#5384 = EDGE_CURVE('',#5385,#5377,#5387,.T.);
#5385 = VERTEX_POINT('',#5386);
#5386 = CARTESIAN_POINT('',(6.75,-2.2,0.));
#5387 = LINE('',#5388,#5389);
#5388 = CARTESIAN_POINT('',(6.75,-2.2,0.));
#5389 = VECTOR('',#5390,1.);
#5390 = DIRECTION('',(0.,0.,1.));
#5391 = ORIENTED_EDGE('',*,*,#5392,.F.);
#5392 = EDGE_CURVE('',#5393,#5385,#5395,.T.);
#5393 = VERTEX_POINT('',#5394);
#5394 = CARTESIAN_POINT('',(5.75,-2.2,0.));
#5395 = LINE('',#5396,#5397);
#5396 = CARTESIAN_POINT('',(-2.5,-2.2,0.));
#5397 = VECTOR('',#5398,1.);
#5398 = DIRECTION('',(1.,0.,0.));
#5399 = ORIENTED_EDGE('',*,*,#5400,.T.);
#5400 = EDGE_CURVE('',#5393,#5401,#5403,.T.);
#5401 = VERTEX_POINT('',#5402);
#5402 = CARTESIAN_POINT('',(5.75,-2.2,0.3));
#5403 = LINE('',#5404,#5405);
#5404 = CARTESIAN_POINT('',(5.75,-2.2,0.));
#5405 = VECTOR('',#5406,1.);
#5406 = DIRECTION('',(0.,0.,1.));
#5407 = ORIENTED_EDGE('',*,*,#5408,.F.);
#5408 = EDGE_CURVE('',#5409,#5401,#5411,.T.);
#5409 = VERTEX_POINT('',#5410);
#5410 = CARTESIAN_POINT('',(4.25,-2.2,0.3));
#5411 = LINE('',#5412,#5413);
#5412 = CARTESIAN_POINT('',(4.25,-2.2,0.3));
#5413 = VECTOR('',#5414,1.);
#5414 = DIRECTION('',(1.,0.,0.));
#5415 = ORIENTED_EDGE('',*,*,#5416,.F.);
#5416 = EDGE_CURVE('',#5417,#5409,#5419,.T.);
#5417 = VERTEX_POINT('',#5418);
#5418 = CARTESIAN_POINT('',(4.25,-2.2,0.));
#5419 = LINE('',#5420,#5421);
#5420 = CARTESIAN_POINT('',(4.25,-2.2,0.));
#5421 = VECTOR('',#5422,1.);
#5422 = DIRECTION('',(0.,0.,1.));
#5423 = ORIENTED_EDGE('',*,*,#5424,.F.);
#5424 = EDGE_CURVE('',#5425,#5417,#5427,.T.);
#5425 = VERTEX_POINT('',#5426);
#5426 = CARTESIAN_POINT('',(3.25,-2.2,0.));
#5427 = LINE('',#5428,#5429);
#5428 = CARTESIAN_POINT('',(-2.5,-2.2,0.));
#5429 = VECTOR('',#5430,1.);
#5430 = DIRECTION('',(1.,0.,0.));
#5431 = ORIENTED_EDGE('',*,*,#5432,.T.);
#5432 = EDGE_CURVE('',#5425,#5433,#5435,.T.);
#5433 = VERTEX_POINT('',#5434);
#5434 = CARTESIAN_POINT('',(3.25,-2.2,0.3));
#5435 = LINE('',#5436,#5437);
#5436 = CARTESIAN_POINT('',(3.25,-2.2,0.));
#5437 = VECTOR('',#5438,1.);
#5438 = DIRECTION('',(0.,0.,1.));
#5439 = ORIENTED_EDGE('',*,*,#5440,.F.);
#5440 = EDGE_CURVE('',#5441,#5433,#5443,.T.);
#5441 = VERTEX_POINT('',#5442);
#5442 = CARTESIAN_POINT('',(1.75,-2.2,0.3));
#5443 = LINE('',#5444,#5445);
#5444 = CARTESIAN_POINT('',(1.75,-2.2,0.3));
#5445 = VECTOR('',#5446,1.);
#5446 = DIRECTION('',(1.,0.,0.));
#5447 = ORIENTED_EDGE('',*,*,#5448,.F.);
#5448 = EDGE_CURVE('',#5449,#5441,#5451,.T.);
#5449 = VERTEX_POINT('',#5450);
#5450 = CARTESIAN_POINT('',(1.75,-2.2,0.));
#5451 = LINE('',#5452,#5453);
#5452 = CARTESIAN_POINT('',(1.75,-2.2,0.));
#5453 = VECTOR('',#5454,1.);
#5454 = DIRECTION('',(0.,0.,1.));
#5455 = ORIENTED_EDGE('',*,*,#5456,.F.);
#5456 = EDGE_CURVE('',#5457,#5449,#5459,.T.);
#5457 = VERTEX_POINT('',#5458);
#5458 = CARTESIAN_POINT('',(0.75,-2.2,0.));
#5459 = LINE('',#5460,#5461);
#5460 = CARTESIAN_POINT('',(-2.5,-2.2,0.));
#5461 = VECTOR('',#5462,1.);
#5462 = DIRECTION('',(1.,0.,0.));
#5463 = ORIENTED_EDGE('',*,*,#5464,.T.);
#5464 = EDGE_CURVE('',#5457,#5465,#5467,.T.);
#5465 = VERTEX_POINT('',#5466);
#5466 = CARTESIAN_POINT('',(0.75,-2.2,0.3));
#5467 = LINE('',#5468,#5469);
#5468 = CARTESIAN_POINT('',(0.75,-2.2,0.));
#5469 = VECTOR('',#5470,1.);
#5470 = DIRECTION('',(0.,0.,1.));
#5471 = ORIENTED_EDGE('',*,*,#5472,.F.);
#5472 = EDGE_CURVE('',#5473,#5465,#5475,.T.);
#5473 = VERTEX_POINT('',#5474);
#5474 = CARTESIAN_POINT('',(-0.75,-2.2,0.3));
#5475 = LINE('',#5476,#5477);
#5476 = CARTESIAN_POINT('',(-0.75,-2.2,0.3));
#5477 = VECTOR('',#5478,1.);
#5478 = DIRECTION('',(1.,0.,0.));
#5479 = ORIENTED_EDGE('',*,*,#5480,.F.);
#5480 = EDGE_CURVE('',#5169,#5473,#5481,.T.);
#5481 = LINE('',#5482,#5483);
#5482 = CARTESIAN_POINT('',(-0.75,-2.2,0.));
#5483 = VECTOR('',#5484,1.);
#5484 = DIRECTION('',(0.,0.,1.));
#5485 = PLANE('',#5486);
#5486 = AXIS2_PLACEMENT_3D('',#5487,#5488,#5489);
#5487 = CARTESIAN_POINT('',(-2.5,-2.2,0.));
#5488 = DIRECTION('',(0.,1.,0.));
#5489 = DIRECTION('',(1.,0.,0.));
#5490 = ADVANCED_FACE('',(#5491),#5516,.F.);
#5491 = FACE_BOUND('',#5492,.F.);
#5492 = EDGE_LOOP('',(#5493,#5501,#5502,#5510));
#5493 = ORIENTED_EDGE('',*,*,#5494,.T.);
#5494 = EDGE_CURVE('',#5495,#5167,#5497,.T.);
#5495 = VERTEX_POINT('',#5496);
#5496 = CARTESIAN_POINT('',(-2.5,1.6,0.));
#5497 = LINE('',#5498,#5499);
#5498 = CARTESIAN_POINT('',(-2.5,1.6,0.));
#5499 = VECTOR('',#5500,1.);
#5500 = DIRECTION('',(0.,-1.,0.));
#5501 = ORIENTED_EDGE('',*,*,#5166,.T.);
#5502 = ORIENTED_EDGE('',*,*,#5503,.F.);
#5503 = EDGE_CURVE('',#5504,#5169,#5506,.T.);
#5504 = VERTEX_POINT('',#5505);
#5505 = CARTESIAN_POINT('',(-0.75,1.6,0.));
#5506 = LINE('',#5507,#5508);
#5507 = CARTESIAN_POINT('',(-0.75,1.6,0.));
#5508 = VECTOR('',#5509,1.);
#5509 = DIRECTION('',(0.,-1.,0.));
#5510 = ORIENTED_EDGE('',*,*,#5511,.T.);
#5511 = EDGE_CURVE('',#5504,#5495,#5512,.T.);
#5512 = LINE('',#5513,#5514);
#5513 = CARTESIAN_POINT('',(20.,1.6,0.));
#5514 = VECTOR('',#5515,1.);
#5515 = DIRECTION('',(-1.,0.,0.));
#5516 = PLANE('',#5517);
#5517 = AXIS2_PLACEMENT_3D('',#5518,#5519,#5520);
#5518 = CARTESIAN_POINT('',(8.75,-0.3,0.));
#5519 = DIRECTION('',(0.,0.,1.));
#5520 = DIRECTION('',(1.,0.,-0.));
#5521 = ADVANCED_FACE('',(#5522),#5540,.F.);
#5522 = FACE_BOUND('',#5523,.F.);
#5523 = EDGE_LOOP('',(#5524,#5525,#5533,#5539));
#5524 = ORIENTED_EDGE('',*,*,#5480,.T.);
#5525 = ORIENTED_EDGE('',*,*,#5526,.T.);
#5526 = EDGE_CURVE('',#5473,#5527,#5529,.T.);
#5527 = VERTEX_POINT('',#5528);
#5528 = CARTESIAN_POINT('',(-0.75,1.6,0.3));
#5529 = LINE('',#5530,#5531);
#5530 = CARTESIAN_POINT('',(-0.75,-2.2,0.3));
#5531 = VECTOR('',#5532,1.);
#5532 = DIRECTION('',(0.,1.,0.));
#5533 = ORIENTED_EDGE('',*,*,#5534,.T.);
#5534 = EDGE_CURVE('',#5527,#5504,#5535,.T.);
#5535 = LINE('',#5536,#5537);
#5536 = CARTESIAN_POINT('',(-0.75,1.6,0.3));
#5537 = VECTOR('',#5538,1.);
#5538 = DIRECTION('',(0.,0.,-1.));
#5539 = ORIENTED_EDGE('',*,*,#5503,.T.);
#5540 = PLANE('',#5541);
#5541 = AXIS2_PLACEMENT_3D('',#5542,#5543,#5544);
#5542 = CARTESIAN_POINT('',(-0.75,-0.3,0.15));
#5543 = DIRECTION('',(-1.,-0.,-1.269339193699E-31));
#5544 = DIRECTION('',(1.269339193699E-31,0.,-1.));
#5545 = ADVANCED_FACE('',(#5546,#5564),#5598,.F.);
#5546 = FACE_BOUND('',#5547,.F.);
#5547 = EDGE_LOOP('',(#5548,#5549,#5557,#5563));
#5548 = ORIENTED_EDGE('',*,*,#5472,.T.);
#5549 = ORIENTED_EDGE('',*,*,#5550,.T.);
#5550 = EDGE_CURVE('',#5465,#5551,#5553,.T.);
#5551 = VERTEX_POINT('',#5552);
#5552 = CARTESIAN_POINT('',(0.75,1.6,0.3));
#5553 = LINE('',#5554,#5555);
#5554 = CARTESIAN_POINT('',(0.75,0.5,0.3));
#5555 = VECTOR('',#5556,1.);
#5556 = DIRECTION('',(0.,1.,0.));
#5557 = ORIENTED_EDGE('',*,*,#5558,.F.);
#5558 = EDGE_CURVE('',#5527,#5551,#5559,.T.);
#5559 = LINE('',#5560,#5561);
#5560 = CARTESIAN_POINT('',(-0.75,1.6,0.3));
#5561 = VECTOR('',#5562,1.);
#5562 = DIRECTION('',(1.,0.,0.));
#5563 = ORIENTED_EDGE('',*,*,#5526,.F.);
#5564 = FACE_BOUND('',#5565,.F.);
#5565 = EDGE_LOOP('',(#5566,#5576,#5584,#5592));
#5566 = ORIENTED_EDGE('',*,*,#5567,.T.);
#5567 = EDGE_CURVE('',#5568,#5570,#5572,.T.);
#5568 = VERTEX_POINT('',#5569);
#5569 = CARTESIAN_POINT('',(-0.32,-0.32,0.3));
#5570 = VERTEX_POINT('',#5571);
#5571 = CARTESIAN_POINT('',(-0.32,0.32,0.3));
#5572 = LINE('',#5573,#5574);
#5573 = CARTESIAN_POINT('',(-0.32,-0.171537434396,0.3));
#5574 = VECTOR('',#5575,1.);
#5575 = DIRECTION('',(0.,1.,0.));
#5576 = ORIENTED_EDGE('',*,*,#5577,.T.);
#5577 = EDGE_CURVE('',#5570,#5578,#5580,.T.);
#5578 = VERTEX_POINT('',#5579);
#5579 = CARTESIAN_POINT('',(0.32,0.32,0.3));
#5580 = LINE('',#5581,#5582);
#5581 = CARTESIAN_POINT('',(-0.16,0.32,0.3));
#5582 = VECTOR('',#5583,1.);
#5583 = DIRECTION('',(1.,0.,0.));
#5584 = ORIENTED_EDGE('',*,*,#5585,.F.);
#5585 = EDGE_CURVE('',#5586,#5578,#5588,.T.);
#5586 = VERTEX_POINT('',#5587);
#5587 = CARTESIAN_POINT('',(0.32,-0.32,0.3));
#5588 = LINE('',#5589,#5590);
#5589 = CARTESIAN_POINT('',(0.32,-0.171537434396,0.3));
#5590 = VECTOR('',#5591,1.);
#5591 = DIRECTION('',(0.,1.,0.));
#5592 = ORIENTED_EDGE('',*,*,#5593,.T.);
#5593 = EDGE_CURVE('',#5586,#5568,#5594,.T.);
#5594 = LINE('',#5595,#5596);
#5595 = CARTESIAN_POINT('',(-0.16,-0.32,0.3));
#5596 = VECTOR('',#5597,1.);
#5597 = DIRECTION('',(-1.,0.,0.));
#5598 = PLANE('',#5599);
#5599 = AXIS2_PLACEMENT_3D('',#5600,#5601,#5602);
#5600 = CARTESIAN_POINT('',(0.,-0.3,0.3));
#5601 = DIRECTION('',(0.,0.,1.));
#5602 = DIRECTION('',(1.,0.,-0.));
#5603 = ADVANCED_FACE('',(#5604),#5622,.T.);
#5604 = FACE_BOUND('',#5605,.T.);
#5605 = EDGE_LOOP('',(#5606,#5607,#5608,#5616));
#5606 = ORIENTED_EDGE('',*,*,#5464,.T.);
#5607 = ORIENTED_EDGE('',*,*,#5550,.T.);
#5608 = ORIENTED_EDGE('',*,*,#5609,.T.);
#5609 = EDGE_CURVE('',#5551,#5610,#5612,.T.);
#5610 = VERTEX_POINT('',#5611);
#5611 = CARTESIAN_POINT('',(0.75,1.6,0.));
#5612 = LINE('',#5613,#5614);
#5613 = CARTESIAN_POINT('',(0.75,1.6,0.3));
#5614 = VECTOR('',#5615,1.);
#5615 = DIRECTION('',(0.,0.,-1.));
#5616 = ORIENTED_EDGE('',*,*,#5617,.T.);
#5617 = EDGE_CURVE('',#5610,#5457,#5618,.T.);
#5618 = LINE('',#5619,#5620);
#5619 = CARTESIAN_POINT('',(0.75,1.6,0.));
#5620 = VECTOR('',#5621,1.);
#5621 = DIRECTION('',(0.,-1.,0.));
#5622 = PLANE('',#5623);
#5623 = AXIS2_PLACEMENT_3D('',#5624,#5625,#5626);
#5624 = CARTESIAN_POINT('',(0.75,-0.3,0.15));
#5625 = DIRECTION('',(-1.,-0.,-1.269339193699E-31));
#5626 = DIRECTION('',(1.269339193699E-31,0.,-1.));
#5627 = ADVANCED_FACE('',(#5628),#5646,.F.);
#5628 = FACE_BOUND('',#5629,.F.);
#5629 = EDGE_LOOP('',(#5630,#5638,#5639,#5640));
#5630 = ORIENTED_EDGE('',*,*,#5631,.T.);
#5631 = EDGE_CURVE('',#5632,#5610,#5634,.T.);
#5632 = VERTEX_POINT('',#5633);
#5633 = CARTESIAN_POINT('',(1.75,1.6,0.));
#5634 = LINE('',#5635,#5636);
#5635 = CARTESIAN_POINT('',(20.,1.6,0.));
#5636 = VECTOR('',#5637,1.);
#5637 = DIRECTION('',(-1.,0.,0.));
#5638 = ORIENTED_EDGE('',*,*,#5617,.T.);
#5639 = ORIENTED_EDGE('',*,*,#5456,.T.);
#5640 = ORIENTED_EDGE('',*,*,#5641,.F.);
#5641 = EDGE_CURVE('',#5632,#5449,#5642,.T.);
#5642 = LINE('',#5643,#5644);
#5643 = CARTESIAN_POINT('',(1.75,1.6,0.));
#5644 = VECTOR('',#5645,1.);
#5645 = DIRECTION('',(0.,-1.,0.));
#5646 = PLANE('',#5647);
#5647 = AXIS2_PLACEMENT_3D('',#5648,#5649,#5650);
#5648 = CARTESIAN_POINT('',(8.75,-0.3,0.));
#5649 = DIRECTION('',(0.,0.,1.));
#5650 = DIRECTION('',(1.,0.,-0.));
#5651 = ADVANCED_FACE('',(#5652),#5670,.F.);
#5652 = FACE_BOUND('',#5653,.F.);
#5653 = EDGE_LOOP('',(#5654,#5655,#5663,#5669));
#5654 = ORIENTED_EDGE('',*,*,#5448,.T.);
#5655 = ORIENTED_EDGE('',*,*,#5656,.T.);
#5656 = EDGE_CURVE('',#5441,#5657,#5659,.T.);
#5657 = VERTEX_POINT('',#5658);
#5658 = CARTESIAN_POINT('',(1.75,1.6,0.3));
#5659 = LINE('',#5660,#5661);
#5660 = CARTESIAN_POINT('',(1.75,-2.2,0.3));
#5661 = VECTOR('',#5662,1.);
#5662 = DIRECTION('',(0.,1.,0.));
#5663 = ORIENTED_EDGE('',*,*,#5664,.T.);
#5664 = EDGE_CURVE('',#5657,#5632,#5665,.T.);
#5665 = LINE('',#5666,#5667);
#5666 = CARTESIAN_POINT('',(1.75,1.6,0.3));
#5667 = VECTOR('',#5668,1.);
#5668 = DIRECTION('',(0.,0.,-1.));
#5669 = ORIENTED_EDGE('',*,*,#5641,.T.);
#5670 = PLANE('',#5671);
#5671 = AXIS2_PLACEMENT_3D('',#5672,#5673,#5674);
#5672 = CARTESIAN_POINT('',(1.75,-0.3,0.15));
#5673 = DIRECTION('',(-1.,-0.,-1.269339193699E-31));
#5674 = DIRECTION('',(1.269339193699E-31,0.,-1.));
#5675 = ADVANCED_FACE('',(#5676,#5694),#5728,.F.);
#5676 = FACE_BOUND('',#5677,.F.);
#5677 = EDGE_LOOP('',(#5678,#5679,#5687,#5693));
#5678 = ORIENTED_EDGE('',*,*,#5440,.T.);
#5679 = ORIENTED_EDGE('',*,*,#5680,.T.);
#5680 = EDGE_CURVE('',#5433,#5681,#5683,.T.);
#5681 = VERTEX_POINT('',#5682);
#5682 = CARTESIAN_POINT('',(3.25,1.6,0.3));
#5683 = LINE('',#5684,#5685);
#5684 = CARTESIAN_POINT('',(3.25,0.5,0.3));
#5685 = VECTOR('',#5686,1.);
#5686 = DIRECTION('',(0.,1.,0.));
#5687 = ORIENTED_EDGE('',*,*,#5688,.F.);
#5688 = EDGE_CURVE('',#5657,#5681,#5689,.T.);
#5689 = LINE('',#5690,#5691);
#5690 = CARTESIAN_POINT('',(1.75,1.6,0.3));
#5691 = VECTOR('',#5692,1.);
#5692 = DIRECTION('',(1.,0.,0.));
#5693 = ORIENTED_EDGE('',*,*,#5656,.F.);
#5694 = FACE_BOUND('',#5695,.F.);
#5695 = EDGE_LOOP('',(#5696,#5706,#5714,#5722));
#5696 = ORIENTED_EDGE('',*,*,#5697,.F.);
#5697 = EDGE_CURVE('',#5698,#5700,#5702,.T.);
#5698 = VERTEX_POINT('',#5699);
#5699 = CARTESIAN_POINT('',(2.82,-0.32,0.3));
#5700 = VERTEX_POINT('',#5701);
#5701 = CARTESIAN_POINT('',(2.82,0.32,0.3));
#5702 = LINE('',#5703,#5704);
#5703 = CARTESIAN_POINT('',(2.82,-0.15,0.3));
#5704 = VECTOR('',#5705,1.);
#5705 = DIRECTION('',(0.,1.,0.));
#5706 = ORIENTED_EDGE('',*,*,#5707,.T.);
#5707 = EDGE_CURVE('',#5698,#5708,#5710,.T.);
#5708 = VERTEX_POINT('',#5709);
#5709 = CARTESIAN_POINT('',(2.18,-0.32,0.3));
#5710 = LINE('',#5711,#5712);
#5711 = CARTESIAN_POINT('',(2.34,-0.32,0.3));
#5712 = VECTOR('',#5713,1.);
#5713 = DIRECTION('',(-1.,0.,0.));
#5714 = ORIENTED_EDGE('',*,*,#5715,.T.);
#5715 = EDGE_CURVE('',#5708,#5716,#5718,.T.);
#5716 = VERTEX_POINT('',#5717);
#5717 = CARTESIAN_POINT('',(2.18,0.32,0.3));
#5718 = LINE('',#5719,#5720);
#5719 = CARTESIAN_POINT('',(2.18,-0.15,0.3));
#5720 = VECTOR('',#5721,1.);
#5721 = DIRECTION('',(0.,1.,0.));
#5722 = ORIENTED_EDGE('',*,*,#5723,.T.);
#5723 = EDGE_CURVE('',#5716,#5700,#5724,.T.);
#5724 = LINE('',#5725,#5726);
#5725 = CARTESIAN_POINT('',(2.34,0.32,0.3));
#5726 = VECTOR('',#5727,1.);
#5727 = DIRECTION('',(1.,0.,0.));
#5728 = PLANE('',#5729);
#5729 = AXIS2_PLACEMENT_3D('',#5730,#5731,#5732);
#5730 = CARTESIAN_POINT('',(2.5,-0.3,0.3));
#5731 = DIRECTION('',(0.,0.,1.));
#5732 = DIRECTION('',(1.,0.,-0.));
#5733 = ADVANCED_FACE('',(#5734),#5752,.T.);
#5734 = FACE_BOUND('',#5735,.T.);
#5735 = EDGE_LOOP('',(#5736,#5737,#5738,#5746));
#5736 = ORIENTED_EDGE('',*,*,#5432,.T.);
#5737 = ORIENTED_EDGE('',*,*,#5680,.T.);
#5738 = ORIENTED_EDGE('',*,*,#5739,.T.);
#5739 = EDGE_CURVE('',#5681,#5740,#5742,.T.);
#5740 = VERTEX_POINT('',#5741);
#5741 = CARTESIAN_POINT('',(3.25,1.6,0.));
#5742 = LINE('',#5743,#5744);
#5743 = CARTESIAN_POINT('',(3.25,1.6,0.3));
#5744 = VECTOR('',#5745,1.);
#5745 = DIRECTION('',(0.,0.,-1.));
#5746 = ORIENTED_EDGE('',*,*,#5747,.T.);
#5747 = EDGE_CURVE('',#5740,#5425,#5748,.T.);
#5748 = LINE('',#5749,#5750);
#5749 = CARTESIAN_POINT('',(3.25,1.6,0.));
#5750 = VECTOR('',#5751,1.);
#5751 = DIRECTION('',(0.,-1.,0.));
#5752 = PLANE('',#5753);
#5753 = AXIS2_PLACEMENT_3D('',#5754,#5755,#5756);
#5754 = CARTESIAN_POINT('',(3.25,-0.3,0.15));
#5755 = DIRECTION('',(-1.,-0.,-1.269339193699E-31));
#5756 = DIRECTION('',(1.269339193699E-31,0.,-1.));
#5757 = ADVANCED_FACE('',(#5758),#5776,.F.);
#5758 = FACE_BOUND('',#5759,.F.);
#5759 = EDGE_LOOP('',(#5760,#5768,#5774,#5775));
#5760 = ORIENTED_EDGE('',*,*,#5761,.F.);
#5761 = EDGE_CURVE('',#5762,#5417,#5764,.T.);
#5762 = VERTEX_POINT('',#5763);
#5763 = CARTESIAN_POINT('',(4.25,1.6,0.));
#5764 = LINE('',#5765,#5766);
#5765 = CARTESIAN_POINT('',(4.25,1.6,0.));
#5766 = VECTOR('',#5767,1.);
#5767 = DIRECTION('',(0.,-1.,0.));
#5768 = ORIENTED_EDGE('',*,*,#5769,.T.);
#5769 = EDGE_CURVE('',#5762,#5740,#5770,.T.);
#5770 = LINE('',#5771,#5772);
#5771 = CARTESIAN_POINT('',(20.,1.6,0.));
#5772 = VECTOR('',#5773,1.);
#5773 = DIRECTION('',(-1.,0.,0.));
#5774 = ORIENTED_EDGE('',*,*,#5747,.T.);
#5775 = ORIENTED_EDGE('',*,*,#5424,.T.);
#5776 = PLANE('',#5777);
#5777 = AXIS2_PLACEMENT_3D('',#5778,#5779,#5780);
#5778 = CARTESIAN_POINT('',(8.75,-0.3,0.));
#5779 = DIRECTION('',(0.,0.,1.));
#5780 = DIRECTION('',(1.,0.,-0.));
#5781 = ADVANCED_FACE('',(#5782),#5800,.F.);
#5782 = FACE_BOUND('',#5783,.F.);
#5783 = EDGE_LOOP('',(#5784,#5785,#5793,#5799));
#5784 = ORIENTED_EDGE('',*,*,#5416,.T.);
#5785 = ORIENTED_EDGE('',*,*,#5786,.T.);
#5786 = EDGE_CURVE('',#5409,#5787,#5789,.T.);
#5787 = VERTEX_POINT('',#5788);
#5788 = CARTESIAN_POINT('',(4.25,1.6,0.3));
#5789 = LINE('',#5790,#5791);
#5790 = CARTESIAN_POINT('',(4.25,-2.2,0.3));
#5791 = VECTOR('',#5792,1.);
#5792 = DIRECTION('',(0.,1.,0.));
#5793 = ORIENTED_EDGE('',*,*,#5794,.T.);
#5794 = EDGE_CURVE('',#5787,#5762,#5795,.T.);
#5795 = LINE('',#5796,#5797);
#5796 = CARTESIAN_POINT('',(4.25,1.6,0.3));
#5797 = VECTOR('',#5798,1.);
#5798 = DIRECTION('',(0.,0.,-1.));
#5799 = ORIENTED_EDGE('',*,*,#5761,.T.);
#5800 = PLANE('',#5801);
#5801 = AXIS2_PLACEMENT_3D('',#5802,#5803,#5804);
#5802 = CARTESIAN_POINT('',(4.25,-0.3,0.15));
#5803 = DIRECTION('',(-1.,-0.,-1.269339193699E-31));
#5804 = DIRECTION('',(1.269339193699E-31,0.,-1.));
#5805 = ADVANCED_FACE('',(#5806,#5824),#5858,.F.);
#5806 = FACE_BOUND('',#5807,.F.);
#5807 = EDGE_LOOP('',(#5808,#5809,#5817,#5823));
#5808 = ORIENTED_EDGE('',*,*,#5408,.T.);
#5809 = ORIENTED_EDGE('',*,*,#5810,.T.);
#5810 = EDGE_CURVE('',#5401,#5811,#5813,.T.);
#5811 = VERTEX_POINT('',#5812);
#5812 = CARTESIAN_POINT('',(5.75,1.6,0.3));
#5813 = LINE('',#5814,#5815);
#5814 = CARTESIAN_POINT('',(5.75,0.5,0.3));
#5815 = VECTOR('',#5816,1.);
#5816 = DIRECTION('',(0.,1.,0.));
#5817 = ORIENTED_EDGE('',*,*,#5818,.F.);
#5818 = EDGE_CURVE('',#5787,#5811,#5819,.T.);
#5819 = LINE('',#5820,#5821);
#5820 = CARTESIAN_POINT('',(4.25,1.6,0.3));
#5821 = VECTOR('',#5822,1.);
#5822 = DIRECTION('',(1.,0.,0.));
#5823 = ORIENTED_EDGE('',*,*,#5786,.F.);
#5824 = FACE_BOUND('',#5825,.F.);
#5825 = EDGE_LOOP('',(#5826,#5836,#5844,#5852));
#5826 = ORIENTED_EDGE('',*,*,#5827,.T.);
#5827 = EDGE_CURVE('',#5828,#5830,#5832,.T.);
#5828 = VERTEX_POINT('',#5829);
#5829 = CARTESIAN_POINT('',(5.32,-0.32,0.3));
#5830 = VERTEX_POINT('',#5831);
#5831 = CARTESIAN_POINT('',(4.68,-0.32,0.3));
#5832 = LINE('',#5833,#5834);
#5833 = CARTESIAN_POINT('',(4.84,-0.32,0.3));
#5834 = VECTOR('',#5835,1.);
#5835 = DIRECTION('',(-1.,0.,0.));
#5836 = ORIENTED_EDGE('',*,*,#5837,.T.);
#5837 = EDGE_CURVE('',#5830,#5838,#5840,.T.);
#5838 = VERTEX_POINT('',#5839);
#5839 = CARTESIAN_POINT('',(4.68,0.32,0.3));
#5840 = LINE('',#5841,#5842);
#5841 = CARTESIAN_POINT('',(4.68,-0.15,0.3));
#5842 = VECTOR('',#5843,1.);
#5843 = DIRECTION('',(0.,1.,0.));
#5844 = ORIENTED_EDGE('',*,*,#5845,.T.);
#5845 = EDGE_CURVE('',#5838,#5846,#5848,.T.);
#5846 = VERTEX_POINT('',#5847);
#5847 = CARTESIAN_POINT('',(5.32,0.32,0.3));
#5848 = LINE('',#5849,#5850);
#5849 = CARTESIAN_POINT('',(4.84,0.32,0.3));
#5850 = VECTOR('',#5851,1.);
#5851 = DIRECTION('',(1.,0.,0.));
#5852 = ORIENTED_EDGE('',*,*,#5853,.F.);
#5853 = EDGE_CURVE('',#5828,#5846,#5854,.T.);
#5854 = LINE('',#5855,#5856);
#5855 = CARTESIAN_POINT('',(5.32,-0.15,0.3));
#5856 = VECTOR('',#5857,1.);
#5857 = DIRECTION('',(0.,1.,0.));
#5858 = PLANE('',#5859);
#5859 = AXIS2_PLACEMENT_3D('',#5860,#5861,#5862);
#5860 = CARTESIAN_POINT('',(5.,-0.3,0.3));
#5861 = DIRECTION('',(0.,0.,1.));
#5862 = DIRECTION('',(1.,0.,-0.));
#5863 = ADVANCED_FACE('',(#5864),#5882,.T.);
#5864 = FACE_BOUND('',#5865,.T.);
#5865 = EDGE_LOOP('',(#5866,#5867,#5868,#5876));
#5866 = ORIENTED_EDGE('',*,*,#5400,.T.);
#5867 = ORIENTED_EDGE('',*,*,#5810,.T.);
#5868 = ORIENTED_EDGE('',*,*,#5869,.T.);
#5869 = EDGE_CURVE('',#5811,#5870,#5872,.T.);
#5870 = VERTEX_POINT('',#5871);
#5871 = CARTESIAN_POINT('',(5.75,1.6,0.));
#5872 = LINE('',#5873,#5874);
#5873 = CARTESIAN_POINT('',(5.75,1.6,0.3));
#5874 = VECTOR('',#5875,1.);
#5875 = DIRECTION('',(0.,0.,-1.));
#5876 = ORIENTED_EDGE('',*,*,#5877,.T.);
#5877 = EDGE_CURVE('',#5870,#5393,#5878,.T.);
#5878 = LINE('',#5879,#5880);
#5879 = CARTESIAN_POINT('',(5.75,1.6,0.));
#5880 = VECTOR('',#5881,1.);
#5881 = DIRECTION('',(0.,-1.,0.));
#5882 = PLANE('',#5883);
#5883 = AXIS2_PLACEMENT_3D('',#5884,#5885,#5886);
#5884 = CARTESIAN_POINT('',(5.75,-0.3,0.15));
#5885 = DIRECTION('',(-1.,-0.,-1.269339193699E-31));
#5886 = DIRECTION('',(1.269339193699E-31,0.,-1.));
#5887 = ADVANCED_FACE('',(#5888),#5906,.F.);
#5888 = FACE_BOUND('',#5889,.F.);
#5889 = EDGE_LOOP('',(#5890,#5891,#5899,#5905));
#5890 = ORIENTED_EDGE('',*,*,#5392,.T.);
#5891 = ORIENTED_EDGE('',*,*,#5892,.F.);
#5892 = EDGE_CURVE('',#5893,#5385,#5895,.T.);
#5893 = VERTEX_POINT('',#5894);
#5894 = CARTESIAN_POINT('',(6.75,1.6,0.));
#5895 = LINE('',#5896,#5897);
#5896 = CARTESIAN_POINT('',(6.75,1.6,0.));
#5897 = VECTOR('',#5898,1.);
#5898 = DIRECTION('',(0.,-1.,0.));
#5899 = ORIENTED_EDGE('',*,*,#5900,.T.);
#5900 = EDGE_CURVE('',#5893,#5870,#5901,.T.);
#5901 = LINE('',#5902,#5903);
#5902 = CARTESIAN_POINT('',(20.,1.6,0.));
#5903 = VECTOR('',#5904,1.);
#5904 = DIRECTION('',(-1.,0.,0.));
#5905 = ORIENTED_EDGE('',*,*,#5877,.T.);
#5906 = PLANE('',#5907);
#5907 = AXIS2_PLACEMENT_3D('',#5908,#5909,#5910);
#5908 = CARTESIAN_POINT('',(8.75,-0.3,0.));
#5909 = DIRECTION('',(0.,0.,1.));
#5910 = DIRECTION('',(1.,0.,-0.));
#5911 = ADVANCED_FACE('',(#5912),#5930,.F.);
#5912 = FACE_BOUND('',#5913,.F.);
#5913 = EDGE_LOOP('',(#5914,#5915,#5923,#5929));
#5914 = ORIENTED_EDGE('',*,*,#5384,.T.);
#5915 = ORIENTED_EDGE('',*,*,#5916,.T.);
#5916 = EDGE_CURVE('',#5377,#5917,#5919,.T.);
#5917 = VERTEX_POINT('',#5918);
#5918 = CARTESIAN_POINT('',(6.75,1.6,0.3));
#5919 = LINE('',#5920,#5921);
#5920 = CARTESIAN_POINT('',(6.75,-2.2,0.3));
#5921 = VECTOR('',#5922,1.);
#5922 = DIRECTION('',(0.,1.,0.));
#5923 = ORIENTED_EDGE('',*,*,#5924,.T.);
#5924 = EDGE_CURVE('',#5917,#5893,#5925,.T.);
#5925 = LINE('',#5926,#5927);
#5926 = CARTESIAN_POINT('',(6.75,1.6,0.3));
#5927 = VECTOR('',#5928,1.);
#5928 = DIRECTION('',(0.,0.,-1.));
#5929 = ORIENTED_EDGE('',*,*,#5892,.T.);
#5930 = PLANE('',#5931);
#5931 = AXIS2_PLACEMENT_3D('',#5932,#5933,#5934);
#5932 = CARTESIAN_POINT('',(6.75,-0.3,0.15));
#5933 = DIRECTION('',(-1.,-0.,-1.269339193699E-31));
#5934 = DIRECTION('',(1.269339193699E-31,0.,-1.));
#5935 = ADVANCED_FACE('',(#5936,#5954),#5988,.F.);
#5936 = FACE_BOUND('',#5937,.F.);
#5937 = EDGE_LOOP('',(#5938,#5939,#5947,#5953));
#5938 = ORIENTED_EDGE('',*,*,#5376,.T.);
#5939 = ORIENTED_EDGE('',*,*,#5940,.T.);
#5940 = EDGE_CURVE('',#5369,#5941,#5943,.T.);
#5941 = VERTEX_POINT('',#5942);
#5942 = CARTESIAN_POINT('',(8.25,1.6,0.3));
#5943 = LINE('',#5944,#5945);
#5944 = CARTESIAN_POINT('',(8.25,0.5,0.3));
#5945 = VECTOR('',#5946,1.);
#5946 = DIRECTION('',(0.,1.,0.));
#5947 = ORIENTED_EDGE('',*,*,#5948,.F.);
#5948 = EDGE_CURVE('',#5917,#5941,#5949,.T.);
#5949 = LINE('',#5950,#5951);
#5950 = CARTESIAN_POINT('',(6.75,1.6,0.3));
#5951 = VECTOR('',#5952,1.);
#5952 = DIRECTION('',(1.,0.,0.));
#5953 = ORIENTED_EDGE('',*,*,#5916,.F.);
#5954 = FACE_BOUND('',#5955,.F.);
#5955 = EDGE_LOOP('',(#5956,#5966,#5974,#5982));
#5956 = ORIENTED_EDGE('',*,*,#5957,.F.);
#5957 = EDGE_CURVE('',#5958,#5960,#5962,.T.);
#5958 = VERTEX_POINT('',#5959);
#5959 = CARTESIAN_POINT('',(7.82,-0.32,0.3));
#5960 = VERTEX_POINT('',#5961);
#5961 = CARTESIAN_POINT('',(7.82,0.32,0.3));
#5962 = LINE('',#5963,#5964);
#5963 = CARTESIAN_POINT('',(7.82,-0.15,0.3));
#5964 = VECTOR('',#5965,1.);
#5965 = DIRECTION('',(0.,1.,0.));
#5966 = ORIENTED_EDGE('',*,*,#5967,.T.);
#5967 = EDGE_CURVE('',#5958,#5968,#5970,.T.);
#5968 = VERTEX_POINT('',#5969);
#5969 = CARTESIAN_POINT('',(7.18,-0.32,0.3));
#5970 = LINE('',#5971,#5972);
#5971 = CARTESIAN_POINT('',(7.34,-0.32,0.3));
#5972 = VECTOR('',#5973,1.);
#5973 = DIRECTION('',(-1.,0.,0.));
#5974 = ORIENTED_EDGE('',*,*,#5975,.T.);
#5975 = EDGE_CURVE('',#5968,#5976,#5978,.T.);
#5976 = VERTEX_POINT('',#5977);
#5977 = CARTESIAN_POINT('',(7.18,0.32,0.3));
#5978 = LINE('',#5979,#5980);
#5979 = CARTESIAN_POINT('',(7.18,-0.15,0.3));
#5980 = VECTOR('',#5981,1.);
#5981 = DIRECTION('',(0.,1.,0.));
#5982 = ORIENTED_EDGE('',*,*,#5983,.T.);
#5983 = EDGE_CURVE('',#5976,#5960,#5984,.T.);
#5984 = LINE('',#5985,#5986);
#5985 = CARTESIAN_POINT('',(7.34,0.32,0.3));
#5986 = VECTOR('',#5987,1.);
#5987 = DIRECTION('',(1.,0.,0.));
#5988 = PLANE('',#5989);
#5989 = AXIS2_PLACEMENT_3D('',#5990,#5991,#5992);
#5990 = CARTESIAN_POINT('',(7.5,-0.3,0.3));
#5991 = DIRECTION('',(0.,0.,1.));
#5992 = DIRECTION('',(1.,0.,-0.));
#5993 = ADVANCED_FACE('',(#5994),#6012,.T.);
#5994 = FACE_BOUND('',#5995,.T.);
#5995 = EDGE_LOOP('',(#5996,#5997,#5998,#6006));
#5996 = ORIENTED_EDGE('',*,*,#5368,.T.);
#5997 = ORIENTED_EDGE('',*,*,#5940,.T.);
#5998 = ORIENTED_EDGE('',*,*,#5999,.T.);
#5999 = EDGE_CURVE('',#5941,#6000,#6002,.T.);
#6000 = VERTEX_POINT('',#6001);
#6001 = CARTESIAN_POINT('',(8.25,1.6,0.));
#6002 = LINE('',#6003,#6004);
#6003 = CARTESIAN_POINT('',(8.25,1.6,0.3));
#6004 = VECTOR('',#6005,1.);
#6005 = DIRECTION('',(0.,0.,-1.));
#6006 = ORIENTED_EDGE('',*,*,#6007,.T.);
#6007 = EDGE_CURVE('',#6000,#5361,#6008,.T.);
#6008 = LINE('',#6009,#6010);
#6009 = CARTESIAN_POINT('',(8.25,1.6,0.));
#6010 = VECTOR('',#6011,1.);
#6011 = DIRECTION('',(0.,-1.,0.));
#6012 = PLANE('',#6013);
#6013 = AXIS2_PLACEMENT_3D('',#6014,#6015,#6016);
#6014 = CARTESIAN_POINT('',(8.25,-0.3,0.15));
#6015 = DIRECTION('',(-1.,-0.,-1.269339193699E-31));
#6016 = DIRECTION('',(1.269339193699E-31,0.,-1.));
#6017 = ADVANCED_FACE('',(#6018),#6036,.F.);
#6018 = FACE_BOUND('',#6019,.F.);
#6019 = EDGE_LOOP('',(#6020,#6021,#6022,#6030));
#6020 = ORIENTED_EDGE('',*,*,#6007,.T.);
#6021 = ORIENTED_EDGE('',*,*,#5360,.T.);
#6022 = ORIENTED_EDGE('',*,*,#6023,.F.);
#6023 = EDGE_CURVE('',#6024,#5353,#6026,.T.);
#6024 = VERTEX_POINT('',#6025);
#6025 = CARTESIAN_POINT('',(9.25,1.6,0.));
#6026 = LINE('',#6027,#6028);
#6027 = CARTESIAN_POINT('',(9.25,1.6,0.));
#6028 = VECTOR('',#6029,1.);
#6029 = DIRECTION('',(0.,-1.,0.));
#6030 = ORIENTED_EDGE('',*,*,#6031,.T.);
#6031 = EDGE_CURVE('',#6024,#6000,#6032,.T.);
#6032 = LINE('',#6033,#6034);
#6033 = CARTESIAN_POINT('',(20.,1.6,0.));
#6034 = VECTOR('',#6035,1.);
#6035 = DIRECTION('',(-1.,0.,0.));
#6036 = PLANE('',#6037);
#6037 = AXIS2_PLACEMENT_3D('',#6038,#6039,#6040);
#6038 = CARTESIAN_POINT('',(8.75,-0.3,0.));
#6039 = DIRECTION('',(0.,0.,1.));
#6040 = DIRECTION('',(1.,0.,-0.));
#6041 = ADVANCED_FACE('',(#6042),#6060,.F.);
#6042 = FACE_BOUND('',#6043,.F.);
#6043 = EDGE_LOOP('',(#6044,#6045,#6053,#6059));
#6044 = ORIENTED_EDGE('',*,*,#5352,.T.);
#6045 = ORIENTED_EDGE('',*,*,#6046,.T.);
#6046 = EDGE_CURVE('',#5345,#6047,#6049,.T.);
#6047 = VERTEX_POINT('',#6048);
#6048 = CARTESIAN_POINT('',(9.25,1.6,0.3));
#6049 = LINE('',#6050,#6051);
#6050 = CARTESIAN_POINT('',(9.25,-2.2,0.3));
#6051 = VECTOR('',#6052,1.);
#6052 = DIRECTION('',(0.,1.,0.));
#6053 = ORIENTED_EDGE('',*,*,#6054,.T.);
#6054 = EDGE_CURVE('',#6047,#6024,#6055,.T.);
#6055 = LINE('',#6056,#6057);
#6056 = CARTESIAN_POINT('',(9.25,1.6,0.3));
#6057 = VECTOR('',#6058,1.);
#6058 = DIRECTION('',(0.,0.,-1.));
#6059 = ORIENTED_EDGE('',*,*,#6023,.T.);
#6060 = PLANE('',#6061);
#6061 = AXIS2_PLACEMENT_3D('',#6062,#6063,#6064);
#6062 = CARTESIAN_POINT('',(9.25,-0.3,0.15));
#6063 = DIRECTION('',(-1.,-0.,-1.269339193699E-31));
#6064 = DIRECTION('',(1.269339193699E-31,0.,-1.));
#6065 = ADVANCED_FACE('',(#6066,#6084),#6118,.F.);
#6066 = FACE_BOUND('',#6067,.F.);
#6067 = EDGE_LOOP('',(#6068,#6069,#6077,#6083));
#6068 = ORIENTED_EDGE('',*,*,#5344,.T.);
#6069 = ORIENTED_EDGE('',*,*,#6070,.T.);
#6070 = EDGE_CURVE('',#5337,#6071,#6073,.T.);
#6071 = VERTEX_POINT('',#6072);
#6072 = CARTESIAN_POINT('',(10.75,1.6,0.3));
#6073 = LINE('',#6074,#6075);
#6074 = CARTESIAN_POINT('',(10.75,0.5,0.3));
#6075 = VECTOR('',#6076,1.);
#6076 = DIRECTION('',(0.,1.,0.));
#6077 = ORIENTED_EDGE('',*,*,#6078,.F.);
#6078 = EDGE_CURVE('',#6047,#6071,#6079,.T.);
#6079 = LINE('',#6080,#6081);
#6080 = CARTESIAN_POINT('',(9.25,1.6,0.3));
#6081 = VECTOR('',#6082,1.);
#6082 = DIRECTION('',(1.,0.,0.));
#6083 = ORIENTED_EDGE('',*,*,#6046,.F.);
#6084 = FACE_BOUND('',#6085,.F.);
#6085 = EDGE_LOOP('',(#6086,#6096,#6104,#6112));
#6086 = ORIENTED_EDGE('',*,*,#6087,.F.);
#6087 = EDGE_CURVE('',#6088,#6090,#6092,.T.);
#6088 = VERTEX_POINT('',#6089);
#6089 = CARTESIAN_POINT('',(10.32,-0.32,0.3));
#6090 = VERTEX_POINT('',#6091);
#6091 = CARTESIAN_POINT('',(10.32,0.32,0.3));
#6092 = LINE('',#6093,#6094);
#6093 = CARTESIAN_POINT('',(10.32,-0.15,0.3));
#6094 = VECTOR('',#6095,1.);
#6095 = DIRECTION('',(0.,1.,0.));
#6096 = ORIENTED_EDGE('',*,*,#6097,.T.);
#6097 = EDGE_CURVE('',#6088,#6098,#6100,.T.);
#6098 = VERTEX_POINT('',#6099);
#6099 = CARTESIAN_POINT('',(9.68,-0.32,0.3));
#6100 = LINE('',#6101,#6102);
#6101 = CARTESIAN_POINT('',(9.84,-0.32,0.3));
#6102 = VECTOR('',#6103,1.);
#6103 = DIRECTION('',(-1.,0.,0.));
#6104 = ORIENTED_EDGE('',*,*,#6105,.T.);
#6105 = EDGE_CURVE('',#6098,#6106,#6108,.T.);
#6106 = VERTEX_POINT('',#6107);
#6107 = CARTESIAN_POINT('',(9.68,0.32,0.3));
#6108 = LINE('',#6109,#6110);
#6109 = CARTESIAN_POINT('',(9.68,-0.15,0.3));
#6110 = VECTOR('',#6111,1.);
#6111 = DIRECTION('',(0.,1.,0.));
#6112 = ORIENTED_EDGE('',*,*,#6113,.T.);
#6113 = EDGE_CURVE('',#6106,#6090,#6114,.T.);
#6114 = LINE('',#6115,#6116);
#6115 = CARTESIAN_POINT('',(9.84,0.32,0.3));
#6116 = VECTOR('',#6117,1.);
#6117 = DIRECTION('',(1.,0.,0.));
#6118 = PLANE('',#6119);
#6119 = AXIS2_PLACEMENT_3D('',#6120,#6121,#6122);
#6120 = CARTESIAN_POINT('',(10.,-0.3,0.3));
#6121 = DIRECTION('',(0.,0.,1.));
#6122 = DIRECTION('',(1.,0.,-0.));
#6123 = ADVANCED_FACE('',(#6124),#6142,.T.);
#6124 = FACE_BOUND('',#6125,.T.);
#6125 = EDGE_LOOP('',(#6126,#6127,#6128,#6136));
#6126 = ORIENTED_EDGE('',*,*,#5336,.T.);
#6127 = ORIENTED_EDGE('',*,*,#6070,.T.);
#6128 = ORIENTED_EDGE('',*,*,#6129,.T.);
#6129 = EDGE_CURVE('',#6071,#6130,#6132,.T.);
#6130 = VERTEX_POINT('',#6131);
#6131 = CARTESIAN_POINT('',(10.75,1.6,0.));
#6132 = LINE('',#6133,#6134);
#6133 = CARTESIAN_POINT('',(10.75,1.6,0.3));
#6134 = VECTOR('',#6135,1.);
#6135 = DIRECTION('',(0.,0.,-1.));
#6136 = ORIENTED_EDGE('',*,*,#6137,.T.);
#6137 = EDGE_CURVE('',#6130,#5329,#6138,.T.);
#6138 = LINE('',#6139,#6140);
#6139 = CARTESIAN_POINT('',(10.75,1.6,0.));
#6140 = VECTOR('',#6141,1.);
#6141 = DIRECTION('',(0.,-1.,0.));
#6142 = PLANE('',#6143);
#6143 = AXIS2_PLACEMENT_3D('',#6144,#6145,#6146);
#6144 = CARTESIAN_POINT('',(10.75,-0.3,0.15));
#6145 = DIRECTION('',(-1.,-0.,-1.269339193699E-31));
#6146 = DIRECTION('',(1.269339193699E-31,0.,-1.));
#6147 = ADVANCED_FACE('',(#6148),#6166,.F.);
#6148 = FACE_BOUND('',#6149,.F.);
#6149 = EDGE_LOOP('',(#6150,#6158,#6159,#6160));
#6150 = ORIENTED_EDGE('',*,*,#6151,.T.);
#6151 = EDGE_CURVE('',#6152,#6130,#6154,.T.);
#6152 = VERTEX_POINT('',#6153);
#6153 = CARTESIAN_POINT('',(11.75,1.6,0.));
#6154 = LINE('',#6155,#6156);
#6155 = CARTESIAN_POINT('',(20.,1.6,0.));
#6156 = VECTOR('',#6157,1.);
#6157 = DIRECTION('',(-1.,0.,0.));
#6158 = ORIENTED_EDGE('',*,*,#6137,.T.);
#6159 = ORIENTED_EDGE('',*,*,#5328,.T.);
#6160 = ORIENTED_EDGE('',*,*,#6161,.F.);
#6161 = EDGE_CURVE('',#6152,#5321,#6162,.T.);
#6162 = LINE('',#6163,#6164);
#6163 = CARTESIAN_POINT('',(11.75,1.6,0.));
#6164 = VECTOR('',#6165,1.);
#6165 = DIRECTION('',(0.,-1.,0.));
#6166 = PLANE('',#6167);
#6167 = AXIS2_PLACEMENT_3D('',#6168,#6169,#6170);
#6168 = CARTESIAN_POINT('',(8.75,-0.3,0.));
#6169 = DIRECTION('',(0.,0.,1.));
#6170 = DIRECTION('',(1.,0.,-0.));
#6171 = ADVANCED_FACE('',(#6172),#6190,.F.);
#6172 = FACE_BOUND('',#6173,.F.);
#6173 = EDGE_LOOP('',(#6174,#6175,#6183,#6189));
#6174 = ORIENTED_EDGE('',*,*,#5320,.T.);
#6175 = ORIENTED_EDGE('',*,*,#6176,.T.);
#6176 = EDGE_CURVE('',#5313,#6177,#6179,.T.);
#6177 = VERTEX_POINT('',#6178);
#6178 = CARTESIAN_POINT('',(11.75,1.6,0.3));
#6179 = LINE('',#6180,#6181);
#6180 = CARTESIAN_POINT('',(11.75,-2.2,0.3));
#6181 = VECTOR('',#6182,1.);
#6182 = DIRECTION('',(0.,1.,0.));
#6183 = ORIENTED_EDGE('',*,*,#6184,.T.);
#6184 = EDGE_CURVE('',#6177,#6152,#6185,.T.);
#6185 = LINE('',#6186,#6187);
#6186 = CARTESIAN_POINT('',(11.75,1.6,0.3));
#6187 = VECTOR('',#6188,1.);
#6188 = DIRECTION('',(0.,0.,-1.));
#6189 = ORIENTED_EDGE('',*,*,#6161,.T.);
#6190 = PLANE('',#6191);
#6191 = AXIS2_PLACEMENT_3D('',#6192,#6193,#6194);
#6192 = CARTESIAN_POINT('',(11.75,-0.3,0.15));
#6193 = DIRECTION('',(-1.,-0.,-1.269339193699E-31));
#6194 = DIRECTION('',(1.269339193699E-31,0.,-1.));
#6195 = ADVANCED_FACE('',(#6196,#6214),#6248,.F.);
#6196 = FACE_BOUND('',#6197,.F.);
#6197 = EDGE_LOOP('',(#6198,#6199,#6207,#6213));
#6198 = ORIENTED_EDGE('',*,*,#5312,.T.);
#6199 = ORIENTED_EDGE('',*,*,#6200,.T.);
#6200 = EDGE_CURVE('',#5305,#6201,#6203,.T.);
#6201 = VERTEX_POINT('',#6202);
#6202 = CARTESIAN_POINT('',(13.25,1.6,0.3));
#6203 = LINE('',#6204,#6205);
#6204 = CARTESIAN_POINT('',(13.25,0.5,0.3));
#6205 = VECTOR('',#6206,1.);
#6206 = DIRECTION('',(0.,1.,0.));
#6207 = ORIENTED_EDGE('',*,*,#6208,.F.);
#6208 = EDGE_CURVE('',#6177,#6201,#6209,.T.);
#6209 = LINE('',#6210,#6211);
#6210 = CARTESIAN_POINT('',(11.75,1.6,0.3));
#6211 = VECTOR('',#6212,1.);
#6212 = DIRECTION('',(1.,0.,0.));
#6213 = ORIENTED_EDGE('',*,*,#6176,.F.);
#6214 = FACE_BOUND('',#6215,.F.);
#6215 = EDGE_LOOP('',(#6216,#6226,#6234,#6242));
#6216 = ORIENTED_EDGE('',*,*,#6217,.T.);
#6217 = EDGE_CURVE('',#6218,#6220,#6222,.T.);
#6218 = VERTEX_POINT('',#6219);
#6219 = CARTESIAN_POINT('',(12.18,-0.32,0.3));
#6220 = VERTEX_POINT('',#6221);
#6221 = CARTESIAN_POINT('',(12.18,0.32,0.3));
#6222 = LINE('',#6223,#6224);
#6223 = CARTESIAN_POINT('',(12.18,-0.15,0.3));
#6224 = VECTOR('',#6225,1.);
#6225 = DIRECTION('',(0.,1.,0.));
#6226 = ORIENTED_EDGE('',*,*,#6227,.T.);
#6227 = EDGE_CURVE('',#6220,#6228,#6230,.T.);
#6228 = VERTEX_POINT('',#6229);
#6229 = CARTESIAN_POINT('',(12.82,0.32,0.3));
#6230 = LINE('',#6231,#6232);
#6231 = CARTESIAN_POINT('',(12.34,0.32,0.3));
#6232 = VECTOR('',#6233,1.);
#6233 = DIRECTION('',(1.,0.,0.));
#6234 = ORIENTED_EDGE('',*,*,#6235,.F.);
#6235 = EDGE_CURVE('',#6236,#6228,#6238,.T.);
#6236 = VERTEX_POINT('',#6237);
#6237 = CARTESIAN_POINT('',(12.82,-0.32,0.3));
#6238 = LINE('',#6239,#6240);
#6239 = CARTESIAN_POINT('',(12.82,-0.15,0.3));
#6240 = VECTOR('',#6241,1.);
#6241 = DIRECTION('',(0.,1.,0.));
#6242 = ORIENTED_EDGE('',*,*,#6243,.T.);
#6243 = EDGE_CURVE('',#6236,#6218,#6244,.T.);
#6244 = LINE('',#6245,#6246);
#6245 = CARTESIAN_POINT('',(12.34,-0.32,0.3));
#6246 = VECTOR('',#6247,1.);
#6247 = DIRECTION('',(-1.,0.,0.));
#6248 = PLANE('',#6249);
#6249 = AXIS2_PLACEMENT_3D('',#6250,#6251,#6252);
#6250 = CARTESIAN_POINT('',(12.5,-0.3,0.3));
#6251 = DIRECTION('',(0.,0.,1.));
#6252 = DIRECTION('',(1.,0.,-0.));
#6253 = ADVANCED_FACE('',(#6254),#6272,.T.);
#6254 = FACE_BOUND('',#6255,.T.);
#6255 = EDGE_LOOP('',(#6256,#6257,#6258,#6266));
#6256 = ORIENTED_EDGE('',*,*,#5304,.T.);
#6257 = ORIENTED_EDGE('',*,*,#6200,.T.);
#6258 = ORIENTED_EDGE('',*,*,#6259,.T.);
#6259 = EDGE_CURVE('',#6201,#6260,#6262,.T.);
#6260 = VERTEX_POINT('',#6261);
#6261 = CARTESIAN_POINT('',(13.25,1.6,0.));
#6262 = LINE('',#6263,#6264);
#6263 = CARTESIAN_POINT('',(13.25,1.6,0.3));
#6264 = VECTOR('',#6265,1.);
#6265 = DIRECTION('',(0.,0.,-1.));
#6266 = ORIENTED_EDGE('',*,*,#6267,.T.);
#6267 = EDGE_CURVE('',#6260,#5297,#6268,.T.);
#6268 = LINE('',#6269,#6270);
#6269 = CARTESIAN_POINT('',(13.25,1.6,0.));
#6270 = VECTOR('',#6271,1.);
#6271 = DIRECTION('',(0.,-1.,0.));
#6272 = PLANE('',#6273);
#6273 = AXIS2_PLACEMENT_3D('',#6274,#6275,#6276);
#6274 = CARTESIAN_POINT('',(13.25,-0.3,0.15));
#6275 = DIRECTION('',(-1.,-0.,-1.269339193699E-31));
#6276 = DIRECTION('',(1.269339193699E-31,0.,-1.));
#6277 = ADVANCED_FACE('',(#6278),#6296,.F.);
#6278 = FACE_BOUND('',#6279,.F.);
#6279 = EDGE_LOOP('',(#6280,#6288,#6294,#6295));
#6280 = ORIENTED_EDGE('',*,*,#6281,.F.);
#6281 = EDGE_CURVE('',#6282,#5289,#6284,.T.);
#6282 = VERTEX_POINT('',#6283);
#6283 = CARTESIAN_POINT('',(14.25,1.6,0.));
#6284 = LINE('',#6285,#6286);
#6285 = CARTESIAN_POINT('',(14.25,1.6,0.));
#6286 = VECTOR('',#6287,1.);
#6287 = DIRECTION('',(0.,-1.,0.));
#6288 = ORIENTED_EDGE('',*,*,#6289,.T.);
#6289 = EDGE_CURVE('',#6282,#6260,#6290,.T.);
#6290 = LINE('',#6291,#6292);
#6291 = CARTESIAN_POINT('',(20.,1.6,0.));
#6292 = VECTOR('',#6293,1.);
#6293 = DIRECTION('',(-1.,0.,0.));
#6294 = ORIENTED_EDGE('',*,*,#6267,.T.);
#6295 = ORIENTED_EDGE('',*,*,#5296,.T.);
#6296 = PLANE('',#6297);
#6297 = AXIS2_PLACEMENT_3D('',#6298,#6299,#6300);
#6298 = CARTESIAN_POINT('',(8.75,-0.3,0.));
#6299 = DIRECTION('',(0.,0.,1.));
#6300 = DIRECTION('',(1.,0.,-0.));
#6301 = ADVANCED_FACE('',(#6302),#6320,.F.);
#6302 = FACE_BOUND('',#6303,.F.);
#6303 = EDGE_LOOP('',(#6304,#6305,#6313,#6319));
#6304 = ORIENTED_EDGE('',*,*,#5288,.T.);
#6305 = ORIENTED_EDGE('',*,*,#6306,.T.);
#6306 = EDGE_CURVE('',#5281,#6307,#6309,.T.);
#6307 = VERTEX_POINT('',#6308);
#6308 = CARTESIAN_POINT('',(14.25,1.6,0.3));
#6309 = LINE('',#6310,#6311);
#6310 = CARTESIAN_POINT('',(14.25,-2.2,0.3));
#6311 = VECTOR('',#6312,1.);
#6312 = DIRECTION('',(0.,1.,0.));
#6313 = ORIENTED_EDGE('',*,*,#6314,.T.);
#6314 = EDGE_CURVE('',#6307,#6282,#6315,.T.);
#6315 = LINE('',#6316,#6317);
#6316 = CARTESIAN_POINT('',(14.25,1.6,0.3));
#6317 = VECTOR('',#6318,1.);
#6318 = DIRECTION('',(0.,0.,-1.));
#6319 = ORIENTED_EDGE('',*,*,#6281,.T.);
#6320 = PLANE('',#6321);
#6321 = AXIS2_PLACEMENT_3D('',#6322,#6323,#6324);
#6322 = CARTESIAN_POINT('',(14.25,-0.3,0.15));
#6323 = DIRECTION('',(-1.,-0.,-1.269339193699E-31));
#6324 = DIRECTION('',(1.269339193699E-31,0.,-1.));
#6325 = ADVANCED_FACE('',(#6326,#6344),#6378,.F.);
#6326 = FACE_BOUND('',#6327,.F.);
#6327 = EDGE_LOOP('',(#6328,#6329,#6337,#6343));
#6328 = ORIENTED_EDGE('',*,*,#5280,.T.);
#6329 = ORIENTED_EDGE('',*,*,#6330,.T.);
#6330 = EDGE_CURVE('',#5273,#6331,#6333,.T.);
#6331 = VERTEX_POINT('',#6332);
#6332 = CARTESIAN_POINT('',(15.75,1.6,0.3));
#6333 = LINE('',#6334,#6335);
#6334 = CARTESIAN_POINT('',(15.75,0.5,0.3));
#6335 = VECTOR('',#6336,1.);
#6336 = DIRECTION('',(0.,1.,0.));
#6337 = ORIENTED_EDGE('',*,*,#6338,.F.);
#6338 = EDGE_CURVE('',#6307,#6331,#6339,.T.);
#6339 = LINE('',#6340,#6341);
#6340 = CARTESIAN_POINT('',(14.25,1.6,0.3));
#6341 = VECTOR('',#6342,1.);
#6342 = DIRECTION('',(1.,0.,0.));
#6343 = ORIENTED_EDGE('',*,*,#6306,.F.);
#6344 = FACE_BOUND('',#6345,.F.);
#6345 = EDGE_LOOP('',(#6346,#6356,#6364,#6372));
#6346 = ORIENTED_EDGE('',*,*,#6347,.F.);
#6347 = EDGE_CURVE('',#6348,#6350,#6352,.T.);
#6348 = VERTEX_POINT('',#6349);
#6349 = CARTESIAN_POINT('',(15.32,-0.32,0.3));
#6350 = VERTEX_POINT('',#6351);
#6351 = CARTESIAN_POINT('',(15.32,0.32,0.3));
#6352 = LINE('',#6353,#6354);
#6353 = CARTESIAN_POINT('',(15.32,-0.15,0.3));
#6354 = VECTOR('',#6355,1.);
#6355 = DIRECTION('',(0.,1.,0.));
#6356 = ORIENTED_EDGE('',*,*,#6357,.T.);
#6357 = EDGE_CURVE('',#6348,#6358,#6360,.T.);
#6358 = VERTEX_POINT('',#6359);
#6359 = CARTESIAN_POINT('',(14.68,-0.32,0.3));
#6360 = LINE('',#6361,#6362);
#6361 = CARTESIAN_POINT('',(14.84,-0.32,0.3));
#6362 = VECTOR('',#6363,1.);
#6363 = DIRECTION('',(-1.,0.,0.));
#6364 = ORIENTED_EDGE('',*,*,#6365,.T.);
#6365 = EDGE_CURVE('',#6358,#6366,#6368,.T.);
#6366 = VERTEX_POINT('',#6367);
#6367 = CARTESIAN_POINT('',(14.68,0.32,0.3));
#6368 = LINE('',#6369,#6370);
#6369 = CARTESIAN_POINT('',(14.68,-0.15,0.3));
#6370 = VECTOR('',#6371,1.);
#6371 = DIRECTION('',(0.,1.,0.));
#6372 = ORIENTED_EDGE('',*,*,#6373,.T.);
#6373 = EDGE_CURVE('',#6366,#6350,#6374,.T.);
#6374 = LINE('',#6375,#6376);
#6375 = CARTESIAN_POINT('',(14.84,0.32,0.3));
#6376 = VECTOR('',#6377,1.);
#6377 = DIRECTION('',(1.,0.,0.));
#6378 = PLANE('',#6379);
#6379 = AXIS2_PLACEMENT_3D('',#6380,#6381,#6382);
#6380 = CARTESIAN_POINT('',(15.,-0.3,0.3));
#6381 = DIRECTION('',(0.,0.,1.));
#6382 = DIRECTION('',(1.,0.,-0.));
#6383 = ADVANCED_FACE('',(#6384),#6402,.T.);
#6384 = FACE_BOUND('',#6385,.T.);
#6385 = EDGE_LOOP('',(#6386,#6387,#6388,#6396));
#6386 = ORIENTED_EDGE('',*,*,#5272,.T.);
#6387 = ORIENTED_EDGE('',*,*,#6330,.T.);
#6388 = ORIENTED_EDGE('',*,*,#6389,.T.);
#6389 = EDGE_CURVE('',#6331,#6390,#6392,.T.);
#6390 = VERTEX_POINT('',#6391);
#6391 = CARTESIAN_POINT('',(15.75,1.6,0.));
#6392 = LINE('',#6393,#6394);
#6393 = CARTESIAN_POINT('',(15.75,1.6,0.3));
#6394 = VECTOR('',#6395,1.);
#6395 = DIRECTION('',(0.,0.,-1.));
#6396 = ORIENTED_EDGE('',*,*,#6397,.T.);
#6397 = EDGE_CURVE('',#6390,#5265,#6398,.T.);
#6398 = LINE('',#6399,#6400);
#6399 = CARTESIAN_POINT('',(15.75,1.6,0.));
#6400 = VECTOR('',#6401,1.);
#6401 = DIRECTION('',(0.,-1.,0.));
#6402 = PLANE('',#6403);
#6403 = AXIS2_PLACEMENT_3D('',#6404,#6405,#6406);
#6404 = CARTESIAN_POINT('',(15.75,-0.3,0.15));
#6405 = DIRECTION('',(-1.,-0.,-1.269339193699E-31));
#6406 = DIRECTION('',(1.269339193699E-31,0.,-1.));
#6407 = ADVANCED_FACE('',(#6408),#6426,.F.);
#6408 = FACE_BOUND('',#6409,.F.);
#6409 = EDGE_LOOP('',(#6410,#6411,#6419,#6425));
#6410 = ORIENTED_EDGE('',*,*,#5264,.T.);
#6411 = ORIENTED_EDGE('',*,*,#6412,.F.);
#6412 = EDGE_CURVE('',#6413,#5257,#6415,.T.);
#6413 = VERTEX_POINT('',#6414);
#6414 = CARTESIAN_POINT('',(16.75,1.6,0.));
#6415 = LINE('',#6416,#6417);
#6416 = CARTESIAN_POINT('',(16.75,1.6,0.));
#6417 = VECTOR('',#6418,1.);
#6418 = DIRECTION('',(0.,-1.,0.));
#6419 = ORIENTED_EDGE('',*,*,#6420,.T.);
#6420 = EDGE_CURVE('',#6413,#6390,#6421,.T.);
#6421 = LINE('',#6422,#6423);
#6422 = CARTESIAN_POINT('',(20.,1.6,0.));
#6423 = VECTOR('',#6424,1.);
#6424 = DIRECTION('',(-1.,0.,0.));
#6425 = ORIENTED_EDGE('',*,*,#6397,.T.);
#6426 = PLANE('',#6427);
#6427 = AXIS2_PLACEMENT_3D('',#6428,#6429,#6430);
#6428 = CARTESIAN_POINT('',(8.75,-0.3,0.));
#6429 = DIRECTION('',(0.,0.,1.));
#6430 = DIRECTION('',(1.,0.,-0.));
#6431 = ADVANCED_FACE('',(#6432),#6450,.F.);
#6432 = FACE_BOUND('',#6433,.F.);
#6433 = EDGE_LOOP('',(#6434,#6435,#6443,#6449));
#6434 = ORIENTED_EDGE('',*,*,#5256,.T.);
#6435 = ORIENTED_EDGE('',*,*,#6436,.T.);
#6436 = EDGE_CURVE('',#5249,#6437,#6439,.T.);
#6437 = VERTEX_POINT('',#6438);
#6438 = CARTESIAN_POINT('',(16.75,1.6,0.3));
#6439 = LINE('',#6440,#6441);
#6440 = CARTESIAN_POINT('',(16.75,-2.2,0.3));
#6441 = VECTOR('',#6442,1.);
#6442 = DIRECTION('',(0.,1.,0.));
#6443 = ORIENTED_EDGE('',*,*,#6444,.T.);
#6444 = EDGE_CURVE('',#6437,#6413,#6445,.T.);
#6445 = LINE('',#6446,#6447);
#6446 = CARTESIAN_POINT('',(16.75,1.6,0.3));
#6447 = VECTOR('',#6448,1.);
#6448 = DIRECTION('',(0.,0.,-1.));
#6449 = ORIENTED_EDGE('',*,*,#6412,.T.);
#6450 = PLANE('',#6451);
#6451 = AXIS2_PLACEMENT_3D('',#6452,#6453,#6454);
#6452 = CARTESIAN_POINT('',(16.75,-0.3,0.15));
#6453 = DIRECTION('',(-1.,-0.,-1.269339193699E-31));
#6454 = DIRECTION('',(1.269339193699E-31,0.,-1.));
#6455 = ADVANCED_FACE('',(#6456,#6474),#6508,.F.);
#6456 = FACE_BOUND('',#6457,.F.);
#6457 = EDGE_LOOP('',(#6458,#6459,#6467,#6473));
#6458 = ORIENTED_EDGE('',*,*,#5248,.T.);
#6459 = ORIENTED_EDGE('',*,*,#6460,.T.);
#6460 = EDGE_CURVE('',#5241,#6461,#6463,.T.);
#6461 = VERTEX_POINT('',#6462);
#6462 = CARTESIAN_POINT('',(18.25,1.6,0.3));
#6463 = LINE('',#6464,#6465);
#6464 = CARTESIAN_POINT('',(18.25,0.5,0.3));
#6465 = VECTOR('',#6466,1.);
#6466 = DIRECTION('',(0.,1.,0.));
#6467 = ORIENTED_EDGE('',*,*,#6468,.F.);
#6468 = EDGE_CURVE('',#6437,#6461,#6469,.T.);
#6469 = LINE('',#6470,#6471);
#6470 = CARTESIAN_POINT('',(16.75,1.6,0.3));
#6471 = VECTOR('',#6472,1.);
#6472 = DIRECTION('',(1.,0.,0.));
#6473 = ORIENTED_EDGE('',*,*,#6436,.F.);
#6474 = FACE_BOUND('',#6475,.F.);
#6475 = EDGE_LOOP('',(#6476,#6486,#6494,#6502));
#6476 = ORIENTED_EDGE('',*,*,#6477,.T.);
#6477 = EDGE_CURVE('',#6478,#6480,#6482,.T.);
#6478 = VERTEX_POINT('',#6479);
#6479 = CARTESIAN_POINT('',(17.18,-0.32,0.3));
#6480 = VERTEX_POINT('',#6481);
#6481 = CARTESIAN_POINT('',(17.18,0.32,0.3));
#6482 = LINE('',#6483,#6484);
#6483 = CARTESIAN_POINT('',(17.18,-0.171537434396,0.3));
#6484 = VECTOR('',#6485,1.);
#6485 = DIRECTION('',(0.,1.,0.));
#6486 = ORIENTED_EDGE('',*,*,#6487,.T.);
#6487 = EDGE_CURVE('',#6480,#6488,#6490,.T.);
#6488 = VERTEX_POINT('',#6489);
#6489 = CARTESIAN_POINT('',(17.82,0.32,0.3));
#6490 = LINE('',#6491,#6492);
#6491 = CARTESIAN_POINT('',(17.34,0.32,0.3));
#6492 = VECTOR('',#6493,1.);
#6493 = DIRECTION('',(1.,0.,0.));
#6494 = ORIENTED_EDGE('',*,*,#6495,.F.);
#6495 = EDGE_CURVE('',#6496,#6488,#6498,.T.);
#6496 = VERTEX_POINT('',#6497);
#6497 = CARTESIAN_POINT('',(17.82,-0.32,0.3));
#6498 = LINE('',#6499,#6500);
#6499 = CARTESIAN_POINT('',(17.82,-0.171537434396,0.3));
#6500 = VECTOR('',#6501,1.);
#6501 = DIRECTION('',(0.,1.,0.));
#6502 = ORIENTED_EDGE('',*,*,#6503,.T.);
#6503 = EDGE_CURVE('',#6496,#6478,#6504,.T.);
#6504 = LINE('',#6505,#6506);
#6505 = CARTESIAN_POINT('',(17.34,-0.32,0.3));
#6506 = VECTOR('',#6507,1.);
#6507 = DIRECTION('',(-1.,0.,0.));
#6508 = PLANE('',#6509);
#6509 = AXIS2_PLACEMENT_3D('',#6510,#6511,#6512);
#6510 = CARTESIAN_POINT('',(17.5,-0.3,0.3));
#6511 = DIRECTION('',(0.,0.,1.));
#6512 = DIRECTION('',(1.,0.,-0.));
#6513 = ADVANCED_FACE('',(#6514),#6532,.T.);
#6514 = FACE_BOUND('',#6515,.T.);
#6515 = EDGE_LOOP('',(#6516,#6517,#6518,#6526));
#6516 = ORIENTED_EDGE('',*,*,#5240,.T.);
#6517 = ORIENTED_EDGE('',*,*,#6460,.T.);
#6518 = ORIENTED_EDGE('',*,*,#6519,.T.);
#6519 = EDGE_CURVE('',#6461,#6520,#6522,.T.);
#6520 = VERTEX_POINT('',#6521);
#6521 = CARTESIAN_POINT('',(18.25,1.6,0.));
#6522 = LINE('',#6523,#6524);
#6523 = CARTESIAN_POINT('',(18.25,1.6,0.3));
#6524 = VECTOR('',#6525,1.);
#6525 = DIRECTION('',(0.,0.,-1.));
#6526 = ORIENTED_EDGE('',*,*,#6527,.T.);
#6527 = EDGE_CURVE('',#6520,#5233,#6528,.T.);
#6528 = LINE('',#6529,#6530);
#6529 = CARTESIAN_POINT('',(18.25,1.6,0.));
#6530 = VECTOR('',#6531,1.);
#6531 = DIRECTION('',(0.,-1.,0.));
#6532 = PLANE('',#6533);
#6533 = AXIS2_PLACEMENT_3D('',#6534,#6535,#6536);
#6534 = CARTESIAN_POINT('',(18.25,-0.3,0.15));
#6535 = DIRECTION('',(-1.,-0.,-1.269339193699E-31));
#6536 = DIRECTION('',(1.269339193699E-31,0.,-1.));
#6537 = ADVANCED_FACE('',(#6538),#6556,.F.);
#6538 = FACE_BOUND('',#6539,.F.);
#6539 = EDGE_LOOP('',(#6540,#6541,#6549,#6555));
#6540 = ORIENTED_EDGE('',*,*,#5232,.T.);
#6541 = ORIENTED_EDGE('',*,*,#6542,.T.);
#6542 = EDGE_CURVE('',#5225,#6543,#6545,.T.);
#6543 = VERTEX_POINT('',#6544);
#6544 = CARTESIAN_POINT('',(20.,1.6,0.));
#6545 = LINE('',#6546,#6547);
#6546 = CARTESIAN_POINT('',(20.,-2.2,0.));
#6547 = VECTOR('',#6548,1.);
#6548 = DIRECTION('',(0.,1.,0.));
#6549 = ORIENTED_EDGE('',*,*,#6550,.T.);
#6550 = EDGE_CURVE('',#6543,#6520,#6551,.T.);
#6551 = LINE('',#6552,#6553);
#6552 = CARTESIAN_POINT('',(20.,1.6,0.));
#6553 = VECTOR('',#6554,1.);
#6554 = DIRECTION('',(-1.,0.,0.));
#6555 = ORIENTED_EDGE('',*,*,#6527,.T.);
#6556 = PLANE('',#6557);
#6557 = AXIS2_PLACEMENT_3D('',#6558,#6559,#6560);
#6558 = CARTESIAN_POINT('',(8.75,-0.3,0.));
#6559 = DIRECTION('',(0.,0.,1.));
#6560 = DIRECTION('',(1.,0.,-0.));
#6561 = ADVANCED_FACE('',(#6562),#6636,.F.);
#6562 = FACE_BOUND('',#6563,.F.);
#6563 = EDGE_LOOP('',(#6564,#6565,#6566,#6574,#6582,#6590,#6598,#6606,
    #6614,#6622,#6630));
#6564 = ORIENTED_EDGE('',*,*,#6542,.F.);
#6565 = ORIENTED_EDGE('',*,*,#5224,.T.);
#6566 = ORIENTED_EDGE('',*,*,#6567,.F.);
#6567 = EDGE_CURVE('',#6568,#5217,#6570,.T.);
#6568 = VERTEX_POINT('',#6569);
#6569 = CARTESIAN_POINT('',(20.,-1.2,5.2));
#6570 = LINE('',#6571,#6572);
#6571 = CARTESIAN_POINT('',(20.,-1.2,5.2));
#6572 = VECTOR('',#6573,1.);
#6573 = DIRECTION('',(0.,-1.,0.));
#6574 = ORIENTED_EDGE('',*,*,#6575,.F.);
#6575 = EDGE_CURVE('',#6576,#6568,#6578,.T.);
#6576 = VERTEX_POINT('',#6577);
#6577 = CARTESIAN_POINT('',(20.,-0.6,4.5));
#6578 = LINE('',#6579,#6580);
#6579 = CARTESIAN_POINT('',(20.,-0.6,4.5));
#6580 = VECTOR('',#6581,1.);
#6581 = DIRECTION('',(0.,-0.650791373456,0.759256602365));
#6582 = ORIENTED_EDGE('',*,*,#6583,.F.);
#6583 = EDGE_CURVE('',#6584,#6576,#6586,.T.);
#6584 = VERTEX_POINT('',#6585);
#6585 = CARTESIAN_POINT('',(20.,-0.6,4.3));
#6586 = LINE('',#6587,#6588);
#6587 = CARTESIAN_POINT('',(20.,-0.6,4.3));
#6588 = VECTOR('',#6589,1.);
#6589 = DIRECTION('',(0.,0.,1.));
#6590 = ORIENTED_EDGE('',*,*,#6591,.F.);
#6591 = EDGE_CURVE('',#6592,#6584,#6594,.T.);
#6592 = VERTEX_POINT('',#6593);
#6593 = CARTESIAN_POINT('',(20.,-0.9,4.1));
#6594 = LINE('',#6595,#6596);
#6595 = CARTESIAN_POINT('',(20.,-0.9,4.1));
#6596 = VECTOR('',#6597,1.);
#6597 = DIRECTION('',(0.,0.832050294338,0.554700196225));
#6598 = ORIENTED_EDGE('',*,*,#6599,.F.);
#6599 = EDGE_CURVE('',#6600,#6592,#6602,.T.);
#6600 = VERTEX_POINT('',#6601);
#6601 = CARTESIAN_POINT('',(20.,-0.6,1.5));
#6602 = LINE('',#6603,#6604);
#6603 = CARTESIAN_POINT('',(20.,-0.6,1.5));
#6604 = VECTOR('',#6605,1.);
#6605 = DIRECTION('',(0.,-0.114624107985,0.993408935871));
#6606 = ORIENTED_EDGE('',*,*,#6607,.F.);
#6607 = EDGE_CURVE('',#6608,#6600,#6610,.T.);
#6608 = VERTEX_POINT('',#6609);
#6609 = CARTESIAN_POINT('',(20.,-0.2,1.5));
#6610 = LINE('',#6611,#6612);
#6611 = CARTESIAN_POINT('',(20.,-0.2,1.5));
#6612 = VECTOR('',#6613,1.);
#6613 = DIRECTION('',(0.,-1.,0.));
#6614 = ORIENTED_EDGE('',*,*,#6615,.F.);
#6615 = EDGE_CURVE('',#6616,#6608,#6618,.T.);
#6616 = VERTEX_POINT('',#6617);
#6617 = CARTESIAN_POINT('',(20.,-0.2,6.));
#6618 = LINE('',#6619,#6620);
#6619 = CARTESIAN_POINT('',(20.,-0.2,6.));
#6620 = VECTOR('',#6621,1.);
#6621 = DIRECTION('',(0.,0.,-1.));
#6622 = ORIENTED_EDGE('',*,*,#6623,.T.);
#6623 = EDGE_CURVE('',#6616,#6624,#6626,.T.);
#6624 = VERTEX_POINT('',#6625);
#6625 = CARTESIAN_POINT('',(20.,1.6,6.));
#6626 = LINE('',#6627,#6628);
#6627 = CARTESIAN_POINT('',(20.,-2.2,6.));
#6628 = VECTOR('',#6629,1.);
#6629 = DIRECTION('',(0.,1.,0.));
#6630 = ORIENTED_EDGE('',*,*,#6631,.F.);
#6631 = EDGE_CURVE('',#6543,#6624,#6632,.T.);
#6632 = LINE('',#6633,#6634);
#6633 = CARTESIAN_POINT('',(20.,1.6,0.));
#6634 = VECTOR('',#6635,1.);
#6635 = DIRECTION('',(0.,0.,1.));
#6636 = PLANE('',#6637);
#6637 = AXIS2_PLACEMENT_3D('',#6638,#6639,#6640);
#6638 = CARTESIAN_POINT('',(20.,-2.2,0.));
#6639 = DIRECTION('',(-1.,0.,0.));
#6640 = DIRECTION('',(0.,1.,0.));
#6641 = ADVANCED_FACE('',(#6642),#6660,.F.);
#6642 = FACE_BOUND('',#6643,.F.);
#6643 = EDGE_LOOP('',(#6644,#6652,#6658,#6659));
#6644 = ORIENTED_EDGE('',*,*,#6645,.F.);
#6645 = EDGE_CURVE('',#6646,#5209,#6648,.T.);
#6646 = VERTEX_POINT('',#6647);
#6647 = CARTESIAN_POINT('',(19.,-1.2,5.2));
#6648 = LINE('',#6649,#6650);
#6649 = CARTESIAN_POINT('',(19.,-1.007390335865,5.2));
#6650 = VECTOR('',#6651,1.);
#6651 = DIRECTION('',(-1.847759847436E-31,-1.,-0.));
#6652 = ORIENTED_EDGE('',*,*,#6653,.T.);
#6653 = EDGE_CURVE('',#6646,#6568,#6654,.T.);
#6654 = LINE('',#6655,#6656);
#6655 = CARTESIAN_POINT('',(-2.5,-1.2,5.2));
#6656 = VECTOR('',#6657,1.);
#6657 = DIRECTION('',(1.,0.,0.));
#6658 = ORIENTED_EDGE('',*,*,#6567,.T.);
#6659 = ORIENTED_EDGE('',*,*,#5216,.F.);
#6660 = PLANE('',#6661);
#6661 = AXIS2_PLACEMENT_3D('',#6662,#6663,#6664);
#6662 = CARTESIAN_POINT('',(-2.5,-1.2,5.2));
#6663 = DIRECTION('',(0.,0.,-1.));
#6664 = DIRECTION('',(0.,-1.,0.));
#6665 = ADVANCED_FACE('',(#6666),#6724,.T.);
#6666 = FACE_BOUND('',#6667,.T.);
#6667 = EDGE_LOOP('',(#6668,#6669,#6670,#6678,#6686,#6694,#6702,#6710,
    #6718));
#6668 = ORIENTED_EDGE('',*,*,#5208,.F.);
#6669 = ORIENTED_EDGE('',*,*,#6645,.F.);
#6670 = ORIENTED_EDGE('',*,*,#6671,.F.);
#6671 = EDGE_CURVE('',#6672,#6646,#6674,.T.);
#6672 = VERTEX_POINT('',#6673);
#6673 = CARTESIAN_POINT('',(19.,-0.6,4.5));
#6674 = LINE('',#6675,#6676);
#6675 = CARTESIAN_POINT('',(19.,-0.429990774306,4.301655903357));
#6676 = VECTOR('',#6677,1.);
#6677 = DIRECTION('',(-3.867896981889E-31,-0.650791373456,0.759256602365
    ));
#6678 = ORIENTED_EDGE('',*,*,#6679,.F.);
#6679 = EDGE_CURVE('',#6680,#6672,#6682,.T.);
#6680 = VERTEX_POINT('',#6681);
#6681 = CARTESIAN_POINT('',(19.,-0.6,4.3));
#6682 = LINE('',#6683,#6684);
#6683 = CARTESIAN_POINT('',(19.,-0.6,3.963884850592));
#6684 = VECTOR('',#6685,1.);
#6685 = DIRECTION('',(-3.510527013733E-31,0.,1.));
#6686 = ORIENTED_EDGE('',*,*,#6687,.F.);
#6687 = EDGE_CURVE('',#6688,#6680,#6690,.T.);
#6688 = VERTEX_POINT('',#6689);
#6689 = CARTESIAN_POINT('',(19.,-0.9,4.1));
#6690 = LINE('',#6691,#6692);
#6691 = CARTESIAN_POINT('',(19.,-0.979477224556,4.047015183629));
#6692 = VECTOR('',#6693,1.);
#6693 = DIRECTION('',(-4.098608984472E-32,0.832050294338,0.554700196225)
  );
#6694 = ORIENTED_EDGE('',*,*,#6695,.F.);
#6695 = EDGE_CURVE('',#6696,#6688,#6698,.T.);
#6696 = VERTEX_POINT('',#6697);
#6697 = CARTESIAN_POINT('',(19.,-0.6,1.5));
#6698 = LINE('',#6699,#6700);
#6699 = CARTESIAN_POINT('',(19.,-0.722554060393,2.562135190069));
#6700 = VECTOR('',#6701,1.);
#6701 = DIRECTION('',(-3.699186729344E-31,-0.114624107985,0.993408935871
    ));
#6702 = ORIENTED_EDGE('',*,*,#6703,.F.);
#6703 = EDGE_CURVE('',#6704,#6696,#6706,.T.);
#6704 = VERTEX_POINT('',#6705);
#6705 = CARTESIAN_POINT('',(19.,-0.8,1.5));
#6706 = LINE('',#6707,#6708);
#6707 = CARTESIAN_POINT('',(19.,-2.2,1.5));
#6708 = VECTOR('',#6709,1.);
#6709 = DIRECTION('',(0.,1.,0.));
#6710 = ORIENTED_EDGE('',*,*,#6711,.F.);
#6711 = EDGE_CURVE('',#6712,#6704,#6714,.T.);
#6712 = VERTEX_POINT('',#6713);
#6713 = CARTESIAN_POINT('',(19.,-1.2,1.1));
#6714 = LINE('',#6715,#6716);
#6715 = CARTESIAN_POINT('',(19.,-1.2,1.1));
#6716 = VECTOR('',#6717,1.);
#6717 = DIRECTION('',(0.,0.707106781187,0.707106781187));
#6718 = ORIENTED_EDGE('',*,*,#6719,.F.);
#6719 = EDGE_CURVE('',#5201,#6712,#6720,.T.);
#6720 = LINE('',#6721,#6722);
#6721 = CARTESIAN_POINT('',(19.,-2.2,1.1));
#6722 = VECTOR('',#6723,1.);
#6723 = DIRECTION('',(0.,1.,0.));
#6724 = PLANE('',#6725);
#6725 = AXIS2_PLACEMENT_3D('',#6726,#6727,#6728);
#6726 = CARTESIAN_POINT('',(19.,-0.814780671729,3.627769701184));
#6727 = DIRECTION('',(-1.,1.847759847436E-31,-3.510527013733E-31));
#6728 = DIRECTION('',(3.510527013733E-31,0.,-1.));
#6729 = ADVANCED_FACE('',(#6730),#6748,.T.);
#6730 = FACE_BOUND('',#6731,.T.);
#6731 = EDGE_LOOP('',(#6732,#6733,#6734,#6742));
#6732 = ORIENTED_EDGE('',*,*,#5200,.T.);
#6733 = ORIENTED_EDGE('',*,*,#6719,.T.);
#6734 = ORIENTED_EDGE('',*,*,#6735,.F.);
#6735 = EDGE_CURVE('',#6736,#6712,#6738,.T.);
#6736 = VERTEX_POINT('',#6737);
#6737 = CARTESIAN_POINT('',(-1.5,-1.2,1.1));
#6738 = LINE('',#6739,#6740);
#6739 = CARTESIAN_POINT('',(-1.5,-1.2,1.1));
#6740 = VECTOR('',#6741,1.);
#6741 = DIRECTION('',(1.,0.,0.));
#6742 = ORIENTED_EDGE('',*,*,#6743,.F.);
#6743 = EDGE_CURVE('',#5193,#6736,#6744,.T.);
#6744 = LINE('',#6745,#6746);
#6745 = CARTESIAN_POINT('',(-1.5,-2.2,1.1));
#6746 = VECTOR('',#6747,1.);
#6747 = DIRECTION('',(0.,1.,0.));
#6748 = PLANE('',#6749);
#6749 = AXIS2_PLACEMENT_3D('',#6750,#6751,#6752);
#6750 = CARTESIAN_POINT('',(-1.5,-2.2,1.1));
#6751 = DIRECTION('',(0.,0.,1.));
#6752 = DIRECTION('',(0.,1.,0.));
#6753 = ADVANCED_FACE('',(#6754),#6812,.T.);
#6754 = FACE_BOUND('',#6755,.T.);
#6755 = EDGE_LOOP('',(#6756,#6757,#6758,#6766,#6774,#6782,#6790,#6798,
    #6806));
#6756 = ORIENTED_EDGE('',*,*,#5192,.T.);
#6757 = ORIENTED_EDGE('',*,*,#6743,.T.);
#6758 = ORIENTED_EDGE('',*,*,#6759,.T.);
#6759 = EDGE_CURVE('',#6736,#6760,#6762,.T.);
#6760 = VERTEX_POINT('',#6761);
#6761 = CARTESIAN_POINT('',(-1.5,-0.8,1.5));
#6762 = LINE('',#6763,#6764);
#6763 = CARTESIAN_POINT('',(-1.5,-1.2,1.1));
#6764 = VECTOR('',#6765,1.);
#6765 = DIRECTION('',(0.,0.707106781187,0.707106781187));
#6766 = ORIENTED_EDGE('',*,*,#6767,.F.);
#6767 = EDGE_CURVE('',#6768,#6760,#6770,.T.);
#6768 = VERTEX_POINT('',#6769);
#6769 = CARTESIAN_POINT('',(-1.5,-0.6,1.5));
#6770 = LINE('',#6771,#6772);
#6771 = CARTESIAN_POINT('',(-1.5,0.65,1.5));
#6772 = VECTOR('',#6773,1.);
#6773 = DIRECTION('',(0.,-1.,0.));
#6774 = ORIENTED_EDGE('',*,*,#6775,.F.);
#6775 = EDGE_CURVE('',#6776,#6768,#6778,.T.);
#6776 = VERTEX_POINT('',#6777);
#6777 = CARTESIAN_POINT('',(-1.5,-0.9,4.1));
#6778 = LINE('',#6779,#6780);
#6779 = CARTESIAN_POINT('',(-1.5,-0.722554060393,2.562135190069));
#6780 = VECTOR('',#6781,1.);
#6781 = DIRECTION('',(-2.075772143875E-32,0.114624107985,-0.993408935871
    ));
#6782 = ORIENTED_EDGE('',*,*,#6783,.F.);
#6783 = EDGE_CURVE('',#6784,#6776,#6786,.T.);
#6784 = VERTEX_POINT('',#6785);
#6785 = CARTESIAN_POINT('',(-1.5,-0.6,4.3));
#6786 = LINE('',#6787,#6788);
#6787 = CARTESIAN_POINT('',(-1.5,-0.979477224556,4.047015183629));
#6788 = VECTOR('',#6789,1.);
#6789 = DIRECTION('',(-7.664966827699E-33,-0.832050294338,
    -0.554700196225));
#6790 = ORIENTED_EDGE('',*,*,#6791,.F.);
#6791 = EDGE_CURVE('',#6792,#6784,#6794,.T.);
#6792 = VERTEX_POINT('',#6793);
#6793 = CARTESIAN_POINT('',(-1.5,-0.6,4.5));
#6794 = LINE('',#6795,#6796);
#6795 = CARTESIAN_POINT('',(-1.5,-0.6,3.963884850592));
#6796 = VECTOR('',#6797,1.);
#6797 = DIRECTION('',(-2.03899282835E-32,-0.,-1.));
#6798 = ORIENTED_EDGE('',*,*,#6799,.F.);
#6799 = EDGE_CURVE('',#6800,#6792,#6802,.T.);
#6800 = VERTEX_POINT('',#6801);
#6801 = CARTESIAN_POINT('',(-1.5,-1.2,5.2));
#6802 = LINE('',#6803,#6804);
#6803 = CARTESIAN_POINT('',(-1.5,-0.429990774306,4.301655903357));
#6804 = VECTOR('',#6805,1.);
#6805 = DIRECTION('',(-1.833239701348E-32,0.650791373456,-0.759256602365
    ));
#6806 = ORIENTED_EDGE('',*,*,#6807,.F.);
#6807 = EDGE_CURVE('',#5185,#6800,#6808,.T.);
#6808 = LINE('',#6809,#6810);
#6809 = CARTESIAN_POINT('',(-1.5,-1.007390335865,5.2));
#6810 = VECTOR('',#6811,1.);
#6811 = DIRECTION('',(-4.38114188167E-33,1.,0.));
#6812 = PLANE('',#6813);
#6813 = AXIS2_PLACEMENT_3D('',#6814,#6815,#6816);
#6814 = CARTESIAN_POINT('',(-1.5,-0.814780671729,3.627769701184));
#6815 = DIRECTION('',(1.,4.38114188167E-33,-2.03899282835E-32));
#6816 = DIRECTION('',(2.03899282835E-32,0.,1.));
#6817 = ADVANCED_FACE('',(#6818),#6836,.F.);
#6818 = FACE_BOUND('',#6819,.F.);
#6819 = EDGE_LOOP('',(#6820,#6828,#6834,#6835));
#6820 = ORIENTED_EDGE('',*,*,#6821,.F.);
#6821 = EDGE_CURVE('',#6822,#5177,#6824,.T.);
#6822 = VERTEX_POINT('',#6823);
#6823 = CARTESIAN_POINT('',(-2.5,-1.2,5.2));
#6824 = LINE('',#6825,#6826);
#6825 = CARTESIAN_POINT('',(-2.5,-1.2,5.2));
#6826 = VECTOR('',#6827,1.);
#6827 = DIRECTION('',(0.,-1.,0.));
#6828 = ORIENTED_EDGE('',*,*,#6829,.T.);
#6829 = EDGE_CURVE('',#6822,#6800,#6830,.T.);
#6830 = LINE('',#6831,#6832);
#6831 = CARTESIAN_POINT('',(-2.5,-1.2,5.2));
#6832 = VECTOR('',#6833,1.);
#6833 = DIRECTION('',(1.,0.,0.));
#6834 = ORIENTED_EDGE('',*,*,#6807,.F.);
#6835 = ORIENTED_EDGE('',*,*,#5184,.F.);
#6836 = PLANE('',#6837);
#6837 = AXIS2_PLACEMENT_3D('',#6838,#6839,#6840);
#6838 = CARTESIAN_POINT('',(-2.5,-1.2,5.2));
#6839 = DIRECTION('',(0.,0.,-1.));
#6840 = DIRECTION('',(0.,-1.,0.));
#6841 = ADVANCED_FACE('',(#6842),#6909,.F.);
#6842 = FACE_BOUND('',#6843,.F.);
#6843 = EDGE_LOOP('',(#6844,#6845,#6853,#6861,#6869,#6877,#6885,#6893,
    #6901,#6907,#6908));
#6844 = ORIENTED_EDGE('',*,*,#5494,.F.);
#6845 = ORIENTED_EDGE('',*,*,#6846,.T.);
#6846 = EDGE_CURVE('',#5495,#6847,#6849,.T.);
#6847 = VERTEX_POINT('',#6848);
#6848 = CARTESIAN_POINT('',(-2.5,1.6,6.));
#6849 = LINE('',#6850,#6851);
#6850 = CARTESIAN_POINT('',(-2.5,1.6,0.));
#6851 = VECTOR('',#6852,1.);
#6852 = DIRECTION('',(0.,0.,1.));
#6853 = ORIENTED_EDGE('',*,*,#6854,.T.);
#6854 = EDGE_CURVE('',#6847,#6855,#6857,.T.);
#6855 = VERTEX_POINT('',#6856);
#6856 = CARTESIAN_POINT('',(-2.5,-0.2,6.));
#6857 = LINE('',#6858,#6859);
#6858 = CARTESIAN_POINT('',(-2.5,1.6,6.));
#6859 = VECTOR('',#6860,1.);
#6860 = DIRECTION('',(0.,-1.,0.));
#6861 = ORIENTED_EDGE('',*,*,#6862,.T.);
#6862 = EDGE_CURVE('',#6855,#6863,#6865,.T.);
#6863 = VERTEX_POINT('',#6864);
#6864 = CARTESIAN_POINT('',(-2.5,-0.2,1.5));
#6865 = LINE('',#6866,#6867);
#6866 = CARTESIAN_POINT('',(-2.5,-0.2,6.));
#6867 = VECTOR('',#6868,1.);
#6868 = DIRECTION('',(0.,0.,-1.));
#6869 = ORIENTED_EDGE('',*,*,#6870,.T.);
#6870 = EDGE_CURVE('',#6863,#6871,#6873,.T.);
#6871 = VERTEX_POINT('',#6872);
#6872 = CARTESIAN_POINT('',(-2.5,-0.6,1.5));
#6873 = LINE('',#6874,#6875);
#6874 = CARTESIAN_POINT('',(-2.5,-0.2,1.5));
#6875 = VECTOR('',#6876,1.);
#6876 = DIRECTION('',(0.,-1.,0.));
#6877 = ORIENTED_EDGE('',*,*,#6878,.T.);
#6878 = EDGE_CURVE('',#6871,#6879,#6881,.T.);
#6879 = VERTEX_POINT('',#6880);
#6880 = CARTESIAN_POINT('',(-2.5,-0.9,4.1));
#6881 = LINE('',#6882,#6883);
#6882 = CARTESIAN_POINT('',(-2.5,-0.6,1.5));
#6883 = VECTOR('',#6884,1.);
#6884 = DIRECTION('',(0.,-0.114624107985,0.993408935871));
#6885 = ORIENTED_EDGE('',*,*,#6886,.T.);
#6886 = EDGE_CURVE('',#6879,#6887,#6889,.T.);
#6887 = VERTEX_POINT('',#6888);
#6888 = CARTESIAN_POINT('',(-2.5,-0.6,4.3));
#6889 = LINE('',#6890,#6891);
#6890 = CARTESIAN_POINT('',(-2.5,-0.9,4.1));
#6891 = VECTOR('',#6892,1.);
#6892 = DIRECTION('',(0.,0.832050294338,0.554700196225));
#6893 = ORIENTED_EDGE('',*,*,#6894,.T.);
#6894 = EDGE_CURVE('',#6887,#6895,#6897,.T.);
#6895 = VERTEX_POINT('',#6896);
#6896 = CARTESIAN_POINT('',(-2.5,-0.6,4.5));
#6897 = LINE('',#6898,#6899);
#6898 = CARTESIAN_POINT('',(-2.5,-0.6,4.3));
#6899 = VECTOR('',#6900,1.);
#6900 = DIRECTION('',(0.,0.,1.));
#6901 = ORIENTED_EDGE('',*,*,#6902,.T.);
#6902 = EDGE_CURVE('',#6895,#6822,#6903,.T.);
#6903 = LINE('',#6904,#6905);
#6904 = CARTESIAN_POINT('',(-2.5,-0.6,4.5));
#6905 = VECTOR('',#6906,1.);
#6906 = DIRECTION('',(0.,-0.650791373456,0.759256602365));
#6907 = ORIENTED_EDGE('',*,*,#6821,.T.);
#6908 = ORIENTED_EDGE('',*,*,#5176,.F.);
#6909 = PLANE('',#6910);
#6910 = AXIS2_PLACEMENT_3D('',#6911,#6912,#6913);
#6911 = CARTESIAN_POINT('',(-2.5,1.6,0.));
#6912 = DIRECTION('',(1.,0.,0.));
#6913 = DIRECTION('',(0.,-1.,0.));
#6914 = ADVANCED_FACE('',(#6915),#6958,.F.);
#6915 = FACE_BOUND('',#6916,.F.);
#6916 = EDGE_LOOP('',(#6917,#6918,#6919,#6925,#6926,#6927,#6928,#6929,
    #6930,#6931,#6932,#6933,#6934,#6935,#6936,#6937,#6938,#6939,#6940,
    #6941,#6942,#6943,#6944,#6945,#6946,#6947,#6948,#6949,#6950,#6951,
    #6952,#6953,#6954,#6955,#6956,#6957));
#6917 = ORIENTED_EDGE('',*,*,#6550,.F.);
#6918 = ORIENTED_EDGE('',*,*,#6631,.T.);
#6919 = ORIENTED_EDGE('',*,*,#6920,.T.);
#6920 = EDGE_CURVE('',#6624,#6847,#6921,.T.);
#6921 = LINE('',#6922,#6923);
#6922 = CARTESIAN_POINT('',(20.,1.6,6.));
#6923 = VECTOR('',#6924,1.);
#6924 = DIRECTION('',(-1.,0.,0.));
#6925 = ORIENTED_EDGE('',*,*,#6846,.F.);
#6926 = ORIENTED_EDGE('',*,*,#5511,.F.);
#6927 = ORIENTED_EDGE('',*,*,#5534,.F.);
#6928 = ORIENTED_EDGE('',*,*,#5558,.T.);
#6929 = ORIENTED_EDGE('',*,*,#5609,.T.);
#6930 = ORIENTED_EDGE('',*,*,#5631,.F.);
#6931 = ORIENTED_EDGE('',*,*,#5664,.F.);
#6932 = ORIENTED_EDGE('',*,*,#5688,.T.);
#6933 = ORIENTED_EDGE('',*,*,#5739,.T.);
#6934 = ORIENTED_EDGE('',*,*,#5769,.F.);
#6935 = ORIENTED_EDGE('',*,*,#5794,.F.);
#6936 = ORIENTED_EDGE('',*,*,#5818,.T.);
#6937 = ORIENTED_EDGE('',*,*,#5869,.T.);
#6938 = ORIENTED_EDGE('',*,*,#5900,.F.);
#6939 = ORIENTED_EDGE('',*,*,#5924,.F.);
#6940 = ORIENTED_EDGE('',*,*,#5948,.T.);
#6941 = ORIENTED_EDGE('',*,*,#5999,.T.);
#6942 = ORIENTED_EDGE('',*,*,#6031,.F.);
#6943 = ORIENTED_EDGE('',*,*,#6054,.F.);
#6944 = ORIENTED_EDGE('',*,*,#6078,.T.);
#6945 = ORIENTED_EDGE('',*,*,#6129,.T.);
#6946 = ORIENTED_EDGE('',*,*,#6151,.F.);
#6947 = ORIENTED_EDGE('',*,*,#6184,.F.);
#6948 = ORIENTED_EDGE('',*,*,#6208,.T.);
#6949 = ORIENTED_EDGE('',*,*,#6259,.T.);
#6950 = ORIENTED_EDGE('',*,*,#6289,.F.);
#6951 = ORIENTED_EDGE('',*,*,#6314,.F.);
#6952 = ORIENTED_EDGE('',*,*,#6338,.T.);
#6953 = ORIENTED_EDGE('',*,*,#6389,.T.);
#6954 = ORIENTED_EDGE('',*,*,#6420,.F.);
#6955 = ORIENTED_EDGE('',*,*,#6444,.F.);
#6956 = ORIENTED_EDGE('',*,*,#6468,.T.);
#6957 = ORIENTED_EDGE('',*,*,#6519,.T.);
#6958 = PLANE('',#6959);
#6959 = AXIS2_PLACEMENT_3D('',#6960,#6961,#6962);
#6960 = CARTESIAN_POINT('',(20.,1.6,0.));
#6961 = DIRECTION('',(0.,-1.,0.));
#6962 = DIRECTION('',(-1.,0.,0.));
#6963 = ADVANCED_FACE('',(#6964),#7021,.F.);
#6964 = FACE_BOUND('',#6965,.F.);
#6965 = EDGE_LOOP('',(#6966,#6976,#6984,#6992,#6998,#6999,#7007,#7015));
#6966 = ORIENTED_EDGE('',*,*,#6967,.T.);
#6967 = EDGE_CURVE('',#6968,#6970,#6972,.T.);
#6968 = VERTEX_POINT('',#6969);
#6969 = CARTESIAN_POINT('',(-0.32,-0.351578947368,-3.));
#6970 = VERTEX_POINT('',#6971);
#6971 = CARTESIAN_POINT('',(-0.32,0.288421052632,-3.));
#6972 = LINE('',#6973,#6974);
#6973 = CARTESIAN_POINT('',(-0.32,-0.32,-3.));
#6974 = VECTOR('',#6975,1.);
#6975 = DIRECTION('',(0.,1.,0.));
#6976 = ORIENTED_EDGE('',*,*,#6977,.T.);
#6977 = EDGE_CURVE('',#6970,#6978,#6980,.T.);
#6978 = VERTEX_POINT('',#6979);
#6979 = CARTESIAN_POINT('',(-0.32,2.E-02,-1.3));
#6980 = LINE('',#6981,#6982);
#6981 = CARTESIAN_POINT('',(-0.32,0.32,-3.2));
#6982 = VECTOR('',#6983,1.);
#6983 = DIRECTION('',(0.,-0.155962573473,0.987762965329));
#6984 = ORIENTED_EDGE('',*,*,#6985,.T.);
#6985 = EDGE_CURVE('',#6978,#6986,#6988,.T.);
#6986 = VERTEX_POINT('',#6987);
#6987 = CARTESIAN_POINT('',(-0.32,0.32,-0.7));
#6988 = LINE('',#6989,#6990);
#6989 = CARTESIAN_POINT('',(-0.32,2.E-02,-1.3));
#6990 = VECTOR('',#6991,1.);
#6991 = DIRECTION('',(0.,0.4472135955,0.894427191));
#6992 = ORIENTED_EDGE('',*,*,#6993,.T.);
#6993 = EDGE_CURVE('',#6986,#5570,#6994,.T.);
#6994 = LINE('',#6995,#6996);
#6995 = CARTESIAN_POINT('',(-0.32,0.32,-0.7));
#6996 = VECTOR('',#6997,1.);
#6997 = DIRECTION('',(0.,0.,1.));
#6998 = ORIENTED_EDGE('',*,*,#5567,.F.);
#6999 = ORIENTED_EDGE('',*,*,#7000,.T.);
#7000 = EDGE_CURVE('',#5568,#7001,#7003,.T.);
#7001 = VERTEX_POINT('',#7002);
#7002 = CARTESIAN_POINT('',(-0.32,-0.32,-0.7));
#7003 = LINE('',#7004,#7005);
#7004 = CARTESIAN_POINT('',(-0.32,-0.32,5.1));
#7005 = VECTOR('',#7006,1.);
#7006 = DIRECTION('',(0.,0.,-1.));
#7007 = ORIENTED_EDGE('',*,*,#7008,.T.);
#7008 = EDGE_CURVE('',#7001,#7009,#7011,.T.);
#7009 = VERTEX_POINT('',#7010);
#7010 = CARTESIAN_POINT('',(-0.32,-0.62,-1.3));
#7011 = LINE('',#7012,#7013);
#7012 = CARTESIAN_POINT('',(-0.32,-0.32,-0.7));
#7013 = VECTOR('',#7014,1.);
#7014 = DIRECTION('',(0.,-0.4472135955,-0.894427191));
#7015 = ORIENTED_EDGE('',*,*,#7016,.T.);
#7016 = EDGE_CURVE('',#7009,#6968,#7017,.T.);
#7017 = LINE('',#7018,#7019);
#7018 = CARTESIAN_POINT('',(-0.32,-0.62,-1.3));
#7019 = VECTOR('',#7020,1.);
#7020 = DIRECTION('',(0.,0.155962573473,-0.987762965329));
#7021 = PLANE('',#7022);
#7022 = AXIS2_PLACEMENT_3D('',#7023,#7024,#7025);
#7023 = CARTESIAN_POINT('',(-0.32,-4.307486879287E-02,0.926376556288));
#7024 = DIRECTION('',(1.,0.,0.));
#7025 = DIRECTION('',(0.,0.,1.));
#7026 = ADVANCED_FACE('',(#7027),#7045,.F.);
#7027 = FACE_BOUND('',#7028,.F.);
#7028 = EDGE_LOOP('',(#7029,#7030,#7031,#7039));
#7029 = ORIENTED_EDGE('',*,*,#7000,.F.);
#7030 = ORIENTED_EDGE('',*,*,#5593,.F.);
#7031 = ORIENTED_EDGE('',*,*,#7032,.T.);
#7032 = EDGE_CURVE('',#5586,#7033,#7035,.T.);
#7033 = VERTEX_POINT('',#7034);
#7034 = CARTESIAN_POINT('',(0.32,-0.32,-0.7));
#7035 = LINE('',#7036,#7037);
#7036 = CARTESIAN_POINT('',(0.32,-0.32,5.1));
#7037 = VECTOR('',#7038,1.);
#7038 = DIRECTION('',(0.,0.,-1.));
#7039 = ORIENTED_EDGE('',*,*,#7040,.F.);
#7040 = EDGE_CURVE('',#7001,#7033,#7041,.T.);
#7041 = LINE('',#7042,#7043);
#7042 = CARTESIAN_POINT('',(-0.32,-0.32,-0.7));
#7043 = VECTOR('',#7044,1.);
#7044 = DIRECTION('',(1.,0.,0.));
#7045 = PLANE('',#7046);
#7046 = AXIS2_PLACEMENT_3D('',#7047,#7048,#7049);
#7047 = CARTESIAN_POINT('',(-0.32,-0.32,5.1));
#7048 = DIRECTION('',(0.,1.,0.));
#7049 = DIRECTION('',(0.,0.,-1.));
#7050 = ADVANCED_FACE('',(#7051),#7101,.T.);
#7051 = FACE_BOUND('',#7052,.T.);
#7052 = EDGE_LOOP('',(#7053,#7063,#7071,#7079,#7085,#7086,#7087,#7095));
#7053 = ORIENTED_EDGE('',*,*,#7054,.T.);
#7054 = EDGE_CURVE('',#7055,#7057,#7059,.T.);
#7055 = VERTEX_POINT('',#7056);
#7056 = CARTESIAN_POINT('',(0.32,-0.351578947368,-3.));
#7057 = VERTEX_POINT('',#7058);
#7058 = CARTESIAN_POINT('',(0.32,0.288421052632,-3.));
#7059 = LINE('',#7060,#7061);
#7060 = CARTESIAN_POINT('',(0.32,-0.32,-3.));
#7061 = VECTOR('',#7062,1.);
#7062 = DIRECTION('',(0.,1.,0.));
#7063 = ORIENTED_EDGE('',*,*,#7064,.T.);
#7064 = EDGE_CURVE('',#7057,#7065,#7067,.T.);
#7065 = VERTEX_POINT('',#7066);
#7066 = CARTESIAN_POINT('',(0.32,2.E-02,-1.3));
#7067 = LINE('',#7068,#7069);
#7068 = CARTESIAN_POINT('',(0.32,0.32,-3.2));
#7069 = VECTOR('',#7070,1.);
#7070 = DIRECTION('',(0.,-0.155962573473,0.987762965329));
#7071 = ORIENTED_EDGE('',*,*,#7072,.T.);
#7072 = EDGE_CURVE('',#7065,#7073,#7075,.T.);
#7073 = VERTEX_POINT('',#7074);
#7074 = CARTESIAN_POINT('',(0.32,0.32,-0.7));
#7075 = LINE('',#7076,#7077);
#7076 = CARTESIAN_POINT('',(0.32,2.E-02,-1.3));
#7077 = VECTOR('',#7078,1.);
#7078 = DIRECTION('',(0.,0.4472135955,0.894427191));
#7079 = ORIENTED_EDGE('',*,*,#7080,.T.);
#7080 = EDGE_CURVE('',#7073,#5578,#7081,.T.);
#7081 = LINE('',#7082,#7083);
#7082 = CARTESIAN_POINT('',(0.32,0.32,-0.7));
#7083 = VECTOR('',#7084,1.);
#7084 = DIRECTION('',(0.,0.,1.));
#7085 = ORIENTED_EDGE('',*,*,#5585,.F.);
#7086 = ORIENTED_EDGE('',*,*,#7032,.T.);
#7087 = ORIENTED_EDGE('',*,*,#7088,.T.);
#7088 = EDGE_CURVE('',#7033,#7089,#7091,.T.);
#7089 = VERTEX_POINT('',#7090);
#7090 = CARTESIAN_POINT('',(0.32,-0.62,-1.3));
#7091 = LINE('',#7092,#7093);
#7092 = CARTESIAN_POINT('',(0.32,-0.32,-0.7));
#7093 = VECTOR('',#7094,1.);
#7094 = DIRECTION('',(0.,-0.4472135955,-0.894427191));
#7095 = ORIENTED_EDGE('',*,*,#7096,.T.);
#7096 = EDGE_CURVE('',#7089,#7055,#7097,.T.);
#7097 = LINE('',#7098,#7099);
#7098 = CARTESIAN_POINT('',(0.32,-0.62,-1.3));
#7099 = VECTOR('',#7100,1.);
#7100 = DIRECTION('',(0.,0.155962573473,-0.987762965329));
#7101 = PLANE('',#7102);
#7102 = AXIS2_PLACEMENT_3D('',#7103,#7104,#7105);
#7103 = CARTESIAN_POINT('',(0.32,-4.307486879287E-02,0.926376556288));
#7104 = DIRECTION('',(1.,0.,0.));
#7105 = DIRECTION('',(0.,0.,1.));
#7106 = ADVANCED_FACE('',(#7107),#7118,.F.);
#7107 = FACE_BOUND('',#7108,.F.);
#7108 = EDGE_LOOP('',(#7109,#7110,#7116,#7117));
#7109 = ORIENTED_EDGE('',*,*,#6993,.F.);
#7110 = ORIENTED_EDGE('',*,*,#7111,.T.);
#7111 = EDGE_CURVE('',#6986,#7073,#7112,.T.);
#7112 = LINE('',#7113,#7114);
#7113 = CARTESIAN_POINT('',(-0.32,0.32,-0.7));
#7114 = VECTOR('',#7115,1.);
#7115 = DIRECTION('',(1.,0.,0.));
#7116 = ORIENTED_EDGE('',*,*,#7080,.T.);
#7117 = ORIENTED_EDGE('',*,*,#5577,.F.);
#7118 = PLANE('',#7119);
#7119 = AXIS2_PLACEMENT_3D('',#7120,#7121,#7122);
#7120 = CARTESIAN_POINT('',(-0.32,0.32,-0.7));
#7121 = DIRECTION('',(0.,-1.,0.));
#7122 = DIRECTION('',(0.,0.,1.));
#7123 = ADVANCED_FACE('',(#7124),#7149,.T.);
#7124 = FACE_BOUND('',#7125,.T.);
#7125 = EDGE_LOOP('',(#7126,#7136,#7142,#7143));
#7126 = ORIENTED_EDGE('',*,*,#7127,.T.);
#7127 = EDGE_CURVE('',#7128,#7130,#7132,.T.);
#7128 = VERTEX_POINT('',#7129);
#7129 = CARTESIAN_POINT('',(2.82,-0.32,-3.));
#7130 = VERTEX_POINT('',#7131);
#7131 = CARTESIAN_POINT('',(2.82,0.32,-3.));
#7132 = LINE('',#7133,#7134);
#7133 = CARTESIAN_POINT('',(2.82,-0.32,-3.));
#7134 = VECTOR('',#7135,1.);
#7135 = DIRECTION('',(0.,1.,0.));
#7136 = ORIENTED_EDGE('',*,*,#7137,.T.);
#7137 = EDGE_CURVE('',#7130,#5700,#7138,.T.);
#7138 = LINE('',#7139,#7140);
#7139 = CARTESIAN_POINT('',(2.82,0.32,-3.2));
#7140 = VECTOR('',#7141,1.);
#7141 = DIRECTION('',(0.,0.,1.));
#7142 = ORIENTED_EDGE('',*,*,#5697,.F.);
#7143 = ORIENTED_EDGE('',*,*,#7144,.T.);
#7144 = EDGE_CURVE('',#5698,#7128,#7145,.T.);
#7145 = LINE('',#7146,#7147);
#7146 = CARTESIAN_POINT('',(2.82,-0.32,5.1));
#7147 = VECTOR('',#7148,1.);
#7148 = DIRECTION('',(0.,0.,-1.));
#7149 = PLANE('',#7150);
#7150 = AXIS2_PLACEMENT_3D('',#7151,#7152,#7153);
#7151 = CARTESIAN_POINT('',(2.82,0.,0.95));
#7152 = DIRECTION('',(1.,0.,0.));
#7153 = DIRECTION('',(0.,0.,1.));
#7154 = ADVANCED_FACE('',(#7155),#7173,.F.);
#7155 = FACE_BOUND('',#7156,.F.);
#7156 = EDGE_LOOP('',(#7157,#7165,#7171,#7172));
#7157 = ORIENTED_EDGE('',*,*,#7158,.F.);
#7158 = EDGE_CURVE('',#7159,#5716,#7161,.T.);
#7159 = VERTEX_POINT('',#7160);
#7160 = CARTESIAN_POINT('',(2.18,0.32,-3.));
#7161 = LINE('',#7162,#7163);
#7162 = CARTESIAN_POINT('',(2.18,0.32,-3.2));
#7163 = VECTOR('',#7164,1.);
#7164 = DIRECTION('',(0.,0.,1.));
#7165 = ORIENTED_EDGE('',*,*,#7166,.T.);
#7166 = EDGE_CURVE('',#7159,#7130,#7167,.T.);
#7167 = LINE('',#7168,#7169);
#7168 = CARTESIAN_POINT('',(2.18,0.32,-3.));
#7169 = VECTOR('',#7170,1.);
#7170 = DIRECTION('',(1.,0.,0.));
#7171 = ORIENTED_EDGE('',*,*,#7137,.T.);
#7172 = ORIENTED_EDGE('',*,*,#5723,.F.);
#7173 = PLANE('',#7174);
#7174 = AXIS2_PLACEMENT_3D('',#7175,#7176,#7177);
#7175 = CARTESIAN_POINT('',(2.18,0.32,-3.2));
#7176 = DIRECTION('',(0.,-1.,0.));
#7177 = DIRECTION('',(0.,0.,1.));
#7178 = ADVANCED_FACE('',(#7179),#7197,.F.);
#7179 = FACE_BOUND('',#7180,.F.);
#7180 = EDGE_LOOP('',(#7181,#7189,#7190,#7191));
#7181 = ORIENTED_EDGE('',*,*,#7182,.T.);
#7182 = EDGE_CURVE('',#7183,#7159,#7185,.T.);
#7183 = VERTEX_POINT('',#7184);
#7184 = CARTESIAN_POINT('',(2.18,-0.32,-3.));
#7185 = LINE('',#7186,#7187);
#7186 = CARTESIAN_POINT('',(2.18,-0.32,-3.));
#7187 = VECTOR('',#7188,1.);
#7188 = DIRECTION('',(0.,1.,0.));
#7189 = ORIENTED_EDGE('',*,*,#7158,.T.);
#7190 = ORIENTED_EDGE('',*,*,#5715,.F.);
#7191 = ORIENTED_EDGE('',*,*,#7192,.T.);
#7192 = EDGE_CURVE('',#5708,#7183,#7193,.T.);
#7193 = LINE('',#7194,#7195);
#7194 = CARTESIAN_POINT('',(2.18,-0.32,5.1));
#7195 = VECTOR('',#7196,1.);
#7196 = DIRECTION('',(0.,0.,-1.));
#7197 = PLANE('',#7198);
#7198 = AXIS2_PLACEMENT_3D('',#7199,#7200,#7201);
#7199 = CARTESIAN_POINT('',(2.18,0.,0.95));
#7200 = DIRECTION('',(1.,0.,0.));
#7201 = DIRECTION('',(0.,0.,1.));
#7202 = ADVANCED_FACE('',(#7203),#7214,.F.);
#7203 = FACE_BOUND('',#7204,.F.);
#7204 = EDGE_LOOP('',(#7205,#7206,#7207,#7208));
#7205 = ORIENTED_EDGE('',*,*,#7192,.F.);
#7206 = ORIENTED_EDGE('',*,*,#5707,.F.);
#7207 = ORIENTED_EDGE('',*,*,#7144,.T.);
#7208 = ORIENTED_EDGE('',*,*,#7209,.F.);
#7209 = EDGE_CURVE('',#7183,#7128,#7210,.T.);
#7210 = LINE('',#7211,#7212);
#7211 = CARTESIAN_POINT('',(2.18,-0.32,-3.));
#7212 = VECTOR('',#7213,1.);
#7213 = DIRECTION('',(1.,0.,0.));
#7214 = PLANE('',#7215);
#7215 = AXIS2_PLACEMENT_3D('',#7216,#7217,#7218);
#7216 = CARTESIAN_POINT('',(2.18,-0.32,5.1));
#7217 = DIRECTION('',(0.,1.,0.));
#7218 = DIRECTION('',(0.,0.,-1.));
#7219 = ADVANCED_FACE('',(#7220),#7245,.F.);
#7220 = FACE_BOUND('',#7221,.F.);
#7221 = EDGE_LOOP('',(#7222,#7230,#7231,#7239));
#7222 = ORIENTED_EDGE('',*,*,#7223,.F.);
#7223 = EDGE_CURVE('',#5830,#7224,#7226,.T.);
#7224 = VERTEX_POINT('',#7225);
#7225 = CARTESIAN_POINT('',(4.68,-0.32,-3.));
#7226 = LINE('',#7227,#7228);
#7227 = CARTESIAN_POINT('',(4.68,-0.32,5.1));
#7228 = VECTOR('',#7229,1.);
#7229 = DIRECTION('',(0.,0.,-1.));
#7230 = ORIENTED_EDGE('',*,*,#5827,.F.);
#7231 = ORIENTED_EDGE('',*,*,#7232,.T.);
#7232 = EDGE_CURVE('',#5828,#7233,#7235,.T.);
#7233 = VERTEX_POINT('',#7234);
#7234 = CARTESIAN_POINT('',(5.32,-0.32,-3.));
#7235 = LINE('',#7236,#7237);
#7236 = CARTESIAN_POINT('',(5.32,-0.32,5.1));
#7237 = VECTOR('',#7238,1.);
#7238 = DIRECTION('',(0.,0.,-1.));
#7239 = ORIENTED_EDGE('',*,*,#7240,.F.);
#7240 = EDGE_CURVE('',#7224,#7233,#7241,.T.);
#7241 = LINE('',#7242,#7243);
#7242 = CARTESIAN_POINT('',(4.68,-0.32,-3.));
#7243 = VECTOR('',#7244,1.);
#7244 = DIRECTION('',(1.,0.,0.));
#7245 = PLANE('',#7246);
#7246 = AXIS2_PLACEMENT_3D('',#7247,#7248,#7249);
#7247 = CARTESIAN_POINT('',(4.68,-0.32,5.1));
#7248 = DIRECTION('',(0.,1.,0.));
#7249 = DIRECTION('',(0.,0.,-1.));
#7250 = ADVANCED_FACE('',(#7251),#7269,.T.);
#7251 = FACE_BOUND('',#7252,.T.);
#7252 = EDGE_LOOP('',(#7253,#7261,#7267,#7268));
#7253 = ORIENTED_EDGE('',*,*,#7254,.T.);
#7254 = EDGE_CURVE('',#7233,#7255,#7257,.T.);
#7255 = VERTEX_POINT('',#7256);
#7256 = CARTESIAN_POINT('',(5.32,0.32,-3.));
#7257 = LINE('',#7258,#7259);
#7258 = CARTESIAN_POINT('',(5.32,-0.32,-3.));
#7259 = VECTOR('',#7260,1.);
#7260 = DIRECTION('',(0.,1.,0.));
#7261 = ORIENTED_EDGE('',*,*,#7262,.T.);
#7262 = EDGE_CURVE('',#7255,#5846,#7263,.T.);
#7263 = LINE('',#7264,#7265);
#7264 = CARTESIAN_POINT('',(5.32,0.32,-3.2));
#7265 = VECTOR('',#7266,1.);
#7266 = DIRECTION('',(0.,0.,1.));
#7267 = ORIENTED_EDGE('',*,*,#5853,.F.);
#7268 = ORIENTED_EDGE('',*,*,#7232,.T.);
#7269 = PLANE('',#7270);
#7270 = AXIS2_PLACEMENT_3D('',#7271,#7272,#7273);
#7271 = CARTESIAN_POINT('',(5.32,0.,0.95));
#7272 = DIRECTION('',(1.,0.,0.));
#7273 = DIRECTION('',(0.,0.,1.));
#7274 = ADVANCED_FACE('',(#7275),#7293,.F.);
#7275 = FACE_BOUND('',#7276,.F.);
#7276 = EDGE_LOOP('',(#7277,#7285,#7291,#7292));
#7277 = ORIENTED_EDGE('',*,*,#7278,.F.);
#7278 = EDGE_CURVE('',#7279,#5838,#7281,.T.);
#7279 = VERTEX_POINT('',#7280);
#7280 = CARTESIAN_POINT('',(4.68,0.32,-3.));
#7281 = LINE('',#7282,#7283);
#7282 = CARTESIAN_POINT('',(4.68,0.32,-3.2));
#7283 = VECTOR('',#7284,1.);
#7284 = DIRECTION('',(0.,0.,1.));
#7285 = ORIENTED_EDGE('',*,*,#7286,.T.);
#7286 = EDGE_CURVE('',#7279,#7255,#7287,.T.);
#7287 = LINE('',#7288,#7289);
#7288 = CARTESIAN_POINT('',(4.68,0.32,-3.));
#7289 = VECTOR('',#7290,1.);
#7290 = DIRECTION('',(1.,0.,0.));
#7291 = ORIENTED_EDGE('',*,*,#7262,.T.);
#7292 = ORIENTED_EDGE('',*,*,#5845,.F.);
#7293 = PLANE('',#7294);
#7294 = AXIS2_PLACEMENT_3D('',#7295,#7296,#7297);
#7295 = CARTESIAN_POINT('',(4.68,0.32,-3.2));
#7296 = DIRECTION('',(0.,-1.,0.));
#7297 = DIRECTION('',(0.,0.,1.));
#7298 = ADVANCED_FACE('',(#7299),#7310,.F.);
#7299 = FACE_BOUND('',#7300,.F.);
#7300 = EDGE_LOOP('',(#7301,#7307,#7308,#7309));
#7301 = ORIENTED_EDGE('',*,*,#7302,.T.);
#7302 = EDGE_CURVE('',#7224,#7279,#7303,.T.);
#7303 = LINE('',#7304,#7305);
#7304 = CARTESIAN_POINT('',(4.68,-0.32,-3.));
#7305 = VECTOR('',#7306,1.);
#7306 = DIRECTION('',(0.,1.,0.));
#7307 = ORIENTED_EDGE('',*,*,#7278,.T.);
#7308 = ORIENTED_EDGE('',*,*,#5837,.F.);
#7309 = ORIENTED_EDGE('',*,*,#7223,.T.);
#7310 = PLANE('',#7311);
#7311 = AXIS2_PLACEMENT_3D('',#7312,#7313,#7314);
#7312 = CARTESIAN_POINT('',(4.68,0.,0.95));
#7313 = DIRECTION('',(1.,0.,0.));
#7314 = DIRECTION('',(0.,0.,1.));
#7315 = ADVANCED_FACE('',(#7316),#7341,.T.);
#7316 = FACE_BOUND('',#7317,.T.);
#7317 = EDGE_LOOP('',(#7318,#7328,#7334,#7335));
#7318 = ORIENTED_EDGE('',*,*,#7319,.T.);
#7319 = EDGE_CURVE('',#7320,#7322,#7324,.T.);
#7320 = VERTEX_POINT('',#7321);
#7321 = CARTESIAN_POINT('',(7.82,-0.32,-3.));
#7322 = VERTEX_POINT('',#7323);
#7323 = CARTESIAN_POINT('',(7.82,0.32,-3.));
#7324 = LINE('',#7325,#7326);
#7325 = CARTESIAN_POINT('',(7.82,-0.32,-3.));
#7326 = VECTOR('',#7327,1.);
#7327 = DIRECTION('',(0.,1.,0.));
#7328 = ORIENTED_EDGE('',*,*,#7329,.T.);
#7329 = EDGE_CURVE('',#7322,#5960,#7330,.T.);
#7330 = LINE('',#7331,#7332);
#7331 = CARTESIAN_POINT('',(7.82,0.32,-3.2));
#7332 = VECTOR('',#7333,1.);
#7333 = DIRECTION('',(0.,0.,1.));
#7334 = ORIENTED_EDGE('',*,*,#5957,.F.);
#7335 = ORIENTED_EDGE('',*,*,#7336,.T.);
#7336 = EDGE_CURVE('',#5958,#7320,#7337,.T.);
#7337 = LINE('',#7338,#7339);
#7338 = CARTESIAN_POINT('',(7.82,-0.32,5.1));
#7339 = VECTOR('',#7340,1.);
#7340 = DIRECTION('',(0.,0.,-1.));
#7341 = PLANE('',#7342);
#7342 = AXIS2_PLACEMENT_3D('',#7343,#7344,#7345);
#7343 = CARTESIAN_POINT('',(7.82,0.,0.95));
#7344 = DIRECTION('',(1.,0.,0.));
#7345 = DIRECTION('',(0.,0.,1.));
#7346 = ADVANCED_FACE('',(#7347),#7365,.F.);
#7347 = FACE_BOUND('',#7348,.F.);
#7348 = EDGE_LOOP('',(#7349,#7357,#7363,#7364));
#7349 = ORIENTED_EDGE('',*,*,#7350,.F.);
#7350 = EDGE_CURVE('',#7351,#5976,#7353,.T.);
#7351 = VERTEX_POINT('',#7352);
#7352 = CARTESIAN_POINT('',(7.18,0.32,-3.));
#7353 = LINE('',#7354,#7355);
#7354 = CARTESIAN_POINT('',(7.18,0.32,-3.2));
#7355 = VECTOR('',#7356,1.);
#7356 = DIRECTION('',(0.,0.,1.));
#7357 = ORIENTED_EDGE('',*,*,#7358,.T.);
#7358 = EDGE_CURVE('',#7351,#7322,#7359,.T.);
#7359 = LINE('',#7360,#7361);
#7360 = CARTESIAN_POINT('',(7.18,0.32,-3.));
#7361 = VECTOR('',#7362,1.);
#7362 = DIRECTION('',(1.,0.,0.));
#7363 = ORIENTED_EDGE('',*,*,#7329,.T.);
#7364 = ORIENTED_EDGE('',*,*,#5983,.F.);
#7365 = PLANE('',#7366);
#7366 = AXIS2_PLACEMENT_3D('',#7367,#7368,#7369);
#7367 = CARTESIAN_POINT('',(7.18,0.32,-3.2));
#7368 = DIRECTION('',(0.,-1.,0.));
#7369 = DIRECTION('',(0.,0.,1.));
#7370 = ADVANCED_FACE('',(#7371),#7389,.F.);
#7371 = FACE_BOUND('',#7372,.F.);
#7372 = EDGE_LOOP('',(#7373,#7381,#7382,#7383));
#7373 = ORIENTED_EDGE('',*,*,#7374,.T.);
#7374 = EDGE_CURVE('',#7375,#7351,#7377,.T.);
#7375 = VERTEX_POINT('',#7376);
#7376 = CARTESIAN_POINT('',(7.18,-0.32,-3.));
#7377 = LINE('',#7378,#7379);
#7378 = CARTESIAN_POINT('',(7.18,-0.32,-3.));
#7379 = VECTOR('',#7380,1.);
#7380 = DIRECTION('',(0.,1.,0.));
#7381 = ORIENTED_EDGE('',*,*,#7350,.T.);
#7382 = ORIENTED_EDGE('',*,*,#5975,.F.);
#7383 = ORIENTED_EDGE('',*,*,#7384,.T.);
#7384 = EDGE_CURVE('',#5968,#7375,#7385,.T.);
#7385 = LINE('',#7386,#7387);
#7386 = CARTESIAN_POINT('',(7.18,-0.32,5.1));
#7387 = VECTOR('',#7388,1.);
#7388 = DIRECTION('',(0.,0.,-1.));
#7389 = PLANE('',#7390);
#7390 = AXIS2_PLACEMENT_3D('',#7391,#7392,#7393);
#7391 = CARTESIAN_POINT('',(7.18,0.,0.95));
#7392 = DIRECTION('',(1.,0.,0.));
#7393 = DIRECTION('',(0.,0.,1.));
#7394 = ADVANCED_FACE('',(#7395),#7406,.F.);
#7395 = FACE_BOUND('',#7396,.F.);
#7396 = EDGE_LOOP('',(#7397,#7398,#7399,#7400));
#7397 = ORIENTED_EDGE('',*,*,#7384,.F.);
#7398 = ORIENTED_EDGE('',*,*,#5967,.F.);
#7399 = ORIENTED_EDGE('',*,*,#7336,.T.);
#7400 = ORIENTED_EDGE('',*,*,#7401,.F.);
#7401 = EDGE_CURVE('',#7375,#7320,#7402,.T.);
#7402 = LINE('',#7403,#7404);
#7403 = CARTESIAN_POINT('',(7.18,-0.32,-3.));
#7404 = VECTOR('',#7405,1.);
#7405 = DIRECTION('',(1.,0.,0.));
#7406 = PLANE('',#7407);
#7407 = AXIS2_PLACEMENT_3D('',#7408,#7409,#7410);
#7408 = CARTESIAN_POINT('',(7.18,-0.32,5.1));
#7409 = DIRECTION('',(0.,1.,0.));
#7410 = DIRECTION('',(0.,0.,-1.));
#7411 = ADVANCED_FACE('',(#7412),#7437,.T.);
#7412 = FACE_BOUND('',#7413,.T.);
#7413 = EDGE_LOOP('',(#7414,#7424,#7430,#7431));
#7414 = ORIENTED_EDGE('',*,*,#7415,.T.);
#7415 = EDGE_CURVE('',#7416,#7418,#7420,.T.);
#7416 = VERTEX_POINT('',#7417);
#7417 = CARTESIAN_POINT('',(10.32,-0.32,-3.));
#7418 = VERTEX_POINT('',#7419);
#7419 = CARTESIAN_POINT('',(10.32,0.32,-3.));
#7420 = LINE('',#7421,#7422);
#7421 = CARTESIAN_POINT('',(10.32,-0.32,-3.));
#7422 = VECTOR('',#7423,1.);
#7423 = DIRECTION('',(0.,1.,0.));
#7424 = ORIENTED_EDGE('',*,*,#7425,.T.);
#7425 = EDGE_CURVE('',#7418,#6090,#7426,.T.);
#7426 = LINE('',#7427,#7428);
#7427 = CARTESIAN_POINT('',(10.32,0.32,-3.2));
#7428 = VECTOR('',#7429,1.);
#7429 = DIRECTION('',(0.,0.,1.));
#7430 = ORIENTED_EDGE('',*,*,#6087,.F.);
#7431 = ORIENTED_EDGE('',*,*,#7432,.T.);
#7432 = EDGE_CURVE('',#6088,#7416,#7433,.T.);
#7433 = LINE('',#7434,#7435);
#7434 = CARTESIAN_POINT('',(10.32,-0.32,5.1));
#7435 = VECTOR('',#7436,1.);
#7436 = DIRECTION('',(0.,0.,-1.));
#7437 = PLANE('',#7438);
#7438 = AXIS2_PLACEMENT_3D('',#7439,#7440,#7441);
#7439 = CARTESIAN_POINT('',(10.32,0.,0.95));
#7440 = DIRECTION('',(1.,0.,0.));
#7441 = DIRECTION('',(0.,0.,1.));
#7442 = ADVANCED_FACE('',(#7443),#7461,.F.);
#7443 = FACE_BOUND('',#7444,.F.);
#7444 = EDGE_LOOP('',(#7445,#7453,#7459,#7460));
#7445 = ORIENTED_EDGE('',*,*,#7446,.F.);
#7446 = EDGE_CURVE('',#7447,#6106,#7449,.T.);
#7447 = VERTEX_POINT('',#7448);
#7448 = CARTESIAN_POINT('',(9.68,0.32,-3.));
#7449 = LINE('',#7450,#7451);
#7450 = CARTESIAN_POINT('',(9.68,0.32,-3.2));
#7451 = VECTOR('',#7452,1.);
#7452 = DIRECTION('',(0.,0.,1.));
#7453 = ORIENTED_EDGE('',*,*,#7454,.T.);
#7454 = EDGE_CURVE('',#7447,#7418,#7455,.T.);
#7455 = LINE('',#7456,#7457);
#7456 = CARTESIAN_POINT('',(9.68,0.32,-3.));
#7457 = VECTOR('',#7458,1.);
#7458 = DIRECTION('',(1.,0.,0.));
#7459 = ORIENTED_EDGE('',*,*,#7425,.T.);
#7460 = ORIENTED_EDGE('',*,*,#6113,.F.);
#7461 = PLANE('',#7462);
#7462 = AXIS2_PLACEMENT_3D('',#7463,#7464,#7465);
#7463 = CARTESIAN_POINT('',(9.68,0.32,-3.2));
#7464 = DIRECTION('',(0.,-1.,0.));
#7465 = DIRECTION('',(0.,0.,1.));
#7466 = ADVANCED_FACE('',(#7467),#7485,.F.);
#7467 = FACE_BOUND('',#7468,.F.);
#7468 = EDGE_LOOP('',(#7469,#7477,#7478,#7479));
#7469 = ORIENTED_EDGE('',*,*,#7470,.T.);
#7470 = EDGE_CURVE('',#7471,#7447,#7473,.T.);
#7471 = VERTEX_POINT('',#7472);
#7472 = CARTESIAN_POINT('',(9.68,-0.32,-3.));
#7473 = LINE('',#7474,#7475);
#7474 = CARTESIAN_POINT('',(9.68,-0.32,-3.));
#7475 = VECTOR('',#7476,1.);
#7476 = DIRECTION('',(0.,1.,0.));
#7477 = ORIENTED_EDGE('',*,*,#7446,.T.);
#7478 = ORIENTED_EDGE('',*,*,#6105,.F.);
#7479 = ORIENTED_EDGE('',*,*,#7480,.T.);
#7480 = EDGE_CURVE('',#6098,#7471,#7481,.T.);
#7481 = LINE('',#7482,#7483);
#7482 = CARTESIAN_POINT('',(9.68,-0.32,5.1));
#7483 = VECTOR('',#7484,1.);
#7484 = DIRECTION('',(0.,0.,-1.));
#7485 = PLANE('',#7486);
#7486 = AXIS2_PLACEMENT_3D('',#7487,#7488,#7489);
#7487 = CARTESIAN_POINT('',(9.68,0.,0.95));
#7488 = DIRECTION('',(1.,0.,0.));
#7489 = DIRECTION('',(0.,0.,1.));
#7490 = ADVANCED_FACE('',(#7491),#7502,.F.);
#7491 = FACE_BOUND('',#7492,.F.);
#7492 = EDGE_LOOP('',(#7493,#7494,#7495,#7496));
#7493 = ORIENTED_EDGE('',*,*,#7480,.F.);
#7494 = ORIENTED_EDGE('',*,*,#6097,.F.);
#7495 = ORIENTED_EDGE('',*,*,#7432,.T.);
#7496 = ORIENTED_EDGE('',*,*,#7497,.F.);
#7497 = EDGE_CURVE('',#7471,#7416,#7498,.T.);
#7498 = LINE('',#7499,#7500);
#7499 = CARTESIAN_POINT('',(9.68,-0.32,-3.));
#7500 = VECTOR('',#7501,1.);
#7501 = DIRECTION('',(1.,0.,0.));
#7502 = PLANE('',#7503);
#7503 = AXIS2_PLACEMENT_3D('',#7504,#7505,#7506);
#7504 = CARTESIAN_POINT('',(9.68,-0.32,5.1));
#7505 = DIRECTION('',(0.,1.,0.));
#7506 = DIRECTION('',(0.,0.,-1.));
#7507 = ADVANCED_FACE('',(#7508),#7533,.F.);
#7508 = FACE_BOUND('',#7509,.F.);
#7509 = EDGE_LOOP('',(#7510,#7520,#7526,#7527));
#7510 = ORIENTED_EDGE('',*,*,#7511,.T.);
#7511 = EDGE_CURVE('',#7512,#7514,#7516,.T.);
#7512 = VERTEX_POINT('',#7513);
#7513 = CARTESIAN_POINT('',(12.18,-0.32,-3.));
#7514 = VERTEX_POINT('',#7515);
#7515 = CARTESIAN_POINT('',(12.18,0.32,-3.));
#7516 = LINE('',#7517,#7518);
#7517 = CARTESIAN_POINT('',(12.18,-0.32,-3.));
#7518 = VECTOR('',#7519,1.);
#7519 = DIRECTION('',(0.,1.,0.));
#7520 = ORIENTED_EDGE('',*,*,#7521,.T.);
#7521 = EDGE_CURVE('',#7514,#6220,#7522,.T.);
#7522 = LINE('',#7523,#7524);
#7523 = CARTESIAN_POINT('',(12.18,0.32,-3.2));
#7524 = VECTOR('',#7525,1.);
#7525 = DIRECTION('',(0.,0.,1.));
#7526 = ORIENTED_EDGE('',*,*,#6217,.F.);
#7527 = ORIENTED_EDGE('',*,*,#7528,.T.);
#7528 = EDGE_CURVE('',#6218,#7512,#7529,.T.);
#7529 = LINE('',#7530,#7531);
#7530 = CARTESIAN_POINT('',(12.18,-0.32,5.1));
#7531 = VECTOR('',#7532,1.);
#7532 = DIRECTION('',(0.,0.,-1.));
#7533 = PLANE('',#7534);
#7534 = AXIS2_PLACEMENT_3D('',#7535,#7536,#7537);
#7535 = CARTESIAN_POINT('',(12.18,0.,0.95));
#7536 = DIRECTION('',(1.,0.,0.));
#7537 = DIRECTION('',(0.,0.,1.));
#7538 = ADVANCED_FACE('',(#7539),#7557,.F.);
#7539 = FACE_BOUND('',#7540,.F.);
#7540 = EDGE_LOOP('',(#7541,#7542,#7543,#7551));
#7541 = ORIENTED_EDGE('',*,*,#7528,.F.);
#7542 = ORIENTED_EDGE('',*,*,#6243,.F.);
#7543 = ORIENTED_EDGE('',*,*,#7544,.T.);
#7544 = EDGE_CURVE('',#6236,#7545,#7547,.T.);
#7545 = VERTEX_POINT('',#7546);
#7546 = CARTESIAN_POINT('',(12.82,-0.32,-3.));
#7547 = LINE('',#7548,#7549);
#7548 = CARTESIAN_POINT('',(12.82,-0.32,5.1));
#7549 = VECTOR('',#7550,1.);
#7550 = DIRECTION('',(0.,0.,-1.));
#7551 = ORIENTED_EDGE('',*,*,#7552,.F.);
#7552 = EDGE_CURVE('',#7512,#7545,#7553,.T.);
#7553 = LINE('',#7554,#7555);
#7554 = CARTESIAN_POINT('',(12.18,-0.32,-3.));
#7555 = VECTOR('',#7556,1.);
#7556 = DIRECTION('',(1.,0.,0.));
#7557 = PLANE('',#7558);
#7558 = AXIS2_PLACEMENT_3D('',#7559,#7560,#7561);
#7559 = CARTESIAN_POINT('',(12.18,-0.32,5.1));
#7560 = DIRECTION('',(0.,1.,0.));
#7561 = DIRECTION('',(0.,0.,-1.));
#7562 = ADVANCED_FACE('',(#7563),#7581,.T.);
#7563 = FACE_BOUND('',#7564,.T.);
#7564 = EDGE_LOOP('',(#7565,#7573,#7579,#7580));
#7565 = ORIENTED_EDGE('',*,*,#7566,.T.);
#7566 = EDGE_CURVE('',#7545,#7567,#7569,.T.);
#7567 = VERTEX_POINT('',#7568);
#7568 = CARTESIAN_POINT('',(12.82,0.32,-3.));
#7569 = LINE('',#7570,#7571);
#7570 = CARTESIAN_POINT('',(12.82,-0.32,-3.));
#7571 = VECTOR('',#7572,1.);
#7572 = DIRECTION('',(0.,1.,0.));
#7573 = ORIENTED_EDGE('',*,*,#7574,.T.);
#7574 = EDGE_CURVE('',#7567,#6228,#7575,.T.);
#7575 = LINE('',#7576,#7577);
#7576 = CARTESIAN_POINT('',(12.82,0.32,-3.2));
#7577 = VECTOR('',#7578,1.);
#7578 = DIRECTION('',(0.,0.,1.));
#7579 = ORIENTED_EDGE('',*,*,#6235,.F.);
#7580 = ORIENTED_EDGE('',*,*,#7544,.T.);
#7581 = PLANE('',#7582);
#7582 = AXIS2_PLACEMENT_3D('',#7583,#7584,#7585);
#7583 = CARTESIAN_POINT('',(12.82,0.,0.95));
#7584 = DIRECTION('',(1.,0.,0.));
#7585 = DIRECTION('',(0.,0.,1.));
#7586 = ADVANCED_FACE('',(#7587),#7598,.F.);
#7587 = FACE_BOUND('',#7588,.F.);
#7588 = EDGE_LOOP('',(#7589,#7590,#7596,#7597));
#7589 = ORIENTED_EDGE('',*,*,#7521,.F.);
#7590 = ORIENTED_EDGE('',*,*,#7591,.T.);
#7591 = EDGE_CURVE('',#7514,#7567,#7592,.T.);
#7592 = LINE('',#7593,#7594);
#7593 = CARTESIAN_POINT('',(12.18,0.32,-3.));
#7594 = VECTOR('',#7595,1.);
#7595 = DIRECTION('',(1.,0.,0.));
#7596 = ORIENTED_EDGE('',*,*,#7574,.T.);
#7597 = ORIENTED_EDGE('',*,*,#6227,.F.);
#7598 = PLANE('',#7599);
#7599 = AXIS2_PLACEMENT_3D('',#7600,#7601,#7602);
#7600 = CARTESIAN_POINT('',(12.18,0.32,-3.2));
#7601 = DIRECTION('',(0.,-1.,0.));
#7602 = DIRECTION('',(0.,0.,1.));
#7603 = ADVANCED_FACE('',(#7604),#7629,.T.);
#7604 = FACE_BOUND('',#7605,.T.);
#7605 = EDGE_LOOP('',(#7606,#7616,#7622,#7623));
#7606 = ORIENTED_EDGE('',*,*,#7607,.T.);
#7607 = EDGE_CURVE('',#7608,#7610,#7612,.T.);
#7608 = VERTEX_POINT('',#7609);
#7609 = CARTESIAN_POINT('',(15.32,-0.32,-3.));
#7610 = VERTEX_POINT('',#7611);
#7611 = CARTESIAN_POINT('',(15.32,0.32,-3.));
#7612 = LINE('',#7613,#7614);
#7613 = CARTESIAN_POINT('',(15.32,-0.32,-3.));
#7614 = VECTOR('',#7615,1.);
#7615 = DIRECTION('',(0.,1.,0.));
#7616 = ORIENTED_EDGE('',*,*,#7617,.T.);
#7617 = EDGE_CURVE('',#7610,#6350,#7618,.T.);
#7618 = LINE('',#7619,#7620);
#7619 = CARTESIAN_POINT('',(15.32,0.32,-3.2));
#7620 = VECTOR('',#7621,1.);
#7621 = DIRECTION('',(0.,0.,1.));
#7622 = ORIENTED_EDGE('',*,*,#6347,.F.);
#7623 = ORIENTED_EDGE('',*,*,#7624,.T.);
#7624 = EDGE_CURVE('',#6348,#7608,#7625,.T.);
#7625 = LINE('',#7626,#7627);
#7626 = CARTESIAN_POINT('',(15.32,-0.32,5.1));
#7627 = VECTOR('',#7628,1.);
#7628 = DIRECTION('',(0.,0.,-1.));
#7629 = PLANE('',#7630);
#7630 = AXIS2_PLACEMENT_3D('',#7631,#7632,#7633);
#7631 = CARTESIAN_POINT('',(15.32,0.,0.95));
#7632 = DIRECTION('',(1.,0.,0.));
#7633 = DIRECTION('',(0.,0.,1.));
#7634 = ADVANCED_FACE('',(#7635),#7653,.F.);
#7635 = FACE_BOUND('',#7636,.F.);
#7636 = EDGE_LOOP('',(#7637,#7645,#7651,#7652));
#7637 = ORIENTED_EDGE('',*,*,#7638,.F.);
#7638 = EDGE_CURVE('',#7639,#6366,#7641,.T.);
#7639 = VERTEX_POINT('',#7640);
#7640 = CARTESIAN_POINT('',(14.68,0.32,-3.));
#7641 = LINE('',#7642,#7643);
#7642 = CARTESIAN_POINT('',(14.68,0.32,-3.2));
#7643 = VECTOR('',#7644,1.);
#7644 = DIRECTION('',(0.,0.,1.));
#7645 = ORIENTED_EDGE('',*,*,#7646,.T.);
#7646 = EDGE_CURVE('',#7639,#7610,#7647,.T.);
#7647 = LINE('',#7648,#7649);
#7648 = CARTESIAN_POINT('',(14.68,0.32,-3.));
#7649 = VECTOR('',#7650,1.);
#7650 = DIRECTION('',(1.,0.,0.));
#7651 = ORIENTED_EDGE('',*,*,#7617,.T.);
#7652 = ORIENTED_EDGE('',*,*,#6373,.F.);
#7653 = PLANE('',#7654);
#7654 = AXIS2_PLACEMENT_3D('',#7655,#7656,#7657);
#7655 = CARTESIAN_POINT('',(14.68,0.32,-3.2));
#7656 = DIRECTION('',(0.,-1.,0.));
#7657 = DIRECTION('',(0.,0.,1.));
#7658 = ADVANCED_FACE('',(#7659),#7677,.F.);
#7659 = FACE_BOUND('',#7660,.F.);
#7660 = EDGE_LOOP('',(#7661,#7669,#7670,#7671));
#7661 = ORIENTED_EDGE('',*,*,#7662,.T.);
#7662 = EDGE_CURVE('',#7663,#7639,#7665,.T.);
#7663 = VERTEX_POINT('',#7664);
#7664 = CARTESIAN_POINT('',(14.68,-0.32,-3.));
#7665 = LINE('',#7666,#7667);
#7666 = CARTESIAN_POINT('',(14.68,-0.32,-3.));
#7667 = VECTOR('',#7668,1.);
#7668 = DIRECTION('',(0.,1.,0.));
#7669 = ORIENTED_EDGE('',*,*,#7638,.T.);
#7670 = ORIENTED_EDGE('',*,*,#6365,.F.);
#7671 = ORIENTED_EDGE('',*,*,#7672,.T.);
#7672 = EDGE_CURVE('',#6358,#7663,#7673,.T.);
#7673 = LINE('',#7674,#7675);
#7674 = CARTESIAN_POINT('',(14.68,-0.32,5.1));
#7675 = VECTOR('',#7676,1.);
#7676 = DIRECTION('',(0.,0.,-1.));
#7677 = PLANE('',#7678);
#7678 = AXIS2_PLACEMENT_3D('',#7679,#7680,#7681);
#7679 = CARTESIAN_POINT('',(14.68,0.,0.95));
#7680 = DIRECTION('',(1.,0.,0.));
#7681 = DIRECTION('',(0.,0.,1.));
#7682 = ADVANCED_FACE('',(#7683),#7694,.F.);
#7683 = FACE_BOUND('',#7684,.F.);
#7684 = EDGE_LOOP('',(#7685,#7686,#7687,#7688));
#7685 = ORIENTED_EDGE('',*,*,#7672,.F.);
#7686 = ORIENTED_EDGE('',*,*,#6357,.F.);
#7687 = ORIENTED_EDGE('',*,*,#7624,.T.);
#7688 = ORIENTED_EDGE('',*,*,#7689,.F.);
#7689 = EDGE_CURVE('',#7663,#7608,#7690,.T.);
#7690 = LINE('',#7691,#7692);
#7691 = CARTESIAN_POINT('',(14.68,-0.32,-3.));
#7692 = VECTOR('',#7693,1.);
#7693 = DIRECTION('',(1.,0.,0.));
#7694 = PLANE('',#7695);
#7695 = AXIS2_PLACEMENT_3D('',#7696,#7697,#7698);
#7696 = CARTESIAN_POINT('',(14.68,-0.32,5.1));
#7697 = DIRECTION('',(0.,1.,0.));
#7698 = DIRECTION('',(0.,0.,-1.));
#7699 = ADVANCED_FACE('',(#7700),#7757,.F.);
#7700 = FACE_BOUND('',#7701,.F.);
#7701 = EDGE_LOOP('',(#7702,#7712,#7720,#7728,#7734,#7735,#7743,#7751));
#7702 = ORIENTED_EDGE('',*,*,#7703,.T.);
#7703 = EDGE_CURVE('',#7704,#7706,#7708,.T.);
#7704 = VERTEX_POINT('',#7705);
#7705 = CARTESIAN_POINT('',(17.18,-0.351578947368,-3.));
#7706 = VERTEX_POINT('',#7707);
#7707 = CARTESIAN_POINT('',(17.18,0.288421052632,-3.));
#7708 = LINE('',#7709,#7710);
#7709 = CARTESIAN_POINT('',(17.18,-0.32,-3.));
#7710 = VECTOR('',#7711,1.);
#7711 = DIRECTION('',(0.,1.,0.));
#7712 = ORIENTED_EDGE('',*,*,#7713,.T.);
#7713 = EDGE_CURVE('',#7706,#7714,#7716,.T.);
#7714 = VERTEX_POINT('',#7715);
#7715 = CARTESIAN_POINT('',(17.18,2.E-02,-1.3));
#7716 = LINE('',#7717,#7718);
#7717 = CARTESIAN_POINT('',(17.18,0.32,-3.2));
#7718 = VECTOR('',#7719,1.);
#7719 = DIRECTION('',(0.,-0.155962573473,0.987762965329));
#7720 = ORIENTED_EDGE('',*,*,#7721,.T.);
#7721 = EDGE_CURVE('',#7714,#7722,#7724,.T.);
#7722 = VERTEX_POINT('',#7723);
#7723 = CARTESIAN_POINT('',(17.18,0.32,-0.7));
#7724 = LINE('',#7725,#7726);
#7725 = CARTESIAN_POINT('',(17.18,2.E-02,-1.3));
#7726 = VECTOR('',#7727,1.);
#7727 = DIRECTION('',(0.,0.4472135955,0.894427191));
#7728 = ORIENTED_EDGE('',*,*,#7729,.T.);
#7729 = EDGE_CURVE('',#7722,#6480,#7730,.T.);
#7730 = LINE('',#7731,#7732);
#7731 = CARTESIAN_POINT('',(17.18,0.32,-0.7));
#7732 = VECTOR('',#7733,1.);
#7733 = DIRECTION('',(0.,0.,1.));
#7734 = ORIENTED_EDGE('',*,*,#6477,.F.);
#7735 = ORIENTED_EDGE('',*,*,#7736,.T.);
#7736 = EDGE_CURVE('',#6478,#7737,#7739,.T.);
#7737 = VERTEX_POINT('',#7738);
#7738 = CARTESIAN_POINT('',(17.18,-0.32,-0.7));
#7739 = LINE('',#7740,#7741);
#7740 = CARTESIAN_POINT('',(17.18,-0.32,5.1));
#7741 = VECTOR('',#7742,1.);
#7742 = DIRECTION('',(0.,0.,-1.));
#7743 = ORIENTED_EDGE('',*,*,#7744,.T.);
#7744 = EDGE_CURVE('',#7737,#7745,#7747,.T.);
#7745 = VERTEX_POINT('',#7746);
#7746 = CARTESIAN_POINT('',(17.18,-0.62,-1.3));
#7747 = LINE('',#7748,#7749);
#7748 = CARTESIAN_POINT('',(17.18,-0.32,-0.7));
#7749 = VECTOR('',#7750,1.);
#7750 = DIRECTION('',(0.,-0.4472135955,-0.894427191));
#7751 = ORIENTED_EDGE('',*,*,#7752,.T.);
#7752 = EDGE_CURVE('',#7745,#7704,#7753,.T.);
#7753 = LINE('',#7754,#7755);
#7754 = CARTESIAN_POINT('',(17.18,-0.62,-1.3));
#7755 = VECTOR('',#7756,1.);
#7756 = DIRECTION('',(0.,0.155962573473,-0.987762965329));
#7757 = PLANE('',#7758);
#7758 = AXIS2_PLACEMENT_3D('',#7759,#7760,#7761);
#7759 = CARTESIAN_POINT('',(17.18,-4.307486879287E-02,0.926376556288));
#7760 = DIRECTION('',(1.,0.,0.));
#7761 = DIRECTION('',(0.,0.,1.));
#7762 = ADVANCED_FACE('',(#7763),#7781,.F.);
#7763 = FACE_BOUND('',#7764,.F.);
#7764 = EDGE_LOOP('',(#7765,#7766,#7767,#7775));
#7765 = ORIENTED_EDGE('',*,*,#7736,.F.);
#7766 = ORIENTED_EDGE('',*,*,#6503,.F.);
#7767 = ORIENTED_EDGE('',*,*,#7768,.T.);
#7768 = EDGE_CURVE('',#6496,#7769,#7771,.T.);
#7769 = VERTEX_POINT('',#7770);
#7770 = CARTESIAN_POINT('',(17.82,-0.32,-0.7));
#7771 = LINE('',#7772,#7773);
#7772 = CARTESIAN_POINT('',(17.82,-0.32,5.1));
#7773 = VECTOR('',#7774,1.);
#7774 = DIRECTION('',(0.,0.,-1.));
#7775 = ORIENTED_EDGE('',*,*,#7776,.F.);
#7776 = EDGE_CURVE('',#7737,#7769,#7777,.T.);
#7777 = LINE('',#7778,#7779);
#7778 = CARTESIAN_POINT('',(17.18,-0.32,-0.7));
#7779 = VECTOR('',#7780,1.);
#7780 = DIRECTION('',(1.,0.,0.));
#7781 = PLANE('',#7782);
#7782 = AXIS2_PLACEMENT_3D('',#7783,#7784,#7785);
#7783 = CARTESIAN_POINT('',(17.18,-0.32,5.1));
#7784 = DIRECTION('',(0.,1.,0.));
#7785 = DIRECTION('',(0.,0.,-1.));
#7786 = ADVANCED_FACE('',(#7787),#7837,.T.);
#7787 = FACE_BOUND('',#7788,.T.);
#7788 = EDGE_LOOP('',(#7789,#7799,#7807,#7815,#7821,#7822,#7823,#7831));
#7789 = ORIENTED_EDGE('',*,*,#7790,.T.);
#7790 = EDGE_CURVE('',#7791,#7793,#7795,.T.);
#7791 = VERTEX_POINT('',#7792);
#7792 = CARTESIAN_POINT('',(17.82,-0.351578947368,-3.));
#7793 = VERTEX_POINT('',#7794);
#7794 = CARTESIAN_POINT('',(17.82,0.288421052632,-3.));
#7795 = LINE('',#7796,#7797);
#7796 = CARTESIAN_POINT('',(17.82,-0.32,-3.));
#7797 = VECTOR('',#7798,1.);
#7798 = DIRECTION('',(0.,1.,0.));
#7799 = ORIENTED_EDGE('',*,*,#7800,.T.);
#7800 = EDGE_CURVE('',#7793,#7801,#7803,.T.);
#7801 = VERTEX_POINT('',#7802);
#7802 = CARTESIAN_POINT('',(17.82,2.E-02,-1.3));
#7803 = LINE('',#7804,#7805);
#7804 = CARTESIAN_POINT('',(17.82,0.32,-3.2));
#7805 = VECTOR('',#7806,1.);
#7806 = DIRECTION('',(0.,-0.155962573473,0.987762965329));
#7807 = ORIENTED_EDGE('',*,*,#7808,.T.);
#7808 = EDGE_CURVE('',#7801,#7809,#7811,.T.);
#7809 = VERTEX_POINT('',#7810);
#7810 = CARTESIAN_POINT('',(17.82,0.32,-0.7));
#7811 = LINE('',#7812,#7813);
#7812 = CARTESIAN_POINT('',(17.82,2.E-02,-1.3));
#7813 = VECTOR('',#7814,1.);
#7814 = DIRECTION('',(0.,0.4472135955,0.894427191));
#7815 = ORIENTED_EDGE('',*,*,#7816,.T.);
#7816 = EDGE_CURVE('',#7809,#6488,#7817,.T.);
#7817 = LINE('',#7818,#7819);
#7818 = CARTESIAN_POINT('',(17.82,0.32,-0.7));
#7819 = VECTOR('',#7820,1.);
#7820 = DIRECTION('',(0.,0.,1.));
#7821 = ORIENTED_EDGE('',*,*,#6495,.F.);
#7822 = ORIENTED_EDGE('',*,*,#7768,.T.);
#7823 = ORIENTED_EDGE('',*,*,#7824,.T.);
#7824 = EDGE_CURVE('',#7769,#7825,#7827,.T.);
#7825 = VERTEX_POINT('',#7826);
#7826 = CARTESIAN_POINT('',(17.82,-0.62,-1.3));
#7827 = LINE('',#7828,#7829);
#7828 = CARTESIAN_POINT('',(17.82,-0.32,-0.7));
#7829 = VECTOR('',#7830,1.);
#7830 = DIRECTION('',(0.,-0.4472135955,-0.894427191));
#7831 = ORIENTED_EDGE('',*,*,#7832,.T.);
#7832 = EDGE_CURVE('',#7825,#7791,#7833,.T.);
#7833 = LINE('',#7834,#7835);
#7834 = CARTESIAN_POINT('',(17.82,-0.62,-1.3));
#7835 = VECTOR('',#7836,1.);
#7836 = DIRECTION('',(0.,0.155962573473,-0.987762965329));
#7837 = PLANE('',#7838);
#7838 = AXIS2_PLACEMENT_3D('',#7839,#7840,#7841);
#7839 = CARTESIAN_POINT('',(17.82,-4.307486879287E-02,0.926376556288));
#7840 = DIRECTION('',(1.,0.,0.));
#7841 = DIRECTION('',(0.,0.,1.));
#7842 = ADVANCED_FACE('',(#7843),#7854,.F.);
#7843 = FACE_BOUND('',#7844,.F.);
#7844 = EDGE_LOOP('',(#7845,#7846,#7852,#7853));
#7845 = ORIENTED_EDGE('',*,*,#7729,.F.);
#7846 = ORIENTED_EDGE('',*,*,#7847,.T.);
#7847 = EDGE_CURVE('',#7722,#7809,#7848,.T.);
#7848 = LINE('',#7849,#7850);
#7849 = CARTESIAN_POINT('',(17.18,0.32,-0.7));
#7850 = VECTOR('',#7851,1.);
#7851 = DIRECTION('',(1.,0.,0.));
#7852 = ORIENTED_EDGE('',*,*,#7816,.T.);
#7853 = ORIENTED_EDGE('',*,*,#6487,.F.);
#7854 = PLANE('',#7855);
#7855 = AXIS2_PLACEMENT_3D('',#7856,#7857,#7858);
#7856 = CARTESIAN_POINT('',(17.18,0.32,-0.7));
#7857 = DIRECTION('',(0.,-1.,0.));
#7858 = DIRECTION('',(0.,0.,1.));
#7859 = ADVANCED_FACE('',(#7860),#7935,.T.);
#7860 = FACE_BOUND('',#7861,.T.);
#7861 = EDGE_LOOP('',(#7862,#7863,#7864,#7872,#7880,#7888,#7896,#7904,
    #7912,#7920,#7928,#7934));
#7862 = ORIENTED_EDGE('',*,*,#6920,.T.);
#7863 = ORIENTED_EDGE('',*,*,#6854,.T.);
#7864 = ORIENTED_EDGE('',*,*,#7865,.T.);
#7865 = EDGE_CURVE('',#6855,#7866,#7868,.T.);
#7866 = VERTEX_POINT('',#7867);
#7867 = CARTESIAN_POINT('',(-1.5,-0.2,6.));
#7868 = LINE('',#7869,#7870);
#7869 = CARTESIAN_POINT('',(-2.5,-0.2,6.));
#7870 = VECTOR('',#7871,1.);
#7871 = DIRECTION('',(1.,0.,0.));
#7872 = ORIENTED_EDGE('',*,*,#7873,.F.);
#7873 = EDGE_CURVE('',#7874,#7866,#7876,.T.);
#7874 = VERTEX_POINT('',#7875);
#7875 = CARTESIAN_POINT('',(-1.5,0.65,6.));
#7876 = LINE('',#7877,#7878);
#7877 = CARTESIAN_POINT('',(-1.5,0.65,6.));
#7878 = VECTOR('',#7879,1.);
#7879 = DIRECTION('',(0.,-1.,0.));
#7880 = ORIENTED_EDGE('',*,*,#7881,.F.);
#7881 = EDGE_CURVE('',#7882,#7874,#7884,.T.);
#7882 = VERTEX_POINT('',#7883);
#7883 = CARTESIAN_POINT('',(-2.05,0.65,6.));
#7884 = LINE('',#7885,#7886);
#7885 = CARTESIAN_POINT('',(-2.05,0.65,6.));
#7886 = VECTOR('',#7887,1.);
#7887 = DIRECTION('',(1.,0.,0.));
#7888 = ORIENTED_EDGE('',*,*,#7889,.F.);
#7889 = EDGE_CURVE('',#7890,#7882,#7892,.T.);
#7890 = VERTEX_POINT('',#7891);
#7891 = CARTESIAN_POINT('',(-2.05,1.15,6.));
#7892 = LINE('',#7893,#7894);
#7893 = CARTESIAN_POINT('',(-2.05,1.15,6.));
#7894 = VECTOR('',#7895,1.);
#7895 = DIRECTION('',(0.,-1.,0.));
#7896 = ORIENTED_EDGE('',*,*,#7897,.F.);
#7897 = EDGE_CURVE('',#7898,#7890,#7900,.T.);
#7898 = VERTEX_POINT('',#7899);
#7899 = CARTESIAN_POINT('',(19.55,1.15,6.));
#7900 = LINE('',#7901,#7902);
#7901 = CARTESIAN_POINT('',(19.55,1.15,6.));
#7902 = VECTOR('',#7903,1.);
#7903 = DIRECTION('',(-1.,-1.02798428206E-17,0.));
#7904 = ORIENTED_EDGE('',*,*,#7905,.F.);
#7905 = EDGE_CURVE('',#7906,#7898,#7908,.T.);
#7906 = VERTEX_POINT('',#7907);
#7907 = CARTESIAN_POINT('',(19.55,0.65,6.));
#7908 = LINE('',#7909,#7910);
#7909 = CARTESIAN_POINT('',(19.55,0.65,6.));
#7910 = VECTOR('',#7911,1.);
#7911 = DIRECTION('',(0.,1.,0.));
#7912 = ORIENTED_EDGE('',*,*,#7913,.F.);
#7913 = EDGE_CURVE('',#7914,#7906,#7916,.T.);
#7914 = VERTEX_POINT('',#7915);
#7915 = CARTESIAN_POINT('',(19.,0.65,6.));
#7916 = LINE('',#7917,#7918);
#7917 = CARTESIAN_POINT('',(19.,0.65,6.));
#7918 = VECTOR('',#7919,1.);
#7919 = DIRECTION('',(1.,0.,0.));
#7920 = ORIENTED_EDGE('',*,*,#7921,.F.);
#7921 = EDGE_CURVE('',#7922,#7914,#7924,.T.);
#7922 = VERTEX_POINT('',#7923);
#7923 = CARTESIAN_POINT('',(19.,-0.2,6.));
#7924 = LINE('',#7925,#7926);
#7925 = CARTESIAN_POINT('',(19.,-2.2,6.));
#7926 = VECTOR('',#7927,1.);
#7927 = DIRECTION('',(0.,1.,0.));
#7928 = ORIENTED_EDGE('',*,*,#7929,.T.);
#7929 = EDGE_CURVE('',#7922,#6616,#7930,.T.);
#7930 = LINE('',#7931,#7932);
#7931 = CARTESIAN_POINT('',(-2.5,-0.2,6.));
#7932 = VECTOR('',#7933,1.);
#7933 = DIRECTION('',(1.,0.,0.));
#7934 = ORIENTED_EDGE('',*,*,#6623,.T.);
#7935 = PLANE('',#7936);
#7936 = AXIS2_PLACEMENT_3D('',#7937,#7938,#7939);
#7937 = CARTESIAN_POINT('',(8.75,-0.3,6.));
#7938 = DIRECTION('',(0.,0.,1.));
#7939 = DIRECTION('',(1.,0.,-0.));
#7940 = ADVANCED_FACE('',(#7941),#7959,.F.);
#7941 = FACE_BOUND('',#7942,.F.);
#7942 = EDGE_LOOP('',(#7943,#7951,#7952,#7953));
#7943 = ORIENTED_EDGE('',*,*,#7944,.F.);
#7944 = EDGE_CURVE('',#7922,#7945,#7947,.T.);
#7945 = VERTEX_POINT('',#7946);
#7946 = CARTESIAN_POINT('',(19.,-0.2,1.5));
#7947 = LINE('',#7948,#7949);
#7948 = CARTESIAN_POINT('',(19.,-0.2,4.813884850592));
#7949 = VECTOR('',#7950,1.);
#7950 = DIRECTION('',(3.510527013733E-31,0.,-1.));
#7951 = ORIENTED_EDGE('',*,*,#7929,.T.);
#7952 = ORIENTED_EDGE('',*,*,#6615,.T.);
#7953 = ORIENTED_EDGE('',*,*,#7954,.F.);
#7954 = EDGE_CURVE('',#7945,#6608,#7955,.T.);
#7955 = LINE('',#7956,#7957);
#7956 = CARTESIAN_POINT('',(-2.5,-0.2,1.5));
#7957 = VECTOR('',#7958,1.);
#7958 = DIRECTION('',(1.,0.,0.));
#7959 = PLANE('',#7960);
#7960 = AXIS2_PLACEMENT_3D('',#7961,#7962,#7963);
#7961 = CARTESIAN_POINT('',(-2.5,-0.2,6.));
#7962 = DIRECTION('',(0.,1.,0.));
#7963 = DIRECTION('',(0.,0.,-1.));
#7964 = ADVANCED_FACE('',(#7965,#8052,#8086,#8120,#8154,#8188,#8222,
    #8256,#8290),#8324,.T.);
#7965 = FACE_BOUND('',#7966,.T.);
#7966 = EDGE_LOOP('',(#7967,#7973,#7974,#7975,#7983,#7991,#7999,#8007,
    #8015,#8023,#8031,#8037,#8038,#8044,#8045,#8051));
#7967 = ORIENTED_EDGE('',*,*,#7968,.T.);
#7968 = EDGE_CURVE('',#6696,#6600,#7969,.T.);
#7969 = LINE('',#7970,#7971);
#7970 = CARTESIAN_POINT('',(-2.5,-0.6,1.5));
#7971 = VECTOR('',#7972,1.);
#7972 = DIRECTION('',(1.,0.,0.));
#7973 = ORIENTED_EDGE('',*,*,#6607,.F.);
#7974 = ORIENTED_EDGE('',*,*,#7954,.F.);
#7975 = ORIENTED_EDGE('',*,*,#7976,.T.);
#7976 = EDGE_CURVE('',#7945,#7977,#7979,.T.);
#7977 = VERTEX_POINT('',#7978);
#7978 = CARTESIAN_POINT('',(19.,0.65,1.5));
#7979 = LINE('',#7980,#7981);
#7980 = CARTESIAN_POINT('',(19.,-2.2,1.5));
#7981 = VECTOR('',#7982,1.);
#7982 = DIRECTION('',(0.,1.,0.));
#7983 = ORIENTED_EDGE('',*,*,#7984,.T.);
#7984 = EDGE_CURVE('',#7977,#7985,#7987,.T.);
#7985 = VERTEX_POINT('',#7986);
#7986 = CARTESIAN_POINT('',(19.55,0.65,1.5));
#7987 = LINE('',#7988,#7989);
#7988 = CARTESIAN_POINT('',(19.,0.65,1.5));
#7989 = VECTOR('',#7990,1.);
#7990 = DIRECTION('',(1.,0.,0.));
#7991 = ORIENTED_EDGE('',*,*,#7992,.T.);
#7992 = EDGE_CURVE('',#7985,#7993,#7995,.T.);
#7993 = VERTEX_POINT('',#7994);
#7994 = CARTESIAN_POINT('',(19.55,1.15,1.5));
#7995 = LINE('',#7996,#7997);
#7996 = CARTESIAN_POINT('',(19.55,0.65,1.5));
#7997 = VECTOR('',#7998,1.);
#7998 = DIRECTION('',(0.,1.,0.));
#7999 = ORIENTED_EDGE('',*,*,#8000,.T.);
#8000 = EDGE_CURVE('',#7993,#8001,#8003,.T.);
#8001 = VERTEX_POINT('',#8002);
#8002 = CARTESIAN_POINT('',(-2.05,1.15,1.5));
#8003 = LINE('',#8004,#8005);
#8004 = CARTESIAN_POINT('',(19.55,1.15,1.5));
#8005 = VECTOR('',#8006,1.);
#8006 = DIRECTION('',(-1.,-1.02798428206E-17,0.));
#8007 = ORIENTED_EDGE('',*,*,#8008,.T.);
#8008 = EDGE_CURVE('',#8001,#8009,#8011,.T.);
#8009 = VERTEX_POINT('',#8010);
#8010 = CARTESIAN_POINT('',(-2.05,0.65,1.5));
#8011 = LINE('',#8012,#8013);
#8012 = CARTESIAN_POINT('',(-2.05,1.15,1.5));
#8013 = VECTOR('',#8014,1.);
#8014 = DIRECTION('',(0.,-1.,0.));
#8015 = ORIENTED_EDGE('',*,*,#8016,.T.);
#8016 = EDGE_CURVE('',#8009,#8017,#8019,.T.);
#8017 = VERTEX_POINT('',#8018);
#8018 = CARTESIAN_POINT('',(-1.5,0.65,1.5));
#8019 = LINE('',#8020,#8021);
#8020 = CARTESIAN_POINT('',(-2.05,0.65,1.5));
#8021 = VECTOR('',#8022,1.);
#8022 = DIRECTION('',(1.,0.,0.));
#8023 = ORIENTED_EDGE('',*,*,#8024,.T.);
#8024 = EDGE_CURVE('',#8017,#8025,#8027,.T.);
#8025 = VERTEX_POINT('',#8026);
#8026 = CARTESIAN_POINT('',(-1.5,-0.2,1.5));
#8027 = LINE('',#8028,#8029);
#8028 = CARTESIAN_POINT('',(-1.5,0.65,1.5));
#8029 = VECTOR('',#8030,1.);
#8030 = DIRECTION('',(0.,-1.,0.));
#8031 = ORIENTED_EDGE('',*,*,#8032,.F.);
#8032 = EDGE_CURVE('',#6863,#8025,#8033,.T.);
#8033 = LINE('',#8034,#8035);
#8034 = CARTESIAN_POINT('',(-2.5,-0.2,1.5));
#8035 = VECTOR('',#8036,1.);
#8036 = DIRECTION('',(1.,0.,0.));
#8037 = ORIENTED_EDGE('',*,*,#6870,.T.);
#8038 = ORIENTED_EDGE('',*,*,#8039,.T.);
#8039 = EDGE_CURVE('',#6871,#6768,#8040,.T.);
#8040 = LINE('',#8041,#8042);
#8041 = CARTESIAN_POINT('',(-2.5,-0.6,1.5));
#8042 = VECTOR('',#8043,1.);
#8043 = DIRECTION('',(1.,0.,0.));
#8044 = ORIENTED_EDGE('',*,*,#6767,.T.);
#8045 = ORIENTED_EDGE('',*,*,#8046,.T.);
#8046 = EDGE_CURVE('',#6760,#6704,#8047,.T.);
#8047 = LINE('',#8048,#8049);
#8048 = CARTESIAN_POINT('',(-1.5,-0.8,1.5));
#8049 = VECTOR('',#8050,1.);
#8050 = DIRECTION('',(1.,0.,0.));
#8051 = ORIENTED_EDGE('',*,*,#6703,.T.);
#8052 = FACE_BOUND('',#8053,.T.);
#8053 = EDGE_LOOP('',(#8054,#8064,#8072,#8080));
#8054 = ORIENTED_EDGE('',*,*,#8055,.T.);
#8055 = EDGE_CURVE('',#8056,#8058,#8060,.T.);
#8056 = VERTEX_POINT('',#8057);
#8057 = CARTESIAN_POINT('',(-0.32,-0.32,1.5));
#8058 = VERTEX_POINT('',#8059);
#8059 = CARTESIAN_POINT('',(-0.32,0.32,1.5));
#8060 = LINE('',#8061,#8062);
#8061 = CARTESIAN_POINT('',(-0.32,5.906432685601E-02,1.5));
#8062 = VECTOR('',#8063,1.);
#8063 = DIRECTION('',(0.,1.,-1.125406556623E-32));
#8064 = ORIENTED_EDGE('',*,*,#8065,.T.);
#8065 = EDGE_CURVE('',#8058,#8066,#8068,.T.);
#8066 = VERTEX_POINT('',#8067);
#8067 = CARTESIAN_POINT('',(0.32,0.32,1.5));
#8068 = LINE('',#8069,#8070);
#8069 = CARTESIAN_POINT('',(4.215,0.32,1.5));
#8070 = VECTOR('',#8071,1.);
#8071 = DIRECTION('',(1.,0.,1.40202541984E-34));
#8072 = ORIENTED_EDGE('',*,*,#8073,.F.);
#8073 = EDGE_CURVE('',#8074,#8066,#8076,.T.);
#8074 = VERTEX_POINT('',#8075);
#8075 = CARTESIAN_POINT('',(0.32,-0.32,1.5));
#8076 = LINE('',#8077,#8078);
#8077 = CARTESIAN_POINT('',(0.32,5.906432685601E-02,1.5));
#8078 = VECTOR('',#8079,1.);
#8079 = DIRECTION('',(0.,1.,-1.125406556623E-32));
#8080 = ORIENTED_EDGE('',*,*,#8081,.T.);
#8081 = EDGE_CURVE('',#8074,#8056,#8082,.T.);
#8082 = LINE('',#8083,#8084);
#8083 = CARTESIAN_POINT('',(4.215,-0.32,1.5));
#8084 = VECTOR('',#8085,1.);
#8085 = DIRECTION('',(-1.,0.,-1.40202541984E-34));
#8086 = FACE_BOUND('',#8087,.T.);
#8087 = EDGE_LOOP('',(#8088,#8098,#8106,#8114));
#8088 = ORIENTED_EDGE('',*,*,#8089,.T.);
#8089 = EDGE_CURVE('',#8090,#8092,#8094,.T.);
#8090 = VERTEX_POINT('',#8091);
#8091 = CARTESIAN_POINT('',(5.32,-0.32,1.5));
#8092 = VERTEX_POINT('',#8093);
#8093 = CARTESIAN_POINT('',(4.68,-0.32,1.5));
#8094 = LINE('',#8095,#8096);
#8095 = CARTESIAN_POINT('',(6.715,-0.32,1.5));
#8096 = VECTOR('',#8097,1.);
#8097 = DIRECTION('',(-1.,0.,-1.40202541984E-34));
#8098 = ORIENTED_EDGE('',*,*,#8099,.T.);
#8099 = EDGE_CURVE('',#8092,#8100,#8102,.T.);
#8100 = VERTEX_POINT('',#8101);
#8101 = CARTESIAN_POINT('',(4.68,0.32,1.5));
#8102 = LINE('',#8103,#8104);
#8103 = CARTESIAN_POINT('',(4.68,8.060176125245E-02,1.5));
#8104 = VECTOR('',#8105,1.);
#8105 = DIRECTION('',(0.,1.,-1.125406556623E-32));
#8106 = ORIENTED_EDGE('',*,*,#8107,.T.);
#8107 = EDGE_CURVE('',#8100,#8108,#8110,.T.);
#8108 = VERTEX_POINT('',#8109);
#8109 = CARTESIAN_POINT('',(5.32,0.32,1.5));
#8110 = LINE('',#8111,#8112);
#8111 = CARTESIAN_POINT('',(6.715,0.32,1.5));
#8112 = VECTOR('',#8113,1.);
#8113 = DIRECTION('',(1.,0.,1.40202541984E-34));
#8114 = ORIENTED_EDGE('',*,*,#8115,.F.);
#8115 = EDGE_CURVE('',#8090,#8108,#8116,.T.);
#8116 = LINE('',#8117,#8118);
#8117 = CARTESIAN_POINT('',(5.32,8.060176125245E-02,1.5));
#8118 = VECTOR('',#8119,1.);
#8119 = DIRECTION('',(0.,1.,-1.125406556623E-32));
#8120 = FACE_BOUND('',#8121,.T.);
#8121 = EDGE_LOOP('',(#8122,#8132,#8140,#8148));
#8122 = ORIENTED_EDGE('',*,*,#8123,.F.);
#8123 = EDGE_CURVE('',#8124,#8126,#8128,.T.);
#8124 = VERTEX_POINT('',#8125);
#8125 = CARTESIAN_POINT('',(2.82,-0.32,1.5));
#8126 = VERTEX_POINT('',#8127);
#8127 = CARTESIAN_POINT('',(2.82,0.32,1.5));
#8128 = LINE('',#8129,#8130);
#8129 = CARTESIAN_POINT('',(2.82,8.060176125245E-02,1.5));
#8130 = VECTOR('',#8131,1.);
#8131 = DIRECTION('',(0.,1.,-1.125406556623E-32));
#8132 = ORIENTED_EDGE('',*,*,#8133,.T.);
#8133 = EDGE_CURVE('',#8124,#8134,#8136,.T.);
#8134 = VERTEX_POINT('',#8135);
#8135 = CARTESIAN_POINT('',(2.18,-0.32,1.5));
#8136 = LINE('',#8137,#8138);
#8137 = CARTESIAN_POINT('',(5.465,-0.32,1.5));
#8138 = VECTOR('',#8139,1.);
#8139 = DIRECTION('',(-1.,0.,-1.40202541984E-34));
#8140 = ORIENTED_EDGE('',*,*,#8141,.T.);
#8141 = EDGE_CURVE('',#8134,#8142,#8144,.T.);
#8142 = VERTEX_POINT('',#8143);
#8143 = CARTESIAN_POINT('',(2.18,0.32,1.5));
#8144 = LINE('',#8145,#8146);
#8145 = CARTESIAN_POINT('',(2.18,8.060176125245E-02,1.5));
#8146 = VECTOR('',#8147,1.);
#8147 = DIRECTION('',(0.,1.,-1.125406556623E-32));
#8148 = ORIENTED_EDGE('',*,*,#8149,.T.);
#8149 = EDGE_CURVE('',#8142,#8126,#8150,.T.);
#8150 = LINE('',#8151,#8152);
#8151 = CARTESIAN_POINT('',(5.465,0.32,1.5));
#8152 = VECTOR('',#8153,1.);
#8153 = DIRECTION('',(1.,0.,1.40202541984E-34));
#8154 = FACE_BOUND('',#8155,.T.);
#8155 = EDGE_LOOP('',(#8156,#8166,#8174,#8182));
#8156 = ORIENTED_EDGE('',*,*,#8157,.F.);
#8157 = EDGE_CURVE('',#8158,#8160,#8162,.T.);
#8158 = VERTEX_POINT('',#8159);
#8159 = CARTESIAN_POINT('',(10.32,-0.32,1.5));
#8160 = VERTEX_POINT('',#8161);
#8161 = CARTESIAN_POINT('',(10.32,0.32,1.5));
#8162 = LINE('',#8163,#8164);
#8163 = CARTESIAN_POINT('',(10.32,8.060176125245E-02,1.5));
#8164 = VECTOR('',#8165,1.);
#8165 = DIRECTION('',(0.,1.,-1.125406556623E-32));
#8166 = ORIENTED_EDGE('',*,*,#8167,.T.);
#8167 = EDGE_CURVE('',#8158,#8168,#8170,.T.);
#8168 = VERTEX_POINT('',#8169);
#8169 = CARTESIAN_POINT('',(9.68,-0.32,1.5));
#8170 = LINE('',#8171,#8172);
#8171 = CARTESIAN_POINT('',(9.215,-0.32,1.5));
#8172 = VECTOR('',#8173,1.);
#8173 = DIRECTION('',(-1.,0.,-1.40202541984E-34));
#8174 = ORIENTED_EDGE('',*,*,#8175,.T.);
#8175 = EDGE_CURVE('',#8168,#8176,#8178,.T.);
#8176 = VERTEX_POINT('',#8177);
#8177 = CARTESIAN_POINT('',(9.68,0.32,1.5));
#8178 = LINE('',#8179,#8180);
#8179 = CARTESIAN_POINT('',(9.68,8.060176125245E-02,1.5));
#8180 = VECTOR('',#8181,1.);
#8181 = DIRECTION('',(0.,1.,-1.125406556623E-32));
#8182 = ORIENTED_EDGE('',*,*,#8183,.T.);
#8183 = EDGE_CURVE('',#8176,#8160,#8184,.T.);
#8184 = LINE('',#8185,#8186);
#8185 = CARTESIAN_POINT('',(9.215,0.32,1.5));
#8186 = VECTOR('',#8187,1.);
#8187 = DIRECTION('',(1.,0.,1.40202541984E-34));
#8188 = FACE_BOUND('',#8189,.T.);
#8189 = EDGE_LOOP('',(#8190,#8200,#8208,#8216));
#8190 = ORIENTED_EDGE('',*,*,#8191,.F.);
#8191 = EDGE_CURVE('',#8192,#8194,#8196,.T.);
#8192 = VERTEX_POINT('',#8193);
#8193 = CARTESIAN_POINT('',(7.82,-0.32,1.5));
#8194 = VERTEX_POINT('',#8195);
#8195 = CARTESIAN_POINT('',(7.82,0.32,1.5));
#8196 = LINE('',#8197,#8198);
#8197 = CARTESIAN_POINT('',(7.82,8.060176125245E-02,1.5));
#8198 = VECTOR('',#8199,1.);
#8199 = DIRECTION('',(0.,1.,-1.125406556623E-32));
#8200 = ORIENTED_EDGE('',*,*,#8201,.T.);
#8201 = EDGE_CURVE('',#8192,#8202,#8204,.T.);
#8202 = VERTEX_POINT('',#8203);
#8203 = CARTESIAN_POINT('',(7.18,-0.32,1.5));
#8204 = LINE('',#8205,#8206);
#8205 = CARTESIAN_POINT('',(7.965,-0.32,1.5));
#8206 = VECTOR('',#8207,1.);
#8207 = DIRECTION('',(-1.,0.,-1.40202541984E-34));
#8208 = ORIENTED_EDGE('',*,*,#8209,.T.);
#8209 = EDGE_CURVE('',#8202,#8210,#8212,.T.);
#8210 = VERTEX_POINT('',#8211);
#8211 = CARTESIAN_POINT('',(7.18,0.32,1.5));
#8212 = LINE('',#8213,#8214);
#8213 = CARTESIAN_POINT('',(7.18,8.060176125245E-02,1.5));
#8214 = VECTOR('',#8215,1.);
#8215 = DIRECTION('',(0.,1.,-1.125406556623E-32));
#8216 = ORIENTED_EDGE('',*,*,#8217,.T.);
#8217 = EDGE_CURVE('',#8210,#8194,#8218,.T.);
#8218 = LINE('',#8219,#8220);
#8219 = CARTESIAN_POINT('',(7.965,0.32,1.5));
#8220 = VECTOR('',#8221,1.);
#8221 = DIRECTION('',(1.,0.,1.40202541984E-34));
#8222 = FACE_BOUND('',#8223,.T.);
#8223 = EDGE_LOOP('',(#8224,#8234,#8242,#8250));
#8224 = ORIENTED_EDGE('',*,*,#8225,.T.);
#8225 = EDGE_CURVE('',#8226,#8228,#8230,.T.);
#8226 = VERTEX_POINT('',#8227);
#8227 = CARTESIAN_POINT('',(17.18,-0.32,1.5));
#8228 = VERTEX_POINT('',#8229);
#8229 = CARTESIAN_POINT('',(17.18,0.32,1.5));
#8230 = LINE('',#8231,#8232);
#8231 = CARTESIAN_POINT('',(17.18,5.906432685601E-02,1.5));
#8232 = VECTOR('',#8233,1.);
#8233 = DIRECTION('',(0.,1.,-1.125406556623E-32));
#8234 = ORIENTED_EDGE('',*,*,#8235,.T.);
#8235 = EDGE_CURVE('',#8228,#8236,#8238,.T.);
#8236 = VERTEX_POINT('',#8237);
#8237 = CARTESIAN_POINT('',(17.82,0.32,1.5));
#8238 = LINE('',#8239,#8240);
#8239 = CARTESIAN_POINT('',(12.965,0.32,1.5));
#8240 = VECTOR('',#8241,1.);
#8241 = DIRECTION('',(1.,0.,1.40202541984E-34));
#8242 = ORIENTED_EDGE('',*,*,#8243,.F.);
#8243 = EDGE_CURVE('',#8244,#8236,#8246,.T.);
#8244 = VERTEX_POINT('',#8245);
#8245 = CARTESIAN_POINT('',(17.82,-0.32,1.5));
#8246 = LINE('',#8247,#8248);
#8247 = CARTESIAN_POINT('',(17.82,5.906432685601E-02,1.5));
#8248 = VECTOR('',#8249,1.);
#8249 = DIRECTION('',(0.,1.,-1.125406556623E-32));
#8250 = ORIENTED_EDGE('',*,*,#8251,.T.);
#8251 = EDGE_CURVE('',#8244,#8226,#8252,.T.);
#8252 = LINE('',#8253,#8254);
#8253 = CARTESIAN_POINT('',(12.965,-0.32,1.5));
#8254 = VECTOR('',#8255,1.);
#8255 = DIRECTION('',(-1.,0.,-1.40202541984E-34));
#8256 = FACE_BOUND('',#8257,.T.);
#8257 = EDGE_LOOP('',(#8258,#8268,#8276,#8284));
#8258 = ORIENTED_EDGE('',*,*,#8259,.F.);
#8259 = EDGE_CURVE('',#8260,#8262,#8264,.T.);
#8260 = VERTEX_POINT('',#8261);
#8261 = CARTESIAN_POINT('',(15.32,-0.32,1.5));
#8262 = VERTEX_POINT('',#8263);
#8263 = CARTESIAN_POINT('',(15.32,0.32,1.5));
#8264 = LINE('',#8265,#8266);
#8265 = CARTESIAN_POINT('',(15.32,8.060176125245E-02,1.5));
#8266 = VECTOR('',#8267,1.);
#8267 = DIRECTION('',(0.,1.,-1.125406556623E-32));
#8268 = ORIENTED_EDGE('',*,*,#8269,.T.);
#8269 = EDGE_CURVE('',#8260,#8270,#8272,.T.);
#8270 = VERTEX_POINT('',#8271);
#8271 = CARTESIAN_POINT('',(14.68,-0.32,1.5));
#8272 = LINE('',#8273,#8274);
#8273 = CARTESIAN_POINT('',(11.715,-0.32,1.5));
#8274 = VECTOR('',#8275,1.);
#8275 = DIRECTION('',(-1.,0.,-1.40202541984E-34));
#8276 = ORIENTED_EDGE('',*,*,#8277,.T.);
#8277 = EDGE_CURVE('',#8270,#8278,#8280,.T.);
#8278 = VERTEX_POINT('',#8279);
#8279 = CARTESIAN_POINT('',(14.68,0.32,1.5));
#8280 = LINE('',#8281,#8282);
#8281 = CARTESIAN_POINT('',(14.68,8.060176125245E-02,1.5));
#8282 = VECTOR('',#8283,1.);
#8283 = DIRECTION('',(0.,1.,-1.125406556623E-32));
#8284 = ORIENTED_EDGE('',*,*,#8285,.T.);
#8285 = EDGE_CURVE('',#8278,#8262,#8286,.T.);
#8286 = LINE('',#8287,#8288);
#8287 = CARTESIAN_POINT('',(11.715,0.32,1.5));
#8288 = VECTOR('',#8289,1.);
#8289 = DIRECTION('',(1.,0.,1.40202541984E-34));
#8290 = FACE_BOUND('',#8291,.T.);
#8291 = EDGE_LOOP('',(#8292,#8302,#8310,#8318));
#8292 = ORIENTED_EDGE('',*,*,#8293,.T.);
#8293 = EDGE_CURVE('',#8294,#8296,#8298,.T.);
#8294 = VERTEX_POINT('',#8295);
#8295 = CARTESIAN_POINT('',(12.18,-0.32,1.5));
#8296 = VERTEX_POINT('',#8297);
#8297 = CARTESIAN_POINT('',(12.18,0.32,1.5));
#8298 = LINE('',#8299,#8300);
#8299 = CARTESIAN_POINT('',(12.18,8.060176125245E-02,1.5));
#8300 = VECTOR('',#8301,1.);
#8301 = DIRECTION('',(0.,1.,-1.125406556623E-32));
#8302 = ORIENTED_EDGE('',*,*,#8303,.T.);
#8303 = EDGE_CURVE('',#8296,#8304,#8306,.T.);
#8304 = VERTEX_POINT('',#8305);
#8305 = CARTESIAN_POINT('',(12.82,0.32,1.5));
#8306 = LINE('',#8307,#8308);
#8307 = CARTESIAN_POINT('',(10.465,0.32,1.5));
#8308 = VECTOR('',#8309,1.);
#8309 = DIRECTION('',(1.,0.,1.40202541984E-34));
#8310 = ORIENTED_EDGE('',*,*,#8311,.F.);
#8311 = EDGE_CURVE('',#8312,#8304,#8314,.T.);
#8312 = VERTEX_POINT('',#8313);
#8313 = CARTESIAN_POINT('',(12.82,-0.32,1.5));
#8314 = LINE('',#8315,#8316);
#8315 = CARTESIAN_POINT('',(12.82,8.060176125245E-02,1.5));
#8316 = VECTOR('',#8317,1.);
#8317 = DIRECTION('',(0.,1.,-1.125406556623E-32));
#8318 = ORIENTED_EDGE('',*,*,#8319,.T.);
#8319 = EDGE_CURVE('',#8312,#8294,#8320,.T.);
#8320 = LINE('',#8321,#8322);
#8321 = CARTESIAN_POINT('',(10.465,-0.32,1.5));
#8322 = VECTOR('',#8323,1.);
#8323 = DIRECTION('',(-1.,0.,-1.40202541984E-34));
#8324 = PLANE('',#8325);
#8325 = AXIS2_PLACEMENT_3D('',#8326,#8327,#8328);
#8326 = CARTESIAN_POINT('',(8.75,0.161203522505,1.5));
#8327 = DIRECTION('',(-1.40202541984E-34,1.125406556623E-32,1.));
#8328 = DIRECTION('',(0.,1.,-1.125406556623E-32));
#8329 = ADVANCED_FACE('',(#8330),#8341,.F.);
#8330 = FACE_BOUND('',#8331,.F.);
#8331 = EDGE_LOOP('',(#8332,#8333,#8334,#8335));
#8332 = ORIENTED_EDGE('',*,*,#6695,.F.);
#8333 = ORIENTED_EDGE('',*,*,#7968,.T.);
#8334 = ORIENTED_EDGE('',*,*,#6599,.T.);
#8335 = ORIENTED_EDGE('',*,*,#8336,.F.);
#8336 = EDGE_CURVE('',#6688,#6592,#8337,.T.);
#8337 = LINE('',#8338,#8339);
#8338 = CARTESIAN_POINT('',(-2.5,-0.9,4.1));
#8339 = VECTOR('',#8340,1.);
#8340 = DIRECTION('',(1.,0.,0.));
#8341 = PLANE('',#8342);
#8342 = AXIS2_PLACEMENT_3D('',#8343,#8344,#8345);
#8343 = CARTESIAN_POINT('',(-2.5,-0.6,1.5));
#8344 = DIRECTION('',(0.,-0.993408935871,-0.114624107985));
#8345 = DIRECTION('',(0.,-0.114624107985,0.993408935871));
#8346 = ADVANCED_FACE('',(#8347),#8358,.F.);
#8347 = FACE_BOUND('',#8348,.F.);
#8348 = EDGE_LOOP('',(#8349,#8350,#8351,#8352));
#8349 = ORIENTED_EDGE('',*,*,#6687,.F.);
#8350 = ORIENTED_EDGE('',*,*,#8336,.T.);
#8351 = ORIENTED_EDGE('',*,*,#6591,.T.);
#8352 = ORIENTED_EDGE('',*,*,#8353,.F.);
#8353 = EDGE_CURVE('',#6680,#6584,#8354,.T.);
#8354 = LINE('',#8355,#8356);
#8355 = CARTESIAN_POINT('',(-2.5,-0.6,4.3));
#8356 = VECTOR('',#8357,1.);
#8357 = DIRECTION('',(1.,0.,0.));
#8358 = PLANE('',#8359);
#8359 = AXIS2_PLACEMENT_3D('',#8360,#8361,#8362);
#8360 = CARTESIAN_POINT('',(-2.5,-0.9,4.1));
#8361 = DIRECTION('',(0.,-0.554700196225,0.832050294338));
#8362 = DIRECTION('',(0.,0.832050294338,0.554700196225));
#8363 = ADVANCED_FACE('',(#8364),#8375,.F.);
#8364 = FACE_BOUND('',#8365,.F.);
#8365 = EDGE_LOOP('',(#8366,#8367,#8368,#8369));
#8366 = ORIENTED_EDGE('',*,*,#6679,.F.);
#8367 = ORIENTED_EDGE('',*,*,#8353,.T.);
#8368 = ORIENTED_EDGE('',*,*,#6583,.T.);
#8369 = ORIENTED_EDGE('',*,*,#8370,.F.);
#8370 = EDGE_CURVE('',#6672,#6576,#8371,.T.);
#8371 = LINE('',#8372,#8373);
#8372 = CARTESIAN_POINT('',(-2.5,-0.6,4.5));
#8373 = VECTOR('',#8374,1.);
#8374 = DIRECTION('',(1.,0.,0.));
#8375 = PLANE('',#8376);
#8376 = AXIS2_PLACEMENT_3D('',#8377,#8378,#8379);
#8377 = CARTESIAN_POINT('',(-2.5,-0.6,4.3));
#8378 = DIRECTION('',(0.,-1.,0.));
#8379 = DIRECTION('',(0.,0.,1.));
#8380 = ADVANCED_FACE('',(#8381),#8387,.F.);
#8381 = FACE_BOUND('',#8382,.F.);
#8382 = EDGE_LOOP('',(#8383,#8384,#8385,#8386));
#8383 = ORIENTED_EDGE('',*,*,#6671,.F.);
#8384 = ORIENTED_EDGE('',*,*,#8370,.T.);
#8385 = ORIENTED_EDGE('',*,*,#6575,.T.);
#8386 = ORIENTED_EDGE('',*,*,#6653,.F.);
#8387 = PLANE('',#8388);
#8388 = AXIS2_PLACEMENT_3D('',#8389,#8390,#8391);
#8389 = CARTESIAN_POINT('',(-2.5,-0.6,4.5));
#8390 = DIRECTION('',(0.,-0.759256602365,-0.650791373456));
#8391 = DIRECTION('',(0.,-0.650791373456,0.759256602365));
#8392 = ADVANCED_FACE('',(#8393),#8399,.T.);
#8393 = FACE_BOUND('',#8394,.T.);
#8394 = EDGE_LOOP('',(#8395,#8396,#8397,#8398));
#8395 = ORIENTED_EDGE('',*,*,#6735,.T.);
#8396 = ORIENTED_EDGE('',*,*,#6711,.T.);
#8397 = ORIENTED_EDGE('',*,*,#8046,.F.);
#8398 = ORIENTED_EDGE('',*,*,#6759,.F.);
#8399 = PLANE('',#8400);
#8400 = AXIS2_PLACEMENT_3D('',#8401,#8402,#8403);
#8401 = CARTESIAN_POINT('',(-1.5,-1.2,1.1));
#8402 = DIRECTION('',(0.,-0.707106781187,0.707106781187));
#8403 = DIRECTION('',(0.,0.707106781187,0.707106781187));
#8404 = ADVANCED_FACE('',(#8405),#8416,.F.);
#8405 = FACE_BOUND('',#8406,.F.);
#8406 = EDGE_LOOP('',(#8407,#8408,#8414,#8415));
#8407 = ORIENTED_EDGE('',*,*,#6902,.F.);
#8408 = ORIENTED_EDGE('',*,*,#8409,.T.);
#8409 = EDGE_CURVE('',#6895,#6792,#8410,.T.);
#8410 = LINE('',#8411,#8412);
#8411 = CARTESIAN_POINT('',(-2.5,-0.6,4.5));
#8412 = VECTOR('',#8413,1.);
#8413 = DIRECTION('',(1.,0.,0.));
#8414 = ORIENTED_EDGE('',*,*,#6799,.F.);
#8415 = ORIENTED_EDGE('',*,*,#6829,.F.);
#8416 = PLANE('',#8417);
#8417 = AXIS2_PLACEMENT_3D('',#8418,#8419,#8420);
#8418 = CARTESIAN_POINT('',(-2.5,-0.6,4.5));
#8419 = DIRECTION('',(0.,-0.759256602365,-0.650791373456));
#8420 = DIRECTION('',(0.,-0.650791373456,0.759256602365));
#8421 = ADVANCED_FACE('',(#8422),#8433,.F.);
#8422 = FACE_BOUND('',#8423,.F.);
#8423 = EDGE_LOOP('',(#8424,#8425,#8431,#8432));
#8424 = ORIENTED_EDGE('',*,*,#6894,.F.);
#8425 = ORIENTED_EDGE('',*,*,#8426,.T.);
#8426 = EDGE_CURVE('',#6887,#6784,#8427,.T.);
#8427 = LINE('',#8428,#8429);
#8428 = CARTESIAN_POINT('',(-2.5,-0.6,4.3));
#8429 = VECTOR('',#8430,1.);
#8430 = DIRECTION('',(1.,0.,0.));
#8431 = ORIENTED_EDGE('',*,*,#6791,.F.);
#8432 = ORIENTED_EDGE('',*,*,#8409,.F.);
#8433 = PLANE('',#8434);
#8434 = AXIS2_PLACEMENT_3D('',#8435,#8436,#8437);
#8435 = CARTESIAN_POINT('',(-2.5,-0.6,4.3));
#8436 = DIRECTION('',(0.,-1.,0.));
#8437 = DIRECTION('',(0.,0.,1.));
#8438 = ADVANCED_FACE('',(#8439),#8450,.F.);
#8439 = FACE_BOUND('',#8440,.F.);
#8440 = EDGE_LOOP('',(#8441,#8442,#8448,#8449));
#8441 = ORIENTED_EDGE('',*,*,#6886,.F.);
#8442 = ORIENTED_EDGE('',*,*,#8443,.T.);
#8443 = EDGE_CURVE('',#6879,#6776,#8444,.T.);
#8444 = LINE('',#8445,#8446);
#8445 = CARTESIAN_POINT('',(-2.5,-0.9,4.1));
#8446 = VECTOR('',#8447,1.);
#8447 = DIRECTION('',(1.,0.,0.));
#8448 = ORIENTED_EDGE('',*,*,#6783,.F.);
#8449 = ORIENTED_EDGE('',*,*,#8426,.F.);
#8450 = PLANE('',#8451);
#8451 = AXIS2_PLACEMENT_3D('',#8452,#8453,#8454);
#8452 = CARTESIAN_POINT('',(-2.5,-0.9,4.1));
#8453 = DIRECTION('',(0.,-0.554700196225,0.832050294338));
#8454 = DIRECTION('',(0.,0.832050294338,0.554700196225));
#8455 = ADVANCED_FACE('',(#8456),#8462,.F.);
#8456 = FACE_BOUND('',#8457,.F.);
#8457 = EDGE_LOOP('',(#8458,#8459,#8460,#8461));
#8458 = ORIENTED_EDGE('',*,*,#6878,.F.);
#8459 = ORIENTED_EDGE('',*,*,#8039,.T.);
#8460 = ORIENTED_EDGE('',*,*,#6775,.F.);
#8461 = ORIENTED_EDGE('',*,*,#8443,.F.);
#8462 = PLANE('',#8463);
#8463 = AXIS2_PLACEMENT_3D('',#8464,#8465,#8466);
#8464 = CARTESIAN_POINT('',(-2.5,-0.6,1.5));
#8465 = DIRECTION('',(0.,-0.993408935871,-0.114624107985));
#8466 = DIRECTION('',(0.,-0.114624107985,0.993408935871));
#8467 = ADVANCED_FACE('',(#8468),#8479,.F.);
#8468 = FACE_BOUND('',#8469,.F.);
#8469 = EDGE_LOOP('',(#8470,#8471,#8472,#8478));
#8470 = ORIENTED_EDGE('',*,*,#6862,.F.);
#8471 = ORIENTED_EDGE('',*,*,#7865,.T.);
#8472 = ORIENTED_EDGE('',*,*,#8473,.F.);
#8473 = EDGE_CURVE('',#8025,#7866,#8474,.T.);
#8474 = LINE('',#8475,#8476);
#8475 = CARTESIAN_POINT('',(-1.5,-0.2,4.813884850592));
#8476 = VECTOR('',#8477,1.);
#8477 = DIRECTION('',(2.03899282835E-32,0.,1.));
#8478 = ORIENTED_EDGE('',*,*,#8032,.F.);
#8479 = PLANE('',#8480);
#8480 = AXIS2_PLACEMENT_3D('',#8481,#8482,#8483);
#8481 = CARTESIAN_POINT('',(-2.5,-0.2,6.));
#8482 = DIRECTION('',(0.,1.,0.));
#8483 = DIRECTION('',(0.,0.,-1.));
#8484 = ADVANCED_FACE('',(#8485),#8526,.T.);
#8485 = FACE_BOUND('',#8486,.F.);
#8486 = EDGE_LOOP('',(#8487,#8497,#8505,#8513,#8519,#8520));
#8487 = ORIENTED_EDGE('',*,*,#8488,.F.);
#8488 = EDGE_CURVE('',#8489,#8491,#8493,.T.);
#8489 = VERTEX_POINT('',#8490);
#8490 = CARTESIAN_POINT('',(-0.12,-0.12,-3.2));
#8491 = VERTEX_POINT('',#8492);
#8492 = CARTESIAN_POINT('',(-0.317552593066,-0.351192514695,
    -3.002447406934));
#8493 = LINE('',#8494,#8495);
#8494 = CARTESIAN_POINT('',(-0.24881689775,-0.270752273427,
    -3.07118310225));
#8495 = VECTOR('',#8496,1.);
#8496 = DIRECTION('',(-0.544770019249,-0.63753529491,0.544770019249));
#8497 = ORIENTED_EDGE('',*,*,#8498,.T.);
#8498 = EDGE_CURVE('',#8489,#8499,#8501,.T.);
#8499 = VERTEX_POINT('',#8500);
#8500 = CARTESIAN_POINT('',(-0.12,0.12,-3.2));
#8501 = LINE('',#8502,#8503);
#8502 = CARTESIAN_POINT('',(-0.12,-0.32,-3.2));
#8503 = VECTOR('',#8504,1.);
#8504 = DIRECTION('',(0.,1.,0.));
#8505 = ORIENTED_EDGE('',*,*,#8506,.T.);
#8506 = EDGE_CURVE('',#8499,#8507,#8509,.T.);
#8507 = VERTEX_POINT('',#8508);
#8508 = CARTESIAN_POINT('',(-0.317552593066,0.288807485305,
    -3.002447406934));
#8509 = LINE('',#8510,#8511);
#8510 = CARTESIAN_POINT('',(-0.155697812072,0.150503562587,
    -3.164302187928));
#8511 = VECTOR('',#8512,1.);
#8512 = DIRECTION('',(-0.605209817607,0.517148096144,0.605209817607));
#8513 = ORIENTED_EDGE('',*,*,#8514,.T.);
#8514 = EDGE_CURVE('',#8507,#6970,#8515,.T.);
#8515 = LINE('',#8516,#8517);
#8516 = CARTESIAN_POINT('',(-0.243720930233,0.300465116279,
    -3.076279069767));
#8517 = VECTOR('',#8518,1.);
#8518 = DIRECTION('',(-0.702740385383,-0.110959008218,0.702740385383));
#8519 = ORIENTED_EDGE('',*,*,#6967,.F.);
#8520 = ORIENTED_EDGE('',*,*,#8521,.F.);
#8521 = EDGE_CURVE('',#8491,#6968,#8522,.T.);
#8522 = LINE('',#8523,#8524);
#8523 = CARTESIAN_POINT('',(-0.699616963064,-0.411518467852,
    -2.620383036936));
#8524 = VECTOR('',#8525,1.);
#8525 = DIRECTION('',(-0.702740385383,-0.110959008218,0.702740385383));
#8526 = PLANE('',#8527);
#8527 = AXIS2_PLACEMENT_3D('',#8528,#8529,#8530);
#8528 = CARTESIAN_POINT('',(-0.22,-0.32,-3.1));
#8529 = DIRECTION('',(-0.707106781187,-1.735417226644E-18,
    -0.707106781187));
#8530 = DIRECTION('',(1.227125289148E-18,-1.,1.227125289148E-18));
#8531 = ADVANCED_FACE('',(#8532),#8557,.F.);
#8532 = FACE_BOUND('',#8533,.F.);
#8533 = EDGE_LOOP('',(#8534,#8535,#8541,#8542,#8550,#8556));
#8534 = ORIENTED_EDGE('',*,*,#7016,.F.);
#8535 = ORIENTED_EDGE('',*,*,#8536,.T.);
#8536 = EDGE_CURVE('',#7009,#7089,#8537,.T.);
#8537 = LINE('',#8538,#8539);
#8538 = CARTESIAN_POINT('',(-0.32,-0.62,-1.3));
#8539 = VECTOR('',#8540,1.);
#8540 = DIRECTION('',(1.,0.,0.));
#8541 = ORIENTED_EDGE('',*,*,#7096,.T.);
#8542 = ORIENTED_EDGE('',*,*,#8543,.F.);
#8543 = EDGE_CURVE('',#8544,#7055,#8546,.T.);
#8544 = VERTEX_POINT('',#8545);
#8545 = CARTESIAN_POINT('',(0.317552593066,-0.351192514695,
    -3.002447406934));
#8546 = LINE('',#8547,#8548);
#8547 = CARTESIAN_POINT('',(0.541586867305,-0.386566347469,
    -2.778413132695));
#8548 = VECTOR('',#8549,1.);
#8549 = DIRECTION('',(0.702740385383,-0.110959008218,0.702740385383));
#8550 = ORIENTED_EDGE('',*,*,#8551,.F.);
#8551 = EDGE_CURVE('',#8491,#8544,#8552,.T.);
#8552 = LINE('',#8553,#8554);
#8553 = CARTESIAN_POINT('',(-0.32,-0.351192514695,-3.002447406934));
#8554 = VECTOR('',#8555,1.);
#8555 = DIRECTION('',(1.,0.,0.));
#8556 = ORIENTED_EDGE('',*,*,#8521,.T.);
#8557 = PLANE('',#8558);
#8558 = AXIS2_PLACEMENT_3D('',#8559,#8560,#8561);
#8559 = CARTESIAN_POINT('',(-0.32,-0.62,-1.3));
#8560 = DIRECTION('',(0.,0.987762965329,0.155962573473));
#8561 = DIRECTION('',(0.,0.155962573473,-0.987762965329));
#8562 = ADVANCED_FACE('',(#8563),#8569,.F.);
#8563 = FACE_BOUND('',#8564,.F.);
#8564 = EDGE_LOOP('',(#8565,#8566,#8567,#8568));
#8565 = ORIENTED_EDGE('',*,*,#7040,.T.);
#8566 = ORIENTED_EDGE('',*,*,#7088,.T.);
#8567 = ORIENTED_EDGE('',*,*,#8536,.F.);
#8568 = ORIENTED_EDGE('',*,*,#7008,.F.);
#8569 = PLANE('',#8570);
#8570 = AXIS2_PLACEMENT_3D('',#8571,#8572,#8573);
#8571 = CARTESIAN_POINT('',(-0.32,-0.32,-0.7));
#8572 = DIRECTION('',(0.,0.894427191,-0.4472135955));
#8573 = DIRECTION('',(0.,-0.4472135955,-0.894427191));
#8574 = ADVANCED_FACE('',(#8575),#8586,.F.);
#8575 = FACE_BOUND('',#8576,.F.);
#8576 = EDGE_LOOP('',(#8577,#8583,#8584,#8585));
#8577 = ORIENTED_EDGE('',*,*,#8578,.T.);
#8578 = EDGE_CURVE('',#6978,#7065,#8579,.T.);
#8579 = LINE('',#8580,#8581);
#8580 = CARTESIAN_POINT('',(-0.32,2.E-02,-1.3));
#8581 = VECTOR('',#8582,1.);
#8582 = DIRECTION('',(1.,0.,0.));
#8583 = ORIENTED_EDGE('',*,*,#7072,.T.);
#8584 = ORIENTED_EDGE('',*,*,#7111,.F.);
#8585 = ORIENTED_EDGE('',*,*,#6985,.F.);
#8586 = PLANE('',#8587);
#8587 = AXIS2_PLACEMENT_3D('',#8588,#8589,#8590);
#8588 = CARTESIAN_POINT('',(-0.32,2.E-02,-1.3));
#8589 = DIRECTION('',(0.,-0.894427191,0.4472135955));
#8590 = DIRECTION('',(0.,0.4472135955,0.894427191));
#8591 = ADVANCED_FACE('',(#8592),#8612,.F.);
#8592 = FACE_BOUND('',#8593,.F.);
#8593 = EDGE_LOOP('',(#8594,#8595,#8596,#8604,#8610,#8611));
#8594 = ORIENTED_EDGE('',*,*,#6977,.F.);
#8595 = ORIENTED_EDGE('',*,*,#8514,.F.);
#8596 = ORIENTED_EDGE('',*,*,#8597,.T.);
#8597 = EDGE_CURVE('',#8507,#8598,#8600,.T.);
#8598 = VERTEX_POINT('',#8599);
#8599 = CARTESIAN_POINT('',(0.317552593066,0.288807485305,
    -3.002447406934));
#8600 = LINE('',#8601,#8602);
#8601 = CARTESIAN_POINT('',(-0.32,0.288807485305,-3.002447406934));
#8602 = VECTOR('',#8603,1.);
#8603 = DIRECTION('',(1.,0.,0.));
#8604 = ORIENTED_EDGE('',*,*,#8605,.T.);
#8605 = EDGE_CURVE('',#8598,#7057,#8606,.T.);
#8606 = LINE('',#8607,#8608);
#8607 = CARTESIAN_POINT('',(8.569083447332E-02,0.325417236662,
    -3.234309165527));
#8608 = VECTOR('',#8609,1.);
#8609 = DIRECTION('',(0.702740385383,-0.110959008218,0.702740385383));
#8610 = ORIENTED_EDGE('',*,*,#7064,.T.);
#8611 = ORIENTED_EDGE('',*,*,#8578,.F.);
#8612 = PLANE('',#8613);
#8613 = AXIS2_PLACEMENT_3D('',#8614,#8615,#8616);
#8614 = CARTESIAN_POINT('',(-0.32,0.32,-3.2));
#8615 = DIRECTION('',(0.,-0.987762965329,-0.155962573473));
#8616 = DIRECTION('',(0.,-0.155962573473,0.987762965329));
#8617 = ADVANCED_FACE('',(#8618),#8645,.F.);
#8618 = FACE_BOUND('',#8619,.T.);
#8619 = EDGE_LOOP('',(#8620,#8628,#8636,#8642,#8643,#8644));
#8620 = ORIENTED_EDGE('',*,*,#8621,.F.);
#8621 = EDGE_CURVE('',#8622,#8544,#8624,.T.);
#8622 = VERTEX_POINT('',#8623);
#8623 = CARTESIAN_POINT('',(0.12,-0.12,-3.2));
#8624 = LINE('',#8625,#8626);
#8625 = CARTESIAN_POINT('',(0.153849098111,-0.159613036666,
    -3.166150901889));
#8626 = VECTOR('',#8627,1.);
#8627 = DIRECTION('',(0.544770019249,-0.63753529491,0.544770019249));
#8628 = ORIENTED_EDGE('',*,*,#8629,.T.);
#8629 = EDGE_CURVE('',#8622,#8630,#8632,.T.);
#8630 = VERTEX_POINT('',#8631);
#8631 = CARTESIAN_POINT('',(0.12,0.12,-3.2));
#8632 = LINE('',#8633,#8634);
#8633 = CARTESIAN_POINT('',(0.12,-0.32,-3.2));
#8634 = VECTOR('',#8635,1.);
#8635 = DIRECTION('',(0.,1.,0.));
#8636 = ORIENTED_EDGE('',*,*,#8637,.T.);
#8637 = EDGE_CURVE('',#8630,#8598,#8638,.T.);
#8638 = LINE('',#8639,#8640);
#8639 = CARTESIAN_POINT('',(3.848855660758E-02,5.034896900541E-02,
    -3.281511443392));
#8640 = VECTOR('',#8641,1.);
#8641 = DIRECTION('',(0.605209817607,0.517148096144,0.605209817607));
#8642 = ORIENTED_EDGE('',*,*,#8605,.T.);
#8643 = ORIENTED_EDGE('',*,*,#7054,.F.);
#8644 = ORIENTED_EDGE('',*,*,#8543,.F.);
#8645 = PLANE('',#8646);
#8646 = AXIS2_PLACEMENT_3D('',#8647,#8648,#8649);
#8647 = CARTESIAN_POINT('',(0.22,-0.32,-3.1));
#8648 = DIRECTION('',(-0.707106781187,1.735417226644E-18,0.707106781187)
  );
#8649 = DIRECTION('',(-1.227125289148E-18,-1.,1.227125289148E-18));
#8650 = ADVANCED_FACE('',(#8651),#8676,.F.);
#8651 = FACE_BOUND('',#8652,.T.);
#8652 = EDGE_LOOP('',(#8653,#8661,#8669,#8675));
#8653 = ORIENTED_EDGE('',*,*,#8654,.F.);
#8654 = EDGE_CURVE('',#8655,#7128,#8657,.T.);
#8655 = VERTEX_POINT('',#8656);
#8656 = CARTESIAN_POINT('',(2.62,-0.12,-3.2));
#8657 = LINE('',#8658,#8659);
#8658 = CARTESIAN_POINT('',(2.646666666667,-0.146666666667,
    -3.173333333333));
#8659 = VECTOR('',#8660,1.);
#8660 = DIRECTION('',(0.57735026919,-0.57735026919,0.57735026919));
#8661 = ORIENTED_EDGE('',*,*,#8662,.T.);
#8662 = EDGE_CURVE('',#8655,#8663,#8665,.T.);
#8663 = VERTEX_POINT('',#8664);
#8664 = CARTESIAN_POINT('',(2.62,0.12,-3.2));
#8665 = LINE('',#8666,#8667);
#8666 = CARTESIAN_POINT('',(2.62,-0.32,-3.2));
#8667 = VECTOR('',#8668,1.);
#8668 = DIRECTION('',(0.,1.,0.));
#8669 = ORIENTED_EDGE('',*,*,#8670,.T.);
#8670 = EDGE_CURVE('',#8663,#7130,#8671,.T.);
#8671 = LINE('',#8672,#8673);
#8672 = CARTESIAN_POINT('',(2.54,4.E-02,-3.28));
#8673 = VECTOR('',#8674,1.);
#8674 = DIRECTION('',(0.57735026919,0.57735026919,0.57735026919));
#8675 = ORIENTED_EDGE('',*,*,#7127,.F.);
#8676 = PLANE('',#8677);
#8677 = AXIS2_PLACEMENT_3D('',#8678,#8679,#8680);
#8678 = CARTESIAN_POINT('',(2.72,-0.32,-3.1));
#8679 = DIRECTION('',(-0.707106781187,1.735417226644E-18,0.707106781187)
  );
#8680 = DIRECTION('',(-1.227125289148E-18,-1.,1.227125289148E-18));
#8681 = ADVANCED_FACE('',(#8682),#8700,.T.);
#8682 = FACE_BOUND('',#8683,.F.);
#8683 = EDGE_LOOP('',(#8684,#8692,#8698,#8699));
#8684 = ORIENTED_EDGE('',*,*,#8685,.F.);
#8685 = EDGE_CURVE('',#8686,#7159,#8688,.T.);
#8686 = VERTEX_POINT('',#8687);
#8687 = CARTESIAN_POINT('',(2.38,0.12,-3.2));
#8688 = LINE('',#8689,#8690);
#8689 = CARTESIAN_POINT('',(2.353333333333,0.146666666667,
    -3.173333333333));
#8690 = VECTOR('',#8691,1.);
#8691 = DIRECTION('',(-0.57735026919,0.57735026919,0.57735026919));
#8692 = ORIENTED_EDGE('',*,*,#8693,.T.);
#8693 = EDGE_CURVE('',#8686,#8663,#8694,.T.);
#8694 = LINE('',#8695,#8696);
#8695 = CARTESIAN_POINT('',(2.18,0.12,-3.2));
#8696 = VECTOR('',#8697,1.);
#8697 = DIRECTION('',(1.,0.,0.));
#8698 = ORIENTED_EDGE('',*,*,#8670,.T.);
#8699 = ORIENTED_EDGE('',*,*,#7166,.F.);
#8700 = PLANE('',#8701);
#8701 = AXIS2_PLACEMENT_3D('',#8702,#8703,#8704);
#8702 = CARTESIAN_POINT('',(2.18,0.22,-3.1));
#8703 = DIRECTION('',(-1.735417226644E-18,0.707106781187,-0.707106781187
    ));
#8704 = DIRECTION('',(-1.,-1.227125289148E-18,1.227125289148E-18));
#8705 = ADVANCED_FACE('',(#8706),#8724,.T.);
#8706 = FACE_BOUND('',#8707,.F.);
#8707 = EDGE_LOOP('',(#8708,#8716,#8722,#8723));
#8708 = ORIENTED_EDGE('',*,*,#8709,.F.);
#8709 = EDGE_CURVE('',#8710,#7183,#8712,.T.);
#8710 = VERTEX_POINT('',#8711);
#8711 = CARTESIAN_POINT('',(2.38,-0.12,-3.2));
#8712 = LINE('',#8713,#8714);
#8713 = CARTESIAN_POINT('',(2.246666666667,-0.253333333333,
    -3.066666666667));
#8714 = VECTOR('',#8715,1.);
#8715 = DIRECTION('',(-0.57735026919,-0.57735026919,0.57735026919));
#8716 = ORIENTED_EDGE('',*,*,#8717,.T.);
#8717 = EDGE_CURVE('',#8710,#8686,#8718,.T.);
#8718 = LINE('',#8719,#8720);
#8719 = CARTESIAN_POINT('',(2.38,-0.32,-3.2));
#8720 = VECTOR('',#8721,1.);
#8721 = DIRECTION('',(0.,1.,0.));
#8722 = ORIENTED_EDGE('',*,*,#8685,.T.);
#8723 = ORIENTED_EDGE('',*,*,#7182,.F.);
#8724 = PLANE('',#8725);
#8725 = AXIS2_PLACEMENT_3D('',#8726,#8727,#8728);
#8726 = CARTESIAN_POINT('',(2.28,-0.32,-3.1));
#8727 = DIRECTION('',(-0.707106781187,-1.735417226644E-18,
    -0.707106781187));
#8728 = DIRECTION('',(1.227125289148E-18,-1.,1.227125289148E-18));
#8729 = ADVANCED_FACE('',(#8730),#8741,.T.);
#8730 = FACE_BOUND('',#8731,.T.);
#8731 = EDGE_LOOP('',(#8732,#8733,#8739,#8740));
#8732 = ORIENTED_EDGE('',*,*,#8709,.F.);
#8733 = ORIENTED_EDGE('',*,*,#8734,.T.);
#8734 = EDGE_CURVE('',#8710,#8655,#8735,.T.);
#8735 = LINE('',#8736,#8737);
#8736 = CARTESIAN_POINT('',(2.18,-0.12,-3.2));
#8737 = VECTOR('',#8738,1.);
#8738 = DIRECTION('',(1.,0.,0.));
#8739 = ORIENTED_EDGE('',*,*,#8654,.T.);
#8740 = ORIENTED_EDGE('',*,*,#7209,.F.);
#8741 = PLANE('',#8742);
#8742 = AXIS2_PLACEMENT_3D('',#8743,#8744,#8745);
#8743 = CARTESIAN_POINT('',(2.18,-0.22,-3.1));
#8744 = DIRECTION('',(1.735417226644E-18,-0.707106781187,-0.707106781187
    ));
#8745 = DIRECTION('',(1.,1.227125289148E-18,1.227125289148E-18));
#8746 = ADVANCED_FACE('',(#8747),#8772,.T.);
#8747 = FACE_BOUND('',#8748,.T.);
#8748 = EDGE_LOOP('',(#8749,#8757,#8765,#8771));
#8749 = ORIENTED_EDGE('',*,*,#8750,.F.);
#8750 = EDGE_CURVE('',#8751,#7224,#8753,.T.);
#8751 = VERTEX_POINT('',#8752);
#8752 = CARTESIAN_POINT('',(4.88,-0.12,-3.2));
#8753 = LINE('',#8754,#8755);
#8754 = CARTESIAN_POINT('',(4.746666666667,-0.253333333333,
    -3.066666666667));
#8755 = VECTOR('',#8756,1.);
#8756 = DIRECTION('',(-0.57735026919,-0.57735026919,0.57735026919));
#8757 = ORIENTED_EDGE('',*,*,#8758,.T.);
#8758 = EDGE_CURVE('',#8751,#8759,#8761,.T.);
#8759 = VERTEX_POINT('',#8760);
#8760 = CARTESIAN_POINT('',(5.12,-0.12,-3.2));
#8761 = LINE('',#8762,#8763);
#8762 = CARTESIAN_POINT('',(4.68,-0.12,-3.2));
#8763 = VECTOR('',#8764,1.);
#8764 = DIRECTION('',(1.,0.,0.));
#8765 = ORIENTED_EDGE('',*,*,#8766,.T.);
#8766 = EDGE_CURVE('',#8759,#7233,#8767,.T.);
#8767 = LINE('',#8768,#8769);
#8768 = CARTESIAN_POINT('',(5.146666666667,-0.146666666667,
    -3.173333333333));
#8769 = VECTOR('',#8770,1.);
#8770 = DIRECTION('',(0.57735026919,-0.57735026919,0.57735026919));
#8771 = ORIENTED_EDGE('',*,*,#7240,.F.);
#8772 = PLANE('',#8773);
#8773 = AXIS2_PLACEMENT_3D('',#8774,#8775,#8776);
#8774 = CARTESIAN_POINT('',(4.68,-0.22,-3.1));
#8775 = DIRECTION('',(1.735417226644E-18,-0.707106781187,-0.707106781187
    ));
#8776 = DIRECTION('',(1.,1.227125289148E-18,1.227125289148E-18));
#8777 = ADVANCED_FACE('',(#8778),#8796,.F.);
#8778 = FACE_BOUND('',#8779,.T.);
#8779 = EDGE_LOOP('',(#8780,#8781,#8789,#8795));
#8780 = ORIENTED_EDGE('',*,*,#8766,.F.);
#8781 = ORIENTED_EDGE('',*,*,#8782,.T.);
#8782 = EDGE_CURVE('',#8759,#8783,#8785,.T.);
#8783 = VERTEX_POINT('',#8784);
#8784 = CARTESIAN_POINT('',(5.12,0.12,-3.2));
#8785 = LINE('',#8786,#8787);
#8786 = CARTESIAN_POINT('',(5.12,-0.32,-3.2));
#8787 = VECTOR('',#8788,1.);
#8788 = DIRECTION('',(0.,1.,0.));
#8789 = ORIENTED_EDGE('',*,*,#8790,.T.);
#8790 = EDGE_CURVE('',#8783,#7255,#8791,.T.);
#8791 = LINE('',#8792,#8793);
#8792 = CARTESIAN_POINT('',(5.04,4.E-02,-3.28));
#8793 = VECTOR('',#8794,1.);
#8794 = DIRECTION('',(0.57735026919,0.57735026919,0.57735026919));
#8795 = ORIENTED_EDGE('',*,*,#7254,.F.);
#8796 = PLANE('',#8797);
#8797 = AXIS2_PLACEMENT_3D('',#8798,#8799,#8800);
#8798 = CARTESIAN_POINT('',(5.22,-0.32,-3.1));
#8799 = DIRECTION('',(-0.707106781187,1.735417226644E-18,0.707106781187)
  );
#8800 = DIRECTION('',(-1.227125289148E-18,-1.,1.227125289148E-18));
#8801 = ADVANCED_FACE('',(#8802),#8820,.T.);
#8802 = FACE_BOUND('',#8803,.F.);
#8803 = EDGE_LOOP('',(#8804,#8812,#8818,#8819));
#8804 = ORIENTED_EDGE('',*,*,#8805,.F.);
#8805 = EDGE_CURVE('',#8806,#7279,#8808,.T.);
#8806 = VERTEX_POINT('',#8807);
#8807 = CARTESIAN_POINT('',(4.88,0.12,-3.2));
#8808 = LINE('',#8809,#8810);
#8809 = CARTESIAN_POINT('',(4.853333333333,0.146666666667,
    -3.173333333333));
#8810 = VECTOR('',#8811,1.);
#8811 = DIRECTION('',(-0.57735026919,0.57735026919,0.57735026919));
#8812 = ORIENTED_EDGE('',*,*,#8813,.T.);
#8813 = EDGE_CURVE('',#8806,#8783,#8814,.T.);
#8814 = LINE('',#8815,#8816);
#8815 = CARTESIAN_POINT('',(4.68,0.12,-3.2));
#8816 = VECTOR('',#8817,1.);
#8817 = DIRECTION('',(1.,0.,0.));
#8818 = ORIENTED_EDGE('',*,*,#8790,.T.);
#8819 = ORIENTED_EDGE('',*,*,#7286,.F.);
#8820 = PLANE('',#8821);
#8821 = AXIS2_PLACEMENT_3D('',#8822,#8823,#8824);
#8822 = CARTESIAN_POINT('',(4.68,0.22,-3.1));
#8823 = DIRECTION('',(-1.735417226644E-18,0.707106781187,-0.707106781187
    ));
#8824 = DIRECTION('',(-1.,-1.227125289148E-18,1.227125289148E-18));
#8825 = ADVANCED_FACE('',(#8826),#8837,.T.);
#8826 = FACE_BOUND('',#8827,.F.);
#8827 = EDGE_LOOP('',(#8828,#8829,#8835,#8836));
#8828 = ORIENTED_EDGE('',*,*,#8750,.F.);
#8829 = ORIENTED_EDGE('',*,*,#8830,.T.);
#8830 = EDGE_CURVE('',#8751,#8806,#8831,.T.);
#8831 = LINE('',#8832,#8833);
#8832 = CARTESIAN_POINT('',(4.88,-0.32,-3.2));
#8833 = VECTOR('',#8834,1.);
#8834 = DIRECTION('',(0.,1.,0.));
#8835 = ORIENTED_EDGE('',*,*,#8805,.T.);
#8836 = ORIENTED_EDGE('',*,*,#7302,.F.);
#8837 = PLANE('',#8838);
#8838 = AXIS2_PLACEMENT_3D('',#8839,#8840,#8841);
#8839 = CARTESIAN_POINT('',(4.78,-0.32,-3.1));
#8840 = DIRECTION('',(-0.707106781187,-1.735417226644E-18,
    -0.707106781187));
#8841 = DIRECTION('',(1.227125289148E-18,-1.,1.227125289148E-18));
#8842 = ADVANCED_FACE('',(#8843),#8868,.F.);
#8843 = FACE_BOUND('',#8844,.T.);
#8844 = EDGE_LOOP('',(#8845,#8853,#8861,#8867));
#8845 = ORIENTED_EDGE('',*,*,#8846,.F.);
#8846 = EDGE_CURVE('',#8847,#7320,#8849,.T.);
#8847 = VERTEX_POINT('',#8848);
#8848 = CARTESIAN_POINT('',(7.62,-0.12,-3.2));
#8849 = LINE('',#8850,#8851);
#8850 = CARTESIAN_POINT('',(7.646666666667,-0.146666666667,
    -3.173333333333));
#8851 = VECTOR('',#8852,1.);
#8852 = DIRECTION('',(0.57735026919,-0.57735026919,0.57735026919));
#8853 = ORIENTED_EDGE('',*,*,#8854,.T.);
#8854 = EDGE_CURVE('',#8847,#8855,#8857,.T.);
#8855 = VERTEX_POINT('',#8856);
#8856 = CARTESIAN_POINT('',(7.62,0.12,-3.2));
#8857 = LINE('',#8858,#8859);
#8858 = CARTESIAN_POINT('',(7.62,-0.32,-3.2));
#8859 = VECTOR('',#8860,1.);
#8860 = DIRECTION('',(0.,1.,0.));
#8861 = ORIENTED_EDGE('',*,*,#8862,.T.);
#8862 = EDGE_CURVE('',#8855,#7322,#8863,.T.);
#8863 = LINE('',#8864,#8865);
#8864 = CARTESIAN_POINT('',(7.54,4.E-02,-3.28));
#8865 = VECTOR('',#8866,1.);
#8866 = DIRECTION('',(0.57735026919,0.57735026919,0.57735026919));
#8867 = ORIENTED_EDGE('',*,*,#7319,.F.);
#8868 = PLANE('',#8869);
#8869 = AXIS2_PLACEMENT_3D('',#8870,#8871,#8872);
#8870 = CARTESIAN_POINT('',(7.72,-0.32,-3.1));
#8871 = DIRECTION('',(-0.707106781187,1.735417226644E-18,0.707106781187)
  );
#8872 = DIRECTION('',(-1.227125289148E-18,-1.,1.227125289148E-18));
#8873 = ADVANCED_FACE('',(#8874),#8892,.T.);
#8874 = FACE_BOUND('',#8875,.F.);
#8875 = EDGE_LOOP('',(#8876,#8884,#8890,#8891));
#8876 = ORIENTED_EDGE('',*,*,#8877,.F.);
#8877 = EDGE_CURVE('',#8878,#7351,#8880,.T.);
#8878 = VERTEX_POINT('',#8879);
#8879 = CARTESIAN_POINT('',(7.38,0.12,-3.2));
#8880 = LINE('',#8881,#8882);
#8881 = CARTESIAN_POINT('',(7.353333333333,0.146666666667,
    -3.173333333333));
#8882 = VECTOR('',#8883,1.);
#8883 = DIRECTION('',(-0.57735026919,0.57735026919,0.57735026919));
#8884 = ORIENTED_EDGE('',*,*,#8885,.T.);
#8885 = EDGE_CURVE('',#8878,#8855,#8886,.T.);
#8886 = LINE('',#8887,#8888);
#8887 = CARTESIAN_POINT('',(7.18,0.12,-3.2));
#8888 = VECTOR('',#8889,1.);
#8889 = DIRECTION('',(1.,0.,0.));
#8890 = ORIENTED_EDGE('',*,*,#8862,.T.);
#8891 = ORIENTED_EDGE('',*,*,#7358,.F.);
#8892 = PLANE('',#8893);
#8893 = AXIS2_PLACEMENT_3D('',#8894,#8895,#8896);
#8894 = CARTESIAN_POINT('',(7.18,0.22,-3.1));
#8895 = DIRECTION('',(-1.735417226644E-18,0.707106781187,-0.707106781187
    ));
#8896 = DIRECTION('',(-1.,-1.227125289148E-18,1.227125289148E-18));
#8897 = ADVANCED_FACE('',(#8898),#8916,.T.);
#8898 = FACE_BOUND('',#8899,.F.);
#8899 = EDGE_LOOP('',(#8900,#8908,#8914,#8915));
#8900 = ORIENTED_EDGE('',*,*,#8901,.F.);
#8901 = EDGE_CURVE('',#8902,#7375,#8904,.T.);
#8902 = VERTEX_POINT('',#8903);
#8903 = CARTESIAN_POINT('',(7.38,-0.12,-3.2));
#8904 = LINE('',#8905,#8906);
#8905 = CARTESIAN_POINT('',(7.246666666667,-0.253333333333,
    -3.066666666667));
#8906 = VECTOR('',#8907,1.);
#8907 = DIRECTION('',(-0.57735026919,-0.57735026919,0.57735026919));
#8908 = ORIENTED_EDGE('',*,*,#8909,.T.);
#8909 = EDGE_CURVE('',#8902,#8878,#8910,.T.);
#8910 = LINE('',#8911,#8912);
#8911 = CARTESIAN_POINT('',(7.38,-0.32,-3.2));
#8912 = VECTOR('',#8913,1.);
#8913 = DIRECTION('',(0.,1.,0.));
#8914 = ORIENTED_EDGE('',*,*,#8877,.T.);
#8915 = ORIENTED_EDGE('',*,*,#7374,.F.);
#8916 = PLANE('',#8917);
#8917 = AXIS2_PLACEMENT_3D('',#8918,#8919,#8920);
#8918 = CARTESIAN_POINT('',(7.28,-0.32,-3.1));
#8919 = DIRECTION('',(-0.707106781187,-1.735417226644E-18,
    -0.707106781187));
#8920 = DIRECTION('',(1.227125289148E-18,-1.,1.227125289148E-18));
#8921 = ADVANCED_FACE('',(#8922),#8933,.T.);
#8922 = FACE_BOUND('',#8923,.T.);
#8923 = EDGE_LOOP('',(#8924,#8925,#8931,#8932));
#8924 = ORIENTED_EDGE('',*,*,#8901,.F.);
#8925 = ORIENTED_EDGE('',*,*,#8926,.T.);
#8926 = EDGE_CURVE('',#8902,#8847,#8927,.T.);
#8927 = LINE('',#8928,#8929);
#8928 = CARTESIAN_POINT('',(7.18,-0.12,-3.2));
#8929 = VECTOR('',#8930,1.);
#8930 = DIRECTION('',(1.,0.,0.));
#8931 = ORIENTED_EDGE('',*,*,#8846,.T.);
#8932 = ORIENTED_EDGE('',*,*,#7401,.F.);
#8933 = PLANE('',#8934);
#8934 = AXIS2_PLACEMENT_3D('',#8935,#8936,#8937);
#8935 = CARTESIAN_POINT('',(7.18,-0.22,-3.1));
#8936 = DIRECTION('',(1.735417226644E-18,-0.707106781187,-0.707106781187
    ));
#8937 = DIRECTION('',(1.,1.227125289148E-18,1.227125289148E-18));
#8938 = ADVANCED_FACE('',(#8939),#8964,.F.);
#8939 = FACE_BOUND('',#8940,.T.);
#8940 = EDGE_LOOP('',(#8941,#8949,#8957,#8963));
#8941 = ORIENTED_EDGE('',*,*,#8942,.F.);
#8942 = EDGE_CURVE('',#8943,#7416,#8945,.T.);
#8943 = VERTEX_POINT('',#8944);
#8944 = CARTESIAN_POINT('',(10.12,-0.12,-3.2));
#8945 = LINE('',#8946,#8947);
#8946 = CARTESIAN_POINT('',(10.146666666667,-0.146666666667,
    -3.173333333333));
#8947 = VECTOR('',#8948,1.);
#8948 = DIRECTION('',(0.57735026919,-0.57735026919,0.57735026919));
#8949 = ORIENTED_EDGE('',*,*,#8950,.T.);
#8950 = EDGE_CURVE('',#8943,#8951,#8953,.T.);
#8951 = VERTEX_POINT('',#8952);
#8952 = CARTESIAN_POINT('',(10.12,0.12,-3.2));
#8953 = LINE('',#8954,#8955);
#8954 = CARTESIAN_POINT('',(10.12,-0.32,-3.2));
#8955 = VECTOR('',#8956,1.);
#8956 = DIRECTION('',(0.,1.,0.));
#8957 = ORIENTED_EDGE('',*,*,#8958,.T.);
#8958 = EDGE_CURVE('',#8951,#7418,#8959,.T.);
#8959 = LINE('',#8960,#8961);
#8960 = CARTESIAN_POINT('',(10.04,4.E-02,-3.28));
#8961 = VECTOR('',#8962,1.);
#8962 = DIRECTION('',(0.57735026919,0.57735026919,0.57735026919));
#8963 = ORIENTED_EDGE('',*,*,#7415,.F.);
#8964 = PLANE('',#8965);
#8965 = AXIS2_PLACEMENT_3D('',#8966,#8967,#8968);
#8966 = CARTESIAN_POINT('',(10.22,-0.32,-3.1));
#8967 = DIRECTION('',(-0.707106781187,1.735417226644E-18,0.707106781187)
  );
#8968 = DIRECTION('',(-1.227125289148E-18,-1.,1.227125289148E-18));
#8969 = ADVANCED_FACE('',(#8970),#8988,.T.);
#8970 = FACE_BOUND('',#8971,.F.);
#8971 = EDGE_LOOP('',(#8972,#8980,#8986,#8987));
#8972 = ORIENTED_EDGE('',*,*,#8973,.F.);
#8973 = EDGE_CURVE('',#8974,#7447,#8976,.T.);
#8974 = VERTEX_POINT('',#8975);
#8975 = CARTESIAN_POINT('',(9.88,0.12,-3.2));
#8976 = LINE('',#8977,#8978);
#8977 = CARTESIAN_POINT('',(9.853333333333,0.146666666667,
    -3.173333333333));
#8978 = VECTOR('',#8979,1.);
#8979 = DIRECTION('',(-0.57735026919,0.57735026919,0.57735026919));
#8980 = ORIENTED_EDGE('',*,*,#8981,.T.);
#8981 = EDGE_CURVE('',#8974,#8951,#8982,.T.);
#8982 = LINE('',#8983,#8984);
#8983 = CARTESIAN_POINT('',(9.68,0.12,-3.2));
#8984 = VECTOR('',#8985,1.);
#8985 = DIRECTION('',(1.,0.,0.));
#8986 = ORIENTED_EDGE('',*,*,#8958,.T.);
#8987 = ORIENTED_EDGE('',*,*,#7454,.F.);
#8988 = PLANE('',#8989);
#8989 = AXIS2_PLACEMENT_3D('',#8990,#8991,#8992);
#8990 = CARTESIAN_POINT('',(9.68,0.22,-3.1));
#8991 = DIRECTION('',(-1.735417226644E-18,0.707106781187,-0.707106781187
    ));
#8992 = DIRECTION('',(-1.,-1.227125289148E-18,1.227125289148E-18));
#8993 = ADVANCED_FACE('',(#8994),#9012,.T.);
#8994 = FACE_BOUND('',#8995,.F.);
#8995 = EDGE_LOOP('',(#8996,#9004,#9010,#9011));
#8996 = ORIENTED_EDGE('',*,*,#8997,.F.);
#8997 = EDGE_CURVE('',#8998,#7471,#9000,.T.);
#8998 = VERTEX_POINT('',#8999);
#8999 = CARTESIAN_POINT('',(9.88,-0.12,-3.2));
#9000 = LINE('',#9001,#9002);
#9001 = CARTESIAN_POINT('',(9.746666666667,-0.253333333333,
    -3.066666666667));
#9002 = VECTOR('',#9003,1.);
#9003 = DIRECTION('',(-0.57735026919,-0.57735026919,0.57735026919));
#9004 = ORIENTED_EDGE('',*,*,#9005,.T.);
#9005 = EDGE_CURVE('',#8998,#8974,#9006,.T.);
#9006 = LINE('',#9007,#9008);
#9007 = CARTESIAN_POINT('',(9.88,-0.32,-3.2));
#9008 = VECTOR('',#9009,1.);
#9009 = DIRECTION('',(0.,1.,0.));
#9010 = ORIENTED_EDGE('',*,*,#8973,.T.);
#9011 = ORIENTED_EDGE('',*,*,#7470,.F.);
#9012 = PLANE('',#9013);
#9013 = AXIS2_PLACEMENT_3D('',#9014,#9015,#9016);
#9014 = CARTESIAN_POINT('',(9.78,-0.32,-3.1));
#9015 = DIRECTION('',(-0.707106781187,-1.735417226644E-18,
    -0.707106781187));
#9016 = DIRECTION('',(1.227125289148E-18,-1.,1.227125289148E-18));
#9017 = ADVANCED_FACE('',(#9018),#9029,.T.);
#9018 = FACE_BOUND('',#9019,.T.);
#9019 = EDGE_LOOP('',(#9020,#9021,#9027,#9028));
#9020 = ORIENTED_EDGE('',*,*,#8997,.F.);
#9021 = ORIENTED_EDGE('',*,*,#9022,.T.);
#9022 = EDGE_CURVE('',#8998,#8943,#9023,.T.);
#9023 = LINE('',#9024,#9025);
#9024 = CARTESIAN_POINT('',(9.68,-0.12,-3.2));
#9025 = VECTOR('',#9026,1.);
#9026 = DIRECTION('',(1.,0.,0.));
#9027 = ORIENTED_EDGE('',*,*,#8942,.T.);
#9028 = ORIENTED_EDGE('',*,*,#7497,.F.);
#9029 = PLANE('',#9030);
#9030 = AXIS2_PLACEMENT_3D('',#9031,#9032,#9033);
#9031 = CARTESIAN_POINT('',(9.68,-0.22,-3.1));
#9032 = DIRECTION('',(1.735417226644E-18,-0.707106781187,-0.707106781187
    ));
#9033 = DIRECTION('',(1.,1.227125289148E-18,1.227125289148E-18));
#9034 = ADVANCED_FACE('',(#9035),#9060,.T.);
#9035 = FACE_BOUND('',#9036,.F.);
#9036 = EDGE_LOOP('',(#9037,#9045,#9053,#9059));
#9037 = ORIENTED_EDGE('',*,*,#9038,.F.);
#9038 = EDGE_CURVE('',#9039,#7512,#9041,.T.);
#9039 = VERTEX_POINT('',#9040);
#9040 = CARTESIAN_POINT('',(12.38,-0.12,-3.2));
#9041 = LINE('',#9042,#9043);
#9042 = CARTESIAN_POINT('',(12.246666666667,-0.253333333333,
    -3.066666666667));
#9043 = VECTOR('',#9044,1.);
#9044 = DIRECTION('',(-0.57735026919,-0.57735026919,0.57735026919));
#9045 = ORIENTED_EDGE('',*,*,#9046,.T.);
#9046 = EDGE_CURVE('',#9039,#9047,#9049,.T.);
#9047 = VERTEX_POINT('',#9048);
#9048 = CARTESIAN_POINT('',(12.38,0.12,-3.2));
#9049 = LINE('',#9050,#9051);
#9050 = CARTESIAN_POINT('',(12.38,-0.32,-3.2));
#9051 = VECTOR('',#9052,1.);
#9052 = DIRECTION('',(0.,1.,0.));
#9053 = ORIENTED_EDGE('',*,*,#9054,.T.);
#9054 = EDGE_CURVE('',#9047,#7514,#9055,.T.);
#9055 = LINE('',#9056,#9057);
#9056 = CARTESIAN_POINT('',(12.353333333333,0.146666666667,
    -3.173333333333));
#9057 = VECTOR('',#9058,1.);
#9058 = DIRECTION('',(-0.57735026919,0.57735026919,0.57735026919));
#9059 = ORIENTED_EDGE('',*,*,#7511,.F.);
#9060 = PLANE('',#9061);
#9061 = AXIS2_PLACEMENT_3D('',#9062,#9063,#9064);
#9062 = CARTESIAN_POINT('',(12.28,-0.32,-3.1));
#9063 = DIRECTION('',(-0.707106781187,-1.735417226644E-18,
    -0.707106781187));
#9064 = DIRECTION('',(1.227125289148E-18,-1.,1.227125289148E-18));
#9065 = ADVANCED_FACE('',(#9066),#9084,.T.);
#9066 = FACE_BOUND('',#9067,.T.);
#9067 = EDGE_LOOP('',(#9068,#9069,#9077,#9083));
#9068 = ORIENTED_EDGE('',*,*,#9038,.F.);
#9069 = ORIENTED_EDGE('',*,*,#9070,.T.);
#9070 = EDGE_CURVE('',#9039,#9071,#9073,.T.);
#9071 = VERTEX_POINT('',#9072);
#9072 = CARTESIAN_POINT('',(12.62,-0.12,-3.2));
#9073 = LINE('',#9074,#9075);
#9074 = CARTESIAN_POINT('',(12.18,-0.12,-3.2));
#9075 = VECTOR('',#9076,1.);
#9076 = DIRECTION('',(1.,0.,0.));
#9077 = ORIENTED_EDGE('',*,*,#9078,.T.);
#9078 = EDGE_CURVE('',#9071,#7545,#9079,.T.);
#9079 = LINE('',#9080,#9081);
#9080 = CARTESIAN_POINT('',(12.646666666667,-0.146666666667,
    -3.173333333333));
#9081 = VECTOR('',#9082,1.);
#9082 = DIRECTION('',(0.57735026919,-0.57735026919,0.57735026919));
#9083 = ORIENTED_EDGE('',*,*,#7552,.F.);
#9084 = PLANE('',#9085);
#9085 = AXIS2_PLACEMENT_3D('',#9086,#9087,#9088);
#9086 = CARTESIAN_POINT('',(12.18,-0.22,-3.1));
#9087 = DIRECTION('',(1.735417226644E-18,-0.707106781187,-0.707106781187
    ));
#9088 = DIRECTION('',(1.,1.227125289148E-18,1.227125289148E-18));
#9089 = ADVANCED_FACE('',(#9090),#9108,.F.);
#9090 = FACE_BOUND('',#9091,.T.);
#9091 = EDGE_LOOP('',(#9092,#9093,#9101,#9107));
#9092 = ORIENTED_EDGE('',*,*,#9078,.F.);
#9093 = ORIENTED_EDGE('',*,*,#9094,.T.);
#9094 = EDGE_CURVE('',#9071,#9095,#9097,.T.);
#9095 = VERTEX_POINT('',#9096);
#9096 = CARTESIAN_POINT('',(12.62,0.12,-3.2));
#9097 = LINE('',#9098,#9099);
#9098 = CARTESIAN_POINT('',(12.62,-0.32,-3.2));
#9099 = VECTOR('',#9100,1.);
#9100 = DIRECTION('',(0.,1.,0.));
#9101 = ORIENTED_EDGE('',*,*,#9102,.T.);
#9102 = EDGE_CURVE('',#9095,#7567,#9103,.T.);
#9103 = LINE('',#9104,#9105);
#9104 = CARTESIAN_POINT('',(12.54,4.E-02,-3.28));
#9105 = VECTOR('',#9106,1.);
#9106 = DIRECTION('',(0.57735026919,0.57735026919,0.57735026919));
#9107 = ORIENTED_EDGE('',*,*,#7566,.F.);
#9108 = PLANE('',#9109);
#9109 = AXIS2_PLACEMENT_3D('',#9110,#9111,#9112);
#9110 = CARTESIAN_POINT('',(12.72,-0.32,-3.1));
#9111 = DIRECTION('',(-0.707106781187,1.735417226644E-18,0.707106781187)
  );
#9112 = DIRECTION('',(-1.227125289148E-18,-1.,1.227125289148E-18));
#9113 = ADVANCED_FACE('',(#9114),#9125,.T.);
#9114 = FACE_BOUND('',#9115,.F.);
#9115 = EDGE_LOOP('',(#9116,#9117,#9123,#9124));
#9116 = ORIENTED_EDGE('',*,*,#9054,.F.);
#9117 = ORIENTED_EDGE('',*,*,#9118,.T.);
#9118 = EDGE_CURVE('',#9047,#9095,#9119,.T.);
#9119 = LINE('',#9120,#9121);
#9120 = CARTESIAN_POINT('',(12.18,0.12,-3.2));
#9121 = VECTOR('',#9122,1.);
#9122 = DIRECTION('',(1.,0.,0.));
#9123 = ORIENTED_EDGE('',*,*,#9102,.T.);
#9124 = ORIENTED_EDGE('',*,*,#7591,.F.);
#9125 = PLANE('',#9126);
#9126 = AXIS2_PLACEMENT_3D('',#9127,#9128,#9129);
#9127 = CARTESIAN_POINT('',(12.18,0.22,-3.1));
#9128 = DIRECTION('',(-1.735417226644E-18,0.707106781187,-0.707106781187
    ));
#9129 = DIRECTION('',(-1.,-1.227125289148E-18,1.227125289148E-18));
#9130 = ADVANCED_FACE('',(#9131),#9156,.F.);
#9131 = FACE_BOUND('',#9132,.T.);
#9132 = EDGE_LOOP('',(#9133,#9141,#9149,#9155));
#9133 = ORIENTED_EDGE('',*,*,#9134,.F.);
#9134 = EDGE_CURVE('',#9135,#7608,#9137,.T.);
#9135 = VERTEX_POINT('',#9136);
#9136 = CARTESIAN_POINT('',(15.12,-0.12,-3.2));
#9137 = LINE('',#9138,#9139);
#9138 = CARTESIAN_POINT('',(15.146666666667,-0.146666666667,
    -3.173333333333));
#9139 = VECTOR('',#9140,1.);
#9140 = DIRECTION('',(0.57735026919,-0.57735026919,0.57735026919));
#9141 = ORIENTED_EDGE('',*,*,#9142,.T.);
#9142 = EDGE_CURVE('',#9135,#9143,#9145,.T.);
#9143 = VERTEX_POINT('',#9144);
#9144 = CARTESIAN_POINT('',(15.12,0.12,-3.2));
#9145 = LINE('',#9146,#9147);
#9146 = CARTESIAN_POINT('',(15.12,-0.32,-3.2));
#9147 = VECTOR('',#9148,1.);
#9148 = DIRECTION('',(0.,1.,0.));
#9149 = ORIENTED_EDGE('',*,*,#9150,.T.);
#9150 = EDGE_CURVE('',#9143,#7610,#9151,.T.);
#9151 = LINE('',#9152,#9153);
#9152 = CARTESIAN_POINT('',(15.04,4.E-02,-3.28));
#9153 = VECTOR('',#9154,1.);
#9154 = DIRECTION('',(0.57735026919,0.57735026919,0.57735026919));
#9155 = ORIENTED_EDGE('',*,*,#7607,.F.);
#9156 = PLANE('',#9157);
#9157 = AXIS2_PLACEMENT_3D('',#9158,#9159,#9160);
#9158 = CARTESIAN_POINT('',(15.22,-0.32,-3.1));
#9159 = DIRECTION('',(-0.707106781187,1.735417226644E-18,0.707106781187)
  );
#9160 = DIRECTION('',(-1.227125289148E-18,-1.,1.227125289148E-18));
#9161 = ADVANCED_FACE('',(#9162),#9180,.T.);
#9162 = FACE_BOUND('',#9163,.F.);
#9163 = EDGE_LOOP('',(#9164,#9172,#9178,#9179));
#9164 = ORIENTED_EDGE('',*,*,#9165,.F.);
#9165 = EDGE_CURVE('',#9166,#7639,#9168,.T.);
#9166 = VERTEX_POINT('',#9167);
#9167 = CARTESIAN_POINT('',(14.88,0.12,-3.2));
#9168 = LINE('',#9169,#9170);
#9169 = CARTESIAN_POINT('',(14.853333333333,0.146666666667,
    -3.173333333333));
#9170 = VECTOR('',#9171,1.);
#9171 = DIRECTION('',(-0.57735026919,0.57735026919,0.57735026919));
#9172 = ORIENTED_EDGE('',*,*,#9173,.T.);
#9173 = EDGE_CURVE('',#9166,#9143,#9174,.T.);
#9174 = LINE('',#9175,#9176);
#9175 = CARTESIAN_POINT('',(14.68,0.12,-3.2));
#9176 = VECTOR('',#9177,1.);
#9177 = DIRECTION('',(1.,0.,0.));
#9178 = ORIENTED_EDGE('',*,*,#9150,.T.);
#9179 = ORIENTED_EDGE('',*,*,#7646,.F.);
#9180 = PLANE('',#9181);
#9181 = AXIS2_PLACEMENT_3D('',#9182,#9183,#9184);
#9182 = CARTESIAN_POINT('',(14.68,0.22,-3.1));
#9183 = DIRECTION('',(-1.735417226644E-18,0.707106781187,-0.707106781187
    ));
#9184 = DIRECTION('',(-1.,-1.227125289148E-18,1.227125289148E-18));
#9185 = ADVANCED_FACE('',(#9186),#9204,.T.);
#9186 = FACE_BOUND('',#9187,.F.);
#9187 = EDGE_LOOP('',(#9188,#9196,#9202,#9203));
#9188 = ORIENTED_EDGE('',*,*,#9189,.F.);
#9189 = EDGE_CURVE('',#9190,#7663,#9192,.T.);
#9190 = VERTEX_POINT('',#9191);
#9191 = CARTESIAN_POINT('',(14.88,-0.12,-3.2));
#9192 = LINE('',#9193,#9194);
#9193 = CARTESIAN_POINT('',(14.746666666667,-0.253333333333,
    -3.066666666667));
#9194 = VECTOR('',#9195,1.);
#9195 = DIRECTION('',(-0.57735026919,-0.57735026919,0.57735026919));
#9196 = ORIENTED_EDGE('',*,*,#9197,.T.);
#9197 = EDGE_CURVE('',#9190,#9166,#9198,.T.);
#9198 = LINE('',#9199,#9200);
#9199 = CARTESIAN_POINT('',(14.88,-0.32,-3.2));
#9200 = VECTOR('',#9201,1.);
#9201 = DIRECTION('',(0.,1.,0.));
#9202 = ORIENTED_EDGE('',*,*,#9165,.T.);
#9203 = ORIENTED_EDGE('',*,*,#7662,.F.);
#9204 = PLANE('',#9205);
#9205 = AXIS2_PLACEMENT_3D('',#9206,#9207,#9208);
#9206 = CARTESIAN_POINT('',(14.78,-0.32,-3.1));
#9207 = DIRECTION('',(-0.707106781187,-1.735417226644E-18,
    -0.707106781187));
#9208 = DIRECTION('',(1.227125289148E-18,-1.,1.227125289148E-18));
#9209 = ADVANCED_FACE('',(#9210),#9221,.T.);
#9210 = FACE_BOUND('',#9211,.T.);
#9211 = EDGE_LOOP('',(#9212,#9213,#9219,#9220));
#9212 = ORIENTED_EDGE('',*,*,#9189,.F.);
#9213 = ORIENTED_EDGE('',*,*,#9214,.T.);
#9214 = EDGE_CURVE('',#9190,#9135,#9215,.T.);
#9215 = LINE('',#9216,#9217);
#9216 = CARTESIAN_POINT('',(14.68,-0.12,-3.2));
#9217 = VECTOR('',#9218,1.);
#9218 = DIRECTION('',(1.,0.,0.));
#9219 = ORIENTED_EDGE('',*,*,#9134,.T.);
#9220 = ORIENTED_EDGE('',*,*,#7689,.F.);
#9221 = PLANE('',#9222);
#9222 = AXIS2_PLACEMENT_3D('',#9223,#9224,#9225);
#9223 = CARTESIAN_POINT('',(14.68,-0.22,-3.1));
#9224 = DIRECTION('',(1.735417226644E-18,-0.707106781187,-0.707106781187
    ));
#9225 = DIRECTION('',(1.,1.227125289148E-18,1.227125289148E-18));
#9226 = ADVANCED_FACE('',(#9227),#9268,.T.);
#9227 = FACE_BOUND('',#9228,.F.);
#9228 = EDGE_LOOP('',(#9229,#9239,#9247,#9255,#9261,#9262));
#9229 = ORIENTED_EDGE('',*,*,#9230,.F.);
#9230 = EDGE_CURVE('',#9231,#9233,#9235,.T.);
#9231 = VERTEX_POINT('',#9232);
#9232 = CARTESIAN_POINT('',(17.38,-0.12,-3.2));
#9233 = VERTEX_POINT('',#9234);
#9234 = CARTESIAN_POINT('',(17.182447406934,-0.351192514695,
    -3.002447406934));
#9235 = LINE('',#9236,#9237);
#9236 = CARTESIAN_POINT('',(17.25118310225,-0.270752273427,
    -3.07118310225));
#9237 = VECTOR('',#9238,1.);
#9238 = DIRECTION('',(-0.544770019249,-0.63753529491,0.544770019249));
#9239 = ORIENTED_EDGE('',*,*,#9240,.T.);
#9240 = EDGE_CURVE('',#9231,#9241,#9243,.T.);
#9241 = VERTEX_POINT('',#9242);
#9242 = CARTESIAN_POINT('',(17.38,0.12,-3.2));
#9243 = LINE('',#9244,#9245);
#9244 = CARTESIAN_POINT('',(17.38,-0.32,-3.2));
#9245 = VECTOR('',#9246,1.);
#9246 = DIRECTION('',(0.,1.,0.));
#9247 = ORIENTED_EDGE('',*,*,#9248,.T.);
#9248 = EDGE_CURVE('',#9241,#9249,#9251,.T.);
#9249 = VERTEX_POINT('',#9250);
#9250 = CARTESIAN_POINT('',(17.182447406934,0.288807485305,
    -3.002447406934));
#9251 = LINE('',#9252,#9253);
#9252 = CARTESIAN_POINT('',(17.344302187928,0.150503562587,
    -3.164302187928));
#9253 = VECTOR('',#9254,1.);
#9254 = DIRECTION('',(-0.605209817607,0.517148096144,0.605209817607));
#9255 = ORIENTED_EDGE('',*,*,#9256,.T.);
#9256 = EDGE_CURVE('',#9249,#7706,#9257,.T.);
#9257 = LINE('',#9258,#9259);
#9258 = CARTESIAN_POINT('',(17.256279069767,0.300465116279,
    -3.076279069767));
#9259 = VECTOR('',#9260,1.);
#9260 = DIRECTION('',(-0.702740385383,-0.110959008218,0.702740385383));
#9261 = ORIENTED_EDGE('',*,*,#7703,.F.);
#9262 = ORIENTED_EDGE('',*,*,#9263,.F.);
#9263 = EDGE_CURVE('',#9233,#7704,#9264,.T.);
#9264 = LINE('',#9265,#9266);
#9265 = CARTESIAN_POINT('',(16.800383036936,-0.411518467852,
    -2.620383036936));
#9266 = VECTOR('',#9267,1.);
#9267 = DIRECTION('',(-0.702740385383,-0.110959008218,0.702740385383));
#9268 = PLANE('',#9269);
#9269 = AXIS2_PLACEMENT_3D('',#9270,#9271,#9272);
#9270 = CARTESIAN_POINT('',(17.28,-0.32,-3.1));
#9271 = DIRECTION('',(-0.707106781187,-1.735417226644E-18,
    -0.707106781187));
#9272 = DIRECTION('',(1.227125289148E-18,-1.,1.227125289148E-18));
#9273 = ADVANCED_FACE('',(#9274),#9299,.F.);
#9274 = FACE_BOUND('',#9275,.F.);
#9275 = EDGE_LOOP('',(#9276,#9277,#9283,#9284,#9292,#9298));
#9276 = ORIENTED_EDGE('',*,*,#7752,.F.);
#9277 = ORIENTED_EDGE('',*,*,#9278,.T.);
#9278 = EDGE_CURVE('',#7745,#7825,#9279,.T.);
#9279 = LINE('',#9280,#9281);
#9280 = CARTESIAN_POINT('',(17.18,-0.62,-1.3));
#9281 = VECTOR('',#9282,1.);
#9282 = DIRECTION('',(1.,0.,0.));
#9283 = ORIENTED_EDGE('',*,*,#7832,.T.);
#9284 = ORIENTED_EDGE('',*,*,#9285,.F.);
#9285 = EDGE_CURVE('',#9286,#7791,#9288,.T.);
#9286 = VERTEX_POINT('',#9287);
#9287 = CARTESIAN_POINT('',(17.817552593066,-0.351192514695,
    -3.002447406934));
#9288 = LINE('',#9289,#9290);
#9289 = CARTESIAN_POINT('',(18.041586867305,-0.386566347469,
    -2.778413132695));
#9290 = VECTOR('',#9291,1.);
#9291 = DIRECTION('',(0.702740385383,-0.110959008218,0.702740385383));
#9292 = ORIENTED_EDGE('',*,*,#9293,.F.);
#9293 = EDGE_CURVE('',#9233,#9286,#9294,.T.);
#9294 = LINE('',#9295,#9296);
#9295 = CARTESIAN_POINT('',(17.18,-0.351192514695,-3.002447406934));
#9296 = VECTOR('',#9297,1.);
#9297 = DIRECTION('',(1.,0.,0.));
#9298 = ORIENTED_EDGE('',*,*,#9263,.T.);
#9299 = PLANE('',#9300);
#9300 = AXIS2_PLACEMENT_3D('',#9301,#9302,#9303);
#9301 = CARTESIAN_POINT('',(17.18,-0.62,-1.3));
#9302 = DIRECTION('',(0.,0.987762965329,0.155962573473));
#9303 = DIRECTION('',(0.,0.155962573473,-0.987762965329));
#9304 = ADVANCED_FACE('',(#9305),#9311,.F.);
#9305 = FACE_BOUND('',#9306,.F.);
#9306 = EDGE_LOOP('',(#9307,#9308,#9309,#9310));
#9307 = ORIENTED_EDGE('',*,*,#7776,.T.);
#9308 = ORIENTED_EDGE('',*,*,#7824,.T.);
#9309 = ORIENTED_EDGE('',*,*,#9278,.F.);
#9310 = ORIENTED_EDGE('',*,*,#7744,.F.);
#9311 = PLANE('',#9312);
#9312 = AXIS2_PLACEMENT_3D('',#9313,#9314,#9315);
#9313 = CARTESIAN_POINT('',(17.18,-0.32,-0.7));
#9314 = DIRECTION('',(0.,0.894427191,-0.4472135955));
#9315 = DIRECTION('',(0.,-0.4472135955,-0.894427191));
#9316 = ADVANCED_FACE('',(#9317),#9328,.F.);
#9317 = FACE_BOUND('',#9318,.F.);
#9318 = EDGE_LOOP('',(#9319,#9325,#9326,#9327));
#9319 = ORIENTED_EDGE('',*,*,#9320,.T.);
#9320 = EDGE_CURVE('',#7714,#7801,#9321,.T.);
#9321 = LINE('',#9322,#9323);
#9322 = CARTESIAN_POINT('',(17.18,2.E-02,-1.3));
#9323 = VECTOR('',#9324,1.);
#9324 = DIRECTION('',(1.,0.,0.));
#9325 = ORIENTED_EDGE('',*,*,#7808,.T.);
#9326 = ORIENTED_EDGE('',*,*,#7847,.F.);
#9327 = ORIENTED_EDGE('',*,*,#7721,.F.);
#9328 = PLANE('',#9329);
#9329 = AXIS2_PLACEMENT_3D('',#9330,#9331,#9332);
#9330 = CARTESIAN_POINT('',(17.18,2.E-02,-1.3));
#9331 = DIRECTION('',(0.,-0.894427191,0.4472135955));
#9332 = DIRECTION('',(0.,0.4472135955,0.894427191));
#9333 = ADVANCED_FACE('',(#9334),#9354,.F.);
#9334 = FACE_BOUND('',#9335,.F.);
#9335 = EDGE_LOOP('',(#9336,#9337,#9338,#9346,#9352,#9353));
#9336 = ORIENTED_EDGE('',*,*,#7713,.F.);
#9337 = ORIENTED_EDGE('',*,*,#9256,.F.);
#9338 = ORIENTED_EDGE('',*,*,#9339,.T.);
#9339 = EDGE_CURVE('',#9249,#9340,#9342,.T.);
#9340 = VERTEX_POINT('',#9341);
#9341 = CARTESIAN_POINT('',(17.817552593066,0.288807485305,
    -3.002447406934));
#9342 = LINE('',#9343,#9344);
#9343 = CARTESIAN_POINT('',(17.18,0.288807485305,-3.002447406934));
#9344 = VECTOR('',#9345,1.);
#9345 = DIRECTION('',(1.,0.,0.));
#9346 = ORIENTED_EDGE('',*,*,#9347,.T.);
#9347 = EDGE_CURVE('',#9340,#7793,#9348,.T.);
#9348 = LINE('',#9349,#9350);
#9349 = CARTESIAN_POINT('',(17.585690834473,0.325417236662,
    -3.234309165527));
#9350 = VECTOR('',#9351,1.);
#9351 = DIRECTION('',(0.702740385383,-0.110959008218,0.702740385383));
#9352 = ORIENTED_EDGE('',*,*,#7800,.T.);
#9353 = ORIENTED_EDGE('',*,*,#9320,.F.);
#9354 = PLANE('',#9355);
#9355 = AXIS2_PLACEMENT_3D('',#9356,#9357,#9358);
#9356 = CARTESIAN_POINT('',(17.18,0.32,-3.2));
#9357 = DIRECTION('',(0.,-0.987762965329,-0.155962573473));
#9358 = DIRECTION('',(0.,-0.155962573473,0.987762965329));
#9359 = ADVANCED_FACE('',(#9360),#9387,.F.);
#9360 = FACE_BOUND('',#9361,.T.);
#9361 = EDGE_LOOP('',(#9362,#9370,#9378,#9384,#9385,#9386));
#9362 = ORIENTED_EDGE('',*,*,#9363,.F.);
#9363 = EDGE_CURVE('',#9364,#9286,#9366,.T.);
#9364 = VERTEX_POINT('',#9365);
#9365 = CARTESIAN_POINT('',(17.62,-0.12,-3.2));
#9366 = LINE('',#9367,#9368);
#9367 = CARTESIAN_POINT('',(17.653849098111,-0.159613036666,
    -3.166150901889));
#9368 = VECTOR('',#9369,1.);
#9369 = DIRECTION('',(0.544770019249,-0.63753529491,0.544770019249));
#9370 = ORIENTED_EDGE('',*,*,#9371,.T.);
#9371 = EDGE_CURVE('',#9364,#9372,#9374,.T.);
#9372 = VERTEX_POINT('',#9373);
#9373 = CARTESIAN_POINT('',(17.62,0.12,-3.2));
#9374 = LINE('',#9375,#9376);
#9375 = CARTESIAN_POINT('',(17.62,-0.32,-3.2));
#9376 = VECTOR('',#9377,1.);
#9377 = DIRECTION('',(0.,1.,0.));
#9378 = ORIENTED_EDGE('',*,*,#9379,.T.);
#9379 = EDGE_CURVE('',#9372,#9340,#9380,.T.);
#9380 = LINE('',#9381,#9382);
#9381 = CARTESIAN_POINT('',(17.538488556608,5.034896900541E-02,
    -3.281511443392));
#9382 = VECTOR('',#9383,1.);
#9383 = DIRECTION('',(0.605209817607,0.517148096144,0.605209817607));
#9384 = ORIENTED_EDGE('',*,*,#9347,.T.);
#9385 = ORIENTED_EDGE('',*,*,#7790,.F.);
#9386 = ORIENTED_EDGE('',*,*,#9285,.F.);
#9387 = PLANE('',#9388);
#9388 = AXIS2_PLACEMENT_3D('',#9389,#9390,#9391);
#9389 = CARTESIAN_POINT('',(17.72,-0.32,-3.1));
#9390 = DIRECTION('',(-0.707106781187,1.735417226644E-18,0.707106781187)
  );
#9391 = DIRECTION('',(-1.227125289148E-18,-1.,1.227125289148E-18));
#9392 = ADVANCED_FACE('',(#9393),#9404,.T.);
#9393 = FACE_BOUND('',#9394,.T.);
#9394 = EDGE_LOOP('',(#9395,#9396,#9397,#9403));
#9395 = ORIENTED_EDGE('',*,*,#7944,.F.);
#9396 = ORIENTED_EDGE('',*,*,#7921,.T.);
#9397 = ORIENTED_EDGE('',*,*,#9398,.T.);
#9398 = EDGE_CURVE('',#7914,#7977,#9399,.T.);
#9399 = LINE('',#9400,#9401);
#9400 = CARTESIAN_POINT('',(19.,0.65,6.));
#9401 = VECTOR('',#9402,1.);
#9402 = DIRECTION('',(-0.,-0.,-1.));
#9403 = ORIENTED_EDGE('',*,*,#7976,.F.);
#9404 = PLANE('',#9405);
#9405 = AXIS2_PLACEMENT_3D('',#9406,#9407,#9408);
#9406 = CARTESIAN_POINT('',(19.,-0.814780671729,3.627769701184));
#9407 = DIRECTION('',(-1.,1.847759847436E-31,-3.510527013733E-31));
#9408 = DIRECTION('',(3.510527013733E-31,0.,-1.));
#9409 = ADVANCED_FACE('',(#9410),#9421,.F.);
#9410 = FACE_BOUND('',#9411,.F.);
#9411 = EDGE_LOOP('',(#9412,#9413,#9414,#9420));
#9412 = ORIENTED_EDGE('',*,*,#9398,.T.);
#9413 = ORIENTED_EDGE('',*,*,#7984,.T.);
#9414 = ORIENTED_EDGE('',*,*,#9415,.F.);
#9415 = EDGE_CURVE('',#7906,#7985,#9416,.T.);
#9416 = LINE('',#9417,#9418);
#9417 = CARTESIAN_POINT('',(19.55,0.65,6.));
#9418 = VECTOR('',#9419,1.);
#9419 = DIRECTION('',(-0.,-0.,-1.));
#9420 = ORIENTED_EDGE('',*,*,#7913,.F.);
#9421 = PLANE('',#9422);
#9422 = AXIS2_PLACEMENT_3D('',#9423,#9424,#9425);
#9423 = CARTESIAN_POINT('',(19.,0.65,6.));
#9424 = DIRECTION('',(0.,-1.,0.));
#9425 = DIRECTION('',(1.,0.,0.));
#9426 = ADVANCED_FACE('',(#9427),#9438,.F.);
#9427 = FACE_BOUND('',#9428,.F.);
#9428 = EDGE_LOOP('',(#9429,#9430,#9431,#9437));
#9429 = ORIENTED_EDGE('',*,*,#9415,.T.);
#9430 = ORIENTED_EDGE('',*,*,#7992,.T.);
#9431 = ORIENTED_EDGE('',*,*,#9432,.F.);
#9432 = EDGE_CURVE('',#7898,#7993,#9433,.T.);
#9433 = LINE('',#9434,#9435);
#9434 = CARTESIAN_POINT('',(19.55,1.15,6.));
#9435 = VECTOR('',#9436,1.);
#9436 = DIRECTION('',(-0.,-0.,-1.));
#9437 = ORIENTED_EDGE('',*,*,#7905,.F.);
#9438 = PLANE('',#9439);
#9439 = AXIS2_PLACEMENT_3D('',#9440,#9441,#9442);
#9440 = CARTESIAN_POINT('',(19.55,0.65,6.));
#9441 = DIRECTION('',(1.,0.,0.));
#9442 = DIRECTION('',(-0.,1.,0.));
#9443 = ADVANCED_FACE('',(#9444),#9455,.F.);
#9444 = FACE_BOUND('',#9445,.F.);
#9445 = EDGE_LOOP('',(#9446,#9447,#9448,#9454));
#9446 = ORIENTED_EDGE('',*,*,#9432,.T.);
#9447 = ORIENTED_EDGE('',*,*,#8000,.T.);
#9448 = ORIENTED_EDGE('',*,*,#9449,.F.);
#9449 = EDGE_CURVE('',#7890,#8001,#9450,.T.);
#9450 = LINE('',#9451,#9452);
#9451 = CARTESIAN_POINT('',(-2.05,1.15,6.));
#9452 = VECTOR('',#9453,1.);
#9453 = DIRECTION('',(-0.,-0.,-1.));
#9454 = ORIENTED_EDGE('',*,*,#7897,.F.);
#9455 = PLANE('',#9456);
#9456 = AXIS2_PLACEMENT_3D('',#9457,#9458,#9459);
#9457 = CARTESIAN_POINT('',(19.55,1.15,6.));
#9458 = DIRECTION('',(-1.02798428206E-17,1.,0.));
#9459 = DIRECTION('',(-1.,-1.02798428206E-17,0.));
#9460 = ADVANCED_FACE('',(#9461),#9472,.F.);
#9461 = FACE_BOUND('',#9462,.F.);
#9462 = EDGE_LOOP('',(#9463,#9464,#9465,#9471));
#9463 = ORIENTED_EDGE('',*,*,#9449,.T.);
#9464 = ORIENTED_EDGE('',*,*,#8008,.T.);
#9465 = ORIENTED_EDGE('',*,*,#9466,.F.);
#9466 = EDGE_CURVE('',#7882,#8009,#9467,.T.);
#9467 = LINE('',#9468,#9469);
#9468 = CARTESIAN_POINT('',(-2.05,0.65,6.));
#9469 = VECTOR('',#9470,1.);
#9470 = DIRECTION('',(-0.,-0.,-1.));
#9471 = ORIENTED_EDGE('',*,*,#7889,.F.);
#9472 = PLANE('',#9473);
#9473 = AXIS2_PLACEMENT_3D('',#9474,#9475,#9476);
#9474 = CARTESIAN_POINT('',(-2.05,1.15,6.));
#9475 = DIRECTION('',(-1.,0.,0.));
#9476 = DIRECTION('',(0.,-1.,0.));
#9477 = ADVANCED_FACE('',(#9478),#9489,.F.);
#9478 = FACE_BOUND('',#9479,.F.);
#9479 = EDGE_LOOP('',(#9480,#9481,#9482,#9488));
#9480 = ORIENTED_EDGE('',*,*,#9466,.T.);
#9481 = ORIENTED_EDGE('',*,*,#8016,.T.);
#9482 = ORIENTED_EDGE('',*,*,#9483,.F.);
#9483 = EDGE_CURVE('',#7874,#8017,#9484,.T.);
#9484 = LINE('',#9485,#9486);
#9485 = CARTESIAN_POINT('',(-1.5,0.65,6.));
#9486 = VECTOR('',#9487,1.);
#9487 = DIRECTION('',(-0.,-0.,-1.));
#9488 = ORIENTED_EDGE('',*,*,#7881,.F.);
#9489 = PLANE('',#9490);
#9490 = AXIS2_PLACEMENT_3D('',#9491,#9492,#9493);
#9491 = CARTESIAN_POINT('',(-2.05,0.65,6.));
#9492 = DIRECTION('',(0.,-1.,0.));
#9493 = DIRECTION('',(1.,0.,0.));
#9494 = ADVANCED_FACE('',(#9495),#9501,.T.);
#9495 = FACE_BOUND('',#9496,.T.);
#9496 = EDGE_LOOP('',(#9497,#9498,#9499,#9500));
#9497 = ORIENTED_EDGE('',*,*,#7873,.T.);
#9498 = ORIENTED_EDGE('',*,*,#8473,.F.);
#9499 = ORIENTED_EDGE('',*,*,#8024,.F.);
#9500 = ORIENTED_EDGE('',*,*,#9483,.F.);
#9501 = PLANE('',#9502);
#9502 = AXIS2_PLACEMENT_3D('',#9503,#9504,#9505);
#9503 = CARTESIAN_POINT('',(-1.5,-0.814780671729,3.627769701184));
#9504 = DIRECTION('',(1.,4.38114188167E-33,-2.03899282835E-32));
#9505 = DIRECTION('',(2.03899282835E-32,0.,1.));
#9506 = ADVANCED_FACE('',(#9507),#9532,.F.);
#9507 = FACE_BOUND('',#9508,.F.);
#9508 = EDGE_LOOP('',(#9509,#9510,#9518,#9526));
#9509 = ORIENTED_EDGE('',*,*,#8055,.T.);
#9510 = ORIENTED_EDGE('',*,*,#9511,.T.);
#9511 = EDGE_CURVE('',#8058,#9512,#9514,.T.);
#9512 = VERTEX_POINT('',#9513);
#9513 = CARTESIAN_POINT('',(-0.32,0.32,4.9));
#9514 = LINE('',#9515,#9516);
#9515 = CARTESIAN_POINT('',(-0.32,0.32,-0.7));
#9516 = VECTOR('',#9517,1.);
#9517 = DIRECTION('',(0.,0.,1.));
#9518 = ORIENTED_EDGE('',*,*,#9519,.T.);
#9519 = EDGE_CURVE('',#9512,#9520,#9522,.T.);
#9520 = VERTEX_POINT('',#9521);
#9521 = CARTESIAN_POINT('',(-0.32,-0.32,4.9));
#9522 = LINE('',#9523,#9524);
#9523 = CARTESIAN_POINT('',(-0.32,0.32,4.9));
#9524 = VECTOR('',#9525,1.);
#9525 = DIRECTION('',(0.,-1.,0.));
#9526 = ORIENTED_EDGE('',*,*,#9527,.T.);
#9527 = EDGE_CURVE('',#9520,#8056,#9528,.T.);
#9528 = LINE('',#9529,#9530);
#9529 = CARTESIAN_POINT('',(-0.32,-0.32,5.1));
#9530 = VECTOR('',#9531,1.);
#9531 = DIRECTION('',(0.,0.,-1.));
#9532 = PLANE('',#9533);
#9533 = AXIS2_PLACEMENT_3D('',#9534,#9535,#9536);
#9534 = CARTESIAN_POINT('',(-0.32,-4.307486879287E-02,0.926376556288));
#9535 = DIRECTION('',(1.,0.,0.));
#9536 = DIRECTION('',(0.,0.,1.));
#9537 = ADVANCED_FACE('',(#9538),#9556,.F.);
#9538 = FACE_BOUND('',#9539,.F.);
#9539 = EDGE_LOOP('',(#9540,#9541,#9549,#9555));
#9540 = ORIENTED_EDGE('',*,*,#9527,.F.);
#9541 = ORIENTED_EDGE('',*,*,#9542,.T.);
#9542 = EDGE_CURVE('',#9520,#9543,#9545,.T.);
#9543 = VERTEX_POINT('',#9544);
#9544 = CARTESIAN_POINT('',(0.32,-0.32,4.9));
#9545 = LINE('',#9546,#9547);
#9546 = CARTESIAN_POINT('',(-0.32,-0.32,4.9));
#9547 = VECTOR('',#9548,1.);
#9548 = DIRECTION('',(1.,0.,0.));
#9549 = ORIENTED_EDGE('',*,*,#9550,.T.);
#9550 = EDGE_CURVE('',#9543,#8074,#9551,.T.);
#9551 = LINE('',#9552,#9553);
#9552 = CARTESIAN_POINT('',(0.32,-0.32,5.1));
#9553 = VECTOR('',#9554,1.);
#9554 = DIRECTION('',(0.,0.,-1.));
#9555 = ORIENTED_EDGE('',*,*,#8081,.T.);
#9556 = PLANE('',#9557);
#9557 = AXIS2_PLACEMENT_3D('',#9558,#9559,#9560);
#9558 = CARTESIAN_POINT('',(-0.32,-0.32,5.1));
#9559 = DIRECTION('',(0.,1.,0.));
#9560 = DIRECTION('',(0.,0.,-1.));
#9561 = ADVANCED_FACE('',(#9562),#9580,.T.);
#9562 = FACE_BOUND('',#9563,.T.);
#9563 = EDGE_LOOP('',(#9564,#9565,#9573,#9579));
#9564 = ORIENTED_EDGE('',*,*,#8073,.T.);
#9565 = ORIENTED_EDGE('',*,*,#9566,.T.);
#9566 = EDGE_CURVE('',#8066,#9567,#9569,.T.);
#9567 = VERTEX_POINT('',#9568);
#9568 = CARTESIAN_POINT('',(0.32,0.32,4.9));
#9569 = LINE('',#9570,#9571);
#9570 = CARTESIAN_POINT('',(0.32,0.32,-0.7));
#9571 = VECTOR('',#9572,1.);
#9572 = DIRECTION('',(0.,0.,1.));
#9573 = ORIENTED_EDGE('',*,*,#9574,.T.);
#9574 = EDGE_CURVE('',#9567,#9543,#9575,.T.);
#9575 = LINE('',#9576,#9577);
#9576 = CARTESIAN_POINT('',(0.32,0.32,4.9));
#9577 = VECTOR('',#9578,1.);
#9578 = DIRECTION('',(0.,-1.,0.));
#9579 = ORIENTED_EDGE('',*,*,#9550,.T.);
#9580 = PLANE('',#9581);
#9581 = AXIS2_PLACEMENT_3D('',#9582,#9583,#9584);
#9582 = CARTESIAN_POINT('',(0.32,-4.307486879287E-02,0.926376556288));
#9583 = DIRECTION('',(1.,0.,0.));
#9584 = DIRECTION('',(0.,0.,1.));
#9585 = ADVANCED_FACE('',(#9586),#9597,.F.);
#9586 = FACE_BOUND('',#9587,.F.);
#9587 = EDGE_LOOP('',(#9588,#9589,#9590,#9591));
#9588 = ORIENTED_EDGE('',*,*,#9511,.F.);
#9589 = ORIENTED_EDGE('',*,*,#8065,.T.);
#9590 = ORIENTED_EDGE('',*,*,#9566,.T.);
#9591 = ORIENTED_EDGE('',*,*,#9592,.F.);
#9592 = EDGE_CURVE('',#9512,#9567,#9593,.T.);
#9593 = LINE('',#9594,#9595);
#9594 = CARTESIAN_POINT('',(-0.32,0.32,4.9));
#9595 = VECTOR('',#9596,1.);
#9596 = DIRECTION('',(1.,0.,0.));
#9597 = PLANE('',#9598);
#9598 = AXIS2_PLACEMENT_3D('',#9599,#9600,#9601);
#9599 = CARTESIAN_POINT('',(-0.32,0.32,-0.7));
#9600 = DIRECTION('',(0.,-1.,0.));
#9601 = DIRECTION('',(0.,0.,1.));
#9602 = ADVANCED_FACE('',(#9603),#9628,.F.);
#9603 = FACE_BOUND('',#9604,.F.);
#9604 = EDGE_LOOP('',(#9605,#9613,#9621,#9627));
#9605 = ORIENTED_EDGE('',*,*,#9606,.F.);
#9606 = EDGE_CURVE('',#9607,#8092,#9609,.T.);
#9607 = VERTEX_POINT('',#9608);
#9608 = CARTESIAN_POINT('',(4.68,-0.32,4.9));
#9609 = LINE('',#9610,#9611);
#9610 = CARTESIAN_POINT('',(4.68,-0.32,5.1));
#9611 = VECTOR('',#9612,1.);
#9612 = DIRECTION('',(0.,0.,-1.));
#9613 = ORIENTED_EDGE('',*,*,#9614,.T.);
#9614 = EDGE_CURVE('',#9607,#9615,#9617,.T.);
#9615 = VERTEX_POINT('',#9616);
#9616 = CARTESIAN_POINT('',(5.32,-0.32,4.9));
#9617 = LINE('',#9618,#9619);
#9618 = CARTESIAN_POINT('',(4.68,-0.32,4.9));
#9619 = VECTOR('',#9620,1.);
#9620 = DIRECTION('',(1.,0.,0.));
#9621 = ORIENTED_EDGE('',*,*,#9622,.T.);
#9622 = EDGE_CURVE('',#9615,#8090,#9623,.T.);
#9623 = LINE('',#9624,#9625);
#9624 = CARTESIAN_POINT('',(5.32,-0.32,5.1));
#9625 = VECTOR('',#9626,1.);
#9626 = DIRECTION('',(0.,0.,-1.));
#9627 = ORIENTED_EDGE('',*,*,#8089,.T.);
#9628 = PLANE('',#9629);
#9629 = AXIS2_PLACEMENT_3D('',#9630,#9631,#9632);
#9630 = CARTESIAN_POINT('',(4.68,-0.32,5.1));
#9631 = DIRECTION('',(0.,1.,0.));
#9632 = DIRECTION('',(0.,0.,-1.));
#9633 = ADVANCED_FACE('',(#9634),#9652,.T.);
#9634 = FACE_BOUND('',#9635,.T.);
#9635 = EDGE_LOOP('',(#9636,#9637,#9645,#9651));
#9636 = ORIENTED_EDGE('',*,*,#8115,.T.);
#9637 = ORIENTED_EDGE('',*,*,#9638,.T.);
#9638 = EDGE_CURVE('',#8108,#9639,#9641,.T.);
#9639 = VERTEX_POINT('',#9640);
#9640 = CARTESIAN_POINT('',(5.32,0.32,4.9));
#9641 = LINE('',#9642,#9643);
#9642 = CARTESIAN_POINT('',(5.32,0.32,-3.2));
#9643 = VECTOR('',#9644,1.);
#9644 = DIRECTION('',(0.,0.,1.));
#9645 = ORIENTED_EDGE('',*,*,#9646,.T.);
#9646 = EDGE_CURVE('',#9639,#9615,#9647,.T.);
#9647 = LINE('',#9648,#9649);
#9648 = CARTESIAN_POINT('',(5.32,0.32,4.9));
#9649 = VECTOR('',#9650,1.);
#9650 = DIRECTION('',(0.,-1.,0.));
#9651 = ORIENTED_EDGE('',*,*,#9622,.T.);
#9652 = PLANE('',#9653);
#9653 = AXIS2_PLACEMENT_3D('',#9654,#9655,#9656);
#9654 = CARTESIAN_POINT('',(5.32,0.,0.95));
#9655 = DIRECTION('',(1.,0.,0.));
#9656 = DIRECTION('',(0.,0.,1.));
#9657 = ADVANCED_FACE('',(#9658),#9676,.F.);
#9658 = FACE_BOUND('',#9659,.F.);
#9659 = EDGE_LOOP('',(#9660,#9668,#9669,#9670));
#9660 = ORIENTED_EDGE('',*,*,#9661,.F.);
#9661 = EDGE_CURVE('',#8100,#9662,#9664,.T.);
#9662 = VERTEX_POINT('',#9663);
#9663 = CARTESIAN_POINT('',(4.68,0.32,4.9));
#9664 = LINE('',#9665,#9666);
#9665 = CARTESIAN_POINT('',(4.68,0.32,-3.2));
#9666 = VECTOR('',#9667,1.);
#9667 = DIRECTION('',(0.,0.,1.));
#9668 = ORIENTED_EDGE('',*,*,#8107,.T.);
#9669 = ORIENTED_EDGE('',*,*,#9638,.T.);
#9670 = ORIENTED_EDGE('',*,*,#9671,.F.);
#9671 = EDGE_CURVE('',#9662,#9639,#9672,.T.);
#9672 = LINE('',#9673,#9674);
#9673 = CARTESIAN_POINT('',(4.68,0.32,4.9));
#9674 = VECTOR('',#9675,1.);
#9675 = DIRECTION('',(1.,0.,0.));
#9676 = PLANE('',#9677);
#9677 = AXIS2_PLACEMENT_3D('',#9678,#9679,#9680);
#9678 = CARTESIAN_POINT('',(4.68,0.32,-3.2));
#9679 = DIRECTION('',(0.,-1.,0.));
#9680 = DIRECTION('',(0.,0.,1.));
#9681 = ADVANCED_FACE('',(#9682),#9693,.F.);
#9682 = FACE_BOUND('',#9683,.F.);
#9683 = EDGE_LOOP('',(#9684,#9685,#9686,#9692));
#9684 = ORIENTED_EDGE('',*,*,#8099,.T.);
#9685 = ORIENTED_EDGE('',*,*,#9661,.T.);
#9686 = ORIENTED_EDGE('',*,*,#9687,.T.);
#9687 = EDGE_CURVE('',#9662,#9607,#9688,.T.);
#9688 = LINE('',#9689,#9690);
#9689 = CARTESIAN_POINT('',(4.68,0.32,4.9));
#9690 = VECTOR('',#9691,1.);
#9691 = DIRECTION('',(0.,-1.,0.));
#9692 = ORIENTED_EDGE('',*,*,#9606,.T.);
#9693 = PLANE('',#9694);
#9694 = AXIS2_PLACEMENT_3D('',#9695,#9696,#9697);
#9695 = CARTESIAN_POINT('',(4.68,0.,0.95));
#9696 = DIRECTION('',(1.,0.,0.));
#9697 = DIRECTION('',(0.,0.,1.));
#9698 = ADVANCED_FACE('',(#9699),#9724,.T.);
#9699 = FACE_BOUND('',#9700,.T.);
#9700 = EDGE_LOOP('',(#9701,#9702,#9710,#9718));
#9701 = ORIENTED_EDGE('',*,*,#8123,.T.);
#9702 = ORIENTED_EDGE('',*,*,#9703,.T.);
#9703 = EDGE_CURVE('',#8126,#9704,#9706,.T.);
#9704 = VERTEX_POINT('',#9705);
#9705 = CARTESIAN_POINT('',(2.82,0.32,4.9));
#9706 = LINE('',#9707,#9708);
#9707 = CARTESIAN_POINT('',(2.82,0.32,-3.2));
#9708 = VECTOR('',#9709,1.);
#9709 = DIRECTION('',(0.,0.,1.));
#9710 = ORIENTED_EDGE('',*,*,#9711,.T.);
#9711 = EDGE_CURVE('',#9704,#9712,#9714,.T.);
#9712 = VERTEX_POINT('',#9713);
#9713 = CARTESIAN_POINT('',(2.82,-0.32,4.9));
#9714 = LINE('',#9715,#9716);
#9715 = CARTESIAN_POINT('',(2.82,0.32,4.9));
#9716 = VECTOR('',#9717,1.);
#9717 = DIRECTION('',(0.,-1.,0.));
#9718 = ORIENTED_EDGE('',*,*,#9719,.T.);
#9719 = EDGE_CURVE('',#9712,#8124,#9720,.T.);
#9720 = LINE('',#9721,#9722);
#9721 = CARTESIAN_POINT('',(2.82,-0.32,5.1));
#9722 = VECTOR('',#9723,1.);
#9723 = DIRECTION('',(0.,0.,-1.));
#9724 = PLANE('',#9725);
#9725 = AXIS2_PLACEMENT_3D('',#9726,#9727,#9728);
#9726 = CARTESIAN_POINT('',(2.82,0.,0.95));
#9727 = DIRECTION('',(1.,0.,0.));
#9728 = DIRECTION('',(0.,0.,1.));
#9729 = ADVANCED_FACE('',(#9730),#9748,.F.);
#9730 = FACE_BOUND('',#9731,.F.);
#9731 = EDGE_LOOP('',(#9732,#9740,#9741,#9742));
#9732 = ORIENTED_EDGE('',*,*,#9733,.F.);
#9733 = EDGE_CURVE('',#8142,#9734,#9736,.T.);
#9734 = VERTEX_POINT('',#9735);
#9735 = CARTESIAN_POINT('',(2.18,0.32,4.9));
#9736 = LINE('',#9737,#9738);
#9737 = CARTESIAN_POINT('',(2.18,0.32,-3.2));
#9738 = VECTOR('',#9739,1.);
#9739 = DIRECTION('',(0.,0.,1.));
#9740 = ORIENTED_EDGE('',*,*,#8149,.T.);
#9741 = ORIENTED_EDGE('',*,*,#9703,.T.);
#9742 = ORIENTED_EDGE('',*,*,#9743,.F.);
#9743 = EDGE_CURVE('',#9734,#9704,#9744,.T.);
#9744 = LINE('',#9745,#9746);
#9745 = CARTESIAN_POINT('',(2.18,0.32,4.9));
#9746 = VECTOR('',#9747,1.);
#9747 = DIRECTION('',(1.,0.,0.));
#9748 = PLANE('',#9749);
#9749 = AXIS2_PLACEMENT_3D('',#9750,#9751,#9752);
#9750 = CARTESIAN_POINT('',(2.18,0.32,-3.2));
#9751 = DIRECTION('',(0.,-1.,0.));
#9752 = DIRECTION('',(0.,0.,1.));
#9753 = ADVANCED_FACE('',(#9754),#9772,.F.);
#9754 = FACE_BOUND('',#9755,.F.);
#9755 = EDGE_LOOP('',(#9756,#9757,#9758,#9766));
#9756 = ORIENTED_EDGE('',*,*,#8141,.T.);
#9757 = ORIENTED_EDGE('',*,*,#9733,.T.);
#9758 = ORIENTED_EDGE('',*,*,#9759,.T.);
#9759 = EDGE_CURVE('',#9734,#9760,#9762,.T.);
#9760 = VERTEX_POINT('',#9761);
#9761 = CARTESIAN_POINT('',(2.18,-0.32,4.9));
#9762 = LINE('',#9763,#9764);
#9763 = CARTESIAN_POINT('',(2.18,0.32,4.9));
#9764 = VECTOR('',#9765,1.);
#9765 = DIRECTION('',(0.,-1.,0.));
#9766 = ORIENTED_EDGE('',*,*,#9767,.T.);
#9767 = EDGE_CURVE('',#9760,#8134,#9768,.T.);
#9768 = LINE('',#9769,#9770);
#9769 = CARTESIAN_POINT('',(2.18,-0.32,5.1));
#9770 = VECTOR('',#9771,1.);
#9771 = DIRECTION('',(0.,0.,-1.));
#9772 = PLANE('',#9773);
#9773 = AXIS2_PLACEMENT_3D('',#9774,#9775,#9776);
#9774 = CARTESIAN_POINT('',(2.18,0.,0.95));
#9775 = DIRECTION('',(1.,0.,0.));
#9776 = DIRECTION('',(0.,0.,1.));
#9777 = ADVANCED_FACE('',(#9778),#9789,.F.);
#9778 = FACE_BOUND('',#9779,.F.);
#9779 = EDGE_LOOP('',(#9780,#9781,#9787,#9788));
#9780 = ORIENTED_EDGE('',*,*,#9767,.F.);
#9781 = ORIENTED_EDGE('',*,*,#9782,.T.);
#9782 = EDGE_CURVE('',#9760,#9712,#9783,.T.);
#9783 = LINE('',#9784,#9785);
#9784 = CARTESIAN_POINT('',(2.18,-0.32,4.9));
#9785 = VECTOR('',#9786,1.);
#9786 = DIRECTION('',(1.,0.,0.));
#9787 = ORIENTED_EDGE('',*,*,#9719,.T.);
#9788 = ORIENTED_EDGE('',*,*,#8133,.T.);
#9789 = PLANE('',#9790);
#9790 = AXIS2_PLACEMENT_3D('',#9791,#9792,#9793);
#9791 = CARTESIAN_POINT('',(2.18,-0.32,5.1));
#9792 = DIRECTION('',(0.,1.,0.));
#9793 = DIRECTION('',(0.,0.,-1.));
#9794 = ADVANCED_FACE('',(#9795),#9820,.T.);
#9795 = FACE_BOUND('',#9796,.T.);
#9796 = EDGE_LOOP('',(#9797,#9798,#9806,#9814));
#9797 = ORIENTED_EDGE('',*,*,#8157,.T.);
#9798 = ORIENTED_EDGE('',*,*,#9799,.T.);
#9799 = EDGE_CURVE('',#8160,#9800,#9802,.T.);
#9800 = VERTEX_POINT('',#9801);
#9801 = CARTESIAN_POINT('',(10.32,0.32,4.9));
#9802 = LINE('',#9803,#9804);
#9803 = CARTESIAN_POINT('',(10.32,0.32,-3.2));
#9804 = VECTOR('',#9805,1.);
#9805 = DIRECTION('',(0.,0.,1.));
#9806 = ORIENTED_EDGE('',*,*,#9807,.T.);
#9807 = EDGE_CURVE('',#9800,#9808,#9810,.T.);
#9808 = VERTEX_POINT('',#9809);
#9809 = CARTESIAN_POINT('',(10.32,-0.32,4.9));
#9810 = LINE('',#9811,#9812);
#9811 = CARTESIAN_POINT('',(10.32,0.32,4.9));
#9812 = VECTOR('',#9813,1.);
#9813 = DIRECTION('',(0.,-1.,0.));
#9814 = ORIENTED_EDGE('',*,*,#9815,.T.);
#9815 = EDGE_CURVE('',#9808,#8158,#9816,.T.);
#9816 = LINE('',#9817,#9818);
#9817 = CARTESIAN_POINT('',(10.32,-0.32,5.1));
#9818 = VECTOR('',#9819,1.);
#9819 = DIRECTION('',(0.,0.,-1.));
#9820 = PLANE('',#9821);
#9821 = AXIS2_PLACEMENT_3D('',#9822,#9823,#9824);
#9822 = CARTESIAN_POINT('',(10.32,0.,0.95));
#9823 = DIRECTION('',(1.,0.,0.));
#9824 = DIRECTION('',(0.,0.,1.));
#9825 = ADVANCED_FACE('',(#9826),#9844,.F.);
#9826 = FACE_BOUND('',#9827,.F.);
#9827 = EDGE_LOOP('',(#9828,#9836,#9837,#9838));
#9828 = ORIENTED_EDGE('',*,*,#9829,.F.);
#9829 = EDGE_CURVE('',#8176,#9830,#9832,.T.);
#9830 = VERTEX_POINT('',#9831);
#9831 = CARTESIAN_POINT('',(9.68,0.32,4.9));
#9832 = LINE('',#9833,#9834);
#9833 = CARTESIAN_POINT('',(9.68,0.32,-3.2));
#9834 = VECTOR('',#9835,1.);
#9835 = DIRECTION('',(0.,0.,1.));
#9836 = ORIENTED_EDGE('',*,*,#8183,.T.);
#9837 = ORIENTED_EDGE('',*,*,#9799,.T.);
#9838 = ORIENTED_EDGE('',*,*,#9839,.F.);
#9839 = EDGE_CURVE('',#9830,#9800,#9840,.T.);
#9840 = LINE('',#9841,#9842);
#9841 = CARTESIAN_POINT('',(9.68,0.32,4.9));
#9842 = VECTOR('',#9843,1.);
#9843 = DIRECTION('',(1.,0.,0.));
#9844 = PLANE('',#9845);
#9845 = AXIS2_PLACEMENT_3D('',#9846,#9847,#9848);
#9846 = CARTESIAN_POINT('',(9.68,0.32,-3.2));
#9847 = DIRECTION('',(0.,-1.,0.));
#9848 = DIRECTION('',(0.,0.,1.));
#9849 = ADVANCED_FACE('',(#9850),#9868,.F.);
#9850 = FACE_BOUND('',#9851,.F.);
#9851 = EDGE_LOOP('',(#9852,#9853,#9854,#9862));
#9852 = ORIENTED_EDGE('',*,*,#8175,.T.);
#9853 = ORIENTED_EDGE('',*,*,#9829,.T.);
#9854 = ORIENTED_EDGE('',*,*,#9855,.T.);
#9855 = EDGE_CURVE('',#9830,#9856,#9858,.T.);
#9856 = VERTEX_POINT('',#9857);
#9857 = CARTESIAN_POINT('',(9.68,-0.32,4.9));
#9858 = LINE('',#9859,#9860);
#9859 = CARTESIAN_POINT('',(9.68,0.32,4.9));
#9860 = VECTOR('',#9861,1.);
#9861 = DIRECTION('',(0.,-1.,0.));
#9862 = ORIENTED_EDGE('',*,*,#9863,.T.);
#9863 = EDGE_CURVE('',#9856,#8168,#9864,.T.);
#9864 = LINE('',#9865,#9866);
#9865 = CARTESIAN_POINT('',(9.68,-0.32,5.1));
#9866 = VECTOR('',#9867,1.);
#9867 = DIRECTION('',(0.,0.,-1.));
#9868 = PLANE('',#9869);
#9869 = AXIS2_PLACEMENT_3D('',#9870,#9871,#9872);
#9870 = CARTESIAN_POINT('',(9.68,0.,0.95));
#9871 = DIRECTION('',(1.,0.,0.));
#9872 = DIRECTION('',(0.,0.,1.));
#9873 = ADVANCED_FACE('',(#9874),#9885,.F.);
#9874 = FACE_BOUND('',#9875,.F.);
#9875 = EDGE_LOOP('',(#9876,#9877,#9883,#9884));
#9876 = ORIENTED_EDGE('',*,*,#9863,.F.);
#9877 = ORIENTED_EDGE('',*,*,#9878,.T.);
#9878 = EDGE_CURVE('',#9856,#9808,#9879,.T.);
#9879 = LINE('',#9880,#9881);
#9880 = CARTESIAN_POINT('',(9.68,-0.32,4.9));
#9881 = VECTOR('',#9882,1.);
#9882 = DIRECTION('',(1.,0.,0.));
#9883 = ORIENTED_EDGE('',*,*,#9815,.T.);
#9884 = ORIENTED_EDGE('',*,*,#8167,.T.);
#9885 = PLANE('',#9886);
#9886 = AXIS2_PLACEMENT_3D('',#9887,#9888,#9889);
#9887 = CARTESIAN_POINT('',(9.68,-0.32,5.1));
#9888 = DIRECTION('',(0.,1.,0.));
#9889 = DIRECTION('',(0.,0.,-1.));
#9890 = ADVANCED_FACE('',(#9891),#9916,.T.);
#9891 = FACE_BOUND('',#9892,.T.);
#9892 = EDGE_LOOP('',(#9893,#9894,#9902,#9910));
#9893 = ORIENTED_EDGE('',*,*,#8191,.T.);
#9894 = ORIENTED_EDGE('',*,*,#9895,.T.);
#9895 = EDGE_CURVE('',#8194,#9896,#9898,.T.);
#9896 = VERTEX_POINT('',#9897);
#9897 = CARTESIAN_POINT('',(7.82,0.32,4.9));
#9898 = LINE('',#9899,#9900);
#9899 = CARTESIAN_POINT('',(7.82,0.32,-3.2));
#9900 = VECTOR('',#9901,1.);
#9901 = DIRECTION('',(0.,0.,1.));
#9902 = ORIENTED_EDGE('',*,*,#9903,.T.);
#9903 = EDGE_CURVE('',#9896,#9904,#9906,.T.);
#9904 = VERTEX_POINT('',#9905);
#9905 = CARTESIAN_POINT('',(7.82,-0.32,4.9));
#9906 = LINE('',#9907,#9908);
#9907 = CARTESIAN_POINT('',(7.82,0.32,4.9));
#9908 = VECTOR('',#9909,1.);
#9909 = DIRECTION('',(0.,-1.,0.));
#9910 = ORIENTED_EDGE('',*,*,#9911,.T.);
#9911 = EDGE_CURVE('',#9904,#8192,#9912,.T.);
#9912 = LINE('',#9913,#9914);
#9913 = CARTESIAN_POINT('',(7.82,-0.32,5.1));
#9914 = VECTOR('',#9915,1.);
#9915 = DIRECTION('',(0.,0.,-1.));
#9916 = PLANE('',#9917);
#9917 = AXIS2_PLACEMENT_3D('',#9918,#9919,#9920);
#9918 = CARTESIAN_POINT('',(7.82,0.,0.95));
#9919 = DIRECTION('',(1.,0.,0.));
#9920 = DIRECTION('',(0.,0.,1.));
#9921 = ADVANCED_FACE('',(#9922),#9940,.F.);
#9922 = FACE_BOUND('',#9923,.F.);
#9923 = EDGE_LOOP('',(#9924,#9932,#9933,#9934));
#9924 = ORIENTED_EDGE('',*,*,#9925,.F.);
#9925 = EDGE_CURVE('',#8210,#9926,#9928,.T.);
#9926 = VERTEX_POINT('',#9927);
#9927 = CARTESIAN_POINT('',(7.18,0.32,4.9));
#9928 = LINE('',#9929,#9930);
#9929 = CARTESIAN_POINT('',(7.18,0.32,-3.2));
#9930 = VECTOR('',#9931,1.);
#9931 = DIRECTION('',(0.,0.,1.));
#9932 = ORIENTED_EDGE('',*,*,#8217,.T.);
#9933 = ORIENTED_EDGE('',*,*,#9895,.T.);
#9934 = ORIENTED_EDGE('',*,*,#9935,.F.);
#9935 = EDGE_CURVE('',#9926,#9896,#9936,.T.);
#9936 = LINE('',#9937,#9938);
#9937 = CARTESIAN_POINT('',(7.18,0.32,4.9));
#9938 = VECTOR('',#9939,1.);
#9939 = DIRECTION('',(1.,0.,0.));
#9940 = PLANE('',#9941);
#9941 = AXIS2_PLACEMENT_3D('',#9942,#9943,#9944);
#9942 = CARTESIAN_POINT('',(7.18,0.32,-3.2));
#9943 = DIRECTION('',(0.,-1.,0.));
#9944 = DIRECTION('',(0.,0.,1.));
#9945 = ADVANCED_FACE('',(#9946),#9964,.F.);
#9946 = FACE_BOUND('',#9947,.F.);
#9947 = EDGE_LOOP('',(#9948,#9949,#9950,#9958));
#9948 = ORIENTED_EDGE('',*,*,#8209,.T.);
#9949 = ORIENTED_EDGE('',*,*,#9925,.T.);
#9950 = ORIENTED_EDGE('',*,*,#9951,.T.);
#9951 = EDGE_CURVE('',#9926,#9952,#9954,.T.);
#9952 = VERTEX_POINT('',#9953);
#9953 = CARTESIAN_POINT('',(7.18,-0.32,4.9));
#9954 = LINE('',#9955,#9956);
#9955 = CARTESIAN_POINT('',(7.18,0.32,4.9));
#9956 = VECTOR('',#9957,1.);
#9957 = DIRECTION('',(0.,-1.,0.));
#9958 = ORIENTED_EDGE('',*,*,#9959,.T.);
#9959 = EDGE_CURVE('',#9952,#8202,#9960,.T.);
#9960 = LINE('',#9961,#9962);
#9961 = CARTESIAN_POINT('',(7.18,-0.32,5.1));
#9962 = VECTOR('',#9963,1.);
#9963 = DIRECTION('',(0.,0.,-1.));
#9964 = PLANE('',#9965);
#9965 = AXIS2_PLACEMENT_3D('',#9966,#9967,#9968);
#9966 = CARTESIAN_POINT('',(7.18,0.,0.95));
#9967 = DIRECTION('',(1.,0.,0.));
#9968 = DIRECTION('',(0.,0.,1.));
#9969 = ADVANCED_FACE('',(#9970),#9981,.F.);
#9970 = FACE_BOUND('',#9971,.F.);
#9971 = EDGE_LOOP('',(#9972,#9973,#9979,#9980));
#9972 = ORIENTED_EDGE('',*,*,#9959,.F.);
#9973 = ORIENTED_EDGE('',*,*,#9974,.T.);
#9974 = EDGE_CURVE('',#9952,#9904,#9975,.T.);
#9975 = LINE('',#9976,#9977);
#9976 = CARTESIAN_POINT('',(7.18,-0.32,4.9));
#9977 = VECTOR('',#9978,1.);
#9978 = DIRECTION('',(1.,0.,0.));
#9979 = ORIENTED_EDGE('',*,*,#9911,.T.);
#9980 = ORIENTED_EDGE('',*,*,#8201,.T.);
#9981 = PLANE('',#9982);
#9982 = AXIS2_PLACEMENT_3D('',#9983,#9984,#9985);
#9983 = CARTESIAN_POINT('',(7.18,-0.32,5.1));
#9984 = DIRECTION('',(0.,1.,0.));
#9985 = DIRECTION('',(0.,0.,-1.));
#9986 = ADVANCED_FACE('',(#9987),#10012,.F.);
#9987 = FACE_BOUND('',#9988,.F.);
#9988 = EDGE_LOOP('',(#9989,#9990,#9998,#10006));
#9989 = ORIENTED_EDGE('',*,*,#8225,.T.);
#9990 = ORIENTED_EDGE('',*,*,#9991,.T.);
#9991 = EDGE_CURVE('',#8228,#9992,#9994,.T.);
#9992 = VERTEX_POINT('',#9993);
#9993 = CARTESIAN_POINT('',(17.18,0.32,4.9));
#9994 = LINE('',#9995,#9996);
#9995 = CARTESIAN_POINT('',(17.18,0.32,-0.7));
#9996 = VECTOR('',#9997,1.);
#9997 = DIRECTION('',(0.,0.,1.));
#9998 = ORIENTED_EDGE('',*,*,#9999,.T.);
#9999 = EDGE_CURVE('',#9992,#10000,#10002,.T.);
#10000 = VERTEX_POINT('',#10001);
#10001 = CARTESIAN_POINT('',(17.18,-0.32,4.9));
#10002 = LINE('',#10003,#10004);
#10003 = CARTESIAN_POINT('',(17.18,0.32,4.9));
#10004 = VECTOR('',#10005,1.);
#10005 = DIRECTION('',(0.,-1.,0.));
#10006 = ORIENTED_EDGE('',*,*,#10007,.T.);
#10007 = EDGE_CURVE('',#10000,#8226,#10008,.T.);
#10008 = LINE('',#10009,#10010);
#10009 = CARTESIAN_POINT('',(17.18,-0.32,5.1));
#10010 = VECTOR('',#10011,1.);
#10011 = DIRECTION('',(0.,0.,-1.));
#10012 = PLANE('',#10013);
#10013 = AXIS2_PLACEMENT_3D('',#10014,#10015,#10016);
#10014 = CARTESIAN_POINT('',(17.18,-4.307486879287E-02,0.926376556288));
#10015 = DIRECTION('',(1.,0.,0.));
#10016 = DIRECTION('',(0.,0.,1.));
#10017 = ADVANCED_FACE('',(#10018),#10036,.F.);
#10018 = FACE_BOUND('',#10019,.F.);
#10019 = EDGE_LOOP('',(#10020,#10021,#10029,#10035));
#10020 = ORIENTED_EDGE('',*,*,#10007,.F.);
#10021 = ORIENTED_EDGE('',*,*,#10022,.T.);
#10022 = EDGE_CURVE('',#10000,#10023,#10025,.T.);
#10023 = VERTEX_POINT('',#10024);
#10024 = CARTESIAN_POINT('',(17.82,-0.32,4.9));
#10025 = LINE('',#10026,#10027);
#10026 = CARTESIAN_POINT('',(17.18,-0.32,4.9));
#10027 = VECTOR('',#10028,1.);
#10028 = DIRECTION('',(1.,0.,0.));
#10029 = ORIENTED_EDGE('',*,*,#10030,.T.);
#10030 = EDGE_CURVE('',#10023,#8244,#10031,.T.);
#10031 = LINE('',#10032,#10033);
#10032 = CARTESIAN_POINT('',(17.82,-0.32,5.1));
#10033 = VECTOR('',#10034,1.);
#10034 = DIRECTION('',(0.,0.,-1.));
#10035 = ORIENTED_EDGE('',*,*,#8251,.T.);
#10036 = PLANE('',#10037);
#10037 = AXIS2_PLACEMENT_3D('',#10038,#10039,#10040);
#10038 = CARTESIAN_POINT('',(17.18,-0.32,5.1));
#10039 = DIRECTION('',(0.,1.,0.));
#10040 = DIRECTION('',(0.,0.,-1.));
#10041 = ADVANCED_FACE('',(#10042),#10060,.T.);
#10042 = FACE_BOUND('',#10043,.T.);
#10043 = EDGE_LOOP('',(#10044,#10045,#10053,#10059));
#10044 = ORIENTED_EDGE('',*,*,#8243,.T.);
#10045 = ORIENTED_EDGE('',*,*,#10046,.T.);
#10046 = EDGE_CURVE('',#8236,#10047,#10049,.T.);
#10047 = VERTEX_POINT('',#10048);
#10048 = CARTESIAN_POINT('',(17.82,0.32,4.9));
#10049 = LINE('',#10050,#10051);
#10050 = CARTESIAN_POINT('',(17.82,0.32,-0.7));
#10051 = VECTOR('',#10052,1.);
#10052 = DIRECTION('',(0.,0.,1.));
#10053 = ORIENTED_EDGE('',*,*,#10054,.T.);
#10054 = EDGE_CURVE('',#10047,#10023,#10055,.T.);
#10055 = LINE('',#10056,#10057);
#10056 = CARTESIAN_POINT('',(17.82,0.32,4.9));
#10057 = VECTOR('',#10058,1.);
#10058 = DIRECTION('',(0.,-1.,0.));
#10059 = ORIENTED_EDGE('',*,*,#10030,.T.);
#10060 = PLANE('',#10061);
#10061 = AXIS2_PLACEMENT_3D('',#10062,#10063,#10064);
#10062 = CARTESIAN_POINT('',(17.82,-4.307486879287E-02,0.926376556288));
#10063 = DIRECTION('',(1.,0.,0.));
#10064 = DIRECTION('',(0.,0.,1.));
#10065 = ADVANCED_FACE('',(#10066),#10077,.F.);
#10066 = FACE_BOUND('',#10067,.F.);
#10067 = EDGE_LOOP('',(#10068,#10069,#10070,#10071));
#10068 = ORIENTED_EDGE('',*,*,#9991,.F.);
#10069 = ORIENTED_EDGE('',*,*,#8235,.T.);
#10070 = ORIENTED_EDGE('',*,*,#10046,.T.);
#10071 = ORIENTED_EDGE('',*,*,#10072,.F.);
#10072 = EDGE_CURVE('',#9992,#10047,#10073,.T.);
#10073 = LINE('',#10074,#10075);
#10074 = CARTESIAN_POINT('',(17.18,0.32,4.9));
#10075 = VECTOR('',#10076,1.);
#10076 = DIRECTION('',(1.,0.,0.));
#10077 = PLANE('',#10078);
#10078 = AXIS2_PLACEMENT_3D('',#10079,#10080,#10081);
#10079 = CARTESIAN_POINT('',(17.18,0.32,-0.7));
#10080 = DIRECTION('',(0.,-1.,0.));
#10081 = DIRECTION('',(0.,0.,1.));
#10082 = ADVANCED_FACE('',(#10083),#10108,.T.);
#10083 = FACE_BOUND('',#10084,.T.);
#10084 = EDGE_LOOP('',(#10085,#10086,#10094,#10102));
#10085 = ORIENTED_EDGE('',*,*,#8259,.T.);
#10086 = ORIENTED_EDGE('',*,*,#10087,.T.);
#10087 = EDGE_CURVE('',#8262,#10088,#10090,.T.);
#10088 = VERTEX_POINT('',#10089);
#10089 = CARTESIAN_POINT('',(15.32,0.32,4.9));
#10090 = LINE('',#10091,#10092);
#10091 = CARTESIAN_POINT('',(15.32,0.32,-3.2));
#10092 = VECTOR('',#10093,1.);
#10093 = DIRECTION('',(0.,0.,1.));
#10094 = ORIENTED_EDGE('',*,*,#10095,.T.);
#10095 = EDGE_CURVE('',#10088,#10096,#10098,.T.);
#10096 = VERTEX_POINT('',#10097);
#10097 = CARTESIAN_POINT('',(15.32,-0.32,4.9));
#10098 = LINE('',#10099,#10100);
#10099 = CARTESIAN_POINT('',(15.32,0.32,4.9));
#10100 = VECTOR('',#10101,1.);
#10101 = DIRECTION('',(0.,-1.,0.));
#10102 = ORIENTED_EDGE('',*,*,#10103,.T.);
#10103 = EDGE_CURVE('',#10096,#8260,#10104,.T.);
#10104 = LINE('',#10105,#10106);
#10105 = CARTESIAN_POINT('',(15.32,-0.32,5.1));
#10106 = VECTOR('',#10107,1.);
#10107 = DIRECTION('',(0.,0.,-1.));
#10108 = PLANE('',#10109);
#10109 = AXIS2_PLACEMENT_3D('',#10110,#10111,#10112);
#10110 = CARTESIAN_POINT('',(15.32,0.,0.95));
#10111 = DIRECTION('',(1.,0.,0.));
#10112 = DIRECTION('',(0.,0.,1.));
#10113 = ADVANCED_FACE('',(#10114),#10132,.F.);
#10114 = FACE_BOUND('',#10115,.F.);
#10115 = EDGE_LOOP('',(#10116,#10124,#10125,#10126));
#10116 = ORIENTED_EDGE('',*,*,#10117,.F.);
#10117 = EDGE_CURVE('',#8278,#10118,#10120,.T.);
#10118 = VERTEX_POINT('',#10119);
#10119 = CARTESIAN_POINT('',(14.68,0.32,4.9));
#10120 = LINE('',#10121,#10122);
#10121 = CARTESIAN_POINT('',(14.68,0.32,-3.2));
#10122 = VECTOR('',#10123,1.);
#10123 = DIRECTION('',(0.,0.,1.));
#10124 = ORIENTED_EDGE('',*,*,#8285,.T.);
#10125 = ORIENTED_EDGE('',*,*,#10087,.T.);
#10126 = ORIENTED_EDGE('',*,*,#10127,.F.);
#10127 = EDGE_CURVE('',#10118,#10088,#10128,.T.);
#10128 = LINE('',#10129,#10130);
#10129 = CARTESIAN_POINT('',(14.68,0.32,4.9));
#10130 = VECTOR('',#10131,1.);
#10131 = DIRECTION('',(1.,0.,0.));
#10132 = PLANE('',#10133);
#10133 = AXIS2_PLACEMENT_3D('',#10134,#10135,#10136);
#10134 = CARTESIAN_POINT('',(14.68,0.32,-3.2));
#10135 = DIRECTION('',(0.,-1.,0.));
#10136 = DIRECTION('',(0.,0.,1.));
#10137 = ADVANCED_FACE('',(#10138),#10156,.F.);
#10138 = FACE_BOUND('',#10139,.F.);
#10139 = EDGE_LOOP('',(#10140,#10141,#10142,#10150));
#10140 = ORIENTED_EDGE('',*,*,#8277,.T.);
#10141 = ORIENTED_EDGE('',*,*,#10117,.T.);
#10142 = ORIENTED_EDGE('',*,*,#10143,.T.);
#10143 = EDGE_CURVE('',#10118,#10144,#10146,.T.);
#10144 = VERTEX_POINT('',#10145);
#10145 = CARTESIAN_POINT('',(14.68,-0.32,4.9));
#10146 = LINE('',#10147,#10148);
#10147 = CARTESIAN_POINT('',(14.68,0.32,4.9));
#10148 = VECTOR('',#10149,1.);
#10149 = DIRECTION('',(0.,-1.,0.));
#10150 = ORIENTED_EDGE('',*,*,#10151,.T.);
#10151 = EDGE_CURVE('',#10144,#8270,#10152,.T.);
#10152 = LINE('',#10153,#10154);
#10153 = CARTESIAN_POINT('',(14.68,-0.32,5.1));
#10154 = VECTOR('',#10155,1.);
#10155 = DIRECTION('',(0.,0.,-1.));
#10156 = PLANE('',#10157);
#10157 = AXIS2_PLACEMENT_3D('',#10158,#10159,#10160);
#10158 = CARTESIAN_POINT('',(14.68,0.,0.95));
#10159 = DIRECTION('',(1.,0.,0.));
#10160 = DIRECTION('',(0.,0.,1.));
#10161 = ADVANCED_FACE('',(#10162),#10173,.F.);
#10162 = FACE_BOUND('',#10163,.F.);
#10163 = EDGE_LOOP('',(#10164,#10165,#10171,#10172));
#10164 = ORIENTED_EDGE('',*,*,#10151,.F.);
#10165 = ORIENTED_EDGE('',*,*,#10166,.T.);
#10166 = EDGE_CURVE('',#10144,#10096,#10167,.T.);
#10167 = LINE('',#10168,#10169);
#10168 = CARTESIAN_POINT('',(14.68,-0.32,4.9));
#10169 = VECTOR('',#10170,1.);
#10170 = DIRECTION('',(1.,0.,0.));
#10171 = ORIENTED_EDGE('',*,*,#10103,.T.);
#10172 = ORIENTED_EDGE('',*,*,#8269,.T.);
#10173 = PLANE('',#10174);
#10174 = AXIS2_PLACEMENT_3D('',#10175,#10176,#10177);
#10175 = CARTESIAN_POINT('',(14.68,-0.32,5.1));
#10176 = DIRECTION('',(0.,1.,0.));
#10177 = DIRECTION('',(0.,0.,-1.));
#10178 = ADVANCED_FACE('',(#10179),#10204,.F.);
#10179 = FACE_BOUND('',#10180,.F.);
#10180 = EDGE_LOOP('',(#10181,#10182,#10190,#10198));
#10181 = ORIENTED_EDGE('',*,*,#8293,.T.);
#10182 = ORIENTED_EDGE('',*,*,#10183,.T.);
#10183 = EDGE_CURVE('',#8296,#10184,#10186,.T.);
#10184 = VERTEX_POINT('',#10185);
#10185 = CARTESIAN_POINT('',(12.18,0.32,4.9));
#10186 = LINE('',#10187,#10188);
#10187 = CARTESIAN_POINT('',(12.18,0.32,-3.2));
#10188 = VECTOR('',#10189,1.);
#10189 = DIRECTION('',(0.,0.,1.));
#10190 = ORIENTED_EDGE('',*,*,#10191,.T.);
#10191 = EDGE_CURVE('',#10184,#10192,#10194,.T.);
#10192 = VERTEX_POINT('',#10193);
#10193 = CARTESIAN_POINT('',(12.18,-0.32,4.9));
#10194 = LINE('',#10195,#10196);
#10195 = CARTESIAN_POINT('',(12.18,0.32,4.9));
#10196 = VECTOR('',#10197,1.);
#10197 = DIRECTION('',(0.,-1.,0.));
#10198 = ORIENTED_EDGE('',*,*,#10199,.T.);
#10199 = EDGE_CURVE('',#10192,#8294,#10200,.T.);
#10200 = LINE('',#10201,#10202);
#10201 = CARTESIAN_POINT('',(12.18,-0.32,5.1));
#10202 = VECTOR('',#10203,1.);
#10203 = DIRECTION('',(0.,0.,-1.));
#10204 = PLANE('',#10205);
#10205 = AXIS2_PLACEMENT_3D('',#10206,#10207,#10208);
#10206 = CARTESIAN_POINT('',(12.18,0.,0.95));
#10207 = DIRECTION('',(1.,0.,0.));
#10208 = DIRECTION('',(0.,0.,1.));
#10209 = ADVANCED_FACE('',(#10210),#10228,.F.);
#10210 = FACE_BOUND('',#10211,.F.);
#10211 = EDGE_LOOP('',(#10212,#10213,#10221,#10227));
#10212 = ORIENTED_EDGE('',*,*,#10199,.F.);
#10213 = ORIENTED_EDGE('',*,*,#10214,.T.);
#10214 = EDGE_CURVE('',#10192,#10215,#10217,.T.);
#10215 = VERTEX_POINT('',#10216);
#10216 = CARTESIAN_POINT('',(12.82,-0.32,4.9));
#10217 = LINE('',#10218,#10219);
#10218 = CARTESIAN_POINT('',(12.18,-0.32,4.9));
#10219 = VECTOR('',#10220,1.);
#10220 = DIRECTION('',(1.,0.,0.));
#10221 = ORIENTED_EDGE('',*,*,#10222,.T.);
#10222 = EDGE_CURVE('',#10215,#8312,#10223,.T.);
#10223 = LINE('',#10224,#10225);
#10224 = CARTESIAN_POINT('',(12.82,-0.32,5.1));
#10225 = VECTOR('',#10226,1.);
#10226 = DIRECTION('',(0.,0.,-1.));
#10227 = ORIENTED_EDGE('',*,*,#8319,.T.);
#10228 = PLANE('',#10229);
#10229 = AXIS2_PLACEMENT_3D('',#10230,#10231,#10232);
#10230 = CARTESIAN_POINT('',(12.18,-0.32,5.1));
#10231 = DIRECTION('',(0.,1.,0.));
#10232 = DIRECTION('',(0.,0.,-1.));
#10233 = ADVANCED_FACE('',(#10234),#10252,.T.);
#10234 = FACE_BOUND('',#10235,.T.);
#10235 = EDGE_LOOP('',(#10236,#10237,#10245,#10251));
#10236 = ORIENTED_EDGE('',*,*,#8311,.T.);
#10237 = ORIENTED_EDGE('',*,*,#10238,.T.);
#10238 = EDGE_CURVE('',#8304,#10239,#10241,.T.);
#10239 = VERTEX_POINT('',#10240);
#10240 = CARTESIAN_POINT('',(12.82,0.32,4.9));
#10241 = LINE('',#10242,#10243);
#10242 = CARTESIAN_POINT('',(12.82,0.32,-3.2));
#10243 = VECTOR('',#10244,1.);
#10244 = DIRECTION('',(0.,0.,1.));
#10245 = ORIENTED_EDGE('',*,*,#10246,.T.);
#10246 = EDGE_CURVE('',#10239,#10215,#10247,.T.);
#10247 = LINE('',#10248,#10249);
#10248 = CARTESIAN_POINT('',(12.82,0.32,4.9));
#10249 = VECTOR('',#10250,1.);
#10250 = DIRECTION('',(0.,-1.,0.));
#10251 = ORIENTED_EDGE('',*,*,#10222,.T.);
#10252 = PLANE('',#10253);
#10253 = AXIS2_PLACEMENT_3D('',#10254,#10255,#10256);
#10254 = CARTESIAN_POINT('',(12.82,0.,0.95));
#10255 = DIRECTION('',(1.,0.,0.));
#10256 = DIRECTION('',(0.,0.,1.));
#10257 = ADVANCED_FACE('',(#10258),#10269,.F.);
#10258 = FACE_BOUND('',#10259,.F.);
#10259 = EDGE_LOOP('',(#10260,#10261,#10262,#10263));
#10260 = ORIENTED_EDGE('',*,*,#10183,.F.);
#10261 = ORIENTED_EDGE('',*,*,#8303,.T.);
#10262 = ORIENTED_EDGE('',*,*,#10238,.T.);
#10263 = ORIENTED_EDGE('',*,*,#10264,.F.);
#10264 = EDGE_CURVE('',#10184,#10239,#10265,.T.);
#10265 = LINE('',#10266,#10267);
#10266 = CARTESIAN_POINT('',(12.18,0.32,4.9));
#10267 = VECTOR('',#10268,1.);
#10268 = DIRECTION('',(1.,0.,0.));
#10269 = PLANE('',#10270);
#10270 = AXIS2_PLACEMENT_3D('',#10271,#10272,#10273);
#10271 = CARTESIAN_POINT('',(12.18,0.32,-3.2));
#10272 = DIRECTION('',(0.,-1.,0.));
#10273 = DIRECTION('',(0.,0.,1.));
#10274 = ADVANCED_FACE('',(#10275),#10286,.T.);
#10275 = FACE_BOUND('',#10276,.T.);
#10276 = EDGE_LOOP('',(#10277,#10278,#10284,#10285));
#10277 = ORIENTED_EDGE('',*,*,#8488,.F.);
#10278 = ORIENTED_EDGE('',*,*,#10279,.T.);
#10279 = EDGE_CURVE('',#8489,#8622,#10280,.T.);
#10280 = LINE('',#10281,#10282);
#10281 = CARTESIAN_POINT('',(-0.32,-0.12,-3.2));
#10282 = VECTOR('',#10283,1.);
#10283 = DIRECTION('',(1.,0.,0.));
#10284 = ORIENTED_EDGE('',*,*,#8621,.T.);
#10285 = ORIENTED_EDGE('',*,*,#8551,.F.);
#10286 = PLANE('',#10287);
#10287 = AXIS2_PLACEMENT_3D('',#10288,#10289,#10290);
#10288 = CARTESIAN_POINT('',(-0.32,-0.235596257347,-3.101223703467));
#10289 = DIRECTION('',(-3.471050801573E-18,-0.64962967394,
    -0.760250805153));
#10290 = DIRECTION('',(1.,-2.254897600456E-18,-2.638869166625E-18));
#10291 = ADVANCED_FACE('',(#10292),#10303,.F.);
#10292 = FACE_BOUND('',#10293,.F.);
#10293 = EDGE_LOOP('',(#10294,#10295,#10301,#10302));
#10294 = ORIENTED_EDGE('',*,*,#8629,.T.);
#10295 = ORIENTED_EDGE('',*,*,#10296,.F.);
#10296 = EDGE_CURVE('',#8499,#8630,#10297,.T.);
#10297 = LINE('',#10298,#10299);
#10298 = CARTESIAN_POINT('',(-0.32,0.12,-3.2));
#10299 = VECTOR('',#10300,1.);
#10300 = DIRECTION('',(1.,0.,0.));
#10301 = ORIENTED_EDGE('',*,*,#8498,.F.);
#10302 = ORIENTED_EDGE('',*,*,#10279,.T.);
#10303 = PLANE('',#10304);
#10304 = AXIS2_PLACEMENT_3D('',#10305,#10306,#10307);
#10305 = CARTESIAN_POINT('',(-0.32,-0.32,-3.2));
#10306 = DIRECTION('',(0.,0.,1.));
#10307 = DIRECTION('',(0.,1.,0.));
#10308 = ADVANCED_FACE('',(#10309),#10315,.T.);
#10309 = FACE_BOUND('',#10310,.F.);
#10310 = EDGE_LOOP('',(#10311,#10312,#10313,#10314));
#10311 = ORIENTED_EDGE('',*,*,#8506,.F.);
#10312 = ORIENTED_EDGE('',*,*,#10296,.T.);
#10313 = ORIENTED_EDGE('',*,*,#8637,.T.);
#10314 = ORIENTED_EDGE('',*,*,#8597,.F.);
#10315 = PLANE('',#10316);
#10316 = AXIS2_PLACEMENT_3D('',#10317,#10318,#10319);
#10317 = CARTESIAN_POINT('',(-0.32,0.204403742653,-3.101223703467));
#10318 = DIRECTION('',(0.,0.760250805153,-0.64962967394));
#10319 = DIRECTION('',(-1.,0.,-0.));
#10320 = ADVANCED_FACE('',(#10321),#10327,.F.);
#10321 = FACE_BOUND('',#10322,.F.);
#10322 = EDGE_LOOP('',(#10323,#10324,#10325,#10326));
#10323 = ORIENTED_EDGE('',*,*,#8693,.F.);
#10324 = ORIENTED_EDGE('',*,*,#8717,.F.);
#10325 = ORIENTED_EDGE('',*,*,#8734,.T.);
#10326 = ORIENTED_EDGE('',*,*,#8662,.T.);
#10327 = PLANE('',#10328);
#10328 = AXIS2_PLACEMENT_3D('',#10329,#10330,#10331);
#10329 = CARTESIAN_POINT('',(2.18,-0.32,-3.2));
#10330 = DIRECTION('',(0.,0.,1.));
#10331 = DIRECTION('',(0.,1.,0.));
#10332 = ADVANCED_FACE('',(#10333),#10339,.F.);
#10333 = FACE_BOUND('',#10334,.F.);
#10334 = EDGE_LOOP('',(#10335,#10336,#10337,#10338));
#10335 = ORIENTED_EDGE('',*,*,#8813,.F.);
#10336 = ORIENTED_EDGE('',*,*,#8830,.F.);
#10337 = ORIENTED_EDGE('',*,*,#8758,.T.);
#10338 = ORIENTED_EDGE('',*,*,#8782,.T.);
#10339 = PLANE('',#10340);
#10340 = AXIS2_PLACEMENT_3D('',#10341,#10342,#10343);
#10341 = CARTESIAN_POINT('',(4.68,-0.32,-3.2));
#10342 = DIRECTION('',(0.,0.,1.));
#10343 = DIRECTION('',(0.,1.,0.));
#10344 = ADVANCED_FACE('',(#10345),#10351,.F.);
#10345 = FACE_BOUND('',#10346,.F.);
#10346 = EDGE_LOOP('',(#10347,#10348,#10349,#10350));
#10347 = ORIENTED_EDGE('',*,*,#8885,.F.);
#10348 = ORIENTED_EDGE('',*,*,#8909,.F.);
#10349 = ORIENTED_EDGE('',*,*,#8926,.T.);
#10350 = ORIENTED_EDGE('',*,*,#8854,.T.);
#10351 = PLANE('',#10352);
#10352 = AXIS2_PLACEMENT_3D('',#10353,#10354,#10355);
#10353 = CARTESIAN_POINT('',(7.18,-0.32,-3.2));
#10354 = DIRECTION('',(0.,0.,1.));
#10355 = DIRECTION('',(0.,1.,0.));
#10356 = ADVANCED_FACE('',(#10357),#10363,.F.);
#10357 = FACE_BOUND('',#10358,.F.);
#10358 = EDGE_LOOP('',(#10359,#10360,#10361,#10362));
#10359 = ORIENTED_EDGE('',*,*,#8981,.F.);
#10360 = ORIENTED_EDGE('',*,*,#9005,.F.);
#10361 = ORIENTED_EDGE('',*,*,#9022,.T.);
#10362 = ORIENTED_EDGE('',*,*,#8950,.T.);
#10363 = PLANE('',#10364);
#10364 = AXIS2_PLACEMENT_3D('',#10365,#10366,#10367);
#10365 = CARTESIAN_POINT('',(9.68,-0.32,-3.2));
#10366 = DIRECTION('',(0.,0.,1.));
#10367 = DIRECTION('',(0.,1.,0.));
#10368 = ADVANCED_FACE('',(#10369),#10375,.F.);
#10369 = FACE_BOUND('',#10370,.F.);
#10370 = EDGE_LOOP('',(#10371,#10372,#10373,#10374));
#10371 = ORIENTED_EDGE('',*,*,#9118,.F.);
#10372 = ORIENTED_EDGE('',*,*,#9046,.F.);
#10373 = ORIENTED_EDGE('',*,*,#9070,.T.);
#10374 = ORIENTED_EDGE('',*,*,#9094,.T.);
#10375 = PLANE('',#10376);
#10376 = AXIS2_PLACEMENT_3D('',#10377,#10378,#10379);
#10377 = CARTESIAN_POINT('',(12.18,-0.32,-3.2));
#10378 = DIRECTION('',(0.,0.,1.));
#10379 = DIRECTION('',(0.,1.,0.));
#10380 = ADVANCED_FACE('',(#10381),#10387,.F.);
#10381 = FACE_BOUND('',#10382,.F.);
#10382 = EDGE_LOOP('',(#10383,#10384,#10385,#10386));
#10383 = ORIENTED_EDGE('',*,*,#9173,.F.);
#10384 = ORIENTED_EDGE('',*,*,#9197,.F.);
#10385 = ORIENTED_EDGE('',*,*,#9214,.T.);
#10386 = ORIENTED_EDGE('',*,*,#9142,.T.);
#10387 = PLANE('',#10388);
#10388 = AXIS2_PLACEMENT_3D('',#10389,#10390,#10391);
#10389 = CARTESIAN_POINT('',(14.68,-0.32,-3.2));
#10390 = DIRECTION('',(0.,0.,1.));
#10391 = DIRECTION('',(0.,1.,0.));
#10392 = ADVANCED_FACE('',(#10393),#10404,.T.);
#10393 = FACE_BOUND('',#10394,.T.);
#10394 = EDGE_LOOP('',(#10395,#10396,#10402,#10403));
#10395 = ORIENTED_EDGE('',*,*,#9230,.F.);
#10396 = ORIENTED_EDGE('',*,*,#10397,.T.);
#10397 = EDGE_CURVE('',#9231,#9364,#10398,.T.);
#10398 = LINE('',#10399,#10400);
#10399 = CARTESIAN_POINT('',(17.18,-0.12,-3.2));
#10400 = VECTOR('',#10401,1.);
#10401 = DIRECTION('',(1.,0.,0.));
#10402 = ORIENTED_EDGE('',*,*,#9363,.T.);
#10403 = ORIENTED_EDGE('',*,*,#9293,.F.);
#10404 = PLANE('',#10405);
#10405 = AXIS2_PLACEMENT_3D('',#10406,#10407,#10408);
#10406 = CARTESIAN_POINT('',(17.18,-0.235596257347,-3.101223703467));
#10407 = DIRECTION('',(-3.471050801573E-18,-0.64962967394,
    -0.760250805153));
#10408 = DIRECTION('',(1.,-2.254897600456E-18,-2.638869166625E-18));
#10409 = ADVANCED_FACE('',(#10410),#10421,.F.);
#10410 = FACE_BOUND('',#10411,.F.);
#10411 = EDGE_LOOP('',(#10412,#10413,#10419,#10420));
#10412 = ORIENTED_EDGE('',*,*,#9371,.T.);
#10413 = ORIENTED_EDGE('',*,*,#10414,.F.);
#10414 = EDGE_CURVE('',#9241,#9372,#10415,.T.);
#10415 = LINE('',#10416,#10417);
#10416 = CARTESIAN_POINT('',(17.18,0.12,-3.2));
#10417 = VECTOR('',#10418,1.);
#10418 = DIRECTION('',(1.,0.,0.));
#10419 = ORIENTED_EDGE('',*,*,#9240,.F.);
#10420 = ORIENTED_EDGE('',*,*,#10397,.T.);
#10421 = PLANE('',#10422);
#10422 = AXIS2_PLACEMENT_3D('',#10423,#10424,#10425);
#10423 = CARTESIAN_POINT('',(17.18,-0.32,-3.2));
#10424 = DIRECTION('',(0.,0.,1.));
#10425 = DIRECTION('',(0.,1.,0.));
#10426 = ADVANCED_FACE('',(#10427),#10433,.T.);
#10427 = FACE_BOUND('',#10428,.F.);
#10428 = EDGE_LOOP('',(#10429,#10430,#10431,#10432));
#10429 = ORIENTED_EDGE('',*,*,#9248,.F.);
#10430 = ORIENTED_EDGE('',*,*,#10414,.T.);
#10431 = ORIENTED_EDGE('',*,*,#9379,.T.);
#10432 = ORIENTED_EDGE('',*,*,#9339,.F.);
#10433 = PLANE('',#10434);
#10434 = AXIS2_PLACEMENT_3D('',#10435,#10436,#10437);
#10435 = CARTESIAN_POINT('',(17.18,0.204403742653,-3.101223703467));
#10436 = DIRECTION('',(0.,0.760250805153,-0.64962967394));
#10437 = DIRECTION('',(-1.,0.,-0.));
#10438 = ADVANCED_FACE('',(#10439),#10464,.T.);
#10439 = FACE_BOUND('',#10440,.F.);
#10440 = EDGE_LOOP('',(#10441,#10449,#10457,#10463));
#10441 = ORIENTED_EDGE('',*,*,#10442,.T.);
#10442 = EDGE_CURVE('',#9512,#10443,#10445,.T.);
#10443 = VERTEX_POINT('',#10444);
#10444 = CARTESIAN_POINT('',(-0.12,0.12,5.1));
#10445 = LINE('',#10446,#10447);
#10446 = CARTESIAN_POINT('',(-0.253333333333,0.253333333333,
    4.966666666667));
#10447 = VECTOR('',#10448,1.);
#10448 = DIRECTION('',(0.57735026919,-0.57735026919,0.57735026919));
#10449 = ORIENTED_EDGE('',*,*,#10450,.T.);
#10450 = EDGE_CURVE('',#10443,#10451,#10453,.T.);
#10451 = VERTEX_POINT('',#10452);
#10452 = CARTESIAN_POINT('',(-0.12,-0.12,5.1));
#10453 = LINE('',#10454,#10455);
#10454 = CARTESIAN_POINT('',(-0.12,0.32,5.1));
#10455 = VECTOR('',#10456,1.);
#10456 = DIRECTION('',(0.,-1.,0.));
#10457 = ORIENTED_EDGE('',*,*,#10458,.T.);
#10458 = EDGE_CURVE('',#10451,#9520,#10459,.T.);
#10459 = LINE('',#10460,#10461);
#10460 = CARTESIAN_POINT('',(-0.146666666667,-0.146666666667,
    5.073333333333));
#10461 = VECTOR('',#10462,1.);
#10462 = DIRECTION('',(-0.57735026919,-0.57735026919,-0.57735026919));
#10463 = ORIENTED_EDGE('',*,*,#9519,.F.);
#10464 = PLANE('',#10465);
#10465 = AXIS2_PLACEMENT_3D('',#10466,#10467,#10468);
#10466 = CARTESIAN_POINT('',(-0.22,0.32,5.));
#10467 = DIRECTION('',(-0.707106781187,1.735417226644E-18,0.707106781187
    ));
#10468 = DIRECTION('',(1.227125289148E-18,1.,-1.227125289148E-18));
#10469 = ADVANCED_FACE('',(#10470),#10488,.T.);
#10470 = FACE_BOUND('',#10471,.F.);
#10471 = EDGE_LOOP('',(#10472,#10473,#10481,#10487));
#10472 = ORIENTED_EDGE('',*,*,#10458,.F.);
#10473 = ORIENTED_EDGE('',*,*,#10474,.T.);
#10474 = EDGE_CURVE('',#10451,#10475,#10477,.T.);
#10475 = VERTEX_POINT('',#10476);
#10476 = CARTESIAN_POINT('',(0.12,-0.12,5.1));
#10477 = LINE('',#10478,#10479);
#10478 = CARTESIAN_POINT('',(-0.32,-0.12,5.1));
#10479 = VECTOR('',#10480,1.);
#10480 = DIRECTION('',(1.,0.,0.));
#10481 = ORIENTED_EDGE('',*,*,#10482,.T.);
#10482 = EDGE_CURVE('',#10475,#9543,#10483,.T.);
#10483 = LINE('',#10484,#10485);
#10484 = CARTESIAN_POINT('',(4.E-02,-4.E-02,5.18));
#10485 = VECTOR('',#10486,1.);
#10486 = DIRECTION('',(0.57735026919,-0.57735026919,-0.57735026919));
#10487 = ORIENTED_EDGE('',*,*,#9542,.F.);
#10488 = PLANE('',#10489);
#10489 = AXIS2_PLACEMENT_3D('',#10490,#10491,#10492);
#10490 = CARTESIAN_POINT('',(-0.32,-0.22,5.));
#10491 = DIRECTION('',(-1.735417226644E-18,-0.707106781187,
    0.707106781187));
#10492 = DIRECTION('',(-1.,1.227125289148E-18,-1.227125289148E-18));
#10493 = ADVANCED_FACE('',(#10494),#10512,.F.);
#10494 = FACE_BOUND('',#10495,.T.);
#10495 = EDGE_LOOP('',(#10496,#10504,#10510,#10511));
#10496 = ORIENTED_EDGE('',*,*,#10497,.T.);
#10497 = EDGE_CURVE('',#9567,#10498,#10500,.T.);
#10498 = VERTEX_POINT('',#10499);
#10499 = CARTESIAN_POINT('',(0.12,0.12,5.1));
#10500 = LINE('',#10501,#10502);
#10501 = CARTESIAN_POINT('',(0.146666666667,0.146666666667,
    5.073333333333));
#10502 = VECTOR('',#10503,1.);
#10503 = DIRECTION('',(-0.57735026919,-0.57735026919,0.57735026919));
#10504 = ORIENTED_EDGE('',*,*,#10505,.T.);
#10505 = EDGE_CURVE('',#10498,#10475,#10506,.T.);
#10506 = LINE('',#10507,#10508);
#10507 = CARTESIAN_POINT('',(0.12,0.32,5.1));
#10508 = VECTOR('',#10509,1.);
#10509 = DIRECTION('',(0.,-1.,0.));
#10510 = ORIENTED_EDGE('',*,*,#10482,.T.);
#10511 = ORIENTED_EDGE('',*,*,#9574,.F.);
#10512 = PLANE('',#10513);
#10513 = AXIS2_PLACEMENT_3D('',#10514,#10515,#10516);
#10514 = CARTESIAN_POINT('',(0.22,0.32,5.));
#10515 = DIRECTION('',(-0.707106781187,-1.735417226644E-18,
    -0.707106781187));
#10516 = DIRECTION('',(-1.227125289148E-18,1.,-1.227125289148E-18));
#10517 = ADVANCED_FACE('',(#10518),#10529,.T.);
#10518 = FACE_BOUND('',#10519,.F.);
#10519 = EDGE_LOOP('',(#10520,#10521,#10522,#10523));
#10520 = ORIENTED_EDGE('',*,*,#10442,.F.);
#10521 = ORIENTED_EDGE('',*,*,#9592,.T.);
#10522 = ORIENTED_EDGE('',*,*,#10497,.T.);
#10523 = ORIENTED_EDGE('',*,*,#10524,.F.);
#10524 = EDGE_CURVE('',#10443,#10498,#10525,.T.);
#10525 = LINE('',#10526,#10527);
#10526 = CARTESIAN_POINT('',(-0.32,0.12,5.1));
#10527 = VECTOR('',#10528,1.);
#10528 = DIRECTION('',(1.,0.,0.));
#10529 = PLANE('',#10530);
#10530 = AXIS2_PLACEMENT_3D('',#10531,#10532,#10533);
#10531 = CARTESIAN_POINT('',(-0.32,0.22,5.));
#10532 = DIRECTION('',(1.735417226644E-18,0.707106781187,0.707106781187)
  );
#10533 = DIRECTION('',(-1.,1.227125289148E-18,1.227125289148E-18));
#10534 = ADVANCED_FACE('',(#10535),#10560,.T.);
#10535 = FACE_BOUND('',#10536,.F.);
#10536 = EDGE_LOOP('',(#10537,#10545,#10553,#10559));
#10537 = ORIENTED_EDGE('',*,*,#10538,.F.);
#10538 = EDGE_CURVE('',#10539,#9607,#10541,.T.);
#10539 = VERTEX_POINT('',#10540);
#10540 = CARTESIAN_POINT('',(4.88,-0.12,5.1));
#10541 = LINE('',#10542,#10543);
#10542 = CARTESIAN_POINT('',(4.853333333333,-0.146666666667,
    5.073333333333));
#10543 = VECTOR('',#10544,1.);
#10544 = DIRECTION('',(-0.57735026919,-0.57735026919,-0.57735026919));
#10545 = ORIENTED_EDGE('',*,*,#10546,.T.);
#10546 = EDGE_CURVE('',#10539,#10547,#10549,.T.);
#10547 = VERTEX_POINT('',#10548);
#10548 = CARTESIAN_POINT('',(5.12,-0.12,5.1));
#10549 = LINE('',#10550,#10551);
#10550 = CARTESIAN_POINT('',(4.68,-0.12,5.1));
#10551 = VECTOR('',#10552,1.);
#10552 = DIRECTION('',(1.,0.,0.));
#10553 = ORIENTED_EDGE('',*,*,#10554,.T.);
#10554 = EDGE_CURVE('',#10547,#9615,#10555,.T.);
#10555 = LINE('',#10556,#10557);
#10556 = CARTESIAN_POINT('',(5.04,-4.E-02,5.18));
#10557 = VECTOR('',#10558,1.);
#10558 = DIRECTION('',(0.57735026919,-0.57735026919,-0.57735026919));
#10559 = ORIENTED_EDGE('',*,*,#9614,.F.);
#10560 = PLANE('',#10561);
#10561 = AXIS2_PLACEMENT_3D('',#10562,#10563,#10564);
#10562 = CARTESIAN_POINT('',(4.68,-0.22,5.));
#10563 = DIRECTION('',(-1.735417226644E-18,-0.707106781187,
    0.707106781187));
#10564 = DIRECTION('',(-1.,1.227125289148E-18,-1.227125289148E-18));
#10565 = ADVANCED_FACE('',(#10566),#10584,.F.);
#10566 = FACE_BOUND('',#10567,.T.);
#10567 = EDGE_LOOP('',(#10568,#10576,#10582,#10583));
#10568 = ORIENTED_EDGE('',*,*,#10569,.T.);
#10569 = EDGE_CURVE('',#9639,#10570,#10572,.T.);
#10570 = VERTEX_POINT('',#10571);
#10571 = CARTESIAN_POINT('',(5.12,0.12,5.1));
#10572 = LINE('',#10573,#10574);
#10573 = CARTESIAN_POINT('',(5.146666666667,0.146666666667,
    5.073333333333));
#10574 = VECTOR('',#10575,1.);
#10575 = DIRECTION('',(-0.57735026919,-0.57735026919,0.57735026919));
#10576 = ORIENTED_EDGE('',*,*,#10577,.T.);
#10577 = EDGE_CURVE('',#10570,#10547,#10578,.T.);
#10578 = LINE('',#10579,#10580);
#10579 = CARTESIAN_POINT('',(5.12,0.32,5.1));
#10580 = VECTOR('',#10581,1.);
#10581 = DIRECTION('',(0.,-1.,0.));
#10582 = ORIENTED_EDGE('',*,*,#10554,.T.);
#10583 = ORIENTED_EDGE('',*,*,#9646,.F.);
#10584 = PLANE('',#10585);
#10585 = AXIS2_PLACEMENT_3D('',#10586,#10587,#10588);
#10586 = CARTESIAN_POINT('',(5.22,0.32,5.));
#10587 = DIRECTION('',(-0.707106781187,-1.735417226644E-18,
    -0.707106781187));
#10588 = DIRECTION('',(-1.227125289148E-18,1.,-1.227125289148E-18));
#10589 = ADVANCED_FACE('',(#10590),#10608,.T.);
#10590 = FACE_BOUND('',#10591,.F.);
#10591 = EDGE_LOOP('',(#10592,#10600,#10601,#10602));
#10592 = ORIENTED_EDGE('',*,*,#10593,.F.);
#10593 = EDGE_CURVE('',#9662,#10594,#10596,.T.);
#10594 = VERTEX_POINT('',#10595);
#10595 = CARTESIAN_POINT('',(4.88,0.12,5.1));
#10596 = LINE('',#10597,#10598);
#10597 = CARTESIAN_POINT('',(4.746666666667,0.253333333333,
    4.966666666667));
#10598 = VECTOR('',#10599,1.);
#10599 = DIRECTION('',(0.57735026919,-0.57735026919,0.57735026919));
#10600 = ORIENTED_EDGE('',*,*,#9671,.T.);
#10601 = ORIENTED_EDGE('',*,*,#10569,.T.);
#10602 = ORIENTED_EDGE('',*,*,#10603,.F.);
#10603 = EDGE_CURVE('',#10594,#10570,#10604,.T.);
#10604 = LINE('',#10605,#10606);
#10605 = CARTESIAN_POINT('',(4.68,0.12,5.1));
#10606 = VECTOR('',#10607,1.);
#10607 = DIRECTION('',(1.,0.,0.));
#10608 = PLANE('',#10609);
#10609 = AXIS2_PLACEMENT_3D('',#10610,#10611,#10612);
#10610 = CARTESIAN_POINT('',(4.68,0.22,5.));
#10611 = DIRECTION('',(1.735417226644E-18,0.707106781187,0.707106781187)
  );
#10612 = DIRECTION('',(-1.,1.227125289148E-18,1.227125289148E-18));
#10613 = ADVANCED_FACE('',(#10614),#10625,.T.);
#10614 = FACE_BOUND('',#10615,.F.);
#10615 = EDGE_LOOP('',(#10616,#10617,#10623,#10624));
#10616 = ORIENTED_EDGE('',*,*,#10593,.T.);
#10617 = ORIENTED_EDGE('',*,*,#10618,.T.);
#10618 = EDGE_CURVE('',#10594,#10539,#10619,.T.);
#10619 = LINE('',#10620,#10621);
#10620 = CARTESIAN_POINT('',(4.88,0.32,5.1));
#10621 = VECTOR('',#10622,1.);
#10622 = DIRECTION('',(0.,-1.,0.));
#10623 = ORIENTED_EDGE('',*,*,#10538,.T.);
#10624 = ORIENTED_EDGE('',*,*,#9687,.F.);
#10625 = PLANE('',#10626);
#10626 = AXIS2_PLACEMENT_3D('',#10627,#10628,#10629);
#10627 = CARTESIAN_POINT('',(4.78,0.32,5.));
#10628 = DIRECTION('',(-0.707106781187,1.735417226644E-18,0.707106781187
    ));
#10629 = DIRECTION('',(1.227125289148E-18,1.,-1.227125289148E-18));
#10630 = ADVANCED_FACE('',(#10631),#10656,.F.);
#10631 = FACE_BOUND('',#10632,.T.);
#10632 = EDGE_LOOP('',(#10633,#10641,#10649,#10655));
#10633 = ORIENTED_EDGE('',*,*,#10634,.T.);
#10634 = EDGE_CURVE('',#9704,#10635,#10637,.T.);
#10635 = VERTEX_POINT('',#10636);
#10636 = CARTESIAN_POINT('',(2.62,0.12,5.1));
#10637 = LINE('',#10638,#10639);
#10638 = CARTESIAN_POINT('',(2.646666666667,0.146666666667,
    5.073333333333));
#10639 = VECTOR('',#10640,1.);
#10640 = DIRECTION('',(-0.57735026919,-0.57735026919,0.57735026919));
#10641 = ORIENTED_EDGE('',*,*,#10642,.T.);
#10642 = EDGE_CURVE('',#10635,#10643,#10645,.T.);
#10643 = VERTEX_POINT('',#10644);
#10644 = CARTESIAN_POINT('',(2.62,-0.12,5.1));
#10645 = LINE('',#10646,#10647);
#10646 = CARTESIAN_POINT('',(2.62,0.32,5.1));
#10647 = VECTOR('',#10648,1.);
#10648 = DIRECTION('',(0.,-1.,0.));
#10649 = ORIENTED_EDGE('',*,*,#10650,.T.);
#10650 = EDGE_CURVE('',#10643,#9712,#10651,.T.);
#10651 = LINE('',#10652,#10653);
#10652 = CARTESIAN_POINT('',(2.54,-4.E-02,5.18));
#10653 = VECTOR('',#10654,1.);
#10654 = DIRECTION('',(0.57735026919,-0.57735026919,-0.57735026919));
#10655 = ORIENTED_EDGE('',*,*,#9711,.F.);
#10656 = PLANE('',#10657);
#10657 = AXIS2_PLACEMENT_3D('',#10658,#10659,#10660);
#10658 = CARTESIAN_POINT('',(2.72,0.32,5.));
#10659 = DIRECTION('',(-0.707106781187,-1.735417226644E-18,
    -0.707106781187));
#10660 = DIRECTION('',(-1.227125289148E-18,1.,-1.227125289148E-18));
#10661 = ADVANCED_FACE('',(#10662),#10680,.T.);
#10662 = FACE_BOUND('',#10663,.F.);
#10663 = EDGE_LOOP('',(#10664,#10672,#10673,#10674));
#10664 = ORIENTED_EDGE('',*,*,#10665,.F.);
#10665 = EDGE_CURVE('',#9734,#10666,#10668,.T.);
#10666 = VERTEX_POINT('',#10667);
#10667 = CARTESIAN_POINT('',(2.38,0.12,5.1));
#10668 = LINE('',#10669,#10670);
#10669 = CARTESIAN_POINT('',(2.246666666667,0.253333333333,
    4.966666666667));
#10670 = VECTOR('',#10671,1.);
#10671 = DIRECTION('',(0.57735026919,-0.57735026919,0.57735026919));
#10672 = ORIENTED_EDGE('',*,*,#9743,.T.);
#10673 = ORIENTED_EDGE('',*,*,#10634,.T.);
#10674 = ORIENTED_EDGE('',*,*,#10675,.F.);
#10675 = EDGE_CURVE('',#10666,#10635,#10676,.T.);
#10676 = LINE('',#10677,#10678);
#10677 = CARTESIAN_POINT('',(2.18,0.12,5.1));
#10678 = VECTOR('',#10679,1.);
#10679 = DIRECTION('',(1.,0.,0.));
#10680 = PLANE('',#10681);
#10681 = AXIS2_PLACEMENT_3D('',#10682,#10683,#10684);
#10682 = CARTESIAN_POINT('',(2.18,0.22,5.));
#10683 = DIRECTION('',(1.735417226644E-18,0.707106781187,0.707106781187)
  );
#10684 = DIRECTION('',(-1.,1.227125289148E-18,1.227125289148E-18));
#10685 = ADVANCED_FACE('',(#10686),#10704,.T.);
#10686 = FACE_BOUND('',#10687,.F.);
#10687 = EDGE_LOOP('',(#10688,#10689,#10697,#10703));
#10688 = ORIENTED_EDGE('',*,*,#10665,.T.);
#10689 = ORIENTED_EDGE('',*,*,#10690,.T.);
#10690 = EDGE_CURVE('',#10666,#10691,#10693,.T.);
#10691 = VERTEX_POINT('',#10692);
#10692 = CARTESIAN_POINT('',(2.38,-0.12,5.1));
#10693 = LINE('',#10694,#10695);
#10694 = CARTESIAN_POINT('',(2.38,0.32,5.1));
#10695 = VECTOR('',#10696,1.);
#10696 = DIRECTION('',(0.,-1.,0.));
#10697 = ORIENTED_EDGE('',*,*,#10698,.T.);
#10698 = EDGE_CURVE('',#10691,#9760,#10699,.T.);
#10699 = LINE('',#10700,#10701);
#10700 = CARTESIAN_POINT('',(2.353333333333,-0.146666666667,
    5.073333333333));
#10701 = VECTOR('',#10702,1.);
#10702 = DIRECTION('',(-0.57735026919,-0.57735026919,-0.57735026919));
#10703 = ORIENTED_EDGE('',*,*,#9759,.F.);
#10704 = PLANE('',#10705);
#10705 = AXIS2_PLACEMENT_3D('',#10706,#10707,#10708);
#10706 = CARTESIAN_POINT('',(2.28,0.32,5.));
#10707 = DIRECTION('',(-0.707106781187,1.735417226644E-18,0.707106781187
    ));
#10708 = DIRECTION('',(1.227125289148E-18,1.,-1.227125289148E-18));
#10709 = ADVANCED_FACE('',(#10710),#10721,.T.);
#10710 = FACE_BOUND('',#10711,.F.);
#10711 = EDGE_LOOP('',(#10712,#10713,#10719,#10720));
#10712 = ORIENTED_EDGE('',*,*,#10698,.F.);
#10713 = ORIENTED_EDGE('',*,*,#10714,.T.);
#10714 = EDGE_CURVE('',#10691,#10643,#10715,.T.);
#10715 = LINE('',#10716,#10717);
#10716 = CARTESIAN_POINT('',(2.18,-0.12,5.1));
#10717 = VECTOR('',#10718,1.);
#10718 = DIRECTION('',(1.,0.,0.));
#10719 = ORIENTED_EDGE('',*,*,#10650,.T.);
#10720 = ORIENTED_EDGE('',*,*,#9782,.F.);
#10721 = PLANE('',#10722);
#10722 = AXIS2_PLACEMENT_3D('',#10723,#10724,#10725);
#10723 = CARTESIAN_POINT('',(2.18,-0.22,5.));
#10724 = DIRECTION('',(-1.735417226644E-18,-0.707106781187,
    0.707106781187));
#10725 = DIRECTION('',(-1.,1.227125289148E-18,-1.227125289148E-18));
#10726 = ADVANCED_FACE('',(#10727),#10752,.F.);
#10727 = FACE_BOUND('',#10728,.T.);
#10728 = EDGE_LOOP('',(#10729,#10737,#10745,#10751));
#10729 = ORIENTED_EDGE('',*,*,#10730,.T.);
#10730 = EDGE_CURVE('',#9800,#10731,#10733,.T.);
#10731 = VERTEX_POINT('',#10732);
#10732 = CARTESIAN_POINT('',(10.12,0.12,5.1));
#10733 = LINE('',#10734,#10735);
#10734 = CARTESIAN_POINT('',(10.146666666667,0.146666666667,
    5.073333333333));
#10735 = VECTOR('',#10736,1.);
#10736 = DIRECTION('',(-0.57735026919,-0.57735026919,0.57735026919));
#10737 = ORIENTED_EDGE('',*,*,#10738,.T.);
#10738 = EDGE_CURVE('',#10731,#10739,#10741,.T.);
#10739 = VERTEX_POINT('',#10740);
#10740 = CARTESIAN_POINT('',(10.12,-0.12,5.1));
#10741 = LINE('',#10742,#10743);
#10742 = CARTESIAN_POINT('',(10.12,0.32,5.1));
#10743 = VECTOR('',#10744,1.);
#10744 = DIRECTION('',(0.,-1.,0.));
#10745 = ORIENTED_EDGE('',*,*,#10746,.T.);
#10746 = EDGE_CURVE('',#10739,#9808,#10747,.T.);
#10747 = LINE('',#10748,#10749);
#10748 = CARTESIAN_POINT('',(10.04,-4.E-02,5.18));
#10749 = VECTOR('',#10750,1.);
#10750 = DIRECTION('',(0.57735026919,-0.57735026919,-0.57735026919));
#10751 = ORIENTED_EDGE('',*,*,#9807,.F.);
#10752 = PLANE('',#10753);
#10753 = AXIS2_PLACEMENT_3D('',#10754,#10755,#10756);
#10754 = CARTESIAN_POINT('',(10.22,0.32,5.));
#10755 = DIRECTION('',(-0.707106781187,-1.735417226644E-18,
    -0.707106781187));
#10756 = DIRECTION('',(-1.227125289148E-18,1.,-1.227125289148E-18));
#10757 = ADVANCED_FACE('',(#10758),#10776,.T.);
#10758 = FACE_BOUND('',#10759,.F.);
#10759 = EDGE_LOOP('',(#10760,#10768,#10769,#10770));
#10760 = ORIENTED_EDGE('',*,*,#10761,.F.);
#10761 = EDGE_CURVE('',#9830,#10762,#10764,.T.);
#10762 = VERTEX_POINT('',#10763);
#10763 = CARTESIAN_POINT('',(9.88,0.12,5.1));
#10764 = LINE('',#10765,#10766);
#10765 = CARTESIAN_POINT('',(9.746666666667,0.253333333333,
    4.966666666667));
#10766 = VECTOR('',#10767,1.);
#10767 = DIRECTION('',(0.57735026919,-0.57735026919,0.57735026919));
#10768 = ORIENTED_EDGE('',*,*,#9839,.T.);
#10769 = ORIENTED_EDGE('',*,*,#10730,.T.);
#10770 = ORIENTED_EDGE('',*,*,#10771,.F.);
#10771 = EDGE_CURVE('',#10762,#10731,#10772,.T.);
#10772 = LINE('',#10773,#10774);
#10773 = CARTESIAN_POINT('',(9.68,0.12,5.1));
#10774 = VECTOR('',#10775,1.);
#10775 = DIRECTION('',(1.,0.,0.));
#10776 = PLANE('',#10777);
#10777 = AXIS2_PLACEMENT_3D('',#10778,#10779,#10780);
#10778 = CARTESIAN_POINT('',(9.68,0.22,5.));
#10779 = DIRECTION('',(1.735417226644E-18,0.707106781187,0.707106781187)
  );
#10780 = DIRECTION('',(-1.,1.227125289148E-18,1.227125289148E-18));
#10781 = ADVANCED_FACE('',(#10782),#10800,.T.);
#10782 = FACE_BOUND('',#10783,.F.);
#10783 = EDGE_LOOP('',(#10784,#10785,#10793,#10799));
#10784 = ORIENTED_EDGE('',*,*,#10761,.T.);
#10785 = ORIENTED_EDGE('',*,*,#10786,.T.);
#10786 = EDGE_CURVE('',#10762,#10787,#10789,.T.);
#10787 = VERTEX_POINT('',#10788);
#10788 = CARTESIAN_POINT('',(9.88,-0.12,5.1));
#10789 = LINE('',#10790,#10791);
#10790 = CARTESIAN_POINT('',(9.88,0.32,5.1));
#10791 = VECTOR('',#10792,1.);
#10792 = DIRECTION('',(0.,-1.,0.));
#10793 = ORIENTED_EDGE('',*,*,#10794,.T.);
#10794 = EDGE_CURVE('',#10787,#9856,#10795,.T.);
#10795 = LINE('',#10796,#10797);
#10796 = CARTESIAN_POINT('',(9.853333333333,-0.146666666667,
    5.073333333333));
#10797 = VECTOR('',#10798,1.);
#10798 = DIRECTION('',(-0.57735026919,-0.57735026919,-0.57735026919));
#10799 = ORIENTED_EDGE('',*,*,#9855,.F.);
#10800 = PLANE('',#10801);
#10801 = AXIS2_PLACEMENT_3D('',#10802,#10803,#10804);
#10802 = CARTESIAN_POINT('',(9.78,0.32,5.));
#10803 = DIRECTION('',(-0.707106781187,1.735417226644E-18,0.707106781187
    ));
#10804 = DIRECTION('',(1.227125289148E-18,1.,-1.227125289148E-18));
#10805 = ADVANCED_FACE('',(#10806),#10817,.T.);
#10806 = FACE_BOUND('',#10807,.F.);
#10807 = EDGE_LOOP('',(#10808,#10809,#10815,#10816));
#10808 = ORIENTED_EDGE('',*,*,#10794,.F.);
#10809 = ORIENTED_EDGE('',*,*,#10810,.T.);
#10810 = EDGE_CURVE('',#10787,#10739,#10811,.T.);
#10811 = LINE('',#10812,#10813);
#10812 = CARTESIAN_POINT('',(9.68,-0.12,5.1));
#10813 = VECTOR('',#10814,1.);
#10814 = DIRECTION('',(1.,0.,0.));
#10815 = ORIENTED_EDGE('',*,*,#10746,.T.);
#10816 = ORIENTED_EDGE('',*,*,#9878,.F.);
#10817 = PLANE('',#10818);
#10818 = AXIS2_PLACEMENT_3D('',#10819,#10820,#10821);
#10819 = CARTESIAN_POINT('',(9.68,-0.22,5.));
#10820 = DIRECTION('',(-1.735417226644E-18,-0.707106781187,
    0.707106781187));
#10821 = DIRECTION('',(-1.,1.227125289148E-18,-1.227125289148E-18));
#10822 = ADVANCED_FACE('',(#10823),#10848,.F.);
#10823 = FACE_BOUND('',#10824,.T.);
#10824 = EDGE_LOOP('',(#10825,#10833,#10841,#10847));
#10825 = ORIENTED_EDGE('',*,*,#10826,.T.);
#10826 = EDGE_CURVE('',#9896,#10827,#10829,.T.);
#10827 = VERTEX_POINT('',#10828);
#10828 = CARTESIAN_POINT('',(7.62,0.12,5.1));
#10829 = LINE('',#10830,#10831);
#10830 = CARTESIAN_POINT('',(7.646666666667,0.146666666667,
    5.073333333333));
#10831 = VECTOR('',#10832,1.);
#10832 = DIRECTION('',(-0.57735026919,-0.57735026919,0.57735026919));
#10833 = ORIENTED_EDGE('',*,*,#10834,.T.);
#10834 = EDGE_CURVE('',#10827,#10835,#10837,.T.);
#10835 = VERTEX_POINT('',#10836);
#10836 = CARTESIAN_POINT('',(7.62,-0.12,5.1));
#10837 = LINE('',#10838,#10839);
#10838 = CARTESIAN_POINT('',(7.62,0.32,5.1));
#10839 = VECTOR('',#10840,1.);
#10840 = DIRECTION('',(0.,-1.,0.));
#10841 = ORIENTED_EDGE('',*,*,#10842,.T.);
#10842 = EDGE_CURVE('',#10835,#9904,#10843,.T.);
#10843 = LINE('',#10844,#10845);
#10844 = CARTESIAN_POINT('',(7.54,-4.E-02,5.18));
#10845 = VECTOR('',#10846,1.);
#10846 = DIRECTION('',(0.57735026919,-0.57735026919,-0.57735026919));
#10847 = ORIENTED_EDGE('',*,*,#9903,.F.);
#10848 = PLANE('',#10849);
#10849 = AXIS2_PLACEMENT_3D('',#10850,#10851,#10852);
#10850 = CARTESIAN_POINT('',(7.72,0.32,5.));
#10851 = DIRECTION('',(-0.707106781187,-1.735417226644E-18,
    -0.707106781187));
#10852 = DIRECTION('',(-1.227125289148E-18,1.,-1.227125289148E-18));
#10853 = ADVANCED_FACE('',(#10854),#10872,.T.);
#10854 = FACE_BOUND('',#10855,.F.);
#10855 = EDGE_LOOP('',(#10856,#10864,#10865,#10866));
#10856 = ORIENTED_EDGE('',*,*,#10857,.F.);
#10857 = EDGE_CURVE('',#9926,#10858,#10860,.T.);
#10858 = VERTEX_POINT('',#10859);
#10859 = CARTESIAN_POINT('',(7.38,0.12,5.1));
#10860 = LINE('',#10861,#10862);
#10861 = CARTESIAN_POINT('',(7.246666666667,0.253333333333,
    4.966666666667));
#10862 = VECTOR('',#10863,1.);
#10863 = DIRECTION('',(0.57735026919,-0.57735026919,0.57735026919));
#10864 = ORIENTED_EDGE('',*,*,#9935,.T.);
#10865 = ORIENTED_EDGE('',*,*,#10826,.T.);
#10866 = ORIENTED_EDGE('',*,*,#10867,.F.);
#10867 = EDGE_CURVE('',#10858,#10827,#10868,.T.);
#10868 = LINE('',#10869,#10870);
#10869 = CARTESIAN_POINT('',(7.18,0.12,5.1));
#10870 = VECTOR('',#10871,1.);
#10871 = DIRECTION('',(1.,0.,0.));
#10872 = PLANE('',#10873);
#10873 = AXIS2_PLACEMENT_3D('',#10874,#10875,#10876);
#10874 = CARTESIAN_POINT('',(7.18,0.22,5.));
#10875 = DIRECTION('',(1.735417226644E-18,0.707106781187,0.707106781187)
  );
#10876 = DIRECTION('',(-1.,1.227125289148E-18,1.227125289148E-18));
#10877 = ADVANCED_FACE('',(#10878),#10896,.T.);
#10878 = FACE_BOUND('',#10879,.F.);
#10879 = EDGE_LOOP('',(#10880,#10881,#10889,#10895));
#10880 = ORIENTED_EDGE('',*,*,#10857,.T.);
#10881 = ORIENTED_EDGE('',*,*,#10882,.T.);
#10882 = EDGE_CURVE('',#10858,#10883,#10885,.T.);
#10883 = VERTEX_POINT('',#10884);
#10884 = CARTESIAN_POINT('',(7.38,-0.12,5.1));
#10885 = LINE('',#10886,#10887);
#10886 = CARTESIAN_POINT('',(7.38,0.32,5.1));
#10887 = VECTOR('',#10888,1.);
#10888 = DIRECTION('',(0.,-1.,0.));
#10889 = ORIENTED_EDGE('',*,*,#10890,.T.);
#10890 = EDGE_CURVE('',#10883,#9952,#10891,.T.);
#10891 = LINE('',#10892,#10893);
#10892 = CARTESIAN_POINT('',(7.353333333333,-0.146666666667,
    5.073333333333));
#10893 = VECTOR('',#10894,1.);
#10894 = DIRECTION('',(-0.57735026919,-0.57735026919,-0.57735026919));
#10895 = ORIENTED_EDGE('',*,*,#9951,.F.);
#10896 = PLANE('',#10897);
#10897 = AXIS2_PLACEMENT_3D('',#10898,#10899,#10900);
#10898 = CARTESIAN_POINT('',(7.28,0.32,5.));
#10899 = DIRECTION('',(-0.707106781187,1.735417226644E-18,0.707106781187
    ));
#10900 = DIRECTION('',(1.227125289148E-18,1.,-1.227125289148E-18));
#10901 = ADVANCED_FACE('',(#10902),#10913,.T.);
#10902 = FACE_BOUND('',#10903,.F.);
#10903 = EDGE_LOOP('',(#10904,#10905,#10911,#10912));
#10904 = ORIENTED_EDGE('',*,*,#10890,.F.);
#10905 = ORIENTED_EDGE('',*,*,#10906,.T.);
#10906 = EDGE_CURVE('',#10883,#10835,#10907,.T.);
#10907 = LINE('',#10908,#10909);
#10908 = CARTESIAN_POINT('',(7.18,-0.12,5.1));
#10909 = VECTOR('',#10910,1.);
#10910 = DIRECTION('',(1.,0.,0.));
#10911 = ORIENTED_EDGE('',*,*,#10842,.T.);
#10912 = ORIENTED_EDGE('',*,*,#9974,.F.);
#10913 = PLANE('',#10914);
#10914 = AXIS2_PLACEMENT_3D('',#10915,#10916,#10917);
#10915 = CARTESIAN_POINT('',(7.18,-0.22,5.));
#10916 = DIRECTION('',(-1.735417226644E-18,-0.707106781187,
    0.707106781187));
#10917 = DIRECTION('',(-1.,1.227125289148E-18,-1.227125289148E-18));
#10918 = ADVANCED_FACE('',(#10919),#10944,.T.);
#10919 = FACE_BOUND('',#10920,.F.);
#10920 = EDGE_LOOP('',(#10921,#10929,#10937,#10943));
#10921 = ORIENTED_EDGE('',*,*,#10922,.T.);
#10922 = EDGE_CURVE('',#9992,#10923,#10925,.T.);
#10923 = VERTEX_POINT('',#10924);
#10924 = CARTESIAN_POINT('',(17.38,0.12,5.1));
#10925 = LINE('',#10926,#10927);
#10926 = CARTESIAN_POINT('',(17.246666666667,0.253333333333,
    4.966666666667));
#10927 = VECTOR('',#10928,1.);
#10928 = DIRECTION('',(0.57735026919,-0.57735026919,0.57735026919));
#10929 = ORIENTED_EDGE('',*,*,#10930,.T.);
#10930 = EDGE_CURVE('',#10923,#10931,#10933,.T.);
#10931 = VERTEX_POINT('',#10932);
#10932 = CARTESIAN_POINT('',(17.38,-0.12,5.1));
#10933 = LINE('',#10934,#10935);
#10934 = CARTESIAN_POINT('',(17.38,0.32,5.1));
#10935 = VECTOR('',#10936,1.);
#10936 = DIRECTION('',(0.,-1.,0.));
#10937 = ORIENTED_EDGE('',*,*,#10938,.T.);
#10938 = EDGE_CURVE('',#10931,#10000,#10939,.T.);
#10939 = LINE('',#10940,#10941);
#10940 = CARTESIAN_POINT('',(17.353333333333,-0.146666666667,
    5.073333333333));
#10941 = VECTOR('',#10942,1.);
#10942 = DIRECTION('',(-0.57735026919,-0.57735026919,-0.57735026919));
#10943 = ORIENTED_EDGE('',*,*,#9999,.F.);
#10944 = PLANE('',#10945);
#10945 = AXIS2_PLACEMENT_3D('',#10946,#10947,#10948);
#10946 = CARTESIAN_POINT('',(17.28,0.32,5.));
#10947 = DIRECTION('',(-0.707106781187,1.735417226644E-18,0.707106781187
    ));
#10948 = DIRECTION('',(1.227125289148E-18,1.,-1.227125289148E-18));
#10949 = ADVANCED_FACE('',(#10950),#10968,.T.);
#10950 = FACE_BOUND('',#10951,.F.);
#10951 = EDGE_LOOP('',(#10952,#10953,#10961,#10967));
#10952 = ORIENTED_EDGE('',*,*,#10938,.F.);
#10953 = ORIENTED_EDGE('',*,*,#10954,.T.);
#10954 = EDGE_CURVE('',#10931,#10955,#10957,.T.);
#10955 = VERTEX_POINT('',#10956);
#10956 = CARTESIAN_POINT('',(17.62,-0.12,5.1));
#10957 = LINE('',#10958,#10959);
#10958 = CARTESIAN_POINT('',(17.18,-0.12,5.1));
#10959 = VECTOR('',#10960,1.);
#10960 = DIRECTION('',(1.,0.,0.));
#10961 = ORIENTED_EDGE('',*,*,#10962,.T.);
#10962 = EDGE_CURVE('',#10955,#10023,#10963,.T.);
#10963 = LINE('',#10964,#10965);
#10964 = CARTESIAN_POINT('',(17.54,-4.E-02,5.18));
#10965 = VECTOR('',#10966,1.);
#10966 = DIRECTION('',(0.57735026919,-0.57735026919,-0.57735026919));
#10967 = ORIENTED_EDGE('',*,*,#10022,.F.);
#10968 = PLANE('',#10969);
#10969 = AXIS2_PLACEMENT_3D('',#10970,#10971,#10972);
#10970 = CARTESIAN_POINT('',(17.18,-0.22,5.));
#10971 = DIRECTION('',(-1.735417226644E-18,-0.707106781187,
    0.707106781187));
#10972 = DIRECTION('',(-1.,1.227125289148E-18,-1.227125289148E-18));
#10973 = ADVANCED_FACE('',(#10974),#10992,.F.);
#10974 = FACE_BOUND('',#10975,.T.);
#10975 = EDGE_LOOP('',(#10976,#10984,#10990,#10991));
#10976 = ORIENTED_EDGE('',*,*,#10977,.T.);
#10977 = EDGE_CURVE('',#10047,#10978,#10980,.T.);
#10978 = VERTEX_POINT('',#10979);
#10979 = CARTESIAN_POINT('',(17.62,0.12,5.1));
#10980 = LINE('',#10981,#10982);
#10981 = CARTESIAN_POINT('',(17.646666666667,0.146666666667,
    5.073333333333));
#10982 = VECTOR('',#10983,1.);
#10983 = DIRECTION('',(-0.57735026919,-0.57735026919,0.57735026919));
#10984 = ORIENTED_EDGE('',*,*,#10985,.T.);
#10985 = EDGE_CURVE('',#10978,#10955,#10986,.T.);
#10986 = LINE('',#10987,#10988);
#10987 = CARTESIAN_POINT('',(17.62,0.32,5.1));
#10988 = VECTOR('',#10989,1.);
#10989 = DIRECTION('',(0.,-1.,0.));
#10990 = ORIENTED_EDGE('',*,*,#10962,.T.);
#10991 = ORIENTED_EDGE('',*,*,#10054,.F.);
#10992 = PLANE('',#10993);
#10993 = AXIS2_PLACEMENT_3D('',#10994,#10995,#10996);
#10994 = CARTESIAN_POINT('',(17.72,0.32,5.));
#10995 = DIRECTION('',(-0.707106781187,-1.735417226644E-18,
    -0.707106781187));
#10996 = DIRECTION('',(-1.227125289148E-18,1.,-1.227125289148E-18));
#10997 = ADVANCED_FACE('',(#10998),#11009,.T.);
#10998 = FACE_BOUND('',#10999,.F.);
#10999 = EDGE_LOOP('',(#11000,#11001,#11002,#11003));
#11000 = ORIENTED_EDGE('',*,*,#10922,.F.);
#11001 = ORIENTED_EDGE('',*,*,#10072,.T.);
#11002 = ORIENTED_EDGE('',*,*,#10977,.T.);
#11003 = ORIENTED_EDGE('',*,*,#11004,.F.);
#11004 = EDGE_CURVE('',#10923,#10978,#11005,.T.);
#11005 = LINE('',#11006,#11007);
#11006 = CARTESIAN_POINT('',(17.18,0.12,5.1));
#11007 = VECTOR('',#11008,1.);
#11008 = DIRECTION('',(1.,0.,0.));
#11009 = PLANE('',#11010);
#11010 = AXIS2_PLACEMENT_3D('',#11011,#11012,#11013);
#11011 = CARTESIAN_POINT('',(17.18,0.22,5.));
#11012 = DIRECTION('',(1.735417226644E-18,0.707106781187,0.707106781187)
  );
#11013 = DIRECTION('',(-1.,1.227125289148E-18,1.227125289148E-18));
#11014 = ADVANCED_FACE('',(#11015),#11040,.F.);
#11015 = FACE_BOUND('',#11016,.T.);
#11016 = EDGE_LOOP('',(#11017,#11025,#11033,#11039));
#11017 = ORIENTED_EDGE('',*,*,#11018,.T.);
#11018 = EDGE_CURVE('',#10088,#11019,#11021,.T.);
#11019 = VERTEX_POINT('',#11020);
#11020 = CARTESIAN_POINT('',(15.12,0.12,5.1));
#11021 = LINE('',#11022,#11023);
#11022 = CARTESIAN_POINT('',(15.146666666667,0.146666666667,
    5.073333333333));
#11023 = VECTOR('',#11024,1.);
#11024 = DIRECTION('',(-0.57735026919,-0.57735026919,0.57735026919));
#11025 = ORIENTED_EDGE('',*,*,#11026,.T.);
#11026 = EDGE_CURVE('',#11019,#11027,#11029,.T.);
#11027 = VERTEX_POINT('',#11028);
#11028 = CARTESIAN_POINT('',(15.12,-0.12,5.1));
#11029 = LINE('',#11030,#11031);
#11030 = CARTESIAN_POINT('',(15.12,0.32,5.1));
#11031 = VECTOR('',#11032,1.);
#11032 = DIRECTION('',(0.,-1.,0.));
#11033 = ORIENTED_EDGE('',*,*,#11034,.T.);
#11034 = EDGE_CURVE('',#11027,#10096,#11035,.T.);
#11035 = LINE('',#11036,#11037);
#11036 = CARTESIAN_POINT('',(15.04,-4.E-02,5.18));
#11037 = VECTOR('',#11038,1.);
#11038 = DIRECTION('',(0.57735026919,-0.57735026919,-0.57735026919));
#11039 = ORIENTED_EDGE('',*,*,#10095,.F.);
#11040 = PLANE('',#11041);
#11041 = AXIS2_PLACEMENT_3D('',#11042,#11043,#11044);
#11042 = CARTESIAN_POINT('',(15.22,0.32,5.));
#11043 = DIRECTION('',(-0.707106781187,-1.735417226644E-18,
    -0.707106781187));
#11044 = DIRECTION('',(-1.227125289148E-18,1.,-1.227125289148E-18));
#11045 = ADVANCED_FACE('',(#11046),#11064,.T.);
#11046 = FACE_BOUND('',#11047,.F.);
#11047 = EDGE_LOOP('',(#11048,#11056,#11057,#11058));
#11048 = ORIENTED_EDGE('',*,*,#11049,.F.);
#11049 = EDGE_CURVE('',#10118,#11050,#11052,.T.);
#11050 = VERTEX_POINT('',#11051);
#11051 = CARTESIAN_POINT('',(14.88,0.12,5.1));
#11052 = LINE('',#11053,#11054);
#11053 = CARTESIAN_POINT('',(14.746666666667,0.253333333333,
    4.966666666667));
#11054 = VECTOR('',#11055,1.);
#11055 = DIRECTION('',(0.57735026919,-0.57735026919,0.57735026919));
#11056 = ORIENTED_EDGE('',*,*,#10127,.T.);
#11057 = ORIENTED_EDGE('',*,*,#11018,.T.);
#11058 = ORIENTED_EDGE('',*,*,#11059,.F.);
#11059 = EDGE_CURVE('',#11050,#11019,#11060,.T.);
#11060 = LINE('',#11061,#11062);
#11061 = CARTESIAN_POINT('',(14.68,0.12,5.1));
#11062 = VECTOR('',#11063,1.);
#11063 = DIRECTION('',(1.,0.,0.));
#11064 = PLANE('',#11065);
#11065 = AXIS2_PLACEMENT_3D('',#11066,#11067,#11068);
#11066 = CARTESIAN_POINT('',(14.68,0.22,5.));
#11067 = DIRECTION('',(1.735417226644E-18,0.707106781187,0.707106781187)
  );
#11068 = DIRECTION('',(-1.,1.227125289148E-18,1.227125289148E-18));
#11069 = ADVANCED_FACE('',(#11070),#11088,.T.);
#11070 = FACE_BOUND('',#11071,.F.);
#11071 = EDGE_LOOP('',(#11072,#11073,#11081,#11087));
#11072 = ORIENTED_EDGE('',*,*,#11049,.T.);
#11073 = ORIENTED_EDGE('',*,*,#11074,.T.);
#11074 = EDGE_CURVE('',#11050,#11075,#11077,.T.);
#11075 = VERTEX_POINT('',#11076);
#11076 = CARTESIAN_POINT('',(14.88,-0.12,5.1));
#11077 = LINE('',#11078,#11079);
#11078 = CARTESIAN_POINT('',(14.88,0.32,5.1));
#11079 = VECTOR('',#11080,1.);
#11080 = DIRECTION('',(0.,-1.,0.));
#11081 = ORIENTED_EDGE('',*,*,#11082,.T.);
#11082 = EDGE_CURVE('',#11075,#10144,#11083,.T.);
#11083 = LINE('',#11084,#11085);
#11084 = CARTESIAN_POINT('',(14.853333333333,-0.146666666667,
    5.073333333333));
#11085 = VECTOR('',#11086,1.);
#11086 = DIRECTION('',(-0.57735026919,-0.57735026919,-0.57735026919));
#11087 = ORIENTED_EDGE('',*,*,#10143,.F.);
#11088 = PLANE('',#11089);
#11089 = AXIS2_PLACEMENT_3D('',#11090,#11091,#11092);
#11090 = CARTESIAN_POINT('',(14.78,0.32,5.));
#11091 = DIRECTION('',(-0.707106781187,1.735417226644E-18,0.707106781187
    ));
#11092 = DIRECTION('',(1.227125289148E-18,1.,-1.227125289148E-18));
#11093 = ADVANCED_FACE('',(#11094),#11105,.T.);
#11094 = FACE_BOUND('',#11095,.F.);
#11095 = EDGE_LOOP('',(#11096,#11097,#11103,#11104));
#11096 = ORIENTED_EDGE('',*,*,#11082,.F.);
#11097 = ORIENTED_EDGE('',*,*,#11098,.T.);
#11098 = EDGE_CURVE('',#11075,#11027,#11099,.T.);
#11099 = LINE('',#11100,#11101);
#11100 = CARTESIAN_POINT('',(14.68,-0.12,5.1));
#11101 = VECTOR('',#11102,1.);
#11102 = DIRECTION('',(1.,0.,0.));
#11103 = ORIENTED_EDGE('',*,*,#11034,.T.);
#11104 = ORIENTED_EDGE('',*,*,#10166,.F.);
#11105 = PLANE('',#11106);
#11106 = AXIS2_PLACEMENT_3D('',#11107,#11108,#11109);
#11107 = CARTESIAN_POINT('',(14.68,-0.22,5.));
#11108 = DIRECTION('',(-1.735417226644E-18,-0.707106781187,
    0.707106781187));
#11109 = DIRECTION('',(-1.,1.227125289148E-18,-1.227125289148E-18));
#11110 = ADVANCED_FACE('',(#11111),#11136,.T.);
#11111 = FACE_BOUND('',#11112,.F.);
#11112 = EDGE_LOOP('',(#11113,#11121,#11129,#11135));
#11113 = ORIENTED_EDGE('',*,*,#11114,.T.);
#11114 = EDGE_CURVE('',#10184,#11115,#11117,.T.);
#11115 = VERTEX_POINT('',#11116);
#11116 = CARTESIAN_POINT('',(12.38,0.12,5.1));
#11117 = LINE('',#11118,#11119);
#11118 = CARTESIAN_POINT('',(12.246666666667,0.253333333333,
    4.966666666667));
#11119 = VECTOR('',#11120,1.);
#11120 = DIRECTION('',(0.57735026919,-0.57735026919,0.57735026919));
#11121 = ORIENTED_EDGE('',*,*,#11122,.T.);
#11122 = EDGE_CURVE('',#11115,#11123,#11125,.T.);
#11123 = VERTEX_POINT('',#11124);
#11124 = CARTESIAN_POINT('',(12.38,-0.12,5.1));
#11125 = LINE('',#11126,#11127);
#11126 = CARTESIAN_POINT('',(12.38,0.32,5.1));
#11127 = VECTOR('',#11128,1.);
#11128 = DIRECTION('',(0.,-1.,0.));
#11129 = ORIENTED_EDGE('',*,*,#11130,.T.);
#11130 = EDGE_CURVE('',#11123,#10192,#11131,.T.);
#11131 = LINE('',#11132,#11133);
#11132 = CARTESIAN_POINT('',(12.353333333333,-0.146666666667,
    5.073333333333));
#11133 = VECTOR('',#11134,1.);
#11134 = DIRECTION('',(-0.57735026919,-0.57735026919,-0.57735026919));
#11135 = ORIENTED_EDGE('',*,*,#10191,.F.);
#11136 = PLANE('',#11137);
#11137 = AXIS2_PLACEMENT_3D('',#11138,#11139,#11140);
#11138 = CARTESIAN_POINT('',(12.28,0.32,5.));
#11139 = DIRECTION('',(-0.707106781187,1.735417226644E-18,0.707106781187
    ));
#11140 = DIRECTION('',(1.227125289148E-18,1.,-1.227125289148E-18));
#11141 = ADVANCED_FACE('',(#11142),#11160,.T.);
#11142 = FACE_BOUND('',#11143,.F.);
#11143 = EDGE_LOOP('',(#11144,#11145,#11153,#11159));
#11144 = ORIENTED_EDGE('',*,*,#11130,.F.);
#11145 = ORIENTED_EDGE('',*,*,#11146,.T.);
#11146 = EDGE_CURVE('',#11123,#11147,#11149,.T.);
#11147 = VERTEX_POINT('',#11148);
#11148 = CARTESIAN_POINT('',(12.62,-0.12,5.1));
#11149 = LINE('',#11150,#11151);
#11150 = CARTESIAN_POINT('',(12.18,-0.12,5.1));
#11151 = VECTOR('',#11152,1.);
#11152 = DIRECTION('',(1.,0.,0.));
#11153 = ORIENTED_EDGE('',*,*,#11154,.T.);
#11154 = EDGE_CURVE('',#11147,#10215,#11155,.T.);
#11155 = LINE('',#11156,#11157);
#11156 = CARTESIAN_POINT('',(12.54,-4.E-02,5.18));
#11157 = VECTOR('',#11158,1.);
#11158 = DIRECTION('',(0.57735026919,-0.57735026919,-0.57735026919));
#11159 = ORIENTED_EDGE('',*,*,#10214,.F.);
#11160 = PLANE('',#11161);
#11161 = AXIS2_PLACEMENT_3D('',#11162,#11163,#11164);
#11162 = CARTESIAN_POINT('',(12.18,-0.22,5.));
#11163 = DIRECTION('',(-1.735417226644E-18,-0.707106781187,
    0.707106781187));
#11164 = DIRECTION('',(-1.,1.227125289148E-18,-1.227125289148E-18));
#11165 = ADVANCED_FACE('',(#11166),#11184,.F.);
#11166 = FACE_BOUND('',#11167,.T.);
#11167 = EDGE_LOOP('',(#11168,#11176,#11182,#11183));
#11168 = ORIENTED_EDGE('',*,*,#11169,.T.);
#11169 = EDGE_CURVE('',#10239,#11170,#11172,.T.);
#11170 = VERTEX_POINT('',#11171);
#11171 = CARTESIAN_POINT('',(12.62,0.12,5.1));
#11172 = LINE('',#11173,#11174);
#11173 = CARTESIAN_POINT('',(12.646666666667,0.146666666667,
    5.073333333333));
#11174 = VECTOR('',#11175,1.);
#11175 = DIRECTION('',(-0.57735026919,-0.57735026919,0.57735026919));
#11176 = ORIENTED_EDGE('',*,*,#11177,.T.);
#11177 = EDGE_CURVE('',#11170,#11147,#11178,.T.);
#11178 = LINE('',#11179,#11180);
#11179 = CARTESIAN_POINT('',(12.62,0.32,5.1));
#11180 = VECTOR('',#11181,1.);
#11181 = DIRECTION('',(0.,-1.,0.));
#11182 = ORIENTED_EDGE('',*,*,#11154,.T.);
#11183 = ORIENTED_EDGE('',*,*,#10246,.F.);
#11184 = PLANE('',#11185);
#11185 = AXIS2_PLACEMENT_3D('',#11186,#11187,#11188);
#11186 = CARTESIAN_POINT('',(12.72,0.32,5.));
#11187 = DIRECTION('',(-0.707106781187,-1.735417226644E-18,
    -0.707106781187));
#11188 = DIRECTION('',(-1.227125289148E-18,1.,-1.227125289148E-18));
#11189 = ADVANCED_FACE('',(#11190),#11201,.T.);
#11190 = FACE_BOUND('',#11191,.F.);
#11191 = EDGE_LOOP('',(#11192,#11193,#11194,#11195));
#11192 = ORIENTED_EDGE('',*,*,#11114,.F.);
#11193 = ORIENTED_EDGE('',*,*,#10264,.T.);
#11194 = ORIENTED_EDGE('',*,*,#11169,.T.);
#11195 = ORIENTED_EDGE('',*,*,#11196,.F.);
#11196 = EDGE_CURVE('',#11115,#11170,#11197,.T.);
#11197 = LINE('',#11198,#11199);
#11198 = CARTESIAN_POINT('',(12.18,0.12,5.1));
#11199 = VECTOR('',#11200,1.);
#11200 = DIRECTION('',(1.,0.,0.));
#11201 = PLANE('',#11202);
#11202 = AXIS2_PLACEMENT_3D('',#11203,#11204,#11205);
#11203 = CARTESIAN_POINT('',(12.18,0.22,5.));
#11204 = DIRECTION('',(1.735417226644E-18,0.707106781187,0.707106781187)
  );
#11205 = DIRECTION('',(-1.,1.227125289148E-18,1.227125289148E-18));
#11206 = ADVANCED_FACE('',(#11207),#11213,.F.);
#11207 = FACE_BOUND('',#11208,.F.);
#11208 = EDGE_LOOP('',(#11209,#11210,#11211,#11212));
#11209 = ORIENTED_EDGE('',*,*,#10524,.T.);
#11210 = ORIENTED_EDGE('',*,*,#10505,.T.);
#11211 = ORIENTED_EDGE('',*,*,#10474,.F.);
#11212 = ORIENTED_EDGE('',*,*,#10450,.F.);
#11213 = PLANE('',#11214);
#11214 = AXIS2_PLACEMENT_3D('',#11215,#11216,#11217);
#11215 = CARTESIAN_POINT('',(-0.32,0.32,5.1));
#11216 = DIRECTION('',(0.,0.,-1.));
#11217 = DIRECTION('',(0.,-1.,0.));
#11218 = ADVANCED_FACE('',(#11219),#11225,.F.);
#11219 = FACE_BOUND('',#11220,.F.);
#11220 = EDGE_LOOP('',(#11221,#11222,#11223,#11224));
#11221 = ORIENTED_EDGE('',*,*,#10603,.T.);
#11222 = ORIENTED_EDGE('',*,*,#10577,.T.);
#11223 = ORIENTED_EDGE('',*,*,#10546,.F.);
#11224 = ORIENTED_EDGE('',*,*,#10618,.F.);
#11225 = PLANE('',#11226);
#11226 = AXIS2_PLACEMENT_3D('',#11227,#11228,#11229);
#11227 = CARTESIAN_POINT('',(4.68,0.32,5.1));
#11228 = DIRECTION('',(0.,0.,-1.));
#11229 = DIRECTION('',(0.,-1.,0.));
#11230 = ADVANCED_FACE('',(#11231),#11237,.F.);
#11231 = FACE_BOUND('',#11232,.F.);
#11232 = EDGE_LOOP('',(#11233,#11234,#11235,#11236));
#11233 = ORIENTED_EDGE('',*,*,#10675,.T.);
#11234 = ORIENTED_EDGE('',*,*,#10642,.T.);
#11235 = ORIENTED_EDGE('',*,*,#10714,.F.);
#11236 = ORIENTED_EDGE('',*,*,#10690,.F.);
#11237 = PLANE('',#11238);
#11238 = AXIS2_PLACEMENT_3D('',#11239,#11240,#11241);
#11239 = CARTESIAN_POINT('',(2.18,0.32,5.1));
#11240 = DIRECTION('',(0.,0.,-1.));
#11241 = DIRECTION('',(0.,-1.,0.));
#11242 = ADVANCED_FACE('',(#11243),#11249,.F.);
#11243 = FACE_BOUND('',#11244,.F.);
#11244 = EDGE_LOOP('',(#11245,#11246,#11247,#11248));
#11245 = ORIENTED_EDGE('',*,*,#10771,.T.);
#11246 = ORIENTED_EDGE('',*,*,#10738,.T.);
#11247 = ORIENTED_EDGE('',*,*,#10810,.F.);
#11248 = ORIENTED_EDGE('',*,*,#10786,.F.);
#11249 = PLANE('',#11250);
#11250 = AXIS2_PLACEMENT_3D('',#11251,#11252,#11253);
#11251 = CARTESIAN_POINT('',(9.68,0.32,5.1));
#11252 = DIRECTION('',(0.,0.,-1.));
#11253 = DIRECTION('',(0.,-1.,0.));
#11254 = ADVANCED_FACE('',(#11255),#11261,.F.);
#11255 = FACE_BOUND('',#11256,.F.);
#11256 = EDGE_LOOP('',(#11257,#11258,#11259,#11260));
#11257 = ORIENTED_EDGE('',*,*,#10867,.T.);
#11258 = ORIENTED_EDGE('',*,*,#10834,.T.);
#11259 = ORIENTED_EDGE('',*,*,#10906,.F.);
#11260 = ORIENTED_EDGE('',*,*,#10882,.F.);
#11261 = PLANE('',#11262);
#11262 = AXIS2_PLACEMENT_3D('',#11263,#11264,#11265);
#11263 = CARTESIAN_POINT('',(7.18,0.32,5.1));
#11264 = DIRECTION('',(0.,0.,-1.));
#11265 = DIRECTION('',(0.,-1.,0.));
#11266 = ADVANCED_FACE('',(#11267),#11273,.F.);
#11267 = FACE_BOUND('',#11268,.F.);
#11268 = EDGE_LOOP('',(#11269,#11270,#11271,#11272));
#11269 = ORIENTED_EDGE('',*,*,#11004,.T.);
#11270 = ORIENTED_EDGE('',*,*,#10985,.T.);
#11271 = ORIENTED_EDGE('',*,*,#10954,.F.);
#11272 = ORIENTED_EDGE('',*,*,#10930,.F.);
#11273 = PLANE('',#11274);
#11274 = AXIS2_PLACEMENT_3D('',#11275,#11276,#11277);
#11275 = CARTESIAN_POINT('',(17.18,0.32,5.1));
#11276 = DIRECTION('',(0.,0.,-1.));
#11277 = DIRECTION('',(0.,-1.,0.));
#11278 = ADVANCED_FACE('',(#11279),#11285,.F.);
#11279 = FACE_BOUND('',#11280,.F.);
#11280 = EDGE_LOOP('',(#11281,#11282,#11283,#11284));
#11281 = ORIENTED_EDGE('',*,*,#11059,.T.);
#11282 = ORIENTED_EDGE('',*,*,#11026,.T.);
#11283 = ORIENTED_EDGE('',*,*,#11098,.F.);
#11284 = ORIENTED_EDGE('',*,*,#11074,.F.);
#11285 = PLANE('',#11286);
#11286 = AXIS2_PLACEMENT_3D('',#11287,#11288,#11289);
#11287 = CARTESIAN_POINT('',(14.68,0.32,5.1));
#11288 = DIRECTION('',(0.,0.,-1.));
#11289 = DIRECTION('',(0.,-1.,0.));
#11290 = ADVANCED_FACE('',(#11291),#11297,.F.);
#11291 = FACE_BOUND('',#11292,.F.);
#11292 = EDGE_LOOP('',(#11293,#11294,#11295,#11296));
#11293 = ORIENTED_EDGE('',*,*,#11196,.T.);
#11294 = ORIENTED_EDGE('',*,*,#11177,.T.);
#11295 = ORIENTED_EDGE('',*,*,#11146,.F.);
#11296 = ORIENTED_EDGE('',*,*,#11122,.F.);
#11297 = PLANE('',#11298);
#11298 = AXIS2_PLACEMENT_3D('',#11299,#11300,#11301);
#11299 = CARTESIAN_POINT('',(12.18,0.32,5.1));
#11300 = DIRECTION('',(0.,0.,-1.));
#11301 = DIRECTION('',(0.,-1.,0.));
#11302 = ( GEOMETRIC_REPRESENTATION_CONTEXT(3) 
GLOBAL_UNCERTAINTY_ASSIGNED_CONTEXT((#11306)) 
GLOBAL_UNIT_ASSIGNED_CONTEXT((#11303,#11304,#11305)) 
REPRESENTATION_CONTEXT('Context #1',
  '3D Context with UNIT and UNCERTAINTY') );
#11303 = ( LENGTH_UNIT() NAMED_UNIT(*) SI_UNIT(.MILLI.,.METRE.) );
#11304 = ( NAMED_UNIT(*) PLANE_ANGLE_UNIT() SI_UNIT($,.RADIAN.) );
#11305 = ( NAMED_UNIT(*) SI_UNIT($,.STERADIAN.) SOLID_ANGLE_UNIT() );
#11306 = UNCERTAINTY_MEASURE_WITH_UNIT(LENGTH_MEASURE(1.E-07),#11303,
  'distance_accuracy_value','confusion accuracy');
#11307 = CONTEXT_DEPENDENT_SHAPE_REPRESENTATION(#11308,#11310);
#11308 = ( REPRESENTATION_RELATIONSHIP('','',#5159,#5136) 
REPRESENTATION_RELATIONSHIP_WITH_TRANSFORMATION(#11309) 
SHAPE_REPRESENTATION_RELATIONSHIP() );
#11309 = ITEM_DEFINED_TRANSFORMATION('','',#11,#5137);
#11310 = PRODUCT_DEFINITION_SHAPE('Placement','Placement of an item',
  #11311);
#11311 = NEXT_ASSEMBLY_USAGE_OCCURRENCE('15','=>[0:1:1:7]','',#5131,
  #5154,$);
#11312 = PRODUCT_RELATED_PRODUCT_CATEGORY('part',$,(#5156));
#11313 = SHAPE_DEFINITION_REPRESENTATION(#11314,#11320);
#11314 = PRODUCT_DEFINITION_SHAPE('','',#11315);
#11315 = PRODUCT_DEFINITION('design','',#11316,#11319);
#11316 = PRODUCT_DEFINITION_FORMATION('','',#11317);
#11317 = PRODUCT('L3_PCB','L3_PCB','',(#11318));
#11318 = PRODUCT_CONTEXT('',#2,'mechanical');
#11319 = PRODUCT_DEFINITION_CONTEXT('part definition',#2,'design');
#11320 = ADVANCED_BREP_SHAPE_REPRESENTATION('',(#11,#11321),#19112);
#11321 = MANIFOLD_SOLID_BREP('',#11322);
#11322 = CLOSED_SHELL('',(#11323,#11365,#11396,#11429,#13590,#15751,
    #15768,#15785,#15802,#15819,#15836,#15853,#15870,#15887,#15904,
    #15916,#15933,#15950,#15967,#15984,#16001,#16018,#16035,#16052,
    #16069,#16086,#16103,#16120,#16137,#16154,#16171,#16188,#16205,
    #16222,#16239,#16256,#16273,#16290,#16307,#16324,#16341,#16358,
    #16375,#16392,#16409,#16426,#16443,#16460,#16477,#16494,#16511,
    #16528,#16545,#16562,#16579,#16596,#16613,#16630,#16647,#16664,
    #16681,#16698,#16715,#16732,#16749,#16766,#16783,#16800,#16817,
    #16834,#16851,#16868,#16885,#16902,#16919,#16936,#16953,#16970,
    #16987,#17004,#17021,#17038,#17055,#17072,#17089,#17106,#17123,
    #17140,#17157,#17174,#17191,#17208,#17225,#17242,#17259,#17276,
    #17293,#17310,#17327,#17344,#17361,#17378,#17395,#17412,#17429,
    #17446,#17463,#17480,#17497,#17514,#17531,#17548,#17565,#17582,
    #17599,#17616,#17633,#17650,#17667,#17684,#17701,#17718,#17735,
    #17752,#17769,#17786,#17803,#17820,#17837,#17854,#17871,#17888,
    #17905,#17922,#17939,#17956,#17973,#17990,#18007,#18024,#18041,
    #18058,#18075,#18092,#18109,#18126,#18143,#18160,#18177,#18194,
    #18211,#18228,#18245,#18262,#18279,#18296,#18313,#18330,#18347,
    #18364,#18381,#18398,#18415,#18432,#18449,#18466,#18483,#18500,
    #18517,#18534,#18551,#18568,#18585,#18602,#18619,#18636,#18653,
    #18670,#18687,#18704,#18721,#18738,#18755,#18772,#18789,#18806,
    #18823,#18840,#18857,#18874,#18891,#18908,#18925,#18942,#18959,
    #18976,#18993,#19010,#19027,#19044,#19061,#19078,#19095));
#11323 = ADVANCED_FACE('',(#11324),#11360,.T.);
#11324 = FACE_BOUND('',#11325,.T.);
#11325 = EDGE_LOOP('',(#11326,#11336,#11345,#11353));
#11326 = ORIENTED_EDGE('',*,*,#11327,.T.);
#11327 = EDGE_CURVE('',#11328,#11330,#11332,.T.);
#11328 = VERTEX_POINT('',#11329);
#11329 = CARTESIAN_POINT('',(33.05,55.000001,0.));
#11330 = VERTEX_POINT('',#11331);
#11331 = CARTESIAN_POINT('',(33.05,55.000001,1.6));
#11332 = LINE('',#11333,#11334);
#11333 = CARTESIAN_POINT('',(33.05,55.000001,0.));
#11334 = VECTOR('',#11335,1.);
#11335 = DIRECTION('',(0.,0.,1.));
#11336 = ORIENTED_EDGE('',*,*,#11337,.T.);
#11337 = EDGE_CURVE('',#11330,#11338,#11340,.T.);
#11338 = VERTEX_POINT('',#11339);
#11339 = CARTESIAN_POINT('',(35.807116,54.171129,1.6));
#11340 = CIRCLE('',#11341,5.000003087534);
#11341 = AXIS2_PLACEMENT_3D('',#11342,#11343,#11344);
#11342 = CARTESIAN_POINT('',(33.049998605699,49.999997912466,1.6));
#11343 = DIRECTION('',(0.,0.,-1.));
#11344 = DIRECTION('',(2.788600736301E-07,1.,0.));
#11345 = ORIENTED_EDGE('',*,*,#11346,.F.);
#11346 = EDGE_CURVE('',#11347,#11338,#11349,.T.);
#11347 = VERTEX_POINT('',#11348);
#11348 = CARTESIAN_POINT('',(35.807116,54.171129,0.));
#11349 = LINE('',#11350,#11351);
#11350 = CARTESIAN_POINT('',(35.807116,54.171129,0.));
#11351 = VECTOR('',#11352,1.);
#11352 = DIRECTION('',(0.,0.,1.));
#11353 = ORIENTED_EDGE('',*,*,#11354,.F.);
#11354 = EDGE_CURVE('',#11328,#11347,#11355,.T.);
#11355 = CIRCLE('',#11356,5.000003087534);
#11356 = AXIS2_PLACEMENT_3D('',#11357,#11358,#11359);
#11357 = CARTESIAN_POINT('',(33.049998605699,49.999997912466,0.));
#11358 = DIRECTION('',(0.,0.,-1.));
#11359 = DIRECTION('',(2.788600736301E-07,1.,0.));
#11360 = CYLINDRICAL_SURFACE('',#11361,5.000003087534);
#11361 = AXIS2_PLACEMENT_3D('',#11362,#11363,#11364);
#11362 = CARTESIAN_POINT('',(33.049998605699,49.999997912466,0.));
#11363 = DIRECTION('',(0.,0.,-1.));
#11364 = DIRECTION('',(2.788600736301E-07,1.,0.));
#11365 = ADVANCED_FACE('',(#11366),#11391,.T.);
#11366 = FACE_BOUND('',#11367,.T.);
#11367 = EDGE_LOOP('',(#11368,#11378,#11384,#11385));
#11368 = ORIENTED_EDGE('',*,*,#11369,.T.);
#11369 = EDGE_CURVE('',#11370,#11372,#11374,.T.);
#11370 = VERTEX_POINT('',#11371);
#11371 = CARTESIAN_POINT('',(-33.05,55.000001,0.));
#11372 = VERTEX_POINT('',#11373);
#11373 = CARTESIAN_POINT('',(-33.05,55.000001,1.6));
#11374 = LINE('',#11375,#11376);
#11375 = CARTESIAN_POINT('',(-33.05,55.000001,0.));
#11376 = VECTOR('',#11377,1.);
#11377 = DIRECTION('',(0.,0.,1.));
#11378 = ORIENTED_EDGE('',*,*,#11379,.T.);
#11379 = EDGE_CURVE('',#11372,#11330,#11380,.T.);
#11380 = LINE('',#11381,#11382);
#11381 = CARTESIAN_POINT('',(-33.05,55.000001,1.6));
#11382 = VECTOR('',#11383,1.);
#11383 = DIRECTION('',(1.,0.,0.));
#11384 = ORIENTED_EDGE('',*,*,#11327,.F.);
#11385 = ORIENTED_EDGE('',*,*,#11386,.F.);
#11386 = EDGE_CURVE('',#11370,#11328,#11387,.T.);
#11387 = LINE('',#11388,#11389);
#11388 = CARTESIAN_POINT('',(-33.05,55.000001,0.));
#11389 = VECTOR('',#11390,1.);
#11390 = DIRECTION('',(1.,0.,0.));
#11391 = PLANE('',#11392);
#11392 = AXIS2_PLACEMENT_3D('',#11393,#11394,#11395);
#11393 = CARTESIAN_POINT('',(-33.05,55.000001,0.));
#11394 = DIRECTION('',(0.,1.,0.));
#11395 = DIRECTION('',(1.,0.,0.));
#11396 = ADVANCED_FACE('',(#11397),#11424,.T.);
#11397 = FACE_BOUND('',#11398,.T.);
#11398 = EDGE_LOOP('',(#11399,#11400,#11409,#11417));
#11399 = ORIENTED_EDGE('',*,*,#11346,.T.);
#11400 = ORIENTED_EDGE('',*,*,#11401,.T.);
#11401 = EDGE_CURVE('',#11338,#11402,#11404,.T.);
#11402 = VERTEX_POINT('',#11403);
#11403 = CARTESIAN_POINT('',(36.473922,-53.727424,1.6));
#11404 = CIRCLE('',#11405,64.935502967024);
#11405 = AXIS2_PLACEMENT_3D('',#11406,#11407,#11408);
#11406 = CARTESIAN_POINT('',(2.809091296829E-03,-1.476183503128E-03,1.6)
  );
#11407 = DIRECTION('',(0.,0.,-1.));
#11408 = DIRECTION('',(0.551382606937,0.834252492215,0.));
#11409 = ORIENTED_EDGE('',*,*,#11410,.F.);
#11410 = EDGE_CURVE('',#11411,#11402,#11413,.T.);
#11411 = VERTEX_POINT('',#11412);
#11412 = CARTESIAN_POINT('',(36.473922,-53.727424,0.));
#11413 = LINE('',#11414,#11415);
#11414 = CARTESIAN_POINT('',(36.473922,-53.727424,0.));
#11415 = VECTOR('',#11416,1.);
#11416 = DIRECTION('',(0.,0.,1.));
#11417 = ORIENTED_EDGE('',*,*,#11418,.F.);
#11418 = EDGE_CURVE('',#11347,#11411,#11419,.T.);
#11419 = CIRCLE('',#11420,64.935502967024);
#11420 = AXIS2_PLACEMENT_3D('',#11421,#11422,#11423);
#11421 = CARTESIAN_POINT('',(2.809091296829E-03,-1.476183503128E-03,0.)
  );
#11422 = DIRECTION('',(0.,0.,-1.));
#11423 = DIRECTION('',(0.551382606937,0.834252492215,0.));
#11424 = CYLINDRICAL_SURFACE('',#11425,64.935502967024);
#11425 = AXIS2_PLACEMENT_3D('',#11426,#11427,#11428);
#11426 = CARTESIAN_POINT('',(2.809091296829E-03,-1.476183503128E-03,0.)
  );
#11427 = DIRECTION('',(0.,0.,-1.));
#11428 = DIRECTION('',(0.551382606937,0.834252492215,0.));
#11429 = ADVANCED_FACE('',(#11430,#11517,#11528,#11539,#11550,#11561,
    #11572,#11583,#11594,#11605,#11616,#11627,#11638,#11649,#11660,
    #11671,#11682,#11693,#11704,#11715,#11726,#11737,#11748,#11759,
    #11770,#11781,#11792,#11803,#11814,#11825,#11836,#11847,#11858,
    #11869,#11880,#11891,#11902,#11913,#11924,#11935,#11946,#11957,
    #11968,#11979,#11990,#12001,#12012,#12023,#12034,#12045,#12056,
    #12067,#12078,#12089,#12100,#12111,#12122,#12133,#12144,#12155,
    #12166,#12177,#12188,#12199,#12210,#12221,#12232,#12243,#12254,
    #12265,#12276,#12287,#12298,#12309,#12320,#12331,#12342,#12353,
    #12364,#12375,#12386,#12397,#12408,#12419,#12430,#12441,#12452,
    #12463,#12474,#12485,#12496,#12507,#12518,#12529,#12540,#12551,
    #12562,#12573,#12584,#12595,#12606,#12617,#12628,#12639,#12650,
    #12661,#12672,#12683,#12694,#12705,#12716,#12727,#12738,#12749,
    #12760,#12771,#12782,#12793,#12804,#12815,#12826,#12837,#12848,
    #12859,#12870,#12881,#12892,#12903,#12914,#12925,#12936,#12947,
    #12958,#12969,#12980,#12991,#13002,#13013,#13024,#13035,#13046,
    #13057,#13068,#13079,#13090,#13101,#13112,#13123,#13134,#13145,
    #13156,#13167,#13178,#13189,#13200,#13211,#13222,#13233,#13244,
    #13255,#13266,#13277,#13288,#13299,#13310,#13321,#13332,#13343,
    #13354,#13365,#13376,#13387,#13398,#13409,#13420,#13431,#13442,
    #13453,#13464,#13475,#13486,#13497,#13508,#13519,#13530,#13541,
    #13552,#13563,#13574),#13585,.F.);
#11430 = FACE_BOUND('',#11431,.F.);
#11431 = EDGE_LOOP('',(#11432,#11433,#11434,#11442,#11451,#11459,#11468,
    #11476,#11485,#11493,#11501,#11510,#11516));
#11432 = ORIENTED_EDGE('',*,*,#11354,.F.);
#11433 = ORIENTED_EDGE('',*,*,#11386,.F.);
#11434 = ORIENTED_EDGE('',*,*,#11435,.F.);
#11435 = EDGE_CURVE('',#11436,#11370,#11438,.T.);
#11436 = VERTEX_POINT('',#11437);
#11437 = CARTESIAN_POINT('',(-33.258627,54.997843,0.));
#11438 = LINE('',#11439,#11440);
#11439 = CARTESIAN_POINT('',(-33.258627,54.997843,0.));
#11440 = VECTOR('',#11441,1.);
#11441 = DIRECTION('',(0.999946506993,1.034326603021E-02,0.));
#11442 = ORIENTED_EDGE('',*,*,#11443,.F.);
#11443 = EDGE_CURVE('',#11444,#11436,#11446,.T.);
#11444 = VERTEX_POINT('',#11445);
#11445 = CARTESIAN_POINT('',(-35.807116,54.171129,0.));
#11446 = CIRCLE('',#11447,4.972319393319);
#11447 = AXIS2_PLACEMENT_3D('',#11448,#11449,#11450);
#11448 = CARTESIAN_POINT('',(-33.05532127278,50.02968167709,0.));
#11449 = DIRECTION('',(0.,0.,-1.));
#11450 = DIRECTION('',(-0.553422760999,0.832900502827,0.));
#11451 = ORIENTED_EDGE('',*,*,#11452,.F.);
#11452 = EDGE_CURVE('',#11453,#11444,#11455,.T.);
#11453 = VERTEX_POINT('',#11454);
#11454 = CARTESIAN_POINT('',(-36.473922,53.727426,0.));
#11455 = LINE('',#11456,#11457);
#11456 = CARTESIAN_POINT('',(-36.473922,53.727426,0.));
#11457 = VECTOR('',#11458,1.);
#11458 = DIRECTION('',(0.832530763896,0.553978814727,0.));
#11459 = ORIENTED_EDGE('',*,*,#11460,.F.);
#11460 = EDGE_CURVE('',#11461,#11453,#11463,.T.);
#11461 = VERTEX_POINT('',#11462);
#11462 = CARTESIAN_POINT('',(-35.807116,-54.171127,0.));
#11463 = CIRCLE('',#11464,64.935502967024);
#11464 = AXIS2_PLACEMENT_3D('',#11465,#11466,#11467);
#11465 = CARTESIAN_POINT('',(-2.80909129685E-03,1.478183503131E-03,0.));
#11466 = DIRECTION('',(0.,0.,-1.));
#11467 = DIRECTION('',(-0.551382606937,-0.834252492215,-0.));
#11468 = ORIENTED_EDGE('',*,*,#11469,.F.);
#11469 = EDGE_CURVE('',#11470,#11461,#11472,.T.);
#11470 = VERTEX_POINT('',#11471);
#11471 = CARTESIAN_POINT('',(-35.631884,-54.284369,0.));
#11472 = LINE('',#11473,#11474);
#11473 = CARTESIAN_POINT('',(-35.631884,-54.284369,0.));
#11474 = VECTOR('',#11475,1.);
#11475 = DIRECTION('',(-0.83988352502,0.542766675837,0.));
#11476 = ORIENTED_EDGE('',*,*,#11477,.F.);
#11477 = EDGE_CURVE('',#11478,#11470,#11480,.T.);
#11478 = VERTEX_POINT('',#11479);
#11479 = CARTESIAN_POINT('',(-33.05,-54.999999,0.));
#11480 = CIRCLE('',#11481,4.9723568118);
#11481 = AXIS2_PLACEMENT_3D('',#11482,#11483,#11484);
#11482 = CARTESIAN_POINT('',(-33.06191694025,-50.02765646851,0.));
#11483 = DIRECTION('',(0.,0.,-1.));
#11484 = DIRECTION('',(2.396638195116E-03,-0.999997128059,0.));
#11485 = ORIENTED_EDGE('',*,*,#11486,.F.);
#11486 = EDGE_CURVE('',#11487,#11478,#11489,.T.);
#11487 = VERTEX_POINT('',#11488);
#11488 = CARTESIAN_POINT('',(33.05,-54.999999,0.));
#11489 = LINE('',#11490,#11491);
#11490 = CARTESIAN_POINT('',(33.05,-54.999999,0.));
#11491 = VECTOR('',#11492,1.);
#11492 = DIRECTION('',(-1.,0.,0.));
#11493 = ORIENTED_EDGE('',*,*,#11494,.F.);
#11494 = EDGE_CURVE('',#11495,#11487,#11497,.T.);
#11495 = VERTEX_POINT('',#11496);
#11496 = CARTESIAN_POINT('',(33.258627,-54.99784,0.));
#11497 = LINE('',#11498,#11499);
#11498 = CARTESIAN_POINT('',(33.258627,-54.99784,0.));
#11499 = VECTOR('',#11500,1.);
#11500 = DIRECTION('',(-0.999946457409,-1.034805850418E-02,0.));
#11501 = ORIENTED_EDGE('',*,*,#11502,.F.);
#11502 = EDGE_CURVE('',#11503,#11495,#11505,.T.);
#11503 = VERTEX_POINT('',#11504);
#11504 = CARTESIAN_POINT('',(35.807116,-54.171127,0.));
#11505 = CIRCLE('',#11506,4.972363468792);
#11506 = AXIS2_PLACEMENT_3D('',#11507,#11508,#11509);
#11507 = CARTESIAN_POINT('',(33.055308754268,-50.02963507701,0.));
#11508 = DIRECTION('',(0.,0.,-1.));
#11509 = DIRECTION('',(0.553420373028,-0.832902089514,0.));
#11510 = ORIENTED_EDGE('',*,*,#11511,.F.);
#11511 = EDGE_CURVE('',#11411,#11503,#11512,.T.);
#11512 = LINE('',#11513,#11514);
#11513 = CARTESIAN_POINT('',(36.473922,-53.727424,0.));
#11514 = VECTOR('',#11515,1.);
#11515 = DIRECTION('',(-0.832530763896,-0.553978814727,0.));
#11516 = ORIENTED_EDGE('',*,*,#11418,.F.);
#11517 = FACE_BOUND('',#11518,.F.);
#11518 = EDGE_LOOP('',(#11519));
#11519 = ORIENTED_EDGE('',*,*,#11520,.T.);
#11520 = EDGE_CURVE('',#11521,#11521,#11523,.T.);
#11521 = VERTEX_POINT('',#11522);
#11522 = CARTESIAN_POINT('',(-18.85,-51.699999,0.));
#11523 = CIRCLE('',#11524,0.5);
#11524 = AXIS2_PLACEMENT_3D('',#11525,#11526,#11527);
#11525 = CARTESIAN_POINT('',(-18.85,-51.199999,0.));
#11526 = DIRECTION('',(-0.,0.,-1.));
#11527 = DIRECTION('',(-0.,-1.,0.));
#11528 = FACE_BOUND('',#11529,.F.);
#11529 = EDGE_LOOP('',(#11530));
#11530 = ORIENTED_EDGE('',*,*,#11531,.T.);
#11531 = EDGE_CURVE('',#11532,#11532,#11534,.T.);
#11532 = VERTEX_POINT('',#11533);
#11533 = CARTESIAN_POINT('',(-16.31,-51.699999,0.));
#11534 = CIRCLE('',#11535,0.5);
#11535 = AXIS2_PLACEMENT_3D('',#11536,#11537,#11538);
#11536 = CARTESIAN_POINT('',(-16.31,-51.199999,0.));
#11537 = DIRECTION('',(-0.,0.,-1.));
#11538 = DIRECTION('',(-0.,-1.,0.));
#11539 = FACE_BOUND('',#11540,.F.);
#11540 = EDGE_LOOP('',(#11541));
#11541 = ORIENTED_EDGE('',*,*,#11542,.T.);
#11542 = EDGE_CURVE('',#11543,#11543,#11545,.T.);
#11543 = VERTEX_POINT('',#11544);
#11544 = CARTESIAN_POINT('',(-21.697056,-43.957055,0.));
#11545 = CIRCLE('',#11546,0.25);
#11546 = AXIS2_PLACEMENT_3D('',#11547,#11548,#11549);
#11547 = CARTESIAN_POINT('',(-21.697056,-43.707055,0.));
#11548 = DIRECTION('',(-0.,0.,-1.));
#11549 = DIRECTION('',(-0.,-1.,0.));
#11550 = FACE_BOUND('',#11551,.F.);
#11551 = EDGE_LOOP('',(#11552));
#11552 = ORIENTED_EDGE('',*,*,#11553,.T.);
#11553 = EDGE_CURVE('',#11554,#11554,#11556,.T.);
#11554 = VERTEX_POINT('',#11555);
#11555 = CARTESIAN_POINT('',(-22.4,-42.259999,0.));
#11556 = CIRCLE('',#11557,0.25);
#11557 = AXIS2_PLACEMENT_3D('',#11558,#11559,#11560);
#11558 = CARTESIAN_POINT('',(-22.4,-42.009999,0.));
#11559 = DIRECTION('',(-0.,0.,-1.));
#11560 = DIRECTION('',(-0.,-1.,0.));
#11561 = FACE_BOUND('',#11562,.F.);
#11562 = EDGE_LOOP('',(#11563));
#11563 = ORIENTED_EDGE('',*,*,#11564,.T.);
#11564 = EDGE_CURVE('',#11565,#11565,#11567,.T.);
#11565 = VERTEX_POINT('',#11566);
#11566 = CARTESIAN_POINT('',(-21.697056,-40.562943,0.));
#11567 = CIRCLE('',#11568,0.25);
#11568 = AXIS2_PLACEMENT_3D('',#11569,#11570,#11571);
#11569 = CARTESIAN_POINT('',(-21.697056,-40.312943,0.));
#11570 = DIRECTION('',(-0.,0.,-1.));
#11571 = DIRECTION('',(-0.,-1.,0.));
#11572 = FACE_BOUND('',#11573,.F.);
#11573 = EDGE_LOOP('',(#11574));
#11574 = ORIENTED_EDGE('',*,*,#11575,.T.);
#11575 = EDGE_CURVE('',#11576,#11576,#11578,.T.);
#11576 = VERTEX_POINT('',#11577);
#11577 = CARTESIAN_POINT('',(-20.,-44.659999,0.));
#11578 = CIRCLE('',#11579,0.25);
#11579 = AXIS2_PLACEMENT_3D('',#11580,#11581,#11582);
#11580 = CARTESIAN_POINT('',(-20.,-44.409999,0.));
#11581 = DIRECTION('',(-0.,0.,-1.));
#11582 = DIRECTION('',(-0.,-1.,0.));
#11583 = FACE_BOUND('',#11584,.F.);
#11584 = EDGE_LOOP('',(#11585));
#11585 = ORIENTED_EDGE('',*,*,#11586,.T.);
#11586 = EDGE_CURVE('',#11587,#11587,#11589,.T.);
#11587 = VERTEX_POINT('',#11588);
#11588 = CARTESIAN_POINT('',(-18.302944,-43.957055,0.));
#11589 = CIRCLE('',#11590,0.25);
#11590 = AXIS2_PLACEMENT_3D('',#11591,#11592,#11593);
#11591 = CARTESIAN_POINT('',(-18.302944,-43.707055,0.));
#11592 = DIRECTION('',(-0.,0.,-1.));
#11593 = DIRECTION('',(-0.,-1.,0.));
#11594 = FACE_BOUND('',#11595,.F.);
#11595 = EDGE_LOOP('',(#11596));
#11596 = ORIENTED_EDGE('',*,*,#11597,.T.);
#11597 = EDGE_CURVE('',#11598,#11598,#11600,.T.);
#11598 = VERTEX_POINT('',#11599);
#11599 = CARTESIAN_POINT('',(-20.,-43.609999,0.));
#11600 = CIRCLE('',#11601,1.6);
#11601 = AXIS2_PLACEMENT_3D('',#11602,#11603,#11604);
#11602 = CARTESIAN_POINT('',(-20.,-42.009999,0.));
#11603 = DIRECTION('',(-0.,0.,-1.));
#11604 = DIRECTION('',(-0.,-1.,0.));
#11605 = FACE_BOUND('',#11606,.F.);
#11606 = EDGE_LOOP('',(#11607));
#11607 = ORIENTED_EDGE('',*,*,#11608,.T.);
#11608 = EDGE_CURVE('',#11609,#11609,#11611,.T.);
#11609 = VERTEX_POINT('',#11610);
#11610 = CARTESIAN_POINT('',(-17.6,-42.259999,0.));
#11611 = CIRCLE('',#11612,0.25);
#11612 = AXIS2_PLACEMENT_3D('',#11613,#11614,#11615);
#11613 = CARTESIAN_POINT('',(-17.6,-42.009999,0.));
#11614 = DIRECTION('',(-0.,0.,-1.));
#11615 = DIRECTION('',(-0.,-1.,0.));
#11616 = FACE_BOUND('',#11617,.F.);
#11617 = EDGE_LOOP('',(#11618));
#11618 = ORIENTED_EDGE('',*,*,#11619,.T.);
#11619 = EDGE_CURVE('',#11620,#11620,#11622,.T.);
#11620 = VERTEX_POINT('',#11621);
#11621 = CARTESIAN_POINT('',(-20.,-39.859999,0.));
#11622 = CIRCLE('',#11623,0.25);
#11623 = AXIS2_PLACEMENT_3D('',#11624,#11625,#11626);
#11624 = CARTESIAN_POINT('',(-20.,-39.609999,0.));
#11625 = DIRECTION('',(-0.,0.,-1.));
#11626 = DIRECTION('',(-0.,-1.,0.));
#11627 = FACE_BOUND('',#11628,.F.);
#11628 = EDGE_LOOP('',(#11629));
#11629 = ORIENTED_EDGE('',*,*,#11630,.T.);
#11630 = EDGE_CURVE('',#11631,#11631,#11633,.T.);
#11631 = VERTEX_POINT('',#11632);
#11632 = CARTESIAN_POINT('',(-18.302944,-40.562943,0.));
#11633 = CIRCLE('',#11634,0.25);
#11634 = AXIS2_PLACEMENT_3D('',#11635,#11636,#11637);
#11635 = CARTESIAN_POINT('',(-18.302944,-40.312943,0.));
#11636 = DIRECTION('',(-0.,0.,-1.));
#11637 = DIRECTION('',(-0.,-1.,0.));
#11638 = FACE_BOUND('',#11639,.F.);
#11639 = EDGE_LOOP('',(#11640));
#11640 = ORIENTED_EDGE('',*,*,#11641,.T.);
#11641 = EDGE_CURVE('',#11642,#11642,#11644,.T.);
#11642 = VERTEX_POINT('',#11643);
#11643 = CARTESIAN_POINT('',(-13.77,-51.699999,0.));
#11644 = CIRCLE('',#11645,0.5);
#11645 = AXIS2_PLACEMENT_3D('',#11646,#11647,#11648);
#11646 = CARTESIAN_POINT('',(-13.77,-51.199999,0.));
#11647 = DIRECTION('',(-0.,0.,-1.));
#11648 = DIRECTION('',(-0.,-1.,0.));
#11649 = FACE_BOUND('',#11650,.F.);
#11650 = EDGE_LOOP('',(#11651));
#11651 = ORIENTED_EDGE('',*,*,#11652,.T.);
#11652 = EDGE_CURVE('',#11653,#11653,#11655,.T.);
#11653 = VERTEX_POINT('',#11654);
#11654 = CARTESIAN_POINT('',(-11.23,-51.699999,0.));
#11655 = CIRCLE('',#11656,0.5);
#11656 = AXIS2_PLACEMENT_3D('',#11657,#11658,#11659);
#11657 = CARTESIAN_POINT('',(-11.23,-51.199999,0.));
#11658 = DIRECTION('',(-0.,0.,-1.));
#11659 = DIRECTION('',(-0.,-1.,0.));
#11660 = FACE_BOUND('',#11661,.F.);
#11661 = EDGE_LOOP('',(#11662));
#11662 = ORIENTED_EDGE('',*,*,#11663,.T.);
#11663 = EDGE_CURVE('',#11664,#11664,#11666,.T.);
#11664 = VERTEX_POINT('',#11665);
#11665 = CARTESIAN_POINT('',(-8.69,-51.699999,0.));
#11666 = CIRCLE('',#11667,0.5);
#11667 = AXIS2_PLACEMENT_3D('',#11668,#11669,#11670);
#11668 = CARTESIAN_POINT('',(-8.69,-51.199999,0.));
#11669 = DIRECTION('',(-0.,0.,-1.));
#11670 = DIRECTION('',(-0.,-1.,0.));
#11671 = FACE_BOUND('',#11672,.F.);
#11672 = EDGE_LOOP('',(#11673));
#11673 = ORIENTED_EDGE('',*,*,#11674,.T.);
#11674 = EDGE_CURVE('',#11675,#11675,#11677,.T.);
#11675 = VERTEX_POINT('',#11676);
#11676 = CARTESIAN_POINT('',(-6.15,-51.699999,0.));
#11677 = CIRCLE('',#11678,0.5);
#11678 = AXIS2_PLACEMENT_3D('',#11679,#11680,#11681);
#11679 = CARTESIAN_POINT('',(-6.15,-51.199999,0.));
#11680 = DIRECTION('',(-0.,0.,-1.));
#11681 = DIRECTION('',(-0.,-1.,0.));
#11682 = FACE_BOUND('',#11683,.F.);
#11683 = EDGE_LOOP('',(#11684));
#11684 = ORIENTED_EDGE('',*,*,#11685,.T.);
#11685 = EDGE_CURVE('',#11686,#11686,#11688,.T.);
#11686 = VERTEX_POINT('',#11687);
#11687 = CARTESIAN_POINT('',(-6.697056,-43.957055,0.));
#11688 = CIRCLE('',#11689,0.25);
#11689 = AXIS2_PLACEMENT_3D('',#11690,#11691,#11692);
#11690 = CARTESIAN_POINT('',(-6.697056,-43.707055,0.));
#11691 = DIRECTION('',(-0.,0.,-1.));
#11692 = DIRECTION('',(-0.,-1.,0.));
#11693 = FACE_BOUND('',#11694,.F.);
#11694 = EDGE_LOOP('',(#11695));
#11695 = ORIENTED_EDGE('',*,*,#11696,.T.);
#11696 = EDGE_CURVE('',#11697,#11697,#11699,.T.);
#11697 = VERTEX_POINT('',#11698);
#11698 = CARTESIAN_POINT('',(-7.4,-42.259999,0.));
#11699 = CIRCLE('',#11700,0.25);
#11700 = AXIS2_PLACEMENT_3D('',#11701,#11702,#11703);
#11701 = CARTESIAN_POINT('',(-7.4,-42.009999,0.));
#11702 = DIRECTION('',(-0.,0.,-1.));
#11703 = DIRECTION('',(-0.,-1.,0.));
#11704 = FACE_BOUND('',#11705,.F.);
#11705 = EDGE_LOOP('',(#11706));
#11706 = ORIENTED_EDGE('',*,*,#11707,.T.);
#11707 = EDGE_CURVE('',#11708,#11708,#11710,.T.);
#11708 = VERTEX_POINT('',#11709);
#11709 = CARTESIAN_POINT('',(-5.,-44.659999,0.));
#11710 = CIRCLE('',#11711,0.25);
#11711 = AXIS2_PLACEMENT_3D('',#11712,#11713,#11714);
#11712 = CARTESIAN_POINT('',(-5.,-44.409999,0.));
#11713 = DIRECTION('',(-0.,0.,-1.));
#11714 = DIRECTION('',(-0.,-1.,0.));
#11715 = FACE_BOUND('',#11716,.F.);
#11716 = EDGE_LOOP('',(#11717));
#11717 = ORIENTED_EDGE('',*,*,#11718,.T.);
#11718 = EDGE_CURVE('',#11719,#11719,#11721,.T.);
#11719 = VERTEX_POINT('',#11720);
#11720 = CARTESIAN_POINT('',(-5.,-43.609999,0.));
#11721 = CIRCLE('',#11722,1.6);
#11722 = AXIS2_PLACEMENT_3D('',#11723,#11724,#11725);
#11723 = CARTESIAN_POINT('',(-5.,-42.009999,0.));
#11724 = DIRECTION('',(-0.,0.,-1.));
#11725 = DIRECTION('',(-0.,-1.,0.));
#11726 = FACE_BOUND('',#11727,.F.);
#11727 = EDGE_LOOP('',(#11728));
#11728 = ORIENTED_EDGE('',*,*,#11729,.T.);
#11729 = EDGE_CURVE('',#11730,#11730,#11732,.T.);
#11730 = VERTEX_POINT('',#11731);
#11731 = CARTESIAN_POINT('',(-6.697056,-40.562943,0.));
#11732 = CIRCLE('',#11733,0.25);
#11733 = AXIS2_PLACEMENT_3D('',#11734,#11735,#11736);
#11734 = CARTESIAN_POINT('',(-6.697056,-40.312943,0.));
#11735 = DIRECTION('',(-0.,0.,-1.));
#11736 = DIRECTION('',(-0.,-1.,0.));
#11737 = FACE_BOUND('',#11738,.F.);
#11738 = EDGE_LOOP('',(#11739));
#11739 = ORIENTED_EDGE('',*,*,#11740,.T.);
#11740 = EDGE_CURVE('',#11741,#11741,#11743,.T.);
#11741 = VERTEX_POINT('',#11742);
#11742 = CARTESIAN_POINT('',(-5.,-39.859999,0.));
#11743 = CIRCLE('',#11744,0.25);
#11744 = AXIS2_PLACEMENT_3D('',#11745,#11746,#11747);
#11745 = CARTESIAN_POINT('',(-5.,-39.609999,0.));
#11746 = DIRECTION('',(-0.,0.,-1.));
#11747 = DIRECTION('',(-0.,-1.,0.));
#11748 = FACE_BOUND('',#11749,.F.);
#11749 = EDGE_LOOP('',(#11750));
#11750 = ORIENTED_EDGE('',*,*,#11751,.T.);
#11751 = EDGE_CURVE('',#11752,#11752,#11754,.T.);
#11752 = VERTEX_POINT('',#11753);
#11753 = CARTESIAN_POINT('',(-23.05,-32.649999,0.));
#11754 = CIRCLE('',#11755,0.25);
#11755 = AXIS2_PLACEMENT_3D('',#11756,#11757,#11758);
#11756 = CARTESIAN_POINT('',(-23.05,-32.399999,0.));
#11757 = DIRECTION('',(-0.,0.,-1.));
#11758 = DIRECTION('',(-0.,-1.,0.));
#11759 = FACE_BOUND('',#11760,.F.);
#11760 = EDGE_LOOP('',(#11761));
#11761 = ORIENTED_EDGE('',*,*,#11762,.T.);
#11762 = EDGE_CURVE('',#11763,#11763,#11765,.T.);
#11763 = VERTEX_POINT('',#11764);
#11764 = CARTESIAN_POINT('',(-15.98,-34.788999,0.));
#11765 = CIRCLE('',#11766,0.5);
#11766 = AXIS2_PLACEMENT_3D('',#11767,#11768,#11769);
#11767 = CARTESIAN_POINT('',(-15.98,-34.288999,0.));
#11768 = DIRECTION('',(-0.,0.,-1.));
#11769 = DIRECTION('',(-0.,-1.,0.));
#11770 = FACE_BOUND('',#11771,.F.);
#11771 = EDGE_LOOP('',(#11772));
#11772 = ORIENTED_EDGE('',*,*,#11773,.T.);
#11773 = EDGE_CURVE('',#11774,#11774,#11776,.T.);
#11774 = VERTEX_POINT('',#11775);
#11775 = CARTESIAN_POINT('',(-24.747056,-31.947055,0.));
#11776 = CIRCLE('',#11777,0.25);
#11777 = AXIS2_PLACEMENT_3D('',#11778,#11779,#11780);
#11778 = CARTESIAN_POINT('',(-24.747056,-31.697055,0.));
#11779 = DIRECTION('',(-0.,0.,-1.));
#11780 = DIRECTION('',(-0.,-1.,0.));
#11781 = FACE_BOUND('',#11782,.F.);
#11782 = EDGE_LOOP('',(#11783));
#11783 = ORIENTED_EDGE('',*,*,#11784,.T.);
#11784 = EDGE_CURVE('',#11785,#11785,#11787,.T.);
#11785 = VERTEX_POINT('',#11786);
#11786 = CARTESIAN_POINT('',(-25.45,-30.249999,0.));
#11787 = CIRCLE('',#11788,0.25);
#11788 = AXIS2_PLACEMENT_3D('',#11789,#11790,#11791);
#11789 = CARTESIAN_POINT('',(-25.45,-29.999999,0.));
#11790 = DIRECTION('',(-0.,0.,-1.));
#11791 = DIRECTION('',(-0.,-1.,0.));
#11792 = FACE_BOUND('',#11793,.F.);
#11793 = EDGE_LOOP('',(#11794));
#11794 = ORIENTED_EDGE('',*,*,#11795,.T.);
#11795 = EDGE_CURVE('',#11796,#11796,#11798,.T.);
#11796 = VERTEX_POINT('',#11797);
#11797 = CARTESIAN_POINT('',(-23.05,-31.599999,0.));
#11798 = CIRCLE('',#11799,1.6);
#11799 = AXIS2_PLACEMENT_3D('',#11800,#11801,#11802);
#11800 = CARTESIAN_POINT('',(-23.05,-29.999999,0.));
#11801 = DIRECTION('',(-0.,0.,-1.));
#11802 = DIRECTION('',(-2.22044604925E-15,-1.,0.));
#11803 = FACE_BOUND('',#11804,.F.);
#11804 = EDGE_LOOP('',(#11805));
#11805 = ORIENTED_EDGE('',*,*,#11806,.T.);
#11806 = EDGE_CURVE('',#11807,#11807,#11809,.T.);
#11807 = VERTEX_POINT('',#11808);
#11808 = CARTESIAN_POINT('',(-21.352944,-31.947055,0.));
#11809 = CIRCLE('',#11810,0.25);
#11810 = AXIS2_PLACEMENT_3D('',#11811,#11812,#11813);
#11811 = CARTESIAN_POINT('',(-21.352944,-31.697055,0.));
#11812 = DIRECTION('',(-0.,0.,-1.));
#11813 = DIRECTION('',(-0.,-1.,0.));
#11814 = FACE_BOUND('',#11815,.F.);
#11815 = EDGE_LOOP('',(#11816));
#11816 = ORIENTED_EDGE('',*,*,#11817,.T.);
#11817 = EDGE_CURVE('',#11818,#11818,#11820,.T.);
#11818 = VERTEX_POINT('',#11819);
#11819 = CARTESIAN_POINT('',(-20.65,-30.249999,0.));
#11820 = CIRCLE('',#11821,0.25);
#11821 = AXIS2_PLACEMENT_3D('',#11822,#11823,#11824);
#11822 = CARTESIAN_POINT('',(-20.65,-29.999999,0.));
#11823 = DIRECTION('',(-0.,0.,-1.));
#11824 = DIRECTION('',(-0.,-1.,0.));
#11825 = FACE_BOUND('',#11826,.F.);
#11826 = EDGE_LOOP('',(#11827));
#11827 = ORIENTED_EDGE('',*,*,#11828,.T.);
#11828 = EDGE_CURVE('',#11829,#11829,#11831,.T.);
#11829 = VERTEX_POINT('',#11830);
#11830 = CARTESIAN_POINT('',(-24.747056,-28.552943,0.));
#11831 = CIRCLE('',#11832,0.25);
#11832 = AXIS2_PLACEMENT_3D('',#11833,#11834,#11835);
#11833 = CARTESIAN_POINT('',(-24.747056,-28.302943,0.));
#11834 = DIRECTION('',(-0.,0.,-1.));
#11835 = DIRECTION('',(-0.,-1.,0.));
#11836 = FACE_BOUND('',#11837,.F.);
#11837 = EDGE_LOOP('',(#11838));
#11838 = ORIENTED_EDGE('',*,*,#11839,.T.);
#11839 = EDGE_CURVE('',#11840,#11840,#11842,.T.);
#11840 = VERTEX_POINT('',#11841);
#11841 = CARTESIAN_POINT('',(-23.05,-27.849999,0.));
#11842 = CIRCLE('',#11843,0.25);
#11843 = AXIS2_PLACEMENT_3D('',#11844,#11845,#11846);
#11844 = CARTESIAN_POINT('',(-23.05,-27.599999,0.));
#11845 = DIRECTION('',(-0.,0.,-1.));
#11846 = DIRECTION('',(-0.,-1.,0.));
#11847 = FACE_BOUND('',#11848,.F.);
#11848 = EDGE_LOOP('',(#11849));
#11849 = ORIENTED_EDGE('',*,*,#11850,.T.);
#11850 = EDGE_CURVE('',#11851,#11851,#11853,.T.);
#11851 = VERTEX_POINT('',#11852);
#11852 = CARTESIAN_POINT('',(-21.352944,-28.552943,0.));
#11853 = CIRCLE('',#11854,0.25);
#11854 = AXIS2_PLACEMENT_3D('',#11855,#11856,#11857);
#11855 = CARTESIAN_POINT('',(-21.352944,-28.302943,0.));
#11856 = DIRECTION('',(-0.,0.,-1.));
#11857 = DIRECTION('',(-0.,-1.,0.));
#11858 = FACE_BOUND('',#11859,.F.);
#11859 = EDGE_LOOP('',(#11860));
#11860 = ORIENTED_EDGE('',*,*,#11861,.T.);
#11861 = EDGE_CURVE('',#11862,#11862,#11864,.T.);
#11862 = VERTEX_POINT('',#11863);
#11863 = CARTESIAN_POINT('',(-15.98,-32.248999,0.));
#11864 = CIRCLE('',#11865,0.5);
#11865 = AXIS2_PLACEMENT_3D('',#11866,#11867,#11868);
#11866 = CARTESIAN_POINT('',(-15.98,-31.748999,0.));
#11867 = DIRECTION('',(-0.,0.,-1.));
#11868 = DIRECTION('',(-0.,-1.,0.));
#11869 = FACE_BOUND('',#11870,.F.);
#11870 = EDGE_LOOP('',(#11871));
#11871 = ORIENTED_EDGE('',*,*,#11872,.T.);
#11872 = EDGE_CURVE('',#11873,#11873,#11875,.T.);
#11873 = VERTEX_POINT('',#11874);
#11874 = CARTESIAN_POINT('',(-15.98,-29.708999,0.));
#11875 = CIRCLE('',#11876,0.5);
#11876 = AXIS2_PLACEMENT_3D('',#11877,#11878,#11879);
#11877 = CARTESIAN_POINT('',(-15.98,-29.208999,0.));
#11878 = DIRECTION('',(-0.,0.,-1.));
#11879 = DIRECTION('',(-0.,-1.,0.));
#11880 = FACE_BOUND('',#11881,.F.);
#11881 = EDGE_LOOP('',(#11882));
#11882 = ORIENTED_EDGE('',*,*,#11883,.T.);
#11883 = EDGE_CURVE('',#11884,#11884,#11886,.T.);
#11884 = VERTEX_POINT('',#11885);
#11885 = CARTESIAN_POINT('',(-15.98,-27.168999,0.));
#11886 = CIRCLE('',#11887,0.5);
#11887 = AXIS2_PLACEMENT_3D('',#11888,#11889,#11890);
#11888 = CARTESIAN_POINT('',(-15.98,-26.668999,0.));
#11889 = DIRECTION('',(-0.,0.,-1.));
#11890 = DIRECTION('',(-0.,-1.,0.));
#11891 = FACE_BOUND('',#11892,.F.);
#11892 = EDGE_LOOP('',(#11893));
#11893 = ORIENTED_EDGE('',*,*,#11894,.T.);
#11894 = EDGE_CURVE('',#11895,#11895,#11897,.T.);
#11895 = VERTEX_POINT('',#11896);
#11896 = CARTESIAN_POINT('',(-26.757056,-9.447055,0.));
#11897 = CIRCLE('',#11898,0.25);
#11898 = AXIS2_PLACEMENT_3D('',#11899,#11900,#11901);
#11899 = CARTESIAN_POINT('',(-26.757056,-9.197055,0.));
#11900 = DIRECTION('',(-0.,0.,-1.));
#11901 = DIRECTION('',(-0.,-1.,0.));
#11902 = FACE_BOUND('',#11903,.F.);
#11903 = EDGE_LOOP('',(#11904));
#11904 = ORIENTED_EDGE('',*,*,#11905,.T.);
#11905 = EDGE_CURVE('',#11906,#11906,#11908,.T.);
#11906 = VERTEX_POINT('',#11907);
#11907 = CARTESIAN_POINT('',(-27.46,-7.749999,0.));
#11908 = CIRCLE('',#11909,0.25);
#11909 = AXIS2_PLACEMENT_3D('',#11910,#11911,#11912);
#11910 = CARTESIAN_POINT('',(-27.46,-7.499999,0.));
#11911 = DIRECTION('',(-0.,0.,-1.));
#11912 = DIRECTION('',(-0.,-1.,0.));
#11913 = FACE_BOUND('',#11914,.F.);
#11914 = EDGE_LOOP('',(#11915));
#11915 = ORIENTED_EDGE('',*,*,#11916,.T.);
#11916 = EDGE_CURVE('',#11917,#11917,#11919,.T.);
#11917 = VERTEX_POINT('',#11918);
#11918 = CARTESIAN_POINT('',(-34.25,-6.849999,0.));
#11919 = CIRCLE('',#11920,0.5);
#11920 = AXIS2_PLACEMENT_3D('',#11921,#11922,#11923);
#11921 = CARTESIAN_POINT('',(-34.25,-6.349999,0.));
#11922 = DIRECTION('',(-0.,0.,-1.));
#11923 = DIRECTION('',(-0.,-1.,0.));
#11924 = FACE_BOUND('',#11925,.F.);
#11925 = EDGE_LOOP('',(#11926));
#11926 = ORIENTED_EDGE('',*,*,#11927,.T.);
#11927 = EDGE_CURVE('',#11928,#11928,#11930,.T.);
#11928 = VERTEX_POINT('',#11929);
#11929 = CARTESIAN_POINT('',(-34.25,-4.309999,0.));
#11930 = CIRCLE('',#11931,0.5);
#11931 = AXIS2_PLACEMENT_3D('',#11932,#11933,#11934);
#11932 = CARTESIAN_POINT('',(-34.25,-3.809999,0.));
#11933 = DIRECTION('',(-0.,0.,-1.));
#11934 = DIRECTION('',(-0.,-1.,0.));
#11935 = FACE_BOUND('',#11936,.F.);
#11936 = EDGE_LOOP('',(#11937));
#11937 = ORIENTED_EDGE('',*,*,#11938,.T.);
#11938 = EDGE_CURVE('',#11939,#11939,#11941,.T.);
#11939 = VERTEX_POINT('',#11940);
#11940 = CARTESIAN_POINT('',(-34.25,-1.769999,0.));
#11941 = CIRCLE('',#11942,0.5);
#11942 = AXIS2_PLACEMENT_3D('',#11943,#11944,#11945);
#11943 = CARTESIAN_POINT('',(-34.25,-1.269999,0.));
#11944 = DIRECTION('',(-0.,0.,-1.));
#11945 = DIRECTION('',(-0.,-1.,0.));
#11946 = FACE_BOUND('',#11947,.F.);
#11947 = EDGE_LOOP('',(#11948));
#11948 = ORIENTED_EDGE('',*,*,#11949,.T.);
#11949 = EDGE_CURVE('',#11950,#11950,#11952,.T.);
#11950 = VERTEX_POINT('',#11951);
#11951 = CARTESIAN_POINT('',(-26.757056,-6.052943,0.));
#11952 = CIRCLE('',#11953,0.25);
#11953 = AXIS2_PLACEMENT_3D('',#11954,#11955,#11956);
#11954 = CARTESIAN_POINT('',(-26.757056,-5.802943,0.));
#11955 = DIRECTION('',(-0.,0.,-1.));
#11956 = DIRECTION('',(-0.,-1.,0.));
#11957 = FACE_BOUND('',#11958,.F.);
#11958 = EDGE_LOOP('',(#11959));
#11959 = ORIENTED_EDGE('',*,*,#11960,.T.);
#11960 = EDGE_CURVE('',#11961,#11961,#11963,.T.);
#11961 = VERTEX_POINT('',#11962);
#11962 = CARTESIAN_POINT('',(-15.98,-24.628999,0.));
#11963 = CIRCLE('',#11964,0.5);
#11964 = AXIS2_PLACEMENT_3D('',#11965,#11966,#11967);
#11965 = CARTESIAN_POINT('',(-15.98,-24.128999,0.));
#11966 = DIRECTION('',(-0.,0.,-1.));
#11967 = DIRECTION('',(-0.,-1.,0.));
#11968 = FACE_BOUND('',#11969,.F.);
#11969 = EDGE_LOOP('',(#11970));
#11970 = ORIENTED_EDGE('',*,*,#11971,.T.);
#11971 = EDGE_CURVE('',#11972,#11972,#11974,.T.);
#11972 = VERTEX_POINT('',#11973);
#11973 = CARTESIAN_POINT('',(-15.98,-22.088999,0.));
#11974 = CIRCLE('',#11975,0.5);
#11975 = AXIS2_PLACEMENT_3D('',#11976,#11977,#11978);
#11976 = CARTESIAN_POINT('',(-15.98,-21.588999,0.));
#11977 = DIRECTION('',(-0.,0.,-1.));
#11978 = DIRECTION('',(-0.,-1.,0.));
#11979 = FACE_BOUND('',#11980,.F.);
#11980 = EDGE_LOOP('',(#11981));
#11981 = ORIENTED_EDGE('',*,*,#11982,.T.);
#11982 = EDGE_CURVE('',#11983,#11983,#11985,.T.);
#11983 = VERTEX_POINT('',#11984);
#11984 = CARTESIAN_POINT('',(-15.98,-19.548999,0.));
#11985 = CIRCLE('',#11986,0.5);
#11986 = AXIS2_PLACEMENT_3D('',#11987,#11988,#11989);
#11987 = CARTESIAN_POINT('',(-15.98,-19.048999,0.));
#11988 = DIRECTION('',(-0.,0.,-1.));
#11989 = DIRECTION('',(-0.,-1.,0.));
#11990 = FACE_BOUND('',#11991,.F.);
#11991 = EDGE_LOOP('',(#11992));
#11992 = ORIENTED_EDGE('',*,*,#11993,.T.);
#11993 = EDGE_CURVE('',#11994,#11994,#11996,.T.);
#11994 = VERTEX_POINT('',#11995);
#11995 = CARTESIAN_POINT('',(-15.98,-17.008999,0.));
#11996 = CIRCLE('',#11997,0.5);
#11997 = AXIS2_PLACEMENT_3D('',#11998,#11999,#12000);
#11998 = CARTESIAN_POINT('',(-15.98,-16.508999,0.));
#11999 = DIRECTION('',(-0.,0.,-1.));
#12000 = DIRECTION('',(-0.,-1.,0.));
#12001 = FACE_BOUND('',#12002,.F.);
#12002 = EDGE_LOOP('',(#12003));
#12003 = ORIENTED_EDGE('',*,*,#12004,.T.);
#12004 = EDGE_CURVE('',#12005,#12005,#12007,.T.);
#12005 = VERTEX_POINT('',#12006);
#12006 = CARTESIAN_POINT('',(-25.06,-10.149999,0.));
#12007 = CIRCLE('',#12008,0.25);
#12008 = AXIS2_PLACEMENT_3D('',#12009,#12010,#12011);
#12009 = CARTESIAN_POINT('',(-25.06,-9.899999,0.));
#12010 = DIRECTION('',(-0.,0.,-1.));
#12011 = DIRECTION('',(-0.,-1.,0.));
#12012 = FACE_BOUND('',#12013,.F.);
#12013 = EDGE_LOOP('',(#12014));
#12014 = ORIENTED_EDGE('',*,*,#12015,.T.);
#12015 = EDGE_CURVE('',#12016,#12016,#12018,.T.);
#12016 = VERTEX_POINT('',#12017);
#12017 = CARTESIAN_POINT('',(-23.362944,-9.447055,0.));
#12018 = CIRCLE('',#12019,0.25);
#12019 = AXIS2_PLACEMENT_3D('',#12020,#12021,#12022);
#12020 = CARTESIAN_POINT('',(-23.362944,-9.197055,0.));
#12021 = DIRECTION('',(-0.,0.,-1.));
#12022 = DIRECTION('',(-0.,-1.,0.));
#12023 = FACE_BOUND('',#12024,.F.);
#12024 = EDGE_LOOP('',(#12025));
#12025 = ORIENTED_EDGE('',*,*,#12026,.T.);
#12026 = EDGE_CURVE('',#12027,#12027,#12029,.T.);
#12027 = VERTEX_POINT('',#12028);
#12028 = CARTESIAN_POINT('',(-25.06,-9.099999,0.));
#12029 = CIRCLE('',#12030,1.6);
#12030 = AXIS2_PLACEMENT_3D('',#12031,#12032,#12033);
#12031 = CARTESIAN_POINT('',(-25.06,-7.499999,0.));
#12032 = DIRECTION('',(-0.,0.,-1.));
#12033 = DIRECTION('',(2.22044604925E-15,-1.,-0.));
#12034 = FACE_BOUND('',#12035,.F.);
#12035 = EDGE_LOOP('',(#12036));
#12036 = ORIENTED_EDGE('',*,*,#12037,.T.);
#12037 = EDGE_CURVE('',#12038,#12038,#12040,.T.);
#12038 = VERTEX_POINT('',#12039);
#12039 = CARTESIAN_POINT('',(-22.66,-7.749999,0.));
#12040 = CIRCLE('',#12041,0.25);
#12041 = AXIS2_PLACEMENT_3D('',#12042,#12043,#12044);
#12042 = CARTESIAN_POINT('',(-22.66,-7.499999,0.));
#12043 = DIRECTION('',(-0.,0.,-1.));
#12044 = DIRECTION('',(-0.,-1.,0.));
#12045 = FACE_BOUND('',#12046,.F.);
#12046 = EDGE_LOOP('',(#12047));
#12047 = ORIENTED_EDGE('',*,*,#12048,.T.);
#12048 = EDGE_CURVE('',#12049,#12049,#12051,.T.);
#12049 = VERTEX_POINT('',#12050);
#12050 = CARTESIAN_POINT('',(-25.06,-5.349999,0.));
#12051 = CIRCLE('',#12052,0.25);
#12052 = AXIS2_PLACEMENT_3D('',#12053,#12054,#12055);
#12053 = CARTESIAN_POINT('',(-25.06,-5.099999,0.));
#12054 = DIRECTION('',(-0.,0.,-1.));
#12055 = DIRECTION('',(-0.,-1.,0.));
#12056 = FACE_BOUND('',#12057,.F.);
#12057 = EDGE_LOOP('',(#12058));
#12058 = ORIENTED_EDGE('',*,*,#12059,.T.);
#12059 = EDGE_CURVE('',#12060,#12060,#12062,.T.);
#12060 = VERTEX_POINT('',#12061);
#12061 = CARTESIAN_POINT('',(-23.362944,-6.052943,0.));
#12062 = CIRCLE('',#12063,0.25);
#12063 = AXIS2_PLACEMENT_3D('',#12064,#12065,#12066);
#12064 = CARTESIAN_POINT('',(-23.362944,-5.802943,0.));
#12065 = DIRECTION('',(-0.,0.,-1.));
#12066 = DIRECTION('',(-0.,-1.,0.));
#12067 = FACE_BOUND('',#12068,.F.);
#12068 = EDGE_LOOP('',(#12069));
#12069 = ORIENTED_EDGE('',*,*,#12070,.T.);
#12070 = EDGE_CURVE('',#12071,#12071,#12073,.T.);
#12071 = VERTEX_POINT('',#12072);
#12072 = CARTESIAN_POINT('',(-3.302944,-43.957055,0.));
#12073 = CIRCLE('',#12074,0.25);
#12074 = AXIS2_PLACEMENT_3D('',#12075,#12076,#12077);
#12075 = CARTESIAN_POINT('',(-3.302944,-43.707055,0.));
#12076 = DIRECTION('',(-0.,0.,-1.));
#12077 = DIRECTION('',(-0.,-1.,0.));
#12078 = FACE_BOUND('',#12079,.F.);
#12079 = EDGE_LOOP('',(#12080));
#12080 = ORIENTED_EDGE('',*,*,#12081,.T.);
#12081 = EDGE_CURVE('',#12082,#12082,#12084,.T.);
#12082 = VERTEX_POINT('',#12083);
#12083 = CARTESIAN_POINT('',(-2.6,-42.259999,0.));
#12084 = CIRCLE('',#12085,0.25);
#12085 = AXIS2_PLACEMENT_3D('',#12086,#12087,#12088);
#12086 = CARTESIAN_POINT('',(-2.6,-42.009999,0.));
#12087 = DIRECTION('',(-0.,0.,-1.));
#12088 = DIRECTION('',(-0.,-1.,0.));
#12089 = FACE_BOUND('',#12090,.F.);
#12090 = EDGE_LOOP('',(#12091));
#12091 = ORIENTED_EDGE('',*,*,#12092,.T.);
#12092 = EDGE_CURVE('',#12093,#12093,#12095,.T.);
#12093 = VERTEX_POINT('',#12094);
#12094 = CARTESIAN_POINT('',(-3.302944,-40.562943,0.));
#12095 = CIRCLE('',#12096,0.25);
#12096 = AXIS2_PLACEMENT_3D('',#12097,#12098,#12099);
#12097 = CARTESIAN_POINT('',(-3.302944,-40.312943,0.));
#12098 = DIRECTION('',(-0.,0.,-1.));
#12099 = DIRECTION('',(-0.,-1.,0.));
#12100 = FACE_BOUND('',#12101,.F.);
#12101 = EDGE_LOOP('',(#12102));
#12102 = ORIENTED_EDGE('',*,*,#12103,.T.);
#12103 = EDGE_CURVE('',#12104,#12104,#12106,.T.);
#12104 = VERTEX_POINT('',#12105);
#12105 = CARTESIAN_POINT('',(15.98,-34.788999,0.));
#12106 = CIRCLE('',#12107,0.5);
#12107 = AXIS2_PLACEMENT_3D('',#12108,#12109,#12110);
#12108 = CARTESIAN_POINT('',(15.98,-34.288999,0.));
#12109 = DIRECTION('',(-0.,0.,-1.));
#12110 = DIRECTION('',(-0.,-1.,0.));
#12111 = FACE_BOUND('',#12112,.F.);
#12112 = EDGE_LOOP('',(#12113));
#12113 = ORIENTED_EDGE('',*,*,#12114,.T.);
#12114 = EDGE_CURVE('',#12115,#12115,#12117,.T.);
#12115 = VERTEX_POINT('',#12116);
#12116 = CARTESIAN_POINT('',(15.98,-32.248999,0.));
#12117 = CIRCLE('',#12118,0.5);
#12118 = AXIS2_PLACEMENT_3D('',#12119,#12120,#12121);
#12119 = CARTESIAN_POINT('',(15.98,-31.748999,0.));
#12120 = DIRECTION('',(-0.,0.,-1.));
#12121 = DIRECTION('',(-0.,-1.,0.));
#12122 = FACE_BOUND('',#12123,.F.);
#12123 = EDGE_LOOP('',(#12124));
#12124 = ORIENTED_EDGE('',*,*,#12125,.T.);
#12125 = EDGE_CURVE('',#12126,#12126,#12128,.T.);
#12126 = VERTEX_POINT('',#12127);
#12127 = CARTESIAN_POINT('',(15.98,-29.708999,0.));
#12128 = CIRCLE('',#12129,0.5);
#12129 = AXIS2_PLACEMENT_3D('',#12130,#12131,#12132);
#12130 = CARTESIAN_POINT('',(15.98,-29.208999,0.));
#12131 = DIRECTION('',(-0.,0.,-1.));
#12132 = DIRECTION('',(-0.,-1.,0.));
#12133 = FACE_BOUND('',#12134,.F.);
#12134 = EDGE_LOOP('',(#12135));
#12135 = ORIENTED_EDGE('',*,*,#12136,.T.);
#12136 = EDGE_CURVE('',#12137,#12137,#12139,.T.);
#12137 = VERTEX_POINT('',#12138);
#12138 = CARTESIAN_POINT('',(15.98,-27.168999,0.));
#12139 = CIRCLE('',#12140,0.5);
#12140 = AXIS2_PLACEMENT_3D('',#12141,#12142,#12143);
#12141 = CARTESIAN_POINT('',(15.98,-26.668999,0.));
#12142 = DIRECTION('',(-0.,0.,-1.));
#12143 = DIRECTION('',(-0.,-1.,0.));
#12144 = FACE_BOUND('',#12145,.F.);
#12145 = EDGE_LOOP('',(#12146));
#12146 = ORIENTED_EDGE('',*,*,#12147,.T.);
#12147 = EDGE_CURVE('',#12148,#12148,#12150,.T.);
#12148 = VERTEX_POINT('',#12149);
#12149 = CARTESIAN_POINT('',(23.05,-32.649999,0.));
#12150 = CIRCLE('',#12151,0.25);
#12151 = AXIS2_PLACEMENT_3D('',#12152,#12153,#12154);
#12152 = CARTESIAN_POINT('',(23.05,-32.399999,0.));
#12153 = DIRECTION('',(-0.,0.,-1.));
#12154 = DIRECTION('',(-0.,-1.,0.));
#12155 = FACE_BOUND('',#12156,.F.);
#12156 = EDGE_LOOP('',(#12157));
#12157 = ORIENTED_EDGE('',*,*,#12158,.T.);
#12158 = EDGE_CURVE('',#12159,#12159,#12161,.T.);
#12159 = VERTEX_POINT('',#12160);
#12160 = CARTESIAN_POINT('',(20.65,-30.249999,0.));
#12161 = CIRCLE('',#12162,0.25);
#12162 = AXIS2_PLACEMENT_3D('',#12163,#12164,#12165);
#12163 = CARTESIAN_POINT('',(20.65,-29.999999,0.));
#12164 = DIRECTION('',(-0.,0.,-1.));
#12165 = DIRECTION('',(-0.,-1.,0.));
#12166 = FACE_BOUND('',#12167,.F.);
#12167 = EDGE_LOOP('',(#12168));
#12168 = ORIENTED_EDGE('',*,*,#12169,.T.);
#12169 = EDGE_CURVE('',#12170,#12170,#12172,.T.);
#12170 = VERTEX_POINT('',#12171);
#12171 = CARTESIAN_POINT('',(21.352944,-31.947055,0.));
#12172 = CIRCLE('',#12173,0.25);
#12173 = AXIS2_PLACEMENT_3D('',#12174,#12175,#12176);
#12174 = CARTESIAN_POINT('',(21.352944,-31.697055,0.));
#12175 = DIRECTION('',(-0.,0.,-1.));
#12176 = DIRECTION('',(-0.,-1.,0.));
#12177 = FACE_BOUND('',#12178,.F.);
#12178 = EDGE_LOOP('',(#12179));
#12179 = ORIENTED_EDGE('',*,*,#12180,.T.);
#12180 = EDGE_CURVE('',#12181,#12181,#12183,.T.);
#12181 = VERTEX_POINT('',#12182);
#12182 = CARTESIAN_POINT('',(23.05,-31.599999,0.));
#12183 = CIRCLE('',#12184,1.6);
#12184 = AXIS2_PLACEMENT_3D('',#12185,#12186,#12187);
#12185 = CARTESIAN_POINT('',(23.05,-29.999999,0.));
#12186 = DIRECTION('',(-0.,0.,-1.));
#12187 = DIRECTION('',(2.22044604925E-15,-1.,-0.));
#12188 = FACE_BOUND('',#12189,.F.);
#12189 = EDGE_LOOP('',(#12190));
#12190 = ORIENTED_EDGE('',*,*,#12191,.T.);
#12191 = EDGE_CURVE('',#12192,#12192,#12194,.T.);
#12192 = VERTEX_POINT('',#12193);
#12193 = CARTESIAN_POINT('',(21.352944,-28.552943,0.));
#12194 = CIRCLE('',#12195,0.25);
#12195 = AXIS2_PLACEMENT_3D('',#12196,#12197,#12198);
#12196 = CARTESIAN_POINT('',(21.352944,-28.302943,0.));
#12197 = DIRECTION('',(-0.,0.,-1.));
#12198 = DIRECTION('',(-0.,-1.,0.));
#12199 = FACE_BOUND('',#12200,.F.);
#12200 = EDGE_LOOP('',(#12201));
#12201 = ORIENTED_EDGE('',*,*,#12202,.T.);
#12202 = EDGE_CURVE('',#12203,#12203,#12205,.T.);
#12203 = VERTEX_POINT('',#12204);
#12204 = CARTESIAN_POINT('',(23.05,-27.849999,0.));
#12205 = CIRCLE('',#12206,0.25);
#12206 = AXIS2_PLACEMENT_3D('',#12207,#12208,#12209);
#12207 = CARTESIAN_POINT('',(23.05,-27.599999,0.));
#12208 = DIRECTION('',(-0.,0.,-1.));
#12209 = DIRECTION('',(-0.,-1.,0.));
#12210 = FACE_BOUND('',#12211,.F.);
#12211 = EDGE_LOOP('',(#12212));
#12212 = ORIENTED_EDGE('',*,*,#12213,.T.);
#12213 = EDGE_CURVE('',#12214,#12214,#12216,.T.);
#12214 = VERTEX_POINT('',#12215);
#12215 = CARTESIAN_POINT('',(24.747056,-31.947055,0.));
#12216 = CIRCLE('',#12217,0.25);
#12217 = AXIS2_PLACEMENT_3D('',#12218,#12219,#12220);
#12218 = CARTESIAN_POINT('',(24.747056,-31.697055,0.));
#12219 = DIRECTION('',(-0.,0.,-1.));
#12220 = DIRECTION('',(-0.,-1.,0.));
#12221 = FACE_BOUND('',#12222,.F.);
#12222 = EDGE_LOOP('',(#12223));
#12223 = ORIENTED_EDGE('',*,*,#12224,.T.);
#12224 = EDGE_CURVE('',#12225,#12225,#12227,.T.);
#12225 = VERTEX_POINT('',#12226);
#12226 = CARTESIAN_POINT('',(25.45,-30.249999,0.));
#12227 = CIRCLE('',#12228,0.25);
#12228 = AXIS2_PLACEMENT_3D('',#12229,#12230,#12231);
#12229 = CARTESIAN_POINT('',(25.45,-29.999999,0.));
#12230 = DIRECTION('',(-0.,0.,-1.));
#12231 = DIRECTION('',(-0.,-1.,0.));
#12232 = FACE_BOUND('',#12233,.F.);
#12233 = EDGE_LOOP('',(#12234));
#12234 = ORIENTED_EDGE('',*,*,#12235,.T.);
#12235 = EDGE_CURVE('',#12236,#12236,#12238,.T.);
#12236 = VERTEX_POINT('',#12237);
#12237 = CARTESIAN_POINT('',(24.747056,-28.552943,0.));
#12238 = CIRCLE('',#12239,0.25);
#12239 = AXIS2_PLACEMENT_3D('',#12240,#12241,#12242);
#12240 = CARTESIAN_POINT('',(24.747056,-28.302943,0.));
#12241 = DIRECTION('',(-0.,0.,-1.));
#12242 = DIRECTION('',(-0.,-1.,0.));
#12243 = FACE_BOUND('',#12244,.F.);
#12244 = EDGE_LOOP('',(#12245));
#12245 = ORIENTED_EDGE('',*,*,#12246,.T.);
#12246 = EDGE_CURVE('',#12247,#12247,#12249,.T.);
#12247 = VERTEX_POINT('',#12248);
#12248 = CARTESIAN_POINT('',(15.98,-24.628999,0.));
#12249 = CIRCLE('',#12250,0.5);
#12250 = AXIS2_PLACEMENT_3D('',#12251,#12252,#12253);
#12251 = CARTESIAN_POINT('',(15.98,-24.128999,0.));
#12252 = DIRECTION('',(-0.,0.,-1.));
#12253 = DIRECTION('',(-0.,-1.,0.));
#12254 = FACE_BOUND('',#12255,.F.);
#12255 = EDGE_LOOP('',(#12256));
#12256 = ORIENTED_EDGE('',*,*,#12257,.T.);
#12257 = EDGE_CURVE('',#12258,#12258,#12260,.T.);
#12258 = VERTEX_POINT('',#12259);
#12259 = CARTESIAN_POINT('',(15.98,-22.088999,0.));
#12260 = CIRCLE('',#12261,0.5);
#12261 = AXIS2_PLACEMENT_3D('',#12262,#12263,#12264);
#12262 = CARTESIAN_POINT('',(15.98,-21.588999,0.));
#12263 = DIRECTION('',(-0.,0.,-1.));
#12264 = DIRECTION('',(-0.,-1.,0.));
#12265 = FACE_BOUND('',#12266,.F.);
#12266 = EDGE_LOOP('',(#12267));
#12267 = ORIENTED_EDGE('',*,*,#12268,.T.);
#12268 = EDGE_CURVE('',#12269,#12269,#12271,.T.);
#12269 = VERTEX_POINT('',#12270);
#12270 = CARTESIAN_POINT('',(15.98,-19.548999,0.));
#12271 = CIRCLE('',#12272,0.5);
#12272 = AXIS2_PLACEMENT_3D('',#12273,#12274,#12275);
#12273 = CARTESIAN_POINT('',(15.98,-19.048999,0.));
#12274 = DIRECTION('',(-0.,0.,-1.));
#12275 = DIRECTION('',(-0.,-1.,0.));
#12276 = FACE_BOUND('',#12277,.F.);
#12277 = EDGE_LOOP('',(#12278));
#12278 = ORIENTED_EDGE('',*,*,#12279,.T.);
#12279 = EDGE_CURVE('',#12280,#12280,#12282,.T.);
#12280 = VERTEX_POINT('',#12281);
#12281 = CARTESIAN_POINT('',(15.98,-17.008999,0.));
#12282 = CIRCLE('',#12283,0.5);
#12283 = AXIS2_PLACEMENT_3D('',#12284,#12285,#12286);
#12284 = CARTESIAN_POINT('',(15.98,-16.508999,0.));
#12285 = DIRECTION('',(-0.,0.,-1.));
#12286 = DIRECTION('',(-0.,-1.,0.));
#12287 = FACE_BOUND('',#12288,.F.);
#12288 = EDGE_LOOP('',(#12289));
#12289 = ORIENTED_EDGE('',*,*,#12290,.T.);
#12290 = EDGE_CURVE('',#12291,#12291,#12293,.T.);
#12291 = VERTEX_POINT('',#12292);
#12292 = CARTESIAN_POINT('',(23.362944,-9.447055,0.));
#12293 = CIRCLE('',#12294,0.25);
#12294 = AXIS2_PLACEMENT_3D('',#12295,#12296,#12297);
#12295 = CARTESIAN_POINT('',(23.362944,-9.197055,0.));
#12296 = DIRECTION('',(-0.,0.,-1.));
#12297 = DIRECTION('',(-0.,-1.,0.));
#12298 = FACE_BOUND('',#12299,.F.);
#12299 = EDGE_LOOP('',(#12300));
#12300 = ORIENTED_EDGE('',*,*,#12301,.T.);
#12301 = EDGE_CURVE('',#12302,#12302,#12304,.T.);
#12302 = VERTEX_POINT('',#12303);
#12303 = CARTESIAN_POINT('',(22.66,-7.749999,0.));
#12304 = CIRCLE('',#12305,0.25);
#12305 = AXIS2_PLACEMENT_3D('',#12306,#12307,#12308);
#12306 = CARTESIAN_POINT('',(22.66,-7.499999,0.));
#12307 = DIRECTION('',(-0.,0.,-1.));
#12308 = DIRECTION('',(-0.,-1.,0.));
#12309 = FACE_BOUND('',#12310,.F.);
#12310 = EDGE_LOOP('',(#12311));
#12311 = ORIENTED_EDGE('',*,*,#12312,.T.);
#12312 = EDGE_CURVE('',#12313,#12313,#12315,.T.);
#12313 = VERTEX_POINT('',#12314);
#12314 = CARTESIAN_POINT('',(25.06,-10.149999,0.));
#12315 = CIRCLE('',#12316,0.25);
#12316 = AXIS2_PLACEMENT_3D('',#12317,#12318,#12319);
#12317 = CARTESIAN_POINT('',(25.06,-9.899999,0.));
#12318 = DIRECTION('',(-0.,0.,-1.));
#12319 = DIRECTION('',(-0.,-1.,0.));
#12320 = FACE_BOUND('',#12321,.F.);
#12321 = EDGE_LOOP('',(#12322));
#12322 = ORIENTED_EDGE('',*,*,#12323,.T.);
#12323 = EDGE_CURVE('',#12324,#12324,#12326,.T.);
#12324 = VERTEX_POINT('',#12325);
#12325 = CARTESIAN_POINT('',(25.06,-9.099999,0.));
#12326 = CIRCLE('',#12327,1.6);
#12327 = AXIS2_PLACEMENT_3D('',#12328,#12329,#12330);
#12328 = CARTESIAN_POINT('',(25.06,-7.499999,0.));
#12329 = DIRECTION('',(-0.,0.,-1.));
#12330 = DIRECTION('',(-2.22044604925E-15,-1.,0.));
#12331 = FACE_BOUND('',#12332,.F.);
#12332 = EDGE_LOOP('',(#12333));
#12333 = ORIENTED_EDGE('',*,*,#12334,.T.);
#12334 = EDGE_CURVE('',#12335,#12335,#12337,.T.);
#12335 = VERTEX_POINT('',#12336);
#12336 = CARTESIAN_POINT('',(26.757056,-9.447055,0.));
#12337 = CIRCLE('',#12338,0.25);
#12338 = AXIS2_PLACEMENT_3D('',#12339,#12340,#12341);
#12339 = CARTESIAN_POINT('',(26.757056,-9.197055,0.));
#12340 = DIRECTION('',(-0.,0.,-1.));
#12341 = DIRECTION('',(-0.,-1.,0.));
#12342 = FACE_BOUND('',#12343,.F.);
#12343 = EDGE_LOOP('',(#12344));
#12344 = ORIENTED_EDGE('',*,*,#12345,.T.);
#12345 = EDGE_CURVE('',#12346,#12346,#12348,.T.);
#12346 = VERTEX_POINT('',#12347);
#12347 = CARTESIAN_POINT('',(27.46,-7.749999,0.));
#12348 = CIRCLE('',#12349,0.25);
#12349 = AXIS2_PLACEMENT_3D('',#12350,#12351,#12352);
#12350 = CARTESIAN_POINT('',(27.46,-7.499999,0.));
#12351 = DIRECTION('',(-0.,0.,-1.));
#12352 = DIRECTION('',(-0.,-1.,0.));
#12353 = FACE_BOUND('',#12354,.F.);
#12354 = EDGE_LOOP('',(#12355));
#12355 = ORIENTED_EDGE('',*,*,#12356,.T.);
#12356 = EDGE_CURVE('',#12357,#12357,#12359,.T.);
#12357 = VERTEX_POINT('',#12358);
#12358 = CARTESIAN_POINT('',(23.362944,-6.052943,0.));
#12359 = CIRCLE('',#12360,0.25);
#12360 = AXIS2_PLACEMENT_3D('',#12361,#12362,#12363);
#12361 = CARTESIAN_POINT('',(23.362944,-5.802943,0.));
#12362 = DIRECTION('',(-0.,0.,-1.));
#12363 = DIRECTION('',(-0.,-1.,0.));
#12364 = FACE_BOUND('',#12365,.F.);
#12365 = EDGE_LOOP('',(#12366));
#12366 = ORIENTED_EDGE('',*,*,#12367,.T.);
#12367 = EDGE_CURVE('',#12368,#12368,#12370,.T.);
#12368 = VERTEX_POINT('',#12369);
#12369 = CARTESIAN_POINT('',(25.06,-5.349999,0.));
#12370 = CIRCLE('',#12371,0.25);
#12371 = AXIS2_PLACEMENT_3D('',#12372,#12373,#12374);
#12372 = CARTESIAN_POINT('',(25.06,-5.099999,0.));
#12373 = DIRECTION('',(-0.,0.,-1.));
#12374 = DIRECTION('',(-0.,-1.,0.));
#12375 = FACE_BOUND('',#12376,.F.);
#12376 = EDGE_LOOP('',(#12377));
#12377 = ORIENTED_EDGE('',*,*,#12378,.T.);
#12378 = EDGE_CURVE('',#12379,#12379,#12381,.T.);
#12379 = VERTEX_POINT('',#12380);
#12380 = CARTESIAN_POINT('',(26.757056,-6.052943,0.));
#12381 = CIRCLE('',#12382,0.25);
#12382 = AXIS2_PLACEMENT_3D('',#12383,#12384,#12385);
#12383 = CARTESIAN_POINT('',(26.757056,-5.802943,0.));
#12384 = DIRECTION('',(-0.,0.,-1.));
#12385 = DIRECTION('',(-0.,-1.,0.));
#12386 = FACE_BOUND('',#12387,.F.);
#12387 = EDGE_LOOP('',(#12388));
#12388 = ORIENTED_EDGE('',*,*,#12389,.T.);
#12389 = EDGE_CURVE('',#12390,#12390,#12392,.T.);
#12390 = VERTEX_POINT('',#12391);
#12391 = CARTESIAN_POINT('',(34.25,-6.849999,0.));
#12392 = CIRCLE('',#12393,0.5);
#12393 = AXIS2_PLACEMENT_3D('',#12394,#12395,#12396);
#12394 = CARTESIAN_POINT('',(34.25,-6.349999,0.));
#12395 = DIRECTION('',(-0.,0.,-1.));
#12396 = DIRECTION('',(-0.,-1.,0.));
#12397 = FACE_BOUND('',#12398,.F.);
#12398 = EDGE_LOOP('',(#12399));
#12399 = ORIENTED_EDGE('',*,*,#12400,.T.);
#12400 = EDGE_CURVE('',#12401,#12401,#12403,.T.);
#12401 = VERTEX_POINT('',#12402);
#12402 = CARTESIAN_POINT('',(34.25,-4.309999,0.));
#12403 = CIRCLE('',#12404,0.5);
#12404 = AXIS2_PLACEMENT_3D('',#12405,#12406,#12407);
#12405 = CARTESIAN_POINT('',(34.25,-3.809999,0.));
#12406 = DIRECTION('',(-0.,0.,-1.));
#12407 = DIRECTION('',(-0.,-1.,0.));
#12408 = FACE_BOUND('',#12409,.F.);
#12409 = EDGE_LOOP('',(#12410));
#12410 = ORIENTED_EDGE('',*,*,#12411,.T.);
#12411 = EDGE_CURVE('',#12412,#12412,#12414,.T.);
#12412 = VERTEX_POINT('',#12413);
#12413 = CARTESIAN_POINT('',(34.25,-1.769999,0.));
#12414 = CIRCLE('',#12415,0.5);
#12415 = AXIS2_PLACEMENT_3D('',#12416,#12417,#12418);
#12416 = CARTESIAN_POINT('',(34.25,-1.269999,0.));
#12417 = DIRECTION('',(-0.,0.,-1.));
#12418 = DIRECTION('',(-0.,-1.,0.));
#12419 = FACE_BOUND('',#12420,.F.);
#12420 = EDGE_LOOP('',(#12421));
#12421 = ORIENTED_EDGE('',*,*,#12422,.T.);
#12422 = EDGE_CURVE('',#12423,#12423,#12425,.T.);
#12423 = VERTEX_POINT('',#12424);
#12424 = CARTESIAN_POINT('',(-34.25,0.770001,0.));
#12425 = CIRCLE('',#12426,0.5);
#12426 = AXIS2_PLACEMENT_3D('',#12427,#12428,#12429);
#12427 = CARTESIAN_POINT('',(-34.25,1.270001,0.));
#12428 = DIRECTION('',(-0.,0.,-1.));
#12429 = DIRECTION('',(-0.,-1.,0.));
#12430 = FACE_BOUND('',#12431,.F.);
#12431 = EDGE_LOOP('',(#12432));
#12432 = ORIENTED_EDGE('',*,*,#12433,.T.);
#12433 = EDGE_CURVE('',#12434,#12434,#12436,.T.);
#12434 = VERTEX_POINT('',#12435);
#12435 = CARTESIAN_POINT('',(-34.25,3.310001,0.));
#12436 = CIRCLE('',#12437,0.5);
#12437 = AXIS2_PLACEMENT_3D('',#12438,#12439,#12440);
#12438 = CARTESIAN_POINT('',(-34.25,3.810001,0.));
#12439 = DIRECTION('',(-0.,0.,-1.));
#12440 = DIRECTION('',(-0.,-1.,0.));
#12441 = FACE_BOUND('',#12442,.F.);
#12442 = EDGE_LOOP('',(#12443));
#12443 = ORIENTED_EDGE('',*,*,#12444,.T.);
#12444 = EDGE_CURVE('',#12445,#12445,#12447,.T.);
#12445 = VERTEX_POINT('',#12446);
#12446 = CARTESIAN_POINT('',(-34.25,5.850001,0.));
#12447 = CIRCLE('',#12448,0.5);
#12448 = AXIS2_PLACEMENT_3D('',#12449,#12450,#12451);
#12449 = CARTESIAN_POINT('',(-34.25,6.350001,0.));
#12450 = DIRECTION('',(-0.,0.,-1.));
#12451 = DIRECTION('',(-0.,-1.,0.));
#12452 = FACE_BOUND('',#12453,.F.);
#12453 = EDGE_LOOP('',(#12454));
#12454 = ORIENTED_EDGE('',*,*,#12455,.T.);
#12455 = EDGE_CURVE('',#12456,#12456,#12458,.T.);
#12456 = VERTEX_POINT('',#12457);
#12457 = CARTESIAN_POINT('',(-26.757056,5.552945,0.));
#12458 = CIRCLE('',#12459,0.25);
#12459 = AXIS2_PLACEMENT_3D('',#12460,#12461,#12462);
#12460 = CARTESIAN_POINT('',(-26.757056,5.802945,0.));
#12461 = DIRECTION('',(-0.,0.,-1.));
#12462 = DIRECTION('',(-0.,-1.,0.));
#12463 = FACE_BOUND('',#12464,.F.);
#12464 = EDGE_LOOP('',(#12465));
#12465 = ORIENTED_EDGE('',*,*,#12466,.T.);
#12466 = EDGE_CURVE('',#12467,#12467,#12469,.T.);
#12467 = VERTEX_POINT('',#12468);
#12468 = CARTESIAN_POINT('',(-27.46,7.250001,0.));
#12469 = CIRCLE('',#12470,0.25);
#12470 = AXIS2_PLACEMENT_3D('',#12471,#12472,#12473);
#12471 = CARTESIAN_POINT('',(-27.46,7.500001,0.));
#12472 = DIRECTION('',(-0.,0.,-1.));
#12473 = DIRECTION('',(-0.,-1.,0.));
#12474 = FACE_BOUND('',#12475,.F.);
#12475 = EDGE_LOOP('',(#12476));
#12476 = ORIENTED_EDGE('',*,*,#12477,.T.);
#12477 = EDGE_CURVE('',#12478,#12478,#12480,.T.);
#12478 = VERTEX_POINT('',#12479);
#12479 = CARTESIAN_POINT('',(-26.757056,8.947057,0.));
#12480 = CIRCLE('',#12481,0.25);
#12481 = AXIS2_PLACEMENT_3D('',#12482,#12483,#12484);
#12482 = CARTESIAN_POINT('',(-26.757056,9.197057,0.));
#12483 = DIRECTION('',(-0.,0.,-1.));
#12484 = DIRECTION('',(-0.,-1.,0.));
#12485 = FACE_BOUND('',#12486,.F.);
#12486 = EDGE_LOOP('',(#12487));
#12487 = ORIENTED_EDGE('',*,*,#12488,.T.);
#12488 = EDGE_CURVE('',#12489,#12489,#12491,.T.);
#12489 = VERTEX_POINT('',#12490);
#12490 = CARTESIAN_POINT('',(-47.3015,13.1875,0.));
#12491 = CIRCLE('',#12492,0.425);
#12492 = AXIS2_PLACEMENT_3D('',#12493,#12494,#12495);
#12493 = CARTESIAN_POINT('',(-47.3015,13.6125,0.));
#12494 = DIRECTION('',(-0.,0.,-1.));
#12495 = DIRECTION('',(1.671865260612E-14,-1.,-0.));
#12496 = FACE_BOUND('',#12497,.F.);
#12497 = EDGE_LOOP('',(#12498));
#12498 = ORIENTED_EDGE('',*,*,#12499,.T.);
#12499 = EDGE_CURVE('',#12500,#12500,#12502,.T.);
#12500 = VERTEX_POINT('',#12501);
#12501 = CARTESIAN_POINT('',(-44.7615,13.1875,0.));
#12502 = CIRCLE('',#12503,0.425);
#12503 = AXIS2_PLACEMENT_3D('',#12504,#12505,#12506);
#12504 = CARTESIAN_POINT('',(-44.7615,13.6125,0.));
#12505 = DIRECTION('',(-0.,0.,-1.));
#12506 = DIRECTION('',(-0.,-1.,0.));
#12507 = FACE_BOUND('',#12508,.F.);
#12508 = EDGE_LOOP('',(#12509));
#12509 = ORIENTED_EDGE('',*,*,#12510,.T.);
#12510 = EDGE_CURVE('',#12511,#12511,#12513,.T.);
#12511 = VERTEX_POINT('',#12512);
#12512 = CARTESIAN_POINT('',(-42.2215,13.1875,0.));
#12513 = CIRCLE('',#12514,0.425);
#12514 = AXIS2_PLACEMENT_3D('',#12515,#12516,#12517);
#12515 = CARTESIAN_POINT('',(-42.2215,13.6125,0.));
#12516 = DIRECTION('',(-0.,0.,-1.));
#12517 = DIRECTION('',(1.671865260612E-14,-1.,-0.));
#12518 = FACE_BOUND('',#12519,.F.);
#12519 = EDGE_LOOP('',(#12520));
#12520 = ORIENTED_EDGE('',*,*,#12521,.T.);
#12521 = EDGE_CURVE('',#12522,#12522,#12524,.T.);
#12522 = VERTEX_POINT('',#12523);
#12523 = CARTESIAN_POINT('',(-39.6815,13.1875,0.));
#12524 = CIRCLE('',#12525,0.425);
#12525 = AXIS2_PLACEMENT_3D('',#12526,#12527,#12528);
#12526 = CARTESIAN_POINT('',(-39.6815,13.6125,0.));
#12527 = DIRECTION('',(-0.,0.,-1.));
#12528 = DIRECTION('',(-0.,-1.,0.));
#12529 = FACE_BOUND('',#12530,.F.);
#12530 = EDGE_LOOP('',(#12531));
#12531 = ORIENTED_EDGE('',*,*,#12532,.T.);
#12532 = EDGE_CURVE('',#12533,#12533,#12535,.T.);
#12533 = VERTEX_POINT('',#12534);
#12534 = CARTESIAN_POINT('',(-37.1415,13.1875,0.));
#12535 = CIRCLE('',#12536,0.425);
#12536 = AXIS2_PLACEMENT_3D('',#12537,#12538,#12539);
#12537 = CARTESIAN_POINT('',(-37.1415,13.6125,0.));
#12538 = DIRECTION('',(-0.,0.,-1.));
#12539 = DIRECTION('',(-0.,-1.,0.));
#12540 = FACE_BOUND('',#12541,.F.);
#12541 = EDGE_LOOP('',(#12542));
#12542 = ORIENTED_EDGE('',*,*,#12543,.T.);
#12543 = EDGE_CURVE('',#12544,#12544,#12546,.T.);
#12544 = VERTEX_POINT('',#12545);
#12545 = CARTESIAN_POINT('',(-34.6015,13.1875,0.));
#12546 = CIRCLE('',#12547,0.425);
#12547 = AXIS2_PLACEMENT_3D('',#12548,#12549,#12550);
#12548 = CARTESIAN_POINT('',(-34.6015,13.6125,0.));
#12549 = DIRECTION('',(-0.,0.,-1.));
#12550 = DIRECTION('',(-0.,-1.,0.));
#12551 = FACE_BOUND('',#12552,.F.);
#12552 = EDGE_LOOP('',(#12553));
#12553 = ORIENTED_EDGE('',*,*,#12554,.T.);
#12554 = EDGE_CURVE('',#12555,#12555,#12557,.T.);
#12555 = VERTEX_POINT('',#12556);
#12556 = CARTESIAN_POINT('',(-32.0615,13.1875,0.));
#12557 = CIRCLE('',#12558,0.425);
#12558 = AXIS2_PLACEMENT_3D('',#12559,#12560,#12561);
#12559 = CARTESIAN_POINT('',(-32.0615,13.6125,0.));
#12560 = DIRECTION('',(-0.,0.,-1.));
#12561 = DIRECTION('',(-0.,-1.,0.));
#12562 = FACE_BOUND('',#12563,.F.);
#12563 = EDGE_LOOP('',(#12564));
#12564 = ORIENTED_EDGE('',*,*,#12565,.T.);
#12565 = EDGE_CURVE('',#12566,#12566,#12568,.T.);
#12566 = VERTEX_POINT('',#12567);
#12567 = CARTESIAN_POINT('',(-25.06,4.850001,0.));
#12568 = CIRCLE('',#12569,0.25);
#12569 = AXIS2_PLACEMENT_3D('',#12570,#12571,#12572);
#12570 = CARTESIAN_POINT('',(-25.06,5.100001,0.));
#12571 = DIRECTION('',(-0.,0.,-1.));
#12572 = DIRECTION('',(-0.,-1.,0.));
#12573 = FACE_BOUND('',#12574,.F.);
#12574 = EDGE_LOOP('',(#12575));
#12575 = ORIENTED_EDGE('',*,*,#12576,.T.);
#12576 = EDGE_CURVE('',#12577,#12577,#12579,.T.);
#12577 = VERTEX_POINT('',#12578);
#12578 = CARTESIAN_POINT('',(-23.362944,5.552945,0.));
#12579 = CIRCLE('',#12580,0.25);
#12580 = AXIS2_PLACEMENT_3D('',#12581,#12582,#12583);
#12581 = CARTESIAN_POINT('',(-23.362944,5.802945,0.));
#12582 = DIRECTION('',(-0.,0.,-1.));
#12583 = DIRECTION('',(-0.,-1.,0.));
#12584 = FACE_BOUND('',#12585,.F.);
#12585 = EDGE_LOOP('',(#12586));
#12586 = ORIENTED_EDGE('',*,*,#12587,.T.);
#12587 = EDGE_CURVE('',#12588,#12588,#12590,.T.);
#12588 = VERTEX_POINT('',#12589);
#12589 = CARTESIAN_POINT('',(-25.06,5.900001,0.));
#12590 = CIRCLE('',#12591,1.6);
#12591 = AXIS2_PLACEMENT_3D('',#12592,#12593,#12594);
#12592 = CARTESIAN_POINT('',(-25.06,7.500001,0.));
#12593 = DIRECTION('',(-0.,0.,-1.));
#12594 = DIRECTION('',(2.22044604925E-15,-1.,-0.));
#12595 = FACE_BOUND('',#12596,.F.);
#12596 = EDGE_LOOP('',(#12597));
#12597 = ORIENTED_EDGE('',*,*,#12598,.T.);
#12598 = EDGE_CURVE('',#12599,#12599,#12601,.T.);
#12599 = VERTEX_POINT('',#12600);
#12600 = CARTESIAN_POINT('',(-23.362944,8.947057,0.));
#12601 = CIRCLE('',#12602,0.25);
#12602 = AXIS2_PLACEMENT_3D('',#12603,#12604,#12605);
#12603 = CARTESIAN_POINT('',(-23.362944,9.197057,0.));
#12604 = DIRECTION('',(-0.,0.,-1.));
#12605 = DIRECTION('',(-0.,-1.,0.));
#12606 = FACE_BOUND('',#12607,.F.);
#12607 = EDGE_LOOP('',(#12608));
#12608 = ORIENTED_EDGE('',*,*,#12609,.T.);
#12609 = EDGE_CURVE('',#12610,#12610,#12612,.T.);
#12610 = VERTEX_POINT('',#12611);
#12611 = CARTESIAN_POINT('',(-22.66,7.250001,0.));
#12612 = CIRCLE('',#12613,0.25);
#12613 = AXIS2_PLACEMENT_3D('',#12614,#12615,#12616);
#12614 = CARTESIAN_POINT('',(-22.66,7.500001,0.));
#12615 = DIRECTION('',(-0.,0.,-1.));
#12616 = DIRECTION('',(-0.,-1.,0.));
#12617 = FACE_BOUND('',#12618,.F.);
#12618 = EDGE_LOOP('',(#12619));
#12619 = ORIENTED_EDGE('',*,*,#12620,.T.);
#12620 = EDGE_CURVE('',#12621,#12621,#12623,.T.);
#12621 = VERTEX_POINT('',#12622);
#12622 = CARTESIAN_POINT('',(-25.06,9.650001,0.));
#12623 = CIRCLE('',#12624,0.25);
#12624 = AXIS2_PLACEMENT_3D('',#12625,#12626,#12627);
#12625 = CARTESIAN_POINT('',(-25.06,9.900001,0.));
#12626 = DIRECTION('',(-0.,0.,-1.));
#12627 = DIRECTION('',(-0.,-1.,0.));
#12628 = FACE_BOUND('',#12629,.F.);
#12629 = EDGE_LOOP('',(#12630));
#12630 = ORIENTED_EDGE('',*,*,#12631,.T.);
#12631 = EDGE_CURVE('',#12632,#12632,#12634,.T.);
#12632 = VERTEX_POINT('',#12633);
#12633 = CARTESIAN_POINT('',(-14.478,3.239001,0.));
#12634 = CIRCLE('',#12635,1.85);
#12635 = AXIS2_PLACEMENT_3D('',#12636,#12637,#12638);
#12636 = CARTESIAN_POINT('',(-14.478,5.089001,0.));
#12637 = DIRECTION('',(-0.,0.,-1.));
#12638 = DIRECTION('',(-0.,-1.,0.));
#12639 = FACE_BOUND('',#12640,.F.);
#12640 = EDGE_LOOP('',(#12641));
#12641 = ORIENTED_EDGE('',*,*,#12642,.T.);
#12642 = EDGE_CURVE('',#12643,#12643,#12645,.T.);
#12643 = VERTEX_POINT('',#12644);
#12644 = CARTESIAN_POINT('',(-10.1722,11.168401,0.));
#12645 = CIRCLE('',#12646,1.25);
#12646 = AXIS2_PLACEMENT_3D('',#12647,#12648,#12649);
#12647 = CARTESIAN_POINT('',(-10.1722,12.418401,0.));
#12648 = DIRECTION('',(-0.,0.,-1.));
#12649 = DIRECTION('',(-0.,-1.,0.));
#12650 = FACE_BOUND('',#12651,.F.);
#12651 = EDGE_LOOP('',(#12652));
#12652 = ORIENTED_EDGE('',*,*,#12653,.T.);
#12653 = EDGE_CURVE('',#12654,#12654,#12656,.T.);
#12654 = VERTEX_POINT('',#12655);
#12655 = CARTESIAN_POINT('',(-6.3622,11.918401,0.));
#12656 = CIRCLE('',#12657,0.5);
#12657 = AXIS2_PLACEMENT_3D('',#12658,#12659,#12660);
#12658 = CARTESIAN_POINT('',(-6.3622,12.418401,0.));
#12659 = DIRECTION('',(-0.,0.,-1.));
#12660 = DIRECTION('',(-0.,-1.,0.));
#12661 = FACE_BOUND('',#12662,.F.);
#12662 = EDGE_LOOP('',(#12663));
#12663 = ORIENTED_EDGE('',*,*,#12664,.T.);
#12664 = EDGE_CURVE('',#12665,#12665,#12667,.T.);
#12665 = VERTEX_POINT('',#12666);
#12666 = CARTESIAN_POINT('',(-3.8222,11.918401,0.));
#12667 = CIRCLE('',#12668,0.5);
#12668 = AXIS2_PLACEMENT_3D('',#12669,#12670,#12671);
#12669 = CARTESIAN_POINT('',(-3.8222,12.418401,0.));
#12670 = DIRECTION('',(-0.,0.,-1.));
#12671 = DIRECTION('',(-8.881784197001E-16,-1.,0.));
#12672 = FACE_BOUND('',#12673,.F.);
#12673 = EDGE_LOOP('',(#12674));
#12674 = ORIENTED_EDGE('',*,*,#12675,.T.);
#12675 = EDGE_CURVE('',#12676,#12676,#12678,.T.);
#12676 = VERTEX_POINT('',#12677);
#12677 = CARTESIAN_POINT('',(-47.3015,28.4275,0.));
#12678 = CIRCLE('',#12679,0.425);
#12679 = AXIS2_PLACEMENT_3D('',#12680,#12681,#12682);
#12680 = CARTESIAN_POINT('',(-47.3015,28.8525,0.));
#12681 = DIRECTION('',(-0.,0.,-1.));
#12682 = DIRECTION('',(1.671865260612E-14,-1.,-0.));
#12683 = FACE_BOUND('',#12684,.F.);
#12684 = EDGE_LOOP('',(#12685));
#12685 = ORIENTED_EDGE('',*,*,#12686,.T.);
#12686 = EDGE_CURVE('',#12687,#12687,#12689,.T.);
#12687 = VERTEX_POINT('',#12688);
#12688 = CARTESIAN_POINT('',(-44.7615,28.4275,0.));
#12689 = CIRCLE('',#12690,0.425);
#12690 = AXIS2_PLACEMENT_3D('',#12691,#12692,#12693);
#12691 = CARTESIAN_POINT('',(-44.7615,28.8525,0.));
#12692 = DIRECTION('',(-0.,0.,-1.));
#12693 = DIRECTION('',(-0.,-1.,0.));
#12694 = FACE_BOUND('',#12695,.F.);
#12695 = EDGE_LOOP('',(#12696));
#12696 = ORIENTED_EDGE('',*,*,#12697,.T.);
#12697 = EDGE_CURVE('',#12698,#12698,#12700,.T.);
#12698 = VERTEX_POINT('',#12699);
#12699 = CARTESIAN_POINT('',(-42.2215,28.4275,0.));
#12700 = CIRCLE('',#12701,0.425);
#12701 = AXIS2_PLACEMENT_3D('',#12702,#12703,#12704);
#12702 = CARTESIAN_POINT('',(-42.2215,28.8525,0.));
#12703 = DIRECTION('',(-0.,0.,-1.));
#12704 = DIRECTION('',(1.671865260612E-14,-1.,-0.));
#12705 = FACE_BOUND('',#12706,.F.);
#12706 = EDGE_LOOP('',(#12707));
#12707 = ORIENTED_EDGE('',*,*,#12708,.T.);
#12708 = EDGE_CURVE('',#12709,#12709,#12711,.T.);
#12709 = VERTEX_POINT('',#12710);
#12710 = CARTESIAN_POINT('',(-39.6815,28.4275,0.));
#12711 = CIRCLE('',#12712,0.425);
#12712 = AXIS2_PLACEMENT_3D('',#12713,#12714,#12715);
#12713 = CARTESIAN_POINT('',(-39.6815,28.8525,0.));
#12714 = DIRECTION('',(-0.,0.,-1.));
#12715 = DIRECTION('',(-0.,-1.,0.));
#12716 = FACE_BOUND('',#12717,.F.);
#12717 = EDGE_LOOP('',(#12718));
#12718 = ORIENTED_EDGE('',*,*,#12719,.T.);
#12719 = EDGE_CURVE('',#12720,#12720,#12722,.T.);
#12720 = VERTEX_POINT('',#12721);
#12721 = CARTESIAN_POINT('',(-37.1415,28.4275,0.));
#12722 = CIRCLE('',#12723,0.425);
#12723 = AXIS2_PLACEMENT_3D('',#12724,#12725,#12726);
#12724 = CARTESIAN_POINT('',(-37.1415,28.8525,0.));
#12725 = DIRECTION('',(-0.,0.,-1.));
#12726 = DIRECTION('',(-0.,-1.,0.));
#12727 = FACE_BOUND('',#12728,.F.);
#12728 = EDGE_LOOP('',(#12729));
#12729 = ORIENTED_EDGE('',*,*,#12730,.T.);
#12730 = EDGE_CURVE('',#12731,#12731,#12733,.T.);
#12731 = VERTEX_POINT('',#12732);
#12732 = CARTESIAN_POINT('',(-34.6015,28.4275,0.));
#12733 = CIRCLE('',#12734,0.425);
#12734 = AXIS2_PLACEMENT_3D('',#12735,#12736,#12737);
#12735 = CARTESIAN_POINT('',(-34.6015,28.8525,0.));
#12736 = DIRECTION('',(-0.,0.,-1.));
#12737 = DIRECTION('',(-0.,-1.,0.));
#12738 = FACE_BOUND('',#12739,.F.);
#12739 = EDGE_LOOP('',(#12740));
#12740 = ORIENTED_EDGE('',*,*,#12741,.T.);
#12741 = EDGE_CURVE('',#12742,#12742,#12744,.T.);
#12742 = VERTEX_POINT('',#12743);
#12743 = CARTESIAN_POINT('',(-32.0615,28.4275,0.));
#12744 = CIRCLE('',#12745,0.425);
#12745 = AXIS2_PLACEMENT_3D('',#12746,#12747,#12748);
#12746 = CARTESIAN_POINT('',(-32.0615,28.8525,0.));
#12747 = DIRECTION('',(-0.,0.,-1.));
#12748 = DIRECTION('',(-0.,-1.,0.));
#12749 = FACE_BOUND('',#12750,.F.);
#12750 = EDGE_LOOP('',(#12751));
#12751 = ORIENTED_EDGE('',*,*,#12752,.T.);
#12752 = EDGE_CURVE('',#12753,#12753,#12755,.T.);
#12753 = VERTEX_POINT('',#12754);
#12754 = CARTESIAN_POINT('',(-24.747056,28.052945,0.));
#12755 = CIRCLE('',#12756,0.25);
#12756 = AXIS2_PLACEMENT_3D('',#12757,#12758,#12759);
#12757 = CARTESIAN_POINT('',(-24.747056,28.302945,0.));
#12758 = DIRECTION('',(-0.,0.,-1.));
#12759 = DIRECTION('',(-0.,-1.,0.));
#12760 = FACE_BOUND('',#12761,.F.);
#12761 = EDGE_LOOP('',(#12762));
#12762 = ORIENTED_EDGE('',*,*,#12763,.T.);
#12763 = EDGE_CURVE('',#12764,#12764,#12766,.T.);
#12764 = VERTEX_POINT('',#12765);
#12765 = CARTESIAN_POINT('',(-23.05,27.350001,0.));
#12766 = CIRCLE('',#12767,0.25);
#12767 = AXIS2_PLACEMENT_3D('',#12768,#12769,#12770);
#12768 = CARTESIAN_POINT('',(-23.05,27.600001,0.));
#12769 = DIRECTION('',(-0.,0.,-1.));
#12770 = DIRECTION('',(-0.,-1.,0.));
#12771 = FACE_BOUND('',#12772,.F.);
#12772 = EDGE_LOOP('',(#12773));
#12773 = ORIENTED_EDGE('',*,*,#12774,.T.);
#12774 = EDGE_CURVE('',#12775,#12775,#12777,.T.);
#12775 = VERTEX_POINT('',#12776);
#12776 = CARTESIAN_POINT('',(-21.352944,28.052945,0.));
#12777 = CIRCLE('',#12778,0.25);
#12778 = AXIS2_PLACEMENT_3D('',#12779,#12780,#12781);
#12779 = CARTESIAN_POINT('',(-21.352944,28.302945,0.));
#12780 = DIRECTION('',(-0.,0.,-1.));
#12781 = DIRECTION('',(-0.,-1.,0.));
#12782 = FACE_BOUND('',#12783,.F.);
#12783 = EDGE_LOOP('',(#12784));
#12784 = ORIENTED_EDGE('',*,*,#12785,.T.);
#12785 = EDGE_CURVE('',#12786,#12786,#12788,.T.);
#12786 = VERTEX_POINT('',#12787);
#12787 = CARTESIAN_POINT('',(-25.45,29.750001,0.));
#12788 = CIRCLE('',#12789,0.25);
#12789 = AXIS2_PLACEMENT_3D('',#12790,#12791,#12792);
#12790 = CARTESIAN_POINT('',(-25.45,30.000001,0.));
#12791 = DIRECTION('',(-0.,0.,-1.));
#12792 = DIRECTION('',(-0.,-1.,0.));
#12793 = FACE_BOUND('',#12794,.F.);
#12794 = EDGE_LOOP('',(#12795));
#12795 = ORIENTED_EDGE('',*,*,#12796,.T.);
#12796 = EDGE_CURVE('',#12797,#12797,#12799,.T.);
#12797 = VERTEX_POINT('',#12798);
#12798 = CARTESIAN_POINT('',(-23.05,28.400001,0.));
#12799 = CIRCLE('',#12800,1.6);
#12800 = AXIS2_PLACEMENT_3D('',#12801,#12802,#12803);
#12801 = CARTESIAN_POINT('',(-23.05,30.000001,0.));
#12802 = DIRECTION('',(-0.,0.,-1.));
#12803 = DIRECTION('',(-2.22044604925E-15,-1.,0.));
#12804 = FACE_BOUND('',#12805,.F.);
#12805 = EDGE_LOOP('',(#12806));
#12806 = ORIENTED_EDGE('',*,*,#12807,.T.);
#12807 = EDGE_CURVE('',#12808,#12808,#12810,.T.);
#12808 = VERTEX_POINT('',#12809);
#12809 = CARTESIAN_POINT('',(-24.747056,31.447057,0.));
#12810 = CIRCLE('',#12811,0.25);
#12811 = AXIS2_PLACEMENT_3D('',#12812,#12813,#12814);
#12812 = CARTESIAN_POINT('',(-24.747056,31.697057,0.));
#12813 = DIRECTION('',(-0.,0.,-1.));
#12814 = DIRECTION('',(-0.,-1.,0.));
#12815 = FACE_BOUND('',#12816,.F.);
#12816 = EDGE_LOOP('',(#12817));
#12817 = ORIENTED_EDGE('',*,*,#12818,.T.);
#12818 = EDGE_CURVE('',#12819,#12819,#12821,.T.);
#12819 = VERTEX_POINT('',#12820);
#12820 = CARTESIAN_POINT('',(-20.65,29.750001,0.));
#12821 = CIRCLE('',#12822,0.25);
#12822 = AXIS2_PLACEMENT_3D('',#12823,#12824,#12825);
#12823 = CARTESIAN_POINT('',(-20.65,30.000001,0.));
#12824 = DIRECTION('',(-0.,0.,-1.));
#12825 = DIRECTION('',(-0.,-1.,0.));
#12826 = FACE_BOUND('',#12827,.F.);
#12827 = EDGE_LOOP('',(#12828));
#12828 = ORIENTED_EDGE('',*,*,#12829,.T.);
#12829 = EDGE_CURVE('',#12830,#12830,#12832,.T.);
#12830 = VERTEX_POINT('',#12831);
#12831 = CARTESIAN_POINT('',(-21.352944,31.447057,0.));
#12832 = CIRCLE('',#12833,0.25);
#12833 = AXIS2_PLACEMENT_3D('',#12834,#12835,#12836);
#12834 = CARTESIAN_POINT('',(-21.352944,31.697057,0.));
#12835 = DIRECTION('',(-0.,0.,-1.));
#12836 = DIRECTION('',(-0.,-1.,0.));
#12837 = FACE_BOUND('',#12838,.F.);
#12838 = EDGE_LOOP('',(#12839));
#12839 = ORIENTED_EDGE('',*,*,#12840,.T.);
#12840 = EDGE_CURVE('',#12841,#12841,#12843,.T.);
#12841 = VERTEX_POINT('',#12842);
#12842 = CARTESIAN_POINT('',(-23.05,32.150001,0.));
#12843 = CIRCLE('',#12844,0.25);
#12844 = AXIS2_PLACEMENT_3D('',#12845,#12846,#12847);
#12845 = CARTESIAN_POINT('',(-23.05,32.400001,0.));
#12846 = DIRECTION('',(-0.,0.,-1.));
#12847 = DIRECTION('',(-0.,-1.,0.));
#12848 = FACE_BOUND('',#12849,.F.);
#12849 = EDGE_LOOP('',(#12850));
#12850 = ORIENTED_EDGE('',*,*,#12851,.T.);
#12851 = EDGE_CURVE('',#12852,#12852,#12854,.T.);
#12852 = VERTEX_POINT('',#12853);
#12853 = CARTESIAN_POINT('',(-10.1722,28.948401,0.));
#12854 = CIRCLE('',#12855,1.25);
#12855 = AXIS2_PLACEMENT_3D('',#12856,#12857,#12858);
#12856 = CARTESIAN_POINT('',(-10.1722,30.198401,0.));
#12857 = DIRECTION('',(-0.,0.,-1.));
#12858 = DIRECTION('',(-0.,-1.,0.));
#12859 = FACE_BOUND('',#12860,.F.);
#12860 = EDGE_LOOP('',(#12861));
#12861 = ORIENTED_EDGE('',*,*,#12862,.T.);
#12862 = EDGE_CURVE('',#12863,#12863,#12865,.T.);
#12863 = VERTEX_POINT('',#12864);
#12864 = CARTESIAN_POINT('',(-6.3622,29.698401,0.));
#12865 = CIRCLE('',#12866,0.5);
#12866 = AXIS2_PLACEMENT_3D('',#12867,#12868,#12869);
#12867 = CARTESIAN_POINT('',(-6.3622,30.198401,0.));
#12868 = DIRECTION('',(-0.,0.,-1.));
#12869 = DIRECTION('',(-0.,-1.,0.));
#12870 = FACE_BOUND('',#12871,.F.);
#12871 = EDGE_LOOP('',(#12872));
#12872 = ORIENTED_EDGE('',*,*,#12873,.T.);
#12873 = EDGE_CURVE('',#12874,#12874,#12876,.T.);
#12874 = VERTEX_POINT('',#12875);
#12875 = CARTESIAN_POINT('',(-3.8222,29.698401,0.));
#12876 = CIRCLE('',#12877,0.5);
#12877 = AXIS2_PLACEMENT_3D('',#12878,#12879,#12880);
#12878 = CARTESIAN_POINT('',(-3.8222,30.198401,0.));
#12879 = DIRECTION('',(-0.,0.,-1.));
#12880 = DIRECTION('',(-8.881784197001E-16,-1.,0.));
#12881 = FACE_BOUND('',#12882,.F.);
#12882 = EDGE_LOOP('',(#12883));
#12883 = ORIENTED_EDGE('',*,*,#12884,.T.);
#12884 = EDGE_CURVE('',#12885,#12885,#12887,.T.);
#12885 = VERTEX_POINT('',#12886);
#12886 = CARTESIAN_POINT('',(-1.2822,11.918401,0.));
#12887 = CIRCLE('',#12888,0.5);
#12888 = AXIS2_PLACEMENT_3D('',#12889,#12890,#12891);
#12889 = CARTESIAN_POINT('',(-1.2822,12.418401,0.));
#12890 = DIRECTION('',(-0.,0.,-1.));
#12891 = DIRECTION('',(-0.,-1.,0.));
#12892 = FACE_BOUND('',#12893,.F.);
#12893 = EDGE_LOOP('',(#12894));
#12894 = ORIENTED_EDGE('',*,*,#12895,.T.);
#12895 = EDGE_CURVE('',#12896,#12896,#12898,.T.);
#12896 = VERTEX_POINT('',#12897);
#12897 = CARTESIAN_POINT('',(1.2578,11.918401,0.));
#12898 = CIRCLE('',#12899,0.5);
#12899 = AXIS2_PLACEMENT_3D('',#12900,#12901,#12902);
#12900 = CARTESIAN_POINT('',(1.2578,12.418401,0.));
#12901 = DIRECTION('',(-0.,0.,-1.));
#12902 = DIRECTION('',(-0.,-1.,0.));
#12903 = FACE_BOUND('',#12904,.F.);
#12904 = EDGE_LOOP('',(#12905));
#12905 = ORIENTED_EDGE('',*,*,#12906,.T.);
#12906 = EDGE_CURVE('',#12907,#12907,#12909,.T.);
#12907 = VERTEX_POINT('',#12908);
#12908 = CARTESIAN_POINT('',(3.7978,11.918401,0.));
#12909 = CIRCLE('',#12910,0.5);
#12910 = AXIS2_PLACEMENT_3D('',#12911,#12912,#12913);
#12911 = CARTESIAN_POINT('',(3.7978,12.418401,0.));
#12912 = DIRECTION('',(-0.,0.,-1.));
#12913 = DIRECTION('',(8.881784197001E-16,-1.,-0.));
#12914 = FACE_BOUND('',#12915,.F.);
#12915 = EDGE_LOOP('',(#12916));
#12916 = ORIENTED_EDGE('',*,*,#12917,.T.);
#12917 = EDGE_CURVE('',#12918,#12918,#12920,.T.);
#12918 = VERTEX_POINT('',#12919);
#12919 = CARTESIAN_POINT('',(6.3378,11.918401,0.));
#12920 = CIRCLE('',#12921,0.5);
#12921 = AXIS2_PLACEMENT_3D('',#12922,#12923,#12924);
#12922 = CARTESIAN_POINT('',(6.3378,12.418401,0.));
#12923 = DIRECTION('',(-0.,0.,-1.));
#12924 = DIRECTION('',(-0.,-1.,0.));
#12925 = FACE_BOUND('',#12926,.F.);
#12926 = EDGE_LOOP('',(#12927));
#12927 = ORIENTED_EDGE('',*,*,#12928,.T.);
#12928 = EDGE_CURVE('',#12929,#12929,#12931,.T.);
#12929 = VERTEX_POINT('',#12930);
#12930 = CARTESIAN_POINT('',(14.478,3.239001,0.));
#12931 = CIRCLE('',#12932,1.85);
#12932 = AXIS2_PLACEMENT_3D('',#12933,#12934,#12935);
#12933 = CARTESIAN_POINT('',(14.478,5.089001,0.));
#12934 = DIRECTION('',(-0.,0.,-1.));
#12935 = DIRECTION('',(-0.,-1.,0.));
#12936 = FACE_BOUND('',#12937,.F.);
#12937 = EDGE_LOOP('',(#12938));
#12938 = ORIENTED_EDGE('',*,*,#12939,.T.);
#12939 = EDGE_CURVE('',#12940,#12940,#12942,.T.);
#12940 = VERTEX_POINT('',#12941);
#12941 = CARTESIAN_POINT('',(10.1478,11.168401,0.));
#12942 = CIRCLE('',#12943,1.25);
#12943 = AXIS2_PLACEMENT_3D('',#12944,#12945,#12946);
#12944 = CARTESIAN_POINT('',(10.1478,12.418401,0.));
#12945 = DIRECTION('',(-0.,0.,-1.));
#12946 = DIRECTION('',(-0.,-1.,0.));
#12947 = FACE_BOUND('',#12948,.F.);
#12948 = EDGE_LOOP('',(#12949));
#12949 = ORIENTED_EDGE('',*,*,#12950,.T.);
#12950 = EDGE_CURVE('',#12951,#12951,#12953,.T.);
#12951 = VERTEX_POINT('',#12952);
#12952 = CARTESIAN_POINT('',(23.362944,5.552945,0.));
#12953 = CIRCLE('',#12954,0.25);
#12954 = AXIS2_PLACEMENT_3D('',#12955,#12956,#12957);
#12955 = CARTESIAN_POINT('',(23.362944,5.802945,0.));
#12956 = DIRECTION('',(-0.,0.,-1.));
#12957 = DIRECTION('',(-0.,-1.,0.));
#12958 = FACE_BOUND('',#12959,.F.);
#12959 = EDGE_LOOP('',(#12960));
#12960 = ORIENTED_EDGE('',*,*,#12961,.T.);
#12961 = EDGE_CURVE('',#12962,#12962,#12964,.T.);
#12962 = VERTEX_POINT('',#12963);
#12963 = CARTESIAN_POINT('',(25.06,4.850001,0.));
#12964 = CIRCLE('',#12965,0.25);
#12965 = AXIS2_PLACEMENT_3D('',#12966,#12967,#12968);
#12966 = CARTESIAN_POINT('',(25.06,5.100001,0.));
#12967 = DIRECTION('',(-0.,0.,-1.));
#12968 = DIRECTION('',(-0.,-1.,0.));
#12969 = FACE_BOUND('',#12970,.F.);
#12970 = EDGE_LOOP('',(#12971));
#12971 = ORIENTED_EDGE('',*,*,#12972,.T.);
#12972 = EDGE_CURVE('',#12973,#12973,#12975,.T.);
#12973 = VERTEX_POINT('',#12974);
#12974 = CARTESIAN_POINT('',(26.757056,5.552945,0.));
#12975 = CIRCLE('',#12976,0.25);
#12976 = AXIS2_PLACEMENT_3D('',#12977,#12978,#12979);
#12977 = CARTESIAN_POINT('',(26.757056,5.802945,0.));
#12978 = DIRECTION('',(-0.,0.,-1.));
#12979 = DIRECTION('',(-0.,-1.,0.));
#12980 = FACE_BOUND('',#12981,.F.);
#12981 = EDGE_LOOP('',(#12982));
#12982 = ORIENTED_EDGE('',*,*,#12983,.T.);
#12983 = EDGE_CURVE('',#12984,#12984,#12986,.T.);
#12984 = VERTEX_POINT('',#12985);
#12985 = CARTESIAN_POINT('',(22.66,7.250001,0.));
#12986 = CIRCLE('',#12987,0.25);
#12987 = AXIS2_PLACEMENT_3D('',#12988,#12989,#12990);
#12988 = CARTESIAN_POINT('',(22.66,7.500001,0.));
#12989 = DIRECTION('',(-0.,0.,-1.));
#12990 = DIRECTION('',(-0.,-1.,0.));
#12991 = FACE_BOUND('',#12992,.F.);
#12992 = EDGE_LOOP('',(#12993));
#12993 = ORIENTED_EDGE('',*,*,#12994,.T.);
#12994 = EDGE_CURVE('',#12995,#12995,#12997,.T.);
#12995 = VERTEX_POINT('',#12996);
#12996 = CARTESIAN_POINT('',(23.362944,8.947057,0.));
#12997 = CIRCLE('',#12998,0.25);
#12998 = AXIS2_PLACEMENT_3D('',#12999,#13000,#13001);
#12999 = CARTESIAN_POINT('',(23.362944,9.197057,0.));
#13000 = DIRECTION('',(-0.,0.,-1.));
#13001 = DIRECTION('',(-0.,-1.,0.));
#13002 = FACE_BOUND('',#13003,.F.);
#13003 = EDGE_LOOP('',(#13004));
#13004 = ORIENTED_EDGE('',*,*,#13005,.T.);
#13005 = EDGE_CURVE('',#13006,#13006,#13008,.T.);
#13006 = VERTEX_POINT('',#13007);
#13007 = CARTESIAN_POINT('',(25.06,5.900001,0.));
#13008 = CIRCLE('',#13009,1.6);
#13009 = AXIS2_PLACEMENT_3D('',#13010,#13011,#13012);
#13010 = CARTESIAN_POINT('',(25.06,7.500001,0.));
#13011 = DIRECTION('',(-0.,0.,-1.));
#13012 = DIRECTION('',(-2.22044604925E-15,-1.,0.));
#13013 = FACE_BOUND('',#13014,.F.);
#13014 = EDGE_LOOP('',(#13015));
#13015 = ORIENTED_EDGE('',*,*,#13016,.T.);
#13016 = EDGE_CURVE('',#13017,#13017,#13019,.T.);
#13017 = VERTEX_POINT('',#13018);
#13018 = CARTESIAN_POINT('',(27.46,7.250001,0.));
#13019 = CIRCLE('',#13020,0.25);
#13020 = AXIS2_PLACEMENT_3D('',#13021,#13022,#13023);
#13021 = CARTESIAN_POINT('',(27.46,7.500001,0.));
#13022 = DIRECTION('',(-0.,0.,-1.));
#13023 = DIRECTION('',(-0.,-1.,0.));
#13024 = FACE_BOUND('',#13025,.F.);
#13025 = EDGE_LOOP('',(#13026));
#13026 = ORIENTED_EDGE('',*,*,#13027,.T.);
#13027 = EDGE_CURVE('',#13028,#13028,#13030,.T.);
#13028 = VERTEX_POINT('',#13029);
#13029 = CARTESIAN_POINT('',(26.757056,8.947057,0.));
#13030 = CIRCLE('',#13031,0.25);
#13031 = AXIS2_PLACEMENT_3D('',#13032,#13033,#13034);
#13032 = CARTESIAN_POINT('',(26.757056,9.197057,0.));
#13033 = DIRECTION('',(-0.,0.,-1.));
#13034 = DIRECTION('',(-0.,-1.,0.));
#13035 = FACE_BOUND('',#13036,.F.);
#13036 = EDGE_LOOP('',(#13037));
#13037 = ORIENTED_EDGE('',*,*,#13038,.T.);
#13038 = EDGE_CURVE('',#13039,#13039,#13041,.T.);
#13039 = VERTEX_POINT('',#13040);
#13040 = CARTESIAN_POINT('',(25.06,9.650001,0.));
#13041 = CIRCLE('',#13042,0.25);
#13042 = AXIS2_PLACEMENT_3D('',#13043,#13044,#13045);
#13043 = CARTESIAN_POINT('',(25.06,9.900001,0.));
#13044 = DIRECTION('',(-0.,0.,-1.));
#13045 = DIRECTION('',(-0.,-1.,0.));
#13046 = FACE_BOUND('',#13047,.F.);
#13047 = EDGE_LOOP('',(#13048));
#13048 = ORIENTED_EDGE('',*,*,#13049,.T.);
#13049 = EDGE_CURVE('',#13050,#13050,#13052,.T.);
#13050 = VERTEX_POINT('',#13051);
#13051 = CARTESIAN_POINT('',(34.25,0.770001,0.));
#13052 = CIRCLE('',#13053,0.5);
#13053 = AXIS2_PLACEMENT_3D('',#13054,#13055,#13056);
#13054 = CARTESIAN_POINT('',(34.25,1.270001,0.));
#13055 = DIRECTION('',(-0.,0.,-1.));
#13056 = DIRECTION('',(-0.,-1.,0.));
#13057 = FACE_BOUND('',#13058,.F.);
#13058 = EDGE_LOOP('',(#13059));
#13059 = ORIENTED_EDGE('',*,*,#13060,.T.);
#13060 = EDGE_CURVE('',#13061,#13061,#13063,.T.);
#13061 = VERTEX_POINT('',#13062);
#13062 = CARTESIAN_POINT('',(34.25,3.310001,0.));
#13063 = CIRCLE('',#13064,0.5);
#13064 = AXIS2_PLACEMENT_3D('',#13065,#13066,#13067);
#13065 = CARTESIAN_POINT('',(34.25,3.810001,0.));
#13066 = DIRECTION('',(-0.,0.,-1.));
#13067 = DIRECTION('',(-0.,-1.,0.));
#13068 = FACE_BOUND('',#13069,.F.);
#13069 = EDGE_LOOP('',(#13070));
#13070 = ORIENTED_EDGE('',*,*,#13071,.T.);
#13071 = EDGE_CURVE('',#13072,#13072,#13074,.T.);
#13072 = VERTEX_POINT('',#13073);
#13073 = CARTESIAN_POINT('',(34.25,5.850001,0.));
#13074 = CIRCLE('',#13075,0.5);
#13075 = AXIS2_PLACEMENT_3D('',#13076,#13077,#13078);
#13076 = CARTESIAN_POINT('',(34.25,6.350001,0.));
#13077 = DIRECTION('',(-0.,0.,-1.));
#13078 = DIRECTION('',(-0.,-1.,0.));
#13079 = FACE_BOUND('',#13080,.F.);
#13080 = EDGE_LOOP('',(#13081));
#13081 = ORIENTED_EDGE('',*,*,#13082,.T.);
#13082 = EDGE_CURVE('',#13083,#13083,#13085,.T.);
#13083 = VERTEX_POINT('',#13084);
#13084 = CARTESIAN_POINT('',(40.,2.525,0.));
#13085 = CIRCLE('',#13086,0.475);
#13086 = AXIS2_PLACEMENT_3D('',#13087,#13088,#13089);
#13087 = CARTESIAN_POINT('',(40.,3.,0.));
#13088 = DIRECTION('',(-0.,0.,-1.));
#13089 = DIRECTION('',(-0.,-1.,0.));
#13090 = FACE_BOUND('',#13091,.F.);
#13091 = EDGE_LOOP('',(#13092));
#13092 = ORIENTED_EDGE('',*,*,#13093,.T.);
#13093 = EDGE_CURVE('',#13094,#13094,#13096,.T.);
#13094 = VERTEX_POINT('',#13095);
#13095 = CARTESIAN_POINT('',(40.,5.025,0.));
#13096 = CIRCLE('',#13097,0.475);
#13097 = AXIS2_PLACEMENT_3D('',#13098,#13099,#13100);
#13098 = CARTESIAN_POINT('',(40.,5.5,0.));
#13099 = DIRECTION('',(-0.,0.,-1.));
#13100 = DIRECTION('',(-0.,-1.,0.));
#13101 = FACE_BOUND('',#13102,.F.);
#13102 = EDGE_LOOP('',(#13103));
#13103 = ORIENTED_EDGE('',*,*,#13104,.T.);
#13104 = EDGE_CURVE('',#13105,#13105,#13107,.T.);
#13105 = VERTEX_POINT('',#13106);
#13106 = CARTESIAN_POINT('',(40.,7.525,0.));
#13107 = CIRCLE('',#13108,0.475);
#13108 = AXIS2_PLACEMENT_3D('',#13109,#13110,#13111);
#13109 = CARTESIAN_POINT('',(40.,8.,0.));
#13110 = DIRECTION('',(-0.,0.,-1.));
#13111 = DIRECTION('',(-0.,-1.,0.));
#13112 = FACE_BOUND('',#13113,.F.);
#13113 = EDGE_LOOP('',(#13114));
#13114 = ORIENTED_EDGE('',*,*,#13115,.T.);
#13115 = EDGE_CURVE('',#13116,#13116,#13118,.T.);
#13116 = VERTEX_POINT('',#13117);
#13117 = CARTESIAN_POINT('',(40.,10.025,0.));
#13118 = CIRCLE('',#13119,0.475);
#13119 = AXIS2_PLACEMENT_3D('',#13120,#13121,#13122);
#13120 = CARTESIAN_POINT('',(40.,10.5,0.));
#13121 = DIRECTION('',(-0.,0.,-1.));
#13122 = DIRECTION('',(-0.,-1.,0.));
#13123 = FACE_BOUND('',#13124,.F.);
#13124 = EDGE_LOOP('',(#13125));
#13125 = ORIENTED_EDGE('',*,*,#13126,.T.);
#13126 = EDGE_CURVE('',#13127,#13127,#13129,.T.);
#13127 = VERTEX_POINT('',#13128);
#13128 = CARTESIAN_POINT('',(40.,12.525,0.));
#13129 = CIRCLE('',#13130,0.475);
#13130 = AXIS2_PLACEMENT_3D('',#13131,#13132,#13133);
#13131 = CARTESIAN_POINT('',(40.,13.,0.));
#13132 = DIRECTION('',(-0.,0.,-1.));
#13133 = DIRECTION('',(-0.,-1.,0.));
#13134 = FACE_BOUND('',#13135,.F.);
#13135 = EDGE_LOOP('',(#13136));
#13136 = ORIENTED_EDGE('',*,*,#13137,.T.);
#13137 = EDGE_CURVE('',#13138,#13138,#13140,.T.);
#13138 = VERTEX_POINT('',#13139);
#13139 = CARTESIAN_POINT('',(40.,15.025,0.));
#13140 = CIRCLE('',#13141,0.475);
#13141 = AXIS2_PLACEMENT_3D('',#13142,#13143,#13144);
#13142 = CARTESIAN_POINT('',(40.,15.5,0.));
#13143 = DIRECTION('',(-0.,0.,-1.));
#13144 = DIRECTION('',(-0.,-1.,0.));
#13145 = FACE_BOUND('',#13146,.F.);
#13146 = EDGE_LOOP('',(#13147));
#13147 = ORIENTED_EDGE('',*,*,#13148,.T.);
#13148 = EDGE_CURVE('',#13149,#13149,#13151,.T.);
#13149 = VERTEX_POINT('',#13150);
#13150 = CARTESIAN_POINT('',(40.,17.525,0.));
#13151 = CIRCLE('',#13152,0.475);
#13152 = AXIS2_PLACEMENT_3D('',#13153,#13154,#13155);
#13153 = CARTESIAN_POINT('',(40.,18.,0.));
#13154 = DIRECTION('',(-0.,0.,-1.));
#13155 = DIRECTION('',(-0.,-1.,0.));
#13156 = FACE_BOUND('',#13157,.F.);
#13157 = EDGE_LOOP('',(#13158));
#13158 = ORIENTED_EDGE('',*,*,#13159,.T.);
#13159 = EDGE_CURVE('',#13160,#13160,#13162,.T.);
#13160 = VERTEX_POINT('',#13161);
#13161 = CARTESIAN_POINT('',(40.,20.025,0.));
#13162 = CIRCLE('',#13163,0.475);
#13163 = AXIS2_PLACEMENT_3D('',#13164,#13165,#13166);
#13164 = CARTESIAN_POINT('',(40.,20.5,0.));
#13165 = DIRECTION('',(-0.,0.,-1.));
#13166 = DIRECTION('',(-0.,-1.,0.));
#13167 = FACE_BOUND('',#13168,.F.);
#13168 = EDGE_LOOP('',(#13169));
#13169 = ORIENTED_EDGE('',*,*,#13170,.T.);
#13170 = EDGE_CURVE('',#13171,#13171,#13173,.T.);
#13171 = VERTEX_POINT('',#13172);
#13172 = CARTESIAN_POINT('',(-1.2822,29.698401,0.));
#13173 = CIRCLE('',#13174,0.5);
#13174 = AXIS2_PLACEMENT_3D('',#13175,#13176,#13177);
#13175 = CARTESIAN_POINT('',(-1.2822,30.198401,0.));
#13176 = DIRECTION('',(-0.,0.,-1.));
#13177 = DIRECTION('',(-0.,-1.,0.));
#13178 = FACE_BOUND('',#13179,.F.);
#13179 = EDGE_LOOP('',(#13180));
#13180 = ORIENTED_EDGE('',*,*,#13181,.T.);
#13181 = EDGE_CURVE('',#13182,#13182,#13184,.T.);
#13182 = VERTEX_POINT('',#13183);
#13183 = CARTESIAN_POINT('',(1.2578,29.698401,0.));
#13184 = CIRCLE('',#13185,0.5);
#13185 = AXIS2_PLACEMENT_3D('',#13186,#13187,#13188);
#13186 = CARTESIAN_POINT('',(1.2578,30.198401,0.));
#13187 = DIRECTION('',(-0.,0.,-1.));
#13188 = DIRECTION('',(-0.,-1.,0.));
#13189 = FACE_BOUND('',#13190,.F.);
#13190 = EDGE_LOOP('',(#13191));
#13191 = ORIENTED_EDGE('',*,*,#13192,.T.);
#13192 = EDGE_CURVE('',#13193,#13193,#13195,.T.);
#13193 = VERTEX_POINT('',#13194);
#13194 = CARTESIAN_POINT('',(3.7978,29.698401,0.));
#13195 = CIRCLE('',#13196,0.5);
#13196 = AXIS2_PLACEMENT_3D('',#13197,#13198,#13199);
#13197 = CARTESIAN_POINT('',(3.7978,30.198401,0.));
#13198 = DIRECTION('',(-0.,0.,-1.));
#13199 = DIRECTION('',(8.881784197001E-16,-1.,-0.));
#13200 = FACE_BOUND('',#13201,.F.);
#13201 = EDGE_LOOP('',(#13202));
#13202 = ORIENTED_EDGE('',*,*,#13203,.T.);
#13203 = EDGE_CURVE('',#13204,#13204,#13206,.T.);
#13204 = VERTEX_POINT('',#13205);
#13205 = CARTESIAN_POINT('',(6.3378,29.698401,0.));
#13206 = CIRCLE('',#13207,0.5);
#13207 = AXIS2_PLACEMENT_3D('',#13208,#13209,#13210);
#13208 = CARTESIAN_POINT('',(6.3378,30.198401,0.));
#13209 = DIRECTION('',(-0.,0.,-1.));
#13210 = DIRECTION('',(-0.,-1.,0.));
#13211 = FACE_BOUND('',#13212,.F.);
#13212 = EDGE_LOOP('',(#13213));
#13213 = ORIENTED_EDGE('',*,*,#13214,.T.);
#13214 = EDGE_CURVE('',#13215,#13215,#13217,.T.);
#13215 = VERTEX_POINT('',#13216);
#13216 = CARTESIAN_POINT('',(10.1478,28.948401,0.));
#13217 = CIRCLE('',#13218,1.25);
#13218 = AXIS2_PLACEMENT_3D('',#13219,#13220,#13221);
#13219 = CARTESIAN_POINT('',(10.1478,30.198401,0.));
#13220 = DIRECTION('',(-0.,0.,-1.));
#13221 = DIRECTION('',(-0.,-1.,0.));
#13222 = FACE_BOUND('',#13223,.F.);
#13223 = EDGE_LOOP('',(#13224));
#13224 = ORIENTED_EDGE('',*,*,#13225,.T.);
#13225 = EDGE_CURVE('',#13226,#13226,#13228,.T.);
#13226 = VERTEX_POINT('',#13227);
#13227 = CARTESIAN_POINT('',(3.302944,40.062945,0.));
#13228 = CIRCLE('',#13229,0.25);
#13229 = AXIS2_PLACEMENT_3D('',#13230,#13231,#13232);
#13230 = CARTESIAN_POINT('',(3.302944,40.312945,0.));
#13231 = DIRECTION('',(-0.,0.,-1.));
#13232 = DIRECTION('',(-0.,-1.,0.));
#13233 = FACE_BOUND('',#13234,.F.);
#13234 = EDGE_LOOP('',(#13235));
#13235 = ORIENTED_EDGE('',*,*,#13236,.T.);
#13236 = EDGE_CURVE('',#13237,#13237,#13239,.T.);
#13237 = VERTEX_POINT('',#13238);
#13238 = CARTESIAN_POINT('',(5.,39.360001,0.));
#13239 = CIRCLE('',#13240,0.25);
#13240 = AXIS2_PLACEMENT_3D('',#13241,#13242,#13243);
#13241 = CARTESIAN_POINT('',(5.,39.610001,0.));
#13242 = DIRECTION('',(-0.,0.,-1.));
#13243 = DIRECTION('',(-0.,-1.,0.));
#13244 = FACE_BOUND('',#13245,.F.);
#13245 = EDGE_LOOP('',(#13246));
#13246 = ORIENTED_EDGE('',*,*,#13247,.T.);
#13247 = EDGE_CURVE('',#13248,#13248,#13250,.T.);
#13248 = VERTEX_POINT('',#13249);
#13249 = CARTESIAN_POINT('',(6.697056,40.062945,0.));
#13250 = CIRCLE('',#13251,0.25);
#13251 = AXIS2_PLACEMENT_3D('',#13252,#13253,#13254);
#13252 = CARTESIAN_POINT('',(6.697056,40.312945,0.));
#13253 = DIRECTION('',(-0.,0.,-1.));
#13254 = DIRECTION('',(-0.,-1.,0.));
#13255 = FACE_BOUND('',#13256,.F.);
#13256 = EDGE_LOOP('',(#13257));
#13257 = ORIENTED_EDGE('',*,*,#13258,.T.);
#13258 = EDGE_CURVE('',#13259,#13259,#13261,.T.);
#13259 = VERTEX_POINT('',#13260);
#13260 = CARTESIAN_POINT('',(2.6,41.760001,0.));
#13261 = CIRCLE('',#13262,0.25);
#13262 = AXIS2_PLACEMENT_3D('',#13263,#13264,#13265);
#13263 = CARTESIAN_POINT('',(2.6,42.010001,0.));
#13264 = DIRECTION('',(-0.,0.,-1.));
#13265 = DIRECTION('',(-0.,-1.,0.));
#13266 = FACE_BOUND('',#13267,.F.);
#13267 = EDGE_LOOP('',(#13268));
#13268 = ORIENTED_EDGE('',*,*,#13269,.T.);
#13269 = EDGE_CURVE('',#13270,#13270,#13272,.T.);
#13270 = VERTEX_POINT('',#13271);
#13271 = CARTESIAN_POINT('',(3.302944,43.457057,0.));
#13272 = CIRCLE('',#13273,0.25);
#13273 = AXIS2_PLACEMENT_3D('',#13274,#13275,#13276);
#13274 = CARTESIAN_POINT('',(3.302944,43.707057,0.));
#13275 = DIRECTION('',(-0.,0.,-1.));
#13276 = DIRECTION('',(-0.,-1.,0.));
#13277 = FACE_BOUND('',#13278,.F.);
#13278 = EDGE_LOOP('',(#13279));
#13279 = ORIENTED_EDGE('',*,*,#13280,.T.);
#13280 = EDGE_CURVE('',#13281,#13281,#13283,.T.);
#13281 = VERTEX_POINT('',#13282);
#13282 = CARTESIAN_POINT('',(5.,40.410001,0.));
#13283 = CIRCLE('',#13284,1.6);
#13284 = AXIS2_PLACEMENT_3D('',#13285,#13286,#13287);
#13285 = CARTESIAN_POINT('',(5.,42.010001,0.));
#13286 = DIRECTION('',(-0.,0.,-1.));
#13287 = DIRECTION('',(-0.,-1.,0.));
#13288 = FACE_BOUND('',#13289,.F.);
#13289 = EDGE_LOOP('',(#13290));
#13290 = ORIENTED_EDGE('',*,*,#13291,.T.);
#13291 = EDGE_CURVE('',#13292,#13292,#13294,.T.);
#13292 = VERTEX_POINT('',#13293);
#13293 = CARTESIAN_POINT('',(5.,44.160001,0.));
#13294 = CIRCLE('',#13295,0.25);
#13295 = AXIS2_PLACEMENT_3D('',#13296,#13297,#13298);
#13296 = CARTESIAN_POINT('',(5.,44.410001,0.));
#13297 = DIRECTION('',(-0.,0.,-1.));
#13298 = DIRECTION('',(-0.,-1.,0.));
#13299 = FACE_BOUND('',#13300,.F.);
#13300 = EDGE_LOOP('',(#13301));
#13301 = ORIENTED_EDGE('',*,*,#13302,.T.);
#13302 = EDGE_CURVE('',#13303,#13303,#13305,.T.);
#13303 = VERTEX_POINT('',#13304);
#13304 = CARTESIAN_POINT('',(6.697056,43.457057,0.));
#13305 = CIRCLE('',#13306,0.25);
#13306 = AXIS2_PLACEMENT_3D('',#13307,#13308,#13309);
#13307 = CARTESIAN_POINT('',(6.697056,43.707057,0.));
#13308 = DIRECTION('',(-0.,0.,-1.));
#13309 = DIRECTION('',(-0.,-1.,0.));
#13310 = FACE_BOUND('',#13311,.F.);
#13311 = EDGE_LOOP('',(#13312));
#13312 = ORIENTED_EDGE('',*,*,#13313,.T.);
#13313 = EDGE_CURVE('',#13314,#13314,#13316,.T.);
#13314 = VERTEX_POINT('',#13315);
#13315 = CARTESIAN_POINT('',(6.15,50.700001,0.));
#13316 = CIRCLE('',#13317,0.5);
#13317 = AXIS2_PLACEMENT_3D('',#13318,#13319,#13320);
#13318 = CARTESIAN_POINT('',(6.15,51.200001,0.));
#13319 = DIRECTION('',(-0.,0.,-1.));
#13320 = DIRECTION('',(-0.,-1.,0.));
#13321 = FACE_BOUND('',#13322,.F.);
#13322 = EDGE_LOOP('',(#13323));
#13323 = ORIENTED_EDGE('',*,*,#13324,.T.);
#13324 = EDGE_CURVE('',#13325,#13325,#13327,.T.);
#13325 = VERTEX_POINT('',#13326);
#13326 = CARTESIAN_POINT('',(7.4,41.760001,0.));
#13327 = CIRCLE('',#13328,0.25);
#13328 = AXIS2_PLACEMENT_3D('',#13329,#13330,#13331);
#13329 = CARTESIAN_POINT('',(7.4,42.010001,0.));
#13330 = DIRECTION('',(-0.,0.,-1.));
#13331 = DIRECTION('',(-0.,-1.,0.));
#13332 = FACE_BOUND('',#13333,.F.);
#13333 = EDGE_LOOP('',(#13334));
#13334 = ORIENTED_EDGE('',*,*,#13335,.T.);
#13335 = EDGE_CURVE('',#13336,#13336,#13338,.T.);
#13336 = VERTEX_POINT('',#13337);
#13337 = CARTESIAN_POINT('',(18.302944,40.062945,0.));
#13338 = CIRCLE('',#13339,0.25);
#13339 = AXIS2_PLACEMENT_3D('',#13340,#13341,#13342);
#13340 = CARTESIAN_POINT('',(18.302944,40.312945,0.));
#13341 = DIRECTION('',(-0.,0.,-1.));
#13342 = DIRECTION('',(-0.,-1.,0.));
#13343 = FACE_BOUND('',#13344,.F.);
#13344 = EDGE_LOOP('',(#13345));
#13345 = ORIENTED_EDGE('',*,*,#13346,.T.);
#13346 = EDGE_CURVE('',#13347,#13347,#13349,.T.);
#13347 = VERTEX_POINT('',#13348);
#13348 = CARTESIAN_POINT('',(17.6,41.760001,0.));
#13349 = CIRCLE('',#13350,0.25);
#13350 = AXIS2_PLACEMENT_3D('',#13351,#13352,#13353);
#13351 = CARTESIAN_POINT('',(17.6,42.010001,0.));
#13352 = DIRECTION('',(-0.,0.,-1.));
#13353 = DIRECTION('',(-0.,-1.,0.));
#13354 = FACE_BOUND('',#13355,.F.);
#13355 = EDGE_LOOP('',(#13356));
#13356 = ORIENTED_EDGE('',*,*,#13357,.T.);
#13357 = EDGE_CURVE('',#13358,#13358,#13360,.T.);
#13358 = VERTEX_POINT('',#13359);
#13359 = CARTESIAN_POINT('',(18.302944,43.457057,0.));
#13360 = CIRCLE('',#13361,0.25);
#13361 = AXIS2_PLACEMENT_3D('',#13362,#13363,#13364);
#13362 = CARTESIAN_POINT('',(18.302944,43.707057,0.));
#13363 = DIRECTION('',(-0.,0.,-1.));
#13364 = DIRECTION('',(-0.,-1.,0.));
#13365 = FACE_BOUND('',#13366,.F.);
#13366 = EDGE_LOOP('',(#13367));
#13367 = ORIENTED_EDGE('',*,*,#13368,.T.);
#13368 = EDGE_CURVE('',#13369,#13369,#13371,.T.);
#13369 = VERTEX_POINT('',#13370);
#13370 = CARTESIAN_POINT('',(8.69,50.700001,0.));
#13371 = CIRCLE('',#13372,0.5);
#13372 = AXIS2_PLACEMENT_3D('',#13373,#13374,#13375);
#13373 = CARTESIAN_POINT('',(8.69,51.200001,0.));
#13374 = DIRECTION('',(-0.,0.,-1.));
#13375 = DIRECTION('',(-0.,-1.,0.));
#13376 = FACE_BOUND('',#13377,.F.);
#13377 = EDGE_LOOP('',(#13378));
#13378 = ORIENTED_EDGE('',*,*,#13379,.T.);
#13379 = EDGE_CURVE('',#13380,#13380,#13382,.T.);
#13380 = VERTEX_POINT('',#13381);
#13381 = CARTESIAN_POINT('',(11.23,50.700001,0.));
#13382 = CIRCLE('',#13383,0.5);
#13383 = AXIS2_PLACEMENT_3D('',#13384,#13385,#13386);
#13384 = CARTESIAN_POINT('',(11.23,51.200001,0.));
#13385 = DIRECTION('',(-0.,0.,-1.));
#13386 = DIRECTION('',(-0.,-1.,0.));
#13387 = FACE_BOUND('',#13388,.F.);
#13388 = EDGE_LOOP('',(#13389));
#13389 = ORIENTED_EDGE('',*,*,#13390,.T.);
#13390 = EDGE_CURVE('',#13391,#13391,#13393,.T.);
#13391 = VERTEX_POINT('',#13392);
#13392 = CARTESIAN_POINT('',(13.77,50.700001,0.));
#13393 = CIRCLE('',#13394,0.5);
#13394 = AXIS2_PLACEMENT_3D('',#13395,#13396,#13397);
#13395 = CARTESIAN_POINT('',(13.77,51.200001,0.));
#13396 = DIRECTION('',(-0.,0.,-1.));
#13397 = DIRECTION('',(-0.,-1.,0.));
#13398 = FACE_BOUND('',#13399,.F.);
#13399 = EDGE_LOOP('',(#13400));
#13400 = ORIENTED_EDGE('',*,*,#13401,.T.);
#13401 = EDGE_CURVE('',#13402,#13402,#13404,.T.);
#13402 = VERTEX_POINT('',#13403);
#13403 = CARTESIAN_POINT('',(16.31,50.700001,0.));
#13404 = CIRCLE('',#13405,0.5);
#13405 = AXIS2_PLACEMENT_3D('',#13406,#13407,#13408);
#13406 = CARTESIAN_POINT('',(16.31,51.200001,0.));
#13407 = DIRECTION('',(-0.,0.,-1.));
#13408 = DIRECTION('',(-0.,-1.,0.));
#13409 = FACE_BOUND('',#13410,.F.);
#13410 = EDGE_LOOP('',(#13411));
#13411 = ORIENTED_EDGE('',*,*,#13412,.T.);
#13412 = EDGE_CURVE('',#13413,#13413,#13415,.T.);
#13413 = VERTEX_POINT('',#13414);
#13414 = CARTESIAN_POINT('',(21.352944,28.052945,0.));
#13415 = CIRCLE('',#13416,0.25);
#13416 = AXIS2_PLACEMENT_3D('',#13417,#13418,#13419);
#13417 = CARTESIAN_POINT('',(21.352944,28.302945,0.));
#13418 = DIRECTION('',(-0.,0.,-1.));
#13419 = DIRECTION('',(-0.,-1.,0.));
#13420 = FACE_BOUND('',#13421,.F.);
#13421 = EDGE_LOOP('',(#13422));
#13422 = ORIENTED_EDGE('',*,*,#13423,.T.);
#13423 = EDGE_CURVE('',#13424,#13424,#13426,.T.);
#13424 = VERTEX_POINT('',#13425);
#13425 = CARTESIAN_POINT('',(23.05,27.350001,0.));
#13426 = CIRCLE('',#13427,0.25);
#13427 = AXIS2_PLACEMENT_3D('',#13428,#13429,#13430);
#13428 = CARTESIAN_POINT('',(23.05,27.600001,0.));
#13429 = DIRECTION('',(-0.,0.,-1.));
#13430 = DIRECTION('',(-0.,-1.,0.));
#13431 = FACE_BOUND('',#13432,.F.);
#13432 = EDGE_LOOP('',(#13433));
#13433 = ORIENTED_EDGE('',*,*,#13434,.T.);
#13434 = EDGE_CURVE('',#13435,#13435,#13437,.T.);
#13435 = VERTEX_POINT('',#13436);
#13436 = CARTESIAN_POINT('',(20.65,29.750001,0.));
#13437 = CIRCLE('',#13438,0.25);
#13438 = AXIS2_PLACEMENT_3D('',#13439,#13440,#13441);
#13439 = CARTESIAN_POINT('',(20.65,30.000001,0.));
#13440 = DIRECTION('',(-0.,0.,-1.));
#13441 = DIRECTION('',(-0.,-1.,0.));
#13442 = FACE_BOUND('',#13443,.F.);
#13443 = EDGE_LOOP('',(#13444));
#13444 = ORIENTED_EDGE('',*,*,#13445,.T.);
#13445 = EDGE_CURVE('',#13446,#13446,#13448,.T.);
#13446 = VERTEX_POINT('',#13447);
#13447 = CARTESIAN_POINT('',(23.05,28.400001,0.));
#13448 = CIRCLE('',#13449,1.6);
#13449 = AXIS2_PLACEMENT_3D('',#13450,#13451,#13452);
#13450 = CARTESIAN_POINT('',(23.05,30.000001,0.));
#13451 = DIRECTION('',(-0.,0.,-1.));
#13452 = DIRECTION('',(2.22044604925E-15,-1.,-0.));
#13453 = FACE_BOUND('',#13454,.F.);
#13454 = EDGE_LOOP('',(#13455));
#13455 = ORIENTED_EDGE('',*,*,#13456,.T.);
#13456 = EDGE_CURVE('',#13457,#13457,#13459,.T.);
#13457 = VERTEX_POINT('',#13458);
#13458 = CARTESIAN_POINT('',(21.352944,31.447057,0.));
#13459 = CIRCLE('',#13460,0.25);
#13460 = AXIS2_PLACEMENT_3D('',#13461,#13462,#13463);
#13461 = CARTESIAN_POINT('',(21.352944,31.697057,0.));
#13462 = DIRECTION('',(-0.,0.,-1.));
#13463 = DIRECTION('',(-0.,-1.,0.));
#13464 = FACE_BOUND('',#13465,.F.);
#13465 = EDGE_LOOP('',(#13466));
#13466 = ORIENTED_EDGE('',*,*,#13467,.T.);
#13467 = EDGE_CURVE('',#13468,#13468,#13470,.T.);
#13468 = VERTEX_POINT('',#13469);
#13469 = CARTESIAN_POINT('',(24.747056,28.052945,0.));
#13470 = CIRCLE('',#13471,0.25);
#13471 = AXIS2_PLACEMENT_3D('',#13472,#13473,#13474);
#13472 = CARTESIAN_POINT('',(24.747056,28.302945,0.));
#13473 = DIRECTION('',(-0.,0.,-1.));
#13474 = DIRECTION('',(-0.,-1.,0.));
#13475 = FACE_BOUND('',#13476,.F.);
#13476 = EDGE_LOOP('',(#13477));
#13477 = ORIENTED_EDGE('',*,*,#13478,.T.);
#13478 = EDGE_CURVE('',#13479,#13479,#13481,.T.);
#13479 = VERTEX_POINT('',#13480);
#13480 = CARTESIAN_POINT('',(25.45,29.750001,0.));
#13481 = CIRCLE('',#13482,0.25);
#13482 = AXIS2_PLACEMENT_3D('',#13483,#13484,#13485);
#13483 = CARTESIAN_POINT('',(25.45,30.000001,0.));
#13484 = DIRECTION('',(-0.,0.,-1.));
#13485 = DIRECTION('',(-0.,-1.,0.));
#13486 = FACE_BOUND('',#13487,.F.);
#13487 = EDGE_LOOP('',(#13488));
#13488 = ORIENTED_EDGE('',*,*,#13489,.T.);
#13489 = EDGE_CURVE('',#13490,#13490,#13492,.T.);
#13490 = VERTEX_POINT('',#13491);
#13491 = CARTESIAN_POINT('',(24.747056,31.447057,0.));
#13492 = CIRCLE('',#13493,0.25);
#13493 = AXIS2_PLACEMENT_3D('',#13494,#13495,#13496);
#13494 = CARTESIAN_POINT('',(24.747056,31.697057,0.));
#13495 = DIRECTION('',(-0.,0.,-1.));
#13496 = DIRECTION('',(-0.,-1.,0.));
#13497 = FACE_BOUND('',#13498,.F.);
#13498 = EDGE_LOOP('',(#13499));
#13499 = ORIENTED_EDGE('',*,*,#13500,.T.);
#13500 = EDGE_CURVE('',#13501,#13501,#13503,.T.);
#13501 = VERTEX_POINT('',#13502);
#13502 = CARTESIAN_POINT('',(23.05,32.150001,0.));
#13503 = CIRCLE('',#13504,0.25);
#13504 = AXIS2_PLACEMENT_3D('',#13505,#13506,#13507);
#13505 = CARTESIAN_POINT('',(23.05,32.400001,0.));
#13506 = DIRECTION('',(-0.,0.,-1.));
#13507 = DIRECTION('',(-0.,-1.,0.));
#13508 = FACE_BOUND('',#13509,.F.);
#13509 = EDGE_LOOP('',(#13510));
#13510 = ORIENTED_EDGE('',*,*,#13511,.T.);
#13511 = EDGE_CURVE('',#13512,#13512,#13514,.T.);
#13512 = VERTEX_POINT('',#13513);
#13513 = CARTESIAN_POINT('',(20.,39.360001,0.));
#13514 = CIRCLE('',#13515,0.25);
#13515 = AXIS2_PLACEMENT_3D('',#13516,#13517,#13518);
#13516 = CARTESIAN_POINT('',(20.,39.610001,0.));
#13517 = DIRECTION('',(-0.,0.,-1.));
#13518 = DIRECTION('',(-0.,-1.,0.));
#13519 = FACE_BOUND('',#13520,.F.);
#13520 = EDGE_LOOP('',(#13521));
#13521 = ORIENTED_EDGE('',*,*,#13522,.T.);
#13522 = EDGE_CURVE('',#13523,#13523,#13525,.T.);
#13523 = VERTEX_POINT('',#13524);
#13524 = CARTESIAN_POINT('',(21.697056,40.062945,0.));
#13525 = CIRCLE('',#13526,0.25);
#13526 = AXIS2_PLACEMENT_3D('',#13527,#13528,#13529);
#13527 = CARTESIAN_POINT('',(21.697056,40.312945,0.));
#13528 = DIRECTION('',(-0.,0.,-1.));
#13529 = DIRECTION('',(-0.,-1.,0.));
#13530 = FACE_BOUND('',#13531,.F.);
#13531 = EDGE_LOOP('',(#13532));
#13532 = ORIENTED_EDGE('',*,*,#13533,.T.);
#13533 = EDGE_CURVE('',#13534,#13534,#13536,.T.);
#13534 = VERTEX_POINT('',#13535);
#13535 = CARTESIAN_POINT('',(20.,40.410001,0.));
#13536 = CIRCLE('',#13537,1.6);
#13537 = AXIS2_PLACEMENT_3D('',#13538,#13539,#13540);
#13538 = CARTESIAN_POINT('',(20.,42.010001,0.));
#13539 = DIRECTION('',(-0.,0.,-1.));
#13540 = DIRECTION('',(-0.,-1.,0.));
#13541 = FACE_BOUND('',#13542,.F.);
#13542 = EDGE_LOOP('',(#13543));
#13543 = ORIENTED_EDGE('',*,*,#13544,.T.);
#13544 = EDGE_CURVE('',#13545,#13545,#13547,.T.);
#13545 = VERTEX_POINT('',#13546);
#13546 = CARTESIAN_POINT('',(20.,44.160001,0.));
#13547 = CIRCLE('',#13548,0.25);
#13548 = AXIS2_PLACEMENT_3D('',#13549,#13550,#13551);
#13549 = CARTESIAN_POINT('',(20.,44.410001,0.));
#13550 = DIRECTION('',(-0.,0.,-1.));
#13551 = DIRECTION('',(-0.,-1.,0.));
#13552 = FACE_BOUND('',#13553,.F.);
#13553 = EDGE_LOOP('',(#13554));
#13554 = ORIENTED_EDGE('',*,*,#13555,.T.);
#13555 = EDGE_CURVE('',#13556,#13556,#13558,.T.);
#13556 = VERTEX_POINT('',#13557);
#13557 = CARTESIAN_POINT('',(22.4,41.760001,0.));
#13558 = CIRCLE('',#13559,0.25);
#13559 = AXIS2_PLACEMENT_3D('',#13560,#13561,#13562);
#13560 = CARTESIAN_POINT('',(22.4,42.010001,0.));
#13561 = DIRECTION('',(-0.,0.,-1.));
#13562 = DIRECTION('',(-0.,-1.,0.));
#13563 = FACE_BOUND('',#13564,.F.);
#13564 = EDGE_LOOP('',(#13565));
#13565 = ORIENTED_EDGE('',*,*,#13566,.T.);
#13566 = EDGE_CURVE('',#13567,#13567,#13569,.T.);
#13567 = VERTEX_POINT('',#13568);
#13568 = CARTESIAN_POINT('',(21.697056,43.457057,0.));
#13569 = CIRCLE('',#13570,0.25);
#13570 = AXIS2_PLACEMENT_3D('',#13571,#13572,#13573);
#13571 = CARTESIAN_POINT('',(21.697056,43.707057,0.));
#13572 = DIRECTION('',(-0.,0.,-1.));
#13573 = DIRECTION('',(-0.,-1.,0.));
#13574 = FACE_BOUND('',#13575,.F.);
#13575 = EDGE_LOOP('',(#13576));
#13576 = ORIENTED_EDGE('',*,*,#13577,.T.);
#13577 = EDGE_CURVE('',#13578,#13578,#13580,.T.);
#13578 = VERTEX_POINT('',#13579);
#13579 = CARTESIAN_POINT('',(18.85,50.700001,0.));
#13580 = CIRCLE('',#13581,0.5);
#13581 = AXIS2_PLACEMENT_3D('',#13582,#13583,#13584);
#13582 = CARTESIAN_POINT('',(18.85,51.200001,0.));
#13583 = DIRECTION('',(-0.,0.,-1.));
#13584 = DIRECTION('',(-0.,-1.,0.));
#13585 = PLANE('',#13586);
#13586 = AXIS2_PLACEMENT_3D('',#13587,#13588,#13589);
#13587 = CARTESIAN_POINT('',(0.,0.,0.));
#13588 = DIRECTION('',(0.,0.,1.));
#13589 = DIRECTION('',(1.,0.,-0.));
#13590 = ADVANCED_FACE('',(#13591,#13678,#13689,#13700,#13711,#13722,
    #13733,#13744,#13755,#13766,#13777,#13788,#13799,#13810,#13821,
    #13832,#13843,#13854,#13865,#13876,#13887,#13898,#13909,#13920,
    #13931,#13942,#13953,#13964,#13975,#13986,#13997,#14008,#14019,
    #14030,#14041,#14052,#14063,#14074,#14085,#14096,#14107,#14118,
    #14129,#14140,#14151,#14162,#14173,#14184,#14195,#14206,#14217,
    #14228,#14239,#14250,#14261,#14272,#14283,#14294,#14305,#14316,
    #14327,#14338,#14349,#14360,#14371,#14382,#14393,#14404,#14415,
    #14426,#14437,#14448,#14459,#14470,#14481,#14492,#14503,#14514,
    #14525,#14536,#14547,#14558,#14569,#14580,#14591,#14602,#14613,
    #14624,#14635,#14646,#14657,#14668,#14679,#14690,#14701,#14712,
    #14723,#14734,#14745,#14756,#14767,#14778,#14789,#14800,#14811,
    #14822,#14833,#14844,#14855,#14866,#14877,#14888,#14899,#14910,
    #14921,#14932,#14943,#14954,#14965,#14976,#14987,#14998,#15009,
    #15020,#15031,#15042,#15053,#15064,#15075,#15086,#15097,#15108,
    #15119,#15130,#15141,#15152,#15163,#15174,#15185,#15196,#15207,
    #15218,#15229,#15240,#15251,#15262,#15273,#15284,#15295,#15306,
    #15317,#15328,#15339,#15350,#15361,#15372,#15383,#15394,#15405,
    #15416,#15427,#15438,#15449,#15460,#15471,#15482,#15493,#15504,
    #15515,#15526,#15537,#15548,#15559,#15570,#15581,#15592,#15603,
    #15614,#15625,#15636,#15647,#15658,#15669,#15680,#15691,#15702,
    #15713,#15724,#15735),#15746,.T.);
#13591 = FACE_BOUND('',#13592,.T.);
#13592 = EDGE_LOOP('',(#13593,#13594,#13595,#13603,#13612,#13620,#13629,
    #13637,#13646,#13654,#13662,#13671,#13677));
#13593 = ORIENTED_EDGE('',*,*,#11337,.F.);
#13594 = ORIENTED_EDGE('',*,*,#11379,.F.);
#13595 = ORIENTED_EDGE('',*,*,#13596,.F.);
#13596 = EDGE_CURVE('',#13597,#11372,#13599,.T.);
#13597 = VERTEX_POINT('',#13598);
#13598 = CARTESIAN_POINT('',(-33.258627,54.997843,1.6));
#13599 = LINE('',#13600,#13601);
#13600 = CARTESIAN_POINT('',(-33.258627,54.997843,1.6));
#13601 = VECTOR('',#13602,1.);
#13602 = DIRECTION('',(0.999946506993,1.034326603021E-02,0.));
#13603 = ORIENTED_EDGE('',*,*,#13604,.F.);
#13604 = EDGE_CURVE('',#13605,#13597,#13607,.T.);
#13605 = VERTEX_POINT('',#13606);
#13606 = CARTESIAN_POINT('',(-35.807116,54.171129,1.6));
#13607 = CIRCLE('',#13608,4.972319393319);
#13608 = AXIS2_PLACEMENT_3D('',#13609,#13610,#13611);
#13609 = CARTESIAN_POINT('',(-33.05532127278,50.02968167709,1.6));
#13610 = DIRECTION('',(0.,0.,-1.));
#13611 = DIRECTION('',(-0.553422760999,0.832900502827,0.));
#13612 = ORIENTED_EDGE('',*,*,#13613,.F.);
#13613 = EDGE_CURVE('',#13614,#13605,#13616,.T.);
#13614 = VERTEX_POINT('',#13615);
#13615 = CARTESIAN_POINT('',(-36.473922,53.727426,1.6));
#13616 = LINE('',#13617,#13618);
#13617 = CARTESIAN_POINT('',(-36.473922,53.727426,1.6));
#13618 = VECTOR('',#13619,1.);
#13619 = DIRECTION('',(0.832530763896,0.553978814727,0.));
#13620 = ORIENTED_EDGE('',*,*,#13621,.F.);
#13621 = EDGE_CURVE('',#13622,#13614,#13624,.T.);
#13622 = VERTEX_POINT('',#13623);
#13623 = CARTESIAN_POINT('',(-35.807116,-54.171127,1.6));
#13624 = CIRCLE('',#13625,64.935502967024);
#13625 = AXIS2_PLACEMENT_3D('',#13626,#13627,#13628);
#13626 = CARTESIAN_POINT('',(-2.80909129685E-03,1.478183503131E-03,1.6)
  );
#13627 = DIRECTION('',(0.,0.,-1.));
#13628 = DIRECTION('',(-0.551382606937,-0.834252492215,-0.));
#13629 = ORIENTED_EDGE('',*,*,#13630,.F.);
#13630 = EDGE_CURVE('',#13631,#13622,#13633,.T.);
#13631 = VERTEX_POINT('',#13632);
#13632 = CARTESIAN_POINT('',(-35.631884,-54.284369,1.6));
#13633 = LINE('',#13634,#13635);
#13634 = CARTESIAN_POINT('',(-35.631884,-54.284369,1.6));
#13635 = VECTOR('',#13636,1.);
#13636 = DIRECTION('',(-0.83988352502,0.542766675837,0.));
#13637 = ORIENTED_EDGE('',*,*,#13638,.F.);
#13638 = EDGE_CURVE('',#13639,#13631,#13641,.T.);
#13639 = VERTEX_POINT('',#13640);
#13640 = CARTESIAN_POINT('',(-33.05,-54.999999,1.6));
#13641 = CIRCLE('',#13642,4.9723568118);
#13642 = AXIS2_PLACEMENT_3D('',#13643,#13644,#13645);
#13643 = CARTESIAN_POINT('',(-33.06191694025,-50.02765646851,1.6));
#13644 = DIRECTION('',(0.,0.,-1.));
#13645 = DIRECTION('',(2.396638195116E-03,-0.999997128059,0.));
#13646 = ORIENTED_EDGE('',*,*,#13647,.F.);
#13647 = EDGE_CURVE('',#13648,#13639,#13650,.T.);
#13648 = VERTEX_POINT('',#13649);
#13649 = CARTESIAN_POINT('',(33.05,-54.999999,1.6));
#13650 = LINE('',#13651,#13652);
#13651 = CARTESIAN_POINT('',(33.05,-54.999999,1.6));
#13652 = VECTOR('',#13653,1.);
#13653 = DIRECTION('',(-1.,0.,0.));
#13654 = ORIENTED_EDGE('',*,*,#13655,.F.);
#13655 = EDGE_CURVE('',#13656,#13648,#13658,.T.);
#13656 = VERTEX_POINT('',#13657);
#13657 = CARTESIAN_POINT('',(33.258627,-54.99784,1.6));
#13658 = LINE('',#13659,#13660);
#13659 = CARTESIAN_POINT('',(33.258627,-54.99784,1.6));
#13660 = VECTOR('',#13661,1.);
#13661 = DIRECTION('',(-0.999946457409,-1.034805850418E-02,0.));
#13662 = ORIENTED_EDGE('',*,*,#13663,.F.);
#13663 = EDGE_CURVE('',#13664,#13656,#13666,.T.);
#13664 = VERTEX_POINT('',#13665);
#13665 = CARTESIAN_POINT('',(35.807116,-54.171127,1.6));
#13666 = CIRCLE('',#13667,4.972363468792);
#13667 = AXIS2_PLACEMENT_3D('',#13668,#13669,#13670);
#13668 = CARTESIAN_POINT('',(33.055308754268,-50.02963507701,1.6));
#13669 = DIRECTION('',(0.,0.,-1.));
#13670 = DIRECTION('',(0.553420373028,-0.832902089514,0.));
#13671 = ORIENTED_EDGE('',*,*,#13672,.F.);
#13672 = EDGE_CURVE('',#11402,#13664,#13673,.T.);
#13673 = LINE('',#13674,#13675);
#13674 = CARTESIAN_POINT('',(36.473922,-53.727424,1.6));
#13675 = VECTOR('',#13676,1.);
#13676 = DIRECTION('',(-0.832530763896,-0.553978814727,0.));
#13677 = ORIENTED_EDGE('',*,*,#11401,.F.);
#13678 = FACE_BOUND('',#13679,.T.);
#13679 = EDGE_LOOP('',(#13680));
#13680 = ORIENTED_EDGE('',*,*,#13681,.T.);
#13681 = EDGE_CURVE('',#13682,#13682,#13684,.T.);
#13682 = VERTEX_POINT('',#13683);
#13683 = CARTESIAN_POINT('',(-18.85,-51.699999,1.6));
#13684 = CIRCLE('',#13685,0.5);
#13685 = AXIS2_PLACEMENT_3D('',#13686,#13687,#13688);
#13686 = CARTESIAN_POINT('',(-18.85,-51.199999,1.6));
#13687 = DIRECTION('',(-0.,0.,-1.));
#13688 = DIRECTION('',(-0.,-1.,0.));
#13689 = FACE_BOUND('',#13690,.T.);
#13690 = EDGE_LOOP('',(#13691));
#13691 = ORIENTED_EDGE('',*,*,#13692,.T.);
#13692 = EDGE_CURVE('',#13693,#13693,#13695,.T.);
#13693 = VERTEX_POINT('',#13694);
#13694 = CARTESIAN_POINT('',(-16.31,-51.699999,1.6));
#13695 = CIRCLE('',#13696,0.5);
#13696 = AXIS2_PLACEMENT_3D('',#13697,#13698,#13699);
#13697 = CARTESIAN_POINT('',(-16.31,-51.199999,1.6));
#13698 = DIRECTION('',(-0.,0.,-1.));
#13699 = DIRECTION('',(-0.,-1.,0.));
#13700 = FACE_BOUND('',#13701,.T.);
#13701 = EDGE_LOOP('',(#13702));
#13702 = ORIENTED_EDGE('',*,*,#13703,.T.);
#13703 = EDGE_CURVE('',#13704,#13704,#13706,.T.);
#13704 = VERTEX_POINT('',#13705);
#13705 = CARTESIAN_POINT('',(-21.697056,-43.957055,1.6));
#13706 = CIRCLE('',#13707,0.25);
#13707 = AXIS2_PLACEMENT_3D('',#13708,#13709,#13710);
#13708 = CARTESIAN_POINT('',(-21.697056,-43.707055,1.6));
#13709 = DIRECTION('',(-0.,0.,-1.));
#13710 = DIRECTION('',(-0.,-1.,0.));
#13711 = FACE_BOUND('',#13712,.T.);
#13712 = EDGE_LOOP('',(#13713));
#13713 = ORIENTED_EDGE('',*,*,#13714,.T.);
#13714 = EDGE_CURVE('',#13715,#13715,#13717,.T.);
#13715 = VERTEX_POINT('',#13716);
#13716 = CARTESIAN_POINT('',(-22.4,-42.259999,1.6));
#13717 = CIRCLE('',#13718,0.25);
#13718 = AXIS2_PLACEMENT_3D('',#13719,#13720,#13721);
#13719 = CARTESIAN_POINT('',(-22.4,-42.009999,1.6));
#13720 = DIRECTION('',(-0.,0.,-1.));
#13721 = DIRECTION('',(-0.,-1.,0.));
#13722 = FACE_BOUND('',#13723,.T.);
#13723 = EDGE_LOOP('',(#13724));
#13724 = ORIENTED_EDGE('',*,*,#13725,.T.);
#13725 = EDGE_CURVE('',#13726,#13726,#13728,.T.);
#13726 = VERTEX_POINT('',#13727);
#13727 = CARTESIAN_POINT('',(-21.697056,-40.562943,1.6));
#13728 = CIRCLE('',#13729,0.25);
#13729 = AXIS2_PLACEMENT_3D('',#13730,#13731,#13732);
#13730 = CARTESIAN_POINT('',(-21.697056,-40.312943,1.6));
#13731 = DIRECTION('',(-0.,0.,-1.));
#13732 = DIRECTION('',(-0.,-1.,0.));
#13733 = FACE_BOUND('',#13734,.T.);
#13734 = EDGE_LOOP('',(#13735));
#13735 = ORIENTED_EDGE('',*,*,#13736,.T.);
#13736 = EDGE_CURVE('',#13737,#13737,#13739,.T.);
#13737 = VERTEX_POINT('',#13738);
#13738 = CARTESIAN_POINT('',(-20.,-44.659999,1.6));
#13739 = CIRCLE('',#13740,0.25);
#13740 = AXIS2_PLACEMENT_3D('',#13741,#13742,#13743);
#13741 = CARTESIAN_POINT('',(-20.,-44.409999,1.6));
#13742 = DIRECTION('',(-0.,0.,-1.));
#13743 = DIRECTION('',(-0.,-1.,0.));
#13744 = FACE_BOUND('',#13745,.T.);
#13745 = EDGE_LOOP('',(#13746));
#13746 = ORIENTED_EDGE('',*,*,#13747,.T.);
#13747 = EDGE_CURVE('',#13748,#13748,#13750,.T.);
#13748 = VERTEX_POINT('',#13749);
#13749 = CARTESIAN_POINT('',(-18.302944,-43.957055,1.6));
#13750 = CIRCLE('',#13751,0.25);
#13751 = AXIS2_PLACEMENT_3D('',#13752,#13753,#13754);
#13752 = CARTESIAN_POINT('',(-18.302944,-43.707055,1.6));
#13753 = DIRECTION('',(-0.,0.,-1.));
#13754 = DIRECTION('',(-0.,-1.,0.));
#13755 = FACE_BOUND('',#13756,.T.);
#13756 = EDGE_LOOP('',(#13757));
#13757 = ORIENTED_EDGE('',*,*,#13758,.T.);
#13758 = EDGE_CURVE('',#13759,#13759,#13761,.T.);
#13759 = VERTEX_POINT('',#13760);
#13760 = CARTESIAN_POINT('',(-20.,-43.609999,1.6));
#13761 = CIRCLE('',#13762,1.6);
#13762 = AXIS2_PLACEMENT_3D('',#13763,#13764,#13765);
#13763 = CARTESIAN_POINT('',(-20.,-42.009999,1.6));
#13764 = DIRECTION('',(-0.,0.,-1.));
#13765 = DIRECTION('',(-0.,-1.,0.));
#13766 = FACE_BOUND('',#13767,.T.);
#13767 = EDGE_LOOP('',(#13768));
#13768 = ORIENTED_EDGE('',*,*,#13769,.T.);
#13769 = EDGE_CURVE('',#13770,#13770,#13772,.T.);
#13770 = VERTEX_POINT('',#13771);
#13771 = CARTESIAN_POINT('',(-17.6,-42.259999,1.6));
#13772 = CIRCLE('',#13773,0.25);
#13773 = AXIS2_PLACEMENT_3D('',#13774,#13775,#13776);
#13774 = CARTESIAN_POINT('',(-17.6,-42.009999,1.6));
#13775 = DIRECTION('',(-0.,0.,-1.));
#13776 = DIRECTION('',(-0.,-1.,0.));
#13777 = FACE_BOUND('',#13778,.T.);
#13778 = EDGE_LOOP('',(#13779));
#13779 = ORIENTED_EDGE('',*,*,#13780,.T.);
#13780 = EDGE_CURVE('',#13781,#13781,#13783,.T.);
#13781 = VERTEX_POINT('',#13782);
#13782 = CARTESIAN_POINT('',(-20.,-39.859999,1.6));
#13783 = CIRCLE('',#13784,0.25);
#13784 = AXIS2_PLACEMENT_3D('',#13785,#13786,#13787);
#13785 = CARTESIAN_POINT('',(-20.,-39.609999,1.6));
#13786 = DIRECTION('',(-0.,0.,-1.));
#13787 = DIRECTION('',(-0.,-1.,0.));
#13788 = FACE_BOUND('',#13789,.T.);
#13789 = EDGE_LOOP('',(#13790));
#13790 = ORIENTED_EDGE('',*,*,#13791,.T.);
#13791 = EDGE_CURVE('',#13792,#13792,#13794,.T.);
#13792 = VERTEX_POINT('',#13793);
#13793 = CARTESIAN_POINT('',(-18.302944,-40.562943,1.6));
#13794 = CIRCLE('',#13795,0.25);
#13795 = AXIS2_PLACEMENT_3D('',#13796,#13797,#13798);
#13796 = CARTESIAN_POINT('',(-18.302944,-40.312943,1.6));
#13797 = DIRECTION('',(-0.,0.,-1.));
#13798 = DIRECTION('',(-0.,-1.,0.));
#13799 = FACE_BOUND('',#13800,.T.);
#13800 = EDGE_LOOP('',(#13801));
#13801 = ORIENTED_EDGE('',*,*,#13802,.T.);
#13802 = EDGE_CURVE('',#13803,#13803,#13805,.T.);
#13803 = VERTEX_POINT('',#13804);
#13804 = CARTESIAN_POINT('',(-13.77,-51.699999,1.6));
#13805 = CIRCLE('',#13806,0.5);
#13806 = AXIS2_PLACEMENT_3D('',#13807,#13808,#13809);
#13807 = CARTESIAN_POINT('',(-13.77,-51.199999,1.6));
#13808 = DIRECTION('',(-0.,0.,-1.));
#13809 = DIRECTION('',(-0.,-1.,0.));
#13810 = FACE_BOUND('',#13811,.T.);
#13811 = EDGE_LOOP('',(#13812));
#13812 = ORIENTED_EDGE('',*,*,#13813,.T.);
#13813 = EDGE_CURVE('',#13814,#13814,#13816,.T.);
#13814 = VERTEX_POINT('',#13815);
#13815 = CARTESIAN_POINT('',(-11.23,-51.699999,1.6));
#13816 = CIRCLE('',#13817,0.5);
#13817 = AXIS2_PLACEMENT_3D('',#13818,#13819,#13820);
#13818 = CARTESIAN_POINT('',(-11.23,-51.199999,1.6));
#13819 = DIRECTION('',(-0.,0.,-1.));
#13820 = DIRECTION('',(-0.,-1.,0.));
#13821 = FACE_BOUND('',#13822,.T.);
#13822 = EDGE_LOOP('',(#13823));
#13823 = ORIENTED_EDGE('',*,*,#13824,.T.);
#13824 = EDGE_CURVE('',#13825,#13825,#13827,.T.);
#13825 = VERTEX_POINT('',#13826);
#13826 = CARTESIAN_POINT('',(-8.69,-51.699999,1.6));
#13827 = CIRCLE('',#13828,0.5);
#13828 = AXIS2_PLACEMENT_3D('',#13829,#13830,#13831);
#13829 = CARTESIAN_POINT('',(-8.69,-51.199999,1.6));
#13830 = DIRECTION('',(-0.,0.,-1.));
#13831 = DIRECTION('',(-0.,-1.,0.));
#13832 = FACE_BOUND('',#13833,.T.);
#13833 = EDGE_LOOP('',(#13834));
#13834 = ORIENTED_EDGE('',*,*,#13835,.T.);
#13835 = EDGE_CURVE('',#13836,#13836,#13838,.T.);
#13836 = VERTEX_POINT('',#13837);
#13837 = CARTESIAN_POINT('',(-6.15,-51.699999,1.6));
#13838 = CIRCLE('',#13839,0.5);
#13839 = AXIS2_PLACEMENT_3D('',#13840,#13841,#13842);
#13840 = CARTESIAN_POINT('',(-6.15,-51.199999,1.6));
#13841 = DIRECTION('',(-0.,0.,-1.));
#13842 = DIRECTION('',(-0.,-1.,0.));
#13843 = FACE_BOUND('',#13844,.T.);
#13844 = EDGE_LOOP('',(#13845));
#13845 = ORIENTED_EDGE('',*,*,#13846,.T.);
#13846 = EDGE_CURVE('',#13847,#13847,#13849,.T.);
#13847 = VERTEX_POINT('',#13848);
#13848 = CARTESIAN_POINT('',(-6.697056,-43.957055,1.6));
#13849 = CIRCLE('',#13850,0.25);
#13850 = AXIS2_PLACEMENT_3D('',#13851,#13852,#13853);
#13851 = CARTESIAN_POINT('',(-6.697056,-43.707055,1.6));
#13852 = DIRECTION('',(-0.,0.,-1.));
#13853 = DIRECTION('',(-0.,-1.,0.));
#13854 = FACE_BOUND('',#13855,.T.);
#13855 = EDGE_LOOP('',(#13856));
#13856 = ORIENTED_EDGE('',*,*,#13857,.T.);
#13857 = EDGE_CURVE('',#13858,#13858,#13860,.T.);
#13858 = VERTEX_POINT('',#13859);
#13859 = CARTESIAN_POINT('',(-7.4,-42.259999,1.6));
#13860 = CIRCLE('',#13861,0.25);
#13861 = AXIS2_PLACEMENT_3D('',#13862,#13863,#13864);
#13862 = CARTESIAN_POINT('',(-7.4,-42.009999,1.6));
#13863 = DIRECTION('',(-0.,0.,-1.));
#13864 = DIRECTION('',(-0.,-1.,0.));
#13865 = FACE_BOUND('',#13866,.T.);
#13866 = EDGE_LOOP('',(#13867));
#13867 = ORIENTED_EDGE('',*,*,#13868,.T.);
#13868 = EDGE_CURVE('',#13869,#13869,#13871,.T.);
#13869 = VERTEX_POINT('',#13870);
#13870 = CARTESIAN_POINT('',(-5.,-44.659999,1.6));
#13871 = CIRCLE('',#13872,0.25);
#13872 = AXIS2_PLACEMENT_3D('',#13873,#13874,#13875);
#13873 = CARTESIAN_POINT('',(-5.,-44.409999,1.6));
#13874 = DIRECTION('',(-0.,0.,-1.));
#13875 = DIRECTION('',(-0.,-1.,0.));
#13876 = FACE_BOUND('',#13877,.T.);
#13877 = EDGE_LOOP('',(#13878));
#13878 = ORIENTED_EDGE('',*,*,#13879,.T.);
#13879 = EDGE_CURVE('',#13880,#13880,#13882,.T.);
#13880 = VERTEX_POINT('',#13881);
#13881 = CARTESIAN_POINT('',(-5.,-43.609999,1.6));
#13882 = CIRCLE('',#13883,1.6);
#13883 = AXIS2_PLACEMENT_3D('',#13884,#13885,#13886);
#13884 = CARTESIAN_POINT('',(-5.,-42.009999,1.6));
#13885 = DIRECTION('',(-0.,0.,-1.));
#13886 = DIRECTION('',(-0.,-1.,0.));
#13887 = FACE_BOUND('',#13888,.T.);
#13888 = EDGE_LOOP('',(#13889));
#13889 = ORIENTED_EDGE('',*,*,#13890,.T.);
#13890 = EDGE_CURVE('',#13891,#13891,#13893,.T.);
#13891 = VERTEX_POINT('',#13892);
#13892 = CARTESIAN_POINT('',(-6.697056,-40.562943,1.6));
#13893 = CIRCLE('',#13894,0.25);
#13894 = AXIS2_PLACEMENT_3D('',#13895,#13896,#13897);
#13895 = CARTESIAN_POINT('',(-6.697056,-40.312943,1.6));
#13896 = DIRECTION('',(-0.,0.,-1.));
#13897 = DIRECTION('',(-0.,-1.,0.));
#13898 = FACE_BOUND('',#13899,.T.);
#13899 = EDGE_LOOP('',(#13900));
#13900 = ORIENTED_EDGE('',*,*,#13901,.T.);
#13901 = EDGE_CURVE('',#13902,#13902,#13904,.T.);
#13902 = VERTEX_POINT('',#13903);
#13903 = CARTESIAN_POINT('',(-5.,-39.859999,1.6));
#13904 = CIRCLE('',#13905,0.25);
#13905 = AXIS2_PLACEMENT_3D('',#13906,#13907,#13908);
#13906 = CARTESIAN_POINT('',(-5.,-39.609999,1.6));
#13907 = DIRECTION('',(-0.,0.,-1.));
#13908 = DIRECTION('',(-0.,-1.,0.));
#13909 = FACE_BOUND('',#13910,.T.);
#13910 = EDGE_LOOP('',(#13911));
#13911 = ORIENTED_EDGE('',*,*,#13912,.T.);
#13912 = EDGE_CURVE('',#13913,#13913,#13915,.T.);
#13913 = VERTEX_POINT('',#13914);
#13914 = CARTESIAN_POINT('',(-23.05,-32.649999,1.6));
#13915 = CIRCLE('',#13916,0.25);
#13916 = AXIS2_PLACEMENT_3D('',#13917,#13918,#13919);
#13917 = CARTESIAN_POINT('',(-23.05,-32.399999,1.6));
#13918 = DIRECTION('',(-0.,0.,-1.));
#13919 = DIRECTION('',(-0.,-1.,0.));
#13920 = FACE_BOUND('',#13921,.T.);
#13921 = EDGE_LOOP('',(#13922));
#13922 = ORIENTED_EDGE('',*,*,#13923,.T.);
#13923 = EDGE_CURVE('',#13924,#13924,#13926,.T.);
#13924 = VERTEX_POINT('',#13925);
#13925 = CARTESIAN_POINT('',(-15.98,-34.788999,1.6));
#13926 = CIRCLE('',#13927,0.5);
#13927 = AXIS2_PLACEMENT_3D('',#13928,#13929,#13930);
#13928 = CARTESIAN_POINT('',(-15.98,-34.288999,1.6));
#13929 = DIRECTION('',(-0.,0.,-1.));
#13930 = DIRECTION('',(-0.,-1.,0.));
#13931 = FACE_BOUND('',#13932,.T.);
#13932 = EDGE_LOOP('',(#13933));
#13933 = ORIENTED_EDGE('',*,*,#13934,.T.);
#13934 = EDGE_CURVE('',#13935,#13935,#13937,.T.);
#13935 = VERTEX_POINT('',#13936);
#13936 = CARTESIAN_POINT('',(-24.747056,-31.947055,1.6));
#13937 = CIRCLE('',#13938,0.25);
#13938 = AXIS2_PLACEMENT_3D('',#13939,#13940,#13941);
#13939 = CARTESIAN_POINT('',(-24.747056,-31.697055,1.6));
#13940 = DIRECTION('',(-0.,0.,-1.));
#13941 = DIRECTION('',(-0.,-1.,0.));
#13942 = FACE_BOUND('',#13943,.T.);
#13943 = EDGE_LOOP('',(#13944));
#13944 = ORIENTED_EDGE('',*,*,#13945,.T.);
#13945 = EDGE_CURVE('',#13946,#13946,#13948,.T.);
#13946 = VERTEX_POINT('',#13947);
#13947 = CARTESIAN_POINT('',(-25.45,-30.249999,1.6));
#13948 = CIRCLE('',#13949,0.25);
#13949 = AXIS2_PLACEMENT_3D('',#13950,#13951,#13952);
#13950 = CARTESIAN_POINT('',(-25.45,-29.999999,1.6));
#13951 = DIRECTION('',(-0.,0.,-1.));
#13952 = DIRECTION('',(-0.,-1.,0.));
#13953 = FACE_BOUND('',#13954,.T.);
#13954 = EDGE_LOOP('',(#13955));
#13955 = ORIENTED_EDGE('',*,*,#13956,.T.);
#13956 = EDGE_CURVE('',#13957,#13957,#13959,.T.);
#13957 = VERTEX_POINT('',#13958);
#13958 = CARTESIAN_POINT('',(-23.05,-31.599999,1.6));
#13959 = CIRCLE('',#13960,1.6);
#13960 = AXIS2_PLACEMENT_3D('',#13961,#13962,#13963);
#13961 = CARTESIAN_POINT('',(-23.05,-29.999999,1.6));
#13962 = DIRECTION('',(-0.,0.,-1.));
#13963 = DIRECTION('',(-2.22044604925E-15,-1.,0.));
#13964 = FACE_BOUND('',#13965,.T.);
#13965 = EDGE_LOOP('',(#13966));
#13966 = ORIENTED_EDGE('',*,*,#13967,.T.);
#13967 = EDGE_CURVE('',#13968,#13968,#13970,.T.);
#13968 = VERTEX_POINT('',#13969);
#13969 = CARTESIAN_POINT('',(-21.352944,-31.947055,1.6));
#13970 = CIRCLE('',#13971,0.25);
#13971 = AXIS2_PLACEMENT_3D('',#13972,#13973,#13974);
#13972 = CARTESIAN_POINT('',(-21.352944,-31.697055,1.6));
#13973 = DIRECTION('',(-0.,0.,-1.));
#13974 = DIRECTION('',(-0.,-1.,0.));
#13975 = FACE_BOUND('',#13976,.T.);
#13976 = EDGE_LOOP('',(#13977));
#13977 = ORIENTED_EDGE('',*,*,#13978,.T.);
#13978 = EDGE_CURVE('',#13979,#13979,#13981,.T.);
#13979 = VERTEX_POINT('',#13980);
#13980 = CARTESIAN_POINT('',(-20.65,-30.249999,1.6));
#13981 = CIRCLE('',#13982,0.25);
#13982 = AXIS2_PLACEMENT_3D('',#13983,#13984,#13985);
#13983 = CARTESIAN_POINT('',(-20.65,-29.999999,1.6));
#13984 = DIRECTION('',(-0.,0.,-1.));
#13985 = DIRECTION('',(-0.,-1.,0.));
#13986 = FACE_BOUND('',#13987,.T.);
#13987 = EDGE_LOOP('',(#13988));
#13988 = ORIENTED_EDGE('',*,*,#13989,.T.);
#13989 = EDGE_CURVE('',#13990,#13990,#13992,.T.);
#13990 = VERTEX_POINT('',#13991);
#13991 = CARTESIAN_POINT('',(-24.747056,-28.552943,1.6));
#13992 = CIRCLE('',#13993,0.25);
#13993 = AXIS2_PLACEMENT_3D('',#13994,#13995,#13996);
#13994 = CARTESIAN_POINT('',(-24.747056,-28.302943,1.6));
#13995 = DIRECTION('',(-0.,0.,-1.));
#13996 = DIRECTION('',(-0.,-1.,0.));
#13997 = FACE_BOUND('',#13998,.T.);
#13998 = EDGE_LOOP('',(#13999));
#13999 = ORIENTED_EDGE('',*,*,#14000,.T.);
#14000 = EDGE_CURVE('',#14001,#14001,#14003,.T.);
#14001 = VERTEX_POINT('',#14002);
#14002 = CARTESIAN_POINT('',(-23.05,-27.849999,1.6));
#14003 = CIRCLE('',#14004,0.25);
#14004 = AXIS2_PLACEMENT_3D('',#14005,#14006,#14007);
#14005 = CARTESIAN_POINT('',(-23.05,-27.599999,1.6));
#14006 = DIRECTION('',(-0.,0.,-1.));
#14007 = DIRECTION('',(-0.,-1.,0.));
#14008 = FACE_BOUND('',#14009,.T.);
#14009 = EDGE_LOOP('',(#14010));
#14010 = ORIENTED_EDGE('',*,*,#14011,.T.);
#14011 = EDGE_CURVE('',#14012,#14012,#14014,.T.);
#14012 = VERTEX_POINT('',#14013);
#14013 = CARTESIAN_POINT('',(-21.352944,-28.552943,1.6));
#14014 = CIRCLE('',#14015,0.25);
#14015 = AXIS2_PLACEMENT_3D('',#14016,#14017,#14018);
#14016 = CARTESIAN_POINT('',(-21.352944,-28.302943,1.6));
#14017 = DIRECTION('',(-0.,0.,-1.));
#14018 = DIRECTION('',(-0.,-1.,0.));
#14019 = FACE_BOUND('',#14020,.T.);
#14020 = EDGE_LOOP('',(#14021));
#14021 = ORIENTED_EDGE('',*,*,#14022,.T.);
#14022 = EDGE_CURVE('',#14023,#14023,#14025,.T.);
#14023 = VERTEX_POINT('',#14024);
#14024 = CARTESIAN_POINT('',(-15.98,-32.248999,1.6));
#14025 = CIRCLE('',#14026,0.5);
#14026 = AXIS2_PLACEMENT_3D('',#14027,#14028,#14029);
#14027 = CARTESIAN_POINT('',(-15.98,-31.748999,1.6));
#14028 = DIRECTION('',(-0.,0.,-1.));
#14029 = DIRECTION('',(-0.,-1.,0.));
#14030 = FACE_BOUND('',#14031,.T.);
#14031 = EDGE_LOOP('',(#14032));
#14032 = ORIENTED_EDGE('',*,*,#14033,.T.);
#14033 = EDGE_CURVE('',#14034,#14034,#14036,.T.);
#14034 = VERTEX_POINT('',#14035);
#14035 = CARTESIAN_POINT('',(-15.98,-29.708999,1.6));
#14036 = CIRCLE('',#14037,0.5);
#14037 = AXIS2_PLACEMENT_3D('',#14038,#14039,#14040);
#14038 = CARTESIAN_POINT('',(-15.98,-29.208999,1.6));
#14039 = DIRECTION('',(-0.,0.,-1.));
#14040 = DIRECTION('',(-0.,-1.,0.));
#14041 = FACE_BOUND('',#14042,.T.);
#14042 = EDGE_LOOP('',(#14043));
#14043 = ORIENTED_EDGE('',*,*,#14044,.T.);
#14044 = EDGE_CURVE('',#14045,#14045,#14047,.T.);
#14045 = VERTEX_POINT('',#14046);
#14046 = CARTESIAN_POINT('',(-15.98,-27.168999,1.6));
#14047 = CIRCLE('',#14048,0.5);
#14048 = AXIS2_PLACEMENT_3D('',#14049,#14050,#14051);
#14049 = CARTESIAN_POINT('',(-15.98,-26.668999,1.6));
#14050 = DIRECTION('',(-0.,0.,-1.));
#14051 = DIRECTION('',(-0.,-1.,0.));
#14052 = FACE_BOUND('',#14053,.T.);
#14053 = EDGE_LOOP('',(#14054));
#14054 = ORIENTED_EDGE('',*,*,#14055,.T.);
#14055 = EDGE_CURVE('',#14056,#14056,#14058,.T.);
#14056 = VERTEX_POINT('',#14057);
#14057 = CARTESIAN_POINT('',(-26.757056,-9.447055,1.6));
#14058 = CIRCLE('',#14059,0.25);
#14059 = AXIS2_PLACEMENT_3D('',#14060,#14061,#14062);
#14060 = CARTESIAN_POINT('',(-26.757056,-9.197055,1.6));
#14061 = DIRECTION('',(-0.,0.,-1.));
#14062 = DIRECTION('',(-0.,-1.,0.));
#14063 = FACE_BOUND('',#14064,.T.);
#14064 = EDGE_LOOP('',(#14065));
#14065 = ORIENTED_EDGE('',*,*,#14066,.T.);
#14066 = EDGE_CURVE('',#14067,#14067,#14069,.T.);
#14067 = VERTEX_POINT('',#14068);
#14068 = CARTESIAN_POINT('',(-27.46,-7.749999,1.6));
#14069 = CIRCLE('',#14070,0.25);
#14070 = AXIS2_PLACEMENT_3D('',#14071,#14072,#14073);
#14071 = CARTESIAN_POINT('',(-27.46,-7.499999,1.6));
#14072 = DIRECTION('',(-0.,0.,-1.));
#14073 = DIRECTION('',(-0.,-1.,0.));
#14074 = FACE_BOUND('',#14075,.T.);
#14075 = EDGE_LOOP('',(#14076));
#14076 = ORIENTED_EDGE('',*,*,#14077,.T.);
#14077 = EDGE_CURVE('',#14078,#14078,#14080,.T.);
#14078 = VERTEX_POINT('',#14079);
#14079 = CARTESIAN_POINT('',(-34.25,-6.849999,1.6));
#14080 = CIRCLE('',#14081,0.5);
#14081 = AXIS2_PLACEMENT_3D('',#14082,#14083,#14084);
#14082 = CARTESIAN_POINT('',(-34.25,-6.349999,1.6));
#14083 = DIRECTION('',(-0.,0.,-1.));
#14084 = DIRECTION('',(-0.,-1.,0.));
#14085 = FACE_BOUND('',#14086,.T.);
#14086 = EDGE_LOOP('',(#14087));
#14087 = ORIENTED_EDGE('',*,*,#14088,.T.);
#14088 = EDGE_CURVE('',#14089,#14089,#14091,.T.);
#14089 = VERTEX_POINT('',#14090);
#14090 = CARTESIAN_POINT('',(-34.25,-4.309999,1.6));
#14091 = CIRCLE('',#14092,0.5);
#14092 = AXIS2_PLACEMENT_3D('',#14093,#14094,#14095);
#14093 = CARTESIAN_POINT('',(-34.25,-3.809999,1.6));
#14094 = DIRECTION('',(-0.,0.,-1.));
#14095 = DIRECTION('',(-0.,-1.,0.));
#14096 = FACE_BOUND('',#14097,.T.);
#14097 = EDGE_LOOP('',(#14098));
#14098 = ORIENTED_EDGE('',*,*,#14099,.T.);
#14099 = EDGE_CURVE('',#14100,#14100,#14102,.T.);
#14100 = VERTEX_POINT('',#14101);
#14101 = CARTESIAN_POINT('',(-34.25,-1.769999,1.6));
#14102 = CIRCLE('',#14103,0.5);
#14103 = AXIS2_PLACEMENT_3D('',#14104,#14105,#14106);
#14104 = CARTESIAN_POINT('',(-34.25,-1.269999,1.6));
#14105 = DIRECTION('',(-0.,0.,-1.));
#14106 = DIRECTION('',(-0.,-1.,0.));
#14107 = FACE_BOUND('',#14108,.T.);
#14108 = EDGE_LOOP('',(#14109));
#14109 = ORIENTED_EDGE('',*,*,#14110,.T.);
#14110 = EDGE_CURVE('',#14111,#14111,#14113,.T.);
#14111 = VERTEX_POINT('',#14112);
#14112 = CARTESIAN_POINT('',(-26.757056,-6.052943,1.6));
#14113 = CIRCLE('',#14114,0.25);
#14114 = AXIS2_PLACEMENT_3D('',#14115,#14116,#14117);
#14115 = CARTESIAN_POINT('',(-26.757056,-5.802943,1.6));
#14116 = DIRECTION('',(-0.,0.,-1.));
#14117 = DIRECTION('',(-0.,-1.,0.));
#14118 = FACE_BOUND('',#14119,.T.);
#14119 = EDGE_LOOP('',(#14120));
#14120 = ORIENTED_EDGE('',*,*,#14121,.T.);
#14121 = EDGE_CURVE('',#14122,#14122,#14124,.T.);
#14122 = VERTEX_POINT('',#14123);
#14123 = CARTESIAN_POINT('',(-15.98,-24.628999,1.6));
#14124 = CIRCLE('',#14125,0.5);
#14125 = AXIS2_PLACEMENT_3D('',#14126,#14127,#14128);
#14126 = CARTESIAN_POINT('',(-15.98,-24.128999,1.6));
#14127 = DIRECTION('',(-0.,0.,-1.));
#14128 = DIRECTION('',(-0.,-1.,0.));
#14129 = FACE_BOUND('',#14130,.T.);
#14130 = EDGE_LOOP('',(#14131));
#14131 = ORIENTED_EDGE('',*,*,#14132,.T.);
#14132 = EDGE_CURVE('',#14133,#14133,#14135,.T.);
#14133 = VERTEX_POINT('',#14134);
#14134 = CARTESIAN_POINT('',(-15.98,-22.088999,1.6));
#14135 = CIRCLE('',#14136,0.5);
#14136 = AXIS2_PLACEMENT_3D('',#14137,#14138,#14139);
#14137 = CARTESIAN_POINT('',(-15.98,-21.588999,1.6));
#14138 = DIRECTION('',(-0.,0.,-1.));
#14139 = DIRECTION('',(-0.,-1.,0.));
#14140 = FACE_BOUND('',#14141,.T.);
#14141 = EDGE_LOOP('',(#14142));
#14142 = ORIENTED_EDGE('',*,*,#14143,.T.);
#14143 = EDGE_CURVE('',#14144,#14144,#14146,.T.);
#14144 = VERTEX_POINT('',#14145);
#14145 = CARTESIAN_POINT('',(-15.98,-19.548999,1.6));
#14146 = CIRCLE('',#14147,0.5);
#14147 = AXIS2_PLACEMENT_3D('',#14148,#14149,#14150);
#14148 = CARTESIAN_POINT('',(-15.98,-19.048999,1.6));
#14149 = DIRECTION('',(-0.,0.,-1.));
#14150 = DIRECTION('',(-0.,-1.,0.));
#14151 = FACE_BOUND('',#14152,.T.);
#14152 = EDGE_LOOP('',(#14153));
#14153 = ORIENTED_EDGE('',*,*,#14154,.T.);
#14154 = EDGE_CURVE('',#14155,#14155,#14157,.T.);
#14155 = VERTEX_POINT('',#14156);
#14156 = CARTESIAN_POINT('',(-15.98,-17.008999,1.6));
#14157 = CIRCLE('',#14158,0.5);
#14158 = AXIS2_PLACEMENT_3D('',#14159,#14160,#14161);
#14159 = CARTESIAN_POINT('',(-15.98,-16.508999,1.6));
#14160 = DIRECTION('',(-0.,0.,-1.));
#14161 = DIRECTION('',(-0.,-1.,0.));
#14162 = FACE_BOUND('',#14163,.T.);
#14163 = EDGE_LOOP('',(#14164));
#14164 = ORIENTED_EDGE('',*,*,#14165,.T.);
#14165 = EDGE_CURVE('',#14166,#14166,#14168,.T.);
#14166 = VERTEX_POINT('',#14167);
#14167 = CARTESIAN_POINT('',(-25.06,-10.149999,1.6));
#14168 = CIRCLE('',#14169,0.25);
#14169 = AXIS2_PLACEMENT_3D('',#14170,#14171,#14172);
#14170 = CARTESIAN_POINT('',(-25.06,-9.899999,1.6));
#14171 = DIRECTION('',(-0.,0.,-1.));
#14172 = DIRECTION('',(-0.,-1.,0.));
#14173 = FACE_BOUND('',#14174,.T.);
#14174 = EDGE_LOOP('',(#14175));
#14175 = ORIENTED_EDGE('',*,*,#14176,.T.);
#14176 = EDGE_CURVE('',#14177,#14177,#14179,.T.);
#14177 = VERTEX_POINT('',#14178);
#14178 = CARTESIAN_POINT('',(-23.362944,-9.447055,1.6));
#14179 = CIRCLE('',#14180,0.25);
#14180 = AXIS2_PLACEMENT_3D('',#14181,#14182,#14183);
#14181 = CARTESIAN_POINT('',(-23.362944,-9.197055,1.6));
#14182 = DIRECTION('',(-0.,0.,-1.));
#14183 = DIRECTION('',(-0.,-1.,0.));
#14184 = FACE_BOUND('',#14185,.T.);
#14185 = EDGE_LOOP('',(#14186));
#14186 = ORIENTED_EDGE('',*,*,#14187,.T.);
#14187 = EDGE_CURVE('',#14188,#14188,#14190,.T.);
#14188 = VERTEX_POINT('',#14189);
#14189 = CARTESIAN_POINT('',(-25.06,-9.099999,1.6));
#14190 = CIRCLE('',#14191,1.6);
#14191 = AXIS2_PLACEMENT_3D('',#14192,#14193,#14194);
#14192 = CARTESIAN_POINT('',(-25.06,-7.499999,1.6));
#14193 = DIRECTION('',(-0.,0.,-1.));
#14194 = DIRECTION('',(2.22044604925E-15,-1.,-0.));
#14195 = FACE_BOUND('',#14196,.T.);
#14196 = EDGE_LOOP('',(#14197));
#14197 = ORIENTED_EDGE('',*,*,#14198,.T.);
#14198 = EDGE_CURVE('',#14199,#14199,#14201,.T.);
#14199 = VERTEX_POINT('',#14200);
#14200 = CARTESIAN_POINT('',(-22.66,-7.749999,1.6));
#14201 = CIRCLE('',#14202,0.25);
#14202 = AXIS2_PLACEMENT_3D('',#14203,#14204,#14205);
#14203 = CARTESIAN_POINT('',(-22.66,-7.499999,1.6));
#14204 = DIRECTION('',(-0.,0.,-1.));
#14205 = DIRECTION('',(-0.,-1.,0.));
#14206 = FACE_BOUND('',#14207,.T.);
#14207 = EDGE_LOOP('',(#14208));
#14208 = ORIENTED_EDGE('',*,*,#14209,.T.);
#14209 = EDGE_CURVE('',#14210,#14210,#14212,.T.);
#14210 = VERTEX_POINT('',#14211);
#14211 = CARTESIAN_POINT('',(-25.06,-5.349999,1.6));
#14212 = CIRCLE('',#14213,0.25);
#14213 = AXIS2_PLACEMENT_3D('',#14214,#14215,#14216);
#14214 = CARTESIAN_POINT('',(-25.06,-5.099999,1.6));
#14215 = DIRECTION('',(-0.,0.,-1.));
#14216 = DIRECTION('',(-0.,-1.,0.));
#14217 = FACE_BOUND('',#14218,.T.);
#14218 = EDGE_LOOP('',(#14219));
#14219 = ORIENTED_EDGE('',*,*,#14220,.T.);
#14220 = EDGE_CURVE('',#14221,#14221,#14223,.T.);
#14221 = VERTEX_POINT('',#14222);
#14222 = CARTESIAN_POINT('',(-23.362944,-6.052943,1.6));
#14223 = CIRCLE('',#14224,0.25);
#14224 = AXIS2_PLACEMENT_3D('',#14225,#14226,#14227);
#14225 = CARTESIAN_POINT('',(-23.362944,-5.802943,1.6));
#14226 = DIRECTION('',(-0.,0.,-1.));
#14227 = DIRECTION('',(-0.,-1.,0.));
#14228 = FACE_BOUND('',#14229,.T.);
#14229 = EDGE_LOOP('',(#14230));
#14230 = ORIENTED_EDGE('',*,*,#14231,.T.);
#14231 = EDGE_CURVE('',#14232,#14232,#14234,.T.);
#14232 = VERTEX_POINT('',#14233);
#14233 = CARTESIAN_POINT('',(-3.302944,-43.957055,1.6));
#14234 = CIRCLE('',#14235,0.25);
#14235 = AXIS2_PLACEMENT_3D('',#14236,#14237,#14238);
#14236 = CARTESIAN_POINT('',(-3.302944,-43.707055,1.6));
#14237 = DIRECTION('',(-0.,0.,-1.));
#14238 = DIRECTION('',(-0.,-1.,0.));
#14239 = FACE_BOUND('',#14240,.T.);
#14240 = EDGE_LOOP('',(#14241));
#14241 = ORIENTED_EDGE('',*,*,#14242,.T.);
#14242 = EDGE_CURVE('',#14243,#14243,#14245,.T.);
#14243 = VERTEX_POINT('',#14244);
#14244 = CARTESIAN_POINT('',(-2.6,-42.259999,1.6));
#14245 = CIRCLE('',#14246,0.25);
#14246 = AXIS2_PLACEMENT_3D('',#14247,#14248,#14249);
#14247 = CARTESIAN_POINT('',(-2.6,-42.009999,1.6));
#14248 = DIRECTION('',(-0.,0.,-1.));
#14249 = DIRECTION('',(-0.,-1.,0.));
#14250 = FACE_BOUND('',#14251,.T.);
#14251 = EDGE_LOOP('',(#14252));
#14252 = ORIENTED_EDGE('',*,*,#14253,.T.);
#14253 = EDGE_CURVE('',#14254,#14254,#14256,.T.);
#14254 = VERTEX_POINT('',#14255);
#14255 = CARTESIAN_POINT('',(-3.302944,-40.562943,1.6));
#14256 = CIRCLE('',#14257,0.25);
#14257 = AXIS2_PLACEMENT_3D('',#14258,#14259,#14260);
#14258 = CARTESIAN_POINT('',(-3.302944,-40.312943,1.6));
#14259 = DIRECTION('',(-0.,0.,-1.));
#14260 = DIRECTION('',(-0.,-1.,0.));
#14261 = FACE_BOUND('',#14262,.T.);
#14262 = EDGE_LOOP('',(#14263));
#14263 = ORIENTED_EDGE('',*,*,#14264,.T.);
#14264 = EDGE_CURVE('',#14265,#14265,#14267,.T.);
#14265 = VERTEX_POINT('',#14266);
#14266 = CARTESIAN_POINT('',(15.98,-34.788999,1.6));
#14267 = CIRCLE('',#14268,0.5);
#14268 = AXIS2_PLACEMENT_3D('',#14269,#14270,#14271);
#14269 = CARTESIAN_POINT('',(15.98,-34.288999,1.6));
#14270 = DIRECTION('',(-0.,0.,-1.));
#14271 = DIRECTION('',(-0.,-1.,0.));
#14272 = FACE_BOUND('',#14273,.T.);
#14273 = EDGE_LOOP('',(#14274));
#14274 = ORIENTED_EDGE('',*,*,#14275,.T.);
#14275 = EDGE_CURVE('',#14276,#14276,#14278,.T.);
#14276 = VERTEX_POINT('',#14277);
#14277 = CARTESIAN_POINT('',(15.98,-32.248999,1.6));
#14278 = CIRCLE('',#14279,0.5);
#14279 = AXIS2_PLACEMENT_3D('',#14280,#14281,#14282);
#14280 = CARTESIAN_POINT('',(15.98,-31.748999,1.6));
#14281 = DIRECTION('',(-0.,0.,-1.));
#14282 = DIRECTION('',(-0.,-1.,0.));
#14283 = FACE_BOUND('',#14284,.T.);
#14284 = EDGE_LOOP('',(#14285));
#14285 = ORIENTED_EDGE('',*,*,#14286,.T.);
#14286 = EDGE_CURVE('',#14287,#14287,#14289,.T.);
#14287 = VERTEX_POINT('',#14288);
#14288 = CARTESIAN_POINT('',(15.98,-29.708999,1.6));
#14289 = CIRCLE('',#14290,0.5);
#14290 = AXIS2_PLACEMENT_3D('',#14291,#14292,#14293);
#14291 = CARTESIAN_POINT('',(15.98,-29.208999,1.6));
#14292 = DIRECTION('',(-0.,0.,-1.));
#14293 = DIRECTION('',(-0.,-1.,0.));
#14294 = FACE_BOUND('',#14295,.T.);
#14295 = EDGE_LOOP('',(#14296));
#14296 = ORIENTED_EDGE('',*,*,#14297,.T.);
#14297 = EDGE_CURVE('',#14298,#14298,#14300,.T.);
#14298 = VERTEX_POINT('',#14299);
#14299 = CARTESIAN_POINT('',(15.98,-27.168999,1.6));
#14300 = CIRCLE('',#14301,0.5);
#14301 = AXIS2_PLACEMENT_3D('',#14302,#14303,#14304);
#14302 = CARTESIAN_POINT('',(15.98,-26.668999,1.6));
#14303 = DIRECTION('',(-0.,0.,-1.));
#14304 = DIRECTION('',(-0.,-1.,0.));
#14305 = FACE_BOUND('',#14306,.T.);
#14306 = EDGE_LOOP('',(#14307));
#14307 = ORIENTED_EDGE('',*,*,#14308,.T.);
#14308 = EDGE_CURVE('',#14309,#14309,#14311,.T.);
#14309 = VERTEX_POINT('',#14310);
#14310 = CARTESIAN_POINT('',(23.05,-32.649999,1.6));
#14311 = CIRCLE('',#14312,0.25);
#14312 = AXIS2_PLACEMENT_3D('',#14313,#14314,#14315);
#14313 = CARTESIAN_POINT('',(23.05,-32.399999,1.6));
#14314 = DIRECTION('',(-0.,0.,-1.));
#14315 = DIRECTION('',(-0.,-1.,0.));
#14316 = FACE_BOUND('',#14317,.T.);
#14317 = EDGE_LOOP('',(#14318));
#14318 = ORIENTED_EDGE('',*,*,#14319,.T.);
#14319 = EDGE_CURVE('',#14320,#14320,#14322,.T.);
#14320 = VERTEX_POINT('',#14321);
#14321 = CARTESIAN_POINT('',(20.65,-30.249999,1.6));
#14322 = CIRCLE('',#14323,0.25);
#14323 = AXIS2_PLACEMENT_3D('',#14324,#14325,#14326);
#14324 = CARTESIAN_POINT('',(20.65,-29.999999,1.6));
#14325 = DIRECTION('',(-0.,0.,-1.));
#14326 = DIRECTION('',(-0.,-1.,0.));
#14327 = FACE_BOUND('',#14328,.T.);
#14328 = EDGE_LOOP('',(#14329));
#14329 = ORIENTED_EDGE('',*,*,#14330,.T.);
#14330 = EDGE_CURVE('',#14331,#14331,#14333,.T.);
#14331 = VERTEX_POINT('',#14332);
#14332 = CARTESIAN_POINT('',(21.352944,-31.947055,1.6));
#14333 = CIRCLE('',#14334,0.25);
#14334 = AXIS2_PLACEMENT_3D('',#14335,#14336,#14337);
#14335 = CARTESIAN_POINT('',(21.352944,-31.697055,1.6));
#14336 = DIRECTION('',(-0.,0.,-1.));
#14337 = DIRECTION('',(-0.,-1.,0.));
#14338 = FACE_BOUND('',#14339,.T.);
#14339 = EDGE_LOOP('',(#14340));
#14340 = ORIENTED_EDGE('',*,*,#14341,.T.);
#14341 = EDGE_CURVE('',#14342,#14342,#14344,.T.);
#14342 = VERTEX_POINT('',#14343);
#14343 = CARTESIAN_POINT('',(23.05,-31.599999,1.6));
#14344 = CIRCLE('',#14345,1.6);
#14345 = AXIS2_PLACEMENT_3D('',#14346,#14347,#14348);
#14346 = CARTESIAN_POINT('',(23.05,-29.999999,1.6));
#14347 = DIRECTION('',(-0.,0.,-1.));
#14348 = DIRECTION('',(2.22044604925E-15,-1.,-0.));
#14349 = FACE_BOUND('',#14350,.T.);
#14350 = EDGE_LOOP('',(#14351));
#14351 = ORIENTED_EDGE('',*,*,#14352,.T.);
#14352 = EDGE_CURVE('',#14353,#14353,#14355,.T.);
#14353 = VERTEX_POINT('',#14354);
#14354 = CARTESIAN_POINT('',(21.352944,-28.552943,1.6));
#14355 = CIRCLE('',#14356,0.25);
#14356 = AXIS2_PLACEMENT_3D('',#14357,#14358,#14359);
#14357 = CARTESIAN_POINT('',(21.352944,-28.302943,1.6));
#14358 = DIRECTION('',(-0.,0.,-1.));
#14359 = DIRECTION('',(-0.,-1.,0.));
#14360 = FACE_BOUND('',#14361,.T.);
#14361 = EDGE_LOOP('',(#14362));
#14362 = ORIENTED_EDGE('',*,*,#14363,.T.);
#14363 = EDGE_CURVE('',#14364,#14364,#14366,.T.);
#14364 = VERTEX_POINT('',#14365);
#14365 = CARTESIAN_POINT('',(23.05,-27.849999,1.6));
#14366 = CIRCLE('',#14367,0.25);
#14367 = AXIS2_PLACEMENT_3D('',#14368,#14369,#14370);
#14368 = CARTESIAN_POINT('',(23.05,-27.599999,1.6));
#14369 = DIRECTION('',(-0.,0.,-1.));
#14370 = DIRECTION('',(-0.,-1.,0.));
#14371 = FACE_BOUND('',#14372,.T.);
#14372 = EDGE_LOOP('',(#14373));
#14373 = ORIENTED_EDGE('',*,*,#14374,.T.);
#14374 = EDGE_CURVE('',#14375,#14375,#14377,.T.);
#14375 = VERTEX_POINT('',#14376);
#14376 = CARTESIAN_POINT('',(24.747056,-31.947055,1.6));
#14377 = CIRCLE('',#14378,0.25);
#14378 = AXIS2_PLACEMENT_3D('',#14379,#14380,#14381);
#14379 = CARTESIAN_POINT('',(24.747056,-31.697055,1.6));
#14380 = DIRECTION('',(-0.,0.,-1.));
#14381 = DIRECTION('',(-0.,-1.,0.));
#14382 = FACE_BOUND('',#14383,.T.);
#14383 = EDGE_LOOP('',(#14384));
#14384 = ORIENTED_EDGE('',*,*,#14385,.T.);
#14385 = EDGE_CURVE('',#14386,#14386,#14388,.T.);
#14386 = VERTEX_POINT('',#14387);
#14387 = CARTESIAN_POINT('',(25.45,-30.249999,1.6));
#14388 = CIRCLE('',#14389,0.25);
#14389 = AXIS2_PLACEMENT_3D('',#14390,#14391,#14392);
#14390 = CARTESIAN_POINT('',(25.45,-29.999999,1.6));
#14391 = DIRECTION('',(-0.,0.,-1.));
#14392 = DIRECTION('',(-0.,-1.,0.));
#14393 = FACE_BOUND('',#14394,.T.);
#14394 = EDGE_LOOP('',(#14395));
#14395 = ORIENTED_EDGE('',*,*,#14396,.T.);
#14396 = EDGE_CURVE('',#14397,#14397,#14399,.T.);
#14397 = VERTEX_POINT('',#14398);
#14398 = CARTESIAN_POINT('',(24.747056,-28.552943,1.6));
#14399 = CIRCLE('',#14400,0.25);
#14400 = AXIS2_PLACEMENT_3D('',#14401,#14402,#14403);
#14401 = CARTESIAN_POINT('',(24.747056,-28.302943,1.6));
#14402 = DIRECTION('',(-0.,0.,-1.));
#14403 = DIRECTION('',(-0.,-1.,0.));
#14404 = FACE_BOUND('',#14405,.T.);
#14405 = EDGE_LOOP('',(#14406));
#14406 = ORIENTED_EDGE('',*,*,#14407,.T.);
#14407 = EDGE_CURVE('',#14408,#14408,#14410,.T.);
#14408 = VERTEX_POINT('',#14409);
#14409 = CARTESIAN_POINT('',(15.98,-24.628999,1.6));
#14410 = CIRCLE('',#14411,0.5);
#14411 = AXIS2_PLACEMENT_3D('',#14412,#14413,#14414);
#14412 = CARTESIAN_POINT('',(15.98,-24.128999,1.6));
#14413 = DIRECTION('',(-0.,0.,-1.));
#14414 = DIRECTION('',(-0.,-1.,0.));
#14415 = FACE_BOUND('',#14416,.T.);
#14416 = EDGE_LOOP('',(#14417));
#14417 = ORIENTED_EDGE('',*,*,#14418,.T.);
#14418 = EDGE_CURVE('',#14419,#14419,#14421,.T.);
#14419 = VERTEX_POINT('',#14420);
#14420 = CARTESIAN_POINT('',(15.98,-22.088999,1.6));
#14421 = CIRCLE('',#14422,0.5);
#14422 = AXIS2_PLACEMENT_3D('',#14423,#14424,#14425);
#14423 = CARTESIAN_POINT('',(15.98,-21.588999,1.6));
#14424 = DIRECTION('',(-0.,0.,-1.));
#14425 = DIRECTION('',(-0.,-1.,0.));
#14426 = FACE_BOUND('',#14427,.T.);
#14427 = EDGE_LOOP('',(#14428));
#14428 = ORIENTED_EDGE('',*,*,#14429,.T.);
#14429 = EDGE_CURVE('',#14430,#14430,#14432,.T.);
#14430 = VERTEX_POINT('',#14431);
#14431 = CARTESIAN_POINT('',(15.98,-19.548999,1.6));
#14432 = CIRCLE('',#14433,0.5);
#14433 = AXIS2_PLACEMENT_3D('',#14434,#14435,#14436);
#14434 = CARTESIAN_POINT('',(15.98,-19.048999,1.6));
#14435 = DIRECTION('',(-0.,0.,-1.));
#14436 = DIRECTION('',(-0.,-1.,0.));
#14437 = FACE_BOUND('',#14438,.T.);
#14438 = EDGE_LOOP('',(#14439));
#14439 = ORIENTED_EDGE('',*,*,#14440,.T.);
#14440 = EDGE_CURVE('',#14441,#14441,#14443,.T.);
#14441 = VERTEX_POINT('',#14442);
#14442 = CARTESIAN_POINT('',(15.98,-17.008999,1.6));
#14443 = CIRCLE('',#14444,0.5);
#14444 = AXIS2_PLACEMENT_3D('',#14445,#14446,#14447);
#14445 = CARTESIAN_POINT('',(15.98,-16.508999,1.6));
#14446 = DIRECTION('',(-0.,0.,-1.));
#14447 = DIRECTION('',(-0.,-1.,0.));
#14448 = FACE_BOUND('',#14449,.T.);
#14449 = EDGE_LOOP('',(#14450));
#14450 = ORIENTED_EDGE('',*,*,#14451,.T.);
#14451 = EDGE_CURVE('',#14452,#14452,#14454,.T.);
#14452 = VERTEX_POINT('',#14453);
#14453 = CARTESIAN_POINT('',(23.362944,-9.447055,1.6));
#14454 = CIRCLE('',#14455,0.25);
#14455 = AXIS2_PLACEMENT_3D('',#14456,#14457,#14458);
#14456 = CARTESIAN_POINT('',(23.362944,-9.197055,1.6));
#14457 = DIRECTION('',(-0.,0.,-1.));
#14458 = DIRECTION('',(-0.,-1.,0.));
#14459 = FACE_BOUND('',#14460,.T.);
#14460 = EDGE_LOOP('',(#14461));
#14461 = ORIENTED_EDGE('',*,*,#14462,.T.);
#14462 = EDGE_CURVE('',#14463,#14463,#14465,.T.);
#14463 = VERTEX_POINT('',#14464);
#14464 = CARTESIAN_POINT('',(22.66,-7.749999,1.6));
#14465 = CIRCLE('',#14466,0.25);
#14466 = AXIS2_PLACEMENT_3D('',#14467,#14468,#14469);
#14467 = CARTESIAN_POINT('',(22.66,-7.499999,1.6));
#14468 = DIRECTION('',(-0.,0.,-1.));
#14469 = DIRECTION('',(-0.,-1.,0.));
#14470 = FACE_BOUND('',#14471,.T.);
#14471 = EDGE_LOOP('',(#14472));
#14472 = ORIENTED_EDGE('',*,*,#14473,.T.);
#14473 = EDGE_CURVE('',#14474,#14474,#14476,.T.);
#14474 = VERTEX_POINT('',#14475);
#14475 = CARTESIAN_POINT('',(25.06,-10.149999,1.6));
#14476 = CIRCLE('',#14477,0.25);
#14477 = AXIS2_PLACEMENT_3D('',#14478,#14479,#14480);
#14478 = CARTESIAN_POINT('',(25.06,-9.899999,1.6));
#14479 = DIRECTION('',(-0.,0.,-1.));
#14480 = DIRECTION('',(-0.,-1.,0.));
#14481 = FACE_BOUND('',#14482,.T.);
#14482 = EDGE_LOOP('',(#14483));
#14483 = ORIENTED_EDGE('',*,*,#14484,.T.);
#14484 = EDGE_CURVE('',#14485,#14485,#14487,.T.);
#14485 = VERTEX_POINT('',#14486);
#14486 = CARTESIAN_POINT('',(25.06,-9.099999,1.6));
#14487 = CIRCLE('',#14488,1.6);
#14488 = AXIS2_PLACEMENT_3D('',#14489,#14490,#14491);
#14489 = CARTESIAN_POINT('',(25.06,-7.499999,1.6));
#14490 = DIRECTION('',(-0.,0.,-1.));
#14491 = DIRECTION('',(-2.22044604925E-15,-1.,0.));
#14492 = FACE_BOUND('',#14493,.T.);
#14493 = EDGE_LOOP('',(#14494));
#14494 = ORIENTED_EDGE('',*,*,#14495,.T.);
#14495 = EDGE_CURVE('',#14496,#14496,#14498,.T.);
#14496 = VERTEX_POINT('',#14497);
#14497 = CARTESIAN_POINT('',(26.757056,-9.447055,1.6));
#14498 = CIRCLE('',#14499,0.25);
#14499 = AXIS2_PLACEMENT_3D('',#14500,#14501,#14502);
#14500 = CARTESIAN_POINT('',(26.757056,-9.197055,1.6));
#14501 = DIRECTION('',(-0.,0.,-1.));
#14502 = DIRECTION('',(-0.,-1.,0.));
#14503 = FACE_BOUND('',#14504,.T.);
#14504 = EDGE_LOOP('',(#14505));
#14505 = ORIENTED_EDGE('',*,*,#14506,.T.);
#14506 = EDGE_CURVE('',#14507,#14507,#14509,.T.);
#14507 = VERTEX_POINT('',#14508);
#14508 = CARTESIAN_POINT('',(27.46,-7.749999,1.6));
#14509 = CIRCLE('',#14510,0.25);
#14510 = AXIS2_PLACEMENT_3D('',#14511,#14512,#14513);
#14511 = CARTESIAN_POINT('',(27.46,-7.499999,1.6));
#14512 = DIRECTION('',(-0.,0.,-1.));
#14513 = DIRECTION('',(-0.,-1.,0.));
#14514 = FACE_BOUND('',#14515,.T.);
#14515 = EDGE_LOOP('',(#14516));
#14516 = ORIENTED_EDGE('',*,*,#14517,.T.);
#14517 = EDGE_CURVE('',#14518,#14518,#14520,.T.);
#14518 = VERTEX_POINT('',#14519);
#14519 = CARTESIAN_POINT('',(23.362944,-6.052943,1.6));
#14520 = CIRCLE('',#14521,0.25);
#14521 = AXIS2_PLACEMENT_3D('',#14522,#14523,#14524);
#14522 = CARTESIAN_POINT('',(23.362944,-5.802943,1.6));
#14523 = DIRECTION('',(-0.,0.,-1.));
#14524 = DIRECTION('',(-0.,-1.,0.));
#14525 = FACE_BOUND('',#14526,.T.);
#14526 = EDGE_LOOP('',(#14527));
#14527 = ORIENTED_EDGE('',*,*,#14528,.T.);
#14528 = EDGE_CURVE('',#14529,#14529,#14531,.T.);
#14529 = VERTEX_POINT('',#14530);
#14530 = CARTESIAN_POINT('',(25.06,-5.349999,1.6));
#14531 = CIRCLE('',#14532,0.25);
#14532 = AXIS2_PLACEMENT_3D('',#14533,#14534,#14535);
#14533 = CARTESIAN_POINT('',(25.06,-5.099999,1.6));
#14534 = DIRECTION('',(-0.,0.,-1.));
#14535 = DIRECTION('',(-0.,-1.,0.));
#14536 = FACE_BOUND('',#14537,.T.);
#14537 = EDGE_LOOP('',(#14538));
#14538 = ORIENTED_EDGE('',*,*,#14539,.T.);
#14539 = EDGE_CURVE('',#14540,#14540,#14542,.T.);
#14540 = VERTEX_POINT('',#14541);
#14541 = CARTESIAN_POINT('',(26.757056,-6.052943,1.6));
#14542 = CIRCLE('',#14543,0.25);
#14543 = AXIS2_PLACEMENT_3D('',#14544,#14545,#14546);
#14544 = CARTESIAN_POINT('',(26.757056,-5.802943,1.6));
#14545 = DIRECTION('',(-0.,0.,-1.));
#14546 = DIRECTION('',(-0.,-1.,0.));
#14547 = FACE_BOUND('',#14548,.T.);
#14548 = EDGE_LOOP('',(#14549));
#14549 = ORIENTED_EDGE('',*,*,#14550,.T.);
#14550 = EDGE_CURVE('',#14551,#14551,#14553,.T.);
#14551 = VERTEX_POINT('',#14552);
#14552 = CARTESIAN_POINT('',(34.25,-6.849999,1.6));
#14553 = CIRCLE('',#14554,0.5);
#14554 = AXIS2_PLACEMENT_3D('',#14555,#14556,#14557);
#14555 = CARTESIAN_POINT('',(34.25,-6.349999,1.6));
#14556 = DIRECTION('',(-0.,0.,-1.));
#14557 = DIRECTION('',(-0.,-1.,0.));
#14558 = FACE_BOUND('',#14559,.T.);
#14559 = EDGE_LOOP('',(#14560));
#14560 = ORIENTED_EDGE('',*,*,#14561,.T.);
#14561 = EDGE_CURVE('',#14562,#14562,#14564,.T.);
#14562 = VERTEX_POINT('',#14563);
#14563 = CARTESIAN_POINT('',(34.25,-4.309999,1.6));
#14564 = CIRCLE('',#14565,0.5);
#14565 = AXIS2_PLACEMENT_3D('',#14566,#14567,#14568);
#14566 = CARTESIAN_POINT('',(34.25,-3.809999,1.6));
#14567 = DIRECTION('',(-0.,0.,-1.));
#14568 = DIRECTION('',(-0.,-1.,0.));
#14569 = FACE_BOUND('',#14570,.T.);
#14570 = EDGE_LOOP('',(#14571));
#14571 = ORIENTED_EDGE('',*,*,#14572,.T.);
#14572 = EDGE_CURVE('',#14573,#14573,#14575,.T.);
#14573 = VERTEX_POINT('',#14574);
#14574 = CARTESIAN_POINT('',(34.25,-1.769999,1.6));
#14575 = CIRCLE('',#14576,0.5);
#14576 = AXIS2_PLACEMENT_3D('',#14577,#14578,#14579);
#14577 = CARTESIAN_POINT('',(34.25,-1.269999,1.6));
#14578 = DIRECTION('',(-0.,0.,-1.));
#14579 = DIRECTION('',(-0.,-1.,0.));
#14580 = FACE_BOUND('',#14581,.T.);
#14581 = EDGE_LOOP('',(#14582));
#14582 = ORIENTED_EDGE('',*,*,#14583,.T.);
#14583 = EDGE_CURVE('',#14584,#14584,#14586,.T.);
#14584 = VERTEX_POINT('',#14585);
#14585 = CARTESIAN_POINT('',(-34.25,0.770001,1.6));
#14586 = CIRCLE('',#14587,0.5);
#14587 = AXIS2_PLACEMENT_3D('',#14588,#14589,#14590);
#14588 = CARTESIAN_POINT('',(-34.25,1.270001,1.6));
#14589 = DIRECTION('',(-0.,0.,-1.));
#14590 = DIRECTION('',(-0.,-1.,0.));
#14591 = FACE_BOUND('',#14592,.T.);
#14592 = EDGE_LOOP('',(#14593));
#14593 = ORIENTED_EDGE('',*,*,#14594,.T.);
#14594 = EDGE_CURVE('',#14595,#14595,#14597,.T.);
#14595 = VERTEX_POINT('',#14596);
#14596 = CARTESIAN_POINT('',(-34.25,3.310001,1.6));
#14597 = CIRCLE('',#14598,0.5);
#14598 = AXIS2_PLACEMENT_3D('',#14599,#14600,#14601);
#14599 = CARTESIAN_POINT('',(-34.25,3.810001,1.6));
#14600 = DIRECTION('',(-0.,0.,-1.));
#14601 = DIRECTION('',(-0.,-1.,0.));
#14602 = FACE_BOUND('',#14603,.T.);
#14603 = EDGE_LOOP('',(#14604));
#14604 = ORIENTED_EDGE('',*,*,#14605,.T.);
#14605 = EDGE_CURVE('',#14606,#14606,#14608,.T.);
#14606 = VERTEX_POINT('',#14607);
#14607 = CARTESIAN_POINT('',(-34.25,5.850001,1.6));
#14608 = CIRCLE('',#14609,0.5);
#14609 = AXIS2_PLACEMENT_3D('',#14610,#14611,#14612);
#14610 = CARTESIAN_POINT('',(-34.25,6.350001,1.6));
#14611 = DIRECTION('',(-0.,0.,-1.));
#14612 = DIRECTION('',(-0.,-1.,0.));
#14613 = FACE_BOUND('',#14614,.T.);
#14614 = EDGE_LOOP('',(#14615));
#14615 = ORIENTED_EDGE('',*,*,#14616,.T.);
#14616 = EDGE_CURVE('',#14617,#14617,#14619,.T.);
#14617 = VERTEX_POINT('',#14618);
#14618 = CARTESIAN_POINT('',(-26.757056,5.552945,1.6));
#14619 = CIRCLE('',#14620,0.25);
#14620 = AXIS2_PLACEMENT_3D('',#14621,#14622,#14623);
#14621 = CARTESIAN_POINT('',(-26.757056,5.802945,1.6));
#14622 = DIRECTION('',(-0.,0.,-1.));
#14623 = DIRECTION('',(-0.,-1.,0.));
#14624 = FACE_BOUND('',#14625,.T.);
#14625 = EDGE_LOOP('',(#14626));
#14626 = ORIENTED_EDGE('',*,*,#14627,.T.);
#14627 = EDGE_CURVE('',#14628,#14628,#14630,.T.);
#14628 = VERTEX_POINT('',#14629);
#14629 = CARTESIAN_POINT('',(-27.46,7.250001,1.6));
#14630 = CIRCLE('',#14631,0.25);
#14631 = AXIS2_PLACEMENT_3D('',#14632,#14633,#14634);
#14632 = CARTESIAN_POINT('',(-27.46,7.500001,1.6));
#14633 = DIRECTION('',(-0.,0.,-1.));
#14634 = DIRECTION('',(-0.,-1.,0.));
#14635 = FACE_BOUND('',#14636,.T.);
#14636 = EDGE_LOOP('',(#14637));
#14637 = ORIENTED_EDGE('',*,*,#14638,.T.);
#14638 = EDGE_CURVE('',#14639,#14639,#14641,.T.);
#14639 = VERTEX_POINT('',#14640);
#14640 = CARTESIAN_POINT('',(-26.757056,8.947057,1.6));
#14641 = CIRCLE('',#14642,0.25);
#14642 = AXIS2_PLACEMENT_3D('',#14643,#14644,#14645);
#14643 = CARTESIAN_POINT('',(-26.757056,9.197057,1.6));
#14644 = DIRECTION('',(-0.,0.,-1.));
#14645 = DIRECTION('',(-0.,-1.,0.));
#14646 = FACE_BOUND('',#14647,.T.);
#14647 = EDGE_LOOP('',(#14648));
#14648 = ORIENTED_EDGE('',*,*,#14649,.T.);
#14649 = EDGE_CURVE('',#14650,#14650,#14652,.T.);
#14650 = VERTEX_POINT('',#14651);
#14651 = CARTESIAN_POINT('',(-47.3015,13.1875,1.6));
#14652 = CIRCLE('',#14653,0.425);
#14653 = AXIS2_PLACEMENT_3D('',#14654,#14655,#14656);
#14654 = CARTESIAN_POINT('',(-47.3015,13.6125,1.6));
#14655 = DIRECTION('',(-0.,0.,-1.));
#14656 = DIRECTION('',(1.671865260612E-14,-1.,-0.));
#14657 = FACE_BOUND('',#14658,.T.);
#14658 = EDGE_LOOP('',(#14659));
#14659 = ORIENTED_EDGE('',*,*,#14660,.T.);
#14660 = EDGE_CURVE('',#14661,#14661,#14663,.T.);
#14661 = VERTEX_POINT('',#14662);
#14662 = CARTESIAN_POINT('',(-44.7615,13.1875,1.6));
#14663 = CIRCLE('',#14664,0.425);
#14664 = AXIS2_PLACEMENT_3D('',#14665,#14666,#14667);
#14665 = CARTESIAN_POINT('',(-44.7615,13.6125,1.6));
#14666 = DIRECTION('',(-0.,0.,-1.));
#14667 = DIRECTION('',(-0.,-1.,0.));
#14668 = FACE_BOUND('',#14669,.T.);
#14669 = EDGE_LOOP('',(#14670));
#14670 = ORIENTED_EDGE('',*,*,#14671,.T.);
#14671 = EDGE_CURVE('',#14672,#14672,#14674,.T.);
#14672 = VERTEX_POINT('',#14673);
#14673 = CARTESIAN_POINT('',(-42.2215,13.1875,1.6));
#14674 = CIRCLE('',#14675,0.425);
#14675 = AXIS2_PLACEMENT_3D('',#14676,#14677,#14678);
#14676 = CARTESIAN_POINT('',(-42.2215,13.6125,1.6));
#14677 = DIRECTION('',(-0.,0.,-1.));
#14678 = DIRECTION('',(1.671865260612E-14,-1.,-0.));
#14679 = FACE_BOUND('',#14680,.T.);
#14680 = EDGE_LOOP('',(#14681));
#14681 = ORIENTED_EDGE('',*,*,#14682,.T.);
#14682 = EDGE_CURVE('',#14683,#14683,#14685,.T.);
#14683 = VERTEX_POINT('',#14684);
#14684 = CARTESIAN_POINT('',(-39.6815,13.1875,1.6));
#14685 = CIRCLE('',#14686,0.425);
#14686 = AXIS2_PLACEMENT_3D('',#14687,#14688,#14689);
#14687 = CARTESIAN_POINT('',(-39.6815,13.6125,1.6));
#14688 = DIRECTION('',(-0.,0.,-1.));
#14689 = DIRECTION('',(-0.,-1.,0.));
#14690 = FACE_BOUND('',#14691,.T.);
#14691 = EDGE_LOOP('',(#14692));
#14692 = ORIENTED_EDGE('',*,*,#14693,.T.);
#14693 = EDGE_CURVE('',#14694,#14694,#14696,.T.);
#14694 = VERTEX_POINT('',#14695);
#14695 = CARTESIAN_POINT('',(-37.1415,13.1875,1.6));
#14696 = CIRCLE('',#14697,0.425);
#14697 = AXIS2_PLACEMENT_3D('',#14698,#14699,#14700);
#14698 = CARTESIAN_POINT('',(-37.1415,13.6125,1.6));
#14699 = DIRECTION('',(-0.,0.,-1.));
#14700 = DIRECTION('',(-0.,-1.,0.));
#14701 = FACE_BOUND('',#14702,.T.);
#14702 = EDGE_LOOP('',(#14703));
#14703 = ORIENTED_EDGE('',*,*,#14704,.T.);
#14704 = EDGE_CURVE('',#14705,#14705,#14707,.T.);
#14705 = VERTEX_POINT('',#14706);
#14706 = CARTESIAN_POINT('',(-34.6015,13.1875,1.6));
#14707 = CIRCLE('',#14708,0.425);
#14708 = AXIS2_PLACEMENT_3D('',#14709,#14710,#14711);
#14709 = CARTESIAN_POINT('',(-34.6015,13.6125,1.6));
#14710 = DIRECTION('',(-0.,0.,-1.));
#14711 = DIRECTION('',(-0.,-1.,0.));
#14712 = FACE_BOUND('',#14713,.T.);
#14713 = EDGE_LOOP('',(#14714));
#14714 = ORIENTED_EDGE('',*,*,#14715,.T.);
#14715 = EDGE_CURVE('',#14716,#14716,#14718,.T.);
#14716 = VERTEX_POINT('',#14717);
#14717 = CARTESIAN_POINT('',(-32.0615,13.1875,1.6));
#14718 = CIRCLE('',#14719,0.425);
#14719 = AXIS2_PLACEMENT_3D('',#14720,#14721,#14722);
#14720 = CARTESIAN_POINT('',(-32.0615,13.6125,1.6));
#14721 = DIRECTION('',(-0.,0.,-1.));
#14722 = DIRECTION('',(-0.,-1.,0.));
#14723 = FACE_BOUND('',#14724,.T.);
#14724 = EDGE_LOOP('',(#14725));
#14725 = ORIENTED_EDGE('',*,*,#14726,.T.);
#14726 = EDGE_CURVE('',#14727,#14727,#14729,.T.);
#14727 = VERTEX_POINT('',#14728);
#14728 = CARTESIAN_POINT('',(-25.06,4.850001,1.6));
#14729 = CIRCLE('',#14730,0.25);
#14730 = AXIS2_PLACEMENT_3D('',#14731,#14732,#14733);
#14731 = CARTESIAN_POINT('',(-25.06,5.100001,1.6));
#14732 = DIRECTION('',(-0.,0.,-1.));
#14733 = DIRECTION('',(-0.,-1.,0.));
#14734 = FACE_BOUND('',#14735,.T.);
#14735 = EDGE_LOOP('',(#14736));
#14736 = ORIENTED_EDGE('',*,*,#14737,.T.);
#14737 = EDGE_CURVE('',#14738,#14738,#14740,.T.);
#14738 = VERTEX_POINT('',#14739);
#14739 = CARTESIAN_POINT('',(-23.362944,5.552945,1.6));
#14740 = CIRCLE('',#14741,0.25);
#14741 = AXIS2_PLACEMENT_3D('',#14742,#14743,#14744);
#14742 = CARTESIAN_POINT('',(-23.362944,5.802945,1.6));
#14743 = DIRECTION('',(-0.,0.,-1.));
#14744 = DIRECTION('',(-0.,-1.,0.));
#14745 = FACE_BOUND('',#14746,.T.);
#14746 = EDGE_LOOP('',(#14747));
#14747 = ORIENTED_EDGE('',*,*,#14748,.T.);
#14748 = EDGE_CURVE('',#14749,#14749,#14751,.T.);
#14749 = VERTEX_POINT('',#14750);
#14750 = CARTESIAN_POINT('',(-25.06,5.900001,1.6));
#14751 = CIRCLE('',#14752,1.6);
#14752 = AXIS2_PLACEMENT_3D('',#14753,#14754,#14755);
#14753 = CARTESIAN_POINT('',(-25.06,7.500001,1.6));
#14754 = DIRECTION('',(-0.,0.,-1.));
#14755 = DIRECTION('',(2.22044604925E-15,-1.,-0.));
#14756 = FACE_BOUND('',#14757,.T.);
#14757 = EDGE_LOOP('',(#14758));
#14758 = ORIENTED_EDGE('',*,*,#14759,.T.);
#14759 = EDGE_CURVE('',#14760,#14760,#14762,.T.);
#14760 = VERTEX_POINT('',#14761);
#14761 = CARTESIAN_POINT('',(-23.362944,8.947057,1.6));
#14762 = CIRCLE('',#14763,0.25);
#14763 = AXIS2_PLACEMENT_3D('',#14764,#14765,#14766);
#14764 = CARTESIAN_POINT('',(-23.362944,9.197057,1.6));
#14765 = DIRECTION('',(-0.,0.,-1.));
#14766 = DIRECTION('',(-0.,-1.,0.));
#14767 = FACE_BOUND('',#14768,.T.);
#14768 = EDGE_LOOP('',(#14769));
#14769 = ORIENTED_EDGE('',*,*,#14770,.T.);
#14770 = EDGE_CURVE('',#14771,#14771,#14773,.T.);
#14771 = VERTEX_POINT('',#14772);
#14772 = CARTESIAN_POINT('',(-22.66,7.250001,1.6));
#14773 = CIRCLE('',#14774,0.25);
#14774 = AXIS2_PLACEMENT_3D('',#14775,#14776,#14777);
#14775 = CARTESIAN_POINT('',(-22.66,7.500001,1.6));
#14776 = DIRECTION('',(-0.,0.,-1.));
#14777 = DIRECTION('',(-0.,-1.,0.));
#14778 = FACE_BOUND('',#14779,.T.);
#14779 = EDGE_LOOP('',(#14780));
#14780 = ORIENTED_EDGE('',*,*,#14781,.T.);
#14781 = EDGE_CURVE('',#14782,#14782,#14784,.T.);
#14782 = VERTEX_POINT('',#14783);
#14783 = CARTESIAN_POINT('',(-25.06,9.650001,1.6));
#14784 = CIRCLE('',#14785,0.25);
#14785 = AXIS2_PLACEMENT_3D('',#14786,#14787,#14788);
#14786 = CARTESIAN_POINT('',(-25.06,9.900001,1.6));
#14787 = DIRECTION('',(-0.,0.,-1.));
#14788 = DIRECTION('',(-0.,-1.,0.));
#14789 = FACE_BOUND('',#14790,.T.);
#14790 = EDGE_LOOP('',(#14791));
#14791 = ORIENTED_EDGE('',*,*,#14792,.T.);
#14792 = EDGE_CURVE('',#14793,#14793,#14795,.T.);
#14793 = VERTEX_POINT('',#14794);
#14794 = CARTESIAN_POINT('',(-14.478,3.239001,1.6));
#14795 = CIRCLE('',#14796,1.85);
#14796 = AXIS2_PLACEMENT_3D('',#14797,#14798,#14799);
#14797 = CARTESIAN_POINT('',(-14.478,5.089001,1.6));
#14798 = DIRECTION('',(-0.,0.,-1.));
#14799 = DIRECTION('',(-0.,-1.,0.));
#14800 = FACE_BOUND('',#14801,.T.);
#14801 = EDGE_LOOP('',(#14802));
#14802 = ORIENTED_EDGE('',*,*,#14803,.T.);
#14803 = EDGE_CURVE('',#14804,#14804,#14806,.T.);
#14804 = VERTEX_POINT('',#14805);
#14805 = CARTESIAN_POINT('',(-10.1722,11.168401,1.6));
#14806 = CIRCLE('',#14807,1.25);
#14807 = AXIS2_PLACEMENT_3D('',#14808,#14809,#14810);
#14808 = CARTESIAN_POINT('',(-10.1722,12.418401,1.6));
#14809 = DIRECTION('',(-0.,0.,-1.));
#14810 = DIRECTION('',(-0.,-1.,0.));
#14811 = FACE_BOUND('',#14812,.T.);
#14812 = EDGE_LOOP('',(#14813));
#14813 = ORIENTED_EDGE('',*,*,#14814,.T.);
#14814 = EDGE_CURVE('',#14815,#14815,#14817,.T.);
#14815 = VERTEX_POINT('',#14816);
#14816 = CARTESIAN_POINT('',(-6.3622,11.918401,1.6));
#14817 = CIRCLE('',#14818,0.5);
#14818 = AXIS2_PLACEMENT_3D('',#14819,#14820,#14821);
#14819 = CARTESIAN_POINT('',(-6.3622,12.418401,1.6));
#14820 = DIRECTION('',(-0.,0.,-1.));
#14821 = DIRECTION('',(-0.,-1.,0.));
#14822 = FACE_BOUND('',#14823,.T.);
#14823 = EDGE_LOOP('',(#14824));
#14824 = ORIENTED_EDGE('',*,*,#14825,.T.);
#14825 = EDGE_CURVE('',#14826,#14826,#14828,.T.);
#14826 = VERTEX_POINT('',#14827);
#14827 = CARTESIAN_POINT('',(-3.8222,11.918401,1.6));
#14828 = CIRCLE('',#14829,0.5);
#14829 = AXIS2_PLACEMENT_3D('',#14830,#14831,#14832);
#14830 = CARTESIAN_POINT('',(-3.8222,12.418401,1.6));
#14831 = DIRECTION('',(-0.,0.,-1.));
#14832 = DIRECTION('',(-8.881784197001E-16,-1.,0.));
#14833 = FACE_BOUND('',#14834,.T.);
#14834 = EDGE_LOOP('',(#14835));
#14835 = ORIENTED_EDGE('',*,*,#14836,.T.);
#14836 = EDGE_CURVE('',#14837,#14837,#14839,.T.);
#14837 = VERTEX_POINT('',#14838);
#14838 = CARTESIAN_POINT('',(-47.3015,28.4275,1.6));
#14839 = CIRCLE('',#14840,0.425);
#14840 = AXIS2_PLACEMENT_3D('',#14841,#14842,#14843);
#14841 = CARTESIAN_POINT('',(-47.3015,28.8525,1.6));
#14842 = DIRECTION('',(-0.,0.,-1.));
#14843 = DIRECTION('',(1.671865260612E-14,-1.,-0.));
#14844 = FACE_BOUND('',#14845,.T.);
#14845 = EDGE_LOOP('',(#14846));
#14846 = ORIENTED_EDGE('',*,*,#14847,.T.);
#14847 = EDGE_CURVE('',#14848,#14848,#14850,.T.);
#14848 = VERTEX_POINT('',#14849);
#14849 = CARTESIAN_POINT('',(-44.7615,28.4275,1.6));
#14850 = CIRCLE('',#14851,0.425);
#14851 = AXIS2_PLACEMENT_3D('',#14852,#14853,#14854);
#14852 = CARTESIAN_POINT('',(-44.7615,28.8525,1.6));
#14853 = DIRECTION('',(-0.,0.,-1.));
#14854 = DIRECTION('',(-0.,-1.,0.));
#14855 = FACE_BOUND('',#14856,.T.);
#14856 = EDGE_LOOP('',(#14857));
#14857 = ORIENTED_EDGE('',*,*,#14858,.T.);
#14858 = EDGE_CURVE('',#14859,#14859,#14861,.T.);
#14859 = VERTEX_POINT('',#14860);
#14860 = CARTESIAN_POINT('',(-42.2215,28.4275,1.6));
#14861 = CIRCLE('',#14862,0.425);
#14862 = AXIS2_PLACEMENT_3D('',#14863,#14864,#14865);
#14863 = CARTESIAN_POINT('',(-42.2215,28.8525,1.6));
#14864 = DIRECTION('',(-0.,0.,-1.));
#14865 = DIRECTION('',(1.671865260612E-14,-1.,-0.));
#14866 = FACE_BOUND('',#14867,.T.);
#14867 = EDGE_LOOP('',(#14868));
#14868 = ORIENTED_EDGE('',*,*,#14869,.T.);
#14869 = EDGE_CURVE('',#14870,#14870,#14872,.T.);
#14870 = VERTEX_POINT('',#14871);
#14871 = CARTESIAN_POINT('',(-39.6815,28.4275,1.6));
#14872 = CIRCLE('',#14873,0.425);
#14873 = AXIS2_PLACEMENT_3D('',#14874,#14875,#14876);
#14874 = CARTESIAN_POINT('',(-39.6815,28.8525,1.6));
#14875 = DIRECTION('',(-0.,0.,-1.));
#14876 = DIRECTION('',(-0.,-1.,0.));
#14877 = FACE_BOUND('',#14878,.T.);
#14878 = EDGE_LOOP('',(#14879));
#14879 = ORIENTED_EDGE('',*,*,#14880,.T.);
#14880 = EDGE_CURVE('',#14881,#14881,#14883,.T.);
#14881 = VERTEX_POINT('',#14882);
#14882 = CARTESIAN_POINT('',(-37.1415,28.4275,1.6));
#14883 = CIRCLE('',#14884,0.425);
#14884 = AXIS2_PLACEMENT_3D('',#14885,#14886,#14887);
#14885 = CARTESIAN_POINT('',(-37.1415,28.8525,1.6));
#14886 = DIRECTION('',(-0.,0.,-1.));
#14887 = DIRECTION('',(-0.,-1.,0.));
#14888 = FACE_BOUND('',#14889,.T.);
#14889 = EDGE_LOOP('',(#14890));
#14890 = ORIENTED_EDGE('',*,*,#14891,.T.);
#14891 = EDGE_CURVE('',#14892,#14892,#14894,.T.);
#14892 = VERTEX_POINT('',#14893);
#14893 = CARTESIAN_POINT('',(-34.6015,28.4275,1.6));
#14894 = CIRCLE('',#14895,0.425);
#14895 = AXIS2_PLACEMENT_3D('',#14896,#14897,#14898);
#14896 = CARTESIAN_POINT('',(-34.6015,28.8525,1.6));
#14897 = DIRECTION('',(-0.,0.,-1.));
#14898 = DIRECTION('',(-0.,-1.,0.));
#14899 = FACE_BOUND('',#14900,.T.);
#14900 = EDGE_LOOP('',(#14901));
#14901 = ORIENTED_EDGE('',*,*,#14902,.T.);
#14902 = EDGE_CURVE('',#14903,#14903,#14905,.T.);
#14903 = VERTEX_POINT('',#14904);
#14904 = CARTESIAN_POINT('',(-32.0615,28.4275,1.6));
#14905 = CIRCLE('',#14906,0.425);
#14906 = AXIS2_PLACEMENT_3D('',#14907,#14908,#14909);
#14907 = CARTESIAN_POINT('',(-32.0615,28.8525,1.6));
#14908 = DIRECTION('',(-0.,0.,-1.));
#14909 = DIRECTION('',(-0.,-1.,0.));
#14910 = FACE_BOUND('',#14911,.T.);
#14911 = EDGE_LOOP('',(#14912));
#14912 = ORIENTED_EDGE('',*,*,#14913,.T.);
#14913 = EDGE_CURVE('',#14914,#14914,#14916,.T.);
#14914 = VERTEX_POINT('',#14915);
#14915 = CARTESIAN_POINT('',(-24.747056,28.052945,1.6));
#14916 = CIRCLE('',#14917,0.25);
#14917 = AXIS2_PLACEMENT_3D('',#14918,#14919,#14920);
#14918 = CARTESIAN_POINT('',(-24.747056,28.302945,1.6));
#14919 = DIRECTION('',(-0.,0.,-1.));
#14920 = DIRECTION('',(-0.,-1.,0.));
#14921 = FACE_BOUND('',#14922,.T.);
#14922 = EDGE_LOOP('',(#14923));
#14923 = ORIENTED_EDGE('',*,*,#14924,.T.);
#14924 = EDGE_CURVE('',#14925,#14925,#14927,.T.);
#14925 = VERTEX_POINT('',#14926);
#14926 = CARTESIAN_POINT('',(-23.05,27.350001,1.6));
#14927 = CIRCLE('',#14928,0.25);
#14928 = AXIS2_PLACEMENT_3D('',#14929,#14930,#14931);
#14929 = CARTESIAN_POINT('',(-23.05,27.600001,1.6));
#14930 = DIRECTION('',(-0.,0.,-1.));
#14931 = DIRECTION('',(-0.,-1.,0.));
#14932 = FACE_BOUND('',#14933,.T.);
#14933 = EDGE_LOOP('',(#14934));
#14934 = ORIENTED_EDGE('',*,*,#14935,.T.);
#14935 = EDGE_CURVE('',#14936,#14936,#14938,.T.);
#14936 = VERTEX_POINT('',#14937);
#14937 = CARTESIAN_POINT('',(-21.352944,28.052945,1.6));
#14938 = CIRCLE('',#14939,0.25);
#14939 = AXIS2_PLACEMENT_3D('',#14940,#14941,#14942);
#14940 = CARTESIAN_POINT('',(-21.352944,28.302945,1.6));
#14941 = DIRECTION('',(-0.,0.,-1.));
#14942 = DIRECTION('',(-0.,-1.,0.));
#14943 = FACE_BOUND('',#14944,.T.);
#14944 = EDGE_LOOP('',(#14945));
#14945 = ORIENTED_EDGE('',*,*,#14946,.T.);
#14946 = EDGE_CURVE('',#14947,#14947,#14949,.T.);
#14947 = VERTEX_POINT('',#14948);
#14948 = CARTESIAN_POINT('',(-25.45,29.750001,1.6));
#14949 = CIRCLE('',#14950,0.25);
#14950 = AXIS2_PLACEMENT_3D('',#14951,#14952,#14953);
#14951 = CARTESIAN_POINT('',(-25.45,30.000001,1.6));
#14952 = DIRECTION('',(-0.,0.,-1.));
#14953 = DIRECTION('',(-0.,-1.,0.));
#14954 = FACE_BOUND('',#14955,.T.);
#14955 = EDGE_LOOP('',(#14956));
#14956 = ORIENTED_EDGE('',*,*,#14957,.T.);
#14957 = EDGE_CURVE('',#14958,#14958,#14960,.T.);
#14958 = VERTEX_POINT('',#14959);
#14959 = CARTESIAN_POINT('',(-23.05,28.400001,1.6));
#14960 = CIRCLE('',#14961,1.6);
#14961 = AXIS2_PLACEMENT_3D('',#14962,#14963,#14964);
#14962 = CARTESIAN_POINT('',(-23.05,30.000001,1.6));
#14963 = DIRECTION('',(-0.,0.,-1.));
#14964 = DIRECTION('',(-2.22044604925E-15,-1.,0.));
#14965 = FACE_BOUND('',#14966,.T.);
#14966 = EDGE_LOOP('',(#14967));
#14967 = ORIENTED_EDGE('',*,*,#14968,.T.);
#14968 = EDGE_CURVE('',#14969,#14969,#14971,.T.);
#14969 = VERTEX_POINT('',#14970);
#14970 = CARTESIAN_POINT('',(-24.747056,31.447057,1.6));
#14971 = CIRCLE('',#14972,0.25);
#14972 = AXIS2_PLACEMENT_3D('',#14973,#14974,#14975);
#14973 = CARTESIAN_POINT('',(-24.747056,31.697057,1.6));
#14974 = DIRECTION('',(-0.,0.,-1.));
#14975 = DIRECTION('',(-0.,-1.,0.));
#14976 = FACE_BOUND('',#14977,.T.);
#14977 = EDGE_LOOP('',(#14978));
#14978 = ORIENTED_EDGE('',*,*,#14979,.T.);
#14979 = EDGE_CURVE('',#14980,#14980,#14982,.T.);
#14980 = VERTEX_POINT('',#14981);
#14981 = CARTESIAN_POINT('',(-20.65,29.750001,1.6));
#14982 = CIRCLE('',#14983,0.25);
#14983 = AXIS2_PLACEMENT_3D('',#14984,#14985,#14986);
#14984 = CARTESIAN_POINT('',(-20.65,30.000001,1.6));
#14985 = DIRECTION('',(-0.,0.,-1.));
#14986 = DIRECTION('',(-0.,-1.,0.));
#14987 = FACE_BOUND('',#14988,.T.);
#14988 = EDGE_LOOP('',(#14989));
#14989 = ORIENTED_EDGE('',*,*,#14990,.T.);
#14990 = EDGE_CURVE('',#14991,#14991,#14993,.T.);
#14991 = VERTEX_POINT('',#14992);
#14992 = CARTESIAN_POINT('',(-21.352944,31.447057,1.6));
#14993 = CIRCLE('',#14994,0.25);
#14994 = AXIS2_PLACEMENT_3D('',#14995,#14996,#14997);
#14995 = CARTESIAN_POINT('',(-21.352944,31.697057,1.6));
#14996 = DIRECTION('',(-0.,0.,-1.));
#14997 = DIRECTION('',(-0.,-1.,0.));
#14998 = FACE_BOUND('',#14999,.T.);
#14999 = EDGE_LOOP('',(#15000));
#15000 = ORIENTED_EDGE('',*,*,#15001,.T.);
#15001 = EDGE_CURVE('',#15002,#15002,#15004,.T.);
#15002 = VERTEX_POINT('',#15003);
#15003 = CARTESIAN_POINT('',(-23.05,32.150001,1.6));
#15004 = CIRCLE('',#15005,0.25);
#15005 = AXIS2_PLACEMENT_3D('',#15006,#15007,#15008);
#15006 = CARTESIAN_POINT('',(-23.05,32.400001,1.6));
#15007 = DIRECTION('',(-0.,0.,-1.));
#15008 = DIRECTION('',(-0.,-1.,0.));
#15009 = FACE_BOUND('',#15010,.T.);
#15010 = EDGE_LOOP('',(#15011));
#15011 = ORIENTED_EDGE('',*,*,#15012,.T.);
#15012 = EDGE_CURVE('',#15013,#15013,#15015,.T.);
#15013 = VERTEX_POINT('',#15014);
#15014 = CARTESIAN_POINT('',(-10.1722,28.948401,1.6));
#15015 = CIRCLE('',#15016,1.25);
#15016 = AXIS2_PLACEMENT_3D('',#15017,#15018,#15019);
#15017 = CARTESIAN_POINT('',(-10.1722,30.198401,1.6));
#15018 = DIRECTION('',(-0.,0.,-1.));
#15019 = DIRECTION('',(-0.,-1.,0.));
#15020 = FACE_BOUND('',#15021,.T.);
#15021 = EDGE_LOOP('',(#15022));
#15022 = ORIENTED_EDGE('',*,*,#15023,.T.);
#15023 = EDGE_CURVE('',#15024,#15024,#15026,.T.);
#15024 = VERTEX_POINT('',#15025);
#15025 = CARTESIAN_POINT('',(-6.3622,29.698401,1.6));
#15026 = CIRCLE('',#15027,0.5);
#15027 = AXIS2_PLACEMENT_3D('',#15028,#15029,#15030);
#15028 = CARTESIAN_POINT('',(-6.3622,30.198401,1.6));
#15029 = DIRECTION('',(-0.,0.,-1.));
#15030 = DIRECTION('',(-0.,-1.,0.));
#15031 = FACE_BOUND('',#15032,.T.);
#15032 = EDGE_LOOP('',(#15033));
#15033 = ORIENTED_EDGE('',*,*,#15034,.T.);
#15034 = EDGE_CURVE('',#15035,#15035,#15037,.T.);
#15035 = VERTEX_POINT('',#15036);
#15036 = CARTESIAN_POINT('',(-3.8222,29.698401,1.6));
#15037 = CIRCLE('',#15038,0.5);
#15038 = AXIS2_PLACEMENT_3D('',#15039,#15040,#15041);
#15039 = CARTESIAN_POINT('',(-3.8222,30.198401,1.6));
#15040 = DIRECTION('',(-0.,0.,-1.));
#15041 = DIRECTION('',(-8.881784197001E-16,-1.,0.));
#15042 = FACE_BOUND('',#15043,.T.);
#15043 = EDGE_LOOP('',(#15044));
#15044 = ORIENTED_EDGE('',*,*,#15045,.T.);
#15045 = EDGE_CURVE('',#15046,#15046,#15048,.T.);
#15046 = VERTEX_POINT('',#15047);
#15047 = CARTESIAN_POINT('',(-1.2822,11.918401,1.6));
#15048 = CIRCLE('',#15049,0.5);
#15049 = AXIS2_PLACEMENT_3D('',#15050,#15051,#15052);
#15050 = CARTESIAN_POINT('',(-1.2822,12.418401,1.6));
#15051 = DIRECTION('',(-0.,0.,-1.));
#15052 = DIRECTION('',(-0.,-1.,0.));
#15053 = FACE_BOUND('',#15054,.T.);
#15054 = EDGE_LOOP('',(#15055));
#15055 = ORIENTED_EDGE('',*,*,#15056,.T.);
#15056 = EDGE_CURVE('',#15057,#15057,#15059,.T.);
#15057 = VERTEX_POINT('',#15058);
#15058 = CARTESIAN_POINT('',(1.2578,11.918401,1.6));
#15059 = CIRCLE('',#15060,0.5);
#15060 = AXIS2_PLACEMENT_3D('',#15061,#15062,#15063);
#15061 = CARTESIAN_POINT('',(1.2578,12.418401,1.6));
#15062 = DIRECTION('',(-0.,0.,-1.));
#15063 = DIRECTION('',(-0.,-1.,0.));
#15064 = FACE_BOUND('',#15065,.T.);
#15065 = EDGE_LOOP('',(#15066));
#15066 = ORIENTED_EDGE('',*,*,#15067,.T.);
#15067 = EDGE_CURVE('',#15068,#15068,#15070,.T.);
#15068 = VERTEX_POINT('',#15069);
#15069 = CARTESIAN_POINT('',(3.7978,11.918401,1.6));
#15070 = CIRCLE('',#15071,0.5);
#15071 = AXIS2_PLACEMENT_3D('',#15072,#15073,#15074);
#15072 = CARTESIAN_POINT('',(3.7978,12.418401,1.6));
#15073 = DIRECTION('',(-0.,0.,-1.));
#15074 = DIRECTION('',(8.881784197001E-16,-1.,-0.));
#15075 = FACE_BOUND('',#15076,.T.);
#15076 = EDGE_LOOP('',(#15077));
#15077 = ORIENTED_EDGE('',*,*,#15078,.T.);
#15078 = EDGE_CURVE('',#15079,#15079,#15081,.T.);
#15079 = VERTEX_POINT('',#15080);
#15080 = CARTESIAN_POINT('',(6.3378,11.918401,1.6));
#15081 = CIRCLE('',#15082,0.5);
#15082 = AXIS2_PLACEMENT_3D('',#15083,#15084,#15085);
#15083 = CARTESIAN_POINT('',(6.3378,12.418401,1.6));
#15084 = DIRECTION('',(-0.,0.,-1.));
#15085 = DIRECTION('',(-0.,-1.,0.));
#15086 = FACE_BOUND('',#15087,.T.);
#15087 = EDGE_LOOP('',(#15088));
#15088 = ORIENTED_EDGE('',*,*,#15089,.T.);
#15089 = EDGE_CURVE('',#15090,#15090,#15092,.T.);
#15090 = VERTEX_POINT('',#15091);
#15091 = CARTESIAN_POINT('',(14.478,3.239001,1.6));
#15092 = CIRCLE('',#15093,1.85);
#15093 = AXIS2_PLACEMENT_3D('',#15094,#15095,#15096);
#15094 = CARTESIAN_POINT('',(14.478,5.089001,1.6));
#15095 = DIRECTION('',(-0.,0.,-1.));
#15096 = DIRECTION('',(-0.,-1.,0.));
#15097 = FACE_BOUND('',#15098,.T.);
#15098 = EDGE_LOOP('',(#15099));
#15099 = ORIENTED_EDGE('',*,*,#15100,.T.);
#15100 = EDGE_CURVE('',#15101,#15101,#15103,.T.);
#15101 = VERTEX_POINT('',#15102);
#15102 = CARTESIAN_POINT('',(10.1478,11.168401,1.6));
#15103 = CIRCLE('',#15104,1.25);
#15104 = AXIS2_PLACEMENT_3D('',#15105,#15106,#15107);
#15105 = CARTESIAN_POINT('',(10.1478,12.418401,1.6));
#15106 = DIRECTION('',(-0.,0.,-1.));
#15107 = DIRECTION('',(-0.,-1.,0.));
#15108 = FACE_BOUND('',#15109,.T.);
#15109 = EDGE_LOOP('',(#15110));
#15110 = ORIENTED_EDGE('',*,*,#15111,.T.);
#15111 = EDGE_CURVE('',#15112,#15112,#15114,.T.);
#15112 = VERTEX_POINT('',#15113);
#15113 = CARTESIAN_POINT('',(23.362944,5.552945,1.6));
#15114 = CIRCLE('',#15115,0.25);
#15115 = AXIS2_PLACEMENT_3D('',#15116,#15117,#15118);
#15116 = CARTESIAN_POINT('',(23.362944,5.802945,1.6));
#15117 = DIRECTION('',(-0.,0.,-1.));
#15118 = DIRECTION('',(-0.,-1.,0.));
#15119 = FACE_BOUND('',#15120,.T.);
#15120 = EDGE_LOOP('',(#15121));
#15121 = ORIENTED_EDGE('',*,*,#15122,.T.);
#15122 = EDGE_CURVE('',#15123,#15123,#15125,.T.);
#15123 = VERTEX_POINT('',#15124);
#15124 = CARTESIAN_POINT('',(25.06,4.850001,1.6));
#15125 = CIRCLE('',#15126,0.25);
#15126 = AXIS2_PLACEMENT_3D('',#15127,#15128,#15129);
#15127 = CARTESIAN_POINT('',(25.06,5.100001,1.6));
#15128 = DIRECTION('',(-0.,0.,-1.));
#15129 = DIRECTION('',(-0.,-1.,0.));
#15130 = FACE_BOUND('',#15131,.T.);
#15131 = EDGE_LOOP('',(#15132));
#15132 = ORIENTED_EDGE('',*,*,#15133,.T.);
#15133 = EDGE_CURVE('',#15134,#15134,#15136,.T.);
#15134 = VERTEX_POINT('',#15135);
#15135 = CARTESIAN_POINT('',(26.757056,5.552945,1.6));
#15136 = CIRCLE('',#15137,0.25);
#15137 = AXIS2_PLACEMENT_3D('',#15138,#15139,#15140);
#15138 = CARTESIAN_POINT('',(26.757056,5.802945,1.6));
#15139 = DIRECTION('',(-0.,0.,-1.));
#15140 = DIRECTION('',(-0.,-1.,0.));
#15141 = FACE_BOUND('',#15142,.T.);
#15142 = EDGE_LOOP('',(#15143));
#15143 = ORIENTED_EDGE('',*,*,#15144,.T.);
#15144 = EDGE_CURVE('',#15145,#15145,#15147,.T.);
#15145 = VERTEX_POINT('',#15146);
#15146 = CARTESIAN_POINT('',(22.66,7.250001,1.6));
#15147 = CIRCLE('',#15148,0.25);
#15148 = AXIS2_PLACEMENT_3D('',#15149,#15150,#15151);
#15149 = CARTESIAN_POINT('',(22.66,7.500001,1.6));
#15150 = DIRECTION('',(-0.,0.,-1.));
#15151 = DIRECTION('',(-0.,-1.,0.));
#15152 = FACE_BOUND('',#15153,.T.);
#15153 = EDGE_LOOP('',(#15154));
#15154 = ORIENTED_EDGE('',*,*,#15155,.T.);
#15155 = EDGE_CURVE('',#15156,#15156,#15158,.T.);
#15156 = VERTEX_POINT('',#15157);
#15157 = CARTESIAN_POINT('',(23.362944,8.947057,1.6));
#15158 = CIRCLE('',#15159,0.25);
#15159 = AXIS2_PLACEMENT_3D('',#15160,#15161,#15162);
#15160 = CARTESIAN_POINT('',(23.362944,9.197057,1.6));
#15161 = DIRECTION('',(-0.,0.,-1.));
#15162 = DIRECTION('',(-0.,-1.,0.));
#15163 = FACE_BOUND('',#15164,.T.);
#15164 = EDGE_LOOP('',(#15165));
#15165 = ORIENTED_EDGE('',*,*,#15166,.T.);
#15166 = EDGE_CURVE('',#15167,#15167,#15169,.T.);
#15167 = VERTEX_POINT('',#15168);
#15168 = CARTESIAN_POINT('',(25.06,5.900001,1.6));
#15169 = CIRCLE('',#15170,1.6);
#15170 = AXIS2_PLACEMENT_3D('',#15171,#15172,#15173);
#15171 = CARTESIAN_POINT('',(25.06,7.500001,1.6));
#15172 = DIRECTION('',(-0.,0.,-1.));
#15173 = DIRECTION('',(-2.22044604925E-15,-1.,0.));
#15174 = FACE_BOUND('',#15175,.T.);
#15175 = EDGE_LOOP('',(#15176));
#15176 = ORIENTED_EDGE('',*,*,#15177,.T.);
#15177 = EDGE_CURVE('',#15178,#15178,#15180,.T.);
#15178 = VERTEX_POINT('',#15179);
#15179 = CARTESIAN_POINT('',(27.46,7.250001,1.6));
#15180 = CIRCLE('',#15181,0.25);
#15181 = AXIS2_PLACEMENT_3D('',#15182,#15183,#15184);
#15182 = CARTESIAN_POINT('',(27.46,7.500001,1.6));
#15183 = DIRECTION('',(-0.,0.,-1.));
#15184 = DIRECTION('',(-0.,-1.,0.));
#15185 = FACE_BOUND('',#15186,.T.);
#15186 = EDGE_LOOP('',(#15187));
#15187 = ORIENTED_EDGE('',*,*,#15188,.T.);
#15188 = EDGE_CURVE('',#15189,#15189,#15191,.T.);
#15189 = VERTEX_POINT('',#15190);
#15190 = CARTESIAN_POINT('',(26.757056,8.947057,1.6));
#15191 = CIRCLE('',#15192,0.25);
#15192 = AXIS2_PLACEMENT_3D('',#15193,#15194,#15195);
#15193 = CARTESIAN_POINT('',(26.757056,9.197057,1.6));
#15194 = DIRECTION('',(-0.,0.,-1.));
#15195 = DIRECTION('',(-0.,-1.,0.));
#15196 = FACE_BOUND('',#15197,.T.);
#15197 = EDGE_LOOP('',(#15198));
#15198 = ORIENTED_EDGE('',*,*,#15199,.T.);
#15199 = EDGE_CURVE('',#15200,#15200,#15202,.T.);
#15200 = VERTEX_POINT('',#15201);
#15201 = CARTESIAN_POINT('',(25.06,9.650001,1.6));
#15202 = CIRCLE('',#15203,0.25);
#15203 = AXIS2_PLACEMENT_3D('',#15204,#15205,#15206);
#15204 = CARTESIAN_POINT('',(25.06,9.900001,1.6));
#15205 = DIRECTION('',(-0.,0.,-1.));
#15206 = DIRECTION('',(-0.,-1.,0.));
#15207 = FACE_BOUND('',#15208,.T.);
#15208 = EDGE_LOOP('',(#15209));
#15209 = ORIENTED_EDGE('',*,*,#15210,.T.);
#15210 = EDGE_CURVE('',#15211,#15211,#15213,.T.);
#15211 = VERTEX_POINT('',#15212);
#15212 = CARTESIAN_POINT('',(34.25,0.770001,1.6));
#15213 = CIRCLE('',#15214,0.5);
#15214 = AXIS2_PLACEMENT_3D('',#15215,#15216,#15217);
#15215 = CARTESIAN_POINT('',(34.25,1.270001,1.6));
#15216 = DIRECTION('',(-0.,0.,-1.));
#15217 = DIRECTION('',(-0.,-1.,0.));
#15218 = FACE_BOUND('',#15219,.T.);
#15219 = EDGE_LOOP('',(#15220));
#15220 = ORIENTED_EDGE('',*,*,#15221,.T.);
#15221 = EDGE_CURVE('',#15222,#15222,#15224,.T.);
#15222 = VERTEX_POINT('',#15223);
#15223 = CARTESIAN_POINT('',(34.25,3.310001,1.6));
#15224 = CIRCLE('',#15225,0.5);
#15225 = AXIS2_PLACEMENT_3D('',#15226,#15227,#15228);
#15226 = CARTESIAN_POINT('',(34.25,3.810001,1.6));
#15227 = DIRECTION('',(-0.,0.,-1.));
#15228 = DIRECTION('',(-0.,-1.,0.));
#15229 = FACE_BOUND('',#15230,.T.);
#15230 = EDGE_LOOP('',(#15231));
#15231 = ORIENTED_EDGE('',*,*,#15232,.T.);
#15232 = EDGE_CURVE('',#15233,#15233,#15235,.T.);
#15233 = VERTEX_POINT('',#15234);
#15234 = CARTESIAN_POINT('',(34.25,5.850001,1.6));
#15235 = CIRCLE('',#15236,0.5);
#15236 = AXIS2_PLACEMENT_3D('',#15237,#15238,#15239);
#15237 = CARTESIAN_POINT('',(34.25,6.350001,1.6));
#15238 = DIRECTION('',(-0.,0.,-1.));
#15239 = DIRECTION('',(-0.,-1.,0.));
#15240 = FACE_BOUND('',#15241,.T.);
#15241 = EDGE_LOOP('',(#15242));
#15242 = ORIENTED_EDGE('',*,*,#15243,.T.);
#15243 = EDGE_CURVE('',#15244,#15244,#15246,.T.);
#15244 = VERTEX_POINT('',#15245);
#15245 = CARTESIAN_POINT('',(40.,2.525,1.6));
#15246 = CIRCLE('',#15247,0.475);
#15247 = AXIS2_PLACEMENT_3D('',#15248,#15249,#15250);
#15248 = CARTESIAN_POINT('',(40.,3.,1.6));
#15249 = DIRECTION('',(-0.,0.,-1.));
#15250 = DIRECTION('',(-0.,-1.,0.));
#15251 = FACE_BOUND('',#15252,.T.);
#15252 = EDGE_LOOP('',(#15253));
#15253 = ORIENTED_EDGE('',*,*,#15254,.T.);
#15254 = EDGE_CURVE('',#15255,#15255,#15257,.T.);
#15255 = VERTEX_POINT('',#15256);
#15256 = CARTESIAN_POINT('',(40.,5.025,1.6));
#15257 = CIRCLE('',#15258,0.475);
#15258 = AXIS2_PLACEMENT_3D('',#15259,#15260,#15261);
#15259 = CARTESIAN_POINT('',(40.,5.5,1.6));
#15260 = DIRECTION('',(-0.,0.,-1.));
#15261 = DIRECTION('',(-0.,-1.,0.));
#15262 = FACE_BOUND('',#15263,.T.);
#15263 = EDGE_LOOP('',(#15264));
#15264 = ORIENTED_EDGE('',*,*,#15265,.T.);
#15265 = EDGE_CURVE('',#15266,#15266,#15268,.T.);
#15266 = VERTEX_POINT('',#15267);
#15267 = CARTESIAN_POINT('',(40.,7.525,1.6));
#15268 = CIRCLE('',#15269,0.475);
#15269 = AXIS2_PLACEMENT_3D('',#15270,#15271,#15272);
#15270 = CARTESIAN_POINT('',(40.,8.,1.6));
#15271 = DIRECTION('',(-0.,0.,-1.));
#15272 = DIRECTION('',(-0.,-1.,0.));
#15273 = FACE_BOUND('',#15274,.T.);
#15274 = EDGE_LOOP('',(#15275));
#15275 = ORIENTED_EDGE('',*,*,#15276,.T.);
#15276 = EDGE_CURVE('',#15277,#15277,#15279,.T.);
#15277 = VERTEX_POINT('',#15278);
#15278 = CARTESIAN_POINT('',(40.,10.025,1.6));
#15279 = CIRCLE('',#15280,0.475);
#15280 = AXIS2_PLACEMENT_3D('',#15281,#15282,#15283);
#15281 = CARTESIAN_POINT('',(40.,10.5,1.6));
#15282 = DIRECTION('',(-0.,0.,-1.));
#15283 = DIRECTION('',(-0.,-1.,0.));
#15284 = FACE_BOUND('',#15285,.T.);
#15285 = EDGE_LOOP('',(#15286));
#15286 = ORIENTED_EDGE('',*,*,#15287,.T.);
#15287 = EDGE_CURVE('',#15288,#15288,#15290,.T.);
#15288 = VERTEX_POINT('',#15289);
#15289 = CARTESIAN_POINT('',(40.,12.525,1.6));
#15290 = CIRCLE('',#15291,0.475);
#15291 = AXIS2_PLACEMENT_3D('',#15292,#15293,#15294);
#15292 = CARTESIAN_POINT('',(40.,13.,1.6));
#15293 = DIRECTION('',(-0.,0.,-1.));
#15294 = DIRECTION('',(-0.,-1.,0.));
#15295 = FACE_BOUND('',#15296,.T.);
#15296 = EDGE_LOOP('',(#15297));
#15297 = ORIENTED_EDGE('',*,*,#15298,.T.);
#15298 = EDGE_CURVE('',#15299,#15299,#15301,.T.);
#15299 = VERTEX_POINT('',#15300);
#15300 = CARTESIAN_POINT('',(40.,15.025,1.6));
#15301 = CIRCLE('',#15302,0.475);
#15302 = AXIS2_PLACEMENT_3D('',#15303,#15304,#15305);
#15303 = CARTESIAN_POINT('',(40.,15.5,1.6));
#15304 = DIRECTION('',(-0.,0.,-1.));
#15305 = DIRECTION('',(-0.,-1.,0.));
#15306 = FACE_BOUND('',#15307,.T.);
#15307 = EDGE_LOOP('',(#15308));
#15308 = ORIENTED_EDGE('',*,*,#15309,.T.);
#15309 = EDGE_CURVE('',#15310,#15310,#15312,.T.);
#15310 = VERTEX_POINT('',#15311);
#15311 = CARTESIAN_POINT('',(40.,17.525,1.6));
#15312 = CIRCLE('',#15313,0.475);
#15313 = AXIS2_PLACEMENT_3D('',#15314,#15315,#15316);
#15314 = CARTESIAN_POINT('',(40.,18.,1.6));
#15315 = DIRECTION('',(-0.,0.,-1.));
#15316 = DIRECTION('',(-0.,-1.,0.));
#15317 = FACE_BOUND('',#15318,.T.);
#15318 = EDGE_LOOP('',(#15319));
#15319 = ORIENTED_EDGE('',*,*,#15320,.T.);
#15320 = EDGE_CURVE('',#15321,#15321,#15323,.T.);
#15321 = VERTEX_POINT('',#15322);
#15322 = CARTESIAN_POINT('',(40.,20.025,1.6));
#15323 = CIRCLE('',#15324,0.475);
#15324 = AXIS2_PLACEMENT_3D('',#15325,#15326,#15327);
#15325 = CARTESIAN_POINT('',(40.,20.5,1.6));
#15326 = DIRECTION('',(-0.,0.,-1.));
#15327 = DIRECTION('',(-0.,-1.,0.));
#15328 = FACE_BOUND('',#15329,.T.);
#15329 = EDGE_LOOP('',(#15330));
#15330 = ORIENTED_EDGE('',*,*,#15331,.T.);
#15331 = EDGE_CURVE('',#15332,#15332,#15334,.T.);
#15332 = VERTEX_POINT('',#15333);
#15333 = CARTESIAN_POINT('',(-1.2822,29.698401,1.6));
#15334 = CIRCLE('',#15335,0.5);
#15335 = AXIS2_PLACEMENT_3D('',#15336,#15337,#15338);
#15336 = CARTESIAN_POINT('',(-1.2822,30.198401,1.6));
#15337 = DIRECTION('',(-0.,0.,-1.));
#15338 = DIRECTION('',(-0.,-1.,0.));
#15339 = FACE_BOUND('',#15340,.T.);
#15340 = EDGE_LOOP('',(#15341));
#15341 = ORIENTED_EDGE('',*,*,#15342,.T.);
#15342 = EDGE_CURVE('',#15343,#15343,#15345,.T.);
#15343 = VERTEX_POINT('',#15344);
#15344 = CARTESIAN_POINT('',(1.2578,29.698401,1.6));
#15345 = CIRCLE('',#15346,0.5);
#15346 = AXIS2_PLACEMENT_3D('',#15347,#15348,#15349);
#15347 = CARTESIAN_POINT('',(1.2578,30.198401,1.6));
#15348 = DIRECTION('',(-0.,0.,-1.));
#15349 = DIRECTION('',(-0.,-1.,0.));
#15350 = FACE_BOUND('',#15351,.T.);
#15351 = EDGE_LOOP('',(#15352));
#15352 = ORIENTED_EDGE('',*,*,#15353,.T.);
#15353 = EDGE_CURVE('',#15354,#15354,#15356,.T.);
#15354 = VERTEX_POINT('',#15355);
#15355 = CARTESIAN_POINT('',(3.7978,29.698401,1.6));
#15356 = CIRCLE('',#15357,0.5);
#15357 = AXIS2_PLACEMENT_3D('',#15358,#15359,#15360);
#15358 = CARTESIAN_POINT('',(3.7978,30.198401,1.6));
#15359 = DIRECTION('',(-0.,0.,-1.));
#15360 = DIRECTION('',(8.881784197001E-16,-1.,-0.));
#15361 = FACE_BOUND('',#15362,.T.);
#15362 = EDGE_LOOP('',(#15363));
#15363 = ORIENTED_EDGE('',*,*,#15364,.T.);
#15364 = EDGE_CURVE('',#15365,#15365,#15367,.T.);
#15365 = VERTEX_POINT('',#15366);
#15366 = CARTESIAN_POINT('',(6.3378,29.698401,1.6));
#15367 = CIRCLE('',#15368,0.5);
#15368 = AXIS2_PLACEMENT_3D('',#15369,#15370,#15371);
#15369 = CARTESIAN_POINT('',(6.3378,30.198401,1.6));
#15370 = DIRECTION('',(-0.,0.,-1.));
#15371 = DIRECTION('',(-0.,-1.,0.));
#15372 = FACE_BOUND('',#15373,.T.);
#15373 = EDGE_LOOP('',(#15374));
#15374 = ORIENTED_EDGE('',*,*,#15375,.T.);
#15375 = EDGE_CURVE('',#15376,#15376,#15378,.T.);
#15376 = VERTEX_POINT('',#15377);
#15377 = CARTESIAN_POINT('',(10.1478,28.948401,1.6));
#15378 = CIRCLE('',#15379,1.25);
#15379 = AXIS2_PLACEMENT_3D('',#15380,#15381,#15382);
#15380 = CARTESIAN_POINT('',(10.1478,30.198401,1.6));
#15381 = DIRECTION('',(-0.,0.,-1.));
#15382 = DIRECTION('',(-0.,-1.,0.));
#15383 = FACE_BOUND('',#15384,.T.);
#15384 = EDGE_LOOP('',(#15385));
#15385 = ORIENTED_EDGE('',*,*,#15386,.T.);
#15386 = EDGE_CURVE('',#15387,#15387,#15389,.T.);
#15387 = VERTEX_POINT('',#15388);
#15388 = CARTESIAN_POINT('',(3.302944,40.062945,1.6));
#15389 = CIRCLE('',#15390,0.25);
#15390 = AXIS2_PLACEMENT_3D('',#15391,#15392,#15393);
#15391 = CARTESIAN_POINT('',(3.302944,40.312945,1.6));
#15392 = DIRECTION('',(-0.,0.,-1.));
#15393 = DIRECTION('',(-0.,-1.,0.));
#15394 = FACE_BOUND('',#15395,.T.);
#15395 = EDGE_LOOP('',(#15396));
#15396 = ORIENTED_EDGE('',*,*,#15397,.T.);
#15397 = EDGE_CURVE('',#15398,#15398,#15400,.T.);
#15398 = VERTEX_POINT('',#15399);
#15399 = CARTESIAN_POINT('',(5.,39.360001,1.6));
#15400 = CIRCLE('',#15401,0.25);
#15401 = AXIS2_PLACEMENT_3D('',#15402,#15403,#15404);
#15402 = CARTESIAN_POINT('',(5.,39.610001,1.6));
#15403 = DIRECTION('',(-0.,0.,-1.));
#15404 = DIRECTION('',(-0.,-1.,0.));
#15405 = FACE_BOUND('',#15406,.T.);
#15406 = EDGE_LOOP('',(#15407));
#15407 = ORIENTED_EDGE('',*,*,#15408,.T.);
#15408 = EDGE_CURVE('',#15409,#15409,#15411,.T.);
#15409 = VERTEX_POINT('',#15410);
#15410 = CARTESIAN_POINT('',(6.697056,40.062945,1.6));
#15411 = CIRCLE('',#15412,0.25);
#15412 = AXIS2_PLACEMENT_3D('',#15413,#15414,#15415);
#15413 = CARTESIAN_POINT('',(6.697056,40.312945,1.6));
#15414 = DIRECTION('',(-0.,0.,-1.));
#15415 = DIRECTION('',(-0.,-1.,0.));
#15416 = FACE_BOUND('',#15417,.T.);
#15417 = EDGE_LOOP('',(#15418));
#15418 = ORIENTED_EDGE('',*,*,#15419,.T.);
#15419 = EDGE_CURVE('',#15420,#15420,#15422,.T.);
#15420 = VERTEX_POINT('',#15421);
#15421 = CARTESIAN_POINT('',(2.6,41.760001,1.6));
#15422 = CIRCLE('',#15423,0.25);
#15423 = AXIS2_PLACEMENT_3D('',#15424,#15425,#15426);
#15424 = CARTESIAN_POINT('',(2.6,42.010001,1.6));
#15425 = DIRECTION('',(-0.,0.,-1.));
#15426 = DIRECTION('',(-0.,-1.,0.));
#15427 = FACE_BOUND('',#15428,.T.);
#15428 = EDGE_LOOP('',(#15429));
#15429 = ORIENTED_EDGE('',*,*,#15430,.T.);
#15430 = EDGE_CURVE('',#15431,#15431,#15433,.T.);
#15431 = VERTEX_POINT('',#15432);
#15432 = CARTESIAN_POINT('',(3.302944,43.457057,1.6));
#15433 = CIRCLE('',#15434,0.25);
#15434 = AXIS2_PLACEMENT_3D('',#15435,#15436,#15437);
#15435 = CARTESIAN_POINT('',(3.302944,43.707057,1.6));
#15436 = DIRECTION('',(-0.,0.,-1.));
#15437 = DIRECTION('',(-0.,-1.,0.));
#15438 = FACE_BOUND('',#15439,.T.);
#15439 = EDGE_LOOP('',(#15440));
#15440 = ORIENTED_EDGE('',*,*,#15441,.T.);
#15441 = EDGE_CURVE('',#15442,#15442,#15444,.T.);
#15442 = VERTEX_POINT('',#15443);
#15443 = CARTESIAN_POINT('',(5.,40.410001,1.6));
#15444 = CIRCLE('',#15445,1.6);
#15445 = AXIS2_PLACEMENT_3D('',#15446,#15447,#15448);
#15446 = CARTESIAN_POINT('',(5.,42.010001,1.6));
#15447 = DIRECTION('',(-0.,0.,-1.));
#15448 = DIRECTION('',(-0.,-1.,0.));
#15449 = FACE_BOUND('',#15450,.T.);
#15450 = EDGE_LOOP('',(#15451));
#15451 = ORIENTED_EDGE('',*,*,#15452,.T.);
#15452 = EDGE_CURVE('',#15453,#15453,#15455,.T.);
#15453 = VERTEX_POINT('',#15454);
#15454 = CARTESIAN_POINT('',(5.,44.160001,1.6));
#15455 = CIRCLE('',#15456,0.25);
#15456 = AXIS2_PLACEMENT_3D('',#15457,#15458,#15459);
#15457 = CARTESIAN_POINT('',(5.,44.410001,1.6));
#15458 = DIRECTION('',(-0.,0.,-1.));
#15459 = DIRECTION('',(-0.,-1.,0.));
#15460 = FACE_BOUND('',#15461,.T.);
#15461 = EDGE_LOOP('',(#15462));
#15462 = ORIENTED_EDGE('',*,*,#15463,.T.);
#15463 = EDGE_CURVE('',#15464,#15464,#15466,.T.);
#15464 = VERTEX_POINT('',#15465);
#15465 = CARTESIAN_POINT('',(6.697056,43.457057,1.6));
#15466 = CIRCLE('',#15467,0.25);
#15467 = AXIS2_PLACEMENT_3D('',#15468,#15469,#15470);
#15468 = CARTESIAN_POINT('',(6.697056,43.707057,1.6));
#15469 = DIRECTION('',(-0.,0.,-1.));
#15470 = DIRECTION('',(-0.,-1.,0.));
#15471 = FACE_BOUND('',#15472,.T.);
#15472 = EDGE_LOOP('',(#15473));
#15473 = ORIENTED_EDGE('',*,*,#15474,.T.);
#15474 = EDGE_CURVE('',#15475,#15475,#15477,.T.);
#15475 = VERTEX_POINT('',#15476);
#15476 = CARTESIAN_POINT('',(6.15,50.700001,1.6));
#15477 = CIRCLE('',#15478,0.5);
#15478 = AXIS2_PLACEMENT_3D('',#15479,#15480,#15481);
#15479 = CARTESIAN_POINT('',(6.15,51.200001,1.6));
#15480 = DIRECTION('',(-0.,0.,-1.));
#15481 = DIRECTION('',(-0.,-1.,0.));
#15482 = FACE_BOUND('',#15483,.T.);
#15483 = EDGE_LOOP('',(#15484));
#15484 = ORIENTED_EDGE('',*,*,#15485,.T.);
#15485 = EDGE_CURVE('',#15486,#15486,#15488,.T.);
#15486 = VERTEX_POINT('',#15487);
#15487 = CARTESIAN_POINT('',(7.4,41.760001,1.6));
#15488 = CIRCLE('',#15489,0.25);
#15489 = AXIS2_PLACEMENT_3D('',#15490,#15491,#15492);
#15490 = CARTESIAN_POINT('',(7.4,42.010001,1.6));
#15491 = DIRECTION('',(-0.,0.,-1.));
#15492 = DIRECTION('',(-0.,-1.,0.));
#15493 = FACE_BOUND('',#15494,.T.);
#15494 = EDGE_LOOP('',(#15495));
#15495 = ORIENTED_EDGE('',*,*,#15496,.T.);
#15496 = EDGE_CURVE('',#15497,#15497,#15499,.T.);
#15497 = VERTEX_POINT('',#15498);
#15498 = CARTESIAN_POINT('',(18.302944,40.062945,1.6));
#15499 = CIRCLE('',#15500,0.25);
#15500 = AXIS2_PLACEMENT_3D('',#15501,#15502,#15503);
#15501 = CARTESIAN_POINT('',(18.302944,40.312945,1.6));
#15502 = DIRECTION('',(-0.,0.,-1.));
#15503 = DIRECTION('',(-0.,-1.,0.));
#15504 = FACE_BOUND('',#15505,.T.);
#15505 = EDGE_LOOP('',(#15506));
#15506 = ORIENTED_EDGE('',*,*,#15507,.T.);
#15507 = EDGE_CURVE('',#15508,#15508,#15510,.T.);
#15508 = VERTEX_POINT('',#15509);
#15509 = CARTESIAN_POINT('',(17.6,41.760001,1.6));
#15510 = CIRCLE('',#15511,0.25);
#15511 = AXIS2_PLACEMENT_3D('',#15512,#15513,#15514);
#15512 = CARTESIAN_POINT('',(17.6,42.010001,1.6));
#15513 = DIRECTION('',(-0.,0.,-1.));
#15514 = DIRECTION('',(-0.,-1.,0.));
#15515 = FACE_BOUND('',#15516,.T.);
#15516 = EDGE_LOOP('',(#15517));
#15517 = ORIENTED_EDGE('',*,*,#15518,.T.);
#15518 = EDGE_CURVE('',#15519,#15519,#15521,.T.);
#15519 = VERTEX_POINT('',#15520);
#15520 = CARTESIAN_POINT('',(18.302944,43.457057,1.6));
#15521 = CIRCLE('',#15522,0.25);
#15522 = AXIS2_PLACEMENT_3D('',#15523,#15524,#15525);
#15523 = CARTESIAN_POINT('',(18.302944,43.707057,1.6));
#15524 = DIRECTION('',(-0.,0.,-1.));
#15525 = DIRECTION('',(-0.,-1.,0.));
#15526 = FACE_BOUND('',#15527,.T.);
#15527 = EDGE_LOOP('',(#15528));
#15528 = ORIENTED_EDGE('',*,*,#15529,.T.);
#15529 = EDGE_CURVE('',#15530,#15530,#15532,.T.);
#15530 = VERTEX_POINT('',#15531);
#15531 = CARTESIAN_POINT('',(8.69,50.700001,1.6));
#15532 = CIRCLE('',#15533,0.5);
#15533 = AXIS2_PLACEMENT_3D('',#15534,#15535,#15536);
#15534 = CARTESIAN_POINT('',(8.69,51.200001,1.6));
#15535 = DIRECTION('',(-0.,0.,-1.));
#15536 = DIRECTION('',(-0.,-1.,0.));
#15537 = FACE_BOUND('',#15538,.T.);
#15538 = EDGE_LOOP('',(#15539));
#15539 = ORIENTED_EDGE('',*,*,#15540,.T.);
#15540 = EDGE_CURVE('',#15541,#15541,#15543,.T.);
#15541 = VERTEX_POINT('',#15542);
#15542 = CARTESIAN_POINT('',(11.23,50.700001,1.6));
#15543 = CIRCLE('',#15544,0.5);
#15544 = AXIS2_PLACEMENT_3D('',#15545,#15546,#15547);
#15545 = CARTESIAN_POINT('',(11.23,51.200001,1.6));
#15546 = DIRECTION('',(-0.,0.,-1.));
#15547 = DIRECTION('',(-0.,-1.,0.));
#15548 = FACE_BOUND('',#15549,.T.);
#15549 = EDGE_LOOP('',(#15550));
#15550 = ORIENTED_EDGE('',*,*,#15551,.T.);
#15551 = EDGE_CURVE('',#15552,#15552,#15554,.T.);
#15552 = VERTEX_POINT('',#15553);
#15553 = CARTESIAN_POINT('',(13.77,50.700001,1.6));
#15554 = CIRCLE('',#15555,0.5);
#15555 = AXIS2_PLACEMENT_3D('',#15556,#15557,#15558);
#15556 = CARTESIAN_POINT('',(13.77,51.200001,1.6));
#15557 = DIRECTION('',(-0.,0.,-1.));
#15558 = DIRECTION('',(-0.,-1.,0.));
#15559 = FACE_BOUND('',#15560,.T.);
#15560 = EDGE_LOOP('',(#15561));
#15561 = ORIENTED_EDGE('',*,*,#15562,.T.);
#15562 = EDGE_CURVE('',#15563,#15563,#15565,.T.);
#15563 = VERTEX_POINT('',#15564);
#15564 = CARTESIAN_POINT('',(16.31,50.700001,1.6));
#15565 = CIRCLE('',#15566,0.5);
#15566 = AXIS2_PLACEMENT_3D('',#15567,#15568,#15569);
#15567 = CARTESIAN_POINT('',(16.31,51.200001,1.6));
#15568 = DIRECTION('',(-0.,0.,-1.));
#15569 = DIRECTION('',(-0.,-1.,0.));
#15570 = FACE_BOUND('',#15571,.T.);
#15571 = EDGE_LOOP('',(#15572));
#15572 = ORIENTED_EDGE('',*,*,#15573,.T.);
#15573 = EDGE_CURVE('',#15574,#15574,#15576,.T.);
#15574 = VERTEX_POINT('',#15575);
#15575 = CARTESIAN_POINT('',(21.352944,28.052945,1.6));
#15576 = CIRCLE('',#15577,0.25);
#15577 = AXIS2_PLACEMENT_3D('',#15578,#15579,#15580);
#15578 = CARTESIAN_POINT('',(21.352944,28.302945,1.6));
#15579 = DIRECTION('',(-0.,0.,-1.));
#15580 = DIRECTION('',(-0.,-1.,0.));
#15581 = FACE_BOUND('',#15582,.T.);
#15582 = EDGE_LOOP('',(#15583));
#15583 = ORIENTED_EDGE('',*,*,#15584,.T.);
#15584 = EDGE_CURVE('',#15585,#15585,#15587,.T.);
#15585 = VERTEX_POINT('',#15586);
#15586 = CARTESIAN_POINT('',(23.05,27.350001,1.6));
#15587 = CIRCLE('',#15588,0.25);
#15588 = AXIS2_PLACEMENT_3D('',#15589,#15590,#15591);
#15589 = CARTESIAN_POINT('',(23.05,27.600001,1.6));
#15590 = DIRECTION('',(-0.,0.,-1.));
#15591 = DIRECTION('',(-0.,-1.,0.));
#15592 = FACE_BOUND('',#15593,.T.);
#15593 = EDGE_LOOP('',(#15594));
#15594 = ORIENTED_EDGE('',*,*,#15595,.T.);
#15595 = EDGE_CURVE('',#15596,#15596,#15598,.T.);
#15596 = VERTEX_POINT('',#15597);
#15597 = CARTESIAN_POINT('',(20.65,29.750001,1.6));
#15598 = CIRCLE('',#15599,0.25);
#15599 = AXIS2_PLACEMENT_3D('',#15600,#15601,#15602);
#15600 = CARTESIAN_POINT('',(20.65,30.000001,1.6));
#15601 = DIRECTION('',(-0.,0.,-1.));
#15602 = DIRECTION('',(-0.,-1.,0.));
#15603 = FACE_BOUND('',#15604,.T.);
#15604 = EDGE_LOOP('',(#15605));
#15605 = ORIENTED_EDGE('',*,*,#15606,.T.);
#15606 = EDGE_CURVE('',#15607,#15607,#15609,.T.);
#15607 = VERTEX_POINT('',#15608);
#15608 = CARTESIAN_POINT('',(23.05,28.400001,1.6));
#15609 = CIRCLE('',#15610,1.6);
#15610 = AXIS2_PLACEMENT_3D('',#15611,#15612,#15613);
#15611 = CARTESIAN_POINT('',(23.05,30.000001,1.6));
#15612 = DIRECTION('',(-0.,0.,-1.));
#15613 = DIRECTION('',(2.22044604925E-15,-1.,-0.));
#15614 = FACE_BOUND('',#15615,.T.);
#15615 = EDGE_LOOP('',(#15616));
#15616 = ORIENTED_EDGE('',*,*,#15617,.T.);
#15617 = EDGE_CURVE('',#15618,#15618,#15620,.T.);
#15618 = VERTEX_POINT('',#15619);
#15619 = CARTESIAN_POINT('',(21.352944,31.447057,1.6));
#15620 = CIRCLE('',#15621,0.25);
#15621 = AXIS2_PLACEMENT_3D('',#15622,#15623,#15624);
#15622 = CARTESIAN_POINT('',(21.352944,31.697057,1.6));
#15623 = DIRECTION('',(-0.,0.,-1.));
#15624 = DIRECTION('',(-0.,-1.,0.));
#15625 = FACE_BOUND('',#15626,.T.);
#15626 = EDGE_LOOP('',(#15627));
#15627 = ORIENTED_EDGE('',*,*,#15628,.T.);
#15628 = EDGE_CURVE('',#15629,#15629,#15631,.T.);
#15629 = VERTEX_POINT('',#15630);
#15630 = CARTESIAN_POINT('',(24.747056,28.052945,1.6));
#15631 = CIRCLE('',#15632,0.25);
#15632 = AXIS2_PLACEMENT_3D('',#15633,#15634,#15635);
#15633 = CARTESIAN_POINT('',(24.747056,28.302945,1.6));
#15634 = DIRECTION('',(-0.,0.,-1.));
#15635 = DIRECTION('',(-0.,-1.,0.));
#15636 = FACE_BOUND('',#15637,.T.);
#15637 = EDGE_LOOP('',(#15638));
#15638 = ORIENTED_EDGE('',*,*,#15639,.T.);
#15639 = EDGE_CURVE('',#15640,#15640,#15642,.T.);
#15640 = VERTEX_POINT('',#15641);
#15641 = CARTESIAN_POINT('',(25.45,29.750001,1.6));
#15642 = CIRCLE('',#15643,0.25);
#15643 = AXIS2_PLACEMENT_3D('',#15644,#15645,#15646);
#15644 = CARTESIAN_POINT('',(25.45,30.000001,1.6));
#15645 = DIRECTION('',(-0.,0.,-1.));
#15646 = DIRECTION('',(-0.,-1.,0.));
#15647 = FACE_BOUND('',#15648,.T.);
#15648 = EDGE_LOOP('',(#15649));
#15649 = ORIENTED_EDGE('',*,*,#15650,.T.);
#15650 = EDGE_CURVE('',#15651,#15651,#15653,.T.);
#15651 = VERTEX_POINT('',#15652);
#15652 = CARTESIAN_POINT('',(24.747056,31.447057,1.6));
#15653 = CIRCLE('',#15654,0.25);
#15654 = AXIS2_PLACEMENT_3D('',#15655,#15656,#15657);
#15655 = CARTESIAN_POINT('',(24.747056,31.697057,1.6));
#15656 = DIRECTION('',(-0.,0.,-1.));
#15657 = DIRECTION('',(-0.,-1.,0.));
#15658 = FACE_BOUND('',#15659,.T.);
#15659 = EDGE_LOOP('',(#15660));
#15660 = ORIENTED_EDGE('',*,*,#15661,.T.);
#15661 = EDGE_CURVE('',#15662,#15662,#15664,.T.);
#15662 = VERTEX_POINT('',#15663);
#15663 = CARTESIAN_POINT('',(23.05,32.150001,1.6));
#15664 = CIRCLE('',#15665,0.25);
#15665 = AXIS2_PLACEMENT_3D('',#15666,#15667,#15668);
#15666 = CARTESIAN_POINT('',(23.05,32.400001,1.6));
#15667 = DIRECTION('',(-0.,0.,-1.));
#15668 = DIRECTION('',(-0.,-1.,0.));
#15669 = FACE_BOUND('',#15670,.T.);
#15670 = EDGE_LOOP('',(#15671));
#15671 = ORIENTED_EDGE('',*,*,#15672,.T.);
#15672 = EDGE_CURVE('',#15673,#15673,#15675,.T.);
#15673 = VERTEX_POINT('',#15674);
#15674 = CARTESIAN_POINT('',(20.,39.360001,1.6));
#15675 = CIRCLE('',#15676,0.25);
#15676 = AXIS2_PLACEMENT_3D('',#15677,#15678,#15679);
#15677 = CARTESIAN_POINT('',(20.,39.610001,1.6));
#15678 = DIRECTION('',(-0.,0.,-1.));
#15679 = DIRECTION('',(-0.,-1.,0.));
#15680 = FACE_BOUND('',#15681,.T.);
#15681 = EDGE_LOOP('',(#15682));
#15682 = ORIENTED_EDGE('',*,*,#15683,.T.);
#15683 = EDGE_CURVE('',#15684,#15684,#15686,.T.);
#15684 = VERTEX_POINT('',#15685);
#15685 = CARTESIAN_POINT('',(21.697056,40.062945,1.6));
#15686 = CIRCLE('',#15687,0.25);
#15687 = AXIS2_PLACEMENT_3D('',#15688,#15689,#15690);
#15688 = CARTESIAN_POINT('',(21.697056,40.312945,1.6));
#15689 = DIRECTION('',(-0.,0.,-1.));
#15690 = DIRECTION('',(-0.,-1.,0.));
#15691 = FACE_BOUND('',#15692,.T.);
#15692 = EDGE_LOOP('',(#15693));
#15693 = ORIENTED_EDGE('',*,*,#15694,.T.);
#15694 = EDGE_CURVE('',#15695,#15695,#15697,.T.);
#15695 = VERTEX_POINT('',#15696);
#15696 = CARTESIAN_POINT('',(20.,40.410001,1.6));
#15697 = CIRCLE('',#15698,1.6);
#15698 = AXIS2_PLACEMENT_3D('',#15699,#15700,#15701);
#15699 = CARTESIAN_POINT('',(20.,42.010001,1.6));
#15700 = DIRECTION('',(-0.,0.,-1.));
#15701 = DIRECTION('',(-0.,-1.,0.));
#15702 = FACE_BOUND('',#15703,.T.);
#15703 = EDGE_LOOP('',(#15704));
#15704 = ORIENTED_EDGE('',*,*,#15705,.T.);
#15705 = EDGE_CURVE('',#15706,#15706,#15708,.T.);
#15706 = VERTEX_POINT('',#15707);
#15707 = CARTESIAN_POINT('',(20.,44.160001,1.6));
#15708 = CIRCLE('',#15709,0.25);
#15709 = AXIS2_PLACEMENT_3D('',#15710,#15711,#15712);
#15710 = CARTESIAN_POINT('',(20.,44.410001,1.6));
#15711 = DIRECTION('',(-0.,0.,-1.));
#15712 = DIRECTION('',(-0.,-1.,0.));
#15713 = FACE_BOUND('',#15714,.T.);
#15714 = EDGE_LOOP('',(#15715));
#15715 = ORIENTED_EDGE('',*,*,#15716,.T.);
#15716 = EDGE_CURVE('',#15717,#15717,#15719,.T.);
#15717 = VERTEX_POINT('',#15718);
#15718 = CARTESIAN_POINT('',(22.4,41.760001,1.6));
#15719 = CIRCLE('',#15720,0.25);
#15720 = AXIS2_PLACEMENT_3D('',#15721,#15722,#15723);
#15721 = CARTESIAN_POINT('',(22.4,42.010001,1.6));
#15722 = DIRECTION('',(-0.,0.,-1.));
#15723 = DIRECTION('',(-0.,-1.,0.));
#15724 = FACE_BOUND('',#15725,.T.);
#15725 = EDGE_LOOP('',(#15726));
#15726 = ORIENTED_EDGE('',*,*,#15727,.T.);
#15727 = EDGE_CURVE('',#15728,#15728,#15730,.T.);
#15728 = VERTEX_POINT('',#15729);
#15729 = CARTESIAN_POINT('',(21.697056,43.457057,1.6));
#15730 = CIRCLE('',#15731,0.25);
#15731 = AXIS2_PLACEMENT_3D('',#15732,#15733,#15734);
#15732 = CARTESIAN_POINT('',(21.697056,43.707057,1.6));
#15733 = DIRECTION('',(-0.,0.,-1.));
#15734 = DIRECTION('',(-0.,-1.,0.));
#15735 = FACE_BOUND('',#15736,.T.);
#15736 = EDGE_LOOP('',(#15737));
#15737 = ORIENTED_EDGE('',*,*,#15738,.T.);
#15738 = EDGE_CURVE('',#15739,#15739,#15741,.T.);
#15739 = VERTEX_POINT('',#15740);
#15740 = CARTESIAN_POINT('',(18.85,50.700001,1.6));
#15741 = CIRCLE('',#15742,0.5);
#15742 = AXIS2_PLACEMENT_3D('',#15743,#15744,#15745);
#15743 = CARTESIAN_POINT('',(18.85,51.200001,1.6));
#15744 = DIRECTION('',(-0.,0.,-1.));
#15745 = DIRECTION('',(-0.,-1.,0.));
#15746 = PLANE('',#15747);
#15747 = AXIS2_PLACEMENT_3D('',#15748,#15749,#15750);
#15748 = CARTESIAN_POINT('',(0.,0.,1.6));
#15749 = DIRECTION('',(0.,0.,1.));
#15750 = DIRECTION('',(1.,0.,-0.));
#15751 = ADVANCED_FACE('',(#15752),#15763,.T.);
#15752 = FACE_BOUND('',#15753,.T.);
#15753 = EDGE_LOOP('',(#15754,#15760,#15761,#15762));
#15754 = ORIENTED_EDGE('',*,*,#15755,.T.);
#15755 = EDGE_CURVE('',#11436,#13597,#15756,.T.);
#15756 = LINE('',#15757,#15758);
#15757 = CARTESIAN_POINT('',(-33.258627,54.997843,0.));
#15758 = VECTOR('',#15759,1.);
#15759 = DIRECTION('',(0.,0.,1.));
#15760 = ORIENTED_EDGE('',*,*,#13596,.T.);
#15761 = ORIENTED_EDGE('',*,*,#11369,.F.);
#15762 = ORIENTED_EDGE('',*,*,#11435,.F.);
#15763 = PLANE('',#15764);
#15764 = AXIS2_PLACEMENT_3D('',#15765,#15766,#15767);
#15765 = CARTESIAN_POINT('',(-33.258627,54.997843,0.));
#15766 = DIRECTION('',(-1.034326603021E-02,0.999946506993,0.));
#15767 = DIRECTION('',(0.999946506993,1.034326603021E-02,0.));
#15768 = ADVANCED_FACE('',(#15769),#15780,.T.);
#15769 = FACE_BOUND('',#15770,.T.);
#15770 = EDGE_LOOP('',(#15771,#15772,#15773,#15779));
#15771 = ORIENTED_EDGE('',*,*,#11410,.T.);
#15772 = ORIENTED_EDGE('',*,*,#13672,.T.);
#15773 = ORIENTED_EDGE('',*,*,#15774,.F.);
#15774 = EDGE_CURVE('',#11503,#13664,#15775,.T.);
#15775 = LINE('',#15776,#15777);
#15776 = CARTESIAN_POINT('',(35.807116,-54.171127,0.));
#15777 = VECTOR('',#15778,1.);
#15778 = DIRECTION('',(0.,0.,1.));
#15779 = ORIENTED_EDGE('',*,*,#11511,.F.);
#15780 = PLANE('',#15781);
#15781 = AXIS2_PLACEMENT_3D('',#15782,#15783,#15784);
#15782 = CARTESIAN_POINT('',(36.473922,-53.727424,0.));
#15783 = DIRECTION('',(0.553978814727,-0.832530763896,0.));
#15784 = DIRECTION('',(-0.832530763896,-0.553978814727,0.));
#15785 = ADVANCED_FACE('',(#15786),#15797,.T.);
#15786 = FACE_BOUND('',#15787,.T.);
#15787 = EDGE_LOOP('',(#15788,#15794,#15795,#15796));
#15788 = ORIENTED_EDGE('',*,*,#15789,.T.);
#15789 = EDGE_CURVE('',#11444,#13605,#15790,.T.);
#15790 = LINE('',#15791,#15792);
#15791 = CARTESIAN_POINT('',(-35.807116,54.171129,0.));
#15792 = VECTOR('',#15793,1.);
#15793 = DIRECTION('',(0.,0.,1.));
#15794 = ORIENTED_EDGE('',*,*,#13604,.T.);
#15795 = ORIENTED_EDGE('',*,*,#15755,.F.);
#15796 = ORIENTED_EDGE('',*,*,#11443,.F.);
#15797 = CYLINDRICAL_SURFACE('',#15798,4.972319393319);
#15798 = AXIS2_PLACEMENT_3D('',#15799,#15800,#15801);
#15799 = CARTESIAN_POINT('',(-33.05532127278,50.02968167709,0.));
#15800 = DIRECTION('',(0.,0.,-1.));
#15801 = DIRECTION('',(-0.553422760999,0.832900502827,0.));
#15802 = ADVANCED_FACE('',(#15803),#15814,.T.);
#15803 = FACE_BOUND('',#15804,.T.);
#15804 = EDGE_LOOP('',(#15805,#15806,#15807,#15813));
#15805 = ORIENTED_EDGE('',*,*,#15774,.T.);
#15806 = ORIENTED_EDGE('',*,*,#13663,.T.);
#15807 = ORIENTED_EDGE('',*,*,#15808,.F.);
#15808 = EDGE_CURVE('',#11495,#13656,#15809,.T.);
#15809 = LINE('',#15810,#15811);
#15810 = CARTESIAN_POINT('',(33.258627,-54.99784,0.));
#15811 = VECTOR('',#15812,1.);
#15812 = DIRECTION('',(0.,0.,1.));
#15813 = ORIENTED_EDGE('',*,*,#11502,.F.);
#15814 = CYLINDRICAL_SURFACE('',#15815,4.972363468792);
#15815 = AXIS2_PLACEMENT_3D('',#15816,#15817,#15818);
#15816 = CARTESIAN_POINT('',(33.055308754268,-50.02963507701,0.));
#15817 = DIRECTION('',(0.,0.,-1.));
#15818 = DIRECTION('',(0.553420373028,-0.832902089514,0.));
#15819 = ADVANCED_FACE('',(#15820),#15831,.T.);
#15820 = FACE_BOUND('',#15821,.T.);
#15821 = EDGE_LOOP('',(#15822,#15828,#15829,#15830));
#15822 = ORIENTED_EDGE('',*,*,#15823,.T.);
#15823 = EDGE_CURVE('',#11453,#13614,#15824,.T.);
#15824 = LINE('',#15825,#15826);
#15825 = CARTESIAN_POINT('',(-36.473922,53.727426,0.));
#15826 = VECTOR('',#15827,1.);
#15827 = DIRECTION('',(0.,0.,1.));
#15828 = ORIENTED_EDGE('',*,*,#13613,.T.);
#15829 = ORIENTED_EDGE('',*,*,#15789,.F.);
#15830 = ORIENTED_EDGE('',*,*,#11452,.F.);
#15831 = PLANE('',#15832);
#15832 = AXIS2_PLACEMENT_3D('',#15833,#15834,#15835);
#15833 = CARTESIAN_POINT('',(-36.473922,53.727426,0.));
#15834 = DIRECTION('',(-0.553978814727,0.832530763896,0.));
#15835 = DIRECTION('',(0.832530763896,0.553978814727,0.));
#15836 = ADVANCED_FACE('',(#15837),#15848,.T.);
#15837 = FACE_BOUND('',#15838,.T.);
#15838 = EDGE_LOOP('',(#15839,#15840,#15841,#15847));
#15839 = ORIENTED_EDGE('',*,*,#15808,.T.);
#15840 = ORIENTED_EDGE('',*,*,#13655,.T.);
#15841 = ORIENTED_EDGE('',*,*,#15842,.F.);
#15842 = EDGE_CURVE('',#11487,#13648,#15843,.T.);
#15843 = LINE('',#15844,#15845);
#15844 = CARTESIAN_POINT('',(33.05,-54.999999,0.));
#15845 = VECTOR('',#15846,1.);
#15846 = DIRECTION('',(0.,0.,1.));
#15847 = ORIENTED_EDGE('',*,*,#11494,.F.);
#15848 = PLANE('',#15849);
#15849 = AXIS2_PLACEMENT_3D('',#15850,#15851,#15852);
#15850 = CARTESIAN_POINT('',(33.258627,-54.99784,0.));
#15851 = DIRECTION('',(1.034805850418E-02,-0.999946457409,0.));
#15852 = DIRECTION('',(-0.999946457409,-1.034805850418E-02,0.));
#15853 = ADVANCED_FACE('',(#15854),#15865,.T.);
#15854 = FACE_BOUND('',#15855,.T.);
#15855 = EDGE_LOOP('',(#15856,#15862,#15863,#15864));
#15856 = ORIENTED_EDGE('',*,*,#15857,.T.);
#15857 = EDGE_CURVE('',#11461,#13622,#15858,.T.);
#15858 = LINE('',#15859,#15860);
#15859 = CARTESIAN_POINT('',(-35.807116,-54.171127,0.));
#15860 = VECTOR('',#15861,1.);
#15861 = DIRECTION('',(0.,0.,1.));
#15862 = ORIENTED_EDGE('',*,*,#13621,.T.);
#15863 = ORIENTED_EDGE('',*,*,#15823,.F.);
#15864 = ORIENTED_EDGE('',*,*,#11460,.F.);
#15865 = CYLINDRICAL_SURFACE('',#15866,64.935502967024);
#15866 = AXIS2_PLACEMENT_3D('',#15867,#15868,#15869);
#15867 = CARTESIAN_POINT('',(-2.80909129685E-03,1.478183503131E-03,0.));
#15868 = DIRECTION('',(0.,0.,-1.));
#15869 = DIRECTION('',(-0.551382606937,-0.834252492215,-0.));
#15870 = ADVANCED_FACE('',(#15871),#15882,.T.);
#15871 = FACE_BOUND('',#15872,.T.);
#15872 = EDGE_LOOP('',(#15873,#15874,#15875,#15881));
#15873 = ORIENTED_EDGE('',*,*,#15842,.T.);
#15874 = ORIENTED_EDGE('',*,*,#13647,.T.);
#15875 = ORIENTED_EDGE('',*,*,#15876,.F.);
#15876 = EDGE_CURVE('',#11478,#13639,#15877,.T.);
#15877 = LINE('',#15878,#15879);
#15878 = CARTESIAN_POINT('',(-33.05,-54.999999,0.));
#15879 = VECTOR('',#15880,1.);
#15880 = DIRECTION('',(0.,0.,1.));
#15881 = ORIENTED_EDGE('',*,*,#11486,.F.);
#15882 = PLANE('',#15883);
#15883 = AXIS2_PLACEMENT_3D('',#15884,#15885,#15886);
#15884 = CARTESIAN_POINT('',(33.05,-54.999999,0.));
#15885 = DIRECTION('',(0.,-1.,0.));
#15886 = DIRECTION('',(-1.,0.,0.));
#15887 = ADVANCED_FACE('',(#15888),#15899,.T.);
#15888 = FACE_BOUND('',#15889,.T.);
#15889 = EDGE_LOOP('',(#15890,#15896,#15897,#15898));
#15890 = ORIENTED_EDGE('',*,*,#15891,.T.);
#15891 = EDGE_CURVE('',#11470,#13631,#15892,.T.);
#15892 = LINE('',#15893,#15894);
#15893 = CARTESIAN_POINT('',(-35.631884,-54.284369,0.));
#15894 = VECTOR('',#15895,1.);
#15895 = DIRECTION('',(0.,0.,1.));
#15896 = ORIENTED_EDGE('',*,*,#13630,.T.);
#15897 = ORIENTED_EDGE('',*,*,#15857,.F.);
#15898 = ORIENTED_EDGE('',*,*,#11469,.F.);
#15899 = PLANE('',#15900);
#15900 = AXIS2_PLACEMENT_3D('',#15901,#15902,#15903);
#15901 = CARTESIAN_POINT('',(-35.631884,-54.284369,0.));
#15902 = DIRECTION('',(-0.542766675837,-0.83988352502,0.));
#15903 = DIRECTION('',(-0.83988352502,0.542766675837,0.));
#15904 = ADVANCED_FACE('',(#15905),#15911,.T.);
#15905 = FACE_BOUND('',#15906,.T.);
#15906 = EDGE_LOOP('',(#15907,#15908,#15909,#15910));
#15907 = ORIENTED_EDGE('',*,*,#15876,.T.);
#15908 = ORIENTED_EDGE('',*,*,#13638,.T.);
#15909 = ORIENTED_EDGE('',*,*,#15891,.F.);
#15910 = ORIENTED_EDGE('',*,*,#11477,.F.);
#15911 = CYLINDRICAL_SURFACE('',#15912,4.9723568118);
#15912 = AXIS2_PLACEMENT_3D('',#15913,#15914,#15915);
#15913 = CARTESIAN_POINT('',(-33.06191694025,-50.02765646851,0.));
#15914 = DIRECTION('',(0.,0.,-1.));
#15915 = DIRECTION('',(2.396638195116E-03,-0.999997128059,0.));
#15916 = ADVANCED_FACE('',(#15917),#15928,.F.);
#15917 = FACE_BOUND('',#15918,.T.);
#15918 = EDGE_LOOP('',(#15919,#15920,#15926,#15927));
#15919 = ORIENTED_EDGE('',*,*,#11520,.T.);
#15920 = ORIENTED_EDGE('',*,*,#15921,.T.);
#15921 = EDGE_CURVE('',#11521,#13682,#15922,.T.);
#15922 = LINE('',#15923,#15924);
#15923 = CARTESIAN_POINT('',(-18.85,-51.699999,-4.5E-02));
#15924 = VECTOR('',#15925,1.);
#15925 = DIRECTION('',(0.,0.,1.));
#15926 = ORIENTED_EDGE('',*,*,#13681,.F.);
#15927 = ORIENTED_EDGE('',*,*,#15921,.F.);
#15928 = CYLINDRICAL_SURFACE('',#15929,0.5);
#15929 = AXIS2_PLACEMENT_3D('',#15930,#15931,#15932);
#15930 = CARTESIAN_POINT('',(-18.85,-51.199999,-4.5E-02));
#15931 = DIRECTION('',(-0.,-0.,-1.));
#15932 = DIRECTION('',(-0.,-1.,0.));
#15933 = ADVANCED_FACE('',(#15934),#15945,.F.);
#15934 = FACE_BOUND('',#15935,.T.);
#15935 = EDGE_LOOP('',(#15936,#15937,#15943,#15944));
#15936 = ORIENTED_EDGE('',*,*,#11531,.T.);
#15937 = ORIENTED_EDGE('',*,*,#15938,.T.);
#15938 = EDGE_CURVE('',#11532,#13693,#15939,.T.);
#15939 = LINE('',#15940,#15941);
#15940 = CARTESIAN_POINT('',(-16.31,-51.699999,-4.5E-02));
#15941 = VECTOR('',#15942,1.);
#15942 = DIRECTION('',(0.,0.,1.));
#15943 = ORIENTED_EDGE('',*,*,#13692,.F.);
#15944 = ORIENTED_EDGE('',*,*,#15938,.F.);
#15945 = CYLINDRICAL_SURFACE('',#15946,0.5);
#15946 = AXIS2_PLACEMENT_3D('',#15947,#15948,#15949);
#15947 = CARTESIAN_POINT('',(-16.31,-51.199999,-4.5E-02));
#15948 = DIRECTION('',(-0.,-0.,-1.));
#15949 = DIRECTION('',(-0.,-1.,0.));
#15950 = ADVANCED_FACE('',(#15951),#15962,.F.);
#15951 = FACE_BOUND('',#15952,.T.);
#15952 = EDGE_LOOP('',(#15953,#15954,#15960,#15961));
#15953 = ORIENTED_EDGE('',*,*,#11542,.T.);
#15954 = ORIENTED_EDGE('',*,*,#15955,.T.);
#15955 = EDGE_CURVE('',#11543,#13704,#15956,.T.);
#15956 = LINE('',#15957,#15958);
#15957 = CARTESIAN_POINT('',(-21.697056,-43.957055,-4.5E-02));
#15958 = VECTOR('',#15959,1.);
#15959 = DIRECTION('',(0.,0.,1.));
#15960 = ORIENTED_EDGE('',*,*,#13703,.F.);
#15961 = ORIENTED_EDGE('',*,*,#15955,.F.);
#15962 = CYLINDRICAL_SURFACE('',#15963,0.25);
#15963 = AXIS2_PLACEMENT_3D('',#15964,#15965,#15966);
#15964 = CARTESIAN_POINT('',(-21.697056,-43.707055,-4.5E-02));
#15965 = DIRECTION('',(-0.,-0.,-1.));
#15966 = DIRECTION('',(-0.,-1.,0.));
#15967 = ADVANCED_FACE('',(#15968),#15979,.F.);
#15968 = FACE_BOUND('',#15969,.T.);
#15969 = EDGE_LOOP('',(#15970,#15971,#15977,#15978));
#15970 = ORIENTED_EDGE('',*,*,#11553,.T.);
#15971 = ORIENTED_EDGE('',*,*,#15972,.T.);
#15972 = EDGE_CURVE('',#11554,#13715,#15973,.T.);
#15973 = LINE('',#15974,#15975);
#15974 = CARTESIAN_POINT('',(-22.4,-42.259999,-4.5E-02));
#15975 = VECTOR('',#15976,1.);
#15976 = DIRECTION('',(0.,0.,1.));
#15977 = ORIENTED_EDGE('',*,*,#13714,.F.);
#15978 = ORIENTED_EDGE('',*,*,#15972,.F.);
#15979 = CYLINDRICAL_SURFACE('',#15980,0.25);
#15980 = AXIS2_PLACEMENT_3D('',#15981,#15982,#15983);
#15981 = CARTESIAN_POINT('',(-22.4,-42.009999,-4.5E-02));
#15982 = DIRECTION('',(-0.,-0.,-1.));
#15983 = DIRECTION('',(-0.,-1.,0.));
#15984 = ADVANCED_FACE('',(#15985),#15996,.F.);
#15985 = FACE_BOUND('',#15986,.T.);
#15986 = EDGE_LOOP('',(#15987,#15988,#15994,#15995));
#15987 = ORIENTED_EDGE('',*,*,#11564,.T.);
#15988 = ORIENTED_EDGE('',*,*,#15989,.T.);
#15989 = EDGE_CURVE('',#11565,#13726,#15990,.T.);
#15990 = LINE('',#15991,#15992);
#15991 = CARTESIAN_POINT('',(-21.697056,-40.562943,-4.5E-02));
#15992 = VECTOR('',#15993,1.);
#15993 = DIRECTION('',(0.,0.,1.));
#15994 = ORIENTED_EDGE('',*,*,#13725,.F.);
#15995 = ORIENTED_EDGE('',*,*,#15989,.F.);
#15996 = CYLINDRICAL_SURFACE('',#15997,0.25);
#15997 = AXIS2_PLACEMENT_3D('',#15998,#15999,#16000);
#15998 = CARTESIAN_POINT('',(-21.697056,-40.312943,-4.5E-02));
#15999 = DIRECTION('',(-0.,-0.,-1.));
#16000 = DIRECTION('',(-0.,-1.,0.));
#16001 = ADVANCED_FACE('',(#16002),#16013,.F.);
#16002 = FACE_BOUND('',#16003,.T.);
#16003 = EDGE_LOOP('',(#16004,#16005,#16011,#16012));
#16004 = ORIENTED_EDGE('',*,*,#11575,.T.);
#16005 = ORIENTED_EDGE('',*,*,#16006,.T.);
#16006 = EDGE_CURVE('',#11576,#13737,#16007,.T.);
#16007 = LINE('',#16008,#16009);
#16008 = CARTESIAN_POINT('',(-20.,-44.659999,-4.5E-02));
#16009 = VECTOR('',#16010,1.);
#16010 = DIRECTION('',(0.,0.,1.));
#16011 = ORIENTED_EDGE('',*,*,#13736,.F.);
#16012 = ORIENTED_EDGE('',*,*,#16006,.F.);
#16013 = CYLINDRICAL_SURFACE('',#16014,0.25);
#16014 = AXIS2_PLACEMENT_3D('',#16015,#16016,#16017);
#16015 = CARTESIAN_POINT('',(-20.,-44.409999,-4.5E-02));
#16016 = DIRECTION('',(-0.,-0.,-1.));
#16017 = DIRECTION('',(-0.,-1.,0.));
#16018 = ADVANCED_FACE('',(#16019),#16030,.F.);
#16019 = FACE_BOUND('',#16020,.T.);
#16020 = EDGE_LOOP('',(#16021,#16022,#16028,#16029));
#16021 = ORIENTED_EDGE('',*,*,#11586,.T.);
#16022 = ORIENTED_EDGE('',*,*,#16023,.T.);
#16023 = EDGE_CURVE('',#11587,#13748,#16024,.T.);
#16024 = LINE('',#16025,#16026);
#16025 = CARTESIAN_POINT('',(-18.302944,-43.957055,-4.5E-02));
#16026 = VECTOR('',#16027,1.);
#16027 = DIRECTION('',(0.,0.,1.));
#16028 = ORIENTED_EDGE('',*,*,#13747,.F.);
#16029 = ORIENTED_EDGE('',*,*,#16023,.F.);
#16030 = CYLINDRICAL_SURFACE('',#16031,0.25);
#16031 = AXIS2_PLACEMENT_3D('',#16032,#16033,#16034);
#16032 = CARTESIAN_POINT('',(-18.302944,-43.707055,-4.5E-02));
#16033 = DIRECTION('',(-0.,-0.,-1.));
#16034 = DIRECTION('',(-0.,-1.,0.));
#16035 = ADVANCED_FACE('',(#16036),#16047,.F.);
#16036 = FACE_BOUND('',#16037,.T.);
#16037 = EDGE_LOOP('',(#16038,#16039,#16045,#16046));
#16038 = ORIENTED_EDGE('',*,*,#11597,.T.);
#16039 = ORIENTED_EDGE('',*,*,#16040,.T.);
#16040 = EDGE_CURVE('',#11598,#13759,#16041,.T.);
#16041 = LINE('',#16042,#16043);
#16042 = CARTESIAN_POINT('',(-20.,-43.609999,-4.5E-02));
#16043 = VECTOR('',#16044,1.);
#16044 = DIRECTION('',(0.,0.,1.));
#16045 = ORIENTED_EDGE('',*,*,#13758,.F.);
#16046 = ORIENTED_EDGE('',*,*,#16040,.F.);
#16047 = CYLINDRICAL_SURFACE('',#16048,1.6);
#16048 = AXIS2_PLACEMENT_3D('',#16049,#16050,#16051);
#16049 = CARTESIAN_POINT('',(-20.,-42.009999,-4.5E-02));
#16050 = DIRECTION('',(-0.,-0.,-1.));
#16051 = DIRECTION('',(-0.,-1.,0.));
#16052 = ADVANCED_FACE('',(#16053),#16064,.F.);
#16053 = FACE_BOUND('',#16054,.T.);
#16054 = EDGE_LOOP('',(#16055,#16056,#16062,#16063));
#16055 = ORIENTED_EDGE('',*,*,#11608,.T.);
#16056 = ORIENTED_EDGE('',*,*,#16057,.T.);
#16057 = EDGE_CURVE('',#11609,#13770,#16058,.T.);
#16058 = LINE('',#16059,#16060);
#16059 = CARTESIAN_POINT('',(-17.6,-42.259999,-4.5E-02));
#16060 = VECTOR('',#16061,1.);
#16061 = DIRECTION('',(0.,0.,1.));
#16062 = ORIENTED_EDGE('',*,*,#13769,.F.);
#16063 = ORIENTED_EDGE('',*,*,#16057,.F.);
#16064 = CYLINDRICAL_SURFACE('',#16065,0.25);
#16065 = AXIS2_PLACEMENT_3D('',#16066,#16067,#16068);
#16066 = CARTESIAN_POINT('',(-17.6,-42.009999,-4.5E-02));
#16067 = DIRECTION('',(-0.,-0.,-1.));
#16068 = DIRECTION('',(-0.,-1.,0.));
#16069 = ADVANCED_FACE('',(#16070),#16081,.F.);
#16070 = FACE_BOUND('',#16071,.T.);
#16071 = EDGE_LOOP('',(#16072,#16073,#16079,#16080));
#16072 = ORIENTED_EDGE('',*,*,#11619,.T.);
#16073 = ORIENTED_EDGE('',*,*,#16074,.T.);
#16074 = EDGE_CURVE('',#11620,#13781,#16075,.T.);
#16075 = LINE('',#16076,#16077);
#16076 = CARTESIAN_POINT('',(-20.,-39.859999,-4.5E-02));
#16077 = VECTOR('',#16078,1.);
#16078 = DIRECTION('',(0.,0.,1.));
#16079 = ORIENTED_EDGE('',*,*,#13780,.F.);
#16080 = ORIENTED_EDGE('',*,*,#16074,.F.);
#16081 = CYLINDRICAL_SURFACE('',#16082,0.25);
#16082 = AXIS2_PLACEMENT_3D('',#16083,#16084,#16085);
#16083 = CARTESIAN_POINT('',(-20.,-39.609999,-4.5E-02));
#16084 = DIRECTION('',(-0.,-0.,-1.));
#16085 = DIRECTION('',(-0.,-1.,0.));
#16086 = ADVANCED_FACE('',(#16087),#16098,.F.);
#16087 = FACE_BOUND('',#16088,.T.);
#16088 = EDGE_LOOP('',(#16089,#16090,#16096,#16097));
#16089 = ORIENTED_EDGE('',*,*,#11630,.T.);
#16090 = ORIENTED_EDGE('',*,*,#16091,.T.);
#16091 = EDGE_CURVE('',#11631,#13792,#16092,.T.);
#16092 = LINE('',#16093,#16094);
#16093 = CARTESIAN_POINT('',(-18.302944,-40.562943,-4.5E-02));
#16094 = VECTOR('',#16095,1.);
#16095 = DIRECTION('',(0.,0.,1.));
#16096 = ORIENTED_EDGE('',*,*,#13791,.F.);
#16097 = ORIENTED_EDGE('',*,*,#16091,.F.);
#16098 = CYLINDRICAL_SURFACE('',#16099,0.25);
#16099 = AXIS2_PLACEMENT_3D('',#16100,#16101,#16102);
#16100 = CARTESIAN_POINT('',(-18.302944,-40.312943,-4.5E-02));
#16101 = DIRECTION('',(-0.,-0.,-1.));
#16102 = DIRECTION('',(-0.,-1.,0.));
#16103 = ADVANCED_FACE('',(#16104),#16115,.F.);
#16104 = FACE_BOUND('',#16105,.T.);
#16105 = EDGE_LOOP('',(#16106,#16107,#16113,#16114));
#16106 = ORIENTED_EDGE('',*,*,#11641,.T.);
#16107 = ORIENTED_EDGE('',*,*,#16108,.T.);
#16108 = EDGE_CURVE('',#11642,#13803,#16109,.T.);
#16109 = LINE('',#16110,#16111);
#16110 = CARTESIAN_POINT('',(-13.77,-51.699999,-4.5E-02));
#16111 = VECTOR('',#16112,1.);
#16112 = DIRECTION('',(0.,0.,1.));
#16113 = ORIENTED_EDGE('',*,*,#13802,.F.);
#16114 = ORIENTED_EDGE('',*,*,#16108,.F.);
#16115 = CYLINDRICAL_SURFACE('',#16116,0.5);
#16116 = AXIS2_PLACEMENT_3D('',#16117,#16118,#16119);
#16117 = CARTESIAN_POINT('',(-13.77,-51.199999,-4.5E-02));
#16118 = DIRECTION('',(-0.,-0.,-1.));
#16119 = DIRECTION('',(-0.,-1.,0.));
#16120 = ADVANCED_FACE('',(#16121),#16132,.F.);
#16121 = FACE_BOUND('',#16122,.T.);
#16122 = EDGE_LOOP('',(#16123,#16124,#16130,#16131));
#16123 = ORIENTED_EDGE('',*,*,#11652,.T.);
#16124 = ORIENTED_EDGE('',*,*,#16125,.T.);
#16125 = EDGE_CURVE('',#11653,#13814,#16126,.T.);
#16126 = LINE('',#16127,#16128);
#16127 = CARTESIAN_POINT('',(-11.23,-51.699999,-4.5E-02));
#16128 = VECTOR('',#16129,1.);
#16129 = DIRECTION('',(0.,0.,1.));
#16130 = ORIENTED_EDGE('',*,*,#13813,.F.);
#16131 = ORIENTED_EDGE('',*,*,#16125,.F.);
#16132 = CYLINDRICAL_SURFACE('',#16133,0.5);
#16133 = AXIS2_PLACEMENT_3D('',#16134,#16135,#16136);
#16134 = CARTESIAN_POINT('',(-11.23,-51.199999,-4.5E-02));
#16135 = DIRECTION('',(-0.,-0.,-1.));
#16136 = DIRECTION('',(-0.,-1.,0.));
#16137 = ADVANCED_FACE('',(#16138),#16149,.F.);
#16138 = FACE_BOUND('',#16139,.T.);
#16139 = EDGE_LOOP('',(#16140,#16141,#16147,#16148));
#16140 = ORIENTED_EDGE('',*,*,#11663,.T.);
#16141 = ORIENTED_EDGE('',*,*,#16142,.T.);
#16142 = EDGE_CURVE('',#11664,#13825,#16143,.T.);
#16143 = LINE('',#16144,#16145);
#16144 = CARTESIAN_POINT('',(-8.69,-51.699999,-4.5E-02));
#16145 = VECTOR('',#16146,1.);
#16146 = DIRECTION('',(0.,0.,1.));
#16147 = ORIENTED_EDGE('',*,*,#13824,.F.);
#16148 = ORIENTED_EDGE('',*,*,#16142,.F.);
#16149 = CYLINDRICAL_SURFACE('',#16150,0.5);
#16150 = AXIS2_PLACEMENT_3D('',#16151,#16152,#16153);
#16151 = CARTESIAN_POINT('',(-8.69,-51.199999,-4.5E-02));
#16152 = DIRECTION('',(-0.,-0.,-1.));
#16153 = DIRECTION('',(-0.,-1.,0.));
#16154 = ADVANCED_FACE('',(#16155),#16166,.F.);
#16155 = FACE_BOUND('',#16156,.T.);
#16156 = EDGE_LOOP('',(#16157,#16158,#16164,#16165));
#16157 = ORIENTED_EDGE('',*,*,#11674,.T.);
#16158 = ORIENTED_EDGE('',*,*,#16159,.T.);
#16159 = EDGE_CURVE('',#11675,#13836,#16160,.T.);
#16160 = LINE('',#16161,#16162);
#16161 = CARTESIAN_POINT('',(-6.15,-51.699999,-4.5E-02));
#16162 = VECTOR('',#16163,1.);
#16163 = DIRECTION('',(0.,0.,1.));
#16164 = ORIENTED_EDGE('',*,*,#13835,.F.);
#16165 = ORIENTED_EDGE('',*,*,#16159,.F.);
#16166 = CYLINDRICAL_SURFACE('',#16167,0.5);
#16167 = AXIS2_PLACEMENT_3D('',#16168,#16169,#16170);
#16168 = CARTESIAN_POINT('',(-6.15,-51.199999,-4.5E-02));
#16169 = DIRECTION('',(-0.,-0.,-1.));
#16170 = DIRECTION('',(-0.,-1.,0.));
#16171 = ADVANCED_FACE('',(#16172),#16183,.F.);
#16172 = FACE_BOUND('',#16173,.T.);
#16173 = EDGE_LOOP('',(#16174,#16175,#16181,#16182));
#16174 = ORIENTED_EDGE('',*,*,#11685,.T.);
#16175 = ORIENTED_EDGE('',*,*,#16176,.T.);
#16176 = EDGE_CURVE('',#11686,#13847,#16177,.T.);
#16177 = LINE('',#16178,#16179);
#16178 = CARTESIAN_POINT('',(-6.697056,-43.957055,-4.5E-02));
#16179 = VECTOR('',#16180,1.);
#16180 = DIRECTION('',(0.,0.,1.));
#16181 = ORIENTED_EDGE('',*,*,#13846,.F.);
#16182 = ORIENTED_EDGE('',*,*,#16176,.F.);
#16183 = CYLINDRICAL_SURFACE('',#16184,0.25);
#16184 = AXIS2_PLACEMENT_3D('',#16185,#16186,#16187);
#16185 = CARTESIAN_POINT('',(-6.697056,-43.707055,-4.5E-02));
#16186 = DIRECTION('',(-0.,-0.,-1.));
#16187 = DIRECTION('',(-0.,-1.,0.));
#16188 = ADVANCED_FACE('',(#16189),#16200,.F.);
#16189 = FACE_BOUND('',#16190,.T.);
#16190 = EDGE_LOOP('',(#16191,#16192,#16198,#16199));
#16191 = ORIENTED_EDGE('',*,*,#11696,.T.);
#16192 = ORIENTED_EDGE('',*,*,#16193,.T.);
#16193 = EDGE_CURVE('',#11697,#13858,#16194,.T.);
#16194 = LINE('',#16195,#16196);
#16195 = CARTESIAN_POINT('',(-7.4,-42.259999,-4.5E-02));
#16196 = VECTOR('',#16197,1.);
#16197 = DIRECTION('',(0.,0.,1.));
#16198 = ORIENTED_EDGE('',*,*,#13857,.F.);
#16199 = ORIENTED_EDGE('',*,*,#16193,.F.);
#16200 = CYLINDRICAL_SURFACE('',#16201,0.25);
#16201 = AXIS2_PLACEMENT_3D('',#16202,#16203,#16204);
#16202 = CARTESIAN_POINT('',(-7.4,-42.009999,-4.5E-02));
#16203 = DIRECTION('',(-0.,-0.,-1.));
#16204 = DIRECTION('',(-0.,-1.,0.));
#16205 = ADVANCED_FACE('',(#16206),#16217,.F.);
#16206 = FACE_BOUND('',#16207,.T.);
#16207 = EDGE_LOOP('',(#16208,#16209,#16215,#16216));
#16208 = ORIENTED_EDGE('',*,*,#11707,.T.);
#16209 = ORIENTED_EDGE('',*,*,#16210,.T.);
#16210 = EDGE_CURVE('',#11708,#13869,#16211,.T.);
#16211 = LINE('',#16212,#16213);
#16212 = CARTESIAN_POINT('',(-5.,-44.659999,-4.5E-02));
#16213 = VECTOR('',#16214,1.);
#16214 = DIRECTION('',(0.,0.,1.));
#16215 = ORIENTED_EDGE('',*,*,#13868,.F.);
#16216 = ORIENTED_EDGE('',*,*,#16210,.F.);
#16217 = CYLINDRICAL_SURFACE('',#16218,0.25);
#16218 = AXIS2_PLACEMENT_3D('',#16219,#16220,#16221);
#16219 = CARTESIAN_POINT('',(-5.,-44.409999,-4.5E-02));
#16220 = DIRECTION('',(-0.,-0.,-1.));
#16221 = DIRECTION('',(-0.,-1.,0.));
#16222 = ADVANCED_FACE('',(#16223),#16234,.F.);
#16223 = FACE_BOUND('',#16224,.T.);
#16224 = EDGE_LOOP('',(#16225,#16226,#16232,#16233));
#16225 = ORIENTED_EDGE('',*,*,#11718,.T.);
#16226 = ORIENTED_EDGE('',*,*,#16227,.T.);
#16227 = EDGE_CURVE('',#11719,#13880,#16228,.T.);
#16228 = LINE('',#16229,#16230);
#16229 = CARTESIAN_POINT('',(-5.,-43.609999,-4.5E-02));
#16230 = VECTOR('',#16231,1.);
#16231 = DIRECTION('',(0.,0.,1.));
#16232 = ORIENTED_EDGE('',*,*,#13879,.F.);
#16233 = ORIENTED_EDGE('',*,*,#16227,.F.);
#16234 = CYLINDRICAL_SURFACE('',#16235,1.6);
#16235 = AXIS2_PLACEMENT_3D('',#16236,#16237,#16238);
#16236 = CARTESIAN_POINT('',(-5.,-42.009999,-4.5E-02));
#16237 = DIRECTION('',(-0.,-0.,-1.));
#16238 = DIRECTION('',(-0.,-1.,0.));
#16239 = ADVANCED_FACE('',(#16240),#16251,.F.);
#16240 = FACE_BOUND('',#16241,.T.);
#16241 = EDGE_LOOP('',(#16242,#16243,#16249,#16250));
#16242 = ORIENTED_EDGE('',*,*,#11729,.T.);
#16243 = ORIENTED_EDGE('',*,*,#16244,.T.);
#16244 = EDGE_CURVE('',#11730,#13891,#16245,.T.);
#16245 = LINE('',#16246,#16247);
#16246 = CARTESIAN_POINT('',(-6.697056,-40.562943,-4.5E-02));
#16247 = VECTOR('',#16248,1.);
#16248 = DIRECTION('',(0.,0.,1.));
#16249 = ORIENTED_EDGE('',*,*,#13890,.F.);
#16250 = ORIENTED_EDGE('',*,*,#16244,.F.);
#16251 = CYLINDRICAL_SURFACE('',#16252,0.25);
#16252 = AXIS2_PLACEMENT_3D('',#16253,#16254,#16255);
#16253 = CARTESIAN_POINT('',(-6.697056,-40.312943,-4.5E-02));
#16254 = DIRECTION('',(-0.,-0.,-1.));
#16255 = DIRECTION('',(-0.,-1.,0.));
#16256 = ADVANCED_FACE('',(#16257),#16268,.F.);
#16257 = FACE_BOUND('',#16258,.T.);
#16258 = EDGE_LOOP('',(#16259,#16260,#16266,#16267));
#16259 = ORIENTED_EDGE('',*,*,#11740,.T.);
#16260 = ORIENTED_EDGE('',*,*,#16261,.T.);
#16261 = EDGE_CURVE('',#11741,#13902,#16262,.T.);
#16262 = LINE('',#16263,#16264);
#16263 = CARTESIAN_POINT('',(-5.,-39.859999,-4.5E-02));
#16264 = VECTOR('',#16265,1.);
#16265 = DIRECTION('',(0.,0.,1.));
#16266 = ORIENTED_EDGE('',*,*,#13901,.F.);
#16267 = ORIENTED_EDGE('',*,*,#16261,.F.);
#16268 = CYLINDRICAL_SURFACE('',#16269,0.25);
#16269 = AXIS2_PLACEMENT_3D('',#16270,#16271,#16272);
#16270 = CARTESIAN_POINT('',(-5.,-39.609999,-4.5E-02));
#16271 = DIRECTION('',(-0.,-0.,-1.));
#16272 = DIRECTION('',(-0.,-1.,0.));
#16273 = ADVANCED_FACE('',(#16274),#16285,.F.);
#16274 = FACE_BOUND('',#16275,.T.);
#16275 = EDGE_LOOP('',(#16276,#16277,#16283,#16284));
#16276 = ORIENTED_EDGE('',*,*,#11751,.T.);
#16277 = ORIENTED_EDGE('',*,*,#16278,.T.);
#16278 = EDGE_CURVE('',#11752,#13913,#16279,.T.);
#16279 = LINE('',#16280,#16281);
#16280 = CARTESIAN_POINT('',(-23.05,-32.649999,-4.5E-02));
#16281 = VECTOR('',#16282,1.);
#16282 = DIRECTION('',(0.,0.,1.));
#16283 = ORIENTED_EDGE('',*,*,#13912,.F.);
#16284 = ORIENTED_EDGE('',*,*,#16278,.F.);
#16285 = CYLINDRICAL_SURFACE('',#16286,0.25);
#16286 = AXIS2_PLACEMENT_3D('',#16287,#16288,#16289);
#16287 = CARTESIAN_POINT('',(-23.05,-32.399999,-4.5E-02));
#16288 = DIRECTION('',(-0.,-0.,-1.));
#16289 = DIRECTION('',(-0.,-1.,0.));
#16290 = ADVANCED_FACE('',(#16291),#16302,.F.);
#16291 = FACE_BOUND('',#16292,.T.);
#16292 = EDGE_LOOP('',(#16293,#16294,#16300,#16301));
#16293 = ORIENTED_EDGE('',*,*,#11762,.T.);
#16294 = ORIENTED_EDGE('',*,*,#16295,.T.);
#16295 = EDGE_CURVE('',#11763,#13924,#16296,.T.);
#16296 = LINE('',#16297,#16298);
#16297 = CARTESIAN_POINT('',(-15.98,-34.788999,-4.5E-02));
#16298 = VECTOR('',#16299,1.);
#16299 = DIRECTION('',(0.,0.,1.));
#16300 = ORIENTED_EDGE('',*,*,#13923,.F.);
#16301 = ORIENTED_EDGE('',*,*,#16295,.F.);
#16302 = CYLINDRICAL_SURFACE('',#16303,0.5);
#16303 = AXIS2_PLACEMENT_3D('',#16304,#16305,#16306);
#16304 = CARTESIAN_POINT('',(-15.98,-34.288999,-4.5E-02));
#16305 = DIRECTION('',(-0.,-0.,-1.));
#16306 = DIRECTION('',(-0.,-1.,0.));
#16307 = ADVANCED_FACE('',(#16308),#16319,.F.);
#16308 = FACE_BOUND('',#16309,.T.);
#16309 = EDGE_LOOP('',(#16310,#16311,#16317,#16318));
#16310 = ORIENTED_EDGE('',*,*,#11773,.T.);
#16311 = ORIENTED_EDGE('',*,*,#16312,.T.);
#16312 = EDGE_CURVE('',#11774,#13935,#16313,.T.);
#16313 = LINE('',#16314,#16315);
#16314 = CARTESIAN_POINT('',(-24.747056,-31.947055,-4.5E-02));
#16315 = VECTOR('',#16316,1.);
#16316 = DIRECTION('',(0.,0.,1.));
#16317 = ORIENTED_EDGE('',*,*,#13934,.F.);
#16318 = ORIENTED_EDGE('',*,*,#16312,.F.);
#16319 = CYLINDRICAL_SURFACE('',#16320,0.25);
#16320 = AXIS2_PLACEMENT_3D('',#16321,#16322,#16323);
#16321 = CARTESIAN_POINT('',(-24.747056,-31.697055,-4.5E-02));
#16322 = DIRECTION('',(-0.,-0.,-1.));
#16323 = DIRECTION('',(-0.,-1.,0.));
#16324 = ADVANCED_FACE('',(#16325),#16336,.F.);
#16325 = FACE_BOUND('',#16326,.T.);
#16326 = EDGE_LOOP('',(#16327,#16328,#16334,#16335));
#16327 = ORIENTED_EDGE('',*,*,#11784,.T.);
#16328 = ORIENTED_EDGE('',*,*,#16329,.T.);
#16329 = EDGE_CURVE('',#11785,#13946,#16330,.T.);
#16330 = LINE('',#16331,#16332);
#16331 = CARTESIAN_POINT('',(-25.45,-30.249999,-4.5E-02));
#16332 = VECTOR('',#16333,1.);
#16333 = DIRECTION('',(0.,0.,1.));
#16334 = ORIENTED_EDGE('',*,*,#13945,.F.);
#16335 = ORIENTED_EDGE('',*,*,#16329,.F.);
#16336 = CYLINDRICAL_SURFACE('',#16337,0.25);
#16337 = AXIS2_PLACEMENT_3D('',#16338,#16339,#16340);
#16338 = CARTESIAN_POINT('',(-25.45,-29.999999,-4.5E-02));
#16339 = DIRECTION('',(-0.,-0.,-1.));
#16340 = DIRECTION('',(-0.,-1.,0.));
#16341 = ADVANCED_FACE('',(#16342),#16353,.F.);
#16342 = FACE_BOUND('',#16343,.T.);
#16343 = EDGE_LOOP('',(#16344,#16345,#16351,#16352));
#16344 = ORIENTED_EDGE('',*,*,#11795,.T.);
#16345 = ORIENTED_EDGE('',*,*,#16346,.T.);
#16346 = EDGE_CURVE('',#11796,#13957,#16347,.T.);
#16347 = LINE('',#16348,#16349);
#16348 = CARTESIAN_POINT('',(-23.05,-31.599999,-4.5E-02));
#16349 = VECTOR('',#16350,1.);
#16350 = DIRECTION('',(0.,0.,1.));
#16351 = ORIENTED_EDGE('',*,*,#13956,.F.);
#16352 = ORIENTED_EDGE('',*,*,#16346,.F.);
#16353 = CYLINDRICAL_SURFACE('',#16354,1.6);
#16354 = AXIS2_PLACEMENT_3D('',#16355,#16356,#16357);
#16355 = CARTESIAN_POINT('',(-23.05,-29.999999,-4.5E-02));
#16356 = DIRECTION('',(-0.,-0.,-1.));
#16357 = DIRECTION('',(-2.22044604925E-15,-1.,0.));
#16358 = ADVANCED_FACE('',(#16359),#16370,.F.);
#16359 = FACE_BOUND('',#16360,.T.);
#16360 = EDGE_LOOP('',(#16361,#16362,#16368,#16369));
#16361 = ORIENTED_EDGE('',*,*,#11806,.T.);
#16362 = ORIENTED_EDGE('',*,*,#16363,.T.);
#16363 = EDGE_CURVE('',#11807,#13968,#16364,.T.);
#16364 = LINE('',#16365,#16366);
#16365 = CARTESIAN_POINT('',(-21.352944,-31.947055,-4.5E-02));
#16366 = VECTOR('',#16367,1.);
#16367 = DIRECTION('',(0.,0.,1.));
#16368 = ORIENTED_EDGE('',*,*,#13967,.F.);
#16369 = ORIENTED_EDGE('',*,*,#16363,.F.);
#16370 = CYLINDRICAL_SURFACE('',#16371,0.25);
#16371 = AXIS2_PLACEMENT_3D('',#16372,#16373,#16374);
#16372 = CARTESIAN_POINT('',(-21.352944,-31.697055,-4.5E-02));
#16373 = DIRECTION('',(-0.,-0.,-1.));
#16374 = DIRECTION('',(-0.,-1.,0.));
#16375 = ADVANCED_FACE('',(#16376),#16387,.F.);
#16376 = FACE_BOUND('',#16377,.T.);
#16377 = EDGE_LOOP('',(#16378,#16379,#16385,#16386));
#16378 = ORIENTED_EDGE('',*,*,#11817,.T.);
#16379 = ORIENTED_EDGE('',*,*,#16380,.T.);
#16380 = EDGE_CURVE('',#11818,#13979,#16381,.T.);
#16381 = LINE('',#16382,#16383);
#16382 = CARTESIAN_POINT('',(-20.65,-30.249999,-4.5E-02));
#16383 = VECTOR('',#16384,1.);
#16384 = DIRECTION('',(0.,0.,1.));
#16385 = ORIENTED_EDGE('',*,*,#13978,.F.);
#16386 = ORIENTED_EDGE('',*,*,#16380,.F.);
#16387 = CYLINDRICAL_SURFACE('',#16388,0.25);
#16388 = AXIS2_PLACEMENT_3D('',#16389,#16390,#16391);
#16389 = CARTESIAN_POINT('',(-20.65,-29.999999,-4.5E-02));
#16390 = DIRECTION('',(-0.,-0.,-1.));
#16391 = DIRECTION('',(-0.,-1.,0.));
#16392 = ADVANCED_FACE('',(#16393),#16404,.F.);
#16393 = FACE_BOUND('',#16394,.T.);
#16394 = EDGE_LOOP('',(#16395,#16396,#16402,#16403));
#16395 = ORIENTED_EDGE('',*,*,#11828,.T.);
#16396 = ORIENTED_EDGE('',*,*,#16397,.T.);
#16397 = EDGE_CURVE('',#11829,#13990,#16398,.T.);
#16398 = LINE('',#16399,#16400);
#16399 = CARTESIAN_POINT('',(-24.747056,-28.552943,-4.5E-02));
#16400 = VECTOR('',#16401,1.);
#16401 = DIRECTION('',(0.,0.,1.));
#16402 = ORIENTED_EDGE('',*,*,#13989,.F.);
#16403 = ORIENTED_EDGE('',*,*,#16397,.F.);
#16404 = CYLINDRICAL_SURFACE('',#16405,0.25);
#16405 = AXIS2_PLACEMENT_3D('',#16406,#16407,#16408);
#16406 = CARTESIAN_POINT('',(-24.747056,-28.302943,-4.5E-02));
#16407 = DIRECTION('',(-0.,-0.,-1.));
#16408 = DIRECTION('',(-0.,-1.,0.));
#16409 = ADVANCED_FACE('',(#16410),#16421,.F.);
#16410 = FACE_BOUND('',#16411,.T.);
#16411 = EDGE_LOOP('',(#16412,#16413,#16419,#16420));
#16412 = ORIENTED_EDGE('',*,*,#11839,.T.);
#16413 = ORIENTED_EDGE('',*,*,#16414,.T.);
#16414 = EDGE_CURVE('',#11840,#14001,#16415,.T.);
#16415 = LINE('',#16416,#16417);
#16416 = CARTESIAN_POINT('',(-23.05,-27.849999,-4.5E-02));
#16417 = VECTOR('',#16418,1.);
#16418 = DIRECTION('',(0.,0.,1.));
#16419 = ORIENTED_EDGE('',*,*,#14000,.F.);
#16420 = ORIENTED_EDGE('',*,*,#16414,.F.);
#16421 = CYLINDRICAL_SURFACE('',#16422,0.25);
#16422 = AXIS2_PLACEMENT_3D('',#16423,#16424,#16425);
#16423 = CARTESIAN_POINT('',(-23.05,-27.599999,-4.5E-02));
#16424 = DIRECTION('',(-0.,-0.,-1.));
#16425 = DIRECTION('',(-0.,-1.,0.));
#16426 = ADVANCED_FACE('',(#16427),#16438,.F.);
#16427 = FACE_BOUND('',#16428,.T.);
#16428 = EDGE_LOOP('',(#16429,#16430,#16436,#16437));
#16429 = ORIENTED_EDGE('',*,*,#11850,.T.);
#16430 = ORIENTED_EDGE('',*,*,#16431,.T.);
#16431 = EDGE_CURVE('',#11851,#14012,#16432,.T.);
#16432 = LINE('',#16433,#16434);
#16433 = CARTESIAN_POINT('',(-21.352944,-28.552943,-4.5E-02));
#16434 = VECTOR('',#16435,1.);
#16435 = DIRECTION('',(0.,0.,1.));
#16436 = ORIENTED_EDGE('',*,*,#14011,.F.);
#16437 = ORIENTED_EDGE('',*,*,#16431,.F.);
#16438 = CYLINDRICAL_SURFACE('',#16439,0.25);
#16439 = AXIS2_PLACEMENT_3D('',#16440,#16441,#16442);
#16440 = CARTESIAN_POINT('',(-21.352944,-28.302943,-4.5E-02));
#16441 = DIRECTION('',(-0.,-0.,-1.));
#16442 = DIRECTION('',(-0.,-1.,0.));
#16443 = ADVANCED_FACE('',(#16444),#16455,.F.);
#16444 = FACE_BOUND('',#16445,.T.);
#16445 = EDGE_LOOP('',(#16446,#16447,#16453,#16454));
#16446 = ORIENTED_EDGE('',*,*,#11861,.T.);
#16447 = ORIENTED_EDGE('',*,*,#16448,.T.);
#16448 = EDGE_CURVE('',#11862,#14023,#16449,.T.);
#16449 = LINE('',#16450,#16451);
#16450 = CARTESIAN_POINT('',(-15.98,-32.248999,-4.5E-02));
#16451 = VECTOR('',#16452,1.);
#16452 = DIRECTION('',(0.,0.,1.));
#16453 = ORIENTED_EDGE('',*,*,#14022,.F.);
#16454 = ORIENTED_EDGE('',*,*,#16448,.F.);
#16455 = CYLINDRICAL_SURFACE('',#16456,0.5);
#16456 = AXIS2_PLACEMENT_3D('',#16457,#16458,#16459);
#16457 = CARTESIAN_POINT('',(-15.98,-31.748999,-4.5E-02));
#16458 = DIRECTION('',(-0.,-0.,-1.));
#16459 = DIRECTION('',(-0.,-1.,0.));
#16460 = ADVANCED_FACE('',(#16461),#16472,.F.);
#16461 = FACE_BOUND('',#16462,.T.);
#16462 = EDGE_LOOP('',(#16463,#16464,#16470,#16471));
#16463 = ORIENTED_EDGE('',*,*,#11872,.T.);
#16464 = ORIENTED_EDGE('',*,*,#16465,.T.);
#16465 = EDGE_CURVE('',#11873,#14034,#16466,.T.);
#16466 = LINE('',#16467,#16468);
#16467 = CARTESIAN_POINT('',(-15.98,-29.708999,-4.5E-02));
#16468 = VECTOR('',#16469,1.);
#16469 = DIRECTION('',(0.,0.,1.));
#16470 = ORIENTED_EDGE('',*,*,#14033,.F.);
#16471 = ORIENTED_EDGE('',*,*,#16465,.F.);
#16472 = CYLINDRICAL_SURFACE('',#16473,0.5);
#16473 = AXIS2_PLACEMENT_3D('',#16474,#16475,#16476);
#16474 = CARTESIAN_POINT('',(-15.98,-29.208999,-4.5E-02));
#16475 = DIRECTION('',(-0.,-0.,-1.));
#16476 = DIRECTION('',(-0.,-1.,0.));
#16477 = ADVANCED_FACE('',(#16478),#16489,.F.);
#16478 = FACE_BOUND('',#16479,.T.);
#16479 = EDGE_LOOP('',(#16480,#16481,#16487,#16488));
#16480 = ORIENTED_EDGE('',*,*,#11883,.T.);
#16481 = ORIENTED_EDGE('',*,*,#16482,.T.);
#16482 = EDGE_CURVE('',#11884,#14045,#16483,.T.);
#16483 = LINE('',#16484,#16485);
#16484 = CARTESIAN_POINT('',(-15.98,-27.168999,-4.5E-02));
#16485 = VECTOR('',#16486,1.);
#16486 = DIRECTION('',(0.,0.,1.));
#16487 = ORIENTED_EDGE('',*,*,#14044,.F.);
#16488 = ORIENTED_EDGE('',*,*,#16482,.F.);
#16489 = CYLINDRICAL_SURFACE('',#16490,0.5);
#16490 = AXIS2_PLACEMENT_3D('',#16491,#16492,#16493);
#16491 = CARTESIAN_POINT('',(-15.98,-26.668999,-4.5E-02));
#16492 = DIRECTION('',(-0.,-0.,-1.));
#16493 = DIRECTION('',(-0.,-1.,0.));
#16494 = ADVANCED_FACE('',(#16495),#16506,.F.);
#16495 = FACE_BOUND('',#16496,.T.);
#16496 = EDGE_LOOP('',(#16497,#16498,#16504,#16505));
#16497 = ORIENTED_EDGE('',*,*,#11894,.T.);
#16498 = ORIENTED_EDGE('',*,*,#16499,.T.);
#16499 = EDGE_CURVE('',#11895,#14056,#16500,.T.);
#16500 = LINE('',#16501,#16502);
#16501 = CARTESIAN_POINT('',(-26.757056,-9.447055,-4.5E-02));
#16502 = VECTOR('',#16503,1.);
#16503 = DIRECTION('',(0.,0.,1.));
#16504 = ORIENTED_EDGE('',*,*,#14055,.F.);
#16505 = ORIENTED_EDGE('',*,*,#16499,.F.);
#16506 = CYLINDRICAL_SURFACE('',#16507,0.25);
#16507 = AXIS2_PLACEMENT_3D('',#16508,#16509,#16510);
#16508 = CARTESIAN_POINT('',(-26.757056,-9.197055,-4.5E-02));
#16509 = DIRECTION('',(-0.,-0.,-1.));
#16510 = DIRECTION('',(-0.,-1.,0.));
#16511 = ADVANCED_FACE('',(#16512),#16523,.F.);
#16512 = FACE_BOUND('',#16513,.T.);
#16513 = EDGE_LOOP('',(#16514,#16515,#16521,#16522));
#16514 = ORIENTED_EDGE('',*,*,#11905,.T.);
#16515 = ORIENTED_EDGE('',*,*,#16516,.T.);
#16516 = EDGE_CURVE('',#11906,#14067,#16517,.T.);
#16517 = LINE('',#16518,#16519);
#16518 = CARTESIAN_POINT('',(-27.46,-7.749999,-4.5E-02));
#16519 = VECTOR('',#16520,1.);
#16520 = DIRECTION('',(0.,0.,1.));
#16521 = ORIENTED_EDGE('',*,*,#14066,.F.);
#16522 = ORIENTED_EDGE('',*,*,#16516,.F.);
#16523 = CYLINDRICAL_SURFACE('',#16524,0.25);
#16524 = AXIS2_PLACEMENT_3D('',#16525,#16526,#16527);
#16525 = CARTESIAN_POINT('',(-27.46,-7.499999,-4.5E-02));
#16526 = DIRECTION('',(-0.,-0.,-1.));
#16527 = DIRECTION('',(-0.,-1.,0.));
#16528 = ADVANCED_FACE('',(#16529),#16540,.F.);
#16529 = FACE_BOUND('',#16530,.T.);
#16530 = EDGE_LOOP('',(#16531,#16532,#16538,#16539));
#16531 = ORIENTED_EDGE('',*,*,#11916,.T.);
#16532 = ORIENTED_EDGE('',*,*,#16533,.T.);
#16533 = EDGE_CURVE('',#11917,#14078,#16534,.T.);
#16534 = LINE('',#16535,#16536);
#16535 = CARTESIAN_POINT('',(-34.25,-6.849999,-4.5E-02));
#16536 = VECTOR('',#16537,1.);
#16537 = DIRECTION('',(0.,0.,1.));
#16538 = ORIENTED_EDGE('',*,*,#14077,.F.);
#16539 = ORIENTED_EDGE('',*,*,#16533,.F.);
#16540 = CYLINDRICAL_SURFACE('',#16541,0.5);
#16541 = AXIS2_PLACEMENT_3D('',#16542,#16543,#16544);
#16542 = CARTESIAN_POINT('',(-34.25,-6.349999,-4.5E-02));
#16543 = DIRECTION('',(-0.,-0.,-1.));
#16544 = DIRECTION('',(-0.,-1.,0.));
#16545 = ADVANCED_FACE('',(#16546),#16557,.F.);
#16546 = FACE_BOUND('',#16547,.T.);
#16547 = EDGE_LOOP('',(#16548,#16549,#16555,#16556));
#16548 = ORIENTED_EDGE('',*,*,#11927,.T.);
#16549 = ORIENTED_EDGE('',*,*,#16550,.T.);
#16550 = EDGE_CURVE('',#11928,#14089,#16551,.T.);
#16551 = LINE('',#16552,#16553);
#16552 = CARTESIAN_POINT('',(-34.25,-4.309999,-4.5E-02));
#16553 = VECTOR('',#16554,1.);
#16554 = DIRECTION('',(0.,0.,1.));
#16555 = ORIENTED_EDGE('',*,*,#14088,.F.);
#16556 = ORIENTED_EDGE('',*,*,#16550,.F.);
#16557 = CYLINDRICAL_SURFACE('',#16558,0.5);
#16558 = AXIS2_PLACEMENT_3D('',#16559,#16560,#16561);
#16559 = CARTESIAN_POINT('',(-34.25,-3.809999,-4.5E-02));
#16560 = DIRECTION('',(-0.,-0.,-1.));
#16561 = DIRECTION('',(-0.,-1.,0.));
#16562 = ADVANCED_FACE('',(#16563),#16574,.F.);
#16563 = FACE_BOUND('',#16564,.T.);
#16564 = EDGE_LOOP('',(#16565,#16566,#16572,#16573));
#16565 = ORIENTED_EDGE('',*,*,#11938,.T.);
#16566 = ORIENTED_EDGE('',*,*,#16567,.T.);
#16567 = EDGE_CURVE('',#11939,#14100,#16568,.T.);
#16568 = LINE('',#16569,#16570);
#16569 = CARTESIAN_POINT('',(-34.25,-1.769999,-4.5E-02));
#16570 = VECTOR('',#16571,1.);
#16571 = DIRECTION('',(0.,0.,1.));
#16572 = ORIENTED_EDGE('',*,*,#14099,.F.);
#16573 = ORIENTED_EDGE('',*,*,#16567,.F.);
#16574 = CYLINDRICAL_SURFACE('',#16575,0.5);
#16575 = AXIS2_PLACEMENT_3D('',#16576,#16577,#16578);
#16576 = CARTESIAN_POINT('',(-34.25,-1.269999,-4.5E-02));
#16577 = DIRECTION('',(-0.,-0.,-1.));
#16578 = DIRECTION('',(-0.,-1.,0.));
#16579 = ADVANCED_FACE('',(#16580),#16591,.F.);
#16580 = FACE_BOUND('',#16581,.T.);
#16581 = EDGE_LOOP('',(#16582,#16583,#16589,#16590));
#16582 = ORIENTED_EDGE('',*,*,#11949,.T.);
#16583 = ORIENTED_EDGE('',*,*,#16584,.T.);
#16584 = EDGE_CURVE('',#11950,#14111,#16585,.T.);
#16585 = LINE('',#16586,#16587);
#16586 = CARTESIAN_POINT('',(-26.757056,-6.052943,-4.5E-02));
#16587 = VECTOR('',#16588,1.);
#16588 = DIRECTION('',(0.,0.,1.));
#16589 = ORIENTED_EDGE('',*,*,#14110,.F.);
#16590 = ORIENTED_EDGE('',*,*,#16584,.F.);
#16591 = CYLINDRICAL_SURFACE('',#16592,0.25);
#16592 = AXIS2_PLACEMENT_3D('',#16593,#16594,#16595);
#16593 = CARTESIAN_POINT('',(-26.757056,-5.802943,-4.5E-02));
#16594 = DIRECTION('',(-0.,-0.,-1.));
#16595 = DIRECTION('',(-0.,-1.,0.));
#16596 = ADVANCED_FACE('',(#16597),#16608,.F.);
#16597 = FACE_BOUND('',#16598,.T.);
#16598 = EDGE_LOOP('',(#16599,#16600,#16606,#16607));
#16599 = ORIENTED_EDGE('',*,*,#11960,.T.);
#16600 = ORIENTED_EDGE('',*,*,#16601,.T.);
#16601 = EDGE_CURVE('',#11961,#14122,#16602,.T.);
#16602 = LINE('',#16603,#16604);
#16603 = CARTESIAN_POINT('',(-15.98,-24.628999,-4.5E-02));
#16604 = VECTOR('',#16605,1.);
#16605 = DIRECTION('',(0.,0.,1.));
#16606 = ORIENTED_EDGE('',*,*,#14121,.F.);
#16607 = ORIENTED_EDGE('',*,*,#16601,.F.);
#16608 = CYLINDRICAL_SURFACE('',#16609,0.5);
#16609 = AXIS2_PLACEMENT_3D('',#16610,#16611,#16612);
#16610 = CARTESIAN_POINT('',(-15.98,-24.128999,-4.5E-02));
#16611 = DIRECTION('',(-0.,-0.,-1.));
#16612 = DIRECTION('',(-0.,-1.,0.));
#16613 = ADVANCED_FACE('',(#16614),#16625,.F.);
#16614 = FACE_BOUND('',#16615,.T.);
#16615 = EDGE_LOOP('',(#16616,#16617,#16623,#16624));
#16616 = ORIENTED_EDGE('',*,*,#11971,.T.);
#16617 = ORIENTED_EDGE('',*,*,#16618,.T.);
#16618 = EDGE_CURVE('',#11972,#14133,#16619,.T.);
#16619 = LINE('',#16620,#16621);
#16620 = CARTESIAN_POINT('',(-15.98,-22.088999,-4.5E-02));
#16621 = VECTOR('',#16622,1.);
#16622 = DIRECTION('',(0.,0.,1.));
#16623 = ORIENTED_EDGE('',*,*,#14132,.F.);
#16624 = ORIENTED_EDGE('',*,*,#16618,.F.);
#16625 = CYLINDRICAL_SURFACE('',#16626,0.5);
#16626 = AXIS2_PLACEMENT_3D('',#16627,#16628,#16629);
#16627 = CARTESIAN_POINT('',(-15.98,-21.588999,-4.5E-02));
#16628 = DIRECTION('',(-0.,-0.,-1.));
#16629 = DIRECTION('',(-0.,-1.,0.));
#16630 = ADVANCED_FACE('',(#16631),#16642,.F.);
#16631 = FACE_BOUND('',#16632,.T.);
#16632 = EDGE_LOOP('',(#16633,#16634,#16640,#16641));
#16633 = ORIENTED_EDGE('',*,*,#11982,.T.);
#16634 = ORIENTED_EDGE('',*,*,#16635,.T.);
#16635 = EDGE_CURVE('',#11983,#14144,#16636,.T.);
#16636 = LINE('',#16637,#16638);
#16637 = CARTESIAN_POINT('',(-15.98,-19.548999,-4.5E-02));
#16638 = VECTOR('',#16639,1.);
#16639 = DIRECTION('',(0.,0.,1.));
#16640 = ORIENTED_EDGE('',*,*,#14143,.F.);
#16641 = ORIENTED_EDGE('',*,*,#16635,.F.);
#16642 = CYLINDRICAL_SURFACE('',#16643,0.5);
#16643 = AXIS2_PLACEMENT_3D('',#16644,#16645,#16646);
#16644 = CARTESIAN_POINT('',(-15.98,-19.048999,-4.5E-02));
#16645 = DIRECTION('',(-0.,-0.,-1.));
#16646 = DIRECTION('',(-0.,-1.,0.));
#16647 = ADVANCED_FACE('',(#16648),#16659,.F.);
#16648 = FACE_BOUND('',#16649,.T.);
#16649 = EDGE_LOOP('',(#16650,#16651,#16657,#16658));
#16650 = ORIENTED_EDGE('',*,*,#11993,.T.);
#16651 = ORIENTED_EDGE('',*,*,#16652,.T.);
#16652 = EDGE_CURVE('',#11994,#14155,#16653,.T.);
#16653 = LINE('',#16654,#16655);
#16654 = CARTESIAN_POINT('',(-15.98,-17.008999,-4.5E-02));
#16655 = VECTOR('',#16656,1.);
#16656 = DIRECTION('',(0.,0.,1.));
#16657 = ORIENTED_EDGE('',*,*,#14154,.F.);
#16658 = ORIENTED_EDGE('',*,*,#16652,.F.);
#16659 = CYLINDRICAL_SURFACE('',#16660,0.5);
#16660 = AXIS2_PLACEMENT_3D('',#16661,#16662,#16663);
#16661 = CARTESIAN_POINT('',(-15.98,-16.508999,-4.5E-02));
#16662 = DIRECTION('',(-0.,-0.,-1.));
#16663 = DIRECTION('',(-0.,-1.,0.));
#16664 = ADVANCED_FACE('',(#16665),#16676,.F.);
#16665 = FACE_BOUND('',#16666,.T.);
#16666 = EDGE_LOOP('',(#16667,#16668,#16674,#16675));
#16667 = ORIENTED_EDGE('',*,*,#12004,.T.);
#16668 = ORIENTED_EDGE('',*,*,#16669,.T.);
#16669 = EDGE_CURVE('',#12005,#14166,#16670,.T.);
#16670 = LINE('',#16671,#16672);
#16671 = CARTESIAN_POINT('',(-25.06,-10.149999,-4.5E-02));
#16672 = VECTOR('',#16673,1.);
#16673 = DIRECTION('',(0.,0.,1.));
#16674 = ORIENTED_EDGE('',*,*,#14165,.F.);
#16675 = ORIENTED_EDGE('',*,*,#16669,.F.);
#16676 = CYLINDRICAL_SURFACE('',#16677,0.25);
#16677 = AXIS2_PLACEMENT_3D('',#16678,#16679,#16680);
#16678 = CARTESIAN_POINT('',(-25.06,-9.899999,-4.5E-02));
#16679 = DIRECTION('',(-0.,-0.,-1.));
#16680 = DIRECTION('',(-0.,-1.,0.));
#16681 = ADVANCED_FACE('',(#16682),#16693,.F.);
#16682 = FACE_BOUND('',#16683,.T.);
#16683 = EDGE_LOOP('',(#16684,#16685,#16691,#16692));
#16684 = ORIENTED_EDGE('',*,*,#12015,.T.);
#16685 = ORIENTED_EDGE('',*,*,#16686,.T.);
#16686 = EDGE_CURVE('',#12016,#14177,#16687,.T.);
#16687 = LINE('',#16688,#16689);
#16688 = CARTESIAN_POINT('',(-23.362944,-9.447055,-4.5E-02));
#16689 = VECTOR('',#16690,1.);
#16690 = DIRECTION('',(0.,0.,1.));
#16691 = ORIENTED_EDGE('',*,*,#14176,.F.);
#16692 = ORIENTED_EDGE('',*,*,#16686,.F.);
#16693 = CYLINDRICAL_SURFACE('',#16694,0.25);
#16694 = AXIS2_PLACEMENT_3D('',#16695,#16696,#16697);
#16695 = CARTESIAN_POINT('',(-23.362944,-9.197055,-4.5E-02));
#16696 = DIRECTION('',(-0.,-0.,-1.));
#16697 = DIRECTION('',(-0.,-1.,0.));
#16698 = ADVANCED_FACE('',(#16699),#16710,.F.);
#16699 = FACE_BOUND('',#16700,.T.);
#16700 = EDGE_LOOP('',(#16701,#16702,#16708,#16709));
#16701 = ORIENTED_EDGE('',*,*,#12026,.T.);
#16702 = ORIENTED_EDGE('',*,*,#16703,.T.);
#16703 = EDGE_CURVE('',#12027,#14188,#16704,.T.);
#16704 = LINE('',#16705,#16706);
#16705 = CARTESIAN_POINT('',(-25.06,-9.099999,-4.5E-02));
#16706 = VECTOR('',#16707,1.);
#16707 = DIRECTION('',(0.,0.,1.));
#16708 = ORIENTED_EDGE('',*,*,#14187,.F.);
#16709 = ORIENTED_EDGE('',*,*,#16703,.F.);
#16710 = CYLINDRICAL_SURFACE('',#16711,1.6);
#16711 = AXIS2_PLACEMENT_3D('',#16712,#16713,#16714);
#16712 = CARTESIAN_POINT('',(-25.06,-7.499999,-4.5E-02));
#16713 = DIRECTION('',(-0.,0.,-1.));
#16714 = DIRECTION('',(2.22044604925E-15,-1.,-0.));
#16715 = ADVANCED_FACE('',(#16716),#16727,.F.);
#16716 = FACE_BOUND('',#16717,.T.);
#16717 = EDGE_LOOP('',(#16718,#16719,#16725,#16726));
#16718 = ORIENTED_EDGE('',*,*,#12037,.T.);
#16719 = ORIENTED_EDGE('',*,*,#16720,.T.);
#16720 = EDGE_CURVE('',#12038,#14199,#16721,.T.);
#16721 = LINE('',#16722,#16723);
#16722 = CARTESIAN_POINT('',(-22.66,-7.749999,-4.5E-02));
#16723 = VECTOR('',#16724,1.);
#16724 = DIRECTION('',(0.,0.,1.));
#16725 = ORIENTED_EDGE('',*,*,#14198,.F.);
#16726 = ORIENTED_EDGE('',*,*,#16720,.F.);
#16727 = CYLINDRICAL_SURFACE('',#16728,0.25);
#16728 = AXIS2_PLACEMENT_3D('',#16729,#16730,#16731);
#16729 = CARTESIAN_POINT('',(-22.66,-7.499999,-4.5E-02));
#16730 = DIRECTION('',(-0.,-0.,-1.));
#16731 = DIRECTION('',(-0.,-1.,0.));
#16732 = ADVANCED_FACE('',(#16733),#16744,.F.);
#16733 = FACE_BOUND('',#16734,.T.);
#16734 = EDGE_LOOP('',(#16735,#16736,#16742,#16743));
#16735 = ORIENTED_EDGE('',*,*,#12048,.T.);
#16736 = ORIENTED_EDGE('',*,*,#16737,.T.);
#16737 = EDGE_CURVE('',#12049,#14210,#16738,.T.);
#16738 = LINE('',#16739,#16740);
#16739 = CARTESIAN_POINT('',(-25.06,-5.349999,-4.5E-02));
#16740 = VECTOR('',#16741,1.);
#16741 = DIRECTION('',(0.,0.,1.));
#16742 = ORIENTED_EDGE('',*,*,#14209,.F.);
#16743 = ORIENTED_EDGE('',*,*,#16737,.F.);
#16744 = CYLINDRICAL_SURFACE('',#16745,0.25);
#16745 = AXIS2_PLACEMENT_3D('',#16746,#16747,#16748);
#16746 = CARTESIAN_POINT('',(-25.06,-5.099999,-4.5E-02));
#16747 = DIRECTION('',(-0.,-0.,-1.));
#16748 = DIRECTION('',(-0.,-1.,0.));
#16749 = ADVANCED_FACE('',(#16750),#16761,.F.);
#16750 = FACE_BOUND('',#16751,.T.);
#16751 = EDGE_LOOP('',(#16752,#16753,#16759,#16760));
#16752 = ORIENTED_EDGE('',*,*,#12059,.T.);
#16753 = ORIENTED_EDGE('',*,*,#16754,.T.);
#16754 = EDGE_CURVE('',#12060,#14221,#16755,.T.);
#16755 = LINE('',#16756,#16757);
#16756 = CARTESIAN_POINT('',(-23.362944,-6.052943,-4.5E-02));
#16757 = VECTOR('',#16758,1.);
#16758 = DIRECTION('',(0.,0.,1.));
#16759 = ORIENTED_EDGE('',*,*,#14220,.F.);
#16760 = ORIENTED_EDGE('',*,*,#16754,.F.);
#16761 = CYLINDRICAL_SURFACE('',#16762,0.25);
#16762 = AXIS2_PLACEMENT_3D('',#16763,#16764,#16765);
#16763 = CARTESIAN_POINT('',(-23.362944,-5.802943,-4.5E-02));
#16764 = DIRECTION('',(-0.,-0.,-1.));
#16765 = DIRECTION('',(-0.,-1.,0.));
#16766 = ADVANCED_FACE('',(#16767),#16778,.F.);
#16767 = FACE_BOUND('',#16768,.T.);
#16768 = EDGE_LOOP('',(#16769,#16770,#16776,#16777));
#16769 = ORIENTED_EDGE('',*,*,#12070,.T.);
#16770 = ORIENTED_EDGE('',*,*,#16771,.T.);
#16771 = EDGE_CURVE('',#12071,#14232,#16772,.T.);
#16772 = LINE('',#16773,#16774);
#16773 = CARTESIAN_POINT('',(-3.302944,-43.957055,-4.5E-02));
#16774 = VECTOR('',#16775,1.);
#16775 = DIRECTION('',(0.,0.,1.));
#16776 = ORIENTED_EDGE('',*,*,#14231,.F.);
#16777 = ORIENTED_EDGE('',*,*,#16771,.F.);
#16778 = CYLINDRICAL_SURFACE('',#16779,0.25);
#16779 = AXIS2_PLACEMENT_3D('',#16780,#16781,#16782);
#16780 = CARTESIAN_POINT('',(-3.302944,-43.707055,-4.5E-02));
#16781 = DIRECTION('',(-0.,-0.,-1.));
#16782 = DIRECTION('',(-0.,-1.,0.));
#16783 = ADVANCED_FACE('',(#16784),#16795,.F.);
#16784 = FACE_BOUND('',#16785,.T.);
#16785 = EDGE_LOOP('',(#16786,#16787,#16793,#16794));
#16786 = ORIENTED_EDGE('',*,*,#12081,.T.);
#16787 = ORIENTED_EDGE('',*,*,#16788,.T.);
#16788 = EDGE_CURVE('',#12082,#14243,#16789,.T.);
#16789 = LINE('',#16790,#16791);
#16790 = CARTESIAN_POINT('',(-2.6,-42.259999,-4.5E-02));
#16791 = VECTOR('',#16792,1.);
#16792 = DIRECTION('',(0.,0.,1.));
#16793 = ORIENTED_EDGE('',*,*,#14242,.F.);
#16794 = ORIENTED_EDGE('',*,*,#16788,.F.);
#16795 = CYLINDRICAL_SURFACE('',#16796,0.25);
#16796 = AXIS2_PLACEMENT_3D('',#16797,#16798,#16799);
#16797 = CARTESIAN_POINT('',(-2.6,-42.009999,-4.5E-02));
#16798 = DIRECTION('',(-0.,-0.,-1.));
#16799 = DIRECTION('',(-0.,-1.,0.));
#16800 = ADVANCED_FACE('',(#16801),#16812,.F.);
#16801 = FACE_BOUND('',#16802,.T.);
#16802 = EDGE_LOOP('',(#16803,#16804,#16810,#16811));
#16803 = ORIENTED_EDGE('',*,*,#12092,.T.);
#16804 = ORIENTED_EDGE('',*,*,#16805,.T.);
#16805 = EDGE_CURVE('',#12093,#14254,#16806,.T.);
#16806 = LINE('',#16807,#16808);
#16807 = CARTESIAN_POINT('',(-3.302944,-40.562943,-4.5E-02));
#16808 = VECTOR('',#16809,1.);
#16809 = DIRECTION('',(0.,0.,1.));
#16810 = ORIENTED_EDGE('',*,*,#14253,.F.);
#16811 = ORIENTED_EDGE('',*,*,#16805,.F.);
#16812 = CYLINDRICAL_SURFACE('',#16813,0.25);
#16813 = AXIS2_PLACEMENT_3D('',#16814,#16815,#16816);
#16814 = CARTESIAN_POINT('',(-3.302944,-40.312943,-4.5E-02));
#16815 = DIRECTION('',(-0.,-0.,-1.));
#16816 = DIRECTION('',(-0.,-1.,0.));
#16817 = ADVANCED_FACE('',(#16818),#16829,.F.);
#16818 = FACE_BOUND('',#16819,.T.);
#16819 = EDGE_LOOP('',(#16820,#16821,#16827,#16828));
#16820 = ORIENTED_EDGE('',*,*,#12103,.T.);
#16821 = ORIENTED_EDGE('',*,*,#16822,.T.);
#16822 = EDGE_CURVE('',#12104,#14265,#16823,.T.);
#16823 = LINE('',#16824,#16825);
#16824 = CARTESIAN_POINT('',(15.98,-34.788999,-4.5E-02));
#16825 = VECTOR('',#16826,1.);
#16826 = DIRECTION('',(0.,0.,1.));
#16827 = ORIENTED_EDGE('',*,*,#14264,.F.);
#16828 = ORIENTED_EDGE('',*,*,#16822,.F.);
#16829 = CYLINDRICAL_SURFACE('',#16830,0.5);
#16830 = AXIS2_PLACEMENT_3D('',#16831,#16832,#16833);
#16831 = CARTESIAN_POINT('',(15.98,-34.288999,-4.5E-02));
#16832 = DIRECTION('',(-0.,-0.,-1.));
#16833 = DIRECTION('',(-0.,-1.,0.));
#16834 = ADVANCED_FACE('',(#16835),#16846,.F.);
#16835 = FACE_BOUND('',#16836,.T.);
#16836 = EDGE_LOOP('',(#16837,#16838,#16844,#16845));
#16837 = ORIENTED_EDGE('',*,*,#12114,.T.);
#16838 = ORIENTED_EDGE('',*,*,#16839,.T.);
#16839 = EDGE_CURVE('',#12115,#14276,#16840,.T.);
#16840 = LINE('',#16841,#16842);
#16841 = CARTESIAN_POINT('',(15.98,-32.248999,-4.5E-02));
#16842 = VECTOR('',#16843,1.);
#16843 = DIRECTION('',(0.,0.,1.));
#16844 = ORIENTED_EDGE('',*,*,#14275,.F.);
#16845 = ORIENTED_EDGE('',*,*,#16839,.F.);
#16846 = CYLINDRICAL_SURFACE('',#16847,0.5);
#16847 = AXIS2_PLACEMENT_3D('',#16848,#16849,#16850);
#16848 = CARTESIAN_POINT('',(15.98,-31.748999,-4.5E-02));
#16849 = DIRECTION('',(-0.,-0.,-1.));
#16850 = DIRECTION('',(-0.,-1.,0.));
#16851 = ADVANCED_FACE('',(#16852),#16863,.F.);
#16852 = FACE_BOUND('',#16853,.T.);
#16853 = EDGE_LOOP('',(#16854,#16855,#16861,#16862));
#16854 = ORIENTED_EDGE('',*,*,#12125,.T.);
#16855 = ORIENTED_EDGE('',*,*,#16856,.T.);
#16856 = EDGE_CURVE('',#12126,#14287,#16857,.T.);
#16857 = LINE('',#16858,#16859);
#16858 = CARTESIAN_POINT('',(15.98,-29.708999,-4.5E-02));
#16859 = VECTOR('',#16860,1.);
#16860 = DIRECTION('',(0.,0.,1.));
#16861 = ORIENTED_EDGE('',*,*,#14286,.F.);
#16862 = ORIENTED_EDGE('',*,*,#16856,.F.);
#16863 = CYLINDRICAL_SURFACE('',#16864,0.5);
#16864 = AXIS2_PLACEMENT_3D('',#16865,#16866,#16867);
#16865 = CARTESIAN_POINT('',(15.98,-29.208999,-4.5E-02));
#16866 = DIRECTION('',(-0.,-0.,-1.));
#16867 = DIRECTION('',(-0.,-1.,0.));
#16868 = ADVANCED_FACE('',(#16869),#16880,.F.);
#16869 = FACE_BOUND('',#16870,.T.);
#16870 = EDGE_LOOP('',(#16871,#16872,#16878,#16879));
#16871 = ORIENTED_EDGE('',*,*,#12136,.T.);
#16872 = ORIENTED_EDGE('',*,*,#16873,.T.);
#16873 = EDGE_CURVE('',#12137,#14298,#16874,.T.);
#16874 = LINE('',#16875,#16876);
#16875 = CARTESIAN_POINT('',(15.98,-27.168999,-4.5E-02));
#16876 = VECTOR('',#16877,1.);
#16877 = DIRECTION('',(0.,0.,1.));
#16878 = ORIENTED_EDGE('',*,*,#14297,.F.);
#16879 = ORIENTED_EDGE('',*,*,#16873,.F.);
#16880 = CYLINDRICAL_SURFACE('',#16881,0.5);
#16881 = AXIS2_PLACEMENT_3D('',#16882,#16883,#16884);
#16882 = CARTESIAN_POINT('',(15.98,-26.668999,-4.5E-02));
#16883 = DIRECTION('',(-0.,-0.,-1.));
#16884 = DIRECTION('',(-0.,-1.,0.));
#16885 = ADVANCED_FACE('',(#16886),#16897,.F.);
#16886 = FACE_BOUND('',#16887,.T.);
#16887 = EDGE_LOOP('',(#16888,#16889,#16895,#16896));
#16888 = ORIENTED_EDGE('',*,*,#12147,.T.);
#16889 = ORIENTED_EDGE('',*,*,#16890,.T.);
#16890 = EDGE_CURVE('',#12148,#14309,#16891,.T.);
#16891 = LINE('',#16892,#16893);
#16892 = CARTESIAN_POINT('',(23.05,-32.649999,-4.5E-02));
#16893 = VECTOR('',#16894,1.);
#16894 = DIRECTION('',(0.,0.,1.));
#16895 = ORIENTED_EDGE('',*,*,#14308,.F.);
#16896 = ORIENTED_EDGE('',*,*,#16890,.F.);
#16897 = CYLINDRICAL_SURFACE('',#16898,0.25);
#16898 = AXIS2_PLACEMENT_3D('',#16899,#16900,#16901);
#16899 = CARTESIAN_POINT('',(23.05,-32.399999,-4.5E-02));
#16900 = DIRECTION('',(-0.,-0.,-1.));
#16901 = DIRECTION('',(-0.,-1.,0.));
#16902 = ADVANCED_FACE('',(#16903),#16914,.F.);
#16903 = FACE_BOUND('',#16904,.T.);
#16904 = EDGE_LOOP('',(#16905,#16906,#16912,#16913));
#16905 = ORIENTED_EDGE('',*,*,#12158,.T.);
#16906 = ORIENTED_EDGE('',*,*,#16907,.T.);
#16907 = EDGE_CURVE('',#12159,#14320,#16908,.T.);
#16908 = LINE('',#16909,#16910);
#16909 = CARTESIAN_POINT('',(20.65,-30.249999,-4.5E-02));
#16910 = VECTOR('',#16911,1.);
#16911 = DIRECTION('',(0.,0.,1.));
#16912 = ORIENTED_EDGE('',*,*,#14319,.F.);
#16913 = ORIENTED_EDGE('',*,*,#16907,.F.);
#16914 = CYLINDRICAL_SURFACE('',#16915,0.25);
#16915 = AXIS2_PLACEMENT_3D('',#16916,#16917,#16918);
#16916 = CARTESIAN_POINT('',(20.65,-29.999999,-4.5E-02));
#16917 = DIRECTION('',(-0.,-0.,-1.));
#16918 = DIRECTION('',(-0.,-1.,0.));
#16919 = ADVANCED_FACE('',(#16920),#16931,.F.);
#16920 = FACE_BOUND('',#16921,.T.);
#16921 = EDGE_LOOP('',(#16922,#16923,#16929,#16930));
#16922 = ORIENTED_EDGE('',*,*,#12169,.T.);
#16923 = ORIENTED_EDGE('',*,*,#16924,.T.);
#16924 = EDGE_CURVE('',#12170,#14331,#16925,.T.);
#16925 = LINE('',#16926,#16927);
#16926 = CARTESIAN_POINT('',(21.352944,-31.947055,-4.5E-02));
#16927 = VECTOR('',#16928,1.);
#16928 = DIRECTION('',(0.,0.,1.));
#16929 = ORIENTED_EDGE('',*,*,#14330,.F.);
#16930 = ORIENTED_EDGE('',*,*,#16924,.F.);
#16931 = CYLINDRICAL_SURFACE('',#16932,0.25);
#16932 = AXIS2_PLACEMENT_3D('',#16933,#16934,#16935);
#16933 = CARTESIAN_POINT('',(21.352944,-31.697055,-4.5E-02));
#16934 = DIRECTION('',(-0.,-0.,-1.));
#16935 = DIRECTION('',(-0.,-1.,0.));
#16936 = ADVANCED_FACE('',(#16937),#16948,.F.);
#16937 = FACE_BOUND('',#16938,.T.);
#16938 = EDGE_LOOP('',(#16939,#16940,#16946,#16947));
#16939 = ORIENTED_EDGE('',*,*,#12180,.T.);
#16940 = ORIENTED_EDGE('',*,*,#16941,.T.);
#16941 = EDGE_CURVE('',#12181,#14342,#16942,.T.);
#16942 = LINE('',#16943,#16944);
#16943 = CARTESIAN_POINT('',(23.05,-31.599999,-4.5E-02));
#16944 = VECTOR('',#16945,1.);
#16945 = DIRECTION('',(0.,0.,1.));
#16946 = ORIENTED_EDGE('',*,*,#14341,.F.);
#16947 = ORIENTED_EDGE('',*,*,#16941,.F.);
#16948 = CYLINDRICAL_SURFACE('',#16949,1.6);
#16949 = AXIS2_PLACEMENT_3D('',#16950,#16951,#16952);
#16950 = CARTESIAN_POINT('',(23.05,-29.999999,-4.5E-02));
#16951 = DIRECTION('',(-0.,0.,-1.));
#16952 = DIRECTION('',(2.22044604925E-15,-1.,-0.));
#16953 = ADVANCED_FACE('',(#16954),#16965,.F.);
#16954 = FACE_BOUND('',#16955,.T.);
#16955 = EDGE_LOOP('',(#16956,#16957,#16963,#16964));
#16956 = ORIENTED_EDGE('',*,*,#12191,.T.);
#16957 = ORIENTED_EDGE('',*,*,#16958,.T.);
#16958 = EDGE_CURVE('',#12192,#14353,#16959,.T.);
#16959 = LINE('',#16960,#16961);
#16960 = CARTESIAN_POINT('',(21.352944,-28.552943,-4.5E-02));
#16961 = VECTOR('',#16962,1.);
#16962 = DIRECTION('',(0.,0.,1.));
#16963 = ORIENTED_EDGE('',*,*,#14352,.F.);
#16964 = ORIENTED_EDGE('',*,*,#16958,.F.);
#16965 = CYLINDRICAL_SURFACE('',#16966,0.25);
#16966 = AXIS2_PLACEMENT_3D('',#16967,#16968,#16969);
#16967 = CARTESIAN_POINT('',(21.352944,-28.302943,-4.5E-02));
#16968 = DIRECTION('',(-0.,-0.,-1.));
#16969 = DIRECTION('',(-0.,-1.,0.));
#16970 = ADVANCED_FACE('',(#16971),#16982,.F.);
#16971 = FACE_BOUND('',#16972,.T.);
#16972 = EDGE_LOOP('',(#16973,#16974,#16980,#16981));
#16973 = ORIENTED_EDGE('',*,*,#12202,.T.);
#16974 = ORIENTED_EDGE('',*,*,#16975,.T.);
#16975 = EDGE_CURVE('',#12203,#14364,#16976,.T.);
#16976 = LINE('',#16977,#16978);
#16977 = CARTESIAN_POINT('',(23.05,-27.849999,-4.5E-02));
#16978 = VECTOR('',#16979,1.);
#16979 = DIRECTION('',(0.,0.,1.));
#16980 = ORIENTED_EDGE('',*,*,#14363,.F.);
#16981 = ORIENTED_EDGE('',*,*,#16975,.F.);
#16982 = CYLINDRICAL_SURFACE('',#16983,0.25);
#16983 = AXIS2_PLACEMENT_3D('',#16984,#16985,#16986);
#16984 = CARTESIAN_POINT('',(23.05,-27.599999,-4.5E-02));
#16985 = DIRECTION('',(-0.,-0.,-1.));
#16986 = DIRECTION('',(-0.,-1.,0.));
#16987 = ADVANCED_FACE('',(#16988),#16999,.F.);
#16988 = FACE_BOUND('',#16989,.T.);
#16989 = EDGE_LOOP('',(#16990,#16991,#16997,#16998));
#16990 = ORIENTED_EDGE('',*,*,#12213,.T.);
#16991 = ORIENTED_EDGE('',*,*,#16992,.T.);
#16992 = EDGE_CURVE('',#12214,#14375,#16993,.T.);
#16993 = LINE('',#16994,#16995);
#16994 = CARTESIAN_POINT('',(24.747056,-31.947055,-4.5E-02));
#16995 = VECTOR('',#16996,1.);
#16996 = DIRECTION('',(0.,0.,1.));
#16997 = ORIENTED_EDGE('',*,*,#14374,.F.);
#16998 = ORIENTED_EDGE('',*,*,#16992,.F.);
#16999 = CYLINDRICAL_SURFACE('',#17000,0.25);
#17000 = AXIS2_PLACEMENT_3D('',#17001,#17002,#17003);
#17001 = CARTESIAN_POINT('',(24.747056,-31.697055,-4.5E-02));
#17002 = DIRECTION('',(-0.,-0.,-1.));
#17003 = DIRECTION('',(-0.,-1.,0.));
#17004 = ADVANCED_FACE('',(#17005),#17016,.F.);
#17005 = FACE_BOUND('',#17006,.T.);
#17006 = EDGE_LOOP('',(#17007,#17008,#17014,#17015));
#17007 = ORIENTED_EDGE('',*,*,#12224,.T.);
#17008 = ORIENTED_EDGE('',*,*,#17009,.T.);
#17009 = EDGE_CURVE('',#12225,#14386,#17010,.T.);
#17010 = LINE('',#17011,#17012);
#17011 = CARTESIAN_POINT('',(25.45,-30.249999,-4.5E-02));
#17012 = VECTOR('',#17013,1.);
#17013 = DIRECTION('',(0.,0.,1.));
#17014 = ORIENTED_EDGE('',*,*,#14385,.F.);
#17015 = ORIENTED_EDGE('',*,*,#17009,.F.);
#17016 = CYLINDRICAL_SURFACE('',#17017,0.25);
#17017 = AXIS2_PLACEMENT_3D('',#17018,#17019,#17020);
#17018 = CARTESIAN_POINT('',(25.45,-29.999999,-4.5E-02));
#17019 = DIRECTION('',(-0.,-0.,-1.));
#17020 = DIRECTION('',(-0.,-1.,0.));
#17021 = ADVANCED_FACE('',(#17022),#17033,.F.);
#17022 = FACE_BOUND('',#17023,.T.);
#17023 = EDGE_LOOP('',(#17024,#17025,#17031,#17032));
#17024 = ORIENTED_EDGE('',*,*,#12235,.T.);
#17025 = ORIENTED_EDGE('',*,*,#17026,.T.);
#17026 = EDGE_CURVE('',#12236,#14397,#17027,.T.);
#17027 = LINE('',#17028,#17029);
#17028 = CARTESIAN_POINT('',(24.747056,-28.552943,-4.5E-02));
#17029 = VECTOR('',#17030,1.);
#17030 = DIRECTION('',(0.,0.,1.));
#17031 = ORIENTED_EDGE('',*,*,#14396,.F.);
#17032 = ORIENTED_EDGE('',*,*,#17026,.F.);
#17033 = CYLINDRICAL_SURFACE('',#17034,0.25);
#17034 = AXIS2_PLACEMENT_3D('',#17035,#17036,#17037);
#17035 = CARTESIAN_POINT('',(24.747056,-28.302943,-4.5E-02));
#17036 = DIRECTION('',(-0.,-0.,-1.));
#17037 = DIRECTION('',(-0.,-1.,0.));
#17038 = ADVANCED_FACE('',(#17039),#17050,.F.);
#17039 = FACE_BOUND('',#17040,.T.);
#17040 = EDGE_LOOP('',(#17041,#17042,#17048,#17049));
#17041 = ORIENTED_EDGE('',*,*,#12246,.T.);
#17042 = ORIENTED_EDGE('',*,*,#17043,.T.);
#17043 = EDGE_CURVE('',#12247,#14408,#17044,.T.);
#17044 = LINE('',#17045,#17046);
#17045 = CARTESIAN_POINT('',(15.98,-24.628999,-4.5E-02));
#17046 = VECTOR('',#17047,1.);
#17047 = DIRECTION('',(0.,0.,1.));
#17048 = ORIENTED_EDGE('',*,*,#14407,.F.);
#17049 = ORIENTED_EDGE('',*,*,#17043,.F.);
#17050 = CYLINDRICAL_SURFACE('',#17051,0.5);
#17051 = AXIS2_PLACEMENT_3D('',#17052,#17053,#17054);
#17052 = CARTESIAN_POINT('',(15.98,-24.128999,-4.5E-02));
#17053 = DIRECTION('',(-0.,-0.,-1.));
#17054 = DIRECTION('',(-0.,-1.,0.));
#17055 = ADVANCED_FACE('',(#17056),#17067,.F.);
#17056 = FACE_BOUND('',#17057,.T.);
#17057 = EDGE_LOOP('',(#17058,#17059,#17065,#17066));
#17058 = ORIENTED_EDGE('',*,*,#12257,.T.);
#17059 = ORIENTED_EDGE('',*,*,#17060,.T.);
#17060 = EDGE_CURVE('',#12258,#14419,#17061,.T.);
#17061 = LINE('',#17062,#17063);
#17062 = CARTESIAN_POINT('',(15.98,-22.088999,-4.5E-02));
#17063 = VECTOR('',#17064,1.);
#17064 = DIRECTION('',(0.,0.,1.));
#17065 = ORIENTED_EDGE('',*,*,#14418,.F.);
#17066 = ORIENTED_EDGE('',*,*,#17060,.F.);
#17067 = CYLINDRICAL_SURFACE('',#17068,0.5);
#17068 = AXIS2_PLACEMENT_3D('',#17069,#17070,#17071);
#17069 = CARTESIAN_POINT('',(15.98,-21.588999,-4.5E-02));
#17070 = DIRECTION('',(-0.,-0.,-1.));
#17071 = DIRECTION('',(-0.,-1.,0.));
#17072 = ADVANCED_FACE('',(#17073),#17084,.F.);
#17073 = FACE_BOUND('',#17074,.T.);
#17074 = EDGE_LOOP('',(#17075,#17076,#17082,#17083));
#17075 = ORIENTED_EDGE('',*,*,#12268,.T.);
#17076 = ORIENTED_EDGE('',*,*,#17077,.T.);
#17077 = EDGE_CURVE('',#12269,#14430,#17078,.T.);
#17078 = LINE('',#17079,#17080);
#17079 = CARTESIAN_POINT('',(15.98,-19.548999,-4.5E-02));
#17080 = VECTOR('',#17081,1.);
#17081 = DIRECTION('',(0.,0.,1.));
#17082 = ORIENTED_EDGE('',*,*,#14429,.F.);
#17083 = ORIENTED_EDGE('',*,*,#17077,.F.);
#17084 = CYLINDRICAL_SURFACE('',#17085,0.5);
#17085 = AXIS2_PLACEMENT_3D('',#17086,#17087,#17088);
#17086 = CARTESIAN_POINT('',(15.98,-19.048999,-4.5E-02));
#17087 = DIRECTION('',(-0.,-0.,-1.));
#17088 = DIRECTION('',(-0.,-1.,0.));
#17089 = ADVANCED_FACE('',(#17090),#17101,.F.);
#17090 = FACE_BOUND('',#17091,.T.);
#17091 = EDGE_LOOP('',(#17092,#17093,#17099,#17100));
#17092 = ORIENTED_EDGE('',*,*,#12279,.T.);
#17093 = ORIENTED_EDGE('',*,*,#17094,.T.);
#17094 = EDGE_CURVE('',#12280,#14441,#17095,.T.);
#17095 = LINE('',#17096,#17097);
#17096 = CARTESIAN_POINT('',(15.98,-17.008999,-4.5E-02));
#17097 = VECTOR('',#17098,1.);
#17098 = DIRECTION('',(0.,0.,1.));
#17099 = ORIENTED_EDGE('',*,*,#14440,.F.);
#17100 = ORIENTED_EDGE('',*,*,#17094,.F.);
#17101 = CYLINDRICAL_SURFACE('',#17102,0.5);
#17102 = AXIS2_PLACEMENT_3D('',#17103,#17104,#17105);
#17103 = CARTESIAN_POINT('',(15.98,-16.508999,-4.5E-02));
#17104 = DIRECTION('',(-0.,-0.,-1.));
#17105 = DIRECTION('',(-0.,-1.,0.));
#17106 = ADVANCED_FACE('',(#17107),#17118,.F.);
#17107 = FACE_BOUND('',#17108,.T.);
#17108 = EDGE_LOOP('',(#17109,#17110,#17116,#17117));
#17109 = ORIENTED_EDGE('',*,*,#12290,.T.);
#17110 = ORIENTED_EDGE('',*,*,#17111,.T.);
#17111 = EDGE_CURVE('',#12291,#14452,#17112,.T.);
#17112 = LINE('',#17113,#17114);
#17113 = CARTESIAN_POINT('',(23.362944,-9.447055,-4.5E-02));
#17114 = VECTOR('',#17115,1.);
#17115 = DIRECTION('',(0.,0.,1.));
#17116 = ORIENTED_EDGE('',*,*,#14451,.F.);
#17117 = ORIENTED_EDGE('',*,*,#17111,.F.);
#17118 = CYLINDRICAL_SURFACE('',#17119,0.25);
#17119 = AXIS2_PLACEMENT_3D('',#17120,#17121,#17122);
#17120 = CARTESIAN_POINT('',(23.362944,-9.197055,-4.5E-02));
#17121 = DIRECTION('',(-0.,-0.,-1.));
#17122 = DIRECTION('',(-0.,-1.,0.));
#17123 = ADVANCED_FACE('',(#17124),#17135,.F.);
#17124 = FACE_BOUND('',#17125,.T.);
#17125 = EDGE_LOOP('',(#17126,#17127,#17133,#17134));
#17126 = ORIENTED_EDGE('',*,*,#12301,.T.);
#17127 = ORIENTED_EDGE('',*,*,#17128,.T.);
#17128 = EDGE_CURVE('',#12302,#14463,#17129,.T.);
#17129 = LINE('',#17130,#17131);
#17130 = CARTESIAN_POINT('',(22.66,-7.749999,-4.5E-02));
#17131 = VECTOR('',#17132,1.);
#17132 = DIRECTION('',(0.,0.,1.));
#17133 = ORIENTED_EDGE('',*,*,#14462,.F.);
#17134 = ORIENTED_EDGE('',*,*,#17128,.F.);
#17135 = CYLINDRICAL_SURFACE('',#17136,0.25);
#17136 = AXIS2_PLACEMENT_3D('',#17137,#17138,#17139);
#17137 = CARTESIAN_POINT('',(22.66,-7.499999,-4.5E-02));
#17138 = DIRECTION('',(-0.,-0.,-1.));
#17139 = DIRECTION('',(-0.,-1.,0.));
#17140 = ADVANCED_FACE('',(#17141),#17152,.F.);
#17141 = FACE_BOUND('',#17142,.T.);
#17142 = EDGE_LOOP('',(#17143,#17144,#17150,#17151));
#17143 = ORIENTED_EDGE('',*,*,#12312,.T.);
#17144 = ORIENTED_EDGE('',*,*,#17145,.T.);
#17145 = EDGE_CURVE('',#12313,#14474,#17146,.T.);
#17146 = LINE('',#17147,#17148);
#17147 = CARTESIAN_POINT('',(25.06,-10.149999,-4.5E-02));
#17148 = VECTOR('',#17149,1.);
#17149 = DIRECTION('',(0.,0.,1.));
#17150 = ORIENTED_EDGE('',*,*,#14473,.F.);
#17151 = ORIENTED_EDGE('',*,*,#17145,.F.);
#17152 = CYLINDRICAL_SURFACE('',#17153,0.25);
#17153 = AXIS2_PLACEMENT_3D('',#17154,#17155,#17156);
#17154 = CARTESIAN_POINT('',(25.06,-9.899999,-4.5E-02));
#17155 = DIRECTION('',(-0.,-0.,-1.));
#17156 = DIRECTION('',(-0.,-1.,0.));
#17157 = ADVANCED_FACE('',(#17158),#17169,.F.);
#17158 = FACE_BOUND('',#17159,.T.);
#17159 = EDGE_LOOP('',(#17160,#17161,#17167,#17168));
#17160 = ORIENTED_EDGE('',*,*,#12323,.T.);
#17161 = ORIENTED_EDGE('',*,*,#17162,.T.);
#17162 = EDGE_CURVE('',#12324,#14485,#17163,.T.);
#17163 = LINE('',#17164,#17165);
#17164 = CARTESIAN_POINT('',(25.06,-9.099999,-4.5E-02));
#17165 = VECTOR('',#17166,1.);
#17166 = DIRECTION('',(0.,0.,1.));
#17167 = ORIENTED_EDGE('',*,*,#14484,.F.);
#17168 = ORIENTED_EDGE('',*,*,#17162,.F.);
#17169 = CYLINDRICAL_SURFACE('',#17170,1.6);
#17170 = AXIS2_PLACEMENT_3D('',#17171,#17172,#17173);
#17171 = CARTESIAN_POINT('',(25.06,-7.499999,-4.5E-02));
#17172 = DIRECTION('',(-0.,-0.,-1.));
#17173 = DIRECTION('',(-2.22044604925E-15,-1.,0.));
#17174 = ADVANCED_FACE('',(#17175),#17186,.F.);
#17175 = FACE_BOUND('',#17176,.T.);
#17176 = EDGE_LOOP('',(#17177,#17178,#17184,#17185));
#17177 = ORIENTED_EDGE('',*,*,#12334,.T.);
#17178 = ORIENTED_EDGE('',*,*,#17179,.T.);
#17179 = EDGE_CURVE('',#12335,#14496,#17180,.T.);
#17180 = LINE('',#17181,#17182);
#17181 = CARTESIAN_POINT('',(26.757056,-9.447055,-4.5E-02));
#17182 = VECTOR('',#17183,1.);
#17183 = DIRECTION('',(0.,0.,1.));
#17184 = ORIENTED_EDGE('',*,*,#14495,.F.);
#17185 = ORIENTED_EDGE('',*,*,#17179,.F.);
#17186 = CYLINDRICAL_SURFACE('',#17187,0.25);
#17187 = AXIS2_PLACEMENT_3D('',#17188,#17189,#17190);
#17188 = CARTESIAN_POINT('',(26.757056,-9.197055,-4.5E-02));
#17189 = DIRECTION('',(-0.,-0.,-1.));
#17190 = DIRECTION('',(-0.,-1.,0.));
#17191 = ADVANCED_FACE('',(#17192),#17203,.F.);
#17192 = FACE_BOUND('',#17193,.T.);
#17193 = EDGE_LOOP('',(#17194,#17195,#17201,#17202));
#17194 = ORIENTED_EDGE('',*,*,#12345,.T.);
#17195 = ORIENTED_EDGE('',*,*,#17196,.T.);
#17196 = EDGE_CURVE('',#12346,#14507,#17197,.T.);
#17197 = LINE('',#17198,#17199);
#17198 = CARTESIAN_POINT('',(27.46,-7.749999,-4.5E-02));
#17199 = VECTOR('',#17200,1.);
#17200 = DIRECTION('',(0.,0.,1.));
#17201 = ORIENTED_EDGE('',*,*,#14506,.F.);
#17202 = ORIENTED_EDGE('',*,*,#17196,.F.);
#17203 = CYLINDRICAL_SURFACE('',#17204,0.25);
#17204 = AXIS2_PLACEMENT_3D('',#17205,#17206,#17207);
#17205 = CARTESIAN_POINT('',(27.46,-7.499999,-4.5E-02));
#17206 = DIRECTION('',(-0.,-0.,-1.));
#17207 = DIRECTION('',(-0.,-1.,0.));
#17208 = ADVANCED_FACE('',(#17209),#17220,.F.);
#17209 = FACE_BOUND('',#17210,.T.);
#17210 = EDGE_LOOP('',(#17211,#17212,#17218,#17219));
#17211 = ORIENTED_EDGE('',*,*,#12356,.T.);
#17212 = ORIENTED_EDGE('',*,*,#17213,.T.);
#17213 = EDGE_CURVE('',#12357,#14518,#17214,.T.);
#17214 = LINE('',#17215,#17216);
#17215 = CARTESIAN_POINT('',(23.362944,-6.052943,-4.5E-02));
#17216 = VECTOR('',#17217,1.);
#17217 = DIRECTION('',(0.,0.,1.));
#17218 = ORIENTED_EDGE('',*,*,#14517,.F.);
#17219 = ORIENTED_EDGE('',*,*,#17213,.F.);
#17220 = CYLINDRICAL_SURFACE('',#17221,0.25);
#17221 = AXIS2_PLACEMENT_3D('',#17222,#17223,#17224);
#17222 = CARTESIAN_POINT('',(23.362944,-5.802943,-4.5E-02));
#17223 = DIRECTION('',(-0.,-0.,-1.));
#17224 = DIRECTION('',(-0.,-1.,0.));
#17225 = ADVANCED_FACE('',(#17226),#17237,.F.);
#17226 = FACE_BOUND('',#17227,.T.);
#17227 = EDGE_LOOP('',(#17228,#17229,#17235,#17236));
#17228 = ORIENTED_EDGE('',*,*,#12367,.T.);
#17229 = ORIENTED_EDGE('',*,*,#17230,.T.);
#17230 = EDGE_CURVE('',#12368,#14529,#17231,.T.);
#17231 = LINE('',#17232,#17233);
#17232 = CARTESIAN_POINT('',(25.06,-5.349999,-4.5E-02));
#17233 = VECTOR('',#17234,1.);
#17234 = DIRECTION('',(0.,0.,1.));
#17235 = ORIENTED_EDGE('',*,*,#14528,.F.);
#17236 = ORIENTED_EDGE('',*,*,#17230,.F.);
#17237 = CYLINDRICAL_SURFACE('',#17238,0.25);
#17238 = AXIS2_PLACEMENT_3D('',#17239,#17240,#17241);
#17239 = CARTESIAN_POINT('',(25.06,-5.099999,-4.5E-02));
#17240 = DIRECTION('',(-0.,-0.,-1.));
#17241 = DIRECTION('',(-0.,-1.,0.));
#17242 = ADVANCED_FACE('',(#17243),#17254,.F.);
#17243 = FACE_BOUND('',#17244,.T.);
#17244 = EDGE_LOOP('',(#17245,#17246,#17252,#17253));
#17245 = ORIENTED_EDGE('',*,*,#12378,.T.);
#17246 = ORIENTED_EDGE('',*,*,#17247,.T.);
#17247 = EDGE_CURVE('',#12379,#14540,#17248,.T.);
#17248 = LINE('',#17249,#17250);
#17249 = CARTESIAN_POINT('',(26.757056,-6.052943,-4.5E-02));
#17250 = VECTOR('',#17251,1.);
#17251 = DIRECTION('',(0.,0.,1.));
#17252 = ORIENTED_EDGE('',*,*,#14539,.F.);
#17253 = ORIENTED_EDGE('',*,*,#17247,.F.);
#17254 = CYLINDRICAL_SURFACE('',#17255,0.25);
#17255 = AXIS2_PLACEMENT_3D('',#17256,#17257,#17258);
#17256 = CARTESIAN_POINT('',(26.757056,-5.802943,-4.5E-02));
#17257 = DIRECTION('',(-0.,-0.,-1.));
#17258 = DIRECTION('',(-0.,-1.,0.));
#17259 = ADVANCED_FACE('',(#17260),#17271,.F.);
#17260 = FACE_BOUND('',#17261,.T.);
#17261 = EDGE_LOOP('',(#17262,#17263,#17269,#17270));
#17262 = ORIENTED_EDGE('',*,*,#12389,.T.);
#17263 = ORIENTED_EDGE('',*,*,#17264,.T.);
#17264 = EDGE_CURVE('',#12390,#14551,#17265,.T.);
#17265 = LINE('',#17266,#17267);
#17266 = CARTESIAN_POINT('',(34.25,-6.849999,-4.5E-02));
#17267 = VECTOR('',#17268,1.);
#17268 = DIRECTION('',(0.,0.,1.));
#17269 = ORIENTED_EDGE('',*,*,#14550,.F.);
#17270 = ORIENTED_EDGE('',*,*,#17264,.F.);
#17271 = CYLINDRICAL_SURFACE('',#17272,0.5);
#17272 = AXIS2_PLACEMENT_3D('',#17273,#17274,#17275);
#17273 = CARTESIAN_POINT('',(34.25,-6.349999,-4.5E-02));
#17274 = DIRECTION('',(-0.,-0.,-1.));
#17275 = DIRECTION('',(-0.,-1.,0.));
#17276 = ADVANCED_FACE('',(#17277),#17288,.F.);
#17277 = FACE_BOUND('',#17278,.T.);
#17278 = EDGE_LOOP('',(#17279,#17280,#17286,#17287));
#17279 = ORIENTED_EDGE('',*,*,#12400,.T.);
#17280 = ORIENTED_EDGE('',*,*,#17281,.T.);
#17281 = EDGE_CURVE('',#12401,#14562,#17282,.T.);
#17282 = LINE('',#17283,#17284);
#17283 = CARTESIAN_POINT('',(34.25,-4.309999,-4.5E-02));
#17284 = VECTOR('',#17285,1.);
#17285 = DIRECTION('',(0.,0.,1.));
#17286 = ORIENTED_EDGE('',*,*,#14561,.F.);
#17287 = ORIENTED_EDGE('',*,*,#17281,.F.);
#17288 = CYLINDRICAL_SURFACE('',#17289,0.5);
#17289 = AXIS2_PLACEMENT_3D('',#17290,#17291,#17292);
#17290 = CARTESIAN_POINT('',(34.25,-3.809999,-4.5E-02));
#17291 = DIRECTION('',(-0.,-0.,-1.));
#17292 = DIRECTION('',(-0.,-1.,0.));
#17293 = ADVANCED_FACE('',(#17294),#17305,.F.);
#17294 = FACE_BOUND('',#17295,.T.);
#17295 = EDGE_LOOP('',(#17296,#17297,#17303,#17304));
#17296 = ORIENTED_EDGE('',*,*,#12411,.T.);
#17297 = ORIENTED_EDGE('',*,*,#17298,.T.);
#17298 = EDGE_CURVE('',#12412,#14573,#17299,.T.);
#17299 = LINE('',#17300,#17301);
#17300 = CARTESIAN_POINT('',(34.25,-1.769999,-4.5E-02));
#17301 = VECTOR('',#17302,1.);
#17302 = DIRECTION('',(0.,0.,1.));
#17303 = ORIENTED_EDGE('',*,*,#14572,.F.);
#17304 = ORIENTED_EDGE('',*,*,#17298,.F.);
#17305 = CYLINDRICAL_SURFACE('',#17306,0.5);
#17306 = AXIS2_PLACEMENT_3D('',#17307,#17308,#17309);
#17307 = CARTESIAN_POINT('',(34.25,-1.269999,-4.5E-02));
#17308 = DIRECTION('',(-0.,-0.,-1.));
#17309 = DIRECTION('',(-0.,-1.,0.));
#17310 = ADVANCED_FACE('',(#17311),#17322,.F.);
#17311 = FACE_BOUND('',#17312,.T.);
#17312 = EDGE_LOOP('',(#17313,#17314,#17320,#17321));
#17313 = ORIENTED_EDGE('',*,*,#12422,.T.);
#17314 = ORIENTED_EDGE('',*,*,#17315,.T.);
#17315 = EDGE_CURVE('',#12423,#14584,#17316,.T.);
#17316 = LINE('',#17317,#17318);
#17317 = CARTESIAN_POINT('',(-34.25,0.770001,-4.5E-02));
#17318 = VECTOR('',#17319,1.);
#17319 = DIRECTION('',(0.,0.,1.));
#17320 = ORIENTED_EDGE('',*,*,#14583,.F.);
#17321 = ORIENTED_EDGE('',*,*,#17315,.F.);
#17322 = CYLINDRICAL_SURFACE('',#17323,0.5);
#17323 = AXIS2_PLACEMENT_3D('',#17324,#17325,#17326);
#17324 = CARTESIAN_POINT('',(-34.25,1.270001,-4.5E-02));
#17325 = DIRECTION('',(-0.,-0.,-1.));
#17326 = DIRECTION('',(-0.,-1.,0.));
#17327 = ADVANCED_FACE('',(#17328),#17339,.F.);
#17328 = FACE_BOUND('',#17329,.T.);
#17329 = EDGE_LOOP('',(#17330,#17331,#17337,#17338));
#17330 = ORIENTED_EDGE('',*,*,#12433,.T.);
#17331 = ORIENTED_EDGE('',*,*,#17332,.T.);
#17332 = EDGE_CURVE('',#12434,#14595,#17333,.T.);
#17333 = LINE('',#17334,#17335);
#17334 = CARTESIAN_POINT('',(-34.25,3.310001,-4.5E-02));
#17335 = VECTOR('',#17336,1.);
#17336 = DIRECTION('',(0.,0.,1.));
#17337 = ORIENTED_EDGE('',*,*,#14594,.F.);
#17338 = ORIENTED_EDGE('',*,*,#17332,.F.);
#17339 = CYLINDRICAL_SURFACE('',#17340,0.5);
#17340 = AXIS2_PLACEMENT_3D('',#17341,#17342,#17343);
#17341 = CARTESIAN_POINT('',(-34.25,3.810001,-4.5E-02));
#17342 = DIRECTION('',(-0.,-0.,-1.));
#17343 = DIRECTION('',(-0.,-1.,0.));
#17344 = ADVANCED_FACE('',(#17345),#17356,.F.);
#17345 = FACE_BOUND('',#17346,.T.);
#17346 = EDGE_LOOP('',(#17347,#17348,#17354,#17355));
#17347 = ORIENTED_EDGE('',*,*,#12444,.T.);
#17348 = ORIENTED_EDGE('',*,*,#17349,.T.);
#17349 = EDGE_CURVE('',#12445,#14606,#17350,.T.);
#17350 = LINE('',#17351,#17352);
#17351 = CARTESIAN_POINT('',(-34.25,5.850001,-4.5E-02));
#17352 = VECTOR('',#17353,1.);
#17353 = DIRECTION('',(0.,0.,1.));
#17354 = ORIENTED_EDGE('',*,*,#14605,.F.);
#17355 = ORIENTED_EDGE('',*,*,#17349,.F.);
#17356 = CYLINDRICAL_SURFACE('',#17357,0.5);
#17357 = AXIS2_PLACEMENT_3D('',#17358,#17359,#17360);
#17358 = CARTESIAN_POINT('',(-34.25,6.350001,-4.5E-02));
#17359 = DIRECTION('',(-0.,-0.,-1.));
#17360 = DIRECTION('',(-0.,-1.,0.));
#17361 = ADVANCED_FACE('',(#17362),#17373,.F.);
#17362 = FACE_BOUND('',#17363,.T.);
#17363 = EDGE_LOOP('',(#17364,#17365,#17371,#17372));
#17364 = ORIENTED_EDGE('',*,*,#12455,.T.);
#17365 = ORIENTED_EDGE('',*,*,#17366,.T.);
#17366 = EDGE_CURVE('',#12456,#14617,#17367,.T.);
#17367 = LINE('',#17368,#17369);
#17368 = CARTESIAN_POINT('',(-26.757056,5.552945,-4.5E-02));
#17369 = VECTOR('',#17370,1.);
#17370 = DIRECTION('',(0.,0.,1.));
#17371 = ORIENTED_EDGE('',*,*,#14616,.F.);
#17372 = ORIENTED_EDGE('',*,*,#17366,.F.);
#17373 = CYLINDRICAL_SURFACE('',#17374,0.25);
#17374 = AXIS2_PLACEMENT_3D('',#17375,#17376,#17377);
#17375 = CARTESIAN_POINT('',(-26.757056,5.802945,-4.5E-02));
#17376 = DIRECTION('',(-0.,-0.,-1.));
#17377 = DIRECTION('',(-0.,-1.,0.));
#17378 = ADVANCED_FACE('',(#17379),#17390,.F.);
#17379 = FACE_BOUND('',#17380,.T.);
#17380 = EDGE_LOOP('',(#17381,#17382,#17388,#17389));
#17381 = ORIENTED_EDGE('',*,*,#12466,.T.);
#17382 = ORIENTED_EDGE('',*,*,#17383,.T.);
#17383 = EDGE_CURVE('',#12467,#14628,#17384,.T.);
#17384 = LINE('',#17385,#17386);
#17385 = CARTESIAN_POINT('',(-27.46,7.250001,-4.5E-02));
#17386 = VECTOR('',#17387,1.);
#17387 = DIRECTION('',(0.,0.,1.));
#17388 = ORIENTED_EDGE('',*,*,#14627,.F.);
#17389 = ORIENTED_EDGE('',*,*,#17383,.F.);
#17390 = CYLINDRICAL_SURFACE('',#17391,0.25);
#17391 = AXIS2_PLACEMENT_3D('',#17392,#17393,#17394);
#17392 = CARTESIAN_POINT('',(-27.46,7.500001,-4.5E-02));
#17393 = DIRECTION('',(-0.,-0.,-1.));
#17394 = DIRECTION('',(-0.,-1.,0.));
#17395 = ADVANCED_FACE('',(#17396),#17407,.F.);
#17396 = FACE_BOUND('',#17397,.T.);
#17397 = EDGE_LOOP('',(#17398,#17399,#17405,#17406));
#17398 = ORIENTED_EDGE('',*,*,#12477,.T.);
#17399 = ORIENTED_EDGE('',*,*,#17400,.T.);
#17400 = EDGE_CURVE('',#12478,#14639,#17401,.T.);
#17401 = LINE('',#17402,#17403);
#17402 = CARTESIAN_POINT('',(-26.757056,8.947057,-4.5E-02));
#17403 = VECTOR('',#17404,1.);
#17404 = DIRECTION('',(0.,0.,1.));
#17405 = ORIENTED_EDGE('',*,*,#14638,.F.);
#17406 = ORIENTED_EDGE('',*,*,#17400,.F.);
#17407 = CYLINDRICAL_SURFACE('',#17408,0.25);
#17408 = AXIS2_PLACEMENT_3D('',#17409,#17410,#17411);
#17409 = CARTESIAN_POINT('',(-26.757056,9.197057,-4.5E-02));
#17410 = DIRECTION('',(-0.,-0.,-1.));
#17411 = DIRECTION('',(-0.,-1.,0.));
#17412 = ADVANCED_FACE('',(#17413),#17424,.F.);
#17413 = FACE_BOUND('',#17414,.T.);
#17414 = EDGE_LOOP('',(#17415,#17416,#17422,#17423));
#17415 = ORIENTED_EDGE('',*,*,#12488,.T.);
#17416 = ORIENTED_EDGE('',*,*,#17417,.T.);
#17417 = EDGE_CURVE('',#12489,#14650,#17418,.T.);
#17418 = LINE('',#17419,#17420);
#17419 = CARTESIAN_POINT('',(-47.3015,13.1875,-4.5E-02));
#17420 = VECTOR('',#17421,1.);
#17421 = DIRECTION('',(0.,0.,1.));
#17422 = ORIENTED_EDGE('',*,*,#14649,.F.);
#17423 = ORIENTED_EDGE('',*,*,#17417,.F.);
#17424 = CYLINDRICAL_SURFACE('',#17425,0.425);
#17425 = AXIS2_PLACEMENT_3D('',#17426,#17427,#17428);
#17426 = CARTESIAN_POINT('',(-47.3015,13.6125,-4.5E-02));
#17427 = DIRECTION('',(-0.,0.,-1.));
#17428 = DIRECTION('',(1.671865260612E-14,-1.,-0.));
#17429 = ADVANCED_FACE('',(#17430),#17441,.F.);
#17430 = FACE_BOUND('',#17431,.T.);
#17431 = EDGE_LOOP('',(#17432,#17433,#17439,#17440));
#17432 = ORIENTED_EDGE('',*,*,#12499,.T.);
#17433 = ORIENTED_EDGE('',*,*,#17434,.T.);
#17434 = EDGE_CURVE('',#12500,#14661,#17435,.T.);
#17435 = LINE('',#17436,#17437);
#17436 = CARTESIAN_POINT('',(-44.7615,13.1875,-4.5E-02));
#17437 = VECTOR('',#17438,1.);
#17438 = DIRECTION('',(0.,0.,1.));
#17439 = ORIENTED_EDGE('',*,*,#14660,.F.);
#17440 = ORIENTED_EDGE('',*,*,#17434,.F.);
#17441 = CYLINDRICAL_SURFACE('',#17442,0.425);
#17442 = AXIS2_PLACEMENT_3D('',#17443,#17444,#17445);
#17443 = CARTESIAN_POINT('',(-44.7615,13.6125,-4.5E-02));
#17444 = DIRECTION('',(-0.,-0.,-1.));
#17445 = DIRECTION('',(-0.,-1.,0.));
#17446 = ADVANCED_FACE('',(#17447),#17458,.F.);
#17447 = FACE_BOUND('',#17448,.T.);
#17448 = EDGE_LOOP('',(#17449,#17450,#17456,#17457));
#17449 = ORIENTED_EDGE('',*,*,#12510,.T.);
#17450 = ORIENTED_EDGE('',*,*,#17451,.T.);
#17451 = EDGE_CURVE('',#12511,#14672,#17452,.T.);
#17452 = LINE('',#17453,#17454);
#17453 = CARTESIAN_POINT('',(-42.2215,13.1875,-4.5E-02));
#17454 = VECTOR('',#17455,1.);
#17455 = DIRECTION('',(0.,0.,1.));
#17456 = ORIENTED_EDGE('',*,*,#14671,.F.);
#17457 = ORIENTED_EDGE('',*,*,#17451,.F.);
#17458 = CYLINDRICAL_SURFACE('',#17459,0.425);
#17459 = AXIS2_PLACEMENT_3D('',#17460,#17461,#17462);
#17460 = CARTESIAN_POINT('',(-42.2215,13.6125,-4.5E-02));
#17461 = DIRECTION('',(-0.,0.,-1.));
#17462 = DIRECTION('',(1.671865260612E-14,-1.,-0.));
#17463 = ADVANCED_FACE('',(#17464),#17475,.F.);
#17464 = FACE_BOUND('',#17465,.T.);
#17465 = EDGE_LOOP('',(#17466,#17467,#17473,#17474));
#17466 = ORIENTED_EDGE('',*,*,#12521,.T.);
#17467 = ORIENTED_EDGE('',*,*,#17468,.T.);
#17468 = EDGE_CURVE('',#12522,#14683,#17469,.T.);
#17469 = LINE('',#17470,#17471);
#17470 = CARTESIAN_POINT('',(-39.6815,13.1875,-4.5E-02));
#17471 = VECTOR('',#17472,1.);
#17472 = DIRECTION('',(0.,0.,1.));
#17473 = ORIENTED_EDGE('',*,*,#14682,.F.);
#17474 = ORIENTED_EDGE('',*,*,#17468,.F.);
#17475 = CYLINDRICAL_SURFACE('',#17476,0.425);
#17476 = AXIS2_PLACEMENT_3D('',#17477,#17478,#17479);
#17477 = CARTESIAN_POINT('',(-39.6815,13.6125,-4.5E-02));
#17478 = DIRECTION('',(-0.,-0.,-1.));
#17479 = DIRECTION('',(-0.,-1.,0.));
#17480 = ADVANCED_FACE('',(#17481),#17492,.F.);
#17481 = FACE_BOUND('',#17482,.T.);
#17482 = EDGE_LOOP('',(#17483,#17484,#17490,#17491));
#17483 = ORIENTED_EDGE('',*,*,#12532,.T.);
#17484 = ORIENTED_EDGE('',*,*,#17485,.T.);
#17485 = EDGE_CURVE('',#12533,#14694,#17486,.T.);
#17486 = LINE('',#17487,#17488);
#17487 = CARTESIAN_POINT('',(-37.1415,13.1875,-4.5E-02));
#17488 = VECTOR('',#17489,1.);
#17489 = DIRECTION('',(0.,0.,1.));
#17490 = ORIENTED_EDGE('',*,*,#14693,.F.);
#17491 = ORIENTED_EDGE('',*,*,#17485,.F.);
#17492 = CYLINDRICAL_SURFACE('',#17493,0.425);
#17493 = AXIS2_PLACEMENT_3D('',#17494,#17495,#17496);
#17494 = CARTESIAN_POINT('',(-37.1415,13.6125,-4.5E-02));
#17495 = DIRECTION('',(-0.,-0.,-1.));
#17496 = DIRECTION('',(-0.,-1.,0.));
#17497 = ADVANCED_FACE('',(#17498),#17509,.F.);
#17498 = FACE_BOUND('',#17499,.T.);
#17499 = EDGE_LOOP('',(#17500,#17501,#17507,#17508));
#17500 = ORIENTED_EDGE('',*,*,#12543,.T.);
#17501 = ORIENTED_EDGE('',*,*,#17502,.T.);
#17502 = EDGE_CURVE('',#12544,#14705,#17503,.T.);
#17503 = LINE('',#17504,#17505);
#17504 = CARTESIAN_POINT('',(-34.6015,13.1875,-4.5E-02));
#17505 = VECTOR('',#17506,1.);
#17506 = DIRECTION('',(0.,0.,1.));
#17507 = ORIENTED_EDGE('',*,*,#14704,.F.);
#17508 = ORIENTED_EDGE('',*,*,#17502,.F.);
#17509 = CYLINDRICAL_SURFACE('',#17510,0.425);
#17510 = AXIS2_PLACEMENT_3D('',#17511,#17512,#17513);
#17511 = CARTESIAN_POINT('',(-34.6015,13.6125,-4.5E-02));
#17512 = DIRECTION('',(-0.,-0.,-1.));
#17513 = DIRECTION('',(-0.,-1.,0.));
#17514 = ADVANCED_FACE('',(#17515),#17526,.F.);
#17515 = FACE_BOUND('',#17516,.T.);
#17516 = EDGE_LOOP('',(#17517,#17518,#17524,#17525));
#17517 = ORIENTED_EDGE('',*,*,#12554,.T.);
#17518 = ORIENTED_EDGE('',*,*,#17519,.T.);
#17519 = EDGE_CURVE('',#12555,#14716,#17520,.T.);
#17520 = LINE('',#17521,#17522);
#17521 = CARTESIAN_POINT('',(-32.0615,13.1875,-4.5E-02));
#17522 = VECTOR('',#17523,1.);
#17523 = DIRECTION('',(0.,0.,1.));
#17524 = ORIENTED_EDGE('',*,*,#14715,.F.);
#17525 = ORIENTED_EDGE('',*,*,#17519,.F.);
#17526 = CYLINDRICAL_SURFACE('',#17527,0.425);
#17527 = AXIS2_PLACEMENT_3D('',#17528,#17529,#17530);
#17528 = CARTESIAN_POINT('',(-32.0615,13.6125,-4.5E-02));
#17529 = DIRECTION('',(-0.,-0.,-1.));
#17530 = DIRECTION('',(-0.,-1.,0.));
#17531 = ADVANCED_FACE('',(#17532),#17543,.F.);
#17532 = FACE_BOUND('',#17533,.T.);
#17533 = EDGE_LOOP('',(#17534,#17535,#17541,#17542));
#17534 = ORIENTED_EDGE('',*,*,#12565,.T.);
#17535 = ORIENTED_EDGE('',*,*,#17536,.T.);
#17536 = EDGE_CURVE('',#12566,#14727,#17537,.T.);
#17537 = LINE('',#17538,#17539);
#17538 = CARTESIAN_POINT('',(-25.06,4.850001,-4.5E-02));
#17539 = VECTOR('',#17540,1.);
#17540 = DIRECTION('',(0.,0.,1.));
#17541 = ORIENTED_EDGE('',*,*,#14726,.F.);
#17542 = ORIENTED_EDGE('',*,*,#17536,.F.);
#17543 = CYLINDRICAL_SURFACE('',#17544,0.25);
#17544 = AXIS2_PLACEMENT_3D('',#17545,#17546,#17547);
#17545 = CARTESIAN_POINT('',(-25.06,5.100001,-4.5E-02));
#17546 = DIRECTION('',(-0.,-0.,-1.));
#17547 = DIRECTION('',(-0.,-1.,0.));
#17548 = ADVANCED_FACE('',(#17549),#17560,.F.);
#17549 = FACE_BOUND('',#17550,.T.);
#17550 = EDGE_LOOP('',(#17551,#17552,#17558,#17559));
#17551 = ORIENTED_EDGE('',*,*,#12576,.T.);
#17552 = ORIENTED_EDGE('',*,*,#17553,.T.);
#17553 = EDGE_CURVE('',#12577,#14738,#17554,.T.);
#17554 = LINE('',#17555,#17556);
#17555 = CARTESIAN_POINT('',(-23.362944,5.552945,-4.5E-02));
#17556 = VECTOR('',#17557,1.);
#17557 = DIRECTION('',(0.,0.,1.));
#17558 = ORIENTED_EDGE('',*,*,#14737,.F.);
#17559 = ORIENTED_EDGE('',*,*,#17553,.F.);
#17560 = CYLINDRICAL_SURFACE('',#17561,0.25);
#17561 = AXIS2_PLACEMENT_3D('',#17562,#17563,#17564);
#17562 = CARTESIAN_POINT('',(-23.362944,5.802945,-4.5E-02));
#17563 = DIRECTION('',(-0.,-0.,-1.));
#17564 = DIRECTION('',(-0.,-1.,0.));
#17565 = ADVANCED_FACE('',(#17566),#17577,.F.);
#17566 = FACE_BOUND('',#17567,.T.);
#17567 = EDGE_LOOP('',(#17568,#17569,#17575,#17576));
#17568 = ORIENTED_EDGE('',*,*,#12587,.T.);
#17569 = ORIENTED_EDGE('',*,*,#17570,.T.);
#17570 = EDGE_CURVE('',#12588,#14749,#17571,.T.);
#17571 = LINE('',#17572,#17573);
#17572 = CARTESIAN_POINT('',(-25.06,5.900001,-4.5E-02));
#17573 = VECTOR('',#17574,1.);
#17574 = DIRECTION('',(0.,0.,1.));
#17575 = ORIENTED_EDGE('',*,*,#14748,.F.);
#17576 = ORIENTED_EDGE('',*,*,#17570,.F.);
#17577 = CYLINDRICAL_SURFACE('',#17578,1.6);
#17578 = AXIS2_PLACEMENT_3D('',#17579,#17580,#17581);
#17579 = CARTESIAN_POINT('',(-25.06,7.500001,-4.5E-02));
#17580 = DIRECTION('',(-0.,0.,-1.));
#17581 = DIRECTION('',(2.22044604925E-15,-1.,-0.));
#17582 = ADVANCED_FACE('',(#17583),#17594,.F.);
#17583 = FACE_BOUND('',#17584,.T.);
#17584 = EDGE_LOOP('',(#17585,#17586,#17592,#17593));
#17585 = ORIENTED_EDGE('',*,*,#12598,.T.);
#17586 = ORIENTED_EDGE('',*,*,#17587,.T.);
#17587 = EDGE_CURVE('',#12599,#14760,#17588,.T.);
#17588 = LINE('',#17589,#17590);
#17589 = CARTESIAN_POINT('',(-23.362944,8.947057,-4.5E-02));
#17590 = VECTOR('',#17591,1.);
#17591 = DIRECTION('',(0.,0.,1.));
#17592 = ORIENTED_EDGE('',*,*,#14759,.F.);
#17593 = ORIENTED_EDGE('',*,*,#17587,.F.);
#17594 = CYLINDRICAL_SURFACE('',#17595,0.25);
#17595 = AXIS2_PLACEMENT_3D('',#17596,#17597,#17598);
#17596 = CARTESIAN_POINT('',(-23.362944,9.197057,-4.5E-02));
#17597 = DIRECTION('',(-0.,-0.,-1.));
#17598 = DIRECTION('',(-0.,-1.,0.));
#17599 = ADVANCED_FACE('',(#17600),#17611,.F.);
#17600 = FACE_BOUND('',#17601,.T.);
#17601 = EDGE_LOOP('',(#17602,#17603,#17609,#17610));
#17602 = ORIENTED_EDGE('',*,*,#12609,.T.);
#17603 = ORIENTED_EDGE('',*,*,#17604,.T.);
#17604 = EDGE_CURVE('',#12610,#14771,#17605,.T.);
#17605 = LINE('',#17606,#17607);
#17606 = CARTESIAN_POINT('',(-22.66,7.250001,-4.5E-02));
#17607 = VECTOR('',#17608,1.);
#17608 = DIRECTION('',(0.,0.,1.));
#17609 = ORIENTED_EDGE('',*,*,#14770,.F.);
#17610 = ORIENTED_EDGE('',*,*,#17604,.F.);
#17611 = CYLINDRICAL_SURFACE('',#17612,0.25);
#17612 = AXIS2_PLACEMENT_3D('',#17613,#17614,#17615);
#17613 = CARTESIAN_POINT('',(-22.66,7.500001,-4.5E-02));
#17614 = DIRECTION('',(-0.,-0.,-1.));
#17615 = DIRECTION('',(-0.,-1.,0.));
#17616 = ADVANCED_FACE('',(#17617),#17628,.F.);
#17617 = FACE_BOUND('',#17618,.T.);
#17618 = EDGE_LOOP('',(#17619,#17620,#17626,#17627));
#17619 = ORIENTED_EDGE('',*,*,#12620,.T.);
#17620 = ORIENTED_EDGE('',*,*,#17621,.T.);
#17621 = EDGE_CURVE('',#12621,#14782,#17622,.T.);
#17622 = LINE('',#17623,#17624);
#17623 = CARTESIAN_POINT('',(-25.06,9.650001,-4.5E-02));
#17624 = VECTOR('',#17625,1.);
#17625 = DIRECTION('',(0.,0.,1.));
#17626 = ORIENTED_EDGE('',*,*,#14781,.F.);
#17627 = ORIENTED_EDGE('',*,*,#17621,.F.);
#17628 = CYLINDRICAL_SURFACE('',#17629,0.25);
#17629 = AXIS2_PLACEMENT_3D('',#17630,#17631,#17632);
#17630 = CARTESIAN_POINT('',(-25.06,9.900001,-4.5E-02));
#17631 = DIRECTION('',(-0.,-0.,-1.));
#17632 = DIRECTION('',(-0.,-1.,0.));
#17633 = ADVANCED_FACE('',(#17634),#17645,.F.);
#17634 = FACE_BOUND('',#17635,.T.);
#17635 = EDGE_LOOP('',(#17636,#17637,#17643,#17644));
#17636 = ORIENTED_EDGE('',*,*,#12631,.T.);
#17637 = ORIENTED_EDGE('',*,*,#17638,.T.);
#17638 = EDGE_CURVE('',#12632,#14793,#17639,.T.);
#17639 = LINE('',#17640,#17641);
#17640 = CARTESIAN_POINT('',(-14.478,3.239001,-4.5E-02));
#17641 = VECTOR('',#17642,1.);
#17642 = DIRECTION('',(0.,0.,1.));
#17643 = ORIENTED_EDGE('',*,*,#14792,.F.);
#17644 = ORIENTED_EDGE('',*,*,#17638,.F.);
#17645 = CYLINDRICAL_SURFACE('',#17646,1.85);
#17646 = AXIS2_PLACEMENT_3D('',#17647,#17648,#17649);
#17647 = CARTESIAN_POINT('',(-14.478,5.089001,-4.5E-02));
#17648 = DIRECTION('',(-0.,-0.,-1.));
#17649 = DIRECTION('',(-0.,-1.,0.));
#17650 = ADVANCED_FACE('',(#17651),#17662,.F.);
#17651 = FACE_BOUND('',#17652,.T.);
#17652 = EDGE_LOOP('',(#17653,#17654,#17660,#17661));
#17653 = ORIENTED_EDGE('',*,*,#12642,.T.);
#17654 = ORIENTED_EDGE('',*,*,#17655,.T.);
#17655 = EDGE_CURVE('',#12643,#14804,#17656,.T.);
#17656 = LINE('',#17657,#17658);
#17657 = CARTESIAN_POINT('',(-10.1722,11.168401,-4.5E-02));
#17658 = VECTOR('',#17659,1.);
#17659 = DIRECTION('',(0.,0.,1.));
#17660 = ORIENTED_EDGE('',*,*,#14803,.F.);
#17661 = ORIENTED_EDGE('',*,*,#17655,.F.);
#17662 = CYLINDRICAL_SURFACE('',#17663,1.25);
#17663 = AXIS2_PLACEMENT_3D('',#17664,#17665,#17666);
#17664 = CARTESIAN_POINT('',(-10.1722,12.418401,-4.5E-02));
#17665 = DIRECTION('',(-0.,-0.,-1.));
#17666 = DIRECTION('',(-0.,-1.,0.));
#17667 = ADVANCED_FACE('',(#17668),#17679,.F.);
#17668 = FACE_BOUND('',#17669,.T.);
#17669 = EDGE_LOOP('',(#17670,#17671,#17677,#17678));
#17670 = ORIENTED_EDGE('',*,*,#12653,.T.);
#17671 = ORIENTED_EDGE('',*,*,#17672,.T.);
#17672 = EDGE_CURVE('',#12654,#14815,#17673,.T.);
#17673 = LINE('',#17674,#17675);
#17674 = CARTESIAN_POINT('',(-6.3622,11.918401,-4.5E-02));
#17675 = VECTOR('',#17676,1.);
#17676 = DIRECTION('',(0.,0.,1.));
#17677 = ORIENTED_EDGE('',*,*,#14814,.F.);
#17678 = ORIENTED_EDGE('',*,*,#17672,.F.);
#17679 = CYLINDRICAL_SURFACE('',#17680,0.5);
#17680 = AXIS2_PLACEMENT_3D('',#17681,#17682,#17683);
#17681 = CARTESIAN_POINT('',(-6.3622,12.418401,-4.5E-02));
#17682 = DIRECTION('',(-0.,-0.,-1.));
#17683 = DIRECTION('',(-0.,-1.,0.));
#17684 = ADVANCED_FACE('',(#17685),#17696,.F.);
#17685 = FACE_BOUND('',#17686,.T.);
#17686 = EDGE_LOOP('',(#17687,#17688,#17694,#17695));
#17687 = ORIENTED_EDGE('',*,*,#12664,.T.);
#17688 = ORIENTED_EDGE('',*,*,#17689,.T.);
#17689 = EDGE_CURVE('',#12665,#14826,#17690,.T.);
#17690 = LINE('',#17691,#17692);
#17691 = CARTESIAN_POINT('',(-3.8222,11.918401,-4.5E-02));
#17692 = VECTOR('',#17693,1.);
#17693 = DIRECTION('',(0.,0.,1.));
#17694 = ORIENTED_EDGE('',*,*,#14825,.F.);
#17695 = ORIENTED_EDGE('',*,*,#17689,.F.);
#17696 = CYLINDRICAL_SURFACE('',#17697,0.5);
#17697 = AXIS2_PLACEMENT_3D('',#17698,#17699,#17700);
#17698 = CARTESIAN_POINT('',(-3.8222,12.418401,-4.5E-02));
#17699 = DIRECTION('',(-0.,-0.,-1.));
#17700 = DIRECTION('',(-8.881784197001E-16,-1.,0.));
#17701 = ADVANCED_FACE('',(#17702),#17713,.F.);
#17702 = FACE_BOUND('',#17703,.T.);
#17703 = EDGE_LOOP('',(#17704,#17705,#17711,#17712));
#17704 = ORIENTED_EDGE('',*,*,#12675,.T.);
#17705 = ORIENTED_EDGE('',*,*,#17706,.T.);
#17706 = EDGE_CURVE('',#12676,#14837,#17707,.T.);
#17707 = LINE('',#17708,#17709);
#17708 = CARTESIAN_POINT('',(-47.3015,28.4275,-4.5E-02));
#17709 = VECTOR('',#17710,1.);
#17710 = DIRECTION('',(0.,0.,1.));
#17711 = ORIENTED_EDGE('',*,*,#14836,.F.);
#17712 = ORIENTED_EDGE('',*,*,#17706,.F.);
#17713 = CYLINDRICAL_SURFACE('',#17714,0.425);
#17714 = AXIS2_PLACEMENT_3D('',#17715,#17716,#17717);
#17715 = CARTESIAN_POINT('',(-47.3015,28.8525,-4.5E-02));
#17716 = DIRECTION('',(-0.,0.,-1.));
#17717 = DIRECTION('',(1.671865260612E-14,-1.,-0.));
#17718 = ADVANCED_FACE('',(#17719),#17730,.F.);
#17719 = FACE_BOUND('',#17720,.T.);
#17720 = EDGE_LOOP('',(#17721,#17722,#17728,#17729));
#17721 = ORIENTED_EDGE('',*,*,#12686,.T.);
#17722 = ORIENTED_EDGE('',*,*,#17723,.T.);
#17723 = EDGE_CURVE('',#12687,#14848,#17724,.T.);
#17724 = LINE('',#17725,#17726);
#17725 = CARTESIAN_POINT('',(-44.7615,28.4275,-4.5E-02));
#17726 = VECTOR('',#17727,1.);
#17727 = DIRECTION('',(0.,0.,1.));
#17728 = ORIENTED_EDGE('',*,*,#14847,.F.);
#17729 = ORIENTED_EDGE('',*,*,#17723,.F.);
#17730 = CYLINDRICAL_SURFACE('',#17731,0.425);
#17731 = AXIS2_PLACEMENT_3D('',#17732,#17733,#17734);
#17732 = CARTESIAN_POINT('',(-44.7615,28.8525,-4.5E-02));
#17733 = DIRECTION('',(-0.,-0.,-1.));
#17734 = DIRECTION('',(-0.,-1.,0.));
#17735 = ADVANCED_FACE('',(#17736),#17747,.F.);
#17736 = FACE_BOUND('',#17737,.T.);
#17737 = EDGE_LOOP('',(#17738,#17739,#17745,#17746));
#17738 = ORIENTED_EDGE('',*,*,#12697,.T.);
#17739 = ORIENTED_EDGE('',*,*,#17740,.T.);
#17740 = EDGE_CURVE('',#12698,#14859,#17741,.T.);
#17741 = LINE('',#17742,#17743);
#17742 = CARTESIAN_POINT('',(-42.2215,28.4275,-4.5E-02));
#17743 = VECTOR('',#17744,1.);
#17744 = DIRECTION('',(0.,0.,1.));
#17745 = ORIENTED_EDGE('',*,*,#14858,.F.);
#17746 = ORIENTED_EDGE('',*,*,#17740,.F.);
#17747 = CYLINDRICAL_SURFACE('',#17748,0.425);
#17748 = AXIS2_PLACEMENT_3D('',#17749,#17750,#17751);
#17749 = CARTESIAN_POINT('',(-42.2215,28.8525,-4.5E-02));
#17750 = DIRECTION('',(-0.,0.,-1.));
#17751 = DIRECTION('',(1.671865260612E-14,-1.,-0.));
#17752 = ADVANCED_FACE('',(#17753),#17764,.F.);
#17753 = FACE_BOUND('',#17754,.T.);
#17754 = EDGE_LOOP('',(#17755,#17756,#17762,#17763));
#17755 = ORIENTED_EDGE('',*,*,#12708,.T.);
#17756 = ORIENTED_EDGE('',*,*,#17757,.T.);
#17757 = EDGE_CURVE('',#12709,#14870,#17758,.T.);
#17758 = LINE('',#17759,#17760);
#17759 = CARTESIAN_POINT('',(-39.6815,28.4275,-4.5E-02));
#17760 = VECTOR('',#17761,1.);
#17761 = DIRECTION('',(0.,0.,1.));
#17762 = ORIENTED_EDGE('',*,*,#14869,.F.);
#17763 = ORIENTED_EDGE('',*,*,#17757,.F.);
#17764 = CYLINDRICAL_SURFACE('',#17765,0.425);
#17765 = AXIS2_PLACEMENT_3D('',#17766,#17767,#17768);
#17766 = CARTESIAN_POINT('',(-39.6815,28.8525,-4.5E-02));
#17767 = DIRECTION('',(-0.,-0.,-1.));
#17768 = DIRECTION('',(-0.,-1.,0.));
#17769 = ADVANCED_FACE('',(#17770),#17781,.F.);
#17770 = FACE_BOUND('',#17771,.T.);
#17771 = EDGE_LOOP('',(#17772,#17773,#17779,#17780));
#17772 = ORIENTED_EDGE('',*,*,#12719,.T.);
#17773 = ORIENTED_EDGE('',*,*,#17774,.T.);
#17774 = EDGE_CURVE('',#12720,#14881,#17775,.T.);
#17775 = LINE('',#17776,#17777);
#17776 = CARTESIAN_POINT('',(-37.1415,28.4275,-4.5E-02));
#17777 = VECTOR('',#17778,1.);
#17778 = DIRECTION('',(0.,0.,1.));
#17779 = ORIENTED_EDGE('',*,*,#14880,.F.);
#17780 = ORIENTED_EDGE('',*,*,#17774,.F.);
#17781 = CYLINDRICAL_SURFACE('',#17782,0.425);
#17782 = AXIS2_PLACEMENT_3D('',#17783,#17784,#17785);
#17783 = CARTESIAN_POINT('',(-37.1415,28.8525,-4.5E-02));
#17784 = DIRECTION('',(-0.,-0.,-1.));
#17785 = DIRECTION('',(-0.,-1.,0.));
#17786 = ADVANCED_FACE('',(#17787),#17798,.F.);
#17787 = FACE_BOUND('',#17788,.T.);
#17788 = EDGE_LOOP('',(#17789,#17790,#17796,#17797));
#17789 = ORIENTED_EDGE('',*,*,#12730,.T.);
#17790 = ORIENTED_EDGE('',*,*,#17791,.T.);
#17791 = EDGE_CURVE('',#12731,#14892,#17792,.T.);
#17792 = LINE('',#17793,#17794);
#17793 = CARTESIAN_POINT('',(-34.6015,28.4275,-4.5E-02));
#17794 = VECTOR('',#17795,1.);
#17795 = DIRECTION('',(0.,0.,1.));
#17796 = ORIENTED_EDGE('',*,*,#14891,.F.);
#17797 = ORIENTED_EDGE('',*,*,#17791,.F.);
#17798 = CYLINDRICAL_SURFACE('',#17799,0.425);
#17799 = AXIS2_PLACEMENT_3D('',#17800,#17801,#17802);
#17800 = CARTESIAN_POINT('',(-34.6015,28.8525,-4.5E-02));
#17801 = DIRECTION('',(-0.,-0.,-1.));
#17802 = DIRECTION('',(-0.,-1.,0.));
#17803 = ADVANCED_FACE('',(#17804),#17815,.F.);
#17804 = FACE_BOUND('',#17805,.T.);
#17805 = EDGE_LOOP('',(#17806,#17807,#17813,#17814));
#17806 = ORIENTED_EDGE('',*,*,#12741,.T.);
#17807 = ORIENTED_EDGE('',*,*,#17808,.T.);
#17808 = EDGE_CURVE('',#12742,#14903,#17809,.T.);
#17809 = LINE('',#17810,#17811);
#17810 = CARTESIAN_POINT('',(-32.0615,28.4275,-4.5E-02));
#17811 = VECTOR('',#17812,1.);
#17812 = DIRECTION('',(0.,0.,1.));
#17813 = ORIENTED_EDGE('',*,*,#14902,.F.);
#17814 = ORIENTED_EDGE('',*,*,#17808,.F.);
#17815 = CYLINDRICAL_SURFACE('',#17816,0.425);
#17816 = AXIS2_PLACEMENT_3D('',#17817,#17818,#17819);
#17817 = CARTESIAN_POINT('',(-32.0615,28.8525,-4.5E-02));
#17818 = DIRECTION('',(-0.,-0.,-1.));
#17819 = DIRECTION('',(-0.,-1.,0.));
#17820 = ADVANCED_FACE('',(#17821),#17832,.F.);
#17821 = FACE_BOUND('',#17822,.T.);
#17822 = EDGE_LOOP('',(#17823,#17824,#17830,#17831));
#17823 = ORIENTED_EDGE('',*,*,#12752,.T.);
#17824 = ORIENTED_EDGE('',*,*,#17825,.T.);
#17825 = EDGE_CURVE('',#12753,#14914,#17826,.T.);
#17826 = LINE('',#17827,#17828);
#17827 = CARTESIAN_POINT('',(-24.747056,28.052945,-4.5E-02));
#17828 = VECTOR('',#17829,1.);
#17829 = DIRECTION('',(0.,0.,1.));
#17830 = ORIENTED_EDGE('',*,*,#14913,.F.);
#17831 = ORIENTED_EDGE('',*,*,#17825,.F.);
#17832 = CYLINDRICAL_SURFACE('',#17833,0.25);
#17833 = AXIS2_PLACEMENT_3D('',#17834,#17835,#17836);
#17834 = CARTESIAN_POINT('',(-24.747056,28.302945,-4.5E-02));
#17835 = DIRECTION('',(-0.,-0.,-1.));
#17836 = DIRECTION('',(-0.,-1.,0.));
#17837 = ADVANCED_FACE('',(#17838),#17849,.F.);
#17838 = FACE_BOUND('',#17839,.T.);
#17839 = EDGE_LOOP('',(#17840,#17841,#17847,#17848));
#17840 = ORIENTED_EDGE('',*,*,#12763,.T.);
#17841 = ORIENTED_EDGE('',*,*,#17842,.T.);
#17842 = EDGE_CURVE('',#12764,#14925,#17843,.T.);
#17843 = LINE('',#17844,#17845);
#17844 = CARTESIAN_POINT('',(-23.05,27.350001,-4.5E-02));
#17845 = VECTOR('',#17846,1.);
#17846 = DIRECTION('',(0.,0.,1.));
#17847 = ORIENTED_EDGE('',*,*,#14924,.F.);
#17848 = ORIENTED_EDGE('',*,*,#17842,.F.);
#17849 = CYLINDRICAL_SURFACE('',#17850,0.25);
#17850 = AXIS2_PLACEMENT_3D('',#17851,#17852,#17853);
#17851 = CARTESIAN_POINT('',(-23.05,27.600001,-4.5E-02));
#17852 = DIRECTION('',(-0.,-0.,-1.));
#17853 = DIRECTION('',(-0.,-1.,0.));
#17854 = ADVANCED_FACE('',(#17855),#17866,.F.);
#17855 = FACE_BOUND('',#17856,.T.);
#17856 = EDGE_LOOP('',(#17857,#17858,#17864,#17865));
#17857 = ORIENTED_EDGE('',*,*,#12774,.T.);
#17858 = ORIENTED_EDGE('',*,*,#17859,.T.);
#17859 = EDGE_CURVE('',#12775,#14936,#17860,.T.);
#17860 = LINE('',#17861,#17862);
#17861 = CARTESIAN_POINT('',(-21.352944,28.052945,-4.5E-02));
#17862 = VECTOR('',#17863,1.);
#17863 = DIRECTION('',(0.,0.,1.));
#17864 = ORIENTED_EDGE('',*,*,#14935,.F.);
#17865 = ORIENTED_EDGE('',*,*,#17859,.F.);
#17866 = CYLINDRICAL_SURFACE('',#17867,0.25);
#17867 = AXIS2_PLACEMENT_3D('',#17868,#17869,#17870);
#17868 = CARTESIAN_POINT('',(-21.352944,28.302945,-4.5E-02));
#17869 = DIRECTION('',(-0.,-0.,-1.));
#17870 = DIRECTION('',(-0.,-1.,0.));
#17871 = ADVANCED_FACE('',(#17872),#17883,.F.);
#17872 = FACE_BOUND('',#17873,.T.);
#17873 = EDGE_LOOP('',(#17874,#17875,#17881,#17882));
#17874 = ORIENTED_EDGE('',*,*,#12785,.T.);
#17875 = ORIENTED_EDGE('',*,*,#17876,.T.);
#17876 = EDGE_CURVE('',#12786,#14947,#17877,.T.);
#17877 = LINE('',#17878,#17879);
#17878 = CARTESIAN_POINT('',(-25.45,29.750001,-4.5E-02));
#17879 = VECTOR('',#17880,1.);
#17880 = DIRECTION('',(0.,0.,1.));
#17881 = ORIENTED_EDGE('',*,*,#14946,.F.);
#17882 = ORIENTED_EDGE('',*,*,#17876,.F.);
#17883 = CYLINDRICAL_SURFACE('',#17884,0.25);
#17884 = AXIS2_PLACEMENT_3D('',#17885,#17886,#17887);
#17885 = CARTESIAN_POINT('',(-25.45,30.000001,-4.5E-02));
#17886 = DIRECTION('',(-0.,-0.,-1.));
#17887 = DIRECTION('',(-0.,-1.,0.));
#17888 = ADVANCED_FACE('',(#17889),#17900,.F.);
#17889 = FACE_BOUND('',#17890,.T.);
#17890 = EDGE_LOOP('',(#17891,#17892,#17898,#17899));
#17891 = ORIENTED_EDGE('',*,*,#12796,.T.);
#17892 = ORIENTED_EDGE('',*,*,#17893,.T.);
#17893 = EDGE_CURVE('',#12797,#14958,#17894,.T.);
#17894 = LINE('',#17895,#17896);
#17895 = CARTESIAN_POINT('',(-23.05,28.400001,-4.5E-02));
#17896 = VECTOR('',#17897,1.);
#17897 = DIRECTION('',(0.,0.,1.));
#17898 = ORIENTED_EDGE('',*,*,#14957,.F.);
#17899 = ORIENTED_EDGE('',*,*,#17893,.F.);
#17900 = CYLINDRICAL_SURFACE('',#17901,1.6);
#17901 = AXIS2_PLACEMENT_3D('',#17902,#17903,#17904);
#17902 = CARTESIAN_POINT('',(-23.05,30.000001,-4.5E-02));
#17903 = DIRECTION('',(-0.,-0.,-1.));
#17904 = DIRECTION('',(-2.22044604925E-15,-1.,0.));
#17905 = ADVANCED_FACE('',(#17906),#17917,.F.);
#17906 = FACE_BOUND('',#17907,.T.);
#17907 = EDGE_LOOP('',(#17908,#17909,#17915,#17916));
#17908 = ORIENTED_EDGE('',*,*,#12807,.T.);
#17909 = ORIENTED_EDGE('',*,*,#17910,.T.);
#17910 = EDGE_CURVE('',#12808,#14969,#17911,.T.);
#17911 = LINE('',#17912,#17913);
#17912 = CARTESIAN_POINT('',(-24.747056,31.447057,-4.5E-02));
#17913 = VECTOR('',#17914,1.);
#17914 = DIRECTION('',(0.,0.,1.));
#17915 = ORIENTED_EDGE('',*,*,#14968,.F.);
#17916 = ORIENTED_EDGE('',*,*,#17910,.F.);
#17917 = CYLINDRICAL_SURFACE('',#17918,0.25);
#17918 = AXIS2_PLACEMENT_3D('',#17919,#17920,#17921);
#17919 = CARTESIAN_POINT('',(-24.747056,31.697057,-4.5E-02));
#17920 = DIRECTION('',(-0.,-0.,-1.));
#17921 = DIRECTION('',(-0.,-1.,0.));
#17922 = ADVANCED_FACE('',(#17923),#17934,.F.);
#17923 = FACE_BOUND('',#17924,.T.);
#17924 = EDGE_LOOP('',(#17925,#17926,#17932,#17933));
#17925 = ORIENTED_EDGE('',*,*,#12818,.T.);
#17926 = ORIENTED_EDGE('',*,*,#17927,.T.);
#17927 = EDGE_CURVE('',#12819,#14980,#17928,.T.);
#17928 = LINE('',#17929,#17930);
#17929 = CARTESIAN_POINT('',(-20.65,29.750001,-4.5E-02));
#17930 = VECTOR('',#17931,1.);
#17931 = DIRECTION('',(0.,0.,1.));
#17932 = ORIENTED_EDGE('',*,*,#14979,.F.);
#17933 = ORIENTED_EDGE('',*,*,#17927,.F.);
#17934 = CYLINDRICAL_SURFACE('',#17935,0.25);
#17935 = AXIS2_PLACEMENT_3D('',#17936,#17937,#17938);
#17936 = CARTESIAN_POINT('',(-20.65,30.000001,-4.5E-02));
#17937 = DIRECTION('',(-0.,-0.,-1.));
#17938 = DIRECTION('',(-0.,-1.,0.));
#17939 = ADVANCED_FACE('',(#17940),#17951,.F.);
#17940 = FACE_BOUND('',#17941,.T.);
#17941 = EDGE_LOOP('',(#17942,#17943,#17949,#17950));
#17942 = ORIENTED_EDGE('',*,*,#12829,.T.);
#17943 = ORIENTED_EDGE('',*,*,#17944,.T.);
#17944 = EDGE_CURVE('',#12830,#14991,#17945,.T.);
#17945 = LINE('',#17946,#17947);
#17946 = CARTESIAN_POINT('',(-21.352944,31.447057,-4.5E-02));
#17947 = VECTOR('',#17948,1.);
#17948 = DIRECTION('',(0.,0.,1.));
#17949 = ORIENTED_EDGE('',*,*,#14990,.F.);
#17950 = ORIENTED_EDGE('',*,*,#17944,.F.);
#17951 = CYLINDRICAL_SURFACE('',#17952,0.25);
#17952 = AXIS2_PLACEMENT_3D('',#17953,#17954,#17955);
#17953 = CARTESIAN_POINT('',(-21.352944,31.697057,-4.5E-02));
#17954 = DIRECTION('',(-0.,-0.,-1.));
#17955 = DIRECTION('',(-0.,-1.,0.));
#17956 = ADVANCED_FACE('',(#17957),#17968,.F.);
#17957 = FACE_BOUND('',#17958,.T.);
#17958 = EDGE_LOOP('',(#17959,#17960,#17966,#17967));
#17959 = ORIENTED_EDGE('',*,*,#12840,.T.);
#17960 = ORIENTED_EDGE('',*,*,#17961,.T.);
#17961 = EDGE_CURVE('',#12841,#15002,#17962,.T.);
#17962 = LINE('',#17963,#17964);
#17963 = CARTESIAN_POINT('',(-23.05,32.150001,-4.5E-02));
#17964 = VECTOR('',#17965,1.);
#17965 = DIRECTION('',(0.,0.,1.));
#17966 = ORIENTED_EDGE('',*,*,#15001,.F.);
#17967 = ORIENTED_EDGE('',*,*,#17961,.F.);
#17968 = CYLINDRICAL_SURFACE('',#17969,0.25);
#17969 = AXIS2_PLACEMENT_3D('',#17970,#17971,#17972);
#17970 = CARTESIAN_POINT('',(-23.05,32.400001,-4.5E-02));
#17971 = DIRECTION('',(-0.,-0.,-1.));
#17972 = DIRECTION('',(-0.,-1.,0.));
#17973 = ADVANCED_FACE('',(#17974),#17985,.F.);
#17974 = FACE_BOUND('',#17975,.T.);
#17975 = EDGE_LOOP('',(#17976,#17977,#17983,#17984));
#17976 = ORIENTED_EDGE('',*,*,#12851,.T.);
#17977 = ORIENTED_EDGE('',*,*,#17978,.T.);
#17978 = EDGE_CURVE('',#12852,#15013,#17979,.T.);
#17979 = LINE('',#17980,#17981);
#17980 = CARTESIAN_POINT('',(-10.1722,28.948401,-4.5E-02));
#17981 = VECTOR('',#17982,1.);
#17982 = DIRECTION('',(0.,0.,1.));
#17983 = ORIENTED_EDGE('',*,*,#15012,.F.);
#17984 = ORIENTED_EDGE('',*,*,#17978,.F.);
#17985 = CYLINDRICAL_SURFACE('',#17986,1.25);
#17986 = AXIS2_PLACEMENT_3D('',#17987,#17988,#17989);
#17987 = CARTESIAN_POINT('',(-10.1722,30.198401,-4.5E-02));
#17988 = DIRECTION('',(-0.,-0.,-1.));
#17989 = DIRECTION('',(-0.,-1.,0.));
#17990 = ADVANCED_FACE('',(#17991),#18002,.F.);
#17991 = FACE_BOUND('',#17992,.T.);
#17992 = EDGE_LOOP('',(#17993,#17994,#18000,#18001));
#17993 = ORIENTED_EDGE('',*,*,#12862,.T.);
#17994 = ORIENTED_EDGE('',*,*,#17995,.T.);
#17995 = EDGE_CURVE('',#12863,#15024,#17996,.T.);
#17996 = LINE('',#17997,#17998);
#17997 = CARTESIAN_POINT('',(-6.3622,29.698401,-4.5E-02));
#17998 = VECTOR('',#17999,1.);
#17999 = DIRECTION('',(0.,0.,1.));
#18000 = ORIENTED_EDGE('',*,*,#15023,.F.);
#18001 = ORIENTED_EDGE('',*,*,#17995,.F.);
#18002 = CYLINDRICAL_SURFACE('',#18003,0.5);
#18003 = AXIS2_PLACEMENT_3D('',#18004,#18005,#18006);
#18004 = CARTESIAN_POINT('',(-6.3622,30.198401,-4.5E-02));
#18005 = DIRECTION('',(-0.,-0.,-1.));
#18006 = DIRECTION('',(-0.,-1.,0.));
#18007 = ADVANCED_FACE('',(#18008),#18019,.F.);
#18008 = FACE_BOUND('',#18009,.T.);
#18009 = EDGE_LOOP('',(#18010,#18011,#18017,#18018));
#18010 = ORIENTED_EDGE('',*,*,#12873,.T.);
#18011 = ORIENTED_EDGE('',*,*,#18012,.T.);
#18012 = EDGE_CURVE('',#12874,#15035,#18013,.T.);
#18013 = LINE('',#18014,#18015);
#18014 = CARTESIAN_POINT('',(-3.8222,29.698401,-4.5E-02));
#18015 = VECTOR('',#18016,1.);
#18016 = DIRECTION('',(0.,0.,1.));
#18017 = ORIENTED_EDGE('',*,*,#15034,.F.);
#18018 = ORIENTED_EDGE('',*,*,#18012,.F.);
#18019 = CYLINDRICAL_SURFACE('',#18020,0.5);
#18020 = AXIS2_PLACEMENT_3D('',#18021,#18022,#18023);
#18021 = CARTESIAN_POINT('',(-3.8222,30.198401,-4.5E-02));
#18022 = DIRECTION('',(-0.,-0.,-1.));
#18023 = DIRECTION('',(-8.881784197001E-16,-1.,0.));
#18024 = ADVANCED_FACE('',(#18025),#18036,.F.);
#18025 = FACE_BOUND('',#18026,.T.);
#18026 = EDGE_LOOP('',(#18027,#18028,#18034,#18035));
#18027 = ORIENTED_EDGE('',*,*,#12884,.T.);
#18028 = ORIENTED_EDGE('',*,*,#18029,.T.);
#18029 = EDGE_CURVE('',#12885,#15046,#18030,.T.);
#18030 = LINE('',#18031,#18032);
#18031 = CARTESIAN_POINT('',(-1.2822,11.918401,-4.5E-02));
#18032 = VECTOR('',#18033,1.);
#18033 = DIRECTION('',(0.,0.,1.));
#18034 = ORIENTED_EDGE('',*,*,#15045,.F.);
#18035 = ORIENTED_EDGE('',*,*,#18029,.F.);
#18036 = CYLINDRICAL_SURFACE('',#18037,0.5);
#18037 = AXIS2_PLACEMENT_3D('',#18038,#18039,#18040);
#18038 = CARTESIAN_POINT('',(-1.2822,12.418401,-4.5E-02));
#18039 = DIRECTION('',(-0.,-0.,-1.));
#18040 = DIRECTION('',(-0.,-1.,0.));
#18041 = ADVANCED_FACE('',(#18042),#18053,.F.);
#18042 = FACE_BOUND('',#18043,.T.);
#18043 = EDGE_LOOP('',(#18044,#18045,#18051,#18052));
#18044 = ORIENTED_EDGE('',*,*,#12895,.T.);
#18045 = ORIENTED_EDGE('',*,*,#18046,.T.);
#18046 = EDGE_CURVE('',#12896,#15057,#18047,.T.);
#18047 = LINE('',#18048,#18049);
#18048 = CARTESIAN_POINT('',(1.2578,11.918401,-4.5E-02));
#18049 = VECTOR('',#18050,1.);
#18050 = DIRECTION('',(0.,0.,1.));
#18051 = ORIENTED_EDGE('',*,*,#15056,.F.);
#18052 = ORIENTED_EDGE('',*,*,#18046,.F.);
#18053 = CYLINDRICAL_SURFACE('',#18054,0.5);
#18054 = AXIS2_PLACEMENT_3D('',#18055,#18056,#18057);
#18055 = CARTESIAN_POINT('',(1.2578,12.418401,-4.5E-02));
#18056 = DIRECTION('',(-0.,-0.,-1.));
#18057 = DIRECTION('',(-0.,-1.,0.));
#18058 = ADVANCED_FACE('',(#18059),#18070,.F.);
#18059 = FACE_BOUND('',#18060,.T.);
#18060 = EDGE_LOOP('',(#18061,#18062,#18068,#18069));
#18061 = ORIENTED_EDGE('',*,*,#12906,.T.);
#18062 = ORIENTED_EDGE('',*,*,#18063,.T.);
#18063 = EDGE_CURVE('',#12907,#15068,#18064,.T.);
#18064 = LINE('',#18065,#18066);
#18065 = CARTESIAN_POINT('',(3.7978,11.918401,-4.5E-02));
#18066 = VECTOR('',#18067,1.);
#18067 = DIRECTION('',(0.,0.,1.));
#18068 = ORIENTED_EDGE('',*,*,#15067,.F.);
#18069 = ORIENTED_EDGE('',*,*,#18063,.F.);
#18070 = CYLINDRICAL_SURFACE('',#18071,0.5);
#18071 = AXIS2_PLACEMENT_3D('',#18072,#18073,#18074);
#18072 = CARTESIAN_POINT('',(3.7978,12.418401,-4.5E-02));
#18073 = DIRECTION('',(-0.,0.,-1.));
#18074 = DIRECTION('',(8.881784197001E-16,-1.,-0.));
#18075 = ADVANCED_FACE('',(#18076),#18087,.F.);
#18076 = FACE_BOUND('',#18077,.T.);
#18077 = EDGE_LOOP('',(#18078,#18079,#18085,#18086));
#18078 = ORIENTED_EDGE('',*,*,#12917,.T.);
#18079 = ORIENTED_EDGE('',*,*,#18080,.T.);
#18080 = EDGE_CURVE('',#12918,#15079,#18081,.T.);
#18081 = LINE('',#18082,#18083);
#18082 = CARTESIAN_POINT('',(6.3378,11.918401,-4.5E-02));
#18083 = VECTOR('',#18084,1.);
#18084 = DIRECTION('',(0.,0.,1.));
#18085 = ORIENTED_EDGE('',*,*,#15078,.F.);
#18086 = ORIENTED_EDGE('',*,*,#18080,.F.);
#18087 = CYLINDRICAL_SURFACE('',#18088,0.5);
#18088 = AXIS2_PLACEMENT_3D('',#18089,#18090,#18091);
#18089 = CARTESIAN_POINT('',(6.3378,12.418401,-4.5E-02));
#18090 = DIRECTION('',(-0.,-0.,-1.));
#18091 = DIRECTION('',(-0.,-1.,0.));
#18092 = ADVANCED_FACE('',(#18093),#18104,.F.);
#18093 = FACE_BOUND('',#18094,.T.);
#18094 = EDGE_LOOP('',(#18095,#18096,#18102,#18103));
#18095 = ORIENTED_EDGE('',*,*,#12928,.T.);
#18096 = ORIENTED_EDGE('',*,*,#18097,.T.);
#18097 = EDGE_CURVE('',#12929,#15090,#18098,.T.);
#18098 = LINE('',#18099,#18100);
#18099 = CARTESIAN_POINT('',(14.478,3.239001,-4.5E-02));
#18100 = VECTOR('',#18101,1.);
#18101 = DIRECTION('',(0.,0.,1.));
#18102 = ORIENTED_EDGE('',*,*,#15089,.F.);
#18103 = ORIENTED_EDGE('',*,*,#18097,.F.);
#18104 = CYLINDRICAL_SURFACE('',#18105,1.85);
#18105 = AXIS2_PLACEMENT_3D('',#18106,#18107,#18108);
#18106 = CARTESIAN_POINT('',(14.478,5.089001,-4.5E-02));
#18107 = DIRECTION('',(-0.,-0.,-1.));
#18108 = DIRECTION('',(-0.,-1.,0.));
#18109 = ADVANCED_FACE('',(#18110),#18121,.F.);
#18110 = FACE_BOUND('',#18111,.T.);
#18111 = EDGE_LOOP('',(#18112,#18113,#18119,#18120));
#18112 = ORIENTED_EDGE('',*,*,#12939,.T.);
#18113 = ORIENTED_EDGE('',*,*,#18114,.T.);
#18114 = EDGE_CURVE('',#12940,#15101,#18115,.T.);
#18115 = LINE('',#18116,#18117);
#18116 = CARTESIAN_POINT('',(10.1478,11.168401,-4.5E-02));
#18117 = VECTOR('',#18118,1.);
#18118 = DIRECTION('',(0.,0.,1.));
#18119 = ORIENTED_EDGE('',*,*,#15100,.F.);
#18120 = ORIENTED_EDGE('',*,*,#18114,.F.);
#18121 = CYLINDRICAL_SURFACE('',#18122,1.25);
#18122 = AXIS2_PLACEMENT_3D('',#18123,#18124,#18125);
#18123 = CARTESIAN_POINT('',(10.1478,12.418401,-4.5E-02));
#18124 = DIRECTION('',(-0.,-0.,-1.));
#18125 = DIRECTION('',(-0.,-1.,0.));
#18126 = ADVANCED_FACE('',(#18127),#18138,.F.);
#18127 = FACE_BOUND('',#18128,.T.);
#18128 = EDGE_LOOP('',(#18129,#18130,#18136,#18137));
#18129 = ORIENTED_EDGE('',*,*,#12950,.T.);
#18130 = ORIENTED_EDGE('',*,*,#18131,.T.);
#18131 = EDGE_CURVE('',#12951,#15112,#18132,.T.);
#18132 = LINE('',#18133,#18134);
#18133 = CARTESIAN_POINT('',(23.362944,5.552945,-4.5E-02));
#18134 = VECTOR('',#18135,1.);
#18135 = DIRECTION('',(0.,0.,1.));
#18136 = ORIENTED_EDGE('',*,*,#15111,.F.);
#18137 = ORIENTED_EDGE('',*,*,#18131,.F.);
#18138 = CYLINDRICAL_SURFACE('',#18139,0.25);
#18139 = AXIS2_PLACEMENT_3D('',#18140,#18141,#18142);
#18140 = CARTESIAN_POINT('',(23.362944,5.802945,-4.5E-02));
#18141 = DIRECTION('',(-0.,-0.,-1.));
#18142 = DIRECTION('',(-0.,-1.,0.));
#18143 = ADVANCED_FACE('',(#18144),#18155,.F.);
#18144 = FACE_BOUND('',#18145,.T.);
#18145 = EDGE_LOOP('',(#18146,#18147,#18153,#18154));
#18146 = ORIENTED_EDGE('',*,*,#12961,.T.);
#18147 = ORIENTED_EDGE('',*,*,#18148,.T.);
#18148 = EDGE_CURVE('',#12962,#15123,#18149,.T.);
#18149 = LINE('',#18150,#18151);
#18150 = CARTESIAN_POINT('',(25.06,4.850001,-4.5E-02));
#18151 = VECTOR('',#18152,1.);
#18152 = DIRECTION('',(0.,0.,1.));
#18153 = ORIENTED_EDGE('',*,*,#15122,.F.);
#18154 = ORIENTED_EDGE('',*,*,#18148,.F.);
#18155 = CYLINDRICAL_SURFACE('',#18156,0.25);
#18156 = AXIS2_PLACEMENT_3D('',#18157,#18158,#18159);
#18157 = CARTESIAN_POINT('',(25.06,5.100001,-4.5E-02));
#18158 = DIRECTION('',(-0.,-0.,-1.));
#18159 = DIRECTION('',(-0.,-1.,0.));
#18160 = ADVANCED_FACE('',(#18161),#18172,.F.);
#18161 = FACE_BOUND('',#18162,.T.);
#18162 = EDGE_LOOP('',(#18163,#18164,#18170,#18171));
#18163 = ORIENTED_EDGE('',*,*,#12972,.T.);
#18164 = ORIENTED_EDGE('',*,*,#18165,.T.);
#18165 = EDGE_CURVE('',#12973,#15134,#18166,.T.);
#18166 = LINE('',#18167,#18168);
#18167 = CARTESIAN_POINT('',(26.757056,5.552945,-4.5E-02));
#18168 = VECTOR('',#18169,1.);
#18169 = DIRECTION('',(0.,0.,1.));
#18170 = ORIENTED_EDGE('',*,*,#15133,.F.);
#18171 = ORIENTED_EDGE('',*,*,#18165,.F.);
#18172 = CYLINDRICAL_SURFACE('',#18173,0.25);
#18173 = AXIS2_PLACEMENT_3D('',#18174,#18175,#18176);
#18174 = CARTESIAN_POINT('',(26.757056,5.802945,-4.5E-02));
#18175 = DIRECTION('',(-0.,-0.,-1.));
#18176 = DIRECTION('',(-0.,-1.,0.));
#18177 = ADVANCED_FACE('',(#18178),#18189,.F.);
#18178 = FACE_BOUND('',#18179,.T.);
#18179 = EDGE_LOOP('',(#18180,#18181,#18187,#18188));
#18180 = ORIENTED_EDGE('',*,*,#12983,.T.);
#18181 = ORIENTED_EDGE('',*,*,#18182,.T.);
#18182 = EDGE_CURVE('',#12984,#15145,#18183,.T.);
#18183 = LINE('',#18184,#18185);
#18184 = CARTESIAN_POINT('',(22.66,7.250001,-4.5E-02));
#18185 = VECTOR('',#18186,1.);
#18186 = DIRECTION('',(0.,0.,1.));
#18187 = ORIENTED_EDGE('',*,*,#15144,.F.);
#18188 = ORIENTED_EDGE('',*,*,#18182,.F.);
#18189 = CYLINDRICAL_SURFACE('',#18190,0.25);
#18190 = AXIS2_PLACEMENT_3D('',#18191,#18192,#18193);
#18191 = CARTESIAN_POINT('',(22.66,7.500001,-4.5E-02));
#18192 = DIRECTION('',(-0.,-0.,-1.));
#18193 = DIRECTION('',(-0.,-1.,0.));
#18194 = ADVANCED_FACE('',(#18195),#18206,.F.);
#18195 = FACE_BOUND('',#18196,.T.);
#18196 = EDGE_LOOP('',(#18197,#18198,#18204,#18205));
#18197 = ORIENTED_EDGE('',*,*,#12994,.T.);
#18198 = ORIENTED_EDGE('',*,*,#18199,.T.);
#18199 = EDGE_CURVE('',#12995,#15156,#18200,.T.);
#18200 = LINE('',#18201,#18202);
#18201 = CARTESIAN_POINT('',(23.362944,8.947057,-4.5E-02));
#18202 = VECTOR('',#18203,1.);
#18203 = DIRECTION('',(0.,0.,1.));
#18204 = ORIENTED_EDGE('',*,*,#15155,.F.);
#18205 = ORIENTED_EDGE('',*,*,#18199,.F.);
#18206 = CYLINDRICAL_SURFACE('',#18207,0.25);
#18207 = AXIS2_PLACEMENT_3D('',#18208,#18209,#18210);
#18208 = CARTESIAN_POINT('',(23.362944,9.197057,-4.5E-02));
#18209 = DIRECTION('',(-0.,-0.,-1.));
#18210 = DIRECTION('',(-0.,-1.,0.));
#18211 = ADVANCED_FACE('',(#18212),#18223,.F.);
#18212 = FACE_BOUND('',#18213,.T.);
#18213 = EDGE_LOOP('',(#18214,#18215,#18221,#18222));
#18214 = ORIENTED_EDGE('',*,*,#13005,.T.);
#18215 = ORIENTED_EDGE('',*,*,#18216,.T.);
#18216 = EDGE_CURVE('',#13006,#15167,#18217,.T.);
#18217 = LINE('',#18218,#18219);
#18218 = CARTESIAN_POINT('',(25.06,5.900001,-4.5E-02));
#18219 = VECTOR('',#18220,1.);
#18220 = DIRECTION('',(0.,0.,1.));
#18221 = ORIENTED_EDGE('',*,*,#15166,.F.);
#18222 = ORIENTED_EDGE('',*,*,#18216,.F.);
#18223 = CYLINDRICAL_SURFACE('',#18224,1.6);
#18224 = AXIS2_PLACEMENT_3D('',#18225,#18226,#18227);
#18225 = CARTESIAN_POINT('',(25.06,7.500001,-4.5E-02));
#18226 = DIRECTION('',(-0.,-0.,-1.));
#18227 = DIRECTION('',(-2.22044604925E-15,-1.,0.));
#18228 = ADVANCED_FACE('',(#18229),#18240,.F.);
#18229 = FACE_BOUND('',#18230,.T.);
#18230 = EDGE_LOOP('',(#18231,#18232,#18238,#18239));
#18231 = ORIENTED_EDGE('',*,*,#13016,.T.);
#18232 = ORIENTED_EDGE('',*,*,#18233,.T.);
#18233 = EDGE_CURVE('',#13017,#15178,#18234,.T.);
#18234 = LINE('',#18235,#18236);
#18235 = CARTESIAN_POINT('',(27.46,7.250001,-4.5E-02));
#18236 = VECTOR('',#18237,1.);
#18237 = DIRECTION('',(0.,0.,1.));
#18238 = ORIENTED_EDGE('',*,*,#15177,.F.);
#18239 = ORIENTED_EDGE('',*,*,#18233,.F.);
#18240 = CYLINDRICAL_SURFACE('',#18241,0.25);
#18241 = AXIS2_PLACEMENT_3D('',#18242,#18243,#18244);
#18242 = CARTESIAN_POINT('',(27.46,7.500001,-4.5E-02));
#18243 = DIRECTION('',(-0.,-0.,-1.));
#18244 = DIRECTION('',(-0.,-1.,0.));
#18245 = ADVANCED_FACE('',(#18246),#18257,.F.);
#18246 = FACE_BOUND('',#18247,.T.);
#18247 = EDGE_LOOP('',(#18248,#18249,#18255,#18256));
#18248 = ORIENTED_EDGE('',*,*,#13027,.T.);
#18249 = ORIENTED_EDGE('',*,*,#18250,.T.);
#18250 = EDGE_CURVE('',#13028,#15189,#18251,.T.);
#18251 = LINE('',#18252,#18253);
#18252 = CARTESIAN_POINT('',(26.757056,8.947057,-4.5E-02));
#18253 = VECTOR('',#18254,1.);
#18254 = DIRECTION('',(0.,0.,1.));
#18255 = ORIENTED_EDGE('',*,*,#15188,.F.);
#18256 = ORIENTED_EDGE('',*,*,#18250,.F.);
#18257 = CYLINDRICAL_SURFACE('',#18258,0.25);
#18258 = AXIS2_PLACEMENT_3D('',#18259,#18260,#18261);
#18259 = CARTESIAN_POINT('',(26.757056,9.197057,-4.5E-02));
#18260 = DIRECTION('',(-0.,-0.,-1.));
#18261 = DIRECTION('',(-0.,-1.,0.));
#18262 = ADVANCED_FACE('',(#18263),#18274,.F.);
#18263 = FACE_BOUND('',#18264,.T.);
#18264 = EDGE_LOOP('',(#18265,#18266,#18272,#18273));
#18265 = ORIENTED_EDGE('',*,*,#13038,.T.);
#18266 = ORIENTED_EDGE('',*,*,#18267,.T.);
#18267 = EDGE_CURVE('',#13039,#15200,#18268,.T.);
#18268 = LINE('',#18269,#18270);
#18269 = CARTESIAN_POINT('',(25.06,9.650001,-4.5E-02));
#18270 = VECTOR('',#18271,1.);
#18271 = DIRECTION('',(0.,0.,1.));
#18272 = ORIENTED_EDGE('',*,*,#15199,.F.);
#18273 = ORIENTED_EDGE('',*,*,#18267,.F.);
#18274 = CYLINDRICAL_SURFACE('',#18275,0.25);
#18275 = AXIS2_PLACEMENT_3D('',#18276,#18277,#18278);
#18276 = CARTESIAN_POINT('',(25.06,9.900001,-4.5E-02));
#18277 = DIRECTION('',(-0.,-0.,-1.));
#18278 = DIRECTION('',(-0.,-1.,0.));
#18279 = ADVANCED_FACE('',(#18280),#18291,.F.);
#18280 = FACE_BOUND('',#18281,.T.);
#18281 = EDGE_LOOP('',(#18282,#18283,#18289,#18290));
#18282 = ORIENTED_EDGE('',*,*,#13049,.T.);
#18283 = ORIENTED_EDGE('',*,*,#18284,.T.);
#18284 = EDGE_CURVE('',#13050,#15211,#18285,.T.);
#18285 = LINE('',#18286,#18287);
#18286 = CARTESIAN_POINT('',(34.25,0.770001,-4.5E-02));
#18287 = VECTOR('',#18288,1.);
#18288 = DIRECTION('',(0.,0.,1.));
#18289 = ORIENTED_EDGE('',*,*,#15210,.F.);
#18290 = ORIENTED_EDGE('',*,*,#18284,.F.);
#18291 = CYLINDRICAL_SURFACE('',#18292,0.5);
#18292 = AXIS2_PLACEMENT_3D('',#18293,#18294,#18295);
#18293 = CARTESIAN_POINT('',(34.25,1.270001,-4.5E-02));
#18294 = DIRECTION('',(-0.,-0.,-1.));
#18295 = DIRECTION('',(-0.,-1.,0.));
#18296 = ADVANCED_FACE('',(#18297),#18308,.F.);
#18297 = FACE_BOUND('',#18298,.T.);
#18298 = EDGE_LOOP('',(#18299,#18300,#18306,#18307));
#18299 = ORIENTED_EDGE('',*,*,#13060,.T.);
#18300 = ORIENTED_EDGE('',*,*,#18301,.T.);
#18301 = EDGE_CURVE('',#13061,#15222,#18302,.T.);
#18302 = LINE('',#18303,#18304);
#18303 = CARTESIAN_POINT('',(34.25,3.310001,-4.5E-02));
#18304 = VECTOR('',#18305,1.);
#18305 = DIRECTION('',(0.,0.,1.));
#18306 = ORIENTED_EDGE('',*,*,#15221,.F.);
#18307 = ORIENTED_EDGE('',*,*,#18301,.F.);
#18308 = CYLINDRICAL_SURFACE('',#18309,0.5);
#18309 = AXIS2_PLACEMENT_3D('',#18310,#18311,#18312);
#18310 = CARTESIAN_POINT('',(34.25,3.810001,-4.5E-02));
#18311 = DIRECTION('',(-0.,-0.,-1.));
#18312 = DIRECTION('',(-0.,-1.,0.));
#18313 = ADVANCED_FACE('',(#18314),#18325,.F.);
#18314 = FACE_BOUND('',#18315,.T.);
#18315 = EDGE_LOOP('',(#18316,#18317,#18323,#18324));
#18316 = ORIENTED_EDGE('',*,*,#13071,.T.);
#18317 = ORIENTED_EDGE('',*,*,#18318,.T.);
#18318 = EDGE_CURVE('',#13072,#15233,#18319,.T.);
#18319 = LINE('',#18320,#18321);
#18320 = CARTESIAN_POINT('',(34.25,5.850001,-4.5E-02));
#18321 = VECTOR('',#18322,1.);
#18322 = DIRECTION('',(0.,0.,1.));
#18323 = ORIENTED_EDGE('',*,*,#15232,.F.);
#18324 = ORIENTED_EDGE('',*,*,#18318,.F.);
#18325 = CYLINDRICAL_SURFACE('',#18326,0.5);
#18326 = AXIS2_PLACEMENT_3D('',#18327,#18328,#18329);
#18327 = CARTESIAN_POINT('',(34.25,6.350001,-4.5E-02));
#18328 = DIRECTION('',(-0.,-0.,-1.));
#18329 = DIRECTION('',(-0.,-1.,0.));
#18330 = ADVANCED_FACE('',(#18331),#18342,.F.);
#18331 = FACE_BOUND('',#18332,.T.);
#18332 = EDGE_LOOP('',(#18333,#18334,#18340,#18341));
#18333 = ORIENTED_EDGE('',*,*,#13082,.T.);
#18334 = ORIENTED_EDGE('',*,*,#18335,.T.);
#18335 = EDGE_CURVE('',#13083,#15244,#18336,.T.);
#18336 = LINE('',#18337,#18338);
#18337 = CARTESIAN_POINT('',(40.,2.525,-4.5E-02));
#18338 = VECTOR('',#18339,1.);
#18339 = DIRECTION('',(0.,0.,1.));
#18340 = ORIENTED_EDGE('',*,*,#15243,.F.);
#18341 = ORIENTED_EDGE('',*,*,#18335,.F.);
#18342 = CYLINDRICAL_SURFACE('',#18343,0.475);
#18343 = AXIS2_PLACEMENT_3D('',#18344,#18345,#18346);
#18344 = CARTESIAN_POINT('',(40.,3.,-4.5E-02));
#18345 = DIRECTION('',(-0.,-0.,-1.));
#18346 = DIRECTION('',(-0.,-1.,0.));
#18347 = ADVANCED_FACE('',(#18348),#18359,.F.);
#18348 = FACE_BOUND('',#18349,.T.);
#18349 = EDGE_LOOP('',(#18350,#18351,#18357,#18358));
#18350 = ORIENTED_EDGE('',*,*,#13093,.T.);
#18351 = ORIENTED_EDGE('',*,*,#18352,.T.);
#18352 = EDGE_CURVE('',#13094,#15255,#18353,.T.);
#18353 = LINE('',#18354,#18355);
#18354 = CARTESIAN_POINT('',(40.,5.025,-4.5E-02));
#18355 = VECTOR('',#18356,1.);
#18356 = DIRECTION('',(0.,0.,1.));
#18357 = ORIENTED_EDGE('',*,*,#15254,.F.);
#18358 = ORIENTED_EDGE('',*,*,#18352,.F.);
#18359 = CYLINDRICAL_SURFACE('',#18360,0.475);
#18360 = AXIS2_PLACEMENT_3D('',#18361,#18362,#18363);
#18361 = CARTESIAN_POINT('',(40.,5.5,-4.5E-02));
#18362 = DIRECTION('',(-0.,-0.,-1.));
#18363 = DIRECTION('',(-0.,-1.,0.));
#18364 = ADVANCED_FACE('',(#18365),#18376,.F.);
#18365 = FACE_BOUND('',#18366,.T.);
#18366 = EDGE_LOOP('',(#18367,#18368,#18374,#18375));
#18367 = ORIENTED_EDGE('',*,*,#13104,.T.);
#18368 = ORIENTED_EDGE('',*,*,#18369,.T.);
#18369 = EDGE_CURVE('',#13105,#15266,#18370,.T.);
#18370 = LINE('',#18371,#18372);
#18371 = CARTESIAN_POINT('',(40.,7.525,-4.5E-02));
#18372 = VECTOR('',#18373,1.);
#18373 = DIRECTION('',(0.,0.,1.));
#18374 = ORIENTED_EDGE('',*,*,#15265,.F.);
#18375 = ORIENTED_EDGE('',*,*,#18369,.F.);
#18376 = CYLINDRICAL_SURFACE('',#18377,0.475);
#18377 = AXIS2_PLACEMENT_3D('',#18378,#18379,#18380);
#18378 = CARTESIAN_POINT('',(40.,8.,-4.5E-02));
#18379 = DIRECTION('',(-0.,-0.,-1.));
#18380 = DIRECTION('',(-0.,-1.,0.));
#18381 = ADVANCED_FACE('',(#18382),#18393,.F.);
#18382 = FACE_BOUND('',#18383,.T.);
#18383 = EDGE_LOOP('',(#18384,#18385,#18391,#18392));
#18384 = ORIENTED_EDGE('',*,*,#13115,.T.);
#18385 = ORIENTED_EDGE('',*,*,#18386,.T.);
#18386 = EDGE_CURVE('',#13116,#15277,#18387,.T.);
#18387 = LINE('',#18388,#18389);
#18388 = CARTESIAN_POINT('',(40.,10.025,-4.5E-02));
#18389 = VECTOR('',#18390,1.);
#18390 = DIRECTION('',(0.,0.,1.));
#18391 = ORIENTED_EDGE('',*,*,#15276,.F.);
#18392 = ORIENTED_EDGE('',*,*,#18386,.F.);
#18393 = CYLINDRICAL_SURFACE('',#18394,0.475);
#18394 = AXIS2_PLACEMENT_3D('',#18395,#18396,#18397);
#18395 = CARTESIAN_POINT('',(40.,10.5,-4.5E-02));
#18396 = DIRECTION('',(-0.,-0.,-1.));
#18397 = DIRECTION('',(-0.,-1.,0.));
#18398 = ADVANCED_FACE('',(#18399),#18410,.F.);
#18399 = FACE_BOUND('',#18400,.T.);
#18400 = EDGE_LOOP('',(#18401,#18402,#18408,#18409));
#18401 = ORIENTED_EDGE('',*,*,#13126,.T.);
#18402 = ORIENTED_EDGE('',*,*,#18403,.T.);
#18403 = EDGE_CURVE('',#13127,#15288,#18404,.T.);
#18404 = LINE('',#18405,#18406);
#18405 = CARTESIAN_POINT('',(40.,12.525,-4.5E-02));
#18406 = VECTOR('',#18407,1.);
#18407 = DIRECTION('',(0.,0.,1.));
#18408 = ORIENTED_EDGE('',*,*,#15287,.F.);
#18409 = ORIENTED_EDGE('',*,*,#18403,.F.);
#18410 = CYLINDRICAL_SURFACE('',#18411,0.475);
#18411 = AXIS2_PLACEMENT_3D('',#18412,#18413,#18414);
#18412 = CARTESIAN_POINT('',(40.,13.,-4.5E-02));
#18413 = DIRECTION('',(-0.,-0.,-1.));
#18414 = DIRECTION('',(-0.,-1.,0.));
#18415 = ADVANCED_FACE('',(#18416),#18427,.F.);
#18416 = FACE_BOUND('',#18417,.T.);
#18417 = EDGE_LOOP('',(#18418,#18419,#18425,#18426));
#18418 = ORIENTED_EDGE('',*,*,#13137,.T.);
#18419 = ORIENTED_EDGE('',*,*,#18420,.T.);
#18420 = EDGE_CURVE('',#13138,#15299,#18421,.T.);
#18421 = LINE('',#18422,#18423);
#18422 = CARTESIAN_POINT('',(40.,15.025,-4.5E-02));
#18423 = VECTOR('',#18424,1.);
#18424 = DIRECTION('',(0.,0.,1.));
#18425 = ORIENTED_EDGE('',*,*,#15298,.F.);
#18426 = ORIENTED_EDGE('',*,*,#18420,.F.);
#18427 = CYLINDRICAL_SURFACE('',#18428,0.475);
#18428 = AXIS2_PLACEMENT_3D('',#18429,#18430,#18431);
#18429 = CARTESIAN_POINT('',(40.,15.5,-4.5E-02));
#18430 = DIRECTION('',(-0.,-0.,-1.));
#18431 = DIRECTION('',(-0.,-1.,0.));
#18432 = ADVANCED_FACE('',(#18433),#18444,.F.);
#18433 = FACE_BOUND('',#18434,.T.);
#18434 = EDGE_LOOP('',(#18435,#18436,#18442,#18443));
#18435 = ORIENTED_EDGE('',*,*,#13148,.T.);
#18436 = ORIENTED_EDGE('',*,*,#18437,.T.);
#18437 = EDGE_CURVE('',#13149,#15310,#18438,.T.);
#18438 = LINE('',#18439,#18440);
#18439 = CARTESIAN_POINT('',(40.,17.525,-4.5E-02));
#18440 = VECTOR('',#18441,1.);
#18441 = DIRECTION('',(0.,0.,1.));
#18442 = ORIENTED_EDGE('',*,*,#15309,.F.);
#18443 = ORIENTED_EDGE('',*,*,#18437,.F.);
#18444 = CYLINDRICAL_SURFACE('',#18445,0.475);
#18445 = AXIS2_PLACEMENT_3D('',#18446,#18447,#18448);
#18446 = CARTESIAN_POINT('',(40.,18.,-4.5E-02));
#18447 = DIRECTION('',(-0.,-0.,-1.));
#18448 = DIRECTION('',(-0.,-1.,0.));
#18449 = ADVANCED_FACE('',(#18450),#18461,.F.);
#18450 = FACE_BOUND('',#18451,.T.);
#18451 = EDGE_LOOP('',(#18452,#18453,#18459,#18460));
#18452 = ORIENTED_EDGE('',*,*,#13159,.T.);
#18453 = ORIENTED_EDGE('',*,*,#18454,.T.);
#18454 = EDGE_CURVE('',#13160,#15321,#18455,.T.);
#18455 = LINE('',#18456,#18457);
#18456 = CARTESIAN_POINT('',(40.,20.025,-4.5E-02));
#18457 = VECTOR('',#18458,1.);
#18458 = DIRECTION('',(0.,0.,1.));
#18459 = ORIENTED_EDGE('',*,*,#15320,.F.);
#18460 = ORIENTED_EDGE('',*,*,#18454,.F.);
#18461 = CYLINDRICAL_SURFACE('',#18462,0.475);
#18462 = AXIS2_PLACEMENT_3D('',#18463,#18464,#18465);
#18463 = CARTESIAN_POINT('',(40.,20.5,-4.5E-02));
#18464 = DIRECTION('',(-0.,-0.,-1.));
#18465 = DIRECTION('',(-0.,-1.,0.));
#18466 = ADVANCED_FACE('',(#18467),#18478,.F.);
#18467 = FACE_BOUND('',#18468,.T.);
#18468 = EDGE_LOOP('',(#18469,#18470,#18476,#18477));
#18469 = ORIENTED_EDGE('',*,*,#13170,.T.);
#18470 = ORIENTED_EDGE('',*,*,#18471,.T.);
#18471 = EDGE_CURVE('',#13171,#15332,#18472,.T.);
#18472 = LINE('',#18473,#18474);
#18473 = CARTESIAN_POINT('',(-1.2822,29.698401,-4.5E-02));
#18474 = VECTOR('',#18475,1.);
#18475 = DIRECTION('',(0.,0.,1.));
#18476 = ORIENTED_EDGE('',*,*,#15331,.F.);
#18477 = ORIENTED_EDGE('',*,*,#18471,.F.);
#18478 = CYLINDRICAL_SURFACE('',#18479,0.5);
#18479 = AXIS2_PLACEMENT_3D('',#18480,#18481,#18482);
#18480 = CARTESIAN_POINT('',(-1.2822,30.198401,-4.5E-02));
#18481 = DIRECTION('',(-0.,-0.,-1.));
#18482 = DIRECTION('',(-0.,-1.,0.));
#18483 = ADVANCED_FACE('',(#18484),#18495,.F.);
#18484 = FACE_BOUND('',#18485,.T.);
#18485 = EDGE_LOOP('',(#18486,#18487,#18493,#18494));
#18486 = ORIENTED_EDGE('',*,*,#13181,.T.);
#18487 = ORIENTED_EDGE('',*,*,#18488,.T.);
#18488 = EDGE_CURVE('',#13182,#15343,#18489,.T.);
#18489 = LINE('',#18490,#18491);
#18490 = CARTESIAN_POINT('',(1.2578,29.698401,-4.5E-02));
#18491 = VECTOR('',#18492,1.);
#18492 = DIRECTION('',(0.,0.,1.));
#18493 = ORIENTED_EDGE('',*,*,#15342,.F.);
#18494 = ORIENTED_EDGE('',*,*,#18488,.F.);
#18495 = CYLINDRICAL_SURFACE('',#18496,0.5);
#18496 = AXIS2_PLACEMENT_3D('',#18497,#18498,#18499);
#18497 = CARTESIAN_POINT('',(1.2578,30.198401,-4.5E-02));
#18498 = DIRECTION('',(-0.,-0.,-1.));
#18499 = DIRECTION('',(-0.,-1.,0.));
#18500 = ADVANCED_FACE('',(#18501),#18512,.F.);
#18501 = FACE_BOUND('',#18502,.T.);
#18502 = EDGE_LOOP('',(#18503,#18504,#18510,#18511));
#18503 = ORIENTED_EDGE('',*,*,#13192,.T.);
#18504 = ORIENTED_EDGE('',*,*,#18505,.T.);
#18505 = EDGE_CURVE('',#13193,#15354,#18506,.T.);
#18506 = LINE('',#18507,#18508);
#18507 = CARTESIAN_POINT('',(3.7978,29.698401,-4.5E-02));
#18508 = VECTOR('',#18509,1.);
#18509 = DIRECTION('',(0.,0.,1.));
#18510 = ORIENTED_EDGE('',*,*,#15353,.F.);
#18511 = ORIENTED_EDGE('',*,*,#18505,.F.);
#18512 = CYLINDRICAL_SURFACE('',#18513,0.5);
#18513 = AXIS2_PLACEMENT_3D('',#18514,#18515,#18516);
#18514 = CARTESIAN_POINT('',(3.7978,30.198401,-4.5E-02));
#18515 = DIRECTION('',(-0.,0.,-1.));
#18516 = DIRECTION('',(8.881784197001E-16,-1.,-0.));
#18517 = ADVANCED_FACE('',(#18518),#18529,.F.);
#18518 = FACE_BOUND('',#18519,.T.);
#18519 = EDGE_LOOP('',(#18520,#18521,#18527,#18528));
#18520 = ORIENTED_EDGE('',*,*,#13203,.T.);
#18521 = ORIENTED_EDGE('',*,*,#18522,.T.);
#18522 = EDGE_CURVE('',#13204,#15365,#18523,.T.);
#18523 = LINE('',#18524,#18525);
#18524 = CARTESIAN_POINT('',(6.3378,29.698401,-4.5E-02));
#18525 = VECTOR('',#18526,1.);
#18526 = DIRECTION('',(0.,0.,1.));
#18527 = ORIENTED_EDGE('',*,*,#15364,.F.);
#18528 = ORIENTED_EDGE('',*,*,#18522,.F.);
#18529 = CYLINDRICAL_SURFACE('',#18530,0.5);
#18530 = AXIS2_PLACEMENT_3D('',#18531,#18532,#18533);
#18531 = CARTESIAN_POINT('',(6.3378,30.198401,-4.5E-02));
#18532 = DIRECTION('',(-0.,-0.,-1.));
#18533 = DIRECTION('',(-0.,-1.,0.));
#18534 = ADVANCED_FACE('',(#18535),#18546,.F.);
#18535 = FACE_BOUND('',#18536,.T.);
#18536 = EDGE_LOOP('',(#18537,#18538,#18544,#18545));
#18537 = ORIENTED_EDGE('',*,*,#13214,.T.);
#18538 = ORIENTED_EDGE('',*,*,#18539,.T.);
#18539 = EDGE_CURVE('',#13215,#15376,#18540,.T.);
#18540 = LINE('',#18541,#18542);
#18541 = CARTESIAN_POINT('',(10.1478,28.948401,-4.5E-02));
#18542 = VECTOR('',#18543,1.);
#18543 = DIRECTION('',(0.,0.,1.));
#18544 = ORIENTED_EDGE('',*,*,#15375,.F.);
#18545 = ORIENTED_EDGE('',*,*,#18539,.F.);
#18546 = CYLINDRICAL_SURFACE('',#18547,1.25);
#18547 = AXIS2_PLACEMENT_3D('',#18548,#18549,#18550);
#18548 = CARTESIAN_POINT('',(10.1478,30.198401,-4.5E-02));
#18549 = DIRECTION('',(-0.,-0.,-1.));
#18550 = DIRECTION('',(-0.,-1.,0.));
#18551 = ADVANCED_FACE('',(#18552),#18563,.F.);
#18552 = FACE_BOUND('',#18553,.T.);
#18553 = EDGE_LOOP('',(#18554,#18555,#18561,#18562));
#18554 = ORIENTED_EDGE('',*,*,#13225,.T.);
#18555 = ORIENTED_EDGE('',*,*,#18556,.T.);
#18556 = EDGE_CURVE('',#13226,#15387,#18557,.T.);
#18557 = LINE('',#18558,#18559);
#18558 = CARTESIAN_POINT('',(3.302944,40.062945,-4.5E-02));
#18559 = VECTOR('',#18560,1.);
#18560 = DIRECTION('',(0.,0.,1.));
#18561 = ORIENTED_EDGE('',*,*,#15386,.F.);
#18562 = ORIENTED_EDGE('',*,*,#18556,.F.);
#18563 = CYLINDRICAL_SURFACE('',#18564,0.25);
#18564 = AXIS2_PLACEMENT_3D('',#18565,#18566,#18567);
#18565 = CARTESIAN_POINT('',(3.302944,40.312945,-4.5E-02));
#18566 = DIRECTION('',(-0.,-0.,-1.));
#18567 = DIRECTION('',(-0.,-1.,0.));
#18568 = ADVANCED_FACE('',(#18569),#18580,.F.);
#18569 = FACE_BOUND('',#18570,.T.);
#18570 = EDGE_LOOP('',(#18571,#18572,#18578,#18579));
#18571 = ORIENTED_EDGE('',*,*,#13236,.T.);
#18572 = ORIENTED_EDGE('',*,*,#18573,.T.);
#18573 = EDGE_CURVE('',#13237,#15398,#18574,.T.);
#18574 = LINE('',#18575,#18576);
#18575 = CARTESIAN_POINT('',(5.,39.360001,-4.5E-02));
#18576 = VECTOR('',#18577,1.);
#18577 = DIRECTION('',(0.,0.,1.));
#18578 = ORIENTED_EDGE('',*,*,#15397,.F.);
#18579 = ORIENTED_EDGE('',*,*,#18573,.F.);
#18580 = CYLINDRICAL_SURFACE('',#18581,0.25);
#18581 = AXIS2_PLACEMENT_3D('',#18582,#18583,#18584);
#18582 = CARTESIAN_POINT('',(5.,39.610001,-4.5E-02));
#18583 = DIRECTION('',(-0.,-0.,-1.));
#18584 = DIRECTION('',(-0.,-1.,0.));
#18585 = ADVANCED_FACE('',(#18586),#18597,.F.);
#18586 = FACE_BOUND('',#18587,.T.);
#18587 = EDGE_LOOP('',(#18588,#18589,#18595,#18596));
#18588 = ORIENTED_EDGE('',*,*,#13247,.T.);
#18589 = ORIENTED_EDGE('',*,*,#18590,.T.);
#18590 = EDGE_CURVE('',#13248,#15409,#18591,.T.);
#18591 = LINE('',#18592,#18593);
#18592 = CARTESIAN_POINT('',(6.697056,40.062945,-4.5E-02));
#18593 = VECTOR('',#18594,1.);
#18594 = DIRECTION('',(0.,0.,1.));
#18595 = ORIENTED_EDGE('',*,*,#15408,.F.);
#18596 = ORIENTED_EDGE('',*,*,#18590,.F.);
#18597 = CYLINDRICAL_SURFACE('',#18598,0.25);
#18598 = AXIS2_PLACEMENT_3D('',#18599,#18600,#18601);
#18599 = CARTESIAN_POINT('',(6.697056,40.312945,-4.5E-02));
#18600 = DIRECTION('',(-0.,-0.,-1.));
#18601 = DIRECTION('',(-0.,-1.,0.));
#18602 = ADVANCED_FACE('',(#18603),#18614,.F.);
#18603 = FACE_BOUND('',#18604,.T.);
#18604 = EDGE_LOOP('',(#18605,#18606,#18612,#18613));
#18605 = ORIENTED_EDGE('',*,*,#13258,.T.);
#18606 = ORIENTED_EDGE('',*,*,#18607,.T.);
#18607 = EDGE_CURVE('',#13259,#15420,#18608,.T.);
#18608 = LINE('',#18609,#18610);
#18609 = CARTESIAN_POINT('',(2.6,41.760001,-4.5E-02));
#18610 = VECTOR('',#18611,1.);
#18611 = DIRECTION('',(0.,0.,1.));
#18612 = ORIENTED_EDGE('',*,*,#15419,.F.);
#18613 = ORIENTED_EDGE('',*,*,#18607,.F.);
#18614 = CYLINDRICAL_SURFACE('',#18615,0.25);
#18615 = AXIS2_PLACEMENT_3D('',#18616,#18617,#18618);
#18616 = CARTESIAN_POINT('',(2.6,42.010001,-4.5E-02));
#18617 = DIRECTION('',(-0.,-0.,-1.));
#18618 = DIRECTION('',(-0.,-1.,0.));
#18619 = ADVANCED_FACE('',(#18620),#18631,.F.);
#18620 = FACE_BOUND('',#18621,.T.);
#18621 = EDGE_LOOP('',(#18622,#18623,#18629,#18630));
#18622 = ORIENTED_EDGE('',*,*,#13269,.T.);
#18623 = ORIENTED_EDGE('',*,*,#18624,.T.);
#18624 = EDGE_CURVE('',#13270,#15431,#18625,.T.);
#18625 = LINE('',#18626,#18627);
#18626 = CARTESIAN_POINT('',(3.302944,43.457057,-4.5E-02));
#18627 = VECTOR('',#18628,1.);
#18628 = DIRECTION('',(0.,0.,1.));
#18629 = ORIENTED_EDGE('',*,*,#15430,.F.);
#18630 = ORIENTED_EDGE('',*,*,#18624,.F.);
#18631 = CYLINDRICAL_SURFACE('',#18632,0.25);
#18632 = AXIS2_PLACEMENT_3D('',#18633,#18634,#18635);
#18633 = CARTESIAN_POINT('',(3.302944,43.707057,-4.5E-02));
#18634 = DIRECTION('',(-0.,-0.,-1.));
#18635 = DIRECTION('',(-0.,-1.,0.));
#18636 = ADVANCED_FACE('',(#18637),#18648,.F.);
#18637 = FACE_BOUND('',#18638,.T.);
#18638 = EDGE_LOOP('',(#18639,#18640,#18646,#18647));
#18639 = ORIENTED_EDGE('',*,*,#13280,.T.);
#18640 = ORIENTED_EDGE('',*,*,#18641,.T.);
#18641 = EDGE_CURVE('',#13281,#15442,#18642,.T.);
#18642 = LINE('',#18643,#18644);
#18643 = CARTESIAN_POINT('',(5.,40.410001,-4.5E-02));
#18644 = VECTOR('',#18645,1.);
#18645 = DIRECTION('',(0.,0.,1.));
#18646 = ORIENTED_EDGE('',*,*,#15441,.F.);
#18647 = ORIENTED_EDGE('',*,*,#18641,.F.);
#18648 = CYLINDRICAL_SURFACE('',#18649,1.6);
#18649 = AXIS2_PLACEMENT_3D('',#18650,#18651,#18652);
#18650 = CARTESIAN_POINT('',(5.,42.010001,-4.5E-02));
#18651 = DIRECTION('',(-0.,-0.,-1.));
#18652 = DIRECTION('',(-0.,-1.,0.));
#18653 = ADVANCED_FACE('',(#18654),#18665,.F.);
#18654 = FACE_BOUND('',#18655,.T.);
#18655 = EDGE_LOOP('',(#18656,#18657,#18663,#18664));
#18656 = ORIENTED_EDGE('',*,*,#13291,.T.);
#18657 = ORIENTED_EDGE('',*,*,#18658,.T.);
#18658 = EDGE_CURVE('',#13292,#15453,#18659,.T.);
#18659 = LINE('',#18660,#18661);
#18660 = CARTESIAN_POINT('',(5.,44.160001,-4.5E-02));
#18661 = VECTOR('',#18662,1.);
#18662 = DIRECTION('',(0.,0.,1.));
#18663 = ORIENTED_EDGE('',*,*,#15452,.F.);
#18664 = ORIENTED_EDGE('',*,*,#18658,.F.);
#18665 = CYLINDRICAL_SURFACE('',#18666,0.25);
#18666 = AXIS2_PLACEMENT_3D('',#18667,#18668,#18669);
#18667 = CARTESIAN_POINT('',(5.,44.410001,-4.5E-02));
#18668 = DIRECTION('',(-0.,-0.,-1.));
#18669 = DIRECTION('',(-0.,-1.,0.));
#18670 = ADVANCED_FACE('',(#18671),#18682,.F.);
#18671 = FACE_BOUND('',#18672,.T.);
#18672 = EDGE_LOOP('',(#18673,#18674,#18680,#18681));
#18673 = ORIENTED_EDGE('',*,*,#13302,.T.);
#18674 = ORIENTED_EDGE('',*,*,#18675,.T.);
#18675 = EDGE_CURVE('',#13303,#15464,#18676,.T.);
#18676 = LINE('',#18677,#18678);
#18677 = CARTESIAN_POINT('',(6.697056,43.457057,-4.5E-02));
#18678 = VECTOR('',#18679,1.);
#18679 = DIRECTION('',(0.,0.,1.));
#18680 = ORIENTED_EDGE('',*,*,#15463,.F.);
#18681 = ORIENTED_EDGE('',*,*,#18675,.F.);
#18682 = CYLINDRICAL_SURFACE('',#18683,0.25);
#18683 = AXIS2_PLACEMENT_3D('',#18684,#18685,#18686);
#18684 = CARTESIAN_POINT('',(6.697056,43.707057,-4.5E-02));
#18685 = DIRECTION('',(-0.,-0.,-1.));
#18686 = DIRECTION('',(-0.,-1.,0.));
#18687 = ADVANCED_FACE('',(#18688),#18699,.F.);
#18688 = FACE_BOUND('',#18689,.T.);
#18689 = EDGE_LOOP('',(#18690,#18691,#18697,#18698));
#18690 = ORIENTED_EDGE('',*,*,#13313,.T.);
#18691 = ORIENTED_EDGE('',*,*,#18692,.T.);
#18692 = EDGE_CURVE('',#13314,#15475,#18693,.T.);
#18693 = LINE('',#18694,#18695);
#18694 = CARTESIAN_POINT('',(6.15,50.700001,-4.5E-02));
#18695 = VECTOR('',#18696,1.);
#18696 = DIRECTION('',(0.,0.,1.));
#18697 = ORIENTED_EDGE('',*,*,#15474,.F.);
#18698 = ORIENTED_EDGE('',*,*,#18692,.F.);
#18699 = CYLINDRICAL_SURFACE('',#18700,0.5);
#18700 = AXIS2_PLACEMENT_3D('',#18701,#18702,#18703);
#18701 = CARTESIAN_POINT('',(6.15,51.200001,-4.5E-02));
#18702 = DIRECTION('',(-0.,-0.,-1.));
#18703 = DIRECTION('',(-0.,-1.,0.));
#18704 = ADVANCED_FACE('',(#18705),#18716,.F.);
#18705 = FACE_BOUND('',#18706,.T.);
#18706 = EDGE_LOOP('',(#18707,#18708,#18714,#18715));
#18707 = ORIENTED_EDGE('',*,*,#13324,.T.);
#18708 = ORIENTED_EDGE('',*,*,#18709,.T.);
#18709 = EDGE_CURVE('',#13325,#15486,#18710,.T.);
#18710 = LINE('',#18711,#18712);
#18711 = CARTESIAN_POINT('',(7.4,41.760001,-4.5E-02));
#18712 = VECTOR('',#18713,1.);
#18713 = DIRECTION('',(0.,0.,1.));
#18714 = ORIENTED_EDGE('',*,*,#15485,.F.);
#18715 = ORIENTED_EDGE('',*,*,#18709,.F.);
#18716 = CYLINDRICAL_SURFACE('',#18717,0.25);
#18717 = AXIS2_PLACEMENT_3D('',#18718,#18719,#18720);
#18718 = CARTESIAN_POINT('',(7.4,42.010001,-4.5E-02));
#18719 = DIRECTION('',(-0.,-0.,-1.));
#18720 = DIRECTION('',(-0.,-1.,0.));
#18721 = ADVANCED_FACE('',(#18722),#18733,.F.);
#18722 = FACE_BOUND('',#18723,.T.);
#18723 = EDGE_LOOP('',(#18724,#18725,#18731,#18732));
#18724 = ORIENTED_EDGE('',*,*,#13335,.T.);
#18725 = ORIENTED_EDGE('',*,*,#18726,.T.);
#18726 = EDGE_CURVE('',#13336,#15497,#18727,.T.);
#18727 = LINE('',#18728,#18729);
#18728 = CARTESIAN_POINT('',(18.302944,40.062945,-4.5E-02));
#18729 = VECTOR('',#18730,1.);
#18730 = DIRECTION('',(0.,0.,1.));
#18731 = ORIENTED_EDGE('',*,*,#15496,.F.);
#18732 = ORIENTED_EDGE('',*,*,#18726,.F.);
#18733 = CYLINDRICAL_SURFACE('',#18734,0.25);
#18734 = AXIS2_PLACEMENT_3D('',#18735,#18736,#18737);
#18735 = CARTESIAN_POINT('',(18.302944,40.312945,-4.5E-02));
#18736 = DIRECTION('',(-0.,-0.,-1.));
#18737 = DIRECTION('',(-0.,-1.,0.));
#18738 = ADVANCED_FACE('',(#18739),#18750,.F.);
#18739 = FACE_BOUND('',#18740,.T.);
#18740 = EDGE_LOOP('',(#18741,#18742,#18748,#18749));
#18741 = ORIENTED_EDGE('',*,*,#13346,.T.);
#18742 = ORIENTED_EDGE('',*,*,#18743,.T.);
#18743 = EDGE_CURVE('',#13347,#15508,#18744,.T.);
#18744 = LINE('',#18745,#18746);
#18745 = CARTESIAN_POINT('',(17.6,41.760001,-4.5E-02));
#18746 = VECTOR('',#18747,1.);
#18747 = DIRECTION('',(0.,0.,1.));
#18748 = ORIENTED_EDGE('',*,*,#15507,.F.);
#18749 = ORIENTED_EDGE('',*,*,#18743,.F.);
#18750 = CYLINDRICAL_SURFACE('',#18751,0.25);
#18751 = AXIS2_PLACEMENT_3D('',#18752,#18753,#18754);
#18752 = CARTESIAN_POINT('',(17.6,42.010001,-4.5E-02));
#18753 = DIRECTION('',(-0.,-0.,-1.));
#18754 = DIRECTION('',(-0.,-1.,0.));
#18755 = ADVANCED_FACE('',(#18756),#18767,.F.);
#18756 = FACE_BOUND('',#18757,.T.);
#18757 = EDGE_LOOP('',(#18758,#18759,#18765,#18766));
#18758 = ORIENTED_EDGE('',*,*,#13357,.T.);
#18759 = ORIENTED_EDGE('',*,*,#18760,.T.);
#18760 = EDGE_CURVE('',#13358,#15519,#18761,.T.);
#18761 = LINE('',#18762,#18763);
#18762 = CARTESIAN_POINT('',(18.302944,43.457057,-4.5E-02));
#18763 = VECTOR('',#18764,1.);
#18764 = DIRECTION('',(0.,0.,1.));
#18765 = ORIENTED_EDGE('',*,*,#15518,.F.);
#18766 = ORIENTED_EDGE('',*,*,#18760,.F.);
#18767 = CYLINDRICAL_SURFACE('',#18768,0.25);
#18768 = AXIS2_PLACEMENT_3D('',#18769,#18770,#18771);
#18769 = CARTESIAN_POINT('',(18.302944,43.707057,-4.5E-02));
#18770 = DIRECTION('',(-0.,-0.,-1.));
#18771 = DIRECTION('',(-0.,-1.,0.));
#18772 = ADVANCED_FACE('',(#18773),#18784,.F.);
#18773 = FACE_BOUND('',#18774,.T.);
#18774 = EDGE_LOOP('',(#18775,#18776,#18782,#18783));
#18775 = ORIENTED_EDGE('',*,*,#13368,.T.);
#18776 = ORIENTED_EDGE('',*,*,#18777,.T.);
#18777 = EDGE_CURVE('',#13369,#15530,#18778,.T.);
#18778 = LINE('',#18779,#18780);
#18779 = CARTESIAN_POINT('',(8.69,50.700001,-4.5E-02));
#18780 = VECTOR('',#18781,1.);
#18781 = DIRECTION('',(0.,0.,1.));
#18782 = ORIENTED_EDGE('',*,*,#15529,.F.);
#18783 = ORIENTED_EDGE('',*,*,#18777,.F.);
#18784 = CYLINDRICAL_SURFACE('',#18785,0.5);
#18785 = AXIS2_PLACEMENT_3D('',#18786,#18787,#18788);
#18786 = CARTESIAN_POINT('',(8.69,51.200001,-4.5E-02));
#18787 = DIRECTION('',(-0.,-0.,-1.));
#18788 = DIRECTION('',(-0.,-1.,0.));
#18789 = ADVANCED_FACE('',(#18790),#18801,.F.);
#18790 = FACE_BOUND('',#18791,.T.);
#18791 = EDGE_LOOP('',(#18792,#18793,#18799,#18800));
#18792 = ORIENTED_EDGE('',*,*,#13379,.T.);
#18793 = ORIENTED_EDGE('',*,*,#18794,.T.);
#18794 = EDGE_CURVE('',#13380,#15541,#18795,.T.);
#18795 = LINE('',#18796,#18797);
#18796 = CARTESIAN_POINT('',(11.23,50.700001,-4.5E-02));
#18797 = VECTOR('',#18798,1.);
#18798 = DIRECTION('',(0.,0.,1.));
#18799 = ORIENTED_EDGE('',*,*,#15540,.F.);
#18800 = ORIENTED_EDGE('',*,*,#18794,.F.);
#18801 = CYLINDRICAL_SURFACE('',#18802,0.5);
#18802 = AXIS2_PLACEMENT_3D('',#18803,#18804,#18805);
#18803 = CARTESIAN_POINT('',(11.23,51.200001,-4.5E-02));
#18804 = DIRECTION('',(-0.,-0.,-1.));
#18805 = DIRECTION('',(-0.,-1.,0.));
#18806 = ADVANCED_FACE('',(#18807),#18818,.F.);
#18807 = FACE_BOUND('',#18808,.T.);
#18808 = EDGE_LOOP('',(#18809,#18810,#18816,#18817));
#18809 = ORIENTED_EDGE('',*,*,#13390,.T.);
#18810 = ORIENTED_EDGE('',*,*,#18811,.T.);
#18811 = EDGE_CURVE('',#13391,#15552,#18812,.T.);
#18812 = LINE('',#18813,#18814);
#18813 = CARTESIAN_POINT('',(13.77,50.700001,-4.5E-02));
#18814 = VECTOR('',#18815,1.);
#18815 = DIRECTION('',(0.,0.,1.));
#18816 = ORIENTED_EDGE('',*,*,#15551,.F.);
#18817 = ORIENTED_EDGE('',*,*,#18811,.F.);
#18818 = CYLINDRICAL_SURFACE('',#18819,0.5);
#18819 = AXIS2_PLACEMENT_3D('',#18820,#18821,#18822);
#18820 = CARTESIAN_POINT('',(13.77,51.200001,-4.5E-02));
#18821 = DIRECTION('',(-0.,-0.,-1.));
#18822 = DIRECTION('',(-0.,-1.,0.));
#18823 = ADVANCED_FACE('',(#18824),#18835,.F.);
#18824 = FACE_BOUND('',#18825,.T.);
#18825 = EDGE_LOOP('',(#18826,#18827,#18833,#18834));
#18826 = ORIENTED_EDGE('',*,*,#13401,.T.);
#18827 = ORIENTED_EDGE('',*,*,#18828,.T.);
#18828 = EDGE_CURVE('',#13402,#15563,#18829,.T.);
#18829 = LINE('',#18830,#18831);
#18830 = CARTESIAN_POINT('',(16.31,50.700001,-4.5E-02));
#18831 = VECTOR('',#18832,1.);
#18832 = DIRECTION('',(0.,0.,1.));
#18833 = ORIENTED_EDGE('',*,*,#15562,.F.);
#18834 = ORIENTED_EDGE('',*,*,#18828,.F.);
#18835 = CYLINDRICAL_SURFACE('',#18836,0.5);
#18836 = AXIS2_PLACEMENT_3D('',#18837,#18838,#18839);
#18837 = CARTESIAN_POINT('',(16.31,51.200001,-4.5E-02));
#18838 = DIRECTION('',(-0.,-0.,-1.));
#18839 = DIRECTION('',(-0.,-1.,0.));
#18840 = ADVANCED_FACE('',(#18841),#18852,.F.);
#18841 = FACE_BOUND('',#18842,.T.);
#18842 = EDGE_LOOP('',(#18843,#18844,#18850,#18851));
#18843 = ORIENTED_EDGE('',*,*,#13412,.T.);
#18844 = ORIENTED_EDGE('',*,*,#18845,.T.);
#18845 = EDGE_CURVE('',#13413,#15574,#18846,.T.);
#18846 = LINE('',#18847,#18848);
#18847 = CARTESIAN_POINT('',(21.352944,28.052945,-4.5E-02));
#18848 = VECTOR('',#18849,1.);
#18849 = DIRECTION('',(0.,0.,1.));
#18850 = ORIENTED_EDGE('',*,*,#15573,.F.);
#18851 = ORIENTED_EDGE('',*,*,#18845,.F.);
#18852 = CYLINDRICAL_SURFACE('',#18853,0.25);
#18853 = AXIS2_PLACEMENT_3D('',#18854,#18855,#18856);
#18854 = CARTESIAN_POINT('',(21.352944,28.302945,-4.5E-02));
#18855 = DIRECTION('',(-0.,-0.,-1.));
#18856 = DIRECTION('',(-0.,-1.,0.));
#18857 = ADVANCED_FACE('',(#18858),#18869,.F.);
#18858 = FACE_BOUND('',#18859,.T.);
#18859 = EDGE_LOOP('',(#18860,#18861,#18867,#18868));
#18860 = ORIENTED_EDGE('',*,*,#13423,.T.);
#18861 = ORIENTED_EDGE('',*,*,#18862,.T.);
#18862 = EDGE_CURVE('',#13424,#15585,#18863,.T.);
#18863 = LINE('',#18864,#18865);
#18864 = CARTESIAN_POINT('',(23.05,27.350001,-4.5E-02));
#18865 = VECTOR('',#18866,1.);
#18866 = DIRECTION('',(0.,0.,1.));
#18867 = ORIENTED_EDGE('',*,*,#15584,.F.);
#18868 = ORIENTED_EDGE('',*,*,#18862,.F.);
#18869 = CYLINDRICAL_SURFACE('',#18870,0.25);
#18870 = AXIS2_PLACEMENT_3D('',#18871,#18872,#18873);
#18871 = CARTESIAN_POINT('',(23.05,27.600001,-4.5E-02));
#18872 = DIRECTION('',(-0.,-0.,-1.));
#18873 = DIRECTION('',(-0.,-1.,0.));
#18874 = ADVANCED_FACE('',(#18875),#18886,.F.);
#18875 = FACE_BOUND('',#18876,.T.);
#18876 = EDGE_LOOP('',(#18877,#18878,#18884,#18885));
#18877 = ORIENTED_EDGE('',*,*,#13434,.T.);
#18878 = ORIENTED_EDGE('',*,*,#18879,.T.);
#18879 = EDGE_CURVE('',#13435,#15596,#18880,.T.);
#18880 = LINE('',#18881,#18882);
#18881 = CARTESIAN_POINT('',(20.65,29.750001,-4.5E-02));
#18882 = VECTOR('',#18883,1.);
#18883 = DIRECTION('',(0.,0.,1.));
#18884 = ORIENTED_EDGE('',*,*,#15595,.F.);
#18885 = ORIENTED_EDGE('',*,*,#18879,.F.);
#18886 = CYLINDRICAL_SURFACE('',#18887,0.25);
#18887 = AXIS2_PLACEMENT_3D('',#18888,#18889,#18890);
#18888 = CARTESIAN_POINT('',(20.65,30.000001,-4.5E-02));
#18889 = DIRECTION('',(-0.,-0.,-1.));
#18890 = DIRECTION('',(-0.,-1.,0.));
#18891 = ADVANCED_FACE('',(#18892),#18903,.F.);
#18892 = FACE_BOUND('',#18893,.T.);
#18893 = EDGE_LOOP('',(#18894,#18895,#18901,#18902));
#18894 = ORIENTED_EDGE('',*,*,#13445,.T.);
#18895 = ORIENTED_EDGE('',*,*,#18896,.T.);
#18896 = EDGE_CURVE('',#13446,#15607,#18897,.T.);
#18897 = LINE('',#18898,#18899);
#18898 = CARTESIAN_POINT('',(23.05,28.400001,-4.5E-02));
#18899 = VECTOR('',#18900,1.);
#18900 = DIRECTION('',(0.,0.,1.));
#18901 = ORIENTED_EDGE('',*,*,#15606,.F.);
#18902 = ORIENTED_EDGE('',*,*,#18896,.F.);
#18903 = CYLINDRICAL_SURFACE('',#18904,1.6);
#18904 = AXIS2_PLACEMENT_3D('',#18905,#18906,#18907);
#18905 = CARTESIAN_POINT('',(23.05,30.000001,-4.5E-02));
#18906 = DIRECTION('',(-0.,0.,-1.));
#18907 = DIRECTION('',(2.22044604925E-15,-1.,-0.));
#18908 = ADVANCED_FACE('',(#18909),#18920,.F.);
#18909 = FACE_BOUND('',#18910,.T.);
#18910 = EDGE_LOOP('',(#18911,#18912,#18918,#18919));
#18911 = ORIENTED_EDGE('',*,*,#13456,.T.);
#18912 = ORIENTED_EDGE('',*,*,#18913,.T.);
#18913 = EDGE_CURVE('',#13457,#15618,#18914,.T.);
#18914 = LINE('',#18915,#18916);
#18915 = CARTESIAN_POINT('',(21.352944,31.447057,-4.5E-02));
#18916 = VECTOR('',#18917,1.);
#18917 = DIRECTION('',(0.,0.,1.));
#18918 = ORIENTED_EDGE('',*,*,#15617,.F.);
#18919 = ORIENTED_EDGE('',*,*,#18913,.F.);
#18920 = CYLINDRICAL_SURFACE('',#18921,0.25);
#18921 = AXIS2_PLACEMENT_3D('',#18922,#18923,#18924);
#18922 = CARTESIAN_POINT('',(21.352944,31.697057,-4.5E-02));
#18923 = DIRECTION('',(-0.,-0.,-1.));
#18924 = DIRECTION('',(-0.,-1.,0.));
#18925 = ADVANCED_FACE('',(#18926),#18937,.F.);
#18926 = FACE_BOUND('',#18927,.T.);
#18927 = EDGE_LOOP('',(#18928,#18929,#18935,#18936));
#18928 = ORIENTED_EDGE('',*,*,#13467,.T.);
#18929 = ORIENTED_EDGE('',*,*,#18930,.T.);
#18930 = EDGE_CURVE('',#13468,#15629,#18931,.T.);
#18931 = LINE('',#18932,#18933);
#18932 = CARTESIAN_POINT('',(24.747056,28.052945,-4.5E-02));
#18933 = VECTOR('',#18934,1.);
#18934 = DIRECTION('',(0.,0.,1.));
#18935 = ORIENTED_EDGE('',*,*,#15628,.F.);
#18936 = ORIENTED_EDGE('',*,*,#18930,.F.);
#18937 = CYLINDRICAL_SURFACE('',#18938,0.25);
#18938 = AXIS2_PLACEMENT_3D('',#18939,#18940,#18941);
#18939 = CARTESIAN_POINT('',(24.747056,28.302945,-4.5E-02));
#18940 = DIRECTION('',(-0.,-0.,-1.));
#18941 = DIRECTION('',(-0.,-1.,0.));
#18942 = ADVANCED_FACE('',(#18943),#18954,.F.);
#18943 = FACE_BOUND('',#18944,.T.);
#18944 = EDGE_LOOP('',(#18945,#18946,#18952,#18953));
#18945 = ORIENTED_EDGE('',*,*,#13478,.T.);
#18946 = ORIENTED_EDGE('',*,*,#18947,.T.);
#18947 = EDGE_CURVE('',#13479,#15640,#18948,.T.);
#18948 = LINE('',#18949,#18950);
#18949 = CARTESIAN_POINT('',(25.45,29.750001,-4.5E-02));
#18950 = VECTOR('',#18951,1.);
#18951 = DIRECTION('',(0.,0.,1.));
#18952 = ORIENTED_EDGE('',*,*,#15639,.F.);
#18953 = ORIENTED_EDGE('',*,*,#18947,.F.);
#18954 = CYLINDRICAL_SURFACE('',#18955,0.25);
#18955 = AXIS2_PLACEMENT_3D('',#18956,#18957,#18958);
#18956 = CARTESIAN_POINT('',(25.45,30.000001,-4.5E-02));
#18957 = DIRECTION('',(-0.,-0.,-1.));
#18958 = DIRECTION('',(-0.,-1.,0.));
#18959 = ADVANCED_FACE('',(#18960),#18971,.F.);
#18960 = FACE_BOUND('',#18961,.T.);
#18961 = EDGE_LOOP('',(#18962,#18963,#18969,#18970));
#18962 = ORIENTED_EDGE('',*,*,#13489,.T.);
#18963 = ORIENTED_EDGE('',*,*,#18964,.T.);
#18964 = EDGE_CURVE('',#13490,#15651,#18965,.T.);
#18965 = LINE('',#18966,#18967);
#18966 = CARTESIAN_POINT('',(24.747056,31.447057,-4.5E-02));
#18967 = VECTOR('',#18968,1.);
#18968 = DIRECTION('',(0.,0.,1.));
#18969 = ORIENTED_EDGE('',*,*,#15650,.F.);
#18970 = ORIENTED_EDGE('',*,*,#18964,.F.);
#18971 = CYLINDRICAL_SURFACE('',#18972,0.25);
#18972 = AXIS2_PLACEMENT_3D('',#18973,#18974,#18975);
#18973 = CARTESIAN_POINT('',(24.747056,31.697057,-4.5E-02));
#18974 = DIRECTION('',(-0.,-0.,-1.));
#18975 = DIRECTION('',(-0.,-1.,0.));
#18976 = ADVANCED_FACE('',(#18977),#18988,.F.);
#18977 = FACE_BOUND('',#18978,.T.);
#18978 = EDGE_LOOP('',(#18979,#18980,#18986,#18987));
#18979 = ORIENTED_EDGE('',*,*,#13500,.T.);
#18980 = ORIENTED_EDGE('',*,*,#18981,.T.);
#18981 = EDGE_CURVE('',#13501,#15662,#18982,.T.);
#18982 = LINE('',#18983,#18984);
#18983 = CARTESIAN_POINT('',(23.05,32.150001,-4.5E-02));
#18984 = VECTOR('',#18985,1.);
#18985 = DIRECTION('',(0.,0.,1.));
#18986 = ORIENTED_EDGE('',*,*,#15661,.F.);
#18987 = ORIENTED_EDGE('',*,*,#18981,.F.);
#18988 = CYLINDRICAL_SURFACE('',#18989,0.25);
#18989 = AXIS2_PLACEMENT_3D('',#18990,#18991,#18992);
#18990 = CARTESIAN_POINT('',(23.05,32.400001,-4.5E-02));
#18991 = DIRECTION('',(-0.,-0.,-1.));
#18992 = DIRECTION('',(-0.,-1.,0.));
#18993 = ADVANCED_FACE('',(#18994),#19005,.F.);
#18994 = FACE_BOUND('',#18995,.T.);
#18995 = EDGE_LOOP('',(#18996,#18997,#19003,#19004));
#18996 = ORIENTED_EDGE('',*,*,#13511,.T.);
#18997 = ORIENTED_EDGE('',*,*,#18998,.T.);
#18998 = EDGE_CURVE('',#13512,#15673,#18999,.T.);
#18999 = LINE('',#19000,#19001);
#19000 = CARTESIAN_POINT('',(20.,39.360001,-4.5E-02));
#19001 = VECTOR('',#19002,1.);
#19002 = DIRECTION('',(0.,0.,1.));
#19003 = ORIENTED_EDGE('',*,*,#15672,.F.);
#19004 = ORIENTED_EDGE('',*,*,#18998,.F.);
#19005 = CYLINDRICAL_SURFACE('',#19006,0.25);
#19006 = AXIS2_PLACEMENT_3D('',#19007,#19008,#19009);
#19007 = CARTESIAN_POINT('',(20.,39.610001,-4.5E-02));
#19008 = DIRECTION('',(-0.,-0.,-1.));
#19009 = DIRECTION('',(-0.,-1.,0.));
#19010 = ADVANCED_FACE('',(#19011),#19022,.F.);
#19011 = FACE_BOUND('',#19012,.T.);
#19012 = EDGE_LOOP('',(#19013,#19014,#19020,#19021));
#19013 = ORIENTED_EDGE('',*,*,#13522,.T.);
#19014 = ORIENTED_EDGE('',*,*,#19015,.T.);
#19015 = EDGE_CURVE('',#13523,#15684,#19016,.T.);
#19016 = LINE('',#19017,#19018);
#19017 = CARTESIAN_POINT('',(21.697056,40.062945,-4.5E-02));
#19018 = VECTOR('',#19019,1.);
#19019 = DIRECTION('',(0.,0.,1.));
#19020 = ORIENTED_EDGE('',*,*,#15683,.F.);
#19021 = ORIENTED_EDGE('',*,*,#19015,.F.);
#19022 = CYLINDRICAL_SURFACE('',#19023,0.25);
#19023 = AXIS2_PLACEMENT_3D('',#19024,#19025,#19026);
#19024 = CARTESIAN_POINT('',(21.697056,40.312945,-4.5E-02));
#19025 = DIRECTION('',(-0.,-0.,-1.));
#19026 = DIRECTION('',(-0.,-1.,0.));
#19027 = ADVANCED_FACE('',(#19028),#19039,.F.);
#19028 = FACE_BOUND('',#19029,.T.);
#19029 = EDGE_LOOP('',(#19030,#19031,#19037,#19038));
#19030 = ORIENTED_EDGE('',*,*,#13533,.T.);
#19031 = ORIENTED_EDGE('',*,*,#19032,.T.);
#19032 = EDGE_CURVE('',#13534,#15695,#19033,.T.);
#19033 = LINE('',#19034,#19035);
#19034 = CARTESIAN_POINT('',(20.,40.410001,-4.5E-02));
#19035 = VECTOR('',#19036,1.);
#19036 = DIRECTION('',(0.,0.,1.));
#19037 = ORIENTED_EDGE('',*,*,#15694,.F.);
#19038 = ORIENTED_EDGE('',*,*,#19032,.F.);
#19039 = CYLINDRICAL_SURFACE('',#19040,1.6);
#19040 = AXIS2_PLACEMENT_3D('',#19041,#19042,#19043);
#19041 = CARTESIAN_POINT('',(20.,42.010001,-4.5E-02));
#19042 = DIRECTION('',(-0.,-0.,-1.));
#19043 = DIRECTION('',(-0.,-1.,0.));
#19044 = ADVANCED_FACE('',(#19045),#19056,.F.);
#19045 = FACE_BOUND('',#19046,.T.);
#19046 = EDGE_LOOP('',(#19047,#19048,#19054,#19055));
#19047 = ORIENTED_EDGE('',*,*,#13544,.T.);
#19048 = ORIENTED_EDGE('',*,*,#19049,.T.);
#19049 = EDGE_CURVE('',#13545,#15706,#19050,.T.);
#19050 = LINE('',#19051,#19052);
#19051 = CARTESIAN_POINT('',(20.,44.160001,-4.5E-02));
#19052 = VECTOR('',#19053,1.);
#19053 = DIRECTION('',(0.,0.,1.));
#19054 = ORIENTED_EDGE('',*,*,#15705,.F.);
#19055 = ORIENTED_EDGE('',*,*,#19049,.F.);
#19056 = CYLINDRICAL_SURFACE('',#19057,0.25);
#19057 = AXIS2_PLACEMENT_3D('',#19058,#19059,#19060);
#19058 = CARTESIAN_POINT('',(20.,44.410001,-4.5E-02));
#19059 = DIRECTION('',(-0.,-0.,-1.));
#19060 = DIRECTION('',(-0.,-1.,0.));
#19061 = ADVANCED_FACE('',(#19062),#19073,.F.);
#19062 = FACE_BOUND('',#19063,.T.);
#19063 = EDGE_LOOP('',(#19064,#19065,#19071,#19072));
#19064 = ORIENTED_EDGE('',*,*,#13555,.T.);
#19065 = ORIENTED_EDGE('',*,*,#19066,.T.);
#19066 = EDGE_CURVE('',#13556,#15717,#19067,.T.);
#19067 = LINE('',#19068,#19069);
#19068 = CARTESIAN_POINT('',(22.4,41.760001,-4.5E-02));
#19069 = VECTOR('',#19070,1.);
#19070 = DIRECTION('',(0.,0.,1.));
#19071 = ORIENTED_EDGE('',*,*,#15716,.F.);
#19072 = ORIENTED_EDGE('',*,*,#19066,.F.);
#19073 = CYLINDRICAL_SURFACE('',#19074,0.25);
#19074 = AXIS2_PLACEMENT_3D('',#19075,#19076,#19077);
#19075 = CARTESIAN_POINT('',(22.4,42.010001,-4.5E-02));
#19076 = DIRECTION('',(-0.,-0.,-1.));
#19077 = DIRECTION('',(-0.,-1.,0.));
#19078 = ADVANCED_FACE('',(#19079),#19090,.F.);
#19079 = FACE_BOUND('',#19080,.T.);
#19080 = EDGE_LOOP('',(#19081,#19082,#19088,#19089));
#19081 = ORIENTED_EDGE('',*,*,#13566,.T.);
#19082 = ORIENTED_EDGE('',*,*,#19083,.T.);
#19083 = EDGE_CURVE('',#13567,#15728,#19084,.T.);
#19084 = LINE('',#19085,#19086);
#19085 = CARTESIAN_POINT('',(21.697056,43.457057,-4.5E-02));
#19086 = VECTOR('',#19087,1.);
#19087 = DIRECTION('',(0.,0.,1.));
#19088 = ORIENTED_EDGE('',*,*,#15727,.F.);
#19089 = ORIENTED_EDGE('',*,*,#19083,.F.);
#19090 = CYLINDRICAL_SURFACE('',#19091,0.25);
#19091 = AXIS2_PLACEMENT_3D('',#19092,#19093,#19094);
#19092 = CARTESIAN_POINT('',(21.697056,43.707057,-4.5E-02));
#19093 = DIRECTION('',(-0.,-0.,-1.));
#19094 = DIRECTION('',(-0.,-1.,0.));
#19095 = ADVANCED_FACE('',(#19096),#19107,.F.);
#19096 = FACE_BOUND('',#19097,.T.);
#19097 = EDGE_LOOP('',(#19098,#19099,#19105,#19106));
#19098 = ORIENTED_EDGE('',*,*,#13577,.T.);
#19099 = ORIENTED_EDGE('',*,*,#19100,.T.);
#19100 = EDGE_CURVE('',#13578,#15739,#19101,.T.);
#19101 = LINE('',#19102,#19103);
#19102 = CARTESIAN_POINT('',(18.85,50.700001,-4.5E-02));
#19103 = VECTOR('',#19104,1.);
#19104 = DIRECTION('',(0.,0.,1.));
#19105 = ORIENTED_EDGE('',*,*,#15738,.F.);
#19106 = ORIENTED_EDGE('',*,*,#19100,.F.);
#19107 = CYLINDRICAL_SURFACE('',#19108,0.5);
#19108 = AXIS2_PLACEMENT_3D('',#19109,#19110,#19111);
#19109 = CARTESIAN_POINT('',(18.85,51.200001,-4.5E-02));
#19110 = DIRECTION('',(-0.,-0.,-1.));
#19111 = DIRECTION('',(-0.,-1.,0.));
#19112 = ( GEOMETRIC_REPRESENTATION_CONTEXT(3) 
GLOBAL_UNCERTAINTY_ASSIGNED_CONTEXT((#19116)) 
GLOBAL_UNIT_ASSIGNED_CONTEXT((#19113,#19114,#19115)) 
REPRESENTATION_CONTEXT('Context #1',
  '3D Context with UNIT and UNCERTAINTY') );
#19113 = ( LENGTH_UNIT() NAMED_UNIT(*) SI_UNIT(.MILLI.,.METRE.) );
#19114 = ( NAMED_UNIT(*) PLANE_ANGLE_UNIT() SI_UNIT($,.RADIAN.) );
#19115 = ( NAMED_UNIT(*) SI_UNIT($,.STERADIAN.) SOLID_ANGLE_UNIT() );
#19116 = UNCERTAINTY_MEASURE_WITH_UNIT(LENGTH_MEASURE(1.E-07),#19113,
  'distance_accuracy_value','confusion accuracy');
#19117 = CONTEXT_DEPENDENT_SHAPE_REPRESENTATION(#19118,#19120);
#19118 = ( REPRESENTATION_RELATIONSHIP('','',#11320,#10) 
REPRESENTATION_RELATIONSHIP_WITH_TRANSFORMATION(#19119) 
SHAPE_REPRESENTATION_RELATIONSHIP() );
#19119 = ITEM_DEFINED_TRANSFORMATION('','',#11,#67);
#19120 = PRODUCT_DEFINITION_SHAPE('Placement','Placement of an item',
  #19121);
#19121 = NEXT_ASSEMBLY_USAGE_OCCURRENCE('17','=>[0:1:1:8]','',#5,#11315,
  $);
#19122 = PRODUCT_RELATED_PRODUCT_CATEGORY('part',$,(#11317));
#19123 = MECHANICAL_DESIGN_GEOMETRIC_PRESENTATION_REPRESENTATION('',(
    #19124),#19112);
#19124 = STYLED_ITEM('color',(#19125),#11321);
#19125 = PRESENTATION_STYLE_ASSIGNMENT((#19126));
#19126 = SURFACE_STYLE_USAGE(.BOTH.,#19127);
#19127 = SURFACE_SIDE_STYLE('',(#19128));
#19128 = SURFACE_STYLE_FILL_AREA(#19129);
#19129 = FILL_AREA_STYLE('',(#19130));
#19130 = FILL_AREA_STYLE_COLOUR('',#19131);
#19131 = COLOUR_RGB('',0.313304153717,0.484529207832,0.410020903123);
#19132 = MECHANICAL_DESIGN_GEOMETRIC_PRESENTATION_REPRESENTATION('',(
    #19133,#19141,#19148,#19155,#19162,#19169,#19176,#19183,#19190,
    #19197,#19204,#19211,#19218,#19225,#19232,#19239,#19246,#19253,
    #19260,#19267,#19274,#19281,#19288,#19295,#19302,#19309,#19316,
    #19323,#19330,#19337,#19344,#19351,#19358,#19365,#19372,#19379,
    #19386,#19393,#19400,#19407,#19414,#19421,#19428,#19436,#19443,
    #19450,#19457,#19464,#19471,#19478,#19485,#19492,#19499,#19506,
    #19513,#19520,#19527,#19534,#19541,#19548,#19555,#19562,#19569,
    #19576,#19583,#19590,#19597,#19604,#19611,#19618,#19625,#19632,
    #19639,#19646,#19653,#19660,#19667,#19674,#19681,#19688,#19695,
    #19702,#19709,#19716,#19723,#19730,#19737,#19744,#19751,#19758,
    #19765,#19772,#19779,#19786,#19793,#19800,#19807,#19814,#19821,
    #19828,#19835,#19842,#19849,#19856,#19863,#19870,#19877,#19884,
    #19891,#19898,#19905,#19912,#19919,#19926,#19933,#19940,#19947,
    #19954,#19961,#19968,#19975,#19982,#19989,#19996,#20003,#20010,
    #20017,#20024,#20031,#20038,#20045,#20052,#20059,#20066,#20073,
    #20080,#20087,#20094,#20101,#20108,#20115,#20122,#20129,#20136,
    #20143,#20150,#20157,#20164,#20171,#20178,#20185,#20192,#20199,
    #20206,#20213,#20220,#20227,#20234,#20241,#20248,#20255,#20262,
    #20269,#20276,#20283,#20290,#20297,#20304,#20311,#20318,#20325,
    #20332,#20339,#20346,#20353,#20360,#20367,#20374,#20381,#20388,
    #20395,#20402,#20409,#20416,#20423,#20430,#20437,#20444,#20451,
    #20458,#20465,#20472,#20479,#20486,#20493,#20500,#20507,#20514,
    #20521,#20528,#20535,#20542,#20549,#20556,#20563,#20570,#20577,
    #20584,#20591,#20598,#20605,#20612,#20619,#20626),#11302);
#19133 = STYLED_ITEM('color',(#19134),#5162);
#19134 = PRESENTATION_STYLE_ASSIGNMENT((#19135));
#19135 = SURFACE_STYLE_USAGE(.BOTH.,#19136);
#19136 = SURFACE_SIDE_STYLE('',(#19137));
#19137 = SURFACE_STYLE_FILL_AREA(#19138);
#19138 = FILL_AREA_STYLE('',(#19139));
#19139 = FILL_AREA_STYLE_COLOUR('',#19140);
#19140 = COLOUR_RGB('',0.894117649055,0.890196087049,0.811764731185);
#19141 = STYLED_ITEM('color',(#19142),#5490);
#19142 = PRESENTATION_STYLE_ASSIGNMENT((#19143));
#19143 = SURFACE_STYLE_USAGE(.BOTH.,#19144);
#19144 = SURFACE_SIDE_STYLE('',(#19145));
#19145 = SURFACE_STYLE_FILL_AREA(#19146);
#19146 = FILL_AREA_STYLE('',(#19147));
#19147 = FILL_AREA_STYLE_COLOUR('',#19140);
#19148 = STYLED_ITEM('color',(#19149),#5521);
#19149 = PRESENTATION_STYLE_ASSIGNMENT((#19150));
#19150 = SURFACE_STYLE_USAGE(.BOTH.,#19151);
#19151 = SURFACE_SIDE_STYLE('',(#19152));
#19152 = SURFACE_STYLE_FILL_AREA(#19153);
#19153 = FILL_AREA_STYLE('',(#19154));
#19154 = FILL_AREA_STYLE_COLOUR('',#19140);
#19155 = STYLED_ITEM('color',(#19156),#5545);
#19156 = PRESENTATION_STYLE_ASSIGNMENT((#19157));
#19157 = SURFACE_STYLE_USAGE(.BOTH.,#19158);
#19158 = SURFACE_SIDE_STYLE('',(#19159));
#19159 = SURFACE_STYLE_FILL_AREA(#19160);
#19160 = FILL_AREA_STYLE('',(#19161));
#19161 = FILL_AREA_STYLE_COLOUR('',#19140);
#19162 = STYLED_ITEM('color',(#19163),#5603);
#19163 = PRESENTATION_STYLE_ASSIGNMENT((#19164));
#19164 = SURFACE_STYLE_USAGE(.BOTH.,#19165);
#19165 = SURFACE_SIDE_STYLE('',(#19166));
#19166 = SURFACE_STYLE_FILL_AREA(#19167);
#19167 = FILL_AREA_STYLE('',(#19168));
#19168 = FILL_AREA_STYLE_COLOUR('',#19140);
#19169 = STYLED_ITEM('color',(#19170),#5627);
#19170 = PRESENTATION_STYLE_ASSIGNMENT((#19171));
#19171 = SURFACE_STYLE_USAGE(.BOTH.,#19172);
#19172 = SURFACE_SIDE_STYLE('',(#19173));
#19173 = SURFACE_STYLE_FILL_AREA(#19174);
#19174 = FILL_AREA_STYLE('',(#19175));
#19175 = FILL_AREA_STYLE_COLOUR('',#19140);
#19176 = STYLED_ITEM('color',(#19177),#5651);
#19177 = PRESENTATION_STYLE_ASSIGNMENT((#19178));
#19178 = SURFACE_STYLE_USAGE(.BOTH.,#19179);
#19179 = SURFACE_SIDE_STYLE('',(#19180));
#19180 = SURFACE_STYLE_FILL_AREA(#19181);
#19181 = FILL_AREA_STYLE('',(#19182));
#19182 = FILL_AREA_STYLE_COLOUR('',#19140);
#19183 = STYLED_ITEM('color',(#19184),#5675);
#19184 = PRESENTATION_STYLE_ASSIGNMENT((#19185));
#19185 = SURFACE_STYLE_USAGE(.BOTH.,#19186);
#19186 = SURFACE_SIDE_STYLE('',(#19187));
#19187 = SURFACE_STYLE_FILL_AREA(#19188);
#19188 = FILL_AREA_STYLE('',(#19189));
#19189 = FILL_AREA_STYLE_COLOUR('',#19140);
#19190 = STYLED_ITEM('color',(#19191),#5733);
#19191 = PRESENTATION_STYLE_ASSIGNMENT((#19192));
#19192 = SURFACE_STYLE_USAGE(.BOTH.,#19193);
#19193 = SURFACE_SIDE_STYLE('',(#19194));
#19194 = SURFACE_STYLE_FILL_AREA(#19195);
#19195 = FILL_AREA_STYLE('',(#19196));
#19196 = FILL_AREA_STYLE_COLOUR('',#19140);
#19197 = STYLED_ITEM('color',(#19198),#5757);
#19198 = PRESENTATION_STYLE_ASSIGNMENT((#19199));
#19199 = SURFACE_STYLE_USAGE(.BOTH.,#19200);
#19200 = SURFACE_SIDE_STYLE('',(#19201));
#19201 = SURFACE_STYLE_FILL_AREA(#19202);
#19202 = FILL_AREA_STYLE('',(#19203));
#19203 = FILL_AREA_STYLE_COLOUR('',#19140);
#19204 = STYLED_ITEM('color',(#19205),#5781);
#19205 = PRESENTATION_STYLE_ASSIGNMENT((#19206));
#19206 = SURFACE_STYLE_USAGE(.BOTH.,#19207);
#19207 = SURFACE_SIDE_STYLE('',(#19208));
#19208 = SURFACE_STYLE_FILL_AREA(#19209);
#19209 = FILL_AREA_STYLE('',(#19210));
#19210 = FILL_AREA_STYLE_COLOUR('',#19140);
#19211 = STYLED_ITEM('color',(#19212),#5805);
#19212 = PRESENTATION_STYLE_ASSIGNMENT((#19213));
#19213 = SURFACE_STYLE_USAGE(.BOTH.,#19214);
#19214 = SURFACE_SIDE_STYLE('',(#19215));
#19215 = SURFACE_STYLE_FILL_AREA(#19216);
#19216 = FILL_AREA_STYLE('',(#19217));
#19217 = FILL_AREA_STYLE_COLOUR('',#19140);
#19218 = STYLED_ITEM('color',(#19219),#5863);
#19219 = PRESENTATION_STYLE_ASSIGNMENT((#19220));
#19220 = SURFACE_STYLE_USAGE(.BOTH.,#19221);
#19221 = SURFACE_SIDE_STYLE('',(#19222));
#19222 = SURFACE_STYLE_FILL_AREA(#19223);
#19223 = FILL_AREA_STYLE('',(#19224));
#19224 = FILL_AREA_STYLE_COLOUR('',#19140);
#19225 = STYLED_ITEM('color',(#19226),#5887);
#19226 = PRESENTATION_STYLE_ASSIGNMENT((#19227));
#19227 = SURFACE_STYLE_USAGE(.BOTH.,#19228);
#19228 = SURFACE_SIDE_STYLE('',(#19229));
#19229 = SURFACE_STYLE_FILL_AREA(#19230);
#19230 = FILL_AREA_STYLE('',(#19231));
#19231 = FILL_AREA_STYLE_COLOUR('',#19140);
#19232 = STYLED_ITEM('color',(#19233),#5911);
#19233 = PRESENTATION_STYLE_ASSIGNMENT((#19234));
#19234 = SURFACE_STYLE_USAGE(.BOTH.,#19235);
#19235 = SURFACE_SIDE_STYLE('',(#19236));
#19236 = SURFACE_STYLE_FILL_AREA(#19237);
#19237 = FILL_AREA_STYLE('',(#19238));
#19238 = FILL_AREA_STYLE_COLOUR('',#19140);
#19239 = STYLED_ITEM('color',(#19240),#5935);
#19240 = PRESENTATION_STYLE_ASSIGNMENT((#19241));
#19241 = SURFACE_STYLE_USAGE(.BOTH.,#19242);
#19242 = SURFACE_SIDE_STYLE('',(#19243));
#19243 = SURFACE_STYLE_FILL_AREA(#19244);
#19244 = FILL_AREA_STYLE('',(#19245));
#19245 = FILL_AREA_STYLE_COLOUR('',#19140);
#19246 = STYLED_ITEM('color',(#19247),#5993);
#19247 = PRESENTATION_STYLE_ASSIGNMENT((#19248));
#19248 = SURFACE_STYLE_USAGE(.BOTH.,#19249);
#19249 = SURFACE_SIDE_STYLE('',(#19250));
#19250 = SURFACE_STYLE_FILL_AREA(#19251);
#19251 = FILL_AREA_STYLE('',(#19252));
#19252 = FILL_AREA_STYLE_COLOUR('',#19140);
#19253 = STYLED_ITEM('color',(#19254),#6017);
#19254 = PRESENTATION_STYLE_ASSIGNMENT((#19255));
#19255 = SURFACE_STYLE_USAGE(.BOTH.,#19256);
#19256 = SURFACE_SIDE_STYLE('',(#19257));
#19257 = SURFACE_STYLE_FILL_AREA(#19258);
#19258 = FILL_AREA_STYLE('',(#19259));
#19259 = FILL_AREA_STYLE_COLOUR('',#19140);
#19260 = STYLED_ITEM('color',(#19261),#6041);
#19261 = PRESENTATION_STYLE_ASSIGNMENT((#19262));
#19262 = SURFACE_STYLE_USAGE(.BOTH.,#19263);
#19263 = SURFACE_SIDE_STYLE('',(#19264));
#19264 = SURFACE_STYLE_FILL_AREA(#19265);
#19265 = FILL_AREA_STYLE('',(#19266));
#19266 = FILL_AREA_STYLE_COLOUR('',#19140);
#19267 = STYLED_ITEM('color',(#19268),#6065);
#19268 = PRESENTATION_STYLE_ASSIGNMENT((#19269));
#19269 = SURFACE_STYLE_USAGE(.BOTH.,#19270);
#19270 = SURFACE_SIDE_STYLE('',(#19271));
#19271 = SURFACE_STYLE_FILL_AREA(#19272);
#19272 = FILL_AREA_STYLE('',(#19273));
#19273 = FILL_AREA_STYLE_COLOUR('',#19140);
#19274 = STYLED_ITEM('color',(#19275),#6123);
#19275 = PRESENTATION_STYLE_ASSIGNMENT((#19276));
#19276 = SURFACE_STYLE_USAGE(.BOTH.,#19277);
#19277 = SURFACE_SIDE_STYLE('',(#19278));
#19278 = SURFACE_STYLE_FILL_AREA(#19279);
#19279 = FILL_AREA_STYLE('',(#19280));
#19280 = FILL_AREA_STYLE_COLOUR('',#19140);
#19281 = STYLED_ITEM('color',(#19282),#6147);
#19282 = PRESENTATION_STYLE_ASSIGNMENT((#19283));
#19283 = SURFACE_STYLE_USAGE(.BOTH.,#19284);
#19284 = SURFACE_SIDE_STYLE('',(#19285));
#19285 = SURFACE_STYLE_FILL_AREA(#19286);
#19286 = FILL_AREA_STYLE('',(#19287));
#19287 = FILL_AREA_STYLE_COLOUR('',#19140);
#19288 = STYLED_ITEM('color',(#19289),#6171);
#19289 = PRESENTATION_STYLE_ASSIGNMENT((#19290));
#19290 = SURFACE_STYLE_USAGE(.BOTH.,#19291);
#19291 = SURFACE_SIDE_STYLE('',(#19292));
#19292 = SURFACE_STYLE_FILL_AREA(#19293);
#19293 = FILL_AREA_STYLE('',(#19294));
#19294 = FILL_AREA_STYLE_COLOUR('',#19140);
#19295 = STYLED_ITEM('color',(#19296),#6195);
#19296 = PRESENTATION_STYLE_ASSIGNMENT((#19297));
#19297 = SURFACE_STYLE_USAGE(.BOTH.,#19298);
#19298 = SURFACE_SIDE_STYLE('',(#19299));
#19299 = SURFACE_STYLE_FILL_AREA(#19300);
#19300 = FILL_AREA_STYLE('',(#19301));
#19301 = FILL_AREA_STYLE_COLOUR('',#19140);
#19302 = STYLED_ITEM('color',(#19303),#6253);
#19303 = PRESENTATION_STYLE_ASSIGNMENT((#19304));
#19304 = SURFACE_STYLE_USAGE(.BOTH.,#19305);
#19305 = SURFACE_SIDE_STYLE('',(#19306));
#19306 = SURFACE_STYLE_FILL_AREA(#19307);
#19307 = FILL_AREA_STYLE('',(#19308));
#19308 = FILL_AREA_STYLE_COLOUR('',#19140);
#19309 = STYLED_ITEM('color',(#19310),#6277);
#19310 = PRESENTATION_STYLE_ASSIGNMENT((#19311));
#19311 = SURFACE_STYLE_USAGE(.BOTH.,#19312);
#19312 = SURFACE_SIDE_STYLE('',(#19313));
#19313 = SURFACE_STYLE_FILL_AREA(#19314);
#19314 = FILL_AREA_STYLE('',(#19315));
#19315 = FILL_AREA_STYLE_COLOUR('',#19140);
#19316 = STYLED_ITEM('color',(#19317),#6301);
#19317 = PRESENTATION_STYLE_ASSIGNMENT((#19318));
#19318 = SURFACE_STYLE_USAGE(.BOTH.,#19319);
#19319 = SURFACE_SIDE_STYLE('',(#19320));
#19320 = SURFACE_STYLE_FILL_AREA(#19321);
#19321 = FILL_AREA_STYLE('',(#19322));
#19322 = FILL_AREA_STYLE_COLOUR('',#19140);
#19323 = STYLED_ITEM('color',(#19324),#6325);
#19324 = PRESENTATION_STYLE_ASSIGNMENT((#19325));
#19325 = SURFACE_STYLE_USAGE(.BOTH.,#19326);
#19326 = SURFACE_SIDE_STYLE('',(#19327));
#19327 = SURFACE_STYLE_FILL_AREA(#19328);
#19328 = FILL_AREA_STYLE('',(#19329));
#19329 = FILL_AREA_STYLE_COLOUR('',#19140);
#19330 = STYLED_ITEM('color',(#19331),#6383);
#19331 = PRESENTATION_STYLE_ASSIGNMENT((#19332));
#19332 = SURFACE_STYLE_USAGE(.BOTH.,#19333);
#19333 = SURFACE_SIDE_STYLE('',(#19334));
#19334 = SURFACE_STYLE_FILL_AREA(#19335);
#19335 = FILL_AREA_STYLE('',(#19336));
#19336 = FILL_AREA_STYLE_COLOUR('',#19140);
#19337 = STYLED_ITEM('color',(#19338),#6407);
#19338 = PRESENTATION_STYLE_ASSIGNMENT((#19339));
#19339 = SURFACE_STYLE_USAGE(.BOTH.,#19340);
#19340 = SURFACE_SIDE_STYLE('',(#19341));
#19341 = SURFACE_STYLE_FILL_AREA(#19342);
#19342 = FILL_AREA_STYLE('',(#19343));
#19343 = FILL_AREA_STYLE_COLOUR('',#19140);
#19344 = STYLED_ITEM('color',(#19345),#6431);
#19345 = PRESENTATION_STYLE_ASSIGNMENT((#19346));
#19346 = SURFACE_STYLE_USAGE(.BOTH.,#19347);
#19347 = SURFACE_SIDE_STYLE('',(#19348));
#19348 = SURFACE_STYLE_FILL_AREA(#19349);
#19349 = FILL_AREA_STYLE('',(#19350));
#19350 = FILL_AREA_STYLE_COLOUR('',#19140);
#19351 = STYLED_ITEM('color',(#19352),#6455);
#19352 = PRESENTATION_STYLE_ASSIGNMENT((#19353));
#19353 = SURFACE_STYLE_USAGE(.BOTH.,#19354);
#19354 = SURFACE_SIDE_STYLE('',(#19355));
#19355 = SURFACE_STYLE_FILL_AREA(#19356);
#19356 = FILL_AREA_STYLE('',(#19357));
#19357 = FILL_AREA_STYLE_COLOUR('',#19140);
#19358 = STYLED_ITEM('color',(#19359),#6513);
#19359 = PRESENTATION_STYLE_ASSIGNMENT((#19360));
#19360 = SURFACE_STYLE_USAGE(.BOTH.,#19361);
#19361 = SURFACE_SIDE_STYLE('',(#19362));
#19362 = SURFACE_STYLE_FILL_AREA(#19363);
#19363 = FILL_AREA_STYLE('',(#19364));
#19364 = FILL_AREA_STYLE_COLOUR('',#19140);
#19365 = STYLED_ITEM('color',(#19366),#6537);
#19366 = PRESENTATION_STYLE_ASSIGNMENT((#19367));
#19367 = SURFACE_STYLE_USAGE(.BOTH.,#19368);
#19368 = SURFACE_SIDE_STYLE('',(#19369));
#19369 = SURFACE_STYLE_FILL_AREA(#19370);
#19370 = FILL_AREA_STYLE('',(#19371));
#19371 = FILL_AREA_STYLE_COLOUR('',#19140);
#19372 = STYLED_ITEM('color',(#19373),#6561);
#19373 = PRESENTATION_STYLE_ASSIGNMENT((#19374));
#19374 = SURFACE_STYLE_USAGE(.BOTH.,#19375);
#19375 = SURFACE_SIDE_STYLE('',(#19376));
#19376 = SURFACE_STYLE_FILL_AREA(#19377);
#19377 = FILL_AREA_STYLE('',(#19378));
#19378 = FILL_AREA_STYLE_COLOUR('',#19140);
#19379 = STYLED_ITEM('color',(#19380),#6641);
#19380 = PRESENTATION_STYLE_ASSIGNMENT((#19381));
#19381 = SURFACE_STYLE_USAGE(.BOTH.,#19382);
#19382 = SURFACE_SIDE_STYLE('',(#19383));
#19383 = SURFACE_STYLE_FILL_AREA(#19384);
#19384 = FILL_AREA_STYLE('',(#19385));
#19385 = FILL_AREA_STYLE_COLOUR('',#19140);
#19386 = STYLED_ITEM('color',(#19387),#6665);
#19387 = PRESENTATION_STYLE_ASSIGNMENT((#19388));
#19388 = SURFACE_STYLE_USAGE(.BOTH.,#19389);
#19389 = SURFACE_SIDE_STYLE('',(#19390));
#19390 = SURFACE_STYLE_FILL_AREA(#19391);
#19391 = FILL_AREA_STYLE('',(#19392));
#19392 = FILL_AREA_STYLE_COLOUR('',#19140);
#19393 = STYLED_ITEM('color',(#19394),#6729);
#19394 = PRESENTATION_STYLE_ASSIGNMENT((#19395));
#19395 = SURFACE_STYLE_USAGE(.BOTH.,#19396);
#19396 = SURFACE_SIDE_STYLE('',(#19397));
#19397 = SURFACE_STYLE_FILL_AREA(#19398);
#19398 = FILL_AREA_STYLE('',(#19399));
#19399 = FILL_AREA_STYLE_COLOUR('',#19140);
#19400 = STYLED_ITEM('color',(#19401),#6753);
#19401 = PRESENTATION_STYLE_ASSIGNMENT((#19402));
#19402 = SURFACE_STYLE_USAGE(.BOTH.,#19403);
#19403 = SURFACE_SIDE_STYLE('',(#19404));
#19404 = SURFACE_STYLE_FILL_AREA(#19405);
#19405 = FILL_AREA_STYLE('',(#19406));
#19406 = FILL_AREA_STYLE_COLOUR('',#19140);
#19407 = STYLED_ITEM('color',(#19408),#6817);
#19408 = PRESENTATION_STYLE_ASSIGNMENT((#19409));
#19409 = SURFACE_STYLE_USAGE(.BOTH.,#19410);
#19410 = SURFACE_SIDE_STYLE('',(#19411));
#19411 = SURFACE_STYLE_FILL_AREA(#19412);
#19412 = FILL_AREA_STYLE('',(#19413));
#19413 = FILL_AREA_STYLE_COLOUR('',#19140);
#19414 = STYLED_ITEM('color',(#19415),#6841);
#19415 = PRESENTATION_STYLE_ASSIGNMENT((#19416));
#19416 = SURFACE_STYLE_USAGE(.BOTH.,#19417);
#19417 = SURFACE_SIDE_STYLE('',(#19418));
#19418 = SURFACE_STYLE_FILL_AREA(#19419);
#19419 = FILL_AREA_STYLE('',(#19420));
#19420 = FILL_AREA_STYLE_COLOUR('',#19140);
#19421 = STYLED_ITEM('color',(#19422),#6914);
#19422 = PRESENTATION_STYLE_ASSIGNMENT((#19423));
#19423 = SURFACE_STYLE_USAGE(.BOTH.,#19424);
#19424 = SURFACE_SIDE_STYLE('',(#19425));
#19425 = SURFACE_STYLE_FILL_AREA(#19426);
#19426 = FILL_AREA_STYLE('',(#19427));
#19427 = FILL_AREA_STYLE_COLOUR('',#19140);
#19428 = STYLED_ITEM('color',(#19429),#6963);
#19429 = PRESENTATION_STYLE_ASSIGNMENT((#19430));
#19430 = SURFACE_STYLE_USAGE(.BOTH.,#19431);
#19431 = SURFACE_SIDE_STYLE('',(#19432));
#19432 = SURFACE_STYLE_FILL_AREA(#19433);
#19433 = FILL_AREA_STYLE('',(#19434));
#19434 = FILL_AREA_STYLE_COLOUR('',#19435);
#19435 = COLOUR_RGB('',0.823529417451,0.819607860991,0.780392170416);
#19436 = STYLED_ITEM('color',(#19437),#7026);
#19437 = PRESENTATION_STYLE_ASSIGNMENT((#19438));
#19438 = SURFACE_STYLE_USAGE(.BOTH.,#19439);
#19439 = SURFACE_SIDE_STYLE('',(#19440));
#19440 = SURFACE_STYLE_FILL_AREA(#19441);
#19441 = FILL_AREA_STYLE('',(#19442));
#19442 = FILL_AREA_STYLE_COLOUR('',#19435);
#19443 = STYLED_ITEM('color',(#19444),#7050);
#19444 = PRESENTATION_STYLE_ASSIGNMENT((#19445));
#19445 = SURFACE_STYLE_USAGE(.BOTH.,#19446);
#19446 = SURFACE_SIDE_STYLE('',(#19447));
#19447 = SURFACE_STYLE_FILL_AREA(#19448);
#19448 = FILL_AREA_STYLE('',(#19449));
#19449 = FILL_AREA_STYLE_COLOUR('',#19435);
#19450 = STYLED_ITEM('color',(#19451),#7106);
#19451 = PRESENTATION_STYLE_ASSIGNMENT((#19452));
#19452 = SURFACE_STYLE_USAGE(.BOTH.,#19453);
#19453 = SURFACE_SIDE_STYLE('',(#19454));
#19454 = SURFACE_STYLE_FILL_AREA(#19455);
#19455 = FILL_AREA_STYLE('',(#19456));
#19456 = FILL_AREA_STYLE_COLOUR('',#19435);
#19457 = STYLED_ITEM('color',(#19458),#7123);
#19458 = PRESENTATION_STYLE_ASSIGNMENT((#19459));
#19459 = SURFACE_STYLE_USAGE(.BOTH.,#19460);
#19460 = SURFACE_SIDE_STYLE('',(#19461));
#19461 = SURFACE_STYLE_FILL_AREA(#19462);
#19462 = FILL_AREA_STYLE('',(#19463));
#19463 = FILL_AREA_STYLE_COLOUR('',#19435);
#19464 = STYLED_ITEM('color',(#19465),#7154);
#19465 = PRESENTATION_STYLE_ASSIGNMENT((#19466));
#19466 = SURFACE_STYLE_USAGE(.BOTH.,#19467);
#19467 = SURFACE_SIDE_STYLE('',(#19468));
#19468 = SURFACE_STYLE_FILL_AREA(#19469);
#19469 = FILL_AREA_STYLE('',(#19470));
#19470 = FILL_AREA_STYLE_COLOUR('',#19435);
#19471 = STYLED_ITEM('color',(#19472),#7178);
#19472 = PRESENTATION_STYLE_ASSIGNMENT((#19473));
#19473 = SURFACE_STYLE_USAGE(.BOTH.,#19474);
#19474 = SURFACE_SIDE_STYLE('',(#19475));
#19475 = SURFACE_STYLE_FILL_AREA(#19476);
#19476 = FILL_AREA_STYLE('',(#19477));
#19477 = FILL_AREA_STYLE_COLOUR('',#19435);
#19478 = STYLED_ITEM('color',(#19479),#7202);
#19479 = PRESENTATION_STYLE_ASSIGNMENT((#19480));
#19480 = SURFACE_STYLE_USAGE(.BOTH.,#19481);
#19481 = SURFACE_SIDE_STYLE('',(#19482));
#19482 = SURFACE_STYLE_FILL_AREA(#19483);
#19483 = FILL_AREA_STYLE('',(#19484));
#19484 = FILL_AREA_STYLE_COLOUR('',#19435);
#19485 = STYLED_ITEM('color',(#19486),#7219);
#19486 = PRESENTATION_STYLE_ASSIGNMENT((#19487));
#19487 = SURFACE_STYLE_USAGE(.BOTH.,#19488);
#19488 = SURFACE_SIDE_STYLE('',(#19489));
#19489 = SURFACE_STYLE_FILL_AREA(#19490);
#19490 = FILL_AREA_STYLE('',(#19491));
#19491 = FILL_AREA_STYLE_COLOUR('',#19435);
#19492 = STYLED_ITEM('color',(#19493),#7250);
#19493 = PRESENTATION_STYLE_ASSIGNMENT((#19494));
#19494 = SURFACE_STYLE_USAGE(.BOTH.,#19495);
#19495 = SURFACE_SIDE_STYLE('',(#19496));
#19496 = SURFACE_STYLE_FILL_AREA(#19497);
#19497 = FILL_AREA_STYLE('',(#19498));
#19498 = FILL_AREA_STYLE_COLOUR('',#19435);
#19499 = STYLED_ITEM('color',(#19500),#7274);
#19500 = PRESENTATION_STYLE_ASSIGNMENT((#19501));
#19501 = SURFACE_STYLE_USAGE(.BOTH.,#19502);
#19502 = SURFACE_SIDE_STYLE('',(#19503));
#19503 = SURFACE_STYLE_FILL_AREA(#19504);
#19504 = FILL_AREA_STYLE('',(#19505));
#19505 = FILL_AREA_STYLE_COLOUR('',#19435);
#19506 = STYLED_ITEM('color',(#19507),#7298);
#19507 = PRESENTATION_STYLE_ASSIGNMENT((#19508));
#19508 = SURFACE_STYLE_USAGE(.BOTH.,#19509);
#19509 = SURFACE_SIDE_STYLE('',(#19510));
#19510 = SURFACE_STYLE_FILL_AREA(#19511);
#19511 = FILL_AREA_STYLE('',(#19512));
#19512 = FILL_AREA_STYLE_COLOUR('',#19435);
#19513 = STYLED_ITEM('color',(#19514),#7315);
#19514 = PRESENTATION_STYLE_ASSIGNMENT((#19515));
#19515 = SURFACE_STYLE_USAGE(.BOTH.,#19516);
#19516 = SURFACE_SIDE_STYLE('',(#19517));
#19517 = SURFACE_STYLE_FILL_AREA(#19518);
#19518 = FILL_AREA_STYLE('',(#19519));
#19519 = FILL_AREA_STYLE_COLOUR('',#19435);
#19520 = STYLED_ITEM('color',(#19521),#7346);
#19521 = PRESENTATION_STYLE_ASSIGNMENT((#19522));
#19522 = SURFACE_STYLE_USAGE(.BOTH.,#19523);
#19523 = SURFACE_SIDE_STYLE('',(#19524));
#19524 = SURFACE_STYLE_FILL_AREA(#19525);
#19525 = FILL_AREA_STYLE('',(#19526));
#19526 = FILL_AREA_STYLE_COLOUR('',#19435);
#19527 = STYLED_ITEM('color',(#19528),#7370);
#19528 = PRESENTATION_STYLE_ASSIGNMENT((#19529));
#19529 = SURFACE_STYLE_USAGE(.BOTH.,#19530);
#19530 = SURFACE_SIDE_STYLE('',(#19531));
#19531 = SURFACE_STYLE_FILL_AREA(#19532);
#19532 = FILL_AREA_STYLE('',(#19533));
#19533 = FILL_AREA_STYLE_COLOUR('',#19435);
#19534 = STYLED_ITEM('color',(#19535),#7394);
#19535 = PRESENTATION_STYLE_ASSIGNMENT((#19536));
#19536 = SURFACE_STYLE_USAGE(.BOTH.,#19537);
#19537 = SURFACE_SIDE_STYLE('',(#19538));
#19538 = SURFACE_STYLE_FILL_AREA(#19539);
#19539 = FILL_AREA_STYLE('',(#19540));
#19540 = FILL_AREA_STYLE_COLOUR('',#19435);
#19541 = STYLED_ITEM('color',(#19542),#7411);
#19542 = PRESENTATION_STYLE_ASSIGNMENT((#19543));
#19543 = SURFACE_STYLE_USAGE(.BOTH.,#19544);
#19544 = SURFACE_SIDE_STYLE('',(#19545));
#19545 = SURFACE_STYLE_FILL_AREA(#19546);
#19546 = FILL_AREA_STYLE('',(#19547));
#19547 = FILL_AREA_STYLE_COLOUR('',#19435);
#19548 = STYLED_ITEM('color',(#19549),#7442);
#19549 = PRESENTATION_STYLE_ASSIGNMENT((#19550));
#19550 = SURFACE_STYLE_USAGE(.BOTH.,#19551);
#19551 = SURFACE_SIDE_STYLE('',(#19552));
#19552 = SURFACE_STYLE_FILL_AREA(#19553);
#19553 = FILL_AREA_STYLE('',(#19554));
#19554 = FILL_AREA_STYLE_COLOUR('',#19435);
#19555 = STYLED_ITEM('color',(#19556),#7466);
#19556 = PRESENTATION_STYLE_ASSIGNMENT((#19557));
#19557 = SURFACE_STYLE_USAGE(.BOTH.,#19558);
#19558 = SURFACE_SIDE_STYLE('',(#19559));
#19559 = SURFACE_STYLE_FILL_AREA(#19560);
#19560 = FILL_AREA_STYLE('',(#19561));
#19561 = FILL_AREA_STYLE_COLOUR('',#19435);
#19562 = STYLED_ITEM('color',(#19563),#7490);
#19563 = PRESENTATION_STYLE_ASSIGNMENT((#19564));
#19564 = SURFACE_STYLE_USAGE(.BOTH.,#19565);
#19565 = SURFACE_SIDE_STYLE('',(#19566));
#19566 = SURFACE_STYLE_FILL_AREA(#19567);
#19567 = FILL_AREA_STYLE('',(#19568));
#19568 = FILL_AREA_STYLE_COLOUR('',#19435);
#19569 = STYLED_ITEM('color',(#19570),#7507);
#19570 = PRESENTATION_STYLE_ASSIGNMENT((#19571));
#19571 = SURFACE_STYLE_USAGE(.BOTH.,#19572);
#19572 = SURFACE_SIDE_STYLE('',(#19573));
#19573 = SURFACE_STYLE_FILL_AREA(#19574);
#19574 = FILL_AREA_STYLE('',(#19575));
#19575 = FILL_AREA_STYLE_COLOUR('',#19435);
#19576 = STYLED_ITEM('color',(#19577),#7538);
#19577 = PRESENTATION_STYLE_ASSIGNMENT((#19578));
#19578 = SURFACE_STYLE_USAGE(.BOTH.,#19579);
#19579 = SURFACE_SIDE_STYLE('',(#19580));
#19580 = SURFACE_STYLE_FILL_AREA(#19581);
#19581 = FILL_AREA_STYLE('',(#19582));
#19582 = FILL_AREA_STYLE_COLOUR('',#19435);
#19583 = STYLED_ITEM('color',(#19584),#7562);
#19584 = PRESENTATION_STYLE_ASSIGNMENT((#19585));
#19585 = SURFACE_STYLE_USAGE(.BOTH.,#19586);
#19586 = SURFACE_SIDE_STYLE('',(#19587));
#19587 = SURFACE_STYLE_FILL_AREA(#19588);
#19588 = FILL_AREA_STYLE('',(#19589));
#19589 = FILL_AREA_STYLE_COLOUR('',#19435);
#19590 = STYLED_ITEM('color',(#19591),#7586);
#19591 = PRESENTATION_STYLE_ASSIGNMENT((#19592));
#19592 = SURFACE_STYLE_USAGE(.BOTH.,#19593);
#19593 = SURFACE_SIDE_STYLE('',(#19594));
#19594 = SURFACE_STYLE_FILL_AREA(#19595);
#19595 = FILL_AREA_STYLE('',(#19596));
#19596 = FILL_AREA_STYLE_COLOUR('',#19435);
#19597 = STYLED_ITEM('color',(#19598),#7603);
#19598 = PRESENTATION_STYLE_ASSIGNMENT((#19599));
#19599 = SURFACE_STYLE_USAGE(.BOTH.,#19600);
#19600 = SURFACE_SIDE_STYLE('',(#19601));
#19601 = SURFACE_STYLE_FILL_AREA(#19602);
#19602 = FILL_AREA_STYLE('',(#19603));
#19603 = FILL_AREA_STYLE_COLOUR('',#19435);
#19604 = STYLED_ITEM('color',(#19605),#7634);
#19605 = PRESENTATION_STYLE_ASSIGNMENT((#19606));
#19606 = SURFACE_STYLE_USAGE(.BOTH.,#19607);
#19607 = SURFACE_SIDE_STYLE('',(#19608));
#19608 = SURFACE_STYLE_FILL_AREA(#19609);
#19609 = FILL_AREA_STYLE('',(#19610));
#19610 = FILL_AREA_STYLE_COLOUR('',#19435);
#19611 = STYLED_ITEM('color',(#19612),#7658);
#19612 = PRESENTATION_STYLE_ASSIGNMENT((#19613));
#19613 = SURFACE_STYLE_USAGE(.BOTH.,#19614);
#19614 = SURFACE_SIDE_STYLE('',(#19615));
#19615 = SURFACE_STYLE_FILL_AREA(#19616);
#19616 = FILL_AREA_STYLE('',(#19617));
#19617 = FILL_AREA_STYLE_COLOUR('',#19435);
#19618 = STYLED_ITEM('color',(#19619),#7682);
#19619 = PRESENTATION_STYLE_ASSIGNMENT((#19620));
#19620 = SURFACE_STYLE_USAGE(.BOTH.,#19621);
#19621 = SURFACE_SIDE_STYLE('',(#19622));
#19622 = SURFACE_STYLE_FILL_AREA(#19623);
#19623 = FILL_AREA_STYLE('',(#19624));
#19624 = FILL_AREA_STYLE_COLOUR('',#19435);
#19625 = STYLED_ITEM('color',(#19626),#7699);
#19626 = PRESENTATION_STYLE_ASSIGNMENT((#19627));
#19627 = SURFACE_STYLE_USAGE(.BOTH.,#19628);
#19628 = SURFACE_SIDE_STYLE('',(#19629));
#19629 = SURFACE_STYLE_FILL_AREA(#19630);
#19630 = FILL_AREA_STYLE('',(#19631));
#19631 = FILL_AREA_STYLE_COLOUR('',#19435);
#19632 = STYLED_ITEM('color',(#19633),#7762);
#19633 = PRESENTATION_STYLE_ASSIGNMENT((#19634));
#19634 = SURFACE_STYLE_USAGE(.BOTH.,#19635);
#19635 = SURFACE_SIDE_STYLE('',(#19636));
#19636 = SURFACE_STYLE_FILL_AREA(#19637);
#19637 = FILL_AREA_STYLE('',(#19638));
#19638 = FILL_AREA_STYLE_COLOUR('',#19435);
#19639 = STYLED_ITEM('color',(#19640),#7786);
#19640 = PRESENTATION_STYLE_ASSIGNMENT((#19641));
#19641 = SURFACE_STYLE_USAGE(.BOTH.,#19642);
#19642 = SURFACE_SIDE_STYLE('',(#19643));
#19643 = SURFACE_STYLE_FILL_AREA(#19644);
#19644 = FILL_AREA_STYLE('',(#19645));
#19645 = FILL_AREA_STYLE_COLOUR('',#19435);
#19646 = STYLED_ITEM('color',(#19647),#7842);
#19647 = PRESENTATION_STYLE_ASSIGNMENT((#19648));
#19648 = SURFACE_STYLE_USAGE(.BOTH.,#19649);
#19649 = SURFACE_SIDE_STYLE('',(#19650));
#19650 = SURFACE_STYLE_FILL_AREA(#19651);
#19651 = FILL_AREA_STYLE('',(#19652));
#19652 = FILL_AREA_STYLE_COLOUR('',#19435);
#19653 = STYLED_ITEM('color',(#19654),#7859);
#19654 = PRESENTATION_STYLE_ASSIGNMENT((#19655));
#19655 = SURFACE_STYLE_USAGE(.BOTH.,#19656);
#19656 = SURFACE_SIDE_STYLE('',(#19657));
#19657 = SURFACE_STYLE_FILL_AREA(#19658);
#19658 = FILL_AREA_STYLE('',(#19659));
#19659 = FILL_AREA_STYLE_COLOUR('',#19140);
#19660 = STYLED_ITEM('color',(#19661),#7940);
#19661 = PRESENTATION_STYLE_ASSIGNMENT((#19662));
#19662 = SURFACE_STYLE_USAGE(.BOTH.,#19663);
#19663 = SURFACE_SIDE_STYLE('',(#19664));
#19664 = SURFACE_STYLE_FILL_AREA(#19665);
#19665 = FILL_AREA_STYLE('',(#19666));
#19666 = FILL_AREA_STYLE_COLOUR('',#19140);
#19667 = STYLED_ITEM('color',(#19668),#7964);
#19668 = PRESENTATION_STYLE_ASSIGNMENT((#19669));
#19669 = SURFACE_STYLE_USAGE(.BOTH.,#19670);
#19670 = SURFACE_SIDE_STYLE('',(#19671));
#19671 = SURFACE_STYLE_FILL_AREA(#19672);
#19672 = FILL_AREA_STYLE('',(#19673));
#19673 = FILL_AREA_STYLE_COLOUR('',#19140);
#19674 = STYLED_ITEM('color',(#19675),#8329);
#19675 = PRESENTATION_STYLE_ASSIGNMENT((#19676));
#19676 = SURFACE_STYLE_USAGE(.BOTH.,#19677);
#19677 = SURFACE_SIDE_STYLE('',(#19678));
#19678 = SURFACE_STYLE_FILL_AREA(#19679);
#19679 = FILL_AREA_STYLE('',(#19680));
#19680 = FILL_AREA_STYLE_COLOUR('',#19140);
#19681 = STYLED_ITEM('color',(#19682),#8346);
#19682 = PRESENTATION_STYLE_ASSIGNMENT((#19683));
#19683 = SURFACE_STYLE_USAGE(.BOTH.,#19684);
#19684 = SURFACE_SIDE_STYLE('',(#19685));
#19685 = SURFACE_STYLE_FILL_AREA(#19686);
#19686 = FILL_AREA_STYLE('',(#19687));
#19687 = FILL_AREA_STYLE_COLOUR('',#19140);
#19688 = STYLED_ITEM('color',(#19689),#8363);
#19689 = PRESENTATION_STYLE_ASSIGNMENT((#19690));
#19690 = SURFACE_STYLE_USAGE(.BOTH.,#19691);
#19691 = SURFACE_SIDE_STYLE('',(#19692));
#19692 = SURFACE_STYLE_FILL_AREA(#19693);
#19693 = FILL_AREA_STYLE('',(#19694));
#19694 = FILL_AREA_STYLE_COLOUR('',#19140);
#19695 = STYLED_ITEM('color',(#19696),#8380);
#19696 = PRESENTATION_STYLE_ASSIGNMENT((#19697));
#19697 = SURFACE_STYLE_USAGE(.BOTH.,#19698);
#19698 = SURFACE_SIDE_STYLE('',(#19699));
#19699 = SURFACE_STYLE_FILL_AREA(#19700);
#19700 = FILL_AREA_STYLE('',(#19701));
#19701 = FILL_AREA_STYLE_COLOUR('',#19140);
#19702 = STYLED_ITEM('color',(#19703),#8392);
#19703 = PRESENTATION_STYLE_ASSIGNMENT((#19704));
#19704 = SURFACE_STYLE_USAGE(.BOTH.,#19705);
#19705 = SURFACE_SIDE_STYLE('',(#19706));
#19706 = SURFACE_STYLE_FILL_AREA(#19707);
#19707 = FILL_AREA_STYLE('',(#19708));
#19708 = FILL_AREA_STYLE_COLOUR('',#19140);
#19709 = STYLED_ITEM('color',(#19710),#8404);
#19710 = PRESENTATION_STYLE_ASSIGNMENT((#19711));
#19711 = SURFACE_STYLE_USAGE(.BOTH.,#19712);
#19712 = SURFACE_SIDE_STYLE('',(#19713));
#19713 = SURFACE_STYLE_FILL_AREA(#19714);
#19714 = FILL_AREA_STYLE('',(#19715));
#19715 = FILL_AREA_STYLE_COLOUR('',#19140);
#19716 = STYLED_ITEM('color',(#19717),#8421);
#19717 = PRESENTATION_STYLE_ASSIGNMENT((#19718));
#19718 = SURFACE_STYLE_USAGE(.BOTH.,#19719);
#19719 = SURFACE_SIDE_STYLE('',(#19720));
#19720 = SURFACE_STYLE_FILL_AREA(#19721);
#19721 = FILL_AREA_STYLE('',(#19722));
#19722 = FILL_AREA_STYLE_COLOUR('',#19140);
#19723 = STYLED_ITEM('color',(#19724),#8438);
#19724 = PRESENTATION_STYLE_ASSIGNMENT((#19725));
#19725 = SURFACE_STYLE_USAGE(.BOTH.,#19726);
#19726 = SURFACE_SIDE_STYLE('',(#19727));
#19727 = SURFACE_STYLE_FILL_AREA(#19728);
#19728 = FILL_AREA_STYLE('',(#19729));
#19729 = FILL_AREA_STYLE_COLOUR('',#19140);
#19730 = STYLED_ITEM('color',(#19731),#8455);
#19731 = PRESENTATION_STYLE_ASSIGNMENT((#19732));
#19732 = SURFACE_STYLE_USAGE(.BOTH.,#19733);
#19733 = SURFACE_SIDE_STYLE('',(#19734));
#19734 = SURFACE_STYLE_FILL_AREA(#19735);
#19735 = FILL_AREA_STYLE('',(#19736));
#19736 = FILL_AREA_STYLE_COLOUR('',#19140);
#19737 = STYLED_ITEM('color',(#19738),#8467);
#19738 = PRESENTATION_STYLE_ASSIGNMENT((#19739));
#19739 = SURFACE_STYLE_USAGE(.BOTH.,#19740);
#19740 = SURFACE_SIDE_STYLE('',(#19741));
#19741 = SURFACE_STYLE_FILL_AREA(#19742);
#19742 = FILL_AREA_STYLE('',(#19743));
#19743 = FILL_AREA_STYLE_COLOUR('',#19140);
#19744 = STYLED_ITEM('color',(#19745),#8484);
#19745 = PRESENTATION_STYLE_ASSIGNMENT((#19746));
#19746 = SURFACE_STYLE_USAGE(.BOTH.,#19747);
#19747 = SURFACE_SIDE_STYLE('',(#19748));
#19748 = SURFACE_STYLE_FILL_AREA(#19749);
#19749 = FILL_AREA_STYLE('',(#19750));
#19750 = FILL_AREA_STYLE_COLOUR('',#19435);
#19751 = STYLED_ITEM('color',(#19752),#8531);
#19752 = PRESENTATION_STYLE_ASSIGNMENT((#19753));
#19753 = SURFACE_STYLE_USAGE(.BOTH.,#19754);
#19754 = SURFACE_SIDE_STYLE('',(#19755));
#19755 = SURFACE_STYLE_FILL_AREA(#19756);
#19756 = FILL_AREA_STYLE('',(#19757));
#19757 = FILL_AREA_STYLE_COLOUR('',#19435);
#19758 = STYLED_ITEM('color',(#19759),#8562);
#19759 = PRESENTATION_STYLE_ASSIGNMENT((#19760));
#19760 = SURFACE_STYLE_USAGE(.BOTH.,#19761);
#19761 = SURFACE_SIDE_STYLE('',(#19762));
#19762 = SURFACE_STYLE_FILL_AREA(#19763);
#19763 = FILL_AREA_STYLE('',(#19764));
#19764 = FILL_AREA_STYLE_COLOUR('',#19435);
#19765 = STYLED_ITEM('color',(#19766),#8574);
#19766 = PRESENTATION_STYLE_ASSIGNMENT((#19767));
#19767 = SURFACE_STYLE_USAGE(.BOTH.,#19768);
#19768 = SURFACE_SIDE_STYLE('',(#19769));
#19769 = SURFACE_STYLE_FILL_AREA(#19770);
#19770 = FILL_AREA_STYLE('',(#19771));
#19771 = FILL_AREA_STYLE_COLOUR('',#19435);
#19772 = STYLED_ITEM('color',(#19773),#8591);
#19773 = PRESENTATION_STYLE_ASSIGNMENT((#19774));
#19774 = SURFACE_STYLE_USAGE(.BOTH.,#19775);
#19775 = SURFACE_SIDE_STYLE('',(#19776));
#19776 = SURFACE_STYLE_FILL_AREA(#19777);
#19777 = FILL_AREA_STYLE('',(#19778));
#19778 = FILL_AREA_STYLE_COLOUR('',#19435);
#19779 = STYLED_ITEM('color',(#19780),#8617);
#19780 = PRESENTATION_STYLE_ASSIGNMENT((#19781));
#19781 = SURFACE_STYLE_USAGE(.BOTH.,#19782);
#19782 = SURFACE_SIDE_STYLE('',(#19783));
#19783 = SURFACE_STYLE_FILL_AREA(#19784);
#19784 = FILL_AREA_STYLE('',(#19785));
#19785 = FILL_AREA_STYLE_COLOUR('',#19435);
#19786 = STYLED_ITEM('color',(#19787),#8650);
#19787 = PRESENTATION_STYLE_ASSIGNMENT((#19788));
#19788 = SURFACE_STYLE_USAGE(.BOTH.,#19789);
#19789 = SURFACE_SIDE_STYLE('',(#19790));
#19790 = SURFACE_STYLE_FILL_AREA(#19791);
#19791 = FILL_AREA_STYLE('',(#19792));
#19792 = FILL_AREA_STYLE_COLOUR('',#19435);
#19793 = STYLED_ITEM('color',(#19794),#8681);
#19794 = PRESENTATION_STYLE_ASSIGNMENT((#19795));
#19795 = SURFACE_STYLE_USAGE(.BOTH.,#19796);
#19796 = SURFACE_SIDE_STYLE('',(#19797));
#19797 = SURFACE_STYLE_FILL_AREA(#19798);
#19798 = FILL_AREA_STYLE('',(#19799));
#19799 = FILL_AREA_STYLE_COLOUR('',#19435);
#19800 = STYLED_ITEM('color',(#19801),#8705);
#19801 = PRESENTATION_STYLE_ASSIGNMENT((#19802));
#19802 = SURFACE_STYLE_USAGE(.BOTH.,#19803);
#19803 = SURFACE_SIDE_STYLE('',(#19804));
#19804 = SURFACE_STYLE_FILL_AREA(#19805);
#19805 = FILL_AREA_STYLE('',(#19806));
#19806 = FILL_AREA_STYLE_COLOUR('',#19435);
#19807 = STYLED_ITEM('color',(#19808),#8729);
#19808 = PRESENTATION_STYLE_ASSIGNMENT((#19809));
#19809 = SURFACE_STYLE_USAGE(.BOTH.,#19810);
#19810 = SURFACE_SIDE_STYLE('',(#19811));
#19811 = SURFACE_STYLE_FILL_AREA(#19812);
#19812 = FILL_AREA_STYLE('',(#19813));
#19813 = FILL_AREA_STYLE_COLOUR('',#19435);
#19814 = STYLED_ITEM('color',(#19815),#8746);
#19815 = PRESENTATION_STYLE_ASSIGNMENT((#19816));
#19816 = SURFACE_STYLE_USAGE(.BOTH.,#19817);
#19817 = SURFACE_SIDE_STYLE('',(#19818));
#19818 = SURFACE_STYLE_FILL_AREA(#19819);
#19819 = FILL_AREA_STYLE('',(#19820));
#19820 = FILL_AREA_STYLE_COLOUR('',#19435);
#19821 = STYLED_ITEM('color',(#19822),#8777);
#19822 = PRESENTATION_STYLE_ASSIGNMENT((#19823));
#19823 = SURFACE_STYLE_USAGE(.BOTH.,#19824);
#19824 = SURFACE_SIDE_STYLE('',(#19825));
#19825 = SURFACE_STYLE_FILL_AREA(#19826);
#19826 = FILL_AREA_STYLE('',(#19827));
#19827 = FILL_AREA_STYLE_COLOUR('',#19435);
#19828 = STYLED_ITEM('color',(#19829),#8801);
#19829 = PRESENTATION_STYLE_ASSIGNMENT((#19830));
#19830 = SURFACE_STYLE_USAGE(.BOTH.,#19831);
#19831 = SURFACE_SIDE_STYLE('',(#19832));
#19832 = SURFACE_STYLE_FILL_AREA(#19833);
#19833 = FILL_AREA_STYLE('',(#19834));
#19834 = FILL_AREA_STYLE_COLOUR('',#19435);
#19835 = STYLED_ITEM('color',(#19836),#8825);
#19836 = PRESENTATION_STYLE_ASSIGNMENT((#19837));
#19837 = SURFACE_STYLE_USAGE(.BOTH.,#19838);
#19838 = SURFACE_SIDE_STYLE('',(#19839));
#19839 = SURFACE_STYLE_FILL_AREA(#19840);
#19840 = FILL_AREA_STYLE('',(#19841));
#19841 = FILL_AREA_STYLE_COLOUR('',#19435);
#19842 = STYLED_ITEM('color',(#19843),#8842);
#19843 = PRESENTATION_STYLE_ASSIGNMENT((#19844));
#19844 = SURFACE_STYLE_USAGE(.BOTH.,#19845);
#19845 = SURFACE_SIDE_STYLE('',(#19846));
#19846 = SURFACE_STYLE_FILL_AREA(#19847);
#19847 = FILL_AREA_STYLE('',(#19848));
#19848 = FILL_AREA_STYLE_COLOUR('',#19435);
#19849 = STYLED_ITEM('color',(#19850),#8873);
#19850 = PRESENTATION_STYLE_ASSIGNMENT((#19851));
#19851 = SURFACE_STYLE_USAGE(.BOTH.,#19852);
#19852 = SURFACE_SIDE_STYLE('',(#19853));
#19853 = SURFACE_STYLE_FILL_AREA(#19854);
#19854 = FILL_AREA_STYLE('',(#19855));
#19855 = FILL_AREA_STYLE_COLOUR('',#19435);
#19856 = STYLED_ITEM('color',(#19857),#8897);
#19857 = PRESENTATION_STYLE_ASSIGNMENT((#19858));
#19858 = SURFACE_STYLE_USAGE(.BOTH.,#19859);
#19859 = SURFACE_SIDE_STYLE('',(#19860));
#19860 = SURFACE_STYLE_FILL_AREA(#19861);
#19861 = FILL_AREA_STYLE('',(#19862));
#19862 = FILL_AREA_STYLE_COLOUR('',#19435);
#19863 = STYLED_ITEM('color',(#19864),#8921);
#19864 = PRESENTATION_STYLE_ASSIGNMENT((#19865));
#19865 = SURFACE_STYLE_USAGE(.BOTH.,#19866);
#19866 = SURFACE_SIDE_STYLE('',(#19867));
#19867 = SURFACE_STYLE_FILL_AREA(#19868);
#19868 = FILL_AREA_STYLE('',(#19869));
#19869 = FILL_AREA_STYLE_COLOUR('',#19435);
#19870 = STYLED_ITEM('color',(#19871),#8938);
#19871 = PRESENTATION_STYLE_ASSIGNMENT((#19872));
#19872 = SURFACE_STYLE_USAGE(.BOTH.,#19873);
#19873 = SURFACE_SIDE_STYLE('',(#19874));
#19874 = SURFACE_STYLE_FILL_AREA(#19875);
#19875 = FILL_AREA_STYLE('',(#19876));
#19876 = FILL_AREA_STYLE_COLOUR('',#19435);
#19877 = STYLED_ITEM('color',(#19878),#8969);
#19878 = PRESENTATION_STYLE_ASSIGNMENT((#19879));
#19879 = SURFACE_STYLE_USAGE(.BOTH.,#19880);
#19880 = SURFACE_SIDE_STYLE('',(#19881));
#19881 = SURFACE_STYLE_FILL_AREA(#19882);
#19882 = FILL_AREA_STYLE('',(#19883));
#19883 = FILL_AREA_STYLE_COLOUR('',#19435);
#19884 = STYLED_ITEM('color',(#19885),#8993);
#19885 = PRESENTATION_STYLE_ASSIGNMENT((#19886));
#19886 = SURFACE_STYLE_USAGE(.BOTH.,#19887);
#19887 = SURFACE_SIDE_STYLE('',(#19888));
#19888 = SURFACE_STYLE_FILL_AREA(#19889);
#19889 = FILL_AREA_STYLE('',(#19890));
#19890 = FILL_AREA_STYLE_COLOUR('',#19435);
#19891 = STYLED_ITEM('color',(#19892),#9017);
#19892 = PRESENTATION_STYLE_ASSIGNMENT((#19893));
#19893 = SURFACE_STYLE_USAGE(.BOTH.,#19894);
#19894 = SURFACE_SIDE_STYLE('',(#19895));
#19895 = SURFACE_STYLE_FILL_AREA(#19896);
#19896 = FILL_AREA_STYLE('',(#19897));
#19897 = FILL_AREA_STYLE_COLOUR('',#19435);
#19898 = STYLED_ITEM('color',(#19899),#9034);
#19899 = PRESENTATION_STYLE_ASSIGNMENT((#19900));
#19900 = SURFACE_STYLE_USAGE(.BOTH.,#19901);
#19901 = SURFACE_SIDE_STYLE('',(#19902));
#19902 = SURFACE_STYLE_FILL_AREA(#19903);
#19903 = FILL_AREA_STYLE('',(#19904));
#19904 = FILL_AREA_STYLE_COLOUR('',#19435);
#19905 = STYLED_ITEM('color',(#19906),#9065);
#19906 = PRESENTATION_STYLE_ASSIGNMENT((#19907));
#19907 = SURFACE_STYLE_USAGE(.BOTH.,#19908);
#19908 = SURFACE_SIDE_STYLE('',(#19909));
#19909 = SURFACE_STYLE_FILL_AREA(#19910);
#19910 = FILL_AREA_STYLE('',(#19911));
#19911 = FILL_AREA_STYLE_COLOUR('',#19435);
#19912 = STYLED_ITEM('color',(#19913),#9089);
#19913 = PRESENTATION_STYLE_ASSIGNMENT((#19914));
#19914 = SURFACE_STYLE_USAGE(.BOTH.,#19915);
#19915 = SURFACE_SIDE_STYLE('',(#19916));
#19916 = SURFACE_STYLE_FILL_AREA(#19917);
#19917 = FILL_AREA_STYLE('',(#19918));
#19918 = FILL_AREA_STYLE_COLOUR('',#19435);
#19919 = STYLED_ITEM('color',(#19920),#9113);
#19920 = PRESENTATION_STYLE_ASSIGNMENT((#19921));
#19921 = SURFACE_STYLE_USAGE(.BOTH.,#19922);
#19922 = SURFACE_SIDE_STYLE('',(#19923));
#19923 = SURFACE_STYLE_FILL_AREA(#19924);
#19924 = FILL_AREA_STYLE('',(#19925));
#19925 = FILL_AREA_STYLE_COLOUR('',#19435);
#19926 = STYLED_ITEM('color',(#19927),#9130);
#19927 = PRESENTATION_STYLE_ASSIGNMENT((#19928));
#19928 = SURFACE_STYLE_USAGE(.BOTH.,#19929);
#19929 = SURFACE_SIDE_STYLE('',(#19930));
#19930 = SURFACE_STYLE_FILL_AREA(#19931);
#19931 = FILL_AREA_STYLE('',(#19932));
#19932 = FILL_AREA_STYLE_COLOUR('',#19435);
#19933 = STYLED_ITEM('color',(#19934),#9161);
#19934 = PRESENTATION_STYLE_ASSIGNMENT((#19935));
#19935 = SURFACE_STYLE_USAGE(.BOTH.,#19936);
#19936 = SURFACE_SIDE_STYLE('',(#19937));
#19937 = SURFACE_STYLE_FILL_AREA(#19938);
#19938 = FILL_AREA_STYLE('',(#19939));
#19939 = FILL_AREA_STYLE_COLOUR('',#19435);
#19940 = STYLED_ITEM('color',(#19941),#9185);
#19941 = PRESENTATION_STYLE_ASSIGNMENT((#19942));
#19942 = SURFACE_STYLE_USAGE(.BOTH.,#19943);
#19943 = SURFACE_SIDE_STYLE('',(#19944));
#19944 = SURFACE_STYLE_FILL_AREA(#19945);
#19945 = FILL_AREA_STYLE('',(#19946));
#19946 = FILL_AREA_STYLE_COLOUR('',#19435);
#19947 = STYLED_ITEM('color',(#19948),#9209);
#19948 = PRESENTATION_STYLE_ASSIGNMENT((#19949));
#19949 = SURFACE_STYLE_USAGE(.BOTH.,#19950);
#19950 = SURFACE_SIDE_STYLE('',(#19951));
#19951 = SURFACE_STYLE_FILL_AREA(#19952);
#19952 = FILL_AREA_STYLE('',(#19953));
#19953 = FILL_AREA_STYLE_COLOUR('',#19435);
#19954 = STYLED_ITEM('color',(#19955),#9226);
#19955 = PRESENTATION_STYLE_ASSIGNMENT((#19956));
#19956 = SURFACE_STYLE_USAGE(.BOTH.,#19957);
#19957 = SURFACE_SIDE_STYLE('',(#19958));
#19958 = SURFACE_STYLE_FILL_AREA(#19959);
#19959 = FILL_AREA_STYLE('',(#19960));
#19960 = FILL_AREA_STYLE_COLOUR('',#19435);
#19961 = STYLED_ITEM('color',(#19962),#9273);
#19962 = PRESENTATION_STYLE_ASSIGNMENT((#19963));
#19963 = SURFACE_STYLE_USAGE(.BOTH.,#19964);
#19964 = SURFACE_SIDE_STYLE('',(#19965));
#19965 = SURFACE_STYLE_FILL_AREA(#19966);
#19966 = FILL_AREA_STYLE('',(#19967));
#19967 = FILL_AREA_STYLE_COLOUR('',#19435);
#19968 = STYLED_ITEM('color',(#19969),#9304);
#19969 = PRESENTATION_STYLE_ASSIGNMENT((#19970));
#19970 = SURFACE_STYLE_USAGE(.BOTH.,#19971);
#19971 = SURFACE_SIDE_STYLE('',(#19972));
#19972 = SURFACE_STYLE_FILL_AREA(#19973);
#19973 = FILL_AREA_STYLE('',(#19974));
#19974 = FILL_AREA_STYLE_COLOUR('',#19435);
#19975 = STYLED_ITEM('color',(#19976),#9316);
#19976 = PRESENTATION_STYLE_ASSIGNMENT((#19977));
#19977 = SURFACE_STYLE_USAGE(.BOTH.,#19978);
#19978 = SURFACE_SIDE_STYLE('',(#19979));
#19979 = SURFACE_STYLE_FILL_AREA(#19980);
#19980 = FILL_AREA_STYLE('',(#19981));
#19981 = FILL_AREA_STYLE_COLOUR('',#19435);
#19982 = STYLED_ITEM('color',(#19983),#9333);
#19983 = PRESENTATION_STYLE_ASSIGNMENT((#19984));
#19984 = SURFACE_STYLE_USAGE(.BOTH.,#19985);
#19985 = SURFACE_SIDE_STYLE('',(#19986));
#19986 = SURFACE_STYLE_FILL_AREA(#19987);
#19987 = FILL_AREA_STYLE('',(#19988));
#19988 = FILL_AREA_STYLE_COLOUR('',#19435);
#19989 = STYLED_ITEM('color',(#19990),#9359);
#19990 = PRESENTATION_STYLE_ASSIGNMENT((#19991));
#19991 = SURFACE_STYLE_USAGE(.BOTH.,#19992);
#19992 = SURFACE_SIDE_STYLE('',(#19993));
#19993 = SURFACE_STYLE_FILL_AREA(#19994);
#19994 = FILL_AREA_STYLE('',(#19995));
#19995 = FILL_AREA_STYLE_COLOUR('',#19435);
#19996 = STYLED_ITEM('color',(#19997),#9392);
#19997 = PRESENTATION_STYLE_ASSIGNMENT((#19998));
#19998 = SURFACE_STYLE_USAGE(.BOTH.,#19999);
#19999 = SURFACE_SIDE_STYLE('',(#20000));
#20000 = SURFACE_STYLE_FILL_AREA(#20001);
#20001 = FILL_AREA_STYLE('',(#20002));
#20002 = FILL_AREA_STYLE_COLOUR('',#19140);
#20003 = STYLED_ITEM('color',(#20004),#9409);
#20004 = PRESENTATION_STYLE_ASSIGNMENT((#20005));
#20005 = SURFACE_STYLE_USAGE(.BOTH.,#20006);
#20006 = SURFACE_SIDE_STYLE('',(#20007));
#20007 = SURFACE_STYLE_FILL_AREA(#20008);
#20008 = FILL_AREA_STYLE('',(#20009));
#20009 = FILL_AREA_STYLE_COLOUR('',#19140);
#20010 = STYLED_ITEM('color',(#20011),#9426);
#20011 = PRESENTATION_STYLE_ASSIGNMENT((#20012));
#20012 = SURFACE_STYLE_USAGE(.BOTH.,#20013);
#20013 = SURFACE_SIDE_STYLE('',(#20014));
#20014 = SURFACE_STYLE_FILL_AREA(#20015);
#20015 = FILL_AREA_STYLE('',(#20016));
#20016 = FILL_AREA_STYLE_COLOUR('',#19140);
#20017 = STYLED_ITEM('color',(#20018),#9443);
#20018 = PRESENTATION_STYLE_ASSIGNMENT((#20019));
#20019 = SURFACE_STYLE_USAGE(.BOTH.,#20020);
#20020 = SURFACE_SIDE_STYLE('',(#20021));
#20021 = SURFACE_STYLE_FILL_AREA(#20022);
#20022 = FILL_AREA_STYLE('',(#20023));
#20023 = FILL_AREA_STYLE_COLOUR('',#19140);
#20024 = STYLED_ITEM('color',(#20025),#9460);
#20025 = PRESENTATION_STYLE_ASSIGNMENT((#20026));
#20026 = SURFACE_STYLE_USAGE(.BOTH.,#20027);
#20027 = SURFACE_SIDE_STYLE('',(#20028));
#20028 = SURFACE_STYLE_FILL_AREA(#20029);
#20029 = FILL_AREA_STYLE('',(#20030));
#20030 = FILL_AREA_STYLE_COLOUR('',#19140);
#20031 = STYLED_ITEM('color',(#20032),#9477);
#20032 = PRESENTATION_STYLE_ASSIGNMENT((#20033));
#20033 = SURFACE_STYLE_USAGE(.BOTH.,#20034);
#20034 = SURFACE_SIDE_STYLE('',(#20035));
#20035 = SURFACE_STYLE_FILL_AREA(#20036);
#20036 = FILL_AREA_STYLE('',(#20037));
#20037 = FILL_AREA_STYLE_COLOUR('',#19140);
#20038 = STYLED_ITEM('color',(#20039),#9494);
#20039 = PRESENTATION_STYLE_ASSIGNMENT((#20040));
#20040 = SURFACE_STYLE_USAGE(.BOTH.,#20041);
#20041 = SURFACE_SIDE_STYLE('',(#20042));
#20042 = SURFACE_STYLE_FILL_AREA(#20043);
#20043 = FILL_AREA_STYLE('',(#20044));
#20044 = FILL_AREA_STYLE_COLOUR('',#19140);
#20045 = STYLED_ITEM('color',(#20046),#9506);
#20046 = PRESENTATION_STYLE_ASSIGNMENT((#20047));
#20047 = SURFACE_STYLE_USAGE(.BOTH.,#20048);
#20048 = SURFACE_SIDE_STYLE('',(#20049));
#20049 = SURFACE_STYLE_FILL_AREA(#20050);
#20050 = FILL_AREA_STYLE('',(#20051));
#20051 = FILL_AREA_STYLE_COLOUR('',#19435);
#20052 = STYLED_ITEM('color',(#20053),#9537);
#20053 = PRESENTATION_STYLE_ASSIGNMENT((#20054));
#20054 = SURFACE_STYLE_USAGE(.BOTH.,#20055);
#20055 = SURFACE_SIDE_STYLE('',(#20056));
#20056 = SURFACE_STYLE_FILL_AREA(#20057);
#20057 = FILL_AREA_STYLE('',(#20058));
#20058 = FILL_AREA_STYLE_COLOUR('',#19435);
#20059 = STYLED_ITEM('color',(#20060),#9561);
#20060 = PRESENTATION_STYLE_ASSIGNMENT((#20061));
#20061 = SURFACE_STYLE_USAGE(.BOTH.,#20062);
#20062 = SURFACE_SIDE_STYLE('',(#20063));
#20063 = SURFACE_STYLE_FILL_AREA(#20064);
#20064 = FILL_AREA_STYLE('',(#20065));
#20065 = FILL_AREA_STYLE_COLOUR('',#19435);
#20066 = STYLED_ITEM('color',(#20067),#9585);
#20067 = PRESENTATION_STYLE_ASSIGNMENT((#20068));
#20068 = SURFACE_STYLE_USAGE(.BOTH.,#20069);
#20069 = SURFACE_SIDE_STYLE('',(#20070));
#20070 = SURFACE_STYLE_FILL_AREA(#20071);
#20071 = FILL_AREA_STYLE('',(#20072));
#20072 = FILL_AREA_STYLE_COLOUR('',#19435);
#20073 = STYLED_ITEM('color',(#20074),#9602);
#20074 = PRESENTATION_STYLE_ASSIGNMENT((#20075));
#20075 = SURFACE_STYLE_USAGE(.BOTH.,#20076);
#20076 = SURFACE_SIDE_STYLE('',(#20077));
#20077 = SURFACE_STYLE_FILL_AREA(#20078);
#20078 = FILL_AREA_STYLE('',(#20079));
#20079 = FILL_AREA_STYLE_COLOUR('',#19435);
#20080 = STYLED_ITEM('color',(#20081),#9633);
#20081 = PRESENTATION_STYLE_ASSIGNMENT((#20082));
#20082 = SURFACE_STYLE_USAGE(.BOTH.,#20083);
#20083 = SURFACE_SIDE_STYLE('',(#20084));
#20084 = SURFACE_STYLE_FILL_AREA(#20085);
#20085 = FILL_AREA_STYLE('',(#20086));
#20086 = FILL_AREA_STYLE_COLOUR('',#19435);
#20087 = STYLED_ITEM('color',(#20088),#9657);
#20088 = PRESENTATION_STYLE_ASSIGNMENT((#20089));
#20089 = SURFACE_STYLE_USAGE(.BOTH.,#20090);
#20090 = SURFACE_SIDE_STYLE('',(#20091));
#20091 = SURFACE_STYLE_FILL_AREA(#20092);
#20092 = FILL_AREA_STYLE('',(#20093));
#20093 = FILL_AREA_STYLE_COLOUR('',#19435);
#20094 = STYLED_ITEM('color',(#20095),#9681);
#20095 = PRESENTATION_STYLE_ASSIGNMENT((#20096));
#20096 = SURFACE_STYLE_USAGE(.BOTH.,#20097);
#20097 = SURFACE_SIDE_STYLE('',(#20098));
#20098 = SURFACE_STYLE_FILL_AREA(#20099);
#20099 = FILL_AREA_STYLE('',(#20100));
#20100 = FILL_AREA_STYLE_COLOUR('',#19435);
#20101 = STYLED_ITEM('color',(#20102),#9698);
#20102 = PRESENTATION_STYLE_ASSIGNMENT((#20103));
#20103 = SURFACE_STYLE_USAGE(.BOTH.,#20104);
#20104 = SURFACE_SIDE_STYLE('',(#20105));
#20105 = SURFACE_STYLE_FILL_AREA(#20106);
#20106 = FILL_AREA_STYLE('',(#20107));
#20107 = FILL_AREA_STYLE_COLOUR('',#19435);
#20108 = STYLED_ITEM('color',(#20109),#9729);
#20109 = PRESENTATION_STYLE_ASSIGNMENT((#20110));
#20110 = SURFACE_STYLE_USAGE(.BOTH.,#20111);
#20111 = SURFACE_SIDE_STYLE('',(#20112));
#20112 = SURFACE_STYLE_FILL_AREA(#20113);
#20113 = FILL_AREA_STYLE('',(#20114));
#20114 = FILL_AREA_STYLE_COLOUR('',#19435);
#20115 = STYLED_ITEM('color',(#20116),#9753);
#20116 = PRESENTATION_STYLE_ASSIGNMENT((#20117));
#20117 = SURFACE_STYLE_USAGE(.BOTH.,#20118);
#20118 = SURFACE_SIDE_STYLE('',(#20119));
#20119 = SURFACE_STYLE_FILL_AREA(#20120);
#20120 = FILL_AREA_STYLE('',(#20121));
#20121 = FILL_AREA_STYLE_COLOUR('',#19435);
#20122 = STYLED_ITEM('color',(#20123),#9777);
#20123 = PRESENTATION_STYLE_ASSIGNMENT((#20124));
#20124 = SURFACE_STYLE_USAGE(.BOTH.,#20125);
#20125 = SURFACE_SIDE_STYLE('',(#20126));
#20126 = SURFACE_STYLE_FILL_AREA(#20127);
#20127 = FILL_AREA_STYLE('',(#20128));
#20128 = FILL_AREA_STYLE_COLOUR('',#19435);
#20129 = STYLED_ITEM('color',(#20130),#9794);
#20130 = PRESENTATION_STYLE_ASSIGNMENT((#20131));
#20131 = SURFACE_STYLE_USAGE(.BOTH.,#20132);
#20132 = SURFACE_SIDE_STYLE('',(#20133));
#20133 = SURFACE_STYLE_FILL_AREA(#20134);
#20134 = FILL_AREA_STYLE('',(#20135));
#20135 = FILL_AREA_STYLE_COLOUR('',#19435);
#20136 = STYLED_ITEM('color',(#20137),#9825);
#20137 = PRESENTATION_STYLE_ASSIGNMENT((#20138));
#20138 = SURFACE_STYLE_USAGE(.BOTH.,#20139);
#20139 = SURFACE_SIDE_STYLE('',(#20140));
#20140 = SURFACE_STYLE_FILL_AREA(#20141);
#20141 = FILL_AREA_STYLE('',(#20142));
#20142 = FILL_AREA_STYLE_COLOUR('',#19435);
#20143 = STYLED_ITEM('color',(#20144),#9849);
#20144 = PRESENTATION_STYLE_ASSIGNMENT((#20145));
#20145 = SURFACE_STYLE_USAGE(.BOTH.,#20146);
#20146 = SURFACE_SIDE_STYLE('',(#20147));
#20147 = SURFACE_STYLE_FILL_AREA(#20148);
#20148 = FILL_AREA_STYLE('',(#20149));
#20149 = FILL_AREA_STYLE_COLOUR('',#19435);
#20150 = STYLED_ITEM('color',(#20151),#9873);
#20151 = PRESENTATION_STYLE_ASSIGNMENT((#20152));
#20152 = SURFACE_STYLE_USAGE(.BOTH.,#20153);
#20153 = SURFACE_SIDE_STYLE('',(#20154));
#20154 = SURFACE_STYLE_FILL_AREA(#20155);
#20155 = FILL_AREA_STYLE('',(#20156));
#20156 = FILL_AREA_STYLE_COLOUR('',#19435);
#20157 = STYLED_ITEM('color',(#20158),#9890);
#20158 = PRESENTATION_STYLE_ASSIGNMENT((#20159));
#20159 = SURFACE_STYLE_USAGE(.BOTH.,#20160);
#20160 = SURFACE_SIDE_STYLE('',(#20161));
#20161 = SURFACE_STYLE_FILL_AREA(#20162);
#20162 = FILL_AREA_STYLE('',(#20163));
#20163 = FILL_AREA_STYLE_COLOUR('',#19435);
#20164 = STYLED_ITEM('color',(#20165),#9921);
#20165 = PRESENTATION_STYLE_ASSIGNMENT((#20166));
#20166 = SURFACE_STYLE_USAGE(.BOTH.,#20167);
#20167 = SURFACE_SIDE_STYLE('',(#20168));
#20168 = SURFACE_STYLE_FILL_AREA(#20169);
#20169 = FILL_AREA_STYLE('',(#20170));
#20170 = FILL_AREA_STYLE_COLOUR('',#19435);
#20171 = STYLED_ITEM('color',(#20172),#9945);
#20172 = PRESENTATION_STYLE_ASSIGNMENT((#20173));
#20173 = SURFACE_STYLE_USAGE(.BOTH.,#20174);
#20174 = SURFACE_SIDE_STYLE('',(#20175));
#20175 = SURFACE_STYLE_FILL_AREA(#20176);
#20176 = FILL_AREA_STYLE('',(#20177));
#20177 = FILL_AREA_STYLE_COLOUR('',#19435);
#20178 = STYLED_ITEM('color',(#20179),#9969);
#20179 = PRESENTATION_STYLE_ASSIGNMENT((#20180));
#20180 = SURFACE_STYLE_USAGE(.BOTH.,#20181);
#20181 = SURFACE_SIDE_STYLE('',(#20182));
#20182 = SURFACE_STYLE_FILL_AREA(#20183);
#20183 = FILL_AREA_STYLE('',(#20184));
#20184 = FILL_AREA_STYLE_COLOUR('',#19435);
#20185 = STYLED_ITEM('color',(#20186),#9986);
#20186 = PRESENTATION_STYLE_ASSIGNMENT((#20187));
#20187 = SURFACE_STYLE_USAGE(.BOTH.,#20188);
#20188 = SURFACE_SIDE_STYLE('',(#20189));
#20189 = SURFACE_STYLE_FILL_AREA(#20190);
#20190 = FILL_AREA_STYLE('',(#20191));
#20191 = FILL_AREA_STYLE_COLOUR('',#19435);
#20192 = STYLED_ITEM('color',(#20193),#10017);
#20193 = PRESENTATION_STYLE_ASSIGNMENT((#20194));
#20194 = SURFACE_STYLE_USAGE(.BOTH.,#20195);
#20195 = SURFACE_SIDE_STYLE('',(#20196));
#20196 = SURFACE_STYLE_FILL_AREA(#20197);
#20197 = FILL_AREA_STYLE('',(#20198));
#20198 = FILL_AREA_STYLE_COLOUR('',#19435);
#20199 = STYLED_ITEM('color',(#20200),#10041);
#20200 = PRESENTATION_STYLE_ASSIGNMENT((#20201));
#20201 = SURFACE_STYLE_USAGE(.BOTH.,#20202);
#20202 = SURFACE_SIDE_STYLE('',(#20203));
#20203 = SURFACE_STYLE_FILL_AREA(#20204);
#20204 = FILL_AREA_STYLE('',(#20205));
#20205 = FILL_AREA_STYLE_COLOUR('',#19435);
#20206 = STYLED_ITEM('color',(#20207),#10065);
#20207 = PRESENTATION_STYLE_ASSIGNMENT((#20208));
#20208 = SURFACE_STYLE_USAGE(.BOTH.,#20209);
#20209 = SURFACE_SIDE_STYLE('',(#20210));
#20210 = SURFACE_STYLE_FILL_AREA(#20211);
#20211 = FILL_AREA_STYLE('',(#20212));
#20212 = FILL_AREA_STYLE_COLOUR('',#19435);
#20213 = STYLED_ITEM('color',(#20214),#10082);
#20214 = PRESENTATION_STYLE_ASSIGNMENT((#20215));
#20215 = SURFACE_STYLE_USAGE(.BOTH.,#20216);
#20216 = SURFACE_SIDE_STYLE('',(#20217));
#20217 = SURFACE_STYLE_FILL_AREA(#20218);
#20218 = FILL_AREA_STYLE('',(#20219));
#20219 = FILL_AREA_STYLE_COLOUR('',#19435);
#20220 = STYLED_ITEM('color',(#20221),#10113);
#20221 = PRESENTATION_STYLE_ASSIGNMENT((#20222));
#20222 = SURFACE_STYLE_USAGE(.BOTH.,#20223);
#20223 = SURFACE_SIDE_STYLE('',(#20224));
#20224 = SURFACE_STYLE_FILL_AREA(#20225);
#20225 = FILL_AREA_STYLE('',(#20226));
#20226 = FILL_AREA_STYLE_COLOUR('',#19435);
#20227 = STYLED_ITEM('color',(#20228),#10137);
#20228 = PRESENTATION_STYLE_ASSIGNMENT((#20229));
#20229 = SURFACE_STYLE_USAGE(.BOTH.,#20230);
#20230 = SURFACE_SIDE_STYLE('',(#20231));
#20231 = SURFACE_STYLE_FILL_AREA(#20232);
#20232 = FILL_AREA_STYLE('',(#20233));
#20233 = FILL_AREA_STYLE_COLOUR('',#19435);
#20234 = STYLED_ITEM('color',(#20235),#10161);
#20235 = PRESENTATION_STYLE_ASSIGNMENT((#20236));
#20236 = SURFACE_STYLE_USAGE(.BOTH.,#20237);
#20237 = SURFACE_SIDE_STYLE('',(#20238));
#20238 = SURFACE_STYLE_FILL_AREA(#20239);
#20239 = FILL_AREA_STYLE('',(#20240));
#20240 = FILL_AREA_STYLE_COLOUR('',#19435);
#20241 = STYLED_ITEM('color',(#20242),#10178);
#20242 = PRESENTATION_STYLE_ASSIGNMENT((#20243));
#20243 = SURFACE_STYLE_USAGE(.BOTH.,#20244);
#20244 = SURFACE_SIDE_STYLE('',(#20245));
#20245 = SURFACE_STYLE_FILL_AREA(#20246);
#20246 = FILL_AREA_STYLE('',(#20247));
#20247 = FILL_AREA_STYLE_COLOUR('',#19435);
#20248 = STYLED_ITEM('color',(#20249),#10209);
#20249 = PRESENTATION_STYLE_ASSIGNMENT((#20250));
#20250 = SURFACE_STYLE_USAGE(.BOTH.,#20251);
#20251 = SURFACE_SIDE_STYLE('',(#20252));
#20252 = SURFACE_STYLE_FILL_AREA(#20253);
#20253 = FILL_AREA_STYLE('',(#20254));
#20254 = FILL_AREA_STYLE_COLOUR('',#19435);
#20255 = STYLED_ITEM('color',(#20256),#10233);
#20256 = PRESENTATION_STYLE_ASSIGNMENT((#20257));
#20257 = SURFACE_STYLE_USAGE(.BOTH.,#20258);
#20258 = SURFACE_SIDE_STYLE('',(#20259));
#20259 = SURFACE_STYLE_FILL_AREA(#20260);
#20260 = FILL_AREA_STYLE('',(#20261));
#20261 = FILL_AREA_STYLE_COLOUR('',#19435);
#20262 = STYLED_ITEM('color',(#20263),#10257);
#20263 = PRESENTATION_STYLE_ASSIGNMENT((#20264));
#20264 = SURFACE_STYLE_USAGE(.BOTH.,#20265);
#20265 = SURFACE_SIDE_STYLE('',(#20266));
#20266 = SURFACE_STYLE_FILL_AREA(#20267);
#20267 = FILL_AREA_STYLE('',(#20268));
#20268 = FILL_AREA_STYLE_COLOUR('',#19435);
#20269 = STYLED_ITEM('color',(#20270),#10274);
#20270 = PRESENTATION_STYLE_ASSIGNMENT((#20271));
#20271 = SURFACE_STYLE_USAGE(.BOTH.,#20272);
#20272 = SURFACE_SIDE_STYLE('',(#20273));
#20273 = SURFACE_STYLE_FILL_AREA(#20274);
#20274 = FILL_AREA_STYLE('',(#20275));
#20275 = FILL_AREA_STYLE_COLOUR('',#19435);
#20276 = STYLED_ITEM('color',(#20277),#10291);
#20277 = PRESENTATION_STYLE_ASSIGNMENT((#20278));
#20278 = SURFACE_STYLE_USAGE(.BOTH.,#20279);
#20279 = SURFACE_SIDE_STYLE('',(#20280));
#20280 = SURFACE_STYLE_FILL_AREA(#20281);
#20281 = FILL_AREA_STYLE('',(#20282));
#20282 = FILL_AREA_STYLE_COLOUR('',#19435);
#20283 = STYLED_ITEM('color',(#20284),#10308);
#20284 = PRESENTATION_STYLE_ASSIGNMENT((#20285));
#20285 = SURFACE_STYLE_USAGE(.BOTH.,#20286);
#20286 = SURFACE_SIDE_STYLE('',(#20287));
#20287 = SURFACE_STYLE_FILL_AREA(#20288);
#20288 = FILL_AREA_STYLE('',(#20289));
#20289 = FILL_AREA_STYLE_COLOUR('',#19435);
#20290 = STYLED_ITEM('color',(#20291),#10320);
#20291 = PRESENTATION_STYLE_ASSIGNMENT((#20292));
#20292 = SURFACE_STYLE_USAGE(.BOTH.,#20293);
#20293 = SURFACE_SIDE_STYLE('',(#20294));
#20294 = SURFACE_STYLE_FILL_AREA(#20295);
#20295 = FILL_AREA_STYLE('',(#20296));
#20296 = FILL_AREA_STYLE_COLOUR('',#19435);
#20297 = STYLED_ITEM('color',(#20298),#10332);
#20298 = PRESENTATION_STYLE_ASSIGNMENT((#20299));
#20299 = SURFACE_STYLE_USAGE(.BOTH.,#20300);
#20300 = SURFACE_SIDE_STYLE('',(#20301));
#20301 = SURFACE_STYLE_FILL_AREA(#20302);
#20302 = FILL_AREA_STYLE('',(#20303));
#20303 = FILL_AREA_STYLE_COLOUR('',#19435);
#20304 = STYLED_ITEM('color',(#20305),#10344);
#20305 = PRESENTATION_STYLE_ASSIGNMENT((#20306));
#20306 = SURFACE_STYLE_USAGE(.BOTH.,#20307);
#20307 = SURFACE_SIDE_STYLE('',(#20308));
#20308 = SURFACE_STYLE_FILL_AREA(#20309);
#20309 = FILL_AREA_STYLE('',(#20310));
#20310 = FILL_AREA_STYLE_COLOUR('',#19435);
#20311 = STYLED_ITEM('color',(#20312),#10356);
#20312 = PRESENTATION_STYLE_ASSIGNMENT((#20313));
#20313 = SURFACE_STYLE_USAGE(.BOTH.,#20314);
#20314 = SURFACE_SIDE_STYLE('',(#20315));
#20315 = SURFACE_STYLE_FILL_AREA(#20316);
#20316 = FILL_AREA_STYLE('',(#20317));
#20317 = FILL_AREA_STYLE_COLOUR('',#19435);
#20318 = STYLED_ITEM('color',(#20319),#10368);
#20319 = PRESENTATION_STYLE_ASSIGNMENT((#20320));
#20320 = SURFACE_STYLE_USAGE(.BOTH.,#20321);
#20321 = SURFACE_SIDE_STYLE('',(#20322));
#20322 = SURFACE_STYLE_FILL_AREA(#20323);
#20323 = FILL_AREA_STYLE('',(#20324));
#20324 = FILL_AREA_STYLE_COLOUR('',#19435);
#20325 = STYLED_ITEM('color',(#20326),#10380);
#20326 = PRESENTATION_STYLE_ASSIGNMENT((#20327));
#20327 = SURFACE_STYLE_USAGE(.BOTH.,#20328);
#20328 = SURFACE_SIDE_STYLE('',(#20329));
#20329 = SURFACE_STYLE_FILL_AREA(#20330);
#20330 = FILL_AREA_STYLE('',(#20331));
#20331 = FILL_AREA_STYLE_COLOUR('',#19435);
#20332 = STYLED_ITEM('color',(#20333),#10392);
#20333 = PRESENTATION_STYLE_ASSIGNMENT((#20334));
#20334 = SURFACE_STYLE_USAGE(.BOTH.,#20335);
#20335 = SURFACE_SIDE_STYLE('',(#20336));
#20336 = SURFACE_STYLE_FILL_AREA(#20337);
#20337 = FILL_AREA_STYLE('',(#20338));
#20338 = FILL_AREA_STYLE_COLOUR('',#19435);
#20339 = STYLED_ITEM('color',(#20340),#10409);
#20340 = PRESENTATION_STYLE_ASSIGNMENT((#20341));
#20341 = SURFACE_STYLE_USAGE(.BOTH.,#20342);
#20342 = SURFACE_SIDE_STYLE('',(#20343));
#20343 = SURFACE_STYLE_FILL_AREA(#20344);
#20344 = FILL_AREA_STYLE('',(#20345));
#20345 = FILL_AREA_STYLE_COLOUR('',#19435);
#20346 = STYLED_ITEM('color',(#20347),#10426);
#20347 = PRESENTATION_STYLE_ASSIGNMENT((#20348));
#20348 = SURFACE_STYLE_USAGE(.BOTH.,#20349);
#20349 = SURFACE_SIDE_STYLE('',(#20350));
#20350 = SURFACE_STYLE_FILL_AREA(#20351);
#20351 = FILL_AREA_STYLE('',(#20352));
#20352 = FILL_AREA_STYLE_COLOUR('',#19435);
#20353 = STYLED_ITEM('color',(#20354),#10438);
#20354 = PRESENTATION_STYLE_ASSIGNMENT((#20355));
#20355 = SURFACE_STYLE_USAGE(.BOTH.,#20356);
#20356 = SURFACE_SIDE_STYLE('',(#20357));
#20357 = SURFACE_STYLE_FILL_AREA(#20358);
#20358 = FILL_AREA_STYLE('',(#20359));
#20359 = FILL_AREA_STYLE_COLOUR('',#19435);
#20360 = STYLED_ITEM('color',(#20361),#10469);
#20361 = PRESENTATION_STYLE_ASSIGNMENT((#20362));
#20362 = SURFACE_STYLE_USAGE(.BOTH.,#20363);
#20363 = SURFACE_SIDE_STYLE('',(#20364));
#20364 = SURFACE_STYLE_FILL_AREA(#20365);
#20365 = FILL_AREA_STYLE('',(#20366));
#20366 = FILL_AREA_STYLE_COLOUR('',#19435);
#20367 = STYLED_ITEM('color',(#20368),#10493);
#20368 = PRESENTATION_STYLE_ASSIGNMENT((#20369));
#20369 = SURFACE_STYLE_USAGE(.BOTH.,#20370);
#20370 = SURFACE_SIDE_STYLE('',(#20371));
#20371 = SURFACE_STYLE_FILL_AREA(#20372);
#20372 = FILL_AREA_STYLE('',(#20373));
#20373 = FILL_AREA_STYLE_COLOUR('',#19435);
#20374 = STYLED_ITEM('color',(#20375),#10517);
#20375 = PRESENTATION_STYLE_ASSIGNMENT((#20376));
#20376 = SURFACE_STYLE_USAGE(.BOTH.,#20377);
#20377 = SURFACE_SIDE_STYLE('',(#20378));
#20378 = SURFACE_STYLE_FILL_AREA(#20379);
#20379 = FILL_AREA_STYLE('',(#20380));
#20380 = FILL_AREA_STYLE_COLOUR('',#19435);
#20381 = STYLED_ITEM('color',(#20382),#10534);
#20382 = PRESENTATION_STYLE_ASSIGNMENT((#20383));
#20383 = SURFACE_STYLE_USAGE(.BOTH.,#20384);
#20384 = SURFACE_SIDE_STYLE('',(#20385));
#20385 = SURFACE_STYLE_FILL_AREA(#20386);
#20386 = FILL_AREA_STYLE('',(#20387));
#20387 = FILL_AREA_STYLE_COLOUR('',#19435);
#20388 = STYLED_ITEM('color',(#20389),#10565);
#20389 = PRESENTATION_STYLE_ASSIGNMENT((#20390));
#20390 = SURFACE_STYLE_USAGE(.BOTH.,#20391);
#20391 = SURFACE_SIDE_STYLE('',(#20392));
#20392 = SURFACE_STYLE_FILL_AREA(#20393);
#20393 = FILL_AREA_STYLE('',(#20394));
#20394 = FILL_AREA_STYLE_COLOUR('',#19435);
#20395 = STYLED_ITEM('color',(#20396),#10589);
#20396 = PRESENTATION_STYLE_ASSIGNMENT((#20397));
#20397 = SURFACE_STYLE_USAGE(.BOTH.,#20398);
#20398 = SURFACE_SIDE_STYLE('',(#20399));
#20399 = SURFACE_STYLE_FILL_AREA(#20400);
#20400 = FILL_AREA_STYLE('',(#20401));
#20401 = FILL_AREA_STYLE_COLOUR('',#19435);
#20402 = STYLED_ITEM('color',(#20403),#10613);
#20403 = PRESENTATION_STYLE_ASSIGNMENT((#20404));
#20404 = SURFACE_STYLE_USAGE(.BOTH.,#20405);
#20405 = SURFACE_SIDE_STYLE('',(#20406));
#20406 = SURFACE_STYLE_FILL_AREA(#20407);
#20407 = FILL_AREA_STYLE('',(#20408));
#20408 = FILL_AREA_STYLE_COLOUR('',#19435);
#20409 = STYLED_ITEM('color',(#20410),#10630);
#20410 = PRESENTATION_STYLE_ASSIGNMENT((#20411));
#20411 = SURFACE_STYLE_USAGE(.BOTH.,#20412);
#20412 = SURFACE_SIDE_STYLE('',(#20413));
#20413 = SURFACE_STYLE_FILL_AREA(#20414);
#20414 = FILL_AREA_STYLE('',(#20415));
#20415 = FILL_AREA_STYLE_COLOUR('',#19435);
#20416 = STYLED_ITEM('color',(#20417),#10661);
#20417 = PRESENTATION_STYLE_ASSIGNMENT((#20418));
#20418 = SURFACE_STYLE_USAGE(.BOTH.,#20419);
#20419 = SURFACE_SIDE_STYLE('',(#20420));
#20420 = SURFACE_STYLE_FILL_AREA(#20421);
#20421 = FILL_AREA_STYLE('',(#20422));
#20422 = FILL_AREA_STYLE_COLOUR('',#19435);
#20423 = STYLED_ITEM('color',(#20424),#10685);
#20424 = PRESENTATION_STYLE_ASSIGNMENT((#20425));
#20425 = SURFACE_STYLE_USAGE(.BOTH.,#20426);
#20426 = SURFACE_SIDE_STYLE('',(#20427));
#20427 = SURFACE_STYLE_FILL_AREA(#20428);
#20428 = FILL_AREA_STYLE('',(#20429));
#20429 = FILL_AREA_STYLE_COLOUR('',#19435);
#20430 = STYLED_ITEM('color',(#20431),#10709);
#20431 = PRESENTATION_STYLE_ASSIGNMENT((#20432));
#20432 = SURFACE_STYLE_USAGE(.BOTH.,#20433);
#20433 = SURFACE_SIDE_STYLE('',(#20434));
#20434 = SURFACE_STYLE_FILL_AREA(#20435);
#20435 = FILL_AREA_STYLE('',(#20436));
#20436 = FILL_AREA_STYLE_COLOUR('',#19435);
#20437 = STYLED_ITEM('color',(#20438),#10726);
#20438 = PRESENTATION_STYLE_ASSIGNMENT((#20439));
#20439 = SURFACE_STYLE_USAGE(.BOTH.,#20440);
#20440 = SURFACE_SIDE_STYLE('',(#20441));
#20441 = SURFACE_STYLE_FILL_AREA(#20442);
#20442 = FILL_AREA_STYLE('',(#20443));
#20443 = FILL_AREA_STYLE_COLOUR('',#19435);
#20444 = STYLED_ITEM('color',(#20445),#10757);
#20445 = PRESENTATION_STYLE_ASSIGNMENT((#20446));
#20446 = SURFACE_STYLE_USAGE(.BOTH.,#20447);
#20447 = SURFACE_SIDE_STYLE('',(#20448));
#20448 = SURFACE_STYLE_FILL_AREA(#20449);
#20449 = FILL_AREA_STYLE('',(#20450));
#20450 = FILL_AREA_STYLE_COLOUR('',#19435);
#20451 = STYLED_ITEM('color',(#20452),#10781);
#20452 = PRESENTATION_STYLE_ASSIGNMENT((#20453));
#20453 = SURFACE_STYLE_USAGE(.BOTH.,#20454);
#20454 = SURFACE_SIDE_STYLE('',(#20455));
#20455 = SURFACE_STYLE_FILL_AREA(#20456);
#20456 = FILL_AREA_STYLE('',(#20457));
#20457 = FILL_AREA_STYLE_COLOUR('',#19435);
#20458 = STYLED_ITEM('color',(#20459),#10805);
#20459 = PRESENTATION_STYLE_ASSIGNMENT((#20460));
#20460 = SURFACE_STYLE_USAGE(.BOTH.,#20461);
#20461 = SURFACE_SIDE_STYLE('',(#20462));
#20462 = SURFACE_STYLE_FILL_AREA(#20463);
#20463 = FILL_AREA_STYLE('',(#20464));
#20464 = FILL_AREA_STYLE_COLOUR('',#19435);
#20465 = STYLED_ITEM('color',(#20466),#10822);
#20466 = PRESENTATION_STYLE_ASSIGNMENT((#20467));
#20467 = SURFACE_STYLE_USAGE(.BOTH.,#20468);
#20468 = SURFACE_SIDE_STYLE('',(#20469));
#20469 = SURFACE_STYLE_FILL_AREA(#20470);
#20470 = FILL_AREA_STYLE('',(#20471));
#20471 = FILL_AREA_STYLE_COLOUR('',#19435);
#20472 = STYLED_ITEM('color',(#20473),#10853);
#20473 = PRESENTATION_STYLE_ASSIGNMENT((#20474));
#20474 = SURFACE_STYLE_USAGE(.BOTH.,#20475);
#20475 = SURFACE_SIDE_STYLE('',(#20476));
#20476 = SURFACE_STYLE_FILL_AREA(#20477);
#20477 = FILL_AREA_STYLE('',(#20478));
#20478 = FILL_AREA_STYLE_COLOUR('',#19435);
#20479 = STYLED_ITEM('color',(#20480),#10877);
#20480 = PRESENTATION_STYLE_ASSIGNMENT((#20481));
#20481 = SURFACE_STYLE_USAGE(.BOTH.,#20482);
#20482 = SURFACE_SIDE_STYLE('',(#20483));
#20483 = SURFACE_STYLE_FILL_AREA(#20484);
#20484 = FILL_AREA_STYLE('',(#20485));
#20485 = FILL_AREA_STYLE_COLOUR('',#19435);
#20486 = STYLED_ITEM('color',(#20487),#10901);
#20487 = PRESENTATION_STYLE_ASSIGNMENT((#20488));
#20488 = SURFACE_STYLE_USAGE(.BOTH.,#20489);
#20489 = SURFACE_SIDE_STYLE('',(#20490));
#20490 = SURFACE_STYLE_FILL_AREA(#20491);
#20491 = FILL_AREA_STYLE('',(#20492));
#20492 = FILL_AREA_STYLE_COLOUR('',#19435);
#20493 = STYLED_ITEM('color',(#20494),#10918);
#20494 = PRESENTATION_STYLE_ASSIGNMENT((#20495));
#20495 = SURFACE_STYLE_USAGE(.BOTH.,#20496);
#20496 = SURFACE_SIDE_STYLE('',(#20497));
#20497 = SURFACE_STYLE_FILL_AREA(#20498);
#20498 = FILL_AREA_STYLE('',(#20499));
#20499 = FILL_AREA_STYLE_COLOUR('',#19435);
#20500 = STYLED_ITEM('color',(#20501),#10949);
#20501 = PRESENTATION_STYLE_ASSIGNMENT((#20502));
#20502 = SURFACE_STYLE_USAGE(.BOTH.,#20503);
#20503 = SURFACE_SIDE_STYLE('',(#20504));
#20504 = SURFACE_STYLE_FILL_AREA(#20505);
#20505 = FILL_AREA_STYLE('',(#20506));
#20506 = FILL_AREA_STYLE_COLOUR('',#19435);
#20507 = STYLED_ITEM('color',(#20508),#10973);
#20508 = PRESENTATION_STYLE_ASSIGNMENT((#20509));
#20509 = SURFACE_STYLE_USAGE(.BOTH.,#20510);
#20510 = SURFACE_SIDE_STYLE('',(#20511));
#20511 = SURFACE_STYLE_FILL_AREA(#20512);
#20512 = FILL_AREA_STYLE('',(#20513));
#20513 = FILL_AREA_STYLE_COLOUR('',#19435);
#20514 = STYLED_ITEM('color',(#20515),#10997);
#20515 = PRESENTATION_STYLE_ASSIGNMENT((#20516));
#20516 = SURFACE_STYLE_USAGE(.BOTH.,#20517);
#20517 = SURFACE_SIDE_STYLE('',(#20518));
#20518 = SURFACE_STYLE_FILL_AREA(#20519);
#20519 = FILL_AREA_STYLE('',(#20520));
#20520 = FILL_AREA_STYLE_COLOUR('',#19435);
#20521 = STYLED_ITEM('color',(#20522),#11014);
#20522 = PRESENTATION_STYLE_ASSIGNMENT((#20523));
#20523 = SURFACE_STYLE_USAGE(.BOTH.,#20524);
#20524 = SURFACE_SIDE_STYLE('',(#20525));
#20525 = SURFACE_STYLE_FILL_AREA(#20526);
#20526 = FILL_AREA_STYLE('',(#20527));
#20527 = FILL_AREA_STYLE_COLOUR('',#19435);
#20528 = STYLED_ITEM('color',(#20529),#11045);
#20529 = PRESENTATION_STYLE_ASSIGNMENT((#20530));
#20530 = SURFACE_STYLE_USAGE(.BOTH.,#20531);
#20531 = SURFACE_SIDE_STYLE('',(#20532));
#20532 = SURFACE_STYLE_FILL_AREA(#20533);
#20533 = FILL_AREA_STYLE('',(#20534));
#20534 = FILL_AREA_STYLE_COLOUR('',#19435);
#20535 = STYLED_ITEM('color',(#20536),#11069);
#20536 = PRESENTATION_STYLE_ASSIGNMENT((#20537));
#20537 = SURFACE_STYLE_USAGE(.BOTH.,#20538);
#20538 = SURFACE_SIDE_STYLE('',(#20539));
#20539 = SURFACE_STYLE_FILL_AREA(#20540);
#20540 = FILL_AREA_STYLE('',(#20541));
#20541 = FILL_AREA_STYLE_COLOUR('',#19435);
#20542 = STYLED_ITEM('color',(#20543),#11093);
#20543 = PRESENTATION_STYLE_ASSIGNMENT((#20544));
#20544 = SURFACE_STYLE_USAGE(.BOTH.,#20545);
#20545 = SURFACE_SIDE_STYLE('',(#20546));
#20546 = SURFACE_STYLE_FILL_AREA(#20547);
#20547 = FILL_AREA_STYLE('',(#20548));
#20548 = FILL_AREA_STYLE_COLOUR('',#19435);
#20549 = STYLED_ITEM('color',(#20550),#11110);
#20550 = PRESENTATION_STYLE_ASSIGNMENT((#20551));
#20551 = SURFACE_STYLE_USAGE(.BOTH.,#20552);
#20552 = SURFACE_SIDE_STYLE('',(#20553));
#20553 = SURFACE_STYLE_FILL_AREA(#20554);
#20554 = FILL_AREA_STYLE('',(#20555));
#20555 = FILL_AREA_STYLE_COLOUR('',#19435);
#20556 = STYLED_ITEM('color',(#20557),#11141);
#20557 = PRESENTATION_STYLE_ASSIGNMENT((#20558));
#20558 = SURFACE_STYLE_USAGE(.BOTH.,#20559);
#20559 = SURFACE_SIDE_STYLE('',(#20560));
#20560 = SURFACE_STYLE_FILL_AREA(#20561);
#20561 = FILL_AREA_STYLE('',(#20562));
#20562 = FILL_AREA_STYLE_COLOUR('',#19435);
#20563 = STYLED_ITEM('color',(#20564),#11165);
#20564 = PRESENTATION_STYLE_ASSIGNMENT((#20565));
#20565 = SURFACE_STYLE_USAGE(.BOTH.,#20566);
#20566 = SURFACE_SIDE_STYLE('',(#20567));
#20567 = SURFACE_STYLE_FILL_AREA(#20568);
#20568 = FILL_AREA_STYLE('',(#20569));
#20569 = FILL_AREA_STYLE_COLOUR('',#19435);
#20570 = STYLED_ITEM('color',(#20571),#11189);
#20571 = PRESENTATION_STYLE_ASSIGNMENT((#20572));
#20572 = SURFACE_STYLE_USAGE(.BOTH.,#20573);
#20573 = SURFACE_SIDE_STYLE('',(#20574));
#20574 = SURFACE_STYLE_FILL_AREA(#20575);
#20575 = FILL_AREA_STYLE('',(#20576));
#20576 = FILL_AREA_STYLE_COLOUR('',#19435);
#20577 = STYLED_ITEM('color',(#20578),#11206);
#20578 = PRESENTATION_STYLE_ASSIGNMENT((#20579));
#20579 = SURFACE_STYLE_USAGE(.BOTH.,#20580);
#20580 = SURFACE_SIDE_STYLE('',(#20581));
#20581 = SURFACE_STYLE_FILL_AREA(#20582);
#20582 = FILL_AREA_STYLE('',(#20583));
#20583 = FILL_AREA_STYLE_COLOUR('',#19435);
#20584 = STYLED_ITEM('color',(#20585),#11218);
#20585 = PRESENTATION_STYLE_ASSIGNMENT((#20586));
#20586 = SURFACE_STYLE_USAGE(.BOTH.,#20587);
#20587 = SURFACE_SIDE_STYLE('',(#20588));
#20588 = SURFACE_STYLE_FILL_AREA(#20589);
#20589 = FILL_AREA_STYLE('',(#20590));
#20590 = FILL_AREA_STYLE_COLOUR('',#19435);
#20591 = STYLED_ITEM('color',(#20592),#11230);
#20592 = PRESENTATION_STYLE_ASSIGNMENT((#20593));
#20593 = SURFACE_STYLE_USAGE(.BOTH.,#20594);
#20594 = SURFACE_SIDE_STYLE('',(#20595));
#20595 = SURFACE_STYLE_FILL_AREA(#20596);
#20596 = FILL_AREA_STYLE('',(#20597));
#20597 = FILL_AREA_STYLE_COLOUR('',#19435);
#20598 = STYLED_ITEM('color',(#20599),#11242);
#20599 = PRESENTATION_STYLE_ASSIGNMENT((#20600));
#20600 = SURFACE_STYLE_USAGE(.BOTH.,#20601);
#20601 = SURFACE_SIDE_STYLE('',(#20602));
#20602 = SURFACE_STYLE_FILL_AREA(#20603);
#20603 = FILL_AREA_STYLE('',(#20604));
#20604 = FILL_AREA_STYLE_COLOUR('',#19435);
#20605 = STYLED_ITEM('color',(#20606),#11254);
#20606 = PRESENTATION_STYLE_ASSIGNMENT((#20607));
#20607 = SURFACE_STYLE_USAGE(.BOTH.,#20608);
#20608 = SURFACE_SIDE_STYLE('',(#20609));
#20609 = SURFACE_STYLE_FILL_AREA(#20610);
#20610 = FILL_AREA_STYLE('',(#20611));
#20611 = FILL_AREA_STYLE_COLOUR('',#19435);
#20612 = STYLED_ITEM('color',(#20613),#11266);
#20613 = PRESENTATION_STYLE_ASSIGNMENT((#20614));
#20614 = SURFACE_STYLE_USAGE(.BOTH.,#20615);
#20615 = SURFACE_SIDE_STYLE('',(#20616));
#20616 = SURFACE_STYLE_FILL_AREA(#20617);
#20617 = FILL_AREA_STYLE('',(#20618));
#20618 = FILL_AREA_STYLE_COLOUR('',#19435);
#20619 = STYLED_ITEM('color',(#20620),#11278);
#20620 = PRESENTATION_STYLE_ASSIGNMENT((#20621));
#20621 = SURFACE_STYLE_USAGE(.BOTH.,#20622);
#20622 = SURFACE_SIDE_STYLE('',(#20623));
#20623 = SURFACE_STYLE_FILL_AREA(#20624);
#20624 = FILL_AREA_STYLE('',(#20625));
#20625 = FILL_AREA_STYLE_COLOUR('',#19435);
#20626 = STYLED_ITEM('color',(#20627),#11290);
#20627 = PRESENTATION_STYLE_ASSIGNMENT((#20628));
#20628 = SURFACE_STYLE_USAGE(.BOTH.,#20629);
#20629 = SURFACE_SIDE_STYLE('',(#20630));
#20630 = SURFACE_STYLE_FILL_AREA(#20631);
#20631 = FILL_AREA_STYLE('',(#20632));
#20632 = FILL_AREA_STYLE_COLOUR('',#19435);
#20633 = MECHANICAL_DESIGN_GEOMETRIC_PRESENTATION_REPRESENTATION('',(
    #20634,#20642,#20649,#20656,#20663,#20670,#20677,#20684,#20691,
    #20698,#20705,#20712,#20719,#20726,#20733,#20740,#20747,#20754,
    #20761,#20768,#20775,#20782,#20789,#20796,#20803,#20810,#20817,
    #20824,#20831,#20838,#20845,#20852,#20859,#20866,#20873,#20880,
    #20887,#20894,#20901,#20908,#20915,#20923,#20930,#20937,#20944,
    #20951,#20958,#20965,#20972,#20979,#20986,#20993,#21000,#21007,
    #21014,#21021,#21028,#21035,#21042,#21049,#21056,#21063,#21070,
    #21077,#21084,#21091,#21098,#21105,#21112,#21119,#21126,#21133,
    #21140,#21147,#21154,#21161,#21168,#21175,#21182,#21189,#21196,
    #21203,#21210,#21217,#21224,#21231,#21238,#21245,#21252,#21259,
    #21266,#21273,#21280,#21287,#21294,#21301,#21308,#21315,#21322,
    #21329,#21336,#21343,#21350,#21357,#21364,#21371,#21378,#21385,
    #21392,#21399,#21406,#21413,#21420,#21427,#21434,#21441,#21448,
    #21455,#21462,#21469,#21476,#21483,#21490,#21497,#21504,#21511,
    #21518,#21525,#21532,#21539,#21546,#21553,#21560,#21567,#21574,
    #21581,#21588,#21595,#21602,#21609,#21616,#21623,#21630,#21637,
    #21644,#21651,#21658,#21665),#5068);
#20634 = STYLED_ITEM('color',(#20635),#942);
#20635 = PRESENTATION_STYLE_ASSIGNMENT((#20636));
#20636 = SURFACE_STYLE_USAGE(.BOTH.,#20637);
#20637 = SURFACE_SIDE_STYLE('',(#20638));
#20638 = SURFACE_STYLE_FILL_AREA(#20639);
#20639 = FILL_AREA_STYLE('',(#20640));
#20640 = FILL_AREA_STYLE_COLOUR('',#20641);
#20641 = COLOUR_RGB('',0.147999998088,0.144999993226,0.144999993226);
#20642 = STYLED_ITEM('color',(#20643),#982);
#20643 = PRESENTATION_STYLE_ASSIGNMENT((#20644));
#20644 = SURFACE_STYLE_USAGE(.BOTH.,#20645);
#20645 = SURFACE_SIDE_STYLE('',(#20646));
#20646 = SURFACE_STYLE_FILL_AREA(#20647);
#20647 = FILL_AREA_STYLE('',(#20648));
#20648 = FILL_AREA_STYLE_COLOUR('',#20641);
#20649 = STYLED_ITEM('color',(#20650),#1013);
#20650 = PRESENTATION_STYLE_ASSIGNMENT((#20651));
#20651 = SURFACE_STYLE_USAGE(.BOTH.,#20652);
#20652 = SURFACE_SIDE_STYLE('',(#20653));
#20653 = SURFACE_STYLE_FILL_AREA(#20654);
#20654 = FILL_AREA_STYLE('',(#20655));
#20655 = FILL_AREA_STYLE_COLOUR('',#20641);
#20656 = STYLED_ITEM('color',(#20657),#1044);
#20657 = PRESENTATION_STYLE_ASSIGNMENT((#20658));
#20658 = SURFACE_STYLE_USAGE(.BOTH.,#20659);
#20659 = SURFACE_SIDE_STYLE('',(#20660));
#20660 = SURFACE_STYLE_FILL_AREA(#20661);
#20661 = FILL_AREA_STYLE('',(#20662));
#20662 = FILL_AREA_STYLE_COLOUR('',#20641);
#20663 = STYLED_ITEM('color',(#20664),#1537);
#20664 = PRESENTATION_STYLE_ASSIGNMENT((#20665));
#20665 = SURFACE_STYLE_USAGE(.BOTH.,#20666);
#20666 = SURFACE_SIDE_STYLE('',(#20667));
#20667 = SURFACE_STYLE_FILL_AREA(#20668);
#20668 = FILL_AREA_STYLE('',(#20669));
#20669 = FILL_AREA_STYLE_COLOUR('',#20641);
#20670 = STYLED_ITEM('color',(#20671),#2030);
#20671 = PRESENTATION_STYLE_ASSIGNMENT((#20672));
#20672 = SURFACE_STYLE_USAGE(.BOTH.,#20673);
#20673 = SURFACE_SIDE_STYLE('',(#20674));
#20674 = SURFACE_STYLE_FILL_AREA(#20675);
#20675 = FILL_AREA_STYLE('',(#20676));
#20676 = FILL_AREA_STYLE_COLOUR('',#20641);
#20677 = STYLED_ITEM('color',(#20678),#2047);
#20678 = PRESENTATION_STYLE_ASSIGNMENT((#20679));
#20679 = SURFACE_STYLE_USAGE(.BOTH.,#20680);
#20680 = SURFACE_SIDE_STYLE('',(#20681));
#20681 = SURFACE_STYLE_FILL_AREA(#20682);
#20682 = FILL_AREA_STYLE('',(#20683));
#20683 = FILL_AREA_STYLE_COLOUR('',#20641);
#20684 = STYLED_ITEM('color',(#20685),#2064);
#20685 = PRESENTATION_STYLE_ASSIGNMENT((#20686));
#20686 = SURFACE_STYLE_USAGE(.BOTH.,#20687);
#20687 = SURFACE_SIDE_STYLE('',(#20688));
#20688 = SURFACE_STYLE_FILL_AREA(#20689);
#20689 = FILL_AREA_STYLE('',(#20690));
#20690 = FILL_AREA_STYLE_COLOUR('',#20641);
#20691 = STYLED_ITEM('color',(#20692),#2081);
#20692 = PRESENTATION_STYLE_ASSIGNMENT((#20693));
#20693 = SURFACE_STYLE_USAGE(.BOTH.,#20694);
#20694 = SURFACE_SIDE_STYLE('',(#20695));
#20695 = SURFACE_STYLE_FILL_AREA(#20696);
#20696 = FILL_AREA_STYLE('',(#20697));
#20697 = FILL_AREA_STYLE_COLOUR('',#20641);
#20698 = STYLED_ITEM('color',(#20699),#2098);
#20699 = PRESENTATION_STYLE_ASSIGNMENT((#20700));
#20700 = SURFACE_STYLE_USAGE(.BOTH.,#20701);
#20701 = SURFACE_SIDE_STYLE('',(#20702));
#20702 = SURFACE_STYLE_FILL_AREA(#20703);
#20703 = FILL_AREA_STYLE('',(#20704));
#20704 = FILL_AREA_STYLE_COLOUR('',#20641);
#20705 = STYLED_ITEM('color',(#20706),#2115);
#20706 = PRESENTATION_STYLE_ASSIGNMENT((#20707));
#20707 = SURFACE_STYLE_USAGE(.BOTH.,#20708);
#20708 = SURFACE_SIDE_STYLE('',(#20709));
#20709 = SURFACE_STYLE_FILL_AREA(#20710);
#20710 = FILL_AREA_STYLE('',(#20711));
#20711 = FILL_AREA_STYLE_COLOUR('',#20641);
#20712 = STYLED_ITEM('color',(#20713),#2132);
#20713 = PRESENTATION_STYLE_ASSIGNMENT((#20714));
#20714 = SURFACE_STYLE_USAGE(.BOTH.,#20715);
#20715 = SURFACE_SIDE_STYLE('',(#20716));
#20716 = SURFACE_STYLE_FILL_AREA(#20717);
#20717 = FILL_AREA_STYLE('',(#20718));
#20718 = FILL_AREA_STYLE_COLOUR('',#20641);
#20719 = STYLED_ITEM('color',(#20720),#2149);
#20720 = PRESENTATION_STYLE_ASSIGNMENT((#20721));
#20721 = SURFACE_STYLE_USAGE(.BOTH.,#20722);
#20722 = SURFACE_SIDE_STYLE('',(#20723));
#20723 = SURFACE_STYLE_FILL_AREA(#20724);
#20724 = FILL_AREA_STYLE('',(#20725));
#20725 = FILL_AREA_STYLE_COLOUR('',#20641);
#20726 = STYLED_ITEM('color',(#20727),#2166);
#20727 = PRESENTATION_STYLE_ASSIGNMENT((#20728));
#20728 = SURFACE_STYLE_USAGE(.BOTH.,#20729);
#20729 = SURFACE_SIDE_STYLE('',(#20730));
#20730 = SURFACE_STYLE_FILL_AREA(#20731);
#20731 = FILL_AREA_STYLE('',(#20732));
#20732 = FILL_AREA_STYLE_COLOUR('',#20641);
#20733 = STYLED_ITEM('color',(#20734),#2183);
#20734 = PRESENTATION_STYLE_ASSIGNMENT((#20735));
#20735 = SURFACE_STYLE_USAGE(.BOTH.,#20736);
#20736 = SURFACE_SIDE_STYLE('',(#20737));
#20737 = SURFACE_STYLE_FILL_AREA(#20738);
#20738 = FILL_AREA_STYLE('',(#20739));
#20739 = FILL_AREA_STYLE_COLOUR('',#20641);
#20740 = STYLED_ITEM('color',(#20741),#2200);
#20741 = PRESENTATION_STYLE_ASSIGNMENT((#20742));
#20742 = SURFACE_STYLE_USAGE(.BOTH.,#20743);
#20743 = SURFACE_SIDE_STYLE('',(#20744));
#20744 = SURFACE_STYLE_FILL_AREA(#20745);
#20745 = FILL_AREA_STYLE('',(#20746));
#20746 = FILL_AREA_STYLE_COLOUR('',#20641);
#20747 = STYLED_ITEM('color',(#20748),#2217);
#20748 = PRESENTATION_STYLE_ASSIGNMENT((#20749));
#20749 = SURFACE_STYLE_USAGE(.BOTH.,#20750);
#20750 = SURFACE_SIDE_STYLE('',(#20751));
#20751 = SURFACE_STYLE_FILL_AREA(#20752);
#20752 = FILL_AREA_STYLE('',(#20753));
#20753 = FILL_AREA_STYLE_COLOUR('',#20641);
#20754 = STYLED_ITEM('color',(#20755),#2234);
#20755 = PRESENTATION_STYLE_ASSIGNMENT((#20756));
#20756 = SURFACE_STYLE_USAGE(.BOTH.,#20757);
#20757 = SURFACE_SIDE_STYLE('',(#20758));
#20758 = SURFACE_STYLE_FILL_AREA(#20759);
#20759 = FILL_AREA_STYLE('',(#20760));
#20760 = FILL_AREA_STYLE_COLOUR('',#20641);
#20761 = STYLED_ITEM('color',(#20762),#2251);
#20762 = PRESENTATION_STYLE_ASSIGNMENT((#20763));
#20763 = SURFACE_STYLE_USAGE(.BOTH.,#20764);
#20764 = SURFACE_SIDE_STYLE('',(#20765));
#20765 = SURFACE_STYLE_FILL_AREA(#20766);
#20766 = FILL_AREA_STYLE('',(#20767));
#20767 = FILL_AREA_STYLE_COLOUR('',#20641);
#20768 = STYLED_ITEM('color',(#20769),#2268);
#20769 = PRESENTATION_STYLE_ASSIGNMENT((#20770));
#20770 = SURFACE_STYLE_USAGE(.BOTH.,#20771);
#20771 = SURFACE_SIDE_STYLE('',(#20772));
#20772 = SURFACE_STYLE_FILL_AREA(#20773);
#20773 = FILL_AREA_STYLE('',(#20774));
#20774 = FILL_AREA_STYLE_COLOUR('',#20641);
#20775 = STYLED_ITEM('color',(#20776),#2285);
#20776 = PRESENTATION_STYLE_ASSIGNMENT((#20777));
#20777 = SURFACE_STYLE_USAGE(.BOTH.,#20778);
#20778 = SURFACE_SIDE_STYLE('',(#20779));
#20779 = SURFACE_STYLE_FILL_AREA(#20780);
#20780 = FILL_AREA_STYLE('',(#20781));
#20781 = FILL_AREA_STYLE_COLOUR('',#20641);
#20782 = STYLED_ITEM('color',(#20783),#2302);
#20783 = PRESENTATION_STYLE_ASSIGNMENT((#20784));
#20784 = SURFACE_STYLE_USAGE(.BOTH.,#20785);
#20785 = SURFACE_SIDE_STYLE('',(#20786));
#20786 = SURFACE_STYLE_FILL_AREA(#20787);
#20787 = FILL_AREA_STYLE('',(#20788));
#20788 = FILL_AREA_STYLE_COLOUR('',#20641);
#20789 = STYLED_ITEM('color',(#20790),#2319);
#20790 = PRESENTATION_STYLE_ASSIGNMENT((#20791));
#20791 = SURFACE_STYLE_USAGE(.BOTH.,#20792);
#20792 = SURFACE_SIDE_STYLE('',(#20793));
#20793 = SURFACE_STYLE_FILL_AREA(#20794);
#20794 = FILL_AREA_STYLE('',(#20795));
#20795 = FILL_AREA_STYLE_COLOUR('',#20641);
#20796 = STYLED_ITEM('color',(#20797),#2336);
#20797 = PRESENTATION_STYLE_ASSIGNMENT((#20798));
#20798 = SURFACE_STYLE_USAGE(.BOTH.,#20799);
#20799 = SURFACE_SIDE_STYLE('',(#20800));
#20800 = SURFACE_STYLE_FILL_AREA(#20801);
#20801 = FILL_AREA_STYLE('',(#20802));
#20802 = FILL_AREA_STYLE_COLOUR('',#20641);
#20803 = STYLED_ITEM('color',(#20804),#2353);
#20804 = PRESENTATION_STYLE_ASSIGNMENT((#20805));
#20805 = SURFACE_STYLE_USAGE(.BOTH.,#20806);
#20806 = SURFACE_SIDE_STYLE('',(#20807));
#20807 = SURFACE_STYLE_FILL_AREA(#20808);
#20808 = FILL_AREA_STYLE('',(#20809));
#20809 = FILL_AREA_STYLE_COLOUR('',#20641);
#20810 = STYLED_ITEM('color',(#20811),#2370);
#20811 = PRESENTATION_STYLE_ASSIGNMENT((#20812));
#20812 = SURFACE_STYLE_USAGE(.BOTH.,#20813);
#20813 = SURFACE_SIDE_STYLE('',(#20814));
#20814 = SURFACE_STYLE_FILL_AREA(#20815);
#20815 = FILL_AREA_STYLE('',(#20816));
#20816 = FILL_AREA_STYLE_COLOUR('',#20641);
#20817 = STYLED_ITEM('color',(#20818),#2387);
#20818 = PRESENTATION_STYLE_ASSIGNMENT((#20819));
#20819 = SURFACE_STYLE_USAGE(.BOTH.,#20820);
#20820 = SURFACE_SIDE_STYLE('',(#20821));
#20821 = SURFACE_STYLE_FILL_AREA(#20822);
#20822 = FILL_AREA_STYLE('',(#20823));
#20823 = FILL_AREA_STYLE_COLOUR('',#20641);
#20824 = STYLED_ITEM('color',(#20825),#2404);
#20825 = PRESENTATION_STYLE_ASSIGNMENT((#20826));
#20826 = SURFACE_STYLE_USAGE(.BOTH.,#20827);
#20827 = SURFACE_SIDE_STYLE('',(#20828));
#20828 = SURFACE_STYLE_FILL_AREA(#20829);
#20829 = FILL_AREA_STYLE('',(#20830));
#20830 = FILL_AREA_STYLE_COLOUR('',#20641);
#20831 = STYLED_ITEM('color',(#20832),#2421);
#20832 = PRESENTATION_STYLE_ASSIGNMENT((#20833));
#20833 = SURFACE_STYLE_USAGE(.BOTH.,#20834);
#20834 = SURFACE_SIDE_STYLE('',(#20835));
#20835 = SURFACE_STYLE_FILL_AREA(#20836);
#20836 = FILL_AREA_STYLE('',(#20837));
#20837 = FILL_AREA_STYLE_COLOUR('',#20641);
#20838 = STYLED_ITEM('color',(#20839),#2438);
#20839 = PRESENTATION_STYLE_ASSIGNMENT((#20840));
#20840 = SURFACE_STYLE_USAGE(.BOTH.,#20841);
#20841 = SURFACE_SIDE_STYLE('',(#20842));
#20842 = SURFACE_STYLE_FILL_AREA(#20843);
#20843 = FILL_AREA_STYLE('',(#20844));
#20844 = FILL_AREA_STYLE_COLOUR('',#20641);
#20845 = STYLED_ITEM('color',(#20846),#2455);
#20846 = PRESENTATION_STYLE_ASSIGNMENT((#20847));
#20847 = SURFACE_STYLE_USAGE(.BOTH.,#20848);
#20848 = SURFACE_SIDE_STYLE('',(#20849));
#20849 = SURFACE_STYLE_FILL_AREA(#20850);
#20850 = FILL_AREA_STYLE('',(#20851));
#20851 = FILL_AREA_STYLE_COLOUR('',#20641);
#20852 = STYLED_ITEM('color',(#20853),#2472);
#20853 = PRESENTATION_STYLE_ASSIGNMENT((#20854));
#20854 = SURFACE_STYLE_USAGE(.BOTH.,#20855);
#20855 = SURFACE_SIDE_STYLE('',(#20856));
#20856 = SURFACE_STYLE_FILL_AREA(#20857);
#20857 = FILL_AREA_STYLE('',(#20858));
#20858 = FILL_AREA_STYLE_COLOUR('',#20641);
#20859 = STYLED_ITEM('color',(#20860),#2489);
#20860 = PRESENTATION_STYLE_ASSIGNMENT((#20861));
#20861 = SURFACE_STYLE_USAGE(.BOTH.,#20862);
#20862 = SURFACE_SIDE_STYLE('',(#20863));
#20863 = SURFACE_STYLE_FILL_AREA(#20864);
#20864 = FILL_AREA_STYLE('',(#20865));
#20865 = FILL_AREA_STYLE_COLOUR('',#20641);
#20866 = STYLED_ITEM('color',(#20867),#2506);
#20867 = PRESENTATION_STYLE_ASSIGNMENT((#20868));
#20868 = SURFACE_STYLE_USAGE(.BOTH.,#20869);
#20869 = SURFACE_SIDE_STYLE('',(#20870));
#20870 = SURFACE_STYLE_FILL_AREA(#20871);
#20871 = FILL_AREA_STYLE('',(#20872));
#20872 = FILL_AREA_STYLE_COLOUR('',#20641);
#20873 = STYLED_ITEM('color',(#20874),#2523);
#20874 = PRESENTATION_STYLE_ASSIGNMENT((#20875));
#20875 = SURFACE_STYLE_USAGE(.BOTH.,#20876);
#20876 = SURFACE_SIDE_STYLE('',(#20877));
#20877 = SURFACE_STYLE_FILL_AREA(#20878);
#20878 = FILL_AREA_STYLE('',(#20879));
#20879 = FILL_AREA_STYLE_COLOUR('',#20641);
#20880 = STYLED_ITEM('color',(#20881),#2540);
#20881 = PRESENTATION_STYLE_ASSIGNMENT((#20882));
#20882 = SURFACE_STYLE_USAGE(.BOTH.,#20883);
#20883 = SURFACE_SIDE_STYLE('',(#20884));
#20884 = SURFACE_STYLE_FILL_AREA(#20885);
#20885 = FILL_AREA_STYLE('',(#20886));
#20886 = FILL_AREA_STYLE_COLOUR('',#20641);
#20887 = STYLED_ITEM('color',(#20888),#2557);
#20888 = PRESENTATION_STYLE_ASSIGNMENT((#20889));
#20889 = SURFACE_STYLE_USAGE(.BOTH.,#20890);
#20890 = SURFACE_SIDE_STYLE('',(#20891));
#20891 = SURFACE_STYLE_FILL_AREA(#20892);
#20892 = FILL_AREA_STYLE('',(#20893));
#20893 = FILL_AREA_STYLE_COLOUR('',#20641);
#20894 = STYLED_ITEM('color',(#20895),#2574);
#20895 = PRESENTATION_STYLE_ASSIGNMENT((#20896));
#20896 = SURFACE_STYLE_USAGE(.BOTH.,#20897);
#20897 = SURFACE_SIDE_STYLE('',(#20898));
#20898 = SURFACE_STYLE_FILL_AREA(#20899);
#20899 = FILL_AREA_STYLE('',(#20900));
#20900 = FILL_AREA_STYLE_COLOUR('',#20641);
#20901 = STYLED_ITEM('color',(#20902),#2591);
#20902 = PRESENTATION_STYLE_ASSIGNMENT((#20903));
#20903 = SURFACE_STYLE_USAGE(.BOTH.,#20904);
#20904 = SURFACE_SIDE_STYLE('',(#20905));
#20905 = SURFACE_STYLE_FILL_AREA(#20906);
#20906 = FILL_AREA_STYLE('',(#20907));
#20907 = FILL_AREA_STYLE_COLOUR('',#20641);
#20908 = STYLED_ITEM('color',(#20909),#2608);
#20909 = PRESENTATION_STYLE_ASSIGNMENT((#20910));
#20910 = SURFACE_STYLE_USAGE(.BOTH.,#20911);
#20911 = SURFACE_SIDE_STYLE('',(#20912));
#20912 = SURFACE_STYLE_FILL_AREA(#20913);
#20913 = FILL_AREA_STYLE('',(#20914));
#20914 = FILL_AREA_STYLE_COLOUR('',#20641);
#20915 = STYLED_ITEM('color',(#20916),#2620);
#20916 = PRESENTATION_STYLE_ASSIGNMENT((#20917));
#20917 = SURFACE_STYLE_USAGE(.BOTH.,#20918);
#20918 = SURFACE_SIDE_STYLE('',(#20919));
#20919 = SURFACE_STYLE_FILL_AREA(#20920);
#20920 = FILL_AREA_STYLE('',(#20921));
#20921 = FILL_AREA_STYLE_COLOUR('',#20922);
#20922 = COLOUR_RGB('',0.859000020776,0.737999965183,0.495999988746);
#20923 = STYLED_ITEM('color',(#20924),#2651);
#20924 = PRESENTATION_STYLE_ASSIGNMENT((#20925));
#20925 = SURFACE_STYLE_USAGE(.BOTH.,#20926);
#20926 = SURFACE_SIDE_STYLE('',(#20927));
#20927 = SURFACE_STYLE_FILL_AREA(#20928);
#20928 = FILL_AREA_STYLE('',(#20929));
#20929 = FILL_AREA_STYLE_COLOUR('',#20922);
#20930 = STYLED_ITEM('color',(#20931),#2675);
#20931 = PRESENTATION_STYLE_ASSIGNMENT((#20932));
#20932 = SURFACE_STYLE_USAGE(.BOTH.,#20933);
#20933 = SURFACE_SIDE_STYLE('',(#20934));
#20934 = SURFACE_STYLE_FILL_AREA(#20935);
#20935 = FILL_AREA_STYLE('',(#20936));
#20936 = FILL_AREA_STYLE_COLOUR('',#20922);
#20937 = STYLED_ITEM('color',(#20938),#2699);
#20938 = PRESENTATION_STYLE_ASSIGNMENT((#20939));
#20939 = SURFACE_STYLE_USAGE(.BOTH.,#20940);
#20940 = SURFACE_SIDE_STYLE('',(#20941));
#20941 = SURFACE_STYLE_FILL_AREA(#20942);
#20942 = FILL_AREA_STYLE('',(#20943));
#20943 = FILL_AREA_STYLE_COLOUR('',#20922);
#20944 = STYLED_ITEM('color',(#20945),#2716);
#20945 = PRESENTATION_STYLE_ASSIGNMENT((#20946));
#20946 = SURFACE_STYLE_USAGE(.BOTH.,#20947);
#20947 = SURFACE_SIDE_STYLE('',(#20948));
#20948 = SURFACE_STYLE_FILL_AREA(#20949);
#20949 = FILL_AREA_STYLE('',(#20950));
#20950 = FILL_AREA_STYLE_COLOUR('',#20922);
#20951 = STYLED_ITEM('color',(#20952),#2747);
#20952 = PRESENTATION_STYLE_ASSIGNMENT((#20953));
#20953 = SURFACE_STYLE_USAGE(.BOTH.,#20954);
#20954 = SURFACE_SIDE_STYLE('',(#20955));
#20955 = SURFACE_STYLE_FILL_AREA(#20956);
#20956 = FILL_AREA_STYLE('',(#20957));
#20957 = FILL_AREA_STYLE_COLOUR('',#20922);
#20958 = STYLED_ITEM('color',(#20959),#2771);
#20959 = PRESENTATION_STYLE_ASSIGNMENT((#20960));
#20960 = SURFACE_STYLE_USAGE(.BOTH.,#20961);
#20961 = SURFACE_SIDE_STYLE('',(#20962));
#20962 = SURFACE_STYLE_FILL_AREA(#20963);
#20963 = FILL_AREA_STYLE('',(#20964));
#20964 = FILL_AREA_STYLE_COLOUR('',#20922);
#20965 = STYLED_ITEM('color',(#20966),#2795);
#20966 = PRESENTATION_STYLE_ASSIGNMENT((#20967));
#20967 = SURFACE_STYLE_USAGE(.BOTH.,#20968);
#20968 = SURFACE_SIDE_STYLE('',(#20969));
#20969 = SURFACE_STYLE_FILL_AREA(#20970);
#20970 = FILL_AREA_STYLE('',(#20971));
#20971 = FILL_AREA_STYLE_COLOUR('',#20922);
#20972 = STYLED_ITEM('color',(#20973),#2812);
#20973 = PRESENTATION_STYLE_ASSIGNMENT((#20974));
#20974 = SURFACE_STYLE_USAGE(.BOTH.,#20975);
#20975 = SURFACE_SIDE_STYLE('',(#20976));
#20976 = SURFACE_STYLE_FILL_AREA(#20977);
#20977 = FILL_AREA_STYLE('',(#20978));
#20978 = FILL_AREA_STYLE_COLOUR('',#20922);
#20979 = STYLED_ITEM('color',(#20980),#2843);
#20980 = PRESENTATION_STYLE_ASSIGNMENT((#20981));
#20981 = SURFACE_STYLE_USAGE(.BOTH.,#20982);
#20982 = SURFACE_SIDE_STYLE('',(#20983));
#20983 = SURFACE_STYLE_FILL_AREA(#20984);
#20984 = FILL_AREA_STYLE('',(#20985));
#20985 = FILL_AREA_STYLE_COLOUR('',#20922);
#20986 = STYLED_ITEM('color',(#20987),#2867);
#20987 = PRESENTATION_STYLE_ASSIGNMENT((#20988));
#20988 = SURFACE_STYLE_USAGE(.BOTH.,#20989);
#20989 = SURFACE_SIDE_STYLE('',(#20990));
#20990 = SURFACE_STYLE_FILL_AREA(#20991);
#20991 = FILL_AREA_STYLE('',(#20992));
#20992 = FILL_AREA_STYLE_COLOUR('',#20922);
#20993 = STYLED_ITEM('color',(#20994),#2891);
#20994 = PRESENTATION_STYLE_ASSIGNMENT((#20995));
#20995 = SURFACE_STYLE_USAGE(.BOTH.,#20996);
#20996 = SURFACE_SIDE_STYLE('',(#20997));
#20997 = SURFACE_STYLE_FILL_AREA(#20998);
#20998 = FILL_AREA_STYLE('',(#20999));
#20999 = FILL_AREA_STYLE_COLOUR('',#20922);
#21000 = STYLED_ITEM('color',(#21001),#2908);
#21001 = PRESENTATION_STYLE_ASSIGNMENT((#21002));
#21002 = SURFACE_STYLE_USAGE(.BOTH.,#21003);
#21003 = SURFACE_SIDE_STYLE('',(#21004));
#21004 = SURFACE_STYLE_FILL_AREA(#21005);
#21005 = FILL_AREA_STYLE('',(#21006));
#21006 = FILL_AREA_STYLE_COLOUR('',#20922);
#21007 = STYLED_ITEM('color',(#21008),#2939);
#21008 = PRESENTATION_STYLE_ASSIGNMENT((#21009));
#21009 = SURFACE_STYLE_USAGE(.BOTH.,#21010);
#21010 = SURFACE_SIDE_STYLE('',(#21011));
#21011 = SURFACE_STYLE_FILL_AREA(#21012);
#21012 = FILL_AREA_STYLE('',(#21013));
#21013 = FILL_AREA_STYLE_COLOUR('',#20922);
#21014 = STYLED_ITEM('color',(#21015),#2963);
#21015 = PRESENTATION_STYLE_ASSIGNMENT((#21016));
#21016 = SURFACE_STYLE_USAGE(.BOTH.,#21017);
#21017 = SURFACE_SIDE_STYLE('',(#21018));
#21018 = SURFACE_STYLE_FILL_AREA(#21019);
#21019 = FILL_AREA_STYLE('',(#21020));
#21020 = FILL_AREA_STYLE_COLOUR('',#20922);
#21021 = STYLED_ITEM('color',(#21022),#2987);
#21022 = PRESENTATION_STYLE_ASSIGNMENT((#21023));
#21023 = SURFACE_STYLE_USAGE(.BOTH.,#21024);
#21024 = SURFACE_SIDE_STYLE('',(#21025));
#21025 = SURFACE_STYLE_FILL_AREA(#21026);
#21026 = FILL_AREA_STYLE('',(#21027));
#21027 = FILL_AREA_STYLE_COLOUR('',#20922);
#21028 = STYLED_ITEM('color',(#21029),#3004);
#21029 = PRESENTATION_STYLE_ASSIGNMENT((#21030));
#21030 = SURFACE_STYLE_USAGE(.BOTH.,#21031);
#21031 = SURFACE_SIDE_STYLE('',(#21032));
#21032 = SURFACE_STYLE_FILL_AREA(#21033);
#21033 = FILL_AREA_STYLE('',(#21034));
#21034 = FILL_AREA_STYLE_COLOUR('',#20922);
#21035 = STYLED_ITEM('color',(#21036),#3035);
#21036 = PRESENTATION_STYLE_ASSIGNMENT((#21037));
#21037 = SURFACE_STYLE_USAGE(.BOTH.,#21038);
#21038 = SURFACE_SIDE_STYLE('',(#21039));
#21039 = SURFACE_STYLE_FILL_AREA(#21040);
#21040 = FILL_AREA_STYLE('',(#21041));
#21041 = FILL_AREA_STYLE_COLOUR('',#20922);
#21042 = STYLED_ITEM('color',(#21043),#3059);
#21043 = PRESENTATION_STYLE_ASSIGNMENT((#21044));
#21044 = SURFACE_STYLE_USAGE(.BOTH.,#21045);
#21045 = SURFACE_SIDE_STYLE('',(#21046));
#21046 = SURFACE_STYLE_FILL_AREA(#21047);
#21047 = FILL_AREA_STYLE('',(#21048));
#21048 = FILL_AREA_STYLE_COLOUR('',#20922);
#21049 = STYLED_ITEM('color',(#21050),#3083);
#21050 = PRESENTATION_STYLE_ASSIGNMENT((#21051));
#21051 = SURFACE_STYLE_USAGE(.BOTH.,#21052);
#21052 = SURFACE_SIDE_STYLE('',(#21053));
#21053 = SURFACE_STYLE_FILL_AREA(#21054);
#21054 = FILL_AREA_STYLE('',(#21055));
#21055 = FILL_AREA_STYLE_COLOUR('',#20922);
#21056 = STYLED_ITEM('color',(#21057),#3100);
#21057 = PRESENTATION_STYLE_ASSIGNMENT((#21058));
#21058 = SURFACE_STYLE_USAGE(.BOTH.,#21059);
#21059 = SURFACE_SIDE_STYLE('',(#21060));
#21060 = SURFACE_STYLE_FILL_AREA(#21061);
#21061 = FILL_AREA_STYLE('',(#21062));
#21062 = FILL_AREA_STYLE_COLOUR('',#20922);
#21063 = STYLED_ITEM('color',(#21064),#3131);
#21064 = PRESENTATION_STYLE_ASSIGNMENT((#21065));
#21065 = SURFACE_STYLE_USAGE(.BOTH.,#21066);
#21066 = SURFACE_SIDE_STYLE('',(#21067));
#21067 = SURFACE_STYLE_FILL_AREA(#21068);
#21068 = FILL_AREA_STYLE('',(#21069));
#21069 = FILL_AREA_STYLE_COLOUR('',#20922);
#21070 = STYLED_ITEM('color',(#21071),#3155);
#21071 = PRESENTATION_STYLE_ASSIGNMENT((#21072));
#21072 = SURFACE_STYLE_USAGE(.BOTH.,#21073);
#21073 = SURFACE_SIDE_STYLE('',(#21074));
#21074 = SURFACE_STYLE_FILL_AREA(#21075);
#21075 = FILL_AREA_STYLE('',(#21076));
#21076 = FILL_AREA_STYLE_COLOUR('',#20922);
#21077 = STYLED_ITEM('color',(#21078),#3179);
#21078 = PRESENTATION_STYLE_ASSIGNMENT((#21079));
#21079 = SURFACE_STYLE_USAGE(.BOTH.,#21080);
#21080 = SURFACE_SIDE_STYLE('',(#21081));
#21081 = SURFACE_STYLE_FILL_AREA(#21082);
#21082 = FILL_AREA_STYLE('',(#21083));
#21083 = FILL_AREA_STYLE_COLOUR('',#20922);
#21084 = STYLED_ITEM('color',(#21085),#3196);
#21085 = PRESENTATION_STYLE_ASSIGNMENT((#21086));
#21086 = SURFACE_STYLE_USAGE(.BOTH.,#21087);
#21087 = SURFACE_SIDE_STYLE('',(#21088));
#21088 = SURFACE_STYLE_FILL_AREA(#21089);
#21089 = FILL_AREA_STYLE('',(#21090));
#21090 = FILL_AREA_STYLE_COLOUR('',#20922);
#21091 = STYLED_ITEM('color',(#21092),#3227);
#21092 = PRESENTATION_STYLE_ASSIGNMENT((#21093));
#21093 = SURFACE_STYLE_USAGE(.BOTH.,#21094);
#21094 = SURFACE_SIDE_STYLE('',(#21095));
#21095 = SURFACE_STYLE_FILL_AREA(#21096);
#21096 = FILL_AREA_STYLE('',(#21097));
#21097 = FILL_AREA_STYLE_COLOUR('',#20922);
#21098 = STYLED_ITEM('color',(#21099),#3251);
#21099 = PRESENTATION_STYLE_ASSIGNMENT((#21100));
#21100 = SURFACE_STYLE_USAGE(.BOTH.,#21101);
#21101 = SURFACE_SIDE_STYLE('',(#21102));
#21102 = SURFACE_STYLE_FILL_AREA(#21103);
#21103 = FILL_AREA_STYLE('',(#21104));
#21104 = FILL_AREA_STYLE_COLOUR('',#20922);
#21105 = STYLED_ITEM('color',(#21106),#3275);
#21106 = PRESENTATION_STYLE_ASSIGNMENT((#21107));
#21107 = SURFACE_STYLE_USAGE(.BOTH.,#21108);
#21108 = SURFACE_SIDE_STYLE('',(#21109));
#21109 = SURFACE_STYLE_FILL_AREA(#21110);
#21110 = FILL_AREA_STYLE('',(#21111));
#21111 = FILL_AREA_STYLE_COLOUR('',#20922);
#21112 = STYLED_ITEM('color',(#21113),#3292);
#21113 = PRESENTATION_STYLE_ASSIGNMENT((#21114));
#21114 = SURFACE_STYLE_USAGE(.BOTH.,#21115);
#21115 = SURFACE_SIDE_STYLE('',(#21116));
#21116 = SURFACE_STYLE_FILL_AREA(#21117);
#21117 = FILL_AREA_STYLE('',(#21118));
#21118 = FILL_AREA_STYLE_COLOUR('',#20922);
#21119 = STYLED_ITEM('color',(#21120),#3323);
#21120 = PRESENTATION_STYLE_ASSIGNMENT((#21121));
#21121 = SURFACE_STYLE_USAGE(.BOTH.,#21122);
#21122 = SURFACE_SIDE_STYLE('',(#21123));
#21123 = SURFACE_STYLE_FILL_AREA(#21124);
#21124 = FILL_AREA_STYLE('',(#21125));
#21125 = FILL_AREA_STYLE_COLOUR('',#20922);
#21126 = STYLED_ITEM('color',(#21127),#3347);
#21127 = PRESENTATION_STYLE_ASSIGNMENT((#21128));
#21128 = SURFACE_STYLE_USAGE(.BOTH.,#21129);
#21129 = SURFACE_SIDE_STYLE('',(#21130));
#21130 = SURFACE_STYLE_FILL_AREA(#21131);
#21131 = FILL_AREA_STYLE('',(#21132));
#21132 = FILL_AREA_STYLE_COLOUR('',#20922);
#21133 = STYLED_ITEM('color',(#21134),#3371);
#21134 = PRESENTATION_STYLE_ASSIGNMENT((#21135));
#21135 = SURFACE_STYLE_USAGE(.BOTH.,#21136);
#21136 = SURFACE_SIDE_STYLE('',(#21137));
#21137 = SURFACE_STYLE_FILL_AREA(#21138);
#21138 = FILL_AREA_STYLE('',(#21139));
#21139 = FILL_AREA_STYLE_COLOUR('',#20922);
#21140 = STYLED_ITEM('color',(#21141),#3388);
#21141 = PRESENTATION_STYLE_ASSIGNMENT((#21142));
#21142 = SURFACE_STYLE_USAGE(.BOTH.,#21143);
#21143 = SURFACE_SIDE_STYLE('',(#21144));
#21144 = SURFACE_STYLE_FILL_AREA(#21145);
#21145 = FILL_AREA_STYLE('',(#21146));
#21146 = FILL_AREA_STYLE_COLOUR('',#20922);
#21147 = STYLED_ITEM('color',(#21148),#3419);
#21148 = PRESENTATION_STYLE_ASSIGNMENT((#21149));
#21149 = SURFACE_STYLE_USAGE(.BOTH.,#21150);
#21150 = SURFACE_SIDE_STYLE('',(#21151));
#21151 = SURFACE_STYLE_FILL_AREA(#21152);
#21152 = FILL_AREA_STYLE('',(#21153));
#21153 = FILL_AREA_STYLE_COLOUR('',#20922);
#21154 = STYLED_ITEM('color',(#21155),#3443);
#21155 = PRESENTATION_STYLE_ASSIGNMENT((#21156));
#21156 = SURFACE_STYLE_USAGE(.BOTH.,#21157);
#21157 = SURFACE_SIDE_STYLE('',(#21158));
#21158 = SURFACE_STYLE_FILL_AREA(#21159);
#21159 = FILL_AREA_STYLE('',(#21160));
#21160 = FILL_AREA_STYLE_COLOUR('',#20922);
#21161 = STYLED_ITEM('color',(#21162),#3467);
#21162 = PRESENTATION_STYLE_ASSIGNMENT((#21163));
#21163 = SURFACE_STYLE_USAGE(.BOTH.,#21164);
#21164 = SURFACE_SIDE_STYLE('',(#21165));
#21165 = SURFACE_STYLE_FILL_AREA(#21166);
#21166 = FILL_AREA_STYLE('',(#21167));
#21167 = FILL_AREA_STYLE_COLOUR('',#20922);
#21168 = STYLED_ITEM('color',(#21169),#3484);
#21169 = PRESENTATION_STYLE_ASSIGNMENT((#21170));
#21170 = SURFACE_STYLE_USAGE(.BOTH.,#21171);
#21171 = SURFACE_SIDE_STYLE('',(#21172));
#21172 = SURFACE_STYLE_FILL_AREA(#21173);
#21173 = FILL_AREA_STYLE('',(#21174));
#21174 = FILL_AREA_STYLE_COLOUR('',#20922);
#21175 = STYLED_ITEM('color',(#21176),#3515);
#21176 = PRESENTATION_STYLE_ASSIGNMENT((#21177));
#21177 = SURFACE_STYLE_USAGE(.BOTH.,#21178);
#21178 = SURFACE_SIDE_STYLE('',(#21179));
#21179 = SURFACE_STYLE_FILL_AREA(#21180);
#21180 = FILL_AREA_STYLE('',(#21181));
#21181 = FILL_AREA_STYLE_COLOUR('',#20922);
#21182 = STYLED_ITEM('color',(#21183),#3539);
#21183 = PRESENTATION_STYLE_ASSIGNMENT((#21184));
#21184 = SURFACE_STYLE_USAGE(.BOTH.,#21185);
#21185 = SURFACE_SIDE_STYLE('',(#21186));
#21186 = SURFACE_STYLE_FILL_AREA(#21187);
#21187 = FILL_AREA_STYLE('',(#21188));
#21188 = FILL_AREA_STYLE_COLOUR('',#20922);
#21189 = STYLED_ITEM('color',(#21190),#3563);
#21190 = PRESENTATION_STYLE_ASSIGNMENT((#21191));
#21191 = SURFACE_STYLE_USAGE(.BOTH.,#21192);
#21192 = SURFACE_SIDE_STYLE('',(#21193));
#21193 = SURFACE_STYLE_FILL_AREA(#21194);
#21194 = FILL_AREA_STYLE('',(#21195));
#21195 = FILL_AREA_STYLE_COLOUR('',#20922);
#21196 = STYLED_ITEM('color',(#21197),#3580);
#21197 = PRESENTATION_STYLE_ASSIGNMENT((#21198));
#21198 = SURFACE_STYLE_USAGE(.BOTH.,#21199);
#21199 = SURFACE_SIDE_STYLE('',(#21200));
#21200 = SURFACE_STYLE_FILL_AREA(#21201);
#21201 = FILL_AREA_STYLE('',(#21202));
#21202 = FILL_AREA_STYLE_COLOUR('',#20922);
#21203 = STYLED_ITEM('color',(#21204),#3611);
#21204 = PRESENTATION_STYLE_ASSIGNMENT((#21205));
#21205 = SURFACE_STYLE_USAGE(.BOTH.,#21206);
#21206 = SURFACE_SIDE_STYLE('',(#21207));
#21207 = SURFACE_STYLE_FILL_AREA(#21208);
#21208 = FILL_AREA_STYLE('',(#21209));
#21209 = FILL_AREA_STYLE_COLOUR('',#20922);
#21210 = STYLED_ITEM('color',(#21211),#3635);
#21211 = PRESENTATION_STYLE_ASSIGNMENT((#21212));
#21212 = SURFACE_STYLE_USAGE(.BOTH.,#21213);
#21213 = SURFACE_SIDE_STYLE('',(#21214));
#21214 = SURFACE_STYLE_FILL_AREA(#21215);
#21215 = FILL_AREA_STYLE('',(#21216));
#21216 = FILL_AREA_STYLE_COLOUR('',#20922);
#21217 = STYLED_ITEM('color',(#21218),#3659);
#21218 = PRESENTATION_STYLE_ASSIGNMENT((#21219));
#21219 = SURFACE_STYLE_USAGE(.BOTH.,#21220);
#21220 = SURFACE_SIDE_STYLE('',(#21221));
#21221 = SURFACE_STYLE_FILL_AREA(#21222);
#21222 = FILL_AREA_STYLE('',(#21223));
#21223 = FILL_AREA_STYLE_COLOUR('',#20922);
#21224 = STYLED_ITEM('color',(#21225),#3676);
#21225 = PRESENTATION_STYLE_ASSIGNMENT((#21226));
#21226 = SURFACE_STYLE_USAGE(.BOTH.,#21227);
#21227 = SURFACE_SIDE_STYLE('',(#21228));
#21228 = SURFACE_STYLE_FILL_AREA(#21229);
#21229 = FILL_AREA_STYLE('',(#21230));
#21230 = FILL_AREA_STYLE_COLOUR('',#20922);
#21231 = STYLED_ITEM('color',(#21232),#3707);
#21232 = PRESENTATION_STYLE_ASSIGNMENT((#21233));
#21233 = SURFACE_STYLE_USAGE(.BOTH.,#21234);
#21234 = SURFACE_SIDE_STYLE('',(#21235));
#21235 = SURFACE_STYLE_FILL_AREA(#21236);
#21236 = FILL_AREA_STYLE('',(#21237));
#21237 = FILL_AREA_STYLE_COLOUR('',#20922);
#21238 = STYLED_ITEM('color',(#21239),#3731);
#21239 = PRESENTATION_STYLE_ASSIGNMENT((#21240));
#21240 = SURFACE_STYLE_USAGE(.BOTH.,#21241);
#21241 = SURFACE_SIDE_STYLE('',(#21242));
#21242 = SURFACE_STYLE_FILL_AREA(#21243);
#21243 = FILL_AREA_STYLE('',(#21244));
#21244 = FILL_AREA_STYLE_COLOUR('',#20922);
#21245 = STYLED_ITEM('color',(#21246),#3755);
#21246 = PRESENTATION_STYLE_ASSIGNMENT((#21247));
#21247 = SURFACE_STYLE_USAGE(.BOTH.,#21248);
#21248 = SURFACE_SIDE_STYLE('',(#21249));
#21249 = SURFACE_STYLE_FILL_AREA(#21250);
#21250 = FILL_AREA_STYLE('',(#21251));
#21251 = FILL_AREA_STYLE_COLOUR('',#20922);
#21252 = STYLED_ITEM('color',(#21253),#3772);
#21253 = PRESENTATION_STYLE_ASSIGNMENT((#21254));
#21254 = SURFACE_STYLE_USAGE(.BOTH.,#21255);
#21255 = SURFACE_SIDE_STYLE('',(#21256));
#21256 = SURFACE_STYLE_FILL_AREA(#21257);
#21257 = FILL_AREA_STYLE('',(#21258));
#21258 = FILL_AREA_STYLE_COLOUR('',#20922);
#21259 = STYLED_ITEM('color',(#21260),#3803);
#21260 = PRESENTATION_STYLE_ASSIGNMENT((#21261));
#21261 = SURFACE_STYLE_USAGE(.BOTH.,#21262);
#21262 = SURFACE_SIDE_STYLE('',(#21263));
#21263 = SURFACE_STYLE_FILL_AREA(#21264);
#21264 = FILL_AREA_STYLE('',(#21265));
#21265 = FILL_AREA_STYLE_COLOUR('',#20922);
#21266 = STYLED_ITEM('color',(#21267),#3827);
#21267 = PRESENTATION_STYLE_ASSIGNMENT((#21268));
#21268 = SURFACE_STYLE_USAGE(.BOTH.,#21269);
#21269 = SURFACE_SIDE_STYLE('',(#21270));
#21270 = SURFACE_STYLE_FILL_AREA(#21271);
#21271 = FILL_AREA_STYLE('',(#21272));
#21272 = FILL_AREA_STYLE_COLOUR('',#20922);
#21273 = STYLED_ITEM('color',(#21274),#3851);
#21274 = PRESENTATION_STYLE_ASSIGNMENT((#21275));
#21275 = SURFACE_STYLE_USAGE(.BOTH.,#21276);
#21276 = SURFACE_SIDE_STYLE('',(#21277));
#21277 = SURFACE_STYLE_FILL_AREA(#21278);
#21278 = FILL_AREA_STYLE('',(#21279));
#21279 = FILL_AREA_STYLE_COLOUR('',#20922);
#21280 = STYLED_ITEM('color',(#21281),#3868);
#21281 = PRESENTATION_STYLE_ASSIGNMENT((#21282));
#21282 = SURFACE_STYLE_USAGE(.BOTH.,#21283);
#21283 = SURFACE_SIDE_STYLE('',(#21284));
#21284 = SURFACE_STYLE_FILL_AREA(#21285);
#21285 = FILL_AREA_STYLE('',(#21286));
#21286 = FILL_AREA_STYLE_COLOUR('',#20922);
#21287 = STYLED_ITEM('color',(#21288),#3899);
#21288 = PRESENTATION_STYLE_ASSIGNMENT((#21289));
#21289 = SURFACE_STYLE_USAGE(.BOTH.,#21290);
#21290 = SURFACE_SIDE_STYLE('',(#21291));
#21291 = SURFACE_STYLE_FILL_AREA(#21292);
#21292 = FILL_AREA_STYLE('',(#21293));
#21293 = FILL_AREA_STYLE_COLOUR('',#20922);
#21294 = STYLED_ITEM('color',(#21295),#3923);
#21295 = PRESENTATION_STYLE_ASSIGNMENT((#21296));
#21296 = SURFACE_STYLE_USAGE(.BOTH.,#21297);
#21297 = SURFACE_SIDE_STYLE('',(#21298));
#21298 = SURFACE_STYLE_FILL_AREA(#21299);
#21299 = FILL_AREA_STYLE('',(#21300));
#21300 = FILL_AREA_STYLE_COLOUR('',#20922);
#21301 = STYLED_ITEM('color',(#21302),#3947);
#21302 = PRESENTATION_STYLE_ASSIGNMENT((#21303));
#21303 = SURFACE_STYLE_USAGE(.BOTH.,#21304);
#21304 = SURFACE_SIDE_STYLE('',(#21305));
#21305 = SURFACE_STYLE_FILL_AREA(#21306);
#21306 = FILL_AREA_STYLE('',(#21307));
#21307 = FILL_AREA_STYLE_COLOUR('',#20922);
#21308 = STYLED_ITEM('color',(#21309),#3964);
#21309 = PRESENTATION_STYLE_ASSIGNMENT((#21310));
#21310 = SURFACE_STYLE_USAGE(.BOTH.,#21311);
#21311 = SURFACE_SIDE_STYLE('',(#21312));
#21312 = SURFACE_STYLE_FILL_AREA(#21313);
#21313 = FILL_AREA_STYLE('',(#21314));
#21314 = FILL_AREA_STYLE_COLOUR('',#20922);
#21315 = STYLED_ITEM('color',(#21316),#3995);
#21316 = PRESENTATION_STYLE_ASSIGNMENT((#21317));
#21317 = SURFACE_STYLE_USAGE(.BOTH.,#21318);
#21318 = SURFACE_SIDE_STYLE('',(#21319));
#21319 = SURFACE_STYLE_FILL_AREA(#21320);
#21320 = FILL_AREA_STYLE('',(#21321));
#21321 = FILL_AREA_STYLE_COLOUR('',#20922);
#21322 = STYLED_ITEM('color',(#21323),#4019);
#21323 = PRESENTATION_STYLE_ASSIGNMENT((#21324));
#21324 = SURFACE_STYLE_USAGE(.BOTH.,#21325);
#21325 = SURFACE_SIDE_STYLE('',(#21326));
#21326 = SURFACE_STYLE_FILL_AREA(#21327);
#21327 = FILL_AREA_STYLE('',(#21328));
#21328 = FILL_AREA_STYLE_COLOUR('',#20922);
#21329 = STYLED_ITEM('color',(#21330),#4043);
#21330 = PRESENTATION_STYLE_ASSIGNMENT((#21331));
#21331 = SURFACE_STYLE_USAGE(.BOTH.,#21332);
#21332 = SURFACE_SIDE_STYLE('',(#21333));
#21333 = SURFACE_STYLE_FILL_AREA(#21334);
#21334 = FILL_AREA_STYLE('',(#21335));
#21335 = FILL_AREA_STYLE_COLOUR('',#20922);
#21336 = STYLED_ITEM('color',(#21337),#4060);
#21337 = PRESENTATION_STYLE_ASSIGNMENT((#21338));
#21338 = SURFACE_STYLE_USAGE(.BOTH.,#21339);
#21339 = SURFACE_SIDE_STYLE('',(#21340));
#21340 = SURFACE_STYLE_FILL_AREA(#21341);
#21341 = FILL_AREA_STYLE('',(#21342));
#21342 = FILL_AREA_STYLE_COLOUR('',#20922);
#21343 = STYLED_ITEM('color',(#21344),#4091);
#21344 = PRESENTATION_STYLE_ASSIGNMENT((#21345));
#21345 = SURFACE_STYLE_USAGE(.BOTH.,#21346);
#21346 = SURFACE_SIDE_STYLE('',(#21347));
#21347 = SURFACE_STYLE_FILL_AREA(#21348);
#21348 = FILL_AREA_STYLE('',(#21349));
#21349 = FILL_AREA_STYLE_COLOUR('',#20922);
#21350 = STYLED_ITEM('color',(#21351),#4115);
#21351 = PRESENTATION_STYLE_ASSIGNMENT((#21352));
#21352 = SURFACE_STYLE_USAGE(.BOTH.,#21353);
#21353 = SURFACE_SIDE_STYLE('',(#21354));
#21354 = SURFACE_STYLE_FILL_AREA(#21355);
#21355 = FILL_AREA_STYLE('',(#21356));
#21356 = FILL_AREA_STYLE_COLOUR('',#20922);
#21357 = STYLED_ITEM('color',(#21358),#4139);
#21358 = PRESENTATION_STYLE_ASSIGNMENT((#21359));
#21359 = SURFACE_STYLE_USAGE(.BOTH.,#21360);
#21360 = SURFACE_SIDE_STYLE('',(#21361));
#21361 = SURFACE_STYLE_FILL_AREA(#21362);
#21362 = FILL_AREA_STYLE('',(#21363));
#21363 = FILL_AREA_STYLE_COLOUR('',#20922);
#21364 = STYLED_ITEM('color',(#21365),#4156);
#21365 = PRESENTATION_STYLE_ASSIGNMENT((#21366));
#21366 = SURFACE_STYLE_USAGE(.BOTH.,#21367);
#21367 = SURFACE_SIDE_STYLE('',(#21368));
#21368 = SURFACE_STYLE_FILL_AREA(#21369);
#21369 = FILL_AREA_STYLE('',(#21370));
#21370 = FILL_AREA_STYLE_COLOUR('',#20922);
#21371 = STYLED_ITEM('color',(#21372),#4187);
#21372 = PRESENTATION_STYLE_ASSIGNMENT((#21373));
#21373 = SURFACE_STYLE_USAGE(.BOTH.,#21374);
#21374 = SURFACE_SIDE_STYLE('',(#21375));
#21375 = SURFACE_STYLE_FILL_AREA(#21376);
#21376 = FILL_AREA_STYLE('',(#21377));
#21377 = FILL_AREA_STYLE_COLOUR('',#20922);
#21378 = STYLED_ITEM('color',(#21379),#4211);
#21379 = PRESENTATION_STYLE_ASSIGNMENT((#21380));
#21380 = SURFACE_STYLE_USAGE(.BOTH.,#21381);
#21381 = SURFACE_SIDE_STYLE('',(#21382));
#21382 = SURFACE_STYLE_FILL_AREA(#21383);
#21383 = FILL_AREA_STYLE('',(#21384));
#21384 = FILL_AREA_STYLE_COLOUR('',#20922);
#21385 = STYLED_ITEM('color',(#21386),#4235);
#21386 = PRESENTATION_STYLE_ASSIGNMENT((#21387));
#21387 = SURFACE_STYLE_USAGE(.BOTH.,#21388);
#21388 = SURFACE_SIDE_STYLE('',(#21389));
#21389 = SURFACE_STYLE_FILL_AREA(#21390);
#21390 = FILL_AREA_STYLE('',(#21391));
#21391 = FILL_AREA_STYLE_COLOUR('',#20922);
#21392 = STYLED_ITEM('color',(#21393),#4252);
#21393 = PRESENTATION_STYLE_ASSIGNMENT((#21394));
#21394 = SURFACE_STYLE_USAGE(.BOTH.,#21395);
#21395 = SURFACE_SIDE_STYLE('',(#21396));
#21396 = SURFACE_STYLE_FILL_AREA(#21397);
#21397 = FILL_AREA_STYLE('',(#21398));
#21398 = FILL_AREA_STYLE_COLOUR('',#20922);
#21399 = STYLED_ITEM('color',(#21400),#4283);
#21400 = PRESENTATION_STYLE_ASSIGNMENT((#21401));
#21401 = SURFACE_STYLE_USAGE(.BOTH.,#21402);
#21402 = SURFACE_SIDE_STYLE('',(#21403));
#21403 = SURFACE_STYLE_FILL_AREA(#21404);
#21404 = FILL_AREA_STYLE('',(#21405));
#21405 = FILL_AREA_STYLE_COLOUR('',#20922);
#21406 = STYLED_ITEM('color',(#21407),#4307);
#21407 = PRESENTATION_STYLE_ASSIGNMENT((#21408));
#21408 = SURFACE_STYLE_USAGE(.BOTH.,#21409);
#21409 = SURFACE_SIDE_STYLE('',(#21410));
#21410 = SURFACE_STYLE_FILL_AREA(#21411);
#21411 = FILL_AREA_STYLE('',(#21412));
#21412 = FILL_AREA_STYLE_COLOUR('',#20922);
#21413 = STYLED_ITEM('color',(#21414),#4331);
#21414 = PRESENTATION_STYLE_ASSIGNMENT((#21415));
#21415 = SURFACE_STYLE_USAGE(.BOTH.,#21416);
#21416 = SURFACE_SIDE_STYLE('',(#21417));
#21417 = SURFACE_STYLE_FILL_AREA(#21418);
#21418 = FILL_AREA_STYLE('',(#21419));
#21419 = FILL_AREA_STYLE_COLOUR('',#20922);
#21420 = STYLED_ITEM('color',(#21421),#4348);
#21421 = PRESENTATION_STYLE_ASSIGNMENT((#21422));
#21422 = SURFACE_STYLE_USAGE(.BOTH.,#21423);
#21423 = SURFACE_SIDE_STYLE('',(#21424));
#21424 = SURFACE_STYLE_FILL_AREA(#21425);
#21425 = FILL_AREA_STYLE('',(#21426));
#21426 = FILL_AREA_STYLE_COLOUR('',#20922);
#21427 = STYLED_ITEM('color',(#21428),#4379);
#21428 = PRESENTATION_STYLE_ASSIGNMENT((#21429));
#21429 = SURFACE_STYLE_USAGE(.BOTH.,#21430);
#21430 = SURFACE_SIDE_STYLE('',(#21431));
#21431 = SURFACE_STYLE_FILL_AREA(#21432);
#21432 = FILL_AREA_STYLE('',(#21433));
#21433 = FILL_AREA_STYLE_COLOUR('',#20922);
#21434 = STYLED_ITEM('color',(#21435),#4403);
#21435 = PRESENTATION_STYLE_ASSIGNMENT((#21436));
#21436 = SURFACE_STYLE_USAGE(.BOTH.,#21437);
#21437 = SURFACE_SIDE_STYLE('',(#21438));
#21438 = SURFACE_STYLE_FILL_AREA(#21439);
#21439 = FILL_AREA_STYLE('',(#21440));
#21440 = FILL_AREA_STYLE_COLOUR('',#20922);
#21441 = STYLED_ITEM('color',(#21442),#4427);
#21442 = PRESENTATION_STYLE_ASSIGNMENT((#21443));
#21443 = SURFACE_STYLE_USAGE(.BOTH.,#21444);
#21444 = SURFACE_SIDE_STYLE('',(#21445));
#21445 = SURFACE_STYLE_FILL_AREA(#21446);
#21446 = FILL_AREA_STYLE('',(#21447));
#21447 = FILL_AREA_STYLE_COLOUR('',#20922);
#21448 = STYLED_ITEM('color',(#21449),#4444);
#21449 = PRESENTATION_STYLE_ASSIGNMENT((#21450));
#21450 = SURFACE_STYLE_USAGE(.BOTH.,#21451);
#21451 = SURFACE_SIDE_STYLE('',(#21452));
#21452 = SURFACE_STYLE_FILL_AREA(#21453);
#21453 = FILL_AREA_STYLE('',(#21454));
#21454 = FILL_AREA_STYLE_COLOUR('',#20922);
#21455 = STYLED_ITEM('color',(#21456),#4475);
#21456 = PRESENTATION_STYLE_ASSIGNMENT((#21457));
#21457 = SURFACE_STYLE_USAGE(.BOTH.,#21458);
#21458 = SURFACE_SIDE_STYLE('',(#21459));
#21459 = SURFACE_STYLE_FILL_AREA(#21460);
#21460 = FILL_AREA_STYLE('',(#21461));
#21461 = FILL_AREA_STYLE_COLOUR('',#20922);
#21462 = STYLED_ITEM('color',(#21463),#4499);
#21463 = PRESENTATION_STYLE_ASSIGNMENT((#21464));
#21464 = SURFACE_STYLE_USAGE(.BOTH.,#21465);
#21465 = SURFACE_SIDE_STYLE('',(#21466));
#21466 = SURFACE_STYLE_FILL_AREA(#21467);
#21467 = FILL_AREA_STYLE('',(#21468));
#21468 = FILL_AREA_STYLE_COLOUR('',#20922);
#21469 = STYLED_ITEM('color',(#21470),#4523);
#21470 = PRESENTATION_STYLE_ASSIGNMENT((#21471));
#21471 = SURFACE_STYLE_USAGE(.BOTH.,#21472);
#21472 = SURFACE_SIDE_STYLE('',(#21473));
#21473 = SURFACE_STYLE_FILL_AREA(#21474);
#21474 = FILL_AREA_STYLE('',(#21475));
#21475 = FILL_AREA_STYLE_COLOUR('',#20922);
#21476 = STYLED_ITEM('color',(#21477),#4540);
#21477 = PRESENTATION_STYLE_ASSIGNMENT((#21478));
#21478 = SURFACE_STYLE_USAGE(.BOTH.,#21479);
#21479 = SURFACE_SIDE_STYLE('',(#21480));
#21480 = SURFACE_STYLE_FILL_AREA(#21481);
#21481 = FILL_AREA_STYLE('',(#21482));
#21482 = FILL_AREA_STYLE_COLOUR('',#20922);
#21483 = STYLED_ITEM('color',(#21484),#4571);
#21484 = PRESENTATION_STYLE_ASSIGNMENT((#21485));
#21485 = SURFACE_STYLE_USAGE(.BOTH.,#21486);
#21486 = SURFACE_SIDE_STYLE('',(#21487));
#21487 = SURFACE_STYLE_FILL_AREA(#21488);
#21488 = FILL_AREA_STYLE('',(#21489));
#21489 = FILL_AREA_STYLE_COLOUR('',#20922);
#21490 = STYLED_ITEM('color',(#21491),#4595);
#21491 = PRESENTATION_STYLE_ASSIGNMENT((#21492));
#21492 = SURFACE_STYLE_USAGE(.BOTH.,#21493);
#21493 = SURFACE_SIDE_STYLE('',(#21494));
#21494 = SURFACE_STYLE_FILL_AREA(#21495);
#21495 = FILL_AREA_STYLE('',(#21496));
#21496 = FILL_AREA_STYLE_COLOUR('',#20922);
#21497 = STYLED_ITEM('color',(#21498),#4619);
#21498 = PRESENTATION_STYLE_ASSIGNMENT((#21499));
#21499 = SURFACE_STYLE_USAGE(.BOTH.,#21500);
#21500 = SURFACE_SIDE_STYLE('',(#21501));
#21501 = SURFACE_STYLE_FILL_AREA(#21502);
#21502 = FILL_AREA_STYLE('',(#21503));
#21503 = FILL_AREA_STYLE_COLOUR('',#20922);
#21504 = STYLED_ITEM('color',(#21505),#4636);
#21505 = PRESENTATION_STYLE_ASSIGNMENT((#21506));
#21506 = SURFACE_STYLE_USAGE(.BOTH.,#21507);
#21507 = SURFACE_SIDE_STYLE('',(#21508));
#21508 = SURFACE_STYLE_FILL_AREA(#21509);
#21509 = FILL_AREA_STYLE('',(#21510));
#21510 = FILL_AREA_STYLE_COLOUR('',#20922);
#21511 = STYLED_ITEM('color',(#21512),#4667);
#21512 = PRESENTATION_STYLE_ASSIGNMENT((#21513));
#21513 = SURFACE_STYLE_USAGE(.BOTH.,#21514);
#21514 = SURFACE_SIDE_STYLE('',(#21515));
#21515 = SURFACE_STYLE_FILL_AREA(#21516);
#21516 = FILL_AREA_STYLE('',(#21517));
#21517 = FILL_AREA_STYLE_COLOUR('',#20922);
#21518 = STYLED_ITEM('color',(#21519),#4691);
#21519 = PRESENTATION_STYLE_ASSIGNMENT((#21520));
#21520 = SURFACE_STYLE_USAGE(.BOTH.,#21521);
#21521 = SURFACE_SIDE_STYLE('',(#21522));
#21522 = SURFACE_STYLE_FILL_AREA(#21523);
#21523 = FILL_AREA_STYLE('',(#21524));
#21524 = FILL_AREA_STYLE_COLOUR('',#20922);
#21525 = STYLED_ITEM('color',(#21526),#4715);
#21526 = PRESENTATION_STYLE_ASSIGNMENT((#21527));
#21527 = SURFACE_STYLE_USAGE(.BOTH.,#21528);
#21528 = SURFACE_SIDE_STYLE('',(#21529));
#21529 = SURFACE_STYLE_FILL_AREA(#21530);
#21530 = FILL_AREA_STYLE('',(#21531));
#21531 = FILL_AREA_STYLE_COLOUR('',#20922);
#21532 = STYLED_ITEM('color',(#21533),#4732);
#21533 = PRESENTATION_STYLE_ASSIGNMENT((#21534));
#21534 = SURFACE_STYLE_USAGE(.BOTH.,#21535);
#21535 = SURFACE_SIDE_STYLE('',(#21536));
#21536 = SURFACE_STYLE_FILL_AREA(#21537);
#21537 = FILL_AREA_STYLE('',(#21538));
#21538 = FILL_AREA_STYLE_COLOUR('',#20922);
#21539 = STYLED_ITEM('color',(#21540),#4763);
#21540 = PRESENTATION_STYLE_ASSIGNMENT((#21541));
#21541 = SURFACE_STYLE_USAGE(.BOTH.,#21542);
#21542 = SURFACE_SIDE_STYLE('',(#21543));
#21543 = SURFACE_STYLE_FILL_AREA(#21544);
#21544 = FILL_AREA_STYLE('',(#21545));
#21545 = FILL_AREA_STYLE_COLOUR('',#20922);
#21546 = STYLED_ITEM('color',(#21547),#4787);
#21547 = PRESENTATION_STYLE_ASSIGNMENT((#21548));
#21548 = SURFACE_STYLE_USAGE(.BOTH.,#21549);
#21549 = SURFACE_SIDE_STYLE('',(#21550));
#21550 = SURFACE_STYLE_FILL_AREA(#21551);
#21551 = FILL_AREA_STYLE('',(#21552));
#21552 = FILL_AREA_STYLE_COLOUR('',#20922);
#21553 = STYLED_ITEM('color',(#21554),#4811);
#21554 = PRESENTATION_STYLE_ASSIGNMENT((#21555));
#21555 = SURFACE_STYLE_USAGE(.BOTH.,#21556);
#21556 = SURFACE_SIDE_STYLE('',(#21557));
#21557 = SURFACE_STYLE_FILL_AREA(#21558);
#21558 = FILL_AREA_STYLE('',(#21559));
#21559 = FILL_AREA_STYLE_COLOUR('',#20922);
#21560 = STYLED_ITEM('color',(#21561),#4828);
#21561 = PRESENTATION_STYLE_ASSIGNMENT((#21562));
#21562 = SURFACE_STYLE_USAGE(.BOTH.,#21563);
#21563 = SURFACE_SIDE_STYLE('',(#21564));
#21564 = SURFACE_STYLE_FILL_AREA(#21565);
#21565 = FILL_AREA_STYLE('',(#21566));
#21566 = FILL_AREA_STYLE_COLOUR('',#20922);
#21567 = STYLED_ITEM('color',(#21568),#4859);
#21568 = PRESENTATION_STYLE_ASSIGNMENT((#21569));
#21569 = SURFACE_STYLE_USAGE(.BOTH.,#21570);
#21570 = SURFACE_SIDE_STYLE('',(#21571));
#21571 = SURFACE_STYLE_FILL_AREA(#21572);
#21572 = FILL_AREA_STYLE('',(#21573));
#21573 = FILL_AREA_STYLE_COLOUR('',#20922);
#21574 = STYLED_ITEM('color',(#21575),#4883);
#21575 = PRESENTATION_STYLE_ASSIGNMENT((#21576));
#21576 = SURFACE_STYLE_USAGE(.BOTH.,#21577);
#21577 = SURFACE_SIDE_STYLE('',(#21578));
#21578 = SURFACE_STYLE_FILL_AREA(#21579);
#21579 = FILL_AREA_STYLE('',(#21580));
#21580 = FILL_AREA_STYLE_COLOUR('',#20922);
#21581 = STYLED_ITEM('color',(#21582),#4907);
#21582 = PRESENTATION_STYLE_ASSIGNMENT((#21583));
#21583 = SURFACE_STYLE_USAGE(.BOTH.,#21584);
#21584 = SURFACE_SIDE_STYLE('',(#21585));
#21585 = SURFACE_STYLE_FILL_AREA(#21586);
#21586 = FILL_AREA_STYLE('',(#21587));
#21587 = FILL_AREA_STYLE_COLOUR('',#20922);
#21588 = STYLED_ITEM('color',(#21589),#4924);
#21589 = PRESENTATION_STYLE_ASSIGNMENT((#21590));
#21590 = SURFACE_STYLE_USAGE(.BOTH.,#21591);
#21591 = SURFACE_SIDE_STYLE('',(#21592));
#21592 = SURFACE_STYLE_FILL_AREA(#21593);
#21593 = FILL_AREA_STYLE('',(#21594));
#21594 = FILL_AREA_STYLE_COLOUR('',#20922);
#21595 = STYLED_ITEM('color',(#21596),#4936);
#21596 = PRESENTATION_STYLE_ASSIGNMENT((#21597));
#21597 = SURFACE_STYLE_USAGE(.BOTH.,#21598);
#21598 = SURFACE_SIDE_STYLE('',(#21599));
#21599 = SURFACE_STYLE_FILL_AREA(#21600);
#21600 = FILL_AREA_STYLE('',(#21601));
#21601 = FILL_AREA_STYLE_COLOUR('',#20922);
#21602 = STYLED_ITEM('color',(#21603),#4948);
#21603 = PRESENTATION_STYLE_ASSIGNMENT((#21604));
#21604 = SURFACE_STYLE_USAGE(.BOTH.,#21605);
#21605 = SURFACE_SIDE_STYLE('',(#21606));
#21606 = SURFACE_STYLE_FILL_AREA(#21607);
#21607 = FILL_AREA_STYLE('',(#21608));
#21608 = FILL_AREA_STYLE_COLOUR('',#20922);
#21609 = STYLED_ITEM('color',(#21610),#4960);
#21610 = PRESENTATION_STYLE_ASSIGNMENT((#21611));
#21611 = SURFACE_STYLE_USAGE(.BOTH.,#21612);
#21612 = SURFACE_SIDE_STYLE('',(#21613));
#21613 = SURFACE_STYLE_FILL_AREA(#21614);
#21614 = FILL_AREA_STYLE('',(#21615));
#21615 = FILL_AREA_STYLE_COLOUR('',#20922);
#21616 = STYLED_ITEM('color',(#21617),#4972);
#21617 = PRESENTATION_STYLE_ASSIGNMENT((#21618));
#21618 = SURFACE_STYLE_USAGE(.BOTH.,#21619);
#21619 = SURFACE_SIDE_STYLE('',(#21620));
#21620 = SURFACE_STYLE_FILL_AREA(#21621);
#21621 = FILL_AREA_STYLE('',(#21622));
#21622 = FILL_AREA_STYLE_COLOUR('',#20922);
#21623 = STYLED_ITEM('color',(#21624),#4984);
#21624 = PRESENTATION_STYLE_ASSIGNMENT((#21625));
#21625 = SURFACE_STYLE_USAGE(.BOTH.,#21626);
#21626 = SURFACE_SIDE_STYLE('',(#21627));
#21627 = SURFACE_STYLE_FILL_AREA(#21628);
#21628 = FILL_AREA_STYLE('',(#21629));
#21629 = FILL_AREA_STYLE_COLOUR('',#20922);
#21630 = STYLED_ITEM('color',(#21631),#4996);
#21631 = PRESENTATION_STYLE_ASSIGNMENT((#21632));
#21632 = SURFACE_STYLE_USAGE(.BOTH.,#21633);
#21633 = SURFACE_SIDE_STYLE('',(#21634));
#21634 = SURFACE_STYLE_FILL_AREA(#21635);
#21635 = FILL_AREA_STYLE('',(#21636));
#21636 = FILL_AREA_STYLE_COLOUR('',#20922);
#21637 = STYLED_ITEM('color',(#21638),#5008);
#21638 = PRESENTATION_STYLE_ASSIGNMENT((#21639));
#21639 = SURFACE_STYLE_USAGE(.BOTH.,#21640);
#21640 = SURFACE_SIDE_STYLE('',(#21641));
#21641 = SURFACE_STYLE_FILL_AREA(#21642);
#21642 = FILL_AREA_STYLE('',(#21643));
#21643 = FILL_AREA_STYLE_COLOUR('',#20922);
#21644 = STYLED_ITEM('color',(#21645),#5020);
#21645 = PRESENTATION_STYLE_ASSIGNMENT((#21646));
#21646 = SURFACE_STYLE_USAGE(.BOTH.,#21647);
#21647 = SURFACE_SIDE_STYLE('',(#21648));
#21648 = SURFACE_STYLE_FILL_AREA(#21649);
#21649 = FILL_AREA_STYLE('',(#21650));
#21650 = FILL_AREA_STYLE_COLOUR('',#20922);
#21651 = STYLED_ITEM('color',(#21652),#5032);
#21652 = PRESENTATION_STYLE_ASSIGNMENT((#21653));
#21653 = SURFACE_STYLE_USAGE(.BOTH.,#21654);
#21654 = SURFACE_SIDE_STYLE('',(#21655));
#21655 = SURFACE_STYLE_FILL_AREA(#21656);
#21656 = FILL_AREA_STYLE('',(#21657));
#21657 = FILL_AREA_STYLE_COLOUR('',#20922);
#21658 = STYLED_ITEM('color',(#21659),#5044);
#21659 = PRESENTATION_STYLE_ASSIGNMENT((#21660));
#21660 = SURFACE_STYLE_USAGE(.BOTH.,#21661);
#21661 = SURFACE_SIDE_STYLE('',(#21662));
#21662 = SURFACE_STYLE_FILL_AREA(#21663);
#21663 = FILL_AREA_STYLE('',(#21664));
#21664 = FILL_AREA_STYLE_COLOUR('',#20922);
#21665 = STYLED_ITEM('color',(#21666),#5056);
#21666 = PRESENTATION_STYLE_ASSIGNMENT((#21667));
#21667 = SURFACE_STYLE_USAGE(.BOTH.,#21668);
#21668 = SURFACE_SIDE_STYLE('',(#21669));
#21669 = SURFACE_STYLE_FILL_AREA(#21670);
#21670 = FILL_AREA_STYLE('',(#21671));
#21671 = FILL_AREA_STYLE_COLOUR('',#20922);
#21672 = MECHANICAL_DESIGN_GEOMETRIC_PRESENTATION_REPRESENTATION('',(
    #21673,#21681,#21688,#21695,#21702,#21709,#21716,#21723,#21731,
    #21738,#21745,#21752,#21759,#21766,#21774,#21781,#21788,#21795,
    #21802,#21809,#21816,#21823,#21830,#21837,#21844,#21851),#898);
#21673 = STYLED_ITEM('color',(#21674),#110);
#21674 = PRESENTATION_STYLE_ASSIGNMENT((#21675));
#21675 = SURFACE_STYLE_USAGE(.BOTH.,#21676);
#21676 = SURFACE_SIDE_STYLE('',(#21677));
#21677 = SURFACE_STYLE_FILL_AREA(#21678);
#21678 = FILL_AREA_STYLE('',(#21679));
#21679 = FILL_AREA_STYLE_COLOUR('',#21680);
#21680 = COLOUR_RGB('',0.823999987314,0.819999987296,0.781000009244);
#21681 = STYLED_ITEM('color',(#21682),#150);
#21682 = PRESENTATION_STYLE_ASSIGNMENT((#21683));
#21683 = SURFACE_STYLE_USAGE(.BOTH.,#21684);
#21684 = SURFACE_SIDE_STYLE('',(#21685));
#21685 = SURFACE_STYLE_FILL_AREA(#21686);
#21686 = FILL_AREA_STYLE('',(#21687));
#21687 = FILL_AREA_STYLE_COLOUR('',#21680);
#21688 = STYLED_ITEM('color',(#21689),#233);
#21689 = PRESENTATION_STYLE_ASSIGNMENT((#21690));
#21690 = SURFACE_STYLE_USAGE(.BOTH.,#21691);
#21691 = SURFACE_SIDE_STYLE('',(#21692));
#21692 = SURFACE_STYLE_FILL_AREA(#21693);
#21693 = FILL_AREA_STYLE('',(#21694));
#21694 = FILL_AREA_STYLE_COLOUR('',#21680);
#21695 = STYLED_ITEM('color',(#21696),#258);
#21696 = PRESENTATION_STYLE_ASSIGNMENT((#21697));
#21697 = SURFACE_STYLE_USAGE(.BOTH.,#21698);
#21698 = SURFACE_SIDE_STYLE('',(#21699));
#21699 = SURFACE_STYLE_FILL_AREA(#21700);
#21700 = FILL_AREA_STYLE('',(#21701));
#21701 = FILL_AREA_STYLE_COLOUR('',#21680);
#21702 = STYLED_ITEM('color',(#21703),#283);
#21703 = PRESENTATION_STYLE_ASSIGNMENT((#21704));
#21704 = SURFACE_STYLE_USAGE(.BOTH.,#21705);
#21705 = SURFACE_SIDE_STYLE('',(#21706));
#21706 = SURFACE_STYLE_FILL_AREA(#21707);
#21707 = FILL_AREA_STYLE('',(#21708));
#21708 = FILL_AREA_STYLE_COLOUR('',#21680);
#21709 = STYLED_ITEM('color',(#21710),#350);
#21710 = PRESENTATION_STYLE_ASSIGNMENT((#21711));
#21711 = SURFACE_STYLE_USAGE(.BOTH.,#21712);
#21712 = SURFACE_SIDE_STYLE('',(#21713));
#21713 = SURFACE_STYLE_FILL_AREA(#21714);
#21714 = FILL_AREA_STYLE('',(#21715));
#21715 = FILL_AREA_STYLE_COLOUR('',#21680);
#21716 = STYLED_ITEM('color',(#21717),#367);
#21717 = PRESENTATION_STYLE_ASSIGNMENT((#21718));
#21718 = SURFACE_STYLE_USAGE(.BOTH.,#21719);
#21719 = SURFACE_SIDE_STYLE('',(#21720));
#21720 = SURFACE_STYLE_FILL_AREA(#21721);
#21721 = FILL_AREA_STYLE('',(#21722));
#21722 = FILL_AREA_STYLE_COLOUR('',#21680);
#21723 = STYLED_ITEM('color',(#21724),#384);
#21724 = PRESENTATION_STYLE_ASSIGNMENT((#21725));
#21725 = SURFACE_STYLE_USAGE(.BOTH.,#21726);
#21726 = SURFACE_SIDE_STYLE('',(#21727));
#21727 = SURFACE_STYLE_FILL_AREA(#21728);
#21728 = FILL_AREA_STYLE('',(#21729));
#21729 = FILL_AREA_STYLE_COLOUR('',#21730);
#21730 = COLOUR_RGB('',0.894999966383,0.890999961016,0.813000030345);
#21731 = STYLED_ITEM('color',(#21732),#433);
#21732 = PRESENTATION_STYLE_ASSIGNMENT((#21733));
#21733 = SURFACE_STYLE_USAGE(.BOTH.,#21734);
#21734 = SURFACE_SIDE_STYLE('',(#21735));
#21735 = SURFACE_STYLE_FILL_AREA(#21736);
#21736 = FILL_AREA_STYLE('',(#21737));
#21737 = FILL_AREA_STYLE_COLOUR('',#21680);
#21738 = STYLED_ITEM('color',(#21739),#450);
#21739 = PRESENTATION_STYLE_ASSIGNMENT((#21740));
#21740 = SURFACE_STYLE_USAGE(.BOTH.,#21741);
#21741 = SURFACE_SIDE_STYLE('',(#21742));
#21742 = SURFACE_STYLE_FILL_AREA(#21743);
#21743 = FILL_AREA_STYLE('',(#21744));
#21744 = FILL_AREA_STYLE_COLOUR('',#21680);
#21745 = STYLED_ITEM('color',(#21746),#467);
#21746 = PRESENTATION_STYLE_ASSIGNMENT((#21747));
#21747 = SURFACE_STYLE_USAGE(.BOTH.,#21748);
#21748 = SURFACE_SIDE_STYLE('',(#21749));
#21749 = SURFACE_STYLE_FILL_AREA(#21750);
#21750 = FILL_AREA_STYLE('',(#21751));
#21751 = FILL_AREA_STYLE_COLOUR('',#21730);
#21752 = STYLED_ITEM('color',(#21753),#516);
#21753 = PRESENTATION_STYLE_ASSIGNMENT((#21754));
#21754 = SURFACE_STYLE_USAGE(.BOTH.,#21755);
#21755 = SURFACE_SIDE_STYLE('',(#21756));
#21756 = SURFACE_STYLE_FILL_AREA(#21757);
#21757 = FILL_AREA_STYLE('',(#21758));
#21758 = FILL_AREA_STYLE_COLOUR('',#21730);
#21759 = STYLED_ITEM('color',(#21760),#533);
#21760 = PRESENTATION_STYLE_ASSIGNMENT((#21761));
#21761 = SURFACE_STYLE_USAGE(.BOTH.,#21762);
#21762 = SURFACE_SIDE_STYLE('',(#21763));
#21763 = SURFACE_STYLE_FILL_AREA(#21764);
#21764 = FILL_AREA_STYLE('',(#21765));
#21765 = FILL_AREA_STYLE_COLOUR('',#21680);
#21766 = STYLED_ITEM('color',(#21767),#602);
#21767 = PRESENTATION_STYLE_ASSIGNMENT((#21768));
#21768 = SURFACE_STYLE_USAGE(.BOTH.,#21769);
#21769 = SURFACE_SIDE_STYLE('',(#21770));
#21770 = SURFACE_STYLE_FILL_AREA(#21771);
#21771 = FILL_AREA_STYLE('',(#21772));
#21772 = FILL_AREA_STYLE_COLOUR('',#21773);
#21773 = COLOUR_RGB('',8.200000279077E-02,8.600000121357E-02,
  9.399999706163E-02);
#21774 = STYLED_ITEM('color',(#21775),#633);
#21775 = PRESENTATION_STYLE_ASSIGNMENT((#21776));
#21776 = SURFACE_STYLE_USAGE(.BOTH.,#21777);
#21777 = SURFACE_SIDE_STYLE('',(#21778));
#21778 = SURFACE_STYLE_FILL_AREA(#21779);
#21779 = FILL_AREA_STYLE('',(#21780));
#21780 = FILL_AREA_STYLE_COLOUR('',#21773);
#21781 = STYLED_ITEM('color',(#21782),#657);
#21782 = PRESENTATION_STYLE_ASSIGNMENT((#21783));
#21783 = SURFACE_STYLE_USAGE(.BOTH.,#21784);
#21784 = SURFACE_SIDE_STYLE('',(#21785));
#21785 = SURFACE_STYLE_FILL_AREA(#21786);
#21786 = FILL_AREA_STYLE('',(#21787));
#21787 = FILL_AREA_STYLE_COLOUR('',#21680);
#21788 = STYLED_ITEM('color',(#21789),#726);
#21789 = PRESENTATION_STYLE_ASSIGNMENT((#21790));
#21790 = SURFACE_STYLE_USAGE(.BOTH.,#21791);
#21791 = SURFACE_SIDE_STYLE('',(#21792));
#21792 = SURFACE_STYLE_FILL_AREA(#21793);
#21793 = FILL_AREA_STYLE('',(#21794));
#21794 = FILL_AREA_STYLE_COLOUR('',#21773);
#21795 = STYLED_ITEM('color',(#21796),#750);
#21796 = PRESENTATION_STYLE_ASSIGNMENT((#21797));
#21797 = SURFACE_STYLE_USAGE(.BOTH.,#21798);
#21798 = SURFACE_SIDE_STYLE('',(#21799));
#21799 = SURFACE_STYLE_FILL_AREA(#21800);
#21800 = FILL_AREA_STYLE('',(#21801));
#21801 = FILL_AREA_STYLE_COLOUR('',#21680);
#21802 = STYLED_ITEM('color',(#21803),#767);
#21803 = PRESENTATION_STYLE_ASSIGNMENT((#21804));
#21804 = SURFACE_STYLE_USAGE(.BOTH.,#21805);
#21805 = SURFACE_SIDE_STYLE('',(#21806));
#21806 = SURFACE_STYLE_FILL_AREA(#21807);
#21807 = FILL_AREA_STYLE('',(#21808));
#21808 = FILL_AREA_STYLE_COLOUR('',#21680);
#21809 = STYLED_ITEM('color',(#21810),#784);
#21810 = PRESENTATION_STYLE_ASSIGNMENT((#21811));
#21811 = SURFACE_STYLE_USAGE(.BOTH.,#21812);
#21812 = SURFACE_SIDE_STYLE('',(#21813));
#21813 = SURFACE_STYLE_FILL_AREA(#21814);
#21814 = FILL_AREA_STYLE('',(#21815));
#21815 = FILL_AREA_STYLE_COLOUR('',#21680);
#21816 = STYLED_ITEM('color',(#21817),#801);
#21817 = PRESENTATION_STYLE_ASSIGNMENT((#21818));
#21818 = SURFACE_STYLE_USAGE(.BOTH.,#21819);
#21819 = SURFACE_SIDE_STYLE('',(#21820));
#21820 = SURFACE_STYLE_FILL_AREA(#21821);
#21821 = FILL_AREA_STYLE('',(#21822));
#21822 = FILL_AREA_STYLE_COLOUR('',#21680);
#21823 = STYLED_ITEM('color',(#21824),#818);
#21824 = PRESENTATION_STYLE_ASSIGNMENT((#21825));
#21825 = SURFACE_STYLE_USAGE(.BOTH.,#21826);
#21826 = SURFACE_SIDE_STYLE('',(#21827));
#21827 = SURFACE_STYLE_FILL_AREA(#21828);
#21828 = FILL_AREA_STYLE('',(#21829));
#21829 = FILL_AREA_STYLE_COLOUR('',#21680);
#21830 = STYLED_ITEM('color',(#21831),#835);
#21831 = PRESENTATION_STYLE_ASSIGNMENT((#21832));
#21832 = SURFACE_STYLE_USAGE(.BOTH.,#21833);
#21833 = SURFACE_SIDE_STYLE('',(#21834));
#21834 = SURFACE_STYLE_FILL_AREA(#21835);
#21835 = FILL_AREA_STYLE('',(#21836));
#21836 = FILL_AREA_STYLE_COLOUR('',#21680);
#21837 = STYLED_ITEM('color',(#21838),#852);
#21838 = PRESENTATION_STYLE_ASSIGNMENT((#21839));
#21839 = SURFACE_STYLE_USAGE(.BOTH.,#21840);
#21840 = SURFACE_SIDE_STYLE('',(#21841));
#21841 = SURFACE_STYLE_FILL_AREA(#21842);
#21842 = FILL_AREA_STYLE('',(#21843));
#21843 = FILL_AREA_STYLE_COLOUR('',#21680);
#21844 = STYLED_ITEM('color',(#21845),#869);
#21845 = PRESENTATION_STYLE_ASSIGNMENT((#21846));
#21846 = SURFACE_STYLE_USAGE(.BOTH.,#21847);
#21847 = SURFACE_SIDE_STYLE('',(#21848));
#21848 = SURFACE_STYLE_FILL_AREA(#21849);
#21849 = FILL_AREA_STYLE('',(#21850));
#21850 = FILL_AREA_STYLE_COLOUR('',#21773);
#21851 = STYLED_ITEM('color',(#21852),#886);
#21852 = PRESENTATION_STYLE_ASSIGNMENT((#21853));
#21853 = SURFACE_STYLE_USAGE(.BOTH.,#21854);
#21854 = SURFACE_SIDE_STYLE('',(#21855));
#21855 = SURFACE_STYLE_FILL_AREA(#21856);
#21856 = FILL_AREA_STYLE('',(#21857));
#21857 = FILL_AREA_STYLE_COLOUR('',#21773);
ENDSEC;
END-ISO-10303-21;
