ISO-10303-21;
HEADER;
/* Generated by software containing ST-Developer
 * from STEP Tools, Inc. (www.steptools.com) 
 */

FILE_DESCRIPTION(
/* description */ ('',
'CAx-IF Rec.Pracs.---Representation and Presentation of Product Manufa
cturing Information (PMI)---4.0---2014-10-13'),
/* implementation_level */ '2;1');

FILE_NAME(
/* name */ 'ALL Files.step',
/* time_stamp */ '2025-03-13T21:35:37+08:00',
/* author */ (''),
/* organization */ (''),
/* preprocessor_version */ 'ST-DEVELOPER v20',
/* originating_system */ 'Autodesk Translation Framework v13.20.0.188',

/* authorisation */ '');

FILE_SCHEMA (('AP242_MANAGED_MODEL_BASED_3D_ENGINEERING_MIM_LF { 1 0 10303 442 1 1 4 }'));
ENDSEC;

DATA;
#10=MECHANICAL_DESIGN_GEOMETRIC_PRESENTATION_REPRESENTATION('',(#45,#46,
#47,#48,#49,#50),#17573);
#11=CONTEXT_DEPENDENT_OVER_RIDING_STYLED_ITEM('',(#17614),#17591,#50,(#20));
#12=CONTEXT_DEPENDENT_OVER_RIDING_STYLED_ITEM('',(#17614),#17590,#50,(#19));
#13=MAPPED_ITEM('',#14,#11344);
#14=REPRESENTATION_MAP(#11344,#17589);
#15=ITEM_DEFINED_TRANSFORMATION($,$,#10682,#11341);
#16=ITEM_DEFINED_TRANSFORMATION($,$,#10226,#11342);
#17=ITEM_DEFINED_TRANSFORMATION($,$,#10681,#11343);
#18=(
REPRESENTATION_RELATIONSHIP($,$,#17592,#17591)
REPRESENTATION_RELATIONSHIP_WITH_TRANSFORMATION(#15)
SHAPE_REPRESENTATION_RELATIONSHIP()
);
#19=(
REPRESENTATION_RELATIONSHIP($,$,#17590,#17589)
REPRESENTATION_RELATIONSHIP_WITH_TRANSFORMATION(#16)
SHAPE_REPRESENTATION_RELATIONSHIP()
);
#20=(
REPRESENTATION_RELATIONSHIP($,$,#17591,#17589)
REPRESENTATION_RELATIONSHIP_WITH_TRANSFORMATION(#17)
SHAPE_REPRESENTATION_RELATIONSHIP()
);
#21=CONTEXT_DEPENDENT_SHAPE_REPRESENTATION(#18,#17586);
#22=CONTEXT_DEPENDENT_SHAPE_REPRESENTATION(#19,#17587);
#23=CONTEXT_DEPENDENT_SHAPE_REPRESENTATION(#20,#17588);
#24=NEXT_ASSEMBLY_USAGE_OCCURRENCE('Spacer:1','Spacer:1','Spacer:1',#17596,
#17597,'Spacer:1');
#25=NEXT_ASSEMBLY_USAGE_OCCURRENCE('Wheel Single Layer Outer:1',
'Wheel Single Layer Outer:1','Wheel Single Layer Outer:1',#17594,#17595,
'Wheel Single Layer Outer:1');
#26=NEXT_ASSEMBLY_USAGE_OCCURRENCE('Wheel Single Layer Inner:1',
'Wheel Single Layer Inner:1','Wheel Single Layer Inner:1',#17594,#17596,
'Wheel Single Layer Inner:1');
#27=DERIVED_UNIT_ELEMENT(#29,1.);
#28=DERIVED_UNIT_ELEMENT(#17575,-3.);
#29=(
MASS_UNIT()
NAMED_UNIT(*)
SI_UNIT(.KILO.,.GRAM.)
);
#30=DERIVED_UNIT((#27,#28));
#31=MEASURE_REPRESENTATION_ITEM('density measure',
POSITIVE_RATIO_MEASURE(7850.),#30);
#32=PROPERTY_DEFINITION_REPRESENTATION(#37,#34);
#33=PROPERTY_DEFINITION_REPRESENTATION(#38,#35);
#34=REPRESENTATION('material name',(#36),#17572);
#35=REPRESENTATION('density',(#31),#17572);
#36=DESCRIPTIVE_REPRESENTATION_ITEM('Steel','Steel');
#37=PROPERTY_DEFINITION('material property','material name',#17597);
#38=PROPERTY_DEFINITION('material property','density of part',#17597);
#39=SHAPE_REPRESENTATION_RELATIONSHIP('SRR','None',#17590,#42);
#40=SHAPE_REPRESENTATION_RELATIONSHIP('SRR','None',#17592,#43);
#41=SHAPE_REPRESENTATION_RELATIONSHIP('SRR','None',#17591,#44);
#42=ADVANCED_BREP_SHAPE_REPRESENTATION('',(#51,#52),#17570);
#43=ADVANCED_BREP_SHAPE_REPRESENTATION('',(#53),#17572);
#44=ADVANCED_BREP_SHAPE_REPRESENTATION('',(#54,#55),#17571);
#45=STYLED_ITEM('',(#17614),#51);
#46=STYLED_ITEM('',(#17614),#52);
#47=STYLED_ITEM('',(#17614),#53);
#48=STYLED_ITEM('',(#17614),#54);
#49=STYLED_ITEM('',(#17614),#55);
#50=STYLED_ITEM('',(#17618),#13);
#51=MANIFOLD_SOLID_BREP('Body1',#10220);
#52=MANIFOLD_SOLID_BREP('Body4',#10221);
#53=MANIFOLD_SOLID_BREP('Body1',#10222);
#54=MANIFOLD_SOLID_BREP('Body1',#10223);
#55=MANIFOLD_SOLID_BREP('Body4',#10224);
#56=FACE_BOUND('',#938,.T.);
#57=FACE_BOUND('',#939,.T.);
#58=FACE_BOUND('',#940,.T.);
#59=FACE_BOUND('',#941,.T.);
#60=FACE_BOUND('',#1014,.T.);
#61=FACE_BOUND('',#1015,.T.);
#62=FACE_BOUND('',#1016,.T.);
#63=FACE_BOUND('',#1017,.T.);
#64=FACE_BOUND('',#1018,.T.);
#65=FACE_BOUND('',#1029,.T.);
#66=FACE_BOUND('',#1030,.T.);
#67=FACE_BOUND('',#1031,.T.);
#68=FACE_BOUND('',#1032,.T.);
#69=FACE_BOUND('',#1125,.T.);
#70=FACE_BOUND('',#1126,.T.);
#71=FACE_BOUND('',#1127,.T.);
#72=FACE_BOUND('',#1128,.T.);
#73=FACE_BOUND('',#1132,.T.);
#74=FACE_BOUND('',#1134,.T.);
#75=FACE_BOUND('',#1142,.T.);
#76=FACE_BOUND('',#1159,.T.);
#77=FACE_BOUND('',#1321,.T.);
#78=FACE_BOUND('',#1322,.T.);
#79=FACE_BOUND('',#1323,.T.);
#80=FACE_BOUND('',#1324,.T.);
#81=FACE_BOUND('',#1325,.T.);
#82=FACE_BOUND('',#1375,.T.);
#83=FACE_BOUND('',#1449,.T.);
#84=FACE_BOUND('',#1450,.T.);
#85=FACE_BOUND('',#1451,.T.);
#86=FACE_BOUND('',#1452,.T.);
#87=FACE_BOUND('',#1453,.T.);
#88=PLANE('',#10239);
#89=PLANE('',#10244);
#90=PLANE('',#10249);
#91=PLANE('',#10254);
#92=PLANE('',#10259);
#93=PLANE('',#10273);
#94=PLANE('',#10277);
#95=PLANE('',#10281);
#96=PLANE('',#10285);
#97=PLANE('',#10289);
#98=PLANE('',#10293);
#99=PLANE('',#10297);
#100=PLANE('',#10301);
#101=PLANE('',#10303);
#102=PLANE('',#10309);
#103=PLANE('',#10315);
#104=PLANE('',#10321);
#105=PLANE('',#10327);
#106=PLANE('',#10329);
#107=PLANE('',#10333);
#108=PLANE('',#10337);
#109=PLANE('',#10344);
#110=PLANE('',#10345);
#111=PLANE('',#10352);
#112=PLANE('',#10353);
#113=PLANE('',#10354);
#114=PLANE('',#10368);
#115=PLANE('',#10375);
#116=PLANE('',#10376);
#117=PLANE('',#10377);
#118=PLANE('',#10384);
#119=PLANE('',#10385);
#120=PLANE('',#10386);
#121=PLANE('',#10392);
#122=PLANE('',#10393);
#123=PLANE('',#10394);
#124=PLANE('',#10400);
#125=PLANE('',#10401);
#126=PLANE('',#10402);
#127=PLANE('',#10408);
#128=PLANE('',#10409);
#129=PLANE('',#10410);
#130=PLANE('',#10415);
#131=PLANE('',#10416);
#132=PLANE('',#10422);
#133=PLANE('',#10423);
#134=PLANE('',#10424);
#135=PLANE('',#10429);
#136=PLANE('',#10430);
#137=PLANE('',#10436);
#138=PLANE('',#10437);
#139=PLANE('',#10438);
#140=PLANE('',#10445);
#141=PLANE('',#10446);
#142=PLANE('',#10447);
#143=PLANE('',#10449);
#144=PLANE('',#10456);
#145=PLANE('',#10459);
#146=PLANE('',#10462);
#147=PLANE('',#10468);
#148=PLANE('',#10470);
#149=PLANE('',#10472);
#150=PLANE('',#10474);
#151=PLANE('',#10487);
#152=PLANE('',#10494);
#153=PLANE('',#10495);
#154=PLANE('',#10496);
#155=PLANE('',#10521);
#156=PLANE('',#10528);
#157=PLANE('',#10529);
#158=PLANE('',#10530);
#159=PLANE('',#10537);
#160=PLANE('',#10538);
#161=PLANE('',#10539);
#162=PLANE('',#10546);
#163=PLANE('',#10547);
#164=PLANE('',#10548);
#165=PLANE('',#10555);
#166=PLANE('',#10556);
#167=PLANE('',#10557);
#168=PLANE('',#10564);
#169=PLANE('',#10565);
#170=PLANE('',#10566);
#171=PLANE('',#10573);
#172=PLANE('',#10574);
#173=PLANE('',#10575);
#174=PLANE('',#10582);
#175=PLANE('',#10583);
#176=PLANE('',#10584);
#177=PLANE('',#10591);
#178=PLANE('',#10592);
#179=PLANE('',#10593);
#180=PLANE('',#10600);
#181=PLANE('',#10601);
#182=PLANE('',#10602);
#183=PLANE('',#10609);
#184=PLANE('',#10610);
#185=PLANE('',#10611);
#186=PLANE('',#10613);
#187=PLANE('',#10619);
#188=PLANE('',#10624);
#189=PLANE('',#10629);
#190=PLANE('',#10634);
#191=PLANE('',#10639);
#192=PLANE('',#10644);
#193=PLANE('',#10649);
#194=PLANE('',#10654);
#195=PLANE('',#10659);
#196=PLANE('',#10664);
#197=PLANE('',#10669);
#198=PLANE('',#10674);
#199=PLANE('',#10677);
#200=PLANE('',#10680);
#201=PLANE('',#10689);
#202=PLANE('',#10690);
#203=PLANE('',#10694);
#204=PLANE('',#10695);
#205=PLANE('',#10699);
#206=PLANE('',#10714);
#207=PLANE('',#10742);
#208=PLANE('',#10745);
#209=PLANE('',#10746);
#210=PLANE('',#10750);
#211=PLANE('',#10751);
#212=PLANE('',#10754);
#213=PLANE('',#10755);
#214=PLANE('',#10758);
#215=PLANE('',#10762);
#216=PLANE('',#10763);
#217=PLANE('',#10790);
#218=PLANE('',#10795);
#219=PLANE('',#10796);
#220=PLANE('',#10799);
#221=PLANE('',#10802);
#222=PLANE('',#10803);
#223=PLANE('',#10846);
#224=PLANE('',#10849);
#225=PLANE('',#10851);
#226=PLANE('',#10855);
#227=PLANE('',#10857);
#228=PLANE('',#10861);
#229=PLANE('',#10863);
#230=PLANE('',#10867);
#231=PLANE('',#10869);
#232=PLANE('',#10873);
#233=PLANE('',#10875);
#234=PLANE('',#10879);
#235=PLANE('',#10886);
#236=PLANE('',#10887);
#237=PLANE('',#10888);
#238=PLANE('',#10895);
#239=PLANE('',#10896);
#240=PLANE('',#10897);
#241=PLANE('',#10904);
#242=PLANE('',#10905);
#243=PLANE('',#10906);
#244=PLANE('',#10913);
#245=PLANE('',#10914);
#246=PLANE('',#10915);
#247=PLANE('',#10922);
#248=PLANE('',#10923);
#249=PLANE('',#10924);
#250=PLANE('',#10931);
#251=PLANE('',#10932);
#252=PLANE('',#10933);
#253=PLANE('',#10940);
#254=PLANE('',#10941);
#255=PLANE('',#10942);
#256=PLANE('',#10949);
#257=PLANE('',#10950);
#258=PLANE('',#10951);
#259=PLANE('',#10958);
#260=PLANE('',#10959);
#261=PLANE('',#10960);
#262=PLANE('',#10967);
#263=PLANE('',#10968);
#264=PLANE('',#10969);
#265=PLANE('',#10976);
#266=PLANE('',#10977);
#267=PLANE('',#10978);
#268=PLANE('',#10980);
#269=PLANE('',#10986);
#270=PLANE('',#10988);
#271=PLANE('',#10990);
#272=PLANE('',#10992);
#273=PLANE('',#10994);
#274=PLANE('',#10996);
#275=PLANE('',#11001);
#276=PLANE('',#11004);
#277=PLANE('',#11007);
#278=PLANE('',#11010);
#279=PLANE('',#11013);
#280=PLANE('',#11015);
#281=PLANE('',#11017);
#282=PLANE('',#11019);
#283=PLANE('',#11023);
#284=PLANE('',#11024);
#285=PLANE('',#11028);
#286=PLANE('',#11032);
#287=PLANE('',#11033);
#288=PLANE('',#11037);
#289=PLANE('',#11041);
#290=PLANE('',#11042);
#291=PLANE('',#11046);
#292=PLANE('',#11050);
#293=PLANE('',#11051);
#294=PLANE('',#11055);
#295=PLANE('',#11059);
#296=PLANE('',#11060);
#297=PLANE('',#11064);
#298=PLANE('',#11068);
#299=PLANE('',#11069);
#300=PLANE('',#11073);
#301=PLANE('',#11074);
#302=PLANE('',#11106);
#303=PLANE('',#11111);
#304=PLANE('',#11116);
#305=PLANE('',#11121);
#306=PLANE('',#11126);
#307=PLANE('',#11141);
#308=PLANE('',#11145);
#309=PLANE('',#11149);
#310=PLANE('',#11153);
#311=PLANE('',#11157);
#312=PLANE('',#11161);
#313=PLANE('',#11165);
#314=PLANE('',#11169);
#315=PLANE('',#11175);
#316=PLANE('',#11181);
#317=PLANE('',#11187);
#318=PLANE('',#11193);
#319=PLANE('',#11195);
#320=PLANE('',#11201);
#321=PLANE('',#11205);
#322=PLANE('',#11209);
#323=PLANE('',#11216);
#324=PLANE('',#11217);
#325=PLANE('',#11218);
#326=PLANE('',#11231);
#327=PLANE('',#11237);
#328=PLANE('',#11238);
#329=PLANE('',#11239);
#330=PLANE('',#11244);
#331=PLANE('',#11245);
#332=PLANE('',#11251);
#333=PLANE('',#11252);
#334=PLANE('',#11253);
#335=PLANE('',#11259);
#336=PLANE('',#11260);
#337=PLANE('',#11261);
#338=PLANE('',#11266);
#339=PLANE('',#11267);
#340=PLANE('',#11274);
#341=PLANE('',#11275);
#342=PLANE('',#11276);
#343=PLANE('',#11282);
#344=PLANE('',#11283);
#345=PLANE('',#11284);
#346=PLANE('',#11291);
#347=PLANE('',#11292);
#348=PLANE('',#11293);
#349=PLANE('',#11300);
#350=PLANE('',#11301);
#351=PLANE('',#11302);
#352=PLANE('',#11309);
#353=PLANE('',#11310);
#354=PLANE('',#11311);
#355=PLANE('',#11313);
#356=PLANE('',#11321);
#357=PLANE('',#11324);
#358=PLANE('',#11327);
#359=PLANE('',#11330);
#360=PLANE('',#11333);
#361=PLANE('',#11336);
#362=PLANE('',#11338);
#363=PLANE('',#11340);
#364=FACE_OUTER_BOUND('',#893,.T.);
#365=FACE_OUTER_BOUND('',#894,.T.);
#366=FACE_OUTER_BOUND('',#895,.T.);
#367=FACE_OUTER_BOUND('',#896,.T.);
#368=FACE_OUTER_BOUND('',#897,.T.);
#369=FACE_OUTER_BOUND('',#898,.T.);
#370=FACE_OUTER_BOUND('',#899,.T.);
#371=FACE_OUTER_BOUND('',#900,.T.);
#372=FACE_OUTER_BOUND('',#901,.T.);
#373=FACE_OUTER_BOUND('',#902,.T.);
#374=FACE_OUTER_BOUND('',#903,.T.);
#375=FACE_OUTER_BOUND('',#904,.T.);
#376=FACE_OUTER_BOUND('',#905,.T.);
#377=FACE_OUTER_BOUND('',#906,.T.);
#378=FACE_OUTER_BOUND('',#907,.T.);
#379=FACE_OUTER_BOUND('',#908,.T.);
#380=FACE_OUTER_BOUND('',#909,.T.);
#381=FACE_OUTER_BOUND('',#910,.T.);
#382=FACE_OUTER_BOUND('',#911,.T.);
#383=FACE_OUTER_BOUND('',#912,.T.);
#384=FACE_OUTER_BOUND('',#913,.T.);
#385=FACE_OUTER_BOUND('',#914,.T.);
#386=FACE_OUTER_BOUND('',#915,.T.);
#387=FACE_OUTER_BOUND('',#916,.T.);
#388=FACE_OUTER_BOUND('',#917,.T.);
#389=FACE_OUTER_BOUND('',#918,.T.);
#390=FACE_OUTER_BOUND('',#919,.T.);
#391=FACE_OUTER_BOUND('',#920,.T.);
#392=FACE_OUTER_BOUND('',#921,.T.);
#393=FACE_OUTER_BOUND('',#922,.T.);
#394=FACE_OUTER_BOUND('',#923,.T.);
#395=FACE_OUTER_BOUND('',#924,.T.);
#396=FACE_OUTER_BOUND('',#925,.T.);
#397=FACE_OUTER_BOUND('',#926,.T.);
#398=FACE_OUTER_BOUND('',#927,.T.);
#399=FACE_OUTER_BOUND('',#928,.T.);
#400=FACE_OUTER_BOUND('',#929,.T.);
#401=FACE_OUTER_BOUND('',#930,.T.);
#402=FACE_OUTER_BOUND('',#931,.T.);
#403=FACE_OUTER_BOUND('',#932,.T.);
#404=FACE_OUTER_BOUND('',#933,.T.);
#405=FACE_OUTER_BOUND('',#934,.T.);
#406=FACE_OUTER_BOUND('',#935,.T.);
#407=FACE_OUTER_BOUND('',#936,.T.);
#408=FACE_OUTER_BOUND('',#937,.T.);
#409=FACE_OUTER_BOUND('',#942,.T.);
#410=FACE_OUTER_BOUND('',#943,.T.);
#411=FACE_OUTER_BOUND('',#944,.T.);
#412=FACE_OUTER_BOUND('',#945,.T.);
#413=FACE_OUTER_BOUND('',#946,.T.);
#414=FACE_OUTER_BOUND('',#947,.T.);
#415=FACE_OUTER_BOUND('',#948,.T.);
#416=FACE_OUTER_BOUND('',#949,.T.);
#417=FACE_OUTER_BOUND('',#950,.T.);
#418=FACE_OUTER_BOUND('',#951,.T.);
#419=FACE_OUTER_BOUND('',#952,.T.);
#420=FACE_OUTER_BOUND('',#953,.T.);
#421=FACE_OUTER_BOUND('',#954,.T.);
#422=FACE_OUTER_BOUND('',#955,.T.);
#423=FACE_OUTER_BOUND('',#956,.T.);
#424=FACE_OUTER_BOUND('',#957,.T.);
#425=FACE_OUTER_BOUND('',#958,.T.);
#426=FACE_OUTER_BOUND('',#959,.T.);
#427=FACE_OUTER_BOUND('',#960,.T.);
#428=FACE_OUTER_BOUND('',#961,.T.);
#429=FACE_OUTER_BOUND('',#962,.T.);
#430=FACE_OUTER_BOUND('',#963,.T.);
#431=FACE_OUTER_BOUND('',#964,.T.);
#432=FACE_OUTER_BOUND('',#965,.T.);
#433=FACE_OUTER_BOUND('',#966,.T.);
#434=FACE_OUTER_BOUND('',#967,.T.);
#435=FACE_OUTER_BOUND('',#968,.T.);
#436=FACE_OUTER_BOUND('',#969,.T.);
#437=FACE_OUTER_BOUND('',#970,.T.);
#438=FACE_OUTER_BOUND('',#971,.T.);
#439=FACE_OUTER_BOUND('',#972,.T.);
#440=FACE_OUTER_BOUND('',#973,.T.);
#441=FACE_OUTER_BOUND('',#974,.T.);
#442=FACE_OUTER_BOUND('',#975,.T.);
#443=FACE_OUTER_BOUND('',#976,.T.);
#444=FACE_OUTER_BOUND('',#977,.T.);
#445=FACE_OUTER_BOUND('',#978,.T.);
#446=FACE_OUTER_BOUND('',#979,.T.);
#447=FACE_OUTER_BOUND('',#980,.T.);
#448=FACE_OUTER_BOUND('',#981,.T.);
#449=FACE_OUTER_BOUND('',#982,.T.);
#450=FACE_OUTER_BOUND('',#983,.T.);
#451=FACE_OUTER_BOUND('',#984,.T.);
#452=FACE_OUTER_BOUND('',#985,.T.);
#453=FACE_OUTER_BOUND('',#986,.T.);
#454=FACE_OUTER_BOUND('',#987,.T.);
#455=FACE_OUTER_BOUND('',#988,.T.);
#456=FACE_OUTER_BOUND('',#989,.T.);
#457=FACE_OUTER_BOUND('',#990,.T.);
#458=FACE_OUTER_BOUND('',#991,.T.);
#459=FACE_OUTER_BOUND('',#992,.T.);
#460=FACE_OUTER_BOUND('',#993,.T.);
#461=FACE_OUTER_BOUND('',#994,.T.);
#462=FACE_OUTER_BOUND('',#995,.T.);
#463=FACE_OUTER_BOUND('',#996,.T.);
#464=FACE_OUTER_BOUND('',#997,.T.);
#465=FACE_OUTER_BOUND('',#998,.T.);
#466=FACE_OUTER_BOUND('',#999,.T.);
#467=FACE_OUTER_BOUND('',#1000,.T.);
#468=FACE_OUTER_BOUND('',#1001,.T.);
#469=FACE_OUTER_BOUND('',#1002,.T.);
#470=FACE_OUTER_BOUND('',#1003,.T.);
#471=FACE_OUTER_BOUND('',#1004,.T.);
#472=FACE_OUTER_BOUND('',#1005,.T.);
#473=FACE_OUTER_BOUND('',#1006,.T.);
#474=FACE_OUTER_BOUND('',#1007,.T.);
#475=FACE_OUTER_BOUND('',#1008,.T.);
#476=FACE_OUTER_BOUND('',#1009,.T.);
#477=FACE_OUTER_BOUND('',#1010,.T.);
#478=FACE_OUTER_BOUND('',#1011,.T.);
#479=FACE_OUTER_BOUND('',#1012,.T.);
#480=FACE_OUTER_BOUND('',#1013,.T.);
#481=FACE_OUTER_BOUND('',#1019,.T.);
#482=FACE_OUTER_BOUND('',#1020,.T.);
#483=FACE_OUTER_BOUND('',#1021,.T.);
#484=FACE_OUTER_BOUND('',#1022,.T.);
#485=FACE_OUTER_BOUND('',#1023,.T.);
#486=FACE_OUTER_BOUND('',#1024,.T.);
#487=FACE_OUTER_BOUND('',#1025,.T.);
#488=FACE_OUTER_BOUND('',#1026,.T.);
#489=FACE_OUTER_BOUND('',#1027,.T.);
#490=FACE_OUTER_BOUND('',#1028,.T.);
#491=FACE_OUTER_BOUND('',#1033,.T.);
#492=FACE_OUTER_BOUND('',#1034,.T.);
#493=FACE_OUTER_BOUND('',#1035,.T.);
#494=FACE_OUTER_BOUND('',#1036,.T.);
#495=FACE_OUTER_BOUND('',#1037,.T.);
#496=FACE_OUTER_BOUND('',#1038,.T.);
#497=FACE_OUTER_BOUND('',#1039,.T.);
#498=FACE_OUTER_BOUND('',#1040,.T.);
#499=FACE_OUTER_BOUND('',#1041,.T.);
#500=FACE_OUTER_BOUND('',#1042,.T.);
#501=FACE_OUTER_BOUND('',#1043,.T.);
#502=FACE_OUTER_BOUND('',#1044,.T.);
#503=FACE_OUTER_BOUND('',#1045,.T.);
#504=FACE_OUTER_BOUND('',#1046,.T.);
#505=FACE_OUTER_BOUND('',#1047,.T.);
#506=FACE_OUTER_BOUND('',#1048,.T.);
#507=FACE_OUTER_BOUND('',#1049,.T.);
#508=FACE_OUTER_BOUND('',#1050,.T.);
#509=FACE_OUTER_BOUND('',#1051,.T.);
#510=FACE_OUTER_BOUND('',#1052,.T.);
#511=FACE_OUTER_BOUND('',#1053,.T.);
#512=FACE_OUTER_BOUND('',#1054,.T.);
#513=FACE_OUTER_BOUND('',#1055,.T.);
#514=FACE_OUTER_BOUND('',#1056,.T.);
#515=FACE_OUTER_BOUND('',#1057,.T.);
#516=FACE_OUTER_BOUND('',#1058,.T.);
#517=FACE_OUTER_BOUND('',#1059,.T.);
#518=FACE_OUTER_BOUND('',#1060,.T.);
#519=FACE_OUTER_BOUND('',#1061,.T.);
#520=FACE_OUTER_BOUND('',#1062,.T.);
#521=FACE_OUTER_BOUND('',#1063,.T.);
#522=FACE_OUTER_BOUND('',#1064,.T.);
#523=FACE_OUTER_BOUND('',#1065,.T.);
#524=FACE_OUTER_BOUND('',#1066,.T.);
#525=FACE_OUTER_BOUND('',#1067,.T.);
#526=FACE_OUTER_BOUND('',#1068,.T.);
#527=FACE_OUTER_BOUND('',#1069,.T.);
#528=FACE_OUTER_BOUND('',#1070,.T.);
#529=FACE_OUTER_BOUND('',#1071,.T.);
#530=FACE_OUTER_BOUND('',#1072,.T.);
#531=FACE_OUTER_BOUND('',#1073,.T.);
#532=FACE_OUTER_BOUND('',#1074,.T.);
#533=FACE_OUTER_BOUND('',#1075,.T.);
#534=FACE_OUTER_BOUND('',#1076,.T.);
#535=FACE_OUTER_BOUND('',#1077,.T.);
#536=FACE_OUTER_BOUND('',#1078,.T.);
#537=FACE_OUTER_BOUND('',#1079,.T.);
#538=FACE_OUTER_BOUND('',#1080,.T.);
#539=FACE_OUTER_BOUND('',#1081,.T.);
#540=FACE_OUTER_BOUND('',#1082,.T.);
#541=FACE_OUTER_BOUND('',#1083,.T.);
#542=FACE_OUTER_BOUND('',#1084,.T.);
#543=FACE_OUTER_BOUND('',#1085,.T.);
#544=FACE_OUTER_BOUND('',#1086,.T.);
#545=FACE_OUTER_BOUND('',#1087,.T.);
#546=FACE_OUTER_BOUND('',#1088,.T.);
#547=FACE_OUTER_BOUND('',#1089,.T.);
#548=FACE_OUTER_BOUND('',#1090,.T.);
#549=FACE_OUTER_BOUND('',#1091,.T.);
#550=FACE_OUTER_BOUND('',#1092,.T.);
#551=FACE_OUTER_BOUND('',#1093,.T.);
#552=FACE_OUTER_BOUND('',#1094,.T.);
#553=FACE_OUTER_BOUND('',#1095,.T.);
#554=FACE_OUTER_BOUND('',#1096,.T.);
#555=FACE_OUTER_BOUND('',#1097,.T.);
#556=FACE_OUTER_BOUND('',#1098,.T.);
#557=FACE_OUTER_BOUND('',#1099,.T.);
#558=FACE_OUTER_BOUND('',#1100,.T.);
#559=FACE_OUTER_BOUND('',#1101,.T.);
#560=FACE_OUTER_BOUND('',#1102,.T.);
#561=FACE_OUTER_BOUND('',#1103,.T.);
#562=FACE_OUTER_BOUND('',#1104,.T.);
#563=FACE_OUTER_BOUND('',#1105,.T.);
#564=FACE_OUTER_BOUND('',#1106,.T.);
#565=FACE_OUTER_BOUND('',#1107,.T.);
#566=FACE_OUTER_BOUND('',#1108,.T.);
#567=FACE_OUTER_BOUND('',#1109,.T.);
#568=FACE_OUTER_BOUND('',#1110,.T.);
#569=FACE_OUTER_BOUND('',#1111,.T.);
#570=FACE_OUTER_BOUND('',#1112,.T.);
#571=FACE_OUTER_BOUND('',#1113,.T.);
#572=FACE_OUTER_BOUND('',#1114,.T.);
#573=FACE_OUTER_BOUND('',#1115,.T.);
#574=FACE_OUTER_BOUND('',#1116,.T.);
#575=FACE_OUTER_BOUND('',#1117,.T.);
#576=FACE_OUTER_BOUND('',#1118,.T.);
#577=FACE_OUTER_BOUND('',#1119,.T.);
#578=FACE_OUTER_BOUND('',#1120,.T.);
#579=FACE_OUTER_BOUND('',#1121,.T.);
#580=FACE_OUTER_BOUND('',#1122,.T.);
#581=FACE_OUTER_BOUND('',#1123,.T.);
#582=FACE_OUTER_BOUND('',#1124,.T.);
#583=FACE_OUTER_BOUND('',#1129,.T.);
#584=FACE_OUTER_BOUND('',#1130,.T.);
#585=FACE_OUTER_BOUND('',#1131,.T.);
#586=FACE_OUTER_BOUND('',#1133,.T.);
#587=FACE_OUTER_BOUND('',#1135,.T.);
#588=FACE_OUTER_BOUND('',#1136,.T.);
#589=FACE_OUTER_BOUND('',#1137,.T.);
#590=FACE_OUTER_BOUND('',#1138,.T.);
#591=FACE_OUTER_BOUND('',#1139,.T.);
#592=FACE_OUTER_BOUND('',#1140,.T.);
#593=FACE_OUTER_BOUND('',#1141,.T.);
#594=FACE_OUTER_BOUND('',#1143,.T.);
#595=FACE_OUTER_BOUND('',#1144,.T.);
#596=FACE_OUTER_BOUND('',#1145,.T.);
#597=FACE_OUTER_BOUND('',#1146,.T.);
#598=FACE_OUTER_BOUND('',#1147,.T.);
#599=FACE_OUTER_BOUND('',#1148,.T.);
#600=FACE_OUTER_BOUND('',#1149,.T.);
#601=FACE_OUTER_BOUND('',#1150,.T.);
#602=FACE_OUTER_BOUND('',#1151,.T.);
#603=FACE_OUTER_BOUND('',#1152,.T.);
#604=FACE_OUTER_BOUND('',#1153,.T.);
#605=FACE_OUTER_BOUND('',#1154,.T.);
#606=FACE_OUTER_BOUND('',#1155,.T.);
#607=FACE_OUTER_BOUND('',#1156,.T.);
#608=FACE_OUTER_BOUND('',#1157,.T.);
#609=FACE_OUTER_BOUND('',#1158,.T.);
#610=FACE_OUTER_BOUND('',#1160,.T.);
#611=FACE_OUTER_BOUND('',#1161,.T.);
#612=FACE_OUTER_BOUND('',#1162,.T.);
#613=FACE_OUTER_BOUND('',#1163,.T.);
#614=FACE_OUTER_BOUND('',#1164,.T.);
#615=FACE_OUTER_BOUND('',#1165,.T.);
#616=FACE_OUTER_BOUND('',#1166,.T.);
#617=FACE_OUTER_BOUND('',#1167,.T.);
#618=FACE_OUTER_BOUND('',#1168,.T.);
#619=FACE_OUTER_BOUND('',#1169,.T.);
#620=FACE_OUTER_BOUND('',#1170,.T.);
#621=FACE_OUTER_BOUND('',#1171,.T.);
#622=FACE_OUTER_BOUND('',#1172,.T.);
#623=FACE_OUTER_BOUND('',#1173,.T.);
#624=FACE_OUTER_BOUND('',#1174,.T.);
#625=FACE_OUTER_BOUND('',#1175,.T.);
#626=FACE_OUTER_BOUND('',#1176,.T.);
#627=FACE_OUTER_BOUND('',#1177,.T.);
#628=FACE_OUTER_BOUND('',#1178,.T.);
#629=FACE_OUTER_BOUND('',#1179,.T.);
#630=FACE_OUTER_BOUND('',#1180,.T.);
#631=FACE_OUTER_BOUND('',#1181,.T.);
#632=FACE_OUTER_BOUND('',#1182,.T.);
#633=FACE_OUTER_BOUND('',#1183,.T.);
#634=FACE_OUTER_BOUND('',#1184,.T.);
#635=FACE_OUTER_BOUND('',#1185,.T.);
#636=FACE_OUTER_BOUND('',#1186,.T.);
#637=FACE_OUTER_BOUND('',#1187,.T.);
#638=FACE_OUTER_BOUND('',#1188,.T.);
#639=FACE_OUTER_BOUND('',#1189,.T.);
#640=FACE_OUTER_BOUND('',#1190,.T.);
#641=FACE_OUTER_BOUND('',#1191,.T.);
#642=FACE_OUTER_BOUND('',#1192,.T.);
#643=FACE_OUTER_BOUND('',#1193,.T.);
#644=FACE_OUTER_BOUND('',#1194,.T.);
#645=FACE_OUTER_BOUND('',#1195,.T.);
#646=FACE_OUTER_BOUND('',#1196,.T.);
#647=FACE_OUTER_BOUND('',#1197,.T.);
#648=FACE_OUTER_BOUND('',#1198,.T.);
#649=FACE_OUTER_BOUND('',#1199,.T.);
#650=FACE_OUTER_BOUND('',#1200,.T.);
#651=FACE_OUTER_BOUND('',#1201,.T.);
#652=FACE_OUTER_BOUND('',#1202,.T.);
#653=FACE_OUTER_BOUND('',#1203,.T.);
#654=FACE_OUTER_BOUND('',#1204,.T.);
#655=FACE_OUTER_BOUND('',#1205,.T.);
#656=FACE_OUTER_BOUND('',#1206,.T.);
#657=FACE_OUTER_BOUND('',#1207,.T.);
#658=FACE_OUTER_BOUND('',#1208,.T.);
#659=FACE_OUTER_BOUND('',#1209,.T.);
#660=FACE_OUTER_BOUND('',#1210,.T.);
#661=FACE_OUTER_BOUND('',#1211,.T.);
#662=FACE_OUTER_BOUND('',#1212,.T.);
#663=FACE_OUTER_BOUND('',#1213,.T.);
#664=FACE_OUTER_BOUND('',#1214,.T.);
#665=FACE_OUTER_BOUND('',#1215,.T.);
#666=FACE_OUTER_BOUND('',#1216,.T.);
#667=FACE_OUTER_BOUND('',#1217,.T.);
#668=FACE_OUTER_BOUND('',#1218,.T.);
#669=FACE_OUTER_BOUND('',#1219,.T.);
#670=FACE_OUTER_BOUND('',#1220,.T.);
#671=FACE_OUTER_BOUND('',#1221,.T.);
#672=FACE_OUTER_BOUND('',#1222,.T.);
#673=FACE_OUTER_BOUND('',#1223,.T.);
#674=FACE_OUTER_BOUND('',#1224,.T.);
#675=FACE_OUTER_BOUND('',#1225,.T.);
#676=FACE_OUTER_BOUND('',#1226,.T.);
#677=FACE_OUTER_BOUND('',#1227,.T.);
#678=FACE_OUTER_BOUND('',#1228,.T.);
#679=FACE_OUTER_BOUND('',#1229,.T.);
#680=FACE_OUTER_BOUND('',#1230,.T.);
#681=FACE_OUTER_BOUND('',#1231,.T.);
#682=FACE_OUTER_BOUND('',#1232,.T.);
#683=FACE_OUTER_BOUND('',#1233,.T.);
#684=FACE_OUTER_BOUND('',#1234,.T.);
#685=FACE_OUTER_BOUND('',#1235,.T.);
#686=FACE_OUTER_BOUND('',#1236,.T.);
#687=FACE_OUTER_BOUND('',#1237,.T.);
#688=FACE_OUTER_BOUND('',#1238,.T.);
#689=FACE_OUTER_BOUND('',#1239,.T.);
#690=FACE_OUTER_BOUND('',#1240,.T.);
#691=FACE_OUTER_BOUND('',#1241,.T.);
#692=FACE_OUTER_BOUND('',#1242,.T.);
#693=FACE_OUTER_BOUND('',#1243,.T.);
#694=FACE_OUTER_BOUND('',#1244,.T.);
#695=FACE_OUTER_BOUND('',#1245,.T.);
#696=FACE_OUTER_BOUND('',#1246,.T.);
#697=FACE_OUTER_BOUND('',#1247,.T.);
#698=FACE_OUTER_BOUND('',#1248,.T.);
#699=FACE_OUTER_BOUND('',#1249,.T.);
#700=FACE_OUTER_BOUND('',#1250,.T.);
#701=FACE_OUTER_BOUND('',#1251,.T.);
#702=FACE_OUTER_BOUND('',#1252,.T.);
#703=FACE_OUTER_BOUND('',#1253,.T.);
#704=FACE_OUTER_BOUND('',#1254,.T.);
#705=FACE_OUTER_BOUND('',#1255,.T.);
#706=FACE_OUTER_BOUND('',#1256,.T.);
#707=FACE_OUTER_BOUND('',#1257,.T.);
#708=FACE_OUTER_BOUND('',#1258,.T.);
#709=FACE_OUTER_BOUND('',#1259,.T.);
#710=FACE_OUTER_BOUND('',#1260,.T.);
#711=FACE_OUTER_BOUND('',#1261,.T.);
#712=FACE_OUTER_BOUND('',#1262,.T.);
#713=FACE_OUTER_BOUND('',#1263,.T.);
#714=FACE_OUTER_BOUND('',#1264,.T.);
#715=FACE_OUTER_BOUND('',#1265,.T.);
#716=FACE_OUTER_BOUND('',#1266,.T.);
#717=FACE_OUTER_BOUND('',#1267,.T.);
#718=FACE_OUTER_BOUND('',#1268,.T.);
#719=FACE_OUTER_BOUND('',#1269,.T.);
#720=FACE_OUTER_BOUND('',#1270,.T.);
#721=FACE_OUTER_BOUND('',#1271,.T.);
#722=FACE_OUTER_BOUND('',#1272,.T.);
#723=FACE_OUTER_BOUND('',#1273,.T.);
#724=FACE_OUTER_BOUND('',#1274,.T.);
#725=FACE_OUTER_BOUND('',#1275,.T.);
#726=FACE_OUTER_BOUND('',#1276,.T.);
#727=FACE_OUTER_BOUND('',#1277,.T.);
#728=FACE_OUTER_BOUND('',#1278,.T.);
#729=FACE_OUTER_BOUND('',#1279,.T.);
#730=FACE_OUTER_BOUND('',#1280,.T.);
#731=FACE_OUTER_BOUND('',#1281,.T.);
#732=FACE_OUTER_BOUND('',#1282,.T.);
#733=FACE_OUTER_BOUND('',#1283,.T.);
#734=FACE_OUTER_BOUND('',#1284,.T.);
#735=FACE_OUTER_BOUND('',#1285,.T.);
#736=FACE_OUTER_BOUND('',#1286,.T.);
#737=FACE_OUTER_BOUND('',#1287,.T.);
#738=FACE_OUTER_BOUND('',#1288,.T.);
#739=FACE_OUTER_BOUND('',#1289,.T.);
#740=FACE_OUTER_BOUND('',#1290,.T.);
#741=FACE_OUTER_BOUND('',#1291,.T.);
#742=FACE_OUTER_BOUND('',#1292,.T.);
#743=FACE_OUTER_BOUND('',#1293,.T.);
#744=FACE_OUTER_BOUND('',#1294,.T.);
#745=FACE_OUTER_BOUND('',#1295,.T.);
#746=FACE_OUTER_BOUND('',#1296,.T.);
#747=FACE_OUTER_BOUND('',#1297,.T.);
#748=FACE_OUTER_BOUND('',#1298,.T.);
#749=FACE_OUTER_BOUND('',#1299,.T.);
#750=FACE_OUTER_BOUND('',#1300,.T.);
#751=FACE_OUTER_BOUND('',#1301,.T.);
#752=FACE_OUTER_BOUND('',#1302,.T.);
#753=FACE_OUTER_BOUND('',#1303,.T.);
#754=FACE_OUTER_BOUND('',#1304,.T.);
#755=FACE_OUTER_BOUND('',#1305,.T.);
#756=FACE_OUTER_BOUND('',#1306,.T.);
#757=FACE_OUTER_BOUND('',#1307,.T.);
#758=FACE_OUTER_BOUND('',#1308,.T.);
#759=FACE_OUTER_BOUND('',#1309,.T.);
#760=FACE_OUTER_BOUND('',#1310,.T.);
#761=FACE_OUTER_BOUND('',#1311,.T.);
#762=FACE_OUTER_BOUND('',#1312,.T.);
#763=FACE_OUTER_BOUND('',#1313,.T.);
#764=FACE_OUTER_BOUND('',#1314,.T.);
#765=FACE_OUTER_BOUND('',#1315,.T.);
#766=FACE_OUTER_BOUND('',#1316,.T.);
#767=FACE_OUTER_BOUND('',#1317,.T.);
#768=FACE_OUTER_BOUND('',#1318,.T.);
#769=FACE_OUTER_BOUND('',#1319,.T.);
#770=FACE_OUTER_BOUND('',#1320,.T.);
#771=FACE_OUTER_BOUND('',#1326,.T.);
#772=FACE_OUTER_BOUND('',#1327,.T.);
#773=FACE_OUTER_BOUND('',#1328,.T.);
#774=FACE_OUTER_BOUND('',#1329,.T.);
#775=FACE_OUTER_BOUND('',#1330,.T.);
#776=FACE_OUTER_BOUND('',#1331,.T.);
#777=FACE_OUTER_BOUND('',#1332,.T.);
#778=FACE_OUTER_BOUND('',#1333,.T.);
#779=FACE_OUTER_BOUND('',#1334,.T.);
#780=FACE_OUTER_BOUND('',#1335,.T.);
#781=FACE_OUTER_BOUND('',#1336,.T.);
#782=FACE_OUTER_BOUND('',#1337,.T.);
#783=FACE_OUTER_BOUND('',#1338,.T.);
#784=FACE_OUTER_BOUND('',#1339,.T.);
#785=FACE_OUTER_BOUND('',#1340,.T.);
#786=FACE_OUTER_BOUND('',#1341,.T.);
#787=FACE_OUTER_BOUND('',#1342,.T.);
#788=FACE_OUTER_BOUND('',#1343,.T.);
#789=FACE_OUTER_BOUND('',#1344,.T.);
#790=FACE_OUTER_BOUND('',#1345,.T.);
#791=FACE_OUTER_BOUND('',#1346,.T.);
#792=FACE_OUTER_BOUND('',#1347,.T.);
#793=FACE_OUTER_BOUND('',#1348,.T.);
#794=FACE_OUTER_BOUND('',#1349,.T.);
#795=FACE_OUTER_BOUND('',#1350,.T.);
#796=FACE_OUTER_BOUND('',#1351,.T.);
#797=FACE_OUTER_BOUND('',#1352,.T.);
#798=FACE_OUTER_BOUND('',#1353,.T.);
#799=FACE_OUTER_BOUND('',#1354,.T.);
#800=FACE_OUTER_BOUND('',#1355,.T.);
#801=FACE_OUTER_BOUND('',#1356,.T.);
#802=FACE_OUTER_BOUND('',#1357,.T.);
#803=FACE_OUTER_BOUND('',#1358,.T.);
#804=FACE_OUTER_BOUND('',#1359,.T.);
#805=FACE_OUTER_BOUND('',#1360,.T.);
#806=FACE_OUTER_BOUND('',#1361,.T.);
#807=FACE_OUTER_BOUND('',#1362,.T.);
#808=FACE_OUTER_BOUND('',#1363,.T.);
#809=FACE_OUTER_BOUND('',#1364,.T.);
#810=FACE_OUTER_BOUND('',#1365,.T.);
#811=FACE_OUTER_BOUND('',#1366,.T.);
#812=FACE_OUTER_BOUND('',#1367,.T.);
#813=FACE_OUTER_BOUND('',#1368,.T.);
#814=FACE_OUTER_BOUND('',#1369,.T.);
#815=FACE_OUTER_BOUND('',#1370,.T.);
#816=FACE_OUTER_BOUND('',#1371,.T.);
#817=FACE_OUTER_BOUND('',#1372,.T.);
#818=FACE_OUTER_BOUND('',#1373,.T.);
#819=FACE_OUTER_BOUND('',#1374,.T.);
#820=FACE_OUTER_BOUND('',#1376,.T.);
#821=FACE_OUTER_BOUND('',#1377,.T.);
#822=FACE_OUTER_BOUND('',#1378,.T.);
#823=FACE_OUTER_BOUND('',#1379,.T.);
#824=FACE_OUTER_BOUND('',#1380,.T.);
#825=FACE_OUTER_BOUND('',#1381,.T.);
#826=FACE_OUTER_BOUND('',#1382,.T.);
#827=FACE_OUTER_BOUND('',#1383,.T.);
#828=FACE_OUTER_BOUND('',#1384,.T.);
#829=FACE_OUTER_BOUND('',#1385,.T.);
#830=FACE_OUTER_BOUND('',#1386,.T.);
#831=FACE_OUTER_BOUND('',#1387,.T.);
#832=FACE_OUTER_BOUND('',#1388,.T.);
#833=FACE_OUTER_BOUND('',#1389,.T.);
#834=FACE_OUTER_BOUND('',#1390,.T.);
#835=FACE_OUTER_BOUND('',#1391,.T.);
#836=FACE_OUTER_BOUND('',#1392,.T.);
#837=FACE_OUTER_BOUND('',#1393,.T.);
#838=FACE_OUTER_BOUND('',#1394,.T.);
#839=FACE_OUTER_BOUND('',#1395,.T.);
#840=FACE_OUTER_BOUND('',#1396,.T.);
#841=FACE_OUTER_BOUND('',#1397,.T.);
#842=FACE_OUTER_BOUND('',#1398,.T.);
#843=FACE_OUTER_BOUND('',#1399,.T.);
#844=FACE_OUTER_BOUND('',#1400,.T.);
#845=FACE_OUTER_BOUND('',#1401,.T.);
#846=FACE_OUTER_BOUND('',#1402,.T.);
#847=FACE_OUTER_BOUND('',#1403,.T.);
#848=FACE_OUTER_BOUND('',#1404,.T.);
#849=FACE_OUTER_BOUND('',#1405,.T.);
#850=FACE_OUTER_BOUND('',#1406,.T.);
#851=FACE_OUTER_BOUND('',#1407,.T.);
#852=FACE_OUTER_BOUND('',#1408,.T.);
#853=FACE_OUTER_BOUND('',#1409,.T.);
#854=FACE_OUTER_BOUND('',#1410,.T.);
#855=FACE_OUTER_BOUND('',#1411,.T.);
#856=FACE_OUTER_BOUND('',#1412,.T.);
#857=FACE_OUTER_BOUND('',#1413,.T.);
#858=FACE_OUTER_BOUND('',#1414,.T.);
#859=FACE_OUTER_BOUND('',#1415,.T.);
#860=FACE_OUTER_BOUND('',#1416,.T.);
#861=FACE_OUTER_BOUND('',#1417,.T.);
#862=FACE_OUTER_BOUND('',#1418,.T.);
#863=FACE_OUTER_BOUND('',#1419,.T.);
#864=FACE_OUTER_BOUND('',#1420,.T.);
#865=FACE_OUTER_BOUND('',#1421,.T.);
#866=FACE_OUTER_BOUND('',#1422,.T.);
#867=FACE_OUTER_BOUND('',#1423,.T.);
#868=FACE_OUTER_BOUND('',#1424,.T.);
#869=FACE_OUTER_BOUND('',#1425,.T.);
#870=FACE_OUTER_BOUND('',#1426,.T.);
#871=FACE_OUTER_BOUND('',#1427,.T.);
#872=FACE_OUTER_BOUND('',#1428,.T.);
#873=FACE_OUTER_BOUND('',#1429,.T.);
#874=FACE_OUTER_BOUND('',#1430,.T.);
#875=FACE_OUTER_BOUND('',#1431,.T.);
#876=FACE_OUTER_BOUND('',#1432,.T.);
#877=FACE_OUTER_BOUND('',#1433,.T.);
#878=FACE_OUTER_BOUND('',#1434,.T.);
#879=FACE_OUTER_BOUND('',#1435,.T.);
#880=FACE_OUTER_BOUND('',#1436,.T.);
#881=FACE_OUTER_BOUND('',#1437,.T.);
#882=FACE_OUTER_BOUND('',#1438,.T.);
#883=FACE_OUTER_BOUND('',#1439,.T.);
#884=FACE_OUTER_BOUND('',#1440,.T.);
#885=FACE_OUTER_BOUND('',#1441,.T.);
#886=FACE_OUTER_BOUND('',#1442,.T.);
#887=FACE_OUTER_BOUND('',#1443,.T.);
#888=FACE_OUTER_BOUND('',#1444,.T.);
#889=FACE_OUTER_BOUND('',#1445,.T.);
#890=FACE_OUTER_BOUND('',#1446,.T.);
#891=FACE_OUTER_BOUND('',#1447,.T.);
#892=FACE_OUTER_BOUND('',#1448,.T.);
#893=EDGE_LOOP('',(#6410,#6411,#6412,#6413));
#894=EDGE_LOOP('',(#6414,#6415,#6416,#6417));
#895=EDGE_LOOP('',(#6418,#6419,#6420,#6421));
#896=EDGE_LOOP('',(#6422,#6423,#6424,#6425));
#897=EDGE_LOOP('',(#6426,#6427,#6428,#6429,#6430,#6431));
#898=EDGE_LOOP('',(#6432,#6433,#6434,#6435,#6436,#6437));
#899=EDGE_LOOP('',(#6438,#6439,#6440,#6441,#6442,#6443));
#900=EDGE_LOOP('',(#6444,#6445,#6446,#6447,#6448,#6449));
#901=EDGE_LOOP('',(#6450,#6451,#6452,#6453,#6454,#6455));
#902=EDGE_LOOP('',(#6456,#6457,#6458,#6459,#6460,#6461,#6462,#6463,#6464,
#6465,#6466,#6467,#6468,#6469,#6470));
#903=EDGE_LOOP('',(#6471,#6472,#6473,#6474,#6475,#6476));
#904=EDGE_LOOP('',(#6477,#6478,#6479,#6480,#6481,#6482));
#905=EDGE_LOOP('',(#6483,#6484,#6485,#6486,#6487,#6488));
#906=EDGE_LOOP('',(#6489,#6490,#6491,#6492,#6493,#6494));
#907=EDGE_LOOP('',(#6495,#6496,#6497,#6498,#6499,#6500));
#908=EDGE_LOOP('',(#6501,#6502,#6503,#6504,#6505,#6506));
#909=EDGE_LOOP('',(#6507,#6508,#6509,#6510,#6511,#6512));
#910=EDGE_LOOP('',(#6513,#6514,#6515,#6516,#6517,#6518));
#911=EDGE_LOOP('',(#6519,#6520,#6521,#6522,#6523,#6524));
#912=EDGE_LOOP('',(#6525,#6526,#6527,#6528));
#913=EDGE_LOOP('',(#6529,#6530,#6531,#6532,#6533));
#914=EDGE_LOOP('',(#6534,#6535,#6536,#6537,#6538,#6539));
#915=EDGE_LOOP('',(#6540,#6541,#6542,#6543));
#916=EDGE_LOOP('',(#6544,#6545,#6546,#6547,#6548));
#917=EDGE_LOOP('',(#6549,#6550,#6551,#6552,#6553,#6554));
#918=EDGE_LOOP('',(#6555,#6556,#6557,#6558));
#919=EDGE_LOOP('',(#6559,#6560,#6561,#6562,#6563));
#920=EDGE_LOOP('',(#6564,#6565,#6566,#6567,#6568,#6569));
#921=EDGE_LOOP('',(#6570,#6571,#6572,#6573));
#922=EDGE_LOOP('',(#6574,#6575,#6576,#6577,#6578));
#923=EDGE_LOOP('',(#6579,#6580,#6581,#6582,#6583,#6584));
#924=EDGE_LOOP('',(#6585,#6586,#6587,#6588,#6589,#6590));
#925=EDGE_LOOP('',(#6591,#6592,#6593,#6594));
#926=EDGE_LOOP('',(#6595,#6596,#6597,#6598,#6599,#6600));
#927=EDGE_LOOP('',(#6601,#6602,#6603,#6604,#6605));
#928=EDGE_LOOP('',(#6606,#6607,#6608,#6609,#6610,#6611));
#929=EDGE_LOOP('',(#6612,#6613,#6614,#6615));
#930=EDGE_LOOP('',(#6616,#6617,#6618,#6619));
#931=EDGE_LOOP('',(#6620));
#932=EDGE_LOOP('',(#6621,#6622));
#933=EDGE_LOOP('',(#6623,#6624,#6625,#6626));
#934=EDGE_LOOP('',(#6627,#6628,#6629,#6630));
#935=EDGE_LOOP('',(#6631,#6632));
#936=EDGE_LOOP('',(#6633,#6634,#6635,#6636,#6637,#6638));
#937=EDGE_LOOP('',(#6639,#6640,#6641,#6642,#6643,#6644,#6645,#6646,#6647,
#6648,#6649,#6650,#6651,#6652,#6653,#6654,#6655,#6656,#6657,#6658,#6659,
#6660,#6661,#6662,#6663,#6664,#6665,#6666,#6667,#6668,#6669,#6670,#6671,
#6672,#6673,#6674,#6675,#6676,#6677,#6678,#6679,#6680,#6681,#6682,#6683,
#6684,#6685,#6686,#6687,#6688,#6689,#6690,#6691,#6692,#6693,#6694,#6695,
#6696,#6697,#6698,#6699,#6700,#6701,#6702,#6703,#6704,#6705,#6706,#6707,
#6708,#6709,#6710,#6711,#6712,#6713,#6714,#6715,#6716,#6717,#6718,#6719,
#6720,#6721,#6722,#6723,#6724,#6725,#6726,#6727,#6728,#6729,#6730,#6731,
#6732,#6733,#6734,#6735,#6736,#6737,#6738,#6739,#6740,#6741,#6742,#6743,
#6744,#6745,#6746,#6747,#6748,#6749,#6750,#6751,#6752,#6753,#6754,#6755,
#6756,#6757,#6758,#6759,#6760,#6761,#6762,#6763,#6764,#6765,#6766,#6767,
#6768,#6769,#6770,#6771,#6772,#6773,#6774,#6775,#6776,#6777,#6778,#6779,
#6780,#6781,#6782));
#938=EDGE_LOOP('',(#6783));
#939=EDGE_LOOP('',(#6784));
#940=EDGE_LOOP('',(#6785));
#941=EDGE_LOOP('',(#6786));
#942=EDGE_LOOP('',(#6787,#6788));
#943=EDGE_LOOP('',(#6789,#6790,#6791,#6792));
#944=EDGE_LOOP('',(#6793,#6794,#6795,#6796));
#945=EDGE_LOOP('',(#6797,#6798));
#946=EDGE_LOOP('',(#6799,#6800,#6801,#6802,#6803,#6804));
#947=EDGE_LOOP('',(#6805,#6806));
#948=EDGE_LOOP('',(#6807,#6808,#6809,#6810));
#949=EDGE_LOOP('',(#6811,#6812,#6813,#6814));
#950=EDGE_LOOP('',(#6815,#6816));
#951=EDGE_LOOP('',(#6817,#6818,#6819,#6820,#6821,#6822));
#952=EDGE_LOOP('',(#6823,#6824));
#953=EDGE_LOOP('',(#6825,#6826,#6827,#6828));
#954=EDGE_LOOP('',(#6829,#6830,#6831,#6832));
#955=EDGE_LOOP('',(#6833,#6834));
#956=EDGE_LOOP('',(#6835,#6836,#6837,#6838,#6839,#6840));
#957=EDGE_LOOP('',(#6841,#6842));
#958=EDGE_LOOP('',(#6843,#6844,#6845,#6846));
#959=EDGE_LOOP('',(#6847,#6848,#6849,#6850));
#960=EDGE_LOOP('',(#6851,#6852));
#961=EDGE_LOOP('',(#6853,#6854,#6855,#6856,#6857,#6858));
#962=EDGE_LOOP('',(#6859,#6860));
#963=EDGE_LOOP('',(#6861,#6862,#6863,#6864));
#964=EDGE_LOOP('',(#6865,#6866,#6867,#6868));
#965=EDGE_LOOP('',(#6869,#6870));
#966=EDGE_LOOP('',(#6871,#6872,#6873,#6874,#6875,#6876));
#967=EDGE_LOOP('',(#6877,#6878));
#968=EDGE_LOOP('',(#6879,#6880,#6881,#6882));
#969=EDGE_LOOP('',(#6883,#6884,#6885,#6886));
#970=EDGE_LOOP('',(#6887,#6888));
#971=EDGE_LOOP('',(#6889,#6890));
#972=EDGE_LOOP('',(#6891,#6892,#6893,#6894));
#973=EDGE_LOOP('',(#6895,#6896,#6897,#6898));
#974=EDGE_LOOP('',(#6899,#6900));
#975=EDGE_LOOP('',(#6901,#6902,#6903,#6904,#6905,#6906));
#976=EDGE_LOOP('',(#6907,#6908));
#977=EDGE_LOOP('',(#6909,#6910,#6911,#6912));
#978=EDGE_LOOP('',(#6913,#6914,#6915,#6916));
#979=EDGE_LOOP('',(#6917,#6918));
#980=EDGE_LOOP('',(#6919,#6920));
#981=EDGE_LOOP('',(#6921,#6922,#6923,#6924));
#982=EDGE_LOOP('',(#6925,#6926,#6927,#6928));
#983=EDGE_LOOP('',(#6929,#6930));
#984=EDGE_LOOP('',(#6931,#6932,#6933,#6934,#6935,#6936));
#985=EDGE_LOOP('',(#6937,#6938));
#986=EDGE_LOOP('',(#6939,#6940,#6941,#6942));
#987=EDGE_LOOP('',(#6943,#6944,#6945,#6946));
#988=EDGE_LOOP('',(#6947,#6948));
#989=EDGE_LOOP('',(#6949,#6950,#6951,#6952,#6953,#6954));
#990=EDGE_LOOP('',(#6955,#6956));
#991=EDGE_LOOP('',(#6957,#6958));
#992=EDGE_LOOP('',(#6959,#6960,#6961,#6962));
#993=EDGE_LOOP('',(#6963,#6964,#6965,#6966));
#994=EDGE_LOOP('',(#6967,#6968,#6969,#6970,#6971));
#995=EDGE_LOOP('',(#6972,#6973,#6974,#6975,#6976,#6977));
#996=EDGE_LOOP('',(#6978,#6979,#6980,#6981));
#997=EDGE_LOOP('',(#6982,#6983,#6984,#6985,#6986));
#998=EDGE_LOOP('',(#6987,#6988,#6989,#6990,#6991,#6992));
#999=EDGE_LOOP('',(#6993,#6994,#6995,#6996));
#1000=EDGE_LOOP('',(#6997,#6998,#6999,#7000,#7001));
#1001=EDGE_LOOP('',(#7002,#7003,#7004,#7005,#7006,#7007));
#1002=EDGE_LOOP('',(#7008,#7009,#7010,#7011,#7012));
#1003=EDGE_LOOP('',(#7013,#7014,#7015,#7016));
#1004=EDGE_LOOP('',(#7017,#7018,#7019,#7020,#7021));
#1005=EDGE_LOOP('',(#7022,#7023,#7024,#7025));
#1006=EDGE_LOOP('',(#7026,#7027,#7028,#7029,#7030));
#1007=EDGE_LOOP('',(#7031,#7032,#7033,#7034,#7035,#7036));
#1008=EDGE_LOOP('',(#7037,#7038,#7039,#7040));
#1009=EDGE_LOOP('',(#7041,#7042,#7043,#7044,#7045,#7046));
#1010=EDGE_LOOP('',(#7047,#7048,#7049,#7050,#7051));
#1011=EDGE_LOOP('',(#7052,#7053,#7054,#7055,#7056,#7057));
#1012=EDGE_LOOP('',(#7058,#7059,#7060,#7061));
#1013=EDGE_LOOP('',(#7062));
#1014=EDGE_LOOP('',(#7063));
#1015=EDGE_LOOP('',(#7064));
#1016=EDGE_LOOP('',(#7065));
#1017=EDGE_LOOP('',(#7066));
#1018=EDGE_LOOP('',(#7067));
#1019=EDGE_LOOP('',(#7068,#7069,#7070,#7071));
#1020=EDGE_LOOP('',(#7072,#7073,#7074,#7075));
#1021=EDGE_LOOP('',(#7076,#7077,#7078,#7079));
#1022=EDGE_LOOP('',(#7080,#7081,#7082,#7083));
#1023=EDGE_LOOP('',(#7084,#7085));
#1024=EDGE_LOOP('',(#7086,#7087,#7088,#7089));
#1025=EDGE_LOOP('',(#7090,#7091,#7092,#7093));
#1026=EDGE_LOOP('',(#7094,#7095));
#1027=EDGE_LOOP('',(#7096,#7097,#7098,#7099,#7100,#7101));
#1028=EDGE_LOOP('',(#7102,#7103,#7104,#7105,#7106,#7107,#7108,#7109,#7110,
#7111,#7112,#7113,#7114,#7115,#7116,#7117,#7118,#7119,#7120,#7121,#7122,
#7123,#7124,#7125,#7126,#7127,#7128,#7129,#7130,#7131,#7132,#7133,#7134,
#7135,#7136,#7137,#7138,#7139,#7140,#7141,#7142,#7143,#7144,#7145,#7146,
#7147,#7148,#7149,#7150,#7151,#7152,#7153,#7154,#7155,#7156,#7157,#7158,
#7159,#7160,#7161,#7162,#7163,#7164,#7165,#7166,#7167,#7168,#7169,#7170,
#7171,#7172,#7173,#7174,#7175,#7176,#7177,#7178,#7179,#7180,#7181,#7182,
#7183,#7184,#7185,#7186,#7187,#7188,#7189,#7190,#7191,#7192,#7193,#7194,
#7195,#7196,#7197,#7198,#7199,#7200,#7201,#7202,#7203,#7204,#7205,#7206,
#7207,#7208,#7209,#7210,#7211,#7212,#7213,#7214,#7215,#7216,#7217,#7218,
#7219,#7220,#7221,#7222,#7223,#7224,#7225,#7226,#7227,#7228,#7229,#7230,
#7231,#7232,#7233,#7234,#7235,#7236,#7237,#7238,#7239,#7240,#7241,#7242,
#7243,#7244,#7245));
#1029=EDGE_LOOP('',(#7246));
#1030=EDGE_LOOP('',(#7247));
#1031=EDGE_LOOP('',(#7248));
#1032=EDGE_LOOP('',(#7249));
#1033=EDGE_LOOP('',(#7250,#7251));
#1034=EDGE_LOOP('',(#7252,#7253,#7254,#7255));
#1035=EDGE_LOOP('',(#7256,#7257,#7258,#7259));
#1036=EDGE_LOOP('',(#7260,#7261));
#1037=EDGE_LOOP('',(#7262,#7263,#7264,#7265,#7266,#7267));
#1038=EDGE_LOOP('',(#7268,#7269));
#1039=EDGE_LOOP('',(#7270,#7271,#7272,#7273));
#1040=EDGE_LOOP('',(#7274,#7275,#7276,#7277));
#1041=EDGE_LOOP('',(#7278,#7279));
#1042=EDGE_LOOP('',(#7280,#7281,#7282,#7283,#7284,#7285));
#1043=EDGE_LOOP('',(#7286,#7287));
#1044=EDGE_LOOP('',(#7288,#7289,#7290,#7291));
#1045=EDGE_LOOP('',(#7292,#7293,#7294,#7295));
#1046=EDGE_LOOP('',(#7296,#7297));
#1047=EDGE_LOOP('',(#7298,#7299,#7300,#7301,#7302,#7303));
#1048=EDGE_LOOP('',(#7304,#7305));
#1049=EDGE_LOOP('',(#7306,#7307,#7308,#7309));
#1050=EDGE_LOOP('',(#7310,#7311,#7312,#7313));
#1051=EDGE_LOOP('',(#7314,#7315));
#1052=EDGE_LOOP('',(#7316,#7317,#7318,#7319,#7320,#7321));
#1053=EDGE_LOOP('',(#7322,#7323));
#1054=EDGE_LOOP('',(#7324,#7325,#7326,#7327));
#1055=EDGE_LOOP('',(#7328,#7329,#7330,#7331));
#1056=EDGE_LOOP('',(#7332,#7333));
#1057=EDGE_LOOP('',(#7334,#7335,#7336,#7337,#7338,#7339));
#1058=EDGE_LOOP('',(#7340,#7341));
#1059=EDGE_LOOP('',(#7342,#7343,#7344,#7345));
#1060=EDGE_LOOP('',(#7346,#7347,#7348,#7349));
#1061=EDGE_LOOP('',(#7350,#7351));
#1062=EDGE_LOOP('',(#7352,#7353,#7354,#7355,#7356,#7357));
#1063=EDGE_LOOP('',(#7358,#7359));
#1064=EDGE_LOOP('',(#7360,#7361,#7362,#7363));
#1065=EDGE_LOOP('',(#7364,#7365,#7366,#7367));
#1066=EDGE_LOOP('',(#7368,#7369));
#1067=EDGE_LOOP('',(#7370,#7371,#7372,#7373,#7374,#7375));
#1068=EDGE_LOOP('',(#7376,#7377));
#1069=EDGE_LOOP('',(#7378,#7379,#7380,#7381));
#1070=EDGE_LOOP('',(#7382,#7383,#7384,#7385));
#1071=EDGE_LOOP('',(#7386,#7387));
#1072=EDGE_LOOP('',(#7388,#7389,#7390,#7391,#7392,#7393));
#1073=EDGE_LOOP('',(#7394,#7395));
#1074=EDGE_LOOP('',(#7396,#7397,#7398,#7399));
#1075=EDGE_LOOP('',(#7400,#7401,#7402,#7403));
#1076=EDGE_LOOP('',(#7404,#7405));
#1077=EDGE_LOOP('',(#7406,#7407,#7408,#7409,#7410,#7411));
#1078=EDGE_LOOP('',(#7412,#7413));
#1079=EDGE_LOOP('',(#7414,#7415,#7416,#7417));
#1080=EDGE_LOOP('',(#7418,#7419,#7420,#7421));
#1081=EDGE_LOOP('',(#7422,#7423));
#1082=EDGE_LOOP('',(#7424,#7425,#7426,#7427,#7428,#7429));
#1083=EDGE_LOOP('',(#7430,#7431));
#1084=EDGE_LOOP('',(#7432,#7433));
#1085=EDGE_LOOP('',(#7434,#7435,#7436,#7437));
#1086=EDGE_LOOP('',(#7438,#7439,#7440,#7441));
#1087=EDGE_LOOP('',(#7442,#7443,#7444,#7445,#7446,#7447));
#1088=EDGE_LOOP('',(#7448,#7449,#7450,#7451));
#1089=EDGE_LOOP('',(#7452,#7453,#7454,#7455));
#1090=EDGE_LOOP('',(#7456,#7457,#7458,#7459,#7460,#7461));
#1091=EDGE_LOOP('',(#7462,#7463,#7464,#7465));
#1092=EDGE_LOOP('',(#7466,#7467,#7468,#7469));
#1093=EDGE_LOOP('',(#7470,#7471,#7472,#7473,#7474,#7475));
#1094=EDGE_LOOP('',(#7476,#7477,#7478,#7479));
#1095=EDGE_LOOP('',(#7480,#7481,#7482,#7483));
#1096=EDGE_LOOP('',(#7484,#7485,#7486,#7487,#7488,#7489));
#1097=EDGE_LOOP('',(#7490,#7491,#7492,#7493));
#1098=EDGE_LOOP('',(#7494,#7495,#7496,#7497));
#1099=EDGE_LOOP('',(#7498,#7499,#7500,#7501,#7502,#7503));
#1100=EDGE_LOOP('',(#7504,#7505,#7506,#7507));
#1101=EDGE_LOOP('',(#7508,#7509,#7510,#7511));
#1102=EDGE_LOOP('',(#7512,#7513,#7514,#7515,#7516,#7517));
#1103=EDGE_LOOP('',(#7518,#7519,#7520,#7521));
#1104=EDGE_LOOP('',(#7522,#7523,#7524,#7525));
#1105=EDGE_LOOP('',(#7526,#7527,#7528,#7529,#7530,#7531));
#1106=EDGE_LOOP('',(#7532,#7533,#7534,#7535));
#1107=EDGE_LOOP('',(#7536,#7537,#7538,#7539));
#1108=EDGE_LOOP('',(#7540,#7541,#7542,#7543,#7544,#7545));
#1109=EDGE_LOOP('',(#7546,#7547,#7548,#7549));
#1110=EDGE_LOOP('',(#7550,#7551,#7552,#7553));
#1111=EDGE_LOOP('',(#7554,#7555,#7556,#7557,#7558,#7559));
#1112=EDGE_LOOP('',(#7560,#7561,#7562,#7563));
#1113=EDGE_LOOP('',(#7564,#7565,#7566,#7567));
#1114=EDGE_LOOP('',(#7568,#7569,#7570,#7571,#7572,#7573));
#1115=EDGE_LOOP('',(#7574,#7575,#7576,#7577));
#1116=EDGE_LOOP('',(#7578,#7579,#7580,#7581));
#1117=EDGE_LOOP('',(#7582,#7583,#7584,#7585,#7586,#7587));
#1118=EDGE_LOOP('',(#7588,#7589,#7590,#7591));
#1119=EDGE_LOOP('',(#7592,#7593,#7594,#7595));
#1120=EDGE_LOOP('',(#7596,#7597,#7598,#7599,#7600,#7601));
#1121=EDGE_LOOP('',(#7602,#7603,#7604,#7605));
#1122=EDGE_LOOP('',(#7606,#7607,#7608,#7609,#7610,#7611));
#1123=EDGE_LOOP('',(#7612,#7613,#7614,#7615));
#1124=EDGE_LOOP('',(#7616,#7617,#7618,#7619,#7620,#7621,#7622,#7623,#7624,
#7625,#7626,#7627,#7628,#7629,#7630,#7631,#7632,#7633,#7634,#7635,#7636,
#7637,#7638,#7639,#7640,#7641,#7642,#7643,#7644,#7645,#7646,#7647,#7648,
#7649,#7650,#7651,#7652,#7653,#7654,#7655,#7656,#7657,#7658,#7659,#7660,
#7661,#7662,#7663));
#1125=EDGE_LOOP('',(#7664));
#1126=EDGE_LOOP('',(#7665));
#1127=EDGE_LOOP('',(#7666));
#1128=EDGE_LOOP('',(#7667));
#1129=EDGE_LOOP('',(#7668,#7669,#7670,#7671));
#1130=EDGE_LOOP('',(#7672,#7673,#7674,#7675));
#1131=EDGE_LOOP('',(#7676));
#1132=EDGE_LOOP('',(#7677));
#1133=EDGE_LOOP('',(#7678));
#1134=EDGE_LOOP('',(#7679));
#1135=EDGE_LOOP('',(#7680,#7681,#7682,#7683));
#1136=EDGE_LOOP('',(#7684,#7685,#7686,#7687));
#1137=EDGE_LOOP('',(#7688,#7689,#7690,#7691));
#1138=EDGE_LOOP('',(#7692,#7693,#7694,#7695));
#1139=EDGE_LOOP('',(#7696,#7697,#7698,#7699));
#1140=EDGE_LOOP('',(#7700,#7701,#7702,#7703,#7704,#7705,#7706,#7707,#7708,
#7709,#7710,#7711,#7712,#7713,#7714,#7715));
#1141=EDGE_LOOP('',(#7716,#7717,#7718,#7719,#7720,#7721,#7722,#7723,#7724,
#7725,#7726,#7727,#7728,#7729,#7730,#7731,#7732,#7733,#7734,#7735,#7736,
#7737,#7738,#7739));
#1142=EDGE_LOOP('',(#7740));
#1143=EDGE_LOOP('',(#7741,#7742,#7743,#7744));
#1144=EDGE_LOOP('',(#7745,#7746,#7747,#7748));
#1145=EDGE_LOOP('',(#7749,#7750,#7751,#7752));
#1146=EDGE_LOOP('',(#7753,#7754,#7755,#7756));
#1147=EDGE_LOOP('',(#7757,#7758,#7759,#7760));
#1148=EDGE_LOOP('',(#7761,#7762,#7763,#7764));
#1149=EDGE_LOOP('',(#7765,#7766,#7767,#7768));
#1150=EDGE_LOOP('',(#7769,#7770,#7771,#7772));
#1151=EDGE_LOOP('',(#7773,#7774,#7775,#7776));
#1152=EDGE_LOOP('',(#7777,#7778,#7779,#7780));
#1153=EDGE_LOOP('',(#7781,#7782,#7783,#7784));
#1154=EDGE_LOOP('',(#7785,#7786,#7787,#7788));
#1155=EDGE_LOOP('',(#7789,#7790,#7791,#7792));
#1156=EDGE_LOOP('',(#7793,#7794,#7795,#7796));
#1157=EDGE_LOOP('',(#7797,#7798,#7799,#7800));
#1158=EDGE_LOOP('',(#7801,#7802,#7803,#7804,#7805,#7806,#7807,#7808,#7809,
#7810,#7811,#7812,#7813,#7814,#7815,#7816,#7817,#7818,#7819,#7820,#7821,
#7822,#7823,#7824,#7825,#7826,#7827,#7828,#7829,#7830,#7831,#7832,#7833,
#7834,#7835,#7836,#7837,#7838,#7839,#7840,#7841,#7842,#7843,#7844,#7845,
#7846,#7847,#7848,#7849,#7850,#7851,#7852,#7853,#7854,#7855,#7856,#7857,
#7858,#7859,#7860,#7861,#7862,#7863,#7864,#7865,#7866,#7867,#7868,#7869,
#7870,#7871,#7872,#7873,#7874,#7875,#7876,#7877,#7878,#7879,#7880,#7881,
#7882,#7883,#7884,#7885,#7886,#7887,#7888,#7889,#7890,#7891,#7892,#7893,
#7894,#7895,#7896,#7897,#7898,#7899,#7900,#7901,#7902,#7903,#7904,#7905,
#7906,#7907,#7908,#7909,#7910,#7911,#7912,#7913,#7914,#7915,#7916,#7917,
#7918,#7919,#7920,#7921,#7922,#7923,#7924,#7925,#7926,#7927,#7928,#7929,
#7930,#7931,#7932,#7933,#7934,#7935,#7936,#7937,#7938,#7939,#7940,#7941,
#7942,#7943,#7944));
#1159=EDGE_LOOP('',(#7945,#7946,#7947,#7948,#7949,#7950,#7951,#7952,#7953,
#7954,#7955,#7956,#7957,#7958,#7959,#7960,#7961,#7962,#7963,#7964,#7965,
#7966,#7967,#7968,#7969));
#1160=EDGE_LOOP('',(#7970,#7971,#7972,#7973));
#1161=EDGE_LOOP('',(#7974,#7975,#7976,#7977));
#1162=EDGE_LOOP('',(#7978,#7979,#7980,#7981));
#1163=EDGE_LOOP('',(#7982,#7983,#7984,#7985));
#1164=EDGE_LOOP('',(#7986,#7987,#7988,#7989));
#1165=EDGE_LOOP('',(#7990,#7991,#7992,#7993));
#1166=EDGE_LOOP('',(#7994,#7995,#7996,#7997));
#1167=EDGE_LOOP('',(#7998,#7999,#8000,#8001));
#1168=EDGE_LOOP('',(#8002,#8003,#8004,#8005));
#1169=EDGE_LOOP('',(#8006,#8007,#8008,#8009));
#1170=EDGE_LOOP('',(#8010,#8011,#8012,#8013));
#1171=EDGE_LOOP('',(#8014,#8015,#8016,#8017));
#1172=EDGE_LOOP('',(#8018,#8019,#8020,#8021));
#1173=EDGE_LOOP('',(#8022,#8023,#8024,#8025));
#1174=EDGE_LOOP('',(#8026,#8027,#8028,#8029));
#1175=EDGE_LOOP('',(#8030,#8031,#8032,#8033));
#1176=EDGE_LOOP('',(#8034,#8035,#8036,#8037));
#1177=EDGE_LOOP('',(#8038,#8039,#8040,#8041));
#1178=EDGE_LOOP('',(#8042,#8043,#8044,#8045));
#1179=EDGE_LOOP('',(#8046,#8047,#8048,#8049));
#1180=EDGE_LOOP('',(#8050,#8051,#8052,#8053));
#1181=EDGE_LOOP('',(#8054,#8055,#8056,#8057));
#1182=EDGE_LOOP('',(#8058,#8059,#8060,#8061,#8062,#8063,#8064,#8065));
#1183=EDGE_LOOP('',(#8066,#8067,#8068,#8069,#8070,#8071,#8072,#8073));
#1184=EDGE_LOOP('',(#8074,#8075,#8076,#8077,#8078,#8079,#8080,#8081));
#1185=EDGE_LOOP('',(#8082,#8083,#8084,#8085,#8086,#8087,#8088,#8089));
#1186=EDGE_LOOP('',(#8090,#8091,#8092,#8093,#8094,#8095,#8096,#8097));
#1187=EDGE_LOOP('',(#8098,#8099,#8100,#8101,#8102,#8103,#8104,#8105));
#1188=EDGE_LOOP('',(#8106,#8107,#8108,#8109,#8110,#8111));
#1189=EDGE_LOOP('',(#8112,#8113,#8114,#8115,#8116,#8117));
#1190=EDGE_LOOP('',(#8118,#8119,#8120,#8121,#8122,#8123));
#1191=EDGE_LOOP('',(#8124,#8125,#8126,#8127,#8128,#8129));
#1192=EDGE_LOOP('',(#8130,#8131,#8132,#8133,#8134,#8135));
#1193=EDGE_LOOP('',(#8136,#8137,#8138,#8139,#8140,#8141));
#1194=EDGE_LOOP('',(#8142,#8143,#8144,#8145,#8146,#8147));
#1195=EDGE_LOOP('',(#8148,#8149,#8150,#8151,#8152,#8153));
#1196=EDGE_LOOP('',(#8154,#8155,#8156,#8157,#8158,#8159));
#1197=EDGE_LOOP('',(#8160,#8161,#8162,#8163,#8164,#8165));
#1198=EDGE_LOOP('',(#8166,#8167,#8168,#8169,#8170,#8171));
#1199=EDGE_LOOP('',(#8172,#8173));
#1200=EDGE_LOOP('',(#8174,#8175,#8176,#8177));
#1201=EDGE_LOOP('',(#8178,#8179,#8180,#8181));
#1202=EDGE_LOOP('',(#8182,#8183));
#1203=EDGE_LOOP('',(#8184,#8185,#8186,#8187,#8188,#8189));
#1204=EDGE_LOOP('',(#8190,#8191));
#1205=EDGE_LOOP('',(#8192,#8193,#8194,#8195));
#1206=EDGE_LOOP('',(#8196,#8197,#8198,#8199));
#1207=EDGE_LOOP('',(#8200,#8201));
#1208=EDGE_LOOP('',(#8202,#8203,#8204,#8205,#8206,#8207));
#1209=EDGE_LOOP('',(#8208,#8209));
#1210=EDGE_LOOP('',(#8210,#8211,#8212,#8213));
#1211=EDGE_LOOP('',(#8214,#8215,#8216,#8217));
#1212=EDGE_LOOP('',(#8218,#8219));
#1213=EDGE_LOOP('',(#8220,#8221,#8222,#8223,#8224,#8225));
#1214=EDGE_LOOP('',(#8226,#8227));
#1215=EDGE_LOOP('',(#8228,#8229,#8230,#8231));
#1216=EDGE_LOOP('',(#8232,#8233,#8234,#8235));
#1217=EDGE_LOOP('',(#8236,#8237));
#1218=EDGE_LOOP('',(#8238,#8239,#8240,#8241,#8242,#8243));
#1219=EDGE_LOOP('',(#8244,#8245));
#1220=EDGE_LOOP('',(#8246,#8247,#8248,#8249));
#1221=EDGE_LOOP('',(#8250,#8251,#8252,#8253));
#1222=EDGE_LOOP('',(#8254,#8255));
#1223=EDGE_LOOP('',(#8256,#8257,#8258,#8259,#8260,#8261));
#1224=EDGE_LOOP('',(#8262,#8263));
#1225=EDGE_LOOP('',(#8264,#8265,#8266,#8267));
#1226=EDGE_LOOP('',(#8268,#8269,#8270,#8271));
#1227=EDGE_LOOP('',(#8272,#8273));
#1228=EDGE_LOOP('',(#8274,#8275,#8276,#8277,#8278,#8279));
#1229=EDGE_LOOP('',(#8280,#8281));
#1230=EDGE_LOOP('',(#8282,#8283,#8284,#8285));
#1231=EDGE_LOOP('',(#8286,#8287,#8288,#8289));
#1232=EDGE_LOOP('',(#8290,#8291));
#1233=EDGE_LOOP('',(#8292,#8293,#8294,#8295,#8296,#8297));
#1234=EDGE_LOOP('',(#8298,#8299));
#1235=EDGE_LOOP('',(#8300,#8301,#8302,#8303));
#1236=EDGE_LOOP('',(#8304,#8305,#8306,#8307));
#1237=EDGE_LOOP('',(#8308,#8309));
#1238=EDGE_LOOP('',(#8310,#8311,#8312,#8313,#8314,#8315));
#1239=EDGE_LOOP('',(#8316,#8317));
#1240=EDGE_LOOP('',(#8318,#8319,#8320,#8321));
#1241=EDGE_LOOP('',(#8322,#8323,#8324,#8325));
#1242=EDGE_LOOP('',(#8326,#8327));
#1243=EDGE_LOOP('',(#8328,#8329,#8330,#8331,#8332,#8333));
#1244=EDGE_LOOP('',(#8334,#8335));
#1245=EDGE_LOOP('',(#8336,#8337,#8338,#8339));
#1246=EDGE_LOOP('',(#8340,#8341,#8342,#8343));
#1247=EDGE_LOOP('',(#8344,#8345));
#1248=EDGE_LOOP('',(#8346,#8347,#8348,#8349,#8350,#8351));
#1249=EDGE_LOOP('',(#8352,#8353));
#1250=EDGE_LOOP('',(#8354,#8355,#8356,#8357));
#1251=EDGE_LOOP('',(#8358,#8359,#8360,#8361));
#1252=EDGE_LOOP('',(#8362,#8363));
#1253=EDGE_LOOP('',(#8364,#8365,#8366,#8367,#8368,#8369));
#1254=EDGE_LOOP('',(#8370,#8371));
#1255=EDGE_LOOP('',(#8372,#8373));
#1256=EDGE_LOOP('',(#8374,#8375,#8376,#8377));
#1257=EDGE_LOOP('',(#8378,#8379,#8380,#8381));
#1258=EDGE_LOOP('',(#8382,#8383,#8384,#8385,#8386,#8387));
#1259=EDGE_LOOP('',(#8388,#8389,#8390,#8391));
#1260=EDGE_LOOP('',(#8392,#8393,#8394,#8395,#8396,#8397));
#1261=EDGE_LOOP('',(#8398,#8399,#8400,#8401));
#1262=EDGE_LOOP('',(#8402,#8403,#8404,#8405,#8406,#8407));
#1263=EDGE_LOOP('',(#8408,#8409,#8410,#8411));
#1264=EDGE_LOOP('',(#8412,#8413,#8414,#8415,#8416,#8417));
#1265=EDGE_LOOP('',(#8418,#8419,#8420,#8421));
#1266=EDGE_LOOP('',(#8422,#8423,#8424,#8425,#8426,#8427));
#1267=EDGE_LOOP('',(#8428,#8429,#8430,#8431));
#1268=EDGE_LOOP('',(#8432,#8433,#8434,#8435,#8436,#8437));
#1269=EDGE_LOOP('',(#8438,#8439,#8440,#8441));
#1270=EDGE_LOOP('',(#8442,#8443,#8444,#8445,#8446,#8447,#8448,#8449));
#1271=EDGE_LOOP('',(#8450,#8451,#8452,#8453,#8454,#8455));
#1272=EDGE_LOOP('',(#8456,#8457,#8458,#8459));
#1273=EDGE_LOOP('',(#8460,#8461,#8462,#8463,#8464,#8465,#8466,#8467));
#1274=EDGE_LOOP('',(#8468,#8469,#8470,#8471,#8472,#8473));
#1275=EDGE_LOOP('',(#8474,#8475,#8476,#8477));
#1276=EDGE_LOOP('',(#8478,#8479,#8480,#8481,#8482,#8483,#8484,#8485));
#1277=EDGE_LOOP('',(#8486,#8487,#8488,#8489,#8490,#8491));
#1278=EDGE_LOOP('',(#8492,#8493,#8494,#8495));
#1279=EDGE_LOOP('',(#8496,#8497,#8498,#8499,#8500,#8501,#8502,#8503));
#1280=EDGE_LOOP('',(#8504,#8505,#8506,#8507,#8508,#8509));
#1281=EDGE_LOOP('',(#8510,#8511,#8512,#8513));
#1282=EDGE_LOOP('',(#8514,#8515,#8516,#8517,#8518,#8519,#8520,#8521));
#1283=EDGE_LOOP('',(#8522,#8523,#8524,#8525,#8526,#8527));
#1284=EDGE_LOOP('',(#8528,#8529,#8530,#8531));
#1285=EDGE_LOOP('',(#8532,#8533,#8534,#8535,#8536,#8537));
#1286=EDGE_LOOP('',(#8538,#8539,#8540,#8541,#8542,#8543,#8544,#8545));
#1287=EDGE_LOOP('',(#8546,#8547,#8548,#8549,#8550,#8551));
#1288=EDGE_LOOP('',(#8552,#8553,#8554,#8555));
#1289=EDGE_LOOP('',(#8556,#8557,#8558,#8559,#8560,#8561));
#1290=EDGE_LOOP('',(#8562,#8563,#8564,#8565));
#1291=EDGE_LOOP('',(#8566,#8567,#8568,#8569,#8570,#8571));
#1292=EDGE_LOOP('',(#8572,#8573,#8574,#8575,#8576,#8577));
#1293=EDGE_LOOP('',(#8578,#8579,#8580,#8581));
#1294=EDGE_LOOP('',(#8582,#8583,#8584,#8585));
#1295=EDGE_LOOP('',(#8586,#8587,#8588,#8589));
#1296=EDGE_LOOP('',(#8590,#8591,#8592,#8593,#8594,#8595));
#1297=EDGE_LOOP('',(#8596,#8597,#8598,#8599,#8600,#8601));
#1298=EDGE_LOOP('',(#8602,#8603,#8604,#8605));
#1299=EDGE_LOOP('',(#8606,#8607,#8608,#8609));
#1300=EDGE_LOOP('',(#8610,#8611,#8612,#8613));
#1301=EDGE_LOOP('',(#8614,#8615,#8616,#8617,#8618,#8619));
#1302=EDGE_LOOP('',(#8620,#8621,#8622,#8623,#8624,#8625));
#1303=EDGE_LOOP('',(#8626,#8627,#8628,#8629));
#1304=EDGE_LOOP('',(#8630,#8631,#8632,#8633));
#1305=EDGE_LOOP('',(#8634,#8635,#8636,#8637));
#1306=EDGE_LOOP('',(#8638,#8639,#8640,#8641,#8642,#8643));
#1307=EDGE_LOOP('',(#8644,#8645,#8646,#8647,#8648,#8649));
#1308=EDGE_LOOP('',(#8650,#8651,#8652,#8653));
#1309=EDGE_LOOP('',(#8654,#8655,#8656,#8657));
#1310=EDGE_LOOP('',(#8658,#8659,#8660,#8661));
#1311=EDGE_LOOP('',(#8662,#8663,#8664,#8665,#8666,#8667));
#1312=EDGE_LOOP('',(#8668,#8669,#8670,#8671,#8672,#8673));
#1313=EDGE_LOOP('',(#8674,#8675,#8676,#8677));
#1314=EDGE_LOOP('',(#8678,#8679,#8680,#8681));
#1315=EDGE_LOOP('',(#8682,#8683,#8684,#8685));
#1316=EDGE_LOOP('',(#8686,#8687,#8688,#8689,#8690,#8691));
#1317=EDGE_LOOP('',(#8692,#8693,#8694,#8695,#8696,#8697));
#1318=EDGE_LOOP('',(#8698,#8699,#8700,#8701));
#1319=EDGE_LOOP('',(#8702,#8703,#8704,#8705));
#1320=EDGE_LOOP('',(#8706,#8707,#8708,#8709,#8710,#8711,#8712,#8713,#8714,
#8715,#8716,#8717,#8718,#8719,#8720,#8721,#8722,#8723,#8724,#8725,#8726,
#8727,#8728,#8729));
#1321=EDGE_LOOP('',(#8730));
#1322=EDGE_LOOP('',(#8731));
#1323=EDGE_LOOP('',(#8732));
#1324=EDGE_LOOP('',(#8733));
#1325=EDGE_LOOP('',(#8734));
#1326=EDGE_LOOP('',(#8735,#8736,#8737,#8738));
#1327=EDGE_LOOP('',(#8739,#8740,#8741,#8742));
#1328=EDGE_LOOP('',(#8743,#8744,#8745,#8746));
#1329=EDGE_LOOP('',(#8747,#8748,#8749,#8750));
#1330=EDGE_LOOP('',(#8751,#8752,#8753,#8754));
#1331=EDGE_LOOP('',(#8755,#8756,#8757,#8758));
#1332=EDGE_LOOP('',(#8759,#8760,#8761,#8762));
#1333=EDGE_LOOP('',(#8763,#8764,#8765,#8766));
#1334=EDGE_LOOP('',(#8767,#8768,#8769,#8770));
#1335=EDGE_LOOP('',(#8771,#8772,#8773,#8774));
#1336=EDGE_LOOP('',(#8775,#8776,#8777,#8778,#8779,#8780));
#1337=EDGE_LOOP('',(#8781,#8782,#8783,#8784,#8785,#8786));
#1338=EDGE_LOOP('',(#8787,#8788,#8789,#8790,#8791,#8792));
#1339=EDGE_LOOP('',(#8793,#8794,#8795,#8796,#8797,#8798));
#1340=EDGE_LOOP('',(#8799,#8800,#8801,#8802,#8803,#8804,#8805));
#1341=EDGE_LOOP('',(#8806,#8807,#8808,#8809,#8810,#8811,#8812,#8813,#8814,
#8815,#8816,#8817,#8818,#8819,#8820,#8821));
#1342=EDGE_LOOP('',(#8822,#8823,#8824,#8825,#8826,#8827));
#1343=EDGE_LOOP('',(#8828,#8829,#8830,#8831,#8832,#8833));
#1344=EDGE_LOOP('',(#8834,#8835,#8836,#8837,#8838,#8839));
#1345=EDGE_LOOP('',(#8840,#8841,#8842,#8843,#8844,#8845));
#1346=EDGE_LOOP('',(#8846,#8847,#8848,#8849,#8850,#8851));
#1347=EDGE_LOOP('',(#8852,#8853,#8854,#8855,#8856,#8857));
#1348=EDGE_LOOP('',(#8858,#8859,#8860,#8861,#8862,#8863));
#1349=EDGE_LOOP('',(#8864,#8865,#8866,#8867,#8868,#8869));
#1350=EDGE_LOOP('',(#8870,#8871,#8872,#8873));
#1351=EDGE_LOOP('',(#8874,#8875,#8876,#8877,#8878));
#1352=EDGE_LOOP('',(#8879,#8880,#8881,#8882,#8883,#8884));
#1353=EDGE_LOOP('',(#8885,#8886,#8887,#8888));
#1354=EDGE_LOOP('',(#8889,#8890,#8891,#8892,#8893));
#1355=EDGE_LOOP('',(#8894,#8895,#8896,#8897,#8898,#8899));
#1356=EDGE_LOOP('',(#8900,#8901,#8902,#8903));
#1357=EDGE_LOOP('',(#8904,#8905,#8906,#8907,#8908));
#1358=EDGE_LOOP('',(#8909,#8910,#8911,#8912,#8913,#8914));
#1359=EDGE_LOOP('',(#8915,#8916,#8917,#8918));
#1360=EDGE_LOOP('',(#8919,#8920,#8921,#8922,#8923));
#1361=EDGE_LOOP('',(#8924,#8925,#8926,#8927,#8928,#8929));
#1362=EDGE_LOOP('',(#8930,#8931,#8932,#8933,#8934,#8935));
#1363=EDGE_LOOP('',(#8936,#8937,#8938,#8939,#8940));
#1364=EDGE_LOOP('',(#8941,#8942,#8943,#8944));
#1365=EDGE_LOOP('',(#8945,#8946,#8947,#8948,#8949,#8950));
#1366=EDGE_LOOP('',(#8951,#8952,#8953,#8954,#8955));
#1367=EDGE_LOOP('',(#8956,#8957,#8958,#8959,#8960,#8961));
#1368=EDGE_LOOP('',(#8962,#8963,#8964,#8965));
#1369=EDGE_LOOP('',(#8966,#8967));
#1370=EDGE_LOOP('',(#8968,#8969,#8970,#8971));
#1371=EDGE_LOOP('',(#8972,#8973,#8974,#8975));
#1372=EDGE_LOOP('',(#8976,#8977));
#1373=EDGE_LOOP('',(#8978,#8979,#8980,#8981,#8982,#8983));
#1374=EDGE_LOOP('',(#8984,#8985,#8986,#8987,#8988,#8989,#8990,#8991,#8992,
#8993,#8994,#8995,#8996,#8997,#8998,#8999,#9000,#9001,#9002,#9003,#9004,
#9005,#9006,#9007,#9008,#9009,#9010,#9011,#9012,#9013,#9014,#9015,#9016,
#9017,#9018,#9019,#9020,#9021,#9022,#9023,#9024,#9025,#9026,#9027,#9028,
#9029,#9030,#9031,#9032,#9033,#9034,#9035,#9036,#9037,#9038,#9039,#9040,
#9041,#9042,#9043,#9044,#9045,#9046,#9047,#9048,#9049,#9050,#9051,#9052,
#9053,#9054,#9055,#9056,#9057,#9058,#9059,#9060,#9061,#9062,#9063,#9064,
#9065,#9066,#9067,#9068,#9069,#9070,#9071,#9072,#9073,#9074,#9075,#9076,
#9077,#9078,#9079,#9080,#9081,#9082,#9083,#9084,#9085,#9086,#9087,#9088,
#9089,#9090,#9091,#9092,#9093,#9094,#9095,#9096,#9097,#9098,#9099,#9100,
#9101,#9102,#9103,#9104,#9105,#9106,#9107,#9108,#9109,#9110,#9111,#9112,
#9113,#9114,#9115,#9116,#9117,#9118,#9119,#9120,#9121,#9122,#9123,#9124,
#9125,#9126,#9127));
#1375=EDGE_LOOP('',(#9128,#9129,#9130,#9131,#9132,#9133,#9134,#9135,#9136,
#9137,#9138,#9139,#9140,#9141,#9142,#9143,#9144,#9145,#9146,#9147,#9148,
#9149,#9150,#9151));
#1376=EDGE_LOOP('',(#9152,#9153));
#1377=EDGE_LOOP('',(#9154,#9155,#9156,#9157));
#1378=EDGE_LOOP('',(#9158,#9159,#9160,#9161));
#1379=EDGE_LOOP('',(#9162,#9163));
#1380=EDGE_LOOP('',(#9164,#9165,#9166,#9167,#9168,#9169));
#1381=EDGE_LOOP('',(#9170,#9171));
#1382=EDGE_LOOP('',(#9172,#9173,#9174,#9175));
#1383=EDGE_LOOP('',(#9176,#9177,#9178,#9179));
#1384=EDGE_LOOP('',(#9180,#9181));
#1385=EDGE_LOOP('',(#9182,#9183));
#1386=EDGE_LOOP('',(#9184,#9185,#9186,#9187));
#1387=EDGE_LOOP('',(#9188,#9189,#9190,#9191));
#1388=EDGE_LOOP('',(#9192,#9193));
#1389=EDGE_LOOP('',(#9194,#9195,#9196,#9197,#9198,#9199));
#1390=EDGE_LOOP('',(#9200,#9201));
#1391=EDGE_LOOP('',(#9202,#9203,#9204,#9205));
#1392=EDGE_LOOP('',(#9206,#9207,#9208,#9209));
#1393=EDGE_LOOP('',(#9210,#9211));
#1394=EDGE_LOOP('',(#9212,#9213,#9214,#9215,#9216,#9217));
#1395=EDGE_LOOP('',(#9218,#9219));
#1396=EDGE_LOOP('',(#9220,#9221,#9222,#9223));
#1397=EDGE_LOOP('',(#9224,#9225,#9226,#9227));
#1398=EDGE_LOOP('',(#9228,#9229));
#1399=EDGE_LOOP('',(#9230,#9231));
#1400=EDGE_LOOP('',(#9232,#9233,#9234,#9235));
#1401=EDGE_LOOP('',(#9236,#9237,#9238,#9239));
#1402=EDGE_LOOP('',(#9240,#9241));
#1403=EDGE_LOOP('',(#9242,#9243,#9244,#9245,#9246,#9247));
#1404=EDGE_LOOP('',(#9248,#9249));
#1405=EDGE_LOOP('',(#9250,#9251,#9252,#9253));
#1406=EDGE_LOOP('',(#9254,#9255,#9256,#9257));
#1407=EDGE_LOOP('',(#9258,#9259));
#1408=EDGE_LOOP('',(#9260,#9261,#9262,#9263,#9264,#9265));
#1409=EDGE_LOOP('',(#9266,#9267));
#1410=EDGE_LOOP('',(#9268,#9269,#9270,#9271));
#1411=EDGE_LOOP('',(#9272,#9273,#9274,#9275));
#1412=EDGE_LOOP('',(#9276,#9277));
#1413=EDGE_LOOP('',(#9278,#9279,#9280,#9281,#9282,#9283));
#1414=EDGE_LOOP('',(#9284,#9285));
#1415=EDGE_LOOP('',(#9286,#9287,#9288,#9289));
#1416=EDGE_LOOP('',(#9290,#9291,#9292,#9293));
#1417=EDGE_LOOP('',(#9294,#9295));
#1418=EDGE_LOOP('',(#9296,#9297,#9298,#9299,#9300,#9301));
#1419=EDGE_LOOP('',(#9302,#9303));
#1420=EDGE_LOOP('',(#9304,#9305,#9306,#9307));
#1421=EDGE_LOOP('',(#9308,#9309,#9310,#9311));
#1422=EDGE_LOOP('',(#9312,#9313));
#1423=EDGE_LOOP('',(#9314,#9315,#9316,#9317,#9318,#9319));
#1424=EDGE_LOOP('',(#9320,#9321));
#1425=EDGE_LOOP('',(#9322,#9323));
#1426=EDGE_LOOP('',(#9324,#9325,#9326,#9327));
#1427=EDGE_LOOP('',(#9328,#9329,#9330,#9331));
#1428=EDGE_LOOP('',(#9332,#9333,#9334,#9335));
#1429=EDGE_LOOP('',(#9336,#9337,#9338,#9339,#9340,#9341));
#1430=EDGE_LOOP('',(#9342,#9343,#9344,#9345,#9346));
#1431=EDGE_LOOP('',(#9347,#9348,#9349,#9350));
#1432=EDGE_LOOP('',(#9351,#9352,#9353,#9354,#9355,#9356));
#1433=EDGE_LOOP('',(#9357,#9358,#9359,#9360,#9361));
#1434=EDGE_LOOP('',(#9362,#9363,#9364,#9365));
#1435=EDGE_LOOP('',(#9366,#9367,#9368,#9369,#9370,#9371));
#1436=EDGE_LOOP('',(#9372,#9373,#9374,#9375,#9376));
#1437=EDGE_LOOP('',(#9377,#9378,#9379,#9380));
#1438=EDGE_LOOP('',(#9381,#9382,#9383,#9384,#9385,#9386));
#1439=EDGE_LOOP('',(#9387,#9388,#9389,#9390,#9391));
#1440=EDGE_LOOP('',(#9392,#9393,#9394,#9395));
#1441=EDGE_LOOP('',(#9396,#9397,#9398,#9399,#9400,#9401));
#1442=EDGE_LOOP('',(#9402,#9403,#9404,#9405,#9406));
#1443=EDGE_LOOP('',(#9407,#9408,#9409,#9410));
#1444=EDGE_LOOP('',(#9411,#9412,#9413,#9414,#9415,#9416));
#1445=EDGE_LOOP('',(#9417,#9418,#9419,#9420,#9421));
#1446=EDGE_LOOP('',(#9422,#9423,#9424,#9425,#9426,#9427));
#1447=EDGE_LOOP('',(#9428,#9429,#9430,#9431));
#1448=EDGE_LOOP('',(#9432));
#1449=EDGE_LOOP('',(#9433));
#1450=EDGE_LOOP('',(#9434));
#1451=EDGE_LOOP('',(#9435));
#1452=EDGE_LOOP('',(#9436));
#1453=EDGE_LOOP('',(#9437));
#1454=LINE('',#14522,#2385);
#1455=LINE('',#14528,#2386);
#1456=LINE('',#14534,#2387);
#1457=LINE('',#14540,#2388);
#1458=LINE('',#14547,#2389);
#1459=LINE('',#14554,#2390);
#1460=LINE('',#14560,#2391);
#1461=LINE('',#14566,#2392);
#1462=LINE('',#14572,#2393);
#1463=LINE('',#14578,#2394);
#1464=LINE('',#14584,#2395);
#1465=LINE('',#14591,#2396);
#1466=LINE('',#14595,#2397);
#1467=LINE('',#14599,#2398);
#1468=LINE('',#14606,#2399);
#1469=LINE('',#14623,#2400);
#1470=LINE('',#14627,#2401);
#1471=LINE('',#14635,#2402);
#1472=LINE('',#14639,#2403);
#1473=LINE('',#14645,#2404);
#1474=LINE('',#14649,#2405);
#1475=LINE('',#14655,#2406);
#1476=LINE('',#14659,#2407);
#1477=LINE('',#14665,#2408);
#1478=LINE('',#14669,#2409);
#1479=LINE('',#14675,#2410);
#1480=LINE('',#14679,#2411);
#1481=LINE('',#14685,#2412);
#1482=LINE('',#14689,#2413);
#1483=LINE('',#14692,#2414);
#1484=LINE('',#14694,#2415);
#1485=LINE('',#14698,#2416);
#1486=LINE('',#14699,#2417);
#1487=LINE('',#14702,#2418);
#1488=LINE('',#14704,#2419);
#1489=LINE('',#14708,#2420);
#1490=LINE('',#14709,#2421);
#1491=LINE('',#14712,#2422);
#1492=LINE('',#14715,#2423);
#1493=LINE('',#14718,#2424);
#1494=LINE('',#14722,#2425);
#1495=LINE('',#14724,#2426);
#1496=LINE('',#14727,#2427);
#1497=LINE('',#14730,#2428);
#1498=LINE('',#14733,#2429);
#1499=LINE('',#14736,#2430);
#1500=LINE('',#14740,#2431);
#1501=LINE('',#14742,#2432);
#1502=LINE('',#14745,#2433);
#1503=LINE('',#14748,#2434);
#1504=LINE('',#14751,#2435);
#1505=LINE('',#14754,#2436);
#1506=LINE('',#14758,#2437);
#1507=LINE('',#14760,#2438);
#1508=LINE('',#14763,#2439);
#1509=LINE('',#14766,#2440);
#1510=LINE('',#14769,#2441);
#1511=LINE('',#14772,#2442);
#1512=LINE('',#14776,#2443);
#1513=LINE('',#14778,#2444);
#1514=LINE('',#14781,#2445);
#1515=LINE('',#14784,#2446);
#1516=LINE('',#14786,#2447);
#1517=LINE('',#14790,#2448);
#1518=LINE('',#14791,#2449);
#1519=LINE('',#14794,#2450);
#1520=LINE('',#14798,#2451);
#1521=LINE('',#14800,#2452);
#1522=LINE('',#14803,#2453);
#1523=LINE('',#14806,#2454);
#1524=LINE('',#14810,#2455);
#1525=LINE('',#14812,#2456);
#1526=LINE('',#14815,#2457);
#1527=LINE('',#14818,#2458);
#1528=LINE('',#14824,#2459);
#1529=LINE('',#14830,#2460);
#1530=LINE('',#14835,#2461);
#1531=LINE('',#14839,#2462);
#1532=LINE('',#14843,#2463);
#1533=LINE('',#14846,#2464);
#1534=LINE('',#14848,#2465);
#1535=LINE('',#14851,#2466);
#1536=LINE('',#14852,#2467);
#1537=LINE('',#14854,#2468);
#1538=LINE('',#14855,#2469);
#1539=LINE('',#14858,#2470);
#1540=LINE('',#14863,#2471);
#1541=LINE('',#14865,#2472);
#1542=LINE('',#14867,#2473);
#1543=LINE('',#14869,#2474);
#1544=LINE('',#14871,#2475);
#1545=LINE('',#14875,#2476);
#1546=LINE('',#14877,#2477);
#1547=LINE('',#14879,#2478);
#1548=LINE('',#14881,#2479);
#1549=LINE('',#14883,#2480);
#1550=LINE('',#14887,#2481);
#1551=LINE('',#14889,#2482);
#1552=LINE('',#14891,#2483);
#1553=LINE('',#14893,#2484);
#1554=LINE('',#14895,#2485);
#1555=LINE('',#14899,#2486);
#1556=LINE('',#14901,#2487);
#1557=LINE('',#14903,#2488);
#1558=LINE('',#14905,#2489);
#1559=LINE('',#14907,#2490);
#1560=LINE('',#14911,#2491);
#1561=LINE('',#14913,#2492);
#1562=LINE('',#14915,#2493);
#1563=LINE('',#14917,#2494);
#1564=LINE('',#14919,#2495);
#1565=LINE('',#14923,#2496);
#1566=LINE('',#14925,#2497);
#1567=LINE('',#14927,#2498);
#1568=LINE('',#14929,#2499);
#1569=LINE('',#14931,#2500);
#1570=LINE('',#14934,#2501);
#1571=LINE('',#14936,#2502);
#1572=LINE('',#14937,#2503);
#1573=LINE('',#14941,#2504);
#1574=LINE('',#14943,#2505);
#1575=LINE('',#14945,#2506);
#1576=LINE('',#14947,#2507);
#1577=LINE('',#14949,#2508);
#1578=LINE('',#14952,#2509);
#1579=LINE('',#14954,#2510);
#1580=LINE('',#14955,#2511);
#1581=LINE('',#14957,#2512);
#1582=LINE('',#14959,#2513);
#1583=LINE('',#14961,#2514);
#1584=LINE('',#14963,#2515);
#1585=LINE('',#14964,#2516);
#1586=LINE('',#14966,#2517);
#1587=LINE('',#14968,#2518);
#1588=LINE('',#14969,#2519);
#1589=LINE('',#14971,#2520);
#1590=LINE('',#14973,#2521);
#1591=LINE('',#14975,#2522);
#1592=LINE('',#14977,#2523);
#1593=LINE('',#14978,#2524);
#1594=LINE('',#14980,#2525);
#1595=LINE('',#14982,#2526);
#1596=LINE('',#14983,#2527);
#1597=LINE('',#14985,#2528);
#1598=LINE('',#14987,#2529);
#1599=LINE('',#14989,#2530);
#1600=LINE('',#14991,#2531);
#1601=LINE('',#14992,#2532);
#1602=LINE('',#14994,#2533);
#1603=LINE('',#14996,#2534);
#1604=LINE('',#14997,#2535);
#1605=LINE('',#14999,#2536);
#1606=LINE('',#15001,#2537);
#1607=LINE('',#15003,#2538);
#1608=LINE('',#15005,#2539);
#1609=LINE('',#15006,#2540);
#1610=LINE('',#15008,#2541);
#1611=LINE('',#15010,#2542);
#1612=LINE('',#15011,#2543);
#1613=LINE('',#15014,#2544);
#1614=LINE('',#15016,#2545);
#1615=LINE('',#15017,#2546);
#1616=LINE('',#15019,#2547);
#1617=LINE('',#15021,#2548);
#1618=LINE('',#15022,#2549);
#1619=LINE('',#15024,#2550);
#1620=LINE('',#15026,#2551);
#1621=LINE('',#15027,#2552);
#1622=LINE('',#15029,#2553);
#1623=LINE('',#15031,#2554);
#1624=LINE('',#15033,#2555);
#1625=LINE('',#15035,#2556);
#1626=LINE('',#15037,#2557);
#1627=LINE('',#15041,#2558);
#1628=LINE('',#15043,#2559);
#1629=LINE('',#15045,#2560);
#1630=LINE('',#15047,#2561);
#1631=LINE('',#15049,#2562);
#1632=LINE('',#15052,#2563);
#1633=LINE('',#15062,#2564);
#1634=LINE('',#15063,#2565);
#1635=LINE('',#15073,#2566);
#1636=LINE('',#15074,#2567);
#1637=LINE('',#15127,#2568);
#1638=LINE('',#15128,#2569);
#1639=LINE('',#15138,#2570);
#1640=LINE('',#15139,#2571);
#1641=LINE('',#15149,#2572);
#1642=LINE('',#15151,#2573);
#1643=LINE('',#15154,#2574);
#1644=LINE('',#15156,#2575);
#1645=LINE('',#15159,#2576);
#1646=LINE('',#15166,#2577);
#1647=LINE('',#15168,#2578);
#1648=LINE('',#15170,#2579);
#1649=LINE('',#15172,#2580);
#1650=LINE('',#15174,#2581);
#1651=LINE('',#15176,#2582);
#1652=LINE('',#15183,#2583);
#1653=LINE('',#15189,#2584);
#1654=LINE('',#15195,#2585);
#1655=LINE('',#15201,#2586);
#1656=LINE('',#15206,#2587);
#1657=LINE('',#15211,#2588);
#1658=LINE('',#15215,#2589);
#1659=LINE('',#15219,#2590);
#1660=LINE('',#15222,#2591);
#1661=LINE('',#15224,#2592);
#1662=LINE('',#15227,#2593);
#1663=LINE('',#15229,#2594);
#1664=LINE('',#15231,#2595);
#1665=LINE('',#15233,#2596);
#1666=LINE('',#15234,#2597);
#1667=LINE('',#15237,#2598);
#1668=LINE('',#15242,#2599);
#1669=LINE('',#15244,#2600);
#1670=LINE('',#15246,#2601);
#1671=LINE('',#15248,#2602);
#1672=LINE('',#15250,#2603);
#1673=LINE('',#15254,#2604);
#1674=LINE('',#15256,#2605);
#1675=LINE('',#15258,#2606);
#1676=LINE('',#15260,#2607);
#1677=LINE('',#15262,#2608);
#1678=LINE('',#15266,#2609);
#1679=LINE('',#15268,#2610);
#1680=LINE('',#15270,#2611);
#1681=LINE('',#15272,#2612);
#1682=LINE('',#15274,#2613);
#1683=LINE('',#15278,#2614);
#1684=LINE('',#15280,#2615);
#1685=LINE('',#15282,#2616);
#1686=LINE('',#15284,#2617);
#1687=LINE('',#15286,#2618);
#1688=LINE('',#15290,#2619);
#1689=LINE('',#15292,#2620);
#1690=LINE('',#15294,#2621);
#1691=LINE('',#15296,#2622);
#1692=LINE('',#15298,#2623);
#1693=LINE('',#15302,#2624);
#1694=LINE('',#15304,#2625);
#1695=LINE('',#15306,#2626);
#1696=LINE('',#15308,#2627);
#1697=LINE('',#15310,#2628);
#1698=LINE('',#15314,#2629);
#1699=LINE('',#15316,#2630);
#1700=LINE('',#15318,#2631);
#1701=LINE('',#15320,#2632);
#1702=LINE('',#15322,#2633);
#1703=LINE('',#15326,#2634);
#1704=LINE('',#15328,#2635);
#1705=LINE('',#15330,#2636);
#1706=LINE('',#15332,#2637);
#1707=LINE('',#15334,#2638);
#1708=LINE('',#15338,#2639);
#1709=LINE('',#15340,#2640);
#1710=LINE('',#15342,#2641);
#1711=LINE('',#15344,#2642);
#1712=LINE('',#15346,#2643);
#1713=LINE('',#15350,#2644);
#1714=LINE('',#15352,#2645);
#1715=LINE('',#15354,#2646);
#1716=LINE('',#15356,#2647);
#1717=LINE('',#15358,#2648);
#1718=LINE('',#15362,#2649);
#1719=LINE('',#15364,#2650);
#1720=LINE('',#15366,#2651);
#1721=LINE('',#15368,#2652);
#1722=LINE('',#15370,#2653);
#1723=LINE('',#15374,#2654);
#1724=LINE('',#15376,#2655);
#1725=LINE('',#15378,#2656);
#1726=LINE('',#15380,#2657);
#1727=LINE('',#15382,#2658);
#1728=LINE('',#15386,#2659);
#1729=LINE('',#15388,#2660);
#1730=LINE('',#15390,#2661);
#1731=LINE('',#15392,#2662);
#1732=LINE('',#15394,#2663);
#1733=LINE('',#15398,#2664);
#1734=LINE('',#15400,#2665);
#1735=LINE('',#15402,#2666);
#1736=LINE('',#15404,#2667);
#1737=LINE('',#15406,#2668);
#1738=LINE('',#15410,#2669);
#1739=LINE('',#15412,#2670);
#1740=LINE('',#15414,#2671);
#1741=LINE('',#15416,#2672);
#1742=LINE('',#15418,#2673);
#1743=LINE('',#15422,#2674);
#1744=LINE('',#15424,#2675);
#1745=LINE('',#15426,#2676);
#1746=LINE('',#15428,#2677);
#1747=LINE('',#15430,#2678);
#1748=LINE('',#15434,#2679);
#1749=LINE('',#15436,#2680);
#1750=LINE('',#15438,#2681);
#1751=LINE('',#15440,#2682);
#1752=LINE('',#15442,#2683);
#1753=LINE('',#15446,#2684);
#1754=LINE('',#15448,#2685);
#1755=LINE('',#15450,#2686);
#1756=LINE('',#15452,#2687);
#1757=LINE('',#15454,#2688);
#1758=LINE('',#15458,#2689);
#1759=LINE('',#15460,#2690);
#1760=LINE('',#15462,#2691);
#1761=LINE('',#15464,#2692);
#1762=LINE('',#15466,#2693);
#1763=LINE('',#15470,#2694);
#1764=LINE('',#15472,#2695);
#1765=LINE('',#15474,#2696);
#1766=LINE('',#15476,#2697);
#1767=LINE('',#15478,#2698);
#1768=LINE('',#15482,#2699);
#1769=LINE('',#15484,#2700);
#1770=LINE('',#15486,#2701);
#1771=LINE('',#15488,#2702);
#1772=LINE('',#15490,#2703);
#1773=LINE('',#15494,#2704);
#1774=LINE('',#15496,#2705);
#1775=LINE('',#15498,#2706);
#1776=LINE('',#15500,#2707);
#1777=LINE('',#15502,#2708);
#1778=LINE('',#15505,#2709);
#1779=LINE('',#15516,#2710);
#1780=LINE('',#15518,#2711);
#1781=LINE('',#15519,#2712);
#1782=LINE('',#15530,#2713);
#1783=LINE('',#15532,#2714);
#1784=LINE('',#15533,#2715);
#1785=LINE('',#15544,#2716);
#1786=LINE('',#15546,#2717);
#1787=LINE('',#15547,#2718);
#1788=LINE('',#15558,#2719);
#1789=LINE('',#15560,#2720);
#1790=LINE('',#15561,#2721);
#1791=LINE('',#15572,#2722);
#1792=LINE('',#15574,#2723);
#1793=LINE('',#15575,#2724);
#1794=LINE('',#15586,#2725);
#1795=LINE('',#15588,#2726);
#1796=LINE('',#15589,#2727);
#1797=LINE('',#15600,#2728);
#1798=LINE('',#15602,#2729);
#1799=LINE('',#15603,#2730);
#1800=LINE('',#15614,#2731);
#1801=LINE('',#15616,#2732);
#1802=LINE('',#15617,#2733);
#1803=LINE('',#15628,#2734);
#1804=LINE('',#15630,#2735);
#1805=LINE('',#15631,#2736);
#1806=LINE('',#15642,#2737);
#1807=LINE('',#15644,#2738);
#1808=LINE('',#15645,#2739);
#1809=LINE('',#15656,#2740);
#1810=LINE('',#15658,#2741);
#1811=LINE('',#15659,#2742);
#1812=LINE('',#15665,#2743);
#1813=LINE('',#15668,#2744);
#1814=LINE('',#15669,#2745);
#1815=LINE('',#15675,#2746);
#1816=LINE('',#15678,#2747);
#1817=LINE('',#15679,#2748);
#1818=LINE('',#15685,#2749);
#1819=LINE('',#15688,#2750);
#1820=LINE('',#15689,#2751);
#1821=LINE('',#15695,#2752);
#1822=LINE('',#15698,#2753);
#1823=LINE('',#15699,#2754);
#1824=LINE('',#15705,#2755);
#1825=LINE('',#15708,#2756);
#1826=LINE('',#15709,#2757);
#1827=LINE('',#15715,#2758);
#1828=LINE('',#15718,#2759);
#1829=LINE('',#15719,#2760);
#1830=LINE('',#15725,#2761);
#1831=LINE('',#15728,#2762);
#1832=LINE('',#15729,#2763);
#1833=LINE('',#15735,#2764);
#1834=LINE('',#15738,#2765);
#1835=LINE('',#15739,#2766);
#1836=LINE('',#15745,#2767);
#1837=LINE('',#15748,#2768);
#1838=LINE('',#15749,#2769);
#1839=LINE('',#15755,#2770);
#1840=LINE('',#15758,#2771);
#1841=LINE('',#15759,#2772);
#1842=LINE('',#15765,#2773);
#1843=LINE('',#15768,#2774);
#1844=LINE('',#15769,#2775);
#1845=LINE('',#15773,#2776);
#1846=LINE('',#15776,#2777);
#1847=LINE('',#15777,#2778);
#1848=LINE('',#15787,#2779);
#1849=LINE('',#15793,#2780);
#1850=LINE('',#15802,#2781);
#1851=LINE('',#15805,#2782);
#1852=LINE('',#15808,#2783);
#1853=LINE('',#15810,#2784);
#1854=LINE('',#15811,#2785);
#1855=LINE('',#15814,#2786);
#1856=LINE('',#15816,#2787);
#1857=LINE('',#15817,#2788);
#1858=LINE('',#15826,#2789);
#1859=LINE('',#15903,#2790);
#1860=LINE('',#15906,#2791);
#1861=LINE('',#15908,#2792);
#1862=LINE('',#15910,#2793);
#1863=LINE('',#15911,#2794);
#1864=LINE('',#15914,#2795);
#1865=LINE('',#15917,#2796);
#1866=LINE('',#15918,#2797);
#1867=LINE('',#15925,#2798);
#1868=LINE('',#15928,#2799);
#1869=LINE('',#15930,#2800);
#1870=LINE('',#15932,#2801);
#1871=LINE('',#15933,#2802);
#1872=LINE('',#15935,#2803);
#1873=LINE('',#15937,#2804);
#1874=LINE('',#15938,#2805);
#1875=LINE('',#15944,#2806);
#1876=LINE('',#15946,#2807);
#1877=LINE('',#15948,#2808);
#1878=LINE('',#15949,#2809);
#1879=LINE('',#15952,#2810);
#1880=LINE('',#15956,#2811);
#1881=LINE('',#15958,#2812);
#1882=LINE('',#15959,#2813);
#1883=LINE('',#15967,#2814);
#1884=LINE('',#15969,#2815);
#1885=LINE('',#15971,#2816);
#1886=LINE('',#15973,#2817);
#1887=LINE('',#15977,#2818);
#1888=LINE('',#15979,#2819);
#1889=LINE('',#15981,#2820);
#1890=LINE('',#15983,#2821);
#1891=LINE('',#15985,#2822);
#1892=LINE('',#15989,#2823);
#1893=LINE('',#15991,#2824);
#1894=LINE('',#15993,#2825);
#1895=LINE('',#15995,#2826);
#1896=LINE('',#15997,#2827);
#1897=LINE('',#16001,#2828);
#1898=LINE('',#16003,#2829);
#1899=LINE('',#16005,#2830);
#1900=LINE('',#16007,#2831);
#1901=LINE('',#16009,#2832);
#1902=LINE('',#16013,#2833);
#1903=LINE('',#16015,#2834);
#1904=LINE('',#16017,#2835);
#1905=LINE('',#16019,#2836);
#1906=LINE('',#16021,#2837);
#1907=LINE('',#16025,#2838);
#1908=LINE('',#16027,#2839);
#1909=LINE('',#16029,#2840);
#1910=LINE('',#16031,#2841);
#1911=LINE('',#16033,#2842);
#1912=LINE('',#16037,#2843);
#1913=LINE('',#16039,#2844);
#1914=LINE('',#16041,#2845);
#1915=LINE('',#16043,#2846);
#1916=LINE('',#16045,#2847);
#1917=LINE('',#16049,#2848);
#1918=LINE('',#16051,#2849);
#1919=LINE('',#16053,#2850);
#1920=LINE('',#16055,#2851);
#1921=LINE('',#16057,#2852);
#1922=LINE('',#16061,#2853);
#1923=LINE('',#16063,#2854);
#1924=LINE('',#16065,#2855);
#1925=LINE('',#16067,#2856);
#1926=LINE('',#16069,#2857);
#1927=LINE('',#16073,#2858);
#1928=LINE('',#16075,#2859);
#1929=LINE('',#16077,#2860);
#1930=LINE('',#16079,#2861);
#1931=LINE('',#16081,#2862);
#1932=LINE('',#16085,#2863);
#1933=LINE('',#16087,#2864);
#1934=LINE('',#16089,#2865);
#1935=LINE('',#16091,#2866);
#1936=LINE('',#16093,#2867);
#1937=LINE('',#16097,#2868);
#1938=LINE('',#16099,#2869);
#1939=LINE('',#16101,#2870);
#1940=LINE('',#16103,#2871);
#1941=LINE('',#16105,#2872);
#1942=LINE('',#16109,#2873);
#1943=LINE('',#16111,#2874);
#1944=LINE('',#16113,#2875);
#1945=LINE('',#16115,#2876);
#1946=LINE('',#16117,#2877);
#1947=LINE('',#16121,#2878);
#1948=LINE('',#16123,#2879);
#1949=LINE('',#16125,#2880);
#1950=LINE('',#16127,#2881);
#1951=LINE('',#16129,#2882);
#1952=LINE('',#16133,#2883);
#1953=LINE('',#16135,#2884);
#1954=LINE('',#16137,#2885);
#1955=LINE('',#16139,#2886);
#1956=LINE('',#16141,#2887);
#1957=LINE('',#16145,#2888);
#1958=LINE('',#16147,#2889);
#1959=LINE('',#16149,#2890);
#1960=LINE('',#16151,#2891);
#1961=LINE('',#16153,#2892);
#1962=LINE('',#16157,#2893);
#1963=LINE('',#16159,#2894);
#1964=LINE('',#16161,#2895);
#1965=LINE('',#16163,#2896);
#1966=LINE('',#16165,#2897);
#1967=LINE('',#16169,#2898);
#1968=LINE('',#16171,#2899);
#1969=LINE('',#16173,#2900);
#1970=LINE('',#16175,#2901);
#1971=LINE('',#16177,#2902);
#1972=LINE('',#16181,#2903);
#1973=LINE('',#16183,#2904);
#1974=LINE('',#16185,#2905);
#1975=LINE('',#16187,#2906);
#1976=LINE('',#16189,#2907);
#1977=LINE('',#16193,#2908);
#1978=LINE('',#16195,#2909);
#1979=LINE('',#16197,#2910);
#1980=LINE('',#16199,#2911);
#1981=LINE('',#16201,#2912);
#1982=LINE('',#16205,#2913);
#1983=LINE('',#16207,#2914);
#1984=LINE('',#16209,#2915);
#1985=LINE('',#16211,#2916);
#1986=LINE('',#16213,#2917);
#1987=LINE('',#16217,#2918);
#1988=LINE('',#16219,#2919);
#1989=LINE('',#16221,#2920);
#1990=LINE('',#16223,#2921);
#1991=LINE('',#16225,#2922);
#1992=LINE('',#16229,#2923);
#1993=LINE('',#16231,#2924);
#1994=LINE('',#16233,#2925);
#1995=LINE('',#16235,#2926);
#1996=LINE('',#16237,#2927);
#1997=LINE('',#16241,#2928);
#1998=LINE('',#16243,#2929);
#1999=LINE('',#16245,#2930);
#2000=LINE('',#16247,#2931);
#2001=LINE('',#16249,#2932);
#2002=LINE('',#16252,#2933);
#2003=LINE('',#16254,#2934);
#2004=LINE('',#16257,#2935);
#2005=LINE('',#16259,#2936);
#2006=LINE('',#16262,#2937);
#2007=LINE('',#16265,#2938);
#2008=LINE('',#16267,#2939);
#2009=LINE('',#16268,#2940);
#2010=LINE('',#16271,#2941);
#2011=LINE('',#16276,#2942);
#2012=LINE('',#16278,#2943);
#2013=LINE('',#16282,#2944);
#2014=LINE('',#16285,#2945);
#2015=LINE('',#16288,#2946);
#2016=LINE('',#16289,#2947);
#2017=LINE('',#16292,#2948);
#2018=LINE('',#16295,#2949);
#2019=LINE('',#16299,#2950);
#2020=LINE('',#16301,#2951);
#2021=LINE('',#16305,#2952);
#2022=LINE('',#16307,#2953);
#2023=LINE('',#16311,#2954);
#2024=LINE('',#16314,#2955);
#2025=LINE('',#16317,#2956);
#2026=LINE('',#16319,#2957);
#2027=LINE('',#16323,#2958);
#2028=LINE('',#16326,#2959);
#2029=LINE('',#16329,#2960);
#2030=LINE('',#16331,#2961);
#2031=LINE('',#16335,#2962);
#2032=LINE('',#16338,#2963);
#2033=LINE('',#16341,#2964);
#2034=LINE('',#16343,#2965);
#2035=LINE('',#16347,#2966);
#2036=LINE('',#16350,#2967);
#2037=LINE('',#16353,#2968);
#2038=LINE('',#16355,#2969);
#2039=LINE('',#16359,#2970);
#2040=LINE('',#16362,#2971);
#2041=LINE('',#16365,#2972);
#2042=LINE('',#16368,#2973);
#2043=LINE('',#16372,#2974);
#2044=LINE('',#16374,#2975);
#2045=LINE('',#16379,#2976);
#2046=LINE('',#16381,#2977);
#2047=LINE('',#16386,#2978);
#2048=LINE('',#16388,#2979);
#2049=LINE('',#16393,#2980);
#2050=LINE('',#16395,#2981);
#2051=LINE('',#16400,#2982);
#2052=LINE('',#16402,#2983);
#2053=LINE('',#16407,#2984);
#2054=LINE('',#16409,#2985);
#2055=LINE('',#16415,#2986);
#2056=LINE('',#16418,#2987);
#2057=LINE('',#16421,#2988);
#2058=LINE('',#16424,#2989);
#2059=LINE('',#16429,#2990);
#2060=LINE('',#16433,#2991);
#2061=LINE('',#16437,#2992);
#2062=LINE('',#16440,#2993);
#2063=LINE('',#16445,#2994);
#2064=LINE('',#16449,#2995);
#2065=LINE('',#16453,#2996);
#2066=LINE('',#16456,#2997);
#2067=LINE('',#16461,#2998);
#2068=LINE('',#16465,#2999);
#2069=LINE('',#16469,#3000);
#2070=LINE('',#16472,#3001);
#2071=LINE('',#16477,#3002);
#2072=LINE('',#16481,#3003);
#2073=LINE('',#16485,#3004);
#2074=LINE('',#16488,#3005);
#2075=LINE('',#16493,#3006);
#2076=LINE('',#16497,#3007);
#2077=LINE('',#16508,#3008);
#2078=LINE('',#16518,#3009);
#2079=LINE('',#16528,#3010);
#2080=LINE('',#16538,#3011);
#2081=LINE('',#16539,#3012);
#2082=LINE('',#16549,#3013);
#2083=LINE('',#16560,#3014);
#2084=LINE('',#16562,#3015);
#2085=LINE('',#16563,#3016);
#2086=LINE('',#16573,#3017);
#2087=LINE('',#16583,#3018);
#2088=LINE('',#16584,#3019);
#2089=LINE('',#16594,#3020);
#2090=LINE('',#16604,#3021);
#2091=LINE('',#16605,#3022);
#2092=LINE('',#16615,#3023);
#2093=LINE('',#16616,#3024);
#2094=LINE('',#16626,#3025);
#2095=LINE('',#16629,#3026);
#2096=LINE('',#16632,#3027);
#2097=LINE('',#16635,#3028);
#2098=LINE('',#16638,#3029);
#2099=LINE('',#16642,#3030);
#2100=LINE('',#16643,#3031);
#2101=LINE('',#16648,#3032);
#2102=LINE('',#16650,#3033);
#2103=LINE('',#16653,#3034);
#2104=LINE('',#16655,#3035);
#2105=LINE('',#16658,#3036);
#2106=LINE('',#16660,#3037);
#2107=LINE('',#16663,#3038);
#2108=LINE('',#16665,#3039);
#2109=LINE('',#16668,#3040);
#2110=LINE('',#16670,#3041);
#2111=LINE('',#16672,#3042);
#2112=LINE('',#16674,#3043);
#2113=LINE('',#16676,#3044);
#2114=LINE('',#16678,#3045);
#2115=LINE('',#16686,#3046);
#2116=LINE('',#16689,#3047);
#2117=LINE('',#16692,#3048);
#2118=LINE('',#16694,#3049);
#2119=LINE('',#16696,#3050);
#2120=LINE('',#16698,#3051);
#2121=LINE('',#16699,#3052);
#2122=LINE('',#16702,#3053);
#2123=LINE('',#16704,#3054);
#2124=LINE('',#16706,#3055);
#2125=LINE('',#16708,#3056);
#2126=LINE('',#16709,#3057);
#2127=LINE('',#16719,#3058);
#2128=LINE('',#16722,#3059);
#2129=LINE('',#16725,#3060);
#2130=LINE('',#16727,#3061);
#2131=LINE('',#16729,#3062);
#2132=LINE('',#16731,#3063);
#2133=LINE('',#16732,#3064);
#2134=LINE('',#16735,#3065);
#2135=LINE('',#16737,#3066);
#2136=LINE('',#16739,#3067);
#2137=LINE('',#16741,#3068);
#2138=LINE('',#16742,#3069);
#2139=LINE('',#16752,#3070);
#2140=LINE('',#16755,#3071);
#2141=LINE('',#16758,#3072);
#2142=LINE('',#16760,#3073);
#2143=LINE('',#16762,#3074);
#2144=LINE('',#16764,#3075);
#2145=LINE('',#16765,#3076);
#2146=LINE('',#16768,#3077);
#2147=LINE('',#16770,#3078);
#2148=LINE('',#16772,#3079);
#2149=LINE('',#16774,#3080);
#2150=LINE('',#16775,#3081);
#2151=LINE('',#16785,#3082);
#2152=LINE('',#16788,#3083);
#2153=LINE('',#16791,#3084);
#2154=LINE('',#16793,#3085);
#2155=LINE('',#16795,#3086);
#2156=LINE('',#16797,#3087);
#2157=LINE('',#16798,#3088);
#2158=LINE('',#16801,#3089);
#2159=LINE('',#16803,#3090);
#2160=LINE('',#16805,#3091);
#2161=LINE('',#16807,#3092);
#2162=LINE('',#16808,#3093);
#2163=LINE('',#16818,#3094);
#2164=LINE('',#16821,#3095);
#2165=LINE('',#16824,#3096);
#2166=LINE('',#16826,#3097);
#2167=LINE('',#16828,#3098);
#2168=LINE('',#16830,#3099);
#2169=LINE('',#16831,#3100);
#2170=LINE('',#16834,#3101);
#2171=LINE('',#16836,#3102);
#2172=LINE('',#16838,#3103);
#2173=LINE('',#16840,#3104);
#2174=LINE('',#16841,#3105);
#2175=LINE('',#16851,#3106);
#2176=LINE('',#16854,#3107);
#2177=LINE('',#16857,#3108);
#2178=LINE('',#16859,#3109);
#2179=LINE('',#16861,#3110);
#2180=LINE('',#16863,#3111);
#2181=LINE('',#16864,#3112);
#2182=LINE('',#16867,#3113);
#2183=LINE('',#16869,#3114);
#2184=LINE('',#16871,#3115);
#2185=LINE('',#16873,#3116);
#2186=LINE('',#16874,#3117);
#2187=LINE('',#16909,#3118);
#2188=LINE('',#16913,#3119);
#2189=LINE('',#16917,#3120);
#2190=LINE('',#16921,#3121);
#2191=LINE('',#16929,#3122);
#2192=LINE('',#16936,#3123);
#2193=LINE('',#16942,#3124);
#2194=LINE('',#16948,#3125);
#2195=LINE('',#16954,#3126);
#2196=LINE('',#16960,#3127);
#2197=LINE('',#16966,#3128);
#2198=LINE('',#16972,#3129);
#2199=LINE('',#16978,#3130);
#2200=LINE('',#16986,#3131);
#2201=LINE('',#16990,#3132);
#2202=LINE('',#17009,#3133);
#2203=LINE('',#17013,#3134);
#2204=LINE('',#17019,#3135);
#2205=LINE('',#17023,#3136);
#2206=LINE('',#17029,#3137);
#2207=LINE('',#17033,#3138);
#2208=LINE('',#17039,#3139);
#2209=LINE('',#17043,#3140);
#2210=LINE('',#17049,#3141);
#2211=LINE('',#17053,#3142);
#2212=LINE('',#17059,#3143);
#2213=LINE('',#17063,#3144);
#2214=LINE('',#17069,#3145);
#2215=LINE('',#17073,#3146);
#2216=LINE('',#17076,#3147);
#2217=LINE('',#17078,#3148);
#2218=LINE('',#17082,#3149);
#2219=LINE('',#17083,#3150);
#2220=LINE('',#17086,#3151);
#2221=LINE('',#17089,#3152);
#2222=LINE('',#17092,#3153);
#2223=LINE('',#17096,#3154);
#2224=LINE('',#17098,#3155);
#2225=LINE('',#17101,#3156);
#2226=LINE('',#17104,#3157);
#2227=LINE('',#17107,#3158);
#2228=LINE('',#17110,#3159);
#2229=LINE('',#17114,#3160);
#2230=LINE('',#17116,#3161);
#2231=LINE('',#17119,#3162);
#2232=LINE('',#17122,#3163);
#2233=LINE('',#17125,#3164);
#2234=LINE('',#17128,#3165);
#2235=LINE('',#17132,#3166);
#2236=LINE('',#17134,#3167);
#2237=LINE('',#17137,#3168);
#2238=LINE('',#17140,#3169);
#2239=LINE('',#17143,#3170);
#2240=LINE('',#17146,#3171);
#2241=LINE('',#17150,#3172);
#2242=LINE('',#17152,#3173);
#2243=LINE('',#17155,#3174);
#2244=LINE('',#17158,#3175);
#2245=LINE('',#17160,#3176);
#2246=LINE('',#17164,#3177);
#2247=LINE('',#17165,#3178);
#2248=LINE('',#17170,#3179);
#2249=LINE('',#17174,#3180);
#2250=LINE('',#17176,#3181);
#2251=LINE('',#17179,#3182);
#2252=LINE('',#17182,#3183);
#2253=LINE('',#17186,#3184);
#2254=LINE('',#17188,#3185);
#2255=LINE('',#17191,#3186);
#2256=LINE('',#17194,#3187);
#2257=LINE('',#17199,#3188);
#2258=LINE('',#17204,#3189);
#2259=LINE('',#17208,#3190);
#2260=LINE('',#17212,#3191);
#2261=LINE('',#17215,#3192);
#2262=LINE('',#17217,#3193);
#2263=LINE('',#17220,#3194);
#2264=LINE('',#17221,#3195);
#2265=LINE('',#17223,#3196);
#2266=LINE('',#17224,#3197);
#2267=LINE('',#17227,#3198);
#2268=LINE('',#17232,#3199);
#2269=LINE('',#17234,#3200);
#2270=LINE('',#17236,#3201);
#2271=LINE('',#17238,#3202);
#2272=LINE('',#17240,#3203);
#2273=LINE('',#17244,#3204);
#2274=LINE('',#17246,#3205);
#2275=LINE('',#17248,#3206);
#2276=LINE('',#17250,#3207);
#2277=LINE('',#17252,#3208);
#2278=LINE('',#17256,#3209);
#2279=LINE('',#17258,#3210);
#2280=LINE('',#17260,#3211);
#2281=LINE('',#17262,#3212);
#2282=LINE('',#17264,#3213);
#2283=LINE('',#17268,#3214);
#2284=LINE('',#17270,#3215);
#2285=LINE('',#17272,#3216);
#2286=LINE('',#17274,#3217);
#2287=LINE('',#17276,#3218);
#2288=LINE('',#17279,#3219);
#2289=LINE('',#17281,#3220);
#2290=LINE('',#17282,#3221);
#2291=LINE('',#17284,#3222);
#2292=LINE('',#17286,#3223);
#2293=LINE('',#17288,#3224);
#2294=LINE('',#17290,#3225);
#2295=LINE('',#17291,#3226);
#2296=LINE('',#17293,#3227);
#2297=LINE('',#17295,#3228);
#2298=LINE('',#17296,#3229);
#2299=LINE('',#17298,#3230);
#2300=LINE('',#17300,#3231);
#2301=LINE('',#17302,#3232);
#2302=LINE('',#17304,#3233);
#2303=LINE('',#17305,#3234);
#2304=LINE('',#17307,#3235);
#2305=LINE('',#17309,#3236);
#2306=LINE('',#17310,#3237);
#2307=LINE('',#17312,#3238);
#2308=LINE('',#17314,#3239);
#2309=LINE('',#17316,#3240);
#2310=LINE('',#17318,#3241);
#2311=LINE('',#17319,#3242);
#2312=LINE('',#17321,#3243);
#2313=LINE('',#17323,#3244);
#2314=LINE('',#17324,#3245);
#2315=LINE('',#17326,#3246);
#2316=LINE('',#17328,#3247);
#2317=LINE('',#17330,#3248);
#2318=LINE('',#17332,#3249);
#2319=LINE('',#17333,#3250);
#2320=LINE('',#17335,#3251);
#2321=LINE('',#17337,#3252);
#2322=LINE('',#17338,#3253);
#2323=LINE('',#17340,#3254);
#2324=LINE('',#17342,#3255);
#2325=LINE('',#17343,#3256);
#2326=LINE('',#17345,#3257);
#2327=LINE('',#17347,#3258);
#2328=LINE('',#17348,#3259);
#2329=LINE('',#17350,#3260);
#2330=LINE('',#17352,#3261);
#2331=LINE('',#17353,#3262);
#2332=LINE('',#17355,#3263);
#2333=LINE('',#17357,#3264);
#2334=LINE('',#17359,#3265);
#2335=LINE('',#17361,#3266);
#2336=LINE('',#17363,#3267);
#2337=LINE('',#17367,#3268);
#2338=LINE('',#17369,#3269);
#2339=LINE('',#17371,#3270);
#2340=LINE('',#17373,#3271);
#2341=LINE('',#17375,#3272);
#2342=LINE('',#17379,#3273);
#2343=LINE('',#17381,#3274);
#2344=LINE('',#17383,#3275);
#2345=LINE('',#17385,#3276);
#2346=LINE('',#17387,#3277);
#2347=LINE('',#17391,#3278);
#2348=LINE('',#17393,#3279);
#2349=LINE('',#17395,#3280);
#2350=LINE('',#17397,#3281);
#2351=LINE('',#17399,#3282);
#2352=LINE('',#17403,#3283);
#2353=LINE('',#17405,#3284);
#2354=LINE('',#17407,#3285);
#2355=LINE('',#17409,#3286);
#2356=LINE('',#17411,#3287);
#2357=LINE('',#17415,#3288);
#2358=LINE('',#17417,#3289);
#2359=LINE('',#17419,#3290);
#2360=LINE('',#17421,#3291);
#2361=LINE('',#17423,#3292);
#2362=LINE('',#17426,#3293);
#2363=LINE('',#17472,#3294);
#2364=LINE('',#17473,#3295);
#2365=LINE('',#17491,#3296);
#2366=LINE('',#17492,#3297);
#2367=LINE('',#17502,#3298);
#2368=LINE('',#17503,#3299);
#2369=LINE('',#17513,#3300);
#2370=LINE('',#17514,#3301);
#2371=LINE('',#17526,#3302);
#2372=LINE('',#17528,#3303);
#2373=LINE('',#17529,#3304);
#2374=LINE('',#17532,#3305);
#2375=LINE('',#17534,#3306);
#2376=LINE('',#17537,#3307);
#2377=LINE('',#17539,#3308);
#2378=LINE('',#17543,#3309);
#2379=LINE('',#17546,#3310);
#2380=LINE('',#17548,#3311);
#2381=LINE('',#17551,#3312);
#2382=LINE('',#17553,#3313);
#2383=LINE('',#17555,#3314);
#2384=LINE('',#17557,#3315);
#2385=VECTOR('',#11353,1.5);
#2386=VECTOR('',#11360,1.5);
#2387=VECTOR('',#11367,1.5);
#2388=VECTOR('',#11374,1.5);
#2389=VECTOR('',#11381,10.);
#2390=VECTOR('',#11388,10.);
#2391=VECTOR('',#11393,10.);
#2392=VECTOR('',#11400,10.);
#2393=VECTOR('',#11405,10.);
#2394=VECTOR('',#11412,10.);
#2395=VECTOR('',#11417,10.);
#2396=VECTOR('',#11424,10.);
#2397=VECTOR('',#11427,10.);
#2398=VECTOR('',#11430,10.);
#2399=VECTOR('',#11441,11.8685761384926);
#2400=VECTOR('',#11458,10.);
#2401=VECTOR('',#11461,10.);
#2402=VECTOR('',#11470,10.);
#2403=VECTOR('',#11475,10.);
#2404=VECTOR('',#11480,10.);
#2405=VECTOR('',#11485,10.);
#2406=VECTOR('',#11490,10.);
#2407=VECTOR('',#11495,10.);
#2408=VECTOR('',#11500,10.);
#2409=VECTOR('',#11505,10.);
#2410=VECTOR('',#11510,10.);
#2411=VECTOR('',#11515,10.);
#2412=VECTOR('',#11520,10.);
#2413=VECTOR('',#11525,10.);
#2414=VECTOR('',#11528,10.);
#2415=VECTOR('',#11529,10.);
#2416=VECTOR('',#11532,10.);
#2417=VECTOR('',#11533,10.);
#2418=VECTOR('',#11536,10.);
#2419=VECTOR('',#11537,10.);
#2420=VECTOR('',#11540,10.);
#2421=VECTOR('',#11541,10.);
#2422=VECTOR('',#11544,10.);
#2423=VECTOR('',#11547,10.);
#2424=VECTOR('',#11550,10.);
#2425=VECTOR('',#11555,10.);
#2426=VECTOR('',#11556,10.);
#2427=VECTOR('',#11559,10.);
#2428=VECTOR('',#11562,10.);
#2429=VECTOR('',#11565,10.);
#2430=VECTOR('',#11568,10.);
#2431=VECTOR('',#11573,10.);
#2432=VECTOR('',#11574,10.);
#2433=VECTOR('',#11577,10.);
#2434=VECTOR('',#11580,10.);
#2435=VECTOR('',#11583,10.);
#2436=VECTOR('',#11586,10.);
#2437=VECTOR('',#11591,10.);
#2438=VECTOR('',#11592,10.);
#2439=VECTOR('',#11595,10.);
#2440=VECTOR('',#11598,10.);
#2441=VECTOR('',#11601,10.);
#2442=VECTOR('',#11604,10.);
#2443=VECTOR('',#11609,10.);
#2444=VECTOR('',#11610,10.);
#2445=VECTOR('',#11613,10.);
#2446=VECTOR('',#11616,10.);
#2447=VECTOR('',#11617,10.);
#2448=VECTOR('',#11620,10.);
#2449=VECTOR('',#11621,10.);
#2450=VECTOR('',#11624,10.);
#2451=VECTOR('',#11629,10.);
#2452=VECTOR('',#11630,10.);
#2453=VECTOR('',#11633,10.);
#2454=VECTOR('',#11636,10.);
#2455=VECTOR('',#11641,10.);
#2456=VECTOR('',#11642,10.);
#2457=VECTOR('',#11645,10.);
#2458=VECTOR('',#11648,10.);
#2459=VECTOR('',#11655,2.5);
#2460=VECTOR('',#11662,10.);
#2461=VECTOR('',#11667,10.);
#2462=VECTOR('',#11670,10.);
#2463=VECTOR('',#11675,10.);
#2464=VECTOR('',#11678,10.);
#2465=VECTOR('',#11681,10.);
#2466=VECTOR('',#11684,10.);
#2467=VECTOR('',#11685,10.);
#2468=VECTOR('',#11686,10.);
#2469=VECTOR('',#11687,10.);
#2470=VECTOR('',#11690,10.);
#2471=VECTOR('',#11695,10.);
#2472=VECTOR('',#11696,10.);
#2473=VECTOR('',#11697,10.);
#2474=VECTOR('',#11698,10.);
#2475=VECTOR('',#11699,10.);
#2476=VECTOR('',#11702,10.);
#2477=VECTOR('',#11703,10.);
#2478=VECTOR('',#11704,10.);
#2479=VECTOR('',#11705,10.);
#2480=VECTOR('',#11706,10.);
#2481=VECTOR('',#11709,10.);
#2482=VECTOR('',#11710,10.);
#2483=VECTOR('',#11711,10.);
#2484=VECTOR('',#11712,10.);
#2485=VECTOR('',#11713,10.);
#2486=VECTOR('',#11716,10.);
#2487=VECTOR('',#11717,10.);
#2488=VECTOR('',#11718,10.);
#2489=VECTOR('',#11719,10.);
#2490=VECTOR('',#11720,10.);
#2491=VECTOR('',#11723,10.);
#2492=VECTOR('',#11724,10.);
#2493=VECTOR('',#11725,10.);
#2494=VECTOR('',#11726,10.);
#2495=VECTOR('',#11727,10.);
#2496=VECTOR('',#11730,10.);
#2497=VECTOR('',#11731,10.);
#2498=VECTOR('',#11732,10.);
#2499=VECTOR('',#11733,10.);
#2500=VECTOR('',#11734,10.);
#2501=VECTOR('',#11737,10.);
#2502=VECTOR('',#11738,10.);
#2503=VECTOR('',#11739,10.);
#2504=VECTOR('',#11742,10.);
#2505=VECTOR('',#11743,10.);
#2506=VECTOR('',#11744,10.);
#2507=VECTOR('',#11745,10.);
#2508=VECTOR('',#11746,10.);
#2509=VECTOR('',#11749,10.);
#2510=VECTOR('',#11750,10.);
#2511=VECTOR('',#11751,10.);
#2512=VECTOR('',#11752,10.);
#2513=VECTOR('',#11753,10.);
#2514=VECTOR('',#11754,10.);
#2515=VECTOR('',#11755,10.);
#2516=VECTOR('',#11756,10.);
#2517=VECTOR('',#11757,10.);
#2518=VECTOR('',#11758,10.);
#2519=VECTOR('',#11759,10.);
#2520=VECTOR('',#11760,10.);
#2521=VECTOR('',#11761,10.);
#2522=VECTOR('',#11762,10.);
#2523=VECTOR('',#11763,10.);
#2524=VECTOR('',#11764,10.);
#2525=VECTOR('',#11765,10.);
#2526=VECTOR('',#11766,10.);
#2527=VECTOR('',#11767,10.);
#2528=VECTOR('',#11768,10.);
#2529=VECTOR('',#11769,10.);
#2530=VECTOR('',#11770,10.);
#2531=VECTOR('',#11771,10.);
#2532=VECTOR('',#11772,10.);
#2533=VECTOR('',#11773,10.);
#2534=VECTOR('',#11774,10.);
#2535=VECTOR('',#11775,10.);
#2536=VECTOR('',#11776,10.);
#2537=VECTOR('',#11777,10.);
#2538=VECTOR('',#11778,10.);
#2539=VECTOR('',#11779,10.);
#2540=VECTOR('',#11780,10.);
#2541=VECTOR('',#11781,10.);
#2542=VECTOR('',#11782,10.);
#2543=VECTOR('',#11783,10.);
#2544=VECTOR('',#11786,10.);
#2545=VECTOR('',#11787,10.);
#2546=VECTOR('',#11788,10.);
#2547=VECTOR('',#11789,10.);
#2548=VECTOR('',#11790,10.);
#2549=VECTOR('',#11791,10.);
#2550=VECTOR('',#11792,10.);
#2551=VECTOR('',#11793,10.);
#2552=VECTOR('',#11794,10.);
#2553=VECTOR('',#11795,10.);
#2554=VECTOR('',#11796,10.);
#2555=VECTOR('',#11797,10.);
#2556=VECTOR('',#11798,10.);
#2557=VECTOR('',#11799,10.);
#2558=VECTOR('',#11802,10.);
#2559=VECTOR('',#11803,10.);
#2560=VECTOR('',#11804,10.);
#2561=VECTOR('',#11805,10.);
#2562=VECTOR('',#11806,10.);
#2563=VECTOR('',#11809,10.);
#2564=VECTOR('',#11828,10.);
#2565=VECTOR('',#11829,10.);
#2566=VECTOR('',#11848,10.);
#2567=VECTOR('',#11849,10.);
#2568=VECTOR('',#11954,10.);
#2569=VECTOR('',#11955,10.);
#2570=VECTOR('',#11974,10.);
#2571=VECTOR('',#11975,10.);
#2572=VECTOR('',#11994,10.);
#2573=VECTOR('',#11997,10.);
#2574=VECTOR('',#12002,10.);
#2575=VECTOR('',#12005,10.);
#2576=VECTOR('',#12010,10.);
#2577=VECTOR('',#12023,10.);
#2578=VECTOR('',#12026,10.);
#2579=VECTOR('',#12029,10.);
#2580=VECTOR('',#12032,10.);
#2581=VECTOR('',#12035,10.);
#2582=VECTOR('',#12038,10.);
#2583=VECTOR('',#12047,1.5);
#2584=VECTOR('',#12054,1.5);
#2585=VECTOR('',#12061,1.5);
#2586=VECTOR('',#12068,1.5);
#2587=VECTOR('',#12073,10.);
#2588=VECTOR('',#12078,10.);
#2589=VECTOR('',#12081,10.);
#2590=VECTOR('',#12086,10.);
#2591=VECTOR('',#12089,10.);
#2592=VECTOR('',#12092,10.);
#2593=VECTOR('',#12095,10.);
#2594=VECTOR('',#12096,10.);
#2595=VECTOR('',#12097,10.);
#2596=VECTOR('',#12098,10.);
#2597=VECTOR('',#12099,10.);
#2598=VECTOR('',#12102,10.);
#2599=VECTOR('',#12107,10.);
#2600=VECTOR('',#12108,10.);
#2601=VECTOR('',#12109,10.);
#2602=VECTOR('',#12110,10.);
#2603=VECTOR('',#12111,10.);
#2604=VECTOR('',#12114,10.);
#2605=VECTOR('',#12115,10.);
#2606=VECTOR('',#12116,10.);
#2607=VECTOR('',#12117,10.);
#2608=VECTOR('',#12118,10.);
#2609=VECTOR('',#12121,10.);
#2610=VECTOR('',#12122,10.);
#2611=VECTOR('',#12123,10.);
#2612=VECTOR('',#12124,10.);
#2613=VECTOR('',#12125,10.);
#2614=VECTOR('',#12128,10.);
#2615=VECTOR('',#12129,10.);
#2616=VECTOR('',#12130,10.);
#2617=VECTOR('',#12131,10.);
#2618=VECTOR('',#12132,10.);
#2619=VECTOR('',#12135,10.);
#2620=VECTOR('',#12136,10.);
#2621=VECTOR('',#12137,10.);
#2622=VECTOR('',#12138,10.);
#2623=VECTOR('',#12139,10.);
#2624=VECTOR('',#12142,10.);
#2625=VECTOR('',#12143,10.);
#2626=VECTOR('',#12144,10.);
#2627=VECTOR('',#12145,10.);
#2628=VECTOR('',#12146,10.);
#2629=VECTOR('',#12149,10.);
#2630=VECTOR('',#12150,10.);
#2631=VECTOR('',#12151,10.);
#2632=VECTOR('',#12152,10.);
#2633=VECTOR('',#12153,10.);
#2634=VECTOR('',#12156,10.);
#2635=VECTOR('',#12157,10.);
#2636=VECTOR('',#12158,10.);
#2637=VECTOR('',#12159,10.);
#2638=VECTOR('',#12160,10.);
#2639=VECTOR('',#12163,10.);
#2640=VECTOR('',#12164,10.);
#2641=VECTOR('',#12165,10.);
#2642=VECTOR('',#12166,10.);
#2643=VECTOR('',#12167,10.);
#2644=VECTOR('',#12170,10.);
#2645=VECTOR('',#12171,10.);
#2646=VECTOR('',#12172,10.);
#2647=VECTOR('',#12173,10.);
#2648=VECTOR('',#12174,10.);
#2649=VECTOR('',#12177,10.);
#2650=VECTOR('',#12178,10.);
#2651=VECTOR('',#12179,10.);
#2652=VECTOR('',#12180,10.);
#2653=VECTOR('',#12181,10.);
#2654=VECTOR('',#12184,10.);
#2655=VECTOR('',#12185,10.);
#2656=VECTOR('',#12186,10.);
#2657=VECTOR('',#12187,10.);
#2658=VECTOR('',#12188,10.);
#2659=VECTOR('',#12191,10.);
#2660=VECTOR('',#12192,10.);
#2661=VECTOR('',#12193,10.);
#2662=VECTOR('',#12194,10.);
#2663=VECTOR('',#12195,10.);
#2664=VECTOR('',#12198,10.);
#2665=VECTOR('',#12199,10.);
#2666=VECTOR('',#12200,10.);
#2667=VECTOR('',#12201,10.);
#2668=VECTOR('',#12202,10.);
#2669=VECTOR('',#12205,10.);
#2670=VECTOR('',#12206,10.);
#2671=VECTOR('',#12207,10.);
#2672=VECTOR('',#12208,10.);
#2673=VECTOR('',#12209,10.);
#2674=VECTOR('',#12212,10.);
#2675=VECTOR('',#12213,10.);
#2676=VECTOR('',#12214,10.);
#2677=VECTOR('',#12215,10.);
#2678=VECTOR('',#12216,10.);
#2679=VECTOR('',#12219,10.);
#2680=VECTOR('',#12220,10.);
#2681=VECTOR('',#12221,10.);
#2682=VECTOR('',#12222,10.);
#2683=VECTOR('',#12223,10.);
#2684=VECTOR('',#12226,10.);
#2685=VECTOR('',#12227,10.);
#2686=VECTOR('',#12228,10.);
#2687=VECTOR('',#12229,10.);
#2688=VECTOR('',#12230,10.);
#2689=VECTOR('',#12233,10.);
#2690=VECTOR('',#12234,10.);
#2691=VECTOR('',#12235,10.);
#2692=VECTOR('',#12236,10.);
#2693=VECTOR('',#12237,10.);
#2694=VECTOR('',#12240,10.);
#2695=VECTOR('',#12241,10.);
#2696=VECTOR('',#12242,10.);
#2697=VECTOR('',#12243,10.);
#2698=VECTOR('',#12244,10.);
#2699=VECTOR('',#12247,10.);
#2700=VECTOR('',#12248,10.);
#2701=VECTOR('',#12249,10.);
#2702=VECTOR('',#12250,10.);
#2703=VECTOR('',#12251,10.);
#2704=VECTOR('',#12254,10.);
#2705=VECTOR('',#12255,10.);
#2706=VECTOR('',#12256,10.);
#2707=VECTOR('',#12257,10.);
#2708=VECTOR('',#12258,10.);
#2709=VECTOR('',#12261,10.);
#2710=VECTOR('',#12280,10.);
#2711=VECTOR('',#12281,10.);
#2712=VECTOR('',#12282,10.);
#2713=VECTOR('',#12301,10.);
#2714=VECTOR('',#12302,10.);
#2715=VECTOR('',#12303,10.);
#2716=VECTOR('',#12322,10.);
#2717=VECTOR('',#12323,10.);
#2718=VECTOR('',#12324,10.);
#2719=VECTOR('',#12343,10.);
#2720=VECTOR('',#12344,10.);
#2721=VECTOR('',#12345,10.);
#2722=VECTOR('',#12364,10.);
#2723=VECTOR('',#12365,10.);
#2724=VECTOR('',#12366,10.);
#2725=VECTOR('',#12385,10.);
#2726=VECTOR('',#12386,10.);
#2727=VECTOR('',#12387,10.);
#2728=VECTOR('',#12406,10.);
#2729=VECTOR('',#12407,10.);
#2730=VECTOR('',#12408,10.);
#2731=VECTOR('',#12427,10.);
#2732=VECTOR('',#12428,10.);
#2733=VECTOR('',#12429,10.);
#2734=VECTOR('',#12448,10.);
#2735=VECTOR('',#12449,10.);
#2736=VECTOR('',#12450,10.);
#2737=VECTOR('',#12469,10.);
#2738=VECTOR('',#12470,10.);
#2739=VECTOR('',#12471,10.);
#2740=VECTOR('',#12490,10.);
#2741=VECTOR('',#12491,10.);
#2742=VECTOR('',#12492,10.);
#2743=VECTOR('',#12501,10.);
#2744=VECTOR('',#12504,10.);
#2745=VECTOR('',#12505,10.);
#2746=VECTOR('',#12514,10.);
#2747=VECTOR('',#12517,10.);
#2748=VECTOR('',#12518,10.);
#2749=VECTOR('',#12527,10.);
#2750=VECTOR('',#12530,10.);
#2751=VECTOR('',#12531,10.);
#2752=VECTOR('',#12540,10.);
#2753=VECTOR('',#12543,10.);
#2754=VECTOR('',#12544,10.);
#2755=VECTOR('',#12553,10.);
#2756=VECTOR('',#12556,10.);
#2757=VECTOR('',#12557,10.);
#2758=VECTOR('',#12566,10.);
#2759=VECTOR('',#12569,10.);
#2760=VECTOR('',#12570,10.);
#2761=VECTOR('',#12579,10.);
#2762=VECTOR('',#12582,10.);
#2763=VECTOR('',#12583,10.);
#2764=VECTOR('',#12592,10.);
#2765=VECTOR('',#12595,10.);
#2766=VECTOR('',#12596,10.);
#2767=VECTOR('',#12605,10.);
#2768=VECTOR('',#12608,10.);
#2769=VECTOR('',#12609,10.);
#2770=VECTOR('',#12618,10.);
#2771=VECTOR('',#12621,10.);
#2772=VECTOR('',#12622,10.);
#2773=VECTOR('',#12631,10.);
#2774=VECTOR('',#12634,10.);
#2775=VECTOR('',#12635,10.);
#2776=VECTOR('',#12640,10.);
#2777=VECTOR('',#12643,10.);
#2778=VECTOR('',#12644,10.);
#2779=VECTOR('',#12659,4.);
#2780=VECTOR('',#12666,11.3685761387962);
#2781=VECTOR('',#12677,10.);
#2782=VECTOR('',#12680,10.);
#2783=VECTOR('',#12683,10.);
#2784=VECTOR('',#12684,10.);
#2785=VECTOR('',#12685,10.);
#2786=VECTOR('',#12688,10.);
#2787=VECTOR('',#12689,10.);
#2788=VECTOR('',#12690,10.);
#2789=VECTOR('',#12703,10.);
#2790=VECTOR('',#12782,10.);
#2791=VECTOR('',#12785,10.);
#2792=VECTOR('',#12788,10.);
#2793=VECTOR('',#12789,10.);
#2794=VECTOR('',#12790,10.);
#2795=VECTOR('',#12793,10.);
#2796=VECTOR('',#12798,10.);
#2797=VECTOR('',#12799,10.);
#2798=VECTOR('',#12806,10.);
#2799=VECTOR('',#12809,10.);
#2800=VECTOR('',#12812,10.);
#2801=VECTOR('',#12813,10.);
#2802=VECTOR('',#12814,10.);
#2803=VECTOR('',#12817,10.);
#2804=VECTOR('',#12818,10.);
#2805=VECTOR('',#12819,10.);
#2806=VECTOR('',#12828,10.);
#2807=VECTOR('',#12829,10.);
#2808=VECTOR('',#12830,10.);
#2809=VECTOR('',#12831,10.);
#2810=VECTOR('',#12834,10.);
#2811=VECTOR('',#12839,10.);
#2812=VECTOR('',#12840,10.);
#2813=VECTOR('',#12841,10.);
#2814=VECTOR('',#12852,10.);
#2815=VECTOR('',#12853,10.);
#2816=VECTOR('',#12854,10.);
#2817=VECTOR('',#12855,10.);
#2818=VECTOR('',#12858,10.);
#2819=VECTOR('',#12859,10.);
#2820=VECTOR('',#12860,10.);
#2821=VECTOR('',#12861,10.);
#2822=VECTOR('',#12862,10.);
#2823=VECTOR('',#12865,10.);
#2824=VECTOR('',#12866,10.);
#2825=VECTOR('',#12867,10.);
#2826=VECTOR('',#12868,10.);
#2827=VECTOR('',#12869,10.);
#2828=VECTOR('',#12872,10.);
#2829=VECTOR('',#12873,10.);
#2830=VECTOR('',#12874,10.);
#2831=VECTOR('',#12875,10.);
#2832=VECTOR('',#12876,10.);
#2833=VECTOR('',#12879,10.);
#2834=VECTOR('',#12880,10.);
#2835=VECTOR('',#12881,10.);
#2836=VECTOR('',#12882,10.);
#2837=VECTOR('',#12883,10.);
#2838=VECTOR('',#12886,10.);
#2839=VECTOR('',#12887,10.);
#2840=VECTOR('',#12888,10.);
#2841=VECTOR('',#12889,10.);
#2842=VECTOR('',#12890,10.);
#2843=VECTOR('',#12893,10.);
#2844=VECTOR('',#12894,10.);
#2845=VECTOR('',#12895,10.);
#2846=VECTOR('',#12896,10.);
#2847=VECTOR('',#12897,10.);
#2848=VECTOR('',#12900,10.);
#2849=VECTOR('',#12901,10.);
#2850=VECTOR('',#12902,10.);
#2851=VECTOR('',#12903,10.);
#2852=VECTOR('',#12904,10.);
#2853=VECTOR('',#12907,10.);
#2854=VECTOR('',#12908,10.);
#2855=VECTOR('',#12909,10.);
#2856=VECTOR('',#12910,10.);
#2857=VECTOR('',#12911,10.);
#2858=VECTOR('',#12914,10.);
#2859=VECTOR('',#12915,10.);
#2860=VECTOR('',#12916,10.);
#2861=VECTOR('',#12917,10.);
#2862=VECTOR('',#12918,10.);
#2863=VECTOR('',#12921,10.);
#2864=VECTOR('',#12922,10.);
#2865=VECTOR('',#12923,10.);
#2866=VECTOR('',#12924,10.);
#2867=VECTOR('',#12925,10.);
#2868=VECTOR('',#12928,10.);
#2869=VECTOR('',#12929,10.);
#2870=VECTOR('',#12930,10.);
#2871=VECTOR('',#12931,10.);
#2872=VECTOR('',#12932,10.);
#2873=VECTOR('',#12935,10.);
#2874=VECTOR('',#12936,10.);
#2875=VECTOR('',#12937,10.);
#2876=VECTOR('',#12938,10.);
#2877=VECTOR('',#12939,10.);
#2878=VECTOR('',#12942,10.);
#2879=VECTOR('',#12943,10.);
#2880=VECTOR('',#12944,10.);
#2881=VECTOR('',#12945,10.);
#2882=VECTOR('',#12946,10.);
#2883=VECTOR('',#12949,10.);
#2884=VECTOR('',#12950,10.);
#2885=VECTOR('',#12951,10.);
#2886=VECTOR('',#12952,10.);
#2887=VECTOR('',#12953,10.);
#2888=VECTOR('',#12956,10.);
#2889=VECTOR('',#12957,10.);
#2890=VECTOR('',#12958,10.);
#2891=VECTOR('',#12959,10.);
#2892=VECTOR('',#12960,10.);
#2893=VECTOR('',#12963,10.);
#2894=VECTOR('',#12964,10.);
#2895=VECTOR('',#12965,10.);
#2896=VECTOR('',#12966,10.);
#2897=VECTOR('',#12967,10.);
#2898=VECTOR('',#12970,10.);
#2899=VECTOR('',#12971,10.);
#2900=VECTOR('',#12972,10.);
#2901=VECTOR('',#12973,10.);
#2902=VECTOR('',#12974,10.);
#2903=VECTOR('',#12977,10.);
#2904=VECTOR('',#12978,10.);
#2905=VECTOR('',#12979,10.);
#2906=VECTOR('',#12980,10.);
#2907=VECTOR('',#12981,10.);
#2908=VECTOR('',#12984,10.);
#2909=VECTOR('',#12985,10.);
#2910=VECTOR('',#12986,10.);
#2911=VECTOR('',#12987,10.);
#2912=VECTOR('',#12988,10.);
#2913=VECTOR('',#12991,10.);
#2914=VECTOR('',#12992,10.);
#2915=VECTOR('',#12993,10.);
#2916=VECTOR('',#12994,10.);
#2917=VECTOR('',#12995,10.);
#2918=VECTOR('',#12998,10.);
#2919=VECTOR('',#12999,10.);
#2920=VECTOR('',#13000,10.);
#2921=VECTOR('',#13001,10.);
#2922=VECTOR('',#13002,10.);
#2923=VECTOR('',#13005,10.);
#2924=VECTOR('',#13006,10.);
#2925=VECTOR('',#13007,10.);
#2926=VECTOR('',#13008,10.);
#2927=VECTOR('',#13009,10.);
#2928=VECTOR('',#13012,10.);
#2929=VECTOR('',#13013,10.);
#2930=VECTOR('',#13014,10.);
#2931=VECTOR('',#13015,10.);
#2932=VECTOR('',#13016,10.);
#2933=VECTOR('',#13019,10.);
#2934=VECTOR('',#13020,10.);
#2935=VECTOR('',#13023,10.);
#2936=VECTOR('',#13024,10.);
#2937=VECTOR('',#13027,10.);
#2938=VECTOR('',#13030,10.);
#2939=VECTOR('',#13031,10.);
#2940=VECTOR('',#13032,10.);
#2941=VECTOR('',#13035,10.);
#2942=VECTOR('',#13042,10.);
#2943=VECTOR('',#13045,10.);
#2944=VECTOR('',#13050,10.);
#2945=VECTOR('',#13053,10.);
#2946=VECTOR('',#13056,10.);
#2947=VECTOR('',#13057,10.);
#2948=VECTOR('',#13060,10.);
#2949=VECTOR('',#13065,10.);
#2950=VECTOR('',#13070,10.);
#2951=VECTOR('',#13071,10.);
#2952=VECTOR('',#13076,10.);
#2953=VECTOR('',#13077,10.);
#2954=VECTOR('',#13082,10.);
#2955=VECTOR('',#13085,10.);
#2956=VECTOR('',#13088,10.);
#2957=VECTOR('',#13089,10.);
#2958=VECTOR('',#13094,10.);
#2959=VECTOR('',#13097,10.);
#2960=VECTOR('',#13100,10.);
#2961=VECTOR('',#13101,10.);
#2962=VECTOR('',#13106,10.);
#2963=VECTOR('',#13109,10.);
#2964=VECTOR('',#13112,10.);
#2965=VECTOR('',#13113,10.);
#2966=VECTOR('',#13118,10.);
#2967=VECTOR('',#13121,10.);
#2968=VECTOR('',#13124,10.);
#2969=VECTOR('',#13125,10.);
#2970=VECTOR('',#13130,10.);
#2971=VECTOR('',#13133,10.);
#2972=VECTOR('',#13136,10.);
#2973=VECTOR('',#13139,10.);
#2974=VECTOR('',#13144,10.);
#2975=VECTOR('',#13145,10.);
#2976=VECTOR('',#13152,10.);
#2977=VECTOR('',#13153,10.);
#2978=VECTOR('',#13160,10.);
#2979=VECTOR('',#13161,10.);
#2980=VECTOR('',#13168,10.);
#2981=VECTOR('',#13169,10.);
#2982=VECTOR('',#13176,10.);
#2983=VECTOR('',#13177,10.);
#2984=VECTOR('',#13184,10.);
#2985=VECTOR('',#13185,10.);
#2986=VECTOR('',#13192,10.);
#2987=VECTOR('',#13195,10.);
#2988=VECTOR('',#13198,10.);
#2989=VECTOR('',#13201,10.);
#2990=VECTOR('',#13206,10.);
#2991=VECTOR('',#13209,10.);
#2992=VECTOR('',#13214,10.);
#2993=VECTOR('',#13217,10.);
#2994=VECTOR('',#13222,10.);
#2995=VECTOR('',#13225,10.);
#2996=VECTOR('',#13230,10.);
#2997=VECTOR('',#13233,10.);
#2998=VECTOR('',#13238,10.);
#2999=VECTOR('',#13241,10.);
#3000=VECTOR('',#13246,10.);
#3001=VECTOR('',#13249,10.);
#3002=VECTOR('',#13254,10.);
#3003=VECTOR('',#13257,10.);
#3004=VECTOR('',#13262,10.);
#3005=VECTOR('',#13265,10.);
#3006=VECTOR('',#13270,10.);
#3007=VECTOR('',#13273,10.);
#3008=VECTOR('',#13294,10.);
#3009=VECTOR('',#13313,10.);
#3010=VECTOR('',#13332,10.);
#3011=VECTOR('',#13351,10.);
#3012=VECTOR('',#13352,10.);
#3013=VECTOR('',#13371,10.);
#3014=VECTOR('',#13390,10.);
#3015=VECTOR('',#13391,10.);
#3016=VECTOR('',#13392,10.);
#3017=VECTOR('',#13411,10.);
#3018=VECTOR('',#13430,10.);
#3019=VECTOR('',#13431,10.);
#3020=VECTOR('',#13450,10.);
#3021=VECTOR('',#13469,10.);
#3022=VECTOR('',#13470,10.);
#3023=VECTOR('',#13489,10.);
#3024=VECTOR('',#13490,10.);
#3025=VECTOR('',#13509,10.);
#3026=VECTOR('',#13514,10.);
#3027=VECTOR('',#13519,10.);
#3028=VECTOR('',#13524,10.);
#3029=VECTOR('',#13529,10.);
#3030=VECTOR('',#13534,10.);
#3031=VECTOR('',#13535,10.);
#3032=VECTOR('',#13544,10.);
#3033=VECTOR('',#13547,10.);
#3034=VECTOR('',#13552,10.);
#3035=VECTOR('',#13555,10.);
#3036=VECTOR('',#13560,10.);
#3037=VECTOR('',#13563,10.);
#3038=VECTOR('',#13568,10.);
#3039=VECTOR('',#13571,10.);
#3040=VECTOR('',#13576,10.);
#3041=VECTOR('',#13579,10.);
#3042=VECTOR('',#13582,10.);
#3043=VECTOR('',#13585,10.);
#3044=VECTOR('',#13588,10.);
#3045=VECTOR('',#13591,10.);
#3046=VECTOR('',#13600,10.);
#3047=VECTOR('',#13603,10.);
#3048=VECTOR('',#13606,10.);
#3049=VECTOR('',#13607,10.);
#3050=VECTOR('',#13608,10.);
#3051=VECTOR('',#13609,10.);
#3052=VECTOR('',#13610,10.);
#3053=VECTOR('',#13613,10.);
#3054=VECTOR('',#13614,10.);
#3055=VECTOR('',#13615,10.);
#3056=VECTOR('',#13616,10.);
#3057=VECTOR('',#13617,10.);
#3058=VECTOR('',#13630,10.);
#3059=VECTOR('',#13633,10.);
#3060=VECTOR('',#13636,10.);
#3061=VECTOR('',#13637,10.);
#3062=VECTOR('',#13638,10.);
#3063=VECTOR('',#13639,10.);
#3064=VECTOR('',#13640,10.);
#3065=VECTOR('',#13643,10.);
#3066=VECTOR('',#13644,10.);
#3067=VECTOR('',#13645,10.);
#3068=VECTOR('',#13646,10.);
#3069=VECTOR('',#13647,10.);
#3070=VECTOR('',#13660,10.);
#3071=VECTOR('',#13663,10.);
#3072=VECTOR('',#13666,10.);
#3073=VECTOR('',#13667,10.);
#3074=VECTOR('',#13668,10.);
#3075=VECTOR('',#13669,10.);
#3076=VECTOR('',#13670,10.);
#3077=VECTOR('',#13673,10.);
#3078=VECTOR('',#13674,10.);
#3079=VECTOR('',#13675,10.);
#3080=VECTOR('',#13676,10.);
#3081=VECTOR('',#13677,10.);
#3082=VECTOR('',#13690,10.);
#3083=VECTOR('',#13693,10.);
#3084=VECTOR('',#13696,10.);
#3085=VECTOR('',#13697,10.);
#3086=VECTOR('',#13698,10.);
#3087=VECTOR('',#13699,10.);
#3088=VECTOR('',#13700,10.);
#3089=VECTOR('',#13703,10.);
#3090=VECTOR('',#13704,10.);
#3091=VECTOR('',#13705,10.);
#3092=VECTOR('',#13706,10.);
#3093=VECTOR('',#13707,10.);
#3094=VECTOR('',#13720,10.);
#3095=VECTOR('',#13723,10.);
#3096=VECTOR('',#13726,10.);
#3097=VECTOR('',#13727,10.);
#3098=VECTOR('',#13728,10.);
#3099=VECTOR('',#13729,10.);
#3100=VECTOR('',#13730,10.);
#3101=VECTOR('',#13733,10.);
#3102=VECTOR('',#13734,10.);
#3103=VECTOR('',#13735,10.);
#3104=VECTOR('',#13736,10.);
#3105=VECTOR('',#13737,10.);
#3106=VECTOR('',#13750,10.);
#3107=VECTOR('',#13753,10.);
#3108=VECTOR('',#13756,10.);
#3109=VECTOR('',#13757,10.);
#3110=VECTOR('',#13758,10.);
#3111=VECTOR('',#13759,10.);
#3112=VECTOR('',#13760,10.);
#3113=VECTOR('',#13763,10.);
#3114=VECTOR('',#13764,10.);
#3115=VECTOR('',#13765,10.);
#3116=VECTOR('',#13766,10.);
#3117=VECTOR('',#13767,10.);
#3118=VECTOR('',#13824,1.5);
#3119=VECTOR('',#13829,1.5);
#3120=VECTOR('',#13834,1.5);
#3121=VECTOR('',#13839,1.5);
#3122=VECTOR('',#13848,10.);
#3123=VECTOR('',#13855,10.);
#3124=VECTOR('',#13860,10.);
#3125=VECTOR('',#13867,10.);
#3126=VECTOR('',#13872,10.);
#3127=VECTOR('',#13879,10.);
#3128=VECTOR('',#13884,10.);
#3129=VECTOR('',#13891,10.);
#3130=VECTOR('',#13896,10.);
#3131=VECTOR('',#13905,10.);
#3132=VECTOR('',#13910,11.8685761384926);
#3133=VECTOR('',#13929,10.);
#3134=VECTOR('',#13934,10.);
#3135=VECTOR('',#13939,10.);
#3136=VECTOR('',#13944,10.);
#3137=VECTOR('',#13949,10.);
#3138=VECTOR('',#13954,10.);
#3139=VECTOR('',#13959,10.);
#3140=VECTOR('',#13964,10.);
#3141=VECTOR('',#13969,10.);
#3142=VECTOR('',#13974,10.);
#3143=VECTOR('',#13979,10.);
#3144=VECTOR('',#13984,10.);
#3145=VECTOR('',#13989,10.);
#3146=VECTOR('',#13994,10.);
#3147=VECTOR('',#13997,10.);
#3148=VECTOR('',#13998,10.);
#3149=VECTOR('',#14001,10.);
#3150=VECTOR('',#14002,10.);
#3151=VECTOR('',#14005,10.);
#3152=VECTOR('',#14008,10.);
#3153=VECTOR('',#14011,10.);
#3154=VECTOR('',#14016,10.);
#3155=VECTOR('',#14017,10.);
#3156=VECTOR('',#14020,10.);
#3157=VECTOR('',#14023,10.);
#3158=VECTOR('',#14026,10.);
#3159=VECTOR('',#14029,10.);
#3160=VECTOR('',#14034,10.);
#3161=VECTOR('',#14035,10.);
#3162=VECTOR('',#14038,10.);
#3163=VECTOR('',#14041,10.);
#3164=VECTOR('',#14044,10.);
#3165=VECTOR('',#14047,10.);
#3166=VECTOR('',#14052,10.);
#3167=VECTOR('',#14053,10.);
#3168=VECTOR('',#14056,10.);
#3169=VECTOR('',#14059,10.);
#3170=VECTOR('',#14062,10.);
#3171=VECTOR('',#14065,10.);
#3172=VECTOR('',#14070,10.);
#3173=VECTOR('',#14071,10.);
#3174=VECTOR('',#14074,10.);
#3175=VECTOR('',#14077,10.);
#3176=VECTOR('',#14078,10.);
#3177=VECTOR('',#14081,10.);
#3178=VECTOR('',#14082,10.);
#3179=VECTOR('',#14089,10.);
#3180=VECTOR('',#14094,10.);
#3181=VECTOR('',#14095,10.);
#3182=VECTOR('',#14098,10.);
#3183=VECTOR('',#14101,10.);
#3184=VECTOR('',#14106,10.);
#3185=VECTOR('',#14107,10.);
#3186=VECTOR('',#14110,10.);
#3187=VECTOR('',#14113,10.);
#3188=VECTOR('',#14118,10.);
#3189=VECTOR('',#14123,10.);
#3190=VECTOR('',#14126,10.);
#3191=VECTOR('',#14131,10.);
#3192=VECTOR('',#14134,10.);
#3193=VECTOR('',#14137,10.);
#3194=VECTOR('',#14140,10.);
#3195=VECTOR('',#14141,10.);
#3196=VECTOR('',#14142,10.);
#3197=VECTOR('',#14143,10.);
#3198=VECTOR('',#14146,10.);
#3199=VECTOR('',#14151,10.);
#3200=VECTOR('',#14152,10.);
#3201=VECTOR('',#14153,10.);
#3202=VECTOR('',#14154,10.);
#3203=VECTOR('',#14155,10.);
#3204=VECTOR('',#14158,10.);
#3205=VECTOR('',#14159,10.);
#3206=VECTOR('',#14160,10.);
#3207=VECTOR('',#14161,10.);
#3208=VECTOR('',#14162,10.);
#3209=VECTOR('',#14165,10.);
#3210=VECTOR('',#14166,10.);
#3211=VECTOR('',#14167,10.);
#3212=VECTOR('',#14168,10.);
#3213=VECTOR('',#14169,10.);
#3214=VECTOR('',#14172,10.);
#3215=VECTOR('',#14173,10.);
#3216=VECTOR('',#14174,10.);
#3217=VECTOR('',#14175,10.);
#3218=VECTOR('',#14176,10.);
#3219=VECTOR('',#14179,10.);
#3220=VECTOR('',#14180,10.);
#3221=VECTOR('',#14181,10.);
#3222=VECTOR('',#14182,10.);
#3223=VECTOR('',#14183,10.);
#3224=VECTOR('',#14184,10.);
#3225=VECTOR('',#14185,10.);
#3226=VECTOR('',#14186,10.);
#3227=VECTOR('',#14187,10.);
#3228=VECTOR('',#14188,10.);
#3229=VECTOR('',#14189,10.);
#3230=VECTOR('',#14190,10.);
#3231=VECTOR('',#14191,10.);
#3232=VECTOR('',#14192,10.);
#3233=VECTOR('',#14193,10.);
#3234=VECTOR('',#14194,10.);
#3235=VECTOR('',#14195,10.);
#3236=VECTOR('',#14196,10.);
#3237=VECTOR('',#14197,10.);
#3238=VECTOR('',#14198,10.);
#3239=VECTOR('',#14199,10.);
#3240=VECTOR('',#14200,10.);
#3241=VECTOR('',#14201,10.);
#3242=VECTOR('',#14202,10.);
#3243=VECTOR('',#14203,10.);
#3244=VECTOR('',#14204,10.);
#3245=VECTOR('',#14205,10.);
#3246=VECTOR('',#14206,10.);
#3247=VECTOR('',#14207,10.);
#3248=VECTOR('',#14208,10.);
#3249=VECTOR('',#14209,10.);
#3250=VECTOR('',#14210,10.);
#3251=VECTOR('',#14211,10.);
#3252=VECTOR('',#14212,10.);
#3253=VECTOR('',#14213,10.);
#3254=VECTOR('',#14214,10.);
#3255=VECTOR('',#14215,10.);
#3256=VECTOR('',#14216,10.);
#3257=VECTOR('',#14217,10.);
#3258=VECTOR('',#14218,10.);
#3259=VECTOR('',#14219,10.);
#3260=VECTOR('',#14220,10.);
#3261=VECTOR('',#14221,10.);
#3262=VECTOR('',#14222,10.);
#3263=VECTOR('',#14223,10.);
#3264=VECTOR('',#14224,10.);
#3265=VECTOR('',#14225,10.);
#3266=VECTOR('',#14226,10.);
#3267=VECTOR('',#14227,10.);
#3268=VECTOR('',#14230,10.);
#3269=VECTOR('',#14231,10.);
#3270=VECTOR('',#14232,10.);
#3271=VECTOR('',#14233,10.);
#3272=VECTOR('',#14234,10.);
#3273=VECTOR('',#14237,10.);
#3274=VECTOR('',#14238,10.);
#3275=VECTOR('',#14239,10.);
#3276=VECTOR('',#14240,10.);
#3277=VECTOR('',#14241,10.);
#3278=VECTOR('',#14244,10.);
#3279=VECTOR('',#14245,10.);
#3280=VECTOR('',#14246,10.);
#3281=VECTOR('',#14247,10.);
#3282=VECTOR('',#14248,10.);
#3283=VECTOR('',#14251,10.);
#3284=VECTOR('',#14252,10.);
#3285=VECTOR('',#14253,10.);
#3286=VECTOR('',#14254,10.);
#3287=VECTOR('',#14255,10.);
#3288=VECTOR('',#14258,10.);
#3289=VECTOR('',#14259,10.);
#3290=VECTOR('',#14260,10.);
#3291=VECTOR('',#14261,10.);
#3292=VECTOR('',#14262,10.);
#3293=VECTOR('',#14265,10.);
#3294=VECTOR('',#14356,10.);
#3295=VECTOR('',#14357,10.);
#3296=VECTOR('',#14392,10.);
#3297=VECTOR('',#14393,10.);
#3298=VECTOR('',#14412,10.);
#3299=VECTOR('',#14413,10.);
#3300=VECTOR('',#14432,10.);
#3301=VECTOR('',#14433,10.);
#3302=VECTOR('',#14454,2.5);
#3303=VECTOR('',#14457,10.);
#3304=VECTOR('',#14458,10.);
#3305=VECTOR('',#14463,10.);
#3306=VECTOR('',#14466,10.);
#3307=VECTOR('',#14471,10.);
#3308=VECTOR('',#14474,10.);
#3309=VECTOR('',#14481,10.);
#3310=VECTOR('',#14486,10.);
#3311=VECTOR('',#14489,10.);
#3312=VECTOR('',#14494,10.);
#3313=VECTOR('',#14497,10.);
#3314=VECTOR('',#14500,10.);
#3315=VECTOR('',#14503,10.);
#3316=CIRCLE('',#10228,1.5);
#3317=CIRCLE('',#10229,1.5);
#3318=CIRCLE('',#10231,1.5);
#3319=CIRCLE('',#10232,1.5);
#3320=CIRCLE('',#10234,1.5);
#3321=CIRCLE('',#10235,1.5);
#3322=CIRCLE('',#10237,1.5);
#3323=CIRCLE('',#10238,1.5);
#3324=CIRCLE('',#10240,21.3685761384926);
#3325=CIRCLE('',#10241,2.5);
#3326=CIRCLE('',#10242,11.8685761384926);
#3327=CIRCLE('',#10243,2.5);
#3328=CIRCLE('',#10245,21.3685761384926);
#3329=CIRCLE('',#10246,2.5);
#3330=CIRCLE('',#10247,11.8685761384926);
#3331=CIRCLE('',#10248,2.5);
#3332=CIRCLE('',#10250,21.3685761384926);
#3333=CIRCLE('',#10251,2.5);
#3334=CIRCLE('',#10252,11.8685761384926);
#3335=CIRCLE('',#10253,2.5);
#3336=CIRCLE('',#10255,21.3685761384926);
#3337=CIRCLE('',#10256,2.5);
#3338=CIRCLE('',#10257,11.8685761384926);
#3339=CIRCLE('',#10258,2.5);
#3340=CIRCLE('',#10260,21.3685761384926);
#3341=CIRCLE('',#10261,2.5);
#3342=CIRCLE('',#10262,11.8685761384926);
#3343=CIRCLE('',#10263,2.5);
#3344=CIRCLE('',#10265,11.8685761384926);
#3345=CIRCLE('',#10266,11.8685761384926);
#3346=CIRCLE('',#10267,11.8685761384926);
#3347=CIRCLE('',#10268,11.8685761384926);
#3348=CIRCLE('',#10269,11.8685761384926);
#3349=CIRCLE('',#10270,11.8685761384926);
#3350=CIRCLE('',#10271,11.8685761384926);
#3351=CIRCLE('',#10272,11.8685761384926);
#3352=CIRCLE('',#10274,21.3685761384926);
#3353=CIRCLE('',#10275,2.5);
#3354=CIRCLE('',#10276,2.5);
#3355=CIRCLE('',#10278,21.3685761384926);
#3356=CIRCLE('',#10279,2.5);
#3357=CIRCLE('',#10280,2.5);
#3358=CIRCLE('',#10282,21.3685761384926);
#3359=CIRCLE('',#10283,2.5);
#3360=CIRCLE('',#10284,2.5);
#3361=CIRCLE('',#10286,21.3685761384926);
#3362=CIRCLE('',#10287,2.5);
#3363=CIRCLE('',#10288,2.5);
#3364=CIRCLE('',#10290,21.3685761384926);
#3365=CIRCLE('',#10291,2.5);
#3366=CIRCLE('',#10292,2.5);
#3367=CIRCLE('',#10294,21.3685761384926);
#3368=CIRCLE('',#10295,2.5);
#3369=CIRCLE('',#10296,2.5);
#3370=CIRCLE('',#10298,21.3685761384926);
#3371=CIRCLE('',#10299,2.5);
#3372=CIRCLE('',#10300,2.5);
#3373=CIRCLE('',#10302,0.849999999999995);
#3374=CIRCLE('',#10304,0.849999999999995);
#3375=CIRCLE('',#10306,21.3685761384926);
#3376=CIRCLE('',#10308,2.5);
#3377=CIRCLE('',#10310,0.849999999999995);
#3378=CIRCLE('',#10312,21.3685761384926);
#3379=CIRCLE('',#10314,2.5);
#3380=CIRCLE('',#10316,0.849999999999995);
#3381=CIRCLE('',#10318,21.3685761384926);
#3382=CIRCLE('',#10320,2.5);
#3383=CIRCLE('',#10322,0.849999999999995);
#3384=CIRCLE('',#10324,21.3685761384926);
#3385=CIRCLE('',#10326,2.5);
#3386=CIRCLE('',#10328,0.849999999999995);
#3387=CIRCLE('',#10330,0.849999999999995);
#3388=CIRCLE('',#10332,21.3685761384926);
#3389=CIRCLE('',#10334,0.849999999999995);
#3390=CIRCLE('',#10336,2.5);
#3391=CIRCLE('',#10338,0.849999999999995);
#3392=CIRCLE('',#10340,21.3685761384926);
#3393=CIRCLE('',#10342,2.5);
#3394=CIRCLE('',#10343,2.5);
#3395=CIRCLE('',#10346,0.849999999999995);
#3396=CIRCLE('',#10348,0.849999999999995);
#3397=CIRCLE('',#10349,0.849999999999995);
#3398=CIRCLE('',#10351,0.849999999999995);
#3399=CIRCLE('',#10355,2.5);
#3400=CIRCLE('',#10356,21.3685761384926);
#3401=CIRCLE('',#10357,2.5);
#3402=CIRCLE('',#10358,21.3685761384926);
#3403=CIRCLE('',#10359,2.5);
#3404=CIRCLE('',#10360,21.3685761384926);
#3405=CIRCLE('',#10361,2.5);
#3406=CIRCLE('',#10362,21.3685761384926);
#3407=CIRCLE('',#10363,2.5);
#3408=CIRCLE('',#10364,21.3685761384926);
#3409=CIRCLE('',#10365,2.5);
#3410=CIRCLE('',#10366,2.5);
#3411=CIRCLE('',#10367,21.3685761384926);
#3412=CIRCLE('',#10369,0.849999999999995);
#3413=CIRCLE('',#10371,0.849999999999995);
#3414=CIRCLE('',#10372,0.849999999999995);
#3415=CIRCLE('',#10374,0.849999999999995);
#3416=CIRCLE('',#10378,0.849999999999995);
#3417=CIRCLE('',#10380,0.849999999999995);
#3418=CIRCLE('',#10381,0.849999999999995);
#3419=CIRCLE('',#10383,0.849999999999995);
#3420=CIRCLE('',#10387,0.849999999999995);
#3421=CIRCLE('',#10389,0.849999999999995);
#3422=CIRCLE('',#10390,0.849999999999995);
#3423=CIRCLE('',#10395,0.849999999999995);
#3424=CIRCLE('',#10397,0.849999999999995);
#3425=CIRCLE('',#10398,0.849999999999995);
#3426=CIRCLE('',#10403,0.849999999999995);
#3427=CIRCLE('',#10405,0.849999999999995);
#3428=CIRCLE('',#10406,0.849999999999995);
#3429=CIRCLE('',#10411,0.849999999999995);
#3430=CIRCLE('',#10413,0.849999999999995);
#3431=CIRCLE('',#10417,0.849999999999995);
#3432=CIRCLE('',#10419,0.849999999999995);
#3433=CIRCLE('',#10420,0.849999999999995);
#3434=CIRCLE('',#10425,0.849999999999995);
#3435=CIRCLE('',#10427,0.849999999999995);
#3436=CIRCLE('',#10431,0.849999999999995);
#3437=CIRCLE('',#10433,0.849999999999995);
#3438=CIRCLE('',#10434,0.849999999999995);
#3439=CIRCLE('',#10439,0.849999999999995);
#3440=CIRCLE('',#10441,0.849999999999995);
#3441=CIRCLE('',#10442,0.849999999999995);
#3442=CIRCLE('',#10444,0.849999999999995);
#3443=CIRCLE('',#10448,0.849999999999995);
#3444=CIRCLE('',#10450,0.849999999999995);
#3445=CIRCLE('',#10452,0.849999999999995);
#3446=CIRCLE('',#10454,0.849999999999995);
#3447=CIRCLE('',#10476,1.5);
#3448=CIRCLE('',#10477,1.5);
#3449=CIRCLE('',#10479,1.5);
#3450=CIRCLE('',#10480,1.5);
#3451=CIRCLE('',#10482,1.5);
#3452=CIRCLE('',#10483,1.5);
#3453=CIRCLE('',#10485,1.5);
#3454=CIRCLE('',#10486,1.5);
#3455=CIRCLE('',#10488,0.849999999999995);
#3456=CIRCLE('',#10490,0.849999999999995);
#3457=CIRCLE('',#10491,0.849999999999995);
#3458=CIRCLE('',#10493,0.849999999999995);
#3459=CIRCLE('',#10497,2.5);
#3460=CIRCLE('',#10498,21.3685761384926);
#3461=CIRCLE('',#10499,2.5);
#3462=CIRCLE('',#10500,21.3685761384926);
#3463=CIRCLE('',#10501,2.5);
#3464=CIRCLE('',#10502,21.3685761384926);
#3465=CIRCLE('',#10503,2.5);
#3466=CIRCLE('',#10504,21.3685761384926);
#3467=CIRCLE('',#10505,2.5);
#3468=CIRCLE('',#10506,21.3685761384926);
#3469=CIRCLE('',#10507,2.5);
#3470=CIRCLE('',#10508,21.3685761384926);
#3471=CIRCLE('',#10509,2.5);
#3472=CIRCLE('',#10510,21.3685761384926);
#3473=CIRCLE('',#10511,2.5);
#3474=CIRCLE('',#10512,21.3685761384926);
#3475=CIRCLE('',#10513,2.5);
#3476=CIRCLE('',#10514,21.3685761384926);
#3477=CIRCLE('',#10515,2.5);
#3478=CIRCLE('',#10516,21.3685761384926);
#3479=CIRCLE('',#10517,2.5);
#3480=CIRCLE('',#10518,21.3685761384926);
#3481=CIRCLE('',#10519,2.5);
#3482=CIRCLE('',#10520,21.3685761384926);
#3483=CIRCLE('',#10522,0.849999999999995);
#3484=CIRCLE('',#10524,0.849999999999995);
#3485=CIRCLE('',#10525,0.849999999999995);
#3486=CIRCLE('',#10527,0.849999999999995);
#3487=CIRCLE('',#10531,0.849999999999995);
#3488=CIRCLE('',#10533,0.849999999999995);
#3489=CIRCLE('',#10534,0.849999999999995);
#3490=CIRCLE('',#10536,0.849999999999995);
#3491=CIRCLE('',#10540,0.849999999999995);
#3492=CIRCLE('',#10542,0.849999999999995);
#3493=CIRCLE('',#10543,0.849999999999995);
#3494=CIRCLE('',#10545,0.849999999999995);
#3495=CIRCLE('',#10549,0.849999999999995);
#3496=CIRCLE('',#10551,0.849999999999995);
#3497=CIRCLE('',#10552,0.849999999999995);
#3498=CIRCLE('',#10554,0.849999999999995);
#3499=CIRCLE('',#10558,0.849999999999995);
#3500=CIRCLE('',#10560,0.849999999999995);
#3501=CIRCLE('',#10561,0.849999999999995);
#3502=CIRCLE('',#10563,0.849999999999995);
#3503=CIRCLE('',#10567,0.849999999999995);
#3504=CIRCLE('',#10569,0.849999999999995);
#3505=CIRCLE('',#10570,0.849999999999995);
#3506=CIRCLE('',#10572,0.849999999999995);
#3507=CIRCLE('',#10576,0.849999999999995);
#3508=CIRCLE('',#10578,0.849999999999995);
#3509=CIRCLE('',#10579,0.849999999999995);
#3510=CIRCLE('',#10581,0.849999999999995);
#3511=CIRCLE('',#10585,0.849999999999995);
#3512=CIRCLE('',#10587,0.849999999999995);
#3513=CIRCLE('',#10588,0.849999999999995);
#3514=CIRCLE('',#10590,0.849999999999995);
#3515=CIRCLE('',#10594,0.849999999999995);
#3516=CIRCLE('',#10596,0.849999999999995);
#3517=CIRCLE('',#10597,0.849999999999995);
#3518=CIRCLE('',#10599,0.849999999999995);
#3519=CIRCLE('',#10603,0.849999999999995);
#3520=CIRCLE('',#10605,0.849999999999995);
#3521=CIRCLE('',#10606,0.849999999999995);
#3522=CIRCLE('',#10608,0.849999999999995);
#3523=CIRCLE('',#10612,0.849999999999995);
#3524=CIRCLE('',#10614,0.849999999999995);
#3525=CIRCLE('',#10616,0.849999999999995);
#3526=CIRCLE('',#10618,0.849999999999995);
#3527=CIRCLE('',#10621,2.5);
#3528=CIRCLE('',#10623,21.3685761384926);
#3529=CIRCLE('',#10626,2.5);
#3530=CIRCLE('',#10628,21.3685761384926);
#3531=CIRCLE('',#10631,2.5);
#3532=CIRCLE('',#10633,21.3685761384926);
#3533=CIRCLE('',#10636,2.5);
#3534=CIRCLE('',#10638,21.3685761384926);
#3535=CIRCLE('',#10641,2.5);
#3536=CIRCLE('',#10643,21.3685761384926);
#3537=CIRCLE('',#10646,2.5);
#3538=CIRCLE('',#10648,21.3685761384926);
#3539=CIRCLE('',#10651,2.5);
#3540=CIRCLE('',#10653,21.3685761384926);
#3541=CIRCLE('',#10656,2.5);
#3542=CIRCLE('',#10658,21.3685761384926);
#3543=CIRCLE('',#10661,2.5);
#3544=CIRCLE('',#10663,21.3685761384926);
#3545=CIRCLE('',#10666,2.5);
#3546=CIRCLE('',#10668,21.3685761384926);
#3547=CIRCLE('',#10671,2.5);
#3548=CIRCLE('',#10673,21.3685761384926);
#3549=CIRCLE('',#10676,2.5);
#3550=CIRCLE('',#10679,21.3685761384926);
#3551=CIRCLE('',#10684,4.);
#3552=CIRCLE('',#10685,4.);
#3553=CIRCLE('',#10687,11.3685761387962);
#3554=CIRCLE('',#10688,11.3685761387962);
#3555=CIRCLE('',#10692,10.868569352525);
#3556=CIRCLE('',#10693,10.868569352525);
#3557=CIRCLE('',#10697,10.);
#3558=CIRCLE('',#10698,10.);
#3559=CIRCLE('',#10701,10.);
#3560=CIRCLE('',#10702,10.);
#3561=CIRCLE('',#10703,10.);
#3562=CIRCLE('',#10704,10.);
#3563=CIRCLE('',#10705,10.);
#3564=CIRCLE('',#10706,10.);
#3565=CIRCLE('',#10707,10.);
#3566=CIRCLE('',#10708,10.);
#3567=CIRCLE('',#10709,10.);
#3568=CIRCLE('',#10710,10.);
#3569=CIRCLE('',#10711,10.);
#3570=CIRCLE('',#10712,10.);
#3571=CIRCLE('',#10713,10.);
#3572=CIRCLE('',#10715,2.5);
#3573=CIRCLE('',#10716,14.2);
#3574=CIRCLE('',#10717,2.5);
#3575=CIRCLE('',#10718,14.2);
#3576=CIRCLE('',#10719,2.5);
#3577=CIRCLE('',#10720,14.2);
#3578=CIRCLE('',#10721,2.5);
#3579=CIRCLE('',#10722,14.2);
#3580=CIRCLE('',#10723,2.5);
#3581=CIRCLE('',#10724,14.2);
#3582=CIRCLE('',#10725,2.5);
#3583=CIRCLE('',#10726,14.2);
#3584=CIRCLE('',#10727,2.5);
#3585=CIRCLE('',#10728,14.2);
#3586=CIRCLE('',#10729,2.5);
#3587=CIRCLE('',#10730,14.2);
#3588=CIRCLE('',#10731,2.5);
#3589=CIRCLE('',#10732,14.2);
#3590=CIRCLE('',#10733,2.5);
#3591=CIRCLE('',#10734,14.2);
#3592=CIRCLE('',#10735,2.5);
#3593=CIRCLE('',#10736,14.2);
#3594=CIRCLE('',#10737,2.5);
#3595=CIRCLE('',#10738,14.2);
#3596=CIRCLE('',#10740,10.868569352525);
#3597=CIRCLE('',#10741,10.868569352525);
#3598=CIRCLE('',#10744,10.);
#3599=CIRCLE('',#10748,10.868569352525);
#3600=CIRCLE('',#10749,10.868569352525);
#3601=CIRCLE('',#10753,10.);
#3602=CIRCLE('',#10757,10.);
#3603=CIRCLE('',#10760,10.868569352525);
#3604=CIRCLE('',#10761,10.868569352525);
#3605=CIRCLE('',#10764,2.5);
#3606=CIRCLE('',#10765,21.3685761384926);
#3607=CIRCLE('',#10766,2.5);
#3608=CIRCLE('',#10767,21.3685761384926);
#3609=CIRCLE('',#10768,2.5);
#3610=CIRCLE('',#10769,21.3685761384926);
#3611=CIRCLE('',#10770,2.5);
#3612=CIRCLE('',#10771,21.3685761384926);
#3613=CIRCLE('',#10772,2.5);
#3614=CIRCLE('',#10773,21.3685761384926);
#3615=CIRCLE('',#10774,2.5);
#3616=CIRCLE('',#10775,21.3685761384926);
#3617=CIRCLE('',#10776,2.5);
#3618=CIRCLE('',#10777,21.3685761384926);
#3619=CIRCLE('',#10778,2.5);
#3620=CIRCLE('',#10779,21.3685761384926);
#3621=CIRCLE('',#10780,2.5);
#3622=CIRCLE('',#10781,21.3685761384926);
#3623=CIRCLE('',#10782,2.5);
#3624=CIRCLE('',#10783,21.3685761384926);
#3625=CIRCLE('',#10784,2.5);
#3626=CIRCLE('',#10785,21.3685761384926);
#3627=CIRCLE('',#10786,2.5);
#3628=CIRCLE('',#10787,21.3685761384926);
#3629=CIRCLE('',#10788,10.868569352525);
#3630=CIRCLE('',#10789,10.8685761475393);
#3631=CIRCLE('',#10792,10.8685761475393);
#3632=CIRCLE('',#10794,9.99999947379469);
#3633=CIRCLE('',#10798,10.868569352525);
#3634=CIRCLE('',#10801,10.);
#3635=CIRCLE('',#10805,14.2);
#3636=CIRCLE('',#10807,14.2);
#3637=CIRCLE('',#10809,14.2);
#3638=CIRCLE('',#10811,14.2);
#3639=CIRCLE('',#10813,14.2);
#3640=CIRCLE('',#10815,14.2);
#3641=CIRCLE('',#10817,14.2);
#3642=CIRCLE('',#10819,14.2);
#3643=CIRCLE('',#10821,14.2);
#3644=CIRCLE('',#10823,14.2);
#3645=CIRCLE('',#10825,14.2);
#3646=CIRCLE('',#10827,14.2);
#3647=CIRCLE('',#10829,2.5);
#3648=CIRCLE('',#10830,2.5);
#3649=CIRCLE('',#10832,2.5);
#3650=CIRCLE('',#10833,2.5);
#3651=CIRCLE('',#10835,2.5);
#3652=CIRCLE('',#10836,2.5);
#3653=CIRCLE('',#10838,2.5);
#3654=CIRCLE('',#10839,2.5);
#3655=CIRCLE('',#10841,2.5);
#3656=CIRCLE('',#10842,2.5);
#3657=CIRCLE('',#10844,2.5);
#3658=CIRCLE('',#10845,2.5);
#3659=CIRCLE('',#10847,2.5);
#3660=CIRCLE('',#10848,21.3685761384926);
#3661=CIRCLE('',#10850,21.3685761384926);
#3662=CIRCLE('',#10852,2.5);
#3663=CIRCLE('',#10853,21.3685761384926);
#3664=CIRCLE('',#10854,2.5);
#3665=CIRCLE('',#10856,21.3685761384926);
#3666=CIRCLE('',#10858,2.5);
#3667=CIRCLE('',#10859,21.3685761384926);
#3668=CIRCLE('',#10860,2.5);
#3669=CIRCLE('',#10862,21.3685761384926);
#3670=CIRCLE('',#10864,2.5);
#3671=CIRCLE('',#10865,21.3685761384926);
#3672=CIRCLE('',#10866,2.5);
#3673=CIRCLE('',#10868,21.3685761384926);
#3674=CIRCLE('',#10870,2.5);
#3675=CIRCLE('',#10871,21.3685761384926);
#3676=CIRCLE('',#10872,2.5);
#3677=CIRCLE('',#10874,21.3685761384926);
#3678=CIRCLE('',#10876,2.5);
#3679=CIRCLE('',#10877,21.3685761384926);
#3680=CIRCLE('',#10878,2.5);
#3681=CIRCLE('',#10880,1.15);
#3682=CIRCLE('',#10882,1.15);
#3683=CIRCLE('',#10883,1.15);
#3684=CIRCLE('',#10885,1.15);
#3685=CIRCLE('',#10889,1.15);
#3686=CIRCLE('',#10891,1.15);
#3687=CIRCLE('',#10892,1.15);
#3688=CIRCLE('',#10894,1.15);
#3689=CIRCLE('',#10898,1.15);
#3690=CIRCLE('',#10900,1.15);
#3691=CIRCLE('',#10901,1.15);
#3692=CIRCLE('',#10903,1.15);
#3693=CIRCLE('',#10907,1.15);
#3694=CIRCLE('',#10909,1.15);
#3695=CIRCLE('',#10910,1.15);
#3696=CIRCLE('',#10912,1.15);
#3697=CIRCLE('',#10916,1.15);
#3698=CIRCLE('',#10918,1.15);
#3699=CIRCLE('',#10919,1.15);
#3700=CIRCLE('',#10921,1.15);
#3701=CIRCLE('',#10925,1.15);
#3702=CIRCLE('',#10927,1.15);
#3703=CIRCLE('',#10928,1.15);
#3704=CIRCLE('',#10930,1.15);
#3705=CIRCLE('',#10934,1.15);
#3706=CIRCLE('',#10936,1.15);
#3707=CIRCLE('',#10937,1.15);
#3708=CIRCLE('',#10939,1.15);
#3709=CIRCLE('',#10943,1.15);
#3710=CIRCLE('',#10945,1.15);
#3711=CIRCLE('',#10946,1.15);
#3712=CIRCLE('',#10948,1.15);
#3713=CIRCLE('',#10952,1.15);
#3714=CIRCLE('',#10954,1.15);
#3715=CIRCLE('',#10955,1.15);
#3716=CIRCLE('',#10957,1.15);
#3717=CIRCLE('',#10961,1.15);
#3718=CIRCLE('',#10963,1.15);
#3719=CIRCLE('',#10964,1.15);
#3720=CIRCLE('',#10966,1.15);
#3721=CIRCLE('',#10970,1.15);
#3722=CIRCLE('',#10972,1.15);
#3723=CIRCLE('',#10973,1.15);
#3724=CIRCLE('',#10975,1.15);
#3725=CIRCLE('',#10979,1.15);
#3726=CIRCLE('',#10981,1.15);
#3727=CIRCLE('',#10983,1.15);
#3728=CIRCLE('',#10985,1.15);
#3729=CIRCLE('',#10998,21.3685761384926);
#3730=CIRCLE('',#11000,2.5);
#3731=CIRCLE('',#11021,9.84999947379625);
#3732=CIRCLE('',#11022,9.84999947379624);
#3733=CIRCLE('',#11026,11.0185761475445);
#3734=CIRCLE('',#11027,11.0185761475445);
#3735=CIRCLE('',#11030,9.84999947379498);
#3736=CIRCLE('',#11031,9.84999947379498);
#3737=CIRCLE('',#11035,11.0185761475446);
#3738=CIRCLE('',#11036,11.0185761475446);
#3739=CIRCLE('',#11039,9.84999947379625);
#3740=CIRCLE('',#11040,9.84999947379626);
#3741=CIRCLE('',#11044,11.0185761475443);
#3742=CIRCLE('',#11045,11.0185761475443);
#3743=CIRCLE('',#11048,9.84999947379629);
#3744=CIRCLE('',#11049,9.84999947379629);
#3745=CIRCLE('',#11053,11.0185761475447);
#3746=CIRCLE('',#11054,11.0185761475447);
#3747=CIRCLE('',#11057,9.84999947379625);
#3748=CIRCLE('',#11058,9.84999947379625);
#3749=CIRCLE('',#11062,11.0185761475443);
#3750=CIRCLE('',#11063,11.0185761475443);
#3751=CIRCLE('',#11066,9.84999947379625);
#3752=CIRCLE('',#11067,9.84999947379625);
#3753=CIRCLE('',#11071,11.0185761475443);
#3754=CIRCLE('',#11072,11.0185761475443);
#3755=CIRCLE('',#11075,10.);
#3756=CIRCLE('',#11076,10.);
#3757=CIRCLE('',#11077,10.);
#3758=CIRCLE('',#11078,10.);
#3759=CIRCLE('',#11079,10.);
#3760=CIRCLE('',#11080,10.);
#3761=CIRCLE('',#11081,2.5);
#3762=CIRCLE('',#11082,1.5);
#3763=CIRCLE('',#11083,1.5);
#3764=CIRCLE('',#11084,1.5);
#3765=CIRCLE('',#11085,1.5);
#3766=CIRCLE('',#11087,10.);
#3767=CIRCLE('',#11089,10.);
#3768=CIRCLE('',#11091,10.);
#3769=CIRCLE('',#11093,10.);
#3770=CIRCLE('',#11095,10.);
#3771=CIRCLE('',#11097,1.5);
#3772=CIRCLE('',#11099,1.5);
#3773=CIRCLE('',#11101,1.5);
#3774=CIRCLE('',#11103,1.5);
#3775=CIRCLE('',#11105,10.);
#3776=CIRCLE('',#11107,21.3685761384926);
#3777=CIRCLE('',#11108,2.5);
#3778=CIRCLE('',#11109,11.8685761384926);
#3779=CIRCLE('',#11110,2.5);
#3780=CIRCLE('',#11112,21.3685761384926);
#3781=CIRCLE('',#11113,2.5);
#3782=CIRCLE('',#11114,11.8685761384926);
#3783=CIRCLE('',#11115,2.5);
#3784=CIRCLE('',#11117,21.3685761384926);
#3785=CIRCLE('',#11118,2.5);
#3786=CIRCLE('',#11119,11.8685761384926);
#3787=CIRCLE('',#11120,2.5);
#3788=CIRCLE('',#11122,21.3685761384926);
#3789=CIRCLE('',#11123,2.5);
#3790=CIRCLE('',#11124,11.8685761384926);
#3791=CIRCLE('',#11125,2.5);
#3792=CIRCLE('',#11127,21.3685761384926);
#3793=CIRCLE('',#11128,2.5);
#3794=CIRCLE('',#11129,11.8685761384926);
#3795=CIRCLE('',#11130,11.8685761384926);
#3796=CIRCLE('',#11131,2.5);
#3797=CIRCLE('',#11133,11.8685761384926);
#3798=CIRCLE('',#11134,11.8685761384926);
#3799=CIRCLE('',#11135,11.8685761384926);
#3800=CIRCLE('',#11136,11.8685761384926);
#3801=CIRCLE('',#11137,11.8685761384926);
#3802=CIRCLE('',#11138,11.8685761384926);
#3803=CIRCLE('',#11139,11.8685761384926);
#3804=CIRCLE('',#11140,11.8685761384926);
#3805=CIRCLE('',#11142,21.3685761384926);
#3806=CIRCLE('',#11143,2.5);
#3807=CIRCLE('',#11144,2.5);
#3808=CIRCLE('',#11146,21.3685761384926);
#3809=CIRCLE('',#11147,2.5);
#3810=CIRCLE('',#11148,2.5);
#3811=CIRCLE('',#11150,21.3685761384926);
#3812=CIRCLE('',#11151,2.5);
#3813=CIRCLE('',#11152,2.5);
#3814=CIRCLE('',#11154,21.3685761384926);
#3815=CIRCLE('',#11155,2.5);
#3816=CIRCLE('',#11156,2.5);
#3817=CIRCLE('',#11158,21.3685761384926);
#3818=CIRCLE('',#11159,2.5);
#3819=CIRCLE('',#11160,2.5);
#3820=CIRCLE('',#11162,21.3685761384926);
#3821=CIRCLE('',#11163,2.5);
#3822=CIRCLE('',#11164,2.5);
#3823=CIRCLE('',#11166,21.3685761384926);
#3824=CIRCLE('',#11167,2.5);
#3825=CIRCLE('',#11168,2.5);
#3826=CIRCLE('',#11170,1.15);
#3827=CIRCLE('',#11172,21.3685761384926);
#3828=CIRCLE('',#11174,2.5);
#3829=CIRCLE('',#11176,1.15);
#3830=CIRCLE('',#11178,21.3685761384926);
#3831=CIRCLE('',#11180,2.5);
#3832=CIRCLE('',#11182,1.15);
#3833=CIRCLE('',#11184,21.3685761384926);
#3834=CIRCLE('',#11186,2.5);
#3835=CIRCLE('',#11188,1.15);
#3836=CIRCLE('',#11190,21.3685761384926);
#3837=CIRCLE('',#11192,2.5);
#3838=CIRCLE('',#11194,1.15);
#3839=CIRCLE('',#11196,1.15);
#3840=CIRCLE('',#11198,2.5);
#3841=CIRCLE('',#11200,21.3685761384926);
#3842=CIRCLE('',#11202,1.15);
#3843=CIRCLE('',#11204,2.5);
#3844=CIRCLE('',#11206,1.15);
#3845=CIRCLE('',#11208,21.3685761384926);
#3846=CIRCLE('',#11210,1.15);
#3847=CIRCLE('',#11212,1.15);
#3848=CIRCLE('',#11213,1.15);
#3849=CIRCLE('',#11215,1.15);
#3850=CIRCLE('',#11219,2.5);
#3851=CIRCLE('',#11220,21.3685761384926);
#3852=CIRCLE('',#11221,2.5);
#3853=CIRCLE('',#11222,21.3685761384926);
#3854=CIRCLE('',#11223,2.5);
#3855=CIRCLE('',#11224,21.3685761384926);
#3856=CIRCLE('',#11225,2.5);
#3857=CIRCLE('',#11226,21.3685761384926);
#3858=CIRCLE('',#11227,2.5);
#3859=CIRCLE('',#11228,21.3685761384926);
#3860=CIRCLE('',#11229,2.5);
#3861=CIRCLE('',#11230,21.3685761384926);
#3862=CIRCLE('',#11232,1.15);
#3863=CIRCLE('',#11234,1.15);
#3864=CIRCLE('',#11235,1.15);
#3865=CIRCLE('',#11240,1.15);
#3866=CIRCLE('',#11242,1.15);
#3867=CIRCLE('',#11246,1.15);
#3868=CIRCLE('',#11248,1.15);
#3869=CIRCLE('',#11249,1.15);
#3870=CIRCLE('',#11254,1.15);
#3871=CIRCLE('',#11256,1.15);
#3872=CIRCLE('',#11257,1.15);
#3873=CIRCLE('',#11262,1.15);
#3874=CIRCLE('',#11264,1.15);
#3875=CIRCLE('',#11268,1.15);
#3876=CIRCLE('',#11270,1.15);
#3877=CIRCLE('',#11271,1.15);
#3878=CIRCLE('',#11273,1.15);
#3879=CIRCLE('',#11277,1.15);
#3880=CIRCLE('',#11279,1.15);
#3881=CIRCLE('',#11280,1.15);
#3882=CIRCLE('',#11285,1.15);
#3883=CIRCLE('',#11287,1.15);
#3884=CIRCLE('',#11288,1.15);
#3885=CIRCLE('',#11290,1.15);
#3886=CIRCLE('',#11294,1.15);
#3887=CIRCLE('',#11296,1.15);
#3888=CIRCLE('',#11297,1.15);
#3889=CIRCLE('',#11299,1.15);
#3890=CIRCLE('',#11303,1.15);
#3891=CIRCLE('',#11305,1.15);
#3892=CIRCLE('',#11306,1.15);
#3893=CIRCLE('',#11308,1.15);
#3894=CIRCLE('',#11312,1.15);
#3895=CIRCLE('',#11314,1.15);
#3896=CIRCLE('',#11316,1.15);
#3897=CIRCLE('',#11318,1.15);
#3898=CIRCLE('',#11320,2.5);
#3899=VERTEX_POINT('',#14519);
#3900=VERTEX_POINT('',#14521);
#3901=VERTEX_POINT('',#14525);
#3902=VERTEX_POINT('',#14527);
#3903=VERTEX_POINT('',#14531);
#3904=VERTEX_POINT('',#14533);
#3905=VERTEX_POINT('',#14537);
#3906=VERTEX_POINT('',#14539);
#3907=VERTEX_POINT('',#14543);
#3908=VERTEX_POINT('',#14544);
#3909=VERTEX_POINT('',#14546);
#3910=VERTEX_POINT('',#14548);
#3911=VERTEX_POINT('',#14550);
#3912=VERTEX_POINT('',#14552);
#3913=VERTEX_POINT('',#14556);
#3914=VERTEX_POINT('',#14557);
#3915=VERTEX_POINT('',#14559);
#3916=VERTEX_POINT('',#14562);
#3917=VERTEX_POINT('',#14564);
#3918=VERTEX_POINT('',#14568);
#3919=VERTEX_POINT('',#14569);
#3920=VERTEX_POINT('',#14571);
#3921=VERTEX_POINT('',#14574);
#3922=VERTEX_POINT('',#14576);
#3923=VERTEX_POINT('',#14580);
#3924=VERTEX_POINT('',#14581);
#3925=VERTEX_POINT('',#14583);
#3926=VERTEX_POINT('',#14585);
#3927=VERTEX_POINT('',#14587);
#3928=VERTEX_POINT('',#14589);
#3929=VERTEX_POINT('',#14593);
#3930=VERTEX_POINT('',#14594);
#3931=VERTEX_POINT('',#14596);
#3932=VERTEX_POINT('',#14598);
#3933=VERTEX_POINT('',#14604);
#3934=VERTEX_POINT('',#14607);
#3935=VERTEX_POINT('',#14609);
#3936=VERTEX_POINT('',#14611);
#3937=VERTEX_POINT('',#14613);
#3938=VERTEX_POINT('',#14615);
#3939=VERTEX_POINT('',#14617);
#3940=VERTEX_POINT('',#14621);
#3941=VERTEX_POINT('',#14622);
#3942=VERTEX_POINT('',#14624);
#3943=VERTEX_POINT('',#14626);
#3944=VERTEX_POINT('',#14631);
#3945=VERTEX_POINT('',#14632);
#3946=VERTEX_POINT('',#14634);
#3947=VERTEX_POINT('',#14637);
#3948=VERTEX_POINT('',#14641);
#3949=VERTEX_POINT('',#14642);
#3950=VERTEX_POINT('',#14644);
#3951=VERTEX_POINT('',#14647);
#3952=VERTEX_POINT('',#14651);
#3953=VERTEX_POINT('',#14652);
#3954=VERTEX_POINT('',#14654);
#3955=VERTEX_POINT('',#14657);
#3956=VERTEX_POINT('',#14661);
#3957=VERTEX_POINT('',#14662);
#3958=VERTEX_POINT('',#14664);
#3959=VERTEX_POINT('',#14667);
#3960=VERTEX_POINT('',#14671);
#3961=VERTEX_POINT('',#14672);
#3962=VERTEX_POINT('',#14674);
#3963=VERTEX_POINT('',#14677);
#3964=VERTEX_POINT('',#14681);
#3965=VERTEX_POINT('',#14682);
#3966=VERTEX_POINT('',#14684);
#3967=VERTEX_POINT('',#14687);
#3968=VERTEX_POINT('',#14691);
#3969=VERTEX_POINT('',#14693);
#3970=VERTEX_POINT('',#14695);
#3971=VERTEX_POINT('',#14697);
#3972=VERTEX_POINT('',#14701);
#3973=VERTEX_POINT('',#14703);
#3974=VERTEX_POINT('',#14705);
#3975=VERTEX_POINT('',#14707);
#3976=VERTEX_POINT('',#14711);
#3977=VERTEX_POINT('',#14713);
#3978=VERTEX_POINT('',#14717);
#3979=VERTEX_POINT('',#14721);
#3980=VERTEX_POINT('',#14723);
#3981=VERTEX_POINT('',#14725);
#3982=VERTEX_POINT('',#14729);
#3983=VERTEX_POINT('',#14731);
#3984=VERTEX_POINT('',#14735);
#3985=VERTEX_POINT('',#14739);
#3986=VERTEX_POINT('',#14741);
#3987=VERTEX_POINT('',#14743);
#3988=VERTEX_POINT('',#14747);
#3989=VERTEX_POINT('',#14749);
#3990=VERTEX_POINT('',#14753);
#3991=VERTEX_POINT('',#14757);
#3992=VERTEX_POINT('',#14759);
#3993=VERTEX_POINT('',#14761);
#3994=VERTEX_POINT('',#14765);
#3995=VERTEX_POINT('',#14767);
#3996=VERTEX_POINT('',#14771);
#3997=VERTEX_POINT('',#14775);
#3998=VERTEX_POINT('',#14777);
#3999=VERTEX_POINT('',#14779);
#4000=VERTEX_POINT('',#14783);
#4001=VERTEX_POINT('',#14785);
#4002=VERTEX_POINT('',#14787);
#4003=VERTEX_POINT('',#14789);
#4004=VERTEX_POINT('',#14793);
#4005=VERTEX_POINT('',#14797);
#4006=VERTEX_POINT('',#14799);
#4007=VERTEX_POINT('',#14801);
#4008=VERTEX_POINT('',#14805);
#4009=VERTEX_POINT('',#14809);
#4010=VERTEX_POINT('',#14811);
#4011=VERTEX_POINT('',#14813);
#4012=VERTEX_POINT('',#14817);
#4013=VERTEX_POINT('',#14821);
#4014=VERTEX_POINT('',#14823);
#4015=VERTEX_POINT('',#14828);
#4016=VERTEX_POINT('',#14829);
#4017=VERTEX_POINT('',#14833);
#4018=VERTEX_POINT('',#14834);
#4019=VERTEX_POINT('',#14836);
#4020=VERTEX_POINT('',#14838);
#4021=VERTEX_POINT('',#14842);
#4022=VERTEX_POINT('',#14844);
#4023=VERTEX_POINT('',#14850);
#4024=VERTEX_POINT('',#14853);
#4025=VERTEX_POINT('',#14857);
#4026=VERTEX_POINT('',#14860);
#4027=VERTEX_POINT('',#14862);
#4028=VERTEX_POINT('',#14864);
#4029=VERTEX_POINT('',#14866);
#4030=VERTEX_POINT('',#14868);
#4031=VERTEX_POINT('',#14870);
#4032=VERTEX_POINT('',#14872);
#4033=VERTEX_POINT('',#14874);
#4034=VERTEX_POINT('',#14876);
#4035=VERTEX_POINT('',#14878);
#4036=VERTEX_POINT('',#14880);
#4037=VERTEX_POINT('',#14882);
#4038=VERTEX_POINT('',#14884);
#4039=VERTEX_POINT('',#14886);
#4040=VERTEX_POINT('',#14888);
#4041=VERTEX_POINT('',#14890);
#4042=VERTEX_POINT('',#14892);
#4043=VERTEX_POINT('',#14894);
#4044=VERTEX_POINT('',#14896);
#4045=VERTEX_POINT('',#14898);
#4046=VERTEX_POINT('',#14900);
#4047=VERTEX_POINT('',#14902);
#4048=VERTEX_POINT('',#14904);
#4049=VERTEX_POINT('',#14906);
#4050=VERTEX_POINT('',#14908);
#4051=VERTEX_POINT('',#14910);
#4052=VERTEX_POINT('',#14912);
#4053=VERTEX_POINT('',#14914);
#4054=VERTEX_POINT('',#14916);
#4055=VERTEX_POINT('',#14918);
#4056=VERTEX_POINT('',#14920);
#4057=VERTEX_POINT('',#14922);
#4058=VERTEX_POINT('',#14924);
#4059=VERTEX_POINT('',#14926);
#4060=VERTEX_POINT('',#14928);
#4061=VERTEX_POINT('',#14930);
#4062=VERTEX_POINT('',#14933);
#4063=VERTEX_POINT('',#14935);
#4064=VERTEX_POINT('',#14938);
#4065=VERTEX_POINT('',#14940);
#4066=VERTEX_POINT('',#14942);
#4067=VERTEX_POINT('',#14944);
#4068=VERTEX_POINT('',#14946);
#4069=VERTEX_POINT('',#14948);
#4070=VERTEX_POINT('',#14951);
#4071=VERTEX_POINT('',#14953);
#4072=VERTEX_POINT('',#14956);
#4073=VERTEX_POINT('',#14958);
#4074=VERTEX_POINT('',#14960);
#4075=VERTEX_POINT('',#14962);
#4076=VERTEX_POINT('',#14965);
#4077=VERTEX_POINT('',#14967);
#4078=VERTEX_POINT('',#14970);
#4079=VERTEX_POINT('',#14972);
#4080=VERTEX_POINT('',#14974);
#4081=VERTEX_POINT('',#14976);
#4082=VERTEX_POINT('',#14979);
#4083=VERTEX_POINT('',#14981);
#4084=VERTEX_POINT('',#14984);
#4085=VERTEX_POINT('',#14986);
#4086=VERTEX_POINT('',#14988);
#4087=VERTEX_POINT('',#14990);
#4088=VERTEX_POINT('',#14993);
#4089=VERTEX_POINT('',#14995);
#4090=VERTEX_POINT('',#14998);
#4091=VERTEX_POINT('',#15000);
#4092=VERTEX_POINT('',#15002);
#4093=VERTEX_POINT('',#15004);
#4094=VERTEX_POINT('',#15007);
#4095=VERTEX_POINT('',#15009);
#4096=VERTEX_POINT('',#15013);
#4097=VERTEX_POINT('',#15015);
#4098=VERTEX_POINT('',#15018);
#4099=VERTEX_POINT('',#15020);
#4100=VERTEX_POINT('',#15023);
#4101=VERTEX_POINT('',#15025);
#4102=VERTEX_POINT('',#15028);
#4103=VERTEX_POINT('',#15030);
#4104=VERTEX_POINT('',#15032);
#4105=VERTEX_POINT('',#15034);
#4106=VERTEX_POINT('',#15036);
#4107=VERTEX_POINT('',#15038);
#4108=VERTEX_POINT('',#15040);
#4109=VERTEX_POINT('',#15042);
#4110=VERTEX_POINT('',#15044);
#4111=VERTEX_POINT('',#15046);
#4112=VERTEX_POINT('',#15048);
#4113=VERTEX_POINT('',#15050);
#4114=VERTEX_POINT('',#15180);
#4115=VERTEX_POINT('',#15182);
#4116=VERTEX_POINT('',#15186);
#4117=VERTEX_POINT('',#15188);
#4118=VERTEX_POINT('',#15192);
#4119=VERTEX_POINT('',#15194);
#4120=VERTEX_POINT('',#15198);
#4121=VERTEX_POINT('',#15200);
#4122=VERTEX_POINT('',#15204);
#4123=VERTEX_POINT('',#15205);
#4124=VERTEX_POINT('',#15209);
#4125=VERTEX_POINT('',#15210);
#4126=VERTEX_POINT('',#15212);
#4127=VERTEX_POINT('',#15214);
#4128=VERTEX_POINT('',#15218);
#4129=VERTEX_POINT('',#15220);
#4130=VERTEX_POINT('',#15226);
#4131=VERTEX_POINT('',#15228);
#4132=VERTEX_POINT('',#15230);
#4133=VERTEX_POINT('',#15232);
#4134=VERTEX_POINT('',#15236);
#4135=VERTEX_POINT('',#15239);
#4136=VERTEX_POINT('',#15241);
#4137=VERTEX_POINT('',#15243);
#4138=VERTEX_POINT('',#15245);
#4139=VERTEX_POINT('',#15247);
#4140=VERTEX_POINT('',#15249);
#4141=VERTEX_POINT('',#15251);
#4142=VERTEX_POINT('',#15253);
#4143=VERTEX_POINT('',#15255);
#4144=VERTEX_POINT('',#15257);
#4145=VERTEX_POINT('',#15259);
#4146=VERTEX_POINT('',#15261);
#4147=VERTEX_POINT('',#15263);
#4148=VERTEX_POINT('',#15265);
#4149=VERTEX_POINT('',#15267);
#4150=VERTEX_POINT('',#15269);
#4151=VERTEX_POINT('',#15271);
#4152=VERTEX_POINT('',#15273);
#4153=VERTEX_POINT('',#15275);
#4154=VERTEX_POINT('',#15277);
#4155=VERTEX_POINT('',#15279);
#4156=VERTEX_POINT('',#15281);
#4157=VERTEX_POINT('',#15283);
#4158=VERTEX_POINT('',#15285);
#4159=VERTEX_POINT('',#15287);
#4160=VERTEX_POINT('',#15289);
#4161=VERTEX_POINT('',#15291);
#4162=VERTEX_POINT('',#15293);
#4163=VERTEX_POINT('',#15295);
#4164=VERTEX_POINT('',#15297);
#4165=VERTEX_POINT('',#15299);
#4166=VERTEX_POINT('',#15301);
#4167=VERTEX_POINT('',#15303);
#4168=VERTEX_POINT('',#15305);
#4169=VERTEX_POINT('',#15307);
#4170=VERTEX_POINT('',#15309);
#4171=VERTEX_POINT('',#15311);
#4172=VERTEX_POINT('',#15313);
#4173=VERTEX_POINT('',#15315);
#4174=VERTEX_POINT('',#15317);
#4175=VERTEX_POINT('',#15319);
#4176=VERTEX_POINT('',#15321);
#4177=VERTEX_POINT('',#15323);
#4178=VERTEX_POINT('',#15325);
#4179=VERTEX_POINT('',#15327);
#4180=VERTEX_POINT('',#15329);
#4181=VERTEX_POINT('',#15331);
#4182=VERTEX_POINT('',#15333);
#4183=VERTEX_POINT('',#15335);
#4184=VERTEX_POINT('',#15337);
#4185=VERTEX_POINT('',#15339);
#4186=VERTEX_POINT('',#15341);
#4187=VERTEX_POINT('',#15343);
#4188=VERTEX_POINT('',#15345);
#4189=VERTEX_POINT('',#15347);
#4190=VERTEX_POINT('',#15349);
#4191=VERTEX_POINT('',#15351);
#4192=VERTEX_POINT('',#15353);
#4193=VERTEX_POINT('',#15355);
#4194=VERTEX_POINT('',#15357);
#4195=VERTEX_POINT('',#15359);
#4196=VERTEX_POINT('',#15361);
#4197=VERTEX_POINT('',#15363);
#4198=VERTEX_POINT('',#15365);
#4199=VERTEX_POINT('',#15367);
#4200=VERTEX_POINT('',#15369);
#4201=VERTEX_POINT('',#15371);
#4202=VERTEX_POINT('',#15373);
#4203=VERTEX_POINT('',#15375);
#4204=VERTEX_POINT('',#15377);
#4205=VERTEX_POINT('',#15379);
#4206=VERTEX_POINT('',#15381);
#4207=VERTEX_POINT('',#15383);
#4208=VERTEX_POINT('',#15385);
#4209=VERTEX_POINT('',#15387);
#4210=VERTEX_POINT('',#15389);
#4211=VERTEX_POINT('',#15391);
#4212=VERTEX_POINT('',#15393);
#4213=VERTEX_POINT('',#15395);
#4214=VERTEX_POINT('',#15397);
#4215=VERTEX_POINT('',#15399);
#4216=VERTEX_POINT('',#15401);
#4217=VERTEX_POINT('',#15403);
#4218=VERTEX_POINT('',#15405);
#4219=VERTEX_POINT('',#15407);
#4220=VERTEX_POINT('',#15409);
#4221=VERTEX_POINT('',#15411);
#4222=VERTEX_POINT('',#15413);
#4223=VERTEX_POINT('',#15415);
#4224=VERTEX_POINT('',#15417);
#4225=VERTEX_POINT('',#15419);
#4226=VERTEX_POINT('',#15421);
#4227=VERTEX_POINT('',#15423);
#4228=VERTEX_POINT('',#15425);
#4229=VERTEX_POINT('',#15427);
#4230=VERTEX_POINT('',#15429);
#4231=VERTEX_POINT('',#15431);
#4232=VERTEX_POINT('',#15433);
#4233=VERTEX_POINT('',#15435);
#4234=VERTEX_POINT('',#15437);
#4235=VERTEX_POINT('',#15439);
#4236=VERTEX_POINT('',#15441);
#4237=VERTEX_POINT('',#15443);
#4238=VERTEX_POINT('',#15445);
#4239=VERTEX_POINT('',#15447);
#4240=VERTEX_POINT('',#15449);
#4241=VERTEX_POINT('',#15451);
#4242=VERTEX_POINT('',#15453);
#4243=VERTEX_POINT('',#15455);
#4244=VERTEX_POINT('',#15457);
#4245=VERTEX_POINT('',#15459);
#4246=VERTEX_POINT('',#15461);
#4247=VERTEX_POINT('',#15463);
#4248=VERTEX_POINT('',#15465);
#4249=VERTEX_POINT('',#15467);
#4250=VERTEX_POINT('',#15469);
#4251=VERTEX_POINT('',#15471);
#4252=VERTEX_POINT('',#15473);
#4253=VERTEX_POINT('',#15475);
#4254=VERTEX_POINT('',#15477);
#4255=VERTEX_POINT('',#15479);
#4256=VERTEX_POINT('',#15481);
#4257=VERTEX_POINT('',#15483);
#4258=VERTEX_POINT('',#15485);
#4259=VERTEX_POINT('',#15487);
#4260=VERTEX_POINT('',#15489);
#4261=VERTEX_POINT('',#15491);
#4262=VERTEX_POINT('',#15493);
#4263=VERTEX_POINT('',#15495);
#4264=VERTEX_POINT('',#15497);
#4265=VERTEX_POINT('',#15499);
#4266=VERTEX_POINT('',#15501);
#4267=VERTEX_POINT('',#15503);
#4268=VERTEX_POINT('',#15515);
#4269=VERTEX_POINT('',#15517);
#4270=VERTEX_POINT('',#15529);
#4271=VERTEX_POINT('',#15531);
#4272=VERTEX_POINT('',#15543);
#4273=VERTEX_POINT('',#15545);
#4274=VERTEX_POINT('',#15557);
#4275=VERTEX_POINT('',#15559);
#4276=VERTEX_POINT('',#15571);
#4277=VERTEX_POINT('',#15573);
#4278=VERTEX_POINT('',#15585);
#4279=VERTEX_POINT('',#15587);
#4280=VERTEX_POINT('',#15599);
#4281=VERTEX_POINT('',#15601);
#4282=VERTEX_POINT('',#15613);
#4283=VERTEX_POINT('',#15615);
#4284=VERTEX_POINT('',#15627);
#4285=VERTEX_POINT('',#15629);
#4286=VERTEX_POINT('',#15641);
#4287=VERTEX_POINT('',#15643);
#4288=VERTEX_POINT('',#15655);
#4289=VERTEX_POINT('',#15657);
#4290=VERTEX_POINT('',#15663);
#4291=VERTEX_POINT('',#15667);
#4292=VERTEX_POINT('',#15673);
#4293=VERTEX_POINT('',#15677);
#4294=VERTEX_POINT('',#15683);
#4295=VERTEX_POINT('',#15687);
#4296=VERTEX_POINT('',#15693);
#4297=VERTEX_POINT('',#15697);
#4298=VERTEX_POINT('',#15703);
#4299=VERTEX_POINT('',#15707);
#4300=VERTEX_POINT('',#15713);
#4301=VERTEX_POINT('',#15717);
#4302=VERTEX_POINT('',#15723);
#4303=VERTEX_POINT('',#15727);
#4304=VERTEX_POINT('',#15733);
#4305=VERTEX_POINT('',#15737);
#4306=VERTEX_POINT('',#15743);
#4307=VERTEX_POINT('',#15747);
#4308=VERTEX_POINT('',#15753);
#4309=VERTEX_POINT('',#15757);
#4310=VERTEX_POINT('',#15763);
#4311=VERTEX_POINT('',#15767);
#4312=VERTEX_POINT('',#15771);
#4313=VERTEX_POINT('',#15775);
#4314=VERTEX_POINT('',#15784);
#4315=VERTEX_POINT('',#15786);
#4316=VERTEX_POINT('',#15790);
#4317=VERTEX_POINT('',#15792);
#4318=VERTEX_POINT('',#15798);
#4319=VERTEX_POINT('',#15799);
#4320=VERTEX_POINT('',#15801);
#4321=VERTEX_POINT('',#15803);
#4322=VERTEX_POINT('',#15807);
#4323=VERTEX_POINT('',#15809);
#4324=VERTEX_POINT('',#15813);
#4325=VERTEX_POINT('',#15815);
#4326=VERTEX_POINT('',#15823);
#4327=VERTEX_POINT('',#15825);
#4328=VERTEX_POINT('',#15827);
#4329=VERTEX_POINT('',#15829);
#4330=VERTEX_POINT('',#15831);
#4331=VERTEX_POINT('',#15833);
#4332=VERTEX_POINT('',#15835);
#4333=VERTEX_POINT('',#15837);
#4334=VERTEX_POINT('',#15839);
#4335=VERTEX_POINT('',#15841);
#4336=VERTEX_POINT('',#15844);
#4337=VERTEX_POINT('',#15846);
#4338=VERTEX_POINT('',#15850);
#4339=VERTEX_POINT('',#15851);
#4340=VERTEX_POINT('',#15853);
#4341=VERTEX_POINT('',#15855);
#4342=VERTEX_POINT('',#15857);
#4343=VERTEX_POINT('',#15859);
#4344=VERTEX_POINT('',#15861);
#4345=VERTEX_POINT('',#15863);
#4346=VERTEX_POINT('',#15865);
#4347=VERTEX_POINT('',#15867);
#4348=VERTEX_POINT('',#15869);
#4349=VERTEX_POINT('',#15871);
#4350=VERTEX_POINT('',#15873);
#4351=VERTEX_POINT('',#15875);
#4352=VERTEX_POINT('',#15877);
#4353=VERTEX_POINT('',#15879);
#4354=VERTEX_POINT('',#15881);
#4355=VERTEX_POINT('',#15883);
#4356=VERTEX_POINT('',#15885);
#4357=VERTEX_POINT('',#15887);
#4358=VERTEX_POINT('',#15889);
#4359=VERTEX_POINT('',#15891);
#4360=VERTEX_POINT('',#15893);
#4361=VERTEX_POINT('',#15895);
#4362=VERTEX_POINT('',#15899);
#4363=VERTEX_POINT('',#15900);
#4364=VERTEX_POINT('',#15902);
#4365=VERTEX_POINT('',#15904);
#4366=VERTEX_POINT('',#15909);
#4367=VERTEX_POINT('',#15913);
#4368=VERTEX_POINT('',#15921);
#4369=VERTEX_POINT('',#15922);
#4370=VERTEX_POINT('',#15924);
#4371=VERTEX_POINT('',#15926);
#4372=VERTEX_POINT('',#15931);
#4373=VERTEX_POINT('',#15936);
#4374=VERTEX_POINT('',#15943);
#4375=VERTEX_POINT('',#15945);
#4376=VERTEX_POINT('',#15947);
#4377=VERTEX_POINT('',#15951);
#4378=VERTEX_POINT('',#15955);
#4379=VERTEX_POINT('',#15957);
#4380=VERTEX_POINT('',#15965);
#4381=VERTEX_POINT('',#15966);
#4382=VERTEX_POINT('',#15968);
#4383=VERTEX_POINT('',#15970);
#4384=VERTEX_POINT('',#15972);
#4385=VERTEX_POINT('',#15974);
#4386=VERTEX_POINT('',#15976);
#4387=VERTEX_POINT('',#15978);
#4388=VERTEX_POINT('',#15980);
#4389=VERTEX_POINT('',#15982);
#4390=VERTEX_POINT('',#15984);
#4391=VERTEX_POINT('',#15986);
#4392=VERTEX_POINT('',#15988);
#4393=VERTEX_POINT('',#15990);
#4394=VERTEX_POINT('',#15992);
#4395=VERTEX_POINT('',#15994);
#4396=VERTEX_POINT('',#15996);
#4397=VERTEX_POINT('',#15998);
#4398=VERTEX_POINT('',#16000);
#4399=VERTEX_POINT('',#16002);
#4400=VERTEX_POINT('',#16004);
#4401=VERTEX_POINT('',#16006);
#4402=VERTEX_POINT('',#16008);
#4403=VERTEX_POINT('',#16010);
#4404=VERTEX_POINT('',#16012);
#4405=VERTEX_POINT('',#16014);
#4406=VERTEX_POINT('',#16016);
#4407=VERTEX_POINT('',#16018);
#4408=VERTEX_POINT('',#16020);
#4409=VERTEX_POINT('',#16022);
#4410=VERTEX_POINT('',#16024);
#4411=VERTEX_POINT('',#16026);
#4412=VERTEX_POINT('',#16028);
#4413=VERTEX_POINT('',#16030);
#4414=VERTEX_POINT('',#16032);
#4415=VERTEX_POINT('',#16034);
#4416=VERTEX_POINT('',#16036);
#4417=VERTEX_POINT('',#16038);
#4418=VERTEX_POINT('',#16040);
#4419=VERTEX_POINT('',#16042);
#4420=VERTEX_POINT('',#16044);
#4421=VERTEX_POINT('',#16046);
#4422=VERTEX_POINT('',#16048);
#4423=VERTEX_POINT('',#16050);
#4424=VERTEX_POINT('',#16052);
#4425=VERTEX_POINT('',#16054);
#4426=VERTEX_POINT('',#16056);
#4427=VERTEX_POINT('',#16058);
#4428=VERTEX_POINT('',#16060);
#4429=VERTEX_POINT('',#16062);
#4430=VERTEX_POINT('',#16064);
#4431=VERTEX_POINT('',#16066);
#4432=VERTEX_POINT('',#16068);
#4433=VERTEX_POINT('',#16070);
#4434=VERTEX_POINT('',#16072);
#4435=VERTEX_POINT('',#16074);
#4436=VERTEX_POINT('',#16076);
#4437=VERTEX_POINT('',#16078);
#4438=VERTEX_POINT('',#16080);
#4439=VERTEX_POINT('',#16082);
#4440=VERTEX_POINT('',#16084);
#4441=VERTEX_POINT('',#16086);
#4442=VERTEX_POINT('',#16088);
#4443=VERTEX_POINT('',#16090);
#4444=VERTEX_POINT('',#16092);
#4445=VERTEX_POINT('',#16094);
#4446=VERTEX_POINT('',#16096);
#4447=VERTEX_POINT('',#16098);
#4448=VERTEX_POINT('',#16100);
#4449=VERTEX_POINT('',#16102);
#4450=VERTEX_POINT('',#16104);
#4451=VERTEX_POINT('',#16106);
#4452=VERTEX_POINT('',#16108);
#4453=VERTEX_POINT('',#16110);
#4454=VERTEX_POINT('',#16112);
#4455=VERTEX_POINT('',#16114);
#4456=VERTEX_POINT('',#16116);
#4457=VERTEX_POINT('',#16118);
#4458=VERTEX_POINT('',#16120);
#4459=VERTEX_POINT('',#16122);
#4460=VERTEX_POINT('',#16124);
#4461=VERTEX_POINT('',#16126);
#4462=VERTEX_POINT('',#16128);
#4463=VERTEX_POINT('',#16130);
#4464=VERTEX_POINT('',#16132);
#4465=VERTEX_POINT('',#16134);
#4466=VERTEX_POINT('',#16136);
#4467=VERTEX_POINT('',#16138);
#4468=VERTEX_POINT('',#16140);
#4469=VERTEX_POINT('',#16142);
#4470=VERTEX_POINT('',#16144);
#4471=VERTEX_POINT('',#16146);
#4472=VERTEX_POINT('',#16148);
#4473=VERTEX_POINT('',#16150);
#4474=VERTEX_POINT('',#16152);
#4475=VERTEX_POINT('',#16154);
#4476=VERTEX_POINT('',#16156);
#4477=VERTEX_POINT('',#16158);
#4478=VERTEX_POINT('',#16160);
#4479=VERTEX_POINT('',#16162);
#4480=VERTEX_POINT('',#16164);
#4481=VERTEX_POINT('',#16166);
#4482=VERTEX_POINT('',#16168);
#4483=VERTEX_POINT('',#16170);
#4484=VERTEX_POINT('',#16172);
#4485=VERTEX_POINT('',#16174);
#4486=VERTEX_POINT('',#16176);
#4487=VERTEX_POINT('',#16178);
#4488=VERTEX_POINT('',#16180);
#4489=VERTEX_POINT('',#16182);
#4490=VERTEX_POINT('',#16184);
#4491=VERTEX_POINT('',#16186);
#4492=VERTEX_POINT('',#16188);
#4493=VERTEX_POINT('',#16190);
#4494=VERTEX_POINT('',#16192);
#4495=VERTEX_POINT('',#16194);
#4496=VERTEX_POINT('',#16196);
#4497=VERTEX_POINT('',#16198);
#4498=VERTEX_POINT('',#16200);
#4499=VERTEX_POINT('',#16202);
#4500=VERTEX_POINT('',#16204);
#4501=VERTEX_POINT('',#16206);
#4502=VERTEX_POINT('',#16208);
#4503=VERTEX_POINT('',#16210);
#4504=VERTEX_POINT('',#16212);
#4505=VERTEX_POINT('',#16214);
#4506=VERTEX_POINT('',#16216);
#4507=VERTEX_POINT('',#16218);
#4508=VERTEX_POINT('',#16220);
#4509=VERTEX_POINT('',#16222);
#4510=VERTEX_POINT('',#16224);
#4511=VERTEX_POINT('',#16226);
#4512=VERTEX_POINT('',#16228);
#4513=VERTEX_POINT('',#16230);
#4514=VERTEX_POINT('',#16232);
#4515=VERTEX_POINT('',#16234);
#4516=VERTEX_POINT('',#16236);
#4517=VERTEX_POINT('',#16238);
#4518=VERTEX_POINT('',#16240);
#4519=VERTEX_POINT('',#16242);
#4520=VERTEX_POINT('',#16244);
#4521=VERTEX_POINT('',#16246);
#4522=VERTEX_POINT('',#16248);
#4523=VERTEX_POINT('',#16250);
#4524=VERTEX_POINT('',#16253);
#4525=VERTEX_POINT('',#16255);
#4526=VERTEX_POINT('',#16258);
#4527=VERTEX_POINT('',#16260);
#4528=VERTEX_POINT('',#16264);
#4529=VERTEX_POINT('',#16266);
#4530=VERTEX_POINT('',#16270);
#4531=VERTEX_POINT('',#16274);
#4532=VERTEX_POINT('',#16281);
#4533=VERTEX_POINT('',#16283);
#4534=VERTEX_POINT('',#16287);
#4535=VERTEX_POINT('',#16291);
#4536=VERTEX_POINT('',#16298);
#4537=VERTEX_POINT('',#16300);
#4538=VERTEX_POINT('',#16304);
#4539=VERTEX_POINT('',#16306);
#4540=VERTEX_POINT('',#16310);
#4541=VERTEX_POINT('',#16312);
#4542=VERTEX_POINT('',#16316);
#4543=VERTEX_POINT('',#16318);
#4544=VERTEX_POINT('',#16322);
#4545=VERTEX_POINT('',#16324);
#4546=VERTEX_POINT('',#16328);
#4547=VERTEX_POINT('',#16330);
#4548=VERTEX_POINT('',#16334);
#4549=VERTEX_POINT('',#16336);
#4550=VERTEX_POINT('',#16340);
#4551=VERTEX_POINT('',#16342);
#4552=VERTEX_POINT('',#16346);
#4553=VERTEX_POINT('',#16348);
#4554=VERTEX_POINT('',#16352);
#4555=VERTEX_POINT('',#16354);
#4556=VERTEX_POINT('',#16358);
#4557=VERTEX_POINT('',#16360);
#4558=VERTEX_POINT('',#16364);
#4559=VERTEX_POINT('',#16366);
#4560=VERTEX_POINT('',#16370);
#4561=VERTEX_POINT('',#16373);
#4562=VERTEX_POINT('',#16377);
#4563=VERTEX_POINT('',#16380);
#4564=VERTEX_POINT('',#16384);
#4565=VERTEX_POINT('',#16387);
#4566=VERTEX_POINT('',#16391);
#4567=VERTEX_POINT('',#16394);
#4568=VERTEX_POINT('',#16398);
#4569=VERTEX_POINT('',#16401);
#4570=VERTEX_POINT('',#16405);
#4571=VERTEX_POINT('',#16408);
#4572=VERTEX_POINT('',#16412);
#4573=VERTEX_POINT('',#16414);
#4574=VERTEX_POINT('',#16416);
#4575=VERTEX_POINT('',#16420);
#4576=VERTEX_POINT('',#16422);
#4577=VERTEX_POINT('',#16426);
#4578=VERTEX_POINT('',#16428);
#4579=VERTEX_POINT('',#16430);
#4580=VERTEX_POINT('',#16432);
#4581=VERTEX_POINT('',#16436);
#4582=VERTEX_POINT('',#16438);
#4583=VERTEX_POINT('',#16442);
#4584=VERTEX_POINT('',#16444);
#4585=VERTEX_POINT('',#16446);
#4586=VERTEX_POINT('',#16448);
#4587=VERTEX_POINT('',#16452);
#4588=VERTEX_POINT('',#16454);
#4589=VERTEX_POINT('',#16458);
#4590=VERTEX_POINT('',#16460);
#4591=VERTEX_POINT('',#16462);
#4592=VERTEX_POINT('',#16464);
#4593=VERTEX_POINT('',#16468);
#4594=VERTEX_POINT('',#16470);
#4595=VERTEX_POINT('',#16474);
#4596=VERTEX_POINT('',#16476);
#4597=VERTEX_POINT('',#16478);
#4598=VERTEX_POINT('',#16480);
#4599=VERTEX_POINT('',#16484);
#4600=VERTEX_POINT('',#16486);
#4601=VERTEX_POINT('',#16490);
#4602=VERTEX_POINT('',#16492);
#4603=VERTEX_POINT('',#16494);
#4604=VERTEX_POINT('',#16496);
#4605=VERTEX_POINT('',#16559);
#4606=VERTEX_POINT('',#16561);
#4607=VERTEX_POINT('',#16641);
#4608=VERTEX_POINT('',#16682);
#4609=VERTEX_POINT('',#16683);
#4610=VERTEX_POINT('',#16685);
#4611=VERTEX_POINT('',#16687);
#4612=VERTEX_POINT('',#16691);
#4613=VERTEX_POINT('',#16693);
#4614=VERTEX_POINT('',#16695);
#4615=VERTEX_POINT('',#16697);
#4616=VERTEX_POINT('',#16701);
#4617=VERTEX_POINT('',#16703);
#4618=VERTEX_POINT('',#16705);
#4619=VERTEX_POINT('',#16707);
#4620=VERTEX_POINT('',#16715);
#4621=VERTEX_POINT('',#16716);
#4622=VERTEX_POINT('',#16718);
#4623=VERTEX_POINT('',#16720);
#4624=VERTEX_POINT('',#16724);
#4625=VERTEX_POINT('',#16726);
#4626=VERTEX_POINT('',#16728);
#4627=VERTEX_POINT('',#16730);
#4628=VERTEX_POINT('',#16734);
#4629=VERTEX_POINT('',#16736);
#4630=VERTEX_POINT('',#16738);
#4631=VERTEX_POINT('',#16740);
#4632=VERTEX_POINT('',#16748);
#4633=VERTEX_POINT('',#16749);
#4634=VERTEX_POINT('',#16751);
#4635=VERTEX_POINT('',#16753);
#4636=VERTEX_POINT('',#16757);
#4637=VERTEX_POINT('',#16759);
#4638=VERTEX_POINT('',#16761);
#4639=VERTEX_POINT('',#16763);
#4640=VERTEX_POINT('',#16767);
#4641=VERTEX_POINT('',#16769);
#4642=VERTEX_POINT('',#16771);
#4643=VERTEX_POINT('',#16773);
#4644=VERTEX_POINT('',#16781);
#4645=VERTEX_POINT('',#16782);
#4646=VERTEX_POINT('',#16784);
#4647=VERTEX_POINT('',#16786);
#4648=VERTEX_POINT('',#16790);
#4649=VERTEX_POINT('',#16792);
#4650=VERTEX_POINT('',#16794);
#4651=VERTEX_POINT('',#16796);
#4652=VERTEX_POINT('',#16800);
#4653=VERTEX_POINT('',#16802);
#4654=VERTEX_POINT('',#16804);
#4655=VERTEX_POINT('',#16806);
#4656=VERTEX_POINT('',#16814);
#4657=VERTEX_POINT('',#16815);
#4658=VERTEX_POINT('',#16817);
#4659=VERTEX_POINT('',#16819);
#4660=VERTEX_POINT('',#16823);
#4661=VERTEX_POINT('',#16825);
#4662=VERTEX_POINT('',#16827);
#4663=VERTEX_POINT('',#16829);
#4664=VERTEX_POINT('',#16833);
#4665=VERTEX_POINT('',#16835);
#4666=VERTEX_POINT('',#16837);
#4667=VERTEX_POINT('',#16839);
#4668=VERTEX_POINT('',#16847);
#4669=VERTEX_POINT('',#16848);
#4670=VERTEX_POINT('',#16850);
#4671=VERTEX_POINT('',#16852);
#4672=VERTEX_POINT('',#16856);
#4673=VERTEX_POINT('',#16858);
#4674=VERTEX_POINT('',#16860);
#4675=VERTEX_POINT('',#16862);
#4676=VERTEX_POINT('',#16866);
#4677=VERTEX_POINT('',#16868);
#4678=VERTEX_POINT('',#16870);
#4679=VERTEX_POINT('',#16872);
#4680=VERTEX_POINT('',#16886);
#4681=VERTEX_POINT('',#16888);
#4682=VERTEX_POINT('',#16890);
#4683=VERTEX_POINT('',#16892);
#4684=VERTEX_POINT('',#16894);
#4685=VERTEX_POINT('',#16907);
#4686=VERTEX_POINT('',#16911);
#4687=VERTEX_POINT('',#16915);
#4688=VERTEX_POINT('',#16919);
#4689=VERTEX_POINT('',#16925);
#4690=VERTEX_POINT('',#16926);
#4691=VERTEX_POINT('',#16928);
#4692=VERTEX_POINT('',#16930);
#4693=VERTEX_POINT('',#16932);
#4694=VERTEX_POINT('',#16934);
#4695=VERTEX_POINT('',#16938);
#4696=VERTEX_POINT('',#16939);
#4697=VERTEX_POINT('',#16941);
#4698=VERTEX_POINT('',#16944);
#4699=VERTEX_POINT('',#16946);
#4700=VERTEX_POINT('',#16950);
#4701=VERTEX_POINT('',#16951);
#4702=VERTEX_POINT('',#16953);
#4703=VERTEX_POINT('',#16956);
#4704=VERTEX_POINT('',#16958);
#4705=VERTEX_POINT('',#16962);
#4706=VERTEX_POINT('',#16963);
#4707=VERTEX_POINT('',#16965);
#4708=VERTEX_POINT('',#16968);
#4709=VERTEX_POINT('',#16970);
#4710=VERTEX_POINT('',#16974);
#4711=VERTEX_POINT('',#16975);
#4712=VERTEX_POINT('',#16977);
#4713=VERTEX_POINT('',#16980);
#4714=VERTEX_POINT('',#16982);
#4715=VERTEX_POINT('',#16984);
#4716=VERTEX_POINT('',#16988);
#4717=VERTEX_POINT('',#16991);
#4718=VERTEX_POINT('',#16993);
#4719=VERTEX_POINT('',#16995);
#4720=VERTEX_POINT('',#16997);
#4721=VERTEX_POINT('',#16999);
#4722=VERTEX_POINT('',#17001);
#4723=VERTEX_POINT('',#17005);
#4724=VERTEX_POINT('',#17006);
#4725=VERTEX_POINT('',#17008);
#4726=VERTEX_POINT('',#17011);
#4727=VERTEX_POINT('',#17015);
#4728=VERTEX_POINT('',#17016);
#4729=VERTEX_POINT('',#17018);
#4730=VERTEX_POINT('',#17021);
#4731=VERTEX_POINT('',#17025);
#4732=VERTEX_POINT('',#17026);
#4733=VERTEX_POINT('',#17028);
#4734=VERTEX_POINT('',#17031);
#4735=VERTEX_POINT('',#17035);
#4736=VERTEX_POINT('',#17036);
#4737=VERTEX_POINT('',#17038);
#4738=VERTEX_POINT('',#17041);
#4739=VERTEX_POINT('',#17045);
#4740=VERTEX_POINT('',#17046);
#4741=VERTEX_POINT('',#17048);
#4742=VERTEX_POINT('',#17051);
#4743=VERTEX_POINT('',#17055);
#4744=VERTEX_POINT('',#17056);
#4745=VERTEX_POINT('',#17058);
#4746=VERTEX_POINT('',#17061);
#4747=VERTEX_POINT('',#17065);
#4748=VERTEX_POINT('',#17066);
#4749=VERTEX_POINT('',#17068);
#4750=VERTEX_POINT('',#17071);
#4751=VERTEX_POINT('',#17075);
#4752=VERTEX_POINT('',#17077);
#4753=VERTEX_POINT('',#17079);
#4754=VERTEX_POINT('',#17081);
#4755=VERTEX_POINT('',#17085);
#4756=VERTEX_POINT('',#17087);
#4757=VERTEX_POINT('',#17091);
#4758=VERTEX_POINT('',#17095);
#4759=VERTEX_POINT('',#17097);
#4760=VERTEX_POINT('',#17099);
#4761=VERTEX_POINT('',#17103);
#4762=VERTEX_POINT('',#17105);
#4763=VERTEX_POINT('',#17109);
#4764=VERTEX_POINT('',#17113);
#4765=VERTEX_POINT('',#17115);
#4766=VERTEX_POINT('',#17117);
#4767=VERTEX_POINT('',#17121);
#4768=VERTEX_POINT('',#17123);
#4769=VERTEX_POINT('',#17127);
#4770=VERTEX_POINT('',#17131);
#4771=VERTEX_POINT('',#17133);
#4772=VERTEX_POINT('',#17135);
#4773=VERTEX_POINT('',#17139);
#4774=VERTEX_POINT('',#17141);
#4775=VERTEX_POINT('',#17145);
#4776=VERTEX_POINT('',#17149);
#4777=VERTEX_POINT('',#17151);
#4778=VERTEX_POINT('',#17153);
#4779=VERTEX_POINT('',#17157);
#4780=VERTEX_POINT('',#17159);
#4781=VERTEX_POINT('',#17161);
#4782=VERTEX_POINT('',#17163);
#4783=VERTEX_POINT('',#17169);
#4784=VERTEX_POINT('',#17173);
#4785=VERTEX_POINT('',#17175);
#4786=VERTEX_POINT('',#17177);
#4787=VERTEX_POINT('',#17181);
#4788=VERTEX_POINT('',#17185);
#4789=VERTEX_POINT('',#17187);
#4790=VERTEX_POINT('',#17189);
#4791=VERTEX_POINT('',#17193);
#4792=VERTEX_POINT('',#17197);
#4793=VERTEX_POINT('',#17198);
#4794=VERTEX_POINT('',#17202);
#4795=VERTEX_POINT('',#17203);
#4796=VERTEX_POINT('',#17205);
#4797=VERTEX_POINT('',#17207);
#4798=VERTEX_POINT('',#17211);
#4799=VERTEX_POINT('',#17213);
#4800=VERTEX_POINT('',#17219);
#4801=VERTEX_POINT('',#17222);
#4802=VERTEX_POINT('',#17226);
#4803=VERTEX_POINT('',#17229);
#4804=VERTEX_POINT('',#17231);
#4805=VERTEX_POINT('',#17233);
#4806=VERTEX_POINT('',#17235);
#4807=VERTEX_POINT('',#17237);
#4808=VERTEX_POINT('',#17239);
#4809=VERTEX_POINT('',#17241);
#4810=VERTEX_POINT('',#17243);
#4811=VERTEX_POINT('',#17245);
#4812=VERTEX_POINT('',#17247);
#4813=VERTEX_POINT('',#17249);
#4814=VERTEX_POINT('',#17251);
#4815=VERTEX_POINT('',#17253);
#4816=VERTEX_POINT('',#17255);
#4817=VERTEX_POINT('',#17257);
#4818=VERTEX_POINT('',#17259);
#4819=VERTEX_POINT('',#17261);
#4820=VERTEX_POINT('',#17263);
#4821=VERTEX_POINT('',#17265);
#4822=VERTEX_POINT('',#17267);
#4823=VERTEX_POINT('',#17269);
#4824=VERTEX_POINT('',#17271);
#4825=VERTEX_POINT('',#17273);
#4826=VERTEX_POINT('',#17275);
#4827=VERTEX_POINT('',#17278);
#4828=VERTEX_POINT('',#17280);
#4829=VERTEX_POINT('',#17283);
#4830=VERTEX_POINT('',#17285);
#4831=VERTEX_POINT('',#17287);
#4832=VERTEX_POINT('',#17289);
#4833=VERTEX_POINT('',#17292);
#4834=VERTEX_POINT('',#17294);
#4835=VERTEX_POINT('',#17297);
#4836=VERTEX_POINT('',#17299);
#4837=VERTEX_POINT('',#17301);
#4838=VERTEX_POINT('',#17303);
#4839=VERTEX_POINT('',#17306);
#4840=VERTEX_POINT('',#17308);
#4841=VERTEX_POINT('',#17311);
#4842=VERTEX_POINT('',#17313);
#4843=VERTEX_POINT('',#17315);
#4844=VERTEX_POINT('',#17317);
#4845=VERTEX_POINT('',#17320);
#4846=VERTEX_POINT('',#17322);
#4847=VERTEX_POINT('',#17325);
#4848=VERTEX_POINT('',#17327);
#4849=VERTEX_POINT('',#17329);
#4850=VERTEX_POINT('',#17331);
#4851=VERTEX_POINT('',#17334);
#4852=VERTEX_POINT('',#17336);
#4853=VERTEX_POINT('',#17339);
#4854=VERTEX_POINT('',#17341);
#4855=VERTEX_POINT('',#17344);
#4856=VERTEX_POINT('',#17346);
#4857=VERTEX_POINT('',#17349);
#4858=VERTEX_POINT('',#17351);
#4859=VERTEX_POINT('',#17354);
#4860=VERTEX_POINT('',#17356);
#4861=VERTEX_POINT('',#17358);
#4862=VERTEX_POINT('',#17360);
#4863=VERTEX_POINT('',#17362);
#4864=VERTEX_POINT('',#17364);
#4865=VERTEX_POINT('',#17366);
#4866=VERTEX_POINT('',#17368);
#4867=VERTEX_POINT('',#17370);
#4868=VERTEX_POINT('',#17372);
#4869=VERTEX_POINT('',#17374);
#4870=VERTEX_POINT('',#17376);
#4871=VERTEX_POINT('',#17378);
#4872=VERTEX_POINT('',#17380);
#4873=VERTEX_POINT('',#17382);
#4874=VERTEX_POINT('',#17384);
#4875=VERTEX_POINT('',#17386);
#4876=VERTEX_POINT('',#17388);
#4877=VERTEX_POINT('',#17390);
#4878=VERTEX_POINT('',#17392);
#4879=VERTEX_POINT('',#17394);
#4880=VERTEX_POINT('',#17396);
#4881=VERTEX_POINT('',#17398);
#4882=VERTEX_POINT('',#17400);
#4883=VERTEX_POINT('',#17402);
#4884=VERTEX_POINT('',#17404);
#4885=VERTEX_POINT('',#17406);
#4886=VERTEX_POINT('',#17408);
#4887=VERTEX_POINT('',#17410);
#4888=VERTEX_POINT('',#17412);
#4889=VERTEX_POINT('',#17414);
#4890=VERTEX_POINT('',#17416);
#4891=VERTEX_POINT('',#17418);
#4892=VERTEX_POINT('',#17420);
#4893=VERTEX_POINT('',#17422);
#4894=VERTEX_POINT('',#17424);
#4895=VERTEX_POINT('',#17524);
#4896=EDGE_CURVE('',#3899,#3899,#3316,.T.);
#4897=EDGE_CURVE('',#3899,#3900,#1454,.T.);
#4898=EDGE_CURVE('',#3900,#3900,#3317,.T.);
#4899=EDGE_CURVE('',#3901,#3901,#3318,.T.);
#4900=EDGE_CURVE('',#3901,#3902,#1455,.T.);
#4901=EDGE_CURVE('',#3902,#3902,#3319,.T.);
#4902=EDGE_CURVE('',#3903,#3903,#3320,.T.);
#4903=EDGE_CURVE('',#3903,#3904,#1456,.T.);
#4904=EDGE_CURVE('',#3904,#3904,#3321,.T.);
#4905=EDGE_CURVE('',#3905,#3905,#3322,.T.);
#4906=EDGE_CURVE('',#3905,#3906,#1457,.T.);
#4907=EDGE_CURVE('',#3906,#3906,#3323,.T.);
#4908=EDGE_CURVE('',#3907,#3908,#3324,.T.);
#4909=EDGE_CURVE('',#3909,#3907,#1458,.T.);
#4910=EDGE_CURVE('',#3910,#3909,#3325,.T.);
#4911=EDGE_CURVE('',#3911,#3910,#3326,.T.);
#4912=EDGE_CURVE('',#3912,#3911,#3327,.T.);
#4913=EDGE_CURVE('',#3908,#3912,#1459,.T.);
#4914=EDGE_CURVE('',#3913,#3914,#3328,.T.);
#4915=EDGE_CURVE('',#3915,#3913,#1460,.T.);
#4916=EDGE_CURVE('',#3911,#3915,#3329,.T.);
#4917=EDGE_CURVE('',#3916,#3911,#3330,.T.);
#4918=EDGE_CURVE('',#3917,#3916,#3331,.T.);
#4919=EDGE_CURVE('',#3914,#3917,#1461,.T.);
#4920=EDGE_CURVE('',#3918,#3919,#3332,.T.);
#4921=EDGE_CURVE('',#3920,#3918,#1462,.T.);
#4922=EDGE_CURVE('',#3916,#3920,#3333,.T.);
#4923=EDGE_CURVE('',#3921,#3916,#3334,.T.);
#4924=EDGE_CURVE('',#3922,#3921,#3335,.T.);
#4925=EDGE_CURVE('',#3919,#3922,#1463,.T.);
#4926=EDGE_CURVE('',#3923,#3924,#3336,.T.);
#4927=EDGE_CURVE('',#3925,#3923,#1464,.T.);
#4928=EDGE_CURVE('',#3926,#3925,#3337,.T.);
#4929=EDGE_CURVE('',#3927,#3926,#3338,.T.);
#4930=EDGE_CURVE('',#3928,#3927,#3339,.T.);
#4931=EDGE_CURVE('',#3924,#3928,#1465,.T.);
#4932=EDGE_CURVE('',#3929,#3930,#1466,.T.);
#4933=EDGE_CURVE('',#3931,#3929,#3340,.T.);
#4934=EDGE_CURVE('',#3932,#3931,#1467,.T.);
#4935=EDGE_CURVE('',#3921,#3932,#3341,.T.);
#4936=EDGE_CURVE('',#3926,#3921,#3342,.T.);
#4937=EDGE_CURVE('',#3930,#3926,#3343,.T.);
#4938=EDGE_CURVE('',#3933,#3933,#3344,.T.);
#4939=EDGE_CURVE('',#3933,#3910,#1468,.T.);
#4940=EDGE_CURVE('',#3910,#3934,#3345,.T.);
#4941=EDGE_CURVE('',#3934,#3935,#3346,.T.);
#4942=EDGE_CURVE('',#3935,#3936,#3347,.T.);
#4943=EDGE_CURVE('',#3936,#3937,#3348,.T.);
#4944=EDGE_CURVE('',#3937,#3938,#3349,.T.);
#4945=EDGE_CURVE('',#3938,#3939,#3350,.T.);
#4946=EDGE_CURVE('',#3939,#3927,#3351,.T.);
#4947=EDGE_CURVE('',#3940,#3941,#1469,.T.);
#4948=EDGE_CURVE('',#3942,#3940,#3352,.T.);
#4949=EDGE_CURVE('',#3943,#3942,#1470,.T.);
#4950=EDGE_CURVE('',#3927,#3943,#3353,.T.);
#4951=EDGE_CURVE('',#3941,#3939,#3354,.T.);
#4952=EDGE_CURVE('',#3944,#3945,#3355,.T.);
#4953=EDGE_CURVE('',#3946,#3944,#1471,.T.);
#4954=EDGE_CURVE('',#3939,#3946,#3356,.T.);
#4955=EDGE_CURVE('',#3947,#3938,#3357,.T.);
#4956=EDGE_CURVE('',#3945,#3947,#1472,.T.);
#4957=EDGE_CURVE('',#3948,#3949,#3358,.T.);
#4958=EDGE_CURVE('',#3950,#3948,#1473,.T.);
#4959=EDGE_CURVE('',#3938,#3950,#3359,.T.);
#4960=EDGE_CURVE('',#3951,#3937,#3360,.T.);
#4961=EDGE_CURVE('',#3949,#3951,#1474,.T.);
#4962=EDGE_CURVE('',#3952,#3953,#3361,.T.);
#4963=EDGE_CURVE('',#3954,#3952,#1475,.T.);
#4964=EDGE_CURVE('',#3937,#3954,#3362,.T.);
#4965=EDGE_CURVE('',#3955,#3936,#3363,.T.);
#4966=EDGE_CURVE('',#3953,#3955,#1476,.T.);
#4967=EDGE_CURVE('',#3956,#3957,#3364,.T.);
#4968=EDGE_CURVE('',#3958,#3956,#1477,.T.);
#4969=EDGE_CURVE('',#3935,#3958,#3365,.T.);
#4970=EDGE_CURVE('',#3959,#3934,#3366,.T.);
#4971=EDGE_CURVE('',#3957,#3959,#1478,.T.);
#4972=EDGE_CURVE('',#3960,#3961,#3367,.T.);
#4973=EDGE_CURVE('',#3962,#3960,#1479,.T.);
#4974=EDGE_CURVE('',#3936,#3962,#3368,.T.);
#4975=EDGE_CURVE('',#3963,#3935,#3369,.T.);
#4976=EDGE_CURVE('',#3961,#3963,#1480,.T.);
#4977=EDGE_CURVE('',#3964,#3965,#3370,.T.);
#4978=EDGE_CURVE('',#3966,#3964,#1481,.T.);
#4979=EDGE_CURVE('',#3934,#3966,#3371,.T.);
#4980=EDGE_CURVE('',#3967,#3910,#3372,.T.);
#4981=EDGE_CURVE('',#3965,#3967,#1482,.T.);
#4982=EDGE_CURVE('',#3941,#3968,#1483,.T.);
#4983=EDGE_CURVE('',#3969,#3968,#1484,.T.);
#4984=EDGE_CURVE('',#3969,#3970,#3373,.T.);
#4985=EDGE_CURVE('',#3971,#3970,#1485,.T.);
#4986=EDGE_CURVE('',#3940,#3971,#1486,.T.);
#4987=EDGE_CURVE('',#3928,#3972,#1487,.T.);
#4988=EDGE_CURVE('',#3973,#3972,#1488,.T.);
#4989=EDGE_CURVE('',#3973,#3974,#3374,.T.);
#4990=EDGE_CURVE('',#3975,#3974,#1489,.T.);
#4991=EDGE_CURVE('',#3924,#3975,#1490,.T.);
#4992=EDGE_CURVE('',#3945,#3976,#1491,.T.);
#4993=EDGE_CURVE('',#3977,#3976,#3375,.T.);
#4994=EDGE_CURVE('',#3944,#3977,#1492,.T.);
#4995=EDGE_CURVE('',#3946,#3978,#1493,.T.);
#4996=EDGE_CURVE('',#3968,#3978,#3376,.T.);
#4997=EDGE_CURVE('',#3947,#3979,#1494,.T.);
#4998=EDGE_CURVE('',#3980,#3979,#1495,.T.);
#4999=EDGE_CURVE('',#3980,#3981,#3377,.T.);
#5000=EDGE_CURVE('',#3976,#3981,#1496,.T.);
#5001=EDGE_CURVE('',#3949,#3982,#1497,.T.);
#5002=EDGE_CURVE('',#3983,#3982,#3378,.T.);
#5003=EDGE_CURVE('',#3948,#3983,#1498,.T.);
#5004=EDGE_CURVE('',#3950,#3984,#1499,.T.);
#5005=EDGE_CURVE('',#3979,#3984,#3379,.T.);
#5006=EDGE_CURVE('',#3951,#3985,#1500,.T.);
#5007=EDGE_CURVE('',#3986,#3985,#1501,.T.);
#5008=EDGE_CURVE('',#3986,#3987,#3380,.T.);
#5009=EDGE_CURVE('',#3982,#3987,#1502,.T.);
#5010=EDGE_CURVE('',#3953,#3988,#1503,.T.);
#5011=EDGE_CURVE('',#3989,#3988,#3381,.T.);
#5012=EDGE_CURVE('',#3952,#3989,#1504,.T.);
#5013=EDGE_CURVE('',#3954,#3990,#1505,.T.);
#5014=EDGE_CURVE('',#3985,#3990,#3382,.T.);
#5015=EDGE_CURVE('',#3955,#3991,#1506,.T.);
#5016=EDGE_CURVE('',#3992,#3991,#1507,.T.);
#5017=EDGE_CURVE('',#3992,#3993,#3383,.T.);
#5018=EDGE_CURVE('',#3988,#3993,#1508,.T.);
#5019=EDGE_CURVE('',#3961,#3994,#1509,.T.);
#5020=EDGE_CURVE('',#3995,#3994,#3384,.T.);
#5021=EDGE_CURVE('',#3960,#3995,#1510,.T.);
#5022=EDGE_CURVE('',#3962,#3996,#1511,.T.);
#5023=EDGE_CURVE('',#3991,#3996,#3385,.T.);
#5024=EDGE_CURVE('',#3963,#3997,#1512,.T.);
#5025=EDGE_CURVE('',#3998,#3997,#1513,.T.);
#5026=EDGE_CURVE('',#3998,#3999,#3386,.T.);
#5027=EDGE_CURVE('',#3994,#3999,#1514,.T.);
#5028=EDGE_CURVE('',#3956,#4000,#1515,.T.);
#5029=EDGE_CURVE('',#4001,#4000,#1516,.T.);
#5030=EDGE_CURVE('',#4001,#4002,#3387,.T.);
#5031=EDGE_CURVE('',#4003,#4002,#1517,.T.);
#5032=EDGE_CURVE('',#3958,#4003,#1518,.T.);
#5033=EDGE_CURVE('',#3957,#4004,#1519,.T.);
#5034=EDGE_CURVE('',#4000,#4004,#3388,.T.);
#5035=EDGE_CURVE('',#3959,#4005,#1520,.T.);
#5036=EDGE_CURVE('',#4006,#4005,#1521,.T.);
#5037=EDGE_CURVE('',#4006,#4007,#3389,.T.);
#5038=EDGE_CURVE('',#4004,#4007,#1522,.T.);
#5039=EDGE_CURVE('',#3966,#4008,#1523,.T.);
#5040=EDGE_CURVE('',#4005,#4008,#3390,.T.);
#5041=EDGE_CURVE('',#3964,#4009,#1524,.T.);
#5042=EDGE_CURVE('',#4010,#4009,#1525,.T.);
#5043=EDGE_CURVE('',#4010,#4011,#3391,.T.);
#5044=EDGE_CURVE('',#4008,#4011,#1526,.T.);
#5045=EDGE_CURVE('',#3965,#4012,#1527,.T.);
#5046=EDGE_CURVE('',#4009,#4012,#3392,.T.);
#5047=EDGE_CURVE('',#4013,#4013,#3393,.T.);
#5048=EDGE_CURVE('',#4013,#4014,#1528,.T.);
#5049=EDGE_CURVE('',#4014,#4014,#3394,.F.);
#5050=EDGE_CURVE('',#4015,#4016,#1529,.T.);
#5051=EDGE_CURVE('',#4016,#4015,#3395,.T.);
#5052=EDGE_CURVE('',#4017,#4018,#1530,.T.);
#5053=EDGE_CURVE('',#4019,#4017,#3396,.T.);
#5054=EDGE_CURVE('',#4020,#4019,#1531,.T.);
#5055=EDGE_CURVE('',#4018,#4020,#3397,.T.);
#5056=EDGE_CURVE('',#4021,#4015,#1532,.T.);
#5057=EDGE_CURVE('',#4022,#4021,#3398,.T.);
#5058=EDGE_CURVE('',#4016,#4022,#1533,.T.);
#5059=EDGE_CURVE('',#4019,#4017,#1534,.T.);
#5060=EDGE_CURVE('',#3913,#4023,#1535,.T.);
#5061=EDGE_CURVE('',#4018,#4023,#1536,.T.);
#5062=EDGE_CURVE('',#4024,#4020,#1537,.T.);
#5063=EDGE_CURVE('',#3915,#4024,#1538,.T.);
#5064=EDGE_CURVE('',#4022,#4025,#1539,.T.);
#5065=EDGE_CURVE('',#4025,#4024,#3399,.T.);
#5066=EDGE_CURVE('',#4023,#4026,#3400,.T.);
#5067=EDGE_CURVE('',#4026,#4027,#1540,.T.);
#5068=EDGE_CURVE('',#4027,#4028,#1541,.T.);
#5069=EDGE_CURVE('',#4028,#4029,#1542,.T.);
#5070=EDGE_CURVE('',#4029,#4030,#1543,.T.);
#5071=EDGE_CURVE('',#4030,#4031,#1544,.T.);
#5072=EDGE_CURVE('',#4031,#4032,#3401,.T.);
#5073=EDGE_CURVE('',#4032,#4033,#1545,.T.);
#5074=EDGE_CURVE('',#4033,#4034,#1546,.T.);
#5075=EDGE_CURVE('',#4034,#4035,#1547,.T.);
#5076=EDGE_CURVE('',#4035,#4036,#1548,.T.);
#5077=EDGE_CURVE('',#4036,#4037,#1549,.T.);
#5078=EDGE_CURVE('',#4037,#4038,#3402,.T.);
#5079=EDGE_CURVE('',#4038,#4039,#1550,.T.);
#5080=EDGE_CURVE('',#4039,#4040,#1551,.T.);
#5081=EDGE_CURVE('',#4040,#4041,#1552,.T.);
#5082=EDGE_CURVE('',#4041,#4042,#1553,.T.);
#5083=EDGE_CURVE('',#4042,#4043,#1554,.T.);
#5084=EDGE_CURVE('',#4043,#4044,#3403,.T.);
#5085=EDGE_CURVE('',#4044,#4045,#1555,.T.);
#5086=EDGE_CURVE('',#4045,#4046,#1556,.T.);
#5087=EDGE_CURVE('',#4046,#4047,#1557,.T.);
#5088=EDGE_CURVE('',#4047,#4048,#1558,.T.);
#5089=EDGE_CURVE('',#4048,#4049,#1559,.T.);
#5090=EDGE_CURVE('',#4049,#4050,#3404,.T.);
#5091=EDGE_CURVE('',#4050,#4051,#1560,.T.);
#5092=EDGE_CURVE('',#4051,#4052,#1561,.T.);
#5093=EDGE_CURVE('',#4052,#4053,#1562,.T.);
#5094=EDGE_CURVE('',#4053,#4054,#1563,.T.);
#5095=EDGE_CURVE('',#4054,#4055,#1564,.T.);
#5096=EDGE_CURVE('',#4055,#4056,#3405,.T.);
#5097=EDGE_CURVE('',#4056,#4057,#1565,.T.);
#5098=EDGE_CURVE('',#4057,#4058,#1566,.T.);
#5099=EDGE_CURVE('',#4058,#4059,#1567,.T.);
#5100=EDGE_CURVE('',#4059,#4060,#1568,.T.);
#5101=EDGE_CURVE('',#4060,#4061,#1569,.T.);
#5102=EDGE_CURVE('',#4061,#3975,#3406,.T.);
#5103=EDGE_CURVE('',#3974,#4062,#1570,.T.);
#5104=EDGE_CURVE('',#4062,#4063,#1571,.T.);
#5105=EDGE_CURVE('',#4063,#3973,#1572,.T.);
#5106=EDGE_CURVE('',#3972,#4064,#3407,.T.);
#5107=EDGE_CURVE('',#4064,#4065,#1573,.T.);
#5108=EDGE_CURVE('',#4065,#4066,#1574,.T.);
#5109=EDGE_CURVE('',#4066,#4067,#1575,.T.);
#5110=EDGE_CURVE('',#4067,#4068,#1576,.T.);
#5111=EDGE_CURVE('',#4068,#4069,#1577,.T.);
#5112=EDGE_CURVE('',#4069,#3971,#3408,.T.);
#5113=EDGE_CURVE('',#3970,#4070,#1578,.T.);
#5114=EDGE_CURVE('',#4070,#4071,#1579,.T.);
#5115=EDGE_CURVE('',#4071,#3969,#1580,.T.);
#5116=EDGE_CURVE('',#3978,#4072,#1581,.T.);
#5117=EDGE_CURVE('',#4072,#4073,#1582,.T.);
#5118=EDGE_CURVE('',#4073,#4074,#1583,.T.);
#5119=EDGE_CURVE('',#4074,#4075,#1584,.T.);
#5120=EDGE_CURVE('',#4075,#3977,#1585,.T.);
#5121=EDGE_CURVE('',#3981,#4076,#1586,.T.);
#5122=EDGE_CURVE('',#4076,#4077,#1587,.T.);
#5123=EDGE_CURVE('',#4077,#3980,#1588,.T.);
#5124=EDGE_CURVE('',#3984,#4078,#1589,.T.);
#5125=EDGE_CURVE('',#4078,#4079,#1590,.T.);
#5126=EDGE_CURVE('',#4079,#4080,#1591,.T.);
#5127=EDGE_CURVE('',#4080,#4081,#1592,.T.);
#5128=EDGE_CURVE('',#4081,#3983,#1593,.T.);
#5129=EDGE_CURVE('',#3987,#4082,#1594,.T.);
#5130=EDGE_CURVE('',#4082,#4083,#1595,.T.);
#5131=EDGE_CURVE('',#4083,#3986,#1596,.T.);
#5132=EDGE_CURVE('',#3990,#4084,#1597,.T.);
#5133=EDGE_CURVE('',#4084,#4085,#1598,.T.);
#5134=EDGE_CURVE('',#4085,#4086,#1599,.T.);
#5135=EDGE_CURVE('',#4086,#4087,#1600,.T.);
#5136=EDGE_CURVE('',#4087,#3989,#1601,.T.);
#5137=EDGE_CURVE('',#3993,#4088,#1602,.T.);
#5138=EDGE_CURVE('',#4088,#4089,#1603,.T.);
#5139=EDGE_CURVE('',#4089,#3992,#1604,.T.);
#5140=EDGE_CURVE('',#3996,#4090,#1605,.T.);
#5141=EDGE_CURVE('',#4090,#4091,#1606,.T.);
#5142=EDGE_CURVE('',#4091,#4092,#1607,.T.);
#5143=EDGE_CURVE('',#4092,#4093,#1608,.T.);
#5144=EDGE_CURVE('',#4093,#3995,#1609,.T.);
#5145=EDGE_CURVE('',#3999,#4094,#1610,.T.);
#5146=EDGE_CURVE('',#4094,#4095,#1611,.T.);
#5147=EDGE_CURVE('',#4095,#3998,#1612,.T.);
#5148=EDGE_CURVE('',#3997,#4003,#3409,.T.);
#5149=EDGE_CURVE('',#4002,#4096,#1613,.T.);
#5150=EDGE_CURVE('',#4096,#4097,#1614,.T.);
#5151=EDGE_CURVE('',#4097,#4001,#1615,.T.);
#5152=EDGE_CURVE('',#4007,#4098,#1616,.T.);
#5153=EDGE_CURVE('',#4098,#4099,#1617,.T.);
#5154=EDGE_CURVE('',#4099,#4006,#1618,.T.);
#5155=EDGE_CURVE('',#4011,#4100,#1619,.T.);
#5156=EDGE_CURVE('',#4100,#4101,#1620,.T.);
#5157=EDGE_CURVE('',#4101,#4010,#1621,.T.);
#5158=EDGE_CURVE('',#4012,#4102,#1622,.T.);
#5159=EDGE_CURVE('',#4102,#4103,#1623,.T.);
#5160=EDGE_CURVE('',#4103,#4104,#1624,.T.);
#5161=EDGE_CURVE('',#4104,#4105,#1625,.T.);
#5162=EDGE_CURVE('',#4105,#4106,#1626,.T.);
#5163=EDGE_CURVE('',#4106,#4107,#3410,.T.);
#5164=EDGE_CURVE('',#4107,#4108,#1627,.T.);
#5165=EDGE_CURVE('',#4108,#4109,#1628,.T.);
#5166=EDGE_CURVE('',#4109,#4110,#1629,.T.);
#5167=EDGE_CURVE('',#4110,#4111,#1630,.T.);
#5168=EDGE_CURVE('',#4111,#4112,#1631,.T.);
#5169=EDGE_CURVE('',#4112,#4113,#3411,.T.);
#5170=EDGE_CURVE('',#4113,#4021,#1632,.T.);
#5171=EDGE_CURVE('',#4029,#4028,#3412,.T.);
#5172=EDGE_CURVE('',#4034,#4035,#3413,.T.);
#5173=EDGE_CURVE('',#4036,#4033,#3414,.T.);
#5174=EDGE_CURVE('',#4030,#4027,#3415,.T.);
#5175=EDGE_CURVE('',#3918,#4037,#1633,.T.);
#5176=EDGE_CURVE('',#3920,#4032,#1634,.T.);
#5177=EDGE_CURVE('',#4104,#4103,#3416,.T.);
#5178=EDGE_CURVE('',#4109,#4110,#3417,.T.);
#5179=EDGE_CURVE('',#4111,#4108,#3418,.T.);
#5180=EDGE_CURVE('',#4105,#4102,#3419,.T.);
#5181=EDGE_CURVE('',#3907,#4112,#1635,.T.);
#5182=EDGE_CURVE('',#3909,#4107,#1636,.T.);
#5183=EDGE_CURVE('',#4071,#4070,#3420,.T.);
#5184=EDGE_CURVE('',#4073,#4074,#3421,.T.);
#5185=EDGE_CURVE('',#4075,#4072,#3422,.T.);
#5186=EDGE_CURVE('',#4089,#4088,#3423,.T.);
#5187=EDGE_CURVE('',#4091,#4092,#3424,.T.);
#5188=EDGE_CURVE('',#4093,#4090,#3425,.T.);
#5189=EDGE_CURVE('',#4083,#4082,#3426,.T.);
#5190=EDGE_CURVE('',#4085,#4086,#3427,.T.);
#5191=EDGE_CURVE('',#4087,#4084,#3428,.T.);
#5192=EDGE_CURVE('',#4099,#4098,#3429,.T.);
#5193=EDGE_CURVE('',#4100,#4101,#3430,.T.);
#5194=EDGE_CURVE('',#4077,#4076,#3431,.T.);
#5195=EDGE_CURVE('',#4079,#4080,#3432,.T.);
#5196=EDGE_CURVE('',#4081,#4078,#3433,.T.);
#5197=EDGE_CURVE('',#4095,#4094,#3434,.T.);
#5198=EDGE_CURVE('',#4096,#4097,#3435,.T.);
#5199=EDGE_CURVE('',#4063,#4062,#3436,.T.);
#5200=EDGE_CURVE('',#4066,#4067,#3437,.T.);
#5201=EDGE_CURVE('',#4068,#4065,#3438,.T.);
#5202=EDGE_CURVE('',#3942,#4069,#1637,.T.);
#5203=EDGE_CURVE('',#3943,#4064,#1638,.T.);
#5204=EDGE_CURVE('',#4053,#4052,#3439,.T.);
#5205=EDGE_CURVE('',#4058,#4059,#3440,.T.);
#5206=EDGE_CURVE('',#4060,#4057,#3441,.T.);
#5207=EDGE_CURVE('',#4054,#4051,#3442,.T.);
#5208=EDGE_CURVE('',#3923,#4061,#1639,.T.);
#5209=EDGE_CURVE('',#3925,#4056,#1640,.T.);
#5210=EDGE_CURVE('',#4046,#4047,#3443,.T.);
#5211=EDGE_CURVE('',#4041,#4040,#3444,.T.);
#5212=EDGE_CURVE('',#4042,#4039,#3445,.T.);
#5213=EDGE_CURVE('',#4048,#4045,#3446,.T.);
#5214=EDGE_CURVE('',#3917,#4031,#1641,.T.);
#5215=EDGE_CURVE('',#3914,#4026,#1642,.T.);
#5216=EDGE_CURVE('',#3912,#4025,#1643,.T.);
#5217=EDGE_CURVE('',#3908,#4113,#1644,.T.);
#5218=EDGE_CURVE('',#3967,#4106,#1645,.T.);
#5219=EDGE_CURVE('',#3930,#4055,#1646,.T.);
#5220=EDGE_CURVE('',#3929,#4050,#1647,.T.);
#5221=EDGE_CURVE('',#3931,#4049,#1648,.T.);
#5222=EDGE_CURVE('',#3932,#4044,#1649,.T.);
#5223=EDGE_CURVE('',#3922,#4043,#1650,.T.);
#5224=EDGE_CURVE('',#3919,#4038,#1651,.T.);
#5225=EDGE_CURVE('',#4114,#4114,#3447,.T.);
#5226=EDGE_CURVE('',#4114,#4115,#1652,.T.);
#5227=EDGE_CURVE('',#4115,#4115,#3448,.T.);
#5228=EDGE_CURVE('',#4116,#4116,#3449,.T.);
#5229=EDGE_CURVE('',#4116,#4117,#1653,.T.);
#5230=EDGE_CURVE('',#4117,#4117,#3450,.T.);
#5231=EDGE_CURVE('',#4118,#4118,#3451,.T.);
#5232=EDGE_CURVE('',#4118,#4119,#1654,.T.);
#5233=EDGE_CURVE('',#4119,#4119,#3452,.T.);
#5234=EDGE_CURVE('',#4120,#4120,#3453,.T.);
#5235=EDGE_CURVE('',#4120,#4121,#1655,.T.);
#5236=EDGE_CURVE('',#4121,#4121,#3454,.T.);
#5237=EDGE_CURVE('',#4122,#4123,#1656,.T.);
#5238=EDGE_CURVE('',#4122,#4123,#3455,.T.);
#5239=EDGE_CURVE('',#4124,#4125,#1657,.T.);
#5240=EDGE_CURVE('',#4124,#4126,#3456,.T.);
#5241=EDGE_CURVE('',#4127,#4126,#1658,.T.);
#5242=EDGE_CURVE('',#4125,#4127,#3457,.T.);
#5243=EDGE_CURVE('',#4128,#4122,#1659,.T.);
#5244=EDGE_CURVE('',#4129,#4128,#3458,.T.);
#5245=EDGE_CURVE('',#4123,#4129,#1660,.T.);
#5246=EDGE_CURVE('',#4126,#4124,#1661,.T.);
#5247=EDGE_CURVE('',#4127,#4130,#1662,.T.);
#5248=EDGE_CURVE('',#4130,#4131,#1663,.T.);
#5249=EDGE_CURVE('',#4132,#4131,#1664,.T.);
#5250=EDGE_CURVE('',#4133,#4132,#1665,.T.);
#5251=EDGE_CURVE('',#4133,#4125,#1666,.T.);
#5252=EDGE_CURVE('',#4134,#4129,#1667,.T.);
#5253=EDGE_CURVE('',#4130,#4134,#3459,.T.);
#5254=EDGE_CURVE('',#4135,#4133,#3460,.T.);
#5255=EDGE_CURVE('',#4136,#4135,#1668,.T.);
#5256=EDGE_CURVE('',#4136,#4137,#1669,.T.);
#5257=EDGE_CURVE('',#4137,#4138,#1670,.T.);
#5258=EDGE_CURVE('',#4138,#4139,#1671,.T.);
#5259=EDGE_CURVE('',#4140,#4139,#1672,.T.);
#5260=EDGE_CURVE('',#4141,#4140,#3461,.T.);
#5261=EDGE_CURVE('',#4142,#4141,#1673,.T.);
#5262=EDGE_CURVE('',#4142,#4143,#1674,.T.);
#5263=EDGE_CURVE('',#4143,#4144,#1675,.T.);
#5264=EDGE_CURVE('',#4144,#4145,#1676,.T.);
#5265=EDGE_CURVE('',#4146,#4145,#1677,.T.);
#5266=EDGE_CURVE('',#4147,#4146,#3462,.T.);
#5267=EDGE_CURVE('',#4148,#4147,#1678,.T.);
#5268=EDGE_CURVE('',#4148,#4149,#1679,.T.);
#5269=EDGE_CURVE('',#4149,#4150,#1680,.T.);
#5270=EDGE_CURVE('',#4150,#4151,#1681,.T.);
#5271=EDGE_CURVE('',#4152,#4151,#1682,.T.);
#5272=EDGE_CURVE('',#4153,#4152,#3463,.T.);
#5273=EDGE_CURVE('',#4154,#4153,#1683,.T.);
#5274=EDGE_CURVE('',#4154,#4155,#1684,.T.);
#5275=EDGE_CURVE('',#4155,#4156,#1685,.T.);
#5276=EDGE_CURVE('',#4156,#4157,#1686,.T.);
#5277=EDGE_CURVE('',#4158,#4157,#1687,.T.);
#5278=EDGE_CURVE('',#4159,#4158,#3464,.T.);
#5279=EDGE_CURVE('',#4160,#4159,#1688,.T.);
#5280=EDGE_CURVE('',#4160,#4161,#1689,.T.);
#5281=EDGE_CURVE('',#4161,#4162,#1690,.T.);
#5282=EDGE_CURVE('',#4162,#4163,#1691,.T.);
#5283=EDGE_CURVE('',#4164,#4163,#1692,.T.);
#5284=EDGE_CURVE('',#4165,#4164,#3465,.T.);
#5285=EDGE_CURVE('',#4166,#4165,#1693,.T.);
#5286=EDGE_CURVE('',#4166,#4167,#1694,.T.);
#5287=EDGE_CURVE('',#4167,#4168,#1695,.T.);
#5288=EDGE_CURVE('',#4168,#4169,#1696,.T.);
#5289=EDGE_CURVE('',#4170,#4169,#1697,.T.);
#5290=EDGE_CURVE('',#4171,#4170,#3466,.T.);
#5291=EDGE_CURVE('',#4172,#4171,#1698,.T.);
#5292=EDGE_CURVE('',#4172,#4173,#1699,.T.);
#5293=EDGE_CURVE('',#4173,#4174,#1700,.T.);
#5294=EDGE_CURVE('',#4174,#4175,#1701,.T.);
#5295=EDGE_CURVE('',#4176,#4175,#1702,.T.);
#5296=EDGE_CURVE('',#4177,#4176,#3467,.T.);
#5297=EDGE_CURVE('',#4178,#4177,#1703,.T.);
#5298=EDGE_CURVE('',#4178,#4179,#1704,.T.);
#5299=EDGE_CURVE('',#4179,#4180,#1705,.T.);
#5300=EDGE_CURVE('',#4180,#4181,#1706,.T.);
#5301=EDGE_CURVE('',#4182,#4181,#1707,.T.);
#5302=EDGE_CURVE('',#4183,#4182,#3468,.T.);
#5303=EDGE_CURVE('',#4184,#4183,#1708,.T.);
#5304=EDGE_CURVE('',#4184,#4185,#1709,.T.);
#5305=EDGE_CURVE('',#4185,#4186,#1710,.T.);
#5306=EDGE_CURVE('',#4186,#4187,#1711,.T.);
#5307=EDGE_CURVE('',#4188,#4187,#1712,.T.);
#5308=EDGE_CURVE('',#4189,#4188,#3469,.T.);
#5309=EDGE_CURVE('',#4190,#4189,#1713,.T.);
#5310=EDGE_CURVE('',#4190,#4191,#1714,.T.);
#5311=EDGE_CURVE('',#4191,#4192,#1715,.T.);
#5312=EDGE_CURVE('',#4192,#4193,#1716,.T.);
#5313=EDGE_CURVE('',#4194,#4193,#1717,.T.);
#5314=EDGE_CURVE('',#4195,#4194,#3470,.T.);
#5315=EDGE_CURVE('',#4196,#4195,#1718,.T.);
#5316=EDGE_CURVE('',#4196,#4197,#1719,.T.);
#5317=EDGE_CURVE('',#4197,#4198,#1720,.T.);
#5318=EDGE_CURVE('',#4198,#4199,#1721,.T.);
#5319=EDGE_CURVE('',#4200,#4199,#1722,.T.);
#5320=EDGE_CURVE('',#4201,#4200,#3471,.T.);
#5321=EDGE_CURVE('',#4202,#4201,#1723,.T.);
#5322=EDGE_CURVE('',#4202,#4203,#1724,.T.);
#5323=EDGE_CURVE('',#4203,#4204,#1725,.T.);
#5324=EDGE_CURVE('',#4204,#4205,#1726,.T.);
#5325=EDGE_CURVE('',#4206,#4205,#1727,.T.);
#5326=EDGE_CURVE('',#4207,#4206,#3472,.T.);
#5327=EDGE_CURVE('',#4208,#4207,#1728,.T.);
#5328=EDGE_CURVE('',#4208,#4209,#1729,.T.);
#5329=EDGE_CURVE('',#4209,#4210,#1730,.T.);
#5330=EDGE_CURVE('',#4210,#4211,#1731,.T.);
#5331=EDGE_CURVE('',#4212,#4211,#1732,.T.);
#5332=EDGE_CURVE('',#4213,#4212,#3473,.T.);
#5333=EDGE_CURVE('',#4214,#4213,#1733,.T.);
#5334=EDGE_CURVE('',#4214,#4215,#1734,.T.);
#5335=EDGE_CURVE('',#4215,#4216,#1735,.T.);
#5336=EDGE_CURVE('',#4216,#4217,#1736,.T.);
#5337=EDGE_CURVE('',#4218,#4217,#1737,.T.);
#5338=EDGE_CURVE('',#4219,#4218,#3474,.T.);
#5339=EDGE_CURVE('',#4220,#4219,#1738,.T.);
#5340=EDGE_CURVE('',#4220,#4221,#1739,.T.);
#5341=EDGE_CURVE('',#4221,#4222,#1740,.T.);
#5342=EDGE_CURVE('',#4222,#4223,#1741,.T.);
#5343=EDGE_CURVE('',#4224,#4223,#1742,.T.);
#5344=EDGE_CURVE('',#4225,#4224,#3475,.T.);
#5345=EDGE_CURVE('',#4226,#4225,#1743,.T.);
#5346=EDGE_CURVE('',#4226,#4227,#1744,.T.);
#5347=EDGE_CURVE('',#4227,#4228,#1745,.T.);
#5348=EDGE_CURVE('',#4228,#4229,#1746,.T.);
#5349=EDGE_CURVE('',#4230,#4229,#1747,.T.);
#5350=EDGE_CURVE('',#4231,#4230,#3476,.T.);
#5351=EDGE_CURVE('',#4232,#4231,#1748,.T.);
#5352=EDGE_CURVE('',#4232,#4233,#1749,.T.);
#5353=EDGE_CURVE('',#4233,#4234,#1750,.T.);
#5354=EDGE_CURVE('',#4234,#4235,#1751,.T.);
#5355=EDGE_CURVE('',#4236,#4235,#1752,.T.);
#5356=EDGE_CURVE('',#4237,#4236,#3477,.T.);
#5357=EDGE_CURVE('',#4238,#4237,#1753,.T.);
#5358=EDGE_CURVE('',#4238,#4239,#1754,.T.);
#5359=EDGE_CURVE('',#4239,#4240,#1755,.T.);
#5360=EDGE_CURVE('',#4240,#4241,#1756,.T.);
#5361=EDGE_CURVE('',#4242,#4241,#1757,.T.);
#5362=EDGE_CURVE('',#4243,#4242,#3478,.T.);
#5363=EDGE_CURVE('',#4244,#4243,#1758,.T.);
#5364=EDGE_CURVE('',#4244,#4245,#1759,.T.);
#5365=EDGE_CURVE('',#4245,#4246,#1760,.T.);
#5366=EDGE_CURVE('',#4246,#4247,#1761,.T.);
#5367=EDGE_CURVE('',#4248,#4247,#1762,.T.);
#5368=EDGE_CURVE('',#4249,#4248,#3479,.T.);
#5369=EDGE_CURVE('',#4250,#4249,#1763,.T.);
#5370=EDGE_CURVE('',#4250,#4251,#1764,.T.);
#5371=EDGE_CURVE('',#4251,#4252,#1765,.T.);
#5372=EDGE_CURVE('',#4252,#4253,#1766,.T.);
#5373=EDGE_CURVE('',#4254,#4253,#1767,.T.);
#5374=EDGE_CURVE('',#4255,#4254,#3480,.T.);
#5375=EDGE_CURVE('',#4256,#4255,#1768,.T.);
#5376=EDGE_CURVE('',#4256,#4257,#1769,.T.);
#5377=EDGE_CURVE('',#4257,#4258,#1770,.T.);
#5378=EDGE_CURVE('',#4258,#4259,#1771,.T.);
#5379=EDGE_CURVE('',#4260,#4259,#1772,.T.);
#5380=EDGE_CURVE('',#4261,#4260,#3481,.T.);
#5381=EDGE_CURVE('',#4262,#4261,#1773,.T.);
#5382=EDGE_CURVE('',#4262,#4263,#1774,.T.);
#5383=EDGE_CURVE('',#4263,#4264,#1775,.T.);
#5384=EDGE_CURVE('',#4264,#4265,#1776,.T.);
#5385=EDGE_CURVE('',#4266,#4265,#1777,.T.);
#5386=EDGE_CURVE('',#4267,#4266,#3482,.T.);
#5387=EDGE_CURVE('',#4128,#4267,#1778,.T.);
#5388=EDGE_CURVE('',#4185,#4186,#3483,.T.);
#5389=EDGE_CURVE('',#4192,#4191,#3484,.T.);
#5390=EDGE_CURVE('',#4193,#4190,#3485,.T.);
#5391=EDGE_CURVE('',#4187,#4184,#3486,.T.);
#5392=EDGE_CURVE('',#4189,#4268,#1779,.T.);
#5393=EDGE_CURVE('',#4269,#4268,#1780,.T.);
#5394=EDGE_CURVE('',#4194,#4269,#1781,.T.);
#5395=EDGE_CURVE('',#4221,#4222,#3487,.T.);
#5396=EDGE_CURVE('',#4228,#4227,#3488,.T.);
#5397=EDGE_CURVE('',#4229,#4226,#3489,.T.);
#5398=EDGE_CURVE('',#4223,#4220,#3490,.T.);
#5399=EDGE_CURVE('',#4225,#4270,#1782,.T.);
#5400=EDGE_CURVE('',#4271,#4270,#1783,.T.);
#5401=EDGE_CURVE('',#4230,#4271,#1784,.T.);
#5402=EDGE_CURVE('',#4173,#4174,#3491,.T.);
#5403=EDGE_CURVE('',#4180,#4179,#3492,.T.);
#5404=EDGE_CURVE('',#4181,#4178,#3493,.T.);
#5405=EDGE_CURVE('',#4175,#4172,#3494,.T.);
#5406=EDGE_CURVE('',#4177,#4272,#1785,.T.);
#5407=EDGE_CURVE('',#4273,#4272,#1786,.T.);
#5408=EDGE_CURVE('',#4182,#4273,#1787,.T.);
#5409=EDGE_CURVE('',#4197,#4198,#3495,.T.);
#5410=EDGE_CURVE('',#4204,#4203,#3496,.T.);
#5411=EDGE_CURVE('',#4205,#4202,#3497,.T.);
#5412=EDGE_CURVE('',#4199,#4196,#3498,.T.);
#5413=EDGE_CURVE('',#4201,#4274,#1788,.T.);
#5414=EDGE_CURVE('',#4275,#4274,#1789,.T.);
#5415=EDGE_CURVE('',#4206,#4275,#1790,.T.);
#5416=EDGE_CURVE('',#4209,#4210,#3499,.T.);
#5417=EDGE_CURVE('',#4216,#4215,#3500,.T.);
#5418=EDGE_CURVE('',#4217,#4214,#3501,.T.);
#5419=EDGE_CURVE('',#4211,#4208,#3502,.T.);
#5420=EDGE_CURVE('',#4213,#4276,#1791,.T.);
#5421=EDGE_CURVE('',#4277,#4276,#1792,.T.);
#5422=EDGE_CURVE('',#4218,#4277,#1793,.T.);
#5423=EDGE_CURVE('',#4149,#4150,#3503,.T.);
#5424=EDGE_CURVE('',#4156,#4155,#3504,.T.);
#5425=EDGE_CURVE('',#4157,#4154,#3505,.T.);
#5426=EDGE_CURVE('',#4151,#4148,#3506,.T.);
#5427=EDGE_CURVE('',#4153,#4278,#1794,.T.);
#5428=EDGE_CURVE('',#4279,#4278,#1795,.T.);
#5429=EDGE_CURVE('',#4158,#4279,#1796,.T.);
#5430=EDGE_CURVE('',#4161,#4162,#3507,.T.);
#5431=EDGE_CURVE('',#4168,#4167,#3508,.T.);
#5432=EDGE_CURVE('',#4169,#4166,#3509,.T.);
#5433=EDGE_CURVE('',#4163,#4160,#3510,.T.);
#5434=EDGE_CURVE('',#4165,#4280,#1797,.T.);
#5435=EDGE_CURVE('',#4281,#4280,#1798,.T.);
#5436=EDGE_CURVE('',#4170,#4281,#1799,.T.);
#5437=EDGE_CURVE('',#4233,#4234,#3511,.T.);
#5438=EDGE_CURVE('',#4240,#4239,#3512,.T.);
#5439=EDGE_CURVE('',#4241,#4238,#3513,.T.);
#5440=EDGE_CURVE('',#4235,#4232,#3514,.T.);
#5441=EDGE_CURVE('',#4237,#4282,#1800,.T.);
#5442=EDGE_CURVE('',#4283,#4282,#1801,.T.);
#5443=EDGE_CURVE('',#4242,#4283,#1802,.T.);
#5444=EDGE_CURVE('',#4137,#4138,#3515,.T.);
#5445=EDGE_CURVE('',#4144,#4143,#3516,.T.);
#5446=EDGE_CURVE('',#4145,#4142,#3517,.T.);
#5447=EDGE_CURVE('',#4139,#4136,#3518,.T.);
#5448=EDGE_CURVE('',#4141,#4284,#1803,.T.);
#5449=EDGE_CURVE('',#4285,#4284,#1804,.T.);
#5450=EDGE_CURVE('',#4146,#4285,#1805,.T.);
#5451=EDGE_CURVE('',#4245,#4246,#3519,.T.);
#5452=EDGE_CURVE('',#4252,#4251,#3520,.T.);
#5453=EDGE_CURVE('',#4253,#4250,#3521,.T.);
#5454=EDGE_CURVE('',#4247,#4244,#3522,.T.);
#5455=EDGE_CURVE('',#4249,#4286,#1806,.T.);
#5456=EDGE_CURVE('',#4287,#4286,#1807,.T.);
#5457=EDGE_CURVE('',#4254,#4287,#1808,.T.);
#5458=EDGE_CURVE('',#4257,#4258,#3523,.T.);
#5459=EDGE_CURVE('',#4264,#4263,#3524,.T.);
#5460=EDGE_CURVE('',#4265,#4262,#3525,.T.);
#5461=EDGE_CURVE('',#4259,#4256,#3526,.T.);
#5462=EDGE_CURVE('',#4267,#4288,#1809,.T.);
#5463=EDGE_CURVE('',#4289,#4288,#1810,.T.);
#5464=EDGE_CURVE('',#4134,#4289,#1811,.T.);
#5465=EDGE_CURVE('',#4131,#4289,#3527,.T.);
#5466=EDGE_CURVE('',#4290,#4132,#3528,.T.);
#5467=EDGE_CURVE('',#4135,#4290,#1812,.T.);
#5468=EDGE_CURVE('',#4291,#4290,#1813,.T.);
#5469=EDGE_CURVE('',#4140,#4291,#1814,.T.);
#5470=EDGE_CURVE('',#4284,#4291,#3529,.T.);
#5471=EDGE_CURVE('',#4292,#4285,#3530,.T.);
#5472=EDGE_CURVE('',#4147,#4292,#1815,.T.);
#5473=EDGE_CURVE('',#4293,#4292,#1816,.T.);
#5474=EDGE_CURVE('',#4152,#4293,#1817,.T.);
#5475=EDGE_CURVE('',#4278,#4293,#3531,.T.);
#5476=EDGE_CURVE('',#4294,#4279,#3532,.T.);
#5477=EDGE_CURVE('',#4159,#4294,#1818,.T.);
#5478=EDGE_CURVE('',#4295,#4294,#1819,.T.);
#5479=EDGE_CURVE('',#4164,#4295,#1820,.T.);
#5480=EDGE_CURVE('',#4280,#4295,#3533,.T.);
#5481=EDGE_CURVE('',#4296,#4281,#3534,.T.);
#5482=EDGE_CURVE('',#4171,#4296,#1821,.T.);
#5483=EDGE_CURVE('',#4297,#4296,#1822,.T.);
#5484=EDGE_CURVE('',#4176,#4297,#1823,.T.);
#5485=EDGE_CURVE('',#4272,#4297,#3535,.T.);
#5486=EDGE_CURVE('',#4298,#4273,#3536,.T.);
#5487=EDGE_CURVE('',#4183,#4298,#1824,.T.);
#5488=EDGE_CURVE('',#4299,#4298,#1825,.T.);
#5489=EDGE_CURVE('',#4188,#4299,#1826,.T.);
#5490=EDGE_CURVE('',#4268,#4299,#3537,.T.);
#5491=EDGE_CURVE('',#4300,#4269,#3538,.T.);
#5492=EDGE_CURVE('',#4195,#4300,#1827,.T.);
#5493=EDGE_CURVE('',#4301,#4300,#1828,.T.);
#5494=EDGE_CURVE('',#4200,#4301,#1829,.T.);
#5495=EDGE_CURVE('',#4274,#4301,#3539,.T.);
#5496=EDGE_CURVE('',#4302,#4275,#3540,.T.);
#5497=EDGE_CURVE('',#4207,#4302,#1830,.T.);
#5498=EDGE_CURVE('',#4303,#4302,#1831,.T.);
#5499=EDGE_CURVE('',#4212,#4303,#1832,.T.);
#5500=EDGE_CURVE('',#4276,#4303,#3541,.T.);
#5501=EDGE_CURVE('',#4304,#4277,#3542,.T.);
#5502=EDGE_CURVE('',#4219,#4304,#1833,.T.);
#5503=EDGE_CURVE('',#4305,#4304,#1834,.T.);
#5504=EDGE_CURVE('',#4224,#4305,#1835,.T.);
#5505=EDGE_CURVE('',#4270,#4305,#3543,.T.);
#5506=EDGE_CURVE('',#4306,#4271,#3544,.T.);
#5507=EDGE_CURVE('',#4231,#4306,#1836,.T.);
#5508=EDGE_CURVE('',#4307,#4306,#1837,.T.);
#5509=EDGE_CURVE('',#4236,#4307,#1838,.T.);
#5510=EDGE_CURVE('',#4282,#4307,#3545,.T.);
#5511=EDGE_CURVE('',#4308,#4283,#3546,.T.);
#5512=EDGE_CURVE('',#4243,#4308,#1839,.T.);
#5513=EDGE_CURVE('',#4309,#4308,#1840,.T.);
#5514=EDGE_CURVE('',#4248,#4309,#1841,.T.);
#5515=EDGE_CURVE('',#4286,#4309,#3547,.T.);
#5516=EDGE_CURVE('',#4310,#4287,#3548,.T.);
#5517=EDGE_CURVE('',#4255,#4310,#1842,.T.);
#5518=EDGE_CURVE('',#4311,#4310,#1843,.T.);
#5519=EDGE_CURVE('',#4260,#4311,#1844,.T.);
#5520=EDGE_CURVE('',#4312,#4311,#3549,.T.);
#5521=EDGE_CURVE('',#4261,#4312,#1845,.T.);
#5522=EDGE_CURVE('',#4313,#4312,#1846,.T.);
#5523=EDGE_CURVE('',#4266,#4313,#1847,.T.);
#5524=EDGE_CURVE('',#4288,#4313,#3550,.T.);
#5525=EDGE_CURVE('',#4314,#4314,#3551,.T.);
#5526=EDGE_CURVE('',#4314,#4315,#1848,.T.);
#5527=EDGE_CURVE('',#4315,#4315,#3552,.T.);
#5528=EDGE_CURVE('',#4316,#4316,#3553,.T.);
#5529=EDGE_CURVE('',#4316,#4317,#1849,.T.);
#5530=EDGE_CURVE('',#4317,#4317,#3554,.T.);
#5531=EDGE_CURVE('',#4318,#4319,#3555,.T.);
#5532=EDGE_CURVE('',#4318,#4320,#1850,.T.);
#5533=EDGE_CURVE('',#4321,#4320,#3556,.F.);
#5534=EDGE_CURVE('',#4319,#4321,#1851,.T.);
#5535=EDGE_CURVE('',#4322,#4318,#1852,.T.);
#5536=EDGE_CURVE('',#4322,#4323,#1853,.T.);
#5537=EDGE_CURVE('',#4320,#4323,#1854,.F.);
#5538=EDGE_CURVE('',#4319,#4324,#1855,.T.);
#5539=EDGE_CURVE('',#4325,#4321,#1856,.F.);
#5540=EDGE_CURVE('',#4324,#4325,#1857,.T.);
#5541=EDGE_CURVE('',#4322,#4324,#3557,.T.);
#5542=EDGE_CURVE('',#4323,#4325,#3558,.F.);
#5543=EDGE_CURVE('',#4326,#4326,#3559,.T.);
#5544=EDGE_CURVE('',#4326,#4327,#1858,.T.);
#5545=EDGE_CURVE('',#4328,#4327,#3560,.T.);
#5546=EDGE_CURVE('',#4329,#4328,#3561,.T.);
#5547=EDGE_CURVE('',#4330,#4329,#3562,.T.);
#5548=EDGE_CURVE('',#4331,#4330,#3563,.T.);
#5549=EDGE_CURVE('',#4332,#4331,#3564,.T.);
#5550=EDGE_CURVE('',#4333,#4332,#3565,.T.);
#5551=EDGE_CURVE('',#4334,#4333,#3566,.T.);
#5552=EDGE_CURVE('',#4335,#4334,#3567,.T.);
#5553=EDGE_CURVE('',#4324,#4335,#3568,.T.);
#5554=EDGE_CURVE('',#4336,#4322,#3569,.T.);
#5555=EDGE_CURVE('',#4337,#4336,#3570,.T.);
#5556=EDGE_CURVE('',#4327,#4337,#3571,.T.);
#5557=EDGE_CURVE('',#4338,#4339,#3572,.T.);
#5558=EDGE_CURVE('',#4338,#4340,#3573,.T.);
#5559=EDGE_CURVE('',#4341,#4340,#3574,.T.);
#5560=EDGE_CURVE('',#4341,#4342,#3575,.T.);
#5561=EDGE_CURVE('',#4343,#4342,#3576,.T.);
#5562=EDGE_CURVE('',#4343,#4344,#3577,.T.);
#5563=EDGE_CURVE('',#4345,#4344,#3578,.T.);
#5564=EDGE_CURVE('',#4345,#4346,#3579,.T.);
#5565=EDGE_CURVE('',#4347,#4346,#3580,.T.);
#5566=EDGE_CURVE('',#4347,#4348,#3581,.T.);
#5567=EDGE_CURVE('',#4349,#4348,#3582,.T.);
#5568=EDGE_CURVE('',#4349,#4350,#3583,.T.);
#5569=EDGE_CURVE('',#4351,#4350,#3584,.T.);
#5570=EDGE_CURVE('',#4351,#4352,#3585,.T.);
#5571=EDGE_CURVE('',#4353,#4352,#3586,.T.);
#5572=EDGE_CURVE('',#4353,#4354,#3587,.T.);
#5573=EDGE_CURVE('',#4355,#4354,#3588,.T.);
#5574=EDGE_CURVE('',#4355,#4356,#3589,.T.);
#5575=EDGE_CURVE('',#4357,#4356,#3590,.T.);
#5576=EDGE_CURVE('',#4357,#4358,#3591,.T.);
#5577=EDGE_CURVE('',#4359,#4358,#3592,.T.);
#5578=EDGE_CURVE('',#4359,#4360,#3593,.T.);
#5579=EDGE_CURVE('',#4361,#4360,#3594,.T.);
#5580=EDGE_CURVE('',#4361,#4339,#3595,.T.);
#5581=EDGE_CURVE('',#4362,#4363,#3596,.T.);
#5582=EDGE_CURVE('',#4362,#4364,#1859,.T.);
#5583=EDGE_CURVE('',#4365,#4364,#3597,.T.);
#5584=EDGE_CURVE('',#4363,#4365,#1860,.T.);
#5585=EDGE_CURVE('',#4329,#4362,#1861,.T.);
#5586=EDGE_CURVE('',#4329,#4366,#1862,.T.);
#5587=EDGE_CURVE('',#4364,#4366,#1863,.F.);
#5588=EDGE_CURVE('',#4328,#4367,#1864,.T.);
#5589=EDGE_CURVE('',#4366,#4367,#3598,.F.);
#5590=EDGE_CURVE('',#4363,#4328,#1865,.T.);
#5591=EDGE_CURVE('',#4367,#4365,#1866,.T.);
#5592=EDGE_CURVE('',#4368,#4369,#3599,.T.);
#5593=EDGE_CURVE('',#4368,#4370,#1867,.T.);
#5594=EDGE_CURVE('',#4371,#4370,#3600,.T.);
#5595=EDGE_CURVE('',#4369,#4371,#1868,.T.);
#5596=EDGE_CURVE('',#4337,#4368,#1869,.T.);
#5597=EDGE_CURVE('',#4337,#4372,#1870,.T.);
#5598=EDGE_CURVE('',#4370,#4372,#1871,.F.);
#5599=EDGE_CURVE('',#4369,#4336,#1872,.T.);
#5600=EDGE_CURVE('',#4373,#4371,#1873,.F.);
#5601=EDGE_CURVE('',#4336,#4373,#1874,.T.);
#5602=EDGE_CURVE('',#4372,#4373,#3601,.F.);
#5603=EDGE_CURVE('',#4335,#4374,#1875,.T.);
#5604=EDGE_CURVE('',#4335,#4375,#1876,.T.);
#5605=EDGE_CURVE('',#4376,#4375,#1877,.F.);
#5606=EDGE_CURVE('',#4374,#4376,#1878,.T.);
#5607=EDGE_CURVE('',#4334,#4377,#1879,.T.);
#5608=EDGE_CURVE('',#4375,#4377,#3602,.F.);
#5609=EDGE_CURVE('',#4378,#4334,#1880,.T.);
#5610=EDGE_CURVE('',#4378,#4379,#1881,.T.);
#5611=EDGE_CURVE('',#4377,#4379,#1882,.T.);
#5612=EDGE_CURVE('',#4374,#4378,#3603,.T.);
#5613=EDGE_CURVE('',#4379,#4376,#3604,.F.);
#5614=EDGE_CURVE('',#4380,#4381,#1883,.T.);
#5615=EDGE_CURVE('',#4381,#4382,#1884,.T.);
#5616=EDGE_CURVE('',#4382,#4383,#1885,.T.);
#5617=EDGE_CURVE('',#4383,#4384,#1886,.T.);
#5618=EDGE_CURVE('',#4384,#4385,#3605,.T.);
#5619=EDGE_CURVE('',#4385,#4386,#1887,.T.);
#5620=EDGE_CURVE('',#4386,#4387,#1888,.T.);
#5621=EDGE_CURVE('',#4387,#4388,#1889,.T.);
#5622=EDGE_CURVE('',#4388,#4389,#1890,.T.);
#5623=EDGE_CURVE('',#4389,#4390,#1891,.T.);
#5624=EDGE_CURVE('',#4390,#4391,#3606,.T.);
#5625=EDGE_CURVE('',#4391,#4392,#1892,.T.);
#5626=EDGE_CURVE('',#4392,#4393,#1893,.T.);
#5627=EDGE_CURVE('',#4393,#4394,#1894,.T.);
#5628=EDGE_CURVE('',#4394,#4395,#1895,.T.);
#5629=EDGE_CURVE('',#4395,#4396,#1896,.T.);
#5630=EDGE_CURVE('',#4396,#4397,#3607,.T.);
#5631=EDGE_CURVE('',#4397,#4398,#1897,.T.);
#5632=EDGE_CURVE('',#4398,#4399,#1898,.T.);
#5633=EDGE_CURVE('',#4399,#4400,#1899,.T.);
#5634=EDGE_CURVE('',#4400,#4401,#1900,.T.);
#5635=EDGE_CURVE('',#4401,#4402,#1901,.T.);
#5636=EDGE_CURVE('',#4402,#4403,#3608,.T.);
#5637=EDGE_CURVE('',#4403,#4404,#1902,.T.);
#5638=EDGE_CURVE('',#4404,#4405,#1903,.T.);
#5639=EDGE_CURVE('',#4405,#4406,#1904,.T.);
#5640=EDGE_CURVE('',#4406,#4407,#1905,.T.);
#5641=EDGE_CURVE('',#4407,#4408,#1906,.T.);
#5642=EDGE_CURVE('',#4408,#4409,#3609,.T.);
#5643=EDGE_CURVE('',#4409,#4410,#1907,.T.);
#5644=EDGE_CURVE('',#4410,#4411,#1908,.T.);
#5645=EDGE_CURVE('',#4411,#4412,#1909,.T.);
#5646=EDGE_CURVE('',#4412,#4413,#1910,.T.);
#5647=EDGE_CURVE('',#4413,#4414,#1911,.T.);
#5648=EDGE_CURVE('',#4414,#4415,#3610,.T.);
#5649=EDGE_CURVE('',#4415,#4416,#1912,.T.);
#5650=EDGE_CURVE('',#4416,#4417,#1913,.T.);
#5651=EDGE_CURVE('',#4417,#4418,#1914,.T.);
#5652=EDGE_CURVE('',#4418,#4419,#1915,.T.);
#5653=EDGE_CURVE('',#4419,#4420,#1916,.T.);
#5654=EDGE_CURVE('',#4420,#4421,#3611,.T.);
#5655=EDGE_CURVE('',#4421,#4422,#1917,.T.);
#5656=EDGE_CURVE('',#4422,#4423,#1918,.T.);
#5657=EDGE_CURVE('',#4423,#4424,#1919,.T.);
#5658=EDGE_CURVE('',#4424,#4425,#1920,.T.);
#5659=EDGE_CURVE('',#4425,#4426,#1921,.T.);
#5660=EDGE_CURVE('',#4426,#4427,#3612,.T.);
#5661=EDGE_CURVE('',#4427,#4428,#1922,.T.);
#5662=EDGE_CURVE('',#4428,#4429,#1923,.T.);
#5663=EDGE_CURVE('',#4429,#4430,#1924,.T.);
#5664=EDGE_CURVE('',#4430,#4431,#1925,.T.);
#5665=EDGE_CURVE('',#4431,#4432,#1926,.T.);
#5666=EDGE_CURVE('',#4432,#4433,#3613,.T.);
#5667=EDGE_CURVE('',#4433,#4434,#1927,.T.);
#5668=EDGE_CURVE('',#4434,#4435,#1928,.T.);
#5669=EDGE_CURVE('',#4435,#4436,#1929,.T.);
#5670=EDGE_CURVE('',#4436,#4437,#1930,.T.);
#5671=EDGE_CURVE('',#4437,#4438,#1931,.T.);
#5672=EDGE_CURVE('',#4438,#4439,#3614,.T.);
#5673=EDGE_CURVE('',#4439,#4440,#1932,.T.);
#5674=EDGE_CURVE('',#4440,#4441,#1933,.T.);
#5675=EDGE_CURVE('',#4441,#4442,#1934,.T.);
#5676=EDGE_CURVE('',#4442,#4443,#1935,.T.);
#5677=EDGE_CURVE('',#4443,#4444,#1936,.T.);
#5678=EDGE_CURVE('',#4444,#4445,#3615,.T.);
#5679=EDGE_CURVE('',#4445,#4446,#1937,.T.);
#5680=EDGE_CURVE('',#4446,#4447,#1938,.T.);
#5681=EDGE_CURVE('',#4447,#4448,#1939,.T.);
#5682=EDGE_CURVE('',#4448,#4449,#1940,.T.);
#5683=EDGE_CURVE('',#4449,#4450,#1941,.T.);
#5684=EDGE_CURVE('',#4450,#4451,#3616,.T.);
#5685=EDGE_CURVE('',#4451,#4452,#1942,.T.);
#5686=EDGE_CURVE('',#4452,#4453,#1943,.T.);
#5687=EDGE_CURVE('',#4453,#4454,#1944,.T.);
#5688=EDGE_CURVE('',#4454,#4455,#1945,.T.);
#5689=EDGE_CURVE('',#4455,#4456,#1946,.T.);
#5690=EDGE_CURVE('',#4456,#4457,#3617,.T.);
#5691=EDGE_CURVE('',#4457,#4458,#1947,.T.);
#5692=EDGE_CURVE('',#4458,#4459,#1948,.T.);
#5693=EDGE_CURVE('',#4459,#4460,#1949,.T.);
#5694=EDGE_CURVE('',#4460,#4461,#1950,.T.);
#5695=EDGE_CURVE('',#4461,#4462,#1951,.T.);
#5696=EDGE_CURVE('',#4462,#4463,#3618,.T.);
#5697=EDGE_CURVE('',#4463,#4464,#1952,.T.);
#5698=EDGE_CURVE('',#4464,#4465,#1953,.T.);
#5699=EDGE_CURVE('',#4465,#4466,#1954,.T.);
#5700=EDGE_CURVE('',#4466,#4467,#1955,.T.);
#5701=EDGE_CURVE('',#4467,#4468,#1956,.T.);
#5702=EDGE_CURVE('',#4468,#4469,#3619,.T.);
#5703=EDGE_CURVE('',#4469,#4470,#1957,.T.);
#5704=EDGE_CURVE('',#4470,#4471,#1958,.T.);
#5705=EDGE_CURVE('',#4471,#4472,#1959,.T.);
#5706=EDGE_CURVE('',#4472,#4473,#1960,.T.);
#5707=EDGE_CURVE('',#4473,#4474,#1961,.T.);
#5708=EDGE_CURVE('',#4474,#4475,#3620,.T.);
#5709=EDGE_CURVE('',#4475,#4476,#1962,.T.);
#5710=EDGE_CURVE('',#4476,#4477,#1963,.T.);
#5711=EDGE_CURVE('',#4477,#4478,#1964,.T.);
#5712=EDGE_CURVE('',#4478,#4479,#1965,.T.);
#5713=EDGE_CURVE('',#4479,#4480,#1966,.T.);
#5714=EDGE_CURVE('',#4480,#4481,#3621,.T.);
#5715=EDGE_CURVE('',#4481,#4482,#1967,.T.);
#5716=EDGE_CURVE('',#4482,#4483,#1968,.T.);
#5717=EDGE_CURVE('',#4483,#4484,#1969,.T.);
#5718=EDGE_CURVE('',#4484,#4485,#1970,.T.);
#5719=EDGE_CURVE('',#4485,#4486,#1971,.T.);
#5720=EDGE_CURVE('',#4486,#4487,#3622,.T.);
#5721=EDGE_CURVE('',#4487,#4488,#1972,.T.);
#5722=EDGE_CURVE('',#4488,#4489,#1973,.T.);
#5723=EDGE_CURVE('',#4489,#4490,#1974,.T.);
#5724=EDGE_CURVE('',#4490,#4491,#1975,.T.);
#5725=EDGE_CURVE('',#4491,#4492,#1976,.T.);
#5726=EDGE_CURVE('',#4492,#4493,#3623,.T.);
#5727=EDGE_CURVE('',#4493,#4494,#1977,.T.);
#5728=EDGE_CURVE('',#4494,#4495,#1978,.T.);
#5729=EDGE_CURVE('',#4495,#4496,#1979,.T.);
#5730=EDGE_CURVE('',#4496,#4497,#1980,.T.);
#5731=EDGE_CURVE('',#4497,#4498,#1981,.T.);
#5732=EDGE_CURVE('',#4498,#4499,#3624,.T.);
#5733=EDGE_CURVE('',#4499,#4500,#1982,.T.);
#5734=EDGE_CURVE('',#4500,#4501,#1983,.T.);
#5735=EDGE_CURVE('',#4501,#4502,#1984,.T.);
#5736=EDGE_CURVE('',#4502,#4503,#1985,.T.);
#5737=EDGE_CURVE('',#4503,#4504,#1986,.T.);
#5738=EDGE_CURVE('',#4504,#4505,#3625,.T.);
#5739=EDGE_CURVE('',#4505,#4506,#1987,.T.);
#5740=EDGE_CURVE('',#4506,#4507,#1988,.T.);
#5741=EDGE_CURVE('',#4507,#4508,#1989,.T.);
#5742=EDGE_CURVE('',#4508,#4509,#1990,.T.);
#5743=EDGE_CURVE('',#4509,#4510,#1991,.T.);
#5744=EDGE_CURVE('',#4510,#4511,#3626,.T.);
#5745=EDGE_CURVE('',#4511,#4512,#1992,.T.);
#5746=EDGE_CURVE('',#4512,#4513,#1993,.T.);
#5747=EDGE_CURVE('',#4513,#4514,#1994,.T.);
#5748=EDGE_CURVE('',#4514,#4515,#1995,.T.);
#5749=EDGE_CURVE('',#4515,#4516,#1996,.T.);
#5750=EDGE_CURVE('',#4516,#4517,#3627,.T.);
#5751=EDGE_CURVE('',#4517,#4518,#1997,.T.);
#5752=EDGE_CURVE('',#4518,#4519,#1998,.T.);
#5753=EDGE_CURVE('',#4519,#4520,#1999,.T.);
#5754=EDGE_CURVE('',#4520,#4521,#2000,.T.);
#5755=EDGE_CURVE('',#4521,#4522,#2001,.T.);
#5756=EDGE_CURVE('',#4522,#4523,#3628,.T.);
#5757=EDGE_CURVE('',#4523,#4380,#2002,.T.);
#5758=EDGE_CURVE('',#4333,#4524,#2003,.T.);
#5759=EDGE_CURVE('',#4524,#4525,#3629,.T.);
#5760=EDGE_CURVE('',#4525,#4332,#2004,.T.);
#5761=EDGE_CURVE('',#4331,#4526,#2005,.T.);
#5762=EDGE_CURVE('',#4526,#4527,#3630,.T.);
#5763=EDGE_CURVE('',#4527,#4330,#2006,.T.);
#5764=EDGE_CURVE('',#4527,#4528,#2007,.T.);
#5765=EDGE_CURVE('',#4529,#4528,#2008,.F.);
#5766=EDGE_CURVE('',#4330,#4529,#2009,.T.);
#5767=EDGE_CURVE('',#4526,#4530,#2010,.T.);
#5768=EDGE_CURVE('',#4528,#4530,#3631,.F.);
#5769=EDGE_CURVE('',#4531,#4529,#3632,.F.);
#5770=EDGE_CURVE('',#4331,#4531,#2011,.T.);
#5771=EDGE_CURVE('',#4530,#4531,#2012,.F.);
#5772=EDGE_CURVE('',#4524,#4532,#2013,.T.);
#5773=EDGE_CURVE('',#4533,#4532,#3633,.T.);
#5774=EDGE_CURVE('',#4525,#4533,#2014,.T.);
#5775=EDGE_CURVE('',#4333,#4534,#2015,.T.);
#5776=EDGE_CURVE('',#4532,#4534,#2016,.F.);
#5777=EDGE_CURVE('',#4332,#4535,#2017,.T.);
#5778=EDGE_CURVE('',#4534,#4535,#3634,.F.);
#5779=EDGE_CURVE('',#4535,#4533,#2018,.F.);
#5780=EDGE_CURVE('',#4352,#4536,#2019,.T.);
#5781=EDGE_CURVE('',#4537,#4351,#2020,.T.);
#5782=EDGE_CURVE('',#4536,#4537,#3635,.T.);
#5783=EDGE_CURVE('',#4354,#4538,#2021,.T.);
#5784=EDGE_CURVE('',#4539,#4353,#2022,.T.);
#5785=EDGE_CURVE('',#4538,#4539,#3636,.T.);
#5786=EDGE_CURVE('',#4540,#4349,#2023,.T.);
#5787=EDGE_CURVE('',#4541,#4540,#3637,.T.);
#5788=EDGE_CURVE('',#4350,#4541,#2024,.T.);
#5789=EDGE_CURVE('',#4356,#4542,#2025,.T.);
#5790=EDGE_CURVE('',#4543,#4355,#2026,.T.);
#5791=EDGE_CURVE('',#4542,#4543,#3638,.T.);
#5792=EDGE_CURVE('',#4544,#4347,#2027,.T.);
#5793=EDGE_CURVE('',#4545,#4544,#3639,.T.);
#5794=EDGE_CURVE('',#4348,#4545,#2028,.T.);
#5795=EDGE_CURVE('',#4358,#4546,#2029,.T.);
#5796=EDGE_CURVE('',#4547,#4357,#2030,.T.);
#5797=EDGE_CURVE('',#4546,#4547,#3640,.T.);
#5798=EDGE_CURVE('',#4548,#4345,#2031,.T.);
#5799=EDGE_CURVE('',#4549,#4548,#3641,.T.);
#5800=EDGE_CURVE('',#4346,#4549,#2032,.T.);
#5801=EDGE_CURVE('',#4360,#4550,#2033,.T.);
#5802=EDGE_CURVE('',#4551,#4359,#2034,.T.);
#5803=EDGE_CURVE('',#4550,#4551,#3642,.T.);
#5804=EDGE_CURVE('',#4552,#4343,#2035,.T.);
#5805=EDGE_CURVE('',#4553,#4552,#3643,.T.);
#5806=EDGE_CURVE('',#4344,#4553,#2036,.T.);
#5807=EDGE_CURVE('',#4339,#4554,#2037,.T.);
#5808=EDGE_CURVE('',#4555,#4361,#2038,.T.);
#5809=EDGE_CURVE('',#4554,#4555,#3644,.T.);
#5810=EDGE_CURVE('',#4556,#4341,#2039,.T.);
#5811=EDGE_CURVE('',#4557,#4556,#3645,.T.);
#5812=EDGE_CURVE('',#4342,#4557,#2040,.T.);
#5813=EDGE_CURVE('',#4558,#4338,#2041,.T.);
#5814=EDGE_CURVE('',#4559,#4558,#3646,.T.);
#5815=EDGE_CURVE('',#4340,#4559,#2042,.T.);
#5816=EDGE_CURVE('',#4560,#4554,#3647,.T.);
#5817=EDGE_CURVE('',#4560,#4481,#2043,.T.);
#5818=EDGE_CURVE('',#4561,#4480,#2044,.T.);
#5819=EDGE_CURVE('',#4558,#4561,#3648,.T.);
#5820=EDGE_CURVE('',#4562,#4550,#3649,.T.);
#5821=EDGE_CURVE('',#4562,#4493,#2045,.T.);
#5822=EDGE_CURVE('',#4563,#4492,#2046,.T.);
#5823=EDGE_CURVE('',#4555,#4563,#3650,.T.);
#5824=EDGE_CURVE('',#4564,#4546,#3651,.T.);
#5825=EDGE_CURVE('',#4564,#4505,#2047,.T.);
#5826=EDGE_CURVE('',#4565,#4504,#2048,.T.);
#5827=EDGE_CURVE('',#4551,#4565,#3652,.T.);
#5828=EDGE_CURVE('',#4566,#4542,#3653,.T.);
#5829=EDGE_CURVE('',#4566,#4517,#2049,.T.);
#5830=EDGE_CURVE('',#4567,#4516,#2050,.T.);
#5831=EDGE_CURVE('',#4547,#4567,#3654,.T.);
#5832=EDGE_CURVE('',#4568,#4538,#3655,.T.);
#5833=EDGE_CURVE('',#4568,#4385,#2051,.T.);
#5834=EDGE_CURVE('',#4569,#4384,#2052,.T.);
#5835=EDGE_CURVE('',#4543,#4569,#3656,.T.);
#5836=EDGE_CURVE('',#4570,#4536,#3657,.T.);
#5837=EDGE_CURVE('',#4570,#4397,#2053,.T.);
#5838=EDGE_CURVE('',#4571,#4396,#2054,.T.);
#5839=EDGE_CURVE('',#4539,#4571,#3658,.T.);
#5840=EDGE_CURVE('',#4537,#4572,#3659,.T.);
#5841=EDGE_CURVE('',#4573,#4572,#2055,.T.);
#5842=EDGE_CURVE('',#4574,#4573,#3660,.T.);
#5843=EDGE_CURVE('',#4570,#4574,#2056,.T.);
#5844=EDGE_CURVE('',#4575,#4571,#2057,.T.);
#5845=EDGE_CURVE('',#4576,#4575,#3661,.T.);
#5846=EDGE_CURVE('',#4568,#4576,#2058,.T.);
#5847=EDGE_CURVE('',#4540,#4577,#3662,.T.);
#5848=EDGE_CURVE('',#4578,#4577,#2059,.T.);
#5849=EDGE_CURVE('',#4579,#4578,#3663,.T.);
#5850=EDGE_CURVE('',#4580,#4579,#2060,.T.);
#5851=EDGE_CURVE('',#4580,#4541,#3664,.T.);
#5852=EDGE_CURVE('',#4581,#4569,#2061,.T.);
#5853=EDGE_CURVE('',#4582,#4581,#3665,.T.);
#5854=EDGE_CURVE('',#4566,#4582,#2062,.T.);
#5855=EDGE_CURVE('',#4544,#4583,#3666,.T.);
#5856=EDGE_CURVE('',#4584,#4583,#2063,.T.);
#5857=EDGE_CURVE('',#4585,#4584,#3667,.T.);
#5858=EDGE_CURVE('',#4586,#4585,#2064,.T.);
#5859=EDGE_CURVE('',#4586,#4545,#3668,.T.);
#5860=EDGE_CURVE('',#4587,#4567,#2065,.T.);
#5861=EDGE_CURVE('',#4588,#4587,#3669,.T.);
#5862=EDGE_CURVE('',#4564,#4588,#2066,.T.);
#5863=EDGE_CURVE('',#4548,#4589,#3670,.T.);
#5864=EDGE_CURVE('',#4590,#4589,#2067,.T.);
#5865=EDGE_CURVE('',#4591,#4590,#3671,.T.);
#5866=EDGE_CURVE('',#4592,#4591,#2068,.T.);
#5867=EDGE_CURVE('',#4592,#4549,#3672,.T.);
#5868=EDGE_CURVE('',#4593,#4565,#2069,.T.);
#5869=EDGE_CURVE('',#4594,#4593,#3673,.T.);
#5870=EDGE_CURVE('',#4562,#4594,#2070,.T.);
#5871=EDGE_CURVE('',#4552,#4595,#3674,.T.);
#5872=EDGE_CURVE('',#4596,#4595,#2071,.T.);
#5873=EDGE_CURVE('',#4597,#4596,#3675,.T.);
#5874=EDGE_CURVE('',#4598,#4597,#2072,.T.);
#5875=EDGE_CURVE('',#4598,#4553,#3676,.T.);
#5876=EDGE_CURVE('',#4599,#4563,#2073,.T.);
#5877=EDGE_CURVE('',#4600,#4599,#3677,.T.);
#5878=EDGE_CURVE('',#4560,#4600,#2074,.T.);
#5879=EDGE_CURVE('',#4556,#4601,#3678,.T.);
#5880=EDGE_CURVE('',#4602,#4601,#2075,.T.);
#5881=EDGE_CURVE('',#4603,#4602,#3679,.T.);
#5882=EDGE_CURVE('',#4604,#4603,#2076,.T.);
#5883=EDGE_CURVE('',#4604,#4557,#3680,.T.);
#5884=EDGE_CURVE('',#4382,#4381,#3681,.T.);
#5885=EDGE_CURVE('',#4387,#4388,#3682,.T.);
#5886=EDGE_CURVE('',#4389,#4386,#3683,.T.);
#5887=EDGE_CURVE('',#4383,#4380,#3684,.T.);
#5888=EDGE_CURVE('',#4576,#4390,#2077,.T.);
#5889=EDGE_CURVE('',#4394,#4393,#3685,.T.);
#5890=EDGE_CURVE('',#4399,#4400,#3686,.T.);
#5891=EDGE_CURVE('',#4401,#4398,#3687,.T.);
#5892=EDGE_CURVE('',#4395,#4392,#3688,.T.);
#5893=EDGE_CURVE('',#4574,#4402,#2078,.T.);
#5894=EDGE_CURVE('',#4514,#4513,#3689,.T.);
#5895=EDGE_CURVE('',#4519,#4520,#3690,.T.);
#5896=EDGE_CURVE('',#4521,#4518,#3691,.T.);
#5897=EDGE_CURVE('',#4515,#4512,#3692,.T.);
#5898=EDGE_CURVE('',#4582,#4522,#2079,.T.);
#5899=EDGE_CURVE('',#4442,#4441,#3693,.T.);
#5900=EDGE_CURVE('',#4447,#4448,#3694,.T.);
#5901=EDGE_CURVE('',#4449,#4446,#3695,.T.);
#5902=EDGE_CURVE('',#4443,#4440,#3696,.T.);
#5903=EDGE_CURVE('',#4598,#4445,#2080,.T.);
#5904=EDGE_CURVE('',#4597,#4450,#2081,.T.);
#5905=EDGE_CURVE('',#4478,#4477,#3697,.T.);
#5906=EDGE_CURVE('',#4483,#4484,#3698,.T.);
#5907=EDGE_CURVE('',#4485,#4482,#3699,.T.);
#5908=EDGE_CURVE('',#4479,#4476,#3700,.T.);
#5909=EDGE_CURVE('',#4600,#4486,#2082,.T.);
#5910=EDGE_CURVE('',#4466,#4465,#3701,.T.);
#5911=EDGE_CURVE('',#4471,#4472,#3702,.T.);
#5912=EDGE_CURVE('',#4473,#4470,#3703,.T.);
#5913=EDGE_CURVE('',#4467,#4464,#3704,.T.);
#5914=EDGE_CURVE('',#4605,#4469,#2083,.T.);
#5915=EDGE_CURVE('',#4605,#4606,#2084,.T.);
#5916=EDGE_CURVE('',#4606,#4474,#2085,.T.);
#5917=EDGE_CURVE('',#4502,#4501,#3705,.T.);
#5918=EDGE_CURVE('',#4507,#4508,#3706,.T.);
#5919=EDGE_CURVE('',#4509,#4506,#3707,.T.);
#5920=EDGE_CURVE('',#4503,#4500,#3708,.T.);
#5921=EDGE_CURVE('',#4588,#4510,#2086,.T.);
#5922=EDGE_CURVE('',#4454,#4453,#3709,.T.);
#5923=EDGE_CURVE('',#4459,#4460,#3710,.T.);
#5924=EDGE_CURVE('',#4461,#4458,#3711,.T.);
#5925=EDGE_CURVE('',#4455,#4452,#3712,.T.);
#5926=EDGE_CURVE('',#4604,#4457,#2087,.T.);
#5927=EDGE_CURVE('',#4603,#4462,#2088,.T.);
#5928=EDGE_CURVE('',#4490,#4489,#3713,.T.);
#5929=EDGE_CURVE('',#4495,#4496,#3714,.T.);
#5930=EDGE_CURVE('',#4497,#4494,#3715,.T.);
#5931=EDGE_CURVE('',#4491,#4488,#3716,.T.);
#5932=EDGE_CURVE('',#4594,#4498,#2089,.T.);
#5933=EDGE_CURVE('',#4430,#4429,#3717,.T.);
#5934=EDGE_CURVE('',#4435,#4436,#3718,.T.);
#5935=EDGE_CURVE('',#4437,#4434,#3719,.T.);
#5936=EDGE_CURVE('',#4431,#4428,#3720,.T.);
#5937=EDGE_CURVE('',#4592,#4433,#2090,.T.);
#5938=EDGE_CURVE('',#4591,#4438,#2091,.T.);
#5939=EDGE_CURVE('',#4418,#4417,#3721,.T.);
#5940=EDGE_CURVE('',#4423,#4424,#3722,.T.);
#5941=EDGE_CURVE('',#4425,#4422,#3723,.T.);
#5942=EDGE_CURVE('',#4419,#4416,#3724,.T.);
#5943=EDGE_CURVE('',#4586,#4421,#2092,.T.);
#5944=EDGE_CURVE('',#4585,#4426,#2093,.T.);
#5945=EDGE_CURVE('',#4411,#4412,#3725,.T.);
#5946=EDGE_CURVE('',#4406,#4405,#3726,.T.);
#5947=EDGE_CURVE('',#4407,#4404,#3727,.T.);
#5948=EDGE_CURVE('',#4413,#4410,#3728,.T.);
#5949=EDGE_CURVE('',#4575,#4391,#2094,.T.);
#5950=EDGE_CURVE('',#4581,#4523,#2095,.T.);
#5951=EDGE_CURVE('',#4587,#4511,#2096,.T.);
#5952=EDGE_CURVE('',#4593,#4499,#2097,.T.);
#5953=EDGE_CURVE('',#4599,#4487,#2098,.T.);
#5954=EDGE_CURVE('',#4607,#4475,#2099,.T.);
#5955=EDGE_CURVE('',#4607,#4561,#2100,.T.);
#5956=EDGE_CURVE('',#4606,#4607,#3729,.T.);
#5957=EDGE_CURVE('',#4605,#4559,#3730,.T.);
#5958=EDGE_CURVE('',#4601,#4468,#2101,.T.);
#5959=EDGE_CURVE('',#4602,#4463,#2102,.T.);
#5960=EDGE_CURVE('',#4595,#4456,#2103,.T.);
#5961=EDGE_CURVE('',#4596,#4451,#2104,.T.);
#5962=EDGE_CURVE('',#4589,#4444,#2105,.T.);
#5963=EDGE_CURVE('',#4590,#4439,#2106,.T.);
#5964=EDGE_CURVE('',#4583,#4432,#2107,.T.);
#5965=EDGE_CURVE('',#4584,#4427,#2108,.T.);
#5966=EDGE_CURVE('',#4577,#4420,#2109,.T.);
#5967=EDGE_CURVE('',#4578,#4415,#2110,.T.);
#5968=EDGE_CURVE('',#4579,#4414,#2111,.T.);
#5969=EDGE_CURVE('',#4580,#4409,#2112,.T.);
#5970=EDGE_CURVE('',#4572,#4408,#2113,.T.);
#5971=EDGE_CURVE('',#4573,#4403,#2114,.T.);
#5972=EDGE_CURVE('',#4608,#4609,#3731,.T.);
#5973=EDGE_CURVE('',#4608,#4610,#2115,.T.);
#5974=EDGE_CURVE('',#4610,#4611,#3732,.T.);
#5975=EDGE_CURVE('',#4609,#4611,#2116,.T.);
#5976=EDGE_CURVE('',#4609,#4612,#2117,.T.);
#5977=EDGE_CURVE('',#4611,#4613,#2118,.T.);
#5978=EDGE_CURVE('',#4614,#4613,#2119,.T.);
#5979=EDGE_CURVE('',#4615,#4614,#2120,.T.);
#5980=EDGE_CURVE('',#4612,#4615,#2121,.T.);
#5981=EDGE_CURVE('',#4616,#4608,#2122,.T.);
#5982=EDGE_CURVE('',#4617,#4616,#2123,.T.);
#5983=EDGE_CURVE('',#4618,#4617,#2124,.T.);
#5984=EDGE_CURVE('',#4618,#4619,#2125,.T.);
#5985=EDGE_CURVE('',#4619,#4610,#2126,.T.);
#5986=EDGE_CURVE('',#4614,#4618,#3733,.T.);
#5987=EDGE_CURVE('',#4613,#4619,#3734,.T.);
#5988=EDGE_CURVE('',#4620,#4621,#3735,.T.);
#5989=EDGE_CURVE('',#4620,#4622,#2127,.T.);
#5990=EDGE_CURVE('',#4622,#4623,#3736,.T.);
#5991=EDGE_CURVE('',#4621,#4623,#2128,.T.);
#5992=EDGE_CURVE('',#4621,#4624,#2129,.T.);
#5993=EDGE_CURVE('',#4623,#4625,#2130,.T.);
#5994=EDGE_CURVE('',#4626,#4625,#2131,.T.);
#5995=EDGE_CURVE('',#4627,#4626,#2132,.T.);
#5996=EDGE_CURVE('',#4624,#4627,#2133,.T.);
#5997=EDGE_CURVE('',#4628,#4620,#2134,.T.);
#5998=EDGE_CURVE('',#4629,#4628,#2135,.T.);
#5999=EDGE_CURVE('',#4630,#4629,#2136,.T.);
#6000=EDGE_CURVE('',#4630,#4631,#2137,.T.);
#6001=EDGE_CURVE('',#4631,#4622,#2138,.T.);
#6002=EDGE_CURVE('',#4626,#4630,#3737,.T.);
#6003=EDGE_CURVE('',#4625,#4631,#3738,.T.);
#6004=EDGE_CURVE('',#4632,#4633,#3739,.T.);
#6005=EDGE_CURVE('',#4632,#4634,#2139,.T.);
#6006=EDGE_CURVE('',#4634,#4635,#3740,.T.);
#6007=EDGE_CURVE('',#4633,#4635,#2140,.T.);
#6008=EDGE_CURVE('',#4633,#4636,#2141,.T.);
#6009=EDGE_CURVE('',#4635,#4637,#2142,.T.);
#6010=EDGE_CURVE('',#4638,#4637,#2143,.T.);
#6011=EDGE_CURVE('',#4639,#4638,#2144,.T.);
#6012=EDGE_CURVE('',#4636,#4639,#2145,.T.);
#6013=EDGE_CURVE('',#4640,#4632,#2146,.T.);
#6014=EDGE_CURVE('',#4641,#4640,#2147,.T.);
#6015=EDGE_CURVE('',#4642,#4641,#2148,.T.);
#6016=EDGE_CURVE('',#4642,#4643,#2149,.T.);
#6017=EDGE_CURVE('',#4643,#4634,#2150,.T.);
#6018=EDGE_CURVE('',#4638,#4642,#3741,.T.);
#6019=EDGE_CURVE('',#4637,#4643,#3742,.T.);
#6020=EDGE_CURVE('',#4644,#4645,#3743,.T.);
#6021=EDGE_CURVE('',#4644,#4646,#2151,.T.);
#6022=EDGE_CURVE('',#4646,#4647,#3744,.T.);
#6023=EDGE_CURVE('',#4645,#4647,#2152,.T.);
#6024=EDGE_CURVE('',#4645,#4648,#2153,.T.);
#6025=EDGE_CURVE('',#4647,#4649,#2154,.T.);
#6026=EDGE_CURVE('',#4650,#4649,#2155,.T.);
#6027=EDGE_CURVE('',#4651,#4650,#2156,.T.);
#6028=EDGE_CURVE('',#4648,#4651,#2157,.T.);
#6029=EDGE_CURVE('',#4652,#4644,#2158,.T.);
#6030=EDGE_CURVE('',#4653,#4652,#2159,.T.);
#6031=EDGE_CURVE('',#4654,#4653,#2160,.T.);
#6032=EDGE_CURVE('',#4654,#4655,#2161,.T.);
#6033=EDGE_CURVE('',#4655,#4646,#2162,.T.);
#6034=EDGE_CURVE('',#4650,#4654,#3745,.T.);
#6035=EDGE_CURVE('',#4649,#4655,#3746,.T.);
#6036=EDGE_CURVE('',#4656,#4657,#3747,.T.);
#6037=EDGE_CURVE('',#4656,#4658,#2163,.T.);
#6038=EDGE_CURVE('',#4658,#4659,#3748,.T.);
#6039=EDGE_CURVE('',#4657,#4659,#2164,.T.);
#6040=EDGE_CURVE('',#4657,#4660,#2165,.T.);
#6041=EDGE_CURVE('',#4659,#4661,#2166,.T.);
#6042=EDGE_CURVE('',#4662,#4661,#2167,.T.);
#6043=EDGE_CURVE('',#4663,#4662,#2168,.T.);
#6044=EDGE_CURVE('',#4660,#4663,#2169,.T.);
#6045=EDGE_CURVE('',#4664,#4656,#2170,.T.);
#6046=EDGE_CURVE('',#4665,#4664,#2171,.T.);
#6047=EDGE_CURVE('',#4666,#4665,#2172,.T.);
#6048=EDGE_CURVE('',#4666,#4667,#2173,.T.);
#6049=EDGE_CURVE('',#4667,#4658,#2174,.T.);
#6050=EDGE_CURVE('',#4662,#4666,#3749,.T.);
#6051=EDGE_CURVE('',#4661,#4667,#3750,.T.);
#6052=EDGE_CURVE('',#4668,#4669,#3751,.T.);
#6053=EDGE_CURVE('',#4668,#4670,#2175,.T.);
#6054=EDGE_CURVE('',#4670,#4671,#3752,.T.);
#6055=EDGE_CURVE('',#4669,#4671,#2176,.T.);
#6056=EDGE_CURVE('',#4669,#4672,#2177,.T.);
#6057=EDGE_CURVE('',#4671,#4673,#2178,.T.);
#6058=EDGE_CURVE('',#4674,#4673,#2179,.T.);
#6059=EDGE_CURVE('',#4675,#4674,#2180,.T.);
#6060=EDGE_CURVE('',#4672,#4675,#2181,.T.);
#6061=EDGE_CURVE('',#4676,#4668,#2182,.T.);
#6062=EDGE_CURVE('',#4677,#4676,#2183,.T.);
#6063=EDGE_CURVE('',#4678,#4677,#2184,.T.);
#6064=EDGE_CURVE('',#4678,#4679,#2185,.T.);
#6065=EDGE_CURVE('',#4679,#4670,#2186,.T.);
#6066=EDGE_CURVE('',#4674,#4678,#3753,.T.);
#6067=EDGE_CURVE('',#4673,#4679,#3754,.T.);
#6068=EDGE_CURVE('',#4612,#4652,#3755,.T.);
#6069=EDGE_CURVE('',#4648,#4664,#3756,.T.);
#6070=EDGE_CURVE('',#4660,#4628,#3757,.T.);
#6071=EDGE_CURVE('',#4624,#4676,#3758,.T.);
#6072=EDGE_CURVE('',#4672,#4640,#3759,.T.);
#6073=EDGE_CURVE('',#4636,#4616,#3760,.T.);
#6074=EDGE_CURVE('',#4680,#4680,#3761,.T.);
#6075=EDGE_CURVE('',#4681,#4681,#3762,.T.);
#6076=EDGE_CURVE('',#4682,#4682,#3763,.T.);
#6077=EDGE_CURVE('',#4683,#4683,#3764,.T.);
#6078=EDGE_CURVE('',#4684,#4684,#3765,.T.);
#6079=EDGE_CURVE('',#4665,#4651,#3766,.T.);
#6080=EDGE_CURVE('',#4641,#4675,#3767,.T.);
#6081=EDGE_CURVE('',#4677,#4627,#3768,.T.);
#6082=EDGE_CURVE('',#4629,#4663,#3769,.T.);
#6083=EDGE_CURVE('',#4653,#4615,#3770,.T.);
#6084=EDGE_CURVE('',#4685,#4685,#3771,.T.);
#6085=EDGE_CURVE('',#4685,#4684,#2187,.T.);
#6086=EDGE_CURVE('',#4686,#4686,#3772,.T.);
#6087=EDGE_CURVE('',#4686,#4683,#2188,.T.);
#6088=EDGE_CURVE('',#4687,#4687,#3773,.T.);
#6089=EDGE_CURVE('',#4687,#4682,#2189,.T.);
#6090=EDGE_CURVE('',#4688,#4688,#3774,.T.);
#6091=EDGE_CURVE('',#4688,#4681,#2190,.T.);
#6092=EDGE_CURVE('',#4617,#4639,#3775,.T.);
#6093=EDGE_CURVE('',#4689,#4690,#3776,.T.);
#6094=EDGE_CURVE('',#4691,#4689,#2191,.T.);
#6095=EDGE_CURVE('',#4692,#4691,#3777,.T.);
#6096=EDGE_CURVE('',#4693,#4692,#3778,.T.);
#6097=EDGE_CURVE('',#4694,#4693,#3779,.T.);
#6098=EDGE_CURVE('',#4690,#4694,#2192,.T.);
#6099=EDGE_CURVE('',#4695,#4696,#3780,.T.);
#6100=EDGE_CURVE('',#4697,#4695,#2193,.T.);
#6101=EDGE_CURVE('',#4693,#4697,#3781,.T.);
#6102=EDGE_CURVE('',#4698,#4693,#3782,.T.);
#6103=EDGE_CURVE('',#4699,#4698,#3783,.T.);
#6104=EDGE_CURVE('',#4696,#4699,#2194,.T.);
#6105=EDGE_CURVE('',#4700,#4701,#3784,.T.);
#6106=EDGE_CURVE('',#4702,#4700,#2195,.T.);
#6107=EDGE_CURVE('',#4698,#4702,#3785,.T.);
#6108=EDGE_CURVE('',#4703,#4698,#3786,.T.);
#6109=EDGE_CURVE('',#4704,#4703,#3787,.T.);
#6110=EDGE_CURVE('',#4701,#4704,#2196,.T.);
#6111=EDGE_CURVE('',#4705,#4706,#3788,.T.);
#6112=EDGE_CURVE('',#4707,#4705,#2197,.T.);
#6113=EDGE_CURVE('',#4703,#4707,#3789,.T.);
#6114=EDGE_CURVE('',#4708,#4703,#3790,.T.);
#6115=EDGE_CURVE('',#4709,#4708,#3791,.T.);
#6116=EDGE_CURVE('',#4706,#4709,#2198,.T.);
#6117=EDGE_CURVE('',#4710,#4711,#3792,.T.);
#6118=EDGE_CURVE('',#4712,#4710,#2199,.T.);
#6119=EDGE_CURVE('',#4708,#4712,#3793,.T.);
#6120=EDGE_CURVE('',#4713,#4708,#3794,.T.);
#6121=EDGE_CURVE('',#4714,#4713,#3795,.T.);
#6122=EDGE_CURVE('',#4715,#4714,#3796,.T.);
#6123=EDGE_CURVE('',#4711,#4715,#2200,.T.);
#6124=EDGE_CURVE('',#4716,#4716,#3797,.T.);
#6125=EDGE_CURVE('',#4716,#4713,#2201,.T.);
#6126=EDGE_CURVE('',#4692,#4717,#3798,.T.);
#6127=EDGE_CURVE('',#4717,#4718,#3799,.T.);
#6128=EDGE_CURVE('',#4718,#4719,#3800,.T.);
#6129=EDGE_CURVE('',#4719,#4720,#3801,.T.);
#6130=EDGE_CURVE('',#4720,#4721,#3802,.T.);
#6131=EDGE_CURVE('',#4721,#4722,#3803,.T.);
#6132=EDGE_CURVE('',#4722,#4714,#3804,.T.);
#6133=EDGE_CURVE('',#4723,#4724,#3805,.T.);
#6134=EDGE_CURVE('',#4725,#4723,#2202,.T.);
#6135=EDGE_CURVE('',#4714,#4725,#3806,.T.);
#6136=EDGE_CURVE('',#4726,#4722,#3807,.T.);
#6137=EDGE_CURVE('',#4724,#4726,#2203,.T.);
#6138=EDGE_CURVE('',#4727,#4728,#3808,.T.);
#6139=EDGE_CURVE('',#4729,#4727,#2204,.T.);
#6140=EDGE_CURVE('',#4722,#4729,#3809,.T.);
#6141=EDGE_CURVE('',#4730,#4721,#3810,.T.);
#6142=EDGE_CURVE('',#4728,#4730,#2205,.T.);
#6143=EDGE_CURVE('',#4731,#4732,#3811,.T.);
#6144=EDGE_CURVE('',#4733,#4731,#2206,.T.);
#6145=EDGE_CURVE('',#4721,#4733,#3812,.T.);
#6146=EDGE_CURVE('',#4734,#4720,#3813,.T.);
#6147=EDGE_CURVE('',#4732,#4734,#2207,.T.);
#6148=EDGE_CURVE('',#4735,#4736,#3814,.T.);
#6149=EDGE_CURVE('',#4737,#4735,#2208,.T.);
#6150=EDGE_CURVE('',#4720,#4737,#3815,.T.);
#6151=EDGE_CURVE('',#4738,#4719,#3816,.T.);
#6152=EDGE_CURVE('',#4736,#4738,#2209,.T.);
#6153=EDGE_CURVE('',#4739,#4740,#3817,.T.);
#6154=EDGE_CURVE('',#4741,#4739,#2210,.T.);
#6155=EDGE_CURVE('',#4719,#4741,#3818,.T.);
#6156=EDGE_CURVE('',#4742,#4718,#3819,.T.);
#6157=EDGE_CURVE('',#4740,#4742,#2211,.T.);
#6158=EDGE_CURVE('',#4743,#4744,#3820,.T.);
#6159=EDGE_CURVE('',#4745,#4743,#2212,.T.);
#6160=EDGE_CURVE('',#4718,#4745,#3821,.T.);
#6161=EDGE_CURVE('',#4746,#4717,#3822,.T.);
#6162=EDGE_CURVE('',#4744,#4746,#2213,.T.);
#6163=EDGE_CURVE('',#4747,#4748,#3823,.T.);
#6164=EDGE_CURVE('',#4749,#4747,#2214,.T.);
#6165=EDGE_CURVE('',#4717,#4749,#3824,.T.);
#6166=EDGE_CURVE('',#4750,#4692,#3825,.T.);
#6167=EDGE_CURVE('',#4748,#4750,#2215,.T.);
#6168=EDGE_CURVE('',#4751,#4726,#2216,.T.);
#6169=EDGE_CURVE('',#4751,#4752,#2217,.T.);
#6170=EDGE_CURVE('',#4752,#4753,#3826,.T.);
#6171=EDGE_CURVE('',#4753,#4754,#2218,.T.);
#6172=EDGE_CURVE('',#4754,#4724,#2219,.T.);
#6173=EDGE_CURVE('',#4755,#4728,#2220,.T.);
#6174=EDGE_CURVE('',#4755,#4756,#3827,.T.);
#6175=EDGE_CURVE('',#4756,#4727,#2221,.T.);
#6176=EDGE_CURVE('',#4757,#4729,#2222,.T.);
#6177=EDGE_CURVE('',#4757,#4751,#3828,.T.);
#6178=EDGE_CURVE('',#4758,#4730,#2223,.T.);
#6179=EDGE_CURVE('',#4758,#4759,#2224,.T.);
#6180=EDGE_CURVE('',#4759,#4760,#3829,.T.);
#6181=EDGE_CURVE('',#4760,#4755,#2225,.T.);
#6182=EDGE_CURVE('',#4761,#4732,#2226,.T.);
#6183=EDGE_CURVE('',#4761,#4762,#3830,.T.);
#6184=EDGE_CURVE('',#4762,#4731,#2227,.T.);
#6185=EDGE_CURVE('',#4763,#4733,#2228,.T.);
#6186=EDGE_CURVE('',#4763,#4758,#3831,.T.);
#6187=EDGE_CURVE('',#4764,#4734,#2229,.T.);
#6188=EDGE_CURVE('',#4764,#4765,#2230,.T.);
#6189=EDGE_CURVE('',#4765,#4766,#3832,.T.);
#6190=EDGE_CURVE('',#4766,#4761,#2231,.T.);
#6191=EDGE_CURVE('',#4767,#4736,#2232,.T.);
#6192=EDGE_CURVE('',#4767,#4768,#3833,.T.);
#6193=EDGE_CURVE('',#4768,#4735,#2233,.T.);
#6194=EDGE_CURVE('',#4769,#4737,#2234,.T.);
#6195=EDGE_CURVE('',#4769,#4764,#3834,.T.);
#6196=EDGE_CURVE('',#4770,#4738,#2235,.T.);
#6197=EDGE_CURVE('',#4770,#4771,#2236,.T.);
#6198=EDGE_CURVE('',#4771,#4772,#3835,.T.);
#6199=EDGE_CURVE('',#4772,#4767,#2237,.T.);
#6200=EDGE_CURVE('',#4773,#4740,#2238,.T.);
#6201=EDGE_CURVE('',#4773,#4774,#3836,.T.);
#6202=EDGE_CURVE('',#4774,#4739,#2239,.T.);
#6203=EDGE_CURVE('',#4775,#4741,#2240,.T.);
#6204=EDGE_CURVE('',#4775,#4770,#3837,.T.);
#6205=EDGE_CURVE('',#4776,#4742,#2241,.T.);
#6206=EDGE_CURVE('',#4776,#4777,#2242,.T.);
#6207=EDGE_CURVE('',#4777,#4778,#3838,.T.);
#6208=EDGE_CURVE('',#4778,#4773,#2243,.T.);
#6209=EDGE_CURVE('',#4779,#4743,#2244,.T.);
#6210=EDGE_CURVE('',#4779,#4780,#2245,.T.);
#6211=EDGE_CURVE('',#4780,#4781,#3839,.T.);
#6212=EDGE_CURVE('',#4781,#4782,#2246,.T.);
#6213=EDGE_CURVE('',#4782,#4745,#2247,.T.);
#6214=EDGE_CURVE('',#4782,#4776,#3840,.T.);
#6215=EDGE_CURVE('',#4783,#4744,#2248,.T.);
#6216=EDGE_CURVE('',#4783,#4779,#3841,.T.);
#6217=EDGE_CURVE('',#4784,#4746,#2249,.T.);
#6218=EDGE_CURVE('',#4784,#4785,#2250,.T.);
#6219=EDGE_CURVE('',#4785,#4786,#3842,.T.);
#6220=EDGE_CURVE('',#4786,#4783,#2251,.T.);
#6221=EDGE_CURVE('',#4787,#4749,#2252,.T.);
#6222=EDGE_CURVE('',#4787,#4784,#3843,.T.);
#6223=EDGE_CURVE('',#4788,#4747,#2253,.T.);
#6224=EDGE_CURVE('',#4788,#4789,#2254,.T.);
#6225=EDGE_CURVE('',#4789,#4790,#3844,.T.);
#6226=EDGE_CURVE('',#4790,#4787,#2255,.T.);
#6227=EDGE_CURVE('',#4791,#4748,#2256,.T.);
#6228=EDGE_CURVE('',#4791,#4788,#3845,.T.);
#6229=EDGE_CURVE('',#4792,#4793,#2257,.T.);
#6230=EDGE_CURVE('',#4792,#4793,#3846,.T.);
#6231=EDGE_CURVE('',#4794,#4795,#2258,.T.);
#6232=EDGE_CURVE('',#4794,#4796,#3847,.T.);
#6233=EDGE_CURVE('',#4797,#4796,#2259,.T.);
#6234=EDGE_CURVE('',#4795,#4797,#3848,.T.);
#6235=EDGE_CURVE('',#4798,#4792,#2260,.T.);
#6236=EDGE_CURVE('',#4799,#4798,#3849,.T.);
#6237=EDGE_CURVE('',#4793,#4799,#2261,.T.);
#6238=EDGE_CURVE('',#4796,#4794,#2262,.T.);
#6239=EDGE_CURVE('',#4800,#4705,#2263,.T.);
#6240=EDGE_CURVE('',#4800,#4795,#2264,.T.);
#6241=EDGE_CURVE('',#4797,#4801,#2265,.T.);
#6242=EDGE_CURVE('',#4801,#4707,#2266,.T.);
#6243=EDGE_CURVE('',#4802,#4799,#2267,.T.);
#6244=EDGE_CURVE('',#4801,#4802,#3850,.T.);
#6245=EDGE_CURVE('',#4803,#4800,#3851,.T.);
#6246=EDGE_CURVE('',#4804,#4803,#2268,.T.);
#6247=EDGE_CURVE('',#4804,#4805,#2269,.T.);
#6248=EDGE_CURVE('',#4805,#4806,#2270,.T.);
#6249=EDGE_CURVE('',#4806,#4807,#2271,.T.);
#6250=EDGE_CURVE('',#4808,#4807,#2272,.T.);
#6251=EDGE_CURVE('',#4809,#4808,#3852,.T.);
#6252=EDGE_CURVE('',#4810,#4809,#2273,.T.);
#6253=EDGE_CURVE('',#4810,#4811,#2274,.T.);
#6254=EDGE_CURVE('',#4811,#4812,#2275,.T.);
#6255=EDGE_CURVE('',#4812,#4813,#2276,.T.);
#6256=EDGE_CURVE('',#4814,#4813,#2277,.T.);
#6257=EDGE_CURVE('',#4815,#4814,#3853,.T.);
#6258=EDGE_CURVE('',#4816,#4815,#2278,.T.);
#6259=EDGE_CURVE('',#4816,#4817,#2279,.T.);
#6260=EDGE_CURVE('',#4817,#4818,#2280,.T.);
#6261=EDGE_CURVE('',#4818,#4819,#2281,.T.);
#6262=EDGE_CURVE('',#4820,#4819,#2282,.T.);
#6263=EDGE_CURVE('',#4821,#4820,#3854,.T.);
#6264=EDGE_CURVE('',#4822,#4821,#2283,.T.);
#6265=EDGE_CURVE('',#4822,#4823,#2284,.T.);
#6266=EDGE_CURVE('',#4823,#4824,#2285,.T.);
#6267=EDGE_CURVE('',#4824,#4825,#2286,.T.);
#6268=EDGE_CURVE('',#4826,#4825,#2287,.T.);
#6269=EDGE_CURVE('',#4754,#4826,#3855,.T.);
#6270=EDGE_CURVE('',#4753,#4827,#2288,.T.);
#6271=EDGE_CURVE('',#4827,#4828,#2289,.T.);
#6272=EDGE_CURVE('',#4828,#4752,#2290,.T.);
#6273=EDGE_CURVE('',#4829,#4757,#2291,.T.);
#6274=EDGE_CURVE('',#4829,#4830,#2292,.T.);
#6275=EDGE_CURVE('',#4830,#4831,#2293,.T.);
#6276=EDGE_CURVE('',#4831,#4832,#2294,.T.);
#6277=EDGE_CURVE('',#4756,#4832,#2295,.T.);
#6278=EDGE_CURVE('',#4760,#4833,#2296,.T.);
#6279=EDGE_CURVE('',#4833,#4834,#2297,.T.);
#6280=EDGE_CURVE('',#4834,#4759,#2298,.T.);
#6281=EDGE_CURVE('',#4835,#4763,#2299,.T.);
#6282=EDGE_CURVE('',#4835,#4836,#2300,.T.);
#6283=EDGE_CURVE('',#4836,#4837,#2301,.T.);
#6284=EDGE_CURVE('',#4837,#4838,#2302,.T.);
#6285=EDGE_CURVE('',#4762,#4838,#2303,.T.);
#6286=EDGE_CURVE('',#4766,#4839,#2304,.T.);
#6287=EDGE_CURVE('',#4839,#4840,#2305,.T.);
#6288=EDGE_CURVE('',#4840,#4765,#2306,.T.);
#6289=EDGE_CURVE('',#4841,#4769,#2307,.T.);
#6290=EDGE_CURVE('',#4841,#4842,#2308,.T.);
#6291=EDGE_CURVE('',#4842,#4843,#2309,.T.);
#6292=EDGE_CURVE('',#4843,#4844,#2310,.T.);
#6293=EDGE_CURVE('',#4768,#4844,#2311,.T.);
#6294=EDGE_CURVE('',#4772,#4845,#2312,.T.);
#6295=EDGE_CURVE('',#4845,#4846,#2313,.T.);
#6296=EDGE_CURVE('',#4846,#4771,#2314,.T.);
#6297=EDGE_CURVE('',#4847,#4775,#2315,.T.);
#6298=EDGE_CURVE('',#4847,#4848,#2316,.T.);
#6299=EDGE_CURVE('',#4848,#4849,#2317,.T.);
#6300=EDGE_CURVE('',#4849,#4850,#2318,.T.);
#6301=EDGE_CURVE('',#4774,#4850,#2319,.T.);
#6302=EDGE_CURVE('',#4778,#4851,#2320,.T.);
#6303=EDGE_CURVE('',#4851,#4852,#2321,.T.);
#6304=EDGE_CURVE('',#4852,#4777,#2322,.T.);
#6305=EDGE_CURVE('',#4781,#4853,#2323,.T.);
#6306=EDGE_CURVE('',#4853,#4854,#2324,.T.);
#6307=EDGE_CURVE('',#4854,#4780,#2325,.T.);
#6308=EDGE_CURVE('',#4786,#4855,#2326,.T.);
#6309=EDGE_CURVE('',#4855,#4856,#2327,.T.);
#6310=EDGE_CURVE('',#4856,#4785,#2328,.T.);
#6311=EDGE_CURVE('',#4790,#4857,#2329,.T.);
#6312=EDGE_CURVE('',#4857,#4858,#2330,.T.);
#6313=EDGE_CURVE('',#4858,#4789,#2331,.T.);
#6314=EDGE_CURVE('',#4859,#4791,#2332,.T.);
#6315=EDGE_CURVE('',#4859,#4860,#2333,.T.);
#6316=EDGE_CURVE('',#4860,#4861,#2334,.T.);
#6317=EDGE_CURVE('',#4861,#4862,#2335,.T.);
#6318=EDGE_CURVE('',#4863,#4862,#2336,.T.);
#6319=EDGE_CURVE('',#4864,#4863,#3856,.T.);
#6320=EDGE_CURVE('',#4865,#4864,#2337,.T.);
#6321=EDGE_CURVE('',#4865,#4866,#2338,.T.);
#6322=EDGE_CURVE('',#4866,#4867,#2339,.T.);
#6323=EDGE_CURVE('',#4867,#4868,#2340,.T.);
#6324=EDGE_CURVE('',#4869,#4868,#2341,.T.);
#6325=EDGE_CURVE('',#4870,#4869,#3857,.T.);
#6326=EDGE_CURVE('',#4871,#4870,#2342,.T.);
#6327=EDGE_CURVE('',#4871,#4872,#2343,.T.);
#6328=EDGE_CURVE('',#4872,#4873,#2344,.T.);
#6329=EDGE_CURVE('',#4873,#4874,#2345,.T.);
#6330=EDGE_CURVE('',#4875,#4874,#2346,.T.);
#6331=EDGE_CURVE('',#4876,#4875,#3858,.T.);
#6332=EDGE_CURVE('',#4877,#4876,#2347,.T.);
#6333=EDGE_CURVE('',#4877,#4878,#2348,.T.);
#6334=EDGE_CURVE('',#4878,#4879,#2349,.T.);
#6335=EDGE_CURVE('',#4879,#4880,#2350,.T.);
#6336=EDGE_CURVE('',#4881,#4880,#2351,.T.);
#6337=EDGE_CURVE('',#4882,#4881,#3859,.T.);
#6338=EDGE_CURVE('',#4883,#4882,#2352,.T.);
#6339=EDGE_CURVE('',#4883,#4884,#2353,.T.);
#6340=EDGE_CURVE('',#4884,#4885,#2354,.T.);
#6341=EDGE_CURVE('',#4885,#4886,#2355,.T.);
#6342=EDGE_CURVE('',#4887,#4886,#2356,.T.);
#6343=EDGE_CURVE('',#4888,#4887,#3860,.T.);
#6344=EDGE_CURVE('',#4889,#4888,#2357,.T.);
#6345=EDGE_CURVE('',#4889,#4890,#2358,.T.);
#6346=EDGE_CURVE('',#4890,#4891,#2359,.T.);
#6347=EDGE_CURVE('',#4891,#4892,#2360,.T.);
#6348=EDGE_CURVE('',#4893,#4892,#2361,.T.);
#6349=EDGE_CURVE('',#4894,#4893,#3861,.T.);
#6350=EDGE_CURVE('',#4798,#4894,#2362,.T.);
#6351=EDGE_CURVE('',#4839,#4840,#3862,.T.);
#6352=EDGE_CURVE('',#4843,#4842,#3863,.T.);
#6353=EDGE_CURVE('',#4844,#4841,#3864,.T.);
#6354=EDGE_CURVE('',#4855,#4856,#3865,.T.);
#6355=EDGE_CURVE('',#4858,#4857,#3866,.T.);
#6356=EDGE_CURVE('',#4833,#4834,#3867,.T.);
#6357=EDGE_CURVE('',#4837,#4836,#3868,.T.);
#6358=EDGE_CURVE('',#4838,#4835,#3869,.T.);
#6359=EDGE_CURVE('',#4845,#4846,#3870,.T.);
#6360=EDGE_CURVE('',#4849,#4848,#3871,.T.);
#6361=EDGE_CURVE('',#4850,#4847,#3872,.T.);
#6362=EDGE_CURVE('',#4851,#4852,#3873,.T.);
#6363=EDGE_CURVE('',#4854,#4853,#3874,.T.);
#6364=EDGE_CURVE('',#4817,#4818,#3875,.T.);
#6365=EDGE_CURVE('',#4824,#4823,#3876,.T.);
#6366=EDGE_CURVE('',#4825,#4822,#3877,.T.);
#6367=EDGE_CURVE('',#4819,#4816,#3878,.T.);
#6368=EDGE_CURVE('',#4826,#4723,#2363,.T.);
#6369=EDGE_CURVE('',#4821,#4725,#2364,.T.);
#6370=EDGE_CURVE('',#4827,#4828,#3879,.T.);
#6371=EDGE_CURVE('',#4831,#4830,#3880,.T.);
#6372=EDGE_CURVE('',#4832,#4829,#3881,.T.);
#6373=EDGE_CURVE('',#4860,#4861,#3882,.T.);
#6374=EDGE_CURVE('',#4867,#4866,#3883,.T.);
#6375=EDGE_CURVE('',#4868,#4865,#3884,.T.);
#6376=EDGE_CURVE('',#4862,#4859,#3885,.T.);
#6377=EDGE_CURVE('',#4869,#4689,#2365,.T.);
#6378=EDGE_CURVE('',#4864,#4691,#2366,.T.);
#6379=EDGE_CURVE('',#4805,#4806,#3886,.T.);
#6380=EDGE_CURVE('',#4812,#4811,#3887,.T.);
#6381=EDGE_CURVE('',#4813,#4810,#3888,.T.);
#6382=EDGE_CURVE('',#4807,#4804,#3889,.T.);
#6383=EDGE_CURVE('',#4814,#4710,#2367,.T.);
#6384=EDGE_CURVE('',#4809,#4712,#2368,.T.);
#6385=EDGE_CURVE('',#4872,#4873,#3890,.T.);
#6386=EDGE_CURVE('',#4879,#4878,#3891,.T.);
#6387=EDGE_CURVE('',#4880,#4877,#3892,.T.);
#6388=EDGE_CURVE('',#4874,#4871,#3893,.T.);
#6389=EDGE_CURVE('',#4881,#4695,#2369,.T.);
#6390=EDGE_CURVE('',#4876,#4697,#2370,.T.);
#6391=EDGE_CURVE('',#4884,#4885,#3894,.T.);
#6392=EDGE_CURVE('',#4891,#4890,#3895,.T.);
#6393=EDGE_CURVE('',#4892,#4889,#3896,.T.);
#6394=EDGE_CURVE('',#4886,#4883,#3897,.T.);
#6395=EDGE_CURVE('',#4895,#4895,#3898,.T.);
#6396=EDGE_CURVE('',#4895,#4680,#2371,.T.);
#6397=EDGE_CURVE('',#4802,#4704,#2372,.T.);
#6398=EDGE_CURVE('',#4894,#4701,#2373,.T.);
#6399=EDGE_CURVE('',#4803,#4706,#2374,.T.);
#6400=EDGE_CURVE('',#4808,#4709,#2375,.T.);
#6401=EDGE_CURVE('',#4815,#4711,#2376,.T.);
#6402=EDGE_CURVE('',#4820,#4715,#2377,.T.);
#6403=EDGE_CURVE('',#4863,#4750,#2378,.T.);
#6404=EDGE_CURVE('',#4870,#4690,#2379,.T.);
#6405=EDGE_CURVE('',#4875,#4694,#2380,.T.);
#6406=EDGE_CURVE('',#4882,#4696,#2381,.T.);
#6407=EDGE_CURVE('',#4887,#4699,#2382,.T.);
#6408=EDGE_CURVE('',#4888,#4702,#2383,.T.);
#6409=EDGE_CURVE('',#4893,#4700,#2384,.T.);
#6410=ORIENTED_EDGE('',*,*,#4896,.F.);
#6411=ORIENTED_EDGE('',*,*,#4897,.T.);
#6412=ORIENTED_EDGE('',*,*,#4898,.F.);
#6413=ORIENTED_EDGE('',*,*,#4897,.F.);
#6414=ORIENTED_EDGE('',*,*,#4899,.F.);
#6415=ORIENTED_EDGE('',*,*,#4900,.T.);
#6416=ORIENTED_EDGE('',*,*,#4901,.F.);
#6417=ORIENTED_EDGE('',*,*,#4900,.F.);
#6418=ORIENTED_EDGE('',*,*,#4902,.F.);
#6419=ORIENTED_EDGE('',*,*,#4903,.T.);
#6420=ORIENTED_EDGE('',*,*,#4904,.F.);
#6421=ORIENTED_EDGE('',*,*,#4903,.F.);
#6422=ORIENTED_EDGE('',*,*,#4905,.F.);
#6423=ORIENTED_EDGE('',*,*,#4906,.T.);
#6424=ORIENTED_EDGE('',*,*,#4907,.F.);
#6425=ORIENTED_EDGE('',*,*,#4906,.F.);
#6426=ORIENTED_EDGE('',*,*,#4908,.F.);
#6427=ORIENTED_EDGE('',*,*,#4909,.F.);
#6428=ORIENTED_EDGE('',*,*,#4910,.F.);
#6429=ORIENTED_EDGE('',*,*,#4911,.F.);
#6430=ORIENTED_EDGE('',*,*,#4912,.F.);
#6431=ORIENTED_EDGE('',*,*,#4913,.F.);
#6432=ORIENTED_EDGE('',*,*,#4914,.F.);
#6433=ORIENTED_EDGE('',*,*,#4915,.F.);
#6434=ORIENTED_EDGE('',*,*,#4916,.F.);
#6435=ORIENTED_EDGE('',*,*,#4917,.F.);
#6436=ORIENTED_EDGE('',*,*,#4918,.F.);
#6437=ORIENTED_EDGE('',*,*,#4919,.F.);
#6438=ORIENTED_EDGE('',*,*,#4920,.F.);
#6439=ORIENTED_EDGE('',*,*,#4921,.F.);
#6440=ORIENTED_EDGE('',*,*,#4922,.F.);
#6441=ORIENTED_EDGE('',*,*,#4923,.F.);
#6442=ORIENTED_EDGE('',*,*,#4924,.F.);
#6443=ORIENTED_EDGE('',*,*,#4925,.F.);
#6444=ORIENTED_EDGE('',*,*,#4926,.F.);
#6445=ORIENTED_EDGE('',*,*,#4927,.F.);
#6446=ORIENTED_EDGE('',*,*,#4928,.F.);
#6447=ORIENTED_EDGE('',*,*,#4929,.F.);
#6448=ORIENTED_EDGE('',*,*,#4930,.F.);
#6449=ORIENTED_EDGE('',*,*,#4931,.F.);
#6450=ORIENTED_EDGE('',*,*,#4932,.F.);
#6451=ORIENTED_EDGE('',*,*,#4933,.F.);
#6452=ORIENTED_EDGE('',*,*,#4934,.F.);
#6453=ORIENTED_EDGE('',*,*,#4935,.F.);
#6454=ORIENTED_EDGE('',*,*,#4936,.F.);
#6455=ORIENTED_EDGE('',*,*,#4937,.F.);
#6456=ORIENTED_EDGE('',*,*,#4938,.F.);
#6457=ORIENTED_EDGE('',*,*,#4939,.T.);
#6458=ORIENTED_EDGE('',*,*,#4940,.T.);
#6459=ORIENTED_EDGE('',*,*,#4941,.T.);
#6460=ORIENTED_EDGE('',*,*,#4942,.T.);
#6461=ORIENTED_EDGE('',*,*,#4943,.T.);
#6462=ORIENTED_EDGE('',*,*,#4944,.T.);
#6463=ORIENTED_EDGE('',*,*,#4945,.T.);
#6464=ORIENTED_EDGE('',*,*,#4946,.T.);
#6465=ORIENTED_EDGE('',*,*,#4929,.T.);
#6466=ORIENTED_EDGE('',*,*,#4936,.T.);
#6467=ORIENTED_EDGE('',*,*,#4923,.T.);
#6468=ORIENTED_EDGE('',*,*,#4917,.T.);
#6469=ORIENTED_EDGE('',*,*,#4911,.T.);
#6470=ORIENTED_EDGE('',*,*,#4939,.F.);
#6471=ORIENTED_EDGE('',*,*,#4947,.F.);
#6472=ORIENTED_EDGE('',*,*,#4948,.F.);
#6473=ORIENTED_EDGE('',*,*,#4949,.F.);
#6474=ORIENTED_EDGE('',*,*,#4950,.F.);
#6475=ORIENTED_EDGE('',*,*,#4946,.F.);
#6476=ORIENTED_EDGE('',*,*,#4951,.F.);
#6477=ORIENTED_EDGE('',*,*,#4952,.F.);
#6478=ORIENTED_EDGE('',*,*,#4953,.F.);
#6479=ORIENTED_EDGE('',*,*,#4954,.F.);
#6480=ORIENTED_EDGE('',*,*,#4945,.F.);
#6481=ORIENTED_EDGE('',*,*,#4955,.F.);
#6482=ORIENTED_EDGE('',*,*,#4956,.F.);
#6483=ORIENTED_EDGE('',*,*,#4957,.F.);
#6484=ORIENTED_EDGE('',*,*,#4958,.F.);
#6485=ORIENTED_EDGE('',*,*,#4959,.F.);
#6486=ORIENTED_EDGE('',*,*,#4944,.F.);
#6487=ORIENTED_EDGE('',*,*,#4960,.F.);
#6488=ORIENTED_EDGE('',*,*,#4961,.F.);
#6489=ORIENTED_EDGE('',*,*,#4962,.F.);
#6490=ORIENTED_EDGE('',*,*,#4963,.F.);
#6491=ORIENTED_EDGE('',*,*,#4964,.F.);
#6492=ORIENTED_EDGE('',*,*,#4943,.F.);
#6493=ORIENTED_EDGE('',*,*,#4965,.F.);
#6494=ORIENTED_EDGE('',*,*,#4966,.F.);
#6495=ORIENTED_EDGE('',*,*,#4967,.F.);
#6496=ORIENTED_EDGE('',*,*,#4968,.F.);
#6497=ORIENTED_EDGE('',*,*,#4969,.F.);
#6498=ORIENTED_EDGE('',*,*,#4941,.F.);
#6499=ORIENTED_EDGE('',*,*,#4970,.F.);
#6500=ORIENTED_EDGE('',*,*,#4971,.F.);
#6501=ORIENTED_EDGE('',*,*,#4972,.F.);
#6502=ORIENTED_EDGE('',*,*,#4973,.F.);
#6503=ORIENTED_EDGE('',*,*,#4974,.F.);
#6504=ORIENTED_EDGE('',*,*,#4942,.F.);
#6505=ORIENTED_EDGE('',*,*,#4975,.F.);
#6506=ORIENTED_EDGE('',*,*,#4976,.F.);
#6507=ORIENTED_EDGE('',*,*,#4977,.F.);
#6508=ORIENTED_EDGE('',*,*,#4978,.F.);
#6509=ORIENTED_EDGE('',*,*,#4979,.F.);
#6510=ORIENTED_EDGE('',*,*,#4940,.F.);
#6511=ORIENTED_EDGE('',*,*,#4980,.F.);
#6512=ORIENTED_EDGE('',*,*,#4981,.F.);
#6513=ORIENTED_EDGE('',*,*,#4947,.T.);
#6514=ORIENTED_EDGE('',*,*,#4982,.T.);
#6515=ORIENTED_EDGE('',*,*,#4983,.F.);
#6516=ORIENTED_EDGE('',*,*,#4984,.T.);
#6517=ORIENTED_EDGE('',*,*,#4985,.F.);
#6518=ORIENTED_EDGE('',*,*,#4986,.F.);
#6519=ORIENTED_EDGE('',*,*,#4931,.T.);
#6520=ORIENTED_EDGE('',*,*,#4987,.T.);
#6521=ORIENTED_EDGE('',*,*,#4988,.F.);
#6522=ORIENTED_EDGE('',*,*,#4989,.T.);
#6523=ORIENTED_EDGE('',*,*,#4990,.F.);
#6524=ORIENTED_EDGE('',*,*,#4991,.F.);
#6525=ORIENTED_EDGE('',*,*,#4952,.T.);
#6526=ORIENTED_EDGE('',*,*,#4992,.T.);
#6527=ORIENTED_EDGE('',*,*,#4993,.F.);
#6528=ORIENTED_EDGE('',*,*,#4994,.F.);
#6529=ORIENTED_EDGE('',*,*,#4951,.T.);
#6530=ORIENTED_EDGE('',*,*,#4954,.T.);
#6531=ORIENTED_EDGE('',*,*,#4995,.T.);
#6532=ORIENTED_EDGE('',*,*,#4996,.F.);
#6533=ORIENTED_EDGE('',*,*,#4982,.F.);
#6534=ORIENTED_EDGE('',*,*,#4956,.T.);
#6535=ORIENTED_EDGE('',*,*,#4997,.T.);
#6536=ORIENTED_EDGE('',*,*,#4998,.F.);
#6537=ORIENTED_EDGE('',*,*,#4999,.T.);
#6538=ORIENTED_EDGE('',*,*,#5000,.F.);
#6539=ORIENTED_EDGE('',*,*,#4992,.F.);
#6540=ORIENTED_EDGE('',*,*,#4957,.T.);
#6541=ORIENTED_EDGE('',*,*,#5001,.T.);
#6542=ORIENTED_EDGE('',*,*,#5002,.F.);
#6543=ORIENTED_EDGE('',*,*,#5003,.F.);
#6544=ORIENTED_EDGE('',*,*,#4955,.T.);
#6545=ORIENTED_EDGE('',*,*,#4959,.T.);
#6546=ORIENTED_EDGE('',*,*,#5004,.T.);
#6547=ORIENTED_EDGE('',*,*,#5005,.F.);
#6548=ORIENTED_EDGE('',*,*,#4997,.F.);
#6549=ORIENTED_EDGE('',*,*,#4961,.T.);
#6550=ORIENTED_EDGE('',*,*,#5006,.T.);
#6551=ORIENTED_EDGE('',*,*,#5007,.F.);
#6552=ORIENTED_EDGE('',*,*,#5008,.T.);
#6553=ORIENTED_EDGE('',*,*,#5009,.F.);
#6554=ORIENTED_EDGE('',*,*,#5001,.F.);
#6555=ORIENTED_EDGE('',*,*,#4962,.T.);
#6556=ORIENTED_EDGE('',*,*,#5010,.T.);
#6557=ORIENTED_EDGE('',*,*,#5011,.F.);
#6558=ORIENTED_EDGE('',*,*,#5012,.F.);
#6559=ORIENTED_EDGE('',*,*,#4960,.T.);
#6560=ORIENTED_EDGE('',*,*,#4964,.T.);
#6561=ORIENTED_EDGE('',*,*,#5013,.T.);
#6562=ORIENTED_EDGE('',*,*,#5014,.F.);
#6563=ORIENTED_EDGE('',*,*,#5006,.F.);
#6564=ORIENTED_EDGE('',*,*,#4966,.T.);
#6565=ORIENTED_EDGE('',*,*,#5015,.T.);
#6566=ORIENTED_EDGE('',*,*,#5016,.F.);
#6567=ORIENTED_EDGE('',*,*,#5017,.T.);
#6568=ORIENTED_EDGE('',*,*,#5018,.F.);
#6569=ORIENTED_EDGE('',*,*,#5010,.F.);
#6570=ORIENTED_EDGE('',*,*,#4972,.T.);
#6571=ORIENTED_EDGE('',*,*,#5019,.T.);
#6572=ORIENTED_EDGE('',*,*,#5020,.F.);
#6573=ORIENTED_EDGE('',*,*,#5021,.F.);
#6574=ORIENTED_EDGE('',*,*,#4965,.T.);
#6575=ORIENTED_EDGE('',*,*,#4974,.T.);
#6576=ORIENTED_EDGE('',*,*,#5022,.T.);
#6577=ORIENTED_EDGE('',*,*,#5023,.F.);
#6578=ORIENTED_EDGE('',*,*,#5015,.F.);
#6579=ORIENTED_EDGE('',*,*,#4976,.T.);
#6580=ORIENTED_EDGE('',*,*,#5024,.T.);
#6581=ORIENTED_EDGE('',*,*,#5025,.F.);
#6582=ORIENTED_EDGE('',*,*,#5026,.T.);
#6583=ORIENTED_EDGE('',*,*,#5027,.F.);
#6584=ORIENTED_EDGE('',*,*,#5019,.F.);
#6585=ORIENTED_EDGE('',*,*,#4968,.T.);
#6586=ORIENTED_EDGE('',*,*,#5028,.T.);
#6587=ORIENTED_EDGE('',*,*,#5029,.F.);
#6588=ORIENTED_EDGE('',*,*,#5030,.T.);
#6589=ORIENTED_EDGE('',*,*,#5031,.F.);
#6590=ORIENTED_EDGE('',*,*,#5032,.F.);
#6591=ORIENTED_EDGE('',*,*,#4967,.T.);
#6592=ORIENTED_EDGE('',*,*,#5033,.T.);
#6593=ORIENTED_EDGE('',*,*,#5034,.F.);
#6594=ORIENTED_EDGE('',*,*,#5028,.F.);
#6595=ORIENTED_EDGE('',*,*,#4971,.T.);
#6596=ORIENTED_EDGE('',*,*,#5035,.T.);
#6597=ORIENTED_EDGE('',*,*,#5036,.F.);
#6598=ORIENTED_EDGE('',*,*,#5037,.T.);
#6599=ORIENTED_EDGE('',*,*,#5038,.F.);
#6600=ORIENTED_EDGE('',*,*,#5033,.F.);
#6601=ORIENTED_EDGE('',*,*,#4970,.T.);
#6602=ORIENTED_EDGE('',*,*,#4979,.T.);
#6603=ORIENTED_EDGE('',*,*,#5039,.T.);
#6604=ORIENTED_EDGE('',*,*,#5040,.F.);
#6605=ORIENTED_EDGE('',*,*,#5035,.F.);
#6606=ORIENTED_EDGE('',*,*,#4978,.T.);
#6607=ORIENTED_EDGE('',*,*,#5041,.T.);
#6608=ORIENTED_EDGE('',*,*,#5042,.F.);
#6609=ORIENTED_EDGE('',*,*,#5043,.T.);
#6610=ORIENTED_EDGE('',*,*,#5044,.F.);
#6611=ORIENTED_EDGE('',*,*,#5039,.F.);
#6612=ORIENTED_EDGE('',*,*,#4977,.T.);
#6613=ORIENTED_EDGE('',*,*,#5045,.T.);
#6614=ORIENTED_EDGE('',*,*,#5046,.F.);
#6615=ORIENTED_EDGE('',*,*,#5041,.F.);
#6616=ORIENTED_EDGE('',*,*,#5047,.F.);
#6617=ORIENTED_EDGE('',*,*,#5048,.T.);
#6618=ORIENTED_EDGE('',*,*,#5049,.F.);
#6619=ORIENTED_EDGE('',*,*,#5048,.F.);
#6620=ORIENTED_EDGE('',*,*,#5049,.T.);
#6621=ORIENTED_EDGE('',*,*,#5050,.F.);
#6622=ORIENTED_EDGE('',*,*,#5051,.F.);
#6623=ORIENTED_EDGE('',*,*,#5052,.F.);
#6624=ORIENTED_EDGE('',*,*,#5053,.F.);
#6625=ORIENTED_EDGE('',*,*,#5054,.F.);
#6626=ORIENTED_EDGE('',*,*,#5055,.F.);
#6627=ORIENTED_EDGE('',*,*,#5056,.F.);
#6628=ORIENTED_EDGE('',*,*,#5057,.F.);
#6629=ORIENTED_EDGE('',*,*,#5058,.F.);
#6630=ORIENTED_EDGE('',*,*,#5051,.T.);
#6631=ORIENTED_EDGE('',*,*,#5059,.F.);
#6632=ORIENTED_EDGE('',*,*,#5053,.T.);
#6633=ORIENTED_EDGE('',*,*,#4915,.T.);
#6634=ORIENTED_EDGE('',*,*,#5060,.T.);
#6635=ORIENTED_EDGE('',*,*,#5061,.F.);
#6636=ORIENTED_EDGE('',*,*,#5055,.T.);
#6637=ORIENTED_EDGE('',*,*,#5062,.F.);
#6638=ORIENTED_EDGE('',*,*,#5063,.F.);
#6639=ORIENTED_EDGE('',*,*,#5056,.T.);
#6640=ORIENTED_EDGE('',*,*,#5050,.T.);
#6641=ORIENTED_EDGE('',*,*,#5058,.T.);
#6642=ORIENTED_EDGE('',*,*,#5064,.T.);
#6643=ORIENTED_EDGE('',*,*,#5065,.T.);
#6644=ORIENTED_EDGE('',*,*,#5062,.T.);
#6645=ORIENTED_EDGE('',*,*,#5054,.T.);
#6646=ORIENTED_EDGE('',*,*,#5059,.T.);
#6647=ORIENTED_EDGE('',*,*,#5052,.T.);
#6648=ORIENTED_EDGE('',*,*,#5061,.T.);
#6649=ORIENTED_EDGE('',*,*,#5066,.T.);
#6650=ORIENTED_EDGE('',*,*,#5067,.T.);
#6651=ORIENTED_EDGE('',*,*,#5068,.T.);
#6652=ORIENTED_EDGE('',*,*,#5069,.T.);
#6653=ORIENTED_EDGE('',*,*,#5070,.T.);
#6654=ORIENTED_EDGE('',*,*,#5071,.T.);
#6655=ORIENTED_EDGE('',*,*,#5072,.T.);
#6656=ORIENTED_EDGE('',*,*,#5073,.T.);
#6657=ORIENTED_EDGE('',*,*,#5074,.T.);
#6658=ORIENTED_EDGE('',*,*,#5075,.T.);
#6659=ORIENTED_EDGE('',*,*,#5076,.T.);
#6660=ORIENTED_EDGE('',*,*,#5077,.T.);
#6661=ORIENTED_EDGE('',*,*,#5078,.T.);
#6662=ORIENTED_EDGE('',*,*,#5079,.T.);
#6663=ORIENTED_EDGE('',*,*,#5080,.T.);
#6664=ORIENTED_EDGE('',*,*,#5081,.T.);
#6665=ORIENTED_EDGE('',*,*,#5082,.T.);
#6666=ORIENTED_EDGE('',*,*,#5083,.T.);
#6667=ORIENTED_EDGE('',*,*,#5084,.T.);
#6668=ORIENTED_EDGE('',*,*,#5085,.T.);
#6669=ORIENTED_EDGE('',*,*,#5086,.T.);
#6670=ORIENTED_EDGE('',*,*,#5087,.T.);
#6671=ORIENTED_EDGE('',*,*,#5088,.T.);
#6672=ORIENTED_EDGE('',*,*,#5089,.T.);
#6673=ORIENTED_EDGE('',*,*,#5090,.T.);
#6674=ORIENTED_EDGE('',*,*,#5091,.T.);
#6675=ORIENTED_EDGE('',*,*,#5092,.T.);
#6676=ORIENTED_EDGE('',*,*,#5093,.T.);
#6677=ORIENTED_EDGE('',*,*,#5094,.T.);
#6678=ORIENTED_EDGE('',*,*,#5095,.T.);
#6679=ORIENTED_EDGE('',*,*,#5096,.T.);
#6680=ORIENTED_EDGE('',*,*,#5097,.T.);
#6681=ORIENTED_EDGE('',*,*,#5098,.T.);
#6682=ORIENTED_EDGE('',*,*,#5099,.T.);
#6683=ORIENTED_EDGE('',*,*,#5100,.T.);
#6684=ORIENTED_EDGE('',*,*,#5101,.T.);
#6685=ORIENTED_EDGE('',*,*,#5102,.T.);
#6686=ORIENTED_EDGE('',*,*,#4990,.T.);
#6687=ORIENTED_EDGE('',*,*,#5103,.T.);
#6688=ORIENTED_EDGE('',*,*,#5104,.T.);
#6689=ORIENTED_EDGE('',*,*,#5105,.T.);
#6690=ORIENTED_EDGE('',*,*,#4988,.T.);
#6691=ORIENTED_EDGE('',*,*,#5106,.T.);
#6692=ORIENTED_EDGE('',*,*,#5107,.T.);
#6693=ORIENTED_EDGE('',*,*,#5108,.T.);
#6694=ORIENTED_EDGE('',*,*,#5109,.T.);
#6695=ORIENTED_EDGE('',*,*,#5110,.T.);
#6696=ORIENTED_EDGE('',*,*,#5111,.T.);
#6697=ORIENTED_EDGE('',*,*,#5112,.T.);
#6698=ORIENTED_EDGE('',*,*,#4985,.T.);
#6699=ORIENTED_EDGE('',*,*,#5113,.T.);
#6700=ORIENTED_EDGE('',*,*,#5114,.T.);
#6701=ORIENTED_EDGE('',*,*,#5115,.T.);
#6702=ORIENTED_EDGE('',*,*,#4983,.T.);
#6703=ORIENTED_EDGE('',*,*,#4996,.T.);
#6704=ORIENTED_EDGE('',*,*,#5116,.T.);
#6705=ORIENTED_EDGE('',*,*,#5117,.T.);
#6706=ORIENTED_EDGE('',*,*,#5118,.T.);
#6707=ORIENTED_EDGE('',*,*,#5119,.T.);
#6708=ORIENTED_EDGE('',*,*,#5120,.T.);
#6709=ORIENTED_EDGE('',*,*,#4993,.T.);
#6710=ORIENTED_EDGE('',*,*,#5000,.T.);
#6711=ORIENTED_EDGE('',*,*,#5121,.T.);
#6712=ORIENTED_EDGE('',*,*,#5122,.T.);
#6713=ORIENTED_EDGE('',*,*,#5123,.T.);
#6714=ORIENTED_EDGE('',*,*,#4998,.T.);
#6715=ORIENTED_EDGE('',*,*,#5005,.T.);
#6716=ORIENTED_EDGE('',*,*,#5124,.T.);
#6717=ORIENTED_EDGE('',*,*,#5125,.T.);
#6718=ORIENTED_EDGE('',*,*,#5126,.T.);
#6719=ORIENTED_EDGE('',*,*,#5127,.T.);
#6720=ORIENTED_EDGE('',*,*,#5128,.T.);
#6721=ORIENTED_EDGE('',*,*,#5002,.T.);
#6722=ORIENTED_EDGE('',*,*,#5009,.T.);
#6723=ORIENTED_EDGE('',*,*,#5129,.T.);
#6724=ORIENTED_EDGE('',*,*,#5130,.T.);
#6725=ORIENTED_EDGE('',*,*,#5131,.T.);
#6726=ORIENTED_EDGE('',*,*,#5007,.T.);
#6727=ORIENTED_EDGE('',*,*,#5014,.T.);
#6728=ORIENTED_EDGE('',*,*,#5132,.T.);
#6729=ORIENTED_EDGE('',*,*,#5133,.T.);
#6730=ORIENTED_EDGE('',*,*,#5134,.T.);
#6731=ORIENTED_EDGE('',*,*,#5135,.T.);
#6732=ORIENTED_EDGE('',*,*,#5136,.T.);
#6733=ORIENTED_EDGE('',*,*,#5011,.T.);
#6734=ORIENTED_EDGE('',*,*,#5018,.T.);
#6735=ORIENTED_EDGE('',*,*,#5137,.T.);
#6736=ORIENTED_EDGE('',*,*,#5138,.T.);
#6737=ORIENTED_EDGE('',*,*,#5139,.T.);
#6738=ORIENTED_EDGE('',*,*,#5016,.T.);
#6739=ORIENTED_EDGE('',*,*,#5023,.T.);
#6740=ORIENTED_EDGE('',*,*,#5140,.T.);
#6741=ORIENTED_EDGE('',*,*,#5141,.T.);
#6742=ORIENTED_EDGE('',*,*,#5142,.T.);
#6743=ORIENTED_EDGE('',*,*,#5143,.T.);
#6744=ORIENTED_EDGE('',*,*,#5144,.T.);
#6745=ORIENTED_EDGE('',*,*,#5020,.T.);
#6746=ORIENTED_EDGE('',*,*,#5027,.T.);
#6747=ORIENTED_EDGE('',*,*,#5145,.T.);
#6748=ORIENTED_EDGE('',*,*,#5146,.T.);
#6749=ORIENTED_EDGE('',*,*,#5147,.T.);
#6750=ORIENTED_EDGE('',*,*,#5025,.T.);
#6751=ORIENTED_EDGE('',*,*,#5148,.T.);
#6752=ORIENTED_EDGE('',*,*,#5031,.T.);
#6753=ORIENTED_EDGE('',*,*,#5149,.T.);
#6754=ORIENTED_EDGE('',*,*,#5150,.T.);
#6755=ORIENTED_EDGE('',*,*,#5151,.T.);
#6756=ORIENTED_EDGE('',*,*,#5029,.T.);
#6757=ORIENTED_EDGE('',*,*,#5034,.T.);
#6758=ORIENTED_EDGE('',*,*,#5038,.T.);
#6759=ORIENTED_EDGE('',*,*,#5152,.T.);
#6760=ORIENTED_EDGE('',*,*,#5153,.T.);
#6761=ORIENTED_EDGE('',*,*,#5154,.T.);
#6762=ORIENTED_EDGE('',*,*,#5036,.T.);
#6763=ORIENTED_EDGE('',*,*,#5040,.T.);
#6764=ORIENTED_EDGE('',*,*,#5044,.T.);
#6765=ORIENTED_EDGE('',*,*,#5155,.T.);
#6766=ORIENTED_EDGE('',*,*,#5156,.T.);
#6767=ORIENTED_EDGE('',*,*,#5157,.T.);
#6768=ORIENTED_EDGE('',*,*,#5042,.T.);
#6769=ORIENTED_EDGE('',*,*,#5046,.T.);
#6770=ORIENTED_EDGE('',*,*,#5158,.T.);
#6771=ORIENTED_EDGE('',*,*,#5159,.T.);
#6772=ORIENTED_EDGE('',*,*,#5160,.T.);
#6773=ORIENTED_EDGE('',*,*,#5161,.T.);
#6774=ORIENTED_EDGE('',*,*,#5162,.T.);
#6775=ORIENTED_EDGE('',*,*,#5163,.T.);
#6776=ORIENTED_EDGE('',*,*,#5164,.T.);
#6777=ORIENTED_EDGE('',*,*,#5165,.T.);
#6778=ORIENTED_EDGE('',*,*,#5166,.T.);
#6779=ORIENTED_EDGE('',*,*,#5167,.T.);
#6780=ORIENTED_EDGE('',*,*,#5168,.T.);
#6781=ORIENTED_EDGE('',*,*,#5169,.T.);
#6782=ORIENTED_EDGE('',*,*,#5170,.T.);
#6783=ORIENTED_EDGE('',*,*,#4896,.T.);
#6784=ORIENTED_EDGE('',*,*,#4899,.T.);
#6785=ORIENTED_EDGE('',*,*,#4902,.T.);
#6786=ORIENTED_EDGE('',*,*,#4905,.T.);
#6787=ORIENTED_EDGE('',*,*,#5069,.F.);
#6788=ORIENTED_EDGE('',*,*,#5171,.F.);
#6789=ORIENTED_EDGE('',*,*,#5076,.F.);
#6790=ORIENTED_EDGE('',*,*,#5172,.F.);
#6791=ORIENTED_EDGE('',*,*,#5074,.F.);
#6792=ORIENTED_EDGE('',*,*,#5173,.F.);
#6793=ORIENTED_EDGE('',*,*,#5068,.F.);
#6794=ORIENTED_EDGE('',*,*,#5174,.F.);
#6795=ORIENTED_EDGE('',*,*,#5070,.F.);
#6796=ORIENTED_EDGE('',*,*,#5171,.T.);
#6797=ORIENTED_EDGE('',*,*,#5075,.F.);
#6798=ORIENTED_EDGE('',*,*,#5172,.T.);
#6799=ORIENTED_EDGE('',*,*,#4921,.T.);
#6800=ORIENTED_EDGE('',*,*,#5175,.T.);
#6801=ORIENTED_EDGE('',*,*,#5077,.F.);
#6802=ORIENTED_EDGE('',*,*,#5173,.T.);
#6803=ORIENTED_EDGE('',*,*,#5073,.F.);
#6804=ORIENTED_EDGE('',*,*,#5176,.F.);
#6805=ORIENTED_EDGE('',*,*,#5160,.F.);
#6806=ORIENTED_EDGE('',*,*,#5177,.F.);
#6807=ORIENTED_EDGE('',*,*,#5167,.F.);
#6808=ORIENTED_EDGE('',*,*,#5178,.F.);
#6809=ORIENTED_EDGE('',*,*,#5165,.F.);
#6810=ORIENTED_EDGE('',*,*,#5179,.F.);
#6811=ORIENTED_EDGE('',*,*,#5159,.F.);
#6812=ORIENTED_EDGE('',*,*,#5180,.F.);
#6813=ORIENTED_EDGE('',*,*,#5161,.F.);
#6814=ORIENTED_EDGE('',*,*,#5177,.T.);
#6815=ORIENTED_EDGE('',*,*,#5166,.F.);
#6816=ORIENTED_EDGE('',*,*,#5178,.T.);
#6817=ORIENTED_EDGE('',*,*,#4909,.T.);
#6818=ORIENTED_EDGE('',*,*,#5181,.T.);
#6819=ORIENTED_EDGE('',*,*,#5168,.F.);
#6820=ORIENTED_EDGE('',*,*,#5179,.T.);
#6821=ORIENTED_EDGE('',*,*,#5164,.F.);
#6822=ORIENTED_EDGE('',*,*,#5182,.F.);
#6823=ORIENTED_EDGE('',*,*,#5114,.F.);
#6824=ORIENTED_EDGE('',*,*,#5183,.F.);
#6825=ORIENTED_EDGE('',*,*,#5119,.F.);
#6826=ORIENTED_EDGE('',*,*,#5184,.F.);
#6827=ORIENTED_EDGE('',*,*,#5117,.F.);
#6828=ORIENTED_EDGE('',*,*,#5185,.F.);
#6829=ORIENTED_EDGE('',*,*,#5113,.F.);
#6830=ORIENTED_EDGE('',*,*,#4984,.F.);
#6831=ORIENTED_EDGE('',*,*,#5115,.F.);
#6832=ORIENTED_EDGE('',*,*,#5183,.T.);
#6833=ORIENTED_EDGE('',*,*,#5118,.F.);
#6834=ORIENTED_EDGE('',*,*,#5184,.T.);
#6835=ORIENTED_EDGE('',*,*,#4953,.T.);
#6836=ORIENTED_EDGE('',*,*,#4994,.T.);
#6837=ORIENTED_EDGE('',*,*,#5120,.F.);
#6838=ORIENTED_EDGE('',*,*,#5185,.T.);
#6839=ORIENTED_EDGE('',*,*,#5116,.F.);
#6840=ORIENTED_EDGE('',*,*,#4995,.F.);
#6841=ORIENTED_EDGE('',*,*,#5138,.F.);
#6842=ORIENTED_EDGE('',*,*,#5186,.F.);
#6843=ORIENTED_EDGE('',*,*,#5143,.F.);
#6844=ORIENTED_EDGE('',*,*,#5187,.F.);
#6845=ORIENTED_EDGE('',*,*,#5141,.F.);
#6846=ORIENTED_EDGE('',*,*,#5188,.F.);
#6847=ORIENTED_EDGE('',*,*,#5137,.F.);
#6848=ORIENTED_EDGE('',*,*,#5017,.F.);
#6849=ORIENTED_EDGE('',*,*,#5139,.F.);
#6850=ORIENTED_EDGE('',*,*,#5186,.T.);
#6851=ORIENTED_EDGE('',*,*,#5142,.F.);
#6852=ORIENTED_EDGE('',*,*,#5187,.T.);
#6853=ORIENTED_EDGE('',*,*,#4973,.T.);
#6854=ORIENTED_EDGE('',*,*,#5021,.T.);
#6855=ORIENTED_EDGE('',*,*,#5144,.F.);
#6856=ORIENTED_EDGE('',*,*,#5188,.T.);
#6857=ORIENTED_EDGE('',*,*,#5140,.F.);
#6858=ORIENTED_EDGE('',*,*,#5022,.F.);
#6859=ORIENTED_EDGE('',*,*,#5130,.F.);
#6860=ORIENTED_EDGE('',*,*,#5189,.F.);
#6861=ORIENTED_EDGE('',*,*,#5135,.F.);
#6862=ORIENTED_EDGE('',*,*,#5190,.F.);
#6863=ORIENTED_EDGE('',*,*,#5133,.F.);
#6864=ORIENTED_EDGE('',*,*,#5191,.F.);
#6865=ORIENTED_EDGE('',*,*,#5129,.F.);
#6866=ORIENTED_EDGE('',*,*,#5008,.F.);
#6867=ORIENTED_EDGE('',*,*,#5131,.F.);
#6868=ORIENTED_EDGE('',*,*,#5189,.T.);
#6869=ORIENTED_EDGE('',*,*,#5134,.F.);
#6870=ORIENTED_EDGE('',*,*,#5190,.T.);
#6871=ORIENTED_EDGE('',*,*,#4963,.T.);
#6872=ORIENTED_EDGE('',*,*,#5012,.T.);
#6873=ORIENTED_EDGE('',*,*,#5136,.F.);
#6874=ORIENTED_EDGE('',*,*,#5191,.T.);
#6875=ORIENTED_EDGE('',*,*,#5132,.F.);
#6876=ORIENTED_EDGE('',*,*,#5013,.F.);
#6877=ORIENTED_EDGE('',*,*,#5153,.F.);
#6878=ORIENTED_EDGE('',*,*,#5192,.F.);
#6879=ORIENTED_EDGE('',*,*,#5157,.F.);
#6880=ORIENTED_EDGE('',*,*,#5193,.F.);
#6881=ORIENTED_EDGE('',*,*,#5155,.F.);
#6882=ORIENTED_EDGE('',*,*,#5043,.F.);
#6883=ORIENTED_EDGE('',*,*,#5152,.F.);
#6884=ORIENTED_EDGE('',*,*,#5037,.F.);
#6885=ORIENTED_EDGE('',*,*,#5154,.F.);
#6886=ORIENTED_EDGE('',*,*,#5192,.T.);
#6887=ORIENTED_EDGE('',*,*,#5156,.F.);
#6888=ORIENTED_EDGE('',*,*,#5193,.T.);
#6889=ORIENTED_EDGE('',*,*,#5122,.F.);
#6890=ORIENTED_EDGE('',*,*,#5194,.F.);
#6891=ORIENTED_EDGE('',*,*,#5127,.F.);
#6892=ORIENTED_EDGE('',*,*,#5195,.F.);
#6893=ORIENTED_EDGE('',*,*,#5125,.F.);
#6894=ORIENTED_EDGE('',*,*,#5196,.F.);
#6895=ORIENTED_EDGE('',*,*,#5121,.F.);
#6896=ORIENTED_EDGE('',*,*,#4999,.F.);
#6897=ORIENTED_EDGE('',*,*,#5123,.F.);
#6898=ORIENTED_EDGE('',*,*,#5194,.T.);
#6899=ORIENTED_EDGE('',*,*,#5126,.F.);
#6900=ORIENTED_EDGE('',*,*,#5195,.T.);
#6901=ORIENTED_EDGE('',*,*,#4958,.T.);
#6902=ORIENTED_EDGE('',*,*,#5003,.T.);
#6903=ORIENTED_EDGE('',*,*,#5128,.F.);
#6904=ORIENTED_EDGE('',*,*,#5196,.T.);
#6905=ORIENTED_EDGE('',*,*,#5124,.F.);
#6906=ORIENTED_EDGE('',*,*,#5004,.F.);
#6907=ORIENTED_EDGE('',*,*,#5146,.F.);
#6908=ORIENTED_EDGE('',*,*,#5197,.F.);
#6909=ORIENTED_EDGE('',*,*,#5151,.F.);
#6910=ORIENTED_EDGE('',*,*,#5198,.F.);
#6911=ORIENTED_EDGE('',*,*,#5149,.F.);
#6912=ORIENTED_EDGE('',*,*,#5030,.F.);
#6913=ORIENTED_EDGE('',*,*,#5145,.F.);
#6914=ORIENTED_EDGE('',*,*,#5026,.F.);
#6915=ORIENTED_EDGE('',*,*,#5147,.F.);
#6916=ORIENTED_EDGE('',*,*,#5197,.T.);
#6917=ORIENTED_EDGE('',*,*,#5150,.F.);
#6918=ORIENTED_EDGE('',*,*,#5198,.T.);
#6919=ORIENTED_EDGE('',*,*,#5104,.F.);
#6920=ORIENTED_EDGE('',*,*,#5199,.F.);
#6921=ORIENTED_EDGE('',*,*,#5110,.F.);
#6922=ORIENTED_EDGE('',*,*,#5200,.F.);
#6923=ORIENTED_EDGE('',*,*,#5108,.F.);
#6924=ORIENTED_EDGE('',*,*,#5201,.F.);
#6925=ORIENTED_EDGE('',*,*,#5103,.F.);
#6926=ORIENTED_EDGE('',*,*,#4989,.F.);
#6927=ORIENTED_EDGE('',*,*,#5105,.F.);
#6928=ORIENTED_EDGE('',*,*,#5199,.T.);
#6929=ORIENTED_EDGE('',*,*,#5109,.F.);
#6930=ORIENTED_EDGE('',*,*,#5200,.T.);
#6931=ORIENTED_EDGE('',*,*,#4949,.T.);
#6932=ORIENTED_EDGE('',*,*,#5202,.T.);
#6933=ORIENTED_EDGE('',*,*,#5111,.F.);
#6934=ORIENTED_EDGE('',*,*,#5201,.T.);
#6935=ORIENTED_EDGE('',*,*,#5107,.F.);
#6936=ORIENTED_EDGE('',*,*,#5203,.F.);
#6937=ORIENTED_EDGE('',*,*,#5093,.F.);
#6938=ORIENTED_EDGE('',*,*,#5204,.F.);
#6939=ORIENTED_EDGE('',*,*,#5100,.F.);
#6940=ORIENTED_EDGE('',*,*,#5205,.F.);
#6941=ORIENTED_EDGE('',*,*,#5098,.F.);
#6942=ORIENTED_EDGE('',*,*,#5206,.F.);
#6943=ORIENTED_EDGE('',*,*,#5092,.F.);
#6944=ORIENTED_EDGE('',*,*,#5207,.F.);
#6945=ORIENTED_EDGE('',*,*,#5094,.F.);
#6946=ORIENTED_EDGE('',*,*,#5204,.T.);
#6947=ORIENTED_EDGE('',*,*,#5099,.F.);
#6948=ORIENTED_EDGE('',*,*,#5205,.T.);
#6949=ORIENTED_EDGE('',*,*,#4927,.T.);
#6950=ORIENTED_EDGE('',*,*,#5208,.T.);
#6951=ORIENTED_EDGE('',*,*,#5101,.F.);
#6952=ORIENTED_EDGE('',*,*,#5206,.T.);
#6953=ORIENTED_EDGE('',*,*,#5097,.F.);
#6954=ORIENTED_EDGE('',*,*,#5209,.F.);
#6955=ORIENTED_EDGE('',*,*,#5087,.F.);
#6956=ORIENTED_EDGE('',*,*,#5210,.T.);
#6957=ORIENTED_EDGE('',*,*,#5081,.F.);
#6958=ORIENTED_EDGE('',*,*,#5211,.F.);
#6959=ORIENTED_EDGE('',*,*,#5080,.F.);
#6960=ORIENTED_EDGE('',*,*,#5212,.F.);
#6961=ORIENTED_EDGE('',*,*,#5082,.F.);
#6962=ORIENTED_EDGE('',*,*,#5211,.T.);
#6963=ORIENTED_EDGE('',*,*,#5086,.F.);
#6964=ORIENTED_EDGE('',*,*,#5213,.F.);
#6965=ORIENTED_EDGE('',*,*,#5088,.F.);
#6966=ORIENTED_EDGE('',*,*,#5210,.F.);
#6967=ORIENTED_EDGE('',*,*,#4922,.T.);
#6968=ORIENTED_EDGE('',*,*,#5176,.T.);
#6969=ORIENTED_EDGE('',*,*,#5072,.F.);
#6970=ORIENTED_EDGE('',*,*,#5214,.F.);
#6971=ORIENTED_EDGE('',*,*,#4918,.T.);
#6972=ORIENTED_EDGE('',*,*,#4919,.T.);
#6973=ORIENTED_EDGE('',*,*,#5214,.T.);
#6974=ORIENTED_EDGE('',*,*,#5071,.F.);
#6975=ORIENTED_EDGE('',*,*,#5174,.T.);
#6976=ORIENTED_EDGE('',*,*,#5067,.F.);
#6977=ORIENTED_EDGE('',*,*,#5215,.F.);
#6978=ORIENTED_EDGE('',*,*,#4914,.T.);
#6979=ORIENTED_EDGE('',*,*,#5215,.T.);
#6980=ORIENTED_EDGE('',*,*,#5066,.F.);
#6981=ORIENTED_EDGE('',*,*,#5060,.F.);
#6982=ORIENTED_EDGE('',*,*,#4916,.T.);
#6983=ORIENTED_EDGE('',*,*,#5063,.T.);
#6984=ORIENTED_EDGE('',*,*,#5065,.F.);
#6985=ORIENTED_EDGE('',*,*,#5216,.F.);
#6986=ORIENTED_EDGE('',*,*,#4912,.T.);
#6987=ORIENTED_EDGE('',*,*,#4913,.T.);
#6988=ORIENTED_EDGE('',*,*,#5216,.T.);
#6989=ORIENTED_EDGE('',*,*,#5064,.F.);
#6990=ORIENTED_EDGE('',*,*,#5057,.T.);
#6991=ORIENTED_EDGE('',*,*,#5170,.F.);
#6992=ORIENTED_EDGE('',*,*,#5217,.F.);
#6993=ORIENTED_EDGE('',*,*,#4908,.T.);
#6994=ORIENTED_EDGE('',*,*,#5217,.T.);
#6995=ORIENTED_EDGE('',*,*,#5169,.F.);
#6996=ORIENTED_EDGE('',*,*,#5181,.F.);
#6997=ORIENTED_EDGE('',*,*,#4910,.T.);
#6998=ORIENTED_EDGE('',*,*,#5182,.T.);
#6999=ORIENTED_EDGE('',*,*,#5163,.F.);
#7000=ORIENTED_EDGE('',*,*,#5218,.F.);
#7001=ORIENTED_EDGE('',*,*,#4980,.T.);
#7002=ORIENTED_EDGE('',*,*,#4981,.T.);
#7003=ORIENTED_EDGE('',*,*,#5218,.T.);
#7004=ORIENTED_EDGE('',*,*,#5162,.F.);
#7005=ORIENTED_EDGE('',*,*,#5180,.T.);
#7006=ORIENTED_EDGE('',*,*,#5158,.F.);
#7007=ORIENTED_EDGE('',*,*,#5045,.F.);
#7008=ORIENTED_EDGE('',*,*,#4969,.T.);
#7009=ORIENTED_EDGE('',*,*,#5032,.T.);
#7010=ORIENTED_EDGE('',*,*,#5148,.F.);
#7011=ORIENTED_EDGE('',*,*,#5024,.F.);
#7012=ORIENTED_EDGE('',*,*,#4975,.T.);
#7013=ORIENTED_EDGE('',*,*,#4948,.T.);
#7014=ORIENTED_EDGE('',*,*,#4986,.T.);
#7015=ORIENTED_EDGE('',*,*,#5112,.F.);
#7016=ORIENTED_EDGE('',*,*,#5202,.F.);
#7017=ORIENTED_EDGE('',*,*,#4950,.T.);
#7018=ORIENTED_EDGE('',*,*,#5203,.T.);
#7019=ORIENTED_EDGE('',*,*,#5106,.F.);
#7020=ORIENTED_EDGE('',*,*,#4987,.F.);
#7021=ORIENTED_EDGE('',*,*,#4930,.T.);
#7022=ORIENTED_EDGE('',*,*,#4926,.T.);
#7023=ORIENTED_EDGE('',*,*,#4991,.T.);
#7024=ORIENTED_EDGE('',*,*,#5102,.F.);
#7025=ORIENTED_EDGE('',*,*,#5208,.F.);
#7026=ORIENTED_EDGE('',*,*,#4928,.T.);
#7027=ORIENTED_EDGE('',*,*,#5209,.T.);
#7028=ORIENTED_EDGE('',*,*,#5096,.F.);
#7029=ORIENTED_EDGE('',*,*,#5219,.F.);
#7030=ORIENTED_EDGE('',*,*,#4937,.T.);
#7031=ORIENTED_EDGE('',*,*,#4932,.T.);
#7032=ORIENTED_EDGE('',*,*,#5219,.T.);
#7033=ORIENTED_EDGE('',*,*,#5095,.F.);
#7034=ORIENTED_EDGE('',*,*,#5207,.T.);
#7035=ORIENTED_EDGE('',*,*,#5091,.F.);
#7036=ORIENTED_EDGE('',*,*,#5220,.F.);
#7037=ORIENTED_EDGE('',*,*,#4933,.T.);
#7038=ORIENTED_EDGE('',*,*,#5220,.T.);
#7039=ORIENTED_EDGE('',*,*,#5090,.F.);
#7040=ORIENTED_EDGE('',*,*,#5221,.F.);
#7041=ORIENTED_EDGE('',*,*,#4934,.T.);
#7042=ORIENTED_EDGE('',*,*,#5221,.T.);
#7043=ORIENTED_EDGE('',*,*,#5089,.F.);
#7044=ORIENTED_EDGE('',*,*,#5213,.T.);
#7045=ORIENTED_EDGE('',*,*,#5085,.F.);
#7046=ORIENTED_EDGE('',*,*,#5222,.F.);
#7047=ORIENTED_EDGE('',*,*,#4935,.T.);
#7048=ORIENTED_EDGE('',*,*,#5222,.T.);
#7049=ORIENTED_EDGE('',*,*,#5084,.F.);
#7050=ORIENTED_EDGE('',*,*,#5223,.F.);
#7051=ORIENTED_EDGE('',*,*,#4924,.T.);
#7052=ORIENTED_EDGE('',*,*,#4925,.T.);
#7053=ORIENTED_EDGE('',*,*,#5223,.T.);
#7054=ORIENTED_EDGE('',*,*,#5083,.F.);
#7055=ORIENTED_EDGE('',*,*,#5212,.T.);
#7056=ORIENTED_EDGE('',*,*,#5079,.F.);
#7057=ORIENTED_EDGE('',*,*,#5224,.F.);
#7058=ORIENTED_EDGE('',*,*,#4920,.T.);
#7059=ORIENTED_EDGE('',*,*,#5224,.T.);
#7060=ORIENTED_EDGE('',*,*,#5078,.F.);
#7061=ORIENTED_EDGE('',*,*,#5175,.F.);
#7062=ORIENTED_EDGE('',*,*,#4938,.T.);
#7063=ORIENTED_EDGE('',*,*,#4898,.T.);
#7064=ORIENTED_EDGE('',*,*,#4901,.T.);
#7065=ORIENTED_EDGE('',*,*,#4904,.T.);
#7066=ORIENTED_EDGE('',*,*,#4907,.T.);
#7067=ORIENTED_EDGE('',*,*,#5047,.T.);
#7068=ORIENTED_EDGE('',*,*,#5225,.F.);
#7069=ORIENTED_EDGE('',*,*,#5226,.T.);
#7070=ORIENTED_EDGE('',*,*,#5227,.F.);
#7071=ORIENTED_EDGE('',*,*,#5226,.F.);
#7072=ORIENTED_EDGE('',*,*,#5228,.F.);
#7073=ORIENTED_EDGE('',*,*,#5229,.T.);
#7074=ORIENTED_EDGE('',*,*,#5230,.F.);
#7075=ORIENTED_EDGE('',*,*,#5229,.F.);
#7076=ORIENTED_EDGE('',*,*,#5231,.F.);
#7077=ORIENTED_EDGE('',*,*,#5232,.T.);
#7078=ORIENTED_EDGE('',*,*,#5233,.F.);
#7079=ORIENTED_EDGE('',*,*,#5232,.F.);
#7080=ORIENTED_EDGE('',*,*,#5234,.F.);
#7081=ORIENTED_EDGE('',*,*,#5235,.T.);
#7082=ORIENTED_EDGE('',*,*,#5236,.F.);
#7083=ORIENTED_EDGE('',*,*,#5235,.F.);
#7084=ORIENTED_EDGE('',*,*,#5237,.F.);
#7085=ORIENTED_EDGE('',*,*,#5238,.T.);
#7086=ORIENTED_EDGE('',*,*,#5239,.F.);
#7087=ORIENTED_EDGE('',*,*,#5240,.T.);
#7088=ORIENTED_EDGE('',*,*,#5241,.F.);
#7089=ORIENTED_EDGE('',*,*,#5242,.F.);
#7090=ORIENTED_EDGE('',*,*,#5243,.F.);
#7091=ORIENTED_EDGE('',*,*,#5244,.F.);
#7092=ORIENTED_EDGE('',*,*,#5245,.F.);
#7093=ORIENTED_EDGE('',*,*,#5238,.F.);
#7094=ORIENTED_EDGE('',*,*,#5246,.F.);
#7095=ORIENTED_EDGE('',*,*,#5240,.F.);
#7096=ORIENTED_EDGE('',*,*,#5242,.T.);
#7097=ORIENTED_EDGE('',*,*,#5247,.T.);
#7098=ORIENTED_EDGE('',*,*,#5248,.T.);
#7099=ORIENTED_EDGE('',*,*,#5249,.F.);
#7100=ORIENTED_EDGE('',*,*,#5250,.F.);
#7101=ORIENTED_EDGE('',*,*,#5251,.T.);
#7102=ORIENTED_EDGE('',*,*,#5243,.T.);
#7103=ORIENTED_EDGE('',*,*,#5237,.T.);
#7104=ORIENTED_EDGE('',*,*,#5245,.T.);
#7105=ORIENTED_EDGE('',*,*,#5252,.F.);
#7106=ORIENTED_EDGE('',*,*,#5253,.F.);
#7107=ORIENTED_EDGE('',*,*,#5247,.F.);
#7108=ORIENTED_EDGE('',*,*,#5241,.T.);
#7109=ORIENTED_EDGE('',*,*,#5246,.T.);
#7110=ORIENTED_EDGE('',*,*,#5239,.T.);
#7111=ORIENTED_EDGE('',*,*,#5251,.F.);
#7112=ORIENTED_EDGE('',*,*,#5254,.F.);
#7113=ORIENTED_EDGE('',*,*,#5255,.F.);
#7114=ORIENTED_EDGE('',*,*,#5256,.T.);
#7115=ORIENTED_EDGE('',*,*,#5257,.T.);
#7116=ORIENTED_EDGE('',*,*,#5258,.T.);
#7117=ORIENTED_EDGE('',*,*,#5259,.F.);
#7118=ORIENTED_EDGE('',*,*,#5260,.F.);
#7119=ORIENTED_EDGE('',*,*,#5261,.F.);
#7120=ORIENTED_EDGE('',*,*,#5262,.T.);
#7121=ORIENTED_EDGE('',*,*,#5263,.T.);
#7122=ORIENTED_EDGE('',*,*,#5264,.T.);
#7123=ORIENTED_EDGE('',*,*,#5265,.F.);
#7124=ORIENTED_EDGE('',*,*,#5266,.F.);
#7125=ORIENTED_EDGE('',*,*,#5267,.F.);
#7126=ORIENTED_EDGE('',*,*,#5268,.T.);
#7127=ORIENTED_EDGE('',*,*,#5269,.T.);
#7128=ORIENTED_EDGE('',*,*,#5270,.T.);
#7129=ORIENTED_EDGE('',*,*,#5271,.F.);
#7130=ORIENTED_EDGE('',*,*,#5272,.F.);
#7131=ORIENTED_EDGE('',*,*,#5273,.F.);
#7132=ORIENTED_EDGE('',*,*,#5274,.T.);
#7133=ORIENTED_EDGE('',*,*,#5275,.T.);
#7134=ORIENTED_EDGE('',*,*,#5276,.T.);
#7135=ORIENTED_EDGE('',*,*,#5277,.F.);
#7136=ORIENTED_EDGE('',*,*,#5278,.F.);
#7137=ORIENTED_EDGE('',*,*,#5279,.F.);
#7138=ORIENTED_EDGE('',*,*,#5280,.T.);
#7139=ORIENTED_EDGE('',*,*,#5281,.T.);
#7140=ORIENTED_EDGE('',*,*,#5282,.T.);
#7141=ORIENTED_EDGE('',*,*,#5283,.F.);
#7142=ORIENTED_EDGE('',*,*,#5284,.F.);
#7143=ORIENTED_EDGE('',*,*,#5285,.F.);
#7144=ORIENTED_EDGE('',*,*,#5286,.T.);
#7145=ORIENTED_EDGE('',*,*,#5287,.T.);
#7146=ORIENTED_EDGE('',*,*,#5288,.T.);
#7147=ORIENTED_EDGE('',*,*,#5289,.F.);
#7148=ORIENTED_EDGE('',*,*,#5290,.F.);
#7149=ORIENTED_EDGE('',*,*,#5291,.F.);
#7150=ORIENTED_EDGE('',*,*,#5292,.T.);
#7151=ORIENTED_EDGE('',*,*,#5293,.T.);
#7152=ORIENTED_EDGE('',*,*,#5294,.T.);
#7153=ORIENTED_EDGE('',*,*,#5295,.F.);
#7154=ORIENTED_EDGE('',*,*,#5296,.F.);
#7155=ORIENTED_EDGE('',*,*,#5297,.F.);
#7156=ORIENTED_EDGE('',*,*,#5298,.T.);
#7157=ORIENTED_EDGE('',*,*,#5299,.T.);
#7158=ORIENTED_EDGE('',*,*,#5300,.T.);
#7159=ORIENTED_EDGE('',*,*,#5301,.F.);
#7160=ORIENTED_EDGE('',*,*,#5302,.F.);
#7161=ORIENTED_EDGE('',*,*,#5303,.F.);
#7162=ORIENTED_EDGE('',*,*,#5304,.T.);
#7163=ORIENTED_EDGE('',*,*,#5305,.T.);
#7164=ORIENTED_EDGE('',*,*,#5306,.T.);
#7165=ORIENTED_EDGE('',*,*,#5307,.F.);
#7166=ORIENTED_EDGE('',*,*,#5308,.F.);
#7167=ORIENTED_EDGE('',*,*,#5309,.F.);
#7168=ORIENTED_EDGE('',*,*,#5310,.T.);
#7169=ORIENTED_EDGE('',*,*,#5311,.T.);
#7170=ORIENTED_EDGE('',*,*,#5312,.T.);
#7171=ORIENTED_EDGE('',*,*,#5313,.F.);
#7172=ORIENTED_EDGE('',*,*,#5314,.F.);
#7173=ORIENTED_EDGE('',*,*,#5315,.F.);
#7174=ORIENTED_EDGE('',*,*,#5316,.T.);
#7175=ORIENTED_EDGE('',*,*,#5317,.T.);
#7176=ORIENTED_EDGE('',*,*,#5318,.T.);
#7177=ORIENTED_EDGE('',*,*,#5319,.F.);
#7178=ORIENTED_EDGE('',*,*,#5320,.F.);
#7179=ORIENTED_EDGE('',*,*,#5321,.F.);
#7180=ORIENTED_EDGE('',*,*,#5322,.T.);
#7181=ORIENTED_EDGE('',*,*,#5323,.T.);
#7182=ORIENTED_EDGE('',*,*,#5324,.T.);
#7183=ORIENTED_EDGE('',*,*,#5325,.F.);
#7184=ORIENTED_EDGE('',*,*,#5326,.F.);
#7185=ORIENTED_EDGE('',*,*,#5327,.F.);
#7186=ORIENTED_EDGE('',*,*,#5328,.T.);
#7187=ORIENTED_EDGE('',*,*,#5329,.T.);
#7188=ORIENTED_EDGE('',*,*,#5330,.T.);
#7189=ORIENTED_EDGE('',*,*,#5331,.F.);
#7190=ORIENTED_EDGE('',*,*,#5332,.F.);
#7191=ORIENTED_EDGE('',*,*,#5333,.F.);
#7192=ORIENTED_EDGE('',*,*,#5334,.T.);
#7193=ORIENTED_EDGE('',*,*,#5335,.T.);
#7194=ORIENTED_EDGE('',*,*,#5336,.T.);
#7195=ORIENTED_EDGE('',*,*,#5337,.F.);
#7196=ORIENTED_EDGE('',*,*,#5338,.F.);
#7197=ORIENTED_EDGE('',*,*,#5339,.F.);
#7198=ORIENTED_EDGE('',*,*,#5340,.T.);
#7199=ORIENTED_EDGE('',*,*,#5341,.T.);
#7200=ORIENTED_EDGE('',*,*,#5342,.T.);
#7201=ORIENTED_EDGE('',*,*,#5343,.F.);
#7202=ORIENTED_EDGE('',*,*,#5344,.F.);
#7203=ORIENTED_EDGE('',*,*,#5345,.F.);
#7204=ORIENTED_EDGE('',*,*,#5346,.T.);
#7205=ORIENTED_EDGE('',*,*,#5347,.T.);
#7206=ORIENTED_EDGE('',*,*,#5348,.T.);
#7207=ORIENTED_EDGE('',*,*,#5349,.F.);
#7208=ORIENTED_EDGE('',*,*,#5350,.F.);
#7209=ORIENTED_EDGE('',*,*,#5351,.F.);
#7210=ORIENTED_EDGE('',*,*,#5352,.T.);
#7211=ORIENTED_EDGE('',*,*,#5353,.T.);
#7212=ORIENTED_EDGE('',*,*,#5354,.T.);
#7213=ORIENTED_EDGE('',*,*,#5355,.F.);
#7214=ORIENTED_EDGE('',*,*,#5356,.F.);
#7215=ORIENTED_EDGE('',*,*,#5357,.F.);
#7216=ORIENTED_EDGE('',*,*,#5358,.T.);
#7217=ORIENTED_EDGE('',*,*,#5359,.T.);
#7218=ORIENTED_EDGE('',*,*,#5360,.T.);
#7219=ORIENTED_EDGE('',*,*,#5361,.F.);
#7220=ORIENTED_EDGE('',*,*,#5362,.F.);
#7221=ORIENTED_EDGE('',*,*,#5363,.F.);
#7222=ORIENTED_EDGE('',*,*,#5364,.T.);
#7223=ORIENTED_EDGE('',*,*,#5365,.T.);
#7224=ORIENTED_EDGE('',*,*,#5366,.T.);
#7225=ORIENTED_EDGE('',*,*,#5367,.F.);
#7226=ORIENTED_EDGE('',*,*,#5368,.F.);
#7227=ORIENTED_EDGE('',*,*,#5369,.F.);
#7228=ORIENTED_EDGE('',*,*,#5370,.T.);
#7229=ORIENTED_EDGE('',*,*,#5371,.T.);
#7230=ORIENTED_EDGE('',*,*,#5372,.T.);
#7231=ORIENTED_EDGE('',*,*,#5373,.F.);
#7232=ORIENTED_EDGE('',*,*,#5374,.F.);
#7233=ORIENTED_EDGE('',*,*,#5375,.F.);
#7234=ORIENTED_EDGE('',*,*,#5376,.T.);
#7235=ORIENTED_EDGE('',*,*,#5377,.T.);
#7236=ORIENTED_EDGE('',*,*,#5378,.T.);
#7237=ORIENTED_EDGE('',*,*,#5379,.F.);
#7238=ORIENTED_EDGE('',*,*,#5380,.F.);
#7239=ORIENTED_EDGE('',*,*,#5381,.F.);
#7240=ORIENTED_EDGE('',*,*,#5382,.T.);
#7241=ORIENTED_EDGE('',*,*,#5383,.T.);
#7242=ORIENTED_EDGE('',*,*,#5384,.T.);
#7243=ORIENTED_EDGE('',*,*,#5385,.F.);
#7244=ORIENTED_EDGE('',*,*,#5386,.F.);
#7245=ORIENTED_EDGE('',*,*,#5387,.F.);
#7246=ORIENTED_EDGE('',*,*,#5227,.T.);
#7247=ORIENTED_EDGE('',*,*,#5230,.T.);
#7248=ORIENTED_EDGE('',*,*,#5233,.T.);
#7249=ORIENTED_EDGE('',*,*,#5236,.T.);
#7250=ORIENTED_EDGE('',*,*,#5305,.F.);
#7251=ORIENTED_EDGE('',*,*,#5388,.T.);
#7252=ORIENTED_EDGE('',*,*,#5312,.F.);
#7253=ORIENTED_EDGE('',*,*,#5389,.T.);
#7254=ORIENTED_EDGE('',*,*,#5310,.F.);
#7255=ORIENTED_EDGE('',*,*,#5390,.F.);
#7256=ORIENTED_EDGE('',*,*,#5304,.F.);
#7257=ORIENTED_EDGE('',*,*,#5391,.F.);
#7258=ORIENTED_EDGE('',*,*,#5306,.F.);
#7259=ORIENTED_EDGE('',*,*,#5388,.F.);
#7260=ORIENTED_EDGE('',*,*,#5311,.F.);
#7261=ORIENTED_EDGE('',*,*,#5389,.F.);
#7262=ORIENTED_EDGE('',*,*,#5390,.T.);
#7263=ORIENTED_EDGE('',*,*,#5309,.T.);
#7264=ORIENTED_EDGE('',*,*,#5392,.T.);
#7265=ORIENTED_EDGE('',*,*,#5393,.F.);
#7266=ORIENTED_EDGE('',*,*,#5394,.F.);
#7267=ORIENTED_EDGE('',*,*,#5313,.T.);
#7268=ORIENTED_EDGE('',*,*,#5341,.F.);
#7269=ORIENTED_EDGE('',*,*,#5395,.T.);
#7270=ORIENTED_EDGE('',*,*,#5348,.F.);
#7271=ORIENTED_EDGE('',*,*,#5396,.T.);
#7272=ORIENTED_EDGE('',*,*,#5346,.F.);
#7273=ORIENTED_EDGE('',*,*,#5397,.F.);
#7274=ORIENTED_EDGE('',*,*,#5340,.F.);
#7275=ORIENTED_EDGE('',*,*,#5398,.F.);
#7276=ORIENTED_EDGE('',*,*,#5342,.F.);
#7277=ORIENTED_EDGE('',*,*,#5395,.F.);
#7278=ORIENTED_EDGE('',*,*,#5347,.F.);
#7279=ORIENTED_EDGE('',*,*,#5396,.F.);
#7280=ORIENTED_EDGE('',*,*,#5397,.T.);
#7281=ORIENTED_EDGE('',*,*,#5345,.T.);
#7282=ORIENTED_EDGE('',*,*,#5399,.T.);
#7283=ORIENTED_EDGE('',*,*,#5400,.F.);
#7284=ORIENTED_EDGE('',*,*,#5401,.F.);
#7285=ORIENTED_EDGE('',*,*,#5349,.T.);
#7286=ORIENTED_EDGE('',*,*,#5293,.F.);
#7287=ORIENTED_EDGE('',*,*,#5402,.T.);
#7288=ORIENTED_EDGE('',*,*,#5300,.F.);
#7289=ORIENTED_EDGE('',*,*,#5403,.T.);
#7290=ORIENTED_EDGE('',*,*,#5298,.F.);
#7291=ORIENTED_EDGE('',*,*,#5404,.F.);
#7292=ORIENTED_EDGE('',*,*,#5292,.F.);
#7293=ORIENTED_EDGE('',*,*,#5405,.F.);
#7294=ORIENTED_EDGE('',*,*,#5294,.F.);
#7295=ORIENTED_EDGE('',*,*,#5402,.F.);
#7296=ORIENTED_EDGE('',*,*,#5299,.F.);
#7297=ORIENTED_EDGE('',*,*,#5403,.F.);
#7298=ORIENTED_EDGE('',*,*,#5404,.T.);
#7299=ORIENTED_EDGE('',*,*,#5297,.T.);
#7300=ORIENTED_EDGE('',*,*,#5406,.T.);
#7301=ORIENTED_EDGE('',*,*,#5407,.F.);
#7302=ORIENTED_EDGE('',*,*,#5408,.F.);
#7303=ORIENTED_EDGE('',*,*,#5301,.T.);
#7304=ORIENTED_EDGE('',*,*,#5317,.F.);
#7305=ORIENTED_EDGE('',*,*,#5409,.T.);
#7306=ORIENTED_EDGE('',*,*,#5324,.F.);
#7307=ORIENTED_EDGE('',*,*,#5410,.T.);
#7308=ORIENTED_EDGE('',*,*,#5322,.F.);
#7309=ORIENTED_EDGE('',*,*,#5411,.F.);
#7310=ORIENTED_EDGE('',*,*,#5316,.F.);
#7311=ORIENTED_EDGE('',*,*,#5412,.F.);
#7312=ORIENTED_EDGE('',*,*,#5318,.F.);
#7313=ORIENTED_EDGE('',*,*,#5409,.F.);
#7314=ORIENTED_EDGE('',*,*,#5323,.F.);
#7315=ORIENTED_EDGE('',*,*,#5410,.F.);
#7316=ORIENTED_EDGE('',*,*,#5411,.T.);
#7317=ORIENTED_EDGE('',*,*,#5321,.T.);
#7318=ORIENTED_EDGE('',*,*,#5413,.T.);
#7319=ORIENTED_EDGE('',*,*,#5414,.F.);
#7320=ORIENTED_EDGE('',*,*,#5415,.F.);
#7321=ORIENTED_EDGE('',*,*,#5325,.T.);
#7322=ORIENTED_EDGE('',*,*,#5329,.F.);
#7323=ORIENTED_EDGE('',*,*,#5416,.T.);
#7324=ORIENTED_EDGE('',*,*,#5336,.F.);
#7325=ORIENTED_EDGE('',*,*,#5417,.T.);
#7326=ORIENTED_EDGE('',*,*,#5334,.F.);
#7327=ORIENTED_EDGE('',*,*,#5418,.F.);
#7328=ORIENTED_EDGE('',*,*,#5328,.F.);
#7329=ORIENTED_EDGE('',*,*,#5419,.F.);
#7330=ORIENTED_EDGE('',*,*,#5330,.F.);
#7331=ORIENTED_EDGE('',*,*,#5416,.F.);
#7332=ORIENTED_EDGE('',*,*,#5335,.F.);
#7333=ORIENTED_EDGE('',*,*,#5417,.F.);
#7334=ORIENTED_EDGE('',*,*,#5418,.T.);
#7335=ORIENTED_EDGE('',*,*,#5333,.T.);
#7336=ORIENTED_EDGE('',*,*,#5420,.T.);
#7337=ORIENTED_EDGE('',*,*,#5421,.F.);
#7338=ORIENTED_EDGE('',*,*,#5422,.F.);
#7339=ORIENTED_EDGE('',*,*,#5337,.T.);
#7340=ORIENTED_EDGE('',*,*,#5269,.F.);
#7341=ORIENTED_EDGE('',*,*,#5423,.T.);
#7342=ORIENTED_EDGE('',*,*,#5276,.F.);
#7343=ORIENTED_EDGE('',*,*,#5424,.T.);
#7344=ORIENTED_EDGE('',*,*,#5274,.F.);
#7345=ORIENTED_EDGE('',*,*,#5425,.F.);
#7346=ORIENTED_EDGE('',*,*,#5268,.F.);
#7347=ORIENTED_EDGE('',*,*,#5426,.F.);
#7348=ORIENTED_EDGE('',*,*,#5270,.F.);
#7349=ORIENTED_EDGE('',*,*,#5423,.F.);
#7350=ORIENTED_EDGE('',*,*,#5275,.F.);
#7351=ORIENTED_EDGE('',*,*,#5424,.F.);
#7352=ORIENTED_EDGE('',*,*,#5425,.T.);
#7353=ORIENTED_EDGE('',*,*,#5273,.T.);
#7354=ORIENTED_EDGE('',*,*,#5427,.T.);
#7355=ORIENTED_EDGE('',*,*,#5428,.F.);
#7356=ORIENTED_EDGE('',*,*,#5429,.F.);
#7357=ORIENTED_EDGE('',*,*,#5277,.T.);
#7358=ORIENTED_EDGE('',*,*,#5281,.F.);
#7359=ORIENTED_EDGE('',*,*,#5430,.T.);
#7360=ORIENTED_EDGE('',*,*,#5288,.F.);
#7361=ORIENTED_EDGE('',*,*,#5431,.T.);
#7362=ORIENTED_EDGE('',*,*,#5286,.F.);
#7363=ORIENTED_EDGE('',*,*,#5432,.F.);
#7364=ORIENTED_EDGE('',*,*,#5280,.F.);
#7365=ORIENTED_EDGE('',*,*,#5433,.F.);
#7366=ORIENTED_EDGE('',*,*,#5282,.F.);
#7367=ORIENTED_EDGE('',*,*,#5430,.F.);
#7368=ORIENTED_EDGE('',*,*,#5287,.F.);
#7369=ORIENTED_EDGE('',*,*,#5431,.F.);
#7370=ORIENTED_EDGE('',*,*,#5432,.T.);
#7371=ORIENTED_EDGE('',*,*,#5285,.T.);
#7372=ORIENTED_EDGE('',*,*,#5434,.T.);
#7373=ORIENTED_EDGE('',*,*,#5435,.F.);
#7374=ORIENTED_EDGE('',*,*,#5436,.F.);
#7375=ORIENTED_EDGE('',*,*,#5289,.T.);
#7376=ORIENTED_EDGE('',*,*,#5353,.F.);
#7377=ORIENTED_EDGE('',*,*,#5437,.T.);
#7378=ORIENTED_EDGE('',*,*,#5360,.F.);
#7379=ORIENTED_EDGE('',*,*,#5438,.T.);
#7380=ORIENTED_EDGE('',*,*,#5358,.F.);
#7381=ORIENTED_EDGE('',*,*,#5439,.F.);
#7382=ORIENTED_EDGE('',*,*,#5352,.F.);
#7383=ORIENTED_EDGE('',*,*,#5440,.F.);
#7384=ORIENTED_EDGE('',*,*,#5354,.F.);
#7385=ORIENTED_EDGE('',*,*,#5437,.F.);
#7386=ORIENTED_EDGE('',*,*,#5359,.F.);
#7387=ORIENTED_EDGE('',*,*,#5438,.F.);
#7388=ORIENTED_EDGE('',*,*,#5439,.T.);
#7389=ORIENTED_EDGE('',*,*,#5357,.T.);
#7390=ORIENTED_EDGE('',*,*,#5441,.T.);
#7391=ORIENTED_EDGE('',*,*,#5442,.F.);
#7392=ORIENTED_EDGE('',*,*,#5443,.F.);
#7393=ORIENTED_EDGE('',*,*,#5361,.T.);
#7394=ORIENTED_EDGE('',*,*,#5257,.F.);
#7395=ORIENTED_EDGE('',*,*,#5444,.T.);
#7396=ORIENTED_EDGE('',*,*,#5264,.F.);
#7397=ORIENTED_EDGE('',*,*,#5445,.T.);
#7398=ORIENTED_EDGE('',*,*,#5262,.F.);
#7399=ORIENTED_EDGE('',*,*,#5446,.F.);
#7400=ORIENTED_EDGE('',*,*,#5256,.F.);
#7401=ORIENTED_EDGE('',*,*,#5447,.F.);
#7402=ORIENTED_EDGE('',*,*,#5258,.F.);
#7403=ORIENTED_EDGE('',*,*,#5444,.F.);
#7404=ORIENTED_EDGE('',*,*,#5263,.F.);
#7405=ORIENTED_EDGE('',*,*,#5445,.F.);
#7406=ORIENTED_EDGE('',*,*,#5446,.T.);
#7407=ORIENTED_EDGE('',*,*,#5261,.T.);
#7408=ORIENTED_EDGE('',*,*,#5448,.T.);
#7409=ORIENTED_EDGE('',*,*,#5449,.F.);
#7410=ORIENTED_EDGE('',*,*,#5450,.F.);
#7411=ORIENTED_EDGE('',*,*,#5265,.T.);
#7412=ORIENTED_EDGE('',*,*,#5365,.F.);
#7413=ORIENTED_EDGE('',*,*,#5451,.T.);
#7414=ORIENTED_EDGE('',*,*,#5372,.F.);
#7415=ORIENTED_EDGE('',*,*,#5452,.T.);
#7416=ORIENTED_EDGE('',*,*,#5370,.F.);
#7417=ORIENTED_EDGE('',*,*,#5453,.F.);
#7418=ORIENTED_EDGE('',*,*,#5364,.F.);
#7419=ORIENTED_EDGE('',*,*,#5454,.F.);
#7420=ORIENTED_EDGE('',*,*,#5366,.F.);
#7421=ORIENTED_EDGE('',*,*,#5451,.F.);
#7422=ORIENTED_EDGE('',*,*,#5371,.F.);
#7423=ORIENTED_EDGE('',*,*,#5452,.F.);
#7424=ORIENTED_EDGE('',*,*,#5453,.T.);
#7425=ORIENTED_EDGE('',*,*,#5369,.T.);
#7426=ORIENTED_EDGE('',*,*,#5455,.T.);
#7427=ORIENTED_EDGE('',*,*,#5456,.F.);
#7428=ORIENTED_EDGE('',*,*,#5457,.F.);
#7429=ORIENTED_EDGE('',*,*,#5373,.T.);
#7430=ORIENTED_EDGE('',*,*,#5377,.F.);
#7431=ORIENTED_EDGE('',*,*,#5458,.T.);
#7432=ORIENTED_EDGE('',*,*,#5383,.F.);
#7433=ORIENTED_EDGE('',*,*,#5459,.F.);
#7434=ORIENTED_EDGE('',*,*,#5382,.F.);
#7435=ORIENTED_EDGE('',*,*,#5460,.F.);
#7436=ORIENTED_EDGE('',*,*,#5384,.F.);
#7437=ORIENTED_EDGE('',*,*,#5459,.T.);
#7438=ORIENTED_EDGE('',*,*,#5376,.F.);
#7439=ORIENTED_EDGE('',*,*,#5461,.F.);
#7440=ORIENTED_EDGE('',*,*,#5378,.F.);
#7441=ORIENTED_EDGE('',*,*,#5458,.F.);
#7442=ORIENTED_EDGE('',*,*,#5244,.T.);
#7443=ORIENTED_EDGE('',*,*,#5387,.T.);
#7444=ORIENTED_EDGE('',*,*,#5462,.T.);
#7445=ORIENTED_EDGE('',*,*,#5463,.F.);
#7446=ORIENTED_EDGE('',*,*,#5464,.F.);
#7447=ORIENTED_EDGE('',*,*,#5252,.T.);
#7448=ORIENTED_EDGE('',*,*,#5253,.T.);
#7449=ORIENTED_EDGE('',*,*,#5464,.T.);
#7450=ORIENTED_EDGE('',*,*,#5465,.F.);
#7451=ORIENTED_EDGE('',*,*,#5248,.F.);
#7452=ORIENTED_EDGE('',*,*,#5254,.T.);
#7453=ORIENTED_EDGE('',*,*,#5250,.T.);
#7454=ORIENTED_EDGE('',*,*,#5466,.F.);
#7455=ORIENTED_EDGE('',*,*,#5467,.F.);
#7456=ORIENTED_EDGE('',*,*,#5447,.T.);
#7457=ORIENTED_EDGE('',*,*,#5255,.T.);
#7458=ORIENTED_EDGE('',*,*,#5467,.T.);
#7459=ORIENTED_EDGE('',*,*,#5468,.F.);
#7460=ORIENTED_EDGE('',*,*,#5469,.F.);
#7461=ORIENTED_EDGE('',*,*,#5259,.T.);
#7462=ORIENTED_EDGE('',*,*,#5260,.T.);
#7463=ORIENTED_EDGE('',*,*,#5469,.T.);
#7464=ORIENTED_EDGE('',*,*,#5470,.F.);
#7465=ORIENTED_EDGE('',*,*,#5448,.F.);
#7466=ORIENTED_EDGE('',*,*,#5266,.T.);
#7467=ORIENTED_EDGE('',*,*,#5450,.T.);
#7468=ORIENTED_EDGE('',*,*,#5471,.F.);
#7469=ORIENTED_EDGE('',*,*,#5472,.F.);
#7470=ORIENTED_EDGE('',*,*,#5426,.T.);
#7471=ORIENTED_EDGE('',*,*,#5267,.T.);
#7472=ORIENTED_EDGE('',*,*,#5472,.T.);
#7473=ORIENTED_EDGE('',*,*,#5473,.F.);
#7474=ORIENTED_EDGE('',*,*,#5474,.F.);
#7475=ORIENTED_EDGE('',*,*,#5271,.T.);
#7476=ORIENTED_EDGE('',*,*,#5272,.T.);
#7477=ORIENTED_EDGE('',*,*,#5474,.T.);
#7478=ORIENTED_EDGE('',*,*,#5475,.F.);
#7479=ORIENTED_EDGE('',*,*,#5427,.F.);
#7480=ORIENTED_EDGE('',*,*,#5278,.T.);
#7481=ORIENTED_EDGE('',*,*,#5429,.T.);
#7482=ORIENTED_EDGE('',*,*,#5476,.F.);
#7483=ORIENTED_EDGE('',*,*,#5477,.F.);
#7484=ORIENTED_EDGE('',*,*,#5433,.T.);
#7485=ORIENTED_EDGE('',*,*,#5279,.T.);
#7486=ORIENTED_EDGE('',*,*,#5477,.T.);
#7487=ORIENTED_EDGE('',*,*,#5478,.F.);
#7488=ORIENTED_EDGE('',*,*,#5479,.F.);
#7489=ORIENTED_EDGE('',*,*,#5283,.T.);
#7490=ORIENTED_EDGE('',*,*,#5284,.T.);
#7491=ORIENTED_EDGE('',*,*,#5479,.T.);
#7492=ORIENTED_EDGE('',*,*,#5480,.F.);
#7493=ORIENTED_EDGE('',*,*,#5434,.F.);
#7494=ORIENTED_EDGE('',*,*,#5290,.T.);
#7495=ORIENTED_EDGE('',*,*,#5436,.T.);
#7496=ORIENTED_EDGE('',*,*,#5481,.F.);
#7497=ORIENTED_EDGE('',*,*,#5482,.F.);
#7498=ORIENTED_EDGE('',*,*,#5405,.T.);
#7499=ORIENTED_EDGE('',*,*,#5291,.T.);
#7500=ORIENTED_EDGE('',*,*,#5482,.T.);
#7501=ORIENTED_EDGE('',*,*,#5483,.F.);
#7502=ORIENTED_EDGE('',*,*,#5484,.F.);
#7503=ORIENTED_EDGE('',*,*,#5295,.T.);
#7504=ORIENTED_EDGE('',*,*,#5296,.T.);
#7505=ORIENTED_EDGE('',*,*,#5484,.T.);
#7506=ORIENTED_EDGE('',*,*,#5485,.F.);
#7507=ORIENTED_EDGE('',*,*,#5406,.F.);
#7508=ORIENTED_EDGE('',*,*,#5302,.T.);
#7509=ORIENTED_EDGE('',*,*,#5408,.T.);
#7510=ORIENTED_EDGE('',*,*,#5486,.F.);
#7511=ORIENTED_EDGE('',*,*,#5487,.F.);
#7512=ORIENTED_EDGE('',*,*,#5391,.T.);
#7513=ORIENTED_EDGE('',*,*,#5303,.T.);
#7514=ORIENTED_EDGE('',*,*,#5487,.T.);
#7515=ORIENTED_EDGE('',*,*,#5488,.F.);
#7516=ORIENTED_EDGE('',*,*,#5489,.F.);
#7517=ORIENTED_EDGE('',*,*,#5307,.T.);
#7518=ORIENTED_EDGE('',*,*,#5308,.T.);
#7519=ORIENTED_EDGE('',*,*,#5489,.T.);
#7520=ORIENTED_EDGE('',*,*,#5490,.F.);
#7521=ORIENTED_EDGE('',*,*,#5392,.F.);
#7522=ORIENTED_EDGE('',*,*,#5314,.T.);
#7523=ORIENTED_EDGE('',*,*,#5394,.T.);
#7524=ORIENTED_EDGE('',*,*,#5491,.F.);
#7525=ORIENTED_EDGE('',*,*,#5492,.F.);
#7526=ORIENTED_EDGE('',*,*,#5412,.T.);
#7527=ORIENTED_EDGE('',*,*,#5315,.T.);
#7528=ORIENTED_EDGE('',*,*,#5492,.T.);
#7529=ORIENTED_EDGE('',*,*,#5493,.F.);
#7530=ORIENTED_EDGE('',*,*,#5494,.F.);
#7531=ORIENTED_EDGE('',*,*,#5319,.T.);
#7532=ORIENTED_EDGE('',*,*,#5320,.T.);
#7533=ORIENTED_EDGE('',*,*,#5494,.T.);
#7534=ORIENTED_EDGE('',*,*,#5495,.F.);
#7535=ORIENTED_EDGE('',*,*,#5413,.F.);
#7536=ORIENTED_EDGE('',*,*,#5326,.T.);
#7537=ORIENTED_EDGE('',*,*,#5415,.T.);
#7538=ORIENTED_EDGE('',*,*,#5496,.F.);
#7539=ORIENTED_EDGE('',*,*,#5497,.F.);
#7540=ORIENTED_EDGE('',*,*,#5419,.T.);
#7541=ORIENTED_EDGE('',*,*,#5327,.T.);
#7542=ORIENTED_EDGE('',*,*,#5497,.T.);
#7543=ORIENTED_EDGE('',*,*,#5498,.F.);
#7544=ORIENTED_EDGE('',*,*,#5499,.F.);
#7545=ORIENTED_EDGE('',*,*,#5331,.T.);
#7546=ORIENTED_EDGE('',*,*,#5332,.T.);
#7547=ORIENTED_EDGE('',*,*,#5499,.T.);
#7548=ORIENTED_EDGE('',*,*,#5500,.F.);
#7549=ORIENTED_EDGE('',*,*,#5420,.F.);
#7550=ORIENTED_EDGE('',*,*,#5338,.T.);
#7551=ORIENTED_EDGE('',*,*,#5422,.T.);
#7552=ORIENTED_EDGE('',*,*,#5501,.F.);
#7553=ORIENTED_EDGE('',*,*,#5502,.F.);
#7554=ORIENTED_EDGE('',*,*,#5398,.T.);
#7555=ORIENTED_EDGE('',*,*,#5339,.T.);
#7556=ORIENTED_EDGE('',*,*,#5502,.T.);
#7557=ORIENTED_EDGE('',*,*,#5503,.F.);
#7558=ORIENTED_EDGE('',*,*,#5504,.F.);
#7559=ORIENTED_EDGE('',*,*,#5343,.T.);
#7560=ORIENTED_EDGE('',*,*,#5344,.T.);
#7561=ORIENTED_EDGE('',*,*,#5504,.T.);
#7562=ORIENTED_EDGE('',*,*,#5505,.F.);
#7563=ORIENTED_EDGE('',*,*,#5399,.F.);
#7564=ORIENTED_EDGE('',*,*,#5350,.T.);
#7565=ORIENTED_EDGE('',*,*,#5401,.T.);
#7566=ORIENTED_EDGE('',*,*,#5506,.F.);
#7567=ORIENTED_EDGE('',*,*,#5507,.F.);
#7568=ORIENTED_EDGE('',*,*,#5440,.T.);
#7569=ORIENTED_EDGE('',*,*,#5351,.T.);
#7570=ORIENTED_EDGE('',*,*,#5507,.T.);
#7571=ORIENTED_EDGE('',*,*,#5508,.F.);
#7572=ORIENTED_EDGE('',*,*,#5509,.F.);
#7573=ORIENTED_EDGE('',*,*,#5355,.T.);
#7574=ORIENTED_EDGE('',*,*,#5356,.T.);
#7575=ORIENTED_EDGE('',*,*,#5509,.T.);
#7576=ORIENTED_EDGE('',*,*,#5510,.F.);
#7577=ORIENTED_EDGE('',*,*,#5441,.F.);
#7578=ORIENTED_EDGE('',*,*,#5362,.T.);
#7579=ORIENTED_EDGE('',*,*,#5443,.T.);
#7580=ORIENTED_EDGE('',*,*,#5511,.F.);
#7581=ORIENTED_EDGE('',*,*,#5512,.F.);
#7582=ORIENTED_EDGE('',*,*,#5454,.T.);
#7583=ORIENTED_EDGE('',*,*,#5363,.T.);
#7584=ORIENTED_EDGE('',*,*,#5512,.T.);
#7585=ORIENTED_EDGE('',*,*,#5513,.F.);
#7586=ORIENTED_EDGE('',*,*,#5514,.F.);
#7587=ORIENTED_EDGE('',*,*,#5367,.T.);
#7588=ORIENTED_EDGE('',*,*,#5368,.T.);
#7589=ORIENTED_EDGE('',*,*,#5514,.T.);
#7590=ORIENTED_EDGE('',*,*,#5515,.F.);
#7591=ORIENTED_EDGE('',*,*,#5455,.F.);
#7592=ORIENTED_EDGE('',*,*,#5374,.T.);
#7593=ORIENTED_EDGE('',*,*,#5457,.T.);
#7594=ORIENTED_EDGE('',*,*,#5516,.F.);
#7595=ORIENTED_EDGE('',*,*,#5517,.F.);
#7596=ORIENTED_EDGE('',*,*,#5461,.T.);
#7597=ORIENTED_EDGE('',*,*,#5375,.T.);
#7598=ORIENTED_EDGE('',*,*,#5517,.T.);
#7599=ORIENTED_EDGE('',*,*,#5518,.F.);
#7600=ORIENTED_EDGE('',*,*,#5519,.F.);
#7601=ORIENTED_EDGE('',*,*,#5379,.T.);
#7602=ORIENTED_EDGE('',*,*,#5380,.T.);
#7603=ORIENTED_EDGE('',*,*,#5519,.T.);
#7604=ORIENTED_EDGE('',*,*,#5520,.F.);
#7605=ORIENTED_EDGE('',*,*,#5521,.F.);
#7606=ORIENTED_EDGE('',*,*,#5460,.T.);
#7607=ORIENTED_EDGE('',*,*,#5381,.T.);
#7608=ORIENTED_EDGE('',*,*,#5521,.T.);
#7609=ORIENTED_EDGE('',*,*,#5522,.F.);
#7610=ORIENTED_EDGE('',*,*,#5523,.F.);
#7611=ORIENTED_EDGE('',*,*,#5385,.T.);
#7612=ORIENTED_EDGE('',*,*,#5386,.T.);
#7613=ORIENTED_EDGE('',*,*,#5523,.T.);
#7614=ORIENTED_EDGE('',*,*,#5524,.F.);
#7615=ORIENTED_EDGE('',*,*,#5462,.F.);
#7616=ORIENTED_EDGE('',*,*,#5524,.T.);
#7617=ORIENTED_EDGE('',*,*,#5522,.T.);
#7618=ORIENTED_EDGE('',*,*,#5520,.T.);
#7619=ORIENTED_EDGE('',*,*,#5518,.T.);
#7620=ORIENTED_EDGE('',*,*,#5516,.T.);
#7621=ORIENTED_EDGE('',*,*,#5456,.T.);
#7622=ORIENTED_EDGE('',*,*,#5515,.T.);
#7623=ORIENTED_EDGE('',*,*,#5513,.T.);
#7624=ORIENTED_EDGE('',*,*,#5511,.T.);
#7625=ORIENTED_EDGE('',*,*,#5442,.T.);
#7626=ORIENTED_EDGE('',*,*,#5510,.T.);
#7627=ORIENTED_EDGE('',*,*,#5508,.T.);
#7628=ORIENTED_EDGE('',*,*,#5506,.T.);
#7629=ORIENTED_EDGE('',*,*,#5400,.T.);
#7630=ORIENTED_EDGE('',*,*,#5505,.T.);
#7631=ORIENTED_EDGE('',*,*,#5503,.T.);
#7632=ORIENTED_EDGE('',*,*,#5501,.T.);
#7633=ORIENTED_EDGE('',*,*,#5421,.T.);
#7634=ORIENTED_EDGE('',*,*,#5500,.T.);
#7635=ORIENTED_EDGE('',*,*,#5498,.T.);
#7636=ORIENTED_EDGE('',*,*,#5496,.T.);
#7637=ORIENTED_EDGE('',*,*,#5414,.T.);
#7638=ORIENTED_EDGE('',*,*,#5495,.T.);
#7639=ORIENTED_EDGE('',*,*,#5493,.T.);
#7640=ORIENTED_EDGE('',*,*,#5491,.T.);
#7641=ORIENTED_EDGE('',*,*,#5393,.T.);
#7642=ORIENTED_EDGE('',*,*,#5490,.T.);
#7643=ORIENTED_EDGE('',*,*,#5488,.T.);
#7644=ORIENTED_EDGE('',*,*,#5486,.T.);
#7645=ORIENTED_EDGE('',*,*,#5407,.T.);
#7646=ORIENTED_EDGE('',*,*,#5485,.T.);
#7647=ORIENTED_EDGE('',*,*,#5483,.T.);
#7648=ORIENTED_EDGE('',*,*,#5481,.T.);
#7649=ORIENTED_EDGE('',*,*,#5435,.T.);
#7650=ORIENTED_EDGE('',*,*,#5480,.T.);
#7651=ORIENTED_EDGE('',*,*,#5478,.T.);
#7652=ORIENTED_EDGE('',*,*,#5476,.T.);
#7653=ORIENTED_EDGE('',*,*,#5428,.T.);
#7654=ORIENTED_EDGE('',*,*,#5475,.T.);
#7655=ORIENTED_EDGE('',*,*,#5473,.T.);
#7656=ORIENTED_EDGE('',*,*,#5471,.T.);
#7657=ORIENTED_EDGE('',*,*,#5449,.T.);
#7658=ORIENTED_EDGE('',*,*,#5470,.T.);
#7659=ORIENTED_EDGE('',*,*,#5468,.T.);
#7660=ORIENTED_EDGE('',*,*,#5466,.T.);
#7661=ORIENTED_EDGE('',*,*,#5249,.T.);
#7662=ORIENTED_EDGE('',*,*,#5465,.T.);
#7663=ORIENTED_EDGE('',*,*,#5463,.T.);
#7664=ORIENTED_EDGE('',*,*,#5225,.T.);
#7665=ORIENTED_EDGE('',*,*,#5228,.T.);
#7666=ORIENTED_EDGE('',*,*,#5231,.T.);
#7667=ORIENTED_EDGE('',*,*,#5234,.T.);
#7668=ORIENTED_EDGE('',*,*,#5525,.F.);
#7669=ORIENTED_EDGE('',*,*,#5526,.T.);
#7670=ORIENTED_EDGE('',*,*,#5527,.T.);
#7671=ORIENTED_EDGE('',*,*,#5526,.F.);
#7672=ORIENTED_EDGE('',*,*,#5528,.F.);
#7673=ORIENTED_EDGE('',*,*,#5529,.T.);
#7674=ORIENTED_EDGE('',*,*,#5530,.T.);
#7675=ORIENTED_EDGE('',*,*,#5529,.F.);
#7676=ORIENTED_EDGE('',*,*,#5528,.T.);
#7677=ORIENTED_EDGE('',*,*,#5525,.T.);
#7678=ORIENTED_EDGE('',*,*,#5530,.F.);
#7679=ORIENTED_EDGE('',*,*,#5527,.F.);
#7680=ORIENTED_EDGE('',*,*,#5531,.F.);
#7681=ORIENTED_EDGE('',*,*,#5532,.T.);
#7682=ORIENTED_EDGE('',*,*,#5533,.F.);
#7683=ORIENTED_EDGE('',*,*,#5534,.F.);
#7684=ORIENTED_EDGE('',*,*,#5535,.F.);
#7685=ORIENTED_EDGE('',*,*,#5536,.T.);
#7686=ORIENTED_EDGE('',*,*,#5537,.F.);
#7687=ORIENTED_EDGE('',*,*,#5532,.F.);
#7688=ORIENTED_EDGE('',*,*,#5538,.F.);
#7689=ORIENTED_EDGE('',*,*,#5534,.T.);
#7690=ORIENTED_EDGE('',*,*,#5539,.F.);
#7691=ORIENTED_EDGE('',*,*,#5540,.F.);
#7692=ORIENTED_EDGE('',*,*,#5541,.T.);
#7693=ORIENTED_EDGE('',*,*,#5540,.T.);
#7694=ORIENTED_EDGE('',*,*,#5542,.F.);
#7695=ORIENTED_EDGE('',*,*,#5536,.F.);
#7696=ORIENTED_EDGE('',*,*,#5533,.T.);
#7697=ORIENTED_EDGE('',*,*,#5537,.T.);
#7698=ORIENTED_EDGE('',*,*,#5542,.T.);
#7699=ORIENTED_EDGE('',*,*,#5539,.T.);
#7700=ORIENTED_EDGE('',*,*,#5543,.F.);
#7701=ORIENTED_EDGE('',*,*,#5544,.T.);
#7702=ORIENTED_EDGE('',*,*,#5545,.F.);
#7703=ORIENTED_EDGE('',*,*,#5546,.F.);
#7704=ORIENTED_EDGE('',*,*,#5547,.F.);
#7705=ORIENTED_EDGE('',*,*,#5548,.F.);
#7706=ORIENTED_EDGE('',*,*,#5549,.F.);
#7707=ORIENTED_EDGE('',*,*,#5550,.F.);
#7708=ORIENTED_EDGE('',*,*,#5551,.F.);
#7709=ORIENTED_EDGE('',*,*,#5552,.F.);
#7710=ORIENTED_EDGE('',*,*,#5553,.F.);
#7711=ORIENTED_EDGE('',*,*,#5541,.F.);
#7712=ORIENTED_EDGE('',*,*,#5554,.F.);
#7713=ORIENTED_EDGE('',*,*,#5555,.F.);
#7714=ORIENTED_EDGE('',*,*,#5556,.F.);
#7715=ORIENTED_EDGE('',*,*,#5544,.F.);
#7716=ORIENTED_EDGE('',*,*,#5557,.F.);
#7717=ORIENTED_EDGE('',*,*,#5558,.T.);
#7718=ORIENTED_EDGE('',*,*,#5559,.F.);
#7719=ORIENTED_EDGE('',*,*,#5560,.T.);
#7720=ORIENTED_EDGE('',*,*,#5561,.F.);
#7721=ORIENTED_EDGE('',*,*,#5562,.T.);
#7722=ORIENTED_EDGE('',*,*,#5563,.F.);
#7723=ORIENTED_EDGE('',*,*,#5564,.T.);
#7724=ORIENTED_EDGE('',*,*,#5565,.F.);
#7725=ORIENTED_EDGE('',*,*,#5566,.T.);
#7726=ORIENTED_EDGE('',*,*,#5567,.F.);
#7727=ORIENTED_EDGE('',*,*,#5568,.T.);
#7728=ORIENTED_EDGE('',*,*,#5569,.F.);
#7729=ORIENTED_EDGE('',*,*,#5570,.T.);
#7730=ORIENTED_EDGE('',*,*,#5571,.F.);
#7731=ORIENTED_EDGE('',*,*,#5572,.T.);
#7732=ORIENTED_EDGE('',*,*,#5573,.F.);
#7733=ORIENTED_EDGE('',*,*,#5574,.T.);
#7734=ORIENTED_EDGE('',*,*,#5575,.F.);
#7735=ORIENTED_EDGE('',*,*,#5576,.T.);
#7736=ORIENTED_EDGE('',*,*,#5577,.F.);
#7737=ORIENTED_EDGE('',*,*,#5578,.T.);
#7738=ORIENTED_EDGE('',*,*,#5579,.F.);
#7739=ORIENTED_EDGE('',*,*,#5580,.T.);
#7740=ORIENTED_EDGE('',*,*,#5543,.T.);
#7741=ORIENTED_EDGE('',*,*,#5581,.F.);
#7742=ORIENTED_EDGE('',*,*,#5582,.T.);
#7743=ORIENTED_EDGE('',*,*,#5583,.F.);
#7744=ORIENTED_EDGE('',*,*,#5584,.F.);
#7745=ORIENTED_EDGE('',*,*,#5585,.F.);
#7746=ORIENTED_EDGE('',*,*,#5586,.T.);
#7747=ORIENTED_EDGE('',*,*,#5587,.F.);
#7748=ORIENTED_EDGE('',*,*,#5582,.F.);
#7749=ORIENTED_EDGE('',*,*,#5546,.T.);
#7750=ORIENTED_EDGE('',*,*,#5588,.T.);
#7751=ORIENTED_EDGE('',*,*,#5589,.F.);
#7752=ORIENTED_EDGE('',*,*,#5586,.F.);
#7753=ORIENTED_EDGE('',*,*,#5590,.F.);
#7754=ORIENTED_EDGE('',*,*,#5584,.T.);
#7755=ORIENTED_EDGE('',*,*,#5591,.F.);
#7756=ORIENTED_EDGE('',*,*,#5588,.F.);
#7757=ORIENTED_EDGE('',*,*,#5583,.T.);
#7758=ORIENTED_EDGE('',*,*,#5587,.T.);
#7759=ORIENTED_EDGE('',*,*,#5589,.T.);
#7760=ORIENTED_EDGE('',*,*,#5591,.T.);
#7761=ORIENTED_EDGE('',*,*,#5592,.F.);
#7762=ORIENTED_EDGE('',*,*,#5593,.T.);
#7763=ORIENTED_EDGE('',*,*,#5594,.F.);
#7764=ORIENTED_EDGE('',*,*,#5595,.F.);
#7765=ORIENTED_EDGE('',*,*,#5596,.F.);
#7766=ORIENTED_EDGE('',*,*,#5597,.T.);
#7767=ORIENTED_EDGE('',*,*,#5598,.F.);
#7768=ORIENTED_EDGE('',*,*,#5593,.F.);
#7769=ORIENTED_EDGE('',*,*,#5599,.F.);
#7770=ORIENTED_EDGE('',*,*,#5595,.T.);
#7771=ORIENTED_EDGE('',*,*,#5600,.F.);
#7772=ORIENTED_EDGE('',*,*,#5601,.F.);
#7773=ORIENTED_EDGE('',*,*,#5555,.T.);
#7774=ORIENTED_EDGE('',*,*,#5601,.T.);
#7775=ORIENTED_EDGE('',*,*,#5602,.F.);
#7776=ORIENTED_EDGE('',*,*,#5597,.F.);
#7777=ORIENTED_EDGE('',*,*,#5594,.T.);
#7778=ORIENTED_EDGE('',*,*,#5598,.T.);
#7779=ORIENTED_EDGE('',*,*,#5602,.T.);
#7780=ORIENTED_EDGE('',*,*,#5600,.T.);
#7781=ORIENTED_EDGE('',*,*,#5603,.F.);
#7782=ORIENTED_EDGE('',*,*,#5604,.T.);
#7783=ORIENTED_EDGE('',*,*,#5605,.F.);
#7784=ORIENTED_EDGE('',*,*,#5606,.F.);
#7785=ORIENTED_EDGE('',*,*,#5552,.T.);
#7786=ORIENTED_EDGE('',*,*,#5607,.T.);
#7787=ORIENTED_EDGE('',*,*,#5608,.F.);
#7788=ORIENTED_EDGE('',*,*,#5604,.F.);
#7789=ORIENTED_EDGE('',*,*,#5609,.F.);
#7790=ORIENTED_EDGE('',*,*,#5610,.T.);
#7791=ORIENTED_EDGE('',*,*,#5611,.F.);
#7792=ORIENTED_EDGE('',*,*,#5607,.F.);
#7793=ORIENTED_EDGE('',*,*,#5612,.F.);
#7794=ORIENTED_EDGE('',*,*,#5606,.T.);
#7795=ORIENTED_EDGE('',*,*,#5613,.F.);
#7796=ORIENTED_EDGE('',*,*,#5610,.F.);
#7797=ORIENTED_EDGE('',*,*,#5608,.T.);
#7798=ORIENTED_EDGE('',*,*,#5611,.T.);
#7799=ORIENTED_EDGE('',*,*,#5613,.T.);
#7800=ORIENTED_EDGE('',*,*,#5605,.T.);
#7801=ORIENTED_EDGE('',*,*,#5614,.T.);
#7802=ORIENTED_EDGE('',*,*,#5615,.T.);
#7803=ORIENTED_EDGE('',*,*,#5616,.T.);
#7804=ORIENTED_EDGE('',*,*,#5617,.T.);
#7805=ORIENTED_EDGE('',*,*,#5618,.T.);
#7806=ORIENTED_EDGE('',*,*,#5619,.T.);
#7807=ORIENTED_EDGE('',*,*,#5620,.T.);
#7808=ORIENTED_EDGE('',*,*,#5621,.T.);
#7809=ORIENTED_EDGE('',*,*,#5622,.T.);
#7810=ORIENTED_EDGE('',*,*,#5623,.T.);
#7811=ORIENTED_EDGE('',*,*,#5624,.T.);
#7812=ORIENTED_EDGE('',*,*,#5625,.T.);
#7813=ORIENTED_EDGE('',*,*,#5626,.T.);
#7814=ORIENTED_EDGE('',*,*,#5627,.T.);
#7815=ORIENTED_EDGE('',*,*,#5628,.T.);
#7816=ORIENTED_EDGE('',*,*,#5629,.T.);
#7817=ORIENTED_EDGE('',*,*,#5630,.T.);
#7818=ORIENTED_EDGE('',*,*,#5631,.T.);
#7819=ORIENTED_EDGE('',*,*,#5632,.T.);
#7820=ORIENTED_EDGE('',*,*,#5633,.T.);
#7821=ORIENTED_EDGE('',*,*,#5634,.T.);
#7822=ORIENTED_EDGE('',*,*,#5635,.T.);
#7823=ORIENTED_EDGE('',*,*,#5636,.T.);
#7824=ORIENTED_EDGE('',*,*,#5637,.T.);
#7825=ORIENTED_EDGE('',*,*,#5638,.T.);
#7826=ORIENTED_EDGE('',*,*,#5639,.T.);
#7827=ORIENTED_EDGE('',*,*,#5640,.T.);
#7828=ORIENTED_EDGE('',*,*,#5641,.T.);
#7829=ORIENTED_EDGE('',*,*,#5642,.T.);
#7830=ORIENTED_EDGE('',*,*,#5643,.T.);
#7831=ORIENTED_EDGE('',*,*,#5644,.T.);
#7832=ORIENTED_EDGE('',*,*,#5645,.T.);
#7833=ORIENTED_EDGE('',*,*,#5646,.T.);
#7834=ORIENTED_EDGE('',*,*,#5647,.T.);
#7835=ORIENTED_EDGE('',*,*,#5648,.T.);
#7836=ORIENTED_EDGE('',*,*,#5649,.T.);
#7837=ORIENTED_EDGE('',*,*,#5650,.T.);
#7838=ORIENTED_EDGE('',*,*,#5651,.T.);
#7839=ORIENTED_EDGE('',*,*,#5652,.T.);
#7840=ORIENTED_EDGE('',*,*,#5653,.T.);
#7841=ORIENTED_EDGE('',*,*,#5654,.T.);
#7842=ORIENTED_EDGE('',*,*,#5655,.T.);
#7843=ORIENTED_EDGE('',*,*,#5656,.T.);
#7844=ORIENTED_EDGE('',*,*,#5657,.T.);
#7845=ORIENTED_EDGE('',*,*,#5658,.T.);
#7846=ORIENTED_EDGE('',*,*,#5659,.T.);
#7847=ORIENTED_EDGE('',*,*,#5660,.T.);
#7848=ORIENTED_EDGE('',*,*,#5661,.T.);
#7849=ORIENTED_EDGE('',*,*,#5662,.T.);
#7850=ORIENTED_EDGE('',*,*,#5663,.T.);
#7851=ORIENTED_EDGE('',*,*,#5664,.T.);
#7852=ORIENTED_EDGE('',*,*,#5665,.T.);
#7853=ORIENTED_EDGE('',*,*,#5666,.T.);
#7854=ORIENTED_EDGE('',*,*,#5667,.T.);
#7855=ORIENTED_EDGE('',*,*,#5668,.T.);
#7856=ORIENTED_EDGE('',*,*,#5669,.T.);
#7857=ORIENTED_EDGE('',*,*,#5670,.T.);
#7858=ORIENTED_EDGE('',*,*,#5671,.T.);
#7859=ORIENTED_EDGE('',*,*,#5672,.T.);
#7860=ORIENTED_EDGE('',*,*,#5673,.T.);
#7861=ORIENTED_EDGE('',*,*,#5674,.T.);
#7862=ORIENTED_EDGE('',*,*,#5675,.T.);
#7863=ORIENTED_EDGE('',*,*,#5676,.T.);
#7864=ORIENTED_EDGE('',*,*,#5677,.T.);
#7865=ORIENTED_EDGE('',*,*,#5678,.T.);
#7866=ORIENTED_EDGE('',*,*,#5679,.T.);
#7867=ORIENTED_EDGE('',*,*,#5680,.T.);
#7868=ORIENTED_EDGE('',*,*,#5681,.T.);
#7869=ORIENTED_EDGE('',*,*,#5682,.T.);
#7870=ORIENTED_EDGE('',*,*,#5683,.T.);
#7871=ORIENTED_EDGE('',*,*,#5684,.T.);
#7872=ORIENTED_EDGE('',*,*,#5685,.T.);
#7873=ORIENTED_EDGE('',*,*,#5686,.T.);
#7874=ORIENTED_EDGE('',*,*,#5687,.T.);
#7875=ORIENTED_EDGE('',*,*,#5688,.T.);
#7876=ORIENTED_EDGE('',*,*,#5689,.T.);
#7877=ORIENTED_EDGE('',*,*,#5690,.T.);
#7878=ORIENTED_EDGE('',*,*,#5691,.T.);
#7879=ORIENTED_EDGE('',*,*,#5692,.T.);
#7880=ORIENTED_EDGE('',*,*,#5693,.T.);
#7881=ORIENTED_EDGE('',*,*,#5694,.T.);
#7882=ORIENTED_EDGE('',*,*,#5695,.T.);
#7883=ORIENTED_EDGE('',*,*,#5696,.T.);
#7884=ORIENTED_EDGE('',*,*,#5697,.T.);
#7885=ORIENTED_EDGE('',*,*,#5698,.T.);
#7886=ORIENTED_EDGE('',*,*,#5699,.T.);
#7887=ORIENTED_EDGE('',*,*,#5700,.T.);
#7888=ORIENTED_EDGE('',*,*,#5701,.T.);
#7889=ORIENTED_EDGE('',*,*,#5702,.T.);
#7890=ORIENTED_EDGE('',*,*,#5703,.T.);
#7891=ORIENTED_EDGE('',*,*,#5704,.T.);
#7892=ORIENTED_EDGE('',*,*,#5705,.T.);
#7893=ORIENTED_EDGE('',*,*,#5706,.T.);
#7894=ORIENTED_EDGE('',*,*,#5707,.T.);
#7895=ORIENTED_EDGE('',*,*,#5708,.T.);
#7896=ORIENTED_EDGE('',*,*,#5709,.T.);
#7897=ORIENTED_EDGE('',*,*,#5710,.T.);
#7898=ORIENTED_EDGE('',*,*,#5711,.T.);
#7899=ORIENTED_EDGE('',*,*,#5712,.T.);
#7900=ORIENTED_EDGE('',*,*,#5713,.T.);
#7901=ORIENTED_EDGE('',*,*,#5714,.T.);
#7902=ORIENTED_EDGE('',*,*,#5715,.T.);
#7903=ORIENTED_EDGE('',*,*,#5716,.T.);
#7904=ORIENTED_EDGE('',*,*,#5717,.T.);
#7905=ORIENTED_EDGE('',*,*,#5718,.T.);
#7906=ORIENTED_EDGE('',*,*,#5719,.T.);
#7907=ORIENTED_EDGE('',*,*,#5720,.T.);
#7908=ORIENTED_EDGE('',*,*,#5721,.T.);
#7909=ORIENTED_EDGE('',*,*,#5722,.T.);
#7910=ORIENTED_EDGE('',*,*,#5723,.T.);
#7911=ORIENTED_EDGE('',*,*,#5724,.T.);
#7912=ORIENTED_EDGE('',*,*,#5725,.T.);
#7913=ORIENTED_EDGE('',*,*,#5726,.T.);
#7914=ORIENTED_EDGE('',*,*,#5727,.T.);
#7915=ORIENTED_EDGE('',*,*,#5728,.T.);
#7916=ORIENTED_EDGE('',*,*,#5729,.T.);
#7917=ORIENTED_EDGE('',*,*,#5730,.T.);
#7918=ORIENTED_EDGE('',*,*,#5731,.T.);
#7919=ORIENTED_EDGE('',*,*,#5732,.T.);
#7920=ORIENTED_EDGE('',*,*,#5733,.T.);
#7921=ORIENTED_EDGE('',*,*,#5734,.T.);
#7922=ORIENTED_EDGE('',*,*,#5735,.T.);
#7923=ORIENTED_EDGE('',*,*,#5736,.T.);
#7924=ORIENTED_EDGE('',*,*,#5737,.T.);
#7925=ORIENTED_EDGE('',*,*,#5738,.T.);
#7926=ORIENTED_EDGE('',*,*,#5739,.T.);
#7927=ORIENTED_EDGE('',*,*,#5740,.T.);
#7928=ORIENTED_EDGE('',*,*,#5741,.T.);
#7929=ORIENTED_EDGE('',*,*,#5742,.T.);
#7930=ORIENTED_EDGE('',*,*,#5743,.T.);
#7931=ORIENTED_EDGE('',*,*,#5744,.T.);
#7932=ORIENTED_EDGE('',*,*,#5745,.T.);
#7933=ORIENTED_EDGE('',*,*,#5746,.T.);
#7934=ORIENTED_EDGE('',*,*,#5747,.T.);
#7935=ORIENTED_EDGE('',*,*,#5748,.T.);
#7936=ORIENTED_EDGE('',*,*,#5749,.T.);
#7937=ORIENTED_EDGE('',*,*,#5750,.T.);
#7938=ORIENTED_EDGE('',*,*,#5751,.T.);
#7939=ORIENTED_EDGE('',*,*,#5752,.T.);
#7940=ORIENTED_EDGE('',*,*,#5753,.T.);
#7941=ORIENTED_EDGE('',*,*,#5754,.T.);
#7942=ORIENTED_EDGE('',*,*,#5755,.T.);
#7943=ORIENTED_EDGE('',*,*,#5756,.T.);
#7944=ORIENTED_EDGE('',*,*,#5757,.T.);
#7945=ORIENTED_EDGE('',*,*,#5538,.T.);
#7946=ORIENTED_EDGE('',*,*,#5553,.T.);
#7947=ORIENTED_EDGE('',*,*,#5603,.T.);
#7948=ORIENTED_EDGE('',*,*,#5612,.T.);
#7949=ORIENTED_EDGE('',*,*,#5609,.T.);
#7950=ORIENTED_EDGE('',*,*,#5551,.T.);
#7951=ORIENTED_EDGE('',*,*,#5758,.T.);
#7952=ORIENTED_EDGE('',*,*,#5759,.T.);
#7953=ORIENTED_EDGE('',*,*,#5760,.T.);
#7954=ORIENTED_EDGE('',*,*,#5549,.T.);
#7955=ORIENTED_EDGE('',*,*,#5761,.T.);
#7956=ORIENTED_EDGE('',*,*,#5762,.T.);
#7957=ORIENTED_EDGE('',*,*,#5763,.T.);
#7958=ORIENTED_EDGE('',*,*,#5547,.T.);
#7959=ORIENTED_EDGE('',*,*,#5585,.T.);
#7960=ORIENTED_EDGE('',*,*,#5581,.T.);
#7961=ORIENTED_EDGE('',*,*,#5590,.T.);
#7962=ORIENTED_EDGE('',*,*,#5545,.T.);
#7963=ORIENTED_EDGE('',*,*,#5556,.T.);
#7964=ORIENTED_EDGE('',*,*,#5596,.T.);
#7965=ORIENTED_EDGE('',*,*,#5592,.T.);
#7966=ORIENTED_EDGE('',*,*,#5599,.T.);
#7967=ORIENTED_EDGE('',*,*,#5554,.T.);
#7968=ORIENTED_EDGE('',*,*,#5535,.T.);
#7969=ORIENTED_EDGE('',*,*,#5531,.T.);
#7970=ORIENTED_EDGE('',*,*,#5763,.F.);
#7971=ORIENTED_EDGE('',*,*,#5764,.T.);
#7972=ORIENTED_EDGE('',*,*,#5765,.F.);
#7973=ORIENTED_EDGE('',*,*,#5766,.F.);
#7974=ORIENTED_EDGE('',*,*,#5762,.F.);
#7975=ORIENTED_EDGE('',*,*,#5767,.T.);
#7976=ORIENTED_EDGE('',*,*,#5768,.F.);
#7977=ORIENTED_EDGE('',*,*,#5764,.F.);
#7978=ORIENTED_EDGE('',*,*,#5548,.T.);
#7979=ORIENTED_EDGE('',*,*,#5766,.T.);
#7980=ORIENTED_EDGE('',*,*,#5769,.F.);
#7981=ORIENTED_EDGE('',*,*,#5770,.F.);
#7982=ORIENTED_EDGE('',*,*,#5761,.F.);
#7983=ORIENTED_EDGE('',*,*,#5770,.T.);
#7984=ORIENTED_EDGE('',*,*,#5771,.F.);
#7985=ORIENTED_EDGE('',*,*,#5767,.F.);
#7986=ORIENTED_EDGE('',*,*,#5765,.T.);
#7987=ORIENTED_EDGE('',*,*,#5768,.T.);
#7988=ORIENTED_EDGE('',*,*,#5771,.T.);
#7989=ORIENTED_EDGE('',*,*,#5769,.T.);
#7990=ORIENTED_EDGE('',*,*,#5759,.F.);
#7991=ORIENTED_EDGE('',*,*,#5772,.T.);
#7992=ORIENTED_EDGE('',*,*,#5773,.F.);
#7993=ORIENTED_EDGE('',*,*,#5774,.F.);
#7994=ORIENTED_EDGE('',*,*,#5758,.F.);
#7995=ORIENTED_EDGE('',*,*,#5775,.T.);
#7996=ORIENTED_EDGE('',*,*,#5776,.F.);
#7997=ORIENTED_EDGE('',*,*,#5772,.F.);
#7998=ORIENTED_EDGE('',*,*,#5550,.T.);
#7999=ORIENTED_EDGE('',*,*,#5777,.T.);
#8000=ORIENTED_EDGE('',*,*,#5778,.F.);
#8001=ORIENTED_EDGE('',*,*,#5775,.F.);
#8002=ORIENTED_EDGE('',*,*,#5760,.F.);
#8003=ORIENTED_EDGE('',*,*,#5774,.T.);
#8004=ORIENTED_EDGE('',*,*,#5779,.F.);
#8005=ORIENTED_EDGE('',*,*,#5777,.F.);
#8006=ORIENTED_EDGE('',*,*,#5773,.T.);
#8007=ORIENTED_EDGE('',*,*,#5776,.T.);
#8008=ORIENTED_EDGE('',*,*,#5778,.T.);
#8009=ORIENTED_EDGE('',*,*,#5779,.T.);
#8010=ORIENTED_EDGE('',*,*,#5780,.F.);
#8011=ORIENTED_EDGE('',*,*,#5570,.F.);
#8012=ORIENTED_EDGE('',*,*,#5781,.F.);
#8013=ORIENTED_EDGE('',*,*,#5782,.F.);
#8014=ORIENTED_EDGE('',*,*,#5783,.F.);
#8015=ORIENTED_EDGE('',*,*,#5572,.F.);
#8016=ORIENTED_EDGE('',*,*,#5784,.F.);
#8017=ORIENTED_EDGE('',*,*,#5785,.F.);
#8018=ORIENTED_EDGE('',*,*,#5786,.F.);
#8019=ORIENTED_EDGE('',*,*,#5787,.F.);
#8020=ORIENTED_EDGE('',*,*,#5788,.F.);
#8021=ORIENTED_EDGE('',*,*,#5568,.F.);
#8022=ORIENTED_EDGE('',*,*,#5789,.F.);
#8023=ORIENTED_EDGE('',*,*,#5574,.F.);
#8024=ORIENTED_EDGE('',*,*,#5790,.F.);
#8025=ORIENTED_EDGE('',*,*,#5791,.F.);
#8026=ORIENTED_EDGE('',*,*,#5792,.F.);
#8027=ORIENTED_EDGE('',*,*,#5793,.F.);
#8028=ORIENTED_EDGE('',*,*,#5794,.F.);
#8029=ORIENTED_EDGE('',*,*,#5566,.F.);
#8030=ORIENTED_EDGE('',*,*,#5795,.F.);
#8031=ORIENTED_EDGE('',*,*,#5576,.F.);
#8032=ORIENTED_EDGE('',*,*,#5796,.F.);
#8033=ORIENTED_EDGE('',*,*,#5797,.F.);
#8034=ORIENTED_EDGE('',*,*,#5798,.F.);
#8035=ORIENTED_EDGE('',*,*,#5799,.F.);
#8036=ORIENTED_EDGE('',*,*,#5800,.F.);
#8037=ORIENTED_EDGE('',*,*,#5564,.F.);
#8038=ORIENTED_EDGE('',*,*,#5801,.F.);
#8039=ORIENTED_EDGE('',*,*,#5578,.F.);
#8040=ORIENTED_EDGE('',*,*,#5802,.F.);
#8041=ORIENTED_EDGE('',*,*,#5803,.F.);
#8042=ORIENTED_EDGE('',*,*,#5804,.F.);
#8043=ORIENTED_EDGE('',*,*,#5805,.F.);
#8044=ORIENTED_EDGE('',*,*,#5806,.F.);
#8045=ORIENTED_EDGE('',*,*,#5562,.F.);
#8046=ORIENTED_EDGE('',*,*,#5807,.F.);
#8047=ORIENTED_EDGE('',*,*,#5580,.F.);
#8048=ORIENTED_EDGE('',*,*,#5808,.F.);
#8049=ORIENTED_EDGE('',*,*,#5809,.F.);
#8050=ORIENTED_EDGE('',*,*,#5810,.F.);
#8051=ORIENTED_EDGE('',*,*,#5811,.F.);
#8052=ORIENTED_EDGE('',*,*,#5812,.F.);
#8053=ORIENTED_EDGE('',*,*,#5560,.F.);
#8054=ORIENTED_EDGE('',*,*,#5813,.F.);
#8055=ORIENTED_EDGE('',*,*,#5814,.F.);
#8056=ORIENTED_EDGE('',*,*,#5815,.F.);
#8057=ORIENTED_EDGE('',*,*,#5558,.F.);
#8058=ORIENTED_EDGE('',*,*,#5813,.T.);
#8059=ORIENTED_EDGE('',*,*,#5557,.T.);
#8060=ORIENTED_EDGE('',*,*,#5807,.T.);
#8061=ORIENTED_EDGE('',*,*,#5816,.F.);
#8062=ORIENTED_EDGE('',*,*,#5817,.T.);
#8063=ORIENTED_EDGE('',*,*,#5714,.F.);
#8064=ORIENTED_EDGE('',*,*,#5818,.F.);
#8065=ORIENTED_EDGE('',*,*,#5819,.F.);
#8066=ORIENTED_EDGE('',*,*,#5808,.T.);
#8067=ORIENTED_EDGE('',*,*,#5579,.T.);
#8068=ORIENTED_EDGE('',*,*,#5801,.T.);
#8069=ORIENTED_EDGE('',*,*,#5820,.F.);
#8070=ORIENTED_EDGE('',*,*,#5821,.T.);
#8071=ORIENTED_EDGE('',*,*,#5726,.F.);
#8072=ORIENTED_EDGE('',*,*,#5822,.F.);
#8073=ORIENTED_EDGE('',*,*,#5823,.F.);
#8074=ORIENTED_EDGE('',*,*,#5802,.T.);
#8075=ORIENTED_EDGE('',*,*,#5577,.T.);
#8076=ORIENTED_EDGE('',*,*,#5795,.T.);
#8077=ORIENTED_EDGE('',*,*,#5824,.F.);
#8078=ORIENTED_EDGE('',*,*,#5825,.T.);
#8079=ORIENTED_EDGE('',*,*,#5738,.F.);
#8080=ORIENTED_EDGE('',*,*,#5826,.F.);
#8081=ORIENTED_EDGE('',*,*,#5827,.F.);
#8082=ORIENTED_EDGE('',*,*,#5796,.T.);
#8083=ORIENTED_EDGE('',*,*,#5575,.T.);
#8084=ORIENTED_EDGE('',*,*,#5789,.T.);
#8085=ORIENTED_EDGE('',*,*,#5828,.F.);
#8086=ORIENTED_EDGE('',*,*,#5829,.T.);
#8087=ORIENTED_EDGE('',*,*,#5750,.F.);
#8088=ORIENTED_EDGE('',*,*,#5830,.F.);
#8089=ORIENTED_EDGE('',*,*,#5831,.F.);
#8090=ORIENTED_EDGE('',*,*,#5790,.T.);
#8091=ORIENTED_EDGE('',*,*,#5573,.T.);
#8092=ORIENTED_EDGE('',*,*,#5783,.T.);
#8093=ORIENTED_EDGE('',*,*,#5832,.F.);
#8094=ORIENTED_EDGE('',*,*,#5833,.T.);
#8095=ORIENTED_EDGE('',*,*,#5618,.F.);
#8096=ORIENTED_EDGE('',*,*,#5834,.F.);
#8097=ORIENTED_EDGE('',*,*,#5835,.F.);
#8098=ORIENTED_EDGE('',*,*,#5784,.T.);
#8099=ORIENTED_EDGE('',*,*,#5571,.T.);
#8100=ORIENTED_EDGE('',*,*,#5780,.T.);
#8101=ORIENTED_EDGE('',*,*,#5836,.F.);
#8102=ORIENTED_EDGE('',*,*,#5837,.T.);
#8103=ORIENTED_EDGE('',*,*,#5630,.F.);
#8104=ORIENTED_EDGE('',*,*,#5838,.F.);
#8105=ORIENTED_EDGE('',*,*,#5839,.F.);
#8106=ORIENTED_EDGE('',*,*,#5782,.T.);
#8107=ORIENTED_EDGE('',*,*,#5840,.T.);
#8108=ORIENTED_EDGE('',*,*,#5841,.F.);
#8109=ORIENTED_EDGE('',*,*,#5842,.F.);
#8110=ORIENTED_EDGE('',*,*,#5843,.F.);
#8111=ORIENTED_EDGE('',*,*,#5836,.T.);
#8112=ORIENTED_EDGE('',*,*,#5785,.T.);
#8113=ORIENTED_EDGE('',*,*,#5839,.T.);
#8114=ORIENTED_EDGE('',*,*,#5844,.F.);
#8115=ORIENTED_EDGE('',*,*,#5845,.F.);
#8116=ORIENTED_EDGE('',*,*,#5846,.F.);
#8117=ORIENTED_EDGE('',*,*,#5832,.T.);
#8118=ORIENTED_EDGE('',*,*,#5787,.T.);
#8119=ORIENTED_EDGE('',*,*,#5847,.T.);
#8120=ORIENTED_EDGE('',*,*,#5848,.F.);
#8121=ORIENTED_EDGE('',*,*,#5849,.F.);
#8122=ORIENTED_EDGE('',*,*,#5850,.F.);
#8123=ORIENTED_EDGE('',*,*,#5851,.T.);
#8124=ORIENTED_EDGE('',*,*,#5791,.T.);
#8125=ORIENTED_EDGE('',*,*,#5835,.T.);
#8126=ORIENTED_EDGE('',*,*,#5852,.F.);
#8127=ORIENTED_EDGE('',*,*,#5853,.F.);
#8128=ORIENTED_EDGE('',*,*,#5854,.F.);
#8129=ORIENTED_EDGE('',*,*,#5828,.T.);
#8130=ORIENTED_EDGE('',*,*,#5793,.T.);
#8131=ORIENTED_EDGE('',*,*,#5855,.T.);
#8132=ORIENTED_EDGE('',*,*,#5856,.F.);
#8133=ORIENTED_EDGE('',*,*,#5857,.F.);
#8134=ORIENTED_EDGE('',*,*,#5858,.F.);
#8135=ORIENTED_EDGE('',*,*,#5859,.T.);
#8136=ORIENTED_EDGE('',*,*,#5797,.T.);
#8137=ORIENTED_EDGE('',*,*,#5831,.T.);
#8138=ORIENTED_EDGE('',*,*,#5860,.F.);
#8139=ORIENTED_EDGE('',*,*,#5861,.F.);
#8140=ORIENTED_EDGE('',*,*,#5862,.F.);
#8141=ORIENTED_EDGE('',*,*,#5824,.T.);
#8142=ORIENTED_EDGE('',*,*,#5799,.T.);
#8143=ORIENTED_EDGE('',*,*,#5863,.T.);
#8144=ORIENTED_EDGE('',*,*,#5864,.F.);
#8145=ORIENTED_EDGE('',*,*,#5865,.F.);
#8146=ORIENTED_EDGE('',*,*,#5866,.F.);
#8147=ORIENTED_EDGE('',*,*,#5867,.T.);
#8148=ORIENTED_EDGE('',*,*,#5803,.T.);
#8149=ORIENTED_EDGE('',*,*,#5827,.T.);
#8150=ORIENTED_EDGE('',*,*,#5868,.F.);
#8151=ORIENTED_EDGE('',*,*,#5869,.F.);
#8152=ORIENTED_EDGE('',*,*,#5870,.F.);
#8153=ORIENTED_EDGE('',*,*,#5820,.T.);
#8154=ORIENTED_EDGE('',*,*,#5805,.T.);
#8155=ORIENTED_EDGE('',*,*,#5871,.T.);
#8156=ORIENTED_EDGE('',*,*,#5872,.F.);
#8157=ORIENTED_EDGE('',*,*,#5873,.F.);
#8158=ORIENTED_EDGE('',*,*,#5874,.F.);
#8159=ORIENTED_EDGE('',*,*,#5875,.T.);
#8160=ORIENTED_EDGE('',*,*,#5809,.T.);
#8161=ORIENTED_EDGE('',*,*,#5823,.T.);
#8162=ORIENTED_EDGE('',*,*,#5876,.F.);
#8163=ORIENTED_EDGE('',*,*,#5877,.F.);
#8164=ORIENTED_EDGE('',*,*,#5878,.F.);
#8165=ORIENTED_EDGE('',*,*,#5816,.T.);
#8166=ORIENTED_EDGE('',*,*,#5811,.T.);
#8167=ORIENTED_EDGE('',*,*,#5879,.T.);
#8168=ORIENTED_EDGE('',*,*,#5880,.F.);
#8169=ORIENTED_EDGE('',*,*,#5881,.F.);
#8170=ORIENTED_EDGE('',*,*,#5882,.F.);
#8171=ORIENTED_EDGE('',*,*,#5883,.T.);
#8172=ORIENTED_EDGE('',*,*,#5615,.F.);
#8173=ORIENTED_EDGE('',*,*,#5884,.F.);
#8174=ORIENTED_EDGE('',*,*,#5622,.F.);
#8175=ORIENTED_EDGE('',*,*,#5885,.F.);
#8176=ORIENTED_EDGE('',*,*,#5620,.F.);
#8177=ORIENTED_EDGE('',*,*,#5886,.F.);
#8178=ORIENTED_EDGE('',*,*,#5614,.F.);
#8179=ORIENTED_EDGE('',*,*,#5887,.F.);
#8180=ORIENTED_EDGE('',*,*,#5616,.F.);
#8181=ORIENTED_EDGE('',*,*,#5884,.T.);
#8182=ORIENTED_EDGE('',*,*,#5621,.F.);
#8183=ORIENTED_EDGE('',*,*,#5885,.T.);
#8184=ORIENTED_EDGE('',*,*,#5886,.T.);
#8185=ORIENTED_EDGE('',*,*,#5619,.F.);
#8186=ORIENTED_EDGE('',*,*,#5833,.F.);
#8187=ORIENTED_EDGE('',*,*,#5846,.T.);
#8188=ORIENTED_EDGE('',*,*,#5888,.T.);
#8189=ORIENTED_EDGE('',*,*,#5623,.F.);
#8190=ORIENTED_EDGE('',*,*,#5627,.F.);
#8191=ORIENTED_EDGE('',*,*,#5889,.F.);
#8192=ORIENTED_EDGE('',*,*,#5634,.F.);
#8193=ORIENTED_EDGE('',*,*,#5890,.F.);
#8194=ORIENTED_EDGE('',*,*,#5632,.F.);
#8195=ORIENTED_EDGE('',*,*,#5891,.F.);
#8196=ORIENTED_EDGE('',*,*,#5626,.F.);
#8197=ORIENTED_EDGE('',*,*,#5892,.F.);
#8198=ORIENTED_EDGE('',*,*,#5628,.F.);
#8199=ORIENTED_EDGE('',*,*,#5889,.T.);
#8200=ORIENTED_EDGE('',*,*,#5633,.F.);
#8201=ORIENTED_EDGE('',*,*,#5890,.T.);
#8202=ORIENTED_EDGE('',*,*,#5891,.T.);
#8203=ORIENTED_EDGE('',*,*,#5631,.F.);
#8204=ORIENTED_EDGE('',*,*,#5837,.F.);
#8205=ORIENTED_EDGE('',*,*,#5843,.T.);
#8206=ORIENTED_EDGE('',*,*,#5893,.T.);
#8207=ORIENTED_EDGE('',*,*,#5635,.F.);
#8208=ORIENTED_EDGE('',*,*,#5747,.F.);
#8209=ORIENTED_EDGE('',*,*,#5894,.F.);
#8210=ORIENTED_EDGE('',*,*,#5754,.F.);
#8211=ORIENTED_EDGE('',*,*,#5895,.F.);
#8212=ORIENTED_EDGE('',*,*,#5752,.F.);
#8213=ORIENTED_EDGE('',*,*,#5896,.F.);
#8214=ORIENTED_EDGE('',*,*,#5746,.F.);
#8215=ORIENTED_EDGE('',*,*,#5897,.F.);
#8216=ORIENTED_EDGE('',*,*,#5748,.F.);
#8217=ORIENTED_EDGE('',*,*,#5894,.T.);
#8218=ORIENTED_EDGE('',*,*,#5753,.F.);
#8219=ORIENTED_EDGE('',*,*,#5895,.T.);
#8220=ORIENTED_EDGE('',*,*,#5896,.T.);
#8221=ORIENTED_EDGE('',*,*,#5751,.F.);
#8222=ORIENTED_EDGE('',*,*,#5829,.F.);
#8223=ORIENTED_EDGE('',*,*,#5854,.T.);
#8224=ORIENTED_EDGE('',*,*,#5898,.T.);
#8225=ORIENTED_EDGE('',*,*,#5755,.F.);
#8226=ORIENTED_EDGE('',*,*,#5675,.F.);
#8227=ORIENTED_EDGE('',*,*,#5899,.F.);
#8228=ORIENTED_EDGE('',*,*,#5682,.F.);
#8229=ORIENTED_EDGE('',*,*,#5900,.F.);
#8230=ORIENTED_EDGE('',*,*,#5680,.F.);
#8231=ORIENTED_EDGE('',*,*,#5901,.F.);
#8232=ORIENTED_EDGE('',*,*,#5674,.F.);
#8233=ORIENTED_EDGE('',*,*,#5902,.F.);
#8234=ORIENTED_EDGE('',*,*,#5676,.F.);
#8235=ORIENTED_EDGE('',*,*,#5899,.T.);
#8236=ORIENTED_EDGE('',*,*,#5681,.F.);
#8237=ORIENTED_EDGE('',*,*,#5900,.T.);
#8238=ORIENTED_EDGE('',*,*,#5901,.T.);
#8239=ORIENTED_EDGE('',*,*,#5679,.F.);
#8240=ORIENTED_EDGE('',*,*,#5903,.F.);
#8241=ORIENTED_EDGE('',*,*,#5874,.T.);
#8242=ORIENTED_EDGE('',*,*,#5904,.T.);
#8243=ORIENTED_EDGE('',*,*,#5683,.F.);
#8244=ORIENTED_EDGE('',*,*,#5711,.F.);
#8245=ORIENTED_EDGE('',*,*,#5905,.F.);
#8246=ORIENTED_EDGE('',*,*,#5718,.F.);
#8247=ORIENTED_EDGE('',*,*,#5906,.F.);
#8248=ORIENTED_EDGE('',*,*,#5716,.F.);
#8249=ORIENTED_EDGE('',*,*,#5907,.F.);
#8250=ORIENTED_EDGE('',*,*,#5710,.F.);
#8251=ORIENTED_EDGE('',*,*,#5908,.F.);
#8252=ORIENTED_EDGE('',*,*,#5712,.F.);
#8253=ORIENTED_EDGE('',*,*,#5905,.T.);
#8254=ORIENTED_EDGE('',*,*,#5717,.F.);
#8255=ORIENTED_EDGE('',*,*,#5906,.T.);
#8256=ORIENTED_EDGE('',*,*,#5907,.T.);
#8257=ORIENTED_EDGE('',*,*,#5715,.F.);
#8258=ORIENTED_EDGE('',*,*,#5817,.F.);
#8259=ORIENTED_EDGE('',*,*,#5878,.T.);
#8260=ORIENTED_EDGE('',*,*,#5909,.T.);
#8261=ORIENTED_EDGE('',*,*,#5719,.F.);
#8262=ORIENTED_EDGE('',*,*,#5699,.F.);
#8263=ORIENTED_EDGE('',*,*,#5910,.F.);
#8264=ORIENTED_EDGE('',*,*,#5706,.F.);
#8265=ORIENTED_EDGE('',*,*,#5911,.F.);
#8266=ORIENTED_EDGE('',*,*,#5704,.F.);
#8267=ORIENTED_EDGE('',*,*,#5912,.F.);
#8268=ORIENTED_EDGE('',*,*,#5698,.F.);
#8269=ORIENTED_EDGE('',*,*,#5913,.F.);
#8270=ORIENTED_EDGE('',*,*,#5700,.F.);
#8271=ORIENTED_EDGE('',*,*,#5910,.T.);
#8272=ORIENTED_EDGE('',*,*,#5705,.F.);
#8273=ORIENTED_EDGE('',*,*,#5911,.T.);
#8274=ORIENTED_EDGE('',*,*,#5912,.T.);
#8275=ORIENTED_EDGE('',*,*,#5703,.F.);
#8276=ORIENTED_EDGE('',*,*,#5914,.F.);
#8277=ORIENTED_EDGE('',*,*,#5915,.T.);
#8278=ORIENTED_EDGE('',*,*,#5916,.T.);
#8279=ORIENTED_EDGE('',*,*,#5707,.F.);
#8280=ORIENTED_EDGE('',*,*,#5735,.F.);
#8281=ORIENTED_EDGE('',*,*,#5917,.F.);
#8282=ORIENTED_EDGE('',*,*,#5742,.F.);
#8283=ORIENTED_EDGE('',*,*,#5918,.F.);
#8284=ORIENTED_EDGE('',*,*,#5740,.F.);
#8285=ORIENTED_EDGE('',*,*,#5919,.F.);
#8286=ORIENTED_EDGE('',*,*,#5734,.F.);
#8287=ORIENTED_EDGE('',*,*,#5920,.F.);
#8288=ORIENTED_EDGE('',*,*,#5736,.F.);
#8289=ORIENTED_EDGE('',*,*,#5917,.T.);
#8290=ORIENTED_EDGE('',*,*,#5741,.F.);
#8291=ORIENTED_EDGE('',*,*,#5918,.T.);
#8292=ORIENTED_EDGE('',*,*,#5919,.T.);
#8293=ORIENTED_EDGE('',*,*,#5739,.F.);
#8294=ORIENTED_EDGE('',*,*,#5825,.F.);
#8295=ORIENTED_EDGE('',*,*,#5862,.T.);
#8296=ORIENTED_EDGE('',*,*,#5921,.T.);
#8297=ORIENTED_EDGE('',*,*,#5743,.F.);
#8298=ORIENTED_EDGE('',*,*,#5687,.F.);
#8299=ORIENTED_EDGE('',*,*,#5922,.F.);
#8300=ORIENTED_EDGE('',*,*,#5694,.F.);
#8301=ORIENTED_EDGE('',*,*,#5923,.F.);
#8302=ORIENTED_EDGE('',*,*,#5692,.F.);
#8303=ORIENTED_EDGE('',*,*,#5924,.F.);
#8304=ORIENTED_EDGE('',*,*,#5686,.F.);
#8305=ORIENTED_EDGE('',*,*,#5925,.F.);
#8306=ORIENTED_EDGE('',*,*,#5688,.F.);
#8307=ORIENTED_EDGE('',*,*,#5922,.T.);
#8308=ORIENTED_EDGE('',*,*,#5693,.F.);
#8309=ORIENTED_EDGE('',*,*,#5923,.T.);
#8310=ORIENTED_EDGE('',*,*,#5924,.T.);
#8311=ORIENTED_EDGE('',*,*,#5691,.F.);
#8312=ORIENTED_EDGE('',*,*,#5926,.F.);
#8313=ORIENTED_EDGE('',*,*,#5882,.T.);
#8314=ORIENTED_EDGE('',*,*,#5927,.T.);
#8315=ORIENTED_EDGE('',*,*,#5695,.F.);
#8316=ORIENTED_EDGE('',*,*,#5723,.F.);
#8317=ORIENTED_EDGE('',*,*,#5928,.F.);
#8318=ORIENTED_EDGE('',*,*,#5730,.F.);
#8319=ORIENTED_EDGE('',*,*,#5929,.F.);
#8320=ORIENTED_EDGE('',*,*,#5728,.F.);
#8321=ORIENTED_EDGE('',*,*,#5930,.F.);
#8322=ORIENTED_EDGE('',*,*,#5722,.F.);
#8323=ORIENTED_EDGE('',*,*,#5931,.F.);
#8324=ORIENTED_EDGE('',*,*,#5724,.F.);
#8325=ORIENTED_EDGE('',*,*,#5928,.T.);
#8326=ORIENTED_EDGE('',*,*,#5729,.F.);
#8327=ORIENTED_EDGE('',*,*,#5929,.T.);
#8328=ORIENTED_EDGE('',*,*,#5930,.T.);
#8329=ORIENTED_EDGE('',*,*,#5727,.F.);
#8330=ORIENTED_EDGE('',*,*,#5821,.F.);
#8331=ORIENTED_EDGE('',*,*,#5870,.T.);
#8332=ORIENTED_EDGE('',*,*,#5932,.T.);
#8333=ORIENTED_EDGE('',*,*,#5731,.F.);
#8334=ORIENTED_EDGE('',*,*,#5663,.F.);
#8335=ORIENTED_EDGE('',*,*,#5933,.F.);
#8336=ORIENTED_EDGE('',*,*,#5670,.F.);
#8337=ORIENTED_EDGE('',*,*,#5934,.F.);
#8338=ORIENTED_EDGE('',*,*,#5668,.F.);
#8339=ORIENTED_EDGE('',*,*,#5935,.F.);
#8340=ORIENTED_EDGE('',*,*,#5662,.F.);
#8341=ORIENTED_EDGE('',*,*,#5936,.F.);
#8342=ORIENTED_EDGE('',*,*,#5664,.F.);
#8343=ORIENTED_EDGE('',*,*,#5933,.T.);
#8344=ORIENTED_EDGE('',*,*,#5669,.F.);
#8345=ORIENTED_EDGE('',*,*,#5934,.T.);
#8346=ORIENTED_EDGE('',*,*,#5935,.T.);
#8347=ORIENTED_EDGE('',*,*,#5667,.F.);
#8348=ORIENTED_EDGE('',*,*,#5937,.F.);
#8349=ORIENTED_EDGE('',*,*,#5866,.T.);
#8350=ORIENTED_EDGE('',*,*,#5938,.T.);
#8351=ORIENTED_EDGE('',*,*,#5671,.F.);
#8352=ORIENTED_EDGE('',*,*,#5651,.F.);
#8353=ORIENTED_EDGE('',*,*,#5939,.F.);
#8354=ORIENTED_EDGE('',*,*,#5658,.F.);
#8355=ORIENTED_EDGE('',*,*,#5940,.F.);
#8356=ORIENTED_EDGE('',*,*,#5656,.F.);
#8357=ORIENTED_EDGE('',*,*,#5941,.F.);
#8358=ORIENTED_EDGE('',*,*,#5650,.F.);
#8359=ORIENTED_EDGE('',*,*,#5942,.F.);
#8360=ORIENTED_EDGE('',*,*,#5652,.F.);
#8361=ORIENTED_EDGE('',*,*,#5939,.T.);
#8362=ORIENTED_EDGE('',*,*,#5657,.F.);
#8363=ORIENTED_EDGE('',*,*,#5940,.T.);
#8364=ORIENTED_EDGE('',*,*,#5941,.T.);
#8365=ORIENTED_EDGE('',*,*,#5655,.F.);
#8366=ORIENTED_EDGE('',*,*,#5943,.F.);
#8367=ORIENTED_EDGE('',*,*,#5858,.T.);
#8368=ORIENTED_EDGE('',*,*,#5944,.T.);
#8369=ORIENTED_EDGE('',*,*,#5659,.F.);
#8370=ORIENTED_EDGE('',*,*,#5645,.F.);
#8371=ORIENTED_EDGE('',*,*,#5945,.T.);
#8372=ORIENTED_EDGE('',*,*,#5639,.F.);
#8373=ORIENTED_EDGE('',*,*,#5946,.F.);
#8374=ORIENTED_EDGE('',*,*,#5638,.F.);
#8375=ORIENTED_EDGE('',*,*,#5947,.F.);
#8376=ORIENTED_EDGE('',*,*,#5640,.F.);
#8377=ORIENTED_EDGE('',*,*,#5946,.T.);
#8378=ORIENTED_EDGE('',*,*,#5644,.F.);
#8379=ORIENTED_EDGE('',*,*,#5948,.F.);
#8380=ORIENTED_EDGE('',*,*,#5646,.F.);
#8381=ORIENTED_EDGE('',*,*,#5945,.F.);
#8382=ORIENTED_EDGE('',*,*,#5892,.T.);
#8383=ORIENTED_EDGE('',*,*,#5625,.F.);
#8384=ORIENTED_EDGE('',*,*,#5949,.F.);
#8385=ORIENTED_EDGE('',*,*,#5844,.T.);
#8386=ORIENTED_EDGE('',*,*,#5838,.T.);
#8387=ORIENTED_EDGE('',*,*,#5629,.F.);
#8388=ORIENTED_EDGE('',*,*,#5845,.T.);
#8389=ORIENTED_EDGE('',*,*,#5949,.T.);
#8390=ORIENTED_EDGE('',*,*,#5624,.F.);
#8391=ORIENTED_EDGE('',*,*,#5888,.F.);
#8392=ORIENTED_EDGE('',*,*,#5887,.T.);
#8393=ORIENTED_EDGE('',*,*,#5757,.F.);
#8394=ORIENTED_EDGE('',*,*,#5950,.F.);
#8395=ORIENTED_EDGE('',*,*,#5852,.T.);
#8396=ORIENTED_EDGE('',*,*,#5834,.T.);
#8397=ORIENTED_EDGE('',*,*,#5617,.F.);
#8398=ORIENTED_EDGE('',*,*,#5853,.T.);
#8399=ORIENTED_EDGE('',*,*,#5950,.T.);
#8400=ORIENTED_EDGE('',*,*,#5756,.F.);
#8401=ORIENTED_EDGE('',*,*,#5898,.F.);
#8402=ORIENTED_EDGE('',*,*,#5897,.T.);
#8403=ORIENTED_EDGE('',*,*,#5745,.F.);
#8404=ORIENTED_EDGE('',*,*,#5951,.F.);
#8405=ORIENTED_EDGE('',*,*,#5860,.T.);
#8406=ORIENTED_EDGE('',*,*,#5830,.T.);
#8407=ORIENTED_EDGE('',*,*,#5749,.F.);
#8408=ORIENTED_EDGE('',*,*,#5861,.T.);
#8409=ORIENTED_EDGE('',*,*,#5951,.T.);
#8410=ORIENTED_EDGE('',*,*,#5744,.F.);
#8411=ORIENTED_EDGE('',*,*,#5921,.F.);
#8412=ORIENTED_EDGE('',*,*,#5920,.T.);
#8413=ORIENTED_EDGE('',*,*,#5733,.F.);
#8414=ORIENTED_EDGE('',*,*,#5952,.F.);
#8415=ORIENTED_EDGE('',*,*,#5868,.T.);
#8416=ORIENTED_EDGE('',*,*,#5826,.T.);
#8417=ORIENTED_EDGE('',*,*,#5737,.F.);
#8418=ORIENTED_EDGE('',*,*,#5869,.T.);
#8419=ORIENTED_EDGE('',*,*,#5952,.T.);
#8420=ORIENTED_EDGE('',*,*,#5732,.F.);
#8421=ORIENTED_EDGE('',*,*,#5932,.F.);
#8422=ORIENTED_EDGE('',*,*,#5931,.T.);
#8423=ORIENTED_EDGE('',*,*,#5721,.F.);
#8424=ORIENTED_EDGE('',*,*,#5953,.F.);
#8425=ORIENTED_EDGE('',*,*,#5876,.T.);
#8426=ORIENTED_EDGE('',*,*,#5822,.T.);
#8427=ORIENTED_EDGE('',*,*,#5725,.F.);
#8428=ORIENTED_EDGE('',*,*,#5877,.T.);
#8429=ORIENTED_EDGE('',*,*,#5953,.T.);
#8430=ORIENTED_EDGE('',*,*,#5720,.F.);
#8431=ORIENTED_EDGE('',*,*,#5909,.F.);
#8432=ORIENTED_EDGE('',*,*,#5908,.T.);
#8433=ORIENTED_EDGE('',*,*,#5709,.F.);
#8434=ORIENTED_EDGE('',*,*,#5954,.F.);
#8435=ORIENTED_EDGE('',*,*,#5955,.T.);
#8436=ORIENTED_EDGE('',*,*,#5818,.T.);
#8437=ORIENTED_EDGE('',*,*,#5713,.F.);
#8438=ORIENTED_EDGE('',*,*,#5956,.T.);
#8439=ORIENTED_EDGE('',*,*,#5954,.T.);
#8440=ORIENTED_EDGE('',*,*,#5708,.F.);
#8441=ORIENTED_EDGE('',*,*,#5916,.F.);
#8442=ORIENTED_EDGE('',*,*,#5815,.T.);
#8443=ORIENTED_EDGE('',*,*,#5957,.F.);
#8444=ORIENTED_EDGE('',*,*,#5914,.T.);
#8445=ORIENTED_EDGE('',*,*,#5702,.F.);
#8446=ORIENTED_EDGE('',*,*,#5958,.F.);
#8447=ORIENTED_EDGE('',*,*,#5879,.F.);
#8448=ORIENTED_EDGE('',*,*,#5810,.T.);
#8449=ORIENTED_EDGE('',*,*,#5559,.T.);
#8450=ORIENTED_EDGE('',*,*,#5913,.T.);
#8451=ORIENTED_EDGE('',*,*,#5697,.F.);
#8452=ORIENTED_EDGE('',*,*,#5959,.F.);
#8453=ORIENTED_EDGE('',*,*,#5880,.T.);
#8454=ORIENTED_EDGE('',*,*,#5958,.T.);
#8455=ORIENTED_EDGE('',*,*,#5701,.F.);
#8456=ORIENTED_EDGE('',*,*,#5881,.T.);
#8457=ORIENTED_EDGE('',*,*,#5959,.T.);
#8458=ORIENTED_EDGE('',*,*,#5696,.F.);
#8459=ORIENTED_EDGE('',*,*,#5927,.F.);
#8460=ORIENTED_EDGE('',*,*,#5812,.T.);
#8461=ORIENTED_EDGE('',*,*,#5883,.F.);
#8462=ORIENTED_EDGE('',*,*,#5926,.T.);
#8463=ORIENTED_EDGE('',*,*,#5690,.F.);
#8464=ORIENTED_EDGE('',*,*,#5960,.F.);
#8465=ORIENTED_EDGE('',*,*,#5871,.F.);
#8466=ORIENTED_EDGE('',*,*,#5804,.T.);
#8467=ORIENTED_EDGE('',*,*,#5561,.T.);
#8468=ORIENTED_EDGE('',*,*,#5925,.T.);
#8469=ORIENTED_EDGE('',*,*,#5685,.F.);
#8470=ORIENTED_EDGE('',*,*,#5961,.F.);
#8471=ORIENTED_EDGE('',*,*,#5872,.T.);
#8472=ORIENTED_EDGE('',*,*,#5960,.T.);
#8473=ORIENTED_EDGE('',*,*,#5689,.F.);
#8474=ORIENTED_EDGE('',*,*,#5873,.T.);
#8475=ORIENTED_EDGE('',*,*,#5961,.T.);
#8476=ORIENTED_EDGE('',*,*,#5684,.F.);
#8477=ORIENTED_EDGE('',*,*,#5904,.F.);
#8478=ORIENTED_EDGE('',*,*,#5806,.T.);
#8479=ORIENTED_EDGE('',*,*,#5875,.F.);
#8480=ORIENTED_EDGE('',*,*,#5903,.T.);
#8481=ORIENTED_EDGE('',*,*,#5678,.F.);
#8482=ORIENTED_EDGE('',*,*,#5962,.F.);
#8483=ORIENTED_EDGE('',*,*,#5863,.F.);
#8484=ORIENTED_EDGE('',*,*,#5798,.T.);
#8485=ORIENTED_EDGE('',*,*,#5563,.T.);
#8486=ORIENTED_EDGE('',*,*,#5902,.T.);
#8487=ORIENTED_EDGE('',*,*,#5673,.F.);
#8488=ORIENTED_EDGE('',*,*,#5963,.F.);
#8489=ORIENTED_EDGE('',*,*,#5864,.T.);
#8490=ORIENTED_EDGE('',*,*,#5962,.T.);
#8491=ORIENTED_EDGE('',*,*,#5677,.F.);
#8492=ORIENTED_EDGE('',*,*,#5865,.T.);
#8493=ORIENTED_EDGE('',*,*,#5963,.T.);
#8494=ORIENTED_EDGE('',*,*,#5672,.F.);
#8495=ORIENTED_EDGE('',*,*,#5938,.F.);
#8496=ORIENTED_EDGE('',*,*,#5800,.T.);
#8497=ORIENTED_EDGE('',*,*,#5867,.F.);
#8498=ORIENTED_EDGE('',*,*,#5937,.T.);
#8499=ORIENTED_EDGE('',*,*,#5666,.F.);
#8500=ORIENTED_EDGE('',*,*,#5964,.F.);
#8501=ORIENTED_EDGE('',*,*,#5855,.F.);
#8502=ORIENTED_EDGE('',*,*,#5792,.T.);
#8503=ORIENTED_EDGE('',*,*,#5565,.T.);
#8504=ORIENTED_EDGE('',*,*,#5936,.T.);
#8505=ORIENTED_EDGE('',*,*,#5661,.F.);
#8506=ORIENTED_EDGE('',*,*,#5965,.F.);
#8507=ORIENTED_EDGE('',*,*,#5856,.T.);
#8508=ORIENTED_EDGE('',*,*,#5964,.T.);
#8509=ORIENTED_EDGE('',*,*,#5665,.F.);
#8510=ORIENTED_EDGE('',*,*,#5857,.T.);
#8511=ORIENTED_EDGE('',*,*,#5965,.T.);
#8512=ORIENTED_EDGE('',*,*,#5660,.F.);
#8513=ORIENTED_EDGE('',*,*,#5944,.F.);
#8514=ORIENTED_EDGE('',*,*,#5794,.T.);
#8515=ORIENTED_EDGE('',*,*,#5859,.F.);
#8516=ORIENTED_EDGE('',*,*,#5943,.T.);
#8517=ORIENTED_EDGE('',*,*,#5654,.F.);
#8518=ORIENTED_EDGE('',*,*,#5966,.F.);
#8519=ORIENTED_EDGE('',*,*,#5847,.F.);
#8520=ORIENTED_EDGE('',*,*,#5786,.T.);
#8521=ORIENTED_EDGE('',*,*,#5567,.T.);
#8522=ORIENTED_EDGE('',*,*,#5942,.T.);
#8523=ORIENTED_EDGE('',*,*,#5649,.F.);
#8524=ORIENTED_EDGE('',*,*,#5967,.F.);
#8525=ORIENTED_EDGE('',*,*,#5848,.T.);
#8526=ORIENTED_EDGE('',*,*,#5966,.T.);
#8527=ORIENTED_EDGE('',*,*,#5653,.F.);
#8528=ORIENTED_EDGE('',*,*,#5849,.T.);
#8529=ORIENTED_EDGE('',*,*,#5967,.T.);
#8530=ORIENTED_EDGE('',*,*,#5648,.F.);
#8531=ORIENTED_EDGE('',*,*,#5968,.F.);
#8532=ORIENTED_EDGE('',*,*,#5948,.T.);
#8533=ORIENTED_EDGE('',*,*,#5643,.F.);
#8534=ORIENTED_EDGE('',*,*,#5969,.F.);
#8535=ORIENTED_EDGE('',*,*,#5850,.T.);
#8536=ORIENTED_EDGE('',*,*,#5968,.T.);
#8537=ORIENTED_EDGE('',*,*,#5647,.F.);
#8538=ORIENTED_EDGE('',*,*,#5788,.T.);
#8539=ORIENTED_EDGE('',*,*,#5851,.F.);
#8540=ORIENTED_EDGE('',*,*,#5969,.T.);
#8541=ORIENTED_EDGE('',*,*,#5642,.F.);
#8542=ORIENTED_EDGE('',*,*,#5970,.F.);
#8543=ORIENTED_EDGE('',*,*,#5840,.F.);
#8544=ORIENTED_EDGE('',*,*,#5781,.T.);
#8545=ORIENTED_EDGE('',*,*,#5569,.T.);
#8546=ORIENTED_EDGE('',*,*,#5947,.T.);
#8547=ORIENTED_EDGE('',*,*,#5637,.F.);
#8548=ORIENTED_EDGE('',*,*,#5971,.F.);
#8549=ORIENTED_EDGE('',*,*,#5841,.T.);
#8550=ORIENTED_EDGE('',*,*,#5970,.T.);
#8551=ORIENTED_EDGE('',*,*,#5641,.F.);
#8552=ORIENTED_EDGE('',*,*,#5842,.T.);
#8553=ORIENTED_EDGE('',*,*,#5971,.T.);
#8554=ORIENTED_EDGE('',*,*,#5636,.F.);
#8555=ORIENTED_EDGE('',*,*,#5893,.F.);
#8556=ORIENTED_EDGE('',*,*,#5814,.T.);
#8557=ORIENTED_EDGE('',*,*,#5819,.T.);
#8558=ORIENTED_EDGE('',*,*,#5955,.F.);
#8559=ORIENTED_EDGE('',*,*,#5956,.F.);
#8560=ORIENTED_EDGE('',*,*,#5915,.F.);
#8561=ORIENTED_EDGE('',*,*,#5957,.T.);
#8562=ORIENTED_EDGE('',*,*,#5972,.F.);
#8563=ORIENTED_EDGE('',*,*,#5973,.T.);
#8564=ORIENTED_EDGE('',*,*,#5974,.T.);
#8565=ORIENTED_EDGE('',*,*,#5975,.F.);
#8566=ORIENTED_EDGE('',*,*,#5976,.F.);
#8567=ORIENTED_EDGE('',*,*,#5975,.T.);
#8568=ORIENTED_EDGE('',*,*,#5977,.T.);
#8569=ORIENTED_EDGE('',*,*,#5978,.F.);
#8570=ORIENTED_EDGE('',*,*,#5979,.F.);
#8571=ORIENTED_EDGE('',*,*,#5980,.F.);
#8572=ORIENTED_EDGE('',*,*,#5981,.F.);
#8573=ORIENTED_EDGE('',*,*,#5982,.F.);
#8574=ORIENTED_EDGE('',*,*,#5983,.F.);
#8575=ORIENTED_EDGE('',*,*,#5984,.T.);
#8576=ORIENTED_EDGE('',*,*,#5985,.T.);
#8577=ORIENTED_EDGE('',*,*,#5973,.F.);
#8578=ORIENTED_EDGE('',*,*,#5986,.F.);
#8579=ORIENTED_EDGE('',*,*,#5978,.T.);
#8580=ORIENTED_EDGE('',*,*,#5987,.T.);
#8581=ORIENTED_EDGE('',*,*,#5984,.F.);
#8582=ORIENTED_EDGE('',*,*,#5974,.F.);
#8583=ORIENTED_EDGE('',*,*,#5985,.F.);
#8584=ORIENTED_EDGE('',*,*,#5987,.F.);
#8585=ORIENTED_EDGE('',*,*,#5977,.F.);
#8586=ORIENTED_EDGE('',*,*,#5988,.F.);
#8587=ORIENTED_EDGE('',*,*,#5989,.T.);
#8588=ORIENTED_EDGE('',*,*,#5990,.T.);
#8589=ORIENTED_EDGE('',*,*,#5991,.F.);
#8590=ORIENTED_EDGE('',*,*,#5992,.F.);
#8591=ORIENTED_EDGE('',*,*,#5991,.T.);
#8592=ORIENTED_EDGE('',*,*,#5993,.T.);
#8593=ORIENTED_EDGE('',*,*,#5994,.F.);
#8594=ORIENTED_EDGE('',*,*,#5995,.F.);
#8595=ORIENTED_EDGE('',*,*,#5996,.F.);
#8596=ORIENTED_EDGE('',*,*,#5997,.F.);
#8597=ORIENTED_EDGE('',*,*,#5998,.F.);
#8598=ORIENTED_EDGE('',*,*,#5999,.F.);
#8599=ORIENTED_EDGE('',*,*,#6000,.T.);
#8600=ORIENTED_EDGE('',*,*,#6001,.T.);
#8601=ORIENTED_EDGE('',*,*,#5989,.F.);
#8602=ORIENTED_EDGE('',*,*,#6002,.F.);
#8603=ORIENTED_EDGE('',*,*,#5994,.T.);
#8604=ORIENTED_EDGE('',*,*,#6003,.T.);
#8605=ORIENTED_EDGE('',*,*,#6000,.F.);
#8606=ORIENTED_EDGE('',*,*,#5990,.F.);
#8607=ORIENTED_EDGE('',*,*,#6001,.F.);
#8608=ORIENTED_EDGE('',*,*,#6003,.F.);
#8609=ORIENTED_EDGE('',*,*,#5993,.F.);
#8610=ORIENTED_EDGE('',*,*,#6004,.F.);
#8611=ORIENTED_EDGE('',*,*,#6005,.T.);
#8612=ORIENTED_EDGE('',*,*,#6006,.T.);
#8613=ORIENTED_EDGE('',*,*,#6007,.F.);
#8614=ORIENTED_EDGE('',*,*,#6008,.F.);
#8615=ORIENTED_EDGE('',*,*,#6007,.T.);
#8616=ORIENTED_EDGE('',*,*,#6009,.T.);
#8617=ORIENTED_EDGE('',*,*,#6010,.F.);
#8618=ORIENTED_EDGE('',*,*,#6011,.F.);
#8619=ORIENTED_EDGE('',*,*,#6012,.F.);
#8620=ORIENTED_EDGE('',*,*,#6013,.F.);
#8621=ORIENTED_EDGE('',*,*,#6014,.F.);
#8622=ORIENTED_EDGE('',*,*,#6015,.F.);
#8623=ORIENTED_EDGE('',*,*,#6016,.T.);
#8624=ORIENTED_EDGE('',*,*,#6017,.T.);
#8625=ORIENTED_EDGE('',*,*,#6005,.F.);
#8626=ORIENTED_EDGE('',*,*,#6018,.F.);
#8627=ORIENTED_EDGE('',*,*,#6010,.T.);
#8628=ORIENTED_EDGE('',*,*,#6019,.T.);
#8629=ORIENTED_EDGE('',*,*,#6016,.F.);
#8630=ORIENTED_EDGE('',*,*,#6006,.F.);
#8631=ORIENTED_EDGE('',*,*,#6017,.F.);
#8632=ORIENTED_EDGE('',*,*,#6019,.F.);
#8633=ORIENTED_EDGE('',*,*,#6009,.F.);
#8634=ORIENTED_EDGE('',*,*,#6020,.F.);
#8635=ORIENTED_EDGE('',*,*,#6021,.T.);
#8636=ORIENTED_EDGE('',*,*,#6022,.T.);
#8637=ORIENTED_EDGE('',*,*,#6023,.F.);
#8638=ORIENTED_EDGE('',*,*,#6024,.F.);
#8639=ORIENTED_EDGE('',*,*,#6023,.T.);
#8640=ORIENTED_EDGE('',*,*,#6025,.T.);
#8641=ORIENTED_EDGE('',*,*,#6026,.F.);
#8642=ORIENTED_EDGE('',*,*,#6027,.F.);
#8643=ORIENTED_EDGE('',*,*,#6028,.F.);
#8644=ORIENTED_EDGE('',*,*,#6029,.F.);
#8645=ORIENTED_EDGE('',*,*,#6030,.F.);
#8646=ORIENTED_EDGE('',*,*,#6031,.F.);
#8647=ORIENTED_EDGE('',*,*,#6032,.T.);
#8648=ORIENTED_EDGE('',*,*,#6033,.T.);
#8649=ORIENTED_EDGE('',*,*,#6021,.F.);
#8650=ORIENTED_EDGE('',*,*,#6034,.F.);
#8651=ORIENTED_EDGE('',*,*,#6026,.T.);
#8652=ORIENTED_EDGE('',*,*,#6035,.T.);
#8653=ORIENTED_EDGE('',*,*,#6032,.F.);
#8654=ORIENTED_EDGE('',*,*,#6022,.F.);
#8655=ORIENTED_EDGE('',*,*,#6033,.F.);
#8656=ORIENTED_EDGE('',*,*,#6035,.F.);
#8657=ORIENTED_EDGE('',*,*,#6025,.F.);
#8658=ORIENTED_EDGE('',*,*,#6036,.F.);
#8659=ORIENTED_EDGE('',*,*,#6037,.T.);
#8660=ORIENTED_EDGE('',*,*,#6038,.T.);
#8661=ORIENTED_EDGE('',*,*,#6039,.F.);
#8662=ORIENTED_EDGE('',*,*,#6040,.F.);
#8663=ORIENTED_EDGE('',*,*,#6039,.T.);
#8664=ORIENTED_EDGE('',*,*,#6041,.T.);
#8665=ORIENTED_EDGE('',*,*,#6042,.F.);
#8666=ORIENTED_EDGE('',*,*,#6043,.F.);
#8667=ORIENTED_EDGE('',*,*,#6044,.F.);
#8668=ORIENTED_EDGE('',*,*,#6045,.F.);
#8669=ORIENTED_EDGE('',*,*,#6046,.F.);
#8670=ORIENTED_EDGE('',*,*,#6047,.F.);
#8671=ORIENTED_EDGE('',*,*,#6048,.T.);
#8672=ORIENTED_EDGE('',*,*,#6049,.T.);
#8673=ORIENTED_EDGE('',*,*,#6037,.F.);
#8674=ORIENTED_EDGE('',*,*,#6050,.F.);
#8675=ORIENTED_EDGE('',*,*,#6042,.T.);
#8676=ORIENTED_EDGE('',*,*,#6051,.T.);
#8677=ORIENTED_EDGE('',*,*,#6048,.F.);
#8678=ORIENTED_EDGE('',*,*,#6038,.F.);
#8679=ORIENTED_EDGE('',*,*,#6049,.F.);
#8680=ORIENTED_EDGE('',*,*,#6051,.F.);
#8681=ORIENTED_EDGE('',*,*,#6041,.F.);
#8682=ORIENTED_EDGE('',*,*,#6052,.F.);
#8683=ORIENTED_EDGE('',*,*,#6053,.T.);
#8684=ORIENTED_EDGE('',*,*,#6054,.T.);
#8685=ORIENTED_EDGE('',*,*,#6055,.F.);
#8686=ORIENTED_EDGE('',*,*,#6056,.F.);
#8687=ORIENTED_EDGE('',*,*,#6055,.T.);
#8688=ORIENTED_EDGE('',*,*,#6057,.T.);
#8689=ORIENTED_EDGE('',*,*,#6058,.F.);
#8690=ORIENTED_EDGE('',*,*,#6059,.F.);
#8691=ORIENTED_EDGE('',*,*,#6060,.F.);
#8692=ORIENTED_EDGE('',*,*,#6061,.F.);
#8693=ORIENTED_EDGE('',*,*,#6062,.F.);
#8694=ORIENTED_EDGE('',*,*,#6063,.F.);
#8695=ORIENTED_EDGE('',*,*,#6064,.T.);
#8696=ORIENTED_EDGE('',*,*,#6065,.T.);
#8697=ORIENTED_EDGE('',*,*,#6053,.F.);
#8698=ORIENTED_EDGE('',*,*,#6066,.F.);
#8699=ORIENTED_EDGE('',*,*,#6058,.T.);
#8700=ORIENTED_EDGE('',*,*,#6067,.T.);
#8701=ORIENTED_EDGE('',*,*,#6064,.F.);
#8702=ORIENTED_EDGE('',*,*,#6054,.F.);
#8703=ORIENTED_EDGE('',*,*,#6065,.F.);
#8704=ORIENTED_EDGE('',*,*,#6067,.F.);
#8705=ORIENTED_EDGE('',*,*,#6057,.F.);
#8706=ORIENTED_EDGE('',*,*,#5981,.T.);
#8707=ORIENTED_EDGE('',*,*,#5972,.T.);
#8708=ORIENTED_EDGE('',*,*,#5976,.T.);
#8709=ORIENTED_EDGE('',*,*,#6068,.T.);
#8710=ORIENTED_EDGE('',*,*,#6029,.T.);
#8711=ORIENTED_EDGE('',*,*,#6020,.T.);
#8712=ORIENTED_EDGE('',*,*,#6024,.T.);
#8713=ORIENTED_EDGE('',*,*,#6069,.T.);
#8714=ORIENTED_EDGE('',*,*,#6045,.T.);
#8715=ORIENTED_EDGE('',*,*,#6036,.T.);
#8716=ORIENTED_EDGE('',*,*,#6040,.T.);
#8717=ORIENTED_EDGE('',*,*,#6070,.T.);
#8718=ORIENTED_EDGE('',*,*,#5997,.T.);
#8719=ORIENTED_EDGE('',*,*,#5988,.T.);
#8720=ORIENTED_EDGE('',*,*,#5992,.T.);
#8721=ORIENTED_EDGE('',*,*,#6071,.T.);
#8722=ORIENTED_EDGE('',*,*,#6061,.T.);
#8723=ORIENTED_EDGE('',*,*,#6052,.T.);
#8724=ORIENTED_EDGE('',*,*,#6056,.T.);
#8725=ORIENTED_EDGE('',*,*,#6072,.T.);
#8726=ORIENTED_EDGE('',*,*,#6013,.T.);
#8727=ORIENTED_EDGE('',*,*,#6004,.T.);
#8728=ORIENTED_EDGE('',*,*,#6008,.T.);
#8729=ORIENTED_EDGE('',*,*,#6073,.T.);
#8730=ORIENTED_EDGE('',*,*,#6074,.F.);
#8731=ORIENTED_EDGE('',*,*,#6075,.T.);
#8732=ORIENTED_EDGE('',*,*,#6076,.T.);
#8733=ORIENTED_EDGE('',*,*,#6077,.T.);
#8734=ORIENTED_EDGE('',*,*,#6078,.T.);
#8735=ORIENTED_EDGE('',*,*,#6028,.T.);
#8736=ORIENTED_EDGE('',*,*,#6079,.F.);
#8737=ORIENTED_EDGE('',*,*,#6046,.T.);
#8738=ORIENTED_EDGE('',*,*,#6069,.F.);
#8739=ORIENTED_EDGE('',*,*,#6014,.T.);
#8740=ORIENTED_EDGE('',*,*,#6072,.F.);
#8741=ORIENTED_EDGE('',*,*,#6060,.T.);
#8742=ORIENTED_EDGE('',*,*,#6080,.F.);
#8743=ORIENTED_EDGE('',*,*,#5996,.T.);
#8744=ORIENTED_EDGE('',*,*,#6081,.F.);
#8745=ORIENTED_EDGE('',*,*,#6062,.T.);
#8746=ORIENTED_EDGE('',*,*,#6071,.F.);
#8747=ORIENTED_EDGE('',*,*,#5998,.T.);
#8748=ORIENTED_EDGE('',*,*,#6070,.F.);
#8749=ORIENTED_EDGE('',*,*,#6044,.T.);
#8750=ORIENTED_EDGE('',*,*,#6082,.F.);
#8751=ORIENTED_EDGE('',*,*,#5980,.T.);
#8752=ORIENTED_EDGE('',*,*,#6083,.F.);
#8753=ORIENTED_EDGE('',*,*,#6030,.T.);
#8754=ORIENTED_EDGE('',*,*,#6068,.F.);
#8755=ORIENTED_EDGE('',*,*,#6084,.F.);
#8756=ORIENTED_EDGE('',*,*,#6085,.T.);
#8757=ORIENTED_EDGE('',*,*,#6078,.F.);
#8758=ORIENTED_EDGE('',*,*,#6085,.F.);
#8759=ORIENTED_EDGE('',*,*,#6086,.F.);
#8760=ORIENTED_EDGE('',*,*,#6087,.T.);
#8761=ORIENTED_EDGE('',*,*,#6077,.F.);
#8762=ORIENTED_EDGE('',*,*,#6087,.F.);
#8763=ORIENTED_EDGE('',*,*,#6088,.F.);
#8764=ORIENTED_EDGE('',*,*,#6089,.T.);
#8765=ORIENTED_EDGE('',*,*,#6076,.F.);
#8766=ORIENTED_EDGE('',*,*,#6089,.F.);
#8767=ORIENTED_EDGE('',*,*,#6090,.F.);
#8768=ORIENTED_EDGE('',*,*,#6091,.T.);
#8769=ORIENTED_EDGE('',*,*,#6075,.F.);
#8770=ORIENTED_EDGE('',*,*,#6091,.F.);
#8771=ORIENTED_EDGE('',*,*,#5982,.T.);
#8772=ORIENTED_EDGE('',*,*,#6073,.F.);
#8773=ORIENTED_EDGE('',*,*,#6012,.T.);
#8774=ORIENTED_EDGE('',*,*,#6092,.F.);
#8775=ORIENTED_EDGE('',*,*,#6093,.F.);
#8776=ORIENTED_EDGE('',*,*,#6094,.F.);
#8777=ORIENTED_EDGE('',*,*,#6095,.F.);
#8778=ORIENTED_EDGE('',*,*,#6096,.F.);
#8779=ORIENTED_EDGE('',*,*,#6097,.F.);
#8780=ORIENTED_EDGE('',*,*,#6098,.F.);
#8781=ORIENTED_EDGE('',*,*,#6099,.F.);
#8782=ORIENTED_EDGE('',*,*,#6100,.F.);
#8783=ORIENTED_EDGE('',*,*,#6101,.F.);
#8784=ORIENTED_EDGE('',*,*,#6102,.F.);
#8785=ORIENTED_EDGE('',*,*,#6103,.F.);
#8786=ORIENTED_EDGE('',*,*,#6104,.F.);
#8787=ORIENTED_EDGE('',*,*,#6105,.F.);
#8788=ORIENTED_EDGE('',*,*,#6106,.F.);
#8789=ORIENTED_EDGE('',*,*,#6107,.F.);
#8790=ORIENTED_EDGE('',*,*,#6108,.F.);
#8791=ORIENTED_EDGE('',*,*,#6109,.F.);
#8792=ORIENTED_EDGE('',*,*,#6110,.F.);
#8793=ORIENTED_EDGE('',*,*,#6111,.F.);
#8794=ORIENTED_EDGE('',*,*,#6112,.F.);
#8795=ORIENTED_EDGE('',*,*,#6113,.F.);
#8796=ORIENTED_EDGE('',*,*,#6114,.F.);
#8797=ORIENTED_EDGE('',*,*,#6115,.F.);
#8798=ORIENTED_EDGE('',*,*,#6116,.F.);
#8799=ORIENTED_EDGE('',*,*,#6117,.F.);
#8800=ORIENTED_EDGE('',*,*,#6118,.F.);
#8801=ORIENTED_EDGE('',*,*,#6119,.F.);
#8802=ORIENTED_EDGE('',*,*,#6120,.F.);
#8803=ORIENTED_EDGE('',*,*,#6121,.F.);
#8804=ORIENTED_EDGE('',*,*,#6122,.F.);
#8805=ORIENTED_EDGE('',*,*,#6123,.F.);
#8806=ORIENTED_EDGE('',*,*,#6124,.F.);
#8807=ORIENTED_EDGE('',*,*,#6125,.T.);
#8808=ORIENTED_EDGE('',*,*,#6120,.T.);
#8809=ORIENTED_EDGE('',*,*,#6114,.T.);
#8810=ORIENTED_EDGE('',*,*,#6108,.T.);
#8811=ORIENTED_EDGE('',*,*,#6102,.T.);
#8812=ORIENTED_EDGE('',*,*,#6096,.T.);
#8813=ORIENTED_EDGE('',*,*,#6126,.T.);
#8814=ORIENTED_EDGE('',*,*,#6127,.T.);
#8815=ORIENTED_EDGE('',*,*,#6128,.T.);
#8816=ORIENTED_EDGE('',*,*,#6129,.T.);
#8817=ORIENTED_EDGE('',*,*,#6130,.T.);
#8818=ORIENTED_EDGE('',*,*,#6131,.T.);
#8819=ORIENTED_EDGE('',*,*,#6132,.T.);
#8820=ORIENTED_EDGE('',*,*,#6121,.T.);
#8821=ORIENTED_EDGE('',*,*,#6125,.F.);
#8822=ORIENTED_EDGE('',*,*,#6133,.F.);
#8823=ORIENTED_EDGE('',*,*,#6134,.F.);
#8824=ORIENTED_EDGE('',*,*,#6135,.F.);
#8825=ORIENTED_EDGE('',*,*,#6132,.F.);
#8826=ORIENTED_EDGE('',*,*,#6136,.F.);
#8827=ORIENTED_EDGE('',*,*,#6137,.F.);
#8828=ORIENTED_EDGE('',*,*,#6138,.F.);
#8829=ORIENTED_EDGE('',*,*,#6139,.F.);
#8830=ORIENTED_EDGE('',*,*,#6140,.F.);
#8831=ORIENTED_EDGE('',*,*,#6131,.F.);
#8832=ORIENTED_EDGE('',*,*,#6141,.F.);
#8833=ORIENTED_EDGE('',*,*,#6142,.F.);
#8834=ORIENTED_EDGE('',*,*,#6143,.F.);
#8835=ORIENTED_EDGE('',*,*,#6144,.F.);
#8836=ORIENTED_EDGE('',*,*,#6145,.F.);
#8837=ORIENTED_EDGE('',*,*,#6130,.F.);
#8838=ORIENTED_EDGE('',*,*,#6146,.F.);
#8839=ORIENTED_EDGE('',*,*,#6147,.F.);
#8840=ORIENTED_EDGE('',*,*,#6148,.F.);
#8841=ORIENTED_EDGE('',*,*,#6149,.F.);
#8842=ORIENTED_EDGE('',*,*,#6150,.F.);
#8843=ORIENTED_EDGE('',*,*,#6129,.F.);
#8844=ORIENTED_EDGE('',*,*,#6151,.F.);
#8845=ORIENTED_EDGE('',*,*,#6152,.F.);
#8846=ORIENTED_EDGE('',*,*,#6153,.F.);
#8847=ORIENTED_EDGE('',*,*,#6154,.F.);
#8848=ORIENTED_EDGE('',*,*,#6155,.F.);
#8849=ORIENTED_EDGE('',*,*,#6128,.F.);
#8850=ORIENTED_EDGE('',*,*,#6156,.F.);
#8851=ORIENTED_EDGE('',*,*,#6157,.F.);
#8852=ORIENTED_EDGE('',*,*,#6158,.F.);
#8853=ORIENTED_EDGE('',*,*,#6159,.F.);
#8854=ORIENTED_EDGE('',*,*,#6160,.F.);
#8855=ORIENTED_EDGE('',*,*,#6127,.F.);
#8856=ORIENTED_EDGE('',*,*,#6161,.F.);
#8857=ORIENTED_EDGE('',*,*,#6162,.F.);
#8858=ORIENTED_EDGE('',*,*,#6163,.F.);
#8859=ORIENTED_EDGE('',*,*,#6164,.F.);
#8860=ORIENTED_EDGE('',*,*,#6165,.F.);
#8861=ORIENTED_EDGE('',*,*,#6126,.F.);
#8862=ORIENTED_EDGE('',*,*,#6166,.F.);
#8863=ORIENTED_EDGE('',*,*,#6167,.F.);
#8864=ORIENTED_EDGE('',*,*,#6137,.T.);
#8865=ORIENTED_EDGE('',*,*,#6168,.F.);
#8866=ORIENTED_EDGE('',*,*,#6169,.T.);
#8867=ORIENTED_EDGE('',*,*,#6170,.T.);
#8868=ORIENTED_EDGE('',*,*,#6171,.T.);
#8869=ORIENTED_EDGE('',*,*,#6172,.T.);
#8870=ORIENTED_EDGE('',*,*,#6138,.T.);
#8871=ORIENTED_EDGE('',*,*,#6173,.F.);
#8872=ORIENTED_EDGE('',*,*,#6174,.T.);
#8873=ORIENTED_EDGE('',*,*,#6175,.T.);
#8874=ORIENTED_EDGE('',*,*,#6136,.T.);
#8875=ORIENTED_EDGE('',*,*,#6140,.T.);
#8876=ORIENTED_EDGE('',*,*,#6176,.F.);
#8877=ORIENTED_EDGE('',*,*,#6177,.T.);
#8878=ORIENTED_EDGE('',*,*,#6168,.T.);
#8879=ORIENTED_EDGE('',*,*,#6142,.T.);
#8880=ORIENTED_EDGE('',*,*,#6178,.F.);
#8881=ORIENTED_EDGE('',*,*,#6179,.T.);
#8882=ORIENTED_EDGE('',*,*,#6180,.T.);
#8883=ORIENTED_EDGE('',*,*,#6181,.T.);
#8884=ORIENTED_EDGE('',*,*,#6173,.T.);
#8885=ORIENTED_EDGE('',*,*,#6143,.T.);
#8886=ORIENTED_EDGE('',*,*,#6182,.F.);
#8887=ORIENTED_EDGE('',*,*,#6183,.T.);
#8888=ORIENTED_EDGE('',*,*,#6184,.T.);
#8889=ORIENTED_EDGE('',*,*,#6141,.T.);
#8890=ORIENTED_EDGE('',*,*,#6145,.T.);
#8891=ORIENTED_EDGE('',*,*,#6185,.F.);
#8892=ORIENTED_EDGE('',*,*,#6186,.T.);
#8893=ORIENTED_EDGE('',*,*,#6178,.T.);
#8894=ORIENTED_EDGE('',*,*,#6147,.T.);
#8895=ORIENTED_EDGE('',*,*,#6187,.F.);
#8896=ORIENTED_EDGE('',*,*,#6188,.T.);
#8897=ORIENTED_EDGE('',*,*,#6189,.T.);
#8898=ORIENTED_EDGE('',*,*,#6190,.T.);
#8899=ORIENTED_EDGE('',*,*,#6182,.T.);
#8900=ORIENTED_EDGE('',*,*,#6148,.T.);
#8901=ORIENTED_EDGE('',*,*,#6191,.F.);
#8902=ORIENTED_EDGE('',*,*,#6192,.T.);
#8903=ORIENTED_EDGE('',*,*,#6193,.T.);
#8904=ORIENTED_EDGE('',*,*,#6146,.T.);
#8905=ORIENTED_EDGE('',*,*,#6150,.T.);
#8906=ORIENTED_EDGE('',*,*,#6194,.F.);
#8907=ORIENTED_EDGE('',*,*,#6195,.T.);
#8908=ORIENTED_EDGE('',*,*,#6187,.T.);
#8909=ORIENTED_EDGE('',*,*,#6152,.T.);
#8910=ORIENTED_EDGE('',*,*,#6196,.F.);
#8911=ORIENTED_EDGE('',*,*,#6197,.T.);
#8912=ORIENTED_EDGE('',*,*,#6198,.T.);
#8913=ORIENTED_EDGE('',*,*,#6199,.T.);
#8914=ORIENTED_EDGE('',*,*,#6191,.T.);
#8915=ORIENTED_EDGE('',*,*,#6153,.T.);
#8916=ORIENTED_EDGE('',*,*,#6200,.F.);
#8917=ORIENTED_EDGE('',*,*,#6201,.T.);
#8918=ORIENTED_EDGE('',*,*,#6202,.T.);
#8919=ORIENTED_EDGE('',*,*,#6151,.T.);
#8920=ORIENTED_EDGE('',*,*,#6155,.T.);
#8921=ORIENTED_EDGE('',*,*,#6203,.F.);
#8922=ORIENTED_EDGE('',*,*,#6204,.T.);
#8923=ORIENTED_EDGE('',*,*,#6196,.T.);
#8924=ORIENTED_EDGE('',*,*,#6157,.T.);
#8925=ORIENTED_EDGE('',*,*,#6205,.F.);
#8926=ORIENTED_EDGE('',*,*,#6206,.T.);
#8927=ORIENTED_EDGE('',*,*,#6207,.T.);
#8928=ORIENTED_EDGE('',*,*,#6208,.T.);
#8929=ORIENTED_EDGE('',*,*,#6200,.T.);
#8930=ORIENTED_EDGE('',*,*,#6159,.T.);
#8931=ORIENTED_EDGE('',*,*,#6209,.F.);
#8932=ORIENTED_EDGE('',*,*,#6210,.T.);
#8933=ORIENTED_EDGE('',*,*,#6211,.T.);
#8934=ORIENTED_EDGE('',*,*,#6212,.T.);
#8935=ORIENTED_EDGE('',*,*,#6213,.T.);
#8936=ORIENTED_EDGE('',*,*,#6156,.T.);
#8937=ORIENTED_EDGE('',*,*,#6160,.T.);
#8938=ORIENTED_EDGE('',*,*,#6213,.F.);
#8939=ORIENTED_EDGE('',*,*,#6214,.T.);
#8940=ORIENTED_EDGE('',*,*,#6205,.T.);
#8941=ORIENTED_EDGE('',*,*,#6158,.T.);
#8942=ORIENTED_EDGE('',*,*,#6215,.F.);
#8943=ORIENTED_EDGE('',*,*,#6216,.T.);
#8944=ORIENTED_EDGE('',*,*,#6209,.T.);
#8945=ORIENTED_EDGE('',*,*,#6162,.T.);
#8946=ORIENTED_EDGE('',*,*,#6217,.F.);
#8947=ORIENTED_EDGE('',*,*,#6218,.T.);
#8948=ORIENTED_EDGE('',*,*,#6219,.T.);
#8949=ORIENTED_EDGE('',*,*,#6220,.T.);
#8950=ORIENTED_EDGE('',*,*,#6215,.T.);
#8951=ORIENTED_EDGE('',*,*,#6161,.T.);
#8952=ORIENTED_EDGE('',*,*,#6165,.T.);
#8953=ORIENTED_EDGE('',*,*,#6221,.F.);
#8954=ORIENTED_EDGE('',*,*,#6222,.T.);
#8955=ORIENTED_EDGE('',*,*,#6217,.T.);
#8956=ORIENTED_EDGE('',*,*,#6164,.T.);
#8957=ORIENTED_EDGE('',*,*,#6223,.F.);
#8958=ORIENTED_EDGE('',*,*,#6224,.T.);
#8959=ORIENTED_EDGE('',*,*,#6225,.T.);
#8960=ORIENTED_EDGE('',*,*,#6226,.T.);
#8961=ORIENTED_EDGE('',*,*,#6221,.T.);
#8962=ORIENTED_EDGE('',*,*,#6163,.T.);
#8963=ORIENTED_EDGE('',*,*,#6227,.F.);
#8964=ORIENTED_EDGE('',*,*,#6228,.T.);
#8965=ORIENTED_EDGE('',*,*,#6223,.T.);
#8966=ORIENTED_EDGE('',*,*,#6229,.F.);
#8967=ORIENTED_EDGE('',*,*,#6230,.T.);
#8968=ORIENTED_EDGE('',*,*,#6231,.F.);
#8969=ORIENTED_EDGE('',*,*,#6232,.T.);
#8970=ORIENTED_EDGE('',*,*,#6233,.F.);
#8971=ORIENTED_EDGE('',*,*,#6234,.F.);
#8972=ORIENTED_EDGE('',*,*,#6235,.F.);
#8973=ORIENTED_EDGE('',*,*,#6236,.F.);
#8974=ORIENTED_EDGE('',*,*,#6237,.F.);
#8975=ORIENTED_EDGE('',*,*,#6230,.F.);
#8976=ORIENTED_EDGE('',*,*,#6238,.F.);
#8977=ORIENTED_EDGE('',*,*,#6232,.F.);
#8978=ORIENTED_EDGE('',*,*,#6112,.T.);
#8979=ORIENTED_EDGE('',*,*,#6239,.F.);
#8980=ORIENTED_EDGE('',*,*,#6240,.T.);
#8981=ORIENTED_EDGE('',*,*,#6234,.T.);
#8982=ORIENTED_EDGE('',*,*,#6241,.T.);
#8983=ORIENTED_EDGE('',*,*,#6242,.T.);
#8984=ORIENTED_EDGE('',*,*,#6235,.T.);
#8985=ORIENTED_EDGE('',*,*,#6229,.T.);
#8986=ORIENTED_EDGE('',*,*,#6237,.T.);
#8987=ORIENTED_EDGE('',*,*,#6243,.F.);
#8988=ORIENTED_EDGE('',*,*,#6244,.F.);
#8989=ORIENTED_EDGE('',*,*,#6241,.F.);
#8990=ORIENTED_EDGE('',*,*,#6233,.T.);
#8991=ORIENTED_EDGE('',*,*,#6238,.T.);
#8992=ORIENTED_EDGE('',*,*,#6231,.T.);
#8993=ORIENTED_EDGE('',*,*,#6240,.F.);
#8994=ORIENTED_EDGE('',*,*,#6245,.F.);
#8995=ORIENTED_EDGE('',*,*,#6246,.F.);
#8996=ORIENTED_EDGE('',*,*,#6247,.T.);
#8997=ORIENTED_EDGE('',*,*,#6248,.T.);
#8998=ORIENTED_EDGE('',*,*,#6249,.T.);
#8999=ORIENTED_EDGE('',*,*,#6250,.F.);
#9000=ORIENTED_EDGE('',*,*,#6251,.F.);
#9001=ORIENTED_EDGE('',*,*,#6252,.F.);
#9002=ORIENTED_EDGE('',*,*,#6253,.T.);
#9003=ORIENTED_EDGE('',*,*,#6254,.T.);
#9004=ORIENTED_EDGE('',*,*,#6255,.T.);
#9005=ORIENTED_EDGE('',*,*,#6256,.F.);
#9006=ORIENTED_EDGE('',*,*,#6257,.F.);
#9007=ORIENTED_EDGE('',*,*,#6258,.F.);
#9008=ORIENTED_EDGE('',*,*,#6259,.T.);
#9009=ORIENTED_EDGE('',*,*,#6260,.T.);
#9010=ORIENTED_EDGE('',*,*,#6261,.T.);
#9011=ORIENTED_EDGE('',*,*,#6262,.F.);
#9012=ORIENTED_EDGE('',*,*,#6263,.F.);
#9013=ORIENTED_EDGE('',*,*,#6264,.F.);
#9014=ORIENTED_EDGE('',*,*,#6265,.T.);
#9015=ORIENTED_EDGE('',*,*,#6266,.T.);
#9016=ORIENTED_EDGE('',*,*,#6267,.T.);
#9017=ORIENTED_EDGE('',*,*,#6268,.F.);
#9018=ORIENTED_EDGE('',*,*,#6269,.F.);
#9019=ORIENTED_EDGE('',*,*,#6171,.F.);
#9020=ORIENTED_EDGE('',*,*,#6270,.T.);
#9021=ORIENTED_EDGE('',*,*,#6271,.T.);
#9022=ORIENTED_EDGE('',*,*,#6272,.T.);
#9023=ORIENTED_EDGE('',*,*,#6169,.F.);
#9024=ORIENTED_EDGE('',*,*,#6177,.F.);
#9025=ORIENTED_EDGE('',*,*,#6273,.F.);
#9026=ORIENTED_EDGE('',*,*,#6274,.T.);
#9027=ORIENTED_EDGE('',*,*,#6275,.T.);
#9028=ORIENTED_EDGE('',*,*,#6276,.T.);
#9029=ORIENTED_EDGE('',*,*,#6277,.F.);
#9030=ORIENTED_EDGE('',*,*,#6174,.F.);
#9031=ORIENTED_EDGE('',*,*,#6181,.F.);
#9032=ORIENTED_EDGE('',*,*,#6278,.T.);
#9033=ORIENTED_EDGE('',*,*,#6279,.T.);
#9034=ORIENTED_EDGE('',*,*,#6280,.T.);
#9035=ORIENTED_EDGE('',*,*,#6179,.F.);
#9036=ORIENTED_EDGE('',*,*,#6186,.F.);
#9037=ORIENTED_EDGE('',*,*,#6281,.F.);
#9038=ORIENTED_EDGE('',*,*,#6282,.T.);
#9039=ORIENTED_EDGE('',*,*,#6283,.T.);
#9040=ORIENTED_EDGE('',*,*,#6284,.T.);
#9041=ORIENTED_EDGE('',*,*,#6285,.F.);
#9042=ORIENTED_EDGE('',*,*,#6183,.F.);
#9043=ORIENTED_EDGE('',*,*,#6190,.F.);
#9044=ORIENTED_EDGE('',*,*,#6286,.T.);
#9045=ORIENTED_EDGE('',*,*,#6287,.T.);
#9046=ORIENTED_EDGE('',*,*,#6288,.T.);
#9047=ORIENTED_EDGE('',*,*,#6188,.F.);
#9048=ORIENTED_EDGE('',*,*,#6195,.F.);
#9049=ORIENTED_EDGE('',*,*,#6289,.F.);
#9050=ORIENTED_EDGE('',*,*,#6290,.T.);
#9051=ORIENTED_EDGE('',*,*,#6291,.T.);
#9052=ORIENTED_EDGE('',*,*,#6292,.T.);
#9053=ORIENTED_EDGE('',*,*,#6293,.F.);
#9054=ORIENTED_EDGE('',*,*,#6192,.F.);
#9055=ORIENTED_EDGE('',*,*,#6199,.F.);
#9056=ORIENTED_EDGE('',*,*,#6294,.T.);
#9057=ORIENTED_EDGE('',*,*,#6295,.T.);
#9058=ORIENTED_EDGE('',*,*,#6296,.T.);
#9059=ORIENTED_EDGE('',*,*,#6197,.F.);
#9060=ORIENTED_EDGE('',*,*,#6204,.F.);
#9061=ORIENTED_EDGE('',*,*,#6297,.F.);
#9062=ORIENTED_EDGE('',*,*,#6298,.T.);
#9063=ORIENTED_EDGE('',*,*,#6299,.T.);
#9064=ORIENTED_EDGE('',*,*,#6300,.T.);
#9065=ORIENTED_EDGE('',*,*,#6301,.F.);
#9066=ORIENTED_EDGE('',*,*,#6201,.F.);
#9067=ORIENTED_EDGE('',*,*,#6208,.F.);
#9068=ORIENTED_EDGE('',*,*,#6302,.T.);
#9069=ORIENTED_EDGE('',*,*,#6303,.T.);
#9070=ORIENTED_EDGE('',*,*,#6304,.T.);
#9071=ORIENTED_EDGE('',*,*,#6206,.F.);
#9072=ORIENTED_EDGE('',*,*,#6214,.F.);
#9073=ORIENTED_EDGE('',*,*,#6212,.F.);
#9074=ORIENTED_EDGE('',*,*,#6305,.T.);
#9075=ORIENTED_EDGE('',*,*,#6306,.T.);
#9076=ORIENTED_EDGE('',*,*,#6307,.T.);
#9077=ORIENTED_EDGE('',*,*,#6210,.F.);
#9078=ORIENTED_EDGE('',*,*,#6216,.F.);
#9079=ORIENTED_EDGE('',*,*,#6220,.F.);
#9080=ORIENTED_EDGE('',*,*,#6308,.T.);
#9081=ORIENTED_EDGE('',*,*,#6309,.T.);
#9082=ORIENTED_EDGE('',*,*,#6310,.T.);
#9083=ORIENTED_EDGE('',*,*,#6218,.F.);
#9084=ORIENTED_EDGE('',*,*,#6222,.F.);
#9085=ORIENTED_EDGE('',*,*,#6226,.F.);
#9086=ORIENTED_EDGE('',*,*,#6311,.T.);
#9087=ORIENTED_EDGE('',*,*,#6312,.T.);
#9088=ORIENTED_EDGE('',*,*,#6313,.T.);
#9089=ORIENTED_EDGE('',*,*,#6224,.F.);
#9090=ORIENTED_EDGE('',*,*,#6228,.F.);
#9091=ORIENTED_EDGE('',*,*,#6314,.F.);
#9092=ORIENTED_EDGE('',*,*,#6315,.T.);
#9093=ORIENTED_EDGE('',*,*,#6316,.T.);
#9094=ORIENTED_EDGE('',*,*,#6317,.T.);
#9095=ORIENTED_EDGE('',*,*,#6318,.F.);
#9096=ORIENTED_EDGE('',*,*,#6319,.F.);
#9097=ORIENTED_EDGE('',*,*,#6320,.F.);
#9098=ORIENTED_EDGE('',*,*,#6321,.T.);
#9099=ORIENTED_EDGE('',*,*,#6322,.T.);
#9100=ORIENTED_EDGE('',*,*,#6323,.T.);
#9101=ORIENTED_EDGE('',*,*,#6324,.F.);
#9102=ORIENTED_EDGE('',*,*,#6325,.F.);
#9103=ORIENTED_EDGE('',*,*,#6326,.F.);
#9104=ORIENTED_EDGE('',*,*,#6327,.T.);
#9105=ORIENTED_EDGE('',*,*,#6328,.T.);
#9106=ORIENTED_EDGE('',*,*,#6329,.T.);
#9107=ORIENTED_EDGE('',*,*,#6330,.F.);
#9108=ORIENTED_EDGE('',*,*,#6331,.F.);
#9109=ORIENTED_EDGE('',*,*,#6332,.F.);
#9110=ORIENTED_EDGE('',*,*,#6333,.T.);
#9111=ORIENTED_EDGE('',*,*,#6334,.T.);
#9112=ORIENTED_EDGE('',*,*,#6335,.T.);
#9113=ORIENTED_EDGE('',*,*,#6336,.F.);
#9114=ORIENTED_EDGE('',*,*,#6337,.F.);
#9115=ORIENTED_EDGE('',*,*,#6338,.F.);
#9116=ORIENTED_EDGE('',*,*,#6339,.T.);
#9117=ORIENTED_EDGE('',*,*,#6340,.T.);
#9118=ORIENTED_EDGE('',*,*,#6341,.T.);
#9119=ORIENTED_EDGE('',*,*,#6342,.F.);
#9120=ORIENTED_EDGE('',*,*,#6343,.F.);
#9121=ORIENTED_EDGE('',*,*,#6344,.F.);
#9122=ORIENTED_EDGE('',*,*,#6345,.T.);
#9123=ORIENTED_EDGE('',*,*,#6346,.T.);
#9124=ORIENTED_EDGE('',*,*,#6347,.T.);
#9125=ORIENTED_EDGE('',*,*,#6348,.F.);
#9126=ORIENTED_EDGE('',*,*,#6349,.F.);
#9127=ORIENTED_EDGE('',*,*,#6350,.F.);
#9128=ORIENTED_EDGE('',*,*,#5983,.T.);
#9129=ORIENTED_EDGE('',*,*,#6092,.T.);
#9130=ORIENTED_EDGE('',*,*,#6011,.T.);
#9131=ORIENTED_EDGE('',*,*,#6018,.T.);
#9132=ORIENTED_EDGE('',*,*,#6015,.T.);
#9133=ORIENTED_EDGE('',*,*,#6080,.T.);
#9134=ORIENTED_EDGE('',*,*,#6059,.T.);
#9135=ORIENTED_EDGE('',*,*,#6066,.T.);
#9136=ORIENTED_EDGE('',*,*,#6063,.T.);
#9137=ORIENTED_EDGE('',*,*,#6081,.T.);
#9138=ORIENTED_EDGE('',*,*,#5995,.T.);
#9139=ORIENTED_EDGE('',*,*,#6002,.T.);
#9140=ORIENTED_EDGE('',*,*,#5999,.T.);
#9141=ORIENTED_EDGE('',*,*,#6082,.T.);
#9142=ORIENTED_EDGE('',*,*,#6043,.T.);
#9143=ORIENTED_EDGE('',*,*,#6050,.T.);
#9144=ORIENTED_EDGE('',*,*,#6047,.T.);
#9145=ORIENTED_EDGE('',*,*,#6079,.T.);
#9146=ORIENTED_EDGE('',*,*,#6027,.T.);
#9147=ORIENTED_EDGE('',*,*,#6034,.T.);
#9148=ORIENTED_EDGE('',*,*,#6031,.T.);
#9149=ORIENTED_EDGE('',*,*,#6083,.T.);
#9150=ORIENTED_EDGE('',*,*,#5979,.T.);
#9151=ORIENTED_EDGE('',*,*,#5986,.T.);
#9152=ORIENTED_EDGE('',*,*,#6287,.F.);
#9153=ORIENTED_EDGE('',*,*,#6351,.T.);
#9154=ORIENTED_EDGE('',*,*,#6292,.F.);
#9155=ORIENTED_EDGE('',*,*,#6352,.T.);
#9156=ORIENTED_EDGE('',*,*,#6290,.F.);
#9157=ORIENTED_EDGE('',*,*,#6353,.F.);
#9158=ORIENTED_EDGE('',*,*,#6286,.F.);
#9159=ORIENTED_EDGE('',*,*,#6189,.F.);
#9160=ORIENTED_EDGE('',*,*,#6288,.F.);
#9161=ORIENTED_EDGE('',*,*,#6351,.F.);
#9162=ORIENTED_EDGE('',*,*,#6291,.F.);
#9163=ORIENTED_EDGE('',*,*,#6352,.F.);
#9164=ORIENTED_EDGE('',*,*,#6149,.T.);
#9165=ORIENTED_EDGE('',*,*,#6193,.F.);
#9166=ORIENTED_EDGE('',*,*,#6293,.T.);
#9167=ORIENTED_EDGE('',*,*,#6353,.T.);
#9168=ORIENTED_EDGE('',*,*,#6289,.T.);
#9169=ORIENTED_EDGE('',*,*,#6194,.T.);
#9170=ORIENTED_EDGE('',*,*,#6309,.F.);
#9171=ORIENTED_EDGE('',*,*,#6354,.T.);
#9172=ORIENTED_EDGE('',*,*,#6313,.F.);
#9173=ORIENTED_EDGE('',*,*,#6355,.T.);
#9174=ORIENTED_EDGE('',*,*,#6311,.F.);
#9175=ORIENTED_EDGE('',*,*,#6225,.F.);
#9176=ORIENTED_EDGE('',*,*,#6308,.F.);
#9177=ORIENTED_EDGE('',*,*,#6219,.F.);
#9178=ORIENTED_EDGE('',*,*,#6310,.F.);
#9179=ORIENTED_EDGE('',*,*,#6354,.F.);
#9180=ORIENTED_EDGE('',*,*,#6312,.F.);
#9181=ORIENTED_EDGE('',*,*,#6355,.F.);
#9182=ORIENTED_EDGE('',*,*,#6279,.F.);
#9183=ORIENTED_EDGE('',*,*,#6356,.T.);
#9184=ORIENTED_EDGE('',*,*,#6284,.F.);
#9185=ORIENTED_EDGE('',*,*,#6357,.T.);
#9186=ORIENTED_EDGE('',*,*,#6282,.F.);
#9187=ORIENTED_EDGE('',*,*,#6358,.F.);
#9188=ORIENTED_EDGE('',*,*,#6278,.F.);
#9189=ORIENTED_EDGE('',*,*,#6180,.F.);
#9190=ORIENTED_EDGE('',*,*,#6280,.F.);
#9191=ORIENTED_EDGE('',*,*,#6356,.F.);
#9192=ORIENTED_EDGE('',*,*,#6283,.F.);
#9193=ORIENTED_EDGE('',*,*,#6357,.F.);
#9194=ORIENTED_EDGE('',*,*,#6144,.T.);
#9195=ORIENTED_EDGE('',*,*,#6184,.F.);
#9196=ORIENTED_EDGE('',*,*,#6285,.T.);
#9197=ORIENTED_EDGE('',*,*,#6358,.T.);
#9198=ORIENTED_EDGE('',*,*,#6281,.T.);
#9199=ORIENTED_EDGE('',*,*,#6185,.T.);
#9200=ORIENTED_EDGE('',*,*,#6295,.F.);
#9201=ORIENTED_EDGE('',*,*,#6359,.T.);
#9202=ORIENTED_EDGE('',*,*,#6300,.F.);
#9203=ORIENTED_EDGE('',*,*,#6360,.T.);
#9204=ORIENTED_EDGE('',*,*,#6298,.F.);
#9205=ORIENTED_EDGE('',*,*,#6361,.F.);
#9206=ORIENTED_EDGE('',*,*,#6294,.F.);
#9207=ORIENTED_EDGE('',*,*,#6198,.F.);
#9208=ORIENTED_EDGE('',*,*,#6296,.F.);
#9209=ORIENTED_EDGE('',*,*,#6359,.F.);
#9210=ORIENTED_EDGE('',*,*,#6299,.F.);
#9211=ORIENTED_EDGE('',*,*,#6360,.F.);
#9212=ORIENTED_EDGE('',*,*,#6154,.T.);
#9213=ORIENTED_EDGE('',*,*,#6202,.F.);
#9214=ORIENTED_EDGE('',*,*,#6301,.T.);
#9215=ORIENTED_EDGE('',*,*,#6361,.T.);
#9216=ORIENTED_EDGE('',*,*,#6297,.T.);
#9217=ORIENTED_EDGE('',*,*,#6203,.T.);
#9218=ORIENTED_EDGE('',*,*,#6303,.F.);
#9219=ORIENTED_EDGE('',*,*,#6362,.T.);
#9220=ORIENTED_EDGE('',*,*,#6307,.F.);
#9221=ORIENTED_EDGE('',*,*,#6363,.T.);
#9222=ORIENTED_EDGE('',*,*,#6305,.F.);
#9223=ORIENTED_EDGE('',*,*,#6211,.F.);
#9224=ORIENTED_EDGE('',*,*,#6302,.F.);
#9225=ORIENTED_EDGE('',*,*,#6207,.F.);
#9226=ORIENTED_EDGE('',*,*,#6304,.F.);
#9227=ORIENTED_EDGE('',*,*,#6362,.F.);
#9228=ORIENTED_EDGE('',*,*,#6306,.F.);
#9229=ORIENTED_EDGE('',*,*,#6363,.F.);
#9230=ORIENTED_EDGE('',*,*,#6260,.F.);
#9231=ORIENTED_EDGE('',*,*,#6364,.T.);
#9232=ORIENTED_EDGE('',*,*,#6267,.F.);
#9233=ORIENTED_EDGE('',*,*,#6365,.T.);
#9234=ORIENTED_EDGE('',*,*,#6265,.F.);
#9235=ORIENTED_EDGE('',*,*,#6366,.F.);
#9236=ORIENTED_EDGE('',*,*,#6259,.F.);
#9237=ORIENTED_EDGE('',*,*,#6367,.F.);
#9238=ORIENTED_EDGE('',*,*,#6261,.F.);
#9239=ORIENTED_EDGE('',*,*,#6364,.F.);
#9240=ORIENTED_EDGE('',*,*,#6266,.F.);
#9241=ORIENTED_EDGE('',*,*,#6365,.F.);
#9242=ORIENTED_EDGE('',*,*,#6134,.T.);
#9243=ORIENTED_EDGE('',*,*,#6368,.F.);
#9244=ORIENTED_EDGE('',*,*,#6268,.T.);
#9245=ORIENTED_EDGE('',*,*,#6366,.T.);
#9246=ORIENTED_EDGE('',*,*,#6264,.T.);
#9247=ORIENTED_EDGE('',*,*,#6369,.T.);
#9248=ORIENTED_EDGE('',*,*,#6271,.F.);
#9249=ORIENTED_EDGE('',*,*,#6370,.T.);
#9250=ORIENTED_EDGE('',*,*,#6276,.F.);
#9251=ORIENTED_EDGE('',*,*,#6371,.T.);
#9252=ORIENTED_EDGE('',*,*,#6274,.F.);
#9253=ORIENTED_EDGE('',*,*,#6372,.F.);
#9254=ORIENTED_EDGE('',*,*,#6270,.F.);
#9255=ORIENTED_EDGE('',*,*,#6170,.F.);
#9256=ORIENTED_EDGE('',*,*,#6272,.F.);
#9257=ORIENTED_EDGE('',*,*,#6370,.F.);
#9258=ORIENTED_EDGE('',*,*,#6275,.F.);
#9259=ORIENTED_EDGE('',*,*,#6371,.F.);
#9260=ORIENTED_EDGE('',*,*,#6139,.T.);
#9261=ORIENTED_EDGE('',*,*,#6175,.F.);
#9262=ORIENTED_EDGE('',*,*,#6277,.T.);
#9263=ORIENTED_EDGE('',*,*,#6372,.T.);
#9264=ORIENTED_EDGE('',*,*,#6273,.T.);
#9265=ORIENTED_EDGE('',*,*,#6176,.T.);
#9266=ORIENTED_EDGE('',*,*,#6316,.F.);
#9267=ORIENTED_EDGE('',*,*,#6373,.T.);
#9268=ORIENTED_EDGE('',*,*,#6323,.F.);
#9269=ORIENTED_EDGE('',*,*,#6374,.T.);
#9270=ORIENTED_EDGE('',*,*,#6321,.F.);
#9271=ORIENTED_EDGE('',*,*,#6375,.F.);
#9272=ORIENTED_EDGE('',*,*,#6315,.F.);
#9273=ORIENTED_EDGE('',*,*,#6376,.F.);
#9274=ORIENTED_EDGE('',*,*,#6317,.F.);
#9275=ORIENTED_EDGE('',*,*,#6373,.F.);
#9276=ORIENTED_EDGE('',*,*,#6322,.F.);
#9277=ORIENTED_EDGE('',*,*,#6374,.F.);
#9278=ORIENTED_EDGE('',*,*,#6094,.T.);
#9279=ORIENTED_EDGE('',*,*,#6377,.F.);
#9280=ORIENTED_EDGE('',*,*,#6324,.T.);
#9281=ORIENTED_EDGE('',*,*,#6375,.T.);
#9282=ORIENTED_EDGE('',*,*,#6320,.T.);
#9283=ORIENTED_EDGE('',*,*,#6378,.T.);
#9284=ORIENTED_EDGE('',*,*,#6248,.F.);
#9285=ORIENTED_EDGE('',*,*,#6379,.T.);
#9286=ORIENTED_EDGE('',*,*,#6255,.F.);
#9287=ORIENTED_EDGE('',*,*,#6380,.T.);
#9288=ORIENTED_EDGE('',*,*,#6253,.F.);
#9289=ORIENTED_EDGE('',*,*,#6381,.F.);
#9290=ORIENTED_EDGE('',*,*,#6247,.F.);
#9291=ORIENTED_EDGE('',*,*,#6382,.F.);
#9292=ORIENTED_EDGE('',*,*,#6249,.F.);
#9293=ORIENTED_EDGE('',*,*,#6379,.F.);
#9294=ORIENTED_EDGE('',*,*,#6254,.F.);
#9295=ORIENTED_EDGE('',*,*,#6380,.F.);
#9296=ORIENTED_EDGE('',*,*,#6118,.T.);
#9297=ORIENTED_EDGE('',*,*,#6383,.F.);
#9298=ORIENTED_EDGE('',*,*,#6256,.T.);
#9299=ORIENTED_EDGE('',*,*,#6381,.T.);
#9300=ORIENTED_EDGE('',*,*,#6252,.T.);
#9301=ORIENTED_EDGE('',*,*,#6384,.T.);
#9302=ORIENTED_EDGE('',*,*,#6328,.F.);
#9303=ORIENTED_EDGE('',*,*,#6385,.T.);
#9304=ORIENTED_EDGE('',*,*,#6335,.F.);
#9305=ORIENTED_EDGE('',*,*,#6386,.T.);
#9306=ORIENTED_EDGE('',*,*,#6333,.F.);
#9307=ORIENTED_EDGE('',*,*,#6387,.F.);
#9308=ORIENTED_EDGE('',*,*,#6327,.F.);
#9309=ORIENTED_EDGE('',*,*,#6388,.F.);
#9310=ORIENTED_EDGE('',*,*,#6329,.F.);
#9311=ORIENTED_EDGE('',*,*,#6385,.F.);
#9312=ORIENTED_EDGE('',*,*,#6334,.F.);
#9313=ORIENTED_EDGE('',*,*,#6386,.F.);
#9314=ORIENTED_EDGE('',*,*,#6100,.T.);
#9315=ORIENTED_EDGE('',*,*,#6389,.F.);
#9316=ORIENTED_EDGE('',*,*,#6336,.T.);
#9317=ORIENTED_EDGE('',*,*,#6387,.T.);
#9318=ORIENTED_EDGE('',*,*,#6332,.T.);
#9319=ORIENTED_EDGE('',*,*,#6390,.T.);
#9320=ORIENTED_EDGE('',*,*,#6340,.F.);
#9321=ORIENTED_EDGE('',*,*,#6391,.T.);
#9322=ORIENTED_EDGE('',*,*,#6346,.F.);
#9323=ORIENTED_EDGE('',*,*,#6392,.F.);
#9324=ORIENTED_EDGE('',*,*,#6345,.F.);
#9325=ORIENTED_EDGE('',*,*,#6393,.F.);
#9326=ORIENTED_EDGE('',*,*,#6347,.F.);
#9327=ORIENTED_EDGE('',*,*,#6392,.T.);
#9328=ORIENTED_EDGE('',*,*,#6339,.F.);
#9329=ORIENTED_EDGE('',*,*,#6394,.F.);
#9330=ORIENTED_EDGE('',*,*,#6341,.F.);
#9331=ORIENTED_EDGE('',*,*,#6391,.F.);
#9332=ORIENTED_EDGE('',*,*,#6395,.F.);
#9333=ORIENTED_EDGE('',*,*,#6396,.T.);
#9334=ORIENTED_EDGE('',*,*,#6074,.T.);
#9335=ORIENTED_EDGE('',*,*,#6396,.F.);
#9336=ORIENTED_EDGE('',*,*,#6110,.T.);
#9337=ORIENTED_EDGE('',*,*,#6397,.F.);
#9338=ORIENTED_EDGE('',*,*,#6243,.T.);
#9339=ORIENTED_EDGE('',*,*,#6236,.T.);
#9340=ORIENTED_EDGE('',*,*,#6350,.T.);
#9341=ORIENTED_EDGE('',*,*,#6398,.T.);
#9342=ORIENTED_EDGE('',*,*,#6113,.T.);
#9343=ORIENTED_EDGE('',*,*,#6242,.F.);
#9344=ORIENTED_EDGE('',*,*,#6244,.T.);
#9345=ORIENTED_EDGE('',*,*,#6397,.T.);
#9346=ORIENTED_EDGE('',*,*,#6109,.T.);
#9347=ORIENTED_EDGE('',*,*,#6111,.T.);
#9348=ORIENTED_EDGE('',*,*,#6399,.F.);
#9349=ORIENTED_EDGE('',*,*,#6245,.T.);
#9350=ORIENTED_EDGE('',*,*,#6239,.T.);
#9351=ORIENTED_EDGE('',*,*,#6116,.T.);
#9352=ORIENTED_EDGE('',*,*,#6400,.F.);
#9353=ORIENTED_EDGE('',*,*,#6250,.T.);
#9354=ORIENTED_EDGE('',*,*,#6382,.T.);
#9355=ORIENTED_EDGE('',*,*,#6246,.T.);
#9356=ORIENTED_EDGE('',*,*,#6399,.T.);
#9357=ORIENTED_EDGE('',*,*,#6119,.T.);
#9358=ORIENTED_EDGE('',*,*,#6384,.F.);
#9359=ORIENTED_EDGE('',*,*,#6251,.T.);
#9360=ORIENTED_EDGE('',*,*,#6400,.T.);
#9361=ORIENTED_EDGE('',*,*,#6115,.T.);
#9362=ORIENTED_EDGE('',*,*,#6117,.T.);
#9363=ORIENTED_EDGE('',*,*,#6401,.F.);
#9364=ORIENTED_EDGE('',*,*,#6257,.T.);
#9365=ORIENTED_EDGE('',*,*,#6383,.T.);
#9366=ORIENTED_EDGE('',*,*,#6123,.T.);
#9367=ORIENTED_EDGE('',*,*,#6402,.F.);
#9368=ORIENTED_EDGE('',*,*,#6262,.T.);
#9369=ORIENTED_EDGE('',*,*,#6367,.T.);
#9370=ORIENTED_EDGE('',*,*,#6258,.T.);
#9371=ORIENTED_EDGE('',*,*,#6401,.T.);
#9372=ORIENTED_EDGE('',*,*,#6135,.T.);
#9373=ORIENTED_EDGE('',*,*,#6369,.F.);
#9374=ORIENTED_EDGE('',*,*,#6263,.T.);
#9375=ORIENTED_EDGE('',*,*,#6402,.T.);
#9376=ORIENTED_EDGE('',*,*,#6122,.T.);
#9377=ORIENTED_EDGE('',*,*,#6133,.T.);
#9378=ORIENTED_EDGE('',*,*,#6172,.F.);
#9379=ORIENTED_EDGE('',*,*,#6269,.T.);
#9380=ORIENTED_EDGE('',*,*,#6368,.T.);
#9381=ORIENTED_EDGE('',*,*,#6167,.T.);
#9382=ORIENTED_EDGE('',*,*,#6403,.F.);
#9383=ORIENTED_EDGE('',*,*,#6318,.T.);
#9384=ORIENTED_EDGE('',*,*,#6376,.T.);
#9385=ORIENTED_EDGE('',*,*,#6314,.T.);
#9386=ORIENTED_EDGE('',*,*,#6227,.T.);
#9387=ORIENTED_EDGE('',*,*,#6095,.T.);
#9388=ORIENTED_EDGE('',*,*,#6378,.F.);
#9389=ORIENTED_EDGE('',*,*,#6319,.T.);
#9390=ORIENTED_EDGE('',*,*,#6403,.T.);
#9391=ORIENTED_EDGE('',*,*,#6166,.T.);
#9392=ORIENTED_EDGE('',*,*,#6093,.T.);
#9393=ORIENTED_EDGE('',*,*,#6404,.F.);
#9394=ORIENTED_EDGE('',*,*,#6325,.T.);
#9395=ORIENTED_EDGE('',*,*,#6377,.T.);
#9396=ORIENTED_EDGE('',*,*,#6098,.T.);
#9397=ORIENTED_EDGE('',*,*,#6405,.F.);
#9398=ORIENTED_EDGE('',*,*,#6330,.T.);
#9399=ORIENTED_EDGE('',*,*,#6388,.T.);
#9400=ORIENTED_EDGE('',*,*,#6326,.T.);
#9401=ORIENTED_EDGE('',*,*,#6404,.T.);
#9402=ORIENTED_EDGE('',*,*,#6101,.T.);
#9403=ORIENTED_EDGE('',*,*,#6390,.F.);
#9404=ORIENTED_EDGE('',*,*,#6331,.T.);
#9405=ORIENTED_EDGE('',*,*,#6405,.T.);
#9406=ORIENTED_EDGE('',*,*,#6097,.T.);
#9407=ORIENTED_EDGE('',*,*,#6099,.T.);
#9408=ORIENTED_EDGE('',*,*,#6406,.F.);
#9409=ORIENTED_EDGE('',*,*,#6337,.T.);
#9410=ORIENTED_EDGE('',*,*,#6389,.T.);
#9411=ORIENTED_EDGE('',*,*,#6104,.T.);
#9412=ORIENTED_EDGE('',*,*,#6407,.F.);
#9413=ORIENTED_EDGE('',*,*,#6342,.T.);
#9414=ORIENTED_EDGE('',*,*,#6394,.T.);
#9415=ORIENTED_EDGE('',*,*,#6338,.T.);
#9416=ORIENTED_EDGE('',*,*,#6406,.T.);
#9417=ORIENTED_EDGE('',*,*,#6107,.T.);
#9418=ORIENTED_EDGE('',*,*,#6408,.F.);
#9419=ORIENTED_EDGE('',*,*,#6343,.T.);
#9420=ORIENTED_EDGE('',*,*,#6407,.T.);
#9421=ORIENTED_EDGE('',*,*,#6103,.T.);
#9422=ORIENTED_EDGE('',*,*,#6106,.T.);
#9423=ORIENTED_EDGE('',*,*,#6409,.F.);
#9424=ORIENTED_EDGE('',*,*,#6348,.T.);
#9425=ORIENTED_EDGE('',*,*,#6393,.T.);
#9426=ORIENTED_EDGE('',*,*,#6344,.T.);
#9427=ORIENTED_EDGE('',*,*,#6408,.T.);
#9428=ORIENTED_EDGE('',*,*,#6105,.T.);
#9429=ORIENTED_EDGE('',*,*,#6398,.F.);
#9430=ORIENTED_EDGE('',*,*,#6349,.T.);
#9431=ORIENTED_EDGE('',*,*,#6409,.T.);
#9432=ORIENTED_EDGE('',*,*,#6124,.T.);
#9433=ORIENTED_EDGE('',*,*,#6084,.T.);
#9434=ORIENTED_EDGE('',*,*,#6086,.T.);
#9435=ORIENTED_EDGE('',*,*,#6088,.T.);
#9436=ORIENTED_EDGE('',*,*,#6090,.T.);
#9437=ORIENTED_EDGE('',*,*,#6395,.T.);
#9438=CYLINDRICAL_SURFACE('',#10227,1.5);
#9439=CYLINDRICAL_SURFACE('',#10230,1.5);
#9440=CYLINDRICAL_SURFACE('',#10233,1.5);
#9441=CYLINDRICAL_SURFACE('',#10236,1.5);
#9442=CYLINDRICAL_SURFACE('',#10264,11.8685761384926);
#9443=CYLINDRICAL_SURFACE('',#10305,21.3685761384926);
#9444=CYLINDRICAL_SURFACE('',#10307,2.5);
#9445=CYLINDRICAL_SURFACE('',#10311,21.3685761384926);
#9446=CYLINDRICAL_SURFACE('',#10313,2.5);
#9447=CYLINDRICAL_SURFACE('',#10317,21.3685761384926);
#9448=CYLINDRICAL_SURFACE('',#10319,2.5);
#9449=CYLINDRICAL_SURFACE('',#10323,21.3685761384926);
#9450=CYLINDRICAL_SURFACE('',#10325,2.5);
#9451=CYLINDRICAL_SURFACE('',#10331,21.3685761384926);
#9452=CYLINDRICAL_SURFACE('',#10335,2.5);
#9453=CYLINDRICAL_SURFACE('',#10339,21.3685761384926);
#9454=CYLINDRICAL_SURFACE('',#10341,2.5);
#9455=CYLINDRICAL_SURFACE('',#10347,0.849999999999995);
#9456=CYLINDRICAL_SURFACE('',#10350,0.849999999999995);
#9457=CYLINDRICAL_SURFACE('',#10370,0.849999999999995);
#9458=CYLINDRICAL_SURFACE('',#10373,0.849999999999995);
#9459=CYLINDRICAL_SURFACE('',#10379,0.849999999999995);
#9460=CYLINDRICAL_SURFACE('',#10382,0.849999999999995);
#9461=CYLINDRICAL_SURFACE('',#10388,0.849999999999995);
#9462=CYLINDRICAL_SURFACE('',#10391,0.849999999999995);
#9463=CYLINDRICAL_SURFACE('',#10396,0.849999999999995);
#9464=CYLINDRICAL_SURFACE('',#10399,0.849999999999995);
#9465=CYLINDRICAL_SURFACE('',#10404,0.849999999999995);
#9466=CYLINDRICAL_SURFACE('',#10407,0.849999999999995);
#9467=CYLINDRICAL_SURFACE('',#10412,0.849999999999995);
#9468=CYLINDRICAL_SURFACE('',#10414,0.849999999999995);
#9469=CYLINDRICAL_SURFACE('',#10418,0.849999999999995);
#9470=CYLINDRICAL_SURFACE('',#10421,0.849999999999995);
#9471=CYLINDRICAL_SURFACE('',#10426,0.849999999999995);
#9472=CYLINDRICAL_SURFACE('',#10428,0.849999999999995);
#9473=CYLINDRICAL_SURFACE('',#10432,0.849999999999995);
#9474=CYLINDRICAL_SURFACE('',#10435,0.849999999999995);
#9475=CYLINDRICAL_SURFACE('',#10440,0.849999999999995);
#9476=CYLINDRICAL_SURFACE('',#10443,0.849999999999995);
#9477=CYLINDRICAL_SURFACE('',#10451,0.849999999999995);
#9478=CYLINDRICAL_SURFACE('',#10453,0.849999999999995);
#9479=CYLINDRICAL_SURFACE('',#10455,2.5);
#9480=CYLINDRICAL_SURFACE('',#10457,21.3685761384926);
#9481=CYLINDRICAL_SURFACE('',#10458,2.5);
#9482=CYLINDRICAL_SURFACE('',#10460,21.3685761384926);
#9483=CYLINDRICAL_SURFACE('',#10461,2.5);
#9484=CYLINDRICAL_SURFACE('',#10463,2.5);
#9485=CYLINDRICAL_SURFACE('',#10464,21.3685761384926);
#9486=CYLINDRICAL_SURFACE('',#10465,2.5);
#9487=CYLINDRICAL_SURFACE('',#10466,21.3685761384926);
#9488=CYLINDRICAL_SURFACE('',#10467,2.5);
#9489=CYLINDRICAL_SURFACE('',#10469,21.3685761384926);
#9490=CYLINDRICAL_SURFACE('',#10471,2.5);
#9491=CYLINDRICAL_SURFACE('',#10473,21.3685761384926);
#9492=CYLINDRICAL_SURFACE('',#10475,1.5);
#9493=CYLINDRICAL_SURFACE('',#10478,1.5);
#9494=CYLINDRICAL_SURFACE('',#10481,1.5);
#9495=CYLINDRICAL_SURFACE('',#10484,1.5);
#9496=CYLINDRICAL_SURFACE('',#10489,0.849999999999995);
#9497=CYLINDRICAL_SURFACE('',#10492,0.849999999999995);
#9498=CYLINDRICAL_SURFACE('',#10523,0.849999999999995);
#9499=CYLINDRICAL_SURFACE('',#10526,0.849999999999995);
#9500=CYLINDRICAL_SURFACE('',#10532,0.849999999999995);
#9501=CYLINDRICAL_SURFACE('',#10535,0.849999999999995);
#9502=CYLINDRICAL_SURFACE('',#10541,0.849999999999995);
#9503=CYLINDRICAL_SURFACE('',#10544,0.849999999999995);
#9504=CYLINDRICAL_SURFACE('',#10550,0.849999999999995);
#9505=CYLINDRICAL_SURFACE('',#10553,0.849999999999995);
#9506=CYLINDRICAL_SURFACE('',#10559,0.849999999999995);
#9507=CYLINDRICAL_SURFACE('',#10562,0.849999999999995);
#9508=CYLINDRICAL_SURFACE('',#10568,0.849999999999995);
#9509=CYLINDRICAL_SURFACE('',#10571,0.849999999999995);
#9510=CYLINDRICAL_SURFACE('',#10577,0.849999999999995);
#9511=CYLINDRICAL_SURFACE('',#10580,0.849999999999995);
#9512=CYLINDRICAL_SURFACE('',#10586,0.849999999999995);
#9513=CYLINDRICAL_SURFACE('',#10589,0.849999999999995);
#9514=CYLINDRICAL_SURFACE('',#10595,0.849999999999995);
#9515=CYLINDRICAL_SURFACE('',#10598,0.849999999999995);
#9516=CYLINDRICAL_SURFACE('',#10604,0.849999999999995);
#9517=CYLINDRICAL_SURFACE('',#10607,0.849999999999995);
#9518=CYLINDRICAL_SURFACE('',#10615,0.849999999999995);
#9519=CYLINDRICAL_SURFACE('',#10617,0.849999999999995);
#9520=CYLINDRICAL_SURFACE('',#10620,2.5);
#9521=CYLINDRICAL_SURFACE('',#10622,21.3685761384926);
#9522=CYLINDRICAL_SURFACE('',#10625,2.5);
#9523=CYLINDRICAL_SURFACE('',#10627,21.3685761384926);
#9524=CYLINDRICAL_SURFACE('',#10630,2.5);
#9525=CYLINDRICAL_SURFACE('',#10632,21.3685761384926);
#9526=CYLINDRICAL_SURFACE('',#10635,2.5);
#9527=CYLINDRICAL_SURFACE('',#10637,21.3685761384926);
#9528=CYLINDRICAL_SURFACE('',#10640,2.5);
#9529=CYLINDRICAL_SURFACE('',#10642,21.3685761384926);
#9530=CYLINDRICAL_SURFACE('',#10645,2.5);
#9531=CYLINDRICAL_SURFACE('',#10647,21.3685761384926);
#9532=CYLINDRICAL_SURFACE('',#10650,2.5);
#9533=CYLINDRICAL_SURFACE('',#10652,21.3685761384926);
#9534=CYLINDRICAL_SURFACE('',#10655,2.5);
#9535=CYLINDRICAL_SURFACE('',#10657,21.3685761384926);
#9536=CYLINDRICAL_SURFACE('',#10660,2.5);
#9537=CYLINDRICAL_SURFACE('',#10662,21.3685761384926);
#9538=CYLINDRICAL_SURFACE('',#10665,2.5);
#9539=CYLINDRICAL_SURFACE('',#10667,21.3685761384926);
#9540=CYLINDRICAL_SURFACE('',#10670,2.5);
#9541=CYLINDRICAL_SURFACE('',#10672,21.3685761384926);
#9542=CYLINDRICAL_SURFACE('',#10675,2.5);
#9543=CYLINDRICAL_SURFACE('',#10678,21.3685761384926);
#9544=CYLINDRICAL_SURFACE('',#10683,4.);
#9545=CYLINDRICAL_SURFACE('',#10686,11.3685761387962);
#9546=CYLINDRICAL_SURFACE('',#10691,10.868569352525);
#9547=CYLINDRICAL_SURFACE('',#10696,10.);
#9548=CYLINDRICAL_SURFACE('',#10700,10.);
#9549=CYLINDRICAL_SURFACE('',#10739,10.868569352525);
#9550=CYLINDRICAL_SURFACE('',#10743,10.);
#9551=CYLINDRICAL_SURFACE('',#10747,10.868569352525);
#9552=CYLINDRICAL_SURFACE('',#10752,10.);
#9553=CYLINDRICAL_SURFACE('',#10756,10.);
#9554=CYLINDRICAL_SURFACE('',#10759,10.868569352525);
#9555=CYLINDRICAL_SURFACE('',#10791,10.8685761475393);
#9556=CYLINDRICAL_SURFACE('',#10793,9.99999947379468);
#9557=CYLINDRICAL_SURFACE('',#10797,10.868569352525);
#9558=CYLINDRICAL_SURFACE('',#10800,10.);
#9559=CYLINDRICAL_SURFACE('',#10804,14.2);
#9560=CYLINDRICAL_SURFACE('',#10806,14.2);
#9561=CYLINDRICAL_SURFACE('',#10808,14.2);
#9562=CYLINDRICAL_SURFACE('',#10810,14.2);
#9563=CYLINDRICAL_SURFACE('',#10812,14.2);
#9564=CYLINDRICAL_SURFACE('',#10814,14.2);
#9565=CYLINDRICAL_SURFACE('',#10816,14.2);
#9566=CYLINDRICAL_SURFACE('',#10818,14.2);
#9567=CYLINDRICAL_SURFACE('',#10820,14.2);
#9568=CYLINDRICAL_SURFACE('',#10822,14.2);
#9569=CYLINDRICAL_SURFACE('',#10824,14.2);
#9570=CYLINDRICAL_SURFACE('',#10826,14.2);
#9571=CYLINDRICAL_SURFACE('',#10828,2.5);
#9572=CYLINDRICAL_SURFACE('',#10831,2.5);
#9573=CYLINDRICAL_SURFACE('',#10834,2.5);
#9574=CYLINDRICAL_SURFACE('',#10837,2.5);
#9575=CYLINDRICAL_SURFACE('',#10840,2.5);
#9576=CYLINDRICAL_SURFACE('',#10843,2.5);
#9577=CYLINDRICAL_SURFACE('',#10881,1.15);
#9578=CYLINDRICAL_SURFACE('',#10884,1.15);
#9579=CYLINDRICAL_SURFACE('',#10890,1.15);
#9580=CYLINDRICAL_SURFACE('',#10893,1.15);
#9581=CYLINDRICAL_SURFACE('',#10899,1.15);
#9582=CYLINDRICAL_SURFACE('',#10902,1.15);
#9583=CYLINDRICAL_SURFACE('',#10908,1.15);
#9584=CYLINDRICAL_SURFACE('',#10911,1.15);
#9585=CYLINDRICAL_SURFACE('',#10917,1.15);
#9586=CYLINDRICAL_SURFACE('',#10920,1.15);
#9587=CYLINDRICAL_SURFACE('',#10926,1.15);
#9588=CYLINDRICAL_SURFACE('',#10929,1.15);
#9589=CYLINDRICAL_SURFACE('',#10935,1.15);
#9590=CYLINDRICAL_SURFACE('',#10938,1.15);
#9591=CYLINDRICAL_SURFACE('',#10944,1.15);
#9592=CYLINDRICAL_SURFACE('',#10947,1.15);
#9593=CYLINDRICAL_SURFACE('',#10953,1.15);
#9594=CYLINDRICAL_SURFACE('',#10956,1.15);
#9595=CYLINDRICAL_SURFACE('',#10962,1.15);
#9596=CYLINDRICAL_SURFACE('',#10965,1.15);
#9597=CYLINDRICAL_SURFACE('',#10971,1.15);
#9598=CYLINDRICAL_SURFACE('',#10974,1.15);
#9599=CYLINDRICAL_SURFACE('',#10982,1.15);
#9600=CYLINDRICAL_SURFACE('',#10984,1.15);
#9601=CYLINDRICAL_SURFACE('',#10987,21.3685761384926);
#9602=CYLINDRICAL_SURFACE('',#10989,21.3685761384926);
#9603=CYLINDRICAL_SURFACE('',#10991,21.3685761384926);
#9604=CYLINDRICAL_SURFACE('',#10993,21.3685761384926);
#9605=CYLINDRICAL_SURFACE('',#10995,21.3685761384926);
#9606=CYLINDRICAL_SURFACE('',#10997,21.3685761384926);
#9607=CYLINDRICAL_SURFACE('',#10999,2.5);
#9608=CYLINDRICAL_SURFACE('',#11002,21.3685761384926);
#9609=CYLINDRICAL_SURFACE('',#11003,2.5);
#9610=CYLINDRICAL_SURFACE('',#11005,21.3685761384926);
#9611=CYLINDRICAL_SURFACE('',#11006,2.5);
#9612=CYLINDRICAL_SURFACE('',#11008,21.3685761384926);
#9613=CYLINDRICAL_SURFACE('',#11009,2.5);
#9614=CYLINDRICAL_SURFACE('',#11011,21.3685761384926);
#9615=CYLINDRICAL_SURFACE('',#11012,2.5);
#9616=CYLINDRICAL_SURFACE('',#11014,21.3685761384926);
#9617=CYLINDRICAL_SURFACE('',#11016,2.5);
#9618=CYLINDRICAL_SURFACE('',#11018,21.3685761384926);
#9619=CYLINDRICAL_SURFACE('',#11020,9.84999947379624);
#9620=CYLINDRICAL_SURFACE('',#11025,11.0185761475445);
#9621=CYLINDRICAL_SURFACE('',#11029,9.84999947379498);
#9622=CYLINDRICAL_SURFACE('',#11034,11.0185761475446);
#9623=CYLINDRICAL_SURFACE('',#11038,9.84999947379625);
#9624=CYLINDRICAL_SURFACE('',#11043,11.0185761475443);
#9625=CYLINDRICAL_SURFACE('',#11047,9.84999947379629);
#9626=CYLINDRICAL_SURFACE('',#11052,11.0185761475447);
#9627=CYLINDRICAL_SURFACE('',#11056,9.84999947379625);
#9628=CYLINDRICAL_SURFACE('',#11061,11.0185761475443);
#9629=CYLINDRICAL_SURFACE('',#11065,9.84999947379624);
#9630=CYLINDRICAL_SURFACE('',#11070,11.0185761475443);
#9631=CYLINDRICAL_SURFACE('',#11086,10.);
#9632=CYLINDRICAL_SURFACE('',#11088,10.);
#9633=CYLINDRICAL_SURFACE('',#11090,10.);
#9634=CYLINDRICAL_SURFACE('',#11092,10.);
#9635=CYLINDRICAL_SURFACE('',#11094,10.);
#9636=CYLINDRICAL_SURFACE('',#11096,1.5);
#9637=CYLINDRICAL_SURFACE('',#11098,1.5);
#9638=CYLINDRICAL_SURFACE('',#11100,1.5);
#9639=CYLINDRICAL_SURFACE('',#11102,1.5);
#9640=CYLINDRICAL_SURFACE('',#11104,10.);
#9641=CYLINDRICAL_SURFACE('',#11132,11.8685761384926);
#9642=CYLINDRICAL_SURFACE('',#11171,21.3685761384926);
#9643=CYLINDRICAL_SURFACE('',#11173,2.5);
#9644=CYLINDRICAL_SURFACE('',#11177,21.3685761384926);
#9645=CYLINDRICAL_SURFACE('',#11179,2.5);
#9646=CYLINDRICAL_SURFACE('',#11183,21.3685761384926);
#9647=CYLINDRICAL_SURFACE('',#11185,2.5);
#9648=CYLINDRICAL_SURFACE('',#11189,21.3685761384926);
#9649=CYLINDRICAL_SURFACE('',#11191,2.5);
#9650=CYLINDRICAL_SURFACE('',#11197,2.5);
#9651=CYLINDRICAL_SURFACE('',#11199,21.3685761384926);
#9652=CYLINDRICAL_SURFACE('',#11203,2.5);
#9653=CYLINDRICAL_SURFACE('',#11207,21.3685761384926);
#9654=CYLINDRICAL_SURFACE('',#11211,1.15);
#9655=CYLINDRICAL_SURFACE('',#11214,1.15);
#9656=CYLINDRICAL_SURFACE('',#11233,1.15);
#9657=CYLINDRICAL_SURFACE('',#11236,1.15);
#9658=CYLINDRICAL_SURFACE('',#11241,1.15);
#9659=CYLINDRICAL_SURFACE('',#11243,1.15);
#9660=CYLINDRICAL_SURFACE('',#11247,1.15);
#9661=CYLINDRICAL_SURFACE('',#11250,1.15);
#9662=CYLINDRICAL_SURFACE('',#11255,1.15);
#9663=CYLINDRICAL_SURFACE('',#11258,1.15);
#9664=CYLINDRICAL_SURFACE('',#11263,1.15);
#9665=CYLINDRICAL_SURFACE('',#11265,1.15);
#9666=CYLINDRICAL_SURFACE('',#11269,1.15);
#9667=CYLINDRICAL_SURFACE('',#11272,1.15);
#9668=CYLINDRICAL_SURFACE('',#11278,1.15);
#9669=CYLINDRICAL_SURFACE('',#11281,1.15);
#9670=CYLINDRICAL_SURFACE('',#11286,1.15);
#9671=CYLINDRICAL_SURFACE('',#11289,1.15);
#9672=CYLINDRICAL_SURFACE('',#11295,1.15);
#9673=CYLINDRICAL_SURFACE('',#11298,1.15);
#9674=CYLINDRICAL_SURFACE('',#11304,1.15);
#9675=CYLINDRICAL_SURFACE('',#11307,1.15);
#9676=CYLINDRICAL_SURFACE('',#11315,1.15);
#9677=CYLINDRICAL_SURFACE('',#11317,1.15);
#9678=CYLINDRICAL_SURFACE('',#11319,2.5);
#9679=CYLINDRICAL_SURFACE('',#11322,2.5);
#9680=CYLINDRICAL_SURFACE('',#11323,21.3685761384926);
#9681=CYLINDRICAL_SURFACE('',#11325,2.5);
#9682=CYLINDRICAL_SURFACE('',#11326,21.3685761384926);
#9683=CYLINDRICAL_SURFACE('',#11328,2.5);
#9684=CYLINDRICAL_SURFACE('',#11329,21.3685761384926);
#9685=CYLINDRICAL_SURFACE('',#11331,2.5);
#9686=CYLINDRICAL_SURFACE('',#11332,21.3685761384926);
#9687=CYLINDRICAL_SURFACE('',#11334,2.5);
#9688=CYLINDRICAL_SURFACE('',#11335,21.3685761384926);
#9689=CYLINDRICAL_SURFACE('',#11337,2.5);
#9690=CYLINDRICAL_SURFACE('',#11339,21.3685761384926);
#9691=ADVANCED_FACE('',(#364),#9438,.F.);
#9692=ADVANCED_FACE('',(#365),#9439,.F.);
#9693=ADVANCED_FACE('',(#366),#9440,.F.);
#9694=ADVANCED_FACE('',(#367),#9441,.F.);
#9695=ADVANCED_FACE('',(#368),#88,.T.);
#9696=ADVANCED_FACE('',(#369),#89,.T.);
#9697=ADVANCED_FACE('',(#370),#90,.T.);
#9698=ADVANCED_FACE('',(#371),#91,.T.);
#9699=ADVANCED_FACE('',(#372),#92,.T.);
#9700=ADVANCED_FACE('',(#373),#9442,.T.);
#9701=ADVANCED_FACE('',(#374),#93,.T.);
#9702=ADVANCED_FACE('',(#375),#94,.T.);
#9703=ADVANCED_FACE('',(#376),#95,.T.);
#9704=ADVANCED_FACE('',(#377),#96,.T.);
#9705=ADVANCED_FACE('',(#378),#97,.T.);
#9706=ADVANCED_FACE('',(#379),#98,.T.);
#9707=ADVANCED_FACE('',(#380),#99,.T.);
#9708=ADVANCED_FACE('',(#381),#100,.T.);
#9709=ADVANCED_FACE('',(#382),#101,.T.);
#9710=ADVANCED_FACE('',(#383),#9443,.T.);
#9711=ADVANCED_FACE('',(#384),#9444,.F.);
#9712=ADVANCED_FACE('',(#385),#102,.T.);
#9713=ADVANCED_FACE('',(#386),#9445,.T.);
#9714=ADVANCED_FACE('',(#387),#9446,.F.);
#9715=ADVANCED_FACE('',(#388),#103,.T.);
#9716=ADVANCED_FACE('',(#389),#9447,.T.);
#9717=ADVANCED_FACE('',(#390),#9448,.F.);
#9718=ADVANCED_FACE('',(#391),#104,.T.);
#9719=ADVANCED_FACE('',(#392),#9449,.T.);
#9720=ADVANCED_FACE('',(#393),#9450,.F.);
#9721=ADVANCED_FACE('',(#394),#105,.T.);
#9722=ADVANCED_FACE('',(#395),#106,.T.);
#9723=ADVANCED_FACE('',(#396),#9451,.T.);
#9724=ADVANCED_FACE('',(#397),#107,.T.);
#9725=ADVANCED_FACE('',(#398),#9452,.F.);
#9726=ADVANCED_FACE('',(#399),#108,.T.);
#9727=ADVANCED_FACE('',(#400),#9453,.T.);
#9728=ADVANCED_FACE('',(#401),#9454,.F.);
#9729=ADVANCED_FACE('',(#402),#109,.F.);
#9730=ADVANCED_FACE('',(#403),#110,.F.);
#9731=ADVANCED_FACE('',(#404),#9455,.F.);
#9732=ADVANCED_FACE('',(#405),#9456,.F.);
#9733=ADVANCED_FACE('',(#406),#111,.F.);
#9734=ADVANCED_FACE('',(#407),#112,.T.);
#9735=ADVANCED_FACE('',(#408,#56,#57,#58,#59),#113,.T.);
#9736=ADVANCED_FACE('',(#409),#114,.F.);
#9737=ADVANCED_FACE('',(#410),#9457,.F.);
#9738=ADVANCED_FACE('',(#411),#9458,.F.);
#9739=ADVANCED_FACE('',(#412),#115,.F.);
#9740=ADVANCED_FACE('',(#413),#116,.T.);
#9741=ADVANCED_FACE('',(#414),#117,.F.);
#9742=ADVANCED_FACE('',(#415),#9459,.F.);
#9743=ADVANCED_FACE('',(#416),#9460,.F.);
#9744=ADVANCED_FACE('',(#417),#118,.F.);
#9745=ADVANCED_FACE('',(#418),#119,.T.);
#9746=ADVANCED_FACE('',(#419),#120,.F.);
#9747=ADVANCED_FACE('',(#420),#9461,.F.);
#9748=ADVANCED_FACE('',(#421),#9462,.F.);
#9749=ADVANCED_FACE('',(#422),#121,.F.);
#9750=ADVANCED_FACE('',(#423),#122,.T.);
#9751=ADVANCED_FACE('',(#424),#123,.F.);
#9752=ADVANCED_FACE('',(#425),#9463,.F.);
#9753=ADVANCED_FACE('',(#426),#9464,.F.);
#9754=ADVANCED_FACE('',(#427),#124,.F.);
#9755=ADVANCED_FACE('',(#428),#125,.T.);
#9756=ADVANCED_FACE('',(#429),#126,.F.);
#9757=ADVANCED_FACE('',(#430),#9465,.F.);
#9758=ADVANCED_FACE('',(#431),#9466,.F.);
#9759=ADVANCED_FACE('',(#432),#127,.F.);
#9760=ADVANCED_FACE('',(#433),#128,.T.);
#9761=ADVANCED_FACE('',(#434),#129,.F.);
#9762=ADVANCED_FACE('',(#435),#9467,.F.);
#9763=ADVANCED_FACE('',(#436),#9468,.F.);
#9764=ADVANCED_FACE('',(#437),#130,.F.);
#9765=ADVANCED_FACE('',(#438),#131,.F.);
#9766=ADVANCED_FACE('',(#439),#9469,.F.);
#9767=ADVANCED_FACE('',(#440),#9470,.F.);
#9768=ADVANCED_FACE('',(#441),#132,.F.);
#9769=ADVANCED_FACE('',(#442),#133,.T.);
#9770=ADVANCED_FACE('',(#443),#134,.F.);
#9771=ADVANCED_FACE('',(#444),#9471,.F.);
#9772=ADVANCED_FACE('',(#445),#9472,.F.);
#9773=ADVANCED_FACE('',(#446),#135,.F.);
#9774=ADVANCED_FACE('',(#447),#136,.F.);
#9775=ADVANCED_FACE('',(#448),#9473,.F.);
#9776=ADVANCED_FACE('',(#449),#9474,.F.);
#9777=ADVANCED_FACE('',(#450),#137,.F.);
#9778=ADVANCED_FACE('',(#451),#138,.T.);
#9779=ADVANCED_FACE('',(#452),#139,.F.);
#9780=ADVANCED_FACE('',(#453),#9475,.F.);
#9781=ADVANCED_FACE('',(#454),#9476,.F.);
#9782=ADVANCED_FACE('',(#455),#140,.F.);
#9783=ADVANCED_FACE('',(#456),#141,.T.);
#9784=ADVANCED_FACE('',(#457),#142,.F.);
#9785=ADVANCED_FACE('',(#458),#143,.F.);
#9786=ADVANCED_FACE('',(#459),#9477,.F.);
#9787=ADVANCED_FACE('',(#460),#9478,.F.);
#9788=ADVANCED_FACE('',(#461),#9479,.F.);
#9789=ADVANCED_FACE('',(#462),#144,.T.);
#9790=ADVANCED_FACE('',(#463),#9480,.T.);
#9791=ADVANCED_FACE('',(#464),#9481,.F.);
#9792=ADVANCED_FACE('',(#465),#145,.T.);
#9793=ADVANCED_FACE('',(#466),#9482,.T.);
#9794=ADVANCED_FACE('',(#467),#9483,.F.);
#9795=ADVANCED_FACE('',(#468),#146,.T.);
#9796=ADVANCED_FACE('',(#469),#9484,.F.);
#9797=ADVANCED_FACE('',(#470),#9485,.T.);
#9798=ADVANCED_FACE('',(#471),#9486,.F.);
#9799=ADVANCED_FACE('',(#472),#9487,.T.);
#9800=ADVANCED_FACE('',(#473),#9488,.F.);
#9801=ADVANCED_FACE('',(#474),#147,.T.);
#9802=ADVANCED_FACE('',(#475),#9489,.T.);
#9803=ADVANCED_FACE('',(#476),#148,.T.);
#9804=ADVANCED_FACE('',(#477),#9490,.F.);
#9805=ADVANCED_FACE('',(#478),#149,.T.);
#9806=ADVANCED_FACE('',(#479),#9491,.T.);
#9807=ADVANCED_FACE('',(#480,#60,#61,#62,#63,#64),#150,.F.);
#9808=ADVANCED_FACE('',(#481),#9492,.F.);
#9809=ADVANCED_FACE('',(#482),#9493,.F.);
#9810=ADVANCED_FACE('',(#483),#9494,.F.);
#9811=ADVANCED_FACE('',(#484),#9495,.F.);
#9812=ADVANCED_FACE('',(#485),#151,.F.);
#9813=ADVANCED_FACE('',(#486),#9496,.F.);
#9814=ADVANCED_FACE('',(#487),#9497,.F.);
#9815=ADVANCED_FACE('',(#488),#152,.F.);
#9816=ADVANCED_FACE('',(#489),#153,.T.);
#9817=ADVANCED_FACE('',(#490,#65,#66,#67,#68),#154,.F.);
#9818=ADVANCED_FACE('',(#491),#155,.F.);
#9819=ADVANCED_FACE('',(#492),#9498,.F.);
#9820=ADVANCED_FACE('',(#493),#9499,.F.);
#9821=ADVANCED_FACE('',(#494),#156,.F.);
#9822=ADVANCED_FACE('',(#495),#157,.T.);
#9823=ADVANCED_FACE('',(#496),#158,.F.);
#9824=ADVANCED_FACE('',(#497),#9500,.F.);
#9825=ADVANCED_FACE('',(#498),#9501,.F.);
#9826=ADVANCED_FACE('',(#499),#159,.F.);
#9827=ADVANCED_FACE('',(#500),#160,.T.);
#9828=ADVANCED_FACE('',(#501),#161,.F.);
#9829=ADVANCED_FACE('',(#502),#9502,.F.);
#9830=ADVANCED_FACE('',(#503),#9503,.F.);
#9831=ADVANCED_FACE('',(#504),#162,.F.);
#9832=ADVANCED_FACE('',(#505),#163,.T.);
#9833=ADVANCED_FACE('',(#506),#164,.F.);
#9834=ADVANCED_FACE('',(#507),#9504,.F.);
#9835=ADVANCED_FACE('',(#508),#9505,.F.);
#9836=ADVANCED_FACE('',(#509),#165,.F.);
#9837=ADVANCED_FACE('',(#510),#166,.T.);
#9838=ADVANCED_FACE('',(#511),#167,.F.);
#9839=ADVANCED_FACE('',(#512),#9506,.F.);
#9840=ADVANCED_FACE('',(#513),#9507,.F.);
#9841=ADVANCED_FACE('',(#514),#168,.F.);
#9842=ADVANCED_FACE('',(#515),#169,.T.);
#9843=ADVANCED_FACE('',(#516),#170,.F.);
#9844=ADVANCED_FACE('',(#517),#9508,.F.);
#9845=ADVANCED_FACE('',(#518),#9509,.F.);
#9846=ADVANCED_FACE('',(#519),#171,.F.);
#9847=ADVANCED_FACE('',(#520),#172,.T.);
#9848=ADVANCED_FACE('',(#521),#173,.F.);
#9849=ADVANCED_FACE('',(#522),#9510,.F.);
#9850=ADVANCED_FACE('',(#523),#9511,.F.);
#9851=ADVANCED_FACE('',(#524),#174,.F.);
#9852=ADVANCED_FACE('',(#525),#175,.T.);
#9853=ADVANCED_FACE('',(#526),#176,.F.);
#9854=ADVANCED_FACE('',(#527),#9512,.F.);
#9855=ADVANCED_FACE('',(#528),#9513,.F.);
#9856=ADVANCED_FACE('',(#529),#177,.F.);
#9857=ADVANCED_FACE('',(#530),#178,.T.);
#9858=ADVANCED_FACE('',(#531),#179,.F.);
#9859=ADVANCED_FACE('',(#532),#9514,.F.);
#9860=ADVANCED_FACE('',(#533),#9515,.F.);
#9861=ADVANCED_FACE('',(#534),#180,.F.);
#9862=ADVANCED_FACE('',(#535),#181,.T.);
#9863=ADVANCED_FACE('',(#536),#182,.F.);
#9864=ADVANCED_FACE('',(#537),#9516,.F.);
#9865=ADVANCED_FACE('',(#538),#9517,.F.);
#9866=ADVANCED_FACE('',(#539),#183,.F.);
#9867=ADVANCED_FACE('',(#540),#184,.T.);
#9868=ADVANCED_FACE('',(#541),#185,.F.);
#9869=ADVANCED_FACE('',(#542),#186,.F.);
#9870=ADVANCED_FACE('',(#543),#9518,.F.);
#9871=ADVANCED_FACE('',(#544),#9519,.F.);
#9872=ADVANCED_FACE('',(#545),#187,.T.);
#9873=ADVANCED_FACE('',(#546),#9520,.F.);
#9874=ADVANCED_FACE('',(#547),#9521,.T.);
#9875=ADVANCED_FACE('',(#548),#188,.T.);
#9876=ADVANCED_FACE('',(#549),#9522,.F.);
#9877=ADVANCED_FACE('',(#550),#9523,.T.);
#9878=ADVANCED_FACE('',(#551),#189,.T.);
#9879=ADVANCED_FACE('',(#552),#9524,.F.);
#9880=ADVANCED_FACE('',(#553),#9525,.T.);
#9881=ADVANCED_FACE('',(#554),#190,.T.);
#9882=ADVANCED_FACE('',(#555),#9526,.F.);
#9883=ADVANCED_FACE('',(#556),#9527,.T.);
#9884=ADVANCED_FACE('',(#557),#191,.T.);
#9885=ADVANCED_FACE('',(#558),#9528,.F.);
#9886=ADVANCED_FACE('',(#559),#9529,.T.);
#9887=ADVANCED_FACE('',(#560),#192,.T.);
#9888=ADVANCED_FACE('',(#561),#9530,.F.);
#9889=ADVANCED_FACE('',(#562),#9531,.T.);
#9890=ADVANCED_FACE('',(#563),#193,.T.);
#9891=ADVANCED_FACE('',(#564),#9532,.F.);
#9892=ADVANCED_FACE('',(#565),#9533,.T.);
#9893=ADVANCED_FACE('',(#566),#194,.T.);
#9894=ADVANCED_FACE('',(#567),#9534,.F.);
#9895=ADVANCED_FACE('',(#568),#9535,.T.);
#9896=ADVANCED_FACE('',(#569),#195,.T.);
#9897=ADVANCED_FACE('',(#570),#9536,.F.);
#9898=ADVANCED_FACE('',(#571),#9537,.T.);
#9899=ADVANCED_FACE('',(#572),#196,.T.);
#9900=ADVANCED_FACE('',(#573),#9538,.F.);
#9901=ADVANCED_FACE('',(#574),#9539,.T.);
#9902=ADVANCED_FACE('',(#575),#197,.T.);
#9903=ADVANCED_FACE('',(#576),#9540,.F.);
#9904=ADVANCED_FACE('',(#577),#9541,.T.);
#9905=ADVANCED_FACE('',(#578),#198,.T.);
#9906=ADVANCED_FACE('',(#579),#9542,.F.);
#9907=ADVANCED_FACE('',(#580),#199,.T.);
#9908=ADVANCED_FACE('',(#581),#9543,.T.);
#9909=ADVANCED_FACE('',(#582,#69,#70,#71,#72),#200,.T.);
#9910=ADVANCED_FACE('',(#583),#9544,.F.);
#9911=ADVANCED_FACE('',(#584),#9545,.T.);
#9912=ADVANCED_FACE('',(#585,#73),#201,.T.);
#9913=ADVANCED_FACE('',(#586,#74),#202,.F.);
#9914=ADVANCED_FACE('',(#587),#9546,.T.);
#9915=ADVANCED_FACE('',(#588),#203,.T.);
#9916=ADVANCED_FACE('',(#589),#204,.T.);
#9917=ADVANCED_FACE('',(#590),#9547,.F.);
#9918=ADVANCED_FACE('',(#591),#205,.F.);
#9919=ADVANCED_FACE('',(#592),#9548,.F.);
#9920=ADVANCED_FACE('',(#593,#75),#206,.F.);
#9921=ADVANCED_FACE('',(#594),#9549,.T.);
#9922=ADVANCED_FACE('',(#595),#207,.T.);
#9923=ADVANCED_FACE('',(#596),#9550,.F.);
#9924=ADVANCED_FACE('',(#597),#208,.T.);
#9925=ADVANCED_FACE('',(#598),#209,.F.);
#9926=ADVANCED_FACE('',(#599),#9551,.T.);
#9927=ADVANCED_FACE('',(#600),#210,.T.);
#9928=ADVANCED_FACE('',(#601),#211,.T.);
#9929=ADVANCED_FACE('',(#602),#9552,.F.);
#9930=ADVANCED_FACE('',(#603),#212,.F.);
#9931=ADVANCED_FACE('',(#604),#213,.T.);
#9932=ADVANCED_FACE('',(#605),#9553,.F.);
#9933=ADVANCED_FACE('',(#606),#214,.T.);
#9934=ADVANCED_FACE('',(#607),#9554,.T.);
#9935=ADVANCED_FACE('',(#608),#215,.F.);
#9936=ADVANCED_FACE('',(#609,#76),#216,.T.);
#9937=ADVANCED_FACE('',(#610),#217,.T.);
#9938=ADVANCED_FACE('',(#611),#9555,.T.);
#9939=ADVANCED_FACE('',(#612),#9556,.F.);
#9940=ADVANCED_FACE('',(#613),#218,.T.);
#9941=ADVANCED_FACE('',(#614),#219,.F.);
#9942=ADVANCED_FACE('',(#615),#9557,.T.);
#9943=ADVANCED_FACE('',(#616),#220,.T.);
#9944=ADVANCED_FACE('',(#617),#9558,.F.);
#9945=ADVANCED_FACE('',(#618),#221,.T.);
#9946=ADVANCED_FACE('',(#619),#222,.F.);
#9947=ADVANCED_FACE('',(#620),#9559,.F.);
#9948=ADVANCED_FACE('',(#621),#9560,.F.);
#9949=ADVANCED_FACE('',(#622),#9561,.F.);
#9950=ADVANCED_FACE('',(#623),#9562,.F.);
#9951=ADVANCED_FACE('',(#624),#9563,.F.);
#9952=ADVANCED_FACE('',(#625),#9564,.F.);
#9953=ADVANCED_FACE('',(#626),#9565,.F.);
#9954=ADVANCED_FACE('',(#627),#9566,.F.);
#9955=ADVANCED_FACE('',(#628),#9567,.F.);
#9956=ADVANCED_FACE('',(#629),#9568,.F.);
#9957=ADVANCED_FACE('',(#630),#9569,.F.);
#9958=ADVANCED_FACE('',(#631),#9570,.F.);
#9959=ADVANCED_FACE('',(#632),#9571,.F.);
#9960=ADVANCED_FACE('',(#633),#9572,.F.);
#9961=ADVANCED_FACE('',(#634),#9573,.F.);
#9962=ADVANCED_FACE('',(#635),#9574,.F.);
#9963=ADVANCED_FACE('',(#636),#9575,.F.);
#9964=ADVANCED_FACE('',(#637),#9576,.F.);
#9965=ADVANCED_FACE('',(#638),#223,.F.);
#9966=ADVANCED_FACE('',(#639),#224,.F.);
#9967=ADVANCED_FACE('',(#640),#225,.F.);
#9968=ADVANCED_FACE('',(#641),#226,.F.);
#9969=ADVANCED_FACE('',(#642),#227,.F.);
#9970=ADVANCED_FACE('',(#643),#228,.F.);
#9971=ADVANCED_FACE('',(#644),#229,.F.);
#9972=ADVANCED_FACE('',(#645),#230,.F.);
#9973=ADVANCED_FACE('',(#646),#231,.F.);
#9974=ADVANCED_FACE('',(#647),#232,.F.);
#9975=ADVANCED_FACE('',(#648),#233,.F.);
#9976=ADVANCED_FACE('',(#649),#234,.F.);
#9977=ADVANCED_FACE('',(#650),#9577,.F.);
#9978=ADVANCED_FACE('',(#651),#9578,.F.);
#9979=ADVANCED_FACE('',(#652),#235,.F.);
#9980=ADVANCED_FACE('',(#653),#236,.T.);
#9981=ADVANCED_FACE('',(#654),#237,.F.);
#9982=ADVANCED_FACE('',(#655),#9579,.F.);
#9983=ADVANCED_FACE('',(#656),#9580,.F.);
#9984=ADVANCED_FACE('',(#657),#238,.F.);
#9985=ADVANCED_FACE('',(#658),#239,.T.);
#9986=ADVANCED_FACE('',(#659),#240,.F.);
#9987=ADVANCED_FACE('',(#660),#9581,.F.);
#9988=ADVANCED_FACE('',(#661),#9582,.F.);
#9989=ADVANCED_FACE('',(#662),#241,.F.);
#9990=ADVANCED_FACE('',(#663),#242,.T.);
#9991=ADVANCED_FACE('',(#664),#243,.F.);
#9992=ADVANCED_FACE('',(#665),#9583,.F.);
#9993=ADVANCED_FACE('',(#666),#9584,.F.);
#9994=ADVANCED_FACE('',(#667),#244,.F.);
#9995=ADVANCED_FACE('',(#668),#245,.T.);
#9996=ADVANCED_FACE('',(#669),#246,.F.);
#9997=ADVANCED_FACE('',(#670),#9585,.F.);
#9998=ADVANCED_FACE('',(#671),#9586,.F.);
#9999=ADVANCED_FACE('',(#672),#247,.F.);
#10000=ADVANCED_FACE('',(#673),#248,.T.);
#10001=ADVANCED_FACE('',(#674),#249,.F.);
#10002=ADVANCED_FACE('',(#675),#9587,.F.);
#10003=ADVANCED_FACE('',(#676),#9588,.F.);
#10004=ADVANCED_FACE('',(#677),#250,.F.);
#10005=ADVANCED_FACE('',(#678),#251,.T.);
#10006=ADVANCED_FACE('',(#679),#252,.F.);
#10007=ADVANCED_FACE('',(#680),#9589,.F.);
#10008=ADVANCED_FACE('',(#681),#9590,.F.);
#10009=ADVANCED_FACE('',(#682),#253,.F.);
#10010=ADVANCED_FACE('',(#683),#254,.T.);
#10011=ADVANCED_FACE('',(#684),#255,.F.);
#10012=ADVANCED_FACE('',(#685),#9591,.F.);
#10013=ADVANCED_FACE('',(#686),#9592,.F.);
#10014=ADVANCED_FACE('',(#687),#256,.F.);
#10015=ADVANCED_FACE('',(#688),#257,.T.);
#10016=ADVANCED_FACE('',(#689),#258,.F.);
#10017=ADVANCED_FACE('',(#690),#9593,.F.);
#10018=ADVANCED_FACE('',(#691),#9594,.F.);
#10019=ADVANCED_FACE('',(#692),#259,.F.);
#10020=ADVANCED_FACE('',(#693),#260,.T.);
#10021=ADVANCED_FACE('',(#694),#261,.F.);
#10022=ADVANCED_FACE('',(#695),#9595,.F.);
#10023=ADVANCED_FACE('',(#696),#9596,.F.);
#10024=ADVANCED_FACE('',(#697),#262,.F.);
#10025=ADVANCED_FACE('',(#698),#263,.T.);
#10026=ADVANCED_FACE('',(#699),#264,.F.);
#10027=ADVANCED_FACE('',(#700),#9597,.F.);
#10028=ADVANCED_FACE('',(#701),#9598,.F.);
#10029=ADVANCED_FACE('',(#702),#265,.F.);
#10030=ADVANCED_FACE('',(#703),#266,.T.);
#10031=ADVANCED_FACE('',(#704),#267,.F.);
#10032=ADVANCED_FACE('',(#705),#268,.F.);
#10033=ADVANCED_FACE('',(#706),#9599,.F.);
#10034=ADVANCED_FACE('',(#707),#9600,.F.);
#10035=ADVANCED_FACE('',(#708),#269,.T.);
#10036=ADVANCED_FACE('',(#709),#9601,.T.);
#10037=ADVANCED_FACE('',(#710),#270,.T.);
#10038=ADVANCED_FACE('',(#711),#9602,.T.);
#10039=ADVANCED_FACE('',(#712),#271,.T.);
#10040=ADVANCED_FACE('',(#713),#9603,.T.);
#10041=ADVANCED_FACE('',(#714),#272,.T.);
#10042=ADVANCED_FACE('',(#715),#9604,.T.);
#10043=ADVANCED_FACE('',(#716),#273,.T.);
#10044=ADVANCED_FACE('',(#717),#9605,.T.);
#10045=ADVANCED_FACE('',(#718),#274,.T.);
#10046=ADVANCED_FACE('',(#719),#9606,.T.);
#10047=ADVANCED_FACE('',(#720),#9607,.F.);
#10048=ADVANCED_FACE('',(#721),#275,.T.);
#10049=ADVANCED_FACE('',(#722),#9608,.T.);
#10050=ADVANCED_FACE('',(#723),#9609,.F.);
#10051=ADVANCED_FACE('',(#724),#276,.T.);
#10052=ADVANCED_FACE('',(#725),#9610,.T.);
#10053=ADVANCED_FACE('',(#726),#9611,.F.);
#10054=ADVANCED_FACE('',(#727),#277,.T.);
#10055=ADVANCED_FACE('',(#728),#9612,.T.);
#10056=ADVANCED_FACE('',(#729),#9613,.F.);
#10057=ADVANCED_FACE('',(#730),#278,.T.);
#10058=ADVANCED_FACE('',(#731),#9614,.T.);
#10059=ADVANCED_FACE('',(#732),#9615,.F.);
#10060=ADVANCED_FACE('',(#733),#279,.T.);
#10061=ADVANCED_FACE('',(#734),#9616,.T.);
#10062=ADVANCED_FACE('',(#735),#280,.T.);
#10063=ADVANCED_FACE('',(#736),#9617,.F.);
#10064=ADVANCED_FACE('',(#737),#281,.T.);
#10065=ADVANCED_FACE('',(#738),#9618,.T.);
#10066=ADVANCED_FACE('',(#739),#282,.F.);
#10067=ADVANCED_FACE('',(#740),#9619,.T.);
#10068=ADVANCED_FACE('',(#741),#283,.F.);
#10069=ADVANCED_FACE('',(#742),#284,.F.);
#10070=ADVANCED_FACE('',(#743),#9620,.F.);
#10071=ADVANCED_FACE('',(#744),#285,.F.);
#10072=ADVANCED_FACE('',(#745),#9621,.T.);
#10073=ADVANCED_FACE('',(#746),#286,.F.);
#10074=ADVANCED_FACE('',(#747),#287,.F.);
#10075=ADVANCED_FACE('',(#748),#9622,.F.);
#10076=ADVANCED_FACE('',(#749),#288,.F.);
#10077=ADVANCED_FACE('',(#750),#9623,.T.);
#10078=ADVANCED_FACE('',(#751),#289,.F.);
#10079=ADVANCED_FACE('',(#752),#290,.F.);
#10080=ADVANCED_FACE('',(#753),#9624,.F.);
#10081=ADVANCED_FACE('',(#754),#291,.F.);
#10082=ADVANCED_FACE('',(#755),#9625,.T.);
#10083=ADVANCED_FACE('',(#756),#292,.F.);
#10084=ADVANCED_FACE('',(#757),#293,.F.);
#10085=ADVANCED_FACE('',(#758),#9626,.F.);
#10086=ADVANCED_FACE('',(#759),#294,.F.);
#10087=ADVANCED_FACE('',(#760),#9627,.T.);
#10088=ADVANCED_FACE('',(#761),#295,.F.);
#10089=ADVANCED_FACE('',(#762),#296,.F.);
#10090=ADVANCED_FACE('',(#763),#9628,.F.);
#10091=ADVANCED_FACE('',(#764),#297,.F.);
#10092=ADVANCED_FACE('',(#765),#9629,.T.);
#10093=ADVANCED_FACE('',(#766),#298,.F.);
#10094=ADVANCED_FACE('',(#767),#299,.F.);
#10095=ADVANCED_FACE('',(#768),#9630,.F.);
#10096=ADVANCED_FACE('',(#769),#300,.F.);
#10097=ADVANCED_FACE('',(#770,#77,#78,#79,#80,#81),#301,.F.);
#10098=ADVANCED_FACE('',(#771),#9631,.F.);
#10099=ADVANCED_FACE('',(#772),#9632,.F.);
#10100=ADVANCED_FACE('',(#773),#9633,.F.);
#10101=ADVANCED_FACE('',(#774),#9634,.F.);
#10102=ADVANCED_FACE('',(#775),#9635,.F.);
#10103=ADVANCED_FACE('',(#776),#9636,.F.);
#10104=ADVANCED_FACE('',(#777),#9637,.F.);
#10105=ADVANCED_FACE('',(#778),#9638,.F.);
#10106=ADVANCED_FACE('',(#779),#9639,.F.);
#10107=ADVANCED_FACE('',(#780),#9640,.F.);
#10108=ADVANCED_FACE('',(#781),#302,.F.);
#10109=ADVANCED_FACE('',(#782),#303,.F.);
#10110=ADVANCED_FACE('',(#783),#304,.F.);
#10111=ADVANCED_FACE('',(#784),#305,.F.);
#10112=ADVANCED_FACE('',(#785),#306,.F.);
#10113=ADVANCED_FACE('',(#786),#9641,.T.);
#10114=ADVANCED_FACE('',(#787),#307,.F.);
#10115=ADVANCED_FACE('',(#788),#308,.F.);
#10116=ADVANCED_FACE('',(#789),#309,.F.);
#10117=ADVANCED_FACE('',(#790),#310,.F.);
#10118=ADVANCED_FACE('',(#791),#311,.F.);
#10119=ADVANCED_FACE('',(#792),#312,.F.);
#10120=ADVANCED_FACE('',(#793),#313,.F.);
#10121=ADVANCED_FACE('',(#794),#314,.T.);
#10122=ADVANCED_FACE('',(#795),#9642,.T.);
#10123=ADVANCED_FACE('',(#796),#9643,.F.);
#10124=ADVANCED_FACE('',(#797),#315,.T.);
#10125=ADVANCED_FACE('',(#798),#9644,.T.);
#10126=ADVANCED_FACE('',(#799),#9645,.F.);
#10127=ADVANCED_FACE('',(#800),#316,.T.);
#10128=ADVANCED_FACE('',(#801),#9646,.T.);
#10129=ADVANCED_FACE('',(#802),#9647,.F.);
#10130=ADVANCED_FACE('',(#803),#317,.T.);
#10131=ADVANCED_FACE('',(#804),#9648,.T.);
#10132=ADVANCED_FACE('',(#805),#9649,.F.);
#10133=ADVANCED_FACE('',(#806),#318,.T.);
#10134=ADVANCED_FACE('',(#807),#319,.T.);
#10135=ADVANCED_FACE('',(#808),#9650,.F.);
#10136=ADVANCED_FACE('',(#809),#9651,.T.);
#10137=ADVANCED_FACE('',(#810),#320,.T.);
#10138=ADVANCED_FACE('',(#811),#9652,.F.);
#10139=ADVANCED_FACE('',(#812),#321,.T.);
#10140=ADVANCED_FACE('',(#813),#9653,.T.);
#10141=ADVANCED_FACE('',(#814),#322,.F.);
#10142=ADVANCED_FACE('',(#815),#9654,.F.);
#10143=ADVANCED_FACE('',(#816),#9655,.F.);
#10144=ADVANCED_FACE('',(#817),#323,.F.);
#10145=ADVANCED_FACE('',(#818),#324,.T.);
#10146=ADVANCED_FACE('',(#819,#82),#325,.F.);
#10147=ADVANCED_FACE('',(#820),#326,.F.);
#10148=ADVANCED_FACE('',(#821),#9656,.F.);
#10149=ADVANCED_FACE('',(#822),#9657,.F.);
#10150=ADVANCED_FACE('',(#823),#327,.F.);
#10151=ADVANCED_FACE('',(#824),#328,.T.);
#10152=ADVANCED_FACE('',(#825),#329,.F.);
#10153=ADVANCED_FACE('',(#826),#9658,.F.);
#10154=ADVANCED_FACE('',(#827),#9659,.F.);
#10155=ADVANCED_FACE('',(#828),#330,.F.);
#10156=ADVANCED_FACE('',(#829),#331,.F.);
#10157=ADVANCED_FACE('',(#830),#9660,.F.);
#10158=ADVANCED_FACE('',(#831),#9661,.F.);
#10159=ADVANCED_FACE('',(#832),#332,.F.);
#10160=ADVANCED_FACE('',(#833),#333,.T.);
#10161=ADVANCED_FACE('',(#834),#334,.F.);
#10162=ADVANCED_FACE('',(#835),#9662,.F.);
#10163=ADVANCED_FACE('',(#836),#9663,.F.);
#10164=ADVANCED_FACE('',(#837),#335,.F.);
#10165=ADVANCED_FACE('',(#838),#336,.T.);
#10166=ADVANCED_FACE('',(#839),#337,.F.);
#10167=ADVANCED_FACE('',(#840),#9664,.F.);
#10168=ADVANCED_FACE('',(#841),#9665,.F.);
#10169=ADVANCED_FACE('',(#842),#338,.F.);
#10170=ADVANCED_FACE('',(#843),#339,.F.);
#10171=ADVANCED_FACE('',(#844),#9666,.F.);
#10172=ADVANCED_FACE('',(#845),#9667,.F.);
#10173=ADVANCED_FACE('',(#846),#340,.F.);
#10174=ADVANCED_FACE('',(#847),#341,.T.);
#10175=ADVANCED_FACE('',(#848),#342,.F.);
#10176=ADVANCED_FACE('',(#849),#9668,.F.);
#10177=ADVANCED_FACE('',(#850),#9669,.F.);
#10178=ADVANCED_FACE('',(#851),#343,.F.);
#10179=ADVANCED_FACE('',(#852),#344,.T.);
#10180=ADVANCED_FACE('',(#853),#345,.F.);
#10181=ADVANCED_FACE('',(#854),#9670,.F.);
#10182=ADVANCED_FACE('',(#855),#9671,.F.);
#10183=ADVANCED_FACE('',(#856),#346,.F.);
#10184=ADVANCED_FACE('',(#857),#347,.T.);
#10185=ADVANCED_FACE('',(#858),#348,.F.);
#10186=ADVANCED_FACE('',(#859),#9672,.F.);
#10187=ADVANCED_FACE('',(#860),#9673,.F.);
#10188=ADVANCED_FACE('',(#861),#349,.F.);
#10189=ADVANCED_FACE('',(#862),#350,.T.);
#10190=ADVANCED_FACE('',(#863),#351,.F.);
#10191=ADVANCED_FACE('',(#864),#9674,.F.);
#10192=ADVANCED_FACE('',(#865),#9675,.F.);
#10193=ADVANCED_FACE('',(#866),#352,.F.);
#10194=ADVANCED_FACE('',(#867),#353,.T.);
#10195=ADVANCED_FACE('',(#868),#354,.F.);
#10196=ADVANCED_FACE('',(#869),#355,.F.);
#10197=ADVANCED_FACE('',(#870),#9676,.F.);
#10198=ADVANCED_FACE('',(#871),#9677,.F.);
#10199=ADVANCED_FACE('',(#872),#9678,.F.);
#10200=ADVANCED_FACE('',(#873),#356,.T.);
#10201=ADVANCED_FACE('',(#874),#9679,.F.);
#10202=ADVANCED_FACE('',(#875),#9680,.T.);
#10203=ADVANCED_FACE('',(#876),#357,.T.);
#10204=ADVANCED_FACE('',(#877),#9681,.F.);
#10205=ADVANCED_FACE('',(#878),#9682,.T.);
#10206=ADVANCED_FACE('',(#879),#358,.T.);
#10207=ADVANCED_FACE('',(#880),#9683,.F.);
#10208=ADVANCED_FACE('',(#881),#9684,.T.);
#10209=ADVANCED_FACE('',(#882),#359,.T.);
#10210=ADVANCED_FACE('',(#883),#9685,.F.);
#10211=ADVANCED_FACE('',(#884),#9686,.T.);
#10212=ADVANCED_FACE('',(#885),#360,.T.);
#10213=ADVANCED_FACE('',(#886),#9687,.F.);
#10214=ADVANCED_FACE('',(#887),#9688,.T.);
#10215=ADVANCED_FACE('',(#888),#361,.T.);
#10216=ADVANCED_FACE('',(#889),#9689,.F.);
#10217=ADVANCED_FACE('',(#890),#362,.T.);
#10218=ADVANCED_FACE('',(#891),#9690,.T.);
#10219=ADVANCED_FACE('',(#892,#83,#84,#85,#86,#87),#363,.T.);
#10220=CLOSED_SHELL('',(#9691,#9692,#9693,#9694,#9695,#9696,#9697,#9698,
#9699,#9700,#9701,#9702,#9703,#9704,#9705,#9706,#9707,#9708,#9709,#9710,
#9711,#9712,#9713,#9714,#9715,#9716,#9717,#9718,#9719,#9720,#9721,#9722,
#9723,#9724,#9725,#9726,#9727,#9728,#9729,#9730,#9731,#9732,#9733,#9734,
#9735,#9736,#9737,#9738,#9739,#9740,#9741,#9742,#9743,#9744,#9745,#9746,
#9747,#9748,#9749,#9750,#9751,#9752,#9753,#9754,#9755,#9756,#9757,#9758,
#9759,#9760,#9761,#9762,#9763,#9764,#9765,#9766,#9767,#9768,#9769,#9770,
#9771,#9772,#9773,#9774,#9775,#9776,#9777,#9778,#9779,#9780,#9781,#9782,
#9783,#9784,#9785,#9786,#9787,#9788,#9789,#9790,#9791,#9792,#9793,#9794,
#9795,#9796,#9797,#9798,#9799,#9800,#9801,#9802,#9803,#9804,#9805,#9806,
#9807));
#10221=CLOSED_SHELL('',(#9808,#9809,#9810,#9811,#9812,#9813,#9814,#9815,
#9816,#9817,#9818,#9819,#9820,#9821,#9822,#9823,#9824,#9825,#9826,#9827,
#9828,#9829,#9830,#9831,#9832,#9833,#9834,#9835,#9836,#9837,#9838,#9839,
#9840,#9841,#9842,#9843,#9844,#9845,#9846,#9847,#9848,#9849,#9850,#9851,
#9852,#9853,#9854,#9855,#9856,#9857,#9858,#9859,#9860,#9861,#9862,#9863,
#9864,#9865,#9866,#9867,#9868,#9869,#9870,#9871,#9872,#9873,#9874,#9875,
#9876,#9877,#9878,#9879,#9880,#9881,#9882,#9883,#9884,#9885,#9886,#9887,
#9888,#9889,#9890,#9891,#9892,#9893,#9894,#9895,#9896,#9897,#9898,#9899,
#9900,#9901,#9902,#9903,#9904,#9905,#9906,#9907,#9908,#9909));
#10222=CLOSED_SHELL('',(#9910,#9911,#9912,#9913));
#10223=CLOSED_SHELL('',(#9914,#9915,#9916,#9917,#9918,#9919,#9920,#9921,
#9922,#9923,#9924,#9925,#9926,#9927,#9928,#9929,#9930,#9931,#9932,#9933,
#9934,#9935,#9936,#9937,#9938,#9939,#9940,#9941,#9942,#9943,#9944,#9945,
#9946,#9947,#9948,#9949,#9950,#9951,#9952,#9953,#9954,#9955,#9956,#9957,
#9958,#9959,#9960,#9961,#9962,#9963,#9964,#9965,#9966,#9967,#9968,#9969,
#9970,#9971,#9972,#9973,#9974,#9975,#9976,#9977,#9978,#9979,#9980,#9981,
#9982,#9983,#9984,#9985,#9986,#9987,#9988,#9989,#9990,#9991,#9992,#9993,
#9994,#9995,#9996,#9997,#9998,#9999,#10000,#10001,#10002,#10003,#10004,
#10005,#10006,#10007,#10008,#10009,#10010,#10011,#10012,#10013,#10014,#10015,
#10016,#10017,#10018,#10019,#10020,#10021,#10022,#10023,#10024,#10025,#10026,
#10027,#10028,#10029,#10030,#10031,#10032,#10033,#10034,#10035,#10036,#10037,
#10038,#10039,#10040,#10041,#10042,#10043,#10044,#10045,#10046,#10047,#10048,
#10049,#10050,#10051,#10052,#10053,#10054,#10055,#10056,#10057,#10058,#10059,
#10060,#10061,#10062,#10063,#10064,#10065,#10066));
#10224=CLOSED_SHELL('',(#10067,#10068,#10069,#10070,#10071,#10072,#10073,
#10074,#10075,#10076,#10077,#10078,#10079,#10080,#10081,#10082,#10083,#10084,
#10085,#10086,#10087,#10088,#10089,#10090,#10091,#10092,#10093,#10094,#10095,
#10096,#10097,#10098,#10099,#10100,#10101,#10102,#10103,#10104,#10105,#10106,
#10107,#10108,#10109,#10110,#10111,#10112,#10113,#10114,#10115,#10116,#10117,
#10118,#10119,#10120,#10121,#10122,#10123,#10124,#10125,#10126,#10127,#10128,
#10129,#10130,#10131,#10132,#10133,#10134,#10135,#10136,#10137,#10138,#10139,
#10140,#10141,#10142,#10143,#10144,#10145,#10146,#10147,#10148,#10149,#10150,
#10151,#10152,#10153,#10154,#10155,#10156,#10157,#10158,#10159,#10160,#10161,
#10162,#10163,#10164,#10165,#10166,#10167,#10168,#10169,#10170,#10171,#10172,
#10173,#10174,#10175,#10176,#10177,#10178,#10179,#10180,#10181,#10182,#10183,
#10184,#10185,#10186,#10187,#10188,#10189,#10190,#10191,#10192,#10193,#10194,
#10195,#10196,#10197,#10198,#10199,#10200,#10201,#10202,#10203,#10204,#10205,
#10206,#10207,#10208,#10209,#10210,#10211,#10212,#10213,#10214,#10215,#10216,
#10217,#10218,#10219));
#10225=AXIS2_PLACEMENT_3D('',#14516,#11345,#11346);
#10226=AXIS2_PLACEMENT_3D('',#14517,#11347,#11348);
#10227=AXIS2_PLACEMENT_3D('',#14518,#11349,#11350);
#10228=AXIS2_PLACEMENT_3D('',#14520,#11351,#11352);
#10229=AXIS2_PLACEMENT_3D('',#14523,#11354,#11355);
#10230=AXIS2_PLACEMENT_3D('',#14524,#11356,#11357);
#10231=AXIS2_PLACEMENT_3D('',#14526,#11358,#11359);
#10232=AXIS2_PLACEMENT_3D('',#14529,#11361,#11362);
#10233=AXIS2_PLACEMENT_3D('',#14530,#11363,#11364);
#10234=AXIS2_PLACEMENT_3D('',#14532,#11365,#11366);
#10235=AXIS2_PLACEMENT_3D('',#14535,#11368,#11369);
#10236=AXIS2_PLACEMENT_3D('',#14536,#11370,#11371);
#10237=AXIS2_PLACEMENT_3D('',#14538,#11372,#11373);
#10238=AXIS2_PLACEMENT_3D('',#14541,#11375,#11376);
#10239=AXIS2_PLACEMENT_3D('',#14542,#11377,#11378);
#10240=AXIS2_PLACEMENT_3D('',#14545,#11379,#11380);
#10241=AXIS2_PLACEMENT_3D('',#14549,#11382,#11383);
#10242=AXIS2_PLACEMENT_3D('',#14551,#11384,#11385);
#10243=AXIS2_PLACEMENT_3D('',#14553,#11386,#11387);
#10244=AXIS2_PLACEMENT_3D('',#14555,#11389,#11390);
#10245=AXIS2_PLACEMENT_3D('',#14558,#11391,#11392);
#10246=AXIS2_PLACEMENT_3D('',#14561,#11394,#11395);
#10247=AXIS2_PLACEMENT_3D('',#14563,#11396,#11397);
#10248=AXIS2_PLACEMENT_3D('',#14565,#11398,#11399);
#10249=AXIS2_PLACEMENT_3D('',#14567,#11401,#11402);
#10250=AXIS2_PLACEMENT_3D('',#14570,#11403,#11404);
#10251=AXIS2_PLACEMENT_3D('',#14573,#11406,#11407);
#10252=AXIS2_PLACEMENT_3D('',#14575,#11408,#11409);
#10253=AXIS2_PLACEMENT_3D('',#14577,#11410,#11411);
#10254=AXIS2_PLACEMENT_3D('',#14579,#11413,#11414);
#10255=AXIS2_PLACEMENT_3D('',#14582,#11415,#11416);
#10256=AXIS2_PLACEMENT_3D('',#14586,#11418,#11419);
#10257=AXIS2_PLACEMENT_3D('',#14588,#11420,#11421);
#10258=AXIS2_PLACEMENT_3D('',#14590,#11422,#11423);
#10259=AXIS2_PLACEMENT_3D('',#14592,#11425,#11426);
#10260=AXIS2_PLACEMENT_3D('',#14597,#11428,#11429);
#10261=AXIS2_PLACEMENT_3D('',#14600,#11431,#11432);
#10262=AXIS2_PLACEMENT_3D('',#14601,#11433,#11434);
#10263=AXIS2_PLACEMENT_3D('',#14602,#11435,#11436);
#10264=AXIS2_PLACEMENT_3D('',#14603,#11437,#11438);
#10265=AXIS2_PLACEMENT_3D('',#14605,#11439,#11440);
#10266=AXIS2_PLACEMENT_3D('',#14608,#11442,#11443);
#10267=AXIS2_PLACEMENT_3D('',#14610,#11444,#11445);
#10268=AXIS2_PLACEMENT_3D('',#14612,#11446,#11447);
#10269=AXIS2_PLACEMENT_3D('',#14614,#11448,#11449);
#10270=AXIS2_PLACEMENT_3D('',#14616,#11450,#11451);
#10271=AXIS2_PLACEMENT_3D('',#14618,#11452,#11453);
#10272=AXIS2_PLACEMENT_3D('',#14619,#11454,#11455);
#10273=AXIS2_PLACEMENT_3D('',#14620,#11456,#11457);
#10274=AXIS2_PLACEMENT_3D('',#14625,#11459,#11460);
#10275=AXIS2_PLACEMENT_3D('',#14628,#11462,#11463);
#10276=AXIS2_PLACEMENT_3D('',#14629,#11464,#11465);
#10277=AXIS2_PLACEMENT_3D('',#14630,#11466,#11467);
#10278=AXIS2_PLACEMENT_3D('',#14633,#11468,#11469);
#10279=AXIS2_PLACEMENT_3D('',#14636,#11471,#11472);
#10280=AXIS2_PLACEMENT_3D('',#14638,#11473,#11474);
#10281=AXIS2_PLACEMENT_3D('',#14640,#11476,#11477);
#10282=AXIS2_PLACEMENT_3D('',#14643,#11478,#11479);
#10283=AXIS2_PLACEMENT_3D('',#14646,#11481,#11482);
#10284=AXIS2_PLACEMENT_3D('',#14648,#11483,#11484);
#10285=AXIS2_PLACEMENT_3D('',#14650,#11486,#11487);
#10286=AXIS2_PLACEMENT_3D('',#14653,#11488,#11489);
#10287=AXIS2_PLACEMENT_3D('',#14656,#11491,#11492);
#10288=AXIS2_PLACEMENT_3D('',#14658,#11493,#11494);
#10289=AXIS2_PLACEMENT_3D('',#14660,#11496,#11497);
#10290=AXIS2_PLACEMENT_3D('',#14663,#11498,#11499);
#10291=AXIS2_PLACEMENT_3D('',#14666,#11501,#11502);
#10292=AXIS2_PLACEMENT_3D('',#14668,#11503,#11504);
#10293=AXIS2_PLACEMENT_3D('',#14670,#11506,#11507);
#10294=AXIS2_PLACEMENT_3D('',#14673,#11508,#11509);
#10295=AXIS2_PLACEMENT_3D('',#14676,#11511,#11512);
#10296=AXIS2_PLACEMENT_3D('',#14678,#11513,#11514);
#10297=AXIS2_PLACEMENT_3D('',#14680,#11516,#11517);
#10298=AXIS2_PLACEMENT_3D('',#14683,#11518,#11519);
#10299=AXIS2_PLACEMENT_3D('',#14686,#11521,#11522);
#10300=AXIS2_PLACEMENT_3D('',#14688,#11523,#11524);
#10301=AXIS2_PLACEMENT_3D('',#14690,#11526,#11527);
#10302=AXIS2_PLACEMENT_3D('',#14696,#11530,#11531);
#10303=AXIS2_PLACEMENT_3D('',#14700,#11534,#11535);
#10304=AXIS2_PLACEMENT_3D('',#14706,#11538,#11539);
#10305=AXIS2_PLACEMENT_3D('',#14710,#11542,#11543);
#10306=AXIS2_PLACEMENT_3D('',#14714,#11545,#11546);
#10307=AXIS2_PLACEMENT_3D('',#14716,#11548,#11549);
#10308=AXIS2_PLACEMENT_3D('',#14719,#11551,#11552);
#10309=AXIS2_PLACEMENT_3D('',#14720,#11553,#11554);
#10310=AXIS2_PLACEMENT_3D('',#14726,#11557,#11558);
#10311=AXIS2_PLACEMENT_3D('',#14728,#11560,#11561);
#10312=AXIS2_PLACEMENT_3D('',#14732,#11563,#11564);
#10313=AXIS2_PLACEMENT_3D('',#14734,#11566,#11567);
#10314=AXIS2_PLACEMENT_3D('',#14737,#11569,#11570);
#10315=AXIS2_PLACEMENT_3D('',#14738,#11571,#11572);
#10316=AXIS2_PLACEMENT_3D('',#14744,#11575,#11576);
#10317=AXIS2_PLACEMENT_3D('',#14746,#11578,#11579);
#10318=AXIS2_PLACEMENT_3D('',#14750,#11581,#11582);
#10319=AXIS2_PLACEMENT_3D('',#14752,#11584,#11585);
#10320=AXIS2_PLACEMENT_3D('',#14755,#11587,#11588);
#10321=AXIS2_PLACEMENT_3D('',#14756,#11589,#11590);
#10322=AXIS2_PLACEMENT_3D('',#14762,#11593,#11594);
#10323=AXIS2_PLACEMENT_3D('',#14764,#11596,#11597);
#10324=AXIS2_PLACEMENT_3D('',#14768,#11599,#11600);
#10325=AXIS2_PLACEMENT_3D('',#14770,#11602,#11603);
#10326=AXIS2_PLACEMENT_3D('',#14773,#11605,#11606);
#10327=AXIS2_PLACEMENT_3D('',#14774,#11607,#11608);
#10328=AXIS2_PLACEMENT_3D('',#14780,#11611,#11612);
#10329=AXIS2_PLACEMENT_3D('',#14782,#11614,#11615);
#10330=AXIS2_PLACEMENT_3D('',#14788,#11618,#11619);
#10331=AXIS2_PLACEMENT_3D('',#14792,#11622,#11623);
#10332=AXIS2_PLACEMENT_3D('',#14795,#11625,#11626);
#10333=AXIS2_PLACEMENT_3D('',#14796,#11627,#11628);
#10334=AXIS2_PLACEMENT_3D('',#14802,#11631,#11632);
#10335=AXIS2_PLACEMENT_3D('',#14804,#11634,#11635);
#10336=AXIS2_PLACEMENT_3D('',#14807,#11637,#11638);
#10337=AXIS2_PLACEMENT_3D('',#14808,#11639,#11640);
#10338=AXIS2_PLACEMENT_3D('',#14814,#11643,#11644);
#10339=AXIS2_PLACEMENT_3D('',#14816,#11646,#11647);
#10340=AXIS2_PLACEMENT_3D('',#14819,#11649,#11650);
#10341=AXIS2_PLACEMENT_3D('',#14820,#11651,#11652);
#10342=AXIS2_PLACEMENT_3D('',#14822,#11653,#11654);
#10343=AXIS2_PLACEMENT_3D('',#14825,#11656,#11657);
#10344=AXIS2_PLACEMENT_3D('',#14826,#11658,#11659);
#10345=AXIS2_PLACEMENT_3D('',#14827,#11660,#11661);
#10346=AXIS2_PLACEMENT_3D('',#14831,#11663,#11664);
#10347=AXIS2_PLACEMENT_3D('',#14832,#11665,#11666);
#10348=AXIS2_PLACEMENT_3D('',#14837,#11668,#11669);
#10349=AXIS2_PLACEMENT_3D('',#14840,#11671,#11672);
#10350=AXIS2_PLACEMENT_3D('',#14841,#11673,#11674);
#10351=AXIS2_PLACEMENT_3D('',#14845,#11676,#11677);
#10352=AXIS2_PLACEMENT_3D('',#14847,#11679,#11680);
#10353=AXIS2_PLACEMENT_3D('',#14849,#11682,#11683);
#10354=AXIS2_PLACEMENT_3D('',#14856,#11688,#11689);
#10355=AXIS2_PLACEMENT_3D('',#14859,#11691,#11692);
#10356=AXIS2_PLACEMENT_3D('',#14861,#11693,#11694);
#10357=AXIS2_PLACEMENT_3D('',#14873,#11700,#11701);
#10358=AXIS2_PLACEMENT_3D('',#14885,#11707,#11708);
#10359=AXIS2_PLACEMENT_3D('',#14897,#11714,#11715);
#10360=AXIS2_PLACEMENT_3D('',#14909,#11721,#11722);
#10361=AXIS2_PLACEMENT_3D('',#14921,#11728,#11729);
#10362=AXIS2_PLACEMENT_3D('',#14932,#11735,#11736);
#10363=AXIS2_PLACEMENT_3D('',#14939,#11740,#11741);
#10364=AXIS2_PLACEMENT_3D('',#14950,#11747,#11748);
#10365=AXIS2_PLACEMENT_3D('',#15012,#11784,#11785);
#10366=AXIS2_PLACEMENT_3D('',#15039,#11800,#11801);
#10367=AXIS2_PLACEMENT_3D('',#15051,#11807,#11808);
#10368=AXIS2_PLACEMENT_3D('',#15053,#11810,#11811);
#10369=AXIS2_PLACEMENT_3D('',#15054,#11812,#11813);
#10370=AXIS2_PLACEMENT_3D('',#15055,#11814,#11815);
#10371=AXIS2_PLACEMENT_3D('',#15056,#11816,#11817);
#10372=AXIS2_PLACEMENT_3D('',#15057,#11818,#11819);
#10373=AXIS2_PLACEMENT_3D('',#15058,#11820,#11821);
#10374=AXIS2_PLACEMENT_3D('',#15059,#11822,#11823);
#10375=AXIS2_PLACEMENT_3D('',#15060,#11824,#11825);
#10376=AXIS2_PLACEMENT_3D('',#15061,#11826,#11827);
#10377=AXIS2_PLACEMENT_3D('',#15064,#11830,#11831);
#10378=AXIS2_PLACEMENT_3D('',#15065,#11832,#11833);
#10379=AXIS2_PLACEMENT_3D('',#15066,#11834,#11835);
#10380=AXIS2_PLACEMENT_3D('',#15067,#11836,#11837);
#10381=AXIS2_PLACEMENT_3D('',#15068,#11838,#11839);
#10382=AXIS2_PLACEMENT_3D('',#15069,#11840,#11841);
#10383=AXIS2_PLACEMENT_3D('',#15070,#11842,#11843);
#10384=AXIS2_PLACEMENT_3D('',#15071,#11844,#11845);
#10385=AXIS2_PLACEMENT_3D('',#15072,#11846,#11847);
#10386=AXIS2_PLACEMENT_3D('',#15075,#11850,#11851);
#10387=AXIS2_PLACEMENT_3D('',#15076,#11852,#11853);
#10388=AXIS2_PLACEMENT_3D('',#15077,#11854,#11855);
#10389=AXIS2_PLACEMENT_3D('',#15078,#11856,#11857);
#10390=AXIS2_PLACEMENT_3D('',#15079,#11858,#11859);
#10391=AXIS2_PLACEMENT_3D('',#15080,#11860,#11861);
#10392=AXIS2_PLACEMENT_3D('',#15081,#11862,#11863);
#10393=AXIS2_PLACEMENT_3D('',#15082,#11864,#11865);
#10394=AXIS2_PLACEMENT_3D('',#15083,#11866,#11867);
#10395=AXIS2_PLACEMENT_3D('',#15084,#11868,#11869);
#10396=AXIS2_PLACEMENT_3D('',#15085,#11870,#11871);
#10397=AXIS2_PLACEMENT_3D('',#15086,#11872,#11873);
#10398=AXIS2_PLACEMENT_3D('',#15087,#11874,#11875);
#10399=AXIS2_PLACEMENT_3D('',#15088,#11876,#11877);
#10400=AXIS2_PLACEMENT_3D('',#15089,#11878,#11879);
#10401=AXIS2_PLACEMENT_3D('',#15090,#11880,#11881);
#10402=AXIS2_PLACEMENT_3D('',#15091,#11882,#11883);
#10403=AXIS2_PLACEMENT_3D('',#15092,#11884,#11885);
#10404=AXIS2_PLACEMENT_3D('',#15093,#11886,#11887);
#10405=AXIS2_PLACEMENT_3D('',#15094,#11888,#11889);
#10406=AXIS2_PLACEMENT_3D('',#15095,#11890,#11891);
#10407=AXIS2_PLACEMENT_3D('',#15096,#11892,#11893);
#10408=AXIS2_PLACEMENT_3D('',#15097,#11894,#11895);
#10409=AXIS2_PLACEMENT_3D('',#15098,#11896,#11897);
#10410=AXIS2_PLACEMENT_3D('',#15099,#11898,#11899);
#10411=AXIS2_PLACEMENT_3D('',#15100,#11900,#11901);
#10412=AXIS2_PLACEMENT_3D('',#15101,#11902,#11903);
#10413=AXIS2_PLACEMENT_3D('',#15102,#11904,#11905);
#10414=AXIS2_PLACEMENT_3D('',#15103,#11906,#11907);
#10415=AXIS2_PLACEMENT_3D('',#15104,#11908,#11909);
#10416=AXIS2_PLACEMENT_3D('',#15105,#11910,#11911);
#10417=AXIS2_PLACEMENT_3D('',#15106,#11912,#11913);
#10418=AXIS2_PLACEMENT_3D('',#15107,#11914,#11915);
#10419=AXIS2_PLACEMENT_3D('',#15108,#11916,#11917);
#10420=AXIS2_PLACEMENT_3D('',#15109,#11918,#11919);
#10421=AXIS2_PLACEMENT_3D('',#15110,#11920,#11921);
#10422=AXIS2_PLACEMENT_3D('',#15111,#11922,#11923);
#10423=AXIS2_PLACEMENT_3D('',#15112,#11924,#11925);
#10424=AXIS2_PLACEMENT_3D('',#15113,#11926,#11927);
#10425=AXIS2_PLACEMENT_3D('',#15114,#11928,#11929);
#10426=AXIS2_PLACEMENT_3D('',#15115,#11930,#11931);
#10427=AXIS2_PLACEMENT_3D('',#15116,#11932,#11933);
#10428=AXIS2_PLACEMENT_3D('',#15117,#11934,#11935);
#10429=AXIS2_PLACEMENT_3D('',#15118,#11936,#11937);
#10430=AXIS2_PLACEMENT_3D('',#15119,#11938,#11939);
#10431=AXIS2_PLACEMENT_3D('',#15120,#11940,#11941);
#10432=AXIS2_PLACEMENT_3D('',#15121,#11942,#11943);
#10433=AXIS2_PLACEMENT_3D('',#15122,#11944,#11945);
#10434=AXIS2_PLACEMENT_3D('',#15123,#11946,#11947);
#10435=AXIS2_PLACEMENT_3D('',#15124,#11948,#11949);
#10436=AXIS2_PLACEMENT_3D('',#15125,#11950,#11951);
#10437=AXIS2_PLACEMENT_3D('',#15126,#11952,#11953);
#10438=AXIS2_PLACEMENT_3D('',#15129,#11956,#11957);
#10439=AXIS2_PLACEMENT_3D('',#15130,#11958,#11959);
#10440=AXIS2_PLACEMENT_3D('',#15131,#11960,#11961);
#10441=AXIS2_PLACEMENT_3D('',#15132,#11962,#11963);
#10442=AXIS2_PLACEMENT_3D('',#15133,#11964,#11965);
#10443=AXIS2_PLACEMENT_3D('',#15134,#11966,#11967);
#10444=AXIS2_PLACEMENT_3D('',#15135,#11968,#11969);
#10445=AXIS2_PLACEMENT_3D('',#15136,#11970,#11971);
#10446=AXIS2_PLACEMENT_3D('',#15137,#11972,#11973);
#10447=AXIS2_PLACEMENT_3D('',#15140,#11976,#11977);
#10448=AXIS2_PLACEMENT_3D('',#15141,#11978,#11979);
#10449=AXIS2_PLACEMENT_3D('',#15142,#11980,#11981);
#10450=AXIS2_PLACEMENT_3D('',#15143,#11982,#11983);
#10451=AXIS2_PLACEMENT_3D('',#15144,#11984,#11985);
#10452=AXIS2_PLACEMENT_3D('',#15145,#11986,#11987);
#10453=AXIS2_PLACEMENT_3D('',#15146,#11988,#11989);
#10454=AXIS2_PLACEMENT_3D('',#15147,#11990,#11991);
#10455=AXIS2_PLACEMENT_3D('',#15148,#11992,#11993);
#10456=AXIS2_PLACEMENT_3D('',#15150,#11995,#11996);
#10457=AXIS2_PLACEMENT_3D('',#15152,#11998,#11999);
#10458=AXIS2_PLACEMENT_3D('',#15153,#12000,#12001);
#10459=AXIS2_PLACEMENT_3D('',#15155,#12003,#12004);
#10460=AXIS2_PLACEMENT_3D('',#15157,#12006,#12007);
#10461=AXIS2_PLACEMENT_3D('',#15158,#12008,#12009);
#10462=AXIS2_PLACEMENT_3D('',#15160,#12011,#12012);
#10463=AXIS2_PLACEMENT_3D('',#15161,#12013,#12014);
#10464=AXIS2_PLACEMENT_3D('',#15162,#12015,#12016);
#10465=AXIS2_PLACEMENT_3D('',#15163,#12017,#12018);
#10466=AXIS2_PLACEMENT_3D('',#15164,#12019,#12020);
#10467=AXIS2_PLACEMENT_3D('',#15165,#12021,#12022);
#10468=AXIS2_PLACEMENT_3D('',#15167,#12024,#12025);
#10469=AXIS2_PLACEMENT_3D('',#15169,#12027,#12028);
#10470=AXIS2_PLACEMENT_3D('',#15171,#12030,#12031);
#10471=AXIS2_PLACEMENT_3D('',#15173,#12033,#12034);
#10472=AXIS2_PLACEMENT_3D('',#15175,#12036,#12037);
#10473=AXIS2_PLACEMENT_3D('',#15177,#12039,#12040);
#10474=AXIS2_PLACEMENT_3D('',#15178,#12041,#12042);
#10475=AXIS2_PLACEMENT_3D('',#15179,#12043,#12044);
#10476=AXIS2_PLACEMENT_3D('',#15181,#12045,#12046);
#10477=AXIS2_PLACEMENT_3D('',#15184,#12048,#12049);
#10478=AXIS2_PLACEMENT_3D('',#15185,#12050,#12051);
#10479=AXIS2_PLACEMENT_3D('',#15187,#12052,#12053);
#10480=AXIS2_PLACEMENT_3D('',#15190,#12055,#12056);
#10481=AXIS2_PLACEMENT_3D('',#15191,#12057,#12058);
#10482=AXIS2_PLACEMENT_3D('',#15193,#12059,#12060);
#10483=AXIS2_PLACEMENT_3D('',#15196,#12062,#12063);
#10484=AXIS2_PLACEMENT_3D('',#15197,#12064,#12065);
#10485=AXIS2_PLACEMENT_3D('',#15199,#12066,#12067);
#10486=AXIS2_PLACEMENT_3D('',#15202,#12069,#12070);
#10487=AXIS2_PLACEMENT_3D('',#15203,#12071,#12072);
#10488=AXIS2_PLACEMENT_3D('',#15207,#12074,#12075);
#10489=AXIS2_PLACEMENT_3D('',#15208,#12076,#12077);
#10490=AXIS2_PLACEMENT_3D('',#15213,#12079,#12080);
#10491=AXIS2_PLACEMENT_3D('',#15216,#12082,#12083);
#10492=AXIS2_PLACEMENT_3D('',#15217,#12084,#12085);
#10493=AXIS2_PLACEMENT_3D('',#15221,#12087,#12088);
#10494=AXIS2_PLACEMENT_3D('',#15223,#12090,#12091);
#10495=AXIS2_PLACEMENT_3D('',#15225,#12093,#12094);
#10496=AXIS2_PLACEMENT_3D('',#15235,#12100,#12101);
#10497=AXIS2_PLACEMENT_3D('',#15238,#12103,#12104);
#10498=AXIS2_PLACEMENT_3D('',#15240,#12105,#12106);
#10499=AXIS2_PLACEMENT_3D('',#15252,#12112,#12113);
#10500=AXIS2_PLACEMENT_3D('',#15264,#12119,#12120);
#10501=AXIS2_PLACEMENT_3D('',#15276,#12126,#12127);
#10502=AXIS2_PLACEMENT_3D('',#15288,#12133,#12134);
#10503=AXIS2_PLACEMENT_3D('',#15300,#12140,#12141);
#10504=AXIS2_PLACEMENT_3D('',#15312,#12147,#12148);
#10505=AXIS2_PLACEMENT_3D('',#15324,#12154,#12155);
#10506=AXIS2_PLACEMENT_3D('',#15336,#12161,#12162);
#10507=AXIS2_PLACEMENT_3D('',#15348,#12168,#12169);
#10508=AXIS2_PLACEMENT_3D('',#15360,#12175,#12176);
#10509=AXIS2_PLACEMENT_3D('',#15372,#12182,#12183);
#10510=AXIS2_PLACEMENT_3D('',#15384,#12189,#12190);
#10511=AXIS2_PLACEMENT_3D('',#15396,#12196,#12197);
#10512=AXIS2_PLACEMENT_3D('',#15408,#12203,#12204);
#10513=AXIS2_PLACEMENT_3D('',#15420,#12210,#12211);
#10514=AXIS2_PLACEMENT_3D('',#15432,#12217,#12218);
#10515=AXIS2_PLACEMENT_3D('',#15444,#12224,#12225);
#10516=AXIS2_PLACEMENT_3D('',#15456,#12231,#12232);
#10517=AXIS2_PLACEMENT_3D('',#15468,#12238,#12239);
#10518=AXIS2_PLACEMENT_3D('',#15480,#12245,#12246);
#10519=AXIS2_PLACEMENT_3D('',#15492,#12252,#12253);
#10520=AXIS2_PLACEMENT_3D('',#15504,#12259,#12260);
#10521=AXIS2_PLACEMENT_3D('',#15506,#12262,#12263);
#10522=AXIS2_PLACEMENT_3D('',#15507,#12264,#12265);
#10523=AXIS2_PLACEMENT_3D('',#15508,#12266,#12267);
#10524=AXIS2_PLACEMENT_3D('',#15509,#12268,#12269);
#10525=AXIS2_PLACEMENT_3D('',#15510,#12270,#12271);
#10526=AXIS2_PLACEMENT_3D('',#15511,#12272,#12273);
#10527=AXIS2_PLACEMENT_3D('',#15512,#12274,#12275);
#10528=AXIS2_PLACEMENT_3D('',#15513,#12276,#12277);
#10529=AXIS2_PLACEMENT_3D('',#15514,#12278,#12279);
#10530=AXIS2_PLACEMENT_3D('',#15520,#12283,#12284);
#10531=AXIS2_PLACEMENT_3D('',#15521,#12285,#12286);
#10532=AXIS2_PLACEMENT_3D('',#15522,#12287,#12288);
#10533=AXIS2_PLACEMENT_3D('',#15523,#12289,#12290);
#10534=AXIS2_PLACEMENT_3D('',#15524,#12291,#12292);
#10535=AXIS2_PLACEMENT_3D('',#15525,#12293,#12294);
#10536=AXIS2_PLACEMENT_3D('',#15526,#12295,#12296);
#10537=AXIS2_PLACEMENT_3D('',#15527,#12297,#12298);
#10538=AXIS2_PLACEMENT_3D('',#15528,#12299,#12300);
#10539=AXIS2_PLACEMENT_3D('',#15534,#12304,#12305);
#10540=AXIS2_PLACEMENT_3D('',#15535,#12306,#12307);
#10541=AXIS2_PLACEMENT_3D('',#15536,#12308,#12309);
#10542=AXIS2_PLACEMENT_3D('',#15537,#12310,#12311);
#10543=AXIS2_PLACEMENT_3D('',#15538,#12312,#12313);
#10544=AXIS2_PLACEMENT_3D('',#15539,#12314,#12315);
#10545=AXIS2_PLACEMENT_3D('',#15540,#12316,#12317);
#10546=AXIS2_PLACEMENT_3D('',#15541,#12318,#12319);
#10547=AXIS2_PLACEMENT_3D('',#15542,#12320,#12321);
#10548=AXIS2_PLACEMENT_3D('',#15548,#12325,#12326);
#10549=AXIS2_PLACEMENT_3D('',#15549,#12327,#12328);
#10550=AXIS2_PLACEMENT_3D('',#15550,#12329,#12330);
#10551=AXIS2_PLACEMENT_3D('',#15551,#12331,#12332);
#10552=AXIS2_PLACEMENT_3D('',#15552,#12333,#12334);
#10553=AXIS2_PLACEMENT_3D('',#15553,#12335,#12336);
#10554=AXIS2_PLACEMENT_3D('',#15554,#12337,#12338);
#10555=AXIS2_PLACEMENT_3D('',#15555,#12339,#12340);
#10556=AXIS2_PLACEMENT_3D('',#15556,#12341,#12342);
#10557=AXIS2_PLACEMENT_3D('',#15562,#12346,#12347);
#10558=AXIS2_PLACEMENT_3D('',#15563,#12348,#12349);
#10559=AXIS2_PLACEMENT_3D('',#15564,#12350,#12351);
#10560=AXIS2_PLACEMENT_3D('',#15565,#12352,#12353);
#10561=AXIS2_PLACEMENT_3D('',#15566,#12354,#12355);
#10562=AXIS2_PLACEMENT_3D('',#15567,#12356,#12357);
#10563=AXIS2_PLACEMENT_3D('',#15568,#12358,#12359);
#10564=AXIS2_PLACEMENT_3D('',#15569,#12360,#12361);
#10565=AXIS2_PLACEMENT_3D('',#15570,#12362,#12363);
#10566=AXIS2_PLACEMENT_3D('',#15576,#12367,#12368);
#10567=AXIS2_PLACEMENT_3D('',#15577,#12369,#12370);
#10568=AXIS2_PLACEMENT_3D('',#15578,#12371,#12372);
#10569=AXIS2_PLACEMENT_3D('',#15579,#12373,#12374);
#10570=AXIS2_PLACEMENT_3D('',#15580,#12375,#12376);
#10571=AXIS2_PLACEMENT_3D('',#15581,#12377,#12378);
#10572=AXIS2_PLACEMENT_3D('',#15582,#12379,#12380);
#10573=AXIS2_PLACEMENT_3D('',#15583,#12381,#12382);
#10574=AXIS2_PLACEMENT_3D('',#15584,#12383,#12384);
#10575=AXIS2_PLACEMENT_3D('',#15590,#12388,#12389);
#10576=AXIS2_PLACEMENT_3D('',#15591,#12390,#12391);
#10577=AXIS2_PLACEMENT_3D('',#15592,#12392,#12393);
#10578=AXIS2_PLACEMENT_3D('',#15593,#12394,#12395);
#10579=AXIS2_PLACEMENT_3D('',#15594,#12396,#12397);
#10580=AXIS2_PLACEMENT_3D('',#15595,#12398,#12399);
#10581=AXIS2_PLACEMENT_3D('',#15596,#12400,#12401);
#10582=AXIS2_PLACEMENT_3D('',#15597,#12402,#12403);
#10583=AXIS2_PLACEMENT_3D('',#15598,#12404,#12405);
#10584=AXIS2_PLACEMENT_3D('',#15604,#12409,#12410);
#10585=AXIS2_PLACEMENT_3D('',#15605,#12411,#12412);
#10586=AXIS2_PLACEMENT_3D('',#15606,#12413,#12414);
#10587=AXIS2_PLACEMENT_3D('',#15607,#12415,#12416);
#10588=AXIS2_PLACEMENT_3D('',#15608,#12417,#12418);
#10589=AXIS2_PLACEMENT_3D('',#15609,#12419,#12420);
#10590=AXIS2_PLACEMENT_3D('',#15610,#12421,#12422);
#10591=AXIS2_PLACEMENT_3D('',#15611,#12423,#12424);
#10592=AXIS2_PLACEMENT_3D('',#15612,#12425,#12426);
#10593=AXIS2_PLACEMENT_3D('',#15618,#12430,#12431);
#10594=AXIS2_PLACEMENT_3D('',#15619,#12432,#12433);
#10595=AXIS2_PLACEMENT_3D('',#15620,#12434,#12435);
#10596=AXIS2_PLACEMENT_3D('',#15621,#12436,#12437);
#10597=AXIS2_PLACEMENT_3D('',#15622,#12438,#12439);
#10598=AXIS2_PLACEMENT_3D('',#15623,#12440,#12441);
#10599=AXIS2_PLACEMENT_3D('',#15624,#12442,#12443);
#10600=AXIS2_PLACEMENT_3D('',#15625,#12444,#12445);
#10601=AXIS2_PLACEMENT_3D('',#15626,#12446,#12447);
#10602=AXIS2_PLACEMENT_3D('',#15632,#12451,#12452);
#10603=AXIS2_PLACEMENT_3D('',#15633,#12453,#12454);
#10604=AXIS2_PLACEMENT_3D('',#15634,#12455,#12456);
#10605=AXIS2_PLACEMENT_3D('',#15635,#12457,#12458);
#10606=AXIS2_PLACEMENT_3D('',#15636,#12459,#12460);
#10607=AXIS2_PLACEMENT_3D('',#15637,#12461,#12462);
#10608=AXIS2_PLACEMENT_3D('',#15638,#12463,#12464);
#10609=AXIS2_PLACEMENT_3D('',#15639,#12465,#12466);
#10610=AXIS2_PLACEMENT_3D('',#15640,#12467,#12468);
#10611=AXIS2_PLACEMENT_3D('',#15646,#12472,#12473);
#10612=AXIS2_PLACEMENT_3D('',#15647,#12474,#12475);
#10613=AXIS2_PLACEMENT_3D('',#15648,#12476,#12477);
#10614=AXIS2_PLACEMENT_3D('',#15649,#12478,#12479);
#10615=AXIS2_PLACEMENT_3D('',#15650,#12480,#12481);
#10616=AXIS2_PLACEMENT_3D('',#15651,#12482,#12483);
#10617=AXIS2_PLACEMENT_3D('',#15652,#12484,#12485);
#10618=AXIS2_PLACEMENT_3D('',#15653,#12486,#12487);
#10619=AXIS2_PLACEMENT_3D('',#15654,#12488,#12489);
#10620=AXIS2_PLACEMENT_3D('',#15660,#12493,#12494);
#10621=AXIS2_PLACEMENT_3D('',#15661,#12495,#12496);
#10622=AXIS2_PLACEMENT_3D('',#15662,#12497,#12498);
#10623=AXIS2_PLACEMENT_3D('',#15664,#12499,#12500);
#10624=AXIS2_PLACEMENT_3D('',#15666,#12502,#12503);
#10625=AXIS2_PLACEMENT_3D('',#15670,#12506,#12507);
#10626=AXIS2_PLACEMENT_3D('',#15671,#12508,#12509);
#10627=AXIS2_PLACEMENT_3D('',#15672,#12510,#12511);
#10628=AXIS2_PLACEMENT_3D('',#15674,#12512,#12513);
#10629=AXIS2_PLACEMENT_3D('',#15676,#12515,#12516);
#10630=AXIS2_PLACEMENT_3D('',#15680,#12519,#12520);
#10631=AXIS2_PLACEMENT_3D('',#15681,#12521,#12522);
#10632=AXIS2_PLACEMENT_3D('',#15682,#12523,#12524);
#10633=AXIS2_PLACEMENT_3D('',#15684,#12525,#12526);
#10634=AXIS2_PLACEMENT_3D('',#15686,#12528,#12529);
#10635=AXIS2_PLACEMENT_3D('',#15690,#12532,#12533);
#10636=AXIS2_PLACEMENT_3D('',#15691,#12534,#12535);
#10637=AXIS2_PLACEMENT_3D('',#15692,#12536,#12537);
#10638=AXIS2_PLACEMENT_3D('',#15694,#12538,#12539);
#10639=AXIS2_PLACEMENT_3D('',#15696,#12541,#12542);
#10640=AXIS2_PLACEMENT_3D('',#15700,#12545,#12546);
#10641=AXIS2_PLACEMENT_3D('',#15701,#12547,#12548);
#10642=AXIS2_PLACEMENT_3D('',#15702,#12549,#12550);
#10643=AXIS2_PLACEMENT_3D('',#15704,#12551,#12552);
#10644=AXIS2_PLACEMENT_3D('',#15706,#12554,#12555);
#10645=AXIS2_PLACEMENT_3D('',#15710,#12558,#12559);
#10646=AXIS2_PLACEMENT_3D('',#15711,#12560,#12561);
#10647=AXIS2_PLACEMENT_3D('',#15712,#12562,#12563);
#10648=AXIS2_PLACEMENT_3D('',#15714,#12564,#12565);
#10649=AXIS2_PLACEMENT_3D('',#15716,#12567,#12568);
#10650=AXIS2_PLACEMENT_3D('',#15720,#12571,#12572);
#10651=AXIS2_PLACEMENT_3D('',#15721,#12573,#12574);
#10652=AXIS2_PLACEMENT_3D('',#15722,#12575,#12576);
#10653=AXIS2_PLACEMENT_3D('',#15724,#12577,#12578);
#10654=AXIS2_PLACEMENT_3D('',#15726,#12580,#12581);
#10655=AXIS2_PLACEMENT_3D('',#15730,#12584,#12585);
#10656=AXIS2_PLACEMENT_3D('',#15731,#12586,#12587);
#10657=AXIS2_PLACEMENT_3D('',#15732,#12588,#12589);
#10658=AXIS2_PLACEMENT_3D('',#15734,#12590,#12591);
#10659=AXIS2_PLACEMENT_3D('',#15736,#12593,#12594);
#10660=AXIS2_PLACEMENT_3D('',#15740,#12597,#12598);
#10661=AXIS2_PLACEMENT_3D('',#15741,#12599,#12600);
#10662=AXIS2_PLACEMENT_3D('',#15742,#12601,#12602);
#10663=AXIS2_PLACEMENT_3D('',#15744,#12603,#12604);
#10664=AXIS2_PLACEMENT_3D('',#15746,#12606,#12607);
#10665=AXIS2_PLACEMENT_3D('',#15750,#12610,#12611);
#10666=AXIS2_PLACEMENT_3D('',#15751,#12612,#12613);
#10667=AXIS2_PLACEMENT_3D('',#15752,#12614,#12615);
#10668=AXIS2_PLACEMENT_3D('',#15754,#12616,#12617);
#10669=AXIS2_PLACEMENT_3D('',#15756,#12619,#12620);
#10670=AXIS2_PLACEMENT_3D('',#15760,#12623,#12624);
#10671=AXIS2_PLACEMENT_3D('',#15761,#12625,#12626);
#10672=AXIS2_PLACEMENT_3D('',#15762,#12627,#12628);
#10673=AXIS2_PLACEMENT_3D('',#15764,#12629,#12630);
#10674=AXIS2_PLACEMENT_3D('',#15766,#12632,#12633);
#10675=AXIS2_PLACEMENT_3D('',#15770,#12636,#12637);
#10676=AXIS2_PLACEMENT_3D('',#15772,#12638,#12639);
#10677=AXIS2_PLACEMENT_3D('',#15774,#12641,#12642);
#10678=AXIS2_PLACEMENT_3D('',#15778,#12645,#12646);
#10679=AXIS2_PLACEMENT_3D('',#15779,#12647,#12648);
#10680=AXIS2_PLACEMENT_3D('',#15780,#12649,#12650);
#10681=AXIS2_PLACEMENT_3D('',#15781,#12651,#12652);
#10682=AXIS2_PLACEMENT_3D('',#15782,#12653,#12654);
#10683=AXIS2_PLACEMENT_3D('',#15783,#12655,#12656);
#10684=AXIS2_PLACEMENT_3D('',#15785,#12657,#12658);
#10685=AXIS2_PLACEMENT_3D('',#15788,#12660,#12661);
#10686=AXIS2_PLACEMENT_3D('',#15789,#12662,#12663);
#10687=AXIS2_PLACEMENT_3D('',#15791,#12664,#12665);
#10688=AXIS2_PLACEMENT_3D('',#15794,#12667,#12668);
#10689=AXIS2_PLACEMENT_3D('',#15795,#12669,#12670);
#10690=AXIS2_PLACEMENT_3D('',#15796,#12671,#12672);
#10691=AXIS2_PLACEMENT_3D('',#15797,#12673,#12674);
#10692=AXIS2_PLACEMENT_3D('',#15800,#12675,#12676);
#10693=AXIS2_PLACEMENT_3D('',#15804,#12678,#12679);
#10694=AXIS2_PLACEMENT_3D('',#15806,#12681,#12682);
#10695=AXIS2_PLACEMENT_3D('',#15812,#12686,#12687);
#10696=AXIS2_PLACEMENT_3D('',#15818,#12691,#12692);
#10697=AXIS2_PLACEMENT_3D('',#15819,#12693,#12694);
#10698=AXIS2_PLACEMENT_3D('',#15820,#12695,#12696);
#10699=AXIS2_PLACEMENT_3D('',#15821,#12697,#12698);
#10700=AXIS2_PLACEMENT_3D('',#15822,#12699,#12700);
#10701=AXIS2_PLACEMENT_3D('',#15824,#12701,#12702);
#10702=AXIS2_PLACEMENT_3D('',#15828,#12704,#12705);
#10703=AXIS2_PLACEMENT_3D('',#15830,#12706,#12707);
#10704=AXIS2_PLACEMENT_3D('',#15832,#12708,#12709);
#10705=AXIS2_PLACEMENT_3D('',#15834,#12710,#12711);
#10706=AXIS2_PLACEMENT_3D('',#15836,#12712,#12713);
#10707=AXIS2_PLACEMENT_3D('',#15838,#12714,#12715);
#10708=AXIS2_PLACEMENT_3D('',#15840,#12716,#12717);
#10709=AXIS2_PLACEMENT_3D('',#15842,#12718,#12719);
#10710=AXIS2_PLACEMENT_3D('',#15843,#12720,#12721);
#10711=AXIS2_PLACEMENT_3D('',#15845,#12722,#12723);
#10712=AXIS2_PLACEMENT_3D('',#15847,#12724,#12725);
#10713=AXIS2_PLACEMENT_3D('',#15848,#12726,#12727);
#10714=AXIS2_PLACEMENT_3D('',#15849,#12728,#12729);
#10715=AXIS2_PLACEMENT_3D('',#15852,#12730,#12731);
#10716=AXIS2_PLACEMENT_3D('',#15854,#12732,#12733);
#10717=AXIS2_PLACEMENT_3D('',#15856,#12734,#12735);
#10718=AXIS2_PLACEMENT_3D('',#15858,#12736,#12737);
#10719=AXIS2_PLACEMENT_3D('',#15860,#12738,#12739);
#10720=AXIS2_PLACEMENT_3D('',#15862,#12740,#12741);
#10721=AXIS2_PLACEMENT_3D('',#15864,#12742,#12743);
#10722=AXIS2_PLACEMENT_3D('',#15866,#12744,#12745);
#10723=AXIS2_PLACEMENT_3D('',#15868,#12746,#12747);
#10724=AXIS2_PLACEMENT_3D('',#15870,#12748,#12749);
#10725=AXIS2_PLACEMENT_3D('',#15872,#12750,#12751);
#10726=AXIS2_PLACEMENT_3D('',#15874,#12752,#12753);
#10727=AXIS2_PLACEMENT_3D('',#15876,#12754,#12755);
#10728=AXIS2_PLACEMENT_3D('',#15878,#12756,#12757);
#10729=AXIS2_PLACEMENT_3D('',#15880,#12758,#12759);
#10730=AXIS2_PLACEMENT_3D('',#15882,#12760,#12761);
#10731=AXIS2_PLACEMENT_3D('',#15884,#12762,#12763);
#10732=AXIS2_PLACEMENT_3D('',#15886,#12764,#12765);
#10733=AXIS2_PLACEMENT_3D('',#15888,#12766,#12767);
#10734=AXIS2_PLACEMENT_3D('',#15890,#12768,#12769);
#10735=AXIS2_PLACEMENT_3D('',#15892,#12770,#12771);
#10736=AXIS2_PLACEMENT_3D('',#15894,#12772,#12773);
#10737=AXIS2_PLACEMENT_3D('',#15896,#12774,#12775);
#10738=AXIS2_PLACEMENT_3D('',#15897,#12776,#12777);
#10739=AXIS2_PLACEMENT_3D('',#15898,#12778,#12779);
#10740=AXIS2_PLACEMENT_3D('',#15901,#12780,#12781);
#10741=AXIS2_PLACEMENT_3D('',#15905,#12783,#12784);
#10742=AXIS2_PLACEMENT_3D('',#15907,#12786,#12787);
#10743=AXIS2_PLACEMENT_3D('',#15912,#12791,#12792);
#10744=AXIS2_PLACEMENT_3D('',#15915,#12794,#12795);
#10745=AXIS2_PLACEMENT_3D('',#15916,#12796,#12797);
#10746=AXIS2_PLACEMENT_3D('',#15919,#12800,#12801);
#10747=AXIS2_PLACEMENT_3D('',#15920,#12802,#12803);
#10748=AXIS2_PLACEMENT_3D('',#15923,#12804,#12805);
#10749=AXIS2_PLACEMENT_3D('',#15927,#12807,#12808);
#10750=AXIS2_PLACEMENT_3D('',#15929,#12810,#12811);
#10751=AXIS2_PLACEMENT_3D('',#15934,#12815,#12816);
#10752=AXIS2_PLACEMENT_3D('',#15939,#12820,#12821);
#10753=AXIS2_PLACEMENT_3D('',#15940,#12822,#12823);
#10754=AXIS2_PLACEMENT_3D('',#15941,#12824,#12825);
#10755=AXIS2_PLACEMENT_3D('',#15942,#12826,#12827);
#10756=AXIS2_PLACEMENT_3D('',#15950,#12832,#12833);
#10757=AXIS2_PLACEMENT_3D('',#15953,#12835,#12836);
#10758=AXIS2_PLACEMENT_3D('',#15954,#12837,#12838);
#10759=AXIS2_PLACEMENT_3D('',#15960,#12842,#12843);
#10760=AXIS2_PLACEMENT_3D('',#15961,#12844,#12845);
#10761=AXIS2_PLACEMENT_3D('',#15962,#12846,#12847);
#10762=AXIS2_PLACEMENT_3D('',#15963,#12848,#12849);
#10763=AXIS2_PLACEMENT_3D('',#15964,#12850,#12851);
#10764=AXIS2_PLACEMENT_3D('',#15975,#12856,#12857);
#10765=AXIS2_PLACEMENT_3D('',#15987,#12863,#12864);
#10766=AXIS2_PLACEMENT_3D('',#15999,#12870,#12871);
#10767=AXIS2_PLACEMENT_3D('',#16011,#12877,#12878);
#10768=AXIS2_PLACEMENT_3D('',#16023,#12884,#12885);
#10769=AXIS2_PLACEMENT_3D('',#16035,#12891,#12892);
#10770=AXIS2_PLACEMENT_3D('',#16047,#12898,#12899);
#10771=AXIS2_PLACEMENT_3D('',#16059,#12905,#12906);
#10772=AXIS2_PLACEMENT_3D('',#16071,#12912,#12913);
#10773=AXIS2_PLACEMENT_3D('',#16083,#12919,#12920);
#10774=AXIS2_PLACEMENT_3D('',#16095,#12926,#12927);
#10775=AXIS2_PLACEMENT_3D('',#16107,#12933,#12934);
#10776=AXIS2_PLACEMENT_3D('',#16119,#12940,#12941);
#10777=AXIS2_PLACEMENT_3D('',#16131,#12947,#12948);
#10778=AXIS2_PLACEMENT_3D('',#16143,#12954,#12955);
#10779=AXIS2_PLACEMENT_3D('',#16155,#12961,#12962);
#10780=AXIS2_PLACEMENT_3D('',#16167,#12968,#12969);
#10781=AXIS2_PLACEMENT_3D('',#16179,#12975,#12976);
#10782=AXIS2_PLACEMENT_3D('',#16191,#12982,#12983);
#10783=AXIS2_PLACEMENT_3D('',#16203,#12989,#12990);
#10784=AXIS2_PLACEMENT_3D('',#16215,#12996,#12997);
#10785=AXIS2_PLACEMENT_3D('',#16227,#13003,#13004);
#10786=AXIS2_PLACEMENT_3D('',#16239,#13010,#13011);
#10787=AXIS2_PLACEMENT_3D('',#16251,#13017,#13018);
#10788=AXIS2_PLACEMENT_3D('',#16256,#13021,#13022);
#10789=AXIS2_PLACEMENT_3D('',#16261,#13025,#13026);
#10790=AXIS2_PLACEMENT_3D('',#16263,#13028,#13029);
#10791=AXIS2_PLACEMENT_3D('',#16269,#13033,#13034);
#10792=AXIS2_PLACEMENT_3D('',#16272,#13036,#13037);
#10793=AXIS2_PLACEMENT_3D('',#16273,#13038,#13039);
#10794=AXIS2_PLACEMENT_3D('',#16275,#13040,#13041);
#10795=AXIS2_PLACEMENT_3D('',#16277,#13043,#13044);
#10796=AXIS2_PLACEMENT_3D('',#16279,#13046,#13047);
#10797=AXIS2_PLACEMENT_3D('',#16280,#13048,#13049);
#10798=AXIS2_PLACEMENT_3D('',#16284,#13051,#13052);
#10799=AXIS2_PLACEMENT_3D('',#16286,#13054,#13055);
#10800=AXIS2_PLACEMENT_3D('',#16290,#13058,#13059);
#10801=AXIS2_PLACEMENT_3D('',#16293,#13061,#13062);
#10802=AXIS2_PLACEMENT_3D('',#16294,#13063,#13064);
#10803=AXIS2_PLACEMENT_3D('',#16296,#13066,#13067);
#10804=AXIS2_PLACEMENT_3D('',#16297,#13068,#13069);
#10805=AXIS2_PLACEMENT_3D('',#16302,#13072,#13073);
#10806=AXIS2_PLACEMENT_3D('',#16303,#13074,#13075);
#10807=AXIS2_PLACEMENT_3D('',#16308,#13078,#13079);
#10808=AXIS2_PLACEMENT_3D('',#16309,#13080,#13081);
#10809=AXIS2_PLACEMENT_3D('',#16313,#13083,#13084);
#10810=AXIS2_PLACEMENT_3D('',#16315,#13086,#13087);
#10811=AXIS2_PLACEMENT_3D('',#16320,#13090,#13091);
#10812=AXIS2_PLACEMENT_3D('',#16321,#13092,#13093);
#10813=AXIS2_PLACEMENT_3D('',#16325,#13095,#13096);
#10814=AXIS2_PLACEMENT_3D('',#16327,#13098,#13099);
#10815=AXIS2_PLACEMENT_3D('',#16332,#13102,#13103);
#10816=AXIS2_PLACEMENT_3D('',#16333,#13104,#13105);
#10817=AXIS2_PLACEMENT_3D('',#16337,#13107,#13108);
#10818=AXIS2_PLACEMENT_3D('',#16339,#13110,#13111);
#10819=AXIS2_PLACEMENT_3D('',#16344,#13114,#13115);
#10820=AXIS2_PLACEMENT_3D('',#16345,#13116,#13117);
#10821=AXIS2_PLACEMENT_3D('',#16349,#13119,#13120);
#10822=AXIS2_PLACEMENT_3D('',#16351,#13122,#13123);
#10823=AXIS2_PLACEMENT_3D('',#16356,#13126,#13127);
#10824=AXIS2_PLACEMENT_3D('',#16357,#13128,#13129);
#10825=AXIS2_PLACEMENT_3D('',#16361,#13131,#13132);
#10826=AXIS2_PLACEMENT_3D('',#16363,#13134,#13135);
#10827=AXIS2_PLACEMENT_3D('',#16367,#13137,#13138);
#10828=AXIS2_PLACEMENT_3D('',#16369,#13140,#13141);
#10829=AXIS2_PLACEMENT_3D('',#16371,#13142,#13143);
#10830=AXIS2_PLACEMENT_3D('',#16375,#13146,#13147);
#10831=AXIS2_PLACEMENT_3D('',#16376,#13148,#13149);
#10832=AXIS2_PLACEMENT_3D('',#16378,#13150,#13151);
#10833=AXIS2_PLACEMENT_3D('',#16382,#13154,#13155);
#10834=AXIS2_PLACEMENT_3D('',#16383,#13156,#13157);
#10835=AXIS2_PLACEMENT_3D('',#16385,#13158,#13159);
#10836=AXIS2_PLACEMENT_3D('',#16389,#13162,#13163);
#10837=AXIS2_PLACEMENT_3D('',#16390,#13164,#13165);
#10838=AXIS2_PLACEMENT_3D('',#16392,#13166,#13167);
#10839=AXIS2_PLACEMENT_3D('',#16396,#13170,#13171);
#10840=AXIS2_PLACEMENT_3D('',#16397,#13172,#13173);
#10841=AXIS2_PLACEMENT_3D('',#16399,#13174,#13175);
#10842=AXIS2_PLACEMENT_3D('',#16403,#13178,#13179);
#10843=AXIS2_PLACEMENT_3D('',#16404,#13180,#13181);
#10844=AXIS2_PLACEMENT_3D('',#16406,#13182,#13183);
#10845=AXIS2_PLACEMENT_3D('',#16410,#13186,#13187);
#10846=AXIS2_PLACEMENT_3D('',#16411,#13188,#13189);
#10847=AXIS2_PLACEMENT_3D('',#16413,#13190,#13191);
#10848=AXIS2_PLACEMENT_3D('',#16417,#13193,#13194);
#10849=AXIS2_PLACEMENT_3D('',#16419,#13196,#13197);
#10850=AXIS2_PLACEMENT_3D('',#16423,#13199,#13200);
#10851=AXIS2_PLACEMENT_3D('',#16425,#13202,#13203);
#10852=AXIS2_PLACEMENT_3D('',#16427,#13204,#13205);
#10853=AXIS2_PLACEMENT_3D('',#16431,#13207,#13208);
#10854=AXIS2_PLACEMENT_3D('',#16434,#13210,#13211);
#10855=AXIS2_PLACEMENT_3D('',#16435,#13212,#13213);
#10856=AXIS2_PLACEMENT_3D('',#16439,#13215,#13216);
#10857=AXIS2_PLACEMENT_3D('',#16441,#13218,#13219);
#10858=AXIS2_PLACEMENT_3D('',#16443,#13220,#13221);
#10859=AXIS2_PLACEMENT_3D('',#16447,#13223,#13224);
#10860=AXIS2_PLACEMENT_3D('',#16450,#13226,#13227);
#10861=AXIS2_PLACEMENT_3D('',#16451,#13228,#13229);
#10862=AXIS2_PLACEMENT_3D('',#16455,#13231,#13232);
#10863=AXIS2_PLACEMENT_3D('',#16457,#13234,#13235);
#10864=AXIS2_PLACEMENT_3D('',#16459,#13236,#13237);
#10865=AXIS2_PLACEMENT_3D('',#16463,#13239,#13240);
#10866=AXIS2_PLACEMENT_3D('',#16466,#13242,#13243);
#10867=AXIS2_PLACEMENT_3D('',#16467,#13244,#13245);
#10868=AXIS2_PLACEMENT_3D('',#16471,#13247,#13248);
#10869=AXIS2_PLACEMENT_3D('',#16473,#13250,#13251);
#10870=AXIS2_PLACEMENT_3D('',#16475,#13252,#13253);
#10871=AXIS2_PLACEMENT_3D('',#16479,#13255,#13256);
#10872=AXIS2_PLACEMENT_3D('',#16482,#13258,#13259);
#10873=AXIS2_PLACEMENT_3D('',#16483,#13260,#13261);
#10874=AXIS2_PLACEMENT_3D('',#16487,#13263,#13264);
#10875=AXIS2_PLACEMENT_3D('',#16489,#13266,#13267);
#10876=AXIS2_PLACEMENT_3D('',#16491,#13268,#13269);
#10877=AXIS2_PLACEMENT_3D('',#16495,#13271,#13272);
#10878=AXIS2_PLACEMENT_3D('',#16498,#13274,#13275);
#10879=AXIS2_PLACEMENT_3D('',#16499,#13276,#13277);
#10880=AXIS2_PLACEMENT_3D('',#16500,#13278,#13279);
#10881=AXIS2_PLACEMENT_3D('',#16501,#13280,#13281);
#10882=AXIS2_PLACEMENT_3D('',#16502,#13282,#13283);
#10883=AXIS2_PLACEMENT_3D('',#16503,#13284,#13285);
#10884=AXIS2_PLACEMENT_3D('',#16504,#13286,#13287);
#10885=AXIS2_PLACEMENT_3D('',#16505,#13288,#13289);
#10886=AXIS2_PLACEMENT_3D('',#16506,#13290,#13291);
#10887=AXIS2_PLACEMENT_3D('',#16507,#13292,#13293);
#10888=AXIS2_PLACEMENT_3D('',#16509,#13295,#13296);
#10889=AXIS2_PLACEMENT_3D('',#16510,#13297,#13298);
#10890=AXIS2_PLACEMENT_3D('',#16511,#13299,#13300);
#10891=AXIS2_PLACEMENT_3D('',#16512,#13301,#13302);
#10892=AXIS2_PLACEMENT_3D('',#16513,#13303,#13304);
#10893=AXIS2_PLACEMENT_3D('',#16514,#13305,#13306);
#10894=AXIS2_PLACEMENT_3D('',#16515,#13307,#13308);
#10895=AXIS2_PLACEMENT_3D('',#16516,#13309,#13310);
#10896=AXIS2_PLACEMENT_3D('',#16517,#13311,#13312);
#10897=AXIS2_PLACEMENT_3D('',#16519,#13314,#13315);
#10898=AXIS2_PLACEMENT_3D('',#16520,#13316,#13317);
#10899=AXIS2_PLACEMENT_3D('',#16521,#13318,#13319);
#10900=AXIS2_PLACEMENT_3D('',#16522,#13320,#13321);
#10901=AXIS2_PLACEMENT_3D('',#16523,#13322,#13323);
#10902=AXIS2_PLACEMENT_3D('',#16524,#13324,#13325);
#10903=AXIS2_PLACEMENT_3D('',#16525,#13326,#13327);
#10904=AXIS2_PLACEMENT_3D('',#16526,#13328,#13329);
#10905=AXIS2_PLACEMENT_3D('',#16527,#13330,#13331);
#10906=AXIS2_PLACEMENT_3D('',#16529,#13333,#13334);
#10907=AXIS2_PLACEMENT_3D('',#16530,#13335,#13336);
#10908=AXIS2_PLACEMENT_3D('',#16531,#13337,#13338);
#10909=AXIS2_PLACEMENT_3D('',#16532,#13339,#13340);
#10910=AXIS2_PLACEMENT_3D('',#16533,#13341,#13342);
#10911=AXIS2_PLACEMENT_3D('',#16534,#13343,#13344);
#10912=AXIS2_PLACEMENT_3D('',#16535,#13345,#13346);
#10913=AXIS2_PLACEMENT_3D('',#16536,#13347,#13348);
#10914=AXIS2_PLACEMENT_3D('',#16537,#13349,#13350);
#10915=AXIS2_PLACEMENT_3D('',#16540,#13353,#13354);
#10916=AXIS2_PLACEMENT_3D('',#16541,#13355,#13356);
#10917=AXIS2_PLACEMENT_3D('',#16542,#13357,#13358);
#10918=AXIS2_PLACEMENT_3D('',#16543,#13359,#13360);
#10919=AXIS2_PLACEMENT_3D('',#16544,#13361,#13362);
#10920=AXIS2_PLACEMENT_3D('',#16545,#13363,#13364);
#10921=AXIS2_PLACEMENT_3D('',#16546,#13365,#13366);
#10922=AXIS2_PLACEMENT_3D('',#16547,#13367,#13368);
#10923=AXIS2_PLACEMENT_3D('',#16548,#13369,#13370);
#10924=AXIS2_PLACEMENT_3D('',#16550,#13372,#13373);
#10925=AXIS2_PLACEMENT_3D('',#16551,#13374,#13375);
#10926=AXIS2_PLACEMENT_3D('',#16552,#13376,#13377);
#10927=AXIS2_PLACEMENT_3D('',#16553,#13378,#13379);
#10928=AXIS2_PLACEMENT_3D('',#16554,#13380,#13381);
#10929=AXIS2_PLACEMENT_3D('',#16555,#13382,#13383);
#10930=AXIS2_PLACEMENT_3D('',#16556,#13384,#13385);
#10931=AXIS2_PLACEMENT_3D('',#16557,#13386,#13387);
#10932=AXIS2_PLACEMENT_3D('',#16558,#13388,#13389);
#10933=AXIS2_PLACEMENT_3D('',#16564,#13393,#13394);
#10934=AXIS2_PLACEMENT_3D('',#16565,#13395,#13396);
#10935=AXIS2_PLACEMENT_3D('',#16566,#13397,#13398);
#10936=AXIS2_PLACEMENT_3D('',#16567,#13399,#13400);
#10937=AXIS2_PLACEMENT_3D('',#16568,#13401,#13402);
#10938=AXIS2_PLACEMENT_3D('',#16569,#13403,#13404);
#10939=AXIS2_PLACEMENT_3D('',#16570,#13405,#13406);
#10940=AXIS2_PLACEMENT_3D('',#16571,#13407,#13408);
#10941=AXIS2_PLACEMENT_3D('',#16572,#13409,#13410);
#10942=AXIS2_PLACEMENT_3D('',#16574,#13412,#13413);
#10943=AXIS2_PLACEMENT_3D('',#16575,#13414,#13415);
#10944=AXIS2_PLACEMENT_3D('',#16576,#13416,#13417);
#10945=AXIS2_PLACEMENT_3D('',#16577,#13418,#13419);
#10946=AXIS2_PLACEMENT_3D('',#16578,#13420,#13421);
#10947=AXIS2_PLACEMENT_3D('',#16579,#13422,#13423);
#10948=AXIS2_PLACEMENT_3D('',#16580,#13424,#13425);
#10949=AXIS2_PLACEMENT_3D('',#16581,#13426,#13427);
#10950=AXIS2_PLACEMENT_3D('',#16582,#13428,#13429);
#10951=AXIS2_PLACEMENT_3D('',#16585,#13432,#13433);
#10952=AXIS2_PLACEMENT_3D('',#16586,#13434,#13435);
#10953=AXIS2_PLACEMENT_3D('',#16587,#13436,#13437);
#10954=AXIS2_PLACEMENT_3D('',#16588,#13438,#13439);
#10955=AXIS2_PLACEMENT_3D('',#16589,#13440,#13441);
#10956=AXIS2_PLACEMENT_3D('',#16590,#13442,#13443);
#10957=AXIS2_PLACEMENT_3D('',#16591,#13444,#13445);
#10958=AXIS2_PLACEMENT_3D('',#16592,#13446,#13447);
#10959=AXIS2_PLACEMENT_3D('',#16593,#13448,#13449);
#10960=AXIS2_PLACEMENT_3D('',#16595,#13451,#13452);
#10961=AXIS2_PLACEMENT_3D('',#16596,#13453,#13454);
#10962=AXIS2_PLACEMENT_3D('',#16597,#13455,#13456);
#10963=AXIS2_PLACEMENT_3D('',#16598,#13457,#13458);
#10964=AXIS2_PLACEMENT_3D('',#16599,#13459,#13460);
#10965=AXIS2_PLACEMENT_3D('',#16600,#13461,#13462);
#10966=AXIS2_PLACEMENT_3D('',#16601,#13463,#13464);
#10967=AXIS2_PLACEMENT_3D('',#16602,#13465,#13466);
#10968=AXIS2_PLACEMENT_3D('',#16603,#13467,#13468);
#10969=AXIS2_PLACEMENT_3D('',#16606,#13471,#13472);
#10970=AXIS2_PLACEMENT_3D('',#16607,#13473,#13474);
#10971=AXIS2_PLACEMENT_3D('',#16608,#13475,#13476);
#10972=AXIS2_PLACEMENT_3D('',#16609,#13477,#13478);
#10973=AXIS2_PLACEMENT_3D('',#16610,#13479,#13480);
#10974=AXIS2_PLACEMENT_3D('',#16611,#13481,#13482);
#10975=AXIS2_PLACEMENT_3D('',#16612,#13483,#13484);
#10976=AXIS2_PLACEMENT_3D('',#16613,#13485,#13486);
#10977=AXIS2_PLACEMENT_3D('',#16614,#13487,#13488);
#10978=AXIS2_PLACEMENT_3D('',#16617,#13491,#13492);
#10979=AXIS2_PLACEMENT_3D('',#16618,#13493,#13494);
#10980=AXIS2_PLACEMENT_3D('',#16619,#13495,#13496);
#10981=AXIS2_PLACEMENT_3D('',#16620,#13497,#13498);
#10982=AXIS2_PLACEMENT_3D('',#16621,#13499,#13500);
#10983=AXIS2_PLACEMENT_3D('',#16622,#13501,#13502);
#10984=AXIS2_PLACEMENT_3D('',#16623,#13503,#13504);
#10985=AXIS2_PLACEMENT_3D('',#16624,#13505,#13506);
#10986=AXIS2_PLACEMENT_3D('',#16625,#13507,#13508);
#10987=AXIS2_PLACEMENT_3D('',#16627,#13510,#13511);
#10988=AXIS2_PLACEMENT_3D('',#16628,#13512,#13513);
#10989=AXIS2_PLACEMENT_3D('',#16630,#13515,#13516);
#10990=AXIS2_PLACEMENT_3D('',#16631,#13517,#13518);
#10991=AXIS2_PLACEMENT_3D('',#16633,#13520,#13521);
#10992=AXIS2_PLACEMENT_3D('',#16634,#13522,#13523);
#10993=AXIS2_PLACEMENT_3D('',#16636,#13525,#13526);
#10994=AXIS2_PLACEMENT_3D('',#16637,#13527,#13528);
#10995=AXIS2_PLACEMENT_3D('',#16639,#13530,#13531);
#10996=AXIS2_PLACEMENT_3D('',#16640,#13532,#13533);
#10997=AXIS2_PLACEMENT_3D('',#16644,#13536,#13537);
#10998=AXIS2_PLACEMENT_3D('',#16645,#13538,#13539);
#10999=AXIS2_PLACEMENT_3D('',#16646,#13540,#13541);
#11000=AXIS2_PLACEMENT_3D('',#16647,#13542,#13543);
#11001=AXIS2_PLACEMENT_3D('',#16649,#13545,#13546);
#11002=AXIS2_PLACEMENT_3D('',#16651,#13548,#13549);
#11003=AXIS2_PLACEMENT_3D('',#16652,#13550,#13551);
#11004=AXIS2_PLACEMENT_3D('',#16654,#13553,#13554);
#11005=AXIS2_PLACEMENT_3D('',#16656,#13556,#13557);
#11006=AXIS2_PLACEMENT_3D('',#16657,#13558,#13559);
#11007=AXIS2_PLACEMENT_3D('',#16659,#13561,#13562);
#11008=AXIS2_PLACEMENT_3D('',#16661,#13564,#13565);
#11009=AXIS2_PLACEMENT_3D('',#16662,#13566,#13567);
#11010=AXIS2_PLACEMENT_3D('',#16664,#13569,#13570);
#11011=AXIS2_PLACEMENT_3D('',#16666,#13572,#13573);
#11012=AXIS2_PLACEMENT_3D('',#16667,#13574,#13575);
#11013=AXIS2_PLACEMENT_3D('',#16669,#13577,#13578);
#11014=AXIS2_PLACEMENT_3D('',#16671,#13580,#13581);
#11015=AXIS2_PLACEMENT_3D('',#16673,#13583,#13584);
#11016=AXIS2_PLACEMENT_3D('',#16675,#13586,#13587);
#11017=AXIS2_PLACEMENT_3D('',#16677,#13589,#13590);
#11018=AXIS2_PLACEMENT_3D('',#16679,#13592,#13593);
#11019=AXIS2_PLACEMENT_3D('',#16680,#13594,#13595);
#11020=AXIS2_PLACEMENT_3D('',#16681,#13596,#13597);
#11021=AXIS2_PLACEMENT_3D('',#16684,#13598,#13599);
#11022=AXIS2_PLACEMENT_3D('',#16688,#13601,#13602);
#11023=AXIS2_PLACEMENT_3D('',#16690,#13604,#13605);
#11024=AXIS2_PLACEMENT_3D('',#16700,#13611,#13612);
#11025=AXIS2_PLACEMENT_3D('',#16710,#13618,#13619);
#11026=AXIS2_PLACEMENT_3D('',#16711,#13620,#13621);
#11027=AXIS2_PLACEMENT_3D('',#16712,#13622,#13623);
#11028=AXIS2_PLACEMENT_3D('',#16713,#13624,#13625);
#11029=AXIS2_PLACEMENT_3D('',#16714,#13626,#13627);
#11030=AXIS2_PLACEMENT_3D('',#16717,#13628,#13629);
#11031=AXIS2_PLACEMENT_3D('',#16721,#13631,#13632);
#11032=AXIS2_PLACEMENT_3D('',#16723,#13634,#13635);
#11033=AXIS2_PLACEMENT_3D('',#16733,#13641,#13642);
#11034=AXIS2_PLACEMENT_3D('',#16743,#13648,#13649);
#11035=AXIS2_PLACEMENT_3D('',#16744,#13650,#13651);
#11036=AXIS2_PLACEMENT_3D('',#16745,#13652,#13653);
#11037=AXIS2_PLACEMENT_3D('',#16746,#13654,#13655);
#11038=AXIS2_PLACEMENT_3D('',#16747,#13656,#13657);
#11039=AXIS2_PLACEMENT_3D('',#16750,#13658,#13659);
#11040=AXIS2_PLACEMENT_3D('',#16754,#13661,#13662);
#11041=AXIS2_PLACEMENT_3D('',#16756,#13664,#13665);
#11042=AXIS2_PLACEMENT_3D('',#16766,#13671,#13672);
#11043=AXIS2_PLACEMENT_3D('',#16776,#13678,#13679);
#11044=AXIS2_PLACEMENT_3D('',#16777,#13680,#13681);
#11045=AXIS2_PLACEMENT_3D('',#16778,#13682,#13683);
#11046=AXIS2_PLACEMENT_3D('',#16779,#13684,#13685);
#11047=AXIS2_PLACEMENT_3D('',#16780,#13686,#13687);
#11048=AXIS2_PLACEMENT_3D('',#16783,#13688,#13689);
#11049=AXIS2_PLACEMENT_3D('',#16787,#13691,#13692);
#11050=AXIS2_PLACEMENT_3D('',#16789,#13694,#13695);
#11051=AXIS2_PLACEMENT_3D('',#16799,#13701,#13702);
#11052=AXIS2_PLACEMENT_3D('',#16809,#13708,#13709);
#11053=AXIS2_PLACEMENT_3D('',#16810,#13710,#13711);
#11054=AXIS2_PLACEMENT_3D('',#16811,#13712,#13713);
#11055=AXIS2_PLACEMENT_3D('',#16812,#13714,#13715);
#11056=AXIS2_PLACEMENT_3D('',#16813,#13716,#13717);
#11057=AXIS2_PLACEMENT_3D('',#16816,#13718,#13719);
#11058=AXIS2_PLACEMENT_3D('',#16820,#13721,#13722);
#11059=AXIS2_PLACEMENT_3D('',#16822,#13724,#13725);
#11060=AXIS2_PLACEMENT_3D('',#16832,#13731,#13732);
#11061=AXIS2_PLACEMENT_3D('',#16842,#13738,#13739);
#11062=AXIS2_PLACEMENT_3D('',#16843,#13740,#13741);
#11063=AXIS2_PLACEMENT_3D('',#16844,#13742,#13743);
#11064=AXIS2_PLACEMENT_3D('',#16845,#13744,#13745);
#11065=AXIS2_PLACEMENT_3D('',#16846,#13746,#13747);
#11066=AXIS2_PLACEMENT_3D('',#16849,#13748,#13749);
#11067=AXIS2_PLACEMENT_3D('',#16853,#13751,#13752);
#11068=AXIS2_PLACEMENT_3D('',#16855,#13754,#13755);
#11069=AXIS2_PLACEMENT_3D('',#16865,#13761,#13762);
#11070=AXIS2_PLACEMENT_3D('',#16875,#13768,#13769);
#11071=AXIS2_PLACEMENT_3D('',#16876,#13770,#13771);
#11072=AXIS2_PLACEMENT_3D('',#16877,#13772,#13773);
#11073=AXIS2_PLACEMENT_3D('',#16878,#13774,#13775);
#11074=AXIS2_PLACEMENT_3D('',#16879,#13776,#13777);
#11075=AXIS2_PLACEMENT_3D('',#16880,#13778,#13779);
#11076=AXIS2_PLACEMENT_3D('',#16881,#13780,#13781);
#11077=AXIS2_PLACEMENT_3D('',#16882,#13782,#13783);
#11078=AXIS2_PLACEMENT_3D('',#16883,#13784,#13785);
#11079=AXIS2_PLACEMENT_3D('',#16884,#13786,#13787);
#11080=AXIS2_PLACEMENT_3D('',#16885,#13788,#13789);
#11081=AXIS2_PLACEMENT_3D('',#16887,#13790,#13791);
#11082=AXIS2_PLACEMENT_3D('',#16889,#13792,#13793);
#11083=AXIS2_PLACEMENT_3D('',#16891,#13794,#13795);
#11084=AXIS2_PLACEMENT_3D('',#16893,#13796,#13797);
#11085=AXIS2_PLACEMENT_3D('',#16895,#13798,#13799);
#11086=AXIS2_PLACEMENT_3D('',#16896,#13800,#13801);
#11087=AXIS2_PLACEMENT_3D('',#16897,#13802,#13803);
#11088=AXIS2_PLACEMENT_3D('',#16898,#13804,#13805);
#11089=AXIS2_PLACEMENT_3D('',#16899,#13806,#13807);
#11090=AXIS2_PLACEMENT_3D('',#16900,#13808,#13809);
#11091=AXIS2_PLACEMENT_3D('',#16901,#13810,#13811);
#11092=AXIS2_PLACEMENT_3D('',#16902,#13812,#13813);
#11093=AXIS2_PLACEMENT_3D('',#16903,#13814,#13815);
#11094=AXIS2_PLACEMENT_3D('',#16904,#13816,#13817);
#11095=AXIS2_PLACEMENT_3D('',#16905,#13818,#13819);
#11096=AXIS2_PLACEMENT_3D('',#16906,#13820,#13821);
#11097=AXIS2_PLACEMENT_3D('',#16908,#13822,#13823);
#11098=AXIS2_PLACEMENT_3D('',#16910,#13825,#13826);
#11099=AXIS2_PLACEMENT_3D('',#16912,#13827,#13828);
#11100=AXIS2_PLACEMENT_3D('',#16914,#13830,#13831);
#11101=AXIS2_PLACEMENT_3D('',#16916,#13832,#13833);
#11102=AXIS2_PLACEMENT_3D('',#16918,#13835,#13836);
#11103=AXIS2_PLACEMENT_3D('',#16920,#13837,#13838);
#11104=AXIS2_PLACEMENT_3D('',#16922,#13840,#13841);
#11105=AXIS2_PLACEMENT_3D('',#16923,#13842,#13843);
#11106=AXIS2_PLACEMENT_3D('',#16924,#13844,#13845);
#11107=AXIS2_PLACEMENT_3D('',#16927,#13846,#13847);
#11108=AXIS2_PLACEMENT_3D('',#16931,#13849,#13850);
#11109=AXIS2_PLACEMENT_3D('',#16933,#13851,#13852);
#11110=AXIS2_PLACEMENT_3D('',#16935,#13853,#13854);
#11111=AXIS2_PLACEMENT_3D('',#16937,#13856,#13857);
#11112=AXIS2_PLACEMENT_3D('',#16940,#13858,#13859);
#11113=AXIS2_PLACEMENT_3D('',#16943,#13861,#13862);
#11114=AXIS2_PLACEMENT_3D('',#16945,#13863,#13864);
#11115=AXIS2_PLACEMENT_3D('',#16947,#13865,#13866);
#11116=AXIS2_PLACEMENT_3D('',#16949,#13868,#13869);
#11117=AXIS2_PLACEMENT_3D('',#16952,#13870,#13871);
#11118=AXIS2_PLACEMENT_3D('',#16955,#13873,#13874);
#11119=AXIS2_PLACEMENT_3D('',#16957,#13875,#13876);
#11120=AXIS2_PLACEMENT_3D('',#16959,#13877,#13878);
#11121=AXIS2_PLACEMENT_3D('',#16961,#13880,#13881);
#11122=AXIS2_PLACEMENT_3D('',#16964,#13882,#13883);
#11123=AXIS2_PLACEMENT_3D('',#16967,#13885,#13886);
#11124=AXIS2_PLACEMENT_3D('',#16969,#13887,#13888);
#11125=AXIS2_PLACEMENT_3D('',#16971,#13889,#13890);
#11126=AXIS2_PLACEMENT_3D('',#16973,#13892,#13893);
#11127=AXIS2_PLACEMENT_3D('',#16976,#13894,#13895);
#11128=AXIS2_PLACEMENT_3D('',#16979,#13897,#13898);
#11129=AXIS2_PLACEMENT_3D('',#16981,#13899,#13900);
#11130=AXIS2_PLACEMENT_3D('',#16983,#13901,#13902);
#11131=AXIS2_PLACEMENT_3D('',#16985,#13903,#13904);
#11132=AXIS2_PLACEMENT_3D('',#16987,#13906,#13907);
#11133=AXIS2_PLACEMENT_3D('',#16989,#13908,#13909);
#11134=AXIS2_PLACEMENT_3D('',#16992,#13911,#13912);
#11135=AXIS2_PLACEMENT_3D('',#16994,#13913,#13914);
#11136=AXIS2_PLACEMENT_3D('',#16996,#13915,#13916);
#11137=AXIS2_PLACEMENT_3D('',#16998,#13917,#13918);
#11138=AXIS2_PLACEMENT_3D('',#17000,#13919,#13920);
#11139=AXIS2_PLACEMENT_3D('',#17002,#13921,#13922);
#11140=AXIS2_PLACEMENT_3D('',#17003,#13923,#13924);
#11141=AXIS2_PLACEMENT_3D('',#17004,#13925,#13926);
#11142=AXIS2_PLACEMENT_3D('',#17007,#13927,#13928);
#11143=AXIS2_PLACEMENT_3D('',#17010,#13930,#13931);
#11144=AXIS2_PLACEMENT_3D('',#17012,#13932,#13933);
#11145=AXIS2_PLACEMENT_3D('',#17014,#13935,#13936);
#11146=AXIS2_PLACEMENT_3D('',#17017,#13937,#13938);
#11147=AXIS2_PLACEMENT_3D('',#17020,#13940,#13941);
#11148=AXIS2_PLACEMENT_3D('',#17022,#13942,#13943);
#11149=AXIS2_PLACEMENT_3D('',#17024,#13945,#13946);
#11150=AXIS2_PLACEMENT_3D('',#17027,#13947,#13948);
#11151=AXIS2_PLACEMENT_3D('',#17030,#13950,#13951);
#11152=AXIS2_PLACEMENT_3D('',#17032,#13952,#13953);
#11153=AXIS2_PLACEMENT_3D('',#17034,#13955,#13956);
#11154=AXIS2_PLACEMENT_3D('',#17037,#13957,#13958);
#11155=AXIS2_PLACEMENT_3D('',#17040,#13960,#13961);
#11156=AXIS2_PLACEMENT_3D('',#17042,#13962,#13963);
#11157=AXIS2_PLACEMENT_3D('',#17044,#13965,#13966);
#11158=AXIS2_PLACEMENT_3D('',#17047,#13967,#13968);
#11159=AXIS2_PLACEMENT_3D('',#17050,#13970,#13971);
#11160=AXIS2_PLACEMENT_3D('',#17052,#13972,#13973);
#11161=AXIS2_PLACEMENT_3D('',#17054,#13975,#13976);
#11162=AXIS2_PLACEMENT_3D('',#17057,#13977,#13978);
#11163=AXIS2_PLACEMENT_3D('',#17060,#13980,#13981);
#11164=AXIS2_PLACEMENT_3D('',#17062,#13982,#13983);
#11165=AXIS2_PLACEMENT_3D('',#17064,#13985,#13986);
#11166=AXIS2_PLACEMENT_3D('',#17067,#13987,#13988);
#11167=AXIS2_PLACEMENT_3D('',#17070,#13990,#13991);
#11168=AXIS2_PLACEMENT_3D('',#17072,#13992,#13993);
#11169=AXIS2_PLACEMENT_3D('',#17074,#13995,#13996);
#11170=AXIS2_PLACEMENT_3D('',#17080,#13999,#14000);
#11171=AXIS2_PLACEMENT_3D('',#17084,#14003,#14004);
#11172=AXIS2_PLACEMENT_3D('',#17088,#14006,#14007);
#11173=AXIS2_PLACEMENT_3D('',#17090,#14009,#14010);
#11174=AXIS2_PLACEMENT_3D('',#17093,#14012,#14013);
#11175=AXIS2_PLACEMENT_3D('',#17094,#14014,#14015);
#11176=AXIS2_PLACEMENT_3D('',#17100,#14018,#14019);
#11177=AXIS2_PLACEMENT_3D('',#17102,#14021,#14022);
#11178=AXIS2_PLACEMENT_3D('',#17106,#14024,#14025);
#11179=AXIS2_PLACEMENT_3D('',#17108,#14027,#14028);
#11180=AXIS2_PLACEMENT_3D('',#17111,#14030,#14031);
#11181=AXIS2_PLACEMENT_3D('',#17112,#14032,#14033);
#11182=AXIS2_PLACEMENT_3D('',#17118,#14036,#14037);
#11183=AXIS2_PLACEMENT_3D('',#17120,#14039,#14040);
#11184=AXIS2_PLACEMENT_3D('',#17124,#14042,#14043);
#11185=AXIS2_PLACEMENT_3D('',#17126,#14045,#14046);
#11186=AXIS2_PLACEMENT_3D('',#17129,#14048,#14049);
#11187=AXIS2_PLACEMENT_3D('',#17130,#14050,#14051);
#11188=AXIS2_PLACEMENT_3D('',#17136,#14054,#14055);
#11189=AXIS2_PLACEMENT_3D('',#17138,#14057,#14058);
#11190=AXIS2_PLACEMENT_3D('',#17142,#14060,#14061);
#11191=AXIS2_PLACEMENT_3D('',#17144,#14063,#14064);
#11192=AXIS2_PLACEMENT_3D('',#17147,#14066,#14067);
#11193=AXIS2_PLACEMENT_3D('',#17148,#14068,#14069);
#11194=AXIS2_PLACEMENT_3D('',#17154,#14072,#14073);
#11195=AXIS2_PLACEMENT_3D('',#17156,#14075,#14076);
#11196=AXIS2_PLACEMENT_3D('',#17162,#14079,#14080);
#11197=AXIS2_PLACEMENT_3D('',#17166,#14083,#14084);
#11198=AXIS2_PLACEMENT_3D('',#17167,#14085,#14086);
#11199=AXIS2_PLACEMENT_3D('',#17168,#14087,#14088);
#11200=AXIS2_PLACEMENT_3D('',#17171,#14090,#14091);
#11201=AXIS2_PLACEMENT_3D('',#17172,#14092,#14093);
#11202=AXIS2_PLACEMENT_3D('',#17178,#14096,#14097);
#11203=AXIS2_PLACEMENT_3D('',#17180,#14099,#14100);
#11204=AXIS2_PLACEMENT_3D('',#17183,#14102,#14103);
#11205=AXIS2_PLACEMENT_3D('',#17184,#14104,#14105);
#11206=AXIS2_PLACEMENT_3D('',#17190,#14108,#14109);
#11207=AXIS2_PLACEMENT_3D('',#17192,#14111,#14112);
#11208=AXIS2_PLACEMENT_3D('',#17195,#14114,#14115);
#11209=AXIS2_PLACEMENT_3D('',#17196,#14116,#14117);
#11210=AXIS2_PLACEMENT_3D('',#17200,#14119,#14120);
#11211=AXIS2_PLACEMENT_3D('',#17201,#14121,#14122);
#11212=AXIS2_PLACEMENT_3D('',#17206,#14124,#14125);
#11213=AXIS2_PLACEMENT_3D('',#17209,#14127,#14128);
#11214=AXIS2_PLACEMENT_3D('',#17210,#14129,#14130);
#11215=AXIS2_PLACEMENT_3D('',#17214,#14132,#14133);
#11216=AXIS2_PLACEMENT_3D('',#17216,#14135,#14136);
#11217=AXIS2_PLACEMENT_3D('',#17218,#14138,#14139);
#11218=AXIS2_PLACEMENT_3D('',#17225,#14144,#14145);
#11219=AXIS2_PLACEMENT_3D('',#17228,#14147,#14148);
#11220=AXIS2_PLACEMENT_3D('',#17230,#14149,#14150);
#11221=AXIS2_PLACEMENT_3D('',#17242,#14156,#14157);
#11222=AXIS2_PLACEMENT_3D('',#17254,#14163,#14164);
#11223=AXIS2_PLACEMENT_3D('',#17266,#14170,#14171);
#11224=AXIS2_PLACEMENT_3D('',#17277,#14177,#14178);
#11225=AXIS2_PLACEMENT_3D('',#17365,#14228,#14229);
#11226=AXIS2_PLACEMENT_3D('',#17377,#14235,#14236);
#11227=AXIS2_PLACEMENT_3D('',#17389,#14242,#14243);
#11228=AXIS2_PLACEMENT_3D('',#17401,#14249,#14250);
#11229=AXIS2_PLACEMENT_3D('',#17413,#14256,#14257);
#11230=AXIS2_PLACEMENT_3D('',#17425,#14263,#14264);
#11231=AXIS2_PLACEMENT_3D('',#17427,#14266,#14267);
#11232=AXIS2_PLACEMENT_3D('',#17428,#14268,#14269);
#11233=AXIS2_PLACEMENT_3D('',#17429,#14270,#14271);
#11234=AXIS2_PLACEMENT_3D('',#17430,#14272,#14273);
#11235=AXIS2_PLACEMENT_3D('',#17431,#14274,#14275);
#11236=AXIS2_PLACEMENT_3D('',#17432,#14276,#14277);
#11237=AXIS2_PLACEMENT_3D('',#17433,#14278,#14279);
#11238=AXIS2_PLACEMENT_3D('',#17434,#14280,#14281);
#11239=AXIS2_PLACEMENT_3D('',#17435,#14282,#14283);
#11240=AXIS2_PLACEMENT_3D('',#17436,#14284,#14285);
#11241=AXIS2_PLACEMENT_3D('',#17437,#14286,#14287);
#11242=AXIS2_PLACEMENT_3D('',#17438,#14288,#14289);
#11243=AXIS2_PLACEMENT_3D('',#17439,#14290,#14291);
#11244=AXIS2_PLACEMENT_3D('',#17440,#14292,#14293);
#11245=AXIS2_PLACEMENT_3D('',#17441,#14294,#14295);
#11246=AXIS2_PLACEMENT_3D('',#17442,#14296,#14297);
#11247=AXIS2_PLACEMENT_3D('',#17443,#14298,#14299);
#11248=AXIS2_PLACEMENT_3D('',#17444,#14300,#14301);
#11249=AXIS2_PLACEMENT_3D('',#17445,#14302,#14303);
#11250=AXIS2_PLACEMENT_3D('',#17446,#14304,#14305);
#11251=AXIS2_PLACEMENT_3D('',#17447,#14306,#14307);
#11252=AXIS2_PLACEMENT_3D('',#17448,#14308,#14309);
#11253=AXIS2_PLACEMENT_3D('',#17449,#14310,#14311);
#11254=AXIS2_PLACEMENT_3D('',#17450,#14312,#14313);
#11255=AXIS2_PLACEMENT_3D('',#17451,#14314,#14315);
#11256=AXIS2_PLACEMENT_3D('',#17452,#14316,#14317);
#11257=AXIS2_PLACEMENT_3D('',#17453,#14318,#14319);
#11258=AXIS2_PLACEMENT_3D('',#17454,#14320,#14321);
#11259=AXIS2_PLACEMENT_3D('',#17455,#14322,#14323);
#11260=AXIS2_PLACEMENT_3D('',#17456,#14324,#14325);
#11261=AXIS2_PLACEMENT_3D('',#17457,#14326,#14327);
#11262=AXIS2_PLACEMENT_3D('',#17458,#14328,#14329);
#11263=AXIS2_PLACEMENT_3D('',#17459,#14330,#14331);
#11264=AXIS2_PLACEMENT_3D('',#17460,#14332,#14333);
#11265=AXIS2_PLACEMENT_3D('',#17461,#14334,#14335);
#11266=AXIS2_PLACEMENT_3D('',#17462,#14336,#14337);
#11267=AXIS2_PLACEMENT_3D('',#17463,#14338,#14339);
#11268=AXIS2_PLACEMENT_3D('',#17464,#14340,#14341);
#11269=AXIS2_PLACEMENT_3D('',#17465,#14342,#14343);
#11270=AXIS2_PLACEMENT_3D('',#17466,#14344,#14345);
#11271=AXIS2_PLACEMENT_3D('',#17467,#14346,#14347);
#11272=AXIS2_PLACEMENT_3D('',#17468,#14348,#14349);
#11273=AXIS2_PLACEMENT_3D('',#17469,#14350,#14351);
#11274=AXIS2_PLACEMENT_3D('',#17470,#14352,#14353);
#11275=AXIS2_PLACEMENT_3D('',#17471,#14354,#14355);
#11276=AXIS2_PLACEMENT_3D('',#17474,#14358,#14359);
#11277=AXIS2_PLACEMENT_3D('',#17475,#14360,#14361);
#11278=AXIS2_PLACEMENT_3D('',#17476,#14362,#14363);
#11279=AXIS2_PLACEMENT_3D('',#17477,#14364,#14365);
#11280=AXIS2_PLACEMENT_3D('',#17478,#14366,#14367);
#11281=AXIS2_PLACEMENT_3D('',#17479,#14368,#14369);
#11282=AXIS2_PLACEMENT_3D('',#17480,#14370,#14371);
#11283=AXIS2_PLACEMENT_3D('',#17481,#14372,#14373);
#11284=AXIS2_PLACEMENT_3D('',#17482,#14374,#14375);
#11285=AXIS2_PLACEMENT_3D('',#17483,#14376,#14377);
#11286=AXIS2_PLACEMENT_3D('',#17484,#14378,#14379);
#11287=AXIS2_PLACEMENT_3D('',#17485,#14380,#14381);
#11288=AXIS2_PLACEMENT_3D('',#17486,#14382,#14383);
#11289=AXIS2_PLACEMENT_3D('',#17487,#14384,#14385);
#11290=AXIS2_PLACEMENT_3D('',#17488,#14386,#14387);
#11291=AXIS2_PLACEMENT_3D('',#17489,#14388,#14389);
#11292=AXIS2_PLACEMENT_3D('',#17490,#14390,#14391);
#11293=AXIS2_PLACEMENT_3D('',#17493,#14394,#14395);
#11294=AXIS2_PLACEMENT_3D('',#17494,#14396,#14397);
#11295=AXIS2_PLACEMENT_3D('',#17495,#14398,#14399);
#11296=AXIS2_PLACEMENT_3D('',#17496,#14400,#14401);
#11297=AXIS2_PLACEMENT_3D('',#17497,#14402,#14403);
#11298=AXIS2_PLACEMENT_3D('',#17498,#14404,#14405);
#11299=AXIS2_PLACEMENT_3D('',#17499,#14406,#14407);
#11300=AXIS2_PLACEMENT_3D('',#17500,#14408,#14409);
#11301=AXIS2_PLACEMENT_3D('',#17501,#14410,#14411);
#11302=AXIS2_PLACEMENT_3D('',#17504,#14414,#14415);
#11303=AXIS2_PLACEMENT_3D('',#17505,#14416,#14417);
#11304=AXIS2_PLACEMENT_3D('',#17506,#14418,#14419);
#11305=AXIS2_PLACEMENT_3D('',#17507,#14420,#14421);
#11306=AXIS2_PLACEMENT_3D('',#17508,#14422,#14423);
#11307=AXIS2_PLACEMENT_3D('',#17509,#14424,#14425);
#11308=AXIS2_PLACEMENT_3D('',#17510,#14426,#14427);
#11309=AXIS2_PLACEMENT_3D('',#17511,#14428,#14429);
#11310=AXIS2_PLACEMENT_3D('',#17512,#14430,#14431);
#11311=AXIS2_PLACEMENT_3D('',#17515,#14434,#14435);
#11312=AXIS2_PLACEMENT_3D('',#17516,#14436,#14437);
#11313=AXIS2_PLACEMENT_3D('',#17517,#14438,#14439);
#11314=AXIS2_PLACEMENT_3D('',#17518,#14440,#14441);
#11315=AXIS2_PLACEMENT_3D('',#17519,#14442,#14443);
#11316=AXIS2_PLACEMENT_3D('',#17520,#14444,#14445);
#11317=AXIS2_PLACEMENT_3D('',#17521,#14446,#14447);
#11318=AXIS2_PLACEMENT_3D('',#17522,#14448,#14449);
#11319=AXIS2_PLACEMENT_3D('',#17523,#14450,#14451);
#11320=AXIS2_PLACEMENT_3D('',#17525,#14452,#14453);
#11321=AXIS2_PLACEMENT_3D('',#17527,#14455,#14456);
#11322=AXIS2_PLACEMENT_3D('',#17530,#14459,#14460);
#11323=AXIS2_PLACEMENT_3D('',#17531,#14461,#14462);
#11324=AXIS2_PLACEMENT_3D('',#17533,#14464,#14465);
#11325=AXIS2_PLACEMENT_3D('',#17535,#14467,#14468);
#11326=AXIS2_PLACEMENT_3D('',#17536,#14469,#14470);
#11327=AXIS2_PLACEMENT_3D('',#17538,#14472,#14473);
#11328=AXIS2_PLACEMENT_3D('',#17540,#14475,#14476);
#11329=AXIS2_PLACEMENT_3D('',#17541,#14477,#14478);
#11330=AXIS2_PLACEMENT_3D('',#17542,#14479,#14480);
#11331=AXIS2_PLACEMENT_3D('',#17544,#14482,#14483);
#11332=AXIS2_PLACEMENT_3D('',#17545,#14484,#14485);
#11333=AXIS2_PLACEMENT_3D('',#17547,#14487,#14488);
#11334=AXIS2_PLACEMENT_3D('',#17549,#14490,#14491);
#11335=AXIS2_PLACEMENT_3D('',#17550,#14492,#14493);
#11336=AXIS2_PLACEMENT_3D('',#17552,#14495,#14496);
#11337=AXIS2_PLACEMENT_3D('',#17554,#14498,#14499);
#11338=AXIS2_PLACEMENT_3D('',#17556,#14501,#14502);
#11339=AXIS2_PLACEMENT_3D('',#17558,#14504,#14505);
#11340=AXIS2_PLACEMENT_3D('',#17559,#14506,#14507);
#11341=AXIS2_PLACEMENT_3D('',#17560,#14508,#14509);
#11342=AXIS2_PLACEMENT_3D('',#17561,#14510,#14511);
#11343=AXIS2_PLACEMENT_3D('',#17562,#14512,#14513);
#11344=AXIS2_PLACEMENT_3D('',#17563,#14514,#14515);
#11345=DIRECTION('axis',(0.,0.,1.));
#11346=DIRECTION('refdir',(1.,0.,0.));
#11347=DIRECTION('axis',(0.,0.,1.));
#11348=DIRECTION('refdir',(1.,0.,0.));
#11349=DIRECTION('center_axis',(-0.824649715947188,0.,0.565643744761862));
#11350=DIRECTION('ref_axis',(-0.565643744761862,0.,-0.824649715947188));
#11351=DIRECTION('center_axis',(-0.824649715947188,0.,0.565643744761862));
#11352=DIRECTION('ref_axis',(-0.565643744761862,0.,-0.824649715947188));
#11353=DIRECTION('',(-0.824649715947188,0.,0.565643744761862));
#11354=DIRECTION('center_axis',(0.824649715947188,0.,-0.565643744761862));
#11355=DIRECTION('ref_axis',(-0.565643744761862,0.,-0.824649715947188));
#11356=DIRECTION('center_axis',(-0.824649715947188,0.,0.565643744761862));
#11357=DIRECTION('ref_axis',(-0.565643744761862,0.,-0.824649715947188));
#11358=DIRECTION('center_axis',(-0.824649715947188,0.,0.565643744761862));
#11359=DIRECTION('ref_axis',(-0.565643744761862,0.,-0.824649715947188));
#11360=DIRECTION('',(-0.824649715947188,0.,0.565643744761862));
#11361=DIRECTION('center_axis',(0.824649715947188,0.,-0.565643744761862));
#11362=DIRECTION('ref_axis',(-0.565643744761862,0.,-0.824649715947188));
#11363=DIRECTION('center_axis',(-0.824649715947188,0.,0.565643744761862));
#11364=DIRECTION('ref_axis',(-0.565643744761862,0.,-0.824649715947188));
#11365=DIRECTION('center_axis',(-0.824649715947188,0.,0.565643744761862));
#11366=DIRECTION('ref_axis',(-0.565643744761862,0.,-0.824649715947188));
#11367=DIRECTION('',(-0.824649715947188,0.,0.565643744761862));
#11368=DIRECTION('center_axis',(0.824649715947188,0.,-0.565643744761862));
#11369=DIRECTION('ref_axis',(-0.565643744761862,0.,-0.824649715947188));
#11370=DIRECTION('center_axis',(-0.824649715947188,0.,0.565643744761862));
#11371=DIRECTION('ref_axis',(-0.565643744761862,0.,-0.824649715947188));
#11372=DIRECTION('center_axis',(-0.824649715947188,0.,0.565643744761862));
#11373=DIRECTION('ref_axis',(-0.565643744761862,0.,-0.824649715947188));
#11374=DIRECTION('',(-0.824649715947188,0.,0.565643744761862));
#11375=DIRECTION('center_axis',(0.824649715947188,0.,-0.565643744761862));
#11376=DIRECTION('ref_axis',(-0.565643744761862,0.,-0.824649715947188));
#11377=DIRECTION('center_axis',(-0.824649715947188,-6.19490381436844E-16,
0.565643744761861));
#11378=DIRECTION('ref_axis',(0.565643744761861,-1.01494594313174E-15,0.824649715947188));
#11379=DIRECTION('center_axis',(0.824649715947188,6.19490381436844E-16,
-0.565643744761861));
#11380=DIRECTION('ref_axis',(0.565643744761862,0.,0.824649715947188));
#11381=DIRECTION('',(-0.565643744761861,-1.70803542250024E-16,-0.824649715947188));
#11382=DIRECTION('center_axis',(-0.824649715947188,-6.19490381436844E-16,
0.565643744761861));
#11383=DIRECTION('ref_axis',(0.,1.,0.));
#11384=DIRECTION('center_axis',(-0.824649715947188,-6.75001532680566E-16,
0.565643744761861));
#11385=DIRECTION('ref_axis',(0.565643744761861,-1.01494594313174E-15,0.824649715947188));
#11386=DIRECTION('center_axis',(-0.824649715947188,-6.19490381436844E-16,
0.565643744761861));
#11387=DIRECTION('ref_axis',(0.28282187238093,0.866025403784439,0.412324857973593));
#11388=DIRECTION('',(0.489861852455533,-0.499999999999999,0.714167603233887));
#11389=DIRECTION('center_axis',(-0.824649715947188,-7.02757108296195E-16,
0.565643744761861));
#11390=DIRECTION('ref_axis',(0.565643744761861,-1.01494594313174E-15,0.824649715947188));
#11391=DIRECTION('center_axis',(0.824649715947188,7.02757108296195E-16,
-0.565643744761861));
#11392=DIRECTION('ref_axis',(0.565643744761862,0.,0.824649715947188));
#11393=DIRECTION('',(-0.489861852455533,0.499999999999999,-0.714167603233887));
#11394=DIRECTION('center_axis',(-0.824649715947188,-7.02757108296195E-16,
0.565643744761861));
#11395=DIRECTION('ref_axis',(0.28282187238093,0.866025403784439,0.412324857973593));
#11396=DIRECTION('center_axis',(-0.824649715947188,-6.75001532680566E-16,
0.565643744761861));
#11397=DIRECTION('ref_axis',(0.565643744761861,-1.01494594313174E-15,0.824649715947188));
#11398=DIRECTION('center_axis',(-0.824649715947188,-7.02757108296195E-16,
0.565643744761861));
#11399=DIRECTION('ref_axis',(0.489861852455533,0.5,0.714167603233886));
#11400=DIRECTION('',(0.282821872380931,-0.866025403784438,0.412324857973594));
#11401=DIRECTION('center_axis',(-0.824649715947188,-6.78556536624349E-16,
0.565643744761861));
#11402=DIRECTION('ref_axis',(0.565643744761861,-1.01494594313174E-15,0.824649715947188));
#11403=DIRECTION('center_axis',(0.824649715947188,6.78556536624349E-16,
-0.565643744761861));
#11404=DIRECTION('ref_axis',(0.565643744761862,0.,0.824649715947188));
#11405=DIRECTION('',(-0.282821872380931,0.866025403784438,-0.412324857973594));
#11406=DIRECTION('center_axis',(-0.824649715947188,-6.78556536624349E-16,
0.565643744761861));
#11407=DIRECTION('ref_axis',(0.489861852455533,0.5,0.714167603233886));
#11408=DIRECTION('center_axis',(-0.824649715947188,-6.75001532680566E-16,
0.565643744761861));
#11409=DIRECTION('ref_axis',(0.565643744761861,-1.01494594313174E-15,0.824649715947188));
#11410=DIRECTION('center_axis',(-0.824649715947188,-6.78556536624349E-16,
0.565643744761861));
#11411=DIRECTION('ref_axis',(0.565643744761862,0.,0.824649715947188));
#11412=DIRECTION('',(4.26727266703148E-16,-1.,-5.77494262732813E-16));
#11413=DIRECTION('center_axis',(-0.824649715947188,-7.26794142891891E-16,
0.565643744761861));
#11414=DIRECTION('ref_axis',(0.565643744761861,-1.01494594313174E-15,0.824649715947188));
#11415=DIRECTION('center_axis',(0.824649715947188,7.26794142891891E-16,
-0.565643744761861));
#11416=DIRECTION('ref_axis',(0.565643744761862,0.,0.824649715947188));
#11417=DIRECTION('',(0.28282187238093,0.866025403784439,0.412324857973594));
#11418=DIRECTION('center_axis',(-0.824649715947188,-7.26794142891891E-16,
0.565643744761861));
#11419=DIRECTION('ref_axis',(0.489861852455533,-0.5,0.714167603233886));
#11420=DIRECTION('center_axis',(-0.824649715947188,-6.75001532680566E-16,
0.565643744761861));
#11421=DIRECTION('ref_axis',(0.565643744761861,-1.01494594313174E-15,0.824649715947188));
#11422=DIRECTION('center_axis',(-0.824649715947188,-7.26794142891891E-16,
0.565643744761861));
#11423=DIRECTION('ref_axis',(0.282821872380931,-0.866025403784439,0.412324857973594));
#11424=DIRECTION('',(-0.489861852455533,-0.5,-0.714167603233887));
#11425=DIRECTION('center_axis',(-0.824649715947188,-6.75001532680566E-16,
0.565643744761861));
#11426=DIRECTION('ref_axis',(0.565643744761861,-1.01494594313174E-15,0.824649715947188));
#11427=DIRECTION('',(-0.28282187238093,-0.866025403784439,-0.412324857973595));
#11428=DIRECTION('center_axis',(0.824649715947188,6.75001532680566E-16,
-0.565643744761861));
#11429=DIRECTION('ref_axis',(0.565643744761862,0.,0.824649715947188));
#11430=DIRECTION('',(-5.56639822188945E-16,1.,3.81810394665431E-16));
#11431=DIRECTION('center_axis',(-0.824649715947188,-6.75001532680566E-16,
0.565643744761861));
#11432=DIRECTION('ref_axis',(0.565643744761862,0.,0.824649715947188));
#11433=DIRECTION('center_axis',(-0.824649715947188,-6.75001532680566E-16,
0.565643744761861));
#11434=DIRECTION('ref_axis',(0.565643744761861,-1.01494594313174E-15,0.824649715947188));
#11435=DIRECTION('center_axis',(-0.824649715947188,-6.75001532680566E-16,
0.565643744761861));
#11436=DIRECTION('ref_axis',(0.489861852455533,-0.5,0.714167603233886));
#11437=DIRECTION('center_axis',(0.824649715947189,8.88178419700125E-16,
-0.565643744761861));
#11438=DIRECTION('ref_axis',(0.565643744761861,-1.01494594313174E-15,0.824649715947189));
#11439=DIRECTION('center_axis',(-0.824649715947188,0.,0.565643744761862));
#11440=DIRECTION('ref_axis',(0.565643744761861,-1.01494594313174E-15,0.824649715947189));
#11441=DIRECTION('',(0.824649715947189,8.88178419700125E-16,-0.565643744761861));
#11442=DIRECTION('center_axis',(-0.824649715947188,-6.75001532680566E-16,
0.565643744761861));
#11443=DIRECTION('ref_axis',(0.565643744761861,-1.01494594313174E-15,0.824649715947188));
#11444=DIRECTION('center_axis',(-0.824649715947188,-6.75001532680566E-16,
0.565643744761861));
#11445=DIRECTION('ref_axis',(0.565643744761861,-1.01494594313174E-15,0.824649715947188));
#11446=DIRECTION('center_axis',(-0.824649715947188,-6.75001532680566E-16,
0.565643744761861));
#11447=DIRECTION('ref_axis',(0.565643744761861,-1.01494594313174E-15,0.824649715947188));
#11448=DIRECTION('center_axis',(-0.824649715947188,-6.75001532680566E-16,
0.565643744761861));
#11449=DIRECTION('ref_axis',(0.565643744761861,-1.01494594313174E-15,0.824649715947188));
#11450=DIRECTION('center_axis',(-0.824649715947188,-6.75001532680566E-16,
0.565643744761861));
#11451=DIRECTION('ref_axis',(0.565643744761861,-1.01494594313174E-15,0.824649715947188));
#11452=DIRECTION('center_axis',(-0.824649715947188,-6.75001532680566E-16,
0.565643744761861));
#11453=DIRECTION('ref_axis',(0.565643744761861,-1.01494594313174E-15,0.824649715947188));
#11454=DIRECTION('center_axis',(-0.824649715947188,-6.75001532680566E-16,
0.565643744761861));
#11455=DIRECTION('ref_axis',(0.565643744761861,-1.01494594313174E-15,0.824649715947188));
#11456=DIRECTION('center_axis',(-0.824649715947188,-6.75001531438469E-16,
0.565643744761861));
#11457=DIRECTION('ref_axis',(0.565643744761861,-1.01494594313174E-15,0.824649715947188));
#11458=DIRECTION('',(-0.565643744761861,5.12410626750072E-16,-0.824649715947188));
#11459=DIRECTION('center_axis',(0.824649715947188,6.75001531438469E-16,
-0.565643744761861));
#11460=DIRECTION('ref_axis',(0.565643744761862,0.,0.824649715947188));
#11461=DIRECTION('',(0.489861852455532,0.5,0.714167603233887));
#11462=DIRECTION('center_axis',(-0.824649715947188,-6.75001531438469E-16,
0.565643744761861));
#11463=DIRECTION('ref_axis',(0.282821872380931,-0.866025403784439,0.412324857973594));
#11464=DIRECTION('center_axis',(-0.824649715947188,-6.75001531438469E-16,
0.565643744761861));
#11465=DIRECTION('ref_axis',(0.,-1.,0.));
#11466=DIRECTION('center_axis',(-0.824649715947188,-6.75001532680566E-16,
0.565643744761861));
#11467=DIRECTION('ref_axis',(0.565643744761861,-1.01494594313174E-15,0.824649715947188));
#11468=DIRECTION('center_axis',(0.824649715947188,6.75001532680566E-16,
-0.565643744761861));
#11469=DIRECTION('ref_axis',(0.565643744761862,0.,0.824649715947188));
#11470=DIRECTION('',(0.565643744761861,-1.70803542250024E-16,0.824649715947188));
#11471=DIRECTION('center_axis',(-0.824649715947188,-6.75001532680566E-16,
0.565643744761861));
#11472=DIRECTION('ref_axis',(0.,-1.,0.));
#11473=DIRECTION('center_axis',(-0.824649715947188,-6.75001532680566E-16,
0.565643744761861));
#11474=DIRECTION('ref_axis',(-0.282821872380931,-0.866025403784439,-0.412324857973594));
#11475=DIRECTION('',(-0.489861852455533,0.5,-0.714167603233886));
#11476=DIRECTION('center_axis',(-0.824649715947188,-6.50964499100772E-16,
0.565643744761861));
#11477=DIRECTION('ref_axis',(0.565643744761861,-1.01494594313174E-15,0.824649715947188));
#11478=DIRECTION('center_axis',(0.824649715947188,6.50964499100772E-16,
-0.565643744761861));
#11479=DIRECTION('ref_axis',(0.565643744761862,0.,0.824649715947188));
#11480=DIRECTION('',(0.489861852455533,-0.5,0.714167603233886));
#11481=DIRECTION('center_axis',(-0.824649715947188,-6.50964499100772E-16,
0.565643744761861));
#11482=DIRECTION('ref_axis',(-0.282821872380931,-0.866025403784439,-0.412324857973594));
#11483=DIRECTION('center_axis',(-0.824649715947188,-6.50964499100772E-16,
0.565643744761861));
#11484=DIRECTION('ref_axis',(-0.489861852455533,-0.5,-0.714167603233886));
#11485=DIRECTION('',(-0.282821872380931,0.866025403784438,-0.412324857973594));
#11486=DIRECTION('center_axis',(-0.824649715947188,-6.75001531832479E-16,
0.565643744761861));
#11487=DIRECTION('ref_axis',(0.565643744761861,-1.01494594313174E-15,0.824649715947188));
#11488=DIRECTION('center_axis',(0.824649715947188,6.75001531832479E-16,
-0.565643744761861));
#11489=DIRECTION('ref_axis',(0.565643744761862,0.,0.824649715947188));
#11490=DIRECTION('',(0.282821872380931,-0.866025403784438,0.412324857973594));
#11491=DIRECTION('center_axis',(-0.824649715947188,-6.75001531832479E-16,
0.565643744761861));
#11492=DIRECTION('ref_axis',(-0.489861852455533,-0.5,-0.714167603233886));
#11493=DIRECTION('center_axis',(-0.824649715947188,-6.75001531832479E-16,
0.565643744761861));
#11494=DIRECTION('ref_axis',(-0.565643744761862,-1.11022302462516E-16,-0.824649715947188));
#11495=DIRECTION('',(-4.841793550469E-16,1.,4.87450213635158E-16));
#11496=DIRECTION('center_axis',(-0.824649715947188,-7.02757108296195E-16,
0.565643744761861));
#11497=DIRECTION('ref_axis',(0.565643744761861,-1.01494594313174E-15,0.824649715947188));
#11498=DIRECTION('center_axis',(0.824649715947188,7.02757108296195E-16,
-0.565643744761861));
#11499=DIRECTION('ref_axis',(0.565643744761862,0.,0.824649715947188));
#11500=DIRECTION('',(-0.28282187238093,-0.866025403784439,-0.412324857973594));
#11501=DIRECTION('center_axis',(-0.824649715947188,-7.02757108296195E-16,
0.565643744761861));
#11502=DIRECTION('ref_axis',(-0.489861852455533,0.5,-0.714167603233886));
#11503=DIRECTION('center_axis',(-0.824649715947188,-7.02757108296195E-16,
0.565643744761861));
#11504=DIRECTION('ref_axis',(-0.282821872380931,0.866025403784438,-0.412324857973594));
#11505=DIRECTION('',(0.489861852455532,0.5,0.714167603233887));
#11506=DIRECTION('center_axis',(-0.824649715947188,-6.47245957362035E-16,
0.565643744761861));
#11507=DIRECTION('ref_axis',(0.565643744761861,-1.01494594313174E-15,0.824649715947188));
#11508=DIRECTION('center_axis',(0.824649715947188,6.47245957362035E-16,
-0.565643744761861));
#11509=DIRECTION('ref_axis',(0.565643744761862,0.,0.824649715947188));
#11510=DIRECTION('',(6.06211661329239E-16,-1.,-2.60470807654795E-16));
#11511=DIRECTION('center_axis',(-0.824649715947188,-6.47245957362035E-16,
0.565643744761861));
#11512=DIRECTION('ref_axis',(-0.565643744761862,-1.11022302462516E-16,-0.824649715947188));
#11513=DIRECTION('center_axis',(-0.824649715947188,-6.47245957362035E-16,
0.565643744761861));
#11514=DIRECTION('ref_axis',(-0.489861852455533,0.5,-0.714167603233886));
#11515=DIRECTION('',(0.28282187238093,0.866025403784439,0.412324857973594));
#11516=DIRECTION('center_axis',(-0.824649715947188,-6.75001532680566E-16,
0.565643744761861));
#11517=DIRECTION('ref_axis',(0.565643744761861,-1.01494594313174E-15,0.824649715947188));
#11518=DIRECTION('center_axis',(0.824649715947188,6.75001532680566E-16,
-0.565643744761861));
#11519=DIRECTION('ref_axis',(0.565643744761862,0.,0.824649715947188));
#11520=DIRECTION('',(-0.489861852455532,-0.5,-0.714167603233887));
#11521=DIRECTION('center_axis',(-0.824649715947188,-6.75001532680566E-16,
0.565643744761861));
#11522=DIRECTION('ref_axis',(-0.282821872380931,0.866025403784438,-0.412324857973594));
#11523=DIRECTION('center_axis',(-0.824649715947188,-6.75001532680566E-16,
0.565643744761861));
#11524=DIRECTION('ref_axis',(0.,1.,0.));
#11525=DIRECTION('',(0.565643744761861,0.,0.824649715947188));
#11526=DIRECTION('center_axis',(-2.89841865770683E-16,-1.,-4.22559277797768E-16));
#11527=DIRECTION('ref_axis',(-0.565643744761862,5.12410626750072E-16,-0.824649715947188));
#11528=DIRECTION('',(0.824649715947188,0.,-0.565643744761861));
#11529=DIRECTION('',(-0.565643744761862,5.12410626750072E-16,-0.824649715947188));
#11530=DIRECTION('center_axis',(2.89841865770683E-16,1.,4.22559277797768E-16));
#11531=DIRECTION('ref_axis',(0.565643744761865,5.08376086240254E-15,0.824649715947186));
#11532=DIRECTION('',(-0.565643744761862,5.12410626750072E-16,-0.824649715947188));
#11533=DIRECTION('',(0.824649715947188,0.,-0.565643744761861));
#11534=DIRECTION('center_axis',(0.282821872380931,-0.866025403784439,0.412324857973594));
#11535=DIRECTION('ref_axis',(-0.489861852455533,-0.5,-0.714167603233886));
#11536=DIRECTION('',(0.824649715947188,0.,-0.565643744761861));
#11537=DIRECTION('',(-0.489861852455533,-0.5,-0.714167603233886));
#11538=DIRECTION('center_axis',(-0.282821872380931,0.866025403784439,-0.412324857973594));
#11539=DIRECTION('ref_axis',(0.489861852455535,0.500000000000004,0.714167603233882));
#11540=DIRECTION('',(-0.489861852455533,-0.5,-0.714167603233886));
#11541=DIRECTION('',(0.824649715947188,0.,-0.565643744761861));
#11542=DIRECTION('center_axis',(0.824649715947188,0.,-0.565643744761862));
#11543=DIRECTION('ref_axis',(0.565643744761862,0.,0.824649715947188));
#11544=DIRECTION('',(0.824649715947188,0.,-0.565643744761861));
#11545=DIRECTION('center_axis',(0.824649715947188,0.,-0.565643744761862));
#11546=DIRECTION('ref_axis',(0.565643744761862,0.,0.824649715947188));
#11547=DIRECTION('',(0.824649715947188,0.,-0.565643744761861));
#11548=DIRECTION('center_axis',(0.824649715947188,0.,-0.565643744761862));
#11549=DIRECTION('ref_axis',(0.,-1.,0.));
#11550=DIRECTION('',(0.824649715947188,0.,-0.565643744761861));
#11551=DIRECTION('center_axis',(-0.824649715947188,0.,0.565643744761862));
#11552=DIRECTION('ref_axis',(0.,-1.,0.));
#11553=DIRECTION('center_axis',(-0.282821872380931,-0.866025403784439,-0.412324857973594));
#11554=DIRECTION('ref_axis',(-0.489861852455533,0.5,-0.714167603233886));
#11555=DIRECTION('',(0.824649715947188,0.,-0.565643744761861));
#11556=DIRECTION('',(-0.489861852455533,0.5,-0.714167603233886));
#11557=DIRECTION('center_axis',(0.282821872380931,0.866025403784439,0.412324857973594));
#11558=DIRECTION('ref_axis',(0.489861852455538,-0.499999999999996,0.714167603233886));
#11559=DIRECTION('',(-0.489861852455533,0.5,-0.714167603233886));
#11560=DIRECTION('center_axis',(0.824649715947188,0.,-0.565643744761862));
#11561=DIRECTION('ref_axis',(0.565643744761862,0.,0.824649715947188));
#11562=DIRECTION('',(0.824649715947188,0.,-0.565643744761861));
#11563=DIRECTION('center_axis',(0.824649715947188,0.,-0.565643744761862));
#11564=DIRECTION('ref_axis',(0.565643744761862,0.,0.824649715947188));
#11565=DIRECTION('',(0.824649715947188,0.,-0.565643744761861));
#11566=DIRECTION('center_axis',(0.824649715947188,0.,-0.565643744761862));
#11567=DIRECTION('ref_axis',(-0.282821872380931,-0.866025403784439,-0.412324857973594));
#11568=DIRECTION('',(0.824649715947188,0.,-0.565643744761861));
#11569=DIRECTION('center_axis',(-0.824649715947188,0.,0.565643744761862));
#11570=DIRECTION('ref_axis',(-0.282821872380931,-0.866025403784439,-0.412324857973594));
#11571=DIRECTION('center_axis',(-0.489861852455533,-0.5,-0.714167603233886));
#11572=DIRECTION('ref_axis',(-0.282821872380931,0.866025403784439,-0.412324857973594));
#11573=DIRECTION('',(0.824649715947188,0.,-0.565643744761861));
#11574=DIRECTION('',(-0.282821872380931,0.866025403784439,-0.412324857973594));
#11575=DIRECTION('center_axis',(0.489861852455533,0.5,0.714167603233886));
#11576=DIRECTION('ref_axis',(0.282821872380936,-0.866025403784436,0.412324857973596));
#11577=DIRECTION('',(-0.282821872380931,0.866025403784438,-0.412324857973594));
#11578=DIRECTION('center_axis',(0.824649715947188,0.,-0.565643744761862));
#11579=DIRECTION('ref_axis',(0.565643744761862,0.,0.824649715947188));
#11580=DIRECTION('',(0.824649715947188,0.,-0.565643744761861));
#11581=DIRECTION('center_axis',(0.824649715947188,0.,-0.565643744761862));
#11582=DIRECTION('ref_axis',(0.565643744761862,0.,0.824649715947188));
#11583=DIRECTION('',(0.824649715947188,0.,-0.565643744761861));
#11584=DIRECTION('center_axis',(0.824649715947188,0.,-0.565643744761862));
#11585=DIRECTION('ref_axis',(-0.489861852455533,-0.5,-0.714167603233886));
#11586=DIRECTION('',(0.824649715947188,0.,-0.565643744761861));
#11587=DIRECTION('center_axis',(-0.824649715947188,0.,0.565643744761862));
#11588=DIRECTION('ref_axis',(-0.489861852455533,-0.5,-0.714167603233886));
#11589=DIRECTION('center_axis',(-0.565643744761862,1.28102656687518E-16,
-0.824649715947188));
#11590=DIRECTION('ref_axis',(7.24604664426708E-17,1.,1.05639819449442E-16));
#11591=DIRECTION('',(0.824649715947188,0.,-0.565643744761861));
#11592=DIRECTION('',(7.24604664426708E-17,1.,1.05639819449442E-16));
#11593=DIRECTION('center_axis',(0.565643744761862,-1.28102656687518E-16,
0.824649715947188));
#11594=DIRECTION('ref_axis',(5.68015126008424E-15,-1.,2.26672254379917E-15));
#11595=DIRECTION('',(7.24604664426708E-17,1.,1.05639819449442E-16));
#11596=DIRECTION('center_axis',(0.824649715947188,0.,-0.565643744761862));
#11597=DIRECTION('ref_axis',(0.565643744761862,0.,0.824649715947188));
#11598=DIRECTION('',(0.824649715947188,0.,-0.565643744761861));
#11599=DIRECTION('center_axis',(0.824649715947188,0.,-0.565643744761862));
#11600=DIRECTION('ref_axis',(0.565643744761862,0.,0.824649715947188));
#11601=DIRECTION('',(0.824649715947188,0.,-0.565643744761861));
#11602=DIRECTION('center_axis',(0.824649715947188,0.,-0.565643744761862));
#11603=DIRECTION('ref_axis',(-0.565643744761862,-1.11022302462516E-16,-0.824649715947188));
#11604=DIRECTION('',(0.824649715947188,0.,-0.565643744761861));
#11605=DIRECTION('center_axis',(-0.824649715947188,0.,0.565643744761862));
#11606=DIRECTION('ref_axis',(-0.565643744761862,-1.11022302462516E-16,-0.824649715947188));
#11607=DIRECTION('center_axis',(-0.489861852455533,0.5,-0.714167603233886));
#11608=DIRECTION('ref_axis',(0.282821872380931,0.866025403784439,0.412324857973594));
#11609=DIRECTION('',(0.824649715947188,0.,-0.565643744761861));
#11610=DIRECTION('',(0.282821872380931,0.866025403784439,0.412324857973594));
#11611=DIRECTION('center_axis',(0.489861852455533,-0.5,0.714167603233886));
#11612=DIRECTION('ref_axis',(-0.282821872380925,-0.866025403784441,-0.412324857973592));
#11613=DIRECTION('',(0.282821872380931,0.866025403784439,0.412324857973594));
#11614=DIRECTION('center_axis',(0.489861852455533,-0.5,0.714167603233886));
#11615=DIRECTION('ref_axis',(-0.282821872380931,-0.866025403784439,-0.412324857973594));
#11616=DIRECTION('',(0.824649715947188,0.,-0.565643744761861));
#11617=DIRECTION('',(-0.282821872380931,-0.866025403784439,-0.412324857973594));
#11618=DIRECTION('center_axis',(-0.489861852455533,0.5,-0.714167603233886));
#11619=DIRECTION('ref_axis',(-0.282821872380925,-0.866025403784441,-0.412324857973592));
#11620=DIRECTION('',(-0.282821872380931,-0.866025403784439,-0.412324857973594));
#11621=DIRECTION('',(0.824649715947188,0.,-0.565643744761861));
#11622=DIRECTION('center_axis',(0.824649715947188,0.,-0.565643744761862));
#11623=DIRECTION('ref_axis',(0.565643744761862,0.,0.824649715947188));
#11624=DIRECTION('',(0.824649715947188,0.,-0.565643744761861));
#11625=DIRECTION('center_axis',(0.824649715947188,0.,-0.565643744761862));
#11626=DIRECTION('ref_axis',(0.565643744761862,0.,0.824649715947188));
#11627=DIRECTION('center_axis',(-0.282821872380931,0.866025403784439,-0.412324857973594));
#11628=DIRECTION('ref_axis',(0.489861852455533,0.5,0.714167603233886));
#11629=DIRECTION('',(0.824649715947188,0.,-0.565643744761861));
#11630=DIRECTION('',(0.489861852455533,0.5,0.714167603233886));
#11631=DIRECTION('center_axis',(0.282821872380931,-0.866025403784439,0.412324857973594));
#11632=DIRECTION('ref_axis',(-0.489861852455529,-0.500000000000005,-0.714167603233886));
#11633=DIRECTION('',(0.489861852455533,0.5,0.714167603233886));
#11634=DIRECTION('center_axis',(0.824649715947188,0.,-0.565643744761862));
#11635=DIRECTION('ref_axis',(-0.282821872380931,0.866025403784438,-0.412324857973594));
#11636=DIRECTION('',(0.824649715947188,0.,-0.565643744761861));
#11637=DIRECTION('center_axis',(-0.824649715947188,0.,0.565643744761862));
#11638=DIRECTION('ref_axis',(-0.282821872380931,0.866025403784438,-0.412324857973594));
#11639=DIRECTION('center_axis',(0.282821872380931,-0.866025403784439,0.412324857973594));
#11640=DIRECTION('ref_axis',(-0.489861852455533,-0.5,-0.714167603233886));
#11641=DIRECTION('',(0.824649715947188,0.,-0.565643744761861));
#11642=DIRECTION('',(-0.489861852455533,-0.5,-0.714167603233886));
#11643=DIRECTION('center_axis',(-0.282821872380931,0.866025403784439,-0.412324857973594));
#11644=DIRECTION('ref_axis',(-0.489861852455529,-0.500000000000005,-0.714167603233886));
#11645=DIRECTION('',(-0.489861852455533,-0.5,-0.714167603233886));
#11646=DIRECTION('center_axis',(0.824649715947188,0.,-0.565643744761862));
#11647=DIRECTION('ref_axis',(0.565643744761862,0.,0.824649715947188));
#11648=DIRECTION('',(0.824649715947188,0.,-0.565643744761861));
#11649=DIRECTION('center_axis',(0.824649715947188,0.,-0.565643744761862));
#11650=DIRECTION('ref_axis',(0.565643744761862,0.,0.824649715947188));
#11651=DIRECTION('center_axis',(0.824649715947188,0.,-0.565643744761862));
#11652=DIRECTION('ref_axis',(0.546369901544345,0.258819045102521,0.796550458275333));
#11653=DIRECTION('center_axis',(0.824649715947188,0.,-0.565643744761862));
#11654=DIRECTION('ref_axis',(0.546369901544345,0.258819045102521,0.796550458275333));
#11655=DIRECTION('',(0.824649715947188,0.,-0.565643744761862));
#11656=DIRECTION('center_axis',(0.824649715947188,0.,-0.565643744761862));
#11657=DIRECTION('ref_axis',(0.546369901544345,0.258819045102521,0.796550458275333));
#11658=DIRECTION('center_axis',(0.824649715947188,0.,-0.565643744761862));
#11659=DIRECTION('ref_axis',(-0.565643744761862,0.,-0.824649715947188));
#11660=DIRECTION('center_axis',(-0.282821872380931,-0.866025403784439,-0.412324857973593));
#11661=DIRECTION('ref_axis',(-0.824649715947188,2.22044604925031E-16,0.565643744761862));
#11662=DIRECTION('',(0.489861852455533,-0.499999999999999,0.714167603233886));
#11663=DIRECTION('center_axis',(-0.282821872380931,-0.866025403784439,-0.412324857973593));
#11664=DIRECTION('ref_axis',(0.824649715947188,-1.63268091856642E-16,-0.565643744761862));
#11665=DIRECTION('center_axis',(-0.282821872380931,-0.866025403784439,-0.412324857973593));
#11666=DIRECTION('ref_axis',(-0.489861852455532,0.499999999999995,-0.714167603233891));
#11667=DIRECTION('',(-0.28282187238093,-0.866025403784439,-0.412324857973593));
#11668=DIRECTION('center_axis',(-0.282821872380931,-0.866025403784439,-0.412324857973593));
#11669=DIRECTION('ref_axis',(0.824649715947188,-1.63268091856642E-16,-0.565643744761862));
#11670=DIRECTION('',(0.28282187238093,0.866025403784439,0.412324857973593));
#11671=DIRECTION('center_axis',(0.28282187238093,0.866025403784439,0.412324857973594));
#11672=DIRECTION('ref_axis',(-0.489861852455532,0.499999999999995,-0.714167603233891));
#11673=DIRECTION('center_axis',(-0.282821872380931,-0.866025403784439,-0.412324857973593));
#11674=DIRECTION('ref_axis',(-0.489861852455532,0.499999999999995,-0.714167603233891));
#11675=DIRECTION('',(-0.28282187238093,-0.866025403784439,-0.412324857973593));
#11676=DIRECTION('center_axis',(-0.28282187238093,-0.866025403784439,-0.412324857973594));
#11677=DIRECTION('ref_axis',(-0.489861852455532,0.499999999999995,-0.714167603233891));
#11678=DIRECTION('',(0.28282187238093,0.866025403784439,0.412324857973593));
#11679=DIRECTION('center_axis',(0.282821872380931,0.866025403784439,0.412324857973593));
#11680=DIRECTION('ref_axis',(0.824649715947188,-2.22044604925031E-16,-0.565643744761862));
#11681=DIRECTION('',(-0.489861852455533,0.499999999999999,-0.714167603233886));
#11682=DIRECTION('center_axis',(-0.28282187238093,-0.866025403784439,-0.412324857973594));
#11683=DIRECTION('ref_axis',(-0.489861852455533,0.499999999999999,-0.714167603233886));
#11684=DIRECTION('',(0.824649715947188,0.,-0.565643744761861));
#11685=DIRECTION('',(-0.489861852455533,0.499999999999999,-0.714167603233886));
#11686=DIRECTION('',(-0.489861852455533,0.499999999999999,-0.714167603233886));
#11687=DIRECTION('',(0.824649715947188,0.,-0.565643744761861));
#11688=DIRECTION('center_axis',(0.824649715947188,0.,-0.565643744761862));
#11689=DIRECTION('ref_axis',(0.565643744761862,0.,0.824649715947188));
#11690=DIRECTION('',(0.489861852455533,-0.499999999999999,0.714167603233886));
#11691=DIRECTION('center_axis',(-0.824649715947188,0.,0.565643744761862));
#11692=DIRECTION('ref_axis',(0.28282187238093,0.866025403784439,0.412324857973593));
#11693=DIRECTION('center_axis',(0.824649715947188,0.,-0.565643744761862));
#11694=DIRECTION('ref_axis',(0.565643744761862,0.,0.824649715947188));
#11695=DIRECTION('',(0.282821872380931,-0.866025403784439,0.412324857973594));
#11696=DIRECTION('',(-0.489861852455533,-0.500000000000001,-0.714167603233886));
#11697=DIRECTION('',(0.282821872380931,-0.866025403784438,0.412324857973594));
#11698=DIRECTION('',(0.489861852455533,0.500000000000001,0.714167603233886));
#11699=DIRECTION('',(0.282821872380931,-0.866025403784439,0.412324857973594));
#11700=DIRECTION('center_axis',(-0.824649715947188,0.,0.565643744761862));
#11701=DIRECTION('ref_axis',(0.489861852455533,0.5,0.714167603233886));
#11702=DIRECTION('',(-0.282821872380931,0.866025403784438,-0.412324857973594));
#11703=DIRECTION('',(0.489861852455533,0.500000000000001,0.714167603233886));
#11704=DIRECTION('',(-0.282821872380931,0.866025403784438,-0.412324857973594));
#11705=DIRECTION('',(-0.489861852455533,-0.500000000000001,-0.714167603233886));
#11706=DIRECTION('',(-0.282821872380931,0.866025403784438,-0.412324857973594));
#11707=DIRECTION('center_axis',(0.824649715947188,0.,-0.565643744761862));
#11708=DIRECTION('ref_axis',(0.565643744761862,0.,0.824649715947188));
#11709=DIRECTION('',(-1.3284418847823E-16,-1.,-1.93673002323977E-16));
#11710=DIRECTION('',(-0.565643744761862,0.,-0.824649715947188));
#11711=DIRECTION('',(0.,-1.,0.));
#11712=DIRECTION('',(0.565643744761862,0.,0.824649715947188));
#11713=DIRECTION('',(-1.3284418847823E-16,-1.,-1.93673002323977E-16));
#11714=DIRECTION('center_axis',(-0.824649715947188,0.,0.565643744761862));
#11715=DIRECTION('ref_axis',(0.565643744761862,0.,0.824649715947188));
#11716=DIRECTION('',(0.,1.,0.));
#11717=DIRECTION('',(0.565643744761862,0.,0.824649715947188));
#11718=DIRECTION('',(0.,1.,0.));
#11719=DIRECTION('',(-0.565643744761862,0.,-0.824649715947188));
#11720=DIRECTION('',(0.,1.,0.));
#11721=DIRECTION('center_axis',(0.824649715947188,0.,-0.565643744761862));
#11722=DIRECTION('ref_axis',(0.565643744761862,0.,0.824649715947188));
#11723=DIRECTION('',(-0.282821872380931,-0.866025403784439,-0.412324857973594));
#11724=DIRECTION('',(-0.489861852455533,0.5,-0.714167603233886));
#11725=DIRECTION('',(-0.282821872380931,-0.866025403784439,-0.412324857973594));
#11726=DIRECTION('',(0.489861852455533,-0.5,0.714167603233886));
#11727=DIRECTION('',(-0.282821872380931,-0.866025403784439,-0.412324857973594));
#11728=DIRECTION('center_axis',(-0.824649715947188,0.,0.565643744761862));
#11729=DIRECTION('ref_axis',(0.489861852455533,-0.5,0.714167603233886));
#11730=DIRECTION('',(0.282821872380931,0.866025403784439,0.412324857973594));
#11731=DIRECTION('',(0.489861852455533,-0.5,0.714167603233886));
#11732=DIRECTION('',(0.282821872380931,0.866025403784439,0.412324857973594));
#11733=DIRECTION('',(-0.489861852455533,0.5,-0.714167603233886));
#11734=DIRECTION('',(0.282821872380931,0.866025403784439,0.412324857973594));
#11735=DIRECTION('center_axis',(0.824649715947188,0.,-0.565643744761862));
#11736=DIRECTION('ref_axis',(0.565643744761862,0.,0.824649715947188));
#11737=DIRECTION('',(-0.282821872380931,0.866025403784439,-0.412324857973594));
#11738=DIRECTION('',(-0.489861852455533,-0.5,-0.714167603233886));
#11739=DIRECTION('',(0.282821872380931,-0.866025403784439,0.412324857973594));
#11740=DIRECTION('center_axis',(-0.824649715947188,0.,0.565643744761862));
#11741=DIRECTION('ref_axis',(0.282821872380931,-0.866025403784439,0.412324857973594));
#11742=DIRECTION('',(0.489861852455533,0.5,0.714167603233886));
#11743=DIRECTION('',(0.282821872380931,-0.866025403784439,0.412324857973594));
#11744=DIRECTION('',(0.489861852455533,0.5,0.714167603233886));
#11745=DIRECTION('',(-0.282821872380931,0.866025403784439,-0.412324857973594));
#11746=DIRECTION('',(0.489861852455533,0.5,0.714167603233886));
#11747=DIRECTION('center_axis',(0.824649715947188,0.,-0.565643744761862));
#11748=DIRECTION('ref_axis',(0.565643744761862,0.,0.824649715947188));
#11749=DIRECTION('',(-1.11022302462516E-16,1.,-1.11022302462516E-16));
#11750=DIRECTION('',(-0.565643744761862,-1.54353581106498E-16,-0.824649715947188));
#11751=DIRECTION('',(1.11022302462516E-16,-1.,1.11022302462516E-16));
#11752=DIRECTION('',(0.565643744761862,-1.70803542250024E-16,0.824649715947188));
#11753=DIRECTION('',(1.11022302462516E-16,-1.,1.11022302462516E-16));
#11754=DIRECTION('',(0.565643744761862,1.54353581106498E-16,0.824649715947188));
#11755=DIRECTION('',(-1.11022302462516E-16,1.,-1.11022302462516E-16));
#11756=DIRECTION('',(0.565643744761862,-1.70803542250024E-16,0.824649715947188));
#11757=DIRECTION('',(0.282821872380931,0.866025403784439,0.412324857973594));
#11758=DIRECTION('',(-0.489861852455533,0.5,-0.714167603233886));
#11759=DIRECTION('',(-0.282821872380931,-0.866025403784439,-0.412324857973594));
#11760=DIRECTION('',(0.489861852455533,-0.5,0.714167603233886));
#11761=DIRECTION('',(-0.282821872380931,-0.866025403784439,-0.412324857973594));
#11762=DIRECTION('',(0.489861852455533,-0.5,0.714167603233886));
#11763=DIRECTION('',(0.282821872380931,0.866025403784439,0.412324857973594));
#11764=DIRECTION('',(0.489861852455533,-0.5,0.714167603233886));
#11765=DIRECTION('',(0.489861852455533,0.5,0.714167603233886));
#11766=DIRECTION('',(-0.282821872380931,0.866025403784438,-0.412324857973594));
#11767=DIRECTION('',(-0.489861852455533,-0.5,-0.714167603233886));
#11768=DIRECTION('',(0.282821872380931,-0.866025403784438,0.412324857973594));
#11769=DIRECTION('',(-0.489861852455533,-0.5,-0.714167603233886));
#11770=DIRECTION('',(0.282821872380931,-0.866025403784438,0.412324857973594));
#11771=DIRECTION('',(0.489861852455533,0.5,0.714167603233886));
#11772=DIRECTION('',(0.282821872380931,-0.866025403784438,0.412324857973594));
#11773=DIRECTION('',(0.565643744761862,1.22464679914735E-16,0.824649715947188));
#11774=DIRECTION('',(-6.92713801480336E-17,1.,-1.0099046350525E-16));
#11775=DIRECTION('',(-0.565643744761862,-1.22464679914735E-16,-0.824649715947188));
#11776=DIRECTION('',(7.24604664426709E-17,-1.,1.05639819449442E-16));
#11777=DIRECTION('',(-0.565643744761862,-1.22464679914735E-16,-0.824649715947188));
#11778=DIRECTION('',(6.92713801480336E-17,-1.,1.0099046350525E-16));
#11779=DIRECTION('',(0.565643744761862,1.22464679914735E-16,0.824649715947188));
#11780=DIRECTION('',(7.24604664426709E-17,-1.,1.05639819449442E-16));
#11781=DIRECTION('',(0.489861852455533,-0.5,0.714167603233886));
#11782=DIRECTION('',(0.282821872380931,0.866025403784439,0.412324857973594));
#11783=DIRECTION('',(-0.489861852455533,0.5,-0.714167603233886));
#11784=DIRECTION('center_axis',(-0.824649715947188,0.,0.565643744761862));
#11785=DIRECTION('ref_axis',(-0.489861852455533,0.5,-0.714167603233886));
#11786=DIRECTION('',(-0.489861852455533,0.5,-0.714167603233886));
#11787=DIRECTION('',(-0.282821872380931,-0.866025403784439,-0.412324857973594));
#11788=DIRECTION('',(0.489861852455533,-0.5,0.714167603233886));
#11789=DIRECTION('',(0.282821872380931,-0.866025403784438,0.412324857973594));
#11790=DIRECTION('',(0.489861852455533,0.5,0.714167603233886));
#11791=DIRECTION('',(-0.282821872380931,0.866025403784438,-0.412324857973594));
#11792=DIRECTION('',(-0.282821872380931,0.866025403784438,-0.412324857973594));
#11793=DIRECTION('',(-0.489861852455533,-0.5,-0.714167603233886));
#11794=DIRECTION('',(0.282821872380931,-0.866025403784438,0.412324857973594));
#11795=DIRECTION('',(0.565643744761862,0.,0.824649715947188));
#11796=DIRECTION('',(1.11022302462516E-16,-1.,1.66533453693773E-16));
#11797=DIRECTION('',(0.565643744761862,2.00130836201256E-16,0.824649715947188));
#11798=DIRECTION('',(-1.11022302462516E-16,1.,-1.66533453693773E-16));
#11799=DIRECTION('',(0.565643744761862,0.,0.824649715947188));
#11800=DIRECTION('center_axis',(-0.824649715947188,0.,0.565643744761862));
#11801=DIRECTION('ref_axis',(0.,1.,0.));
#11802=DIRECTION('',(-0.565643744761862,-1.70803542250024E-16,-0.824649715947188));
#11803=DIRECTION('',(-1.11022302462516E-16,1.,-1.66533453693773E-16));
#11804=DIRECTION('',(-0.565643744761862,-2.00130836201256E-16,-0.824649715947188));
#11805=DIRECTION('',(1.11022302462516E-16,-1.,1.66533453693773E-16));
#11806=DIRECTION('',(-0.565643744761862,-1.70803542250024E-16,-0.824649715947188));
#11807=DIRECTION('center_axis',(0.824649715947188,0.,-0.565643744761862));
#11808=DIRECTION('ref_axis',(0.565643744761862,0.,0.824649715947188));
#11809=DIRECTION('',(0.489861852455533,-0.499999999999999,0.714167603233886));
#11810=DIRECTION('center_axis',(-0.489861852455533,-0.500000000000001,-0.714167603233886));
#11811=DIRECTION('ref_axis',(-0.824649715947188,2.77555756156289E-17,0.565643744761862));
#11812=DIRECTION('center_axis',(-0.489861852455533,-0.500000000000001,-0.714167603233886));
#11813=DIRECTION('ref_axis',(0.824649715947188,-4.08170229641604E-17,-0.565643744761862));
#11814=DIRECTION('center_axis',(-0.489861852455533,-0.500000000000001,-0.714167603233886));
#11815=DIRECTION('ref_axis',(-0.282821872380931,0.866025403784436,-0.4123248579736));
#11816=DIRECTION('center_axis',(-0.489861852455533,-0.500000000000001,-0.714167603233886));
#11817=DIRECTION('ref_axis',(0.824649715947188,-4.08170229641604E-17,-0.565643744761862));
#11818=DIRECTION('center_axis',(0.489861852455533,0.500000000000001,0.714167603233886));
#11819=DIRECTION('ref_axis',(-0.282821872380931,0.866025403784436,-0.4123248579736));
#11820=DIRECTION('center_axis',(-0.489861852455533,-0.500000000000001,-0.714167603233886));
#11821=DIRECTION('ref_axis',(-0.282821872380931,0.866025403784436,-0.4123248579736));
#11822=DIRECTION('center_axis',(-0.489861852455533,-0.5,-0.714167603233886));
#11823=DIRECTION('ref_axis',(-0.282821872380931,0.866025403784436,-0.4123248579736));
#11824=DIRECTION('center_axis',(0.489861852455533,0.500000000000001,0.714167603233886));
#11825=DIRECTION('ref_axis',(0.824649715947188,-2.77555756156289E-17,-0.565643744761862));
#11826=DIRECTION('center_axis',(-0.489861852455533,-0.500000000000001,-0.714167603233886));
#11827=DIRECTION('ref_axis',(-0.282821872380931,0.866025403784438,-0.412324857973594));
#11828=DIRECTION('',(0.824649715947188,0.,-0.565643744761861));
#11829=DIRECTION('',(0.824649715947188,0.,-0.565643744761861));
#11830=DIRECTION('center_axis',(1.11022302462516E-16,-1.,1.66533453693773E-16));
#11831=DIRECTION('ref_axis',(-0.824649715947188,2.22044604925031E-16,0.565643744761862));
#11832=DIRECTION('center_axis',(1.11022302462516E-16,-1.,1.66533453693773E-16));
#11833=DIRECTION('ref_axis',(0.824649715947188,-2.44902137784962E-16,-0.565643744761862));
#11834=DIRECTION('center_axis',(1.11022302462516E-16,-1.,1.66533453693773E-16));
#11835=DIRECTION('ref_axis',(-0.565643744761859,-5.1434264714003E-15,-0.82464971594719));
#11836=DIRECTION('center_axis',(1.11022302462516E-16,-1.,1.66533453693773E-16));
#11837=DIRECTION('ref_axis',(0.824649715947188,-2.44902137784962E-16,-0.565643744761862));
#11838=DIRECTION('center_axis',(-9.66139552568945E-17,1.,-1.40853092599256E-16));
#11839=DIRECTION('ref_axis',(-0.565643744761859,-5.1434264714003E-15,-0.82464971594719));
#11840=DIRECTION('center_axis',(1.11022302462516E-16,-1.,1.66533453693773E-16));
#11841=DIRECTION('ref_axis',(-0.565643744761859,-5.1434264714003E-15,-0.82464971594719));
#11842=DIRECTION('center_axis',(0.,-1.,0.));
#11843=DIRECTION('ref_axis',(-0.565643744761859,-5.1434264714003E-15,-0.82464971594719));
#11844=DIRECTION('center_axis',(-1.11022302462516E-16,1.,-1.66533453693773E-16));
#11845=DIRECTION('ref_axis',(0.824649715947188,-2.22044604925031E-16,-0.565643744761862));
#11846=DIRECTION('center_axis',(9.66139552568945E-17,-1.,1.40853092599256E-16));
#11847=DIRECTION('ref_axis',(-0.565643744761862,-1.70803542250024E-16,-0.824649715947188));
#11848=DIRECTION('',(0.824649715947188,0.,-0.565643744761861));
#11849=DIRECTION('',(0.824649715947188,0.,-0.565643744761861));
#11850=DIRECTION('center_axis',(-1.11022302462516E-16,1.,-1.11022302462516E-16));
#11851=DIRECTION('ref_axis',(-0.824649715947188,-1.66533453693773E-16,0.565643744761862));
#11852=DIRECTION('center_axis',(-1.11022302462516E-16,1.,-1.11022302462516E-16));
#11853=DIRECTION('ref_axis',(0.824649715947188,2.44902137784962E-16,-0.565643744761862));
#11854=DIRECTION('center_axis',(-1.11022302462516E-16,1.,-1.11022302462516E-16));
#11855=DIRECTION('ref_axis',(0.565643744761865,5.08376086240254E-15,0.824649715947186));
#11856=DIRECTION('center_axis',(-1.11022302462516E-16,1.,-1.11022302462516E-16));
#11857=DIRECTION('ref_axis',(0.824649715947188,2.44902137784962E-16,-0.565643744761862));
#11858=DIRECTION('center_axis',(-9.66139552568946E-17,-1.,-1.40853092599256E-16));
#11859=DIRECTION('ref_axis',(0.565643744761865,5.08376086240254E-15,0.824649715947186));
#11860=DIRECTION('center_axis',(-1.11022302462516E-16,1.,-1.11022302462516E-16));
#11861=DIRECTION('ref_axis',(0.565643744761865,5.08376086240254E-15,0.824649715947186));
#11862=DIRECTION('center_axis',(1.11022302462516E-16,-1.,1.11022302462516E-16));
#11863=DIRECTION('ref_axis',(0.824649715947188,1.66533453693773E-16,-0.565643744761862));
#11864=DIRECTION('center_axis',(9.66139552568946E-17,1.,1.40853092599256E-16));
#11865=DIRECTION('ref_axis',(0.565643744761862,-1.70803542250024E-16,0.824649715947188));
#11866=DIRECTION('center_axis',(0.565643744761862,1.22464679914735E-16,
0.824649715947188));
#11867=DIRECTION('ref_axis',(-0.824649715947188,-2.46519032881566E-32,0.565643744761862));
#11868=DIRECTION('center_axis',(0.565643744761862,1.22464679914735E-16,
0.824649715947188));
#11869=DIRECTION('ref_axis',(0.824649715947188,2.71895992148788E-32,-0.565643744761862));
#11870=DIRECTION('center_axis',(0.565643744761862,1.22464679914735E-16,
0.824649715947188));
#11871=DIRECTION('ref_axis',(5.68015126008424E-15,-1.,2.26672254379917E-15));
#11872=DIRECTION('center_axis',(0.565643744761862,1.22464679914735E-16,
0.824649715947188));
#11873=DIRECTION('ref_axis',(0.824649715947188,2.71895992148788E-32,-0.565643744761862));
#11874=DIRECTION('center_axis',(-0.565643744761862,-1.28102656687518E-16,
-0.824649715947188));
#11875=DIRECTION('ref_axis',(5.68015126008424E-15,-1.,2.26672254379917E-15));
#11876=DIRECTION('center_axis',(0.565643744761862,1.22464679914735E-16,
0.824649715947188));
#11877=DIRECTION('ref_axis',(5.68015126008424E-15,-1.,2.26672254379917E-15));
#11878=DIRECTION('center_axis',(-0.565643744761862,-1.22464679914735E-16,
-0.824649715947188));
#11879=DIRECTION('ref_axis',(0.824649715947188,2.46519032881566E-32,-0.565643744761862));
#11880=DIRECTION('center_axis',(0.565643744761862,1.28102656687518E-16,
0.824649715947188));
#11881=DIRECTION('ref_axis',(7.24604664426709E-17,-1.,1.05639819449442E-16));
#11882=DIRECTION('center_axis',(0.489861852455533,0.5,0.714167603233886));
#11883=DIRECTION('ref_axis',(-0.824649715947188,-5.55111512312578E-17,0.565643744761862));
#11884=DIRECTION('center_axis',(0.489861852455533,0.5,0.714167603233886));
#11885=DIRECTION('ref_axis',(0.824649715947188,4.08170229641604E-17,-0.565643744761862));
#11886=DIRECTION('center_axis',(0.489861852455533,0.5,0.714167603233886));
#11887=DIRECTION('ref_axis',(0.282821872380936,-0.866025403784436,0.412324857973596));
#11888=DIRECTION('center_axis',(0.489861852455533,0.5,0.714167603233886));
#11889=DIRECTION('ref_axis',(0.824649715947188,4.08170229641604E-17,-0.565643744761862));
#11890=DIRECTION('center_axis',(-0.489861852455533,-0.5,-0.714167603233886));
#11891=DIRECTION('ref_axis',(0.282821872380936,-0.866025403784436,0.412324857973596));
#11892=DIRECTION('center_axis',(0.489861852455533,0.5,0.714167603233886));
#11893=DIRECTION('ref_axis',(0.282821872380936,-0.866025403784436,0.412324857973596));
#11894=DIRECTION('center_axis',(-0.489861852455533,-0.5,-0.714167603233886));
#11895=DIRECTION('ref_axis',(0.824649715947188,5.55111512312578E-17,-0.565643744761862));
#11896=DIRECTION('center_axis',(0.489861852455533,0.5,0.714167603233886));
#11897=DIRECTION('ref_axis',(0.282821872380931,-0.866025403784438,0.412324857973594));
#11898=DIRECTION('center_axis',(0.282821872380931,-0.866025403784438,0.412324857973594));
#11899=DIRECTION('ref_axis',(-0.824649715947188,1.66533453693773E-16,0.565643744761862));
#11900=DIRECTION('center_axis',(0.282821872380931,-0.866025403784438,0.412324857973594));
#11901=DIRECTION('ref_axis',(0.824649715947188,-1.63268091856642E-16,-0.565643744761862));
#11902=DIRECTION('center_axis',(0.282821872380931,-0.866025403784438,0.412324857973594));
#11903=DIRECTION('ref_axis',(-0.489861852455529,-0.500000000000005,-0.714167603233886));
#11904=DIRECTION('center_axis',(0.282821872380931,-0.866025403784438,0.412324857973594));
#11905=DIRECTION('ref_axis',(0.824649715947188,-1.63268091856642E-16,-0.565643744761862));
#11906=DIRECTION('center_axis',(0.282821872380931,-0.866025403784438,0.412324857973594));
#11907=DIRECTION('ref_axis',(-0.489861852455529,-0.500000000000005,-0.714167603233886));
#11908=DIRECTION('center_axis',(-0.282821872380931,0.866025403784438,-0.412324857973594));
#11909=DIRECTION('ref_axis',(0.824649715947188,-1.66533453693773E-16,-0.565643744761862));
#11910=DIRECTION('center_axis',(0.282821872380931,0.866025403784439,0.412324857973594));
#11911=DIRECTION('ref_axis',(-0.824649715947188,-1.11022302462516E-16,0.565643744761862));
#11912=DIRECTION('center_axis',(0.282821872380931,0.866025403784439,0.412324857973594));
#11913=DIRECTION('ref_axis',(0.824649715947188,1.63268091856642E-16,-0.565643744761862));
#11914=DIRECTION('center_axis',(0.282821872380931,0.866025403784439,0.412324857973594));
#11915=DIRECTION('ref_axis',(0.489861852455538,-0.499999999999996,0.714167603233886));
#11916=DIRECTION('center_axis',(0.282821872380931,0.866025403784439,0.412324857973594));
#11917=DIRECTION('ref_axis',(0.824649715947188,1.63268091856642E-16,-0.565643744761862));
#11918=DIRECTION('center_axis',(-0.282821872380931,-0.866025403784439,-0.412324857973594));
#11919=DIRECTION('ref_axis',(0.489861852455538,-0.499999999999996,0.714167603233886));
#11920=DIRECTION('center_axis',(0.282821872380931,0.866025403784439,0.412324857973594));
#11921=DIRECTION('ref_axis',(0.489861852455538,-0.499999999999996,0.714167603233886));
#11922=DIRECTION('center_axis',(-0.282821872380931,-0.866025403784439,-0.412324857973594));
#11923=DIRECTION('ref_axis',(0.824649715947188,1.11022302462516E-16,-0.565643744761862));
#11924=DIRECTION('center_axis',(0.282821872380931,0.866025403784439,0.412324857973594));
#11925=DIRECTION('ref_axis',(0.489861852455533,-0.5,0.714167603233886));
#11926=DIRECTION('center_axis',(0.489861852455533,-0.5,0.714167603233886));
#11927=DIRECTION('ref_axis',(-0.824649715947188,2.77555756156289E-17,0.565643744761862));
#11928=DIRECTION('center_axis',(0.489861852455533,-0.5,0.714167603233886));
#11929=DIRECTION('ref_axis',(0.824649715947188,-4.08170229641604E-17,-0.565643744761862));
#11930=DIRECTION('center_axis',(0.489861852455533,-0.5,0.714167603233886));
#11931=DIRECTION('ref_axis',(-0.282821872380925,-0.866025403784441,-0.412324857973592));
#11932=DIRECTION('center_axis',(0.489861852455533,-0.5,0.714167603233886));
#11933=DIRECTION('ref_axis',(0.824649715947188,-4.08170229641604E-17,-0.565643744761862));
#11934=DIRECTION('center_axis',(0.489861852455533,-0.5,0.714167603233886));
#11935=DIRECTION('ref_axis',(-0.282821872380925,-0.866025403784441,-0.412324857973592));
#11936=DIRECTION('center_axis',(-0.489861852455533,0.5,-0.714167603233886));
#11937=DIRECTION('ref_axis',(0.824649715947188,-2.77555756156289E-17,-0.565643744761862));
#11938=DIRECTION('center_axis',(-0.282821872380931,0.866025403784439,-0.412324857973594));
#11939=DIRECTION('ref_axis',(-0.824649715947188,-5.55111512312578E-17,0.565643744761862));
#11940=DIRECTION('center_axis',(-0.282821872380931,0.866025403784439,-0.412324857973594));
#11941=DIRECTION('ref_axis',(0.824649715947188,8.16340459283208E-17,-0.565643744761862));
#11942=DIRECTION('center_axis',(-0.282821872380931,0.866025403784439,-0.412324857973594));
#11943=DIRECTION('ref_axis',(0.489861852455535,0.500000000000004,0.714167603233882));
#11944=DIRECTION('center_axis',(-0.282821872380931,0.866025403784439,-0.412324857973594));
#11945=DIRECTION('ref_axis',(0.824649715947188,8.16340459283208E-17,-0.565643744761862));
#11946=DIRECTION('center_axis',(0.282821872380931,-0.866025403784439,0.412324857973594));
#11947=DIRECTION('ref_axis',(0.489861852455535,0.500000000000004,0.714167603233882));
#11948=DIRECTION('center_axis',(-0.282821872380931,0.866025403784439,-0.412324857973594));
#11949=DIRECTION('ref_axis',(0.489861852455535,0.500000000000004,0.714167603233882));
#11950=DIRECTION('center_axis',(0.282821872380931,-0.866025403784439,0.412324857973594));
#11951=DIRECTION('ref_axis',(0.824649715947188,5.55111512312578E-17,-0.565643744761862));
#11952=DIRECTION('center_axis',(-0.282821872380931,0.866025403784439,-0.412324857973594));
#11953=DIRECTION('ref_axis',(0.489861852455533,0.5,0.714167603233886));
#11954=DIRECTION('',(0.824649715947188,0.,-0.565643744761861));
#11955=DIRECTION('',(0.824649715947188,0.,-0.565643744761861));
#11956=DIRECTION('center_axis',(-0.489861852455534,0.5,-0.714167603233886));
#11957=DIRECTION('ref_axis',(-0.824649715947188,-8.32667268468867E-17,0.565643744761862));
#11958=DIRECTION('center_axis',(-0.489861852455534,0.5,-0.714167603233886));
#11959=DIRECTION('ref_axis',(0.824649715947188,1.22451068892481E-16,-0.565643744761862));
#11960=DIRECTION('center_axis',(-0.489861852455534,0.5,-0.714167603233886));
#11961=DIRECTION('ref_axis',(0.282821872380931,0.866025403784441,0.412324857973588));
#11962=DIRECTION('center_axis',(-0.489861852455534,0.5,-0.714167603233886));
#11963=DIRECTION('ref_axis',(0.824649715947188,1.22451068892481E-16,-0.565643744761862));
#11964=DIRECTION('center_axis',(0.489861852455533,-0.5,0.714167603233886));
#11965=DIRECTION('ref_axis',(0.282821872380931,0.866025403784441,0.412324857973588));
#11966=DIRECTION('center_axis',(-0.489861852455534,0.5,-0.714167603233886));
#11967=DIRECTION('ref_axis',(0.282821872380931,0.866025403784441,0.412324857973588));
#11968=DIRECTION('center_axis',(-0.489861852455533,0.5,-0.714167603233886));
#11969=DIRECTION('ref_axis',(0.282821872380931,0.866025403784441,0.412324857973588));
#11970=DIRECTION('center_axis',(0.489861852455534,-0.5,0.714167603233886));
#11971=DIRECTION('ref_axis',(0.824649715947188,8.32667268468867E-17,-0.565643744761862));
#11972=DIRECTION('center_axis',(-0.489861852455533,0.5,-0.714167603233886));
#11973=DIRECTION('ref_axis',(0.282821872380931,0.866025403784439,0.412324857973594));
#11974=DIRECTION('',(0.824649715947188,0.,-0.565643744761861));
#11975=DIRECTION('',(0.824649715947188,0.,-0.565643744761861));
#11976=DIRECTION('center_axis',(0.565643744761862,0.,0.824649715947188));
#11977=DIRECTION('ref_axis',(0.824649715947188,0.,-0.565643744761862));
#11978=DIRECTION('center_axis',(-0.565643744761862,0.,-0.824649715947188));
#11979=DIRECTION('ref_axis',(0.824649715947188,0.,-0.565643744761862));
#11980=DIRECTION('center_axis',(-0.565643744761862,0.,-0.824649715947188));
#11981=DIRECTION('ref_axis',(-0.824649715947188,0.,0.565643744761862));
#11982=DIRECTION('center_axis',(-0.565643744761862,0.,-0.824649715947188));
#11983=DIRECTION('ref_axis',(0.824649715947188,0.,-0.565643744761862));
#11984=DIRECTION('center_axis',(-0.565643744761862,0.,-0.824649715947188));
#11985=DIRECTION('ref_axis',(0.,1.,-6.01434688646134E-15));
#11986=DIRECTION('center_axis',(-0.565643744761862,2.34854870593783E-16,
-0.824649715947188));
#11987=DIRECTION('ref_axis',(0.,1.,-6.01434688646134E-15));
#11988=DIRECTION('center_axis',(-0.565643744761862,0.,-0.824649715947188));
#11989=DIRECTION('ref_axis',(0.,1.,-6.01434688646134E-15));
#11990=DIRECTION('center_axis',(0.565643744761862,0.,0.824649715947188));
#11991=DIRECTION('ref_axis',(0.,1.,-6.01434688646134E-15));
#11992=DIRECTION('center_axis',(0.824649715947188,0.,-0.565643744761862));
#11993=DIRECTION('ref_axis',(0.489861852455533,0.5,0.714167603233886));
#11994=DIRECTION('',(0.824649715947188,0.,-0.565643744761861));
#11995=DIRECTION('center_axis',(0.489861852455533,0.5,0.714167603233886));
#11996=DIRECTION('ref_axis',(0.282821872380931,-0.866025403784439,0.412324857973594));
#11997=DIRECTION('',(0.824649715947188,0.,-0.565643744761861));
#11998=DIRECTION('center_axis',(0.824649715947188,0.,-0.565643744761862));
#11999=DIRECTION('ref_axis',(0.565643744761862,0.,0.824649715947188));
#12000=DIRECTION('center_axis',(0.824649715947188,0.,-0.565643744761862));
#12001=DIRECTION('ref_axis',(0.28282187238093,0.866025403784439,0.412324857973593));
#12002=DIRECTION('',(0.824649715947188,0.,-0.565643744761861));
#12003=DIRECTION('center_axis',(0.28282187238093,0.866025403784439,0.412324857973594));
#12004=DIRECTION('ref_axis',(0.489861852455533,-0.499999999999999,0.714167603233886));
#12005=DIRECTION('',(0.824649715947188,0.,-0.565643744761861));
#12006=DIRECTION('center_axis',(0.824649715947188,0.,-0.565643744761862));
#12007=DIRECTION('ref_axis',(0.565643744761862,0.,0.824649715947188));
#12008=DIRECTION('center_axis',(0.824649715947188,0.,-0.565643744761862));
#12009=DIRECTION('ref_axis',(0.,1.,0.));
#12010=DIRECTION('',(0.824649715947188,0.,-0.565643744761861));
#12011=DIRECTION('center_axis',(0.,1.,0.));
#12012=DIRECTION('ref_axis',(0.565643744761862,0.,0.824649715947188));
#12013=DIRECTION('center_axis',(0.824649715947188,0.,-0.565643744761862));
#12014=DIRECTION('ref_axis',(-0.489861852455533,0.5,-0.714167603233886));
#12015=DIRECTION('center_axis',(0.824649715947188,0.,-0.565643744761862));
#12016=DIRECTION('ref_axis',(0.565643744761862,0.,0.824649715947188));
#12017=DIRECTION('center_axis',(0.824649715947188,0.,-0.565643744761862));
#12018=DIRECTION('ref_axis',(0.282821872380931,-0.866025403784439,0.412324857973594));
#12019=DIRECTION('center_axis',(0.824649715947188,0.,-0.565643744761862));
#12020=DIRECTION('ref_axis',(0.565643744761862,0.,0.824649715947188));
#12021=DIRECTION('center_axis',(0.824649715947188,0.,-0.565643744761862));
#12022=DIRECTION('ref_axis',(0.489861852455533,-0.5,0.714167603233886));
#12023=DIRECTION('',(0.824649715947188,0.,-0.565643744761861));
#12024=DIRECTION('center_axis',(0.489861852455533,-0.5,0.714167603233886));
#12025=DIRECTION('ref_axis',(-0.282821872380931,-0.866025403784439,-0.412324857973594));
#12026=DIRECTION('',(0.824649715947188,0.,-0.565643744761861));
#12027=DIRECTION('center_axis',(0.824649715947188,0.,-0.565643744761862));
#12028=DIRECTION('ref_axis',(0.565643744761862,0.,0.824649715947188));
#12029=DIRECTION('',(0.824649715947188,0.,-0.565643744761861));
#12030=DIRECTION('center_axis',(-0.565643744761862,0.,-0.824649715947188));
#12031=DIRECTION('ref_axis',(0.,1.,0.));
#12032=DIRECTION('',(0.824649715947188,0.,-0.565643744761861));
#12033=DIRECTION('center_axis',(0.824649715947188,0.,-0.565643744761862));
#12034=DIRECTION('ref_axis',(0.565643744761862,0.,0.824649715947188));
#12035=DIRECTION('',(0.824649715947188,0.,-0.565643744761861));
#12036=DIRECTION('center_axis',(0.565643744761862,-2.34854870593783E-16,
0.824649715947188));
#12037=DIRECTION('ref_axis',(-1.3284418847823E-16,-1.,-1.93673002323977E-16));
#12038=DIRECTION('',(0.824649715947188,0.,-0.565643744761861));
#12039=DIRECTION('center_axis',(0.824649715947188,0.,-0.565643744761862));
#12040=DIRECTION('ref_axis',(0.565643744761862,0.,0.824649715947188));
#12041=DIRECTION('center_axis',(0.824649715947188,0.,-0.565643744761862));
#12042=DIRECTION('ref_axis',(0.565643744761862,0.,0.824649715947188));
#12043=DIRECTION('center_axis',(-0.824649715947188,0.,0.565643744761862));
#12044=DIRECTION('ref_axis',(-0.565643744761862,0.,-0.824649715947188));
#12045=DIRECTION('center_axis',(-0.824649715947188,0.,0.565643744761862));
#12046=DIRECTION('ref_axis',(-0.565643744761862,0.,-0.824649715947188));
#12047=DIRECTION('',(-0.824649715947188,0.,0.565643744761862));
#12048=DIRECTION('center_axis',(0.824649715947188,0.,-0.565643744761862));
#12049=DIRECTION('ref_axis',(-0.565643744761862,0.,-0.824649715947188));
#12050=DIRECTION('center_axis',(-0.824649715947188,0.,0.565643744761862));
#12051=DIRECTION('ref_axis',(-0.565643744761862,0.,-0.824649715947188));
#12052=DIRECTION('center_axis',(-0.824649715947188,0.,0.565643744761862));
#12053=DIRECTION('ref_axis',(-0.565643744761862,0.,-0.824649715947188));
#12054=DIRECTION('',(-0.824649715947188,0.,0.565643744761862));
#12055=DIRECTION('center_axis',(0.824649715947188,0.,-0.565643744761862));
#12056=DIRECTION('ref_axis',(-0.565643744761862,0.,-0.824649715947188));
#12057=DIRECTION('center_axis',(-0.824649715947188,0.,0.565643744761862));
#12058=DIRECTION('ref_axis',(-0.565643744761862,0.,-0.824649715947188));
#12059=DIRECTION('center_axis',(-0.824649715947188,0.,0.565643744761862));
#12060=DIRECTION('ref_axis',(-0.565643744761862,0.,-0.824649715947188));
#12061=DIRECTION('',(-0.824649715947188,0.,0.565643744761862));
#12062=DIRECTION('center_axis',(0.824649715947188,0.,-0.565643744761862));
#12063=DIRECTION('ref_axis',(-0.565643744761862,0.,-0.824649715947188));
#12064=DIRECTION('center_axis',(-0.824649715947188,0.,0.565643744761862));
#12065=DIRECTION('ref_axis',(-0.565643744761862,0.,-0.824649715947188));
#12066=DIRECTION('center_axis',(-0.824649715947188,0.,0.565643744761862));
#12067=DIRECTION('ref_axis',(-0.565643744761862,0.,-0.824649715947188));
#12068=DIRECTION('',(-0.824649715947188,0.,0.565643744761862));
#12069=DIRECTION('center_axis',(0.824649715947188,0.,-0.565643744761862));
#12070=DIRECTION('ref_axis',(-0.565643744761862,0.,-0.824649715947188));
#12071=DIRECTION('center_axis',(0.489861852455533,0.500000000000001,0.714167603233886));
#12072=DIRECTION('ref_axis',(0.824649715947188,-2.77555756156289E-17,-0.565643744761862));
#12073=DIRECTION('',(0.282821872380931,-0.866025403784438,0.412324857973594));
#12074=DIRECTION('center_axis',(-0.489861852455533,-0.500000000000001,-0.714167603233886));
#12075=DIRECTION('ref_axis',(0.824649715947188,-4.08170229641604E-17,-0.565643744761862));
#12076=DIRECTION('center_axis',(-0.489861852455533,-0.500000000000001,-0.714167603233886));
#12077=DIRECTION('ref_axis',(-0.282821872380931,0.866025403784436,-0.4123248579736));
#12078=DIRECTION('',(0.489861852455533,0.500000000000001,0.714167603233886));
#12079=DIRECTION('center_axis',(-0.489861852455533,-0.500000000000001,-0.714167603233886));
#12080=DIRECTION('ref_axis',(0.824649715947188,-4.08170229641604E-17,-0.565643744761862));
#12081=DIRECTION('',(-0.489861852455533,-0.500000000000001,-0.714167603233886));
#12082=DIRECTION('center_axis',(-0.489861852455533,-0.5,-0.714167603233886));
#12083=DIRECTION('ref_axis',(-0.282821872380931,0.866025403784436,-0.4123248579736));
#12084=DIRECTION('center_axis',(-0.489861852455533,-0.500000000000001,-0.714167603233886));
#12085=DIRECTION('ref_axis',(-0.282821872380931,0.866025403784436,-0.4123248579736));
#12086=DIRECTION('',(0.489861852455533,0.500000000000001,0.714167603233886));
#12087=DIRECTION('center_axis',(0.489861852455533,0.500000000000001,0.714167603233886));
#12088=DIRECTION('ref_axis',(-0.282821872380931,0.866025403784436,-0.4123248579736));
#12089=DIRECTION('',(-0.489861852455533,-0.500000000000001,-0.714167603233886));
#12090=DIRECTION('center_axis',(-0.489861852455533,-0.500000000000001,-0.714167603233886));
#12091=DIRECTION('ref_axis',(-0.824649715947188,2.77555756156289E-17,0.565643744761862));
#12092=DIRECTION('',(-0.282821872380931,0.866025403784438,-0.412324857973594));
#12093=DIRECTION('center_axis',(0.489861852455533,0.5,0.714167603233886));
#12094=DIRECTION('ref_axis',(0.282821872380931,-0.866025403784439,0.412324857973594));
#12095=DIRECTION('',(0.282821872380931,-0.866025403784439,0.412324857973594));
#12096=DIRECTION('',(0.824649715947188,0.,-0.565643744761861));
#12097=DIRECTION('',(0.282821872380931,-0.866025403784439,0.412324857973594));
#12098=DIRECTION('',(0.824649715947188,0.,-0.565643744761861));
#12099=DIRECTION('',(0.282821872380931,-0.866025403784439,0.412324857973594));
#12100=DIRECTION('center_axis',(0.824649715947188,0.,-0.565643744761862));
#12101=DIRECTION('ref_axis',(0.565643744761862,0.,0.824649715947188));
#12102=DIRECTION('',(-0.282821872380931,0.866025403784438,-0.412324857973594));
#12103=DIRECTION('center_axis',(-0.824649715947188,0.,0.565643744761862));
#12104=DIRECTION('ref_axis',(0.489861852455533,0.5,0.714167603233886));
#12105=DIRECTION('center_axis',(0.824649715947188,0.,-0.565643744761862));
#12106=DIRECTION('ref_axis',(0.565643744761862,0.,0.824649715947188));
#12107=DIRECTION('',(-0.489861852455533,0.499999999999999,-0.714167603233886));
#12108=DIRECTION('',(0.28282187238093,0.866025403784439,0.412324857973593));
#12109=DIRECTION('',(0.489861852455533,-0.499999999999999,0.714167603233886));
#12110=DIRECTION('',(-0.28282187238093,-0.866025403784439,-0.412324857973593));
#12111=DIRECTION('',(-0.489861852455533,0.499999999999999,-0.714167603233886));
#12112=DIRECTION('center_axis',(-0.824649715947188,0.,0.565643744761862));
#12113=DIRECTION('ref_axis',(0.28282187238093,0.866025403784439,0.412324857973593));
#12114=DIRECTION('',(0.489861852455533,-0.499999999999999,0.714167603233886));
#12115=DIRECTION('',(-0.28282187238093,-0.866025403784439,-0.412324857973593));
#12116=DIRECTION('',(-0.489861852455533,0.499999999999999,-0.714167603233886));
#12117=DIRECTION('',(0.28282187238093,0.866025403784439,0.412324857973593));
#12118=DIRECTION('',(0.489861852455533,-0.499999999999999,0.714167603233886));
#12119=DIRECTION('center_axis',(0.824649715947188,0.,-0.565643744761862));
#12120=DIRECTION('ref_axis',(0.565643744761862,0.,0.824649715947188));
#12121=DIRECTION('',(-0.565643744761862,-1.70803542250024E-16,-0.824649715947188));
#12122=DIRECTION('',(-1.11022302462516E-16,1.,-1.66533453693773E-16));
#12123=DIRECTION('',(0.565643744761862,2.00130836201256E-16,0.824649715947188));
#12124=DIRECTION('',(1.11022302462516E-16,-1.,1.66533453693773E-16));
#12125=DIRECTION('',(-0.565643744761862,-1.70803542250024E-16,-0.824649715947188));
#12126=DIRECTION('center_axis',(-0.824649715947188,0.,0.565643744761862));
#12127=DIRECTION('ref_axis',(0.,1.,0.));
#12128=DIRECTION('',(0.565643744761862,0.,0.824649715947188));
#12129=DIRECTION('',(1.11022302462516E-16,-1.,1.66533453693773E-16));
#12130=DIRECTION('',(-0.565643744761862,-2.00130836201256E-16,-0.824649715947188));
#12131=DIRECTION('',(-1.11022302462516E-16,1.,-1.66533453693773E-16));
#12132=DIRECTION('',(0.565643744761862,0.,0.824649715947188));
#12133=DIRECTION('center_axis',(0.824649715947188,0.,-0.565643744761862));
#12134=DIRECTION('ref_axis',(0.565643744761862,0.,0.824649715947188));
#12135=DIRECTION('',(-0.489861852455533,-0.5,-0.714167603233886));
#12136=DIRECTION('',(-0.282821872380931,0.866025403784438,-0.412324857973594));
#12137=DIRECTION('',(0.489861852455533,0.5,0.714167603233886));
#12138=DIRECTION('',(0.282821872380931,-0.866025403784438,0.412324857973594));
#12139=DIRECTION('',(-0.489861852455533,-0.5,-0.714167603233886));
#12140=DIRECTION('center_axis',(-0.824649715947188,0.,0.565643744761862));
#12141=DIRECTION('ref_axis',(-0.282821872380931,0.866025403784438,-0.412324857973594));
#12142=DIRECTION('',(0.489861852455533,0.5,0.714167603233886));
#12143=DIRECTION('',(0.282821872380931,-0.866025403784438,0.412324857973594));
#12144=DIRECTION('',(-0.489861852455533,-0.5,-0.714167603233886));
#12145=DIRECTION('',(-0.282821872380931,0.866025403784438,-0.412324857973594));
#12146=DIRECTION('',(0.489861852455533,0.5,0.714167603233886));
#12147=DIRECTION('center_axis',(0.824649715947188,0.,-0.565643744761862));
#12148=DIRECTION('ref_axis',(0.565643744761862,0.,0.824649715947188));
#12149=DIRECTION('',(-0.282821872380931,-0.866025403784439,-0.412324857973594));
#12150=DIRECTION('',(-0.489861852455533,0.5,-0.714167603233886));
#12151=DIRECTION('',(0.282821872380931,0.866025403784439,0.412324857973594));
#12152=DIRECTION('',(0.489861852455533,-0.5,0.714167603233886));
#12153=DIRECTION('',(-0.282821872380931,-0.866025403784439,-0.412324857973594));
#12154=DIRECTION('center_axis',(-0.824649715947188,0.,0.565643744761862));
#12155=DIRECTION('ref_axis',(-0.489861852455533,0.5,-0.714167603233886));
#12156=DIRECTION('',(0.282821872380931,0.866025403784439,0.412324857973594));
#12157=DIRECTION('',(0.489861852455533,-0.5,0.714167603233886));
#12158=DIRECTION('',(-0.282821872380931,-0.866025403784439,-0.412324857973594));
#12159=DIRECTION('',(-0.489861852455533,0.5,-0.714167603233886));
#12160=DIRECTION('',(0.282821872380931,0.866025403784439,0.412324857973594));
#12161=DIRECTION('center_axis',(0.824649715947188,0.,-0.565643744761862));
#12162=DIRECTION('ref_axis',(0.565643744761862,0.,0.824649715947188));
#12163=DIRECTION('',(7.24604664426709E-17,-1.,1.05639819449442E-16));
#12164=DIRECTION('',(-0.565643744761862,-1.22464679914735E-16,-0.824649715947188));
#12165=DIRECTION('',(-6.92713801480336E-17,1.,-1.0099046350525E-16));
#12166=DIRECTION('',(0.565643744761862,1.22464679914735E-16,0.824649715947188));
#12167=DIRECTION('',(7.24604664426709E-17,-1.,1.05639819449442E-16));
#12168=DIRECTION('center_axis',(-0.824649715947188,0.,0.565643744761862));
#12169=DIRECTION('ref_axis',(-0.565643744761862,-1.11022302462516E-16,-0.824649715947188));
#12170=DIRECTION('',(7.24604664426708E-17,1.,1.05639819449442E-16));
#12171=DIRECTION('',(0.565643744761862,1.22464679914735E-16,0.824649715947188));
#12172=DIRECTION('',(6.92713801480336E-17,-1.,1.0099046350525E-16));
#12173=DIRECTION('',(-0.565643744761862,-1.22464679914735E-16,-0.824649715947188));
#12174=DIRECTION('',(7.24604664426708E-17,1.,1.05639819449442E-16));
#12175=DIRECTION('center_axis',(0.824649715947188,0.,-0.565643744761862));
#12176=DIRECTION('ref_axis',(0.565643744761862,0.,0.824649715947188));
#12177=DIRECTION('',(0.282821872380931,-0.866025403784438,0.412324857973594));
#12178=DIRECTION('',(-0.489861852455533,-0.5,-0.714167603233886));
#12179=DIRECTION('',(-0.282821872380931,0.866025403784438,-0.412324857973594));
#12180=DIRECTION('',(0.489861852455533,0.5,0.714167603233886));
#12181=DIRECTION('',(0.282821872380931,-0.866025403784438,0.412324857973594));
#12182=DIRECTION('center_axis',(-0.824649715947188,0.,0.565643744761862));
#12183=DIRECTION('ref_axis',(-0.489861852455533,-0.5,-0.714167603233886));
#12184=DIRECTION('',(-0.282821872380931,0.866025403784439,-0.412324857973594));
#12185=DIRECTION('',(0.489861852455533,0.5,0.714167603233886));
#12186=DIRECTION('',(0.282821872380931,-0.866025403784438,0.412324857973594));
#12187=DIRECTION('',(-0.489861852455533,-0.5,-0.714167603233886));
#12188=DIRECTION('',(-0.282821872380931,0.866025403784438,-0.412324857973594));
#12189=DIRECTION('center_axis',(0.824649715947188,0.,-0.565643744761862));
#12190=DIRECTION('ref_axis',(0.565643744761862,0.,0.824649715947188));
#12191=DIRECTION('',(0.489861852455533,-0.5,0.714167603233886));
#12192=DIRECTION('',(-0.282821872380931,-0.866025403784439,-0.412324857973594));
#12193=DIRECTION('',(-0.489861852455533,0.5,-0.714167603233886));
#12194=DIRECTION('',(0.282821872380931,0.866025403784439,0.412324857973594));
#12195=DIRECTION('',(0.489861852455533,-0.5,0.714167603233886));
#12196=DIRECTION('center_axis',(-0.824649715947188,0.,0.565643744761862));
#12197=DIRECTION('ref_axis',(-0.282821872380931,-0.866025403784439,-0.412324857973594));
#12198=DIRECTION('',(-0.489861852455533,0.5,-0.714167603233886));
#12199=DIRECTION('',(0.282821872380931,0.866025403784439,0.412324857973594));
#12200=DIRECTION('',(0.489861852455533,-0.5,0.714167603233886));
#12201=DIRECTION('',(-0.282821872380931,-0.866025403784439,-0.412324857973594));
#12202=DIRECTION('',(-0.489861852455533,0.5,-0.714167603233886));
#12203=DIRECTION('center_axis',(0.824649715947188,0.,-0.565643744761862));
#12204=DIRECTION('ref_axis',(0.565643744761862,0.,0.824649715947188));
#12205=DIRECTION('',(0.565643744761862,-1.70803542250024E-16,0.824649715947188));
#12206=DIRECTION('',(1.11022302462516E-16,-1.,1.11022302462516E-16));
#12207=DIRECTION('',(-0.565643744761862,-1.54353581106498E-16,-0.824649715947188));
#12208=DIRECTION('',(-1.11022302462516E-16,1.,-1.11022302462516E-16));
#12209=DIRECTION('',(0.565643744761862,-1.70803542250024E-16,0.824649715947188));
#12210=DIRECTION('center_axis',(-0.824649715947188,0.,0.565643744761862));
#12211=DIRECTION('ref_axis',(0.,-1.,0.));
#12212=DIRECTION('',(-0.565643744761862,5.12410626750072E-16,-0.824649715947188));
#12213=DIRECTION('',(-1.11022302462516E-16,1.,-1.11022302462516E-16));
#12214=DIRECTION('',(0.565643744761862,1.54353581106498E-16,0.824649715947188));
#12215=DIRECTION('',(1.11022302462516E-16,-1.,1.11022302462516E-16));
#12216=DIRECTION('',(-0.565643744761862,5.12410626750072E-16,-0.824649715947188));
#12217=DIRECTION('center_axis',(0.824649715947188,0.,-0.565643744761862));
#12218=DIRECTION('ref_axis',(0.565643744761862,0.,0.824649715947188));
#12219=DIRECTION('',(0.489861852455533,0.5,0.714167603233886));
#12220=DIRECTION('',(0.282821872380931,-0.866025403784439,0.412324857973594));
#12221=DIRECTION('',(-0.489861852455533,-0.5,-0.714167603233886));
#12222=DIRECTION('',(-0.282821872380931,0.866025403784439,-0.412324857973594));
#12223=DIRECTION('',(0.489861852455533,0.5,0.714167603233886));
#12224=DIRECTION('center_axis',(-0.824649715947188,0.,0.565643744761862));
#12225=DIRECTION('ref_axis',(0.282821872380931,-0.866025403784439,0.412324857973594));
#12226=DIRECTION('',(-0.489861852455533,-0.5,-0.714167603233886));
#12227=DIRECTION('',(-0.282821872380931,0.866025403784439,-0.412324857973594));
#12228=DIRECTION('',(0.489861852455533,0.5,0.714167603233886));
#12229=DIRECTION('',(0.282821872380931,-0.866025403784439,0.412324857973594));
#12230=DIRECTION('',(-0.489861852455533,-0.5,-0.714167603233886));
#12231=DIRECTION('center_axis',(0.824649715947188,0.,-0.565643744761862));
#12232=DIRECTION('ref_axis',(0.565643744761862,0.,0.824649715947188));
#12233=DIRECTION('',(0.282821872380931,0.866025403784439,0.412324857973594));
#12234=DIRECTION('',(0.489861852455533,-0.5,0.714167603233886));
#12235=DIRECTION('',(-0.282821872380931,-0.866025403784439,-0.412324857973594));
#12236=DIRECTION('',(-0.489861852455533,0.5,-0.714167603233886));
#12237=DIRECTION('',(0.282821872380931,0.866025403784439,0.412324857973594));
#12238=DIRECTION('center_axis',(-0.824649715947188,0.,0.565643744761862));
#12239=DIRECTION('ref_axis',(0.489861852455533,-0.5,0.714167603233886));
#12240=DIRECTION('',(-0.282821872380931,-0.866025403784439,-0.412324857973594));
#12241=DIRECTION('',(-0.489861852455533,0.5,-0.714167603233886));
#12242=DIRECTION('',(0.282821872380931,0.866025403784439,0.412324857973594));
#12243=DIRECTION('',(0.489861852455533,-0.5,0.714167603233886));
#12244=DIRECTION('',(-0.282821872380931,-0.866025403784439,-0.412324857973594));
#12245=DIRECTION('center_axis',(0.824649715947188,0.,-0.565643744761862));
#12246=DIRECTION('ref_axis',(0.565643744761862,0.,0.824649715947188));
#12247=DIRECTION('',(0.,1.,0.));
#12248=DIRECTION('',(0.565643744761862,0.,0.824649715947188));
#12249=DIRECTION('',(0.,-1.,0.));
#12250=DIRECTION('',(-0.565643744761862,0.,-0.824649715947188));
#12251=DIRECTION('',(0.,1.,0.));
#12252=DIRECTION('center_axis',(-0.824649715947188,0.,0.565643744761862));
#12253=DIRECTION('ref_axis',(0.565643744761862,0.,0.824649715947188));
#12254=DIRECTION('',(-1.3284418847823E-16,-1.,-1.93673002323977E-16));
#12255=DIRECTION('',(-0.565643744761862,0.,-0.824649715947188));
#12256=DIRECTION('',(0.,1.,0.));
#12257=DIRECTION('',(0.565643744761862,0.,0.824649715947188));
#12258=DIRECTION('',(-1.3284418847823E-16,-1.,-1.93673002323977E-16));
#12259=DIRECTION('center_axis',(0.824649715947188,0.,-0.565643744761862));
#12260=DIRECTION('ref_axis',(0.565643744761862,0.,0.824649715947188));
#12261=DIRECTION('',(-0.282821872380931,0.866025403784438,-0.412324857973594));
#12262=DIRECTION('center_axis',(-0.565643744761862,-1.22464679914735E-16,
-0.824649715947188));
#12263=DIRECTION('ref_axis',(0.824649715947188,2.46519032881566E-32,-0.565643744761862));
#12264=DIRECTION('center_axis',(0.565643744761862,1.22464679914735E-16,
0.824649715947188));
#12265=DIRECTION('ref_axis',(0.824649715947188,2.71895992148788E-32,-0.565643744761862));
#12266=DIRECTION('center_axis',(0.565643744761862,1.22464679914735E-16,
0.824649715947188));
#12267=DIRECTION('ref_axis',(5.68015126008424E-15,-1.,2.26672254379917E-15));
#12268=DIRECTION('center_axis',(0.565643744761862,1.22464679914735E-16,
0.824649715947188));
#12269=DIRECTION('ref_axis',(0.824649715947188,2.71895992148788E-32,-0.565643744761862));
#12270=DIRECTION('center_axis',(0.565643744761862,-1.28102656687518E-16,
0.824649715947188));
#12271=DIRECTION('ref_axis',(5.68015126008424E-15,-1.,2.26672254379917E-15));
#12272=DIRECTION('center_axis',(0.565643744761862,1.22464679914735E-16,
0.824649715947188));
#12273=DIRECTION('ref_axis',(5.68015126008424E-15,-1.,2.26672254379917E-15));
#12274=DIRECTION('center_axis',(-0.565643744761862,-1.28102656687518E-16,
-0.824649715947188));
#12275=DIRECTION('ref_axis',(5.68015126008424E-15,-1.,2.26672254379917E-15));
#12276=DIRECTION('center_axis',(0.565643744761862,1.22464679914735E-16,
0.824649715947188));
#12277=DIRECTION('ref_axis',(-0.824649715947188,-2.46519032881566E-32,0.565643744761862));
#12278=DIRECTION('center_axis',(-0.565643744761862,1.28102656687518E-16,
-0.824649715947188));
#12279=DIRECTION('ref_axis',(7.24604664426708E-17,1.,1.05639819449442E-16));
#12280=DIRECTION('',(0.824649715947188,0.,-0.565643744761861));
#12281=DIRECTION('',(7.24604664426708E-17,1.,1.05639819449442E-16));
#12282=DIRECTION('',(0.824649715947188,0.,-0.565643744761861));
#12283=DIRECTION('center_axis',(1.11022302462516E-16,-1.,1.11022302462516E-16));
#12284=DIRECTION('ref_axis',(0.824649715947188,1.66533453693773E-16,-0.565643744761862));
#12285=DIRECTION('center_axis',(-1.11022302462516E-16,1.,-1.11022302462516E-16));
#12286=DIRECTION('ref_axis',(0.824649715947188,2.44902137784962E-16,-0.565643744761862));
#12287=DIRECTION('center_axis',(-1.11022302462516E-16,1.,-1.11022302462516E-16));
#12288=DIRECTION('ref_axis',(0.565643744761865,5.08376086240254E-15,0.824649715947186));
#12289=DIRECTION('center_axis',(-1.11022302462516E-16,1.,-1.11022302462516E-16));
#12290=DIRECTION('ref_axis',(0.824649715947188,2.44902137784962E-16,-0.565643744761862));
#12291=DIRECTION('center_axis',(2.89841865770683E-16,1.,4.22559277797768E-16));
#12292=DIRECTION('ref_axis',(0.565643744761865,5.08376086240254E-15,0.824649715947186));
#12293=DIRECTION('center_axis',(-1.11022302462516E-16,1.,-1.11022302462516E-16));
#12294=DIRECTION('ref_axis',(0.565643744761865,5.08376086240254E-15,0.824649715947186));
#12295=DIRECTION('center_axis',(-9.66139552568946E-17,-1.,-1.40853092599256E-16));
#12296=DIRECTION('ref_axis',(0.565643744761865,5.08376086240254E-15,0.824649715947186));
#12297=DIRECTION('center_axis',(-1.11022302462516E-16,1.,-1.11022302462516E-16));
#12298=DIRECTION('ref_axis',(-0.824649715947188,-1.66533453693773E-16,0.565643744761862));
#12299=DIRECTION('center_axis',(-2.89841865770683E-16,-1.,-4.22559277797768E-16));
#12300=DIRECTION('ref_axis',(-0.565643744761862,5.12410626750072E-16,-0.824649715947188));
#12301=DIRECTION('',(0.824649715947188,0.,-0.565643744761861));
#12302=DIRECTION('',(-0.565643744761862,5.12410626750072E-16,-0.824649715947188));
#12303=DIRECTION('',(0.824649715947188,0.,-0.565643744761861));
#12304=DIRECTION('center_axis',(-0.489861852455533,0.5,-0.714167603233886));
#12305=DIRECTION('ref_axis',(0.824649715947188,-2.77555756156289E-17,-0.565643744761862));
#12306=DIRECTION('center_axis',(0.489861852455533,-0.5,0.714167603233886));
#12307=DIRECTION('ref_axis',(0.824649715947188,-4.08170229641604E-17,-0.565643744761862));
#12308=DIRECTION('center_axis',(0.489861852455533,-0.5,0.714167603233886));
#12309=DIRECTION('ref_axis',(-0.282821872380925,-0.866025403784441,-0.412324857973592));
#12310=DIRECTION('center_axis',(0.489861852455533,-0.5,0.714167603233886));
#12311=DIRECTION('ref_axis',(0.824649715947188,-4.08170229641604E-17,-0.565643744761862));
#12312=DIRECTION('center_axis',(0.489861852455533,-0.5,0.714167603233886));
#12313=DIRECTION('ref_axis',(-0.282821872380925,-0.866025403784441,-0.412324857973592));
#12314=DIRECTION('center_axis',(0.489861852455533,-0.5,0.714167603233886));
#12315=DIRECTION('ref_axis',(-0.282821872380925,-0.866025403784441,-0.412324857973592));
#12316=DIRECTION('center_axis',(-0.489861852455533,0.5,-0.714167603233886));
#12317=DIRECTION('ref_axis',(-0.282821872380925,-0.866025403784441,-0.412324857973592));
#12318=DIRECTION('center_axis',(0.489861852455533,-0.5,0.714167603233886));
#12319=DIRECTION('ref_axis',(-0.824649715947188,2.77555756156289E-17,0.565643744761862));
#12320=DIRECTION('center_axis',(-0.489861852455533,0.5,-0.714167603233886));
#12321=DIRECTION('ref_axis',(0.282821872380931,0.866025403784439,0.412324857973594));
#12322=DIRECTION('',(0.824649715947188,0.,-0.565643744761861));
#12323=DIRECTION('',(0.282821872380931,0.866025403784439,0.412324857973594));
#12324=DIRECTION('',(0.824649715947188,0.,-0.565643744761861));
#12325=DIRECTION('center_axis',(-0.489861852455533,-0.5,-0.714167603233886));
#12326=DIRECTION('ref_axis',(0.824649715947188,5.55111512312578E-17,-0.565643744761862));
#12327=DIRECTION('center_axis',(0.489861852455533,0.5,0.714167603233886));
#12328=DIRECTION('ref_axis',(0.824649715947188,4.08170229641604E-17,-0.565643744761862));
#12329=DIRECTION('center_axis',(0.489861852455533,0.5,0.714167603233886));
#12330=DIRECTION('ref_axis',(0.282821872380936,-0.866025403784436,0.412324857973596));
#12331=DIRECTION('center_axis',(0.489861852455533,0.5,0.714167603233886));
#12332=DIRECTION('ref_axis',(0.824649715947188,4.08170229641604E-17,-0.565643744761862));
#12333=DIRECTION('center_axis',(0.489861852455533,0.5,0.714167603233886));
#12334=DIRECTION('ref_axis',(0.282821872380936,-0.866025403784436,0.412324857973596));
#12335=DIRECTION('center_axis',(0.489861852455533,0.5,0.714167603233886));
#12336=DIRECTION('ref_axis',(0.282821872380936,-0.866025403784436,0.412324857973596));
#12337=DIRECTION('center_axis',(-0.489861852455533,-0.5,-0.714167603233886));
#12338=DIRECTION('ref_axis',(0.282821872380936,-0.866025403784436,0.412324857973596));
#12339=DIRECTION('center_axis',(0.489861852455533,0.5,0.714167603233886));
#12340=DIRECTION('ref_axis',(-0.824649715947188,-5.55111512312578E-17,0.565643744761862));
#12341=DIRECTION('center_axis',(-0.489861852455533,-0.5,-0.714167603233886));
#12342=DIRECTION('ref_axis',(-0.282821872380931,0.866025403784439,-0.412324857973594));
#12343=DIRECTION('',(0.824649715947188,0.,-0.565643744761861));
#12344=DIRECTION('',(-0.282821872380931,0.866025403784439,-0.412324857973594));
#12345=DIRECTION('',(0.824649715947188,0.,-0.565643744761861));
#12346=DIRECTION('center_axis',(-0.282821872380931,-0.866025403784439,-0.412324857973594));
#12347=DIRECTION('ref_axis',(0.824649715947188,1.11022302462516E-16,-0.565643744761862));
#12348=DIRECTION('center_axis',(0.282821872380931,0.866025403784439,0.412324857973594));
#12349=DIRECTION('ref_axis',(0.824649715947188,1.63268091856642E-16,-0.565643744761862));
#12350=DIRECTION('center_axis',(0.282821872380931,0.866025403784439,0.412324857973594));
#12351=DIRECTION('ref_axis',(0.489861852455538,-0.499999999999996,0.714167603233886));
#12352=DIRECTION('center_axis',(0.282821872380931,0.866025403784439,0.412324857973594));
#12353=DIRECTION('ref_axis',(0.824649715947188,1.63268091856642E-16,-0.565643744761862));
#12354=DIRECTION('center_axis',(0.282821872380931,0.866025403784439,0.412324857973594));
#12355=DIRECTION('ref_axis',(0.489861852455538,-0.499999999999996,0.714167603233886));
#12356=DIRECTION('center_axis',(0.282821872380931,0.866025403784439,0.412324857973594));
#12357=DIRECTION('ref_axis',(0.489861852455538,-0.499999999999996,0.714167603233886));
#12358=DIRECTION('center_axis',(-0.282821872380931,-0.866025403784439,-0.412324857973594));
#12359=DIRECTION('ref_axis',(0.489861852455538,-0.499999999999996,0.714167603233886));
#12360=DIRECTION('center_axis',(0.282821872380931,0.866025403784439,0.412324857973594));
#12361=DIRECTION('ref_axis',(-0.824649715947188,-1.11022302462516E-16,0.565643744761862));
#12362=DIRECTION('center_axis',(-0.282821872380931,-0.866025403784439,-0.412324857973594));
#12363=DIRECTION('ref_axis',(-0.489861852455533,0.5,-0.714167603233886));
#12364=DIRECTION('',(0.824649715947188,0.,-0.565643744761861));
#12365=DIRECTION('',(-0.489861852455533,0.5,-0.714167603233886));
#12366=DIRECTION('',(0.824649715947188,0.,-0.565643744761861));
#12367=DIRECTION('center_axis',(-1.11022302462516E-16,1.,-1.66533453693773E-16));
#12368=DIRECTION('ref_axis',(0.824649715947188,-2.22044604925031E-16,-0.565643744761862));
#12369=DIRECTION('center_axis',(1.11022302462516E-16,-1.,1.66533453693773E-16));
#12370=DIRECTION('ref_axis',(0.824649715947188,-2.44902137784962E-16,-0.565643744761862));
#12371=DIRECTION('center_axis',(1.11022302462516E-16,-1.,1.66533453693773E-16));
#12372=DIRECTION('ref_axis',(-0.565643744761859,-5.1434264714003E-15,-0.82464971594719));
#12373=DIRECTION('center_axis',(1.11022302462516E-16,-1.,1.66533453693773E-16));
#12374=DIRECTION('ref_axis',(0.824649715947188,-2.44902137784962E-16,-0.565643744761862));
#12375=DIRECTION('center_axis',(0.,-1.,0.));
#12376=DIRECTION('ref_axis',(-0.565643744761859,-5.1434264714003E-15,-0.82464971594719));
#12377=DIRECTION('center_axis',(1.11022302462516E-16,-1.,1.66533453693773E-16));
#12378=DIRECTION('ref_axis',(-0.565643744761859,-5.1434264714003E-15,-0.82464971594719));
#12379=DIRECTION('center_axis',(-9.66139552568945E-17,1.,-1.40853092599256E-16));
#12380=DIRECTION('ref_axis',(-0.565643744761859,-5.1434264714003E-15,-0.82464971594719));
#12381=DIRECTION('center_axis',(1.11022302462516E-16,-1.,1.66533453693773E-16));
#12382=DIRECTION('ref_axis',(-0.824649715947188,2.22044604925031E-16,0.565643744761862));
#12383=DIRECTION('center_axis',(0.,1.,0.));
#12384=DIRECTION('ref_axis',(0.565643744761862,0.,0.824649715947188));
#12385=DIRECTION('',(0.824649715947188,0.,-0.565643744761861));
#12386=DIRECTION('',(0.565643744761862,0.,0.824649715947188));
#12387=DIRECTION('',(0.824649715947188,0.,-0.565643744761861));
#12388=DIRECTION('center_axis',(-0.282821872380931,0.866025403784438,-0.412324857973594));
#12389=DIRECTION('ref_axis',(0.824649715947188,-1.66533453693773E-16,-0.565643744761862));
#12390=DIRECTION('center_axis',(0.282821872380931,-0.866025403784438,0.412324857973594));
#12391=DIRECTION('ref_axis',(0.824649715947188,-1.63268091856642E-16,-0.565643744761862));
#12392=DIRECTION('center_axis',(0.282821872380931,-0.866025403784438,0.412324857973594));
#12393=DIRECTION('ref_axis',(-0.489861852455529,-0.500000000000005,-0.714167603233886));
#12394=DIRECTION('center_axis',(0.282821872380931,-0.866025403784438,0.412324857973594));
#12395=DIRECTION('ref_axis',(0.824649715947188,-1.63268091856642E-16,-0.565643744761862));
#12396=DIRECTION('center_axis',(0.282821872380931,-0.866025403784439,0.412324857973594));
#12397=DIRECTION('ref_axis',(-0.489861852455529,-0.500000000000005,-0.714167603233886));
#12398=DIRECTION('center_axis',(0.282821872380931,-0.866025403784438,0.412324857973594));
#12399=DIRECTION('ref_axis',(-0.489861852455529,-0.500000000000005,-0.714167603233886));
#12400=DIRECTION('center_axis',(-0.282821872380931,0.866025403784439,-0.412324857973594));
#12401=DIRECTION('ref_axis',(-0.489861852455529,-0.500000000000005,-0.714167603233886));
#12402=DIRECTION('center_axis',(0.282821872380931,-0.866025403784438,0.412324857973594));
#12403=DIRECTION('ref_axis',(-0.824649715947188,1.66533453693773E-16,0.565643744761862));
#12404=DIRECTION('center_axis',(-0.282821872380931,0.866025403784439,-0.412324857973594));
#12405=DIRECTION('ref_axis',(0.489861852455533,0.5,0.714167603233886));
#12406=DIRECTION('',(0.824649715947188,0.,-0.565643744761861));
#12407=DIRECTION('',(0.489861852455533,0.5,0.714167603233886));
#12408=DIRECTION('',(0.824649715947188,0.,-0.565643744761861));
#12409=DIRECTION('center_axis',(0.282821872380931,-0.866025403784439,0.412324857973594));
#12410=DIRECTION('ref_axis',(0.824649715947188,5.55111512312578E-17,-0.565643744761862));
#12411=DIRECTION('center_axis',(-0.282821872380931,0.866025403784439,-0.412324857973594));
#12412=DIRECTION('ref_axis',(0.824649715947188,8.16340459283208E-17,-0.565643744761862));
#12413=DIRECTION('center_axis',(-0.282821872380931,0.866025403784439,-0.412324857973594));
#12414=DIRECTION('ref_axis',(0.489861852455535,0.500000000000004,0.714167603233882));
#12415=DIRECTION('center_axis',(-0.282821872380931,0.866025403784439,-0.412324857973594));
#12416=DIRECTION('ref_axis',(0.824649715947188,8.16340459283208E-17,-0.565643744761862));
#12417=DIRECTION('center_axis',(-0.282821872380931,0.866025403784439,-0.412324857973594));
#12418=DIRECTION('ref_axis',(0.489861852455535,0.500000000000004,0.714167603233882));
#12419=DIRECTION('center_axis',(-0.282821872380931,0.866025403784439,-0.412324857973594));
#12420=DIRECTION('ref_axis',(0.489861852455535,0.500000000000004,0.714167603233882));
#12421=DIRECTION('center_axis',(0.282821872380931,-0.866025403784439,0.412324857973594));
#12422=DIRECTION('ref_axis',(0.489861852455535,0.500000000000004,0.714167603233882));
#12423=DIRECTION('center_axis',(-0.282821872380931,0.866025403784439,-0.412324857973594));
#12424=DIRECTION('ref_axis',(-0.824649715947188,-5.55111512312578E-17,0.565643744761862));
#12425=DIRECTION('center_axis',(0.282821872380931,-0.866025403784439,0.412324857973594));
#12426=DIRECTION('ref_axis',(-0.489861852455533,-0.5,-0.714167603233886));
#12427=DIRECTION('',(0.824649715947188,0.,-0.565643744761861));
#12428=DIRECTION('',(-0.489861852455533,-0.5,-0.714167603233886));
#12429=DIRECTION('',(0.824649715947188,0.,-0.565643744761861));
#12430=DIRECTION('center_axis',(0.282821872380931,0.866025403784439,0.412324857973593));
#12431=DIRECTION('ref_axis',(0.824649715947188,-2.22044604925031E-16,-0.565643744761862));
#12432=DIRECTION('center_axis',(-0.282821872380931,-0.866025403784439,-0.412324857973593));
#12433=DIRECTION('ref_axis',(0.824649715947188,-1.63268091856642E-16,-0.565643744761862));
#12434=DIRECTION('center_axis',(-0.282821872380931,-0.866025403784439,-0.412324857973593));
#12435=DIRECTION('ref_axis',(-0.489861852455532,0.499999999999995,-0.714167603233891));
#12436=DIRECTION('center_axis',(-0.282821872380931,-0.866025403784439,-0.412324857973593));
#12437=DIRECTION('ref_axis',(0.824649715947188,-1.63268091856642E-16,-0.565643744761862));
#12438=DIRECTION('center_axis',(-0.28282187238093,-0.866025403784439,-0.412324857973594));
#12439=DIRECTION('ref_axis',(-0.489861852455532,0.499999999999995,-0.714167603233891));
#12440=DIRECTION('center_axis',(-0.282821872380931,-0.866025403784439,-0.412324857973593));
#12441=DIRECTION('ref_axis',(-0.489861852455532,0.499999999999995,-0.714167603233891));
#12442=DIRECTION('center_axis',(0.28282187238093,0.866025403784439,0.412324857973594));
#12443=DIRECTION('ref_axis',(-0.489861852455532,0.499999999999995,-0.714167603233891));
#12444=DIRECTION('center_axis',(-0.282821872380931,-0.866025403784439,-0.412324857973593));
#12445=DIRECTION('ref_axis',(-0.824649715947188,2.22044604925031E-16,0.565643744761862));
#12446=DIRECTION('center_axis',(0.28282187238093,0.866025403784439,0.412324857973594));
#12447=DIRECTION('ref_axis',(0.489861852455533,-0.499999999999999,0.714167603233886));
#12448=DIRECTION('',(0.824649715947188,0.,-0.565643744761861));
#12449=DIRECTION('',(0.489861852455533,-0.499999999999999,0.714167603233886));
#12450=DIRECTION('',(0.824649715947188,0.,-0.565643744761861));
#12451=DIRECTION('center_axis',(0.489861852455534,-0.5,0.714167603233886));
#12452=DIRECTION('ref_axis',(0.824649715947188,8.32667268468867E-17,-0.565643744761862));
#12453=DIRECTION('center_axis',(-0.489861852455534,0.5,-0.714167603233886));
#12454=DIRECTION('ref_axis',(0.824649715947188,1.22451068892481E-16,-0.565643744761862));
#12455=DIRECTION('center_axis',(-0.489861852455534,0.5,-0.714167603233886));
#12456=DIRECTION('ref_axis',(0.282821872380931,0.866025403784441,0.412324857973588));
#12457=DIRECTION('center_axis',(-0.489861852455534,0.5,-0.714167603233886));
#12458=DIRECTION('ref_axis',(0.824649715947188,1.22451068892481E-16,-0.565643744761862));
#12459=DIRECTION('center_axis',(-0.489861852455533,0.5,-0.714167603233886));
#12460=DIRECTION('ref_axis',(0.282821872380931,0.866025403784441,0.412324857973588));
#12461=DIRECTION('center_axis',(-0.489861852455534,0.5,-0.714167603233886));
#12462=DIRECTION('ref_axis',(0.282821872380931,0.866025403784441,0.412324857973588));
#12463=DIRECTION('center_axis',(0.489861852455533,-0.5,0.714167603233886));
#12464=DIRECTION('ref_axis',(0.282821872380931,0.866025403784441,0.412324857973588));
#12465=DIRECTION('center_axis',(-0.489861852455534,0.5,-0.714167603233886));
#12466=DIRECTION('ref_axis',(-0.824649715947188,-8.32667268468867E-17,0.565643744761862));
#12467=DIRECTION('center_axis',(0.489861852455533,-0.5,0.714167603233886));
#12468=DIRECTION('ref_axis',(-0.282821872380931,-0.866025403784439,-0.412324857973594));
#12469=DIRECTION('',(0.824649715947188,0.,-0.565643744761861));
#12470=DIRECTION('',(-0.282821872380931,-0.866025403784439,-0.412324857973594));
#12471=DIRECTION('',(0.824649715947188,0.,-0.565643744761861));
#12472=DIRECTION('center_axis',(0.565643744761862,0.,0.824649715947188));
#12473=DIRECTION('ref_axis',(0.824649715947188,0.,-0.565643744761862));
#12474=DIRECTION('center_axis',(-0.565643744761862,0.,-0.824649715947188));
#12475=DIRECTION('ref_axis',(0.824649715947188,0.,-0.565643744761862));
#12476=DIRECTION('center_axis',(-0.565643744761862,0.,-0.824649715947188));
#12477=DIRECTION('ref_axis',(-0.824649715947188,0.,0.565643744761862));
#12478=DIRECTION('center_axis',(-0.565643744761862,0.,-0.824649715947188));
#12479=DIRECTION('ref_axis',(0.824649715947188,0.,-0.565643744761862));
#12480=DIRECTION('center_axis',(-0.565643744761862,0.,-0.824649715947188));
#12481=DIRECTION('ref_axis',(0.,1.,-6.01434688646134E-15));
#12482=DIRECTION('center_axis',(-0.565643744761862,2.34854870593783E-16,
-0.824649715947188));
#12483=DIRECTION('ref_axis',(0.,1.,-6.01434688646134E-15));
#12484=DIRECTION('center_axis',(-0.565643744761862,0.,-0.824649715947188));
#12485=DIRECTION('ref_axis',(0.,1.,-6.01434688646134E-15));
#12486=DIRECTION('center_axis',(0.565643744761862,0.,0.824649715947188));
#12487=DIRECTION('ref_axis',(0.,1.,-6.01434688646134E-15));
#12488=DIRECTION('center_axis',(-0.489861852455533,-0.500000000000001,-0.714167603233886));
#12489=DIRECTION('ref_axis',(-0.282821872380931,0.866025403784438,-0.412324857973594));
#12490=DIRECTION('',(0.824649715947188,0.,-0.565643744761861));
#12491=DIRECTION('',(-0.282821872380931,0.866025403784438,-0.412324857973594));
#12492=DIRECTION('',(0.824649715947188,0.,-0.565643744761861));
#12493=DIRECTION('center_axis',(0.824649715947188,0.,-0.565643744761862));
#12494=DIRECTION('ref_axis',(0.489861852455533,0.5,0.714167603233886));
#12495=DIRECTION('center_axis',(-0.824649715947188,0.,0.565643744761862));
#12496=DIRECTION('ref_axis',(0.489861852455533,0.5,0.714167603233886));
#12497=DIRECTION('center_axis',(0.824649715947188,0.,-0.565643744761862));
#12498=DIRECTION('ref_axis',(0.565643744761862,0.,0.824649715947188));
#12499=DIRECTION('center_axis',(0.824649715947188,0.,-0.565643744761862));
#12500=DIRECTION('ref_axis',(0.565643744761862,0.,0.824649715947188));
#12501=DIRECTION('',(0.824649715947188,0.,-0.565643744761861));
#12502=DIRECTION('center_axis',(-0.28282187238093,-0.866025403784439,-0.412324857973594));
#12503=DIRECTION('ref_axis',(-0.489861852455533,0.499999999999999,-0.714167603233886));
#12504=DIRECTION('',(-0.489861852455533,0.499999999999999,-0.714167603233886));
#12505=DIRECTION('',(0.824649715947188,0.,-0.565643744761861));
#12506=DIRECTION('center_axis',(0.824649715947188,0.,-0.565643744761862));
#12507=DIRECTION('ref_axis',(0.28282187238093,0.866025403784439,0.412324857973593));
#12508=DIRECTION('center_axis',(-0.824649715947188,0.,0.565643744761862));
#12509=DIRECTION('ref_axis',(0.28282187238093,0.866025403784439,0.412324857973593));
#12510=DIRECTION('center_axis',(0.824649715947188,0.,-0.565643744761862));
#12511=DIRECTION('ref_axis',(0.565643744761862,0.,0.824649715947188));
#12512=DIRECTION('center_axis',(0.824649715947188,0.,-0.565643744761862));
#12513=DIRECTION('ref_axis',(0.565643744761862,0.,0.824649715947188));
#12514=DIRECTION('',(0.824649715947188,0.,-0.565643744761861));
#12515=DIRECTION('center_axis',(9.66139552568945E-17,-1.,1.40853092599256E-16));
#12516=DIRECTION('ref_axis',(-0.565643744761862,-1.70803542250024E-16,-0.824649715947188));
#12517=DIRECTION('',(-0.565643744761862,-1.70803542250024E-16,-0.824649715947188));
#12518=DIRECTION('',(0.824649715947188,0.,-0.565643744761861));
#12519=DIRECTION('center_axis',(0.824649715947188,0.,-0.565643744761862));
#12520=DIRECTION('ref_axis',(0.,1.,0.));
#12521=DIRECTION('center_axis',(-0.824649715947188,0.,0.565643744761862));
#12522=DIRECTION('ref_axis',(0.,1.,0.));
#12523=DIRECTION('center_axis',(0.824649715947188,0.,-0.565643744761862));
#12524=DIRECTION('ref_axis',(0.565643744761862,0.,0.824649715947188));
#12525=DIRECTION('center_axis',(0.824649715947188,0.,-0.565643744761862));
#12526=DIRECTION('ref_axis',(0.565643744761862,0.,0.824649715947188));
#12527=DIRECTION('',(0.824649715947188,0.,-0.565643744761861));
#12528=DIRECTION('center_axis',(0.282821872380931,-0.866025403784439,0.412324857973594));
#12529=DIRECTION('ref_axis',(-0.489861852455533,-0.5,-0.714167603233886));
#12530=DIRECTION('',(-0.489861852455533,-0.5,-0.714167603233886));
#12531=DIRECTION('',(0.824649715947188,0.,-0.565643744761861));
#12532=DIRECTION('center_axis',(0.824649715947188,0.,-0.565643744761862));
#12533=DIRECTION('ref_axis',(-0.282821872380931,0.866025403784438,-0.412324857973594));
#12534=DIRECTION('center_axis',(-0.824649715947188,0.,0.565643744761862));
#12535=DIRECTION('ref_axis',(-0.282821872380931,0.866025403784438,-0.412324857973594));
#12536=DIRECTION('center_axis',(0.824649715947188,0.,-0.565643744761862));
#12537=DIRECTION('ref_axis',(0.565643744761862,0.,0.824649715947188));
#12538=DIRECTION('center_axis',(0.824649715947188,0.,-0.565643744761862));
#12539=DIRECTION('ref_axis',(0.565643744761862,0.,0.824649715947188));
#12540=DIRECTION('',(0.824649715947188,0.,-0.565643744761861));
#12541=DIRECTION('center_axis',(0.489861852455533,-0.5,0.714167603233886));
#12542=DIRECTION('ref_axis',(-0.282821872380931,-0.866025403784439,-0.412324857973594));
#12543=DIRECTION('',(-0.282821872380931,-0.866025403784439,-0.412324857973594));
#12544=DIRECTION('',(0.824649715947188,0.,-0.565643744761861));
#12545=DIRECTION('center_axis',(0.824649715947188,0.,-0.565643744761862));
#12546=DIRECTION('ref_axis',(-0.489861852455533,0.5,-0.714167603233886));
#12547=DIRECTION('center_axis',(-0.824649715947188,0.,0.565643744761862));
#12548=DIRECTION('ref_axis',(-0.489861852455533,0.5,-0.714167603233886));
#12549=DIRECTION('center_axis',(0.824649715947188,0.,-0.565643744761862));
#12550=DIRECTION('ref_axis',(0.565643744761862,0.,0.824649715947188));
#12551=DIRECTION('center_axis',(0.824649715947188,0.,-0.565643744761862));
#12552=DIRECTION('ref_axis',(0.565643744761862,0.,0.824649715947188));
#12553=DIRECTION('',(0.824649715947188,0.,-0.565643744761861));
#12554=DIRECTION('center_axis',(0.565643744761862,1.28102656687518E-16,
0.824649715947188));
#12555=DIRECTION('ref_axis',(7.24604664426709E-17,-1.,1.05639819449442E-16));
#12556=DIRECTION('',(7.24604664426709E-17,-1.,1.05639819449442E-16));
#12557=DIRECTION('',(0.824649715947188,0.,-0.565643744761861));
#12558=DIRECTION('center_axis',(0.824649715947188,0.,-0.565643744761862));
#12559=DIRECTION('ref_axis',(-0.565643744761862,-1.11022302462516E-16,-0.824649715947188));
#12560=DIRECTION('center_axis',(-0.824649715947188,0.,0.565643744761862));
#12561=DIRECTION('ref_axis',(-0.565643744761862,-1.11022302462516E-16,-0.824649715947188));
#12562=DIRECTION('center_axis',(0.824649715947188,0.,-0.565643744761862));
#12563=DIRECTION('ref_axis',(0.565643744761862,0.,0.824649715947188));
#12564=DIRECTION('center_axis',(0.824649715947188,0.,-0.565643744761862));
#12565=DIRECTION('ref_axis',(0.565643744761862,0.,0.824649715947188));
#12566=DIRECTION('',(0.824649715947188,0.,-0.565643744761861));
#12567=DIRECTION('center_axis',(0.489861852455533,0.5,0.714167603233886));
#12568=DIRECTION('ref_axis',(0.282821872380931,-0.866025403784438,0.412324857973594));
#12569=DIRECTION('',(0.282821872380931,-0.866025403784438,0.412324857973594));
#12570=DIRECTION('',(0.824649715947188,0.,-0.565643744761861));
#12571=DIRECTION('center_axis',(0.824649715947188,0.,-0.565643744761862));
#12572=DIRECTION('ref_axis',(-0.489861852455533,-0.5,-0.714167603233886));
#12573=DIRECTION('center_axis',(-0.824649715947188,0.,0.565643744761862));
#12574=DIRECTION('ref_axis',(-0.489861852455533,-0.5,-0.714167603233886));
#12575=DIRECTION('center_axis',(0.824649715947188,0.,-0.565643744761862));
#12576=DIRECTION('ref_axis',(0.565643744761862,0.,0.824649715947188));
#12577=DIRECTION('center_axis',(0.824649715947188,0.,-0.565643744761862));
#12578=DIRECTION('ref_axis',(0.565643744761862,0.,0.824649715947188));
#12579=DIRECTION('',(0.824649715947188,0.,-0.565643744761861));
#12580=DIRECTION('center_axis',(0.282821872380931,0.866025403784439,0.412324857973594));
#12581=DIRECTION('ref_axis',(0.489861852455533,-0.5,0.714167603233886));
#12582=DIRECTION('',(0.489861852455533,-0.5,0.714167603233886));
#12583=DIRECTION('',(0.824649715947188,0.,-0.565643744761861));
#12584=DIRECTION('center_axis',(0.824649715947188,0.,-0.565643744761862));
#12585=DIRECTION('ref_axis',(-0.282821872380931,-0.866025403784439,-0.412324857973594));
#12586=DIRECTION('center_axis',(-0.824649715947188,0.,0.565643744761862));
#12587=DIRECTION('ref_axis',(-0.282821872380931,-0.866025403784439,-0.412324857973594));
#12588=DIRECTION('center_axis',(0.824649715947188,0.,-0.565643744761862));
#12589=DIRECTION('ref_axis',(0.565643744761862,0.,0.824649715947188));
#12590=DIRECTION('center_axis',(0.824649715947188,0.,-0.565643744761862));
#12591=DIRECTION('ref_axis',(0.565643744761862,0.,0.824649715947188));
#12592=DIRECTION('',(0.824649715947188,0.,-0.565643744761861));
#12593=DIRECTION('center_axis',(9.66139552568946E-17,1.,1.40853092599256E-16));
#12594=DIRECTION('ref_axis',(0.565643744761862,-1.70803542250024E-16,0.824649715947188));
#12595=DIRECTION('',(0.565643744761862,-1.70803542250024E-16,0.824649715947188));
#12596=DIRECTION('',(0.824649715947188,0.,-0.565643744761861));
#12597=DIRECTION('center_axis',(0.824649715947188,0.,-0.565643744761862));
#12598=DIRECTION('ref_axis',(0.,-1.,0.));
#12599=DIRECTION('center_axis',(-0.824649715947188,0.,0.565643744761862));
#12600=DIRECTION('ref_axis',(0.,-1.,0.));
#12601=DIRECTION('center_axis',(0.824649715947188,0.,-0.565643744761862));
#12602=DIRECTION('ref_axis',(0.565643744761862,0.,0.824649715947188));
#12603=DIRECTION('center_axis',(0.824649715947188,0.,-0.565643744761862));
#12604=DIRECTION('ref_axis',(0.565643744761862,0.,0.824649715947188));
#12605=DIRECTION('',(0.824649715947188,0.,-0.565643744761861));
#12606=DIRECTION('center_axis',(-0.282821872380931,0.866025403784439,-0.412324857973594));
#12607=DIRECTION('ref_axis',(0.489861852455533,0.5,0.714167603233886));
#12608=DIRECTION('',(0.489861852455533,0.5,0.714167603233886));
#12609=DIRECTION('',(0.824649715947188,0.,-0.565643744761861));
#12610=DIRECTION('center_axis',(0.824649715947188,0.,-0.565643744761862));
#12611=DIRECTION('ref_axis',(0.282821872380931,-0.866025403784439,0.412324857973594));
#12612=DIRECTION('center_axis',(-0.824649715947188,0.,0.565643744761862));
#12613=DIRECTION('ref_axis',(0.282821872380931,-0.866025403784439,0.412324857973594));
#12614=DIRECTION('center_axis',(0.824649715947188,0.,-0.565643744761862));
#12615=DIRECTION('ref_axis',(0.565643744761862,0.,0.824649715947188));
#12616=DIRECTION('center_axis',(0.824649715947188,0.,-0.565643744761862));
#12617=DIRECTION('ref_axis',(0.565643744761862,0.,0.824649715947188));
#12618=DIRECTION('',(0.824649715947188,0.,-0.565643744761861));
#12619=DIRECTION('center_axis',(-0.489861852455533,0.5,-0.714167603233886));
#12620=DIRECTION('ref_axis',(0.282821872380931,0.866025403784439,0.412324857973594));
#12621=DIRECTION('',(0.282821872380931,0.866025403784439,0.412324857973594));
#12622=DIRECTION('',(0.824649715947188,0.,-0.565643744761861));
#12623=DIRECTION('center_axis',(0.824649715947188,0.,-0.565643744761862));
#12624=DIRECTION('ref_axis',(0.489861852455533,-0.5,0.714167603233886));
#12625=DIRECTION('center_axis',(-0.824649715947188,0.,0.565643744761862));
#12626=DIRECTION('ref_axis',(0.489861852455533,-0.5,0.714167603233886));
#12627=DIRECTION('center_axis',(0.824649715947188,0.,-0.565643744761862));
#12628=DIRECTION('ref_axis',(0.565643744761862,0.,0.824649715947188));
#12629=DIRECTION('center_axis',(0.824649715947188,0.,-0.565643744761862));
#12630=DIRECTION('ref_axis',(0.565643744761862,0.,0.824649715947188));
#12631=DIRECTION('',(0.824649715947188,0.,-0.565643744761861));
#12632=DIRECTION('center_axis',(-0.565643744761862,0.,-0.824649715947188));
#12633=DIRECTION('ref_axis',(0.,1.,0.));
#12634=DIRECTION('',(0.,1.,0.));
#12635=DIRECTION('',(0.824649715947188,0.,-0.565643744761861));
#12636=DIRECTION('center_axis',(0.824649715947188,0.,-0.565643744761862));
#12637=DIRECTION('ref_axis',(0.565643744761862,0.,0.824649715947188));
#12638=DIRECTION('center_axis',(-0.824649715947188,0.,0.565643744761862));
#12639=DIRECTION('ref_axis',(0.565643744761862,0.,0.824649715947188));
#12640=DIRECTION('',(0.824649715947188,0.,-0.565643744761861));
#12641=DIRECTION('center_axis',(0.565643744761862,-2.34854870593783E-16,
0.824649715947188));
#12642=DIRECTION('ref_axis',(-1.3284418847823E-16,-1.,-1.93673002323977E-16));
#12643=DIRECTION('',(-1.3284418847823E-16,-1.,-1.93673002323977E-16));
#12644=DIRECTION('',(0.824649715947188,0.,-0.565643744761861));
#12645=DIRECTION('center_axis',(0.824649715947188,0.,-0.565643744761862));
#12646=DIRECTION('ref_axis',(0.565643744761862,0.,0.824649715947188));
#12647=DIRECTION('center_axis',(0.824649715947188,0.,-0.565643744761862));
#12648=DIRECTION('ref_axis',(0.565643744761862,0.,0.824649715947188));
#12649=DIRECTION('center_axis',(0.824649715947188,0.,-0.565643744761862));
#12650=DIRECTION('ref_axis',(0.565643744761862,0.,0.824649715947188));
#12651=DIRECTION('axis',(0.,0.,1.));
#12652=DIRECTION('refdir',(1.,0.,0.));
#12653=DIRECTION('axis',(0.,0.,1.));
#12654=DIRECTION('refdir',(1.,0.,0.));
#12655=DIRECTION('center_axis',(-0.824649721579932,5.92879671283224E-9,
0.565643736549907));
#12656=DIRECTION('ref_axis',(0.565643736549907,-7.14643943633914E-10,0.824649721579932));
#12657=DIRECTION('center_axis',(0.824649721579933,-5.92879646035988E-9,
-0.565643736549905));
#12658=DIRECTION('ref_axis',(0.565643736549905,-7.14643943633902E-10,0.824649721579933));
#12659=DIRECTION('',(0.824649721579932,-5.92879671283224E-9,-0.565643736549907));
#12660=DIRECTION('center_axis',(0.824649721579933,-5.92879646035988E-9,
-0.565643736549905));
#12661=DIRECTION('ref_axis',(0.565643736549905,-7.14643943633902E-10,0.824649721579933));
#12662=DIRECTION('center_axis',(-0.824649721579932,5.92879671283224E-9,
0.565643736549907));
#12663=DIRECTION('ref_axis',(0.565643736549907,-7.14643943633914E-10,0.824649721579932));
#12664=DIRECTION('center_axis',(-0.824649721579933,5.92879646035988E-9,
0.565643736549905));
#12665=DIRECTION('ref_axis',(0.565643736549905,-7.14643943633901E-10,0.824649721579933));
#12666=DIRECTION('',(0.824649721579932,-5.92879671283224E-9,-0.565643736549907));
#12667=DIRECTION('center_axis',(-0.824649721579933,5.92879646035988E-9,
0.565643736549905));
#12668=DIRECTION('ref_axis',(0.565643736549905,-7.14643943633901E-10,0.824649721579933));
#12669=DIRECTION('center_axis',(-0.824649721579933,5.92879646035988E-9,
0.565643736549905));
#12670=DIRECTION('ref_axis',(0.565643736549905,-7.14643943633902E-10,0.824649721579933));
#12671=DIRECTION('center_axis',(-0.824649721579933,5.92879646035988E-9,
0.565643736549905));
#12672=DIRECTION('ref_axis',(0.565643736549905,-7.14643943633902E-10,0.824649721579933));
#12673=DIRECTION('center_axis',(0.824649721579933,-5.9287965487356E-9,-0.565643736549906));
#12674=DIRECTION('ref_axis',(0.565643736549906,-7.14643541076806E-10,0.824649721579933));
#12675=DIRECTION('center_axis',(-0.824649715947188,0.,0.565643744761862));
#12676=DIRECTION('ref_axis',(-4.04233648744561E-10,-1.,-5.89330593152481E-10));
#12677=DIRECTION('',(0.824649721579933,-5.9287965487356E-9,-0.565643736549906));
#12678=DIRECTION('center_axis',(-0.824649715947188,6.82134257178875E-25,
0.565643744761862));
#12679=DIRECTION('ref_axis',(-4.04233648744562E-10,-1.,-5.8933059315248E-10));
#12680=DIRECTION('',(0.824649721579933,-5.9287965487356E-9,-0.565643736549906));
#12681=DIRECTION('center_axis',(-0.565643736549906,7.14615713074334E-10,
-0.824649721579933));
#12682=DIRECTION('ref_axis',(5.29340660377002E-9,1.,-2.76428466257492E-9));
#12683=DIRECTION('',(-4.04217908009034E-10,-1.,-5.89307644798146E-10));
#12684=DIRECTION('',(0.824649721579933,-5.9287965487356E-9,-0.565643736549906));
#12685=DIRECTION('',(-4.04217908009035E-10,-1.,-5.89307644798146E-10));
#12686=DIRECTION('center_axis',(0.565643736549906,-7.10791576212341E-10,
0.824649721579933));
#12687=DIRECTION('ref_axis',(-5.29124350470657E-9,-1.,2.76743823597362E-9));
#12688=DIRECTION('',(4.02054808913935E-10,1.,5.86154071421161E-10));
#12689=DIRECTION('',(4.02054808913935E-10,1.,5.8615407142116E-10));
#12690=DIRECTION('',(0.824649721579933,-5.9287965487356E-9,-0.565643736549906));
#12691=DIRECTION('center_axis',(0.824649721579933,-5.9287965487356E-9,-0.565643736549906));
#12692=DIRECTION('ref_axis',(0.565643736549906,-7.14643541076807E-10,0.824649721579933));
#12693=DIRECTION('center_axis',(-0.824649715947188,0.,0.565643744761862));
#12694=DIRECTION('ref_axis',(0.565643744761862,0.,0.824649715947188));
#12695=DIRECTION('center_axis',(0.824649715947188,-6.82134257178875E-25,
-0.565643744761862));
#12696=DIRECTION('ref_axis',(0.565643744761862,-7.14643600116437E-10,0.824649715947188));
#12697=DIRECTION('center_axis',(-0.824649715947188,6.82134257178875E-25,
0.565643744761862));
#12698=DIRECTION('ref_axis',(0.565643744761862,0.,0.824649715947188));
#12699=DIRECTION('center_axis',(0.824649715947188,0.,-0.565643744761862));
#12700=DIRECTION('ref_axis',(0.565643744761862,0.,0.824649715947188));
#12701=DIRECTION('center_axis',(0.824649715947188,-2.77555756156289E-17,
-0.565643744761862));
#12702=DIRECTION('ref_axis',(0.565643744761862,0.,0.824649715947188));
#12703=DIRECTION('',(0.824649715947188,0.,-0.565643744761862));
#12704=DIRECTION('center_axis',(-0.824649715947188,0.,0.565643744761862));
#12705=DIRECTION('ref_axis',(0.565643744761862,0.,0.824649715947188));
#12706=DIRECTION('center_axis',(-0.824649715947188,0.,0.565643744761862));
#12707=DIRECTION('ref_axis',(0.565643744761862,0.,0.824649715947188));
#12708=DIRECTION('center_axis',(-0.824649715947188,0.,0.565643744761862));
#12709=DIRECTION('ref_axis',(0.565643744761862,0.,0.824649715947188));
#12710=DIRECTION('center_axis',(-0.824649715947188,0.,0.565643744761862));
#12711=DIRECTION('ref_axis',(0.565643744761862,0.,0.824649715947188));
#12712=DIRECTION('center_axis',(-0.824649715947188,0.,0.565643744761862));
#12713=DIRECTION('ref_axis',(0.565643744761862,0.,0.824649715947188));
#12714=DIRECTION('center_axis',(-0.824649715947188,0.,0.565643744761862));
#12715=DIRECTION('ref_axis',(0.565643744761862,0.,0.824649715947188));
#12716=DIRECTION('center_axis',(-0.824649715947188,0.,0.565643744761862));
#12717=DIRECTION('ref_axis',(0.565643744761862,0.,0.824649715947188));
#12718=DIRECTION('center_axis',(-0.824649715947188,0.,0.565643744761862));
#12719=DIRECTION('ref_axis',(0.565643744761862,0.,0.824649715947188));
#12720=DIRECTION('center_axis',(-0.824649715947188,0.,0.565643744761862));
#12721=DIRECTION('ref_axis',(0.565643744761862,0.,0.824649715947188));
#12722=DIRECTION('center_axis',(-0.824649715947188,0.,0.565643744761862));
#12723=DIRECTION('ref_axis',(0.565643744761862,0.,0.824649715947188));
#12724=DIRECTION('center_axis',(-0.824649715947188,0.,0.565643744761862));
#12725=DIRECTION('ref_axis',(0.565643744761862,0.,0.824649715947188));
#12726=DIRECTION('center_axis',(-0.824649715947188,0.,0.565643744761862));
#12727=DIRECTION('ref_axis',(0.565643744761862,0.,0.824649715947188));
#12728=DIRECTION('center_axis',(0.824649715947188,-2.77555756156289E-17,
-0.565643744761862));
#12729=DIRECTION('ref_axis',(-0.565643744761861,0.,-0.824649715947188));
#12730=DIRECTION('center_axis',(-0.824649715947188,2.77555756156289E-17,
0.565643744761862));
#12731=DIRECTION('ref_axis',(-0.565643744761863,-1.11022302462516E-16,-0.824649715947187));
#12732=DIRECTION('center_axis',(-0.824649715947188,2.77555756156289E-17,
0.565643744761862));
#12733=DIRECTION('ref_axis',(1.14416545553313E-9,-1.,1.66807421525503E-9));
#12734=DIRECTION('center_axis',(-0.824649715947188,2.77555756156289E-17,
0.565643744761862));
#12735=DIRECTION('ref_axis',(-0.489861852455534,-0.5,-0.714167603233885));
#12736=DIRECTION('center_axis',(-0.824649715947188,2.77555756156289E-17,
0.565643744761862));
#12737=DIRECTION('ref_axis',(1.14416545553313E-9,-1.,1.66807421525503E-9));
#12738=DIRECTION('center_axis',(-0.824649715947188,2.77555756156289E-17,
0.565643744761862));
#12739=DIRECTION('ref_axis',(-0.282821872380931,-0.866025403784439,-0.412324857973594));
#12740=DIRECTION('center_axis',(-0.824649715947188,2.77555756156289E-17,
0.565643744761862));
#12741=DIRECTION('ref_axis',(1.14416545553313E-9,-1.,1.66807421525503E-9));
#12742=DIRECTION('center_axis',(-0.824649715947188,2.77555756156289E-17,
0.565643744761862));
#12743=DIRECTION('ref_axis',(0.,-1.,0.));
#12744=DIRECTION('center_axis',(-0.824649715947188,2.77555756156289E-17,
0.565643744761862));
#12745=DIRECTION('ref_axis',(1.14416545553313E-9,-1.,1.66807421525503E-9));
#12746=DIRECTION('center_axis',(-0.824649715947188,2.77555756156289E-17,
0.565643744761862));
#12747=DIRECTION('ref_axis',(0.282821872380931,-0.866025403784439,0.412324857973593));
#12748=DIRECTION('center_axis',(-0.824649715947188,2.77555756156289E-17,
0.565643744761862));
#12749=DIRECTION('ref_axis',(1.14416545553313E-9,-1.,1.66807421525503E-9));
#12750=DIRECTION('center_axis',(-0.824649715947188,2.77555756156289E-17,
0.565643744761862));
#12751=DIRECTION('ref_axis',(0.489861852455534,-0.5,0.714167603233886));
#12752=DIRECTION('center_axis',(-0.824649715947188,2.77555756156289E-17,
0.565643744761862));
#12753=DIRECTION('ref_axis',(1.14416545553313E-9,-1.,1.66807421525503E-9));
#12754=DIRECTION('center_axis',(-0.824649715947188,2.77555756156289E-17,
0.565643744761862));
#12755=DIRECTION('ref_axis',(0.565643744761863,0.,0.824649715947187));
#12756=DIRECTION('center_axis',(-0.824649715947188,2.77555756156289E-17,
0.565643744761862));
#12757=DIRECTION('ref_axis',(1.14416545553313E-9,-1.,1.66807421525503E-9));
#12758=DIRECTION('center_axis',(-0.824649715947188,2.77555756156289E-17,
0.565643744761862));
#12759=DIRECTION('ref_axis',(0.489861852455534,0.5,0.714167603233886));
#12760=DIRECTION('center_axis',(-0.824649715947188,2.77555756156289E-17,
0.565643744761862));
#12761=DIRECTION('ref_axis',(1.14416545553313E-9,-1.,1.66807421525503E-9));
#12762=DIRECTION('center_axis',(-0.824649715947188,2.77555756156289E-17,
0.565643744761862));
#12763=DIRECTION('ref_axis',(0.282821872380931,0.866025403784439,0.412324857973593));
#12764=DIRECTION('center_axis',(-0.824649715947188,2.77555756156289E-17,
0.565643744761862));
#12765=DIRECTION('ref_axis',(1.14416545553313E-9,-1.,1.66807421525503E-9));
#12766=DIRECTION('center_axis',(-0.824649715947188,2.77555756156289E-17,
0.565643744761862));
#12767=DIRECTION('ref_axis',(0.,1.,0.));
#12768=DIRECTION('center_axis',(-0.824649715947188,2.77555756156289E-17,
0.565643744761862));
#12769=DIRECTION('ref_axis',(1.14416545553313E-9,-1.,1.66807421525503E-9));
#12770=DIRECTION('center_axis',(-0.824649715947188,2.77555756156289E-17,
0.565643744761862));
#12771=DIRECTION('ref_axis',(-0.282821872380931,0.866025403784438,-0.412324857973594));
#12772=DIRECTION('center_axis',(-0.824649715947188,2.77555756156289E-17,
0.565643744761862));
#12773=DIRECTION('ref_axis',(1.14416545553313E-9,-1.,1.66807421525503E-9));
#12774=DIRECTION('center_axis',(-0.824649715947188,2.77555756156289E-17,
0.565643744761862));
#12775=DIRECTION('ref_axis',(-0.489861852455534,0.5,-0.714167603233886));
#12776=DIRECTION('center_axis',(-0.824649715947188,2.77555756156289E-17,
0.565643744761862));
#12777=DIRECTION('ref_axis',(1.14416545553313E-9,-1.,1.66807421525503E-9));
#12778=DIRECTION('center_axis',(0.824649721579933,-5.92879664051112E-9,
-0.565643736549905));
#12779=DIRECTION('ref_axis',(0.565643736549905,-7.14643541076801E-10,0.824649721579933));
#12780=DIRECTION('center_axis',(-0.824649715947188,0.,0.565643744761862));
#12781=DIRECTION('ref_axis',(-4.04233648744558E-10,-1.,-5.89330593152477E-10));
#12782=DIRECTION('',(0.824649721579933,-5.92879664051112E-9,-0.565643736549905));
#12783=DIRECTION('center_axis',(0.824649715947188,-6.82134257178875E-25,
-0.565643744761862));
#12784=DIRECTION('ref_axis',(-4.0423364874456E-10,-1.,-5.89330593152476E-10));
#12785=DIRECTION('',(0.824649721579933,-5.92879664051112E-9,-0.565643736549905));
#12786=DIRECTION('center_axis',(0.282821872859183,0.866025403427118,0.412324858396049));
#12787=DIRECTION('ref_axis',(0.489861842697072,-0.500000000618898,0.71416760949411));
#12788=DIRECTION('',(-0.489861852253417,0.500000000618898,-0.714167602939222));
#12789=DIRECTION('',(0.824649721579933,-5.92879664051112E-9,-0.565643736549905));
#12790=DIRECTION('',(-0.489861852253417,0.500000000618898,-0.714167602939222));
#12791=DIRECTION('center_axis',(0.824649721579933,-5.92879664051112E-9,
-0.565643736549905));
#12792=DIRECTION('ref_axis',(0.565643736549905,-7.14643541076801E-10,0.824649721579933));
#12793=DIRECTION('',(0.824649721579933,-5.92879664051112E-9,-0.565643736549905));
#12794=DIRECTION('center_axis',(0.824649715947188,-6.82134257178875E-25,
-0.565643744761862));
#12795=DIRECTION('ref_axis',(0.565643744761862,-7.14643600116437E-10,0.824649715947188));
#12796=DIRECTION('center_axis',(-0.282821872857295,-0.866025403429045,-0.412324858393297));
#12797=DIRECTION('ref_axis',(-0.489861842698162,0.50000000061556,-0.714167609495699));
#12798=DIRECTION('',(0.489861852254507,-0.50000000061556,0.714167602940811));
#12799=DIRECTION('',(-0.489861852254507,0.50000000061556,-0.714167602940811));
#12800=DIRECTION('center_axis',(-0.824649715947188,6.82134257178875E-25,
0.565643744761862));
#12801=DIRECTION('ref_axis',(0.565643744761862,0.,0.824649715947188));
#12802=DIRECTION('center_axis',(0.824649721579933,-5.92879664051112E-9,
-0.565643736549906));
#12803=DIRECTION('ref_axis',(0.565643736549906,-7.14643541076806E-10,0.824649721579933));
#12804=DIRECTION('center_axis',(-0.824649715947188,0.,0.565643744761862));
#12805=DIRECTION('ref_axis',(-4.04233648744561E-10,-1.,-5.89330593152481E-10));
#12806=DIRECTION('',(0.824649721579933,-5.92879664051112E-9,-0.565643736549906));
#12807=DIRECTION('center_axis',(0.824649715947188,-6.82134257178875E-25,
-0.565643744761862));
#12808=DIRECTION('ref_axis',(-4.04233648744562E-10,-1.,-5.8933059315248E-10));
#12809=DIRECTION('',(0.824649721579933,-5.92879664051112E-9,-0.565643736549906));
#12810=DIRECTION('center_axis',(-0.282821863690729,0.866025404141753,-0.412324863183893));
#12811=DIRECTION('ref_axis',(0.489861847990482,0.499999999381113,0.714167606729847));
#12812=DIRECTION('',(-0.489861852657646,-0.499999999381113,-0.714167603528546));
#12813=DIRECTION('',(0.824649721579933,-5.92879664051112E-9,-0.565643736549906));
#12814=DIRECTION('',(-0.489861852657646,-0.499999999381113,-0.714167603528546));
#12815=DIRECTION('center_axis',(0.282821863692609,-0.866025404139835,0.412324863186633));
#12816=DIRECTION('ref_axis',(-0.489861847989397,-0.499999999384436,-0.714167606728265));
#12817=DIRECTION('',(0.489861852656561,0.499999999384436,0.714167603526964));
#12818=DIRECTION('',(0.489861852656561,0.499999999384436,0.714167603526964));
#12819=DIRECTION('',(0.824649721579933,-5.92879664051112E-9,-0.565643736549906));
#12820=DIRECTION('center_axis',(0.824649721579933,-5.92879664051112E-9,
-0.565643736549906));
#12821=DIRECTION('ref_axis',(0.565643736549906,-7.14643541076807E-10,0.824649721579933));
#12822=DIRECTION('center_axis',(0.824649715947188,-6.82134257178875E-25,
-0.565643744761862));
#12823=DIRECTION('ref_axis',(0.565643744761862,-7.14643600116437E-10,0.824649715947188));
#12824=DIRECTION('center_axis',(-0.824649715947188,6.82134257178875E-25,
0.565643744761862));
#12825=DIRECTION('ref_axis',(0.565643744761862,0.,0.824649715947188));
#12826=DIRECTION('center_axis',(-0.28282187285918,-0.866025403427121,-0.412324858396044));
#12827=DIRECTION('ref_axis',(-0.489861842697058,0.500000000618892,-0.714167609494124));
#12828=DIRECTION('',(0.489861852253419,-0.500000000618892,0.714167602939225));
#12829=DIRECTION('',(0.824649721579933,-5.92879645696008E-9,-0.565643736549906));
#12830=DIRECTION('',(0.489861852253419,-0.500000000618892,0.714167602939225));
#12831=DIRECTION('',(0.824649721579933,-5.92879645696008E-9,-0.565643736549906));
#12832=DIRECTION('center_axis',(0.824649721579933,-5.92879645696008E-9,
-0.565643736549906));
#12833=DIRECTION('ref_axis',(0.565643736549906,-7.14643541076807E-10,0.824649721579933));
#12834=DIRECTION('',(0.824649721579933,-5.92879645696008E-9,-0.565643736549906));
#12835=DIRECTION('center_axis',(0.824649715947188,-6.82134257178875E-25,
-0.565643744761862));
#12836=DIRECTION('ref_axis',(0.565643744761862,-7.14643600116436E-10,0.824649715947188));
#12837=DIRECTION('center_axis',(0.282821872857298,0.866025403429042,0.412324858393301));
#12838=DIRECTION('ref_axis',(0.489861842698144,-0.500000000615566,0.714167609495707));
#12839=DIRECTION('',(-0.489861852254505,0.500000000615566,-0.714167602940808));
#12840=DIRECTION('',(0.824649721579933,-5.92879645696008E-9,-0.565643736549906));
#12841=DIRECTION('',(0.489861852254505,-0.500000000615566,0.714167602940808));
#12842=DIRECTION('center_axis',(0.824649721579933,-5.92879645696008E-9,
-0.565643736549906));
#12843=DIRECTION('ref_axis',(0.565643736549906,-7.14643541076806E-10,0.824649721579933));
#12844=DIRECTION('center_axis',(-0.824649715947188,0.,0.565643744761862));
#12845=DIRECTION('ref_axis',(-4.04233648744561E-10,-1.,-5.89330593152481E-10));
#12846=DIRECTION('center_axis',(-0.824649715947188,6.82134257178875E-25,
0.565643744761862));
#12847=DIRECTION('ref_axis',(-4.04233648744562E-10,-1.,-5.8933059315248E-10));
#12848=DIRECTION('center_axis',(-0.824649715947188,6.82134257178875E-25,
0.565643744761862));
#12849=DIRECTION('ref_axis',(0.565643744761862,0.,0.824649715947188));
#12850=DIRECTION('center_axis',(0.824649715947188,0.,-0.565643744761862));
#12851=DIRECTION('ref_axis',(0.565643744761862,0.,0.824649715947188));
#12852=DIRECTION('',(-0.28282187238093,-0.866025403784439,-0.412324857973593));
#12853=DIRECTION('',(0.489861852455533,-0.499999999999999,0.714167603233887));
#12854=DIRECTION('',(0.28282187238093,0.866025403784439,0.412324857973593));
#12855=DIRECTION('',(0.489861852455533,-0.499999999999999,0.714167603233886));
#12856=DIRECTION('center_axis',(-0.824649715947188,0.,0.565643744761862));
#12857=DIRECTION('ref_axis',(0.28282187238093,0.866025403784439,0.412324857973593));
#12858=DIRECTION('',(-0.489861852455533,0.499999999999999,-0.714167603233886));
#12859=DIRECTION('',(0.28282187238093,0.866025403784439,0.412324857973593));
#12860=DIRECTION('',(-0.489861852455533,0.499999999999999,-0.714167603233887));
#12861=DIRECTION('',(-0.28282187238093,-0.866025403784439,-0.412324857973593));
#12862=DIRECTION('',(-0.489861852455533,0.499999999999999,-0.714167603233886));
#12863=DIRECTION('center_axis',(0.824649715947188,0.,-0.565643744761862));
#12864=DIRECTION('ref_axis',(0.565643744761862,0.,0.824649715947188));
#12865=DIRECTION('',(0.282821872380931,-0.866025403784439,0.412324857973594));
#12866=DIRECTION('',(-0.489861852455533,-0.5,-0.714167603233886));
#12867=DIRECTION('',(0.282821872380931,-0.866025403784438,0.412324857973594));
#12868=DIRECTION('',(0.489861852455533,0.5,0.714167603233886));
#12869=DIRECTION('',(0.282821872380931,-0.866025403784439,0.412324857973594));
#12870=DIRECTION('center_axis',(-0.824649715947188,0.,0.565643744761862));
#12871=DIRECTION('ref_axis',(0.489861852455533,0.5,0.714167603233886));
#12872=DIRECTION('',(-0.282821872380931,0.866025403784438,-0.412324857973594));
#12873=DIRECTION('',(0.489861852455533,0.5,0.714167603233886));
#12874=DIRECTION('',(-0.282821872380931,0.866025403784438,-0.412324857973594));
#12875=DIRECTION('',(-0.489861852455533,-0.5,-0.714167603233886));
#12876=DIRECTION('',(-0.282821872380931,0.866025403784438,-0.412324857973594));
#12877=DIRECTION('center_axis',(0.824649715947188,0.,-0.565643744761862));
#12878=DIRECTION('ref_axis',(0.565643744761862,0.,0.824649715947188));
#12879=DIRECTION('',(-1.20767444071118E-16,-1.,-1.7606636574907E-16));
#12880=DIRECTION('',(-0.565643744761862,0.,-0.824649715947188));
#12881=DIRECTION('',(0.,-1.,0.));
#12882=DIRECTION('',(0.565643744761862,0.,0.824649715947188));
#12883=DIRECTION('',(-1.20767444071118E-16,-1.,-1.7606636574907E-16));
#12884=DIRECTION('center_axis',(-0.824649715947188,0.,0.565643744761862));
#12885=DIRECTION('ref_axis',(0.565643744761862,0.,0.824649715947188));
#12886=DIRECTION('',(0.,1.,0.));
#12887=DIRECTION('',(0.565643744761862,0.,0.824649715947188));
#12888=DIRECTION('',(0.,1.,0.));
#12889=DIRECTION('',(-0.565643744761862,0.,-0.824649715947188));
#12890=DIRECTION('',(0.,1.,0.));
#12891=DIRECTION('center_axis',(0.824649715947188,0.,-0.565643744761862));
#12892=DIRECTION('ref_axis',(0.565643744761862,0.,0.824649715947188));
#12893=DIRECTION('',(-0.282821872380931,-0.866025403784439,-0.412324857973594));
#12894=DIRECTION('',(-0.489861852455533,0.5,-0.714167603233886));
#12895=DIRECTION('',(-0.282821872380931,-0.866025403784439,-0.412324857973594));
#12896=DIRECTION('',(0.489861852455533,-0.5,0.714167603233886));
#12897=DIRECTION('',(-0.282821872380931,-0.866025403784439,-0.412324857973594));
#12898=DIRECTION('center_axis',(-0.824649715947188,0.,0.565643744761862));
#12899=DIRECTION('ref_axis',(0.489861852455533,-0.5,0.714167603233886));
#12900=DIRECTION('',(0.282821872380931,0.866025403784439,0.412324857973594));
#12901=DIRECTION('',(0.489861852455533,-0.5,0.714167603233886));
#12902=DIRECTION('',(0.282821872380931,0.866025403784439,0.412324857973594));
#12903=DIRECTION('',(-0.489861852455533,0.5,-0.714167603233886));
#12904=DIRECTION('',(0.282821872380931,0.866025403784439,0.412324857973594));
#12905=DIRECTION('center_axis',(0.824649715947188,0.,-0.565643744761862));
#12906=DIRECTION('ref_axis',(0.565643744761862,0.,0.824649715947188));
#12907=DIRECTION('',(-0.489861852455533,-0.5,-0.714167603233886));
#12908=DIRECTION('',(-0.282821872380931,0.866025403784439,-0.412324857973594));
#12909=DIRECTION('',(-0.489861852455533,-0.5,-0.714167603233886));
#12910=DIRECTION('',(0.282821872380931,-0.866025403784439,0.412324857973594));
#12911=DIRECTION('',(-0.489861852455533,-0.5,-0.714167603233886));
#12912=DIRECTION('center_axis',(-0.824649715947188,0.,0.565643744761862));
#12913=DIRECTION('ref_axis',(0.282821872380931,-0.866025403784439,0.412324857973594));
#12914=DIRECTION('',(0.489861852455533,0.5,0.714167603233886));
#12915=DIRECTION('',(0.282821872380931,-0.866025403784439,0.412324857973594));
#12916=DIRECTION('',(0.489861852455533,0.5,0.714167603233886));
#12917=DIRECTION('',(-0.282821872380931,0.866025403784439,-0.412324857973594));
#12918=DIRECTION('',(0.489861852455533,0.5,0.714167603233886));
#12919=DIRECTION('center_axis',(0.824649715947188,0.,-0.565643744761862));
#12920=DIRECTION('ref_axis',(0.565643744761862,0.,0.824649715947188));
#12921=DIRECTION('',(-0.565643744761862,5.12410626750072E-16,-0.824649715947188));
#12922=DIRECTION('',(-1.11022302462516E-16,1.,-1.11022302462516E-16));
#12923=DIRECTION('',(-0.565643744761862,-1.54353581106498E-16,-0.824649715947188));
#12924=DIRECTION('',(1.11022302462516E-16,-1.,1.11022302462516E-16));
#12925=DIRECTION('',(-0.565643744761862,5.12410626750072E-16,-0.824649715947188));
#12926=DIRECTION('center_axis',(-0.824649715947188,0.,0.565643744761862));
#12927=DIRECTION('ref_axis',(0.,-1.,0.));
#12928=DIRECTION('',(0.565643744761862,-1.70803542250024E-16,0.824649715947188));
#12929=DIRECTION('',(1.11022302462516E-16,-1.,1.11022302462516E-16));
#12930=DIRECTION('',(0.565643744761862,1.54353581106498E-16,0.824649715947188));
#12931=DIRECTION('',(-1.11022302462516E-16,1.,-1.11022302462516E-16));
#12932=DIRECTION('',(0.565643744761862,-1.70803542250024E-16,0.824649715947188));
#12933=DIRECTION('center_axis',(0.824649715947188,0.,-0.565643744761862));
#12934=DIRECTION('ref_axis',(0.565643744761862,0.,0.824649715947188));
#12935=DIRECTION('',(-0.489861852455533,0.5,-0.714167603233886));
#12936=DIRECTION('',(0.282821872380931,0.866025403784439,0.412324857973594));
#12937=DIRECTION('',(-0.489861852455533,0.5,-0.714167603233886));
#12938=DIRECTION('',(-0.282821872380931,-0.866025403784439,-0.412324857973594));
#12939=DIRECTION('',(-0.489861852455533,0.5,-0.714167603233886));
#12940=DIRECTION('center_axis',(-0.824649715947188,0.,0.565643744761862));
#12941=DIRECTION('ref_axis',(-0.282821872380931,-0.866025403784439,-0.412324857973594));
#12942=DIRECTION('',(0.489861852455533,-0.5,0.714167603233886));
#12943=DIRECTION('',(-0.282821872380931,-0.866025403784439,-0.412324857973594));
#12944=DIRECTION('',(0.489861852455533,-0.5,0.714167603233886));
#12945=DIRECTION('',(0.282821872380931,0.866025403784439,0.412324857973594));
#12946=DIRECTION('',(0.489861852455533,-0.5,0.714167603233886));
#12947=DIRECTION('center_axis',(0.824649715947188,0.,-0.565643744761862));
#12948=DIRECTION('ref_axis',(0.565643744761862,0.,0.824649715947188));
#12949=DIRECTION('',(-0.282821872380931,0.866025403784439,-0.412324857973594));
#12950=DIRECTION('',(0.489861852455533,0.5,0.714167603233886));
#12951=DIRECTION('',(-0.282821872380931,0.866025403784438,-0.412324857973594));
#12952=DIRECTION('',(-0.489861852455533,-0.5,-0.714167603233886));
#12953=DIRECTION('',(-0.282821872380931,0.866025403784439,-0.412324857973594));
#12954=DIRECTION('center_axis',(-0.824649715947188,0.,0.565643744761862));
#12955=DIRECTION('ref_axis',(-0.489861852455533,-0.5,-0.714167603233886));
#12956=DIRECTION('',(0.282821872380931,-0.866025403784438,0.412324857973594));
#12957=DIRECTION('',(-0.489861852455533,-0.5,-0.714167603233886));
#12958=DIRECTION('',(0.282821872380931,-0.866025403784438,0.412324857973594));
#12959=DIRECTION('',(0.489861852455533,0.5,0.714167603233886));
#12960=DIRECTION('',(0.282821872380931,-0.866025403784438,0.412324857973594));
#12961=DIRECTION('center_axis',(0.824649715947188,0.,-0.565643744761862));
#12962=DIRECTION('ref_axis',(0.565643744761862,0.,0.824649715947188));
#12963=DIRECTION('',(4.83069776284472E-17,1.,7.04265462996279E-17));
#12964=DIRECTION('',(0.565643744761862,1.22464679914735E-16,0.824649715947188));
#12965=DIRECTION('',(-6.92713801480337E-17,1.,-1.0099046350525E-16));
#12966=DIRECTION('',(-0.565643744761862,-1.22464679914735E-16,-0.824649715947188));
#12967=DIRECTION('',(4.83069776284472E-17,1.,7.04265462996279E-17));
#12968=DIRECTION('center_axis',(-0.824649715947188,0.,0.565643744761862));
#12969=DIRECTION('ref_axis',(-0.565643744761862,-1.11022302462516E-16,-0.824649715947188));
#12970=DIRECTION('',(7.24604664426709E-17,-1.,1.05639819449442E-16));
#12971=DIRECTION('',(-0.565643744761862,-1.22464679914735E-16,-0.824649715947188));
#12972=DIRECTION('',(6.92713801480337E-17,-1.,1.0099046350525E-16));
#12973=DIRECTION('',(0.565643744761862,1.22464679914735E-16,0.824649715947188));
#12974=DIRECTION('',(7.24604664426709E-17,-1.,1.05639819449442E-16));
#12975=DIRECTION('center_axis',(0.824649715947188,0.,-0.565643744761862));
#12976=DIRECTION('ref_axis',(0.565643744761862,0.,0.824649715947188));
#12977=DIRECTION('',(0.282821872380931,0.866025403784439,0.412324857973594));
#12978=DIRECTION('',(0.489861852455533,-0.5,0.714167603233886));
#12979=DIRECTION('',(0.282821872380931,0.866025403784439,0.412324857973594));
#12980=DIRECTION('',(-0.489861852455533,0.5,-0.714167603233886));
#12981=DIRECTION('',(0.282821872380931,0.866025403784439,0.412324857973594));
#12982=DIRECTION('center_axis',(-0.824649715947188,0.,0.565643744761862));
#12983=DIRECTION('ref_axis',(-0.489861852455533,0.5,-0.714167603233886));
#12984=DIRECTION('',(-0.282821872380931,-0.866025403784439,-0.412324857973594));
#12985=DIRECTION('',(-0.489861852455533,0.5,-0.714167603233886));
#12986=DIRECTION('',(-0.282821872380931,-0.866025403784439,-0.412324857973594));
#12987=DIRECTION('',(0.489861852455533,-0.5,0.714167603233886));
#12988=DIRECTION('',(-0.282821872380931,-0.866025403784439,-0.412324857973594));
#12989=DIRECTION('center_axis',(0.824649715947188,0.,-0.565643744761862));
#12990=DIRECTION('ref_axis',(0.565643744761862,0.,0.824649715947188));
#12991=DIRECTION('',(0.489861852455533,0.5,0.714167603233886));
#12992=DIRECTION('',(0.282821872380931,-0.866025403784438,0.412324857973594));
#12993=DIRECTION('',(0.489861852455533,0.5,0.714167603233886));
#12994=DIRECTION('',(-0.282821872380931,0.866025403784438,-0.412324857973594));
#12995=DIRECTION('',(0.489861852455533,0.5,0.714167603233886));
#12996=DIRECTION('center_axis',(-0.824649715947188,0.,0.565643744761862));
#12997=DIRECTION('ref_axis',(-0.282821872380931,0.866025403784438,-0.412324857973594));
#12998=DIRECTION('',(-0.489861852455533,-0.5,-0.714167603233886));
#12999=DIRECTION('',(-0.282821872380931,0.866025403784438,-0.412324857973594));
#13000=DIRECTION('',(-0.489861852455533,-0.5,-0.714167603233886));
#13001=DIRECTION('',(0.282821872380931,-0.866025403784438,0.412324857973594));
#13002=DIRECTION('',(-0.489861852455533,-0.5,-0.714167603233886));
#13003=DIRECTION('center_axis',(0.824649715947188,0.,-0.565643744761862));
#13004=DIRECTION('ref_axis',(0.565643744761862,0.,0.824649715947188));
#13005=DIRECTION('',(0.565643744761862,0.,0.824649715947188));
#13006=DIRECTION('',(1.11022302462516E-16,-1.,1.66533453693773E-16));
#13007=DIRECTION('',(0.565643744761862,2.00130836201256E-16,0.824649715947188));
#13008=DIRECTION('',(-1.11022302462516E-16,1.,-1.66533453693773E-16));
#13009=DIRECTION('',(0.565643744761862,0.,0.824649715947188));
#13010=DIRECTION('center_axis',(-0.824649715947188,0.,0.565643744761862));
#13011=DIRECTION('ref_axis',(0.,1.,0.));
#13012=DIRECTION('',(-0.565643744761862,-1.70803542250024E-16,-0.824649715947188));
#13013=DIRECTION('',(-1.11022302462516E-16,1.,-1.66533453693773E-16));
#13014=DIRECTION('',(-0.565643744761862,-2.00130836201256E-16,-0.824649715947188));
#13015=DIRECTION('',(1.11022302462516E-16,-1.,1.66533453693773E-16));
#13016=DIRECTION('',(-0.565643744761862,-1.70803542250024E-16,-0.824649715947188));
#13017=DIRECTION('center_axis',(0.824649715947188,0.,-0.565643744761862));
#13018=DIRECTION('ref_axis',(0.565643744761862,0.,0.824649715947188));
#13019=DIRECTION('',(0.489861852455533,-0.499999999999999,0.714167603233886));
#13020=DIRECTION('',(0.489861852657648,0.499999999381106,0.714167603528549));
#13021=DIRECTION('center_axis',(-0.824649715947188,0.,0.565643744761862));
#13022=DIRECTION('ref_axis',(-4.04233648744558E-10,-1.,-5.89330593152476E-10));
#13023=DIRECTION('',(-0.489861852656559,-0.499999999384441,-0.714167603526961));
#13024=DIRECTION('',(4.04233648744559E-10,1.,5.89330593152477E-10));
#13025=DIRECTION('center_axis',(-0.824649715947188,0.,0.565643744761862));
#13026=DIRECTION('ref_axis',(0.560230797449387,-0.138012655026095,0.816758202065869));
#13027=DIRECTION('',(-4.01946770226003E-10,-1.,-5.8599656225724E-10));
#13028=DIRECTION('center_axis',(-0.565643736549905,7.10600574917034E-10,
-0.824649721579933));
#13029=DIRECTION('ref_axis',(5.29111884677484E-9,1.,-2.76758434566584E-9));
#13030=DIRECTION('',(0.824649721579933,-5.92879627340904E-9,-0.565643736549905));
#13031=DIRECTION('',(-4.01946770226003E-10,-1.,-5.8599656225724E-10));
#13032=DIRECTION('',(0.824649721579933,-5.92879627340904E-9,-0.565643736549905));
#13033=DIRECTION('center_axis',(0.824649721579933,-5.92879627340904E-9,
-0.565643736549905));
#13034=DIRECTION('ref_axis',(0.0780659987225265,0.990430465531351,0.113812094220282));
#13035=DIRECTION('',(0.824649721579933,-5.92879627340904E-9,-0.565643736549905));
#13036=DIRECTION('center_axis',(-0.824649715947188,6.82134257178875E-25,
0.565643744761862));
#13037=DIRECTION('ref_axis',(0.560230797449387,-0.138012655026095,0.816758202065869));
#13038=DIRECTION('center_axis',(0.824649721579933,-5.92879627340904E-9,
-0.565643736549905));
#13039=DIRECTION('ref_axis',(0.0848466291650147,0.988685979538814,0.123697548006057));
#13040=DIRECTION('center_axis',(0.824649715947188,-6.82134257178875E-25,
-0.565643744761862));
#13041=DIRECTION('ref_axis',(0.559244039859884,-0.150000112877879,0.81531961218765));
#13042=DIRECTION('',(0.824649721579933,-5.92879627340904E-9,-0.565643736549905));
#13043=DIRECTION('center_axis',(0.565643736549905,-7.14643541076801E-10,
0.824649721579933));
#13044=DIRECTION('ref_axis',(-5.29340572526044E-9,-1.,2.76425031474799E-9));
#13045=DIRECTION('',(4.0423364874456E-10,1.,5.89330593152476E-10));
#13046=DIRECTION('center_axis',(-0.824649715947188,6.82134257178875E-25,
0.565643744761862));
#13047=DIRECTION('ref_axis',(0.565643744761862,0.,0.824649715947188));
#13048=DIRECTION('center_axis',(0.824649721579933,-5.92879627340904E-9,
-0.565643736549905));
#13049=DIRECTION('ref_axis',(0.565643736549905,-7.14643541076801E-10,0.824649721579933));
#13050=DIRECTION('',(0.824649721579933,-5.92879627340904E-9,-0.565643736549905));
#13051=DIRECTION('center_axis',(0.824649715947188,-6.82134257178875E-25,
-0.565643744761862));
#13052=DIRECTION('ref_axis',(-4.0423364874456E-10,-1.,-5.89330593152476E-10));
#13053=DIRECTION('',(0.824649721579933,-5.92879627340904E-9,-0.565643736549905));
#13054=DIRECTION('center_axis',(0.282821863690725,-0.866025404141757,0.412324863183887));
#13055=DIRECTION('ref_axis',(-0.489861847990468,-0.499999999381106,-0.714167606729862));
#13056=DIRECTION('',(0.824649721579933,-5.92879627340904E-9,-0.565643736549905));
#13057=DIRECTION('',(0.489861852657648,0.499999999381106,0.714167603528549));
#13058=DIRECTION('center_axis',(0.824649721579933,-5.92879627340904E-9,
-0.565643736549905));
#13059=DIRECTION('ref_axis',(0.565643736549905,-7.14643541076801E-10,0.824649721579933));
#13060=DIRECTION('',(0.824649721579933,-5.92879627340904E-9,-0.565643736549905));
#13061=DIRECTION('center_axis',(0.824649715947188,-6.82134257178875E-25,
-0.565643744761862));
#13062=DIRECTION('ref_axis',(0.565643744761862,-7.14643600116433E-10,0.824649715947188));
#13063=DIRECTION('center_axis',(-0.282821863692611,0.866025404139832,-0.412324863186637));
#13064=DIRECTION('ref_axis',(0.489861847989378,0.499999999384441,0.714167606728274));
#13065=DIRECTION('',(-0.489861852656559,-0.499999999384441,-0.714167603526961));
#13066=DIRECTION('center_axis',(-0.824649715947188,6.82134257178875E-25,
0.565643744761862));
#13067=DIRECTION('ref_axis',(0.565643744761862,0.,0.824649715947188));
#13068=DIRECTION('center_axis',(0.824649715528709,-3.01369023330418E-9,
-0.56564374537196));
#13069=DIRECTION('ref_axis',(0.56564374537196,2.02276696068381E-9,0.824649715528709));
#13070=DIRECTION('',(-0.824649715528709,3.01369023330418E-9,0.56564374537196));
#13071=DIRECTION('',(0.824649715528709,-3.01369023330418E-9,-0.56564374537196));
#13072=DIRECTION('center_axis',(0.824649715947188,0.,-0.565643744761862));
#13073=DIRECTION('ref_axis',(1.14416547842176E-9,-1.,1.66807419955526E-9));
#13074=DIRECTION('center_axis',(0.824649715528709,-3.01369023330418E-9,
-0.56564374537196));
#13075=DIRECTION('ref_axis',(0.56564374537196,2.02276696068381E-9,0.824649715528709));
#13076=DIRECTION('',(-0.824649715528709,3.01369023330418E-9,0.56564374537196));
#13077=DIRECTION('',(0.824649715528709,-3.01369023330418E-9,-0.56564374537196));
#13078=DIRECTION('center_axis',(0.824649715947188,0.,-0.565643744761862));
#13079=DIRECTION('ref_axis',(1.14416547842176E-9,-1.,1.66807419955526E-9));
#13080=DIRECTION('center_axis',(0.824649715528709,-3.01369023330418E-9,
-0.56564374537196));
#13081=DIRECTION('ref_axis',(0.56564374537196,2.02276696068381E-9,0.824649715528709));
#13082=DIRECTION('',(0.824649715528709,-3.01369023330418E-9,-0.56564374537196));
#13083=DIRECTION('center_axis',(0.824649715947188,0.,-0.565643744761862));
#13084=DIRECTION('ref_axis',(1.14416547842176E-9,-1.,1.66807419955526E-9));
#13085=DIRECTION('',(-0.824649715528709,3.01369023330418E-9,0.56564374537196));
#13086=DIRECTION('center_axis',(0.824649715528709,-3.01369023330418E-9,
-0.56564374537196));
#13087=DIRECTION('ref_axis',(0.56564374537196,2.02276696068381E-9,0.824649715528709));
#13088=DIRECTION('',(-0.824649715528709,3.01369023330418E-9,0.56564374537196));
#13089=DIRECTION('',(0.824649715528709,-3.01369023330418E-9,-0.56564374537196));
#13090=DIRECTION('center_axis',(0.824649715947188,0.,-0.565643744761862));
#13091=DIRECTION('ref_axis',(1.14416547842176E-9,-1.,1.66807419955526E-9));
#13092=DIRECTION('center_axis',(0.824649715528709,-3.01369023330418E-9,
-0.56564374537196));
#13093=DIRECTION('ref_axis',(0.56564374537196,2.02276696068381E-9,0.824649715528709));
#13094=DIRECTION('',(0.824649715528709,-3.01369023330418E-9,-0.56564374537196));
#13095=DIRECTION('center_axis',(0.824649715947188,0.,-0.565643744761862));
#13096=DIRECTION('ref_axis',(1.14416547842176E-9,-1.,1.66807419955526E-9));
#13097=DIRECTION('',(-0.824649715528709,3.01369023330418E-9,0.56564374537196));
#13098=DIRECTION('center_axis',(0.824649715528709,-3.01369023330418E-9,
-0.56564374537196));
#13099=DIRECTION('ref_axis',(0.56564374537196,2.02276696068381E-9,0.824649715528709));
#13100=DIRECTION('',(-0.824649715528709,3.01369023330418E-9,0.56564374537196));
#13101=DIRECTION('',(0.824649715528709,-3.01369023330418E-9,-0.56564374537196));
#13102=DIRECTION('center_axis',(0.824649715947188,0.,-0.565643744761862));
#13103=DIRECTION('ref_axis',(1.14416547842176E-9,-1.,1.66807419955526E-9));
#13104=DIRECTION('center_axis',(0.824649715528709,-3.01369023330418E-9,
-0.56564374537196));
#13105=DIRECTION('ref_axis',(0.56564374537196,2.02276696068381E-9,0.824649715528709));
#13106=DIRECTION('',(0.824649715528709,-3.01369023330418E-9,-0.56564374537196));
#13107=DIRECTION('center_axis',(0.824649715947188,0.,-0.565643744761862));
#13108=DIRECTION('ref_axis',(1.14416547842176E-9,-1.,1.66807419955526E-9));
#13109=DIRECTION('',(-0.824649715528709,3.01369023330418E-9,0.56564374537196));
#13110=DIRECTION('center_axis',(0.824649715528709,-3.01369023330418E-9,
-0.56564374537196));
#13111=DIRECTION('ref_axis',(0.56564374537196,2.02276696068381E-9,0.824649715528709));
#13112=DIRECTION('',(-0.824649715528709,3.01369023330418E-9,0.56564374537196));
#13113=DIRECTION('',(0.824649715528709,-3.01369023330418E-9,-0.56564374537196));
#13114=DIRECTION('center_axis',(0.824649715947188,0.,-0.565643744761862));
#13115=DIRECTION('ref_axis',(1.14416547842176E-9,-1.,1.66807419955526E-9));
#13116=DIRECTION('center_axis',(0.824649715528709,-3.01369023330418E-9,
-0.56564374537196));
#13117=DIRECTION('ref_axis',(0.56564374537196,2.02276696068381E-9,0.824649715528709));
#13118=DIRECTION('',(0.824649715528709,-3.01369023330418E-9,-0.56564374537196));
#13119=DIRECTION('center_axis',(0.824649715947188,0.,-0.565643744761862));
#13120=DIRECTION('ref_axis',(1.14416547842176E-9,-1.,1.66807419955526E-9));
#13121=DIRECTION('',(-0.824649715528709,3.01369023330418E-9,0.56564374537196));
#13122=DIRECTION('center_axis',(0.824649715528709,-3.01369023330418E-9,
-0.56564374537196));
#13123=DIRECTION('ref_axis',(0.56564374537196,2.02276696068381E-9,0.824649715528709));
#13124=DIRECTION('',(-0.824649715528709,3.01369023330418E-9,0.56564374537196));
#13125=DIRECTION('',(0.824649715528709,-3.01369023330418E-9,-0.56564374537196));
#13126=DIRECTION('center_axis',(0.824649715947188,0.,-0.565643744761862));
#13127=DIRECTION('ref_axis',(1.14416547842176E-9,-1.,1.66807419955526E-9));
#13128=DIRECTION('center_axis',(0.824649715528709,-3.01369023330418E-9,
-0.56564374537196));
#13129=DIRECTION('ref_axis',(0.56564374537196,2.02276696068381E-9,0.824649715528709));
#13130=DIRECTION('',(0.824649715528709,-3.01369023330418E-9,-0.56564374537196));
#13131=DIRECTION('center_axis',(0.824649715947188,0.,-0.565643744761862));
#13132=DIRECTION('ref_axis',(1.14416547842176E-9,-1.,1.66807419955526E-9));
#13133=DIRECTION('',(-0.824649715528709,3.01369023330418E-9,0.56564374537196));
#13134=DIRECTION('center_axis',(0.824649715528709,-3.01369023330418E-9,
-0.56564374537196));
#13135=DIRECTION('ref_axis',(0.56564374537196,2.02276696068381E-9,0.824649715528709));
#13136=DIRECTION('',(0.824649715528709,-3.01369023330418E-9,-0.56564374537196));
#13137=DIRECTION('center_axis',(0.824649715947188,0.,-0.565643744761862));
#13138=DIRECTION('ref_axis',(1.14416547842176E-9,-1.,1.66807419955526E-9));
#13139=DIRECTION('',(-0.824649715528709,3.01369023330418E-9,0.56564374537196));
#13140=DIRECTION('center_axis',(0.824649715947187,0.,-0.565643744761863));
#13141=DIRECTION('ref_axis',(-0.565643744761863,-1.11022302462516E-16,-0.824649715947187));
#13142=DIRECTION('center_axis',(0.824649715947188,0.,-0.565643744761862));
#13143=DIRECTION('ref_axis',(-0.565643744761862,-1.11022302462516E-16,-0.824649715947188));
#13144=DIRECTION('',(0.824649715947187,0.,-0.565643744761863));
#13145=DIRECTION('',(0.824649715947187,0.,-0.565643744761863));
#13146=DIRECTION('center_axis',(0.824649715947188,0.,-0.565643744761862));
#13147=DIRECTION('ref_axis',(-0.565643744761862,-1.11022302462516E-16,-0.824649715947188));
#13148=DIRECTION('center_axis',(0.824649715947187,0.,-0.565643744761863));
#13149=DIRECTION('ref_axis',(-0.489861852455534,0.5,-0.714167603233886));
#13150=DIRECTION('center_axis',(0.824649715947188,0.,-0.565643744761862));
#13151=DIRECTION('ref_axis',(-0.489861852455533,0.5,-0.714167603233886));
#13152=DIRECTION('',(0.824649715947187,0.,-0.565643744761863));
#13153=DIRECTION('',(0.824649715947187,0.,-0.565643744761863));
#13154=DIRECTION('center_axis',(0.824649715947188,0.,-0.565643744761862));
#13155=DIRECTION('ref_axis',(-0.489861852455533,0.5,-0.714167603233886));
#13156=DIRECTION('center_axis',(0.824649715947187,0.,-0.565643744761863));
#13157=DIRECTION('ref_axis',(-0.282821872380931,0.866025403784438,-0.412324857973594));
#13158=DIRECTION('center_axis',(0.824649715947188,0.,-0.565643744761862));
#13159=DIRECTION('ref_axis',(-0.282821872380931,0.866025403784438,-0.412324857973594));
#13160=DIRECTION('',(0.824649715947187,0.,-0.565643744761863));
#13161=DIRECTION('',(0.824649715947187,0.,-0.565643744761863));
#13162=DIRECTION('center_axis',(0.824649715947188,0.,-0.565643744761862));
#13163=DIRECTION('ref_axis',(-0.282821872380931,0.866025403784438,-0.412324857973594));
#13164=DIRECTION('center_axis',(0.824649715947187,0.,-0.565643744761863));
#13165=DIRECTION('ref_axis',(0.,1.,0.));
#13166=DIRECTION('center_axis',(0.824649715947188,0.,-0.565643744761862));
#13167=DIRECTION('ref_axis',(0.,1.,0.));
#13168=DIRECTION('',(0.824649715947187,0.,-0.565643744761863));
#13169=DIRECTION('',(0.824649715947187,0.,-0.565643744761863));
#13170=DIRECTION('center_axis',(0.824649715947188,0.,-0.565643744761862));
#13171=DIRECTION('ref_axis',(0.,1.,0.));
#13172=DIRECTION('center_axis',(0.824649715947187,0.,-0.565643744761863));
#13173=DIRECTION('ref_axis',(0.282821872380931,0.866025403784439,0.412324857973593));
#13174=DIRECTION('center_axis',(0.824649715947188,0.,-0.565643744761862));
#13175=DIRECTION('ref_axis',(0.28282187238093,0.866025403784439,0.412324857973593));
#13176=DIRECTION('',(0.824649715947187,0.,-0.565643744761863));
#13177=DIRECTION('',(0.824649715947187,0.,-0.565643744761863));
#13178=DIRECTION('center_axis',(0.824649715947188,0.,-0.565643744761862));
#13179=DIRECTION('ref_axis',(0.28282187238093,0.866025403784439,0.412324857973593));
#13180=DIRECTION('center_axis',(0.824649715947187,0.,-0.565643744761863));
#13181=DIRECTION('ref_axis',(0.489861852455534,0.5,0.714167603233886));
#13182=DIRECTION('center_axis',(0.824649715947188,0.,-0.565643744761862));
#13183=DIRECTION('ref_axis',(0.489861852455533,0.5,0.714167603233886));
#13184=DIRECTION('',(0.824649715947187,0.,-0.565643744761863));
#13185=DIRECTION('',(0.824649715947187,0.,-0.565643744761863));
#13186=DIRECTION('center_axis',(0.824649715947188,0.,-0.565643744761862));
#13187=DIRECTION('ref_axis',(0.489861852455533,0.5,0.714167603233886));
#13188=DIRECTION('center_axis',(0.824649715947188,0.,-0.565643744761862));
#13189=DIRECTION('ref_axis',(0.565643744761862,0.,0.824649715947188));
#13190=DIRECTION('center_axis',(0.824649715947188,0.,-0.565643744761862));
#13191=DIRECTION('ref_axis',(0.565643744761862,0.,0.824649715947188));
#13192=DIRECTION('',(-1.20767444071118E-16,-1.,-1.7606636574907E-16));
#13193=DIRECTION('center_axis',(0.824649715947188,0.,-0.565643744761862));
#13194=DIRECTION('ref_axis',(0.565643744761862,0.,0.824649715947188));
#13195=DIRECTION('',(-0.282821872380931,0.866025403784438,-0.412324857973594));
#13196=DIRECTION('center_axis',(0.824649715947188,0.,-0.565643744761862));
#13197=DIRECTION('ref_axis',(0.565643744761862,0.,0.824649715947188));
#13198=DIRECTION('',(0.282821872380931,-0.866025403784439,0.412324857973594));
#13199=DIRECTION('center_axis',(0.824649715947188,0.,-0.565643744761862));
#13200=DIRECTION('ref_axis',(0.565643744761862,0.,0.824649715947188));
#13201=DIRECTION('',(-0.489861852455533,0.499999999999999,-0.714167603233886));
#13202=DIRECTION('center_axis',(0.824649715947188,0.,-0.565643744761862));
#13203=DIRECTION('ref_axis',(0.565643744761862,0.,0.824649715947188));
#13204=DIRECTION('center_axis',(0.824649715947188,0.,-0.565643744761862));
#13205=DIRECTION('ref_axis',(0.489861852455533,-0.5,0.714167603233886));
#13206=DIRECTION('',(-0.282821872380931,-0.866025403784439,-0.412324857973594));
#13207=DIRECTION('center_axis',(0.824649715947188,0.,-0.565643744761862));
#13208=DIRECTION('ref_axis',(0.565643744761862,0.,0.824649715947188));
#13209=DIRECTION('',(0.,1.,0.));
#13210=DIRECTION('center_axis',(0.824649715947188,0.,-0.565643744761862));
#13211=DIRECTION('ref_axis',(0.565643744761862,0.,0.824649715947188));
#13212=DIRECTION('center_axis',(0.824649715947188,0.,-0.565643744761862));
#13213=DIRECTION('ref_axis',(0.565643744761862,0.,0.824649715947188));
#13214=DIRECTION('',(0.489861852455533,-0.499999999999999,0.714167603233886));
#13215=DIRECTION('center_axis',(0.824649715947188,0.,-0.565643744761862));
#13216=DIRECTION('ref_axis',(0.565643744761862,0.,0.824649715947188));
#13217=DIRECTION('',(-0.565643744761862,-1.70803542250024E-16,-0.824649715947188));
#13218=DIRECTION('center_axis',(0.824649715947188,0.,-0.565643744761862));
#13219=DIRECTION('ref_axis',(0.565643744761862,0.,0.824649715947188));
#13220=DIRECTION('center_axis',(0.824649715947188,0.,-0.565643744761862));
#13221=DIRECTION('ref_axis',(0.282821872380931,-0.866025403784439,0.412324857973594));
#13222=DIRECTION('',(-0.489861852455533,-0.5,-0.714167603233886));
#13223=DIRECTION('center_axis',(0.824649715947188,0.,-0.565643744761862));
#13224=DIRECTION('ref_axis',(0.565643744761862,0.,0.824649715947188));
#13225=DIRECTION('',(0.282821872380931,0.866025403784439,0.412324857973594));
#13226=DIRECTION('center_axis',(0.824649715947188,0.,-0.565643744761862));
#13227=DIRECTION('ref_axis',(0.489861852455533,-0.5,0.714167603233886));
#13228=DIRECTION('center_axis',(0.824649715947188,0.,-0.565643744761862));
#13229=DIRECTION('ref_axis',(0.565643744761862,0.,0.824649715947188));
#13230=DIRECTION('',(0.565643744761862,0.,0.824649715947188));
#13231=DIRECTION('center_axis',(0.824649715947188,0.,-0.565643744761862));
#13232=DIRECTION('ref_axis',(0.565643744761862,0.,0.824649715947188));
#13233=DIRECTION('',(-0.489861852455533,-0.5,-0.714167603233886));
#13234=DIRECTION('center_axis',(0.824649715947188,0.,-0.565643744761862));
#13235=DIRECTION('ref_axis',(0.565643744761862,0.,0.824649715947188));
#13236=DIRECTION('center_axis',(0.824649715947188,0.,-0.565643744761862));
#13237=DIRECTION('ref_axis',(0.,-1.,0.));
#13238=DIRECTION('',(-0.565643744761862,5.12410626750072E-16,-0.824649715947188));
#13239=DIRECTION('center_axis',(0.824649715947188,0.,-0.565643744761862));
#13240=DIRECTION('ref_axis',(0.565643744761862,0.,0.824649715947188));
#13241=DIRECTION('',(0.489861852455533,0.5,0.714167603233886));
#13242=DIRECTION('center_axis',(0.824649715947188,0.,-0.565643744761862));
#13243=DIRECTION('ref_axis',(0.282821872380931,-0.866025403784439,0.412324857973594));
#13244=DIRECTION('center_axis',(0.824649715947188,0.,-0.565643744761862));
#13245=DIRECTION('ref_axis',(0.565643744761862,0.,0.824649715947188));
#13246=DIRECTION('',(0.489861852455533,0.5,0.714167603233886));
#13247=DIRECTION('center_axis',(0.824649715947188,0.,-0.565643744761862));
#13248=DIRECTION('ref_axis',(0.565643744761862,0.,0.824649715947188));
#13249=DIRECTION('',(-0.282821872380931,-0.866025403784439,-0.412324857973594));
#13250=DIRECTION('center_axis',(0.824649715947188,0.,-0.565643744761862));
#13251=DIRECTION('ref_axis',(0.565643744761862,0.,0.824649715947188));
#13252=DIRECTION('center_axis',(0.824649715947188,0.,-0.565643744761862));
#13253=DIRECTION('ref_axis',(-0.282821872380931,-0.866025403784439,-0.412324857973594));
#13254=DIRECTION('',(-0.489861852455533,0.5,-0.714167603233886));
#13255=DIRECTION('center_axis',(0.824649715947188,0.,-0.565643744761862));
#13256=DIRECTION('ref_axis',(0.565643744761862,0.,0.824649715947188));
#13257=DIRECTION('',(0.565643744761862,-1.70803542250024E-16,0.824649715947188));
#13258=DIRECTION('center_axis',(0.824649715947188,0.,-0.565643744761862));
#13259=DIRECTION('ref_axis',(0.,-1.,0.));
#13260=DIRECTION('center_axis',(0.824649715947188,0.,-0.565643744761862));
#13261=DIRECTION('ref_axis',(0.565643744761862,0.,0.824649715947188));
#13262=DIRECTION('',(0.282821872380931,0.866025403784439,0.412324857973594));
#13263=DIRECTION('center_axis',(0.824649715947188,0.,-0.565643744761862));
#13264=DIRECTION('ref_axis',(0.565643744761862,0.,0.824649715947188));
#13265=DIRECTION('',(7.24604664426709E-17,-1.,1.05639819449442E-16));
#13266=DIRECTION('center_axis',(0.824649715947188,0.,-0.565643744761862));
#13267=DIRECTION('ref_axis',(0.565643744761862,0.,0.824649715947188));
#13268=DIRECTION('center_axis',(0.824649715947188,0.,-0.565643744761862));
#13269=DIRECTION('ref_axis',(-0.489861852455533,-0.5,-0.714167603233886));
#13270=DIRECTION('',(-0.282821872380931,0.866025403784439,-0.412324857973594));
#13271=DIRECTION('center_axis',(0.824649715947188,0.,-0.565643744761862));
#13272=DIRECTION('ref_axis',(0.565643744761862,0.,0.824649715947188));
#13273=DIRECTION('',(0.489861852455533,-0.5,0.714167603233886));
#13274=DIRECTION('center_axis',(0.824649715947188,0.,-0.565643744761862));
#13275=DIRECTION('ref_axis',(-0.282821872380931,-0.866025403784439,-0.412324857973594));
#13276=DIRECTION('center_axis',(-0.28282187238093,-0.866025403784439,-0.412324857973593));
#13277=DIRECTION('ref_axis',(-0.824649715947188,1.66533453693773E-16,0.565643744761862));
#13278=DIRECTION('center_axis',(-0.28282187238093,-0.866025403784439,-0.412324857973593));
#13279=DIRECTION('ref_axis',(0.824649715947188,-1.81014623580189E-16,-0.565643744761862));
#13280=DIRECTION('center_axis',(-0.28282187238093,-0.866025403784439,-0.412324857973593));
#13281=DIRECTION('ref_axis',(-0.489861852455527,0.500000000000001,-0.714167603233889));
#13282=DIRECTION('center_axis',(-0.28282187238093,-0.866025403784439,-0.412324857973593));
#13283=DIRECTION('ref_axis',(0.824649715947188,-1.81014623580189E-16,-0.565643744761862));
#13284=DIRECTION('center_axis',(0.282821872380931,0.866025403784439,0.412324857973593));
#13285=DIRECTION('ref_axis',(-0.489861852455527,0.500000000000001,-0.714167603233889));
#13286=DIRECTION('center_axis',(-0.28282187238093,-0.866025403784439,-0.412324857973593));
#13287=DIRECTION('ref_axis',(-0.489861852455527,0.500000000000001,-0.714167603233889));
#13288=DIRECTION('center_axis',(-0.282821872380931,-0.866025403784439,-0.412324857973593));
#13289=DIRECTION('ref_axis',(-0.489861852455527,0.500000000000001,-0.714167603233889));
#13290=DIRECTION('center_axis',(0.28282187238093,0.866025403784439,0.412324857973593));
#13291=DIRECTION('ref_axis',(0.824649715947188,-1.66533453693773E-16,-0.565643744761862));
#13292=DIRECTION('center_axis',(-0.282821872380931,-0.866025403784439,-0.412324857973593));
#13293=DIRECTION('ref_axis',(-0.489861852455533,0.499999999999999,-0.714167603233886));
#13294=DIRECTION('',(0.824649715947187,0.,-0.565643744761863));
#13295=DIRECTION('center_axis',(-0.489861852455533,-0.500000000000001,-0.714167603233886));
#13296=DIRECTION('ref_axis',(-0.824649715947188,0.,0.565643744761862));
#13297=DIRECTION('center_axis',(-0.489861852455533,-0.500000000000001,-0.714167603233886));
#13298=DIRECTION('ref_axis',(0.824649715947188,0.,-0.565643744761862));
#13299=DIRECTION('center_axis',(-0.489861852455533,-0.500000000000001,-0.714167603233886));
#13300=DIRECTION('ref_axis',(-0.282821872380925,0.866025403784439,-0.412324857973597));
#13301=DIRECTION('center_axis',(-0.489861852455533,-0.500000000000001,-0.714167603233886));
#13302=DIRECTION('ref_axis',(0.824649715947188,0.,-0.565643744761862));
#13303=DIRECTION('center_axis',(0.489861852455534,0.500000000000001,0.714167603233885));
#13304=DIRECTION('ref_axis',(-0.282821872380925,0.866025403784439,-0.412324857973597));
#13305=DIRECTION('center_axis',(-0.489861852455533,-0.500000000000001,-0.714167603233886));
#13306=DIRECTION('ref_axis',(-0.282821872380925,0.866025403784439,-0.412324857973597));
#13307=DIRECTION('center_axis',(-0.489861852455534,-0.5,-0.714167603233886));
#13308=DIRECTION('ref_axis',(-0.282821872380925,0.866025403784439,-0.412324857973597));
#13309=DIRECTION('center_axis',(0.489861852455533,0.500000000000001,0.714167603233886));
#13310=DIRECTION('ref_axis',(0.824649715947188,0.,-0.565643744761862));
#13311=DIRECTION('center_axis',(-0.489861852455534,-0.500000000000001,-0.714167603233885));
#13312=DIRECTION('ref_axis',(-0.282821872380931,0.866025403784438,-0.412324857973594));
#13313=DIRECTION('',(0.824649715947187,0.,-0.565643744761863));
#13314=DIRECTION('center_axis',(1.11022302462516E-16,-1.,1.66533453693773E-16));
#13315=DIRECTION('ref_axis',(-0.824649715947188,1.66533453693773E-16,0.565643744761862));
#13316=DIRECTION('center_axis',(1.11022302462516E-16,-1.,1.66533453693773E-16));
#13317=DIRECTION('ref_axis',(0.824649715947188,-1.81014623580189E-16,-0.565643744761862));
#13318=DIRECTION('center_axis',(1.11022302462516E-16,-1.,1.66533453693773E-16));
#13319=DIRECTION('ref_axis',(-0.565643744761856,1.75511736658261E-15,-0.824649715947192));
#13320=DIRECTION('center_axis',(1.11022302462516E-16,-1.,1.66533453693773E-16));
#13321=DIRECTION('ref_axis',(0.824649715947188,-1.81014623580189E-16,-0.565643744761862));
#13322=DIRECTION('center_axis',(-9.66139552568947E-17,1.,-1.40853092599256E-16));
#13323=DIRECTION('ref_axis',(-0.565643744761856,1.75511736658261E-15,-0.824649715947192));
#13324=DIRECTION('center_axis',(1.11022302462516E-16,-1.,1.66533453693773E-16));
#13325=DIRECTION('ref_axis',(-0.565643744761856,1.75511736658261E-15,-0.824649715947192));
#13326=DIRECTION('center_axis',(0.,-1.,0.));
#13327=DIRECTION('ref_axis',(-0.565643744761856,1.75511736658261E-15,-0.824649715947192));
#13328=DIRECTION('center_axis',(-1.11022302462516E-16,1.,-1.66533453693773E-16));
#13329=DIRECTION('ref_axis',(0.824649715947188,-1.66533453693773E-16,-0.565643744761862));
#13330=DIRECTION('center_axis',(9.66139552568947E-17,-1.,1.40853092599256E-16));
#13331=DIRECTION('ref_axis',(-0.565643744761862,-1.70803542250024E-16,-0.824649715947188));
#13332=DIRECTION('',(0.824649715947187,0.,-0.565643744761863));
#13333=DIRECTION('center_axis',(-1.11022302462516E-16,1.,-1.11022302462516E-16));
#13334=DIRECTION('ref_axis',(-0.824649715947188,-1.11022302462516E-16,0.565643744761862));
#13335=DIRECTION('center_axis',(-1.11022302462516E-16,1.,-1.11022302462516E-16));
#13336=DIRECTION('ref_axis',(0.824649715947188,1.20676415720126E-16,-0.565643744761862));
#13337=DIRECTION('center_axis',(-1.11022302462516E-16,1.,-1.11022302462516E-16));
#13338=DIRECTION('ref_axis',(0.565643744761867,-1.81478297558036E-15,0.824649715947184));
#13339=DIRECTION('center_axis',(-1.11022302462516E-16,1.,-1.11022302462516E-16));
#13340=DIRECTION('ref_axis',(0.824649715947188,1.20676415720126E-16,-0.565643744761862));
#13341=DIRECTION('center_axis',(-9.66139552568948E-17,-1.,-1.40853092599256E-16));
#13342=DIRECTION('ref_axis',(0.565643744761867,-1.81478297558036E-15,0.824649715947184));
#13343=DIRECTION('center_axis',(-1.11022302462516E-16,1.,-1.11022302462516E-16));
#13344=DIRECTION('ref_axis',(0.565643744761867,-1.81478297558036E-15,0.824649715947184));
#13345=DIRECTION('center_axis',(2.89841865770684E-16,1.,4.22559277797767E-16));
#13346=DIRECTION('ref_axis',(0.565643744761867,-1.81478297558036E-15,0.824649715947184));
#13347=DIRECTION('center_axis',(1.11022302462516E-16,-1.,1.11022302462516E-16));
#13348=DIRECTION('ref_axis',(0.824649715947188,1.11022302462516E-16,-0.565643744761862));
#13349=DIRECTION('center_axis',(9.66139552568948E-17,1.,1.40853092599256E-16));
#13350=DIRECTION('ref_axis',(0.565643744761862,-1.70803542250024E-16,0.824649715947188));
#13351=DIRECTION('',(0.824649715947187,0.,-0.565643744761863));
#13352=DIRECTION('',(0.824649715947187,0.,-0.565643744761863));
#13353=DIRECTION('center_axis',(0.565643744761862,1.22464679914735E-16,
0.824649715947188));
#13354=DIRECTION('ref_axis',(-0.824649715947188,-1.23259516440783E-32,0.565643744761862));
#13355=DIRECTION('center_axis',(0.565643744761862,1.22464679914735E-16,
0.824649715947188));
#13356=DIRECTION('ref_axis',(0.824649715947188,2.00966602892582E-32,-0.565643744761862));
#13357=DIRECTION('center_axis',(0.565643744761862,1.22464679914735E-16,
0.824649715947188));
#13358=DIRECTION('ref_axis',(4.54399516392857E-15,-1.,-5.31938841718494E-15));
#13359=DIRECTION('center_axis',(0.565643744761862,1.22464679914735E-16,
0.824649715947188));
#13360=DIRECTION('ref_axis',(0.824649715947188,2.00966602892582E-32,-0.565643744761862));
#13361=DIRECTION('center_axis',(-0.565643744761863,-1.28102656687518E-16,
-0.824649715947187));
#13362=DIRECTION('ref_axis',(4.54399516392857E-15,-1.,-5.31938841718494E-15));
#13363=DIRECTION('center_axis',(0.565643744761862,1.22464679914735E-16,
0.824649715947188));
#13364=DIRECTION('ref_axis',(4.54399516392857E-15,-1.,-5.31938841718494E-15));
#13365=DIRECTION('center_axis',(0.565643744761863,-8.5401771125012E-17,
0.824649715947187));
#13366=DIRECTION('ref_axis',(4.54399516392857E-15,-1.,-5.31938841718494E-15));
#13367=DIRECTION('center_axis',(-0.565643744761862,-1.22464679914735E-16,
-0.824649715947188));
#13368=DIRECTION('ref_axis',(0.824649715947188,1.23259516440783E-32,-0.565643744761862));
#13369=DIRECTION('center_axis',(0.565643744761863,1.28102656687518E-16,
0.824649715947187));
#13370=DIRECTION('ref_axis',(7.24604664426709E-17,-1.,1.05639819449442E-16));
#13371=DIRECTION('',(0.824649715947187,0.,-0.565643744761863));
#13372=DIRECTION('center_axis',(0.489861852455533,0.5,0.714167603233886));
#13373=DIRECTION('ref_axis',(-0.824649715947188,-2.77555756156289E-17,0.565643744761862));
#13374=DIRECTION('center_axis',(0.489861852455533,0.5,0.714167603233886));
#13375=DIRECTION('ref_axis',(0.824649715947188,3.01691039300315E-17,-0.565643744761862));
#13376=DIRECTION('center_axis',(0.489861852455533,0.5,0.714167603233886));
#13377=DIRECTION('ref_axis',(0.282821872380936,-0.866025403784439,0.412324857973589));
#13378=DIRECTION('center_axis',(0.489861852455533,0.5,0.714167603233886));
#13379=DIRECTION('ref_axis',(0.824649715947188,3.01691039300315E-17,-0.565643744761862));
#13380=DIRECTION('center_axis',(-0.489861852455534,-0.5,-0.714167603233886));
#13381=DIRECTION('ref_axis',(0.282821872380936,-0.866025403784439,0.412324857973589));
#13382=DIRECTION('center_axis',(0.489861852455533,0.5,0.714167603233886));
#13383=DIRECTION('ref_axis',(0.282821872380936,-0.866025403784439,0.412324857973589));
#13384=DIRECTION('center_axis',(0.489861852455534,0.5,0.714167603233886));
#13385=DIRECTION('ref_axis',(0.282821872380936,-0.866025403784439,0.412324857973589));
#13386=DIRECTION('center_axis',(-0.489861852455533,-0.5,-0.714167603233886));
#13387=DIRECTION('ref_axis',(0.824649715947188,2.77555756156289E-17,-0.565643744761862));
#13388=DIRECTION('center_axis',(0.489861852455534,0.5,0.714167603233886));
#13389=DIRECTION('ref_axis',(0.282821872380931,-0.866025403784438,0.412324857973594));
#13390=DIRECTION('',(0.824649715947187,0.,-0.565643744761863));
#13391=DIRECTION('',(0.282821872380931,-0.866025403784438,0.412324857973594));
#13392=DIRECTION('',(0.824649715947187,0.,-0.565643744761863));
#13393=DIRECTION('center_axis',(0.282821872380931,-0.866025403784438,0.412324857973594));
#13394=DIRECTION('ref_axis',(-0.824649715947188,1.66533453693773E-16,0.565643744761862));
#13395=DIRECTION('center_axis',(0.282821872380931,-0.866025403784438,0.412324857973594));
#13396=DIRECTION('ref_axis',(0.824649715947188,-1.20676415720126E-16,-0.565643744761862));
#13397=DIRECTION('center_axis',(0.282821872380931,-0.866025403784438,0.412324857973594));
#13398=DIRECTION('ref_axis',(-0.489861852455528,-0.499999999999999,-0.714167603233891));
#13399=DIRECTION('center_axis',(0.282821872380931,-0.866025403784438,0.412324857973594));
#13400=DIRECTION('ref_axis',(0.824649715947188,-1.20676415720126E-16,-0.565643744761862));
#13401=DIRECTION('center_axis',(-0.282821872380931,0.866025403784439,-0.412324857973594));
#13402=DIRECTION('ref_axis',(-0.489861852455528,-0.499999999999999,-0.714167603233891));
#13403=DIRECTION('center_axis',(0.282821872380931,-0.866025403784438,0.412324857973594));
#13404=DIRECTION('ref_axis',(-0.489861852455528,-0.499999999999999,-0.714167603233891));
#13405=DIRECTION('center_axis',(0.282821872380931,-0.866025403784439,0.412324857973594));
#13406=DIRECTION('ref_axis',(-0.489861852455528,-0.499999999999999,-0.714167603233891));
#13407=DIRECTION('center_axis',(-0.282821872380931,0.866025403784438,-0.412324857973594));
#13408=DIRECTION('ref_axis',(0.824649715947188,-1.66533453693773E-16,-0.565643744761862));
#13409=DIRECTION('center_axis',(0.282821872380931,-0.866025403784439,0.412324857973594));
#13410=DIRECTION('ref_axis',(-0.489861852455533,-0.5,-0.714167603233886));
#13411=DIRECTION('',(0.824649715947187,0.,-0.565643744761863));
#13412=DIRECTION('center_axis',(0.282821872380931,0.866025403784439,0.412324857973594));
#13413=DIRECTION('ref_axis',(-0.824649715947188,-1.11022302462516E-16,0.565643744761862));
#13414=DIRECTION('center_axis',(0.282821872380931,0.866025403784439,0.412324857973594));
#13415=DIRECTION('ref_axis',(0.824649715947188,1.20676415720126E-16,-0.565643744761862));
#13416=DIRECTION('center_axis',(0.282821872380931,0.866025403784439,0.412324857973594));
#13417=DIRECTION('ref_axis',(0.489861852455538,-0.500000000000001,0.714167603233882));
#13418=DIRECTION('center_axis',(0.282821872380931,0.866025403784439,0.412324857973594));
#13419=DIRECTION('ref_axis',(0.824649715947188,1.20676415720126E-16,-0.565643744761862));
#13420=DIRECTION('center_axis',(-0.282821872380931,-0.866025403784439,-0.412324857973593));
#13421=DIRECTION('ref_axis',(0.489861852455538,-0.500000000000001,0.714167603233882));
#13422=DIRECTION('center_axis',(0.282821872380931,0.866025403784439,0.412324857973594));
#13423=DIRECTION('ref_axis',(0.489861852455538,-0.500000000000001,0.714167603233882));
#13424=DIRECTION('center_axis',(0.282821872380931,0.866025403784439,0.412324857973594));
#13425=DIRECTION('ref_axis',(0.489861852455538,-0.500000000000001,0.714167603233882));
#13426=DIRECTION('center_axis',(-0.282821872380931,-0.866025403784439,-0.412324857973594));
#13427=DIRECTION('ref_axis',(0.824649715947188,1.11022302462516E-16,-0.565643744761862));
#13428=DIRECTION('center_axis',(0.282821872380931,0.866025403784439,0.412324857973593));
#13429=DIRECTION('ref_axis',(0.489861852455533,-0.5,0.714167603233886));
#13430=DIRECTION('',(0.824649715947187,0.,-0.565643744761863));
#13431=DIRECTION('',(0.824649715947187,0.,-0.565643744761863));
#13432=DIRECTION('center_axis',(0.489861852455533,-0.5,0.714167603233886));
#13433=DIRECTION('ref_axis',(-0.824649715947188,2.77555756156289E-17,0.565643744761862));
#13434=DIRECTION('center_axis',(0.489861852455533,-0.5,0.714167603233886));
#13435=DIRECTION('ref_axis',(0.824649715947188,-3.01691039300315E-17,-0.565643744761862));
#13436=DIRECTION('center_axis',(0.489861852455533,-0.5,0.714167603233886));
#13437=DIRECTION('ref_axis',(-0.282821872380926,-0.866025403784438,-0.412324857973599));
#13438=DIRECTION('center_axis',(0.489861852455533,-0.5,0.714167603233886));
#13439=DIRECTION('ref_axis',(0.824649715947188,-3.01691039300315E-17,-0.565643744761862));
#13440=DIRECTION('center_axis',(-0.489861852455534,0.5,-0.714167603233886));
#13441=DIRECTION('ref_axis',(-0.282821872380926,-0.866025403784438,-0.412324857973599));
#13442=DIRECTION('center_axis',(0.489861852455533,-0.5,0.714167603233886));
#13443=DIRECTION('ref_axis',(-0.282821872380926,-0.866025403784438,-0.412324857973599));
#13444=DIRECTION('center_axis',(0.489861852455534,-0.5,0.714167603233886));
#13445=DIRECTION('ref_axis',(-0.282821872380926,-0.866025403784438,-0.412324857973599));
#13446=DIRECTION('center_axis',(-0.489861852455533,0.5,-0.714167603233886));
#13447=DIRECTION('ref_axis',(0.824649715947188,-2.77555756156289E-17,-0.565643744761862));
#13448=DIRECTION('center_axis',(0.489861852455534,-0.5,0.714167603233886));
#13449=DIRECTION('ref_axis',(-0.282821872380931,-0.866025403784439,-0.412324857973594));
#13450=DIRECTION('',(0.824649715947187,0.,-0.565643744761863));
#13451=DIRECTION('center_axis',(-0.282821872380931,0.866025403784439,-0.412324857973594));
#13452=DIRECTION('ref_axis',(-0.824649715947188,-5.55111512312578E-17,0.565643744761862));
#13453=DIRECTION('center_axis',(-0.282821872380931,0.866025403784439,-0.412324857973594));
#13454=DIRECTION('ref_axis',(0.824649715947188,6.0338207860063E-17,-0.565643744761862));
#13455=DIRECTION('center_axis',(-0.282821872380931,0.866025403784439,-0.412324857973594));
#13456=DIRECTION('ref_axis',(0.489861852455539,0.499999999999998,0.714167603233883));
#13457=DIRECTION('center_axis',(-0.282821872380931,0.866025403784439,-0.412324857973594));
#13458=DIRECTION('ref_axis',(0.824649715947188,6.0338207860063E-17,-0.565643744761862));
#13459=DIRECTION('center_axis',(0.282821872380931,-0.866025403784439,0.412324857973594));
#13460=DIRECTION('ref_axis',(0.489861852455539,0.499999999999998,0.714167603233883));
#13461=DIRECTION('center_axis',(-0.282821872380931,0.866025403784439,-0.412324857973594));
#13462=DIRECTION('ref_axis',(0.489861852455539,0.499999999999998,0.714167603233883));
#13463=DIRECTION('center_axis',(-0.282821872380931,0.866025403784439,-0.412324857973594));
#13464=DIRECTION('ref_axis',(0.489861852455539,0.499999999999998,0.714167603233883));
#13465=DIRECTION('center_axis',(0.282821872380931,-0.866025403784439,0.412324857973594));
#13466=DIRECTION('ref_axis',(0.824649715947188,5.55111512312578E-17,-0.565643744761862));
#13467=DIRECTION('center_axis',(-0.282821872380931,0.866025403784439,-0.412324857973594));
#13468=DIRECTION('ref_axis',(0.489861852455533,0.5,0.714167603233886));
#13469=DIRECTION('',(0.824649715947187,0.,-0.565643744761863));
#13470=DIRECTION('',(0.824649715947187,0.,-0.565643744761863));
#13471=DIRECTION('center_axis',(-0.489861852455534,0.5,-0.714167603233886));
#13472=DIRECTION('ref_axis',(-0.824649715947188,-8.32667268468867E-17,0.565643744761862));
#13473=DIRECTION('center_axis',(-0.489861852455534,0.5,-0.714167603233886));
#13474=DIRECTION('ref_axis',(0.824649715947188,6.0338207860063E-17,-0.565643744761862));
#13475=DIRECTION('center_axis',(-0.489861852455534,0.5,-0.714167603233886));
#13476=DIRECTION('ref_axis',(0.282821872380937,0.866025403784438,0.412324857973592));
#13477=DIRECTION('center_axis',(-0.489861852455534,0.5,-0.714167603233886));
#13478=DIRECTION('ref_axis',(0.824649715947188,6.0338207860063E-17,-0.565643744761862));
#13479=DIRECTION('center_axis',(0.489861852455534,-0.5,0.714167603233886));
#13480=DIRECTION('ref_axis',(0.282821872380937,0.866025403784438,0.412324857973592));
#13481=DIRECTION('center_axis',(-0.489861852455534,0.5,-0.714167603233886));
#13482=DIRECTION('ref_axis',(0.282821872380937,0.866025403784438,0.412324857973592));
#13483=DIRECTION('center_axis',(-0.489861852455534,0.5,-0.714167603233886));
#13484=DIRECTION('ref_axis',(0.282821872380937,0.866025403784438,0.412324857973592));
#13485=DIRECTION('center_axis',(0.489861852455534,-0.5,0.714167603233886));
#13486=DIRECTION('ref_axis',(0.824649715947188,8.32667268468867E-17,-0.565643744761862));
#13487=DIRECTION('center_axis',(-0.489861852455534,0.5,-0.714167603233886));
#13488=DIRECTION('ref_axis',(0.282821872380931,0.866025403784439,0.412324857973594));
#13489=DIRECTION('',(0.824649715947187,0.,-0.565643744761863));
#13490=DIRECTION('',(0.824649715947187,0.,-0.565643744761863));
#13491=DIRECTION('center_axis',(0.565643744761862,0.,0.824649715947188));
#13492=DIRECTION('ref_axis',(0.824649715947188,0.,-0.565643744761862));
#13493=DIRECTION('center_axis',(-0.565643744761862,0.,-0.824649715947188));
#13494=DIRECTION('ref_axis',(0.824649715947188,0.,-0.565643744761862));
#13495=DIRECTION('center_axis',(-0.565643744761862,0.,-0.824649715947188));
#13496=DIRECTION('ref_axis',(-0.824649715947188,0.,0.565643744761862));
#13497=DIRECTION('center_axis',(-0.565643744761862,0.,-0.824649715947188));
#13498=DIRECTION('ref_axis',(0.824649715947188,0.,-0.565643744761862));
#13499=DIRECTION('center_axis',(-0.565643744761862,0.,-0.824649715947188));
#13500=DIRECTION('ref_axis',(6.66808024368536E-15,1.,-2.22269341456179E-15));
#13501=DIRECTION('center_axis',(-0.565643744761863,2.1350442781253E-16,
-0.824649715947187));
#13502=DIRECTION('ref_axis',(6.66808024368536E-15,1.,-2.22269341456179E-15));
#13503=DIRECTION('center_axis',(-0.565643744761862,0.,-0.824649715947188));
#13504=DIRECTION('ref_axis',(6.66808024368536E-15,1.,-2.22269341456179E-15));
#13505=DIRECTION('center_axis',(0.565643744761863,0.,0.824649715947187));
#13506=DIRECTION('ref_axis',(6.66808024368536E-15,1.,-2.22269341456179E-15));
#13507=DIRECTION('center_axis',(0.489861852455534,0.5,0.714167603233886));
#13508=DIRECTION('ref_axis',(0.282821872380931,-0.866025403784439,0.412324857973594));
#13509=DIRECTION('',(0.824649715947187,0.,-0.565643744761863));
#13510=DIRECTION('center_axis',(0.824649715947187,0.,-0.565643744761863));
#13511=DIRECTION('ref_axis',(0.565643744761863,0.,0.824649715947187));
#13512=DIRECTION('center_axis',(0.282821872380931,0.866025403784439,0.412324857973593));
#13513=DIRECTION('ref_axis',(0.489861852455533,-0.499999999999999,0.714167603233886));
#13514=DIRECTION('',(0.824649715947187,0.,-0.565643744761863));
#13515=DIRECTION('center_axis',(0.824649715947187,0.,-0.565643744761863));
#13516=DIRECTION('ref_axis',(0.565643744761863,0.,0.824649715947187));
#13517=DIRECTION('center_axis',(0.,1.,0.));
#13518=DIRECTION('ref_axis',(0.565643744761862,0.,0.824649715947188));
#13519=DIRECTION('',(0.824649715947187,0.,-0.565643744761863));
#13520=DIRECTION('center_axis',(0.824649715947187,0.,-0.565643744761863));
#13521=DIRECTION('ref_axis',(0.565643744761863,0.,0.824649715947187));
#13522=DIRECTION('center_axis',(-0.282821872380931,0.866025403784439,-0.412324857973594));
#13523=DIRECTION('ref_axis',(0.489861852455533,0.5,0.714167603233886));
#13524=DIRECTION('',(0.824649715947187,0.,-0.565643744761863));
#13525=DIRECTION('center_axis',(0.824649715947187,0.,-0.565643744761863));
#13526=DIRECTION('ref_axis',(0.565643744761863,0.,0.824649715947187));
#13527=DIRECTION('center_axis',(-0.489861852455534,0.5,-0.714167603233886));
#13528=DIRECTION('ref_axis',(0.282821872380931,0.866025403784439,0.412324857973594));
#13529=DIRECTION('',(0.824649715947187,0.,-0.565643744761863));
#13530=DIRECTION('center_axis',(0.824649715947187,0.,-0.565643744761863));
#13531=DIRECTION('ref_axis',(0.565643744761863,0.,0.824649715947187));
#13532=DIRECTION('center_axis',(-0.565643744761863,8.5401771125012E-17,
-0.824649715947187));
#13533=DIRECTION('ref_axis',(4.83069776284472E-17,1.,7.04265462996279E-17));
#13534=DIRECTION('',(0.824649715947187,0.,-0.565643744761863));
#13535=DIRECTION('',(4.83069776284472E-17,1.,7.04265462996279E-17));
#13536=DIRECTION('center_axis',(0.824649715947187,0.,-0.565643744761863));
#13537=DIRECTION('ref_axis',(0.565643744761863,0.,0.824649715947187));
#13538=DIRECTION('center_axis',(0.824649715947188,0.,-0.565643744761862));
#13539=DIRECTION('ref_axis',(0.565643744761862,0.,0.824649715947188));
#13540=DIRECTION('center_axis',(0.824649715947187,0.,-0.565643744761863));
#13541=DIRECTION('ref_axis',(-0.489861852455534,-0.5,-0.714167603233885));
#13542=DIRECTION('center_axis',(0.824649715947188,0.,-0.565643744761862));
#13543=DIRECTION('ref_axis',(-0.489861852455533,-0.5,-0.714167603233886));
#13544=DIRECTION('',(0.824649715947187,0.,-0.565643744761863));
#13545=DIRECTION('center_axis',(-0.489861852455534,-0.5,-0.714167603233886));
#13546=DIRECTION('ref_axis',(-0.282821872380931,0.866025403784439,-0.412324857973594));
#13547=DIRECTION('',(0.824649715947187,0.,-0.565643744761863));
#13548=DIRECTION('center_axis',(0.824649715947187,0.,-0.565643744761863));
#13549=DIRECTION('ref_axis',(0.565643744761863,0.,0.824649715947187));
#13550=DIRECTION('center_axis',(0.824649715947187,0.,-0.565643744761863));
#13551=DIRECTION('ref_axis',(-0.282821872380931,-0.866025403784439,-0.412324857973594));
#13552=DIRECTION('',(0.824649715947187,0.,-0.565643744761863));
#13553=DIRECTION('center_axis',(-0.282821872380931,-0.866025403784439,-0.412324857973594));
#13554=DIRECTION('ref_axis',(-0.489861852455533,0.5,-0.714167603233886));
#13555=DIRECTION('',(0.824649715947187,0.,-0.565643744761863));
#13556=DIRECTION('center_axis',(0.824649715947187,0.,-0.565643744761863));
#13557=DIRECTION('ref_axis',(0.565643744761863,0.,0.824649715947187));
#13558=DIRECTION('center_axis',(0.824649715947187,0.,-0.565643744761863));
#13559=DIRECTION('ref_axis',(0.,-1.,0.));
#13560=DIRECTION('',(0.824649715947187,0.,-0.565643744761863));
#13561=DIRECTION('center_axis',(-2.89841865770684E-16,-1.,-4.22559277797767E-16));
#13562=DIRECTION('ref_axis',(-0.565643744761862,5.12410626750072E-16,-0.824649715947188));
#13563=DIRECTION('',(0.824649715947187,0.,-0.565643744761863));
#13564=DIRECTION('center_axis',(0.824649715947187,0.,-0.565643744761863));
#13565=DIRECTION('ref_axis',(0.565643744761863,0.,0.824649715947187));
#13566=DIRECTION('center_axis',(0.824649715947187,0.,-0.565643744761863));
#13567=DIRECTION('ref_axis',(0.282821872380931,-0.866025403784439,0.412324857973593));
#13568=DIRECTION('',(0.824649715947187,0.,-0.565643744761863));
#13569=DIRECTION('center_axis',(0.282821872380931,-0.866025403784439,0.412324857973594));
#13570=DIRECTION('ref_axis',(-0.489861852455533,-0.5,-0.714167603233886));
#13571=DIRECTION('',(0.824649715947187,0.,-0.565643744761863));
#13572=DIRECTION('center_axis',(0.824649715947187,0.,-0.565643744761863));
#13573=DIRECTION('ref_axis',(0.565643744761863,0.,0.824649715947187));
#13574=DIRECTION('center_axis',(0.824649715947187,0.,-0.565643744761863));
#13575=DIRECTION('ref_axis',(0.489861852455534,-0.5,0.714167603233886));
#13576=DIRECTION('',(0.824649715947187,0.,-0.565643744761863));
#13577=DIRECTION('center_axis',(0.489861852455534,-0.5,0.714167603233886));
#13578=DIRECTION('ref_axis',(-0.282821872380931,-0.866025403784439,-0.412324857973594));
#13579=DIRECTION('',(0.824649715947187,0.,-0.565643744761863));
#13580=DIRECTION('center_axis',(0.824649715947187,0.,-0.565643744761863));
#13581=DIRECTION('ref_axis',(0.565643744761863,0.,0.824649715947187));
#13582=DIRECTION('',(0.824649715947187,0.,-0.565643744761863));
#13583=DIRECTION('center_axis',(-0.565643744761863,0.,-0.824649715947187));
#13584=DIRECTION('ref_axis',(0.,1.,0.));
#13585=DIRECTION('',(0.824649715947187,0.,-0.565643744761863));
#13586=DIRECTION('center_axis',(0.824649715947187,0.,-0.565643744761863));
#13587=DIRECTION('ref_axis',(0.565643744761863,0.,0.824649715947187));
#13588=DIRECTION('',(0.824649715947187,0.,-0.565643744761863));
#13589=DIRECTION('center_axis',(0.565643744761863,-2.1350442781253E-16,
0.824649715947187));
#13590=DIRECTION('ref_axis',(-1.20767444071118E-16,-1.,-1.7606636574907E-16));
#13591=DIRECTION('',(0.824649715947187,0.,-0.565643744761863));
#13592=DIRECTION('center_axis',(0.824649715947187,0.,-0.565643744761863));
#13593=DIRECTION('ref_axis',(0.565643744761863,0.,0.824649715947187));
#13594=DIRECTION('center_axis',(0.824649715947188,0.,-0.565643744761862));
#13595=DIRECTION('ref_axis',(0.565643744761862,0.,0.824649715947188));
#13596=DIRECTION('center_axis',(0.824649721579937,-5.92879430734901E-9,
-0.5656437365499));
#13597=DIRECTION('ref_axis',(-0.0947525742356194,-0.985869900077832,-0.138139385391166));
#13598=DIRECTION('center_axis',(-0.824649715947188,1.39862614757665E-15,
0.565643744761863));
#13599=DIRECTION('ref_axis',(-0.557651142128028,0.167512805840406,-0.812997333060066));
#13600=DIRECTION('',(0.824649721579937,-5.92879430734901E-9,-0.5656437365499));
#13601=DIRECTION('center_axis',(-0.824649715947188,4.48189487539423E-25,
0.565643744761862));
#13602=DIRECTION('ref_axis',(-0.0947525707911341,-0.985869900077832,-0.138139387753808));
#13603=DIRECTION('',(0.824649721579937,-5.92879430734901E-9,-0.5656437365499));
#13604=DIRECTION('center_axis',(0.5656437365499,-7.09097660991614E-10,0.824649721579937));
#13605=DIRECTION('ref_axis',(-4.01096656365173E-10,-1.,-5.8475718471555E-10));
#13606=DIRECTION('',(-4.01097809741837E-10,-1.,-5.84756393591429E-10));
#13607=DIRECTION('',(-4.01096656365173E-10,-1.,-5.84757184715549E-10));
#13608=DIRECTION('',(0.824649721579937,-5.92879430734901E-9,-0.5656437365499));
#13609=DIRECTION('',(-4.01096656365173E-10,-1.,-5.8475718471555E-10));
#13610=DIRECTION('',(-0.824649721579936,-1.66592221455733E-9,0.565643736549901));
#13611=DIRECTION('center_axis',(-0.5656437365499,7.17826418363109E-10,-0.824649721579937));
#13612=DIRECTION('ref_axis',(4.06034023371904E-10,1.,5.91955352002525E-10));
#13613=DIRECTION('',(4.06035176748568E-10,1.,5.91954560878405E-10));
#13614=DIRECTION('',(0.824649721579937,-1.66592480507237E-9,-0.5656437365499));
#13615=DIRECTION('',(4.06034023371904E-10,1.,5.91955352002525E-10));
#13616=DIRECTION('',(0.824649721579937,-5.92879430734901E-9,-0.5656437365499));
#13617=DIRECTION('',(4.06034023371903E-10,1.,5.91955352002525E-10));
#13618=DIRECTION('center_axis',(0.824649721579937,-5.92879430734901E-9,
-0.5656437365499));
#13619=DIRECTION('ref_axis',(-0.559265715692875,0.149747211267305,-0.815351232272449));
#13620=DIRECTION('center_axis',(0.824649715947188,0.,-0.565643744761862));
#13621=DIRECTION('ref_axis',(-0.559265724544382,0.149747211267305,-0.815351226201024));
#13622=DIRECTION('center_axis',(0.824649715947188,-4.48189487539423E-25,
-0.565643744761862));
#13623=DIRECTION('ref_axis',(-0.559265724544382,0.149747211267305,-0.815351226201024));
#13624=DIRECTION('center_axis',(0.824649715947188,-4.48189487539423E-25,
-0.565643744761862));
#13625=DIRECTION('ref_axis',(-0.565643744761862,8.08956667868343E-25,-0.824649715947188));
#13626=DIRECTION('center_axis',(0.824649721579937,-5.9287937522375E-9,-0.5656437365499));
#13627=DIRECTION('ref_axis',(0.5576511332131,-0.167512805840428,0.812997339174989));
#13628=DIRECTION('center_axis',(-0.824649715947188,1.39862614757665E-15,
0.565643744761863));
#13629=DIRECTION('ref_axis',(-0.0947525707911474,-0.985869900077828,-0.138139387753824));
#13630=DIRECTION('',(0.824649721579937,-5.9287937522375E-9,-0.5656437365499));
#13631=DIRECTION('center_axis',(-0.824649715947188,1.5982132839972E-24,
0.565643744761862));
#13632=DIRECTION('ref_axis',(0.557651142128025,-0.167512805840428,0.812997333060064));
#13633=DIRECTION('',(0.824649721579937,-5.9287937522375E-9,-0.5656437365499));
#13634=DIRECTION('center_axis',(-0.5656437365499,7.09139874219604E-10,-0.824649721579937));
#13635=DIRECTION('ref_axis',(4.01120534013533E-10,1.,5.84791995842021E-10));
#13636=DIRECTION('',(4.01121687390196E-10,1.,5.84791204717901E-10));
#13637=DIRECTION('',(4.01120534013531E-10,1.,5.84791995842022E-10));
#13638=DIRECTION('',(0.824649721579937,-5.9287937522375E-9,-0.5656437365499));
#13639=DIRECTION('',(4.01120534013532E-10,1.,5.84791995842021E-10));
#13640=DIRECTION('',(-0.824649721579937,-1.66592221455729E-9,0.565643736549899));
#13641=DIRECTION('center_axis',(0.5656437365499,-7.17773417311919E-10,0.824649721579937));
#13642=DIRECTION('ref_axis',(-4.06004043658832E-10,-1.,-5.91911644700716E-10));
#13643=DIRECTION('',(-4.06005197035496E-10,-1.,-5.91910853576596E-10));
#13644=DIRECTION('',(0.824649721579937,-1.66592517514673E-9,-0.565643736549899));
#13645=DIRECTION('',(-4.06004043658832E-10,-1.,-5.91911644700716E-10));
#13646=DIRECTION('',(0.824649721579937,-5.9287937522375E-9,-0.5656437365499));
#13647=DIRECTION('',(-4.06004043658831E-10,-1.,-5.91911644700717E-10));
#13648=DIRECTION('center_axis',(0.824649721579937,-5.9287937522375E-9,-0.5656437365499));
#13649=DIRECTION('ref_axis',(0.559265715692876,-0.149747211267299,0.81535123227245));
#13650=DIRECTION('center_axis',(0.824649715947188,0.,-0.565643744761862));
#13651=DIRECTION('ref_axis',(0.559265724544382,-0.149747211267299,0.815351226201024));
#13652=DIRECTION('center_axis',(0.824649715947188,-1.5982132839972E-24,
-0.565643744761862));
#13653=DIRECTION('ref_axis',(0.559265724544382,-0.149747211267299,0.815351226201024));
#13654=DIRECTION('center_axis',(0.824649715947188,-1.5982132839972E-24,
-0.565643744761862));
#13655=DIRECTION('ref_axis',(-0.565643744761862,5.94711949968373E-25,-0.824649715947188));
#13656=DIRECTION('center_axis',(0.824649721579937,-5.92879412231184E-9,
-0.5656437365499));
#13657=DIRECTION('ref_axis',(-0.530316334929537,-0.34786460472191,-0.773146041630281));
#13658=DIRECTION('center_axis',(-0.824649715947188,1.39862614757665E-15,
0.565643744761863));
#13659=DIRECTION('ref_axis',(-0.196767437685005,0.937544781214033,-0.286866447472005));
#13660=DIRECTION('',(0.824649721579937,-5.92879412231184E-9,-0.5656437365499));
#13661=DIRECTION('center_axis',(-0.824649715947188,1.36426851435775E-24,
0.565643744761862));
#13662=DIRECTION('ref_axis',(-0.530316340927846,-0.34786460472191,-0.773146037515921));
#13663=DIRECTION('',(0.824649721579937,-5.92879412231184E-9,-0.5656437365499));
#13664=DIRECTION('center_axis',(0.282821863693448,-0.866025404138977,0.412324863187859));
#13665=DIRECTION('ref_axis',(-0.489861852656076,-0.499999999385922,-0.714167603526256));
#13666=DIRECTION('',(-0.489861852656077,-0.499999999385922,-0.714167603526255));
#13667=DIRECTION('',(-0.489861852656076,-0.499999999385922,-0.714167603526256));
#13668=DIRECTION('',(0.824649721579937,-5.92879412231184E-9,-0.5656437365499));
#13669=DIRECTION('',(-0.489861852656076,-0.499999999385922,-0.714167603526256));
#13670=DIRECTION('',(-0.82464971963633,7.91262713464509E-9,0.565643739383476));
#13671=DIRECTION('center_axis',(-0.282821863689197,0.866025404143316,-0.412324863181662));
#13672=DIRECTION('ref_axis',(0.48986185265853,0.499999999378407,0.714167603529834));
#13673=DIRECTION('',(0.489861852658531,0.499999999378407,0.714167603529833));
#13674=DIRECTION('',(0.824649717978709,-9.6045499552022E-9,-0.565643741800115));
#13675=DIRECTION('',(0.48986185265853,0.499999999378407,0.714167603529834));
#13676=DIRECTION('',(0.824649721579937,-5.92879412231184E-9,-0.5656437365499));
#13677=DIRECTION('',(0.48986185265853,0.499999999378406,0.714167603529834));
#13678=DIRECTION('center_axis',(0.824649721579937,-5.92879412231184E-9,
-0.5656437365499));
#13679=DIRECTION('ref_axis',(-0.206277408413544,0.931133980483644,-0.300731011315557));
#13680=DIRECTION('center_axis',(0.824649715947188,0.,-0.565643744761862));
#13681=DIRECTION('ref_axis',(0.526690111595786,0.364677268812694,0.767859372514611));
#13682=DIRECTION('center_axis',(0.824649715947188,-1.36426851435775E-24,
-0.565643744761862));
#13683=DIRECTION('ref_axis',(-0.20627741596074,0.931133980483644,-0.300731006138784));
#13684=DIRECTION('center_axis',(0.824649715947188,-1.36426851435775E-24,
-0.565643744761862));
#13685=DIRECTION('ref_axis',(-0.565643744761862,9.3577907855781E-25,-0.824649715947188));
#13686=DIRECTION('center_axis',(0.824649721579937,-5.92879449238619E-9,
-0.565643736549899));
#13687=DIRECTION('ref_axis',(0.435563760693926,-0.638005295355896,0.63500665623913));
#13688=DIRECTION('center_axis',(-0.824649715947188,1.39862614757665E-15,
0.565643744761863));
#13689=DIRECTION('ref_axis',(0.435563770136721,-0.638005295355896,0.635006649762128));
#13690=DIRECTION('',(0.824649721579937,-5.92879449238619E-9,-0.565643736549899));
#13691=DIRECTION('center_axis',(-0.824649715947188,6.82134257178875E-25,
0.565643744761862));
#13692=DIRECTION('ref_axis',(0.435563770136722,-0.638005295355896,0.635006649762128));
#13693=DIRECTION('',(0.824649721579937,-5.92879449238619E-9,-0.565643736549899));
#13694=DIRECTION('center_axis',(0.282821872856365,0.86602540342999,0.412324858391951));
#13695=DIRECTION('ref_axis',(0.489861852255041,-0.500000000613924,0.71416760294159));
#13696=DIRECTION('',(0.489861852255041,-0.500000000613924,0.71416760294159));
#13697=DIRECTION('',(0.489861852255041,-0.500000000613924,0.71416760294159));
#13698=DIRECTION('',(0.824649721579937,-5.92879449238619E-9,-0.565643736549899));
#13699=DIRECTION('',(0.489861852255041,-0.500000000613924,0.71416760294159));
#13700=DIRECTION('',(-0.824649715915966,1.47602961796059E-10,0.56564374480738));
#13701=DIRECTION('center_axis',(-0.282821872860688,-0.866025403425577,-0.412324858398253));
#13702=DIRECTION('ref_axis',(-0.489861852252545,0.500000000621566,-0.714167602937951));
#13703=DIRECTION('',(-0.489861852252546,0.500000000621566,-0.714167602937951));
#13704=DIRECTION('',(0.824649715890493,-1.2160097544178E-10,-0.565643744844517));
#13705=DIRECTION('',(-0.489861852252545,0.500000000621566,-0.714167602937951));
#13706=DIRECTION('',(0.824649721579937,-5.92879449238619E-9,-0.565643736549899));
#13707=DIRECTION('',(-0.489861852252545,0.500000000621566,-0.714167602937951));
#13708=DIRECTION('center_axis',(0.824649721579937,-5.92879449238619E-9,
-0.565643736549899));
#13709=DIRECTION('ref_axis',(0.44198652877912,-0.624047047019384,0.644370383773316));
#13710=DIRECTION('center_axis',(0.824649715947188,0.,-0.565643744761862));
#13711=DIRECTION('ref_axis',(0.441986538246917,-0.624047047019384,0.644370377279165));
#13712=DIRECTION('center_axis',(0.824649715947188,-6.82134257178875E-25,
-0.565643744761862));
#13713=DIRECTION('ref_axis',(0.441986538246917,-0.624047047019384,0.644370377279165));
#13714=DIRECTION('center_axis',(0.824649715947188,-6.82134257178875E-25,
-0.565643744761862));
#13715=DIRECTION('ref_axis',(-0.565643744761862,4.67889539278905E-25,-0.824649715947188));
#13716=DIRECTION('center_axis',(0.824649721579937,-5.92879449238618E-9,
-0.5656437365499));
#13717=DIRECTION('ref_axis',(0.196767430244531,-0.937544781214033,0.286866452575574));
#13718=DIRECTION('center_axis',(-0.824649715947188,1.39862614757665E-15,
0.565643744761863));
#13719=DIRECTION('ref_axis',(-0.530316340927847,-0.34786460472191,-0.77314603751592));
#13720=DIRECTION('',(0.824649721579937,-5.92879449238618E-9,-0.5656437365499));
#13721=DIRECTION('center_axis',(-0.824649715947188,1.1303237447183E-24,
0.565643744761862));
#13722=DIRECTION('ref_axis',(0.196767437685006,-0.937544781214033,0.286866447472004));
#13723=DIRECTION('',(0.824649721579937,-5.92879449238618E-9,-0.5656437365499));
#13724=DIRECTION('center_axis',(-0.28282186369346,0.866025404138965,-0.412324863187877));
#13725=DIRECTION('ref_axis',(0.489861852656069,0.499999999385943,0.714167603526246));
#13726=DIRECTION('',(0.48986185265607,0.499999999385943,0.714167603526245));
#13727=DIRECTION('',(0.489861852656069,0.499999999385943,0.714167603526246));
#13728=DIRECTION('',(0.824649721579937,-5.92879449238618E-9,-0.5656437365499));
#13729=DIRECTION('',(0.489861852656069,0.499999999385943,0.714167603526246));
#13730=DIRECTION('',(-0.82464971963633,7.91262488961421E-9,0.565643739383477));
#13731=DIRECTION('center_axis',(0.282821863689124,-0.86602540414339,0.412324863181555));
#13732=DIRECTION('ref_axis',(-0.489861852658572,-0.499999999378278,-0.714167603529895));
#13733=DIRECTION('',(-0.489861852658573,-0.499999999378278,-0.714167603529895));
#13734=DIRECTION('',(0.82464971797871,-9.60454967116639E-9,-0.565643741800114));
#13735=DIRECTION('',(-0.489861852658572,-0.499999999378278,-0.714167603529895));
#13736=DIRECTION('',(0.824649721579937,-5.92879449238618E-9,-0.5656437365499));
#13737=DIRECTION('',(-0.489861852658572,-0.499999999378278,-0.714167603529895));
#13738=DIRECTION('center_axis',(0.824649721579937,-5.92879449238618E-9,
-0.5656437365499));
#13739=DIRECTION('ref_axis',(0.526690105732326,0.364677268812678,0.767859376536484));
#13740=DIRECTION('center_axis',(0.824649715947188,0.,-0.565643744761862));
#13741=DIRECTION('ref_axis',(0.52669011159579,0.364677268812678,0.767859372514616));
#13742=DIRECTION('center_axis',(0.824649715947188,-1.1303237447183E-24,
-0.565643744761862));
#13743=DIRECTION('ref_axis',(0.52669011159579,0.364677268812678,0.767859372514616));
#13744=DIRECTION('center_axis',(0.824649715947188,-1.1303237447183E-24,
-0.565643744761862));
#13745=DIRECTION('ref_axis',(-0.565643744761862,1.27684620714725E-24,-0.824649715947188));
#13746=DIRECTION('center_axis',(0.824649721579937,-5.92879449238618E-9,
-0.5656437365499));
#13747=DIRECTION('ref_axis',(-0.435563760693922,0.638005295355906,-0.635006656239123));
#13748=DIRECTION('center_axis',(-0.824649715947188,1.39862614757665E-15,
0.565643744761863));
#13749=DIRECTION('ref_axis',(-0.435563770136717,0.638005295355906,-0.635006649762121));
#13750=DIRECTION('',(0.824649721579937,-5.92879449238618E-9,-0.5656437365499));
#13751=DIRECTION('center_axis',(-0.824649715947188,1.5982132839972E-24,
0.565643744761862));
#13752=DIRECTION('ref_axis',(-0.435563770136717,0.638005295355906,-0.635006649762121));
#13753=DIRECTION('',(0.824649721579937,-5.92879449238618E-9,-0.5656437365499));
#13754=DIRECTION('center_axis',(-0.28282187285641,-0.866025403429944,-0.412324858392015));
#13755=DIRECTION('ref_axis',(-0.489861852255016,0.500000000614002,-0.714167602941552));
#13756=DIRECTION('',(-0.489861852255016,0.500000000614002,-0.714167602941552));
#13757=DIRECTION('',(-0.489861852255016,0.500000000614002,-0.714167602941552));
#13758=DIRECTION('',(0.824649721579937,-5.92879449238618E-9,-0.5656437365499));
#13759=DIRECTION('',(-0.489861852255016,0.500000000614002,-0.714167602941552));
#13760=DIRECTION('',(-0.824649715915966,1.47604094260699E-10,0.565643744807379));
#13761=DIRECTION('center_axis',(0.28282187286079,0.866025403425474,0.412324858398401));
#13762=DIRECTION('ref_axis',(0.489861852252487,-0.500000000621746,0.714167602937866));
#13763=DIRECTION('',(0.489861852252487,-0.500000000621746,0.714167602937866));
#13764=DIRECTION('',(0.824649715890492,-1.21603220472679E-10,-0.565643744844518));
#13765=DIRECTION('',(0.489861852252487,-0.500000000621746,0.714167602937866));
#13766=DIRECTION('',(0.824649721579937,-5.92879449238618E-9,-0.5656437365499));
#13767=DIRECTION('',(0.489861852252487,-0.500000000621746,0.714167602937866));
#13768=DIRECTION('center_axis',(0.824649721579937,-5.92879449238618E-9,
-0.5656437365499));
#13769=DIRECTION('ref_axis',(-0.441986528779108,0.624047047019413,-0.644370383773296));
#13770=DIRECTION('center_axis',(0.824649715947188,0.,-0.565643744761862));
#13771=DIRECTION('ref_axis',(0.352988308583643,0.78138676921634,0.514620220062241));
#13772=DIRECTION('center_axis',(0.824649715947188,-1.5982132839972E-24,
-0.565643744761862));
#13773=DIRECTION('ref_axis',(-0.441986538246903,0.624047047019413,-0.644370377279146));
#13774=DIRECTION('center_axis',(0.824649715947188,-1.5982132839972E-24,
-0.565643744761862));
#13775=DIRECTION('ref_axis',(-0.565643744761862,5.94711949968373E-25,-0.824649715947188));
#13776=DIRECTION('center_axis',(0.824649715947188,-1.39862614757665E-15,
-0.565643744761863));
#13777=DIRECTION('ref_axis',(-0.565643744761863,0.,-0.824649715947188));
#13778=DIRECTION('center_axis',(-0.824649715947188,1.39862614757665E-15,
0.565643744761863));
#13779=DIRECTION('ref_axis',(0.565643744761862,0.,0.824649715947188));
#13780=DIRECTION('center_axis',(-0.824649715947188,1.39862614757665E-15,
0.565643744761863));
#13781=DIRECTION('ref_axis',(0.565643744761862,0.,0.824649715947188));
#13782=DIRECTION('center_axis',(-0.824649715947188,1.39862614757665E-15,
0.565643744761863));
#13783=DIRECTION('ref_axis',(0.565643744761862,0.,0.824649715947188));
#13784=DIRECTION('center_axis',(-0.824649715947188,1.39862614757665E-15,
0.565643744761863));
#13785=DIRECTION('ref_axis',(0.565643744761862,0.,0.824649715947188));
#13786=DIRECTION('center_axis',(-0.824649715947188,1.39862614757665E-15,
0.565643744761863));
#13787=DIRECTION('ref_axis',(0.565643744761862,0.,0.824649715947188));
#13788=DIRECTION('center_axis',(-0.824649715947188,1.39862614757665E-15,
0.565643744761863));
#13789=DIRECTION('ref_axis',(0.565643744761862,0.,0.824649715947188));
#13790=DIRECTION('center_axis',(-0.824649715947188,1.39862614757665E-15,
0.565643744761863));
#13791=DIRECTION('ref_axis',(0.565643744761861,0.,0.824649715947188));
#13792=DIRECTION('center_axis',(0.824649715947188,-1.39862614757665E-15,
-0.565643744761863));
#13793=DIRECTION('ref_axis',(-0.546369901544344,0.258819045102521,-0.796550458275333));
#13794=DIRECTION('center_axis',(0.824649715947188,-1.39862614757665E-15,
-0.565643744761863));
#13795=DIRECTION('ref_axis',(-0.546369901544344,0.258819045102521,-0.796550458275333));
#13796=DIRECTION('center_axis',(0.824649715947188,-1.39862614757665E-15,
-0.565643744761863));
#13797=DIRECTION('ref_axis',(-0.546369901544344,0.258819045102521,-0.796550458275333));
#13798=DIRECTION('center_axis',(0.824649715947188,-1.39862614757665E-15,
-0.565643744761863));
#13799=DIRECTION('ref_axis',(-0.546369901544344,0.258819045102521,-0.796550458275333));
#13800=DIRECTION('center_axis',(0.824649715947188,0.,-0.565643744761862));
#13801=DIRECTION('ref_axis',(0.565643744761862,0.,0.824649715947188));
#13802=DIRECTION('center_axis',(0.824649715947188,0.,-0.565643744761862));
#13803=DIRECTION('ref_axis',(0.565643744761862,0.,0.824649715947188));
#13804=DIRECTION('center_axis',(0.824649715947188,0.,-0.565643744761862));
#13805=DIRECTION('ref_axis',(-0.565643744761855,1.47762923552112E-7,-0.824649715947179));
#13806=DIRECTION('center_axis',(0.824649715947188,0.,-0.565643744761862));
#13807=DIRECTION('ref_axis',(0.565643744761862,0.,0.824649715947188));
#13808=DIRECTION('center_axis',(0.824649715947188,0.,-0.565643744761862));
#13809=DIRECTION('ref_axis',(0.565643744761862,0.,0.824649715947188));
#13810=DIRECTION('center_axis',(0.824649715947188,0.,-0.565643744761862));
#13811=DIRECTION('ref_axis',(0.565643744761862,0.,0.824649715947188));
#13812=DIRECTION('center_axis',(0.824649715947188,0.,-0.565643744761862));
#13813=DIRECTION('ref_axis',(0.565643744761862,0.,0.824649715947188));
#13814=DIRECTION('center_axis',(0.824649715947188,0.,-0.565643744761862));
#13815=DIRECTION('ref_axis',(0.565643744761862,0.,0.824649715947188));
#13816=DIRECTION('center_axis',(0.824649715947188,0.,-0.565643744761862));
#13817=DIRECTION('ref_axis',(0.565643744761862,0.,0.824649715947188));
#13818=DIRECTION('center_axis',(0.824649715947188,0.,-0.565643744761862));
#13819=DIRECTION('ref_axis',(0.565643744761862,0.,0.824649715947188));
#13820=DIRECTION('center_axis',(-0.824649715947188,0.,0.565643744761862));
#13821=DIRECTION('ref_axis',(-0.546369901544344,0.258819045102521,-0.796550458275333));
#13822=DIRECTION('center_axis',(-0.824649715947188,0.,0.565643744761862));
#13823=DIRECTION('ref_axis',(-0.546369901544344,0.258819045102521,-0.796550458275333));
#13824=DIRECTION('',(-0.824649715947188,0.,0.565643744761862));
#13825=DIRECTION('center_axis',(-0.824649715947188,0.,0.565643744761861));
#13826=DIRECTION('ref_axis',(-0.546369901544344,0.258819045102521,-0.796550458275333));
#13827=DIRECTION('center_axis',(-0.824649715947188,0.,0.565643744761862));
#13828=DIRECTION('ref_axis',(-0.546369901544344,0.258819045102521,-0.796550458275333));
#13829=DIRECTION('',(-0.824649715947188,0.,0.565643744761861));
#13830=DIRECTION('center_axis',(-0.824649715947188,0.,0.565643744761862));
#13831=DIRECTION('ref_axis',(-0.546369901544344,0.258819045102521,-0.796550458275333));
#13832=DIRECTION('center_axis',(-0.824649715947188,0.,0.565643744761862));
#13833=DIRECTION('ref_axis',(-0.546369901544344,0.258819045102521,-0.796550458275333));
#13834=DIRECTION('',(-0.824649715947188,0.,0.565643744761862));
#13835=DIRECTION('center_axis',(-0.824649715947188,0.,0.565643744761862));
#13836=DIRECTION('ref_axis',(-0.546369901544344,0.258819045102521,-0.796550458275333));
#13837=DIRECTION('center_axis',(-0.824649715947188,0.,0.565643744761862));
#13838=DIRECTION('ref_axis',(-0.546369901544344,0.258819045102521,-0.796550458275333));
#13839=DIRECTION('',(-0.824649715947188,0.,0.565643744761862));
#13840=DIRECTION('center_axis',(0.824649715947188,0.,-0.565643744761862));
#13841=DIRECTION('ref_axis',(0.565643744761862,0.,0.824649715947188));
#13842=DIRECTION('center_axis',(0.824649715947188,0.,-0.565643744761862));
#13843=DIRECTION('ref_axis',(0.565643744761862,0.,0.824649715947188));
#13844=DIRECTION('center_axis',(-0.824649715947188,1.38777878078145E-17,
0.565643744761862));
#13845=DIRECTION('ref_axis',(0.546369901544344,-0.258819045102521,0.796550458275333));
#13846=DIRECTION('center_axis',(-0.824649715947188,1.38777878078145E-17,
0.565643744761862));
#13847=DIRECTION('ref_axis',(0.565643744761862,0.,0.824649715947188));
#13848=DIRECTION('',(0.489861852455533,0.5,0.714167603233886));
#13849=DIRECTION('center_axis',(0.824649715947188,-1.38777878078145E-17,
-0.565643744761862));
#13850=DIRECTION('ref_axis',(0.282821872380931,-0.866025403784439,0.412324857973594));
#13851=DIRECTION('center_axis',(0.824649715947188,-2.77555756156289E-17,
-0.565643744761862));
#13852=DIRECTION('ref_axis',(0.546369901544344,-0.258819045102521,0.796550458275333));
#13853=DIRECTION('center_axis',(0.824649715947188,-1.38777878078145E-17,
-0.565643744761862));
#13854=DIRECTION('ref_axis',(0.489861852455533,-0.5,0.714167603233886));
#13855=DIRECTION('',(-0.282821872380931,-0.866025403784439,-0.412324857973594));
#13856=DIRECTION('center_axis',(-0.824649715947188,6.93889390390723E-17,
0.565643744761862));
#13857=DIRECTION('ref_axis',(0.546369901544344,-0.258819045102521,0.796550458275333));
#13858=DIRECTION('center_axis',(-0.824649715947188,6.93889390390723E-17,
0.565643744761862));
#13859=DIRECTION('ref_axis',(0.565643744761862,0.,0.824649715947188));
#13860=DIRECTION('',(0.282821872380931,0.866025403784439,0.412324857973594));
#13861=DIRECTION('center_axis',(0.824649715947188,-6.93889390390723E-17,
-0.565643744761862));
#13862=DIRECTION('ref_axis',(0.489861852455533,-0.5,0.714167603233886));
#13863=DIRECTION('center_axis',(0.824649715947188,-2.77555756156289E-17,
-0.565643744761862));
#13864=DIRECTION('ref_axis',(0.546369901544344,-0.258819045102521,0.796550458275333));
#13865=DIRECTION('center_axis',(0.824649715947188,-6.93889390390723E-17,
-0.565643744761862));
#13866=DIRECTION('ref_axis',(0.565643744761862,0.,0.824649715947188));
#13867=DIRECTION('',(-5.72215688684477E-17,-1.,3.92494193231134E-17));
#13868=DIRECTION('center_axis',(-0.824649715947188,9.71445146547002E-17,
0.565643744761861));
#13869=DIRECTION('ref_axis',(0.546369901544344,-0.258819045102521,0.796550458275333));
#13870=DIRECTION('center_axis',(-0.824649715947188,9.71445146547002E-17,
0.565643744761861));
#13871=DIRECTION('ref_axis',(0.565643744761862,0.,0.824649715947188));
#13872=DIRECTION('',(2.00877640486944E-16,1.,1.21117178696712E-16));
#13873=DIRECTION('center_axis',(0.824649715947188,-9.71445146547002E-17,
-0.565643744761861));
#13874=DIRECTION('ref_axis',(0.565643744761862,0.,0.824649715947188));
#13875=DIRECTION('center_axis',(0.824649715947188,-2.77555756156279E-17,
-0.565643744761861));
#13876=DIRECTION('ref_axis',(0.546369901544344,-0.258819045102521,0.796550458275333));
#13877=DIRECTION('center_axis',(0.824649715947188,-9.71445146547002E-17,
-0.565643744761861));
#13878=DIRECTION('ref_axis',(0.489861852455533,0.5,0.714167603233886));
#13879=DIRECTION('',(0.282821872380931,-0.866025403784438,0.412324857973595));
#13880=DIRECTION('center_axis',(-0.824649715947189,-3.03923552991137E-15,
0.56564374476186));
#13881=DIRECTION('ref_axis',(0.546369901544343,-0.258819045102521,0.796550458275334));
#13882=DIRECTION('center_axis',(-0.824649715947189,-3.03923552991137E-15,
0.56564374476186));
#13883=DIRECTION('ref_axis',(0.565643744761862,0.,0.824649715947188));
#13884=DIRECTION('',(-0.282821872380932,0.866025403784439,-0.412324857973593));
#13885=DIRECTION('center_axis',(0.824649715947189,3.03923552991137E-15,
-0.56564374476186));
#13886=DIRECTION('ref_axis',(0.489861852455533,0.5,0.714167603233886));
#13887=DIRECTION('center_axis',(0.824649715947188,-2.77555756156279E-17,
-0.565643744761861));
#13888=DIRECTION('ref_axis',(0.546369901544344,-0.258819045102521,0.796550458275333));
#13889=DIRECTION('center_axis',(0.824649715947189,3.03923552991137E-15,
-0.56564374476186));
#13890=DIRECTION('ref_axis',(0.28282187238093,0.866025403784439,0.412324857973593));
#13891=DIRECTION('',(0.489861852455533,-0.499999999999999,0.714167603233887));
#13892=DIRECTION('center_axis',(-0.824649715947188,3.80251385934116E-15,
0.565643744761862));
#13893=DIRECTION('ref_axis',(0.546369901544343,-0.258819045102521,0.796550458275334));
#13894=DIRECTION('center_axis',(-0.824649715947188,3.80251385934116E-15,
0.565643744761862));
#13895=DIRECTION('ref_axis',(0.565643744761862,0.,0.824649715947188));
#13896=DIRECTION('',(-0.489861852455532,0.499999999999999,-0.714167603233888));
#13897=DIRECTION('center_axis',(0.824649715947188,-3.80251385934116E-15,
-0.565643744761862));
#13898=DIRECTION('ref_axis',(0.28282187238093,0.866025403784439,0.412324857973593));
#13899=DIRECTION('center_axis',(0.824649715947188,-2.77555756156279E-17,
-0.565643744761861));
#13900=DIRECTION('ref_axis',(0.546369901544344,-0.258819045102521,0.796550458275333));
#13901=DIRECTION('center_axis',(0.824649715947188,-2.77555756156279E-17,
-0.565643744761861));
#13902=DIRECTION('ref_axis',(0.546369901544344,-0.258819045102521,0.796550458275333));
#13903=DIRECTION('center_axis',(0.824649715947188,-3.80251385934116E-15,
-0.565643744761862));
#13904=DIRECTION('ref_axis',(0.,1.,0.));
#13905=DIRECTION('',(0.565643744761861,1.70803542250024E-16,0.824649715947188));
#13906=DIRECTION('center_axis',(-0.824649715947187,-3.55271367880049E-15,
0.565643744761863));
#13907=DIRECTION('ref_axis',(0.546369901544346,-0.258819045102521,0.796550458275331));
#13908=DIRECTION('center_axis',(0.824649715947188,0.,-0.565643744761862));
#13909=DIRECTION('ref_axis',(0.546369901544345,-0.258819045102521,0.796550458275332));
#13910=DIRECTION('',(-0.824649715947187,-3.55271367880049E-15,0.565643744761863));
#13911=DIRECTION('center_axis',(0.824649715947188,-2.77555756156289E-17,
-0.565643744761862));
#13912=DIRECTION('ref_axis',(0.546369901544344,-0.258819045102521,0.796550458275333));
#13913=DIRECTION('center_axis',(0.824649715947188,-2.7755575615629E-17,
-0.565643744761862));
#13914=DIRECTION('ref_axis',(0.546369901544344,-0.258819045102521,0.796550458275333));
#13915=DIRECTION('center_axis',(0.824649715947188,-2.7755575615629E-17,
-0.565643744761862));
#13916=DIRECTION('ref_axis',(0.546369901544344,-0.258819045102521,0.796550458275333));
#13917=DIRECTION('center_axis',(0.824649715947188,-2.77555756156283E-17,
-0.565643744761861));
#13918=DIRECTION('ref_axis',(0.546369901544344,-0.258819045102521,0.796550458275333));
#13919=DIRECTION('center_axis',(0.824649715947188,-2.77555756156283E-17,
-0.565643744761861));
#13920=DIRECTION('ref_axis',(0.546369901544344,-0.258819045102521,0.796550458275333));
#13921=DIRECTION('center_axis',(0.824649715947188,-2.77555756156283E-17,
-0.565643744761861));
#13922=DIRECTION('ref_axis',(0.546369901544344,-0.258819045102521,0.796550458275333));
#13923=DIRECTION('center_axis',(0.824649715947188,-2.77555756156279E-17,
-0.565643744761861));
#13924=DIRECTION('ref_axis',(0.546369901544344,-0.258819045102521,0.796550458275333));
#13925=DIRECTION('center_axis',(-0.824649715947189,3.23352455922077E-15,
0.56564374476186));
#13926=DIRECTION('ref_axis',(0.546369901544342,-0.258819045102521,0.796550458275335));
#13927=DIRECTION('center_axis',(-0.824649715947189,3.23352455922077E-15,
0.56564374476186));
#13928=DIRECTION('ref_axis',(0.565643744761862,0.,0.824649715947188));
#13929=DIRECTION('',(-0.56564374476186,0.,-0.824649715947189));
#13930=DIRECTION('center_axis',(0.824649715947189,-3.23352455922077E-15,
-0.56564374476186));
#13931=DIRECTION('ref_axis',(0.,1.,0.));
#13932=DIRECTION('center_axis',(0.824649715947189,-3.23352455922077E-15,
-0.56564374476186));
#13933=DIRECTION('ref_axis',(-0.282821872380931,0.866025403784438,-0.412324857973594));
#13934=DIRECTION('',(0.489861852455533,0.5,0.714167603233886));
#13935=DIRECTION('center_axis',(-0.82464971594719,1.81799020282369E-15,
0.565643744761859));
#13936=DIRECTION('ref_axis',(0.546369901544341,-0.258819045102521,0.796550458275335));
#13937=DIRECTION('center_axis',(-0.82464971594719,1.81799020282369E-15,
0.565643744761859));
#13938=DIRECTION('ref_axis',(0.565643744761862,0.,0.824649715947188));
#13939=DIRECTION('',(-0.489861852455532,-0.5,-0.714167603233887));
#13940=DIRECTION('center_axis',(0.82464971594719,-1.81799020282369E-15,
-0.565643744761859));
#13941=DIRECTION('ref_axis',(-0.282821872380931,0.866025403784438,-0.412324857973594));
#13942=DIRECTION('center_axis',(0.82464971594719,-1.81799020282369E-15,
-0.565643744761859));
#13943=DIRECTION('ref_axis',(-0.489861852455533,0.5,-0.714167603233886));
#13944=DIRECTION('',(0.282821872380931,0.866025403784439,0.412324857973594));
#13945=DIRECTION('center_axis',(-0.82464971594719,8.32667268468861E-17,
0.565643744761859));
#13946=DIRECTION('ref_axis',(0.546369901544341,-0.258819045102521,0.796550458275335));
#13947=DIRECTION('center_axis',(-0.82464971594719,8.32667268468861E-17,
0.565643744761859));
#13948=DIRECTION('ref_axis',(0.565643744761862,0.,0.824649715947188));
#13949=DIRECTION('',(-0.282821872380929,-0.866025403784439,-0.412324857973595));
#13950=DIRECTION('center_axis',(0.82464971594719,-8.32667268468861E-17,
-0.565643744761859));
#13951=DIRECTION('ref_axis',(-0.489861852455533,0.5,-0.714167603233886));
#13952=DIRECTION('center_axis',(0.82464971594719,-8.32667268468861E-17,
-0.565643744761859));
#13953=DIRECTION('ref_axis',(-0.565643744761862,-1.11022302462516E-16,-0.824649715947188));
#13954=DIRECTION('',(-3.79458380053386E-18,1.,-1.52739122637178E-16));
#13955=DIRECTION('center_axis',(-0.824649715947188,1.80411241501587E-16,
0.565643744761862));
#13956=DIRECTION('ref_axis',(0.546369901544344,-0.258819045102521,0.796550458275333));
#13957=DIRECTION('center_axis',(-0.824649715947188,1.80411241501587E-16,
0.565643744761862));
#13958=DIRECTION('ref_axis',(0.565643744761862,0.,0.824649715947188));
#13959=DIRECTION('',(-1.97083056686411E-16,-1.,3.16219439404664E-17));
#13960=DIRECTION('center_axis',(0.824649715947188,-1.80411241501587E-16,
-0.565643744761862));
#13961=DIRECTION('ref_axis',(-0.565643744761862,-1.11022302462516E-16,-0.824649715947188));
#13962=DIRECTION('center_axis',(0.824649715947188,-1.80411241501587E-16,
-0.565643744761862));
#13963=DIRECTION('ref_axis',(-0.489861852455533,-0.5,-0.714167603233886));
#13964=DIRECTION('',(-0.282821872380931,0.866025403784438,-0.412324857973594));
#13965=DIRECTION('center_axis',(-0.824649715947188,2.7755575615629E-17,
0.565643744761862));
#13966=DIRECTION('ref_axis',(0.546369901544344,-0.258819045102521,0.796550458275333));
#13967=DIRECTION('center_axis',(-0.824649715947188,2.7755575615629E-17,
0.565643744761862));
#13968=DIRECTION('ref_axis',(0.565643744761862,0.,0.824649715947188));
#13969=DIRECTION('',(0.282821872380931,-0.866025403784439,0.412324857973594));
#13970=DIRECTION('center_axis',(0.824649715947188,-2.7755575615629E-17,
-0.565643744761862));
#13971=DIRECTION('ref_axis',(-0.489861852455533,-0.5,-0.714167603233886));
#13972=DIRECTION('center_axis',(0.824649715947188,-2.7755575615629E-17,
-0.565643744761862));
#13973=DIRECTION('ref_axis',(-0.282821872380931,-0.866025403784439,-0.412324857973594));
#13974=DIRECTION('',(-0.489861852455533,0.5,-0.714167603233887));
#13975=DIRECTION('center_axis',(-0.824649715947188,-3.53883589099269E-15,
0.565643744761862));
#13976=DIRECTION('ref_axis',(0.546369901544344,-0.258819045102521,0.796550458275333));
#13977=DIRECTION('center_axis',(-0.824649715947188,-3.53883589099269E-15,
0.565643744761862));
#13978=DIRECTION('ref_axis',(0.565643744761862,0.,0.824649715947188));
#13979=DIRECTION('',(0.489861852455534,-0.5,0.714167603233885));
#13980=DIRECTION('center_axis',(0.824649715947188,3.53883589099269E-15,
-0.565643744761862));
#13981=DIRECTION('ref_axis',(-0.282821872380931,-0.866025403784439,-0.412324857973594));
#13982=DIRECTION('center_axis',(0.824649715947188,3.53883589099269E-15,
-0.565643744761862));
#13983=DIRECTION('ref_axis',(0.,-1.,0.));
#13984=DIRECTION('',(-0.565643744761861,1.70803542250024E-16,-0.824649715947188));
#13985=DIRECTION('center_axis',(-0.824649715947187,-3.12250225675825E-15,
0.565643744761863));
#13986=DIRECTION('ref_axis',(0.546369901544346,-0.258819045102521,0.796550458275332));
#13987=DIRECTION('center_axis',(-0.824649715947187,-3.12250225675825E-15,
0.565643744761863));
#13988=DIRECTION('ref_axis',(0.565643744761862,0.,0.824649715947188));
#13989=DIRECTION('',(0.565643744761863,-5.12410626750072E-16,0.824649715947187));
#13990=DIRECTION('center_axis',(0.824649715947187,3.12250225675825E-15,
-0.565643744761863));
#13991=DIRECTION('ref_axis',(0.,-1.,0.));
#13992=DIRECTION('center_axis',(0.824649715947187,3.12250225675825E-15,
-0.565643744761863));
#13993=DIRECTION('ref_axis',(0.282821872380931,-0.866025403784439,0.412324857973594));
#13994=DIRECTION('',(-0.489861852455533,-0.5,-0.714167603233886));
#13995=DIRECTION('center_axis',(0.282821872380931,-0.866025403784439,0.412324857973594));
#13996=DIRECTION('ref_axis',(-0.489861852455533,-0.5,-0.714167603233886));
#13997=DIRECTION('',(0.824649715947188,0.,-0.565643744761861));
#13998=DIRECTION('',(-0.489861852455533,-0.5,-0.714167603233886));
#13999=DIRECTION('center_axis',(-0.282821872380931,0.866025403784439,-0.412324857973594));
#14000=DIRECTION('ref_axis',(-0.489861852455528,-0.499999999999999,-0.714167603233891));
#14001=DIRECTION('',(-0.489861852455533,-0.5,-0.714167603233886));
#14002=DIRECTION('',(0.824649715947188,0.,-0.565643744761861));
#14003=DIRECTION('center_axis',(0.824649715947188,0.,-0.565643744761862));
#14004=DIRECTION('ref_axis',(0.565643744761862,0.,0.824649715947188));
#14005=DIRECTION('',(0.824649715947188,0.,-0.565643744761861));
#14006=DIRECTION('center_axis',(0.824649715947188,0.,-0.565643744761862));
#14007=DIRECTION('ref_axis',(0.565643744761862,0.,0.824649715947188));
#14008=DIRECTION('',(0.824649715947188,0.,-0.565643744761861));
#14009=DIRECTION('center_axis',(0.824649715947188,0.,-0.565643744761862));
#14010=DIRECTION('ref_axis',(-0.282821872380931,0.866025403784438,-0.412324857973594));
#14011=DIRECTION('',(0.824649715947188,0.,-0.565643744761861));
#14012=DIRECTION('center_axis',(-0.824649715947188,0.,0.565643744761862));
#14013=DIRECTION('ref_axis',(-0.282821872380931,0.866025403784438,-0.412324857973594));
#14014=DIRECTION('center_axis',(0.489861852455533,-0.5,0.714167603233886));
#14015=DIRECTION('ref_axis',(-0.282821872380931,-0.866025403784439,-0.412324857973594));
#14016=DIRECTION('',(0.824649715947188,0.,-0.565643744761861));
#14017=DIRECTION('',(-0.282821872380931,-0.866025403784439,-0.412324857973594));
#14018=DIRECTION('center_axis',(-0.489861852455533,0.5,-0.714167603233886));
#14019=DIRECTION('ref_axis',(-0.282821872380926,-0.866025403784438,-0.412324857973599));
#14020=DIRECTION('',(-0.282821872380931,-0.866025403784439,-0.412324857973594));
#14021=DIRECTION('center_axis',(0.824649715947188,0.,-0.565643744761862));
#14022=DIRECTION('ref_axis',(0.565643744761862,0.,0.824649715947188));
#14023=DIRECTION('',(0.824649715947188,0.,-0.565643744761861));
#14024=DIRECTION('center_axis',(0.824649715947188,0.,-0.565643744761862));
#14025=DIRECTION('ref_axis',(0.565643744761862,0.,0.824649715947188));
#14026=DIRECTION('',(0.824649715947188,0.,-0.565643744761861));
#14027=DIRECTION('center_axis',(0.824649715947188,0.,-0.565643744761862));
#14028=DIRECTION('ref_axis',(-0.489861852455533,0.5,-0.714167603233886));
#14029=DIRECTION('',(0.824649715947188,0.,-0.565643744761861));
#14030=DIRECTION('center_axis',(-0.824649715947188,0.,0.565643744761862));
#14031=DIRECTION('ref_axis',(-0.489861852455533,0.5,-0.714167603233886));
#14032=DIRECTION('center_axis',(0.565643744761862,1.28102656687518E-16,
0.824649715947188));
#14033=DIRECTION('ref_axis',(7.24604664426709E-17,-1.,1.05639819449442E-16));
#14034=DIRECTION('',(0.824649715947188,0.,-0.565643744761861));
#14035=DIRECTION('',(7.24604664426709E-17,-1.,1.05639819449442E-16));
#14036=DIRECTION('center_axis',(-0.565643744761862,-1.28102656687518E-16,
-0.824649715947188));
#14037=DIRECTION('ref_axis',(4.54399516392857E-15,-1.,-5.31938841718494E-15));
#14038=DIRECTION('',(7.24604664426709E-17,-1.,1.05639819449442E-16));
#14039=DIRECTION('center_axis',(0.824649715947188,0.,-0.565643744761862));
#14040=DIRECTION('ref_axis',(0.565643744761862,0.,0.824649715947188));
#14041=DIRECTION('',(0.824649715947188,0.,-0.565643744761861));
#14042=DIRECTION('center_axis',(0.824649715947188,0.,-0.565643744761862));
#14043=DIRECTION('ref_axis',(0.565643744761862,0.,0.824649715947188));
#14044=DIRECTION('',(0.824649715947188,0.,-0.565643744761861));
#14045=DIRECTION('center_axis',(0.824649715947188,0.,-0.565643744761862));
#14046=DIRECTION('ref_axis',(-0.565643744761862,-1.11022302462516E-16,-0.824649715947188));
#14047=DIRECTION('',(0.824649715947188,0.,-0.565643744761861));
#14048=DIRECTION('center_axis',(-0.824649715947188,0.,0.565643744761862));
#14049=DIRECTION('ref_axis',(-0.565643744761862,-1.11022302462516E-16,-0.824649715947188));
#14050=DIRECTION('center_axis',(0.489861852455533,0.5,0.714167603233886));
#14051=DIRECTION('ref_axis',(0.282821872380931,-0.866025403784438,0.412324857973594));
#14052=DIRECTION('',(0.824649715947188,0.,-0.565643744761861));
#14053=DIRECTION('',(0.282821872380931,-0.866025403784438,0.412324857973594));
#14054=DIRECTION('center_axis',(-0.489861852455533,-0.5,-0.714167603233886));
#14055=DIRECTION('ref_axis',(0.282821872380936,-0.866025403784439,0.412324857973589));
#14056=DIRECTION('',(0.282821872380931,-0.866025403784438,0.412324857973594));
#14057=DIRECTION('center_axis',(0.824649715947188,0.,-0.565643744761862));
#14058=DIRECTION('ref_axis',(0.565643744761862,0.,0.824649715947188));
#14059=DIRECTION('',(0.824649715947188,0.,-0.565643744761861));
#14060=DIRECTION('center_axis',(0.824649715947188,0.,-0.565643744761862));
#14061=DIRECTION('ref_axis',(0.565643744761862,0.,0.824649715947188));
#14062=DIRECTION('',(0.824649715947188,0.,-0.565643744761861));
#14063=DIRECTION('center_axis',(0.824649715947188,0.,-0.565643744761862));
#14064=DIRECTION('ref_axis',(-0.489861852455533,-0.5,-0.714167603233886));
#14065=DIRECTION('',(0.824649715947188,0.,-0.565643744761861));
#14066=DIRECTION('center_axis',(-0.824649715947188,0.,0.565643744761862));
#14067=DIRECTION('ref_axis',(-0.489861852455533,-0.5,-0.714167603233886));
#14068=DIRECTION('center_axis',(0.282821872380931,0.866025403784439,0.412324857973594));
#14069=DIRECTION('ref_axis',(0.489861852455533,-0.5,0.714167603233886));
#14070=DIRECTION('',(0.824649715947188,0.,-0.565643744761861));
#14071=DIRECTION('',(0.489861852455533,-0.5,0.714167603233886));
#14072=DIRECTION('center_axis',(-0.282821872380931,-0.866025403784439,-0.412324857973594));
#14073=DIRECTION('ref_axis',(0.489861852455538,-0.500000000000001,0.714167603233882));
#14074=DIRECTION('',(0.489861852455533,-0.5,0.714167603233886));
#14075=DIRECTION('center_axis',(-0.282821872380931,-0.866025403784439,-0.412324857973594));
#14076=DIRECTION('ref_axis',(-0.489861852455533,0.5,-0.714167603233886));
#14077=DIRECTION('',(0.824649715947188,0.,-0.565643744761861));
#14078=DIRECTION('',(-0.489861852455533,0.5,-0.714167603233886));
#14079=DIRECTION('center_axis',(0.282821872380931,0.866025403784439,0.412324857973594));
#14080=DIRECTION('ref_axis',(0.489861852455538,-0.500000000000001,0.714167603233882));
#14081=DIRECTION('',(-0.489861852455533,0.5,-0.714167603233886));
#14082=DIRECTION('',(0.824649715947188,0.,-0.565643744761861));
#14083=DIRECTION('center_axis',(0.824649715947188,0.,-0.565643744761862));
#14084=DIRECTION('ref_axis',(-0.282821872380931,-0.866025403784439,-0.412324857973594));
#14085=DIRECTION('center_axis',(-0.824649715947188,0.,0.565643744761862));
#14086=DIRECTION('ref_axis',(-0.282821872380931,-0.866025403784439,-0.412324857973594));
#14087=DIRECTION('center_axis',(0.824649715947188,0.,-0.565643744761862));
#14088=DIRECTION('ref_axis',(0.565643744761862,0.,0.824649715947188));
#14089=DIRECTION('',(0.824649715947188,0.,-0.565643744761861));
#14090=DIRECTION('center_axis',(0.824649715947188,0.,-0.565643744761862));
#14091=DIRECTION('ref_axis',(0.565643744761862,0.,0.824649715947188));
#14092=DIRECTION('center_axis',(9.66139552568946E-17,1.,1.40853092599256E-16));
#14093=DIRECTION('ref_axis',(0.565643744761862,-1.70803542250024E-16,0.824649715947188));
#14094=DIRECTION('',(0.824649715947188,0.,-0.565643744761861));
#14095=DIRECTION('',(0.565643744761862,-1.70803542250024E-16,0.824649715947188));
#14096=DIRECTION('center_axis',(-9.66139552568946E-17,-1.,-1.40853092599256E-16));
#14097=DIRECTION('ref_axis',(0.565643744761867,-1.81478297558036E-15,0.824649715947184));
#14098=DIRECTION('',(0.565643744761862,-1.70803542250024E-16,0.824649715947188));
#14099=DIRECTION('center_axis',(0.824649715947188,0.,-0.565643744761862));
#14100=DIRECTION('ref_axis',(0.,-1.,0.));
#14101=DIRECTION('',(0.824649715947188,0.,-0.565643744761861));
#14102=DIRECTION('center_axis',(-0.824649715947188,0.,0.565643744761862));
#14103=DIRECTION('ref_axis',(0.,-1.,0.));
#14104=DIRECTION('center_axis',(-2.89841865770683E-16,-1.,-4.22559277797768E-16));
#14105=DIRECTION('ref_axis',(-0.565643744761862,5.12410626750072E-16,-0.824649715947188));
#14106=DIRECTION('',(0.824649715947188,0.,-0.565643744761861));
#14107=DIRECTION('',(-0.565643744761862,5.12410626750072E-16,-0.824649715947188));
#14108=DIRECTION('center_axis',(2.89841865770683E-16,1.,4.22559277797768E-16));
#14109=DIRECTION('ref_axis',(0.565643744761867,-1.81478297558036E-15,0.824649715947184));
#14110=DIRECTION('',(-0.565643744761862,5.12410626750072E-16,-0.824649715947188));
#14111=DIRECTION('center_axis',(0.824649715947188,0.,-0.565643744761862));
#14112=DIRECTION('ref_axis',(0.565643744761862,0.,0.824649715947188));
#14113=DIRECTION('',(0.824649715947188,0.,-0.565643744761861));
#14114=DIRECTION('center_axis',(0.824649715947188,0.,-0.565643744761862));
#14115=DIRECTION('ref_axis',(0.565643744761862,0.,0.824649715947188));
#14116=DIRECTION('center_axis',(0.489861852455533,0.500000000000001,0.714167603233886));
#14117=DIRECTION('ref_axis',(0.824649715947188,0.,-0.565643744761862));
#14118=DIRECTION('',(0.282821872380931,-0.866025403784438,0.412324857973594));
#14119=DIRECTION('center_axis',(-0.489861852455533,-0.500000000000001,-0.714167603233886));
#14120=DIRECTION('ref_axis',(0.824649715947188,0.,-0.565643744761862));
#14121=DIRECTION('center_axis',(-0.489861852455533,-0.500000000000001,-0.714167603233886));
#14122=DIRECTION('ref_axis',(0.824649715947189,-6.63720286460693E-16,-0.565643744761859));
#14123=DIRECTION('',(0.489861852455533,0.5,0.714167603233886));
#14124=DIRECTION('center_axis',(-0.489861852455533,-0.500000000000001,-0.714167603233886));
#14125=DIRECTION('ref_axis',(0.824649715947188,0.,-0.565643744761862));
#14126=DIRECTION('',(-0.489861852455533,-0.5,-0.714167603233886));
#14127=DIRECTION('center_axis',(-0.489861852455533,-0.5,-0.714167603233886));
#14128=DIRECTION('ref_axis',(-0.282821872380925,0.866025403784439,-0.412324857973597));
#14129=DIRECTION('center_axis',(-0.489861852455533,-0.500000000000001,-0.714167603233886));
#14130=DIRECTION('ref_axis',(0.824649715947191,-5.30976229168554E-15,-0.565643744761857));
#14131=DIRECTION('',(0.489861852455533,0.5,0.714167603233886));
#14132=DIRECTION('center_axis',(0.489861852455533,0.500000000000001,0.714167603233886));
#14133=DIRECTION('ref_axis',(-0.282821872380925,0.866025403784439,-0.412324857973597));
#14134=DIRECTION('',(-0.489861852455533,-0.5,-0.714167603233886));
#14135=DIRECTION('center_axis',(-0.489861852455533,-0.500000000000001,-0.714167603233886));
#14136=DIRECTION('ref_axis',(-0.824649715947188,0.,0.565643744761862));
#14137=DIRECTION('',(-0.282821872380931,0.866025403784438,-0.412324857973594));
#14138=DIRECTION('center_axis',(0.489861852455533,0.5,0.714167603233886));
#14139=DIRECTION('ref_axis',(0.282821872380931,-0.866025403784439,0.412324857973594));
#14140=DIRECTION('',(0.824649715947188,0.,-0.565643744761861));
#14141=DIRECTION('',(0.282821872380931,-0.866025403784439,0.412324857973594));
#14142=DIRECTION('',(0.282821872380931,-0.866025403784439,0.412324857973594));
#14143=DIRECTION('',(0.824649715947188,0.,-0.565643744761861));
#14144=DIRECTION('center_axis',(0.824649715947188,0.,-0.565643744761862));
#14145=DIRECTION('ref_axis',(0.565643744761862,0.,0.824649715947188));
#14146=DIRECTION('',(-0.282821872380931,0.866025403784438,-0.412324857973594));
#14147=DIRECTION('center_axis',(-0.824649715947188,0.,0.565643744761862));
#14148=DIRECTION('ref_axis',(0.489861852455533,0.5,0.714167603233886));
#14149=DIRECTION('center_axis',(0.824649715947188,0.,-0.565643744761862));
#14150=DIRECTION('ref_axis',(0.565643744761862,0.,0.824649715947188));
#14151=DIRECTION('',(-0.489861852455533,0.499999999999999,-0.714167603233886));
#14152=DIRECTION('',(0.28282187238093,0.866025403784439,0.412324857973593));
#14153=DIRECTION('',(0.489861852455533,-0.499999999999999,0.714167603233887));
#14154=DIRECTION('',(-0.28282187238093,-0.866025403784439,-0.412324857973593));
#14155=DIRECTION('',(-0.489861852455533,0.499999999999999,-0.714167603233886));
#14156=DIRECTION('center_axis',(-0.824649715947188,0.,0.565643744761862));
#14157=DIRECTION('ref_axis',(0.28282187238093,0.866025403784439,0.412324857973593));
#14158=DIRECTION('',(0.489861852455533,-0.499999999999999,0.714167603233886));
#14159=DIRECTION('',(-0.28282187238093,-0.866025403784439,-0.412324857973593));
#14160=DIRECTION('',(-0.489861852455533,0.499999999999999,-0.714167603233887));
#14161=DIRECTION('',(0.28282187238093,0.866025403784439,0.412324857973593));
#14162=DIRECTION('',(0.489861852455533,-0.499999999999999,0.714167603233886));
#14163=DIRECTION('center_axis',(0.824649715947188,0.,-0.565643744761862));
#14164=DIRECTION('ref_axis',(0.565643744761862,0.,0.824649715947188));
#14165=DIRECTION('',(-0.565643744761862,-1.70803542250024E-16,-0.824649715947188));
#14166=DIRECTION('',(-1.11022302462516E-16,1.,-1.66533453693773E-16));
#14167=DIRECTION('',(0.565643744761862,2.00130836201256E-16,0.824649715947188));
#14168=DIRECTION('',(1.11022302462516E-16,-1.,1.66533453693773E-16));
#14169=DIRECTION('',(-0.565643744761862,-1.70803542250024E-16,-0.824649715947188));
#14170=DIRECTION('center_axis',(-0.824649715947188,0.,0.565643744761862));
#14171=DIRECTION('ref_axis',(0.,1.,0.));
#14172=DIRECTION('',(0.565643744761862,0.,0.824649715947188));
#14173=DIRECTION('',(1.11022302462516E-16,-1.,1.66533453693773E-16));
#14174=DIRECTION('',(-0.565643744761862,-2.00130836201256E-16,-0.824649715947188));
#14175=DIRECTION('',(-1.11022302462516E-16,1.,-1.66533453693773E-16));
#14176=DIRECTION('',(0.565643744761862,0.,0.824649715947188));
#14177=DIRECTION('center_axis',(0.824649715947188,0.,-0.565643744761862));
#14178=DIRECTION('ref_axis',(0.565643744761862,0.,0.824649715947188));
#14179=DIRECTION('',(-0.282821872380931,0.866025403784438,-0.412324857973594));
#14180=DIRECTION('',(0.489861852455533,0.5,0.714167603233886));
#14181=DIRECTION('',(0.282821872380931,-0.866025403784438,0.412324857973594));
#14182=DIRECTION('',(0.489861852455533,0.5,0.714167603233886));
#14183=DIRECTION('',(0.282821872380931,-0.866025403784438,0.412324857973594));
#14184=DIRECTION('',(-0.489861852455533,-0.5,-0.714167603233886));
#14185=DIRECTION('',(-0.282821872380931,0.866025403784438,-0.412324857973594));
#14186=DIRECTION('',(0.489861852455533,0.5,0.714167603233886));
#14187=DIRECTION('',(-0.489861852455533,0.5,-0.714167603233886));
#14188=DIRECTION('',(0.282821872380931,0.866025403784439,0.412324857973594));
#14189=DIRECTION('',(0.489861852455533,-0.5,0.714167603233886));
#14190=DIRECTION('',(0.282821872380931,0.866025403784439,0.412324857973594));
#14191=DIRECTION('',(0.489861852455533,-0.5,0.714167603233886));
#14192=DIRECTION('',(-0.282821872380931,-0.866025403784439,-0.412324857973594));
#14193=DIRECTION('',(-0.489861852455533,0.5,-0.714167603233886));
#14194=DIRECTION('',(0.282821872380931,0.866025403784439,0.412324857973594));
#14195=DIRECTION('',(-0.565643744761862,-1.22464679914735E-16,-0.824649715947188));
#14196=DIRECTION('',(-6.92713801480337E-17,1.,-1.0099046350525E-16));
#14197=DIRECTION('',(0.565643744761862,1.22464679914735E-16,0.824649715947188));
#14198=DIRECTION('',(4.83069776284472E-17,1.,7.04265462996279E-17));
#14199=DIRECTION('',(0.565643744761862,1.22464679914735E-16,0.824649715947188));
#14200=DIRECTION('',(6.92713801480337E-17,-1.,1.0099046350525E-16));
#14201=DIRECTION('',(-0.565643744761862,-1.22464679914735E-16,-0.824649715947188));
#14202=DIRECTION('',(4.83069776284472E-17,1.,7.04265462996279E-17));
#14203=DIRECTION('',(-0.489861852455533,-0.5,-0.714167603233886));
#14204=DIRECTION('',(-0.282821872380931,0.866025403784438,-0.412324857973594));
#14205=DIRECTION('',(0.489861852455533,0.5,0.714167603233886));
#14206=DIRECTION('',(-0.282821872380931,0.866025403784439,-0.412324857973594));
#14207=DIRECTION('',(0.489861852455533,0.5,0.714167603233886));
#14208=DIRECTION('',(0.282821872380931,-0.866025403784438,0.412324857973594));
#14209=DIRECTION('',(-0.489861852455533,-0.5,-0.714167603233886));
#14210=DIRECTION('',(-0.282821872380931,0.866025403784439,-0.412324857973594));
#14211=DIRECTION('',(-0.282821872380931,-0.866025403784439,-0.412324857973594));
#14212=DIRECTION('',(-0.489861852455533,0.5,-0.714167603233886));
#14213=DIRECTION('',(0.282821872380931,0.866025403784439,0.412324857973594));
#14214=DIRECTION('',(0.282821872380931,0.866025403784439,0.412324857973594));
#14215=DIRECTION('',(0.489861852455533,-0.5,0.714167603233886));
#14216=DIRECTION('',(-0.282821872380931,-0.866025403784439,-0.412324857973594));
#14217=DIRECTION('',(1.11022302462516E-16,-1.,1.11022302462516E-16));
#14218=DIRECTION('',(-0.565643744761862,-1.54353581106498E-16,-0.824649715947188));
#14219=DIRECTION('',(-1.11022302462516E-16,1.,-1.11022302462516E-16));
#14220=DIRECTION('',(-1.11022302462516E-16,1.,-1.11022302462516E-16));
#14221=DIRECTION('',(0.565643744761862,1.54353581106498E-16,0.824649715947188));
#14222=DIRECTION('',(1.11022302462516E-16,-1.,1.11022302462516E-16));
#14223=DIRECTION('',(0.489861852455533,0.5,0.714167603233886));
#14224=DIRECTION('',(0.282821872380931,-0.866025403784439,0.412324857973594));
#14225=DIRECTION('',(-0.489861852455533,-0.5,-0.714167603233886));
#14226=DIRECTION('',(-0.282821872380931,0.866025403784439,-0.412324857973594));
#14227=DIRECTION('',(0.489861852455533,0.5,0.714167603233886));
#14228=DIRECTION('center_axis',(-0.824649715947188,0.,0.565643744761862));
#14229=DIRECTION('ref_axis',(0.282821872380931,-0.866025403784439,0.412324857973594));
#14230=DIRECTION('',(-0.489861852455533,-0.5,-0.714167603233886));
#14231=DIRECTION('',(-0.282821872380931,0.866025403784439,-0.412324857973594));
#14232=DIRECTION('',(0.489861852455533,0.5,0.714167603233886));
#14233=DIRECTION('',(0.282821872380931,-0.866025403784439,0.412324857973594));
#14234=DIRECTION('',(-0.489861852455533,-0.5,-0.714167603233886));
#14235=DIRECTION('center_axis',(0.824649715947188,0.,-0.565643744761862));
#14236=DIRECTION('ref_axis',(0.565643744761862,0.,0.824649715947188));
#14237=DIRECTION('',(0.282821872380931,0.866025403784439,0.412324857973594));
#14238=DIRECTION('',(0.489861852455533,-0.5,0.714167603233886));
#14239=DIRECTION('',(-0.282821872380931,-0.866025403784439,-0.412324857973594));
#14240=DIRECTION('',(-0.489861852455533,0.5,-0.714167603233886));
#14241=DIRECTION('',(0.282821872380931,0.866025403784439,0.412324857973594));
#14242=DIRECTION('center_axis',(-0.824649715947188,0.,0.565643744761862));
#14243=DIRECTION('ref_axis',(0.489861852455533,-0.5,0.714167603233886));
#14244=DIRECTION('',(-0.282821872380931,-0.866025403784439,-0.412324857973594));
#14245=DIRECTION('',(-0.489861852455533,0.5,-0.714167603233886));
#14246=DIRECTION('',(0.282821872380931,0.866025403784439,0.412324857973594));
#14247=DIRECTION('',(0.489861852455533,-0.5,0.714167603233886));
#14248=DIRECTION('',(-0.282821872380931,-0.866025403784439,-0.412324857973594));
#14249=DIRECTION('center_axis',(0.824649715947188,0.,-0.565643744761862));
#14250=DIRECTION('ref_axis',(0.565643744761862,0.,0.824649715947188));
#14251=DIRECTION('',(0.,1.,0.));
#14252=DIRECTION('',(0.565643744761862,0.,0.824649715947188));
#14253=DIRECTION('',(0.,-1.,0.));
#14254=DIRECTION('',(-0.565643744761862,0.,-0.824649715947188));
#14255=DIRECTION('',(0.,1.,0.));
#14256=DIRECTION('center_axis',(-0.824649715947188,0.,0.565643744761862));
#14257=DIRECTION('ref_axis',(0.565643744761862,0.,0.824649715947188));
#14258=DIRECTION('',(-1.20767444071118E-16,-1.,-1.7606636574907E-16));
#14259=DIRECTION('',(-0.565643744761862,0.,-0.824649715947188));
#14260=DIRECTION('',(0.,1.,0.));
#14261=DIRECTION('',(0.565643744761862,0.,0.824649715947188));
#14262=DIRECTION('',(-1.20767444071118E-16,-1.,-1.7606636574907E-16));
#14263=DIRECTION('center_axis',(0.824649715947188,0.,-0.565643744761862));
#14264=DIRECTION('ref_axis',(0.565643744761862,0.,0.824649715947188));
#14265=DIRECTION('',(-0.282821872380931,0.866025403784438,-0.412324857973594));
#14266=DIRECTION('center_axis',(-0.565643744761862,-1.22464679914735E-16,
-0.824649715947188));
#14267=DIRECTION('ref_axis',(0.824649715947188,1.23259516440783E-32,-0.565643744761862));
#14268=DIRECTION('center_axis',(0.565643744761862,1.22464679914735E-16,
0.824649715947188));
#14269=DIRECTION('ref_axis',(0.824649715947188,2.00966602892582E-32,-0.565643744761862));
#14270=DIRECTION('center_axis',(0.565643744761862,1.22464679914735E-16,
0.824649715947188));
#14271=DIRECTION('ref_axis',(0.824649715947187,-1.88531987294889E-16,-0.565643744761863));
#14272=DIRECTION('center_axis',(0.565643744761862,1.22464679914735E-16,
0.824649715947188));
#14273=DIRECTION('ref_axis',(0.824649715947188,2.00966602892582E-32,-0.565643744761862));
#14274=DIRECTION('center_axis',(0.565643744761862,-8.5401771125012E-17,
0.824649715947188));
#14275=DIRECTION('ref_axis',(4.54399516392857E-15,-1.,-5.31938841718494E-15));
#14276=DIRECTION('center_axis',(0.565643744761862,1.22464679914735E-16,
0.824649715947188));
#14277=DIRECTION('ref_axis',(0.824649715947187,-1.88531987294889E-16,-0.565643744761863));
#14278=DIRECTION('center_axis',(0.565643744761862,1.22464679914735E-16,
0.824649715947188));
#14279=DIRECTION('ref_axis',(-0.824649715947188,-1.23259516440783E-32,0.565643744761862));
#14280=DIRECTION('center_axis',(-0.565643744761862,8.5401771125012E-17,
-0.824649715947188));
#14281=DIRECTION('ref_axis',(4.83069776284472E-17,1.,7.04265462996279E-17));
#14282=DIRECTION('center_axis',(1.11022302462516E-16,-1.,1.11022302462516E-16));
#14283=DIRECTION('ref_axis',(0.824649715947188,1.11022302462516E-16,-0.565643744761862));
#14284=DIRECTION('center_axis',(-1.11022302462516E-16,1.,-1.11022302462516E-16));
#14285=DIRECTION('ref_axis',(0.824649715947188,1.20676415720126E-16,-0.565643744761862));
#14286=DIRECTION('center_axis',(-1.11022302462516E-16,1.,-1.11022302462516E-16));
#14287=DIRECTION('ref_axis',(0.824649715947186,-1.94038111741433E-15,-0.565643744761864));
#14288=DIRECTION('center_axis',(-1.11022302462516E-16,1.,-1.11022302462516E-16));
#14289=DIRECTION('ref_axis',(0.824649715947188,1.20676415720126E-16,-0.565643744761862));
#14290=DIRECTION('center_axis',(-1.11022302462516E-16,1.,-1.11022302462516E-16));
#14291=DIRECTION('ref_axis',(0.824649715947188,-1.94038111741433E-15,-0.565643744761862));
#14292=DIRECTION('center_axis',(-1.11022302462516E-16,1.,-1.11022302462516E-16));
#14293=DIRECTION('ref_axis',(-0.824649715947188,-1.11022302462516E-16,0.565643744761862));
#14294=DIRECTION('center_axis',(-0.489861852455533,0.5,-0.714167603233886));
#14295=DIRECTION('ref_axis',(0.824649715947188,-2.77555756156289E-17,-0.565643744761862));
#14296=DIRECTION('center_axis',(0.489861852455533,-0.5,0.714167603233886));
#14297=DIRECTION('ref_axis',(0.824649715947188,-3.01691039300315E-17,-0.565643744761862));
#14298=DIRECTION('center_axis',(0.489861852455533,-0.5,0.714167603233886));
#14299=DIRECTION('ref_axis',(0.824649715947187,6.0338207860063E-17,-0.565643744761864));
#14300=DIRECTION('center_axis',(0.489861852455533,-0.5,0.714167603233886));
#14301=DIRECTION('ref_axis',(0.824649715947188,-3.01691039300315E-17,-0.565643744761862));
#14302=DIRECTION('center_axis',(0.489861852455533,-0.5,0.714167603233886));
#14303=DIRECTION('ref_axis',(-0.282821872380926,-0.866025403784438,-0.412324857973599));
#14304=DIRECTION('center_axis',(0.489861852455533,-0.5,0.714167603233886));
#14305=DIRECTION('ref_axis',(0.824649715947187,-3.01691039300315E-16,-0.565643744761864));
#14306=DIRECTION('center_axis',(0.489861852455533,-0.5,0.714167603233886));
#14307=DIRECTION('ref_axis',(-0.824649715947188,2.77555756156289E-17,0.565643744761862));
#14308=DIRECTION('center_axis',(-0.489861852455533,0.5,-0.714167603233886));
#14309=DIRECTION('ref_axis',(0.282821872380931,0.866025403784439,0.412324857973594));
#14310=DIRECTION('center_axis',(-0.489861852455533,-0.5,-0.714167603233886));
#14311=DIRECTION('ref_axis',(0.824649715947188,2.77555756156289E-17,-0.565643744761862));
#14312=DIRECTION('center_axis',(0.489861852455533,0.5,0.714167603233886));
#14313=DIRECTION('ref_axis',(0.824649715947188,3.01691039300315E-17,-0.565643744761862));
#14314=DIRECTION('center_axis',(0.489861852455533,0.5,0.714167603233886));
#14315=DIRECTION('ref_axis',(0.824649715947188,-3.00182584103813E-15,-0.565643744761862));
#14316=DIRECTION('center_axis',(0.489861852455533,0.5,0.714167603233886));
#14317=DIRECTION('ref_axis',(0.824649715947188,3.01691039300315E-17,-0.565643744761862));
#14318=DIRECTION('center_axis',(0.489861852455533,0.5,0.714167603233886));
#14319=DIRECTION('ref_axis',(0.282821872380936,-0.866025403784439,0.412324857973589));
#14320=DIRECTION('center_axis',(0.489861852455533,0.5,0.714167603233886));
#14321=DIRECTION('ref_axis',(0.824649715947188,-2.79064211352791E-15,-0.565643744761862));
#14322=DIRECTION('center_axis',(0.489861852455533,0.5,0.714167603233886));
#14323=DIRECTION('ref_axis',(-0.824649715947188,-2.77555756156289E-17,0.565643744761862));
#14324=DIRECTION('center_axis',(-0.489861852455533,-0.5,-0.714167603233886));
#14325=DIRECTION('ref_axis',(-0.282821872380931,0.866025403784439,-0.412324857973594));
#14326=DIRECTION('center_axis',(-0.282821872380931,-0.866025403784439,-0.412324857973594));
#14327=DIRECTION('ref_axis',(0.824649715947188,1.11022302462516E-16,-0.565643744761862));
#14328=DIRECTION('center_axis',(0.282821872380931,0.866025403784439,0.412324857973594));
#14329=DIRECTION('ref_axis',(0.824649715947188,1.20676415720126E-16,-0.565643744761862));
#14330=DIRECTION('center_axis',(0.282821872380931,0.866025403784439,0.412324857973594));
#14331=DIRECTION('ref_axis',(0.824649715947189,-3.59012336767375E-15,-0.56564374476186));
#14332=DIRECTION('center_axis',(0.282821872380931,0.866025403784439,0.412324857973594));
#14333=DIRECTION('ref_axis',(0.824649715947188,1.20676415720126E-16,-0.565643744761862));
#14334=DIRECTION('center_axis',(0.282821872380931,0.866025403784439,0.412324857973594));
#14335=DIRECTION('ref_axis',(0.824649715947189,-3.68817295544635E-15,-0.56564374476186));
#14336=DIRECTION('center_axis',(0.282821872380931,0.866025403784439,0.412324857973594));
#14337=DIRECTION('ref_axis',(-0.824649715947188,-1.11022302462516E-16,0.565643744761862));
#14338=DIRECTION('center_axis',(-1.11022302462516E-16,1.,-1.66533453693773E-16));
#14339=DIRECTION('ref_axis',(0.824649715947188,-1.66533453693773E-16,-0.565643744761862));
#14340=DIRECTION('center_axis',(1.11022302462516E-16,-1.,1.66533453693773E-16));
#14341=DIRECTION('ref_axis',(0.824649715947188,-1.81014623580189E-16,-0.565643744761862));
#14342=DIRECTION('center_axis',(1.11022302462516E-16,-1.,1.66533453693773E-16));
#14343=DIRECTION('ref_axis',(0.824649715947185,1.95260410659791E-15,-0.565643744761866));
#14344=DIRECTION('center_axis',(1.11022302462516E-16,-1.,1.66533453693773E-16));
#14345=DIRECTION('ref_axis',(0.824649715947188,-1.81014623580189E-16,-0.565643744761862));
#14346=DIRECTION('center_axis',(0.,-1.,0.));
#14347=DIRECTION('ref_axis',(-0.565643744761856,1.75511736658261E-15,-0.824649715947192));
#14348=DIRECTION('center_axis',(1.11022302462516E-16,-1.,1.66533453693773E-16));
#14349=DIRECTION('ref_axis',(0.824649715947187,1.95260410659791E-15,-0.565643744761864));
#14350=DIRECTION('center_axis',(-9.66139552568945E-17,1.,-1.40853092599256E-16));
#14351=DIRECTION('ref_axis',(-0.565643744761856,1.75511736658261E-15,-0.824649715947192));
#14352=DIRECTION('center_axis',(1.11022302462516E-16,-1.,1.66533453693773E-16));
#14353=DIRECTION('ref_axis',(-0.824649715947188,1.66533453693773E-16,0.565643744761862));
#14354=DIRECTION('center_axis',(0.,1.,0.));
#14355=DIRECTION('ref_axis',(0.565643744761862,0.,0.824649715947188));
#14356=DIRECTION('',(0.824649715947188,0.,-0.565643744761861));
#14357=DIRECTION('',(0.824649715947188,0.,-0.565643744761861));
#14358=DIRECTION('center_axis',(-0.282821872380931,0.866025403784438,-0.412324857973594));
#14359=DIRECTION('ref_axis',(0.824649715947188,-1.66533453693773E-16,-0.565643744761862));
#14360=DIRECTION('center_axis',(0.282821872380931,-0.866025403784438,0.412324857973594));
#14361=DIRECTION('ref_axis',(0.824649715947188,-1.20676415720126E-16,-0.565643744761862));
#14362=DIRECTION('center_axis',(0.282821872380931,-0.866025403784438,0.412324857973594));
#14363=DIRECTION('ref_axis',(0.82464971594719,4.28401275806447E-15,-0.565643744761859));
#14364=DIRECTION('center_axis',(0.282821872380931,-0.866025403784438,0.412324857973594));
#14365=DIRECTION('ref_axis',(0.824649715947188,-1.20676415720126E-16,-0.565643744761862));
#14366=DIRECTION('center_axis',(0.282821872380931,-0.866025403784439,0.412324857973594));
#14367=DIRECTION('ref_axis',(-0.489861852455528,-0.499999999999999,-0.714167603233891));
#14368=DIRECTION('center_axis',(0.282821872380931,-0.866025403784438,0.412324857973594));
#14369=DIRECTION('ref_axis',(0.824649715947189,3.7409688873239E-15,-0.56564374476186));
#14370=DIRECTION('center_axis',(0.282821872380931,-0.866025403784438,0.412324857973594));
#14371=DIRECTION('ref_axis',(-0.824649715947188,1.66533453693773E-16,0.565643744761862));
#14372=DIRECTION('center_axis',(-0.282821872380931,0.866025403784439,-0.412324857973594));
#14373=DIRECTION('ref_axis',(0.489861852455533,0.5,0.714167603233886));
#14374=DIRECTION('center_axis',(0.282821872380931,-0.866025403784439,0.412324857973594));
#14375=DIRECTION('ref_axis',(0.824649715947188,5.55111512312578E-17,-0.565643744761862));
#14376=DIRECTION('center_axis',(-0.282821872380931,0.866025403784439,-0.412324857973594));
#14377=DIRECTION('ref_axis',(0.824649715947188,6.0338207860063E-17,-0.565643744761862));
#14378=DIRECTION('center_axis',(-0.282821872380931,0.866025403784439,-0.412324857973594));
#14379=DIRECTION('ref_axis',(0.824649715947191,8.29650358075866E-16,-0.565643744761857));
#14380=DIRECTION('center_axis',(-0.282821872380931,0.866025403784439,-0.412324857973594));
#14381=DIRECTION('ref_axis',(0.824649715947188,6.0338207860063E-17,-0.565643744761862));
#14382=DIRECTION('center_axis',(-0.282821872380931,0.866025403784439,-0.412324857973594));
#14383=DIRECTION('ref_axis',(0.489861852455539,0.499999999999998,0.714167603233883));
#14384=DIRECTION('center_axis',(-0.282821872380931,0.866025403784439,-0.412324857973594));
#14385=DIRECTION('ref_axis',(0.824649715947192,2.02887223929462E-15,-0.565643744761856));
#14386=DIRECTION('center_axis',(0.282821872380931,-0.866025403784439,0.412324857973594));
#14387=DIRECTION('ref_axis',(0.489861852455539,0.499999999999998,0.714167603233883));
#14388=DIRECTION('center_axis',(-0.282821872380931,0.866025403784439,-0.412324857973594));
#14389=DIRECTION('ref_axis',(-0.824649715947188,-5.55111512312578E-17,0.565643744761862));
#14390=DIRECTION('center_axis',(0.282821872380931,-0.866025403784439,0.412324857973594));
#14391=DIRECTION('ref_axis',(-0.489861852455533,-0.5,-0.714167603233886));
#14392=DIRECTION('',(0.824649715947188,0.,-0.565643744761861));
#14393=DIRECTION('',(0.824649715947188,0.,-0.565643744761861));
#14394=DIRECTION('center_axis',(0.28282187238093,0.866025403784439,0.412324857973593));
#14395=DIRECTION('ref_axis',(0.824649715947188,-1.66533453693773E-16,-0.565643744761862));
#14396=DIRECTION('center_axis',(-0.28282187238093,-0.866025403784439,-0.412324857973593));
#14397=DIRECTION('ref_axis',(0.824649715947188,-1.81014623580189E-16,-0.565643744761862));
#14398=DIRECTION('center_axis',(-0.28282187238093,-0.866025403784439,-0.412324857973593));
#14399=DIRECTION('ref_axis',(0.824649715947186,3.98232171876416E-15,-0.565643744761864));
#14400=DIRECTION('center_axis',(-0.28282187238093,-0.866025403784439,-0.412324857973593));
#14401=DIRECTION('ref_axis',(0.824649715947188,-1.81014623580189E-16,-0.565643744761862));
#14402=DIRECTION('center_axis',(-0.28282187238093,-0.866025403784439,-0.412324857973594));
#14403=DIRECTION('ref_axis',(-0.489861852455527,0.500000000000001,-0.714167603233889));
#14404=DIRECTION('center_axis',(-0.28282187238093,-0.866025403784439,-0.412324857973593));
#14405=DIRECTION('ref_axis',(0.824649715947187,3.62029247160378E-15,-0.565643744761864));
#14406=DIRECTION('center_axis',(0.28282187238093,0.866025403784439,0.412324857973594));
#14407=DIRECTION('ref_axis',(-0.489861852455527,0.500000000000001,-0.714167603233889));
#14408=DIRECTION('center_axis',(-0.28282187238093,-0.866025403784439,-0.412324857973593));
#14409=DIRECTION('ref_axis',(-0.824649715947188,1.66533453693773E-16,0.565643744761862));
#14410=DIRECTION('center_axis',(0.28282187238093,0.866025403784439,0.412324857973594));
#14411=DIRECTION('ref_axis',(0.489861852455533,-0.499999999999999,0.714167603233886));
#14412=DIRECTION('',(0.824649715947188,0.,-0.565643744761861));
#14413=DIRECTION('',(0.824649715947188,0.,-0.565643744761861));
#14414=DIRECTION('center_axis',(0.489861852455534,-0.5,0.714167603233886));
#14415=DIRECTION('ref_axis',(0.824649715947188,8.32667268468867E-17,-0.565643744761862));
#14416=DIRECTION('center_axis',(-0.489861852455534,0.5,-0.714167603233886));
#14417=DIRECTION('ref_axis',(0.824649715947188,6.0338207860063E-17,-0.565643744761862));
#14418=DIRECTION('center_axis',(-0.489861852455534,0.5,-0.714167603233886));
#14419=DIRECTION('ref_axis',(0.824649715947189,1.35006740086891E-15,-0.565643744761859));
#14420=DIRECTION('center_axis',(-0.489861852455534,0.5,-0.714167603233886));
#14421=DIRECTION('ref_axis',(0.824649715947188,6.0338207860063E-17,-0.565643744761862));
#14422=DIRECTION('center_axis',(-0.489861852455533,0.5,-0.714167603233886));
#14423=DIRECTION('ref_axis',(0.282821872380937,0.866025403784438,0.412324857973592));
#14424=DIRECTION('center_axis',(-0.489861852455534,0.5,-0.714167603233886));
#14425=DIRECTION('ref_axis',(0.824649715947189,8.89988565935929E-16,-0.56564374476186));
#14426=DIRECTION('center_axis',(0.489861852455533,-0.5,0.714167603233886));
#14427=DIRECTION('ref_axis',(0.282821872380937,0.866025403784438,0.412324857973592));
#14428=DIRECTION('center_axis',(-0.489861852455534,0.5,-0.714167603233886));
#14429=DIRECTION('ref_axis',(-0.824649715947188,-8.32667268468867E-17,0.565643744761862));
#14430=DIRECTION('center_axis',(0.489861852455533,-0.5,0.714167603233886));
#14431=DIRECTION('ref_axis',(-0.282821872380931,-0.866025403784439,-0.412324857973594));
#14432=DIRECTION('',(0.824649715947188,0.,-0.565643744761861));
#14433=DIRECTION('',(0.824649715947188,0.,-0.565643744761861));
#14434=DIRECTION('center_axis',(0.565643744761862,0.,0.824649715947188));
#14435=DIRECTION('ref_axis',(0.824649715947188,0.,-0.565643744761862));
#14436=DIRECTION('center_axis',(-0.565643744761862,0.,-0.824649715947188));
#14437=DIRECTION('ref_axis',(0.824649715947188,0.,-0.565643744761862));
#14438=DIRECTION('center_axis',(-0.565643744761862,0.,-0.824649715947188));
#14439=DIRECTION('ref_axis',(-0.824649715947188,0.,0.565643744761862));
#14440=DIRECTION('center_axis',(-0.565643744761862,0.,-0.824649715947188));
#14441=DIRECTION('ref_axis',(0.824649715947188,0.,-0.565643744761862));
#14442=DIRECTION('center_axis',(-0.565643744761862,0.,-0.824649715947188));
#14443=DIRECTION('ref_axis',(0.824649715947189,1.65647232390451E-16,-0.56564374476186));
#14444=DIRECTION('center_axis',(-0.565643744761862,2.1350442781253E-16,
-0.824649715947188));
#14445=DIRECTION('ref_axis',(6.66808024368536E-15,1.,-2.22269341456179E-15));
#14446=DIRECTION('center_axis',(-0.565643744761862,0.,-0.824649715947188));
#14447=DIRECTION('ref_axis',(0.824649715947189,8.54665802069984E-16,-0.56564374476186));
#14448=DIRECTION('center_axis',(0.565643744761862,0.,0.824649715947188));
#14449=DIRECTION('ref_axis',(6.66808024368536E-15,1.,-2.22269341456179E-15));
#14450=DIRECTION('center_axis',(0.824649715947188,0.,-0.565643744761862));
#14451=DIRECTION('ref_axis',(0.565643744761861,0.,0.824649715947188));
#14452=DIRECTION('center_axis',(-0.824649715947188,0.,0.565643744761862));
#14453=DIRECTION('ref_axis',(0.565643744761862,0.,0.824649715947188));
#14454=DIRECTION('',(-0.824649715947188,0.,0.565643744761861));
#14455=DIRECTION('center_axis',(-0.489861852455533,-0.500000000000001,-0.714167603233886));
#14456=DIRECTION('ref_axis',(-0.282821872380931,0.866025403784438,-0.412324857973594));
#14457=DIRECTION('',(0.824649715947188,0.,-0.565643744761861));
#14458=DIRECTION('',(0.824649715947188,0.,-0.565643744761861));
#14459=DIRECTION('center_axis',(0.824649715947188,0.,-0.565643744761862));
#14460=DIRECTION('ref_axis',(0.489861852455533,0.5,0.714167603233886));
#14461=DIRECTION('center_axis',(0.824649715947188,0.,-0.565643744761862));
#14462=DIRECTION('ref_axis',(0.565643744761862,0.,0.824649715947188));
#14463=DIRECTION('',(0.824649715947188,0.,-0.565643744761861));
#14464=DIRECTION('center_axis',(-0.28282187238093,-0.866025403784439,-0.412324857973594));
#14465=DIRECTION('ref_axis',(-0.489861852455533,0.499999999999999,-0.714167603233886));
#14466=DIRECTION('',(0.824649715947188,0.,-0.565643744761861));
#14467=DIRECTION('center_axis',(0.824649715947188,0.,-0.565643744761862));
#14468=DIRECTION('ref_axis',(0.28282187238093,0.866025403784439,0.412324857973593));
#14469=DIRECTION('center_axis',(0.824649715947188,0.,-0.565643744761862));
#14470=DIRECTION('ref_axis',(0.565643744761862,0.,0.824649715947188));
#14471=DIRECTION('',(0.824649715947188,0.,-0.565643744761861));
#14472=DIRECTION('center_axis',(9.66139552568945E-17,-1.,1.40853092599256E-16));
#14473=DIRECTION('ref_axis',(-0.565643744761862,-1.70803542250024E-16,-0.824649715947188));
#14474=DIRECTION('',(0.824649715947188,0.,-0.565643744761861));
#14475=DIRECTION('center_axis',(0.824649715947188,0.,-0.565643744761862));
#14476=DIRECTION('ref_axis',(0.,1.,0.));
#14477=DIRECTION('center_axis',(0.824649715947188,0.,-0.565643744761862));
#14478=DIRECTION('ref_axis',(0.565643744761862,0.,0.824649715947188));
#14479=DIRECTION('center_axis',(-0.282821872380931,0.866025403784439,-0.412324857973594));
#14480=DIRECTION('ref_axis',(0.489861852455533,0.5,0.714167603233886));
#14481=DIRECTION('',(0.824649715947188,0.,-0.565643744761861));
#14482=DIRECTION('center_axis',(0.824649715947188,0.,-0.565643744761862));
#14483=DIRECTION('ref_axis',(0.282821872380931,-0.866025403784439,0.412324857973594));
#14484=DIRECTION('center_axis',(0.824649715947188,0.,-0.565643744761862));
#14485=DIRECTION('ref_axis',(0.565643744761862,0.,0.824649715947188));
#14486=DIRECTION('',(0.824649715947188,0.,-0.565643744761861));
#14487=DIRECTION('center_axis',(-0.489861852455533,0.5,-0.714167603233886));
#14488=DIRECTION('ref_axis',(0.282821872380931,0.866025403784439,0.412324857973594));
#14489=DIRECTION('',(0.824649715947188,0.,-0.565643744761861));
#14490=DIRECTION('center_axis',(0.824649715947188,0.,-0.565643744761862));
#14491=DIRECTION('ref_axis',(0.489861852455533,-0.5,0.714167603233886));
#14492=DIRECTION('center_axis',(0.824649715947188,0.,-0.565643744761862));
#14493=DIRECTION('ref_axis',(0.565643744761862,0.,0.824649715947188));
#14494=DIRECTION('',(0.824649715947188,0.,-0.565643744761861));
#14495=DIRECTION('center_axis',(-0.565643744761862,0.,-0.824649715947188));
#14496=DIRECTION('ref_axis',(0.,1.,0.));
#14497=DIRECTION('',(0.824649715947188,0.,-0.565643744761861));
#14498=DIRECTION('center_axis',(0.824649715947188,0.,-0.565643744761862));
#14499=DIRECTION('ref_axis',(0.565643744761862,0.,0.824649715947188));
#14500=DIRECTION('',(0.824649715947188,0.,-0.565643744761861));
#14501=DIRECTION('center_axis',(0.565643744761862,-2.1350442781253E-16,
0.824649715947188));
#14502=DIRECTION('ref_axis',(-1.20767444071118E-16,-1.,-1.7606636574907E-16));
#14503=DIRECTION('',(0.824649715947188,0.,-0.565643744761861));
#14504=DIRECTION('center_axis',(0.824649715947188,0.,-0.565643744761862));
#14505=DIRECTION('ref_axis',(0.565643744761862,0.,0.824649715947188));
#14506=DIRECTION('center_axis',(0.824649715947188,0.,-0.565643744761862));
#14507=DIRECTION('ref_axis',(0.565643744761862,0.,0.824649715947188));
#14508=DIRECTION('',(9.95811577295114E-9,-1.04815029182068E-8,1.));
#14509=DIRECTION('',(1.,-2.95444895935855E-18,-9.9581158735651E-9));
#14510=DIRECTION('',(-0.0158941693345381,-0.213435052025516,0.976827955142578));
#14511=DIRECTION('',(0.98909787114649,-0.146399373887479,-0.0158941693345349));
#14512=DIRECTION('',(-1.23512311489549E-15,1.96891114523368E-16,1.));
#14513=DIRECTION('',(1.,-2.67662411332359E-16,1.17961196366423E-15));
#14514=DIRECTION('center_axis',(0.,0.,1.));
#14515=DIRECTION('ref_axis',(1.,0.,0.));
#14516=CARTESIAN_POINT('',(0.,0.,0.));
#14517=CARTESIAN_POINT('',(0.,0.,0.));
#14518=CARTESIAN_POINT('Origin',(66.3808459066381,16.875,-52.2005534479307));
#14519=CARTESIAN_POINT('',(63.9307126599921,16.875,-48.7010038949625));
#14520=CARTESIAN_POINT('Origin',(63.0822470428493,16.875,-49.9379784688833));
#14521=CARTESIAN_POINT('',(60.6321137962034,16.875,-46.438428915915));
#14522=CARTESIAN_POINT('',(67.2293115237809,16.875,-50.9635788740099));
#14523=CARTESIAN_POINT('Origin',(59.7836481790606,16.875,-47.6754034898358));
#14524=CARTESIAN_POINT('Origin',(67.6955497801118,8.20073868596882,-50.2838520155278));
#14525=CARTESIAN_POINT('',(65.2454165334659,8.20073868596882,-46.7843024625596));
#14526=CARTESIAN_POINT('Origin',(64.3969509163231,8.20073868596882,-48.0212770364804));
#14527=CARTESIAN_POINT('',(61.9468176696771,8.20073868596882,-44.5217274835122));
#14528=CARTESIAN_POINT('',(68.5440153972546,8.20073868596882,-49.0468774416071));
#14529=CARTESIAN_POINT('Origin',(61.0983520525343,8.20073868596882,-45.758702057433));
#14530=CARTESIAN_POINT('Origin',(71.2873875593497,19.1992613140312,-45.0473263192632));
#14531=CARTESIAN_POINT('',(68.8372543127037,19.1992613140312,-41.547776766295));
#14532=CARTESIAN_POINT('Origin',(67.9887886955609,19.1992613140312,-42.7847513402157));
#14533=CARTESIAN_POINT('',(65.538655448915,19.1992613140312,-39.2852017872475));
#14534=CARTESIAN_POINT('',(72.1358531764924,19.1992613140312,-43.8103517453424));
#14535=CARTESIAN_POINT('Origin',(64.6901898317722,19.1992613140312,-40.5221763611683));
#14536=CARTESIAN_POINT('Origin',(72.6020914328234,10.525,-43.1306248868603));
#14537=CARTESIAN_POINT('',(70.1519581861774,10.525,-39.6310753338921));
#14538=CARTESIAN_POINT('Origin',(69.3034925690346,10.525,-40.8680499078129));
#14539=CARTESIAN_POINT('',(66.8533593223887,10.525,-37.3685003548447));
#14540=CARTESIAN_POINT('',(73.4505570499662,10.525,-41.8936503129396));
#14541=CARTESIAN_POINT('Origin',(66.0048937052459,10.525,-38.6054749287655));
#14542=CARTESIAN_POINT('Origin',(56.0469163384764,17.9229256135516,-57.5429126819659));
#14543=CARTESIAN_POINT('',(52.951900138143,16.2,-62.0551242181005));
#14544=CARTESIAN_POINT('',(53.8530758528666,22.1458512271033,-60.7413038072018));
#14545=CARTESIAN_POINT('Origin',(64.9558952320212,13.7,-44.5545485712053));
#14546=CARTESIAN_POINT('',(56.8284000181484,16.2,-56.4035908023787));
#14547=CARTESIAN_POINT('',(56.4376581783123,16.2,-56.9732517421723));
#14548=CARTESIAN_POINT('',(58.242509380053,13.7,-54.3419665125107));
#14549=CARTESIAN_POINT('Origin',(56.8284000181483,13.7,-56.4035908023787));
#14550=CARTESIAN_POINT('',(59.1419325388097,19.6342880692463,-53.0307011458314));
#14551=CARTESIAN_POINT('Origin',(64.9558952320212,13.7,-44.5545485712052));
#14552=CARTESIAN_POINT('',(57.2102232267186,18.7192245597852,-55.8469322988501));
#14553=CARTESIAN_POINT('Origin',(57.9172779076709,20.8842880692463,-54.8161201539161));
#14554=CARTESIAN_POINT('',(55.1929285759293,20.7782690033125,-58.7879379692221));
#14555=CARTESIAN_POINT('Origin',(58.4331937604042,25.2314657538785,-54.0639685295959));
#14556=CARTESIAN_POINT('',(55.2671852147713,26.4759782460255,-58.6796795173339));
#14557=CARTESIAN_POINT('',(57.7292430539433,30.8286434385108,-55.0902554027376));
#14558=CARTESIAN_POINT('Origin',(64.9558952320212,13.7,-44.5545485712053));
#14559=CARTESIAN_POINT('',(58.6243325886232,23.0493515787074,-53.7853080089821));
#14560=CARTESIAN_POINT('',(58.2854219050907,23.3952763346703,-54.2794045167128));
#14561=CARTESIAN_POINT('Origin',(57.9172779076709,20.8842880692463,-54.8161201539161));
#14562=CARTESIAN_POINT('',(61.5992023060371,23.9784884426844,-49.448257541858));
#14563=CARTESIAN_POINT('Origin',(64.9558952320212,13.7,-44.5545485712053));
#14564=CARTESIAN_POINT('',(59.6674930092731,24.8935519052124,-52.2644886725313));
#14565=CARTESIAN_POINT('Origin',(60.8921476250848,26.1435519521455,-50.479069686792));
#14566=CARTESIAN_POINT('',(58.5026978495301,28.4602569483921,-53.9626388006179));
#14567=CARTESIAN_POINT('Origin',(62.5672237741211,29.4501589579065,-48.0369829788867));
#14568=CARTESIAN_POINT('',(60.178552316221,33.3286434385108,-51.5194173865682));
#14569=CARTESIAN_POINT('',(63.5417858701166,34.9218294731287,-46.6161728610732));
#14570=CARTESIAN_POINT('Origin',(64.9558952320212,13.7,-44.5545485712053));
#14571=CARTESIAN_POINT('',(62.1168022557966,27.3935519534532,-48.6936506793299));
#14572=CARTESIAN_POINT('',(61.921241616557,27.9923758001946,-48.9787577402543));
#14573=CARTESIAN_POINT('Origin',(60.8921476250848,26.1435519521455,-50.479069686792));
#14574=CARTESIAN_POINT('',(64.9558952320212,25.5685761384925,-44.5545485712052));
#14575=CARTESIAN_POINT('Origin',(64.9558952320212,13.7,-44.5545485712052));
#14576=CARTESIAN_POINT('',(63.5417858701166,28.0685761384926,-46.6161728610732));
#14577=CARTESIAN_POINT('Origin',(64.9558952320212,28.0685761384926,-44.5545485712053));
#14578=CARTESIAN_POINT('',(63.5417858701165,32.1859942155176,-46.6161728610733));
#14579=CARTESIAN_POINT('Origin',(71.4785967036382,25.2314657538786,-35.0451286128146));
#14580=CARTESIAN_POINT('',(72.1825474100991,30.8286434385108,-34.0188417396729));
#14581=CARTESIAN_POINT('',(74.6446052492712,26.4759782460255,-30.4294176250766));
#14582=CARTESIAN_POINT('Origin',(64.9558952320212,13.7,-44.5545485712053));
#14583=CARTESIAN_POINT('',(70.2442974689488,24.8935519486313,-36.8446084492069));
#14584=CARTESIAN_POINT('',(70.439967644511,25.4927112052095,-36.5593416957231));
#14585=CARTESIAN_POINT('',(68.3125881580053,23.9784884426844,-39.6608396005525));
#14586=CARTESIAN_POINT('Origin',(69.0196428389576,26.1435519521455,-38.6300274556186));
#14587=CARTESIAN_POINT('',(70.7698579252327,19.6342880692463,-36.0783959965791));
#14588=CARTESIAN_POINT('Origin',(64.9558952320212,13.7,-44.5545485712053));
#14589=CARTESIAN_POINT('',(71.2874578754192,23.0493515787074,-35.3237891334284));
#14590=CARTESIAN_POINT('Origin',(71.9945125563715,20.8842880692463,-34.2929769884944));
#14591=CARTESIAN_POINT('',(73.304942245957,25.1085896684104,-32.3825068714062));
#14592=CARTESIAN_POINT('Origin',(67.3445666899214,29.4501589579066,-41.0721141635238));
#14593=CARTESIAN_POINT('',(69.7332381478215,33.3286434385108,-37.5896797558423));
#14594=CARTESIAN_POINT('',(67.7949882089664,27.3935519556596,-40.4154464620301));
#14595=CARTESIAN_POINT('',(68.9596738174867,30.9599215433773,-38.7174560482258));
#14596=CARTESIAN_POINT('',(66.3700045939259,34.9218294731287,-42.4929242813372));
#14597=CARTESIAN_POINT('Origin',(64.9558952320212,13.7,-44.5545485712053));
#14598=CARTESIAN_POINT('',(66.3700045939259,28.0685761384926,-42.4929242813373));
#14599=CARTESIAN_POINT('',(66.3700045939258,28.7593675349866,-42.4929242813373));
#14600=CARTESIAN_POINT('Origin',(64.9558952320212,28.0685761384926,-44.5545485712053));
#14601=CARTESIAN_POINT('Origin',(64.9558952320212,13.7,-44.5545485712053));
#14602=CARTESIAN_POINT('Origin',(69.0196428389576,26.1435519521455,-38.6300274556186));
#14603=CARTESIAN_POINT('Origin',(62.8942709421533,13.7,-43.1404392093006));
#14604=CARTESIAN_POINT('',(56.1808850901851,13.7,-52.9278571506061));
#14605=CARTESIAN_POINT('Origin',(62.8942709421533,13.7,-43.1404392093006));
#14606=CARTESIAN_POINT('',(56.1808850901851,13.7,-52.9278571506061));
#14607=CARTESIAN_POINT('',(59.1419325388097,7.76571193075373,-53.0307011458314));
#14608=CARTESIAN_POINT('Origin',(64.9558952320212,13.7,-44.5545485712053));
#14609=CARTESIAN_POINT('',(61.5992023060371,3.42151155731564,-49.448257541858));
#14610=CARTESIAN_POINT('Origin',(64.9558952320212,13.7,-44.5545485712052));
#14611=CARTESIAN_POINT('',(64.9558952320212,1.83142386150745,-44.5545485712053));
#14612=CARTESIAN_POINT('Origin',(64.9558952320212,13.7,-44.5545485712052));
#14613=CARTESIAN_POINT('',(68.3125881580053,3.42151155731563,-39.6608396005525));
#14614=CARTESIAN_POINT('Origin',(64.9558952320212,13.7,-44.5545485712053));
#14615=CARTESIAN_POINT('',(70.7698579252327,7.76571193075373,-36.0783959965791));
#14616=CARTESIAN_POINT('Origin',(64.9558952320212,13.7,-44.5545485712053));
#14617=CARTESIAN_POINT('',(71.6692810839894,13.7,-34.7671306298998));
#14618=CARTESIAN_POINT('Origin',(64.9558952320212,13.7,-44.5545485712053));
#14619=CARTESIAN_POINT('Origin',(64.9558952320212,13.7,-44.5545485712052));
#14620=CARTESIAN_POINT('Origin',(73.8648741255661,17.9229256135516,-31.5661844604445));
#14621=CARTESIAN_POINT('',(76.9598903258994,16.2,-27.05397292431));
#14622=CARTESIAN_POINT('',(73.0833904458941,16.2,-32.7055063400318));
#14623=CARTESIAN_POINT('',(75.4123822257327,16.2,-29.3100786923773));
#14624=CARTESIAN_POINT('',(76.0587146111758,22.1458512271033,-28.3677933352087));
#14625=CARTESIAN_POINT('Origin',(64.9558952320212,13.7,-44.5545485712053));
#14626=CARTESIAN_POINT('',(72.7015672738214,18.7192245970381,-33.2621647903508));
#14627=CARTESIAN_POINT('',(73.0402882193781,19.064955688221,-32.7683449008437));
#14628=CARTESIAN_POINT('Origin',(71.9945125563715,20.8842880692463,-34.2929769884944));
#14629=CARTESIAN_POINT('Origin',(73.0833904458941,13.7,-32.7055063400318));
#14630=CARTESIAN_POINT('Origin',(73.864874125566,9.47707438644837,-31.5661844604446));
#14631=CARTESIAN_POINT('',(76.9598903258994,11.2,-27.05397292431));
#14632=CARTESIAN_POINT('',(76.0587146111758,5.25414877289674,-28.3677933352087));
#14633=CARTESIAN_POINT('Origin',(64.9558952320212,13.7,-44.5545485712053));
#14634=CARTESIAN_POINT('',(73.0833904160939,11.2,-32.7055063834773));
#14635=CARTESIAN_POINT('',(73.4741322672837,11.2,-32.135845427131));
#14636=CARTESIAN_POINT('Origin',(73.0833904458941,13.7,-32.7055063400318));
#14637=CARTESIAN_POINT('',(72.7015672210754,8.68077545679961,-33.2621648672491));
#14638=CARTESIAN_POINT('Origin',(71.9945125563715,6.51571193075374,-34.2929769884944));
#14639=CARTESIAN_POINT('',(74.7188618881131,6.62173099668745,-30.3211591731884));
#14640=CARTESIAN_POINT('Origin',(71.4785967036382,2.16853424612147,-35.0451286128146));
#14641=CARTESIAN_POINT('',(74.6446052492712,0.924021753974547,-30.4294176250766));
#14642=CARTESIAN_POINT('',(72.1825474100991,-3.42864343851081,-34.0188417396729));
#14643=CARTESIAN_POINT('Origin',(64.9558952320212,13.7,-44.5545485712053));
#14644=CARTESIAN_POINT('',(71.2874578916677,4.35064840470787,-35.3237891097398));
#14645=CARTESIAN_POINT('',(71.6263685590311,4.00472366524868,-34.8296926255821));
#14646=CARTESIAN_POINT('Origin',(71.9945125563715,6.51571193075374,-34.2929769884944));
#14647=CARTESIAN_POINT('',(70.244297462816,2.50644807014803,-36.844608458148));
#14648=CARTESIAN_POINT('Origin',(69.0196428389576,1.25644804785455,-38.6300274556186));
#14649=CARTESIAN_POINT('',(71.4090926145123,-1.06025694839211,-35.1464583417926));
#14650=CARTESIAN_POINT('Origin',(67.3445666899214,-2.05015895790654,-41.0721141635238));
#14651=CARTESIAN_POINT('',(69.7332381478215,-5.92864343851081,-37.5896797558424));
#14652=CARTESIAN_POINT('',(66.3700045939259,-7.52182947312873,-42.4929242813373));
#14653=CARTESIAN_POINT('Origin',(64.9558952320212,13.7,-44.5545485712053));
#14654=CARTESIAN_POINT('',(67.7949882150993,0.00644802556106439,-40.4154464530891));
#14655=CARTESIAN_POINT('',(67.9905488474854,-0.5923758001946,-40.1303394021562));
#14656=CARTESIAN_POINT('Origin',(69.0196428389576,1.25644804785455,-38.6300274556186));
#14657=CARTESIAN_POINT('',(66.3700045939259,-0.668576138492548,-42.4929242813373));
#14658=CARTESIAN_POINT('Origin',(64.9558952320212,-0.668576138492551,-44.5545485712053));
#14659=CARTESIAN_POINT('',(66.3700045939259,-4.78599421551762,-42.4929242813373));
#14660=CARTESIAN_POINT('Origin',(58.4331937604042,2.16853424612147,-54.0639685295959));
#14661=CARTESIAN_POINT('',(57.7292430539433,-3.42864343851079,-55.0902554027376));
#14662=CARTESIAN_POINT('',(55.2671852147713,0.924021753974544,-58.6796795173339));
#14663=CARTESIAN_POINT('Origin',(64.9558952320212,13.7,-44.5545485712053));
#14664=CARTESIAN_POINT('',(59.667492993946,2.50644804785454,-52.2644886948767));
#14665=CARTESIAN_POINT('',(59.4718228173466,1.90728878810051,-52.5497554498726));
#14666=CARTESIAN_POINT('Origin',(60.8921476250848,1.25644804785453,-50.479069686792));
#14667=CARTESIAN_POINT('',(58.6243326070346,4.35064844008503,-53.7853079821403));
#14668=CARTESIAN_POINT('Origin',(57.9172779076709,6.51571193075372,-54.8161201539161));
#14669=CARTESIAN_POINT('',(56.6068482180854,2.29141033158963,-56.7265902710044));
#14670=CARTESIAN_POINT('Origin',(62.5672237741211,-2.05015895790654,-48.0369829788867));
#14671=CARTESIAN_POINT('',(63.5417858701166,-7.52182947312872,-46.6161728610733));
#14672=CARTESIAN_POINT('',(60.178552316221,-5.92864343851079,-51.5194173865682));
#14673=CARTESIAN_POINT('Origin',(64.9558952320212,13.7,-44.5545485712053));
#14674=CARTESIAN_POINT('',(63.5417858701166,-0.66857613849255,-46.6161728610732));
#14675=CARTESIAN_POINT('',(63.5417858701166,-1.35936753841555,-46.6161728610732));
#14676=CARTESIAN_POINT('Origin',(64.9558952320212,-0.668576138492551,-44.5545485712053));
#14677=CARTESIAN_POINT('',(62.1168022562236,0.00644804785453812,-48.6936506787073));
#14678=CARTESIAN_POINT('Origin',(60.8921476250848,1.25644804785453,-50.479069686792));
#14679=CARTESIAN_POINT('',(60.9521166465557,-3.55992154337727,-50.3916410941848));
#14680=CARTESIAN_POINT('Origin',(56.0469163384764,9.47707438644838,-57.542912681966));
#14681=CARTESIAN_POINT('',(53.8530758528666,5.25414877289674,-60.7413038072018));
#14682=CARTESIAN_POINT('',(52.9519001381431,11.2,-62.0551242181005));
#14683=CARTESIAN_POINT('Origin',(64.9558952320212,13.7,-44.5545485712053));
#14684=CARTESIAN_POINT('',(57.210223226556,8.68077544004886,-55.8469322990871));
#14685=CARTESIAN_POINT('',(56.8715022628553,8.33504433034647,-56.3407522150462));
#14686=CARTESIAN_POINT('Origin',(57.9172779076709,6.51571193075372,-54.8161201539161));
#14687=CARTESIAN_POINT('',(56.8284000181484,11.2,-56.4035908023787));
#14688=CARTESIAN_POINT('Origin',(56.8284000181484,13.7,-56.4035908023787));
#14689=CARTESIAN_POINT('',(54.4994082383097,11.2,-59.7990184500332));
#14690=CARTESIAN_POINT('Origin',(74.8982660360314,16.2,-25.6398635624054));
#14691=CARTESIAN_POINT('',(74.3203650198148,16.2,-33.5539719571746));
#14692=CARTESIAN_POINT('',(71.0217661560261,16.2,-31.2913969781272));
#14693=CARTESIAN_POINT('',(76.1021428158147,16.2,-30.956325351941));
#14694=CARTESIAN_POINT('',(80.2596243398144,16.2,-24.8951499397292));
#14695=CARTESIAN_POINT('',(77.0637371819099,16.2,-29.5544208348308));
#14696=CARTESIAN_POINT('Origin',(76.5829399988623,16.2,-30.2553730933859));
#14697=CARTESIAN_POINT('',(78.1968648998202,16.2,-27.9024385414528));
#14698=CARTESIAN_POINT('',(80.2596243398144,16.2,-24.8951499397292));
#14699=CARTESIAN_POINT('',(74.8982660360314,16.2,-25.6398635624054));
#14700=CARTESIAN_POINT('Origin',(72.5829809594032,26.4759782460255,-29.0153082631721));
#14701=CARTESIAN_POINT('',(72.52443244934,23.0493515787074,-36.1722547505712));
#14702=CARTESIAN_POINT('',(69.2258335855512,23.0493515787074,-33.9096797715238));
#14703=CARTESIAN_POINT('',(74.0674972845749,24.6243515787074,-33.9226268003845));
#14704=CARTESIAN_POINT('',(77.6679819001231,28.2993515787074,-28.6734949166154));
#14705=CARTESIAN_POINT('',(74.9002624337493,25.4743515787074,-32.7085418748869));
#14706=CARTESIAN_POINT('Origin',(74.4838798591621,25.0493515787074,-33.3155843376357));
#14707=CARTESIAN_POINT('',(75.8815798231919,26.4759782460255,-31.2778832422195));
#14708=CARTESIAN_POINT('',(77.6679819001231,28.2993515787074,-28.6734949166154));
#14709=CARTESIAN_POINT('',(72.5829809594032,26.4759782460255,-29.0153082631721));
#14710=CARTESIAN_POINT('Origin',(62.8942709421532,13.7,-43.1404392093006));
#14711=CARTESIAN_POINT('',(77.2956891850966,5.25414877289677,-29.2162589523515));
#14712=CARTESIAN_POINT('',(73.9970903213078,5.25414877289676,-26.9536839733041));
#14713=CARTESIAN_POINT('',(78.1968648998202,11.2,-27.9024385414528));
#14714=CARTESIAN_POINT('Origin',(66.192869805942,13.7,-45.4030141883481));
#14715=CARTESIAN_POINT('',(74.8982660360314,11.2,-25.6398635624054));
#14716=CARTESIAN_POINT('Origin',(71.0217661560261,13.7,-31.2913969781272));
#14717=CARTESIAN_POINT('',(74.3203649829222,11.2,-33.5539720109603));
#14718=CARTESIAN_POINT('',(71.0217661191334,11.2,-31.2913970319129));
#14719=CARTESIAN_POINT('Origin',(74.3203650198148,13.7,-33.5539719571746));
#14720=CARTESIAN_POINT('Origin',(73.9970903213078,5.25414877289676,-26.9536839733041));
#14721=CARTESIAN_POINT('',(73.9385417949962,8.68077545679961,-34.1106304843919));
#14722=CARTESIAN_POINT('',(70.6399429312074,8.68077545679961,-31.8480555053444));
#14723=CARTESIAN_POINT('',(75.4816066464796,7.10577544021483,-31.8610025105165));
#14724=CARTESIAN_POINT('',(79.0820912620278,3.43077544021483,-26.6118706267474));
#14725=CARTESIAN_POINT('',(76.314371795654,6.25577544021483,-30.6469175850189));
#14726=CARTESIAN_POINT('Origin',(75.8979892210668,6.68077544021483,-31.2539600477677));
#14727=CARTESIAN_POINT('',(79.0820912620278,3.43077544021483,-26.6118706267474));
#14728=CARTESIAN_POINT('Origin',(62.8942709421532,13.7,-43.1404392093006));
#14729=CARTESIAN_POINT('',(73.4195219840199,-3.42864343851077,-34.8673073568157));
#14730=CARTESIAN_POINT('',(70.1209231202312,-3.42864343851077,-32.6047323777683));
#14731=CARTESIAN_POINT('',(75.8815798231919,0.924021753974569,-31.2778832422195));
#14732=CARTESIAN_POINT('Origin',(66.192869805942,13.7,-45.4030141883481));
#14733=CARTESIAN_POINT('',(72.5829809594032,0.924021753974568,-29.015308263172));
#14734=CARTESIAN_POINT('Origin',(69.9328882665036,6.51571193075374,-32.8788676265898));
#14735=CARTESIAN_POINT('',(72.52443244934,4.35064842129264,-36.1722547505712));
#14736=CARTESIAN_POINT('',(69.2258335855512,4.35064842129264,-33.9096797715238));
#14737=CARTESIAN_POINT('Origin',(73.2314871302923,6.51571193075374,-35.1414426056372));
#14738=CARTESIAN_POINT('Origin',(70.1209231202312,-3.42864343851077,-32.6047323777683));
#14739=CARTESIAN_POINT('',(71.4812720367368,2.50644807014803,-37.6930740752908));
#14740=CARTESIAN_POINT('',(68.182673172948,2.50644807014803,-35.4304990962434));
#14741=CARTESIAN_POINT('',(72.3721609420172,-0.221531974066437,-36.3942507620598));
#14742=CARTESIAN_POINT('',(74.450901704017,-6.58681869188206,-33.3636630559539));
#14743=CARTESIAN_POINT('',(72.8529581250648,-1.69377516049997,-35.6932985035047));
#14744=CARTESIAN_POINT('Origin',(72.612559533541,-0.957653567283205,-36.0437746327822));
#14745=CARTESIAN_POINT('',(74.450901704017,-6.58681869188206,-33.3636630559539));
#14746=CARTESIAN_POINT('Origin',(62.8942709421532,13.7,-43.1404392093006));
#14747=CARTESIAN_POINT('',(67.6069791678467,-7.5218294731287,-43.3413898984801));
#14748=CARTESIAN_POINT('',(64.3083803040579,-7.5218294731287,-41.0788149194326));
#14749=CARTESIAN_POINT('',(70.9702127217423,-5.92864343851077,-38.4381453729851));
#14750=CARTESIAN_POINT('Origin',(66.192869805942,13.7,-45.4030141883481));
#14751=CARTESIAN_POINT('',(67.6716138579535,-5.92864343851078,-36.1755703939377));
#14752=CARTESIAN_POINT('Origin',(66.9580185490897,1.25644804785455,-37.2159180937139));
#14753=CARTESIAN_POINT('',(69.0319627817396,0.00644804785455033,-41.2639120808461));
#14754=CARTESIAN_POINT('',(65.7333639179508,0.00644804785454922,-39.0013371017986));
#14755=CARTESIAN_POINT('Origin',(70.2566174128784,1.25644804785455,-39.4784930727614));
#14756=CARTESIAN_POINT('Origin',(64.3083803040579,-7.5218294731287,-41.0788149194326));
#14757=CARTESIAN_POINT('',(67.6069791678467,-0.668576138492551,-43.3413898984801));
#14758=CARTESIAN_POINT('',(64.3083803040579,-0.668576138492551,-41.0788149194326));
#14759=CARTESIAN_POINT('',(67.6069791678467,-3.81857613849257,-43.3413898984801));
#14760=CARTESIAN_POINT('',(67.6069791678467,-11.1685761384926,-43.3413898984801));
#14761=CARTESIAN_POINT('',(67.6069791678467,-5.51857613849256,-43.3413898984801));
#14762=CARTESIAN_POINT('Origin',(67.6069791678466,-4.66857613849256,-43.3413898984801));
#14763=CARTESIAN_POINT('',(67.6069791678467,-11.1685761384926,-43.3413898984801));
#14764=CARTESIAN_POINT('Origin',(62.8942709421532,13.7,-43.1404392093006));
#14765=CARTESIAN_POINT('',(61.4155268901417,-5.9286434385108,-52.367883003711));
#14766=CARTESIAN_POINT('',(58.116928026353,-5.9286434385108,-50.1053080246635));
#14767=CARTESIAN_POINT('',(64.7787604440373,-7.52182947312871,-47.464638478216));
#14768=CARTESIAN_POINT('Origin',(66.192869805942,13.7,-45.4030141883481));
#14769=CARTESIAN_POINT('',(61.4801615802486,-7.52182947312871,-45.2020634991686));
#14770=CARTESIAN_POINT('Origin',(62.8942709421532,-0.668576138492551,-43.1404392093006));
#14771=CARTESIAN_POINT('',(64.7787604440373,-0.668576118924564,-47.464638478216));
#14772=CARTESIAN_POINT('',(61.4801615802486,-0.668576118924566,-45.2020634991686));
#14773=CARTESIAN_POINT('Origin',(66.192869805942,-0.668576138492551,-45.4030141883481));
#14774=CARTESIAN_POINT('Origin',(58.116928026353,-5.9286434385108,-50.1053080246635));
#14775=CARTESIAN_POINT('',(63.3537768301444,0.00644804785453257,-49.5421162958501));
#14776=CARTESIAN_POINT('',(60.0551779663557,0.00644804785453283,-47.2795413168026));
#14777=CARTESIAN_POINT('',(62.4628879321445,-2.72153197406647,-50.8409395984669));
#14778=CARTESIAN_POINT('',(60.3841471701446,-9.08681869188208,-53.8715273045728));
#14779=CARTESIAN_POINT('',(61.9820907490969,-4.1937751605,-51.541891857022));
#14780=CARTESIAN_POINT('Origin',(62.2224893406207,-3.45765356728324,-51.1914157277444));
#14781=CARTESIAN_POINT('',(60.3841471701446,-9.08681869188208,-53.8715273045728));
#14782=CARTESIAN_POINT('Origin',(57.6058686997084,2.50644803447445,-50.8503793393425));
#14783=CARTESIAN_POINT('',(58.9662176278641,-3.4286434385108,-55.9387210198804));
#14784=CARTESIAN_POINT('',(55.6676187640753,-3.4286434385108,-53.676146040833));
#14785=CARTESIAN_POINT('',(59.5327814868192,-1.69377516050001,-55.1127298731914));
#14786=CARTESIAN_POINT('',(61.611522248819,4.6715115573156,-52.0821421670855));
#14787=CARTESIAN_POINT('',(60.0135786698668,-0.221531974066469,-54.4117776146363));
#14788=CARTESIAN_POINT('Origin',(59.773180078343,-0.957653567283236,-54.7622537439139));
#14789=CARTESIAN_POINT('',(60.9044675634971,2.50644803447445,-53.1129543183899));
#14790=CARTESIAN_POINT('',(61.611522248819,4.6715115573156,-52.0821421670855));
#14791=CARTESIAN_POINT('',(57.6058686997084,2.50644803447445,-50.8503793393425));
#14792=CARTESIAN_POINT('Origin',(62.8942709421532,13.7,-43.1404392093006));
#14793=CARTESIAN_POINT('',(56.5041597886921,0.924021753974538,-59.5281451344767));
#14794=CARTESIAN_POINT('',(53.2055609249033,0.924021753974537,-57.2655701554292));
#14795=CARTESIAN_POINT('Origin',(66.192869805942,13.7,-45.4030141883481));
#14796=CARTESIAN_POINT('Origin',(53.2055609249033,0.924021753974538,-57.2655701554292));
#14797=CARTESIAN_POINT('',(59.8613071809554,4.35064844008503,-54.6337735992831));
#14798=CARTESIAN_POINT('',(56.5627083171666,4.35064844008503,-52.3711986202356));
#14799=CARTESIAN_POINT('',(58.318242327309,2.7756484212926,-56.8834015763117));
#14800=CARTESIAN_POINT('',(54.7177577117609,-0.899351578707384,-62.1325334600807));
#14801=CARTESIAN_POINT('',(57.4854771781346,1.92564842129261,-58.0974865018093));
#14802=CARTESIAN_POINT('Origin',(57.9018597527218,2.35064842129261,-57.4904440390605));
#14803=CARTESIAN_POINT('',(54.7177577117609,-0.899351578707384,-62.1325334600807));
#14804=CARTESIAN_POINT('Origin',(55.8556536178029,6.51571193075372,-53.4020107920115));
#14805=CARTESIAN_POINT('',(58.4471978006393,8.68077544021481,-56.6953979159929));
#14806=CARTESIAN_POINT('',(55.1485989368506,8.68077544021481,-54.4328229369454));
#14807=CARTESIAN_POINT('Origin',(59.1542524815917,6.51571193075372,-55.6645857710589));
#14808=CARTESIAN_POINT('Origin',(55.1485989368506,8.68077544021481,-54.4328229369454));
#14809=CARTESIAN_POINT('',(55.0900504267874,5.25414877289673,-61.5897694243446));
#14810=CARTESIAN_POINT('',(51.7914515629986,5.25414877289673,-59.3271944452972));
#14811=CARTESIAN_POINT('',(56.07136781623,6.2557754402148,-60.1591107916773));
#14812=CARTESIAN_POINT('',(59.6718524317781,9.93077544021479,-54.9099789079082));
#14813=CARTESIAN_POINT('',(56.9041329654044,7.10577544021479,-58.9450258661796));
#14814=CARTESIAN_POINT('Origin',(56.4877503908172,6.6807754402148,-59.5520683289284));
#14815=CARTESIAN_POINT('',(59.6718524317781,9.93077544021479,-54.9099789079082));
#14816=CARTESIAN_POINT('Origin',(62.8942709421532,13.7,-43.1404392093006));
#14817=CARTESIAN_POINT('',(54.1888747120638,11.2,-62.9035898352433));
#14818=CARTESIAN_POINT('',(50.8902758482751,11.2,-60.6410148561959));
#14819=CARTESIAN_POINT('Origin',(66.192869805942,13.7,-45.4030141883481));
#14820=CARTESIAN_POINT('Origin',(62.8942709421533,13.7,-43.1404392093006));
#14821=CARTESIAN_POINT('',(61.5283461882924,13.0529523872437,-45.131815354989));
#14822=CARTESIAN_POINT('Origin',(62.8942709421532,13.7,-43.1404392093006));
#14823=CARTESIAN_POINT('',(64.3782011317372,13.0529523872437,-47.0865878978821));
#14824=CARTESIAN_POINT('',(61.5283461882924,13.0529523872437,-45.131815354989));
#14825=CARTESIAN_POINT('Origin',(65.744125885598,13.7,-45.0952117521938));
#14826=CARTESIAN_POINT('Origin',(65.744125885598,13.7,-45.0952117521938));
#14827=CARTESIAN_POINT('Origin',(56.1059408631029,19.5500902646762,-60.1087068871928));
#14828=CARTESIAN_POINT('',(55.6895582885157,19.9750902646762,-60.7157493499416));
#14829=CARTESIAN_POINT('',(56.5223234376901,19.1250902646762,-59.501664424444));
#14830=CARTESIAN_POINT('',(60.6049732301892,14.957946230053,-53.5495858893696));
#14831=CARTESIAN_POINT('Origin',(56.1059408631029,19.5500902646762,-60.1087068871928));
#14832=CARTESIAN_POINT('Origin',(57.1948050717695,22.8842880692463,-58.5212561839945));
#14833=CARTESIAN_POINT('',(57.8672867058489,26.6434858738164,-57.5408479435449));
#14834=CARTESIAN_POINT('',(57.4854771781346,25.4743515787074,-58.0974865018093));
#14835=CARTESIAN_POINT('',(56.7784224971823,23.3092880692463,-59.1282986467433));
#14836=CARTESIAN_POINT('',(58.7000518550233,25.7934858738164,-56.3267630180473));
#14837=CARTESIAN_POINT('Origin',(58.2836692804361,26.2184858738164,-56.9338054807961));
#14838=CARTESIAN_POINT('',(58.318242327309,24.6243515787074,-56.8834015763117));
#14839=CARTESIAN_POINT('',(57.6111876463567,22.4592880692463,-57.9142137212457));
#14840=CARTESIAN_POINT('Origin',(57.9018597527218,25.0493515787074,-57.4904440390605));
#14841=CARTESIAN_POINT('Origin',(57.1948050717695,22.8842880692463,-58.5212561839945));
#14842=CARTESIAN_POINT('',(56.07136781623,21.1442245597852,-60.1591107916773));
#14843=CARTESIAN_POINT('',(56.7784224971823,23.3092880692463,-59.1282986467433));
#14844=CARTESIAN_POINT('',(56.9041329654044,20.2942245597852,-58.9450258661796));
#14845=CARTESIAN_POINT('Origin',(56.4877503908172,20.7192245597852,-59.5520683289284));
#14846=CARTESIAN_POINT('',(57.6111876463567,22.4592880692463,-57.9142137212457));
#14847=CARTESIAN_POINT('Origin',(57.8672867058489,26.6434858738164,-57.5408479435449));
#14848=CARTESIAN_POINT('',(62.5745103602287,21.8388418391932,-50.6782057143473));
#14849=CARTESIAN_POINT('Origin',(56.562708298914,23.0493515785453,-52.371198646846));
#14850=CARTESIAN_POINT('',(56.504159788692,26.4759782460254,-59.5281451344767));
#14851=CARTESIAN_POINT('',(53.2055609249033,26.4759782460254,-57.2655701554292));
#14852=CARTESIAN_POINT('',(61.0859617936828,21.7993515787074,-52.8483546180402));
#14853=CARTESIAN_POINT('',(59.8613071627027,23.0493515785453,-54.6337736258935));
#14854=CARTESIAN_POINT('',(61.0859617936828,21.7993515787074,-52.8483546180402));
#14855=CARTESIAN_POINT('',(56.562708298914,23.0493515785453,-52.371198646846));
#14856=CARTESIAN_POINT('Origin',(66.192869805942,13.7,-45.4030141883481));
#14857=CARTESIAN_POINT('',(58.4471978006393,18.7192245597852,-56.6953979159929));
#14858=CARTESIAN_POINT('',(53.3036483498562,23.9692245597852,-64.1941577499487));
#14859=CARTESIAN_POINT('Origin',(59.1542524815917,20.8842880692463,-55.6645857710589));
#14860=CARTESIAN_POINT('',(58.9662176278641,30.8286434385108,-55.9387210198804));
#14861=CARTESIAN_POINT('Origin',(66.192869805942,13.7,-45.4030141883481));
#14862=CARTESIAN_POINT('',(59.5327814868192,29.0937751605,-55.1127298731915));
#14863=CARTESIAN_POINT('',(57.9348379078669,33.9868186918821,-57.4423653207423));
#14864=CARTESIAN_POINT('',(58.8714679860042,28.4187751605,-56.0768561375572));
#14865=CARTESIAN_POINT('',(60.757436117958,30.3437751605,-53.3273108651068));
#14866=CARTESIAN_POINT('',(59.3522651690518,26.9465319740665,-55.3759038790021));
#14867=CARTESIAN_POINT('',(61.7093841257581,19.7288267836416,-51.9394697345391));
#14868=CARTESIAN_POINT('',(60.0135786698668,27.6215319740665,-54.4117776146363));
#14869=CARTESIAN_POINT('',(61.2382333010056,28.8715319740665,-52.6263586065516));
#14870=CARTESIAN_POINT('',(60.9044675831938,24.8935519052124,-53.1129542896742));
#14871=CARTESIAN_POINT('',(57.9348379078669,33.9868186918821,-57.4423653207423));
#14872=CARTESIAN_POINT('',(63.3537768301444,27.3935519521455,-49.5421162958501));
#14873=CARTESIAN_POINT('Origin',(62.1291221990056,26.1435519521455,-51.3275353039348));
#14874=CARTESIAN_POINT('',(62.4628879321444,30.1215319740665,-50.8409395984669));
#14875=CARTESIAN_POINT('',(64.0608315110967,25.2284884426844,-48.5113041509161));
#14876=CARTESIAN_POINT('',(63.1242014329594,30.7965319740665,-49.8768133341012));
#14877=CARTESIAN_POINT('',(61.2382333010056,28.8715319740665,-52.6263586065516));
#14878=CARTESIAN_POINT('',(62.6434042499118,32.2687751605,-50.5777655926563));
#14879=CARTESIAN_POINT('',(65.3611210939038,23.94688758025,-46.6156172542769));
#14880=CARTESIAN_POINT('',(61.9820907490969,31.5937751605,-51.541891857022));
#14881=CARTESIAN_POINT('',(60.757436117958,30.3437751605,-53.3273108651068));
#14882=CARTESIAN_POINT('',(61.4155268901417,33.3286434385108,-52.367883003711));
#14883=CARTESIAN_POINT('',(64.0608315110967,25.2284884426844,-48.5113041509161));
#14884=CARTESIAN_POINT('',(64.7787604440373,34.9218294731287,-47.4646384782161));
#14885=CARTESIAN_POINT('Origin',(66.192869805942,13.7,-45.4030141883481));
#14886=CARTESIAN_POINT('',(64.7787604440373,32.9185761384926,-47.4646384782161));
#14887=CARTESIAN_POINT('',(64.7787604440373,38.5685761384926,-47.4646384782161));
#14888=CARTESIAN_POINT('',(64.0151413886088,32.9185761384926,-48.5779155947448));
#14889=CARTESIAN_POINT('',(66.192869805942,32.9185761384926,-45.4030141883481));
#14890=CARTESIAN_POINT('',(64.0151413886088,31.2185761384926,-48.5779155947448));
#14891=CARTESIAN_POINT('',(64.0151413886088,22.8842880692463,-48.5779155947448));
#14892=CARTESIAN_POINT('',(64.7787604440373,31.2185761384926,-47.4646384782161));
#14893=CARTESIAN_POINT('',(66.192869805942,31.2185761384926,-45.4030141883481));
#14894=CARTESIAN_POINT('',(64.7787604440373,28.0685761384926,-47.4646384782161));
#14895=CARTESIAN_POINT('',(64.7787604440373,38.5685761384926,-47.4646384782161));
#14896=CARTESIAN_POINT('',(67.6069791678466,28.0685761120667,-43.3413898984801));
#14897=CARTESIAN_POINT('Origin',(66.192869805942,28.0685761384926,-45.4030141883481));
#14898=CARTESIAN_POINT('',(67.6069791678466,31.2185761384926,-43.3413898984801));
#14899=CARTESIAN_POINT('',(67.6069791678466,25.5685761384926,-43.3413898984801));
#14900=CARTESIAN_POINT('',(68.3705982232752,31.2185761384926,-42.2281127819514));
#14901=CARTESIAN_POINT('',(66.192869805942,31.2185761384926,-45.4030141883481));
#14902=CARTESIAN_POINT('',(68.3705982232752,32.9185761384926,-42.2281127819514));
#14903=CARTESIAN_POINT('',(68.3705982232752,23.3092880692463,-42.2281127819514));
#14904=CARTESIAN_POINT('',(67.6069791678466,32.9185761384926,-43.3413898984801));
#14905=CARTESIAN_POINT('',(66.192869805942,32.9185761384926,-45.4030141883481));
#14906=CARTESIAN_POINT('',(67.6069791678466,34.9218294731287,-43.3413898984801));
#14907=CARTESIAN_POINT('',(67.6069791678466,25.5685761384926,-43.3413898984801));
#14908=CARTESIAN_POINT('',(70.9702127217422,33.3286434385108,-38.4381453729852));
#14909=CARTESIAN_POINT('Origin',(66.192869805942,13.7,-45.4030141883481));
#14910=CARTESIAN_POINT('',(70.4036488627871,31.5937751605,-39.2641365196741));
#14911=CARTESIAN_POINT('',(72.0015924417393,36.4868186918821,-36.9345010721233));
#14912=CARTESIAN_POINT('',(69.7423353619721,32.2687751605,-40.2282627840399));
#14913=CARTESIAN_POINT('',(71.6283034939259,30.3437751605,-37.4787175115894));
#14914=CARTESIAN_POINT('',(69.2615381789246,30.7965319740665,-40.929215042595));
#14915=CARTESIAN_POINT('',(66.9044192222183,23.5788267836416,-44.365649187058));
#14916=CARTESIAN_POINT('',(69.9228516797395,30.1215319740665,-39.9650887782293));
#14917=CARTESIAN_POINT('',(71.1475063108784,28.8715319740665,-38.1796697701445));
#14918=CARTESIAN_POINT('',(69.0319627828872,27.3935519556596,-41.2639120791729));
#14919=CARTESIAN_POINT('',(72.0015924417393,36.4868186918821,-36.9345010721233));
#14920=CARTESIAN_POINT('',(71.4812720440172,24.8935519521455,-37.6930740646767));
#14921=CARTESIAN_POINT('Origin',(70.2566174128784,26.1435519521455,-39.4784930727614));
#14922=CARTESIAN_POINT('',(72.3721609420172,27.6215319740665,-36.3942507620598));
#14923=CARTESIAN_POINT('',(70.7742173630649,22.7284884426844,-38.7238862096106));
#14924=CARTESIAN_POINT('',(73.0334744428322,26.9465319740665,-35.4301244976941));
#14925=CARTESIAN_POINT('',(71.1475063108784,28.8715319740665,-38.1796697701445));
#14926=CARTESIAN_POINT('',(73.5142716258797,28.4187751605,-34.729172239139));
#14927=CARTESIAN_POINT('',(70.7965547818878,20.09688758025,-38.6913205775183));
#14928=CARTESIAN_POINT('',(72.8529581250648,29.0937751605,-35.6932985035047));
#14929=CARTESIAN_POINT('',(71.6283034939259,30.3437751605,-37.4787175115894));
#14930=CARTESIAN_POINT('',(73.4195219840199,30.8286434385108,-34.8673073568157));
#14931=CARTESIAN_POINT('',(70.7742173630649,22.7284884426844,-38.7238862096106));
#14932=CARTESIAN_POINT('Origin',(66.192869805942,13.7,-45.4030141883481));
#14933=CARTESIAN_POINT('',(74.5184529060351,26.6434858738164,-33.2651804331512));
#14934=CARTESIAN_POINT('',(75.6073171147017,23.3092880692463,-31.6777297299529));
#14935=CARTESIAN_POINT('',(73.6856877568607,25.7934858738164,-34.4792653586488));
#14936=CARTESIAN_POINT('',(69.6030379643616,21.6263418391932,-40.4313438937232));
#14937=CARTESIAN_POINT('',(74.7745519655273,22.4592880692463,-32.8918146554505));
#14938=CARTESIAN_POINT('',(73.9385418476266,18.7192245969201,-34.1106304076621));
#14939=CARTESIAN_POINT('Origin',(73.2314871302923,20.8842880692463,-35.1414426056372));
#14940=CARTESIAN_POINT('',(75.4816066464796,20.2942245597852,-31.8610025105165));
#14941=CARTESIAN_POINT('',(72.7138871801058,17.4692245597852,-35.8960494687879));
#14942=CARTESIAN_POINT('',(75.8634161741938,19.1250902646762,-31.3043639522521));
#14943=CARTESIAN_POINT('',(74.7745519655273,22.4592880692463,-32.8918146554505));
#14944=CARTESIAN_POINT('',(76.6961813233682,19.9750902646762,-30.0902790267545));
#14945=CARTESIAN_POINT('',(71.9889576689884,15.170446230053,-36.9529212559521));
#14946=CARTESIAN_POINT('',(76.314371795654,21.1442245597852,-30.6469175850189));
#14947=CARTESIAN_POINT('',(75.6073171147017,23.3092880692463,-31.6777297299529));
#14948=CARTESIAN_POINT('',(77.2956891850966,22.1458512271033,-29.2162589523515));
#14949=CARTESIAN_POINT('',(72.7138871801058,17.4692245597852,-35.8960494687879));
#14950=CARTESIAN_POINT('Origin',(66.192869805942,13.7,-45.4030141883481));
#14951=CARTESIAN_POINT('',(77.0637371819099,17.55,-29.5544208348308));
#14952=CARTESIAN_POINT('',(77.0637371819099,13.7,-29.5544208348308));
#14953=CARTESIAN_POINT('',(76.1021428158147,17.55,-30.956325351941));
#14954=CARTESIAN_POINT('',(71.3879049024021,17.55,-37.829193640867));
#14955=CARTESIAN_POINT('',(76.1021428158147,13.7,-30.956325351941));
#14956=CARTESIAN_POINT('',(76.1021428158147,11.2,-30.956325351941));
#14957=CARTESIAN_POINT('',(72.9062556579102,11.2,-35.6155962470426));
#14958=CARTESIAN_POINT('',(76.1021428158147,9.85000000000001,-30.956325351941));
#14959=CARTESIAN_POINT('',(76.1021428158147,13.7,-30.956325351941));
#14960=CARTESIAN_POINT('',(77.0637371819099,9.85000000000001,-29.5544208348308));
#14961=CARTESIAN_POINT('',(71.6283034939259,9.85000000000001,-37.4787175115894));
#14962=CARTESIAN_POINT('',(77.0637371819099,11.2,-29.5544208348308));
#14963=CARTESIAN_POINT('',(77.0637371819099,13.7,-29.5544208348308));
#14964=CARTESIAN_POINT('',(72.9062556579102,11.2,-35.6155962470426));
#14965=CARTESIAN_POINT('',(76.6961813233682,7.42490973532381,-30.0902790267545));
#14966=CARTESIAN_POINT('',(75.6073171147017,4.09071193075372,-31.6777297299529));
#14967=CARTESIAN_POINT('',(75.8634161741938,8.27490973532382,-31.3043639522521));
#14968=CARTESIAN_POINT('',(71.7807663816948,12.442053769947,-37.2564424873265));
#14969=CARTESIAN_POINT('',(74.7745519655273,4.94071193075372,-32.8918146554505));
#14970=CARTESIAN_POINT('',(74.067497284575,2.77564842129263,-33.9226268003845));
#14971=CARTESIAN_POINT('',(71.2997778182012,5.60064842129262,-37.9576737586559));
#14972=CARTESIAN_POINT('',(73.6856877568607,1.60651412618363,-34.4792653586488));
#14973=CARTESIAN_POINT('',(74.7745519655273,4.94071193075372,-32.8918146554505));
#14974=CARTESIAN_POINT('',(74.5184529060351,0.756514126183636,-33.2651804331512));
#14975=CARTESIAN_POINT('',(69.8112292516552,5.56115816080678,-40.1278226623488));
#14976=CARTESIAN_POINT('',(74.9002624337493,1.92564842129264,-32.7085418748869));
#14977=CARTESIAN_POINT('',(75.6073171147017,4.09071193075372,-31.6777297299529));
#14978=CARTESIAN_POINT('',(71.2997778182012,5.60064842129262,-37.9576737586559));
#14979=CARTESIAN_POINT('',(73.5142716258797,-1.01877516049999,-34.729172239139));
#14980=CARTESIAN_POINT('',(71.6283034939259,-2.94377516049999,-37.4787175115894));
#14981=CARTESIAN_POINT('',(73.0334744428322,0.453468025933553,-35.4301244976941));
#14982=CARTESIAN_POINT('',(70.6763554861259,7.6711732163584,-38.8665586421571));
#14983=CARTESIAN_POINT('',(71.1475063108784,-1.47153197406645,-38.1796697701445));
#14984=CARTESIAN_POINT('',(69.9228516797395,-2.72153197406644,-39.9650887782292));
#14985=CARTESIAN_POINT('',(68.3249081007873,2.17151155731561,-42.29472422578));
#14986=CARTESIAN_POINT('',(69.2615381789246,-3.39653197406646,-40.929215042595));
#14987=CARTESIAN_POINT('',(71.1475063108784,-1.47153197406645,-38.1796697701445));
#14988=CARTESIAN_POINT('',(69.7423353619721,-4.86877516049999,-40.2282627840399));
#14989=CARTESIAN_POINT('',(67.0246185179802,3.45311241975,-44.1904111224192));
#14990=CARTESIAN_POINT('',(70.4036488627871,-4.19377516049998,-39.2641365196741));
#14991=CARTESIAN_POINT('',(71.6283034939259,-2.94377516049999,-37.4787175115894));
#14992=CARTESIAN_POINT('',(68.3249081007873,2.17151155731561,-42.29472422578));
#14993=CARTESIAN_POINT('',(68.3705982232752,-5.51857613849256,-42.2281127819514));
#14994=CARTESIAN_POINT('',(66.192869805942,-5.51857613849256,-45.4030141883481));
#14995=CARTESIAN_POINT('',(68.3705982232752,-3.81857613849257,-42.2281127819514));
#14996=CARTESIAN_POINT('',(68.3705982232752,4.51571193075372,-42.2281127819514));
#14997=CARTESIAN_POINT('',(66.192869805942,-3.81857613849257,-45.4030141883481));
#14998=CARTESIAN_POINT('',(64.7787604440373,-3.81857613849257,-47.464638478216));
#14999=CARTESIAN_POINT('',(64.7787604440373,1.83142386150741,-47.464638478216));
#15000=CARTESIAN_POINT('',(64.0151413886088,-3.81857613849257,-48.5779155947447));
#15001=CARTESIAN_POINT('',(66.192869805942,-3.81857613849257,-45.4030141883481));
#15002=CARTESIAN_POINT('',(64.0151413886088,-5.51857613849256,-48.5779155947447));
#15003=CARTESIAN_POINT('',(64.0151413886088,4.09071193075372,-48.5779155947447));
#15004=CARTESIAN_POINT('',(64.7787604440373,-5.51857613849256,-47.464638478216));
#15005=CARTESIAN_POINT('',(66.192869805942,-5.51857613849256,-45.4030141883481));
#15006=CARTESIAN_POINT('',(64.7787604440373,1.83142386150741,-47.464638478216));
#15007=CARTESIAN_POINT('',(62.6434042499118,-4.8687751605,-50.5777655926562));
#15008=CARTESIAN_POINT('',(60.7574361179581,-2.9437751605,-53.3273108651067));
#15009=CARTESIAN_POINT('',(63.1242014329594,-3.39653197406647,-49.8768133341012));
#15010=CARTESIAN_POINT('',(65.4813203896657,3.82117321635838,-46.4403791896382));
#15011=CARTESIAN_POINT('',(61.2382333010056,-1.47153197406646,-52.6263586065516));
#15012=CARTESIAN_POINT('Origin',(62.1291221990056,1.25644804785453,-51.3275353039348));
#15013=CARTESIAN_POINT('',(59.3522651690518,0.453468025933532,-55.3759038790021));
#15014=CARTESIAN_POINT('',(61.2382333010056,-1.47153197406646,-52.6263586065516));
#15015=CARTESIAN_POINT('',(58.8714679860042,-1.0187751605,-56.0768561375572));
#15016=CARTESIAN_POINT('',(61.5891848299962,7.30311241975,-52.1147077991779));
#15017=CARTESIAN_POINT('',(60.7574361179581,-2.9437751605,-53.3273108651067));
#15018=CARTESIAN_POINT('',(57.8672867058489,0.756514126183618,-57.5408479435449));
#15019=CARTESIAN_POINT('',(56.7784224971823,4.09071193075371,-59.1282986467433));
#15020=CARTESIAN_POINT('',(58.7000518550233,1.60651412618362,-56.3267630180473));
#15021=CARTESIAN_POINT('',(62.7827016475223,5.77365816080676,-50.3746844829729));
#15022=CARTESIAN_POINT('',(57.6111876463567,4.9407119307537,-57.9142137212457));
#15023=CARTESIAN_POINT('',(56.5223234376901,8.27490973532379,-59.501664424444));
#15024=CARTESIAN_POINT('',(57.6111876463567,4.9407119307537,-57.9142137212457));
#15025=CARTESIAN_POINT('',(55.6895582885157,7.4249097353238,-60.7157493499416));
#15026=CARTESIAN_POINT('',(60.3967819428956,12.2295537699469,-53.853107120744));
#15027=CARTESIAN_POINT('',(56.7784224971823,4.09071193075371,-59.1282986467433));
#15028=CARTESIAN_POINT('',(55.3220024299741,11.2,-61.2516075418654));
#15029=CARTESIAN_POINT('',(52.1261152720696,11.2,-65.910878436967));
#15030=CARTESIAN_POINT('',(55.3220024299741,9.84999999999999,-61.2516075418654));
#15031=CARTESIAN_POINT('',(55.3220024299741,13.7,-61.2516075418654));
#15032=CARTESIAN_POINT('',(56.2835967960692,9.84999999999999,-59.8497030247552));
#15033=CARTESIAN_POINT('',(60.9978347094818,9.84999999999999,-52.9768347358292));
#15034=CARTESIAN_POINT('',(56.2835967960693,11.2,-59.8497030247552));
#15035=CARTESIAN_POINT('',(56.2835967960692,13.7,-59.8497030247552));
#15036=CARTESIAN_POINT('',(58.0653745920691,11.2,-57.2520564195215));
#15037=CARTESIAN_POINT('',(52.1261152720696,11.2,-65.910878436967));
#15038=CARTESIAN_POINT('',(58.0653745920691,16.2,-57.2520564195215));
#15039=CARTESIAN_POINT('Origin',(58.0653745920691,13.7,-57.2520564195215));
#15040=CARTESIAN_POINT('',(56.2835967960692,16.2,-59.8497030247552));
#15041=CARTESIAN_POINT('',(59.4794839539738,16.2,-55.1904321296536));
#15042=CARTESIAN_POINT('',(56.2835967960693,17.55,-59.8497030247552));
#15043=CARTESIAN_POINT('',(56.2835967960692,13.7,-59.8497030247552));
#15044=CARTESIAN_POINT('',(55.3220024299741,17.55,-61.2516075418654));
#15045=CARTESIAN_POINT('',(60.757436117958,17.55,-53.3273108651067));
#15046=CARTESIAN_POINT('',(55.3220024299741,16.2,-61.2516075418654));
#15047=CARTESIAN_POINT('',(55.3220024299741,13.7,-61.2516075418654));
#15048=CARTESIAN_POINT('',(54.1888747120638,16.2,-62.9035898352433));
#15049=CARTESIAN_POINT('',(59.4794839539738,16.2,-55.1904321296536));
#15050=CARTESIAN_POINT('',(55.0900504267874,22.1458512271032,-61.5897694243446));
#15051=CARTESIAN_POINT('Origin',(66.192869805942,13.7,-45.4030141883481));
#15052=CARTESIAN_POINT('',(53.3036483498562,23.9692245597852,-64.1941577499487));
#15053=CARTESIAN_POINT('Origin',(59.111866577528,27.6826535672832,-55.7263800082797));
#15054=CARTESIAN_POINT('Origin',(59.111866577528,27.6826535672832,-55.7263800082796));
#15055=CARTESIAN_POINT('Origin',(60.9978347094818,29.6076535672832,-52.9768347358292));
#15056=CARTESIAN_POINT('Origin',(62.8838028414356,31.5326535672832,-50.2272894633787));
#15057=CARTESIAN_POINT('Origin',(62.2224893406206,30.8576535672832,-51.1914157277445));
#15058=CARTESIAN_POINT('Origin',(60.9978347094818,29.6076535672832,-52.9768347358292));
#15059=CARTESIAN_POINT('Origin',(59.773180078343,28.3576535672832,-54.7622537439139));
#15060=CARTESIAN_POINT('Origin',(62.6434042499118,32.2687751605,-50.5777655926563));
#15061=CARTESIAN_POINT('Origin',(60.0551779663556,27.3935519521455,-47.2795413168026));
#15062=CARTESIAN_POINT('',(58.116928026353,33.3286434385108,-50.1053080246636));
#15063=CARTESIAN_POINT('',(60.0551779663556,27.3935519521455,-47.2795413168026));
#15064=CARTESIAN_POINT('Origin',(55.8027996130217,9.84999999999999,-60.5506552833103));
#15065=CARTESIAN_POINT('Origin',(55.8027996130217,9.84999999999999,-60.5506552833103));
#15066=CARTESIAN_POINT('Origin',(55.8027996130217,13.7,-60.5506552833103));
#15067=CARTESIAN_POINT('Origin',(55.8027996130217,17.55,-60.5506552833103));
#15068=CARTESIAN_POINT('Origin',(55.8027996130217,16.2,-60.5506552833103));
#15069=CARTESIAN_POINT('Origin',(55.8027996130217,13.7,-60.5506552833103));
#15070=CARTESIAN_POINT('Origin',(55.8027996130217,11.2,-60.5506552833103));
#15071=CARTESIAN_POINT('Origin',(55.3220024299741,17.55,-61.2516075418654));
#15072=CARTESIAN_POINT('Origin',(54.7667757282804,16.2,-54.9894814404741));
#15073=CARTESIAN_POINT('',(50.8902758482751,16.2,-60.6410148561959));
#15074=CARTESIAN_POINT('',(54.7667757282804,16.2,-54.9894814404741));
#15075=CARTESIAN_POINT('Origin',(76.5829399988623,17.55,-30.2553730933859));
#15076=CARTESIAN_POINT('Origin',(76.5829399988623,17.55,-30.2553730933859));
#15077=CARTESIAN_POINT('Origin',(76.5829399988623,13.7,-30.2553730933859));
#15078=CARTESIAN_POINT('Origin',(76.5829399988623,9.85000000000001,-30.2553730933859));
#15079=CARTESIAN_POINT('Origin',(76.5829399988623,11.2,-30.2553730933859));
#15080=CARTESIAN_POINT('Origin',(76.5829399988623,13.7,-30.2553730933859));
#15081=CARTESIAN_POINT('Origin',(77.0637371819099,9.85000000000001,-29.5544208348308));
#15082=CARTESIAN_POINT('Origin',(71.0217661191334,11.2,-31.2913970319129));
#15083=CARTESIAN_POINT('Origin',(68.3705982232752,-4.66857613849256,-42.2281127819514));
#15084=CARTESIAN_POINT('Origin',(68.3705982232752,-4.66857613849256,-42.2281127819514));
#15085=CARTESIAN_POINT('Origin',(66.192869805942,-4.66857613849256,-45.4030141883481));
#15086=CARTESIAN_POINT('Origin',(64.0151413886088,-4.66857613849256,-48.5779155947447));
#15087=CARTESIAN_POINT('Origin',(64.7787604440373,-4.66857613849256,-47.464638478216));
#15088=CARTESIAN_POINT('Origin',(66.192869805942,-4.66857613849256,-45.4030141883481));
#15089=CARTESIAN_POINT('Origin',(64.0151413886088,-5.51857613849256,-48.5779155947447));
#15090=CARTESIAN_POINT('Origin',(61.4801615802486,-0.668576118924566,-45.2020634991686));
#15091=CARTESIAN_POINT('Origin',(73.2738730343559,-0.282653567283213,-35.0796483684165));
#15092=CARTESIAN_POINT('Origin',(73.2738730343559,-0.282653567283218,-35.0796483684165));
#15093=CARTESIAN_POINT('Origin',(71.3879049024021,-2.20765356728322,-37.829193640867));
#15094=CARTESIAN_POINT('Origin',(69.5019367704483,-4.13265356728323,-40.5787389133174));
#15095=CARTESIAN_POINT('Origin',(70.1632502712633,-3.45765356728321,-39.6146126489517));
#15096=CARTESIAN_POINT('Origin',(71.3879049024021,-2.20765356728322,-37.829193640867));
#15097=CARTESIAN_POINT('Origin',(69.7423353619721,-4.86877516049999,-40.2282627840399));
#15098=CARTESIAN_POINT('Origin',(65.7333639179508,0.00644804785454894,-39.0013371017986));
#15099=CARTESIAN_POINT('Origin',(58.2836692804361,1.18151412618361,-56.9338054807961));
#15100=CARTESIAN_POINT('Origin',(58.2836692804361,1.18151412618362,-56.9338054807961));
#15101=CARTESIAN_POINT('Origin',(57.1948050717695,4.51571193075371,-58.5212561839945));
#15102=CARTESIAN_POINT('Origin',(56.1059408631029,7.8499097353238,-60.1087068871928));
#15103=CARTESIAN_POINT('Origin',(57.1948050717695,4.51571193075371,-58.5212561839945));
#15104=CARTESIAN_POINT('Origin',(55.6895582885157,7.4249097353238,-60.7157493499416));
#15105=CARTESIAN_POINT('Origin',(76.279798748781,7.84990973532383,-30.6973214895033));
#15106=CARTESIAN_POINT('Origin',(76.279798748781,7.84990973532382,-30.6973214895033));
#15107=CARTESIAN_POINT('Origin',(75.1909345401145,4.51571193075372,-32.2847721927017));
#15108=CARTESIAN_POINT('Origin',(74.1020703314479,1.18151412618363,-33.8722228959));
#15109=CARTESIAN_POINT('Origin',(74.4838798591621,2.35064842129263,-33.3155843376357));
#15110=CARTESIAN_POINT('Origin',(75.1909345401145,4.51571193075372,-32.2847721927017));
#15111=CARTESIAN_POINT('Origin',(74.5184529060351,0.756514126183636,-33.2651804331512));
#15112=CARTESIAN_POINT('Origin',(69.2258335855513,4.35064842129264,-33.9096797715238));
#15113=CARTESIAN_POINT('Origin',(62.8838028414356,-4.13265356728323,-50.2272894633787));
#15114=CARTESIAN_POINT('Origin',(62.8838028414356,-4.13265356728323,-50.2272894633787));
#15115=CARTESIAN_POINT('Origin',(60.9978347094818,-2.20765356728323,-52.9768347358292));
#15116=CARTESIAN_POINT('Origin',(59.111866577528,-0.282653567283235,-55.7263800082796));
#15117=CARTESIAN_POINT('Origin',(60.9978347094818,-2.20765356728323,-52.9768347358292));
#15118=CARTESIAN_POINT('Origin',(58.8714679860042,-1.0187751605,-56.0768561375572));
#15119=CARTESIAN_POINT('Origin',(74.1020703314479,26.2184858738164,-33.8722228959));
#15120=CARTESIAN_POINT('Origin',(74.1020703314479,26.2184858738164,-33.8722228959));
#15121=CARTESIAN_POINT('Origin',(75.1909345401145,22.8842880692463,-32.2847721927017));
#15122=CARTESIAN_POINT('Origin',(76.279798748781,19.5500902646762,-30.6973214895033));
#15123=CARTESIAN_POINT('Origin',(75.8979892210668,20.7192245597852,-31.2539600477677));
#15124=CARTESIAN_POINT('Origin',(75.1909345401145,22.8842880692463,-32.2847721927017));
#15125=CARTESIAN_POINT('Origin',(76.6961813233682,19.9750902646762,-30.0902790267545));
#15126=CARTESIAN_POINT('Origin',(70.6399429838379,18.7192245969201,-31.8480554286147));
#15127=CARTESIAN_POINT('',(73.9970903213078,22.1458512271033,-26.9536839733041));
#15128=CARTESIAN_POINT('',(70.6399429838379,18.7192245969201,-31.8480554286147));
#15129=CARTESIAN_POINT('Origin',(69.5019367704483,31.5326535672832,-40.5787389133174));
#15130=CARTESIAN_POINT('Origin',(69.5019367704483,31.5326535672832,-40.5787389133174));
#15131=CARTESIAN_POINT('Origin',(71.3879049024021,29.6076535672832,-37.829193640867));
#15132=CARTESIAN_POINT('Origin',(73.2738730343559,27.6826535672832,-35.0796483684165));
#15133=CARTESIAN_POINT('Origin',(72.612559533541,28.3576535672832,-36.0437746327823));
#15134=CARTESIAN_POINT('Origin',(71.3879049024021,29.6076535672832,-37.829193640867));
#15135=CARTESIAN_POINT('Origin',(70.1632502712633,30.8576535672832,-39.6146126489517));
#15136=CARTESIAN_POINT('Origin',(73.5142716258797,28.4187751605,-34.729172239139));
#15137=CARTESIAN_POINT('Origin',(68.1826731802285,24.8935519521455,-35.4304990856292));
#15138=CARTESIAN_POINT('',(70.1209231202312,30.8286434385108,-32.6047323777683));
#15139=CARTESIAN_POINT('',(68.1826731802285,24.8935519521455,-35.4304990856292));
#15140=CARTESIAN_POINT('Origin',(68.3705982232752,32.9185761384926,-42.2281127819514));
#15141=CARTESIAN_POINT('Origin',(68.3705982232752,32.0685761384926,-42.2281127819514));
#15142=CARTESIAN_POINT('Origin',(64.0151413886088,32.0685761384926,-48.5779155947448));
#15143=CARTESIAN_POINT('Origin',(64.0151413886088,32.0685761384926,-48.5779155947448));
#15144=CARTESIAN_POINT('Origin',(66.192869805942,32.0685761384926,-45.4030141883481));
#15145=CARTESIAN_POINT('Origin',(64.7787604440373,32.0685761384926,-47.4646384782161));
#15146=CARTESIAN_POINT('Origin',(66.192869805942,32.0685761384926,-45.4030141883481));
#15147=CARTESIAN_POINT('Origin',(67.6069791678466,32.0685761384926,-43.3413898984801));
#15148=CARTESIAN_POINT('Origin',(58.8305233352168,26.1435519521455,-49.0649603248874));
#15149=CARTESIAN_POINT('',(57.6058687194051,24.8935519052124,-50.8503793106267));
#15150=CARTESIAN_POINT('Origin',(55.6676187640753,30.8286434385108,-53.676146040833));
#15151=CARTESIAN_POINT('',(55.6676187640753,30.8286434385108,-53.676146040833));
#15152=CARTESIAN_POINT('Origin',(62.8942709421532,13.7,-43.1404392093006));
#15153=CARTESIAN_POINT('Origin',(55.8556536178029,20.8842880692463,-53.4020107920115));
#15154=CARTESIAN_POINT('',(55.1485989368506,18.7192245597852,-54.4328229369454));
#15155=CARTESIAN_POINT('Origin',(51.7914515629986,22.1458512271032,-59.3271944452972));
#15156=CARTESIAN_POINT('',(51.7914515629986,22.1458512271032,-59.3271944452972));
#15157=CARTESIAN_POINT('Origin',(62.8942709421532,13.7,-43.1404392093006));
#15158=CARTESIAN_POINT('Origin',(54.7667757282804,13.7,-54.9894814404741));
#15159=CARTESIAN_POINT('',(54.7667757282804,11.2,-54.9894814404741));
#15160=CARTESIAN_POINT('Origin',(50.8902758482751,11.2,-60.6410148561959));
#15161=CARTESIAN_POINT('Origin',(58.8305233352168,1.25644804785453,-49.0649603248873));
#15162=CARTESIAN_POINT('Origin',(62.8942709421532,13.7,-43.1404392093006));
#15163=CARTESIAN_POINT('Origin',(69.9328882665036,20.8842880692463,-32.8788676265898));
#15164=CARTESIAN_POINT('Origin',(62.8942709421532,13.7,-43.1404392093006));
#15165=CARTESIAN_POINT('Origin',(66.9580185490897,26.1435519521455,-37.2159180937139));
#15166=CARTESIAN_POINT('',(65.7333639190985,27.3935519556596,-39.0013371001255));
#15167=CARTESIAN_POINT('Origin',(67.6716138579535,33.3286434385108,-36.1755703939377));
#15168=CARTESIAN_POINT('',(67.6716138579535,33.3286434385108,-36.1755703939377));
#15169=CARTESIAN_POINT('Origin',(62.8942709421532,13.7,-43.1404392093006));
#15170=CARTESIAN_POINT('',(64.3083803040579,34.9218294731287,-41.0788149194327));
#15171=CARTESIAN_POINT('Origin',(64.3083803040579,28.0685761120667,-41.0788149194327));
#15172=CARTESIAN_POINT('',(64.3083803040579,28.0685761120667,-41.0788149194327));
#15173=CARTESIAN_POINT('Origin',(62.8942709421532,28.0685761384926,-43.1404392093006));
#15174=CARTESIAN_POINT('',(61.4801615802486,28.0685761384926,-45.2020634991686));
#15175=CARTESIAN_POINT('Origin',(61.4801615802486,34.9218294731287,-45.2020634991686));
#15176=CARTESIAN_POINT('',(61.4801615802486,34.9218294731287,-45.2020634991686));
#15177=CARTESIAN_POINT('Origin',(62.8942709421532,13.7,-43.1404392093006));
#15178=CARTESIAN_POINT('Origin',(62.8942709421532,13.7,-43.1404392093006));
#15179=CARTESIAN_POINT('Origin',(66.3808459066381,16.875,-52.2005534479307));
#15180=CARTESIAN_POINT('',(67.2293115237809,16.875,-50.9635788740099));
#15181=CARTESIAN_POINT('Origin',(66.3808459066381,16.875,-52.2005534479307));
#15182=CARTESIAN_POINT('',(63.9307126599921,16.875,-48.7010038949625));
#15183=CARTESIAN_POINT('',(67.2293115237809,16.875,-50.9635788740099));
#15184=CARTESIAN_POINT('Origin',(63.0822470428493,16.875,-49.9379784688833));
#15185=CARTESIAN_POINT('Origin',(67.6955497801118,8.20073868596882,-50.2838520155278));
#15186=CARTESIAN_POINT('',(68.5440153972546,8.20073868596882,-49.0468774416071));
#15187=CARTESIAN_POINT('Origin',(67.6955497801118,8.20073868596882,-50.2838520155278));
#15188=CARTESIAN_POINT('',(65.2454165334659,8.20073868596882,-46.7843024625596));
#15189=CARTESIAN_POINT('',(68.5440153972546,8.20073868596882,-49.0468774416071));
#15190=CARTESIAN_POINT('Origin',(64.3969509163231,8.20073868596882,-48.0212770364804));
#15191=CARTESIAN_POINT('Origin',(71.2873875593497,19.1992613140312,-45.0473263192632));
#15192=CARTESIAN_POINT('',(72.1358531764924,19.1992613140312,-43.8103517453424));
#15193=CARTESIAN_POINT('Origin',(71.2873875593497,19.1992613140312,-45.0473263192632));
#15194=CARTESIAN_POINT('',(68.8372543127037,19.1992613140312,-41.547776766295));
#15195=CARTESIAN_POINT('',(72.1358531764924,19.1992613140312,-43.8103517453424));
#15196=CARTESIAN_POINT('Origin',(67.9887886955609,19.1992613140312,-42.7847513402157));
#15197=CARTESIAN_POINT('Origin',(72.6020914328234,10.525,-43.1306248868603));
#15198=CARTESIAN_POINT('',(73.4505570499662,10.525,-41.8936503129396));
#15199=CARTESIAN_POINT('Origin',(72.6020914328234,10.525,-43.1306248868603));
#15200=CARTESIAN_POINT('',(70.1519581861774,10.525,-39.6310753338921));
#15201=CARTESIAN_POINT('',(73.4505570499662,10.525,-41.8936503129396));
#15202=CARTESIAN_POINT('Origin',(69.3034925690346,10.525,-40.8680499078129));
#15203=CARTESIAN_POINT('Origin',(62.6434042499118,32.2687751605,-50.5777655926563));
#15204=CARTESIAN_POINT('',(62.6434042499118,32.2687751605,-50.5777655926563));
#15205=CARTESIAN_POINT('',(63.1242014329594,30.7965319740665,-49.8768133341012));
#15206=CARTESIAN_POINT('',(65.3611210939038,23.94688758025,-46.6156172542769));
#15207=CARTESIAN_POINT('Origin',(62.8838028414356,31.5326535672832,-50.2272894633787));
#15208=CARTESIAN_POINT('Origin',(60.9978347094818,29.6076535672832,-52.9768347358292));
#15209=CARTESIAN_POINT('',(58.8714679860042,28.4187751605,-56.0768561375572));
#15210=CARTESIAN_POINT('',(59.5327814868192,29.0937751605,-55.1127298731915));
#15211=CARTESIAN_POINT('',(60.757436117958,30.3437751605,-53.3273108651068));
#15212=CARTESIAN_POINT('',(59.3522651690518,26.9465319740665,-55.3759038790021));
#15213=CARTESIAN_POINT('Origin',(59.111866577528,27.6826535672832,-55.7263800082796));
#15214=CARTESIAN_POINT('',(60.0135786698668,27.6215319740665,-54.4117776146363));
#15215=CARTESIAN_POINT('',(61.2382333010056,28.8715319740665,-52.6263586065516));
#15216=CARTESIAN_POINT('Origin',(59.773180078343,28.3576535672832,-54.7622537439139));
#15217=CARTESIAN_POINT('Origin',(60.9978347094818,29.6076535672832,-52.9768347358292));
#15218=CARTESIAN_POINT('',(61.9820907490969,31.5937751605,-51.541891857022));
#15219=CARTESIAN_POINT('',(60.757436117958,30.3437751605,-53.3273108651068));
#15220=CARTESIAN_POINT('',(62.4628879321444,30.1215319740665,-50.8409395984669));
#15221=CARTESIAN_POINT('Origin',(62.2224893406207,30.8576535672832,-51.1914157277445));
#15222=CARTESIAN_POINT('',(61.2382333010056,28.8715319740665,-52.6263586065516));
#15223=CARTESIAN_POINT('Origin',(59.111866577528,27.6826535672832,-55.7263800082797));
#15224=CARTESIAN_POINT('',(61.7093841257581,19.7288267836416,-51.9394697345391));
#15225=CARTESIAN_POINT('Origin',(58.9662176278641,30.8286434385108,-55.9387210198804));
#15226=CARTESIAN_POINT('',(60.9044675831938,24.8935519052124,-53.1129542896742));
#15227=CARTESIAN_POINT('',(57.9348379078669,33.9868186918821,-57.4423653207423));
#15228=CARTESIAN_POINT('',(64.2030664469826,24.8935519052124,-55.3755292687216));
#15229=CARTESIAN_POINT('',(60.9044675831938,24.8935519052124,-53.1129542896742));
#15230=CARTESIAN_POINT('',(62.2648164916528,30.8286434385108,-58.2012959989279));
#15231=CARTESIAN_POINT('',(61.2334367716557,33.9868186918821,-59.7049402997897));
#15232=CARTESIAN_POINT('',(58.9662176278641,30.8286434385108,-55.9387210198804));
#15233=CARTESIAN_POINT('',(58.9662176278641,30.8286434385108,-55.9387210198804));
#15234=CARTESIAN_POINT('',(57.9348379078669,33.9868186918821,-57.4423653207423));
#15235=CARTESIAN_POINT('Origin',(66.192869805942,13.7,-45.4030141883481));
#15236=CARTESIAN_POINT('',(63.3537768301444,27.3935519521455,-49.5421162958501));
#15237=CARTESIAN_POINT('',(64.0608315110967,25.2284884426844,-48.5113041509161));
#15238=CARTESIAN_POINT('Origin',(62.1291221990056,26.1435519521455,-51.3275353039348));
#15239=CARTESIAN_POINT('',(56.504159788692,26.4759782460254,-59.5281451344767));
#15240=CARTESIAN_POINT('Origin',(66.192869805942,13.7,-45.4030141883481));
#15241=CARTESIAN_POINT('',(57.4854771781346,25.4743515787074,-58.0974865018093));
#15242=CARTESIAN_POINT('',(61.0859617936828,21.7993515787074,-52.8483546180402));
#15243=CARTESIAN_POINT('',(57.8672867058489,26.6434858738164,-57.5408479435449));
#15244=CARTESIAN_POINT('',(56.7784224971823,23.3092880692463,-59.1282986467433));
#15245=CARTESIAN_POINT('',(58.7000518550233,25.7934858738164,-56.3267630180473));
#15246=CARTESIAN_POINT('',(62.5745103602287,21.8388418391932,-50.6782057143473));
#15247=CARTESIAN_POINT('',(58.318242327309,24.6243515787074,-56.8834015763117));
#15248=CARTESIAN_POINT('',(57.6111876463567,22.4592880692463,-57.9142137212457));
#15249=CARTESIAN_POINT('',(59.8613071627027,23.0493515785453,-54.6337736258935));
#15250=CARTESIAN_POINT('',(61.0859617936828,21.7993515787074,-52.8483546180402));
#15251=CARTESIAN_POINT('',(58.4471978006393,18.7192245597852,-56.6953979159929));
#15252=CARTESIAN_POINT('Origin',(59.1542524815917,20.8842880692463,-55.6645857710589));
#15253=CARTESIAN_POINT('',(56.9041329654044,20.2942245597852,-58.9450258661796));
#15254=CARTESIAN_POINT('',(53.3036483498562,23.9692245597852,-64.1941577499487));
#15255=CARTESIAN_POINT('',(56.5223234376901,19.1250902646762,-59.501664424444));
#15256=CARTESIAN_POINT('',(57.6111876463567,22.4592880692463,-57.9142137212457));
#15257=CARTESIAN_POINT('',(55.6895582885157,19.9750902646762,-60.7157493499416));
#15258=CARTESIAN_POINT('',(60.6049732301892,14.957946230053,-53.5495858893696));
#15259=CARTESIAN_POINT('',(56.07136781623,21.1442245597852,-60.1591107916773));
#15260=CARTESIAN_POINT('',(56.7784224971823,23.3092880692463,-59.1282986467433));
#15261=CARTESIAN_POINT('',(55.0900504267874,22.1458512271032,-61.5897694243446));
#15262=CARTESIAN_POINT('',(53.3036483498562,23.9692245597852,-64.1941577499487));
#15263=CARTESIAN_POINT('',(54.1888747120638,16.2,-62.9035898352433));
#15264=CARTESIAN_POINT('Origin',(66.192869805942,13.7,-45.4030141883481));
#15265=CARTESIAN_POINT('',(55.3220024299741,16.2,-61.2516075418654));
#15266=CARTESIAN_POINT('',(59.4794839539738,16.2,-55.1904321296536));
#15267=CARTESIAN_POINT('',(55.3220024299741,17.55,-61.2516075418654));
#15268=CARTESIAN_POINT('',(55.3220024299741,13.7,-61.2516075418654));
#15269=CARTESIAN_POINT('',(56.2835967960693,17.55,-59.8497030247552));
#15270=CARTESIAN_POINT('',(60.757436117958,17.55,-53.3273108651067));
#15271=CARTESIAN_POINT('',(56.2835967960692,16.2,-59.8497030247552));
#15272=CARTESIAN_POINT('',(56.2835967960692,13.7,-59.8497030247552));
#15273=CARTESIAN_POINT('',(58.0653745920691,16.2,-57.2520564195215));
#15274=CARTESIAN_POINT('',(59.4794839539738,16.2,-55.1904321296536));
#15275=CARTESIAN_POINT('',(58.0653745920691,11.2,-57.2520564195215));
#15276=CARTESIAN_POINT('Origin',(58.0653745920691,13.7,-57.2520564195215));
#15277=CARTESIAN_POINT('',(56.2835967960693,11.2,-59.8497030247552));
#15278=CARTESIAN_POINT('',(52.1261152720696,11.2,-65.910878436967));
#15279=CARTESIAN_POINT('',(56.2835967960692,9.84999999999999,-59.8497030247552));
#15280=CARTESIAN_POINT('',(56.2835967960692,13.7,-59.8497030247552));
#15281=CARTESIAN_POINT('',(55.3220024299741,9.84999999999999,-61.2516075418654));
#15282=CARTESIAN_POINT('',(60.9978347094818,9.84999999999999,-52.9768347358292));
#15283=CARTESIAN_POINT('',(55.3220024299741,11.2,-61.2516075418654));
#15284=CARTESIAN_POINT('',(55.3220024299741,13.7,-61.2516075418654));
#15285=CARTESIAN_POINT('',(54.1888747120638,11.2,-62.9035898352433));
#15286=CARTESIAN_POINT('',(52.1261152720696,11.2,-65.910878436967));
#15287=CARTESIAN_POINT('',(55.0900504267874,5.25414877289673,-61.5897694243446));
#15288=CARTESIAN_POINT('Origin',(66.192869805942,13.7,-45.4030141883481));
#15289=CARTESIAN_POINT('',(56.07136781623,6.2557754402148,-60.1591107916773));
#15290=CARTESIAN_POINT('',(59.6718524317781,9.93077544021479,-54.9099789079082));
#15291=CARTESIAN_POINT('',(55.6895582885157,7.4249097353238,-60.7157493499416));
#15292=CARTESIAN_POINT('',(56.7784224971823,4.09071193075371,-59.1282986467433));
#15293=CARTESIAN_POINT('',(56.5223234376901,8.27490973532379,-59.501664424444));
#15294=CARTESIAN_POINT('',(60.3967819428956,12.2295537699469,-53.853107120744));
#15295=CARTESIAN_POINT('',(56.9041329654044,7.10577544021479,-58.9450258661796));
#15296=CARTESIAN_POINT('',(57.6111876463567,4.9407119307537,-57.9142137212457));
#15297=CARTESIAN_POINT('',(58.4471978006393,8.68077544021481,-56.6953979159929));
#15298=CARTESIAN_POINT('',(59.6718524317781,9.93077544021479,-54.9099789079082));
#15299=CARTESIAN_POINT('',(59.8613071809554,4.35064844008503,-54.6337735992831));
#15300=CARTESIAN_POINT('Origin',(59.1542524815917,6.51571193075372,-55.6645857710589));
#15301=CARTESIAN_POINT('',(58.318242327309,2.7756484212926,-56.8834015763117));
#15302=CARTESIAN_POINT('',(54.7177577117609,-0.899351578707384,-62.1325334600807));
#15303=CARTESIAN_POINT('',(58.7000518550233,1.60651412618362,-56.3267630180473));
#15304=CARTESIAN_POINT('',(57.6111876463567,4.9407119307537,-57.9142137212457));
#15305=CARTESIAN_POINT('',(57.8672867058489,0.756514126183618,-57.5408479435449));
#15306=CARTESIAN_POINT('',(62.7827016475223,5.77365816080676,-50.3746844829729));
#15307=CARTESIAN_POINT('',(57.4854771781346,1.92564842129261,-58.0974865018093));
#15308=CARTESIAN_POINT('',(56.7784224971823,4.09071193075371,-59.1282986467433));
#15309=CARTESIAN_POINT('',(56.5041597886921,0.924021753974538,-59.5281451344767));
#15310=CARTESIAN_POINT('',(54.7177577117609,-0.899351578707384,-62.1325334600807));
#15311=CARTESIAN_POINT('',(58.9662176278641,-3.4286434385108,-55.9387210198804));
#15312=CARTESIAN_POINT('Origin',(66.192869805942,13.7,-45.4030141883481));
#15313=CARTESIAN_POINT('',(59.5327814868192,-1.69377516050001,-55.1127298731914));
#15314=CARTESIAN_POINT('',(61.611522248819,4.6715115573156,-52.0821421670855));
#15315=CARTESIAN_POINT('',(58.8714679860042,-1.0187751605,-56.0768561375572));
#15316=CARTESIAN_POINT('',(60.7574361179581,-2.9437751605,-53.3273108651067));
#15317=CARTESIAN_POINT('',(59.3522651690518,0.453468025933532,-55.3759038790021));
#15318=CARTESIAN_POINT('',(61.5891848299962,7.30311241975,-52.1147077991779));
#15319=CARTESIAN_POINT('',(60.0135786698668,-0.221531974066469,-54.4117776146363));
#15320=CARTESIAN_POINT('',(61.2382333010056,-1.47153197406646,-52.6263586065516));
#15321=CARTESIAN_POINT('',(60.9044675634971,2.50644803447445,-53.1129543183899));
#15322=CARTESIAN_POINT('',(61.611522248819,4.6715115573156,-52.0821421670855));
#15323=CARTESIAN_POINT('',(63.3537768301444,0.00644804785453257,-49.5421162958501));
#15324=CARTESIAN_POINT('Origin',(62.1291221990056,1.25644804785453,-51.3275353039348));
#15325=CARTESIAN_POINT('',(62.4628879321445,-2.72153197406647,-50.8409395984669));
#15326=CARTESIAN_POINT('',(60.3841471701446,-9.08681869188208,-53.8715273045728));
#15327=CARTESIAN_POINT('',(63.1242014329594,-3.39653197406647,-49.8768133341012));
#15328=CARTESIAN_POINT('',(61.2382333010056,-1.47153197406646,-52.6263586065516));
#15329=CARTESIAN_POINT('',(62.6434042499118,-4.8687751605,-50.5777655926562));
#15330=CARTESIAN_POINT('',(65.4813203896657,3.82117321635838,-46.4403791896382));
#15331=CARTESIAN_POINT('',(61.9820907490969,-4.1937751605,-51.541891857022));
#15332=CARTESIAN_POINT('',(60.7574361179581,-2.9437751605,-53.3273108651067));
#15333=CARTESIAN_POINT('',(61.4155268901417,-5.9286434385108,-52.367883003711));
#15334=CARTESIAN_POINT('',(60.3841471701446,-9.08681869188208,-53.8715273045728));
#15335=CARTESIAN_POINT('',(64.7787604440373,-7.52182947312871,-47.464638478216));
#15336=CARTESIAN_POINT('Origin',(66.192869805942,13.7,-45.4030141883481));
#15337=CARTESIAN_POINT('',(64.7787604440373,-5.51857613849256,-47.464638478216));
#15338=CARTESIAN_POINT('',(64.7787604440373,1.83142386150741,-47.464638478216));
#15339=CARTESIAN_POINT('',(64.0151413886088,-5.51857613849256,-48.5779155947447));
#15340=CARTESIAN_POINT('',(66.192869805942,-5.51857613849256,-45.4030141883481));
#15341=CARTESIAN_POINT('',(64.0151413886088,-3.81857613849257,-48.5779155947447));
#15342=CARTESIAN_POINT('',(64.0151413886088,4.09071193075372,-48.5779155947447));
#15343=CARTESIAN_POINT('',(64.7787604440373,-3.81857613849257,-47.464638478216));
#15344=CARTESIAN_POINT('',(66.192869805942,-3.81857613849257,-45.4030141883481));
#15345=CARTESIAN_POINT('',(64.7787604440373,-0.668576118924564,-47.464638478216));
#15346=CARTESIAN_POINT('',(64.7787604440373,1.83142386150741,-47.464638478216));
#15347=CARTESIAN_POINT('',(67.6069791678467,-0.668576138492551,-43.3413898984801));
#15348=CARTESIAN_POINT('Origin',(66.192869805942,-0.668576138492551,-45.4030141883481));
#15349=CARTESIAN_POINT('',(67.6069791678467,-3.81857613849257,-43.3413898984801));
#15350=CARTESIAN_POINT('',(67.6069791678467,-11.1685761384926,-43.3413898984801));
#15351=CARTESIAN_POINT('',(68.3705982232752,-3.81857613849257,-42.2281127819514));
#15352=CARTESIAN_POINT('',(66.192869805942,-3.81857613849257,-45.4030141883481));
#15353=CARTESIAN_POINT('',(68.3705982232752,-5.51857613849256,-42.2281127819514));
#15354=CARTESIAN_POINT('',(68.3705982232752,4.51571193075372,-42.2281127819514));
#15355=CARTESIAN_POINT('',(67.6069791678467,-5.51857613849256,-43.3413898984801));
#15356=CARTESIAN_POINT('',(66.192869805942,-5.51857613849256,-45.4030141883481));
#15357=CARTESIAN_POINT('',(67.6069791678467,-7.5218294731287,-43.3413898984801));
#15358=CARTESIAN_POINT('',(67.6069791678467,-11.1685761384926,-43.3413898984801));
#15359=CARTESIAN_POINT('',(70.9702127217423,-5.92864343851077,-38.4381453729851));
#15360=CARTESIAN_POINT('Origin',(66.192869805942,13.7,-45.4030141883481));
#15361=CARTESIAN_POINT('',(70.4036488627871,-4.19377516049998,-39.2641365196741));
#15362=CARTESIAN_POINT('',(68.3249081007873,2.17151155731561,-42.29472422578));
#15363=CARTESIAN_POINT('',(69.7423353619721,-4.86877516049999,-40.2282627840399));
#15364=CARTESIAN_POINT('',(71.6283034939259,-2.94377516049999,-37.4787175115894));
#15365=CARTESIAN_POINT('',(69.2615381789246,-3.39653197406646,-40.929215042595));
#15366=CARTESIAN_POINT('',(67.0246185179802,3.45311241975,-44.1904111224192));
#15367=CARTESIAN_POINT('',(69.9228516797395,-2.72153197406644,-39.9650887782292));
#15368=CARTESIAN_POINT('',(71.1475063108784,-1.47153197406645,-38.1796697701445));
#15369=CARTESIAN_POINT('',(69.0319627817396,0.00644804785455033,-41.2639120808461));
#15370=CARTESIAN_POINT('',(68.3249081007873,2.17151155731561,-42.29472422578));
#15371=CARTESIAN_POINT('',(71.4812720367368,2.50644807014803,-37.6930740752908));
#15372=CARTESIAN_POINT('Origin',(70.2566174128784,1.25644804785455,-39.4784930727614));
#15373=CARTESIAN_POINT('',(72.3721609420172,-0.221531974066437,-36.3942507620598));
#15374=CARTESIAN_POINT('',(74.450901704017,-6.58681869188206,-33.3636630559539));
#15375=CARTESIAN_POINT('',(73.0334744428322,0.453468025933553,-35.4301244976941));
#15376=CARTESIAN_POINT('',(71.1475063108784,-1.47153197406645,-38.1796697701445));
#15377=CARTESIAN_POINT('',(73.5142716258797,-1.01877516049999,-34.729172239139));
#15378=CARTESIAN_POINT('',(70.6763554861259,7.6711732163584,-38.8665586421571));
#15379=CARTESIAN_POINT('',(72.8529581250648,-1.69377516049997,-35.6932985035047));
#15380=CARTESIAN_POINT('',(71.6283034939259,-2.94377516049999,-37.4787175115894));
#15381=CARTESIAN_POINT('',(73.4195219840199,-3.42864343851077,-34.8673073568157));
#15382=CARTESIAN_POINT('',(74.450901704017,-6.58681869188206,-33.3636630559539));
#15383=CARTESIAN_POINT('',(75.8815798231919,0.924021753974569,-31.2778832422195));
#15384=CARTESIAN_POINT('Origin',(66.192869805942,13.7,-45.4030141883481));
#15385=CARTESIAN_POINT('',(74.9002624337493,1.92564842129264,-32.7085418748869));
#15386=CARTESIAN_POINT('',(71.2997778182012,5.60064842129262,-37.9576737586559));
#15387=CARTESIAN_POINT('',(74.5184529060351,0.756514126183636,-33.2651804331512));
#15388=CARTESIAN_POINT('',(75.6073171147017,4.09071193075372,-31.6777297299529));
#15389=CARTESIAN_POINT('',(73.6856877568607,1.60651412618363,-34.4792653586488));
#15390=CARTESIAN_POINT('',(69.8112292516552,5.56115816080678,-40.1278226623488));
#15391=CARTESIAN_POINT('',(74.067497284575,2.77564842129263,-33.9226268003845));
#15392=CARTESIAN_POINT('',(74.7745519655273,4.94071193075372,-32.8918146554505));
#15393=CARTESIAN_POINT('',(72.52443244934,4.35064842129264,-36.1722547505712));
#15394=CARTESIAN_POINT('',(71.2997778182012,5.60064842129262,-37.9576737586559));
#15395=CARTESIAN_POINT('',(73.9385417949962,8.68077545679961,-34.1106304843919));
#15396=CARTESIAN_POINT('Origin',(73.2314871302923,6.51571193075374,-35.1414426056372));
#15397=CARTESIAN_POINT('',(75.4816066464796,7.10577544021483,-31.8610025105165));
#15398=CARTESIAN_POINT('',(79.0820912620278,3.43077544021483,-26.6118706267474));
#15399=CARTESIAN_POINT('',(75.8634161741938,8.27490973532382,-31.3043639522521));
#15400=CARTESIAN_POINT('',(74.7745519655273,4.94071193075372,-32.8918146554505));
#15401=CARTESIAN_POINT('',(76.6961813233682,7.42490973532381,-30.0902790267545));
#15402=CARTESIAN_POINT('',(71.7807663816948,12.442053769947,-37.2564424873265));
#15403=CARTESIAN_POINT('',(76.314371795654,6.25577544021483,-30.6469175850189));
#15404=CARTESIAN_POINT('',(75.6073171147017,4.09071193075372,-31.6777297299529));
#15405=CARTESIAN_POINT('',(77.2956891850966,5.25414877289677,-29.2162589523515));
#15406=CARTESIAN_POINT('',(79.0820912620278,3.43077544021483,-26.6118706267474));
#15407=CARTESIAN_POINT('',(78.1968648998202,11.2,-27.9024385414528));
#15408=CARTESIAN_POINT('Origin',(66.192869805942,13.7,-45.4030141883481));
#15409=CARTESIAN_POINT('',(77.0637371819099,11.2,-29.5544208348308));
#15410=CARTESIAN_POINT('',(72.9062556579102,11.2,-35.6155962470426));
#15411=CARTESIAN_POINT('',(77.0637371819099,9.85000000000001,-29.5544208348308));
#15412=CARTESIAN_POINT('',(77.0637371819099,13.7,-29.5544208348308));
#15413=CARTESIAN_POINT('',(76.1021428158147,9.85000000000001,-30.956325351941));
#15414=CARTESIAN_POINT('',(71.6283034939259,9.85000000000001,-37.4787175115894));
#15415=CARTESIAN_POINT('',(76.1021428158147,11.2,-30.956325351941));
#15416=CARTESIAN_POINT('',(76.1021428158147,13.7,-30.956325351941));
#15417=CARTESIAN_POINT('',(74.3203649829222,11.2,-33.5539720109603));
#15418=CARTESIAN_POINT('',(72.9062556579102,11.2,-35.6155962470426));
#15419=CARTESIAN_POINT('',(74.3203650198148,16.2,-33.5539719571746));
#15420=CARTESIAN_POINT('Origin',(74.3203650198148,13.7,-33.5539719571746));
#15421=CARTESIAN_POINT('',(76.1021428158147,16.2,-30.956325351941));
#15422=CARTESIAN_POINT('',(80.2596243398144,16.2,-24.8951499397292));
#15423=CARTESIAN_POINT('',(76.1021428158147,17.55,-30.956325351941));
#15424=CARTESIAN_POINT('',(76.1021428158147,13.7,-30.956325351941));
#15425=CARTESIAN_POINT('',(77.0637371819099,17.55,-29.5544208348308));
#15426=CARTESIAN_POINT('',(71.3879049024021,17.55,-37.829193640867));
#15427=CARTESIAN_POINT('',(77.0637371819099,16.2,-29.5544208348308));
#15428=CARTESIAN_POINT('',(77.0637371819099,13.7,-29.5544208348308));
#15429=CARTESIAN_POINT('',(78.1968648998202,16.2,-27.9024385414528));
#15430=CARTESIAN_POINT('',(80.2596243398144,16.2,-24.8951499397292));
#15431=CARTESIAN_POINT('',(77.2956891850966,22.1458512271033,-29.2162589523515));
#15432=CARTESIAN_POINT('Origin',(66.192869805942,13.7,-45.4030141883481));
#15433=CARTESIAN_POINT('',(76.314371795654,21.1442245597852,-30.6469175850189));
#15434=CARTESIAN_POINT('',(72.7138871801058,17.4692245597852,-35.8960494687879));
#15435=CARTESIAN_POINT('',(76.6961813233682,19.9750902646762,-30.0902790267545));
#15436=CARTESIAN_POINT('',(75.6073171147017,23.3092880692463,-31.6777297299529));
#15437=CARTESIAN_POINT('',(75.8634161741938,19.1250902646762,-31.3043639522521));
#15438=CARTESIAN_POINT('',(71.9889576689884,15.170446230053,-36.9529212559521));
#15439=CARTESIAN_POINT('',(75.4816066464796,20.2942245597852,-31.8610025105165));
#15440=CARTESIAN_POINT('',(74.7745519655273,22.4592880692463,-32.8918146554505));
#15441=CARTESIAN_POINT('',(73.9385418476266,18.7192245969201,-34.1106304076621));
#15442=CARTESIAN_POINT('',(72.7138871801058,17.4692245597852,-35.8960494687879));
#15443=CARTESIAN_POINT('',(72.52443244934,23.0493515787074,-36.1722547505712));
#15444=CARTESIAN_POINT('Origin',(73.2314871302923,20.8842880692463,-35.1414426056372));
#15445=CARTESIAN_POINT('',(74.0674972845749,24.6243515787074,-33.9226268003845));
#15446=CARTESIAN_POINT('',(77.6679819001231,28.2993515787074,-28.6734949166154));
#15447=CARTESIAN_POINT('',(73.6856877568607,25.7934858738164,-34.4792653586488));
#15448=CARTESIAN_POINT('',(74.7745519655273,22.4592880692463,-32.8918146554505));
#15449=CARTESIAN_POINT('',(74.5184529060351,26.6434858738164,-33.2651804331512));
#15450=CARTESIAN_POINT('',(69.6030379643616,21.6263418391932,-40.4313438937232));
#15451=CARTESIAN_POINT('',(74.9002624337493,25.4743515787074,-32.7085418748869));
#15452=CARTESIAN_POINT('',(75.6073171147017,23.3092880692463,-31.6777297299529));
#15453=CARTESIAN_POINT('',(75.8815798231919,26.4759782460255,-31.2778832422195));
#15454=CARTESIAN_POINT('',(77.6679819001231,28.2993515787074,-28.6734949166154));
#15455=CARTESIAN_POINT('',(73.4195219840199,30.8286434385108,-34.8673073568157));
#15456=CARTESIAN_POINT('Origin',(66.192869805942,13.7,-45.4030141883481));
#15457=CARTESIAN_POINT('',(72.8529581250648,29.0937751605,-35.6932985035047));
#15458=CARTESIAN_POINT('',(70.7742173630649,22.7284884426844,-38.7238862096106));
#15459=CARTESIAN_POINT('',(73.5142716258797,28.4187751605,-34.729172239139));
#15460=CARTESIAN_POINT('',(71.6283034939259,30.3437751605,-37.4787175115894));
#15461=CARTESIAN_POINT('',(73.0334744428322,26.9465319740665,-35.4301244976941));
#15462=CARTESIAN_POINT('',(70.7965547818878,20.09688758025,-38.6913205775183));
#15463=CARTESIAN_POINT('',(72.3721609420172,27.6215319740665,-36.3942507620598));
#15464=CARTESIAN_POINT('',(71.1475063108784,28.8715319740665,-38.1796697701445));
#15465=CARTESIAN_POINT('',(71.4812720440172,24.8935519521455,-37.6930740646767));
#15466=CARTESIAN_POINT('',(70.7742173630649,22.7284884426844,-38.7238862096106));
#15467=CARTESIAN_POINT('',(69.0319627828872,27.3935519556596,-41.2639120791729));
#15468=CARTESIAN_POINT('Origin',(70.2566174128784,26.1435519521455,-39.4784930727614));
#15469=CARTESIAN_POINT('',(69.9228516797395,30.1215319740665,-39.9650887782293));
#15470=CARTESIAN_POINT('',(72.0015924417393,36.4868186918821,-36.9345010721233));
#15471=CARTESIAN_POINT('',(69.2615381789246,30.7965319740665,-40.929215042595));
#15472=CARTESIAN_POINT('',(71.1475063108784,28.8715319740665,-38.1796697701445));
#15473=CARTESIAN_POINT('',(69.7423353619721,32.2687751605,-40.2282627840399));
#15474=CARTESIAN_POINT('',(66.9044192222183,23.5788267836416,-44.365649187058));
#15475=CARTESIAN_POINT('',(70.4036488627871,31.5937751605,-39.2641365196741));
#15476=CARTESIAN_POINT('',(71.6283034939259,30.3437751605,-37.4787175115894));
#15477=CARTESIAN_POINT('',(70.9702127217422,33.3286434385108,-38.4381453729852));
#15478=CARTESIAN_POINT('',(72.0015924417393,36.4868186918821,-36.9345010721233));
#15479=CARTESIAN_POINT('',(67.6069791678466,34.9218294731287,-43.3413898984801));
#15480=CARTESIAN_POINT('Origin',(66.192869805942,13.7,-45.4030141883481));
#15481=CARTESIAN_POINT('',(67.6069791678466,32.9185761384926,-43.3413898984801));
#15482=CARTESIAN_POINT('',(67.6069791678466,25.5685761384926,-43.3413898984801));
#15483=CARTESIAN_POINT('',(68.3705982232752,32.9185761384926,-42.2281127819514));
#15484=CARTESIAN_POINT('',(66.192869805942,32.9185761384926,-45.4030141883481));
#15485=CARTESIAN_POINT('',(68.3705982232752,31.2185761384926,-42.2281127819514));
#15486=CARTESIAN_POINT('',(68.3705982232752,23.3092880692463,-42.2281127819514));
#15487=CARTESIAN_POINT('',(67.6069791678466,31.2185761384926,-43.3413898984801));
#15488=CARTESIAN_POINT('',(66.192869805942,31.2185761384926,-45.4030141883481));
#15489=CARTESIAN_POINT('',(67.6069791678466,28.0685761120667,-43.3413898984801));
#15490=CARTESIAN_POINT('',(67.6069791678466,25.5685761384926,-43.3413898984801));
#15491=CARTESIAN_POINT('',(64.7787604440373,28.0685761384926,-47.4646384782161));
#15492=CARTESIAN_POINT('Origin',(66.192869805942,28.0685761384926,-45.4030141883481));
#15493=CARTESIAN_POINT('',(64.7787604440373,31.2185761384926,-47.4646384782161));
#15494=CARTESIAN_POINT('',(64.7787604440373,38.5685761384926,-47.4646384782161));
#15495=CARTESIAN_POINT('',(64.0151413886088,31.2185761384926,-48.5779155947448));
#15496=CARTESIAN_POINT('',(66.192869805942,31.2185761384926,-45.4030141883481));
#15497=CARTESIAN_POINT('',(64.0151413886088,32.9185761384926,-48.5779155947448));
#15498=CARTESIAN_POINT('',(64.0151413886088,22.8842880692463,-48.5779155947448));
#15499=CARTESIAN_POINT('',(64.7787604440373,32.9185761384926,-47.4646384782161));
#15500=CARTESIAN_POINT('',(66.192869805942,32.9185761384926,-45.4030141883481));
#15501=CARTESIAN_POINT('',(64.7787604440373,34.9218294731287,-47.4646384782161));
#15502=CARTESIAN_POINT('',(64.7787604440373,38.5685761384926,-47.4646384782161));
#15503=CARTESIAN_POINT('',(61.4155268901417,33.3286434385108,-52.367883003711));
#15504=CARTESIAN_POINT('Origin',(66.192869805942,13.7,-45.4030141883481));
#15505=CARTESIAN_POINT('',(64.0608315110967,25.2284884426844,-48.5113041509161));
#15506=CARTESIAN_POINT('Origin',(64.0151413886088,-5.51857613849256,-48.5779155947447));
#15507=CARTESIAN_POINT('Origin',(64.0151413886088,-4.66857613849256,-48.5779155947447));
#15508=CARTESIAN_POINT('Origin',(66.192869805942,-4.66857613849256,-45.4030141883481));
#15509=CARTESIAN_POINT('Origin',(68.3705982232752,-4.66857613849256,-42.2281127819514));
#15510=CARTESIAN_POINT('Origin',(67.6069791678466,-4.66857613849256,-43.3413898984801));
#15511=CARTESIAN_POINT('Origin',(66.192869805942,-4.66857613849256,-45.4030141883481));
#15512=CARTESIAN_POINT('Origin',(64.7787604440373,-4.66857613849256,-47.464638478216));
#15513=CARTESIAN_POINT('Origin',(68.3705982232752,-4.66857613849256,-42.2281127819514));
#15514=CARTESIAN_POINT('Origin',(67.6069791678467,-7.5218294731287,-43.3413898984801));
#15515=CARTESIAN_POINT('',(70.9055780316354,-0.668576138492551,-45.6039648775275));
#15516=CARTESIAN_POINT('',(67.6069791678467,-0.668576138492551,-43.3413898984801));
#15517=CARTESIAN_POINT('',(70.9055780316354,-7.5218294731287,-45.6039648775275));
#15518=CARTESIAN_POINT('',(70.9055780316354,-11.1685761384926,-45.6039648775275));
#15519=CARTESIAN_POINT('',(67.6069791678467,-7.5218294731287,-43.3413898984801));
#15520=CARTESIAN_POINT('Origin',(77.0637371819099,9.85000000000001,-29.5544208348308));
#15521=CARTESIAN_POINT('Origin',(76.5829399988623,9.85000000000001,-30.2553730933859));
#15522=CARTESIAN_POINT('Origin',(76.5829399988623,13.7,-30.2553730933859));
#15523=CARTESIAN_POINT('Origin',(76.5829399988623,17.55,-30.2553730933859));
#15524=CARTESIAN_POINT('Origin',(76.5829399988623,16.2,-30.2553730933859));
#15525=CARTESIAN_POINT('Origin',(76.5829399988623,13.7,-30.2553730933859));
#15526=CARTESIAN_POINT('Origin',(76.5829399988623,11.2,-30.2553730933859));
#15527=CARTESIAN_POINT('Origin',(76.5829399988623,17.55,-30.2553730933859));
#15528=CARTESIAN_POINT('Origin',(78.1968648998202,16.2,-27.9024385414528));
#15529=CARTESIAN_POINT('',(77.6189638836036,16.2,-35.8165469362221));
#15530=CARTESIAN_POINT('',(74.3203650198148,16.2,-33.5539719571746));
#15531=CARTESIAN_POINT('',(81.4954637636089,16.2,-30.1650135205003));
#15532=CARTESIAN_POINT('',(83.5582232036032,16.2,-27.1577249187766));
#15533=CARTESIAN_POINT('',(78.1968648998202,16.2,-27.9024385414528));
#15534=CARTESIAN_POINT('Origin',(58.8714679860042,-1.0187751605,-56.0768561375572));
#15535=CARTESIAN_POINT('Origin',(59.111866577528,-0.282653567283235,-55.7263800082796));
#15536=CARTESIAN_POINT('Origin',(60.9978347094818,-2.20765356728323,-52.9768347358292));
#15537=CARTESIAN_POINT('Origin',(62.8838028414356,-4.13265356728323,-50.2272894633787));
#15538=CARTESIAN_POINT('Origin',(62.2224893406207,-3.45765356728324,-51.1914157277444));
#15539=CARTESIAN_POINT('Origin',(60.9978347094818,-2.20765356728323,-52.9768347358292));
#15540=CARTESIAN_POINT('Origin',(59.773180078343,-0.957653567283236,-54.7622537439139));
#15541=CARTESIAN_POINT('Origin',(62.8838028414356,-4.13265356728323,-50.2272894633787));
#15542=CARTESIAN_POINT('Origin',(61.4155268901417,-5.9286434385108,-52.367883003711));
#15543=CARTESIAN_POINT('',(66.6523756939332,0.00644804785453257,-51.8046912748975));
#15544=CARTESIAN_POINT('',(63.3537768301444,0.00644804785453257,-49.5421162958501));
#15545=CARTESIAN_POINT('',(64.7141257539305,-5.9286434385108,-54.6304579827584));
#15546=CARTESIAN_POINT('',(63.6827460339334,-9.08681869188208,-56.1341022836202));
#15547=CARTESIAN_POINT('',(61.4155268901417,-5.9286434385108,-52.367883003711));
#15548=CARTESIAN_POINT('Origin',(69.7423353619721,-4.86877516049999,-40.2282627840399));
#15549=CARTESIAN_POINT('Origin',(69.5019367704483,-4.13265356728323,-40.5787389133174));
#15550=CARTESIAN_POINT('Origin',(71.3879049024021,-2.20765356728322,-37.829193640867));
#15551=CARTESIAN_POINT('Origin',(73.2738730343559,-0.282653567283218,-35.0796483684165));
#15552=CARTESIAN_POINT('Origin',(72.612559533541,-0.957653567283205,-36.0437746327822));
#15553=CARTESIAN_POINT('Origin',(71.3879049024021,-2.20765356728322,-37.829193640867));
#15554=CARTESIAN_POINT('Origin',(70.1632502712633,-3.45765356728321,-39.6146126489517));
#15555=CARTESIAN_POINT('Origin',(73.2738730343559,-0.282653567283213,-35.0796483684165));
#15556=CARTESIAN_POINT('Origin',(73.4195219840199,-3.42864343851077,-34.8673073568157));
#15557=CARTESIAN_POINT('',(74.7798709005255,2.50644807014803,-39.9556490543383));
#15558=CARTESIAN_POINT('',(71.4812720367368,2.50644807014803,-37.6930740752908));
#15559=CARTESIAN_POINT('',(76.7181208478087,-3.42864343851077,-37.1298823358632));
#15560=CARTESIAN_POINT('',(77.7495005678058,-6.58681869188206,-35.6262380350013));
#15561=CARTESIAN_POINT('',(73.4195219840199,-3.42864343851077,-34.8673073568157));
#15562=CARTESIAN_POINT('Origin',(74.5184529060351,0.756514126183636,-33.2651804331512));
#15563=CARTESIAN_POINT('Origin',(74.1020703314479,1.18151412618363,-33.8722228959));
#15564=CARTESIAN_POINT('Origin',(75.1909345401145,4.51571193075372,-32.2847721927017));
#15565=CARTESIAN_POINT('Origin',(76.279798748781,7.84990973532382,-30.6973214895033));
#15566=CARTESIAN_POINT('Origin',(75.8979892210668,6.68077544021483,-31.2539600477677));
#15567=CARTESIAN_POINT('Origin',(75.1909345401145,4.51571193075372,-32.2847721927017));
#15568=CARTESIAN_POINT('Origin',(74.4838798591621,2.35064842129263,-33.3155843376357));
#15569=CARTESIAN_POINT('Origin',(76.279798748781,7.84990973532383,-30.6973214895033));
#15570=CARTESIAN_POINT('Origin',(77.2956891850966,5.25414877289676,-29.2162589523515));
#15571=CARTESIAN_POINT('',(77.2371406587849,8.68077545679961,-36.3732054634393));
#15572=CARTESIAN_POINT('',(73.9385417949962,8.68077545679961,-34.1106304843919));
#15573=CARTESIAN_POINT('',(80.5942880488853,5.25414877289677,-31.478833931399));
#15574=CARTESIAN_POINT('',(82.3806901258165,3.43077544021483,-28.8744456057949));
#15575=CARTESIAN_POINT('',(77.2956891850966,5.25414877289677,-29.2162589523515));
#15576=CARTESIAN_POINT('Origin',(55.3220024299741,17.55,-61.2516075418654));
#15577=CARTESIAN_POINT('Origin',(55.8027996130217,17.55,-60.5506552833103));
#15578=CARTESIAN_POINT('Origin',(55.8027996130217,13.7,-60.5506552833103));
#15579=CARTESIAN_POINT('Origin',(55.8027996130217,9.84999999999999,-60.5506552833103));
#15580=CARTESIAN_POINT('Origin',(55.8027996130217,11.2,-60.5506552833103));
#15581=CARTESIAN_POINT('Origin',(55.8027996130217,13.7,-60.5506552833103));
#15582=CARTESIAN_POINT('Origin',(55.8027996130217,16.2,-60.5506552833103));
#15583=CARTESIAN_POINT('Origin',(55.8027996130217,9.84999999999999,-60.5506552833103));
#15584=CARTESIAN_POINT('Origin',(54.1888747120638,11.2,-62.9035898352433));
#15585=CARTESIAN_POINT('',(61.3639734558579,11.2,-59.5146313985689));
#15586=CARTESIAN_POINT('',(58.0653745920691,11.2,-57.2520564195215));
#15587=CARTESIAN_POINT('',(57.4874735758526,11.2,-65.1661648142908));
#15588=CARTESIAN_POINT('',(55.4247141358583,11.2,-68.1734534160144));
#15589=CARTESIAN_POINT('',(54.1888747120638,11.2,-62.9035898352433));
#15590=CARTESIAN_POINT('Origin',(55.6895582885157,7.4249097353238,-60.7157493499416));
#15591=CARTESIAN_POINT('Origin',(56.1059408631029,7.8499097353238,-60.1087068871928));
#15592=CARTESIAN_POINT('Origin',(57.1948050717695,4.51571193075371,-58.5212561839945));
#15593=CARTESIAN_POINT('Origin',(58.2836692804361,1.18151412618362,-56.9338054807961));
#15594=CARTESIAN_POINT('Origin',(57.9018597527218,2.35064842129261,-57.4904440390605));
#15595=CARTESIAN_POINT('Origin',(57.1948050717695,4.51571193075371,-58.5212561839945));
#15596=CARTESIAN_POINT('Origin',(56.4877503908172,6.6807754402148,-59.5520683289284));
#15597=CARTESIAN_POINT('Origin',(58.2836692804361,1.18151412618361,-56.9338054807961));
#15598=CARTESIAN_POINT('Origin',(56.504159788692,0.924021753974538,-59.5281451344767));
#15599=CARTESIAN_POINT('',(63.1599060447441,4.35064844008503,-56.8963485783305));
#15600=CARTESIAN_POINT('',(59.8613071809554,4.35064844008503,-54.6337735992831));
#15601=CARTESIAN_POINT('',(59.8027586524808,0.924021753974538,-61.7907201135241));
#15602=CARTESIAN_POINT('',(58.0163565755496,-0.899351578707384,-64.3951084391282));
#15603=CARTESIAN_POINT('',(56.5041597886921,0.924021753974538,-59.5281451344767));
#15604=CARTESIAN_POINT('Origin',(76.6961813233682,19.9750902646762,-30.0902790267545));
#15605=CARTESIAN_POINT('Origin',(76.279798748781,19.5500902646762,-30.6973214895033));
#15606=CARTESIAN_POINT('Origin',(75.1909345401145,22.8842880692463,-32.2847721927017));
#15607=CARTESIAN_POINT('Origin',(74.1020703314479,26.2184858738164,-33.8722228959));
#15608=CARTESIAN_POINT('Origin',(74.4838798591621,25.0493515787074,-33.3155843376357));
#15609=CARTESIAN_POINT('Origin',(75.1909345401145,22.8842880692463,-32.2847721927017));
#15610=CARTESIAN_POINT('Origin',(75.8979892210668,20.7192245597852,-31.2539600477677));
#15611=CARTESIAN_POINT('Origin',(74.1020703314479,26.2184858738164,-33.8722228959));
#15612=CARTESIAN_POINT('Origin',(75.8815798231919,26.4759782460255,-31.2778832422195));
#15613=CARTESIAN_POINT('',(75.8230313131288,23.0493515787074,-38.4348297296187));
#15614=CARTESIAN_POINT('',(72.52443244934,23.0493515787074,-36.1722547505712));
#15615=CARTESIAN_POINT('',(79.1801786869807,26.4759782460255,-33.5404582212669));
#15616=CARTESIAN_POINT('',(80.9665807639118,28.2993515787074,-30.9360698956629));
#15617=CARTESIAN_POINT('',(75.8815798231919,26.4759782460255,-31.2778832422195));
#15618=CARTESIAN_POINT('Origin',(57.8672867058489,26.6434858738164,-57.5408479435449));
#15619=CARTESIAN_POINT('Origin',(58.2836692804361,26.2184858738164,-56.9338054807961));
#15620=CARTESIAN_POINT('Origin',(57.1948050717695,22.8842880692463,-58.5212561839945));
#15621=CARTESIAN_POINT('Origin',(56.1059408631029,19.5500902646762,-60.1087068871928));
#15622=CARTESIAN_POINT('Origin',(56.4877503908172,20.7192245597852,-59.5520683289284));
#15623=CARTESIAN_POINT('Origin',(57.1948050717695,22.8842880692463,-58.5212561839945));
#15624=CARTESIAN_POINT('Origin',(57.9018597527218,25.0493515787074,-57.4904440390605));
#15625=CARTESIAN_POINT('Origin',(56.1059408631029,19.5500902646762,-60.1087068871928));
#15626=CARTESIAN_POINT('Origin',(55.0900504267874,22.1458512271032,-61.5897694243446));
#15627=CARTESIAN_POINT('',(61.7457966644281,18.7192245597852,-58.9579728950403));
#15628=CARTESIAN_POINT('',(58.4471978006393,18.7192245597852,-56.6953979159929));
#15629=CARTESIAN_POINT('',(58.3886492905761,22.1458512271032,-63.8523444033921));
#15630=CARTESIAN_POINT('',(56.602247213645,23.9692245597852,-66.4567327289962));
#15631=CARTESIAN_POINT('',(55.0900504267874,22.1458512271032,-61.5897694243446));
#15632=CARTESIAN_POINT('Origin',(73.5142716258797,28.4187751605,-34.729172239139));
#15633=CARTESIAN_POINT('Origin',(73.2738730343559,27.6826535672832,-35.0796483684165));
#15634=CARTESIAN_POINT('Origin',(71.3879049024021,29.6076535672832,-37.829193640867));
#15635=CARTESIAN_POINT('Origin',(69.5019367704483,31.5326535672832,-40.5787389133174));
#15636=CARTESIAN_POINT('Origin',(70.1632502712633,30.8576535672832,-39.6146126489517));
#15637=CARTESIAN_POINT('Origin',(71.3879049024021,29.6076535672832,-37.829193640867));
#15638=CARTESIAN_POINT('Origin',(72.612559533541,28.3576535672832,-36.0437746327823));
#15639=CARTESIAN_POINT('Origin',(69.5019367704483,31.5326535672832,-40.5787389133174));
#15640=CARTESIAN_POINT('Origin',(70.9702127217422,33.3286434385108,-38.4381453729852));
#15641=CARTESIAN_POINT('',(72.330561646676,27.3935519556596,-43.5264870582204));
#15642=CARTESIAN_POINT('',(69.0319627828872,27.3935519556596,-41.2639120791729));
#15643=CARTESIAN_POINT('',(74.268811585531,33.3286434385108,-40.7007203520326));
#15644=CARTESIAN_POINT('',(75.3001913055281,36.4868186918821,-39.1970760511708));
#15645=CARTESIAN_POINT('',(70.9702127217422,33.3286434385108,-38.4381453729852));
#15646=CARTESIAN_POINT('Origin',(68.3705982232752,32.9185761384926,-42.2281127819514));
#15647=CARTESIAN_POINT('Origin',(68.3705982232752,32.0685761384926,-42.2281127819514));
#15648=CARTESIAN_POINT('Origin',(64.0151413886088,32.0685761384926,-48.5779155947448));
#15649=CARTESIAN_POINT('Origin',(64.0151413886088,32.0685761384926,-48.5779155947448));
#15650=CARTESIAN_POINT('Origin',(66.192869805942,32.0685761384926,-45.4030141883481));
#15651=CARTESIAN_POINT('Origin',(64.7787604440373,32.0685761384926,-47.4646384782161));
#15652=CARTESIAN_POINT('Origin',(66.192869805942,32.0685761384926,-45.4030141883481));
#15653=CARTESIAN_POINT('Origin',(67.6069791678466,32.0685761384926,-43.3413898984801));
#15654=CARTESIAN_POINT('Origin',(63.3537768301444,27.3935519521455,-49.5421162958501));
#15655=CARTESIAN_POINT('',(64.7141257539305,33.3286434385108,-54.6304579827584));
#15656=CARTESIAN_POINT('',(61.4155268901417,33.3286434385108,-52.367883003711));
#15657=CARTESIAN_POINT('',(66.6523756939331,27.3935519521455,-51.8046912748975));
#15658=CARTESIAN_POINT('',(67.3594303748854,25.2284884426844,-50.7738791299636));
#15659=CARTESIAN_POINT('',(63.3537768301444,27.3935519521455,-49.5421162958501));
#15660=CARTESIAN_POINT('Origin',(62.1291221990056,26.1435519521455,-51.3275353039348));
#15661=CARTESIAN_POINT('Origin',(65.4277210627943,26.1435519521455,-53.5901102829823));
#15662=CARTESIAN_POINT('Origin',(66.192869805942,13.7,-45.4030141883481));
#15663=CARTESIAN_POINT('',(59.8027586524808,26.4759782460254,-61.7907201135241));
#15664=CARTESIAN_POINT('Origin',(69.4914686697307,13.7,-47.6655891673955));
#15665=CARTESIAN_POINT('',(56.504159788692,26.4759782460254,-59.5281451344767));
#15666=CARTESIAN_POINT('Origin',(59.8613071627027,23.0493515785453,-54.6337736258935));
#15667=CARTESIAN_POINT('',(63.1599060264915,23.0493515785453,-56.8963486049409));
#15668=CARTESIAN_POINT('',(64.3845606574715,21.7993515787074,-55.1109295970877));
#15669=CARTESIAN_POINT('',(59.8613071627027,23.0493515785453,-54.6337736258935));
#15670=CARTESIAN_POINT('Origin',(59.1542524815917,20.8842880692463,-55.6645857710589));
#15671=CARTESIAN_POINT('Origin',(62.4528513453804,20.8842880692463,-57.9271607501064));
#15672=CARTESIAN_POINT('Origin',(66.192869805942,13.7,-45.4030141883481));
#15673=CARTESIAN_POINT('',(57.4874735758526,16.2,-65.1661648142908));
#15674=CARTESIAN_POINT('Origin',(69.4914686697307,13.7,-47.6655891673955));
#15675=CARTESIAN_POINT('',(54.1888747120638,16.2,-62.9035898352433));
#15676=CARTESIAN_POINT('Origin',(58.0653745920691,16.2,-57.2520564195215));
#15677=CARTESIAN_POINT('',(61.3639734558579,16.2,-59.5146313985689));
#15678=CARTESIAN_POINT('',(62.7780828177625,16.2,-57.453007108701));
#15679=CARTESIAN_POINT('',(58.0653745920691,16.2,-57.2520564195215));
#15680=CARTESIAN_POINT('Origin',(58.0653745920691,13.7,-57.2520564195215));
#15681=CARTESIAN_POINT('Origin',(61.3639734558579,13.7,-59.5146313985689));
#15682=CARTESIAN_POINT('Origin',(66.192869805942,13.7,-45.4030141883481));
#15683=CARTESIAN_POINT('',(58.3886492905761,5.25414877289673,-63.8523444033921));
#15684=CARTESIAN_POINT('Origin',(69.4914686697307,13.7,-47.6655891673955));
#15685=CARTESIAN_POINT('',(55.0900504267874,5.25414877289673,-61.5897694243446));
#15686=CARTESIAN_POINT('Origin',(58.4471978006393,8.68077544021481,-56.6953979159929));
#15687=CARTESIAN_POINT('',(61.7457966644281,8.68077544021481,-58.9579728950403));
#15688=CARTESIAN_POINT('',(62.9704512955669,9.93077544021479,-57.1725538869556));
#15689=CARTESIAN_POINT('',(58.4471978006393,8.68077544021481,-56.6953979159929));
#15690=CARTESIAN_POINT('Origin',(59.1542524815917,6.51571193075372,-55.6645857710589));
#15691=CARTESIAN_POINT('Origin',(62.4528513453804,6.51571193075372,-57.9271607501063));
#15692=CARTESIAN_POINT('Origin',(66.192869805942,13.7,-45.4030141883481));
#15693=CARTESIAN_POINT('',(62.2648164916528,-3.4286434385108,-58.2012959989279));
#15694=CARTESIAN_POINT('Origin',(69.4914686697307,13.7,-47.6655891673955));
#15695=CARTESIAN_POINT('',(58.9662176278641,-3.4286434385108,-55.9387210198804));
#15696=CARTESIAN_POINT('Origin',(60.9044675634971,2.50644803447445,-53.1129543183899));
#15697=CARTESIAN_POINT('',(64.2030664272859,2.50644803447445,-55.3755292974374));
#15698=CARTESIAN_POINT('',(64.9101211126078,4.6715115573156,-54.344717146133));
#15699=CARTESIAN_POINT('',(60.9044675634971,2.50644803447445,-53.1129543183899));
#15700=CARTESIAN_POINT('Origin',(62.1291221990056,1.25644804785453,-51.3275353039348));
#15701=CARTESIAN_POINT('Origin',(65.4277210627943,1.25644804785453,-53.5901102829822));
#15702=CARTESIAN_POINT('Origin',(66.192869805942,13.7,-45.4030141883481));
#15703=CARTESIAN_POINT('',(68.0773593078261,-7.52182947312871,-49.7272134572635));
#15704=CARTESIAN_POINT('Origin',(69.4914686697307,13.7,-47.6655891673955));
#15705=CARTESIAN_POINT('',(64.7787604440373,-7.52182947312871,-47.464638478216));
#15706=CARTESIAN_POINT('Origin',(64.7787604440373,-0.668576118924566,-47.464638478216));
#15707=CARTESIAN_POINT('',(68.0773593078261,-0.668576118924564,-49.7272134572635));
#15708=CARTESIAN_POINT('',(68.0773593078261,1.83142386150741,-49.7272134572635));
#15709=CARTESIAN_POINT('',(64.7787604440373,-0.668576118924564,-47.464638478216));
#15710=CARTESIAN_POINT('Origin',(66.192869805942,-0.668576138492551,-45.4030141883481));
#15711=CARTESIAN_POINT('Origin',(69.4914686697308,-0.668576138492551,-47.6655891673955));
#15712=CARTESIAN_POINT('Origin',(66.192869805942,13.7,-45.4030141883481));
#15713=CARTESIAN_POINT('',(74.268811585531,-5.92864343851077,-40.7007203520326));
#15714=CARTESIAN_POINT('Origin',(69.4914686697307,13.7,-47.6655891673955));
#15715=CARTESIAN_POINT('',(70.9702127217423,-5.92864343851077,-38.4381453729851));
#15716=CARTESIAN_POINT('Origin',(69.0319627817396,0.00644804785454894,-41.2639120808461));
#15717=CARTESIAN_POINT('',(72.3305616455283,0.00644804785455033,-43.5264870598935));
#15718=CARTESIAN_POINT('',(71.623506964576,2.17151155731561,-44.5572992048275));
#15719=CARTESIAN_POINT('',(69.0319627817396,0.00644804785455033,-41.2639120808461));
#15720=CARTESIAN_POINT('Origin',(70.2566174128784,1.25644804785455,-39.4784930727614));
#15721=CARTESIAN_POINT('Origin',(73.5552162766672,1.25644804785455,-41.7410680518088));
#15722=CARTESIAN_POINT('Origin',(66.192869805942,13.7,-45.4030141883481));
#15723=CARTESIAN_POINT('',(79.1801786869807,0.924021753974569,-33.5404582212669));
#15724=CARTESIAN_POINT('Origin',(69.4914686697307,13.7,-47.6655891673955));
#15725=CARTESIAN_POINT('',(75.8815798231919,0.924021753974569,-31.2778832422195));
#15726=CARTESIAN_POINT('Origin',(72.52443244934,4.35064842129264,-36.1722547505712));
#15727=CARTESIAN_POINT('',(75.8230313131288,4.35064842129264,-38.4348297296187));
#15728=CARTESIAN_POINT('',(74.5983766819899,5.60064842129262,-40.2202487377034));
#15729=CARTESIAN_POINT('',(72.52443244934,4.35064842129264,-36.1722547505712));
#15730=CARTESIAN_POINT('Origin',(73.2314871302923,6.51571193075374,-35.1414426056372));
#15731=CARTESIAN_POINT('Origin',(76.5300859940811,6.51571193075374,-37.4040175846847));
#15732=CARTESIAN_POINT('Origin',(66.192869805942,13.7,-45.4030141883481));
#15733=CARTESIAN_POINT('',(81.4954637636089,11.2,-30.1650135205003));
#15734=CARTESIAN_POINT('Origin',(69.4914686697307,13.7,-47.6655891673955));
#15735=CARTESIAN_POINT('',(78.1968648998202,11.2,-27.9024385414528));
#15736=CARTESIAN_POINT('Origin',(74.3203649829222,11.2,-33.5539720109603));
#15737=CARTESIAN_POINT('',(77.6189638467109,11.2,-35.8165469900078));
#15738=CARTESIAN_POINT('',(76.204854521699,11.2,-37.87817122609));
#15739=CARTESIAN_POINT('',(74.3203649829222,11.2,-33.5539720109603));
#15740=CARTESIAN_POINT('Origin',(74.3203650198148,13.7,-33.5539719571746));
#15741=CARTESIAN_POINT('Origin',(77.6189638836036,13.7,-35.8165469362221));
#15742=CARTESIAN_POINT('Origin',(66.192869805942,13.7,-45.4030141883481));
#15743=CARTESIAN_POINT('',(80.5942880488853,22.1458512271033,-31.478833931399));
#15744=CARTESIAN_POINT('Origin',(69.4914686697307,13.7,-47.6655891673955));
#15745=CARTESIAN_POINT('',(77.2956891850966,22.1458512271033,-29.2162589523515));
#15746=CARTESIAN_POINT('Origin',(73.9385418476266,18.7192245969201,-34.1106304076621));
#15747=CARTESIAN_POINT('',(77.2371407114154,18.7192245969201,-36.3732053867096));
#15748=CARTESIAN_POINT('',(76.0124860438946,17.4692245597852,-38.1586244478354));
#15749=CARTESIAN_POINT('',(73.9385418476266,18.7192245969201,-34.1106304076621));
#15750=CARTESIAN_POINT('Origin',(73.2314871302923,20.8842880692463,-35.1414426056372));
#15751=CARTESIAN_POINT('Origin',(76.5300859940811,20.8842880692463,-37.4040175846847));
#15752=CARTESIAN_POINT('Origin',(66.192869805942,13.7,-45.4030141883481));
#15753=CARTESIAN_POINT('',(76.7181208478086,30.8286434385108,-37.1298823358632));
#15754=CARTESIAN_POINT('Origin',(69.4914686697307,13.7,-47.6655891673955));
#15755=CARTESIAN_POINT('',(73.4195219840199,30.8286434385108,-34.8673073568157));
#15756=CARTESIAN_POINT('Origin',(71.4812720440172,24.8935519521455,-37.6930740646767));
#15757=CARTESIAN_POINT('',(74.779870907806,24.8935519521455,-39.9556490437241));
#15758=CARTESIAN_POINT('',(74.0728162268537,22.7284884426844,-40.9864611886581));
#15759=CARTESIAN_POINT('',(71.4812720440172,24.8935519521455,-37.6930740646767));
#15760=CARTESIAN_POINT('Origin',(70.2566174128784,26.1435519521455,-39.4784930727614));
#15761=CARTESIAN_POINT('Origin',(73.5552162766672,26.1435519521455,-41.7410680518088));
#15762=CARTESIAN_POINT('Origin',(66.192869805942,13.7,-45.4030141883481));
#15763=CARTESIAN_POINT('',(70.9055780316354,34.9218294731287,-45.6039648775276));
#15764=CARTESIAN_POINT('Origin',(69.4914686697307,13.7,-47.6655891673955));
#15765=CARTESIAN_POINT('',(67.6069791678466,34.9218294731287,-43.3413898984801));
#15766=CARTESIAN_POINT('Origin',(67.6069791678466,28.0685761120667,-43.3413898984801));
#15767=CARTESIAN_POINT('',(70.9055780316354,28.0685761120667,-45.6039648775276));
#15768=CARTESIAN_POINT('',(70.9055780316354,25.5685761384926,-45.6039648775276));
#15769=CARTESIAN_POINT('',(67.6069791678466,28.0685761120667,-43.3413898984801));
#15770=CARTESIAN_POINT('Origin',(66.192869805942,28.0685761384926,-45.4030141883481));
#15771=CARTESIAN_POINT('',(68.0773593078261,28.0685761384926,-49.7272134572635));
#15772=CARTESIAN_POINT('Origin',(69.4914686697307,28.0685761384926,-47.6655891673955));
#15773=CARTESIAN_POINT('',(64.7787604440373,28.0685761384926,-47.4646384782161));
#15774=CARTESIAN_POINT('Origin',(64.7787604440373,34.9218294731287,-47.4646384782161));
#15775=CARTESIAN_POINT('',(68.0773593078261,34.9218294731287,-49.7272134572635));
#15776=CARTESIAN_POINT('',(68.0773593078261,38.5685761384926,-49.7272134572635));
#15777=CARTESIAN_POINT('',(64.7787604440373,34.9218294731287,-47.4646384782161));
#15778=CARTESIAN_POINT('Origin',(66.192869805942,13.7,-45.4030141883481));
#15779=CARTESIAN_POINT('Origin',(69.4914686697307,13.7,-47.6655891673955));
#15780=CARTESIAN_POINT('Origin',(69.4914686697307,13.7,-47.6655891673955));
#15781=CARTESIAN_POINT('',(0.,0.,0.));
#15782=CARTESIAN_POINT('',(0.,0.,0.));
#15783=CARTESIAN_POINT('Origin',(62.8942710150302,13.699999993795,-43.1404392466503));
#15784=CARTESIAN_POINT('',(59.3947214864606,13.7000000055468,-45.5905725281451));
#15785=CARTESIAN_POINT('Origin',(61.6572964326603,13.7000000026882,-42.2919736418254));
#15786=CARTESIAN_POINT('',(60.6316960688305,13.6999999966536,-46.43903813297));
#15787=CARTESIAN_POINT('',(60.6316960688305,13.6999999966536,-46.43903813297));
#15788=CARTESIAN_POINT('Origin',(62.8942710150302,13.699999993795,-43.1404392466503));
#15789=CARTESIAN_POINT('Origin',(62.894271009135,13.7,-43.1404392552448));
#15790=CARTESIAN_POINT('',(55.2267325403644,13.7000000170177,-51.6670667980385));
#15791=CARTESIAN_POINT('Origin',(61.6572964267651,13.7000000088932,-42.2919736504199));
#15792=CARTESIAN_POINT('',(56.4637071227342,13.7000000081245,-52.5155324028633));
#15793=CARTESIAN_POINT('',(56.4637071227342,13.7000000081245,-52.5155324028633));
#15794=CARTESIAN_POINT('Origin',(62.894271009135,13.7,-43.1404392552448));
#15795=CARTESIAN_POINT('Origin',(61.6572964267651,13.7000000088932,-42.2919736504199));
#15796=CARTESIAN_POINT('Origin',(62.894271009135,13.7,-43.1404392552448));
#15797=CARTESIAN_POINT('Origin',(64.5051555817466,13.7000067859673,-44.2453766552995));
#15798=CARTESIAN_POINT('',(65.3424075427012,2.93544476669883,-46.6386204745973));
#15799=CARTESIAN_POINT('',(67.0393387771767,2.93544434267948,-44.1646713264789));
#15800=CARTESIAN_POINT('Origin',(66.1908740205438,13.7000067738479,-45.4016446458658));
#15801=CARTESIAN_POINT('',(67.404031846651,2.93544475187684,-48.0527298159721));
#15802=CARTESIAN_POINT('',(63.6566890635921,2.93544477881826,-45.4823524563802));
#15803=CARTESIAN_POINT('',(69.1009630811265,2.93544432785749,-45.5787806678536));
#15804=CARTESIAN_POINT('Origin',(68.2524983244936,13.7000067590259,-46.8157539872406));
#15805=CARTESIAN_POINT('',(65.3536202734317,2.93544435479891,-43.0084032913636));
#15806=CARTESIAN_POINT('Origin',(63.6566890635921,2.93544477881826,-45.4823524563802));
#15807=CARTESIAN_POINT('',(65.342407543056,3.81313971200453,-46.6386204740801));
#15808=CARTESIAN_POINT('',(65.3424075448768,8.31772238994509,-46.6386204714255));
#15809=CARTESIAN_POINT('',(67.4040318470058,3.81314068887529,-48.0527298154548));
#15810=CARTESIAN_POINT('',(63.6566890682381,3.81314071581671,-45.4823524588064));
#15811=CARTESIAN_POINT('',(67.4040318488266,8.31772576797583,-48.0527298128002));
#15812=CARTESIAN_POINT('Origin',(65.3536202780758,3.81314039730856,-43.0084032937925));
#15813=CARTESIAN_POINT('',(67.0393387775296,3.81313933594298,-44.1646713259644));
#15814=CARTESIAN_POINT('',(67.0393387795171,8.75657019812119,-44.1646713230668));
#15815=CARTESIAN_POINT('',(69.1009630814794,3.81314037036714,-45.5787806673392));
#15816=CARTESIAN_POINT('',(69.1009630834669,8.75657357615193,-45.5787806644416));
#15817=CARTESIAN_POINT('',(65.3536202780758,3.81314039730856,-43.0084032937925));
#15818=CARTESIAN_POINT('Origin',(64.5051554340438,13.6999994905911,-44.2453768706348));
#15819=CARTESIAN_POINT('Origin',(66.1908738613267,13.6999994905911,-45.4016448779877));
#15820=CARTESIAN_POINT('Origin',(68.2524981767908,13.6999994636497,-46.8157542025759));
#15821=CARTESIAN_POINT('Origin',(68.2524974887546,13.7000067560615,-46.8157552056611));
#15822=CARTESIAN_POINT('Origin',(64.3814579096699,13.6999994905911,-44.1605302629764));
#15823=CARTESIAN_POINT('',(58.8487179194433,13.6999994905911,-52.4918739841626));
#15824=CARTESIAN_POINT('Origin',(64.505155367062,13.6999994905911,-44.2453768246907));
#15825=CARTESIAN_POINT('',(60.5344364137081,13.6999994905911,-53.6481420374596));
#15826=CARTESIAN_POINT('',(58.7250204620513,13.6999994905911,-52.4070274224483));
#15827=CARTESIAN_POINT('',(60.9234458867828,17.3443925788863,-53.0810067081245));
#15828=CARTESIAN_POINT('Origin',(66.1908738613267,13.6999994905911,-45.4016448779877));
#15829=CARTESIAN_POINT('',(61.7719116237552,19.9424686683139,-51.8440319595048));
#15830=CARTESIAN_POINT('Origin',(66.1908738613267,13.6999994905911,-45.4016448779877));
#15831=CARTESIAN_POINT('',(65.3424087305479,23.5868595876859,-46.6386187428404));
#15832=CARTESIAN_POINT('Origin',(66.1908738613267,13.6999994905911,-45.4016448779877));
#15833=CARTESIAN_POINT('',(67.0393399650214,23.5868592539699,-44.1646695947249));
#15834=CARTESIAN_POINT('Origin',(66.1908738613267,13.6999994905911,-45.4016448779877));
#15835=CARTESIAN_POINT('',(70.6098365978037,19.9424669724253,-38.9592570691185));
#15836=CARTESIAN_POINT('Origin',(66.1908738613267,13.6999994905911,-45.4016448779877));
#15837=CARTESIAN_POINT('',(71.4583023190867,17.3443908669837,-37.7222823433722));
#15838=CARTESIAN_POINT('Origin',(66.1908738613267,13.6999994905911,-45.4016448779877));
#15839=CARTESIAN_POINT('',(71.4583020576875,10.0556069333564,-37.722282724465));
#15840=CARTESIAN_POINT('Origin',(66.1908738613267,13.6999994905911,-45.4016448779877));
#15841=CARTESIAN_POINT('',(70.6098358480328,7.4575313263938,-38.9592581622065));
#15842=CARTESIAN_POINT('Origin',(66.1908738613267,13.6999994905911,-45.4016448779877));
#15843=CARTESIAN_POINT('Origin',(66.1908738613267,13.6999994905911,-45.4016448779877));
#15844=CARTESIAN_POINT('',(61.7719109102737,7.45753298524188,-51.8440329996865));
#15845=CARTESIAN_POINT('Origin',(66.1908738613267,13.6999994905911,-45.4016448779877));
#15846=CARTESIAN_POINT('',(60.9234454490619,10.0556093561371,-53.0810073462761));
#15847=CARTESIAN_POINT('Origin',(66.1908738613267,13.6999994905911,-45.4016448779877));
#15848=CARTESIAN_POINT('Origin',(66.1908738613267,13.6999994905911,-45.4016448779877));
#15849=CARTESIAN_POINT('Origin',(64.5051552482583,13.6999999909589,-44.245376997894));
#15850=CARTESIAN_POINT('',(65.9023888079749,-0.283500404505055,-42.20835587143));
#15851=CARTESIAN_POINT('',(63.1079216909853,-0.283500405268179,-46.2823981207956));
#15852=CARTESIAN_POINT('Origin',(64.5051552495137,-0.668576138492556,-44.2453769960637));
#15853=CARTESIAN_POINT('',(67.249955259549,0.354850759533937,-40.2437442200125));
#15854=CARTESIAN_POINT('Origin',(64.5051552482583,13.6999999909589,-44.245376997894));
#15855=CARTESIAN_POINT('',(69.6700347719307,2.82501607528221,-36.7155201373872));
#15856=CARTESIAN_POINT('Origin',(68.5689028564502,1.25644804785455,-38.320855880477));
#15857=CARTESIAN_POINT('',(70.6565218803069,4.56902388693352,-35.2773245925032));
#15858=CARTESIAN_POINT('Origin',(64.5051552482583,13.6999999909589,-44.245376997894));
#15859=CARTESIAN_POINT('',(72.0537554367431,8.84747571403494,-33.2403034708216));
#15860=CARTESIAN_POINT('Origin',(71.5437725738641,6.51571193075374,-33.9838054133529));
#15861=CARTESIAN_POINT('',(72.4148347780932,11.2298346872841,-32.713887366982));
#15862=CARTESIAN_POINT('Origin',(64.5051552482583,13.6999999909589,-44.245376997894));
#15863=CARTESIAN_POINT('',(72.4148347763349,16.1701653122313,-32.7138873695455));
#15864=CARTESIAN_POINT('Origin',(72.6326504633866,13.7,-32.3963347648903));
#15865=CARTESIAN_POINT('',(72.0537554334825,18.5525242837362,-33.2403034755753));
#15866=CARTESIAN_POINT('Origin',(64.5051552482583,13.6999999909589,-44.245376997894));
#15867=CARTESIAN_POINT('',(70.6565218751846,22.8309761057697,-35.277324599971));
#15868=CARTESIAN_POINT('Origin',(71.5437725738641,20.8842880692463,-33.9838054133529));
#15869=CARTESIAN_POINT('',(69.670034767015,24.5749839139324,-36.7155201445538));
#15870=CARTESIAN_POINT('Origin',(64.5051552482583,13.6999999909589,-44.245376997894));
#15871=CARTESIAN_POINT('',(67.2499552560817,27.0451492246128,-40.2437442250675));
#15872=CARTESIAN_POINT('Origin',(68.5689028564502,26.1435519521455,-38.320855880477));
#15873=CARTESIAN_POINT('',(65.9023888064231,27.6835003869075,-42.2083558736923));
#15874=CARTESIAN_POINT('Origin',(64.5051552482583,13.6999999909589,-44.245376997894));
#15875=CARTESIAN_POINT('',(63.1079216925371,27.6835003876706,-46.2823981185333));
#15876=CARTESIAN_POINT('Origin',(64.5051552495137,28.0685761384926,-44.2453769960638));
#15877=CARTESIAN_POINT('',(61.7603552426363,27.0451492260279,-48.2470097675113));
#15878=CARTESIAN_POINT('Origin',(64.5051552482583,13.6999999909589,-44.245376997894));
#15879=CARTESIAN_POINT('',(59.3402757309993,24.5749839161555,-51.7752338490509));
#15880=CARTESIAN_POINT('Origin',(60.4414076425773,26.1435519521455,-50.1698981116505));
#15881=CARTESIAN_POINT('',(58.3537886223453,22.8309761079031,-53.2134293943399));
#15882=CARTESIAN_POINT('Origin',(64.5051552482583,13.6999999909589,-44.245376997894));
#15883=CARTESIAN_POINT('',(56.9565550633437,18.552524285241,-55.2504505197616));
#15884=CARTESIAN_POINT('Origin',(57.4665379251634,20.8842880692463,-54.5069485787746));
#15885=CARTESIAN_POINT('',(56.595475720249,16.1701653129048,-55.7768666261445));
#15886=CARTESIAN_POINT('Origin',(64.5051552482583,13.6999999909589,-44.245376997894));
#15887=CARTESIAN_POINT('',(56.5954757184907,11.2298346866106,-55.776866628708));
#15888=CARTESIAN_POINT('Origin',(56.3776600356409,13.7,-56.0944192272372));
#15889=CARTESIAN_POINT('',(56.956555060083,8.84747571253012,-55.2504505245153));
#15890=CARTESIAN_POINT('Origin',(64.5051552482583,13.6999999909589,-44.245376997894));
#15891=CARTESIAN_POINT('',(58.3537886172229,4.56902388480008,-53.2134294018077));
#15892=CARTESIAN_POINT('Origin',(57.4665379251634,6.51571193075371,-54.5069485787746));
#15893=CARTESIAN_POINT('',(59.3402757260836,2.82501607305912,-51.7752338562175));
#15894=CARTESIAN_POINT('Origin',(64.5051552482583,13.6999999909589,-44.245376997894));
#15895=CARTESIAN_POINT('',(61.760355239169,0.354850758118801,-48.2470097725662));
#15896=CARTESIAN_POINT('Origin',(60.4414076425773,1.25644804785453,-50.1698981116505));
#15897=CARTESIAN_POINT('Origin',(64.5051552482583,13.6999999909589,-44.245376997894));
#15898=CARTESIAN_POINT('Origin',(64.5051555817466,13.7000067859673,-44.2453766552995));
#15899=CARTESIAN_POINT('',(61.3419566596529,20.3813219518025,-52.470861553751));
#15900=CARTESIAN_POINT('',(60.4934917345648,17.7832450336841,-53.707835118728));
#15901=CARTESIAN_POINT('Origin',(66.1908740205438,13.7000067738479,-45.4016446458658));
#15902=CARTESIAN_POINT('',(63.4035809636027,20.3813219369805,-53.8849708951257));
#15903=CARTESIAN_POINT('',(59.656238323918,20.3813219639219,-51.3145936338771));
#15904=CARTESIAN_POINT('',(62.5551160385146,17.7832450188621,-55.1219444601028));
#15905=CARTESIAN_POINT('Origin',(68.2524983244936,13.7000067590259,-46.8157539872406));
#15906=CARTESIAN_POINT('',(58.8077733984453,17.7832450458035,-52.5515671985904));
#15907=CARTESIAN_POINT('Origin',(59.6562368453375,20.381323473103,-51.3145957894936));
#15908=CARTESIAN_POINT('',(63.9785310073229,17.6901812365121,-48.6270105308867));
#15909=CARTESIAN_POINT('',(63.8335359639944,19.9424686164514,-53.2581412479733));
#15910=CARTESIAN_POINT('',(60.086193315922,19.9424686433928,-50.6877639809714));
#15911=CARTESIAN_POINT('',(66.0401542653623,17.6901822892466,-50.04112139709));
#15912=CARTESIAN_POINT('Origin',(64.5051554340438,13.6999994905911,-44.2453768706348));
#15913=CARTESIAN_POINT('',(62.9850701172707,17.3443926390467,-54.4951161565992));
#15914=CARTESIAN_POINT('',(59.2377275422757,17.3443925910058,-51.9247387822336));
#15915=CARTESIAN_POINT('Origin',(68.2524981767908,13.6999994636497,-46.8157542025759));
#15916=CARTESIAN_POINT('Origin',(59.2377275422757,17.3443925910058,-51.9247387822336));
#15917=CARTESIAN_POINT('',(63.3450435510414,14.8726776901939,-49.5505693180498));
#15918=CARTESIAN_POINT('',(65.4066668090808,14.8726787429285,-50.9646801842531));
#15919=CARTESIAN_POINT('Origin',(68.2524974887546,13.7000067560615,-46.8157552056611));
#15920=CARTESIAN_POINT('Origin',(64.5051555817466,13.7000067859673,-44.2453766552995));
#15921=CARTESIAN_POINT('',(60.4934938090947,9.61675946702816,-53.7078320942794));
#15922=CARTESIAN_POINT('',(61.3419600541599,7.01868389620498,-52.4708566049131));
#15923=CARTESIAN_POINT('Origin',(66.1908740205438,13.7000067738479,-45.4016446458658));
#15924=CARTESIAN_POINT('',(62.5551181130445,9.61675945220613,-55.1219414356542));
#15925=CARTESIAN_POINT('',(58.8077754330478,9.61675947914758,-52.5515641467547));
#15926=CARTESIAN_POINT('',(63.4035843581097,7.01868388138299,-53.8849659462879));
#15927=CARTESIAN_POINT('Origin',(68.2524983244936,13.7000067590259,-46.8157539872406));
#15928=CARTESIAN_POINT('',(59.6562416530925,7.0186839083244,-51.3145886402264));
#15929=CARTESIAN_POINT('Origin',(58.807770593688,9.61675453963277,-52.5515712020376));
#15930=CARTESIAN_POINT('',(63.1300648063138,12.3078967536442,-49.8639859560238));
#15931=CARTESIAN_POINT('',(62.9850697530117,10.0556093413151,-54.4951166876509));
#15932=CARTESIAN_POINT('',(59.2377270689186,10.0556093682565,-51.9247393959416));
#15933=CARTESIAN_POINT('',(65.1916897263823,12.307897367692,-51.2780943991616));
#15934=CARTESIAN_POINT('Origin',(60.08619250511,7.4575329973613,-50.68776503219));
#15935=CARTESIAN_POINT('',(64.1935085846725,9.92924787616976,-48.3135955948283));
#15936=CARTESIAN_POINT('',(63.8335352142235,7.45753297041989,-53.2581423410612));
#15937=CARTESIAN_POINT('',(66.255133504741,9.92924849021763,-49.7277040379661));
#15938=CARTESIAN_POINT('',(60.08619250511,7.45753299736131,-50.68776503219));
#15939=CARTESIAN_POINT('Origin',(64.5051554340438,13.6999994905911,-44.2453768706348));
#15940=CARTESIAN_POINT('Origin',(68.2524981767908,13.6999994636497,-46.8157542025759));
#15941=CARTESIAN_POINT('Origin',(68.2524974887546,13.7000067560615,-46.8157552056611));
#15942=CARTESIAN_POINT('Origin',(69.3540685421655,7.01868186029147,-37.176165941898));
#15943=CARTESIAN_POINT('',(71.0397870840249,7.01868184817205,-38.3324340031568));
#15944=CARTESIAN_POINT('',(68.4032138547809,9.70982142188958,-42.1762833954724));
#15945=CARTESIAN_POINT('',(72.6714601519826,7.4575313115718,-40.3733675035812));
#15946=CARTESIAN_POINT('',(68.924117314561,7.45753133851322,-37.8029901067009));
#15947=CARTESIAN_POINT('',(73.1014113879747,7.01868183335005,-39.7465433445316));
#15948=CARTESIAN_POINT('',(70.4648371128203,9.7098224746241,-43.5903942616757));
#15949=CARTESIAN_POINT('',(69.3540685421655,7.01868186029147,-37.1761659418981));
#15950=CARTESIAN_POINT('Origin',(64.5051554340438,13.6999994905911,-44.2453768706348));
#15951=CARTESIAN_POINT('',(73.5199263732178,10.0556069067143,-39.1363920489566));
#15952=CARTESIAN_POINT('',(69.7725830882073,10.0556073909003,-36.5660153054386));
#15953=CARTESIAN_POINT('Origin',(68.2524981767908,13.6999994636497,-46.8157542025759));
#15954=CARTESIAN_POINT('Origin',(69.7725830882073,10.0556073909003,-36.5660153054386));
#15955=CARTESIAN_POINT('',(71.8882536801897,9.61675706062929,-37.0954580019239));
#15956=CARTESIAN_POINT('',(69.0367039325525,12.5273222924636,-41.2527207864497));
#15957=CARTESIAN_POINT('',(73.9498779841395,9.61675704580728,-38.5095673432986));
#15958=CARTESIAN_POINT('',(70.2025351387148,9.61675707274872,-35.9391899409289));
#15959=CARTESIAN_POINT('',(71.0983271905919,12.5273233451981,-42.666831652653));
#15960=CARTESIAN_POINT('Origin',(64.5051555817466,13.7000067859673,-44.2453766552995));
#15961=CARTESIAN_POINT('Origin',(66.1908740205438,13.7000067738479,-45.4016446458658));
#15962=CARTESIAN_POINT('Origin',(68.2524983244936,13.7000067590259,-46.8157539872406));
#15963=CARTESIAN_POINT('Origin',(68.2524974887546,13.7000067560615,-46.8157552056611));
#15964=CARTESIAN_POINT('Origin',(66.1908737437785,13.7,-45.4016450493608));
#15965=CARTESIAN_POINT('',(55.922413510287,21.2942242413717,-60.371991478859));
#15966=CARTESIAN_POINT('',(55.4557574208585,19.8652823251274,-61.0523274945155));
#15967=CARTESIAN_POINT('',(56.6294681912393,23.4592877508328,-59.341179333925));
#15968=CARTESIAN_POINT('',(56.5824390575918,18.7152829619543,-59.4097429166798));
#15969=CARTESIAN_POINT('',(60.5181306063114,14.6981386089177,-53.6719142077744));
#15970=CARTESIAN_POINT('',(57.0490951470203,20.1442248781986,-58.7294069010234));
#15971=CARTESIAN_POINT('',(57.7561498279727,22.3092883876597,-57.6985947560894));
#15972=CARTESIAN_POINT('',(58.4452017384758,18.7192245597852,-56.6940287770056));
#15973=CARTESIAN_POINT('',(53.3016522876927,23.9692245597852,-64.1927886109615));
#15974=CARTESIAN_POINT('',(59.8593111105655,23.0493515683116,-54.632404472289));
#15975=CARTESIAN_POINT('Origin',(59.1522564194281,20.8842880692463,-55.6632166320717));
#15976=CARTESIAN_POINT('',(58.463204508925,24.4743518971208,-56.6677826111554));
#15977=CARTESIAN_POINT('',(61.0839657315193,21.7993515787074,-52.846985479053));
#15978=CARTESIAN_POINT('',(58.9298605983535,25.9032938133651,-55.987446595499));
#15979=CARTESIAN_POINT('',(57.7561498279727,22.3092883876597,-57.6985947560894));
#15980=CARTESIAN_POINT('',(57.8031789616202,27.0532931765382,-57.6300311733346));
#15981=CARTESIAN_POINT('',(62.5838815819112,22.1736494603286,-50.6602642584531));
#15982=CARTESIAN_POINT('',(57.3365228721917,25.6243512602939,-58.3103671889911));
#15983=CARTESIAN_POINT('',(56.6294681912393,23.4592877508328,-59.341179333925));
#15984=CARTESIAN_POINT('',(56.5021637265286,26.4759782460254,-59.5267759954894));
#15985=CARTESIAN_POINT('',(61.0839657315193,21.7993515787074,-52.846985479053));
#15986=CARTESIAN_POINT('',(58.9642215657006,30.8286434385108,-55.9373518808932));
#15987=CARTESIAN_POINT('Origin',(66.1908737437785,13.7,-45.4016450493608));
#15988=CARTESIAN_POINT('',(59.44593904305,29.3535822301271,-55.2350579290167));
#15989=CARTESIAN_POINT('',(57.9328418457034,33.9868186918821,-57.440996181755));
#15990=CARTESIAN_POINT('',(58.6376669864984,28.5285822301271,-56.4134344743526));
#15991=CARTESIAN_POINT('',(60.6705936741888,30.6035822301271,-53.449638920932));
#15992=CARTESIAN_POINT('',(59.2881569327573,26.5367249044394,-55.4650878261725));
#15993=CARTESIAN_POINT('',(61.5604295078579,19.5788267836416,-52.152350876522));
#15994=CARTESIAN_POINT('',(60.096428989309,27.3617249044394,-54.2867112808366));
#15995=CARTESIAN_POINT('',(61.3210836204478,28.6117249044394,-52.5012922727518));
#15996=CARTESIAN_POINT('',(60.9024715057032,24.8935519521455,-53.1115851730323));
#15997=CARTESIAN_POINT('',(57.9328418457034,33.9868186918821,-57.440996181755));
#15998=CARTESIAN_POINT('',(63.3517807738869,27.3935519340606,-49.5407471482524));
#15999=CARTESIAN_POINT('Origin',(62.127126136842,26.1435519521455,-51.3261661649475));
#16000=CARTESIAN_POINT('',(62.5457382515866,29.8617249044394,-50.7158732646671));
#16001=CARTESIAN_POINT('',(64.0588354489332,25.2284884426844,-48.5099350119289));
#16002=CARTESIAN_POINT('',(63.3540103081383,30.6867249044394,-49.5374967193312));
#16003=CARTESIAN_POINT('',(61.3210836204478,28.6117249044394,-52.5012922727518));
#16004=CARTESIAN_POINT('',(62.7035203618793,32.6785822301271,-50.4858433675114));
#16005=CARTESIAN_POINT('',(65.4636603066198,24.2267913908177,-46.4618465630156));
#16006=CARTESIAN_POINT('',(61.8952483053276,31.8535822301271,-51.6642199128473));
#16007=CARTESIAN_POINT('',(60.6705936741888,30.6035822301271,-53.449638920932));
#16008=CARTESIAN_POINT('',(61.4135308279782,33.3286434385108,-52.3665138647237));
#16009=CARTESIAN_POINT('',(64.0588354489332,25.2284884426844,-48.5099350119289));
#16010=CARTESIAN_POINT('',(64.7767643818738,34.9218294731287,-47.4632693392288));
#16011=CARTESIAN_POINT('Origin',(66.1908737437785,13.7,-45.4016450493608));
#16012=CARTESIAN_POINT('',(64.7767643818738,33.2185755016657,-47.4632693392288));
#16013=CARTESIAN_POINT('',(64.7767643818738,38.5685761384926,-47.4632693392288));
#16014=CARTESIAN_POINT('',(63.8434522030168,33.2185755016657,-48.8239413705416));
#16015=CARTESIAN_POINT('',(66.1908737437785,33.2185755016657,-45.4016450493608));
#16016=CARTESIAN_POINT('',(63.8434522030168,30.9185767753195,-48.8239413705416));
#16017=CARTESIAN_POINT('',(63.8434522030168,22.8842880692463,-48.8239413705416));
#16018=CARTESIAN_POINT('',(64.7767643818738,30.9185767753195,-47.4632693392288));
#16019=CARTESIAN_POINT('',(66.1908737437785,30.9185767753195,-45.4016450493608));
#16020=CARTESIAN_POINT('',(64.7767643818738,28.0685761384926,-47.4632693392288));
#16021=CARTESIAN_POINT('',(64.7767643818738,38.5685761384926,-47.4632693392288));
#16022=CARTESIAN_POINT('',(67.6049831056831,28.0685761384926,-43.3400207594929));
#16023=CARTESIAN_POINT('Origin',(66.1908737437785,28.0685761384926,-45.4016450493608));
#16024=CARTESIAN_POINT('',(67.6049831056831,30.9185767753195,-43.3400207594929));
#16025=CARTESIAN_POINT('',(67.6049831056831,25.5685761384926,-43.3400207594929));
#16026=CARTESIAN_POINT('',(68.5382952845402,30.9185767753195,-41.97934872818));
#16027=CARTESIAN_POINT('',(66.1908737437785,30.9185767753195,-45.4016450493608));
#16028=CARTESIAN_POINT('',(68.5382952845402,33.2185755016657,-41.97934872818));
#16029=CARTESIAN_POINT('',(68.5382952845402,23.4592880692463,-41.97934872818));
#16030=CARTESIAN_POINT('',(67.6049831056831,33.2185755016657,-43.3400207594929));
#16031=CARTESIAN_POINT('',(66.1908737437785,33.2185755016657,-45.4016450493608));
#16032=CARTESIAN_POINT('',(67.6049831056831,34.9218294731287,-43.3400207594929));
#16033=CARTESIAN_POINT('',(67.6049831056831,25.5685761384926,-43.3400207594929));
#16034=CARTESIAN_POINT('',(70.9682166595787,33.3286434385108,-38.4367762339979));
#16035=CARTESIAN_POINT('Origin',(66.1908737437785,13.7,-45.4016450493608));
#16036=CARTESIAN_POINT('',(70.4864991822293,31.8535822301271,-39.1390701858744));
#16037=CARTESIAN_POINT('',(71.9995963795758,36.4868186918821,-36.9331319331361));
#16038=CARTESIAN_POINT('',(69.6782271256777,32.6785822301271,-40.3174467312103));
#16039=CARTESIAN_POINT('',(71.7111538133681,30.6035822301271,-37.3536511777896));
#16040=CARTESIAN_POINT('',(69.0277371794187,30.6867249044394,-41.2657933793904));
#16041=CARTESIAN_POINT('',(66.7554646043181,23.7288267836416,-44.5785303290409));
#16042=CARTESIAN_POINT('',(69.8360092359703,29.8617249044394,-40.0874168340545));
#16043=CARTESIAN_POINT('',(71.0606638671091,28.6117249044394,-38.3019978259698));
#16044=CARTESIAN_POINT('',(69.0299667195761,27.3935519521455,-41.2625429418588));
#16045=CARTESIAN_POINT('',(71.9995963795758,36.4868186918821,-36.9331319331361));
#16046=CARTESIAN_POINT('',(71.4792759818537,24.8935519521455,-37.6917049256894));
#16047=CARTESIAN_POINT('Origin',(70.2546213507149,26.1435519521455,-39.4771239337741));
#16048=CARTESIAN_POINT('',(72.285318498248,27.3617249044394,-36.5165788178851));
#16049=CARTESIAN_POINT('',(70.7722213009014,22.7284884426844,-38.7225170706234));
#16050=CARTESIAN_POINT('',(73.0935905547996,26.5367249044394,-35.3382022725492));
#16051=CARTESIAN_POINT('',(71.0606638671091,28.6117249044394,-38.3019978259698));
#16052=CARTESIAN_POINT('',(73.7440805010586,28.5285822301271,-34.389855624369));
#16053=CARTESIAN_POINT('',(70.9839405563181,20.0767913908177,-38.4138524288648));
#16054=CARTESIAN_POINT('',(72.935808444507,29.3535822301271,-35.5682321697049));
#16055=CARTESIAN_POINT('',(71.7111538133681,30.6035822301271,-37.3536511777896));
#16056=CARTESIAN_POINT('',(73.4175259218564,30.8286434385108,-34.8659382178285));
#16057=CARTESIAN_POINT('',(70.7722213009014,22.7284884426844,-38.7225170706234));
#16058=CARTESIAN_POINT('',(75.8795837610284,26.4759782460255,-31.2765141032322));
#16059=CARTESIAN_POINT('Origin',(66.1908737437785,13.7,-45.4016450493608));
#16060=CARTESIAN_POINT('',(75.0452246153653,25.624351260294,-32.4929229097306));
#16061=CARTESIAN_POINT('',(77.6659858379596,28.2993515787074,-28.6721257776282));
#16062=CARTESIAN_POINT('',(74.5785685259368,27.0532931765382,-33.173258925387));
#16063=CARTESIAN_POINT('',(75.7522792963176,23.4592877508328,-31.4621107647966));
#16064=CARTESIAN_POINT('',(73.4518868892034,25.9032938133651,-34.8158435032227));
#16065=CARTESIAN_POINT('',(69.5161953404838,21.8861494603286,-40.553672212128));
#16066=CARTESIAN_POINT('',(73.918542978632,24.4743518971208,-34.1355074875662));
#16067=CARTESIAN_POINT('',(74.6255976595843,22.3092883876597,-33.1046953426322));
#16068=CARTESIAN_POINT('',(72.5224363798984,23.0493515712787,-36.1708856221947));
#16069=CARTESIAN_POINT('',(77.6659858379596,28.2993515787074,-28.6721257776282));
#16070=CARTESIAN_POINT('',(73.9365457423492,18.7192245529139,-34.1092613315304));
#16071=CARTESIAN_POINT('Origin',(73.2294910681288,20.8842880692463,-35.14007346665));
#16072=CARTESIAN_POINT('',(75.3326523405366,20.1442248781986,-32.0738831976983));
#16073=CARTESIAN_POINT('',(72.7118911179423,17.4692245597852,-35.8946803298007));
#16074=CARTESIAN_POINT('',(75.7993084299652,18.7152829619543,-31.3935471820418));
#16075=CARTESIAN_POINT('',(74.6255976595843,22.3092883876597,-33.1046953426322));
#16076=CARTESIAN_POINT('',(76.9259900666985,19.8652823251274,-29.7509626042062));
#16077=CARTESIAN_POINT('',(72.1452874464075,14.9856386089177,-36.7207295190877));
#16078=CARTESIAN_POINT('',(76.4593339772699,21.2942242413718,-30.4312986198626));
#16079=CARTESIAN_POINT('',(75.7522792963176,23.4592877508328,-31.4621107647966));
#16080=CARTESIAN_POINT('',(77.2936931229331,22.1458512271033,-29.2148898133643));
#16081=CARTESIAN_POINT('',(72.7118911179423,17.4692245597852,-35.8946803298007));
#16082=CARTESIAN_POINT('',(78.1948688376566,16.2,-27.9010694024656));
#16083=CARTESIAN_POINT('Origin',(66.1908737437785,13.7,-45.4016450493608));
#16084=CARTESIAN_POINT('',(77.2314338829578,16.2,-29.3056573062185));
#16085=CARTESIAN_POINT('',(80.2576282776509,16.2,-24.8937808007419));
#16086=CARTESIAN_POINT('',(77.2314338829578,17.85,-29.3056573062185));
#16087=CARTESIAN_POINT('',(77.2314338829578,13.7,-29.3056573062185));
#16088=CARTESIAN_POINT('',(75.9304539904398,17.85,-31.2023506025788));
#16089=CARTESIAN_POINT('',(71.3859088402386,17.85,-37.8278245018797));
#16090=CARTESIAN_POINT('',(75.9304539904398,16.2,-31.2023506025788));
#16091=CARTESIAN_POINT('',(75.9304539904398,13.7,-31.2023506025788));
#16092=CARTESIAN_POINT('',(74.3183689576514,16.2,-33.5526028181874));
#16093=CARTESIAN_POINT('',(80.2576282776509,16.2,-24.8937808007419));
#16094=CARTESIAN_POINT('',(74.3183689207587,11.2,-33.552602871973));
#16095=CARTESIAN_POINT('Origin',(74.3183689576513,13.7,-33.5526028181874));
#16096=CARTESIAN_POINT('',(75.9304539904398,11.2,-31.2023506025788));
#16097=CARTESIAN_POINT('',(72.9042595957467,11.2,-35.6142271080553));
#16098=CARTESIAN_POINT('',(75.9304539904398,9.55000000000001,-31.2023506025788));
#16099=CARTESIAN_POINT('',(75.9304539904398,13.7,-31.2023506025788));
#16100=CARTESIAN_POINT('',(77.2314338829578,9.55000000000001,-29.3056573062185));
#16101=CARTESIAN_POINT('',(71.7111539934767,9.55000000000001,-37.3536509152101));
#16102=CARTESIAN_POINT('',(77.2314338829578,11.2,-29.3056573062185));
#16103=CARTESIAN_POINT('',(77.2314338829578,13.7,-29.3056573062185));
#16104=CARTESIAN_POINT('',(78.1948688376566,11.2,-27.9010694024656));
#16105=CARTESIAN_POINT('',(72.9042595957467,11.2,-35.6142271080553));
#16106=CARTESIAN_POINT('',(77.2936931229331,5.25414877289677,-29.2148898133643));
#16107=CARTESIAN_POINT('Origin',(66.1908737437785,13.7,-45.4016450493608));
#16108=CARTESIAN_POINT('',(76.4593339772699,6.10577575862827,-30.4312986198626));
#16109=CARTESIAN_POINT('',(79.0800951998642,3.43077544021483,-26.6105014877602));
#16110=CARTESIAN_POINT('',(76.9259900666985,7.53471767487258,-29.7509626042062));
#16111=CARTESIAN_POINT('',(75.7522792963176,3.94071224916717,-31.4621107647966));
#16112=CARTESIAN_POINT('',(75.7993084299652,8.6847170380457,-31.3935471820418));
#16113=CARTESIAN_POINT('',(71.8636168812456,12.7018613910823,-37.1313758909472));
#16114=CARTESIAN_POINT('',(75.3326523405366,7.25577512180138,-32.0738831976983));
#16115=CARTESIAN_POINT('',(74.6255976595843,5.09071161234028,-33.1046953426323));
#16116=CARTESIAN_POINT('',(73.9365457677476,8.68077542116204,-34.1092612945022));
#16117=CARTESIAN_POINT('',(79.0800951998642,3.43077544021483,-26.6105014877602));
#16118=CARTESIAN_POINT('',(72.5224363916161,4.35064841676115,-36.1708856051115));
#16119=CARTESIAN_POINT('Origin',(73.2294910681288,6.51571193075374,-35.14007346665));
#16120=CARTESIAN_POINT('',(73.918542978632,2.92564810287918,-34.1355074875662));
#16121=CARTESIAN_POINT('',(71.2977817560377,5.60064842129262,-37.9563046196686));
#16122=CARTESIAN_POINT('',(73.4518868892034,1.49670618663486,-34.8158435032227));
#16123=CARTESIAN_POINT('',(74.6255976595843,5.09071161234028,-33.1046953426323));
#16124=CARTESIAN_POINT('',(74.5785685259368,0.346706823461753,-33.173258925387));
#16125=CARTESIAN_POINT('',(69.7978659056458,5.22635053967145,-40.1430258402685));
#16126=CARTESIAN_POINT('',(75.0452246153653,1.77564873970607,-32.4929229097306));
#16127=CARTESIAN_POINT('',(75.7522792963176,3.94071224916717,-31.4621107647966));
#16128=CARTESIAN_POINT('',(75.8795837610284,0.924021753974573,-31.2765141032322));
#16129=CARTESIAN_POINT('',(71.2977817560377,5.60064842129262,-37.9563046196686));
#16130=CARTESIAN_POINT('',(73.4175259218564,-3.42864343851076,-34.8659382178285));
#16131=CARTESIAN_POINT('Origin',(66.1908737437785,13.7,-45.4016450493608));
#16132=CARTESIAN_POINT('',(72.935808444507,-1.95358223012706,-35.5682321697049));
#16133=CARTESIAN_POINT('',(74.4489056418535,-6.58681869188206,-33.3622939169666));
#16134=CARTESIAN_POINT('',(73.7440805010586,-1.12858223012707,-34.389855624369));
#16135=CARTESIAN_POINT('',(71.7111538133681,-3.20358223012707,-37.3536511777896));
#16136=CARTESIAN_POINT('',(73.0935905547996,0.863275095560611,-35.3382022725492));
#16137=CARTESIAN_POINT('',(70.821317979699,7.8211732163584,-38.6509392221996));
#16138=CARTESIAN_POINT('',(72.285318498248,0.0382750955606241,-36.5165788178851));
#16139=CARTESIAN_POINT('',(71.0606638671091,-1.21172490443939,-38.3019978259698));
#16140=CARTESIAN_POINT('',(71.4792759895426,2.50644802431059,-37.6917049144798));
#16141=CARTESIAN_POINT('',(74.4489056418535,-6.58681869188206,-33.3622939169666));
#16142=CARTESIAN_POINT('',(69.0299667252118,0.00644803059740129,-41.2625429336425));
#16143=CARTESIAN_POINT('Origin',(70.2546213507149,1.25644804785455,-39.4771239337741));
#16144=CARTESIAN_POINT('',(69.8360092359703,-2.46172490443938,-40.0874168340545));
#16145=CARTESIAN_POINT('',(68.3229120386238,2.17151155731561,-42.2933550867928));
#16146=CARTESIAN_POINT('',(69.0277371794187,-3.28672490443939,-41.2657933793904));
#16147=CARTESIAN_POINT('',(71.0606638671091,-1.21172490443939,-38.3019978259698));
#16148=CARTESIAN_POINT('',(69.6782271256777,-5.27858223012708,-40.3174467312103));
#16149=CARTESIAN_POINT('',(66.9180871809371,3.17320860918234,-44.3414435357061));
#16150=CARTESIAN_POINT('',(70.4864991822293,-4.45358223012706,-39.1390701858743));
#16151=CARTESIAN_POINT('',(71.7111538133681,-3.20358223012707,-37.3536511777896));
#16152=CARTESIAN_POINT('',(70.9682166595787,-5.92864343851077,-38.4367762339979));
#16153=CARTESIAN_POINT('',(68.3229120386238,2.17151155731561,-42.2933550867928));
#16154=CARTESIAN_POINT('',(67.6049831056831,-7.5218294731287,-43.3400207594928));
#16155=CARTESIAN_POINT('Origin',(66.1908737437785,13.7,-45.4016450493608));
#16156=CARTESIAN_POINT('',(67.6049831056831,-5.81857550166568,-43.3400207594928));
#16157=CARTESIAN_POINT('',(67.6049831056831,-11.1685761384926,-43.3400207594928));
#16158=CARTESIAN_POINT('',(68.5382952845402,-5.81857550166568,-41.97934872818));
#16159=CARTESIAN_POINT('',(66.1908737437785,-5.81857550166568,-45.4016450493608));
#16160=CARTESIAN_POINT('',(68.5382952845402,-3.51857677531946,-41.97934872818));
#16161=CARTESIAN_POINT('',(68.5382952845402,4.51571193075372,-41.97934872818));
#16162=CARTESIAN_POINT('',(67.6049831056831,-3.51857677531946,-43.3400207594928));
#16163=CARTESIAN_POINT('',(66.1908737437785,-3.51857677531946,-45.4016450493608));
#16164=CARTESIAN_POINT('',(67.6049831056831,-0.668576138492556,-43.3400207594928));
#16165=CARTESIAN_POINT('',(67.6049831056831,-11.1685761384926,-43.3400207594928));
#16166=CARTESIAN_POINT('',(64.7767643818738,-0.668576138492556,-47.4632693392288));
#16167=CARTESIAN_POINT('Origin',(66.1908737437785,-0.668576138492556,-45.4016450493608));
#16168=CARTESIAN_POINT('',(64.7767643818738,-3.51857677531946,-47.4632693392288));
#16169=CARTESIAN_POINT('',(64.7767643818738,1.83142386150741,-47.4632693392288));
#16170=CARTESIAN_POINT('',(63.8434522030168,-3.51857677531946,-48.8239413705416));
#16171=CARTESIAN_POINT('',(66.1908737437785,-3.51857677531946,-45.4016450493608));
#16172=CARTESIAN_POINT('',(63.8434522030168,-5.81857550166568,-48.8239413705416));
#16173=CARTESIAN_POINT('',(63.8434522030168,3.94071193075372,-48.8239413705416));
#16174=CARTESIAN_POINT('',(64.7767643818738,-5.81857550166568,-47.4632693392288));
#16175=CARTESIAN_POINT('',(66.1908737437785,-5.81857550166568,-45.4016450493608));
#16176=CARTESIAN_POINT('',(64.7767643818738,-7.5218294731287,-47.4632693392288));
#16177=CARTESIAN_POINT('',(64.7767643818738,1.83142386150741,-47.4632693392288));
#16178=CARTESIAN_POINT('',(61.4135308279782,-5.92864343851079,-52.3665138647237));
#16179=CARTESIAN_POINT('Origin',(66.1908737437785,13.7,-45.4016450493608));
#16180=CARTESIAN_POINT('',(61.8952483053277,-4.45358223012708,-51.6642199128473));
#16181=CARTESIAN_POINT('',(60.3821511079811,-9.08681869188208,-53.8701581655855));
#16182=CARTESIAN_POINT('',(62.7035203618793,-5.27858223012707,-50.4858433675113));
#16183=CARTESIAN_POINT('',(60.6705936741888,-3.20358223012708,-53.449638920932));
#16184=CARTESIAN_POINT('',(63.3540103081383,-3.28672490443939,-49.5374967193312));
#16185=CARTESIAN_POINT('',(65.6262828832389,3.67117321635838,-46.2247597696807));
#16186=CARTESIAN_POINT('',(62.5457382515867,-2.46172490443939,-50.7158732646671));
#16187=CARTESIAN_POINT('',(61.3210836204478,-1.2117249044394,-52.5012922727518));
#16188=CARTESIAN_POINT('',(63.3517807679809,0.00644804785452813,-49.5407471568628));
#16189=CARTESIAN_POINT('',(60.3821511079811,-9.08681869188208,-53.8701581655855));
#16190=CARTESIAN_POINT('',(60.9024715057032,2.50644804785453,-53.1115851730322));
#16191=CARTESIAN_POINT('Origin',(62.1271261368421,1.25644804785453,-51.3261661649475));
#16192=CARTESIAN_POINT('',(60.096428989309,0.0382750955606065,-54.2867112808365));
#16193=CARTESIAN_POINT('',(61.6095261866555,4.6715115573156,-52.0807730280983));
#16194=CARTESIAN_POINT('',(59.2881569327574,0.863275095560605,-55.4650878261725));
#16195=CARTESIAN_POINT('',(61.3210836204478,-1.2117249044394,-52.5012922727518));
#16196=CARTESIAN_POINT('',(58.6376669864984,-1.12858223012708,-56.4134344743526));
#16197=CARTESIAN_POINT('',(61.3978069312389,7.32320860918232,-52.3894376698568));
#16198=CARTESIAN_POINT('',(59.44593904305,-1.95358223012707,-55.2350579290167));
#16199=CARTESIAN_POINT('',(60.6705936741888,-3.20358223012708,-53.449638920932));
#16200=CARTESIAN_POINT('',(58.9642215657006,-3.42864343851079,-55.9373518808931));
#16201=CARTESIAN_POINT('',(61.6095261866555,4.6715115573156,-52.0807730280983));
#16202=CARTESIAN_POINT('',(56.5021637265286,0.924021753974542,-59.5267759954894));
#16203=CARTESIAN_POINT('Origin',(66.1908737437785,13.7,-45.4016450493608));
#16204=CARTESIAN_POINT('',(57.3365228721917,1.77564873970605,-58.3103671889911));
#16205=CARTESIAN_POINT('',(54.7157616495974,-0.899351578707384,-62.1311643210935));
#16206=CARTESIAN_POINT('',(57.8031789616202,0.34670682346173,-57.6300311733346));
#16207=CARTESIAN_POINT('',(56.6294681912393,3.94071224916715,-59.3411793339251));
#16208=CARTESIAN_POINT('',(58.9298605983535,1.49670618663484,-55.9874465954989));
#16209=CARTESIAN_POINT('',(62.8655521470731,5.51385053967142,-50.2496178865936));
#16210=CARTESIAN_POINT('',(58.463204508925,2.92564810287916,-56.6677826111554));
#16211=CARTESIAN_POINT('',(57.7561498279727,5.09071161234026,-57.6985947560894));
#16212=CARTESIAN_POINT('',(59.859311104765,4.3506484257679,-54.6324044807454));
#16213=CARTESIAN_POINT('',(54.7157616495974,-0.899351578707384,-62.1311643210935));
#16214=CARTESIAN_POINT('',(58.4452017384758,8.68077544021481,-56.6940287770056));
#16215=CARTESIAN_POINT('Origin',(59.1522564194281,6.51571193075371,-55.6632166320716));
#16216=CARTESIAN_POINT('',(57.0490951470203,7.25577512180135,-58.7294069010234));
#16217=CARTESIAN_POINT('',(59.6698563696146,9.93077544021479,-54.9086097689209));
#16218=CARTESIAN_POINT('',(56.5824390575918,8.68471703804568,-59.4097429166798));
#16219=CARTESIAN_POINT('',(57.7561498279727,5.09071161234026,-57.6985947560894));
#16220=CARTESIAN_POINT('',(55.4557574208585,7.53471767487257,-61.0523274945155));
#16221=CARTESIAN_POINT('',(60.2364600411494,12.4143613910823,-54.0825605796339));
#16222=CARTESIAN_POINT('',(55.922413510287,6.10577575862824,-60.371991478859));
#16223=CARTESIAN_POINT('',(56.6294681912393,3.94071224916715,-59.3411793339251));
#16224=CARTESIAN_POINT('',(55.0880543646239,5.25414877289673,-61.5884002853574));
#16225=CARTESIAN_POINT('',(59.6698563696146,9.93077544021479,-54.9086097689209));
#16226=CARTESIAN_POINT('',(54.1868786499003,11.2,-62.9022206962561));
#16227=CARTESIAN_POINT('Origin',(66.1908737437785,13.7,-45.4016450493608));
#16228=CARTESIAN_POINT('',(55.1503136045992,11.2,-61.4976327925032));
#16229=CARTESIAN_POINT('',(52.1241192099061,11.2,-65.9095092979797));
#16230=CARTESIAN_POINT('',(55.1503136045992,9.55,-61.4976327925032));
#16231=CARTESIAN_POINT('',(55.1503136045992,13.7,-61.4976327925032));
#16232=CARTESIAN_POINT('',(56.4512934971172,9.55,-59.6009394961429));
#16233=CARTESIAN_POINT('',(60.9958386473183,9.54999999999998,-52.9754655968419));
#16234=CARTESIAN_POINT('',(56.4512934971172,11.2,-59.6009394961429));
#16235=CARTESIAN_POINT('',(56.4512934971172,13.7,-59.6009394961429));
#16236=CARTESIAN_POINT('',(58.0633785299056,11.2,-57.2506872805343));
#16237=CARTESIAN_POINT('',(52.1241192099061,11.2,-65.9095092979797));
#16238=CARTESIAN_POINT('',(58.0633785299056,16.2,-57.2506872805343));
#16239=CARTESIAN_POINT('Origin',(58.0633785299056,13.7,-57.2506872805343));
#16240=CARTESIAN_POINT('',(56.4512934971172,16.2,-59.6009394961428));
#16241=CARTESIAN_POINT('',(59.4774878918103,16.2,-55.1890629906663));
#16242=CARTESIAN_POINT('',(56.4512934971172,17.85,-59.6009394961429));
#16243=CARTESIAN_POINT('',(56.4512934971172,13.7,-59.6009394961429));
#16244=CARTESIAN_POINT('',(55.1503136045992,17.85,-61.4976327925032));
#16245=CARTESIAN_POINT('',(60.6705934940803,17.85,-53.4496391835116));
#16246=CARTESIAN_POINT('',(55.1503136045992,16.2,-61.4976327925032));
#16247=CARTESIAN_POINT('',(55.1503136045992,13.7,-61.4976327925032));
#16248=CARTESIAN_POINT('',(54.1868786499003,16.2,-62.9022206962561));
#16249=CARTESIAN_POINT('',(59.4774878918103,16.2,-55.1890629906663));
#16250=CARTESIAN_POINT('',(55.0880543646239,22.1458512271032,-61.5884002853574));
#16251=CARTESIAN_POINT('Origin',(66.1908737437785,13.7,-45.4016450493608));
#16252=CARTESIAN_POINT('',(53.3016522876927,23.9692245597852,-64.1927886109615));
#16253=CARTESIAN_POINT('',(71.8882566561419,17.7832435089995,-37.0954536632951));
#16254=CARTESIAN_POINT('',(69.2516826935855,15.0921031956757,-40.939304124704));
#16255=CARTESIAN_POINT('',(71.0397930644933,20.3813217881541,-38.3324252842562));
#16256=CARTESIAN_POINT('Origin',(66.1908740205438,13.7000067738479,-45.4016446458658));
#16257=CARTESIAN_POINT('',(68.1882389152268,17.47075207315,-42.4896944858995));
#16258=CARTESIAN_POINT('',(67.0393399653762,24.4645689123038,-44.1646695942076));
#16259=CARTESIAN_POINT('',(67.0393399632005,19.0822844616757,-44.1646695973796));
#16260=CARTESIAN_POINT('',(65.3424087309007,24.4645692050162,-46.638618742326));
#16261=CARTESIAN_POINT('Origin',(66.1908737540387,13.6999999788336,-45.4016450344025));
#16262=CARTESIAN_POINT('',(65.3424087285609,18.6434297928317,-46.6386187457372));
#16263=CARTESIAN_POINT('Origin',(63.6566903524073,23.5868595845975,-45.4823507938796));
#16264=CARTESIAN_POINT('',(67.4040330348506,24.4645691901942,-48.0527280837008));
#16265=CARTESIAN_POINT('',(63.6566903570514,24.4645692171356,-45.4823507963087));
#16266=CARTESIAN_POINT('',(67.4040330344977,23.5868595576561,-48.0527280842153));
#16267=CARTESIAN_POINT('',(67.4040330325108,18.6434331708624,-48.052728087112));
#16268=CARTESIAN_POINT('',(63.6566903524072,23.5868595845975,-45.4823507938797));
#16269=CARTESIAN_POINT('Origin',(64.5051553152414,13.699999990953,-44.2453770438361));
#16270=CARTESIAN_POINT('',(69.100964269326,24.4645688974818,-45.5787789355824));
#16271=CARTESIAN_POINT('',(65.353621566891,24.4645689244233,-43.0084016312921));
#16272=CARTESIAN_POINT('Origin',(68.2524980579885,13.6999999640116,-46.8157543757772));
#16273=CARTESIAN_POINT('Origin',(64.5051553152415,13.699999990953,-44.2453770438361));
#16274=CARTESIAN_POINT('',(69.1009642689712,23.5868592391479,-45.5787789360996));
#16275=CARTESIAN_POINT('Origin',(68.2524980579885,13.6999999640116,-46.8157543757772));
#16276=CARTESIAN_POINT('',(65.3536215622449,23.5868592660893,-43.0084016288659));
#16277=CARTESIAN_POINT('Origin',(65.353621566891,24.4645689244233,-43.0084016312921));
#16278=CARTESIAN_POINT('',(69.1009642671503,19.0822878397064,-45.5787789387543));
#16279=CARTESIAN_POINT('Origin',(68.2524974887546,13.7000067560615,-46.8157552056611));
#16280=CARTESIAN_POINT('Origin',(64.5051555817466,13.7000067859673,-44.2453766552995));
#16281=CARTESIAN_POINT('',(73.9498809600918,17.7832434941775,-38.5095630046699));
#16282=CARTESIAN_POINT('',(70.2025381545944,17.7832435211189,-35.9391856296871));
#16283=CARTESIAN_POINT('',(73.1014162574588,20.3813206393549,-39.7465362453305));
#16284=CARTESIAN_POINT('Origin',(68.2524983244936,13.7000067590259,-46.8157539872406));
#16285=CARTESIAN_POINT('',(69.3540745879662,20.3813218002735,-37.1761572678102));
#16286=CARTESIAN_POINT('Origin',(70.202540036795,17.7832454422733,-35.9391828856346));
#16287=CARTESIAN_POINT('',(73.5199263629653,17.3443905867081,-39.1363920639036));
#16288=CARTESIAN_POINT('',(69.7725835615644,17.3443906136495,-36.5660146917306));
#16289=CARTESIAN_POINT('',(71.313307613654,15.0921038097236,-42.3534125678418));
#16290=CARTESIAN_POINT('Origin',(64.5051554340438,13.6999994905911,-44.2453768706348));
#16291=CARTESIAN_POINT('',(72.6714609017535,19.9424669576033,-40.3733664104932));
#16292=CARTESIAN_POINT('',(68.924118125373,19.9424669845447,-37.8029890554822));
#16293=CARTESIAN_POINT('Origin',(68.2524981767908,13.6999994636497,-46.8157542025759));
#16294=CARTESIAN_POINT('Origin',(68.924118125373,19.9424669845447,-37.8029890554822));
#16295=CARTESIAN_POINT('',(70.2498638352954,17.4707526871979,-43.9038029290373));
#16296=CARTESIAN_POINT('Origin',(68.2524974887546,13.7000067560615,-46.8157552056611));
#16297=CARTESIAN_POINT('Origin',(62.894270975763,13.6999999968459,-43.1404392332932));
#16298=CARTESIAN_POINT('',(60.1494709985008,27.0451492307285,-47.1420720263195));
#16299=CARTESIAN_POINT('',(60.1494709985008,27.0451492307285,-47.1420720263195));
#16300=CARTESIAN_POINT('',(61.4970374519863,27.6835003931514,-45.1774603786325));
#16301=CARTESIAN_POINT('',(61.4970374519863,27.6835003931514,-45.1774603786325));
#16302=CARTESIAN_POINT('Origin',(62.8942709417153,13.6999999968459,-43.1404392099391));
#16303=CARTESIAN_POINT('Origin',(62.894270975763,13.6999999968459,-43.1404392332932));
#16304=CARTESIAN_POINT('',(56.7429043639103,22.8309761095841,-52.1084916436656));
#16305=CARTESIAN_POINT('',(56.7429043639103,22.8309761095841,-52.1084916436657));
#16306=CARTESIAN_POINT('',(57.7293914778721,24.5749839189431,-50.6702961022113));
#16307=CARTESIAN_POINT('',(57.7293914778721,24.5749839189431,-50.6702961022113));
#16308=CARTESIAN_POINT('Origin',(62.8942709417153,13.6999999968459,-43.1404392099391));
#16309=CARTESIAN_POINT('Origin',(62.894270975763,13.6999999968459,-43.1404392332932));
#16310=CARTESIAN_POINT('',(65.639071020125,27.0451492302349,-39.1388064846456));
#16311=CARTESIAN_POINT('',(65.639071020125,27.0451492302349,-39.1388064846456));
#16312=CARTESIAN_POINT('',(64.2915045698969,27.6835003928852,-41.1034181343858));
#16313=CARTESIAN_POINT('Origin',(62.8942709417153,13.6999999968459,-43.1404392099391));
#16314=CARTESIAN_POINT('',(64.2915045698969,27.6835003928852,-41.1034181343858));
#16315=CARTESIAN_POINT('Origin',(62.894270975763,13.6999999968459,-43.1404392332932));
#16316=CARTESIAN_POINT('',(54.984591444767,16.1701653128433,-54.6719288607692));
#16317=CARTESIAN_POINT('',(54.984591444767,16.1701653128433,-54.6719288607692));
#16318=CARTESIAN_POINT('',(55.3456707936039,18.5525242854767,-54.1455127595426));
#16319=CARTESIAN_POINT('',(55.3456707936039,18.5525242854767,-54.1455127595426));
#16320=CARTESIAN_POINT('Origin',(62.8942709417153,13.6999999968459,-43.1404392099391));
#16321=CARTESIAN_POINT('Origin',(62.894270975763,13.6999999968459,-43.1404392332932));
#16322=CARTESIAN_POINT('',(69.0456376333546,22.8309761088399,-34.1723868535361));
#16323=CARTESIAN_POINT('',(69.0456376333546,22.8309761088399,-34.1723868535361));
#16324=CARTESIAN_POINT('',(68.0591505282303,24.5749839181676,-35.61058240069));
#16325=CARTESIAN_POINT('Origin',(62.8942709417153,13.6999999968459,-43.1404392099391));
#16326=CARTESIAN_POINT('',(68.0591505282303,24.5749839181676,-35.61058240069));
#16327=CARTESIAN_POINT('Origin',(62.894270975763,13.6999999968459,-43.1404392332932));
#16328=CARTESIAN_POINT('',(55.345670768347,8.84747571374568,-54.145512744657));
#16329=CARTESIAN_POINT('',(55.345670768347,8.84747571374568,-54.145512744657));
#16330=CARTESIAN_POINT('',(54.9845914318757,11.2298346869876,-54.6719288532418));
#16331=CARTESIAN_POINT('',(54.9845914318757,11.2298346869876,-54.6719288532418));
#16332=CARTESIAN_POINT('Origin',(62.8942709417153,13.6999999968459,-43.1404392099391));
#16333=CARTESIAN_POINT('Origin',(62.894270975763,13.6999999968459,-43.1404392332932));
#16334=CARTESIAN_POINT('',(70.8039505190605,16.1701653126083,-31.6089496142047));
#16335=CARTESIAN_POINT('',(70.8039505190604,16.1701653126083,-31.6089496142046));
#16336=CARTESIAN_POINT('',(70.4428711821495,18.5525242849518,-32.1353657234304));
#16337=CARTESIAN_POINT('Origin',(62.8942709417153,13.6999999968459,-43.1404392099391));
#16338=CARTESIAN_POINT('',(70.4428711821495,18.5525242849518,-32.1353657234304));
#16339=CARTESIAN_POINT('Origin',(62.894270975763,13.6999999968459,-43.1404392332932));
#16340=CARTESIAN_POINT('',(57.7293914221034,2.82501607729426,-50.6702960676348));
#16341=CARTESIAN_POINT('',(57.7293914221034,2.82501607729426,-50.6702960676348));
#16342=CARTESIAN_POINT('',(56.742904316738,4.56902388787026,-52.1084916151402));
#16343=CARTESIAN_POINT('',(56.742904316738,4.56902388787026,-52.1084916151402));
#16344=CARTESIAN_POINT('Origin',(62.8942709417153,13.6999999968459,-43.1404392099391));
#16345=CARTESIAN_POINT('Origin',(62.894270975763,13.6999999968459,-43.1404392332932));
#16346=CARTESIAN_POINT('',(70.4428711591677,8.84747571427069,-32.135365705228));
#16347=CARTESIAN_POINT('',(70.4428711591677,8.84747571427069,-32.135365705228));
#16348=CARTESIAN_POINT('',(70.803950507396,11.2298346872226,-31.6089496048887));
#16349=CARTESIAN_POINT('Origin',(62.8942709417153,13.6999999968459,-43.1404392099391));
#16350=CARTESIAN_POINT('',(70.8039505073959,11.2298346872226,-31.6089496048887));
#16351=CARTESIAN_POINT('Origin',(62.894270975763,13.6999999968459,-43.1404392332932));
#16352=CARTESIAN_POINT('',(61.4970373819403,-0.28350039929051,-45.177460331747));
#16353=CARTESIAN_POINT('',(61.4970373819403,-0.28350039929051,-45.177460331747));
#16354=CARTESIAN_POINT('',(60.1494709309595,0.354850763740856,-47.1420719825847));
#16355=CARTESIAN_POINT('',(60.1494709309595,0.354850763740856,-47.1420719825847));
#16356=CARTESIAN_POINT('Origin',(62.8942709417153,13.6999999968459,-43.1404392099391));
#16357=CARTESIAN_POINT('Origin',(62.894270975763,13.6999999968459,-43.1404392332932));
#16358=CARTESIAN_POINT('',(68.0591504758913,2.82501607806983,-35.6105823611132));
#16359=CARTESIAN_POINT('',(68.0591504758913,2.82501607806983,-35.6105823611132));
#16360=CARTESIAN_POINT('',(69.0456375897563,4.56902388861455,-34.1723868198002));
#16361=CARTESIAN_POINT('Origin',(62.8942709417153,13.6999999968459,-43.1404392099391));
#16362=CARTESIAN_POINT('',(69.0456375897563,4.56902388861455,-34.1723868198002));
#16363=CARTESIAN_POINT('Origin',(62.894270975763,13.6999999968459,-43.1404392332932));
#16364=CARTESIAN_POINT('',(64.2915045009336,-0.283500399024282,-41.1034180859219));
#16365=CARTESIAN_POINT('',(64.2915045009336,-0.283500399024282,-41.1034180859219));
#16366=CARTESIAN_POINT('',(65.6390709550029,0.354850764234546,-39.1388064373838));
#16367=CARTESIAN_POINT('Origin',(62.8942709417153,13.6999999968459,-43.1404392099391));
#16368=CARTESIAN_POINT('',(65.6390709550029,0.354850764234546,-39.1388064373838));
#16369=CARTESIAN_POINT('Origin',(62.8942709421532,-0.668576138492556,-43.1404392093006));
#16370=CARTESIAN_POINT('',(61.4801615802486,-0.668576138492556,-45.2020634991686));
#16371=CARTESIAN_POINT('Origin',(62.8942709421532,-0.668576138492556,-43.1404392093006));
#16372=CARTESIAN_POINT('',(61.4801615802486,-0.668576138492556,-45.2020634991686));
#16373=CARTESIAN_POINT('',(64.3083803040579,-0.668576138492555,-41.0788149194326));
#16374=CARTESIAN_POINT('',(64.3083803040579,-0.668576138492555,-41.0788149194326));
#16375=CARTESIAN_POINT('Origin',(62.8942709421532,-0.668576138492556,-43.1404392093006));
#16376=CARTESIAN_POINT('Origin',(58.8305233352168,1.25644804785453,-49.0649603248873));
#16377=CARTESIAN_POINT('',(57.605868704078,2.50644804785453,-50.8503793329721));
#16378=CARTESIAN_POINT('Origin',(58.8305233352168,1.25644804785453,-49.0649603248873));
#16379=CARTESIAN_POINT('',(57.605868704078,2.50644804785453,-50.8503793329721));
#16380=CARTESIAN_POINT('',(60.0551779663557,0.00644804785452839,-47.2795413168026));
#16381=CARTESIAN_POINT('',(60.0551779663557,0.00644804785452839,-47.2795413168026));
#16382=CARTESIAN_POINT('Origin',(58.8305233352168,1.25644804785453,-49.0649603248873));
#16383=CARTESIAN_POINT('Origin',(55.8556536178029,6.51571193075371,-53.4020107920115));
#16384=CARTESIAN_POINT('',(55.1485989368506,8.68077544021481,-54.4328229369454));
#16385=CARTESIAN_POINT('Origin',(55.8556536178029,6.51571193075371,-53.4020107920115));
#16386=CARTESIAN_POINT('',(55.1485989368506,8.68077544021481,-54.4328229369454));
#16387=CARTESIAN_POINT('',(56.5627083031398,4.3506484257679,-52.3711986406853));
#16388=CARTESIAN_POINT('',(56.5627083031398,4.3506484257679,-52.3711986406853));
#16389=CARTESIAN_POINT('Origin',(55.8556536178029,6.51571193075371,-53.4020107920115));
#16390=CARTESIAN_POINT('Origin',(54.7667757282804,13.7,-54.9894814404741));
#16391=CARTESIAN_POINT('',(54.7667757282804,16.2,-54.9894814404741));
#16392=CARTESIAN_POINT('Origin',(54.7667757282804,13.7,-54.9894814404741));
#16393=CARTESIAN_POINT('',(54.7667757282804,16.2,-54.9894814404741));
#16394=CARTESIAN_POINT('',(54.7667757282804,11.2,-54.9894814404741));
#16395=CARTESIAN_POINT('',(54.7667757282804,11.2,-54.9894814404741));
#16396=CARTESIAN_POINT('Origin',(54.7667757282804,13.7,-54.9894814404741));
#16397=CARTESIAN_POINT('Origin',(55.8556536178029,20.8842880692463,-53.4020107920115));
#16398=CARTESIAN_POINT('',(56.5627083089402,23.0493515683116,-52.3711986322288));
#16399=CARTESIAN_POINT('Origin',(55.8556536178029,20.8842880692463,-53.4020107920115));
#16400=CARTESIAN_POINT('',(56.5627083089402,23.0493515683116,-52.3711986322288));
#16401=CARTESIAN_POINT('',(55.1485989368506,18.7192245597852,-54.4328229369455));
#16402=CARTESIAN_POINT('',(55.1485989368506,18.7192245597852,-54.4328229369455));
#16403=CARTESIAN_POINT('Origin',(55.8556536178029,20.8842880692463,-53.4020107920115));
#16404=CARTESIAN_POINT('Origin',(58.8305233352168,26.1435519521455,-49.0649603248874));
#16405=CARTESIAN_POINT('',(60.0551779722617,27.3935519340606,-47.2795413081922));
#16406=CARTESIAN_POINT('Origin',(58.8305233352168,26.1435519521455,-49.0649603248874));
#16407=CARTESIAN_POINT('',(60.0551779722617,27.3935519340606,-47.2795413081922));
#16408=CARTESIAN_POINT('',(57.605868704078,24.8935519521455,-50.8503793329721));
#16409=CARTESIAN_POINT('',(57.605868704078,24.8935519521455,-50.8503793329721));
#16410=CARTESIAN_POINT('Origin',(58.8305233352168,26.1435519521455,-49.0649603248874));
#16411=CARTESIAN_POINT('Origin',(62.8942709421532,13.7,-43.1404392093006));
#16412=CARTESIAN_POINT('',(61.4801615802486,28.0685761384926,-45.2020634991686));
#16413=CARTESIAN_POINT('Origin',(62.8942709421532,28.0685761384926,-43.1404392093006));
#16414=CARTESIAN_POINT('',(61.4801615802486,34.9218294731287,-45.2020634991686));
#16415=CARTESIAN_POINT('',(61.4801615802486,38.5685761384926,-45.2020634991686));
#16416=CARTESIAN_POINT('',(58.116928026353,33.3286434385108,-50.1053080246636));
#16417=CARTESIAN_POINT('Origin',(62.8942709421532,13.7,-43.1404392093006));
#16418=CARTESIAN_POINT('',(60.762232647308,25.2284884426844,-46.2487291718687));
#16419=CARTESIAN_POINT('Origin',(62.8942709421532,13.7,-43.1404392093006));
#16420=CARTESIAN_POINT('',(55.6676187640753,30.8286434385108,-53.676146040833));
#16421=CARTESIAN_POINT('',(54.6362390440782,33.9868186918821,-55.1797903416948));
#16422=CARTESIAN_POINT('',(53.2055609249033,26.4759782460254,-57.2655701554292));
#16423=CARTESIAN_POINT('Origin',(62.8942709421532,13.7,-43.1404392093006));
#16424=CARTESIAN_POINT('',(57.787362929894,21.7993515787074,-50.5857796389928));
#16425=CARTESIAN_POINT('Origin',(62.8942709421532,13.7,-43.1404392093006));
#16426=CARTESIAN_POINT('',(65.7333639179508,27.3935519521455,-39.0013371017986));
#16427=CARTESIAN_POINT('Origin',(66.9580185490897,26.1435519521455,-37.2159180937139));
#16428=CARTESIAN_POINT('',(67.6716138579535,33.3286434385108,-36.1755703939377));
#16429=CARTESIAN_POINT('',(68.7029935779506,36.4868186918821,-34.6719260930759));
#16430=CARTESIAN_POINT('',(64.3083803040579,34.9218294731287,-41.0788149194327));
#16431=CARTESIAN_POINT('Origin',(62.8942709421532,13.7,-43.1404392093006));
#16432=CARTESIAN_POINT('',(64.3083803040579,28.0685761384926,-41.0788149194327));
#16433=CARTESIAN_POINT('',(64.3083803040579,25.5685761384926,-41.0788149194327));
#16434=CARTESIAN_POINT('Origin',(62.8942709421532,28.0685761384926,-43.1404392093006));
#16435=CARTESIAN_POINT('Origin',(62.8942709421532,13.7,-43.1404392093006));
#16436=CARTESIAN_POINT('',(51.7914515629986,22.1458512271032,-59.3271944452972));
#16437=CARTESIAN_POINT('',(50.0050494860675,23.9692245597852,-61.9315827709013));
#16438=CARTESIAN_POINT('',(50.8902758482751,16.2,-60.6410148561959));
#16439=CARTESIAN_POINT('Origin',(62.8942709421532,13.7,-43.1404392093006));
#16440=CARTESIAN_POINT('',(56.180885090185,16.2,-52.9278571506061));
#16441=CARTESIAN_POINT('Origin',(62.8942709421532,13.7,-43.1404392093006));
#16442=CARTESIAN_POINT('',(69.2258335782731,23.0493515712787,-33.9096797821345));
#16443=CARTESIAN_POINT('Origin',(69.9328882665036,20.8842880692463,-32.8788676265898));
#16444=CARTESIAN_POINT('',(72.5829809594032,26.4759782460255,-29.0153082631721));
#16445=CARTESIAN_POINT('',(74.3693830363343,28.2993515787074,-26.410919937568));
#16446=CARTESIAN_POINT('',(70.1209231202312,30.8286434385108,-32.6047323777683));
#16447=CARTESIAN_POINT('Origin',(62.8942709421532,13.7,-43.1404392093006));
#16448=CARTESIAN_POINT('',(68.1826731802285,24.8935519521455,-35.4304990856292));
#16449=CARTESIAN_POINT('',(67.4756184992762,22.7284884426844,-36.4613112305632));
#16450=CARTESIAN_POINT('Origin',(66.9580185490897,26.1435519521455,-37.2159180937139));
#16451=CARTESIAN_POINT('Origin',(62.8942709421532,13.7,-43.1404392093006));
#16452=CARTESIAN_POINT('',(50.8902758482751,11.2,-60.6410148561959));
#16453=CARTESIAN_POINT('',(48.8275164082808,11.2,-63.6483034579195));
#16454=CARTESIAN_POINT('',(51.7914515629987,5.25414877289673,-59.3271944452972));
#16455=CARTESIAN_POINT('Origin',(62.8942709421532,13.7,-43.1404392093006));
#16456=CARTESIAN_POINT('',(56.3732535679894,9.93077544021479,-52.6474039288608));
#16457=CARTESIAN_POINT('Origin',(62.8942709421532,13.7,-43.1404392093006));
#16458=CARTESIAN_POINT('',(71.0217661560261,16.2,-31.2913969781272));
#16459=CARTESIAN_POINT('Origin',(71.0217661560261,13.7,-31.2913969781272));
#16460=CARTESIAN_POINT('',(74.8982660360314,16.2,-25.6398635624054));
#16461=CARTESIAN_POINT('',(76.9610254760257,16.2,-22.6325749606817));
#16462=CARTESIAN_POINT('',(73.9970903213078,22.1458512271033,-26.9536839733041));
#16463=CARTESIAN_POINT('Origin',(62.8942709421532,13.7,-43.1404392093006));
#16464=CARTESIAN_POINT('',(70.639942940724,18.7192245529139,-31.8480554914703));
#16465=CARTESIAN_POINT('',(69.4152883163171,17.4692245597852,-33.6334744897405));
#16466=CARTESIAN_POINT('Origin',(69.9328882665036,20.8842880692463,-32.8788676265898));
#16467=CARTESIAN_POINT('Origin',(62.8942709421532,13.7,-43.1404392093006));
#16468=CARTESIAN_POINT('',(53.2055609249033,0.924021753974541,-57.2655701554292));
#16469=CARTESIAN_POINT('',(51.4191588479721,-0.899351578707384,-59.8699584810333));
#16470=CARTESIAN_POINT('',(55.6676187640753,-3.42864343851079,-53.676146040833));
#16471=CARTESIAN_POINT('Origin',(62.8942709421532,13.7,-43.1404392093006));
#16472=CARTESIAN_POINT('',(58.3129233850303,4.6715115573156,-49.8195671880381));
#16473=CARTESIAN_POINT('Origin',(62.8942709421532,13.7,-43.1404392093006));
#16474=CARTESIAN_POINT('',(70.6399429661224,8.68077542116204,-31.848055454442));
#16475=CARTESIAN_POINT('Origin',(69.9328882665036,6.51571193075374,-32.8788676265898));
#16476=CARTESIAN_POINT('',(73.9970903213078,5.25414877289677,-26.9536839733041));
#16477=CARTESIAN_POINT('',(75.783492398239,3.43077544021483,-24.3492956477));
#16478=CARTESIAN_POINT('',(74.8982660360314,11.2,-25.6398635624054));
#16479=CARTESIAN_POINT('Origin',(62.8942709421532,13.7,-43.1404392093006));
#16480=CARTESIAN_POINT('',(71.0217661191334,11.2,-31.2913970319129));
#16481=CARTESIAN_POINT('',(69.6076567941215,11.2,-33.3530212679951));
#16482=CARTESIAN_POINT('Origin',(71.0217661560261,13.7,-31.2913969781272));
#16483=CARTESIAN_POINT('Origin',(62.8942709421532,13.7,-43.1404392093006));
#16484=CARTESIAN_POINT('',(58.116928026353,-5.92864343851079,-50.1053080246635));
#16485=CARTESIAN_POINT('',(57.0855483063559,-9.08681869188208,-51.6089523255254));
#16486=CARTESIAN_POINT('',(61.4801615802486,-7.5218294731287,-45.2020634991686));
#16487=CARTESIAN_POINT('Origin',(62.8942709421532,13.7,-43.1404392093006));
#16488=CARTESIAN_POINT('',(61.4801615802486,1.83142386150741,-45.2020634991686));
#16489=CARTESIAN_POINT('Origin',(62.8942709421532,13.7,-43.1404392093006));
#16490=CARTESIAN_POINT('',(68.1826731879174,2.50644802431059,-35.4304990744196));
#16491=CARTESIAN_POINT('Origin',(66.9580185490897,1.25644804785455,-37.2159180937139));
#16492=CARTESIAN_POINT('',(70.1209231202312,-3.42864343851076,-32.6047323777683));
#16493=CARTESIAN_POINT('',(71.1523028402283,-6.58681869188206,-31.1010880769064));
#16494=CARTESIAN_POINT('',(72.5829809594032,0.924021753974573,-29.015308263172));
#16495=CARTESIAN_POINT('Origin',(62.8942709421532,13.7,-43.1404392093006));
#16496=CARTESIAN_POINT('',(69.2258335899909,4.35064841676115,-33.9096797650513));
#16497=CARTESIAN_POINT('',(68.0011789544124,5.60064842129262,-35.6950987796085));
#16498=CARTESIAN_POINT('Origin',(69.9328882665036,6.51571193075374,-32.8788676265898));
#16499=CARTESIAN_POINT('Origin',(56.0200962703069,19.2902826435408,-60.2317197750913));
#16500=CARTESIAN_POINT('Origin',(56.0200962703069,19.2902826435409,-60.2317197750912));
#16501=CARTESIAN_POINT('Origin',(57.1938070406878,22.8842880692463,-58.5205716145008));
#16502=CARTESIAN_POINT('Origin',(58.3675178110686,26.4782934949517,-56.8094234539104));
#16503=CARTESIAN_POINT('Origin',(57.9008617216401,25.0493515787074,-57.4897594695668));
#16504=CARTESIAN_POINT('Origin',(57.1938070406878,22.8842880692463,-58.5205716145008));
#16505=CARTESIAN_POINT('Origin',(56.4867523597354,20.7192245597852,-59.5513837594348));
#16506=CARTESIAN_POINT('Origin',(57.8041766807448,27.0532934949517,-57.6307161976294));
#16507=CARTESIAN_POINT('Origin',(56.5627083089402,23.0493515683116,-52.3711986322288));
#16508=CARTESIAN_POINT('',(53.2055609249033,26.4759782460254,-57.2655701554292));
#16509=CARTESIAN_POINT('Origin',(58.9639099907096,27.5326535672832,-55.9399457197562));
#16510=CARTESIAN_POINT('Origin',(58.9639099907096,27.5326535672832,-55.9399457197562));
#16511=CARTESIAN_POINT('Origin',(60.9968366784001,29.6076535672832,-52.9761501663356));
#16512=CARTESIAN_POINT('Origin',(63.0297633660905,31.6826535672832,-50.0123546129149));
#16513=CARTESIAN_POINT('Origin',(62.2214913095389,30.8576535672832,-51.1907311582508));
#16514=CARTESIAN_POINT('Origin',(60.9968366784001,29.6076535672832,-52.9761501663356));
#16515=CARTESIAN_POINT('Origin',(59.7721820472612,28.3576535672832,-54.7615691744203));
#16516=CARTESIAN_POINT('Origin',(62.7045182128525,32.6785827816353,-50.4865281995846));
#16517=CARTESIAN_POINT('Origin',(60.0551779722617,27.3935519340606,-47.2795413081922));
#16518=CARTESIAN_POINT('',(58.116928026353,33.3286434385108,-50.1053080246636));
#16519=CARTESIAN_POINT('Origin',(55.8018015819399,9.54999999999998,-60.5499707138166));
#16520=CARTESIAN_POINT('Origin',(55.8018015819399,9.55,-60.5499707138166));
#16521=CARTESIAN_POINT('Origin',(55.8018015819399,13.7,-60.5499707138166));
#16522=CARTESIAN_POINT('Origin',(55.8018015819399,17.85,-60.5499707138166));
#16523=CARTESIAN_POINT('Origin',(55.8018015819399,16.2,-60.5499707138166));
#16524=CARTESIAN_POINT('Origin',(55.8018015819399,13.7,-60.5499707138166));
#16525=CARTESIAN_POINT('Origin',(55.8018015819399,11.2,-60.5499707138166));
#16526=CARTESIAN_POINT('Origin',(55.1513112754638,17.85,-61.4983178871559));
#16527=CARTESIAN_POINT('Origin',(54.7667757282804,16.2,-54.9894814404741));
#16528=CARTESIAN_POINT('',(50.8902758482751,16.2,-60.6410148561959));
#16529=CARTESIAN_POINT('Origin',(76.5819419677806,17.85,-30.2546885238923));
#16530=CARTESIAN_POINT('Origin',(76.5819419677806,17.85,-30.2546885238923));
#16531=CARTESIAN_POINT('Origin',(76.5819419677806,13.7,-30.2546885238923));
#16532=CARTESIAN_POINT('Origin',(76.5819419677806,9.55000000000001,-30.2546885238923));
#16533=CARTESIAN_POINT('Origin',(76.5819419677806,11.2,-30.2546885238923));
#16534=CARTESIAN_POINT('Origin',(76.5819419677806,13.7,-30.2546885238923));
#16535=CARTESIAN_POINT('Origin',(76.5819419677806,16.2,-30.2546885238923));
#16536=CARTESIAN_POINT('Origin',(77.2324322742567,9.55000000000001,-29.306341350553));
#16537=CARTESIAN_POINT('Origin',(71.0217661191334,11.2,-31.2913970319129));
#16538=CARTESIAN_POINT('',(71.0217661191334,11.2,-31.2913970319129));
#16539=CARTESIAN_POINT('',(74.8982660360314,11.2,-25.6398635624054));
#16540=CARTESIAN_POINT('Origin',(68.539293315622,-4.66857613849257,-41.9800332976736));
#16541=CARTESIAN_POINT('Origin',(68.539293315622,-4.66857613849257,-41.9800332976736));
#16542=CARTESIAN_POINT('Origin',(66.1918717748602,-4.66857613849257,-45.4023296188544));
#16543=CARTESIAN_POINT('Origin',(63.8444502340985,-4.66857613849257,-48.8246259400353));
#16544=CARTESIAN_POINT('Origin',(64.7777624129556,-4.66857613849257,-47.4639539087224));
#16545=CARTESIAN_POINT('Origin',(66.1918717748602,-4.66857613849257,-45.4023296188544));
#16546=CARTESIAN_POINT('Origin',(67.6059811367649,-4.66857613849257,-43.3407053289865));
#16547=CARTESIAN_POINT('Origin',(63.8444502340985,-5.81857613849257,-48.8246259400353));
#16548=CARTESIAN_POINT('Origin',(61.4801615802486,-0.668576138492556,-45.2020634991686));
#16549=CARTESIAN_POINT('',(61.4801615802486,-7.5218294731287,-45.2020634991686));
#16550=CARTESIAN_POINT('Origin',(73.4198335590109,-0.132653567283221,-34.8647135179527));
#16551=CARTESIAN_POINT('Origin',(73.4198335590109,-0.13265356728323,-34.8647135179527));
#16552=CARTESIAN_POINT('Origin',(71.3869068713204,-2.20765356728323,-37.8285090713733));
#16553=CARTESIAN_POINT('Origin',(69.3539801836299,-4.28265356728323,-40.792304624794));
#16554=CARTESIAN_POINT('Origin',(70.1622522401816,-3.45765356728322,-39.613928079458));
#16555=CARTESIAN_POINT('Origin',(71.3869068713204,-2.20765356728323,-37.8285090713733));
#16556=CARTESIAN_POINT('Origin',(72.6115615024592,-0.957653567283213,-36.0430900632886));
#16557=CARTESIAN_POINT('Origin',(69.679225336868,-5.27858278163533,-40.3181310381243));
#16558=CARTESIAN_POINT('Origin',(65.7333639235866,0.00644803059740184,-39.0013370935823));
#16559=CARTESIAN_POINT('',(65.7333639235866,0.00644803059740222,-39.0013370935823));
#16560=CARTESIAN_POINT('',(65.7333639235866,0.00644803059740222,-39.0013370935823));
#16561=CARTESIAN_POINT('',(67.6716138579535,-5.92864343851077,-36.1755703939377));
#16562=CARTESIAN_POINT('',(65.0263092369985,2.17151155731561,-40.0321492467326));
#16563=CARTESIAN_POINT('',(67.6716138579535,-5.92864343851077,-36.1755703939377));
#16564=CARTESIAN_POINT('Origin',(58.3675178110686,0.921706505048279,-56.8094234539104));
#16565=CARTESIAN_POINT('Origin',(58.3675178110686,0.921706505048288,-56.8094234539104));
#16566=CARTESIAN_POINT('Origin',(57.1938070406878,4.5157119307537,-58.5205716145008));
#16567=CARTESIAN_POINT('Origin',(56.0200962703069,8.10971735645912,-60.2317197750913));
#16568=CARTESIAN_POINT('Origin',(56.4867523597354,6.68077544021479,-59.5513837594348));
#16569=CARTESIAN_POINT('Origin',(57.1938070406878,4.5157119307537,-58.5205716145008));
#16570=CARTESIAN_POINT('Origin',(57.9008617216401,2.3506484212926,-57.4897594695669));
#16571=CARTESIAN_POINT('Origin',(55.456755139983,7.53471735645912,-61.0530125188102));
#16572=CARTESIAN_POINT('Origin',(55.1485989368056,8.6807754401689,-54.432822937011));
#16573=CARTESIAN_POINT('',(51.7914515629987,5.25414877289673,-59.3271944452972));
#16574=CARTESIAN_POINT('Origin',(76.3636472794136,8.10971735645915,-30.5729394626176));
#16575=CARTESIAN_POINT('Origin',(76.3636472794136,8.10971735645914,-30.5729394626176));
#16576=CARTESIAN_POINT('Origin',(75.1899365090327,4.51571193075373,-32.284087623208));
#16577=CARTESIAN_POINT('Origin',(74.0162257386519,0.921706505048308,-33.9952357837985));
#16578=CARTESIAN_POINT('Origin',(74.4828818280804,2.35064842129263,-33.314899768142));
#16579=CARTESIAN_POINT('Origin',(75.1899365090327,4.51571193075373,-32.284087623208));
#16580=CARTESIAN_POINT('Origin',(75.896991189985,6.68077544021483,-31.2532754782741));
#16581=CARTESIAN_POINT('Origin',(74.5795668689757,0.346706505048306,-33.1739430400795));
#16582=CARTESIAN_POINT('Origin',(69.2258335899909,4.35064841676115,-33.9096797650513));
#16583=CARTESIAN_POINT('',(69.2258335899909,4.35064841676115,-33.9096797650513));
#16584=CARTESIAN_POINT('',(72.5829809594032,0.924021753974573,-29.015308263172));
#16585=CARTESIAN_POINT('Origin',(63.0297633660905,-4.28265356728324,-50.0123546129149));
#16586=CARTESIAN_POINT('Origin',(63.0297633660905,-4.28265356728323,-50.0123546129149));
#16587=CARTESIAN_POINT('Origin',(60.9968366784001,-2.20765356728323,-52.9761501663355));
#16588=CARTESIAN_POINT('Origin',(58.9639099907096,-0.132653567283239,-55.9399457197562));
#16589=CARTESIAN_POINT('Origin',(59.7721820472612,-0.957653567283239,-54.7615691744202));
#16590=CARTESIAN_POINT('Origin',(60.9968366784001,-2.20765356728323,-52.9761501663355));
#16591=CARTESIAN_POINT('Origin',(62.2214913095389,-3.45765356728324,-51.1907311582508));
#16592=CARTESIAN_POINT('Origin',(58.6386648374715,-1.12858278163534,-56.4141193064258));
#16593=CARTESIAN_POINT('Origin',(57.6058687040429,2.50644804774702,-50.8503793330232));
#16594=CARTESIAN_POINT('',(55.6676187640753,-3.42864343851079,-53.676146040833));
#16595=CARTESIAN_POINT('Origin',(74.0162257386518,26.4782934949517,-33.9952357837985));
#16596=CARTESIAN_POINT('Origin',(74.0162257386519,26.4782934949517,-33.9952357837985));
#16597=CARTESIAN_POINT('Origin',(75.1899365090327,22.8842880692463,-32.2840876232081));
#16598=CARTESIAN_POINT('Origin',(76.3636472794136,19.2902826435409,-30.5729394626176));
#16599=CARTESIAN_POINT('Origin',(75.896991189985,20.7192245597852,-31.2532754782741));
#16600=CARTESIAN_POINT('Origin',(75.1899365090327,22.8842880692463,-32.2840876232081));
#16601=CARTESIAN_POINT('Origin',(74.4828818280804,25.0493515787074,-33.314899768142));
#16602=CARTESIAN_POINT('Origin',(76.9269884097374,19.8652826435409,-29.7516467188987));
#16603=CARTESIAN_POINT('Origin',(70.639942940724,18.7192245529139,-31.8480554914703));
#16604=CARTESIAN_POINT('',(70.639942940724,18.7192245529139,-31.8480554914703));
#16605=CARTESIAN_POINT('',(73.9970903213078,22.1458512271033,-26.9536839733041));
#16606=CARTESIAN_POINT('Origin',(69.3539801836299,31.6826535672832,-40.792304624794));
#16607=CARTESIAN_POINT('Origin',(69.3539801836299,31.6826535672832,-40.792304624794));
#16608=CARTESIAN_POINT('Origin',(71.3869068713204,29.6076535672832,-37.8285090713733));
#16609=CARTESIAN_POINT('Origin',(73.4198335590109,27.5326535672832,-34.8647135179527));
#16610=CARTESIAN_POINT('Origin',(72.6115615024592,28.3576535672833,-36.0430900632886));
#16611=CARTESIAN_POINT('Origin',(71.3869068713204,29.6076535672832,-37.8285090713733));
#16612=CARTESIAN_POINT('Origin',(70.1622522401816,30.8576535672833,-39.6139280794581));
#16613=CARTESIAN_POINT('Origin',(73.7450787122489,28.5285827816353,-34.3905399312831));
#16614=CARTESIAN_POINT('Origin',(68.1826731802642,24.8935519522547,-35.4304990855772));
#16615=CARTESIAN_POINT('',(68.1826731802285,24.8935519521455,-35.4304990856292));
#16616=CARTESIAN_POINT('',(70.1209231202312,30.8286434385108,-32.6047323777683));
#16617=CARTESIAN_POINT('Origin',(68.539293315622,33.2185761384926,-41.9800332976736));
#16618=CARTESIAN_POINT('Origin',(68.539293315622,32.0685761384926,-41.9800332976736));
#16619=CARTESIAN_POINT('Origin',(63.8444502340985,32.0685761384926,-48.8246259400353));
#16620=CARTESIAN_POINT('Origin',(63.8444502340985,32.0685761384926,-48.8246259400353));
#16621=CARTESIAN_POINT('Origin',(66.1918717748602,32.0685761384926,-45.4023296188545));
#16622=CARTESIAN_POINT('Origin',(64.7777624129556,32.0685761384926,-47.4639539087224));
#16623=CARTESIAN_POINT('Origin',(66.1918717748602,32.0685761384926,-45.4023296188545));
#16624=CARTESIAN_POINT('Origin',(67.6059811367649,32.0685761384926,-43.3407053289865));
#16625=CARTESIAN_POINT('Origin',(55.6676187640753,30.8286434385108,-53.676146040833));
#16626=CARTESIAN_POINT('',(55.6676187640753,30.8286434385108,-53.676146040833));
#16627=CARTESIAN_POINT('Origin',(62.8942709421532,13.7,-43.1404392093006));
#16628=CARTESIAN_POINT('Origin',(51.7914515629986,22.1458512271032,-59.3271944452972));
#16629=CARTESIAN_POINT('',(51.7914515629986,22.1458512271032,-59.3271944452972));
#16630=CARTESIAN_POINT('Origin',(62.8942709421532,13.7,-43.1404392093006));
#16631=CARTESIAN_POINT('Origin',(50.8902758482751,11.2,-60.6410148561959));
#16632=CARTESIAN_POINT('',(50.8902758482751,11.2,-60.6410148561959));
#16633=CARTESIAN_POINT('Origin',(62.8942709421532,13.7,-43.1404392093006));
#16634=CARTESIAN_POINT('Origin',(53.2055609249033,0.924021753974542,-57.2655701554292));
#16635=CARTESIAN_POINT('',(53.2055609249033,0.924021753974541,-57.2655701554292));
#16636=CARTESIAN_POINT('Origin',(62.8942709421532,13.7,-43.1404392093006));
#16637=CARTESIAN_POINT('Origin',(58.116928026353,-5.92864343851079,-50.1053080246635));
#16638=CARTESIAN_POINT('',(58.116928026353,-5.92864343851079,-50.1053080246635));
#16639=CARTESIAN_POINT('Origin',(62.8942709421532,13.7,-43.1404392093006));
#16640=CARTESIAN_POINT('Origin',(64.3083803040579,-7.5218294731287,-41.0788149194326));
#16641=CARTESIAN_POINT('',(64.3083803040579,-7.5218294731287,-41.0788149194326));
#16642=CARTESIAN_POINT('',(64.3083803040579,-7.5218294731287,-41.0788149194326));
#16643=CARTESIAN_POINT('',(64.3083803040579,-11.1685761384926,-41.0788149194326));
#16644=CARTESIAN_POINT('Origin',(62.8942709421532,13.7,-43.1404392093006));
#16645=CARTESIAN_POINT('Origin',(62.8942709421532,13.7,-43.1404392093006));
#16646=CARTESIAN_POINT('Origin',(66.9580185490897,1.25644804785455,-37.2159180937139));
#16647=CARTESIAN_POINT('Origin',(66.9580185490897,1.25644804785455,-37.2159180937139));
#16648=CARTESIAN_POINT('',(68.1826731879174,2.50644802431059,-35.4304990744196));
#16649=CARTESIAN_POINT('Origin',(70.1209231202312,-3.42864343851076,-32.6047323777683));
#16650=CARTESIAN_POINT('',(70.1209231202312,-3.42864343851076,-32.6047323777683));
#16651=CARTESIAN_POINT('Origin',(62.8942709421532,13.7,-43.1404392093006));
#16652=CARTESIAN_POINT('Origin',(69.9328882665036,6.51571193075374,-32.8788676265898));
#16653=CARTESIAN_POINT('',(70.6399429661224,8.68077542116204,-31.848055454442));
#16654=CARTESIAN_POINT('Origin',(73.9970903213078,5.25414877289677,-26.9536839733041));
#16655=CARTESIAN_POINT('',(73.9970903213078,5.25414877289677,-26.9536839733041));
#16656=CARTESIAN_POINT('Origin',(62.8942709421532,13.7,-43.1404392093006));
#16657=CARTESIAN_POINT('Origin',(71.0217661560261,13.7,-31.2913969781272));
#16658=CARTESIAN_POINT('',(71.0217661560261,16.2,-31.2913969781272));
#16659=CARTESIAN_POINT('Origin',(74.8982660360314,16.2,-25.6398635624054));
#16660=CARTESIAN_POINT('',(74.8982660360314,16.2,-25.6398635624054));
#16661=CARTESIAN_POINT('Origin',(62.8942709421532,13.7,-43.1404392093006));
#16662=CARTESIAN_POINT('Origin',(69.9328882665036,20.8842880692463,-32.8788676265898));
#16663=CARTESIAN_POINT('',(69.2258335782731,23.0493515712787,-33.9096797821345));
#16664=CARTESIAN_POINT('Origin',(72.5829809594032,26.4759782460255,-29.0153082631721));
#16665=CARTESIAN_POINT('',(72.5829809594032,26.4759782460255,-29.0153082631721));
#16666=CARTESIAN_POINT('Origin',(62.8942709421532,13.7,-43.1404392093006));
#16667=CARTESIAN_POINT('Origin',(66.9580185490897,26.1435519521455,-37.2159180937139));
#16668=CARTESIAN_POINT('',(65.7333639179508,27.3935519521455,-39.0013371017986));
#16669=CARTESIAN_POINT('Origin',(67.6716138579535,33.3286434385108,-36.1755703939377));
#16670=CARTESIAN_POINT('',(67.6716138579535,33.3286434385108,-36.1755703939377));
#16671=CARTESIAN_POINT('Origin',(62.8942709421532,13.7,-43.1404392093006));
#16672=CARTESIAN_POINT('',(64.3083803040579,34.9218294731287,-41.0788149194327));
#16673=CARTESIAN_POINT('Origin',(64.3083803040579,28.0685761384926,-41.0788149194327));
#16674=CARTESIAN_POINT('',(64.3083803040579,28.0685761384926,-41.0788149194327));
#16675=CARTESIAN_POINT('Origin',(62.8942709421532,28.0685761384926,-43.1404392093006));
#16676=CARTESIAN_POINT('',(61.4801615802486,28.0685761384926,-45.2020634991686));
#16677=CARTESIAN_POINT('Origin',(61.4801615802486,34.9218294731287,-45.2020634991686));
#16678=CARTESIAN_POINT('',(61.4801615802486,34.9218294731287,-45.2020634991686));
#16679=CARTESIAN_POINT('Origin',(62.8942709421532,13.7,-43.1404392093006));
#16680=CARTESIAN_POINT('Origin',(62.8942709421532,13.7,-43.1404392093006));
#16681=CARTESIAN_POINT('Origin',(66.1908737540423,13.6999999788328,-45.4016450343972));
#16682=CARTESIAN_POINT('',(67.6950910837295,3.98918196431008,-48.4342685773218));
#16683=CARTESIAN_POINT('',(69.5617154414341,3.98918160769862,-45.7129245147101));
#16684=CARTESIAN_POINT('Origin',(68.6284038561631,13.6999999613083,-47.0735956806363));
#16685=CARTESIAN_POINT('',(67.7315101463486,3.98918196404825,-48.4592491407324));
#16686=CARTESIAN_POINT('',(65.2575609816088,3.98918198183463,-46.7623179310827));
#16687=CARTESIAN_POINT('',(69.5981345040532,3.98918160743679,-45.7379050781207));
#16688=CARTESIAN_POINT('Origin',(68.6648229187821,13.6999999610464,-47.0985762440469));
#16689=CARTESIAN_POINT('',(67.1241853393134,3.98918162522317,-44.040973868471));
#16690=CARTESIAN_POINT('Origin',(67.1241853393134,3.98918162522317,-44.040973868471));
#16691=CARTESIAN_POINT('',(69.5617154413731,3.83706361975924,-45.712924514799));
#16692=CARTESIAN_POINT('',(69.5617154433816,8.84459055732213,-45.7129245118708));
#16693=CARTESIAN_POINT('',(69.5981345035785,2.80566548000047,-45.7379050788128));
#16694=CARTESIAN_POINT('',(69.5981345060006,8.8445907897167,-45.7379050752815));
#16695=CARTESIAN_POINT('',(67.1241853388387,2.80566549778685,-44.0409738691631));
#16696=CARTESIAN_POINT('',(67.1241853388387,2.80566549778685,-44.0409738691631));
#16697=CARTESIAN_POINT('',(67.1241853392523,3.83706361483504,-44.04097386856));
#16698=CARTESIAN_POINT('',(67.1241853412609,8.84459081202658,-44.0409738656318));
#16699=CARTESIAN_POINT('',(68.3611599216223,3.83706361733393,-44.8894394733848));
#16700=CARTESIAN_POINT('Origin',(65.2575609811283,2.80566581591317,-46.7623179317833));
#16701=CARTESIAN_POINT('',(67.6950910836678,3.83706402451872,-48.4342685774118));
#16702=CARTESIAN_POINT('',(67.6950910854607,8.25283265384434,-48.4342685747979));
#16703=CARTESIAN_POINT('',(65.257560981547,3.83706402944293,-46.7623179311728));
#16704=CARTESIAN_POINT('',(66.4945355639169,3.83706402694404,-47.6107835359976));
#16705=CARTESIAN_POINT('',(65.2575609811283,2.80566581591317,-46.7623179317833));
#16706=CARTESIAN_POINT('',(65.25756098334,8.25283290854879,-46.7623179285588));
#16707=CARTESIAN_POINT('',(67.7315101458681,2.80566579812678,-48.459249141433));
#16708=CARTESIAN_POINT('',(65.2575609811283,2.80566581591317,-46.7623179317833));
#16709=CARTESIAN_POINT('',(67.7315101480798,8.25283288623893,-48.4592491382085));
#16710=CARTESIAN_POINT('Origin',(66.1908737540421,13.6999999788381,-45.4016450343976));
#16711=CARTESIAN_POINT('Origin',(66.1908737540421,13.6999999788381,-45.4016450343976));
#16712=CARTESIAN_POINT('Origin',(68.6648229187819,13.6999999610517,-47.0985762440473));
#16713=CARTESIAN_POINT('Origin',(68.6648229187785,13.6999999610472,-47.0985762440521));
#16714=CARTESIAN_POINT('Origin',(66.1908737540351,13.6999999788344,-45.4016450344077));
#16715=CARTESIAN_POINT('',(69.5617166285894,23.4108179583068,-45.7129227839612));
#16716=CARTESIAN_POINT('',(67.6950922708848,23.4108183149161,-48.434266846573));
#16717=CARTESIAN_POINT('Origin',(68.6284038561559,13.6999999613098,-47.0735956806468));
#16718=CARTESIAN_POINT('',(69.5981356912084,23.4108179580449,-45.7379033473719));
#16719=CARTESIAN_POINT('',(67.1241865264686,23.4108179758313,-44.0409721377222));
#16720=CARTESIAN_POINT('',(67.7315113335039,23.4108183146542,-48.4592474099836));
#16721=CARTESIAN_POINT('Origin',(68.6648229187749,13.699999961048,-47.0985762440574));
#16722=CARTESIAN_POINT('',(65.2575621687641,23.4108183324406,-46.7623162003339));
#16723=CARTESIAN_POINT('Origin',(65.2575621687641,23.4108183324406,-46.7623162003339));
#16724=CARTESIAN_POINT('',(67.6950922709458,23.5629353078091,-48.434266846484));
#16725=CARTESIAN_POINT('',(67.6950922689372,18.5554089121009,-48.4342668494124));
#16726=CARTESIAN_POINT('',(67.7315113339785,24.5943344420939,-48.4592474092917));
#16727=CARTESIAN_POINT('',(67.7315113315563,18.5554091444955,-48.459247412823));
#16728=CARTESIAN_POINT('',(65.2575621692387,24.5943344598803,-46.762316199642));
#16729=CARTESIAN_POINT('',(65.2575621692387,24.5943344598803,-46.762316199642));
#16730=CARTESIAN_POINT('',(65.2575621688251,23.5629353028849,-46.7623162002449));
#16731=CARTESIAN_POINT('',(65.2575621668165,18.5554091668053,-46.7623162031733));
#16732=CARTESIAN_POINT('',(66.494536751195,23.5629353053838,-47.6107818050698));
#16733=CARTESIAN_POINT('Origin',(67.1241865269491,24.5943341417541,-44.0409721370216));
#16734=CARTESIAN_POINT('',(69.5617166286511,23.5629350102774,-45.7129227838712));
#16735=CARTESIAN_POINT('',(69.5617166268583,19.1471668155804,-45.7129227864849));
#16736=CARTESIAN_POINT('',(67.1241865265304,23.5629350152016,-44.0409721376321));
#16737=CARTESIAN_POINT('',(68.3611611089003,23.5629350127027,-44.889437742457));
#16738=CARTESIAN_POINT('',(67.1241865269491,24.5943341417541,-44.0409721370216));
#16739=CARTESIAN_POINT('',(67.1241865247376,19.1471670702849,-44.0409721402459));
#16740=CARTESIAN_POINT('',(69.598135691689,24.5943341239677,-45.7379033466713));
#16741=CARTESIAN_POINT('',(67.1241865269491,24.5943341417541,-44.0409721370216));
#16742=CARTESIAN_POINT('',(69.5981356894774,19.147167047975,-45.7379033498956));
#16743=CARTESIAN_POINT('Origin',(66.1908737540354,13.6999999788291,-45.4016450344073));
#16744=CARTESIAN_POINT('Origin',(66.1908737540354,13.6999999788291,-45.4016450344073));
#16745=CARTESIAN_POINT('Origin',(68.6648229187752,13.6999999610428,-47.098576244057));
#16746=CARTESIAN_POINT('Origin',(68.6648229187786,13.6999999610472,-47.0985762440521));
#16747=CARTESIAN_POINT('Origin',(66.1908737540401,13.6999999788277,-45.4016450344004));
#16748=CARTESIAN_POINT('',(63.404788177076,10.27353378784,-54.6890837433389));
#16749=CARTESIAN_POINT('',(64.338100181238,7.41564977706022,-53.3284119667133));
#16750=CARTESIAN_POINT('Origin',(68.6284038561609,13.6999999613032,-47.0735956806394));
#16751=CARTESIAN_POINT('',(63.4412072396951,10.2735337875782,-54.7140643067496));
#16752=CARTESIAN_POINT('',(60.9672580749553,10.2735338053646,-53.0171330970999));
#16753=CARTESIAN_POINT('',(64.3745192438571,7.41564977679838,-53.353392530124));
#16754=CARTESIAN_POINT('Origin',(68.6648229187799,13.6999999610413,-47.0985762440501));
#16755=CARTESIAN_POINT('',(61.9005700791173,7.41564979458477,-51.6564613204743));
#16756=CARTESIAN_POINT('Origin',(61.9005700791173,7.41564979458477,-51.6564613204743));
#16757=CARTESIAN_POINT('',(64.2635835382744,7.33959094285216,-53.4370494775535));
#16758=CARTESIAN_POINT('',(66.7165798879499,9.84335433385966,-49.8608360716562));
#16759=CARTESIAN_POINT('',(63.7947598410229,6.82389171380711,-54.1986214065897));
#16760=CARTESIAN_POINT('',(66.75299897549,9.84335435903462,-49.8858165987345));
#16761=CARTESIAN_POINT('',(61.3208106762831,6.82389173159349,-52.50169019694));
#16762=CARTESIAN_POINT('',(61.3208106762831,6.82389173159349,-52.50169019694));
#16763=CARTESIAN_POINT('',(61.8260534418987,7.3395909662406,-51.7650988229389));
#16764=CARTESIAN_POINT('',(64.2790498123284,9.84335437843186,-48.188885386784));
#16765=CARTESIAN_POINT('',(63.0630280213532,7.33959095437165,-52.6135644320141));
#16766=CARTESIAN_POINT('Origin',(60.3874986532658,9.68177572313957,-53.8623620010547));
#16767=CARTESIAN_POINT('',(63.3302716113811,10.1974750325012,-54.7977211415295));
#16768=CARTESIAN_POINT('',(65.4933880861865,12.4053592149262,-51.6441224267413));
#16769=CARTESIAN_POINT('',(60.892741519905,10.1974750608907,-53.1257704797716));
#16770=CARTESIAN_POINT('',(62.1238899112777,10.1974750465518,-53.9702397951971));
#16771=CARTESIAN_POINT('',(60.3874986532658,9.68177572313957,-53.8623620010547));
#16772=CARTESIAN_POINT('',(63.055858010565,12.4053592594984,-49.9721717418691));
#16773=CARTESIAN_POINT('',(62.8614478180056,9.68177570535319,-55.5592932107044));
#16774=CARTESIAN_POINT('',(60.3874986532658,9.68177572313957,-53.8623620010547));
#16775=CARTESIAN_POINT('',(65.5298071737266,12.4053592401011,-51.6691029538196));
#16776=CARTESIAN_POINT('Origin',(66.1908737540426,13.6999999788307,-45.4016450343968));
#16777=CARTESIAN_POINT('Origin',(66.1908737540426,13.6999999788307,-45.4016450343968));
#16778=CARTESIAN_POINT('Origin',(68.6648229187824,13.6999999610444,-47.0985762440465));
#16779=CARTESIAN_POINT('Origin',(68.6648229187785,13.6999999610472,-47.0985762440521));
#16780=CARTESIAN_POINT('Origin',(66.1908737540409,13.6999999788387,-45.4016450343993));
#16781=CARTESIAN_POINT('',(72.9187067628131,7.41564813777936,-40.8187805146242));
#16782=CARTESIAN_POINT('',(73.8520191163556,10.2735317919474,-39.4581082286382));
#16783=CARTESIAN_POINT('Origin',(68.6284038561616,13.6999999613142,-47.0735956806383));
#16784=CARTESIAN_POINT('',(72.9551258254321,7.41564813751752,-40.8437610780349));
#16785=CARTESIAN_POINT('',(70.4811766606923,7.41564815530391,-39.1468298683852));
#16786=CARTESIAN_POINT('',(73.8884381789747,10.2735317916856,-39.4830887920488));
#16787=CARTESIAN_POINT('Origin',(68.6648229187807,13.6999999610523,-47.098576244049));
#16788=CARTESIAN_POINT('',(71.4144890142349,10.2735318094719,-37.7861575823991));
#16789=CARTESIAN_POINT('Origin',(71.4144890142349,10.2735318094719,-37.7861575823991));
#16790=CARTESIAN_POINT('',(73.9265358284011,10.1974728869786,-39.3494706170837));
#16791=CARTESIAN_POINT('',(71.4735394670826,12.7012362980692,-42.9256840399554));
#16792=CARTESIAN_POINT('',(74.4681975813344,9.68177372724079,-38.6378599162748));
#16793=CARTESIAN_POINT('',(71.5099584406532,12.7012363886987,-42.9506647331895));
#16794=CARTESIAN_POINT('',(71.9942484165946,9.68177374502717,-36.9409287066251));
#16795=CARTESIAN_POINT('',(71.9942484165946,9.68177374502717,-36.9409287066251));
#16796=CARTESIAN_POINT('',(71.4890057430222,10.1974728874149,-37.6775199464368));
#16797=CARTESIAN_POINT('',(69.0360092752757,12.701236407136,-41.2537335244695));
#16798=CARTESIAN_POINT('',(72.7135969712924,10.1974728871957,-38.5174915790562));
#16799=CARTESIAN_POINT('Origin',(71.0609360819015,6.82389007160747,-38.3016009651306));
#16800=CARTESIAN_POINT('',(72.9932235312189,7.3395891752823,-40.7101428209023));
#16801=CARTESIAN_POINT('',(70.8301069109254,9.54747351352564,-43.863741747797));
#16802=CARTESIAN_POINT('',(70.5556934459152,7.33958917564174,-39.0381921501458));
#16803=CARTESIAN_POINT('',(71.7926680197509,7.33958917545934,-39.8866577674125));
#16804=CARTESIAN_POINT('',(71.0609360819015,6.82389007160747,-38.3016009651306));
#16805=CARTESIAN_POINT('',(68.3925767191185,9.5474736225925,-42.191791232311));
#16806=CARTESIAN_POINT('',(73.5348852466413,6.82389005382109,-39.9985321747803));
#16807=CARTESIAN_POINT('',(71.0609360819015,6.82389007160747,-38.3016009651306));
#16808=CARTESIAN_POINT('',(70.866525884496,9.54747360415522,-43.888722441031));
#16809=CARTESIAN_POINT('Origin',(66.1908737540382,13.699999978841,-45.4016450344032));
#16810=CARTESIAN_POINT('Origin',(66.1908737540382,13.699999978841,-45.4016450344032));
#16811=CARTESIAN_POINT('Origin',(68.664822918778,13.6999999610546,-47.0985762440529));
#16812=CARTESIAN_POINT('Origin',(68.6648229187785,13.6999999610472,-47.0985762440521));
#16813=CARTESIAN_POINT('Origin',(66.1908737540373,13.6999999788395,-45.4016450344045));
#16814=CARTESIAN_POINT('',(73.8520195352429,17.1264661347781,-39.4581076179441));
#16815=CARTESIAN_POINT('',(72.9187075310809,19.9843501455579,-40.8187793945697));
#16816=CARTESIAN_POINT('Origin',(68.628403856158,13.699999961315,-47.0735956806436));
#16817=CARTESIAN_POINT('',(73.8884385978619,17.1264661345163,-39.4830881813547));
#16818=CARTESIAN_POINT('',(71.4144894331221,17.1264661523027,-37.786156971705));
#16819=CARTESIAN_POINT('',(72.9551265937,19.9843501452961,-40.8437599579803));
#16820=CARTESIAN_POINT('Origin',(68.6648229187771,13.6999999610531,-47.0985762440542));
#16821=CARTESIAN_POINT('',(70.4811774289602,19.9843501630824,-39.1468287483306));
#16822=CARTESIAN_POINT('Origin',(70.4811774289602,19.9843501630824,-39.1468287483306));
#16823=CARTESIAN_POINT('',(72.993223999469,20.0604088015775,-40.7101421382424));
#16824=CARTESIAN_POINT('',(70.5402277688597,17.5566455321002,-44.2863553705536));
#16825=CARTESIAN_POINT('',(73.5348859965342,20.5761082082874,-39.9985310815146));
#16826=CARTESIAN_POINT('',(70.5766468563998,17.5566455572752,-44.311335897632));
#16827=CARTESIAN_POINT('',(71.0609368317944,20.5761082260737,-38.3015998718649));
#16828=CARTESIAN_POINT('',(71.0609368317944,20.5761082260737,-38.3015998718649));
#16829=CARTESIAN_POINT('',(70.5556939030932,20.0604088249659,-39.0381914836277));
#16830=CARTESIAN_POINT('',(68.1026976932382,17.5566455766724,-42.6144046856815));
#16831=CARTESIAN_POINT('',(71.7926684825477,20.060408813097,-39.8866570927029));
#16832=CARTESIAN_POINT('Origin',(71.9942488548117,17.7182242345275,-36.9409280677502));
#16833=CARTESIAN_POINT('',(73.9265360862554,17.2025248751306,-39.349470241159));
#16834=CARTESIAN_POINT('',(71.7634195706228,14.9946406510343,-42.5030690154689));
#16835=CARTESIAN_POINT('',(71.4890059947793,17.2025249035201,-37.6775195794012));
#16836=CARTESIAN_POINT('',(72.7135972261127,17.2025248892575,-38.5174912075548));
#16837=CARTESIAN_POINT('',(71.9942488548117,17.7182242345275,-36.9409280677502));
#16838=CARTESIAN_POINT('',(69.3258894950013,14.9946406956065,-40.8311183305968));
#16839=CARTESIAN_POINT('',(74.4681980195515,17.7182242167411,-38.6378592773999));
#16840=CARTESIAN_POINT('',(71.9942488548117,17.7182242345275,-36.9409280677502));
#16841=CARTESIAN_POINT('',(71.7998386581629,14.9946406762092,-42.5280495425473));
#16842=CARTESIAN_POINT('Origin',(66.1908737540348,13.6999999788365,-45.4016450344081));
#16843=CARTESIAN_POINT('Origin',(66.1908737540349,13.6999999788365,-45.4016450344081));
#16844=CARTESIAN_POINT('Origin',(68.6648229187747,13.6999999610501,-47.0985762440578));
#16845=CARTESIAN_POINT('Origin',(68.6648229187786,13.6999999610472,-47.0985762440521));
#16846=CARTESIAN_POINT('Origin',(66.1908737540365,13.6999999788285,-45.4016450344056));
#16847=CARTESIAN_POINT('',(64.3381009495059,19.9843517848388,-53.3284108466587));
#16848=CARTESIAN_POINT('',(63.4047885959633,17.1264681306707,-54.6890831326448));
#16849=CARTESIAN_POINT('Origin',(68.6284038561573,13.6999999613039,-47.0735956806447));
#16850=CARTESIAN_POINT('',(64.374520012125,19.984351784577,-53.3533914100693));
#16851=CARTESIAN_POINT('',(61.9005708473852,19.9843518023634,-51.6564602004196));
#16852=CARTESIAN_POINT('',(63.4412076585824,17.1264681304089,-54.7140636960555));
#16853=CARTESIAN_POINT('Origin',(68.6648229187763,13.6999999610421,-47.0985762440553));
#16854=CARTESIAN_POINT('',(60.9672584938426,17.1264681481953,-53.0171324864058));
#16855=CARTESIAN_POINT('Origin',(60.9672584938426,17.1264681481953,-53.0171324864058));
#16856=CARTESIAN_POINT('',(63.3302721967792,17.2025267163031,-54.7977202880799));
#16857=CARTESIAN_POINT('',(65.783268411729,14.69876345461,-51.2215070785985));
#16858=CARTESIAN_POINT('',(62.8614482562229,17.7182261948536,-55.5592925718292));
#16859=CARTESIAN_POINT('',(65.8196873852996,14.6987635452396,-51.2464877718326));
#16860=CARTESIAN_POINT('',(60.3874990914831,17.71822621264,-53.8623613621795));
#16861=CARTESIAN_POINT('',(60.3874990914831,17.71822621264,-53.8623613621795));
#16862=CARTESIAN_POINT('',(60.8927421114003,17.2025267167394,-53.1257696174331));
#16863=CARTESIAN_POINT('',(63.3457382199221,14.6987635636769,-49.5495565631126));
#16864=CARTESIAN_POINT('',(62.1238904996935,17.2025267165191,-53.9702389373481));
#16865=CARTESIAN_POINT('Origin',(61.3208114261762,20.5761098860599,-52.5016891036738));
#16866=CARTESIAN_POINT('',(64.2635846013278,20.0604103184112,-53.4370479277324));
#16867=CARTESIAN_POINT('',(66.4267009678864,17.852526239153,-50.2834493707568));
#16868=CARTESIAN_POINT('',(61.8260545160241,20.0604103187707,-51.7650972569758));
#16869=CARTESIAN_POINT('',(63.0630290898599,20.0604103185883,-52.6135628742425));
#16870=CARTESIAN_POINT('',(61.3208114261762,20.5761098860599,-52.5016891036738));
#16871=CARTESIAN_POINT('',(63.9891707760794,17.8525263482199,-48.6114988552709));
#16872=CARTESIAN_POINT('',(63.794760590916,20.5761098682735,-54.1986203133235));
#16873=CARTESIAN_POINT('',(61.3208114261762,20.5761098860599,-52.5016891036738));
#16874=CARTESIAN_POINT('',(66.4631199414569,17.8525263297826,-50.3084300639909));
#16875=CARTESIAN_POINT('Origin',(66.1908737540392,13.6999999788263,-45.4016450344017));
#16876=CARTESIAN_POINT('Origin',(66.1908737540392,13.6999999788263,-45.4016450344017));
#16877=CARTESIAN_POINT('Origin',(68.664822918779,13.6999999610399,-47.0985762440514));
#16878=CARTESIAN_POINT('Origin',(68.6648229187785,13.6999999610472,-47.0985762440521));
#16879=CARTESIAN_POINT('Origin',(68.628403946798,13.6999994905911,-47.0735955485));
#16880=CARTESIAN_POINT('Origin',(68.628403946798,13.6999994905911,-47.0735955485));
#16881=CARTESIAN_POINT('Origin',(68.628403946798,13.6999994905911,-47.0735955485));
#16882=CARTESIAN_POINT('Origin',(68.628403946798,13.6999994905911,-47.0735955485));
#16883=CARTESIAN_POINT('Origin',(68.628403946798,13.6999994905911,-47.0735955485));
#16884=CARTESIAN_POINT('Origin',(68.628403946798,13.6999994905911,-47.0735955485));
#16885=CARTESIAN_POINT('Origin',(68.628403946798,13.6999994905911,-47.0735955485));
#16886=CARTESIAN_POINT('',(67.2142944673451,13.7,-49.1352200097411));
#16887=CARTESIAN_POINT('Origin',(68.6284038292497,13.7,-47.0735957198731));
#16888=CARTESIAN_POINT('',(71.9877715321873,8.82164337181168,-42.1759872027738));
#16889=CARTESIAN_POINT('Origin',(71.1682166798708,9.20987193946546,-43.3708128901868));
#16890=CARTESIAN_POINT('',(71.9877715321874,17.8018994928808,-42.1759872027737));
#16891=CARTESIAN_POINT('Origin',(71.1682166798708,18.1901280605346,-43.3708128901867));
#16892=CARTESIAN_POINT('',(66.9081458309451,8.82164337181165,-49.5815528621464));
#16893=CARTESIAN_POINT('Origin',(66.0885909786286,9.20987193946543,-50.7763785495594));
#16894=CARTESIAN_POINT('',(66.9081458309451,17.8018994928808,-49.5815528621465));
#16895=CARTESIAN_POINT('Origin',(66.0885909786286,18.1901280605346,-50.7763785495595));
#16896=CARTESIAN_POINT('Origin',(64.3814579096699,13.6999994905911,-44.1605302629764));
#16897=CARTESIAN_POINT('Origin',(66.1908738613267,13.6999994905911,-45.4016448779877));
#16898=CARTESIAN_POINT('Origin',(64.3814579096699,13.6999994905911,-44.1605302629764));
#16899=CARTESIAN_POINT('Origin',(66.1908738613267,13.6999994905911,-45.4016448779877));
#16900=CARTESIAN_POINT('Origin',(64.3814579096699,13.6999994905911,-44.1605302629764));
#16901=CARTESIAN_POINT('Origin',(66.1908738613267,13.6999994905911,-45.4016448779877));
#16902=CARTESIAN_POINT('Origin',(64.3814579096699,13.6999994905911,-44.1605302629764));
#16903=CARTESIAN_POINT('Origin',(66.1908738613267,13.6999994905911,-45.4016448779877));
#16904=CARTESIAN_POINT('Origin',(64.3814579096699,13.6999994905911,-44.1605302629764));
#16905=CARTESIAN_POINT('Origin',(66.1908738613267,13.6999994905911,-45.4016448779877));
#16906=CARTESIAN_POINT('Origin',(73.5468574845236,18.1901280605346,-55.8921528161895));
#16907=CARTESIAN_POINT('',(67.7692146092626,17.8018994928808,-50.1721771706816));
#16908=CARTESIAN_POINT('Origin',(66.9496597569461,18.1901280605346,-51.3670028580946));
#16909=CARTESIAN_POINT('',(74.3664123368401,17.8018994928808,-54.6973271287765));
#16910=CARTESIAN_POINT('Origin',(73.5468574845236,9.20987193946543,-55.8921528161895));
#16911=CARTESIAN_POINT('',(67.7692146092626,8.82164337181165,-50.1721771706816));
#16912=CARTESIAN_POINT('Origin',(66.9496597569461,9.20987193946543,-51.3670028580946));
#16913=CARTESIAN_POINT('',(74.3664123368401,8.82164337181165,-54.6973271287765));
#16914=CARTESIAN_POINT('Origin',(78.6264831857658,18.1901280605346,-48.4865871568168));
#16915=CARTESIAN_POINT('',(72.8488403105048,17.8018994928808,-42.7666115113089));
#16916=CARTESIAN_POINT('Origin',(72.0292854581883,18.1901280605346,-43.9614371987219));
#16917=CARTESIAN_POINT('',(79.4460380380823,17.8018994928808,-47.2917614694038));
#16918=CARTESIAN_POINT('Origin',(78.6264831857658,9.20987193946546,-48.4865871568168));
#16919=CARTESIAN_POINT('',(72.8488403105048,8.82164337181168,-42.7666115113089));
#16920=CARTESIAN_POINT('Origin',(72.0292854581883,9.20987193946546,-43.9614371987219));
#16921=CARTESIAN_POINT('',(79.4460380380823,8.82164337181168,-47.2917614694038));
#16922=CARTESIAN_POINT('Origin',(64.3814579096699,13.6999994905911,-44.1605302629764));
#16923=CARTESIAN_POINT('Origin',(66.1908738613267,13.6999994905911,-45.4016448779877));
#16924=CARTESIAN_POINT('Origin',(73.950987928308,25.2301241338191,-36.7400519470581));
#16925=CARTESIAN_POINT('',(77.1165583349492,26.4759782460254,-32.124979720375));
#16926=CARTESIAN_POINT('',(74.6545004957772,30.8286434385108,-35.7144038349713));
#16927=CARTESIAN_POINT('Origin',(67.4278483176992,13.7,-46.2501106665036));
#16928=CARTESIAN_POINT('',(73.7594109538192,23.0493515712786,-37.0193512393375));
#16929=CARTESIAN_POINT('',(75.776895331635,25.1085896684104,-34.0780689667045));
#16930=CARTESIAN_POINT('',(73.2418110109108,19.6342880692463,-37.7739580918775));
#16931=CARTESIAN_POINT('Origin',(74.4664656420496,20.8842880692463,-35.9885390837928));
#16932=CARTESIAN_POINT('',(70.7845412436833,23.9784884426844,-41.3564016958509));
#16933=CARTESIAN_POINT('Origin',(67.4278483176993,13.7,-46.2501106665036));
#16934=CARTESIAN_POINT('',(72.7162505557745,24.8935519521455,-38.5401705428322));
#16935=CARTESIAN_POINT('Origin',(71.4915959246357,26.1435519521455,-40.3255895509169));
#16936=CARTESIAN_POINT('',(72.911811195459,25.4923758002492,-38.2550634812591));
#16937=CARTESIAN_POINT('Origin',(69.8311946329664,29.5569959268914,-42.7462818439253));
#16938=CARTESIAN_POINT('',(72.2051912334995,33.3286434385108,-39.2852418511407));
#16939=CARTESIAN_POINT('',(68.8419576796039,34.9218294731287,-44.1884863766356));
#16940=CARTESIAN_POINT('Origin',(67.4278483176993,13.7,-46.2501106665036));
#16941=CARTESIAN_POINT('',(70.2669412934968,27.3935519521455,-42.1110085590016));
#16942=CARTESIAN_POINT('',(71.4465450992201,31.0056023694525,-40.3912689661429));
#16943=CARTESIAN_POINT('Origin',(71.4915959246357,26.1435519521455,-40.3255895509169));
#16944=CARTESIAN_POINT('',(67.4278483176993,25.5685761384925,-46.2501106665036));
#16945=CARTESIAN_POINT('Origin',(67.4278483176993,13.7,-46.2501106665036));
#16946=CARTESIAN_POINT('',(68.8419576796039,28.0685761384925,-44.1884863766356));
#16947=CARTESIAN_POINT('Origin',(67.4278483176993,28.0685761384926,-46.2501106665036));
#16948=CARTESIAN_POINT('',(68.8419576796039,28.812786032692,-44.1884863766357));
#16949=CARTESIAN_POINT('Origin',(65.0396149987909,29.4515005779659,-49.7319063131302));
#16950=CARTESIAN_POINT('',(66.0137389557946,34.9218294731287,-48.3117349563716));
#16951=CARTESIAN_POINT('',(62.650505401899,33.3286434385108,-53.2149794818665));
#16952=CARTESIAN_POINT('Origin',(67.4278483176993,13.7,-46.2501106665036));
#16953=CARTESIAN_POINT('',(66.0137389557946,28.0685761384925,-48.3117349563716));
#16954=CARTESIAN_POINT('',(66.0137389557946,32.1866650255473,-48.3117349563716));
#16955=CARTESIAN_POINT('Origin',(67.4278483176993,28.0685761384926,-46.2501106665036));
#16956=CARTESIAN_POINT('',(64.0711553917152,23.9784884426844,-51.1438196371563));
#16957=CARTESIAN_POINT('Origin',(67.4278483176993,13.7,-46.2501106665036));
#16958=CARTESIAN_POINT('',(64.5887553478077,27.3935519340606,-50.3892127653952));
#16959=CARTESIAN_POINT('Origin',(63.3641007107628,26.1435519521455,-52.1746317820903));
#16960=CARTESIAN_POINT('',(64.3930851704401,27.992711196167,-50.6744795215112));
#16961=CARTESIAN_POINT('Origin',(60.9059057250767,25.232240338581,-55.7584242582934));
#16962=CARTESIAN_POINT('',(60.2011961396213,30.8286434385108,-56.785817498036));
#16963=CARTESIAN_POINT('',(57.7391383004493,26.4759782460254,-60.3752416126322));
#16964=CARTESIAN_POINT('Origin',(67.4278483176993,13.7,-46.2501106665036));
#16965=CARTESIAN_POINT('',(62.139446079624,24.8935519521454,-53.960050790175));
#16966=CARTESIAN_POINT('',(60.9746509352081,28.4602569483921,-55.6582008959162));
#16967=CARTESIAN_POINT('Origin',(63.3641007107628,26.1435519521455,-52.1746317820903));
#16968=CARTESIAN_POINT('',(61.6138856244878,19.6342880692463,-54.7262632411297));
#16969=CARTESIAN_POINT('Origin',(67.4278483176993,13.7,-46.2501106665036));
#16970=CARTESIAN_POINT('',(61.0962856844863,23.0493515683116,-55.4808700894318));
#16971=CARTESIAN_POINT('Origin',(60.3892309933489,20.8842880692463,-56.5116822492145));
#16972=CARTESIAN_POINT('',(60.7575647155305,23.3950826833778,-55.9746900130523));
#16973=CARTESIAN_POINT('Origin',(58.4584377609388,17.9488692529941,-59.3265778533903));
#16974=CARTESIAN_POINT('',(56.3250289385447,22.1458512271032,-62.4368659025002));
#16975=CARTESIAN_POINT('',(55.4238532238211,16.2,-63.7506863133989));
#16976=CARTESIAN_POINT('Origin',(67.4278483176993,13.7,-46.2501106665036));
#16977=CARTESIAN_POINT('',(59.6821763123966,18.7192245597852,-57.5424943941484));
#16978=CARTESIAN_POINT('',(57.6390425880824,20.8046428405439,-60.5211707447677));
#16979=CARTESIAN_POINT('Origin',(60.3892309933489,20.8842880692463,-56.5116822492145));
#16980=CARTESIAN_POINT('',(60.9432155414395,16.7718135428912,-55.7040304286955));
#16981=CARTESIAN_POINT('Origin',(67.4278483176993,13.7,-46.2501106665036));
#16982=CARTESIAN_POINT('',(60.7144624657311,13.7,-56.0375286078091));
#16983=CARTESIAN_POINT('Origin',(67.4278483176993,13.7,-46.2501106665036));
#16984=CARTESIAN_POINT('',(59.3003531038264,16.2,-58.0991528976771));
#16985=CARTESIAN_POINT('Origin',(59.3003531038264,13.7,-58.0991528976771));
#16986=CARTESIAN_POINT('',(58.8793954323826,16.2,-58.7128653755337));
#16987=CARTESIAN_POINT('Origin',(69.4894726075672,13.7,-47.6642200284083));
#16988=CARTESIAN_POINT('',(63.0048398313075,16.7718135428912,-57.1181397906002));
#16989=CARTESIAN_POINT('Origin',(69.4894726075672,13.7,-47.6642200284083));
#16990=CARTESIAN_POINT('',(63.0048398313075,16.7718135428912,-57.1181397906002));
#16991=CARTESIAN_POINT('',(74.1412341696674,13.7,-36.4626927251982));
#16992=CARTESIAN_POINT('Origin',(67.4278483176993,13.7,-46.2501106665036));
#16993=CARTESIAN_POINT('',(73.2418110109108,7.76571193075373,-37.7739580918775));
#16994=CARTESIAN_POINT('Origin',(67.4278483176993,13.7,-46.2501106665036));
#16995=CARTESIAN_POINT('',(70.7845412436834,3.42151155731563,-41.3564016958509));
#16996=CARTESIAN_POINT('Origin',(67.4278483176993,13.7,-46.2501106665036));
#16997=CARTESIAN_POINT('',(67.4278483176993,1.83142386150744,-46.2501106665036));
#16998=CARTESIAN_POINT('Origin',(67.4278483176993,13.7,-46.2501106665036));
#16999=CARTESIAN_POINT('',(64.0711553917152,3.42151155731561,-51.1438196371563));
#17000=CARTESIAN_POINT('Origin',(67.4278483176993,13.7,-46.2501106665036));
#17001=CARTESIAN_POINT('',(61.6138856244878,7.7657119307537,-54.7262632411297));
#17002=CARTESIAN_POINT('Origin',(67.4278483176993,13.7,-46.2501106665036));
#17003=CARTESIAN_POINT('Origin',(67.4278483176993,13.7,-46.2501106665036));
#17004=CARTESIAN_POINT('Origin',(58.51811054516,9.47784897115078,-59.2395811438652));
#17005=CARTESIAN_POINT('',(55.4238532238211,11.2,-63.7506863133989));
#17006=CARTESIAN_POINT('',(56.3250289385447,5.25414877289671,-62.4368659025002));
#17007=CARTESIAN_POINT('Origin',(67.4278483176993,13.7,-46.2501106665036));
#17008=CARTESIAN_POINT('',(59.3003531038264,11.2,-58.099152897677));
#17009=CARTESIAN_POINT('',(56.9709818844906,11.2,-61.495133728632));
#17010=CARTESIAN_POINT('Origin',(59.3003531038264,13.7,-58.0991528976771));
#17011=CARTESIAN_POINT('',(59.6821763123966,8.6807754402148,-57.5424943941484));
#17012=CARTESIAN_POINT('Origin',(60.3892309933489,6.51571193075371,-56.5116822492144));
#17013=CARTESIAN_POINT('',(59.3432656287623,8.3348506841479,-58.0365909020276));
#17014=CARTESIAN_POINT('Origin',(60.9047087070905,2.16987586618084,-55.7601693859491));
#17015=CARTESIAN_POINT('',(57.7391383004493,0.924021753974549,-60.3752416126322));
#17016=CARTESIAN_POINT('',(60.2011961396214,-3.4286434385108,-56.7858174980359));
#17017=CARTESIAN_POINT('Origin',(67.4278483176993,13.7,-46.2501106665036));
#17018=CARTESIAN_POINT('',(61.0962856786858,4.35064842576789,-55.4808700978882));
#17019=CARTESIAN_POINT('',(59.0788013037635,2.29141033158963,-58.4221523663027));
#17020=CARTESIAN_POINT('Origin',(60.3892309933489,6.51571193075371,-56.5116822492144));
#17021=CARTESIAN_POINT('',(62.139446079624,2.50644804785452,-53.960050790175));
#17022=CARTESIAN_POINT('Origin',(63.3641007107629,1.25644804785453,-52.1746317820903));
#17023=CARTESIAN_POINT('',(61.9438854399399,1.90762419975163,-54.2451578517477));
#17024=CARTESIAN_POINT('Origin',(65.0245020024321,-2.15699592689138,-49.753939489082));
#17025=CARTESIAN_POINT('',(62.650505401899,-5.92864343851079,-53.2149794818665));
#17026=CARTESIAN_POINT('',(66.0137389557946,-7.5218294731287,-48.3117349563716));
#17027=CARTESIAN_POINT('Origin',(67.4278483176993,13.7,-46.2501106665036));
#17028=CARTESIAN_POINT('',(64.5887553419017,0.00644804785452036,-50.3892127740056));
#17029=CARTESIAN_POINT('',(63.4091515361785,-3.60560236945255,-52.1089523668644));
#17030=CARTESIAN_POINT('Origin',(63.3641007107629,1.25644804785453,-52.1746317820903));
#17031=CARTESIAN_POINT('',(66.0137389557946,-0.66857613849256,-48.3117349563716));
#17032=CARTESIAN_POINT('Origin',(67.4278483176993,-0.668576138492556,-46.2501106665036));
#17033=CARTESIAN_POINT('',(66.0137389557946,-1.41278603269197,-48.3117349563716));
#17034=CARTESIAN_POINT('Origin',(69.8160816366077,-2.05150057796591,-42.768315019877));
#17035=CARTESIAN_POINT('',(68.8419576796039,-7.5218294731287,-44.1884863766356));
#17036=CARTESIAN_POINT('',(72.2051912334995,-5.92864343851077,-39.2852418511407));
#17037=CARTESIAN_POINT('Origin',(67.4278483176993,13.7,-46.2501106665036));
#17038=CARTESIAN_POINT('',(68.8419576796039,-0.668576138492559,-44.1884863766356));
#17039=CARTESIAN_POINT('',(68.8419576796039,-4.7866650255473,-44.1884863766356));
#17040=CARTESIAN_POINT('Origin',(67.4278483176993,-0.668576138492556,-46.2501106665036));
#17041=CARTESIAN_POINT('',(70.2669412991326,0.00644803059739907,-42.1110085507853));
#17042=CARTESIAN_POINT('Origin',(71.4915959246357,1.25644804785455,-40.3255895509169));
#17043=CARTESIAN_POINT('',(70.4626114707293,-0.592711213838016,-41.8257418030827));
#17044=CARTESIAN_POINT('Origin',(73.9497909103218,2.16775966141905,-36.7417970747138));
#17045=CARTESIAN_POINT('',(74.6545004957772,-3.42864343851077,-35.7144038349713));
#17046=CARTESIAN_POINT('',(77.1165583349492,0.92402175397457,-32.124979720375));
#17047=CARTESIAN_POINT('Origin',(67.4278483176992,13.7,-46.2501106665036));
#17048=CARTESIAN_POINT('',(72.7162505634634,2.50644802431058,-38.5401705316226));
#17049=CARTESIAN_POINT('',(73.8810457001904,-1.06025694839209,-36.842020437091));
#17050=CARTESIAN_POINT('Origin',(71.4915959246357,1.25644804785455,-40.3255895509169));
#17051=CARTESIAN_POINT('',(73.7594109655369,4.35064841676115,-37.0193512222543));
#17052=CARTESIAN_POINT('Origin',(74.4664656420496,6.51571193075374,-35.9885390837928));
#17053=CARTESIAN_POINT('',(74.0981319271803,4.00491730915856,-36.5255313092944));
#17054=CARTESIAN_POINT('Origin',(76.3972588744597,9.45113074700586,-33.1736434796169));
#17055=CARTESIAN_POINT('',(78.5306676968538,5.25414877289676,-30.0633554305071));
#17056=CARTESIAN_POINT('',(79.4318434115774,11.2,-28.7495350196084));
#17057=CARTESIAN_POINT('Origin',(67.4278483176993,13.7,-46.2501106665036));
#17058=CARTESIAN_POINT('',(75.1735203416684,8.68077542116203,-34.957726911645));
#17059=CARTESIAN_POINT('',(77.2166540473162,6.5953571594561,-31.9790505882396));
#17060=CARTESIAN_POINT('Origin',(74.4664656420496,6.51571193075374,-35.9885390837928));
#17061=CARTESIAN_POINT('',(75.5553434946794,11.2,-34.4010684891158));
#17062=CARTESIAN_POINT('Origin',(75.5553435315721,13.7,-34.4010684353302));
#17063=CARTESIAN_POINT('',(75.9763011845696,11.2,-33.7873559843664));
#17064=CARTESIAN_POINT('Origin',(76.3375860902385,17.9221510288492,-33.2606401891421));
#17065=CARTESIAN_POINT('',(79.4318434115774,16.2,-28.7495350196084));
#17066=CARTESIAN_POINT('',(78.5306676968538,22.1458512271033,-30.0633554305071));
#17067=CARTESIAN_POINT('Origin',(67.4278483176993,13.7,-46.2501106665036));
#17068=CARTESIAN_POINT('',(75.5553435315721,16.2,-34.4010684353302));
#17069=CARTESIAN_POINT('',(77.884714750908,16.2,-31.0050876043752));
#17070=CARTESIAN_POINT('Origin',(75.5553435315721,13.7,-34.4010684353302));
#17071=CARTESIAN_POINT('',(75.17352031627,18.7192245529139,-34.9577269486732));
#17072=CARTESIAN_POINT('Origin',(74.4664656420496,20.8842880692463,-35.9885390837928));
#17073=CARTESIAN_POINT('',(75.5124310032478,19.0651493123935,-34.4636304359197));
#17074=CARTESIAN_POINT('Origin',(58.4452017384308,8.6807754401689,-56.6940287770712));
#17075=CARTESIAN_POINT('',(58.4452017384758,8.68077544021481,-56.6940287770056));
#17076=CARTESIAN_POINT('',(58.4452017384758,8.68077544021481,-56.6940287770056));
#17077=CARTESIAN_POINT('',(57.0490951470203,7.25577512180135,-58.7294069010234));
#17078=CARTESIAN_POINT('',(59.6698563696146,9.93077544021479,-54.9086097689209));
#17079=CARTESIAN_POINT('',(55.922413510287,6.10577575862824,-60.371991478859));
#17080=CARTESIAN_POINT('Origin',(56.4867523597354,6.68077544021479,-59.5513837594348));
#17081=CARTESIAN_POINT('',(55.0880543646239,5.25414877289673,-61.5884002853574));
#17082=CARTESIAN_POINT('',(59.6698563696146,9.93077544021479,-54.9086097689209));
#17083=CARTESIAN_POINT('',(55.0880543646239,5.25414877289673,-61.5884002853574));
#17084=CARTESIAN_POINT('Origin',(66.1908737437785,13.7,-45.4016450493608));
#17085=CARTESIAN_POINT('',(58.9642215657006,-3.42864343851079,-55.9373518808931));
#17086=CARTESIAN_POINT('',(58.9642215657006,-3.42864343851079,-55.9373518808931));
#17087=CARTESIAN_POINT('',(56.5021637265286,0.924021753974542,-59.5267759954894));
#17088=CARTESIAN_POINT('Origin',(66.1908737437785,13.7,-45.4016450493608));
#17089=CARTESIAN_POINT('',(56.5021637265286,0.924021753974542,-59.5267759954894));
#17090=CARTESIAN_POINT('Origin',(59.1522564194281,6.51571193075371,-55.6632166320716));
#17091=CARTESIAN_POINT('',(59.859311104765,4.3506484257679,-54.6324044807454));
#17092=CARTESIAN_POINT('',(59.859311104765,4.3506484257679,-54.6324044807454));
#17093=CARTESIAN_POINT('Origin',(59.1522564194281,6.51571193075371,-55.6632166320716));
#17094=CARTESIAN_POINT('Origin',(60.9024715056681,2.50644804774702,-53.1115851730834));
#17095=CARTESIAN_POINT('',(60.9024715057032,2.50644804785453,-53.1115851730322));
#17096=CARTESIAN_POINT('',(60.9024715057032,2.50644804785453,-53.1115851730322));
#17097=CARTESIAN_POINT('',(60.096428989309,0.0382750955606065,-54.2867112808365));
#17098=CARTESIAN_POINT('',(61.6095261866555,4.6715115573156,-52.0807730280983));
#17099=CARTESIAN_POINT('',(59.44593904305,-1.95358223012707,-55.2350579290167));
#17100=CARTESIAN_POINT('Origin',(59.7721820472612,-0.957653567283234,-54.7615691744202));
#17101=CARTESIAN_POINT('',(61.6095261866555,4.6715115573156,-52.0807730280983));
#17102=CARTESIAN_POINT('Origin',(66.1908737437785,13.7,-45.4016450493608));
#17103=CARTESIAN_POINT('',(64.7767643818738,-7.5218294731287,-47.4632693392288));
#17104=CARTESIAN_POINT('',(64.7767643818738,-7.5218294731287,-47.4632693392288));
#17105=CARTESIAN_POINT('',(61.4135308279782,-5.92864343851079,-52.3665138647237));
#17106=CARTESIAN_POINT('Origin',(66.1908737437785,13.7,-45.4016450493608));
#17107=CARTESIAN_POINT('',(61.4135308279782,-5.92864343851079,-52.3665138647237));
#17108=CARTESIAN_POINT('Origin',(62.1271261368421,1.25644804785453,-51.3261661649475));
#17109=CARTESIAN_POINT('',(63.3517807679809,0.00644804785452813,-49.5407471568628));
#17110=CARTESIAN_POINT('',(63.3517807679809,0.00644804785452813,-49.5407471568628));
#17111=CARTESIAN_POINT('Origin',(62.1271261368421,1.25644804785453,-51.3261661649475));
#17112=CARTESIAN_POINT('Origin',(64.7767643818738,-0.668576138492556,-47.4632693392288));
#17113=CARTESIAN_POINT('',(64.7767643818738,-0.668576138492556,-47.4632693392288));
#17114=CARTESIAN_POINT('',(64.7767643818738,-0.668576138492556,-47.4632693392288));
#17115=CARTESIAN_POINT('',(64.7767643818738,-3.51857677531946,-47.4632693392288));
#17116=CARTESIAN_POINT('',(64.7767643818738,1.83142386150741,-47.4632693392288));
#17117=CARTESIAN_POINT('',(64.7767643818738,-5.81857550166568,-47.4632693392288));
#17118=CARTESIAN_POINT('Origin',(64.7777624129556,-4.66857613849257,-47.4639539087224));
#17119=CARTESIAN_POINT('',(64.7767643818738,1.83142386150741,-47.4632693392288));
#17120=CARTESIAN_POINT('Origin',(66.1908737437785,13.7,-45.4016450493608));
#17121=CARTESIAN_POINT('',(70.9682166595787,-5.92864343851077,-38.4367762339979));
#17122=CARTESIAN_POINT('',(70.9682166595787,-5.92864343851077,-38.4367762339979));
#17123=CARTESIAN_POINT('',(67.6049831056831,-7.5218294731287,-43.3400207594928));
#17124=CARTESIAN_POINT('Origin',(66.1908737437785,13.7,-45.4016450493608));
#17125=CARTESIAN_POINT('',(67.6049831056831,-7.5218294731287,-43.3400207594928));
#17126=CARTESIAN_POINT('Origin',(66.1908737437785,-0.668576138492556,-45.4016450493608));
#17127=CARTESIAN_POINT('',(67.6049831056831,-0.668576138492556,-43.3400207594928));
#17128=CARTESIAN_POINT('',(67.6049831056831,-0.668576138492556,-43.3400207594928));
#17129=CARTESIAN_POINT('Origin',(66.1908737437785,-0.668576138492556,-45.4016450493608));
#17130=CARTESIAN_POINT('Origin',(69.0299667252118,0.00644803059740184,-41.2625429336425));
#17131=CARTESIAN_POINT('',(69.0299667252118,0.00644803059740129,-41.2625429336425));
#17132=CARTESIAN_POINT('',(69.0299667252118,0.00644803059740129,-41.2625429336425));
#17133=CARTESIAN_POINT('',(69.8360092359703,-2.46172490443938,-40.0874168340545));
#17134=CARTESIAN_POINT('',(68.3229120386238,2.17151155731561,-42.2933550867928));
#17135=CARTESIAN_POINT('',(70.4864991822293,-4.45358223012706,-39.1390701858743));
#17136=CARTESIAN_POINT('Origin',(70.1622522401816,-3.45765356728322,-39.6139280794581));
#17137=CARTESIAN_POINT('',(68.3229120386238,2.17151155731561,-42.2933550867928));
#17138=CARTESIAN_POINT('Origin',(66.1908737437785,13.7,-45.4016450493608));
#17139=CARTESIAN_POINT('',(75.8795837610284,0.924021753974573,-31.2765141032322));
#17140=CARTESIAN_POINT('',(75.8795837610284,0.924021753974573,-31.2765141032322));
#17141=CARTESIAN_POINT('',(73.4175259218564,-3.42864343851076,-34.8659382178285));
#17142=CARTESIAN_POINT('Origin',(66.1908737437785,13.7,-45.4016450493608));
#17143=CARTESIAN_POINT('',(73.4175259218564,-3.42864343851076,-34.8659382178285));
#17144=CARTESIAN_POINT('Origin',(70.2546213507149,1.25644804785455,-39.4771239337741));
#17145=CARTESIAN_POINT('',(71.4792759895426,2.50644802431059,-37.6917049144798));
#17146=CARTESIAN_POINT('',(71.4792759895426,2.50644802431059,-37.6917049144798));
#17147=CARTESIAN_POINT('Origin',(70.2546213507149,1.25644804785455,-39.4771239337741));
#17148=CARTESIAN_POINT('Origin',(72.5224363916161,4.35064841676115,-36.1708856051115));
#17149=CARTESIAN_POINT('',(72.5224363916161,4.35064841676115,-36.1708856051115));
#17150=CARTESIAN_POINT('',(72.5224363916161,4.35064841676115,-36.1708856051115));
#17151=CARTESIAN_POINT('',(73.918542978632,2.92564810287918,-34.1355074875662));
#17152=CARTESIAN_POINT('',(71.2977817560377,5.60064842129262,-37.9563046196686));
#17153=CARTESIAN_POINT('',(75.0452246153653,1.77564873970607,-32.4929229097306));
#17154=CARTESIAN_POINT('Origin',(74.4828818280804,2.35064842129263,-33.314899768142));
#17155=CARTESIAN_POINT('',(71.2977817560377,5.60064842129262,-37.9563046196686));
#17156=CARTESIAN_POINT('Origin',(77.2936931229331,5.25414877289677,-29.2148898133643));
#17157=CARTESIAN_POINT('',(77.2936931229331,5.25414877289677,-29.2148898133643));
#17158=CARTESIAN_POINT('',(77.2936931229331,5.25414877289677,-29.2148898133643));
#17159=CARTESIAN_POINT('',(76.4593339772699,6.10577575862827,-30.4312986198626));
#17160=CARTESIAN_POINT('',(79.0800951998642,3.43077544021483,-26.6105014877602));
#17161=CARTESIAN_POINT('',(75.3326523405366,7.25577512180138,-32.0738831976983));
#17162=CARTESIAN_POINT('Origin',(75.896991189985,6.68077544021483,-31.2532754782741));
#17163=CARTESIAN_POINT('',(73.9365457677476,8.68077542116204,-34.1092612945022));
#17164=CARTESIAN_POINT('',(79.0800951998642,3.43077544021483,-26.6105014877602));
#17165=CARTESIAN_POINT('',(73.9365457677476,8.68077542116204,-34.1092612945022));
#17166=CARTESIAN_POINT('Origin',(73.2294910681288,6.51571193075374,-35.14007346665));
#17167=CARTESIAN_POINT('Origin',(73.2294910681288,6.51571193075374,-35.14007346665));
#17168=CARTESIAN_POINT('Origin',(66.1908737437785,13.7,-45.4016450493608));
#17169=CARTESIAN_POINT('',(78.1948688376566,11.2,-27.9010694024656));
#17170=CARTESIAN_POINT('',(78.1948688376566,11.2,-27.9010694024656));
#17171=CARTESIAN_POINT('Origin',(66.1908737437785,13.7,-45.4016450493608));
#17172=CARTESIAN_POINT('Origin',(74.3183689207587,11.2,-33.552602871973));
#17173=CARTESIAN_POINT('',(74.3183689207587,11.2,-33.552602871973));
#17174=CARTESIAN_POINT('',(74.3183689207587,11.2,-33.552602871973));
#17175=CARTESIAN_POINT('',(75.9304539904398,11.2,-31.2023506025788));
#17176=CARTESIAN_POINT('',(72.9042595957467,11.2,-35.6142271080553));
#17177=CARTESIAN_POINT('',(77.2314338829578,11.2,-29.3056573062185));
#17178=CARTESIAN_POINT('Origin',(76.5819419677806,11.2,-30.2546885238923));
#17179=CARTESIAN_POINT('',(72.9042595957467,11.2,-35.6142271080553));
#17180=CARTESIAN_POINT('Origin',(74.3183689576513,13.7,-33.5526028181874));
#17181=CARTESIAN_POINT('',(74.3183689576514,16.2,-33.5526028181874));
#17182=CARTESIAN_POINT('',(74.3183689576514,16.2,-33.5526028181874));
#17183=CARTESIAN_POINT('Origin',(74.3183689576513,13.7,-33.5526028181874));
#17184=CARTESIAN_POINT('Origin',(78.1948688376566,16.2,-27.9010694024656));
#17185=CARTESIAN_POINT('',(78.1948688376566,16.2,-27.9010694024656));
#17186=CARTESIAN_POINT('',(78.1948688376566,16.2,-27.9010694024656));
#17187=CARTESIAN_POINT('',(77.2314338829578,16.2,-29.3056573062185));
#17188=CARTESIAN_POINT('',(80.2576282776509,16.2,-24.8937808007419));
#17189=CARTESIAN_POINT('',(75.9304539904398,16.2,-31.2023506025788));
#17190=CARTESIAN_POINT('Origin',(76.5819419677806,16.2,-30.2546885238923));
#17191=CARTESIAN_POINT('',(80.2576282776509,16.2,-24.8937808007419));
#17192=CARTESIAN_POINT('Origin',(66.1908737437785,13.7,-45.4016450493608));
#17193=CARTESIAN_POINT('',(77.2936931229331,22.1458512271033,-29.2148898133643));
#17194=CARTESIAN_POINT('',(77.2936931229331,22.1458512271033,-29.2148898133643));
#17195=CARTESIAN_POINT('Origin',(66.1908737437785,13.7,-45.4016450493608));
#17196=CARTESIAN_POINT('Origin',(62.7045182128525,32.6785827816353,-50.4865281995846));
#17197=CARTESIAN_POINT('',(62.7035203618793,32.6785822301271,-50.4858433675114));
#17198=CARTESIAN_POINT('',(63.3540103081383,30.6867249044394,-49.5374967193312));
#17199=CARTESIAN_POINT('',(65.4636603066198,24.2267913908177,-46.4618465630156));
#17200=CARTESIAN_POINT('Origin',(63.0297633660905,31.6826535672832,-50.0123546129149));
#17201=CARTESIAN_POINT('Origin',(60.9968366784001,29.6076535672832,-52.9761501663356));
#17202=CARTESIAN_POINT('',(58.6376669864984,28.5285822301271,-56.4134344743526));
#17203=CARTESIAN_POINT('',(59.44593904305,29.3535822301271,-55.2350579290167));
#17204=CARTESIAN_POINT('',(60.6705936741888,30.6035822301271,-53.449638920932));
#17205=CARTESIAN_POINT('',(59.2881569327573,26.5367249044394,-55.4650878261725));
#17206=CARTESIAN_POINT('Origin',(58.9639099907096,27.5326535672832,-55.9399457197562));
#17207=CARTESIAN_POINT('',(60.096428989309,27.3617249044394,-54.2867112808366));
#17208=CARTESIAN_POINT('',(61.3210836204478,28.6117249044394,-52.5012922727518));
#17209=CARTESIAN_POINT('Origin',(59.7721820472612,28.3576535672832,-54.7615691744203));
#17210=CARTESIAN_POINT('Origin',(60.9968366784001,29.6076535672832,-52.9761501663356));
#17211=CARTESIAN_POINT('',(61.8952483053276,31.8535822301271,-51.6642199128473));
#17212=CARTESIAN_POINT('',(60.6705936741888,30.6035822301271,-53.449638920932));
#17213=CARTESIAN_POINT('',(62.5457382515866,29.8617249044394,-50.7158732646671));
#17214=CARTESIAN_POINT('Origin',(62.2214913095389,30.8576535672832,-51.1907311582508));
#17215=CARTESIAN_POINT('',(61.3210836204478,28.6117249044394,-52.5012922727518));
#17216=CARTESIAN_POINT('Origin',(58.9639099907096,27.5326535672832,-55.9399457197562));
#17217=CARTESIAN_POINT('',(61.5604295078579,19.5788267836416,-52.152350876522));
#17218=CARTESIAN_POINT('Origin',(58.9642215657005,30.8286434385108,-55.9373518808932));
#17219=CARTESIAN_POINT('',(58.9642215657006,30.8286434385108,-55.9373518808932));
#17220=CARTESIAN_POINT('',(58.9642215657006,30.8286434385108,-55.9373518808932));
#17221=CARTESIAN_POINT('',(57.9328418457034,33.9868186918821,-57.440996181755));
#17222=CARTESIAN_POINT('',(60.9024715057032,24.8935519521455,-53.1115851730323));
#17223=CARTESIAN_POINT('',(57.9328418457034,33.9868186918821,-57.440996181755));
#17224=CARTESIAN_POINT('',(60.9024715057032,24.8935519521455,-53.1115851730323));
#17225=CARTESIAN_POINT('Origin',(66.1908737437785,13.7,-45.4016450493608));
#17226=CARTESIAN_POINT('',(63.3517807738869,27.3935519340606,-49.5407471482524));
#17227=CARTESIAN_POINT('',(64.0588354489332,25.2284884426844,-48.5099350119289));
#17228=CARTESIAN_POINT('Origin',(62.127126136842,26.1435519521455,-51.3261661649475));
#17229=CARTESIAN_POINT('',(56.5021637265286,26.4759782460254,-59.5267759954894));
#17230=CARTESIAN_POINT('Origin',(66.1908737437785,13.7,-45.4016450493608));
#17231=CARTESIAN_POINT('',(57.3365228721917,25.6243512602939,-58.3103671889911));
#17232=CARTESIAN_POINT('',(61.0839657315193,21.7993515787074,-52.846985479053));
#17233=CARTESIAN_POINT('',(57.8031789616202,27.0532931765382,-57.6300311733346));
#17234=CARTESIAN_POINT('',(56.6294681912393,23.4592877508328,-59.341179333925));
#17235=CARTESIAN_POINT('',(58.9298605983535,25.9032938133651,-55.987446595499));
#17236=CARTESIAN_POINT('',(62.5838815819112,22.1736494603286,-50.6602642584531));
#17237=CARTESIAN_POINT('',(58.463204508925,24.4743518971208,-56.6677826111554));
#17238=CARTESIAN_POINT('',(57.7561498279727,22.3092883876597,-57.6985947560894));
#17239=CARTESIAN_POINT('',(59.8593111105655,23.0493515683116,-54.632404472289));
#17240=CARTESIAN_POINT('',(61.0839657315193,21.7993515787074,-52.846985479053));
#17241=CARTESIAN_POINT('',(58.4452017384758,18.7192245597852,-56.6940287770056));
#17242=CARTESIAN_POINT('Origin',(59.1522564194281,20.8842880692463,-55.6632166320717));
#17243=CARTESIAN_POINT('',(57.0490951470203,20.1442248781986,-58.7294069010234));
#17244=CARTESIAN_POINT('',(53.3016522876927,23.9692245597852,-64.1927886109615));
#17245=CARTESIAN_POINT('',(56.5824390575918,18.7152829619543,-59.4097429166798));
#17246=CARTESIAN_POINT('',(57.7561498279727,22.3092883876597,-57.6985947560894));
#17247=CARTESIAN_POINT('',(55.4557574208585,19.8652823251274,-61.0523274945155));
#17248=CARTESIAN_POINT('',(60.5181306063114,14.6981386089177,-53.6719142077744));
#17249=CARTESIAN_POINT('',(55.922413510287,21.2942242413717,-60.371991478859));
#17250=CARTESIAN_POINT('',(56.6294681912393,23.4592877508328,-59.341179333925));
#17251=CARTESIAN_POINT('',(55.0880543646239,22.1458512271032,-61.5884002853574));
#17252=CARTESIAN_POINT('',(53.3016522876927,23.9692245597852,-64.1927886109615));
#17253=CARTESIAN_POINT('',(54.1868786499003,16.2,-62.9022206962561));
#17254=CARTESIAN_POINT('Origin',(66.1908737437785,13.7,-45.4016450493608));
#17255=CARTESIAN_POINT('',(55.1503136045992,16.2,-61.4976327925032));
#17256=CARTESIAN_POINT('',(59.4774878918103,16.2,-55.1890629906663));
#17257=CARTESIAN_POINT('',(55.1503136045992,17.85,-61.4976327925032));
#17258=CARTESIAN_POINT('',(55.1503136045992,13.7,-61.4976327925032));
#17259=CARTESIAN_POINT('',(56.4512934971172,17.85,-59.6009394961429));
#17260=CARTESIAN_POINT('',(60.6705934940803,17.85,-53.4496391835116));
#17261=CARTESIAN_POINT('',(56.4512934971172,16.2,-59.6009394961428));
#17262=CARTESIAN_POINT('',(56.4512934971172,13.7,-59.6009394961429));
#17263=CARTESIAN_POINT('',(58.0633785299056,16.2,-57.2506872805343));
#17264=CARTESIAN_POINT('',(59.4774878918103,16.2,-55.1890629906663));
#17265=CARTESIAN_POINT('',(58.0633785299056,11.2,-57.2506872805343));
#17266=CARTESIAN_POINT('Origin',(58.0633785299056,13.7,-57.2506872805343));
#17267=CARTESIAN_POINT('',(56.4512934971172,11.2,-59.6009394961429));
#17268=CARTESIAN_POINT('',(52.1241192099061,11.2,-65.9095092979797));
#17269=CARTESIAN_POINT('',(56.4512934971172,9.55,-59.6009394961429));
#17270=CARTESIAN_POINT('',(56.4512934971172,13.7,-59.6009394961429));
#17271=CARTESIAN_POINT('',(55.1503136045992,9.55,-61.4976327925032));
#17272=CARTESIAN_POINT('',(60.9958386473183,9.54999999999998,-52.9754655968419));
#17273=CARTESIAN_POINT('',(55.1503136045992,11.2,-61.4976327925032));
#17274=CARTESIAN_POINT('',(55.1503136045992,13.7,-61.4976327925032));
#17275=CARTESIAN_POINT('',(54.1868786499003,11.2,-62.9022206962561));
#17276=CARTESIAN_POINT('',(52.1241192099061,11.2,-65.9095092979797));
#17277=CARTESIAN_POINT('Origin',(66.1908737437785,13.7,-45.4016450493608));
#17278=CARTESIAN_POINT('',(55.4557574208585,7.53471767487257,-61.0523274945155));
#17279=CARTESIAN_POINT('',(56.6294681912393,3.94071224916715,-59.3411793339251));
#17280=CARTESIAN_POINT('',(56.5824390575918,8.68471703804568,-59.4097429166798));
#17281=CARTESIAN_POINT('',(60.2364600411494,12.4143613910823,-54.0825605796339));
#17282=CARTESIAN_POINT('',(57.7561498279727,5.09071161234026,-57.6985947560894));
#17283=CARTESIAN_POINT('',(58.463204508925,2.92564810287916,-56.6677826111554));
#17284=CARTESIAN_POINT('',(54.7157616495974,-0.899351578707384,-62.1311643210935));
#17285=CARTESIAN_POINT('',(58.9298605983535,1.49670618663484,-55.9874465954989));
#17286=CARTESIAN_POINT('',(57.7561498279727,5.09071161234026,-57.6985947560894));
#17287=CARTESIAN_POINT('',(57.8031789616202,0.34670682346173,-57.6300311733346));
#17288=CARTESIAN_POINT('',(62.8655521470731,5.51385053967142,-50.2496178865936));
#17289=CARTESIAN_POINT('',(57.3365228721917,1.77564873970605,-58.3103671889911));
#17290=CARTESIAN_POINT('',(56.6294681912393,3.94071224916715,-59.3411793339251));
#17291=CARTESIAN_POINT('',(54.7157616495974,-0.899351578707384,-62.1311643210935));
#17292=CARTESIAN_POINT('',(58.6376669864984,-1.12858223012708,-56.4134344743526));
#17293=CARTESIAN_POINT('',(60.6705936741888,-3.20358223012708,-53.449638920932));
#17294=CARTESIAN_POINT('',(59.2881569327574,0.863275095560605,-55.4650878261725));
#17295=CARTESIAN_POINT('',(61.3978069312389,7.32320860918232,-52.3894376698568));
#17296=CARTESIAN_POINT('',(61.3210836204478,-1.2117249044394,-52.5012922727518));
#17297=CARTESIAN_POINT('',(62.5457382515867,-2.46172490443939,-50.7158732646671));
#17298=CARTESIAN_POINT('',(60.3821511079811,-9.08681869188208,-53.8701581655855));
#17299=CARTESIAN_POINT('',(63.3540103081383,-3.28672490443939,-49.5374967193312));
#17300=CARTESIAN_POINT('',(61.3210836204478,-1.2117249044394,-52.5012922727518));
#17301=CARTESIAN_POINT('',(62.7035203618793,-5.27858223012707,-50.4858433675113));
#17302=CARTESIAN_POINT('',(65.6262828832389,3.67117321635838,-46.2247597696807));
#17303=CARTESIAN_POINT('',(61.8952483053277,-4.45358223012708,-51.6642199128473));
#17304=CARTESIAN_POINT('',(60.6705936741888,-3.20358223012708,-53.449638920932));
#17305=CARTESIAN_POINT('',(60.3821511079811,-9.08681869188208,-53.8701581655855));
#17306=CARTESIAN_POINT('',(63.8434522030168,-5.81857550166568,-48.8239413705416));
#17307=CARTESIAN_POINT('',(66.1908737437785,-5.81857550166568,-45.4016450493608));
#17308=CARTESIAN_POINT('',(63.8434522030168,-3.51857677531946,-48.8239413705416));
#17309=CARTESIAN_POINT('',(63.8434522030168,3.94071193075372,-48.8239413705416));
#17310=CARTESIAN_POINT('',(66.1908737437785,-3.51857677531946,-45.4016450493608));
#17311=CARTESIAN_POINT('',(67.6049831056831,-3.51857677531946,-43.3400207594928));
#17312=CARTESIAN_POINT('',(67.6049831056831,-11.1685761384926,-43.3400207594928));
#17313=CARTESIAN_POINT('',(68.5382952845402,-3.51857677531946,-41.97934872818));
#17314=CARTESIAN_POINT('',(66.1908737437785,-3.51857677531946,-45.4016450493608));
#17315=CARTESIAN_POINT('',(68.5382952845402,-5.81857550166568,-41.97934872818));
#17316=CARTESIAN_POINT('',(68.5382952845402,4.51571193075372,-41.97934872818));
#17317=CARTESIAN_POINT('',(67.6049831056831,-5.81857550166568,-43.3400207594928));
#17318=CARTESIAN_POINT('',(66.1908737437785,-5.81857550166568,-45.4016450493608));
#17319=CARTESIAN_POINT('',(67.6049831056831,-11.1685761384926,-43.3400207594928));
#17320=CARTESIAN_POINT('',(69.6782271256777,-5.27858223012708,-40.3174467312103));
#17321=CARTESIAN_POINT('',(71.7111538133681,-3.20358223012707,-37.3536511777896));
#17322=CARTESIAN_POINT('',(69.0277371794187,-3.28672490443939,-41.2657933793904));
#17323=CARTESIAN_POINT('',(66.9180871809371,3.17320860918234,-44.3414435357061));
#17324=CARTESIAN_POINT('',(71.0606638671091,-1.21172490443939,-38.3019978259698));
#17325=CARTESIAN_POINT('',(72.285318498248,0.0382750955606241,-36.5165788178851));
#17326=CARTESIAN_POINT('',(74.4489056418535,-6.58681869188206,-33.3622939169666));
#17327=CARTESIAN_POINT('',(73.0935905547996,0.863275095560611,-35.3382022725492));
#17328=CARTESIAN_POINT('',(71.0606638671091,-1.21172490443939,-38.3019978259698));
#17329=CARTESIAN_POINT('',(73.7440805010586,-1.12858223012707,-34.389855624369));
#17330=CARTESIAN_POINT('',(70.821317979699,7.8211732163584,-38.6509392221996));
#17331=CARTESIAN_POINT('',(72.935808444507,-1.95358223012706,-35.5682321697049));
#17332=CARTESIAN_POINT('',(71.7111538133681,-3.20358223012707,-37.3536511777896));
#17333=CARTESIAN_POINT('',(74.4489056418535,-6.58681869188206,-33.3622939169666));
#17334=CARTESIAN_POINT('',(74.5785685259368,0.346706823461753,-33.173258925387));
#17335=CARTESIAN_POINT('',(75.7522792963176,3.94071224916717,-31.4621107647966));
#17336=CARTESIAN_POINT('',(73.4518868892034,1.49670618663486,-34.8158435032227));
#17337=CARTESIAN_POINT('',(69.7978659056458,5.22635053967145,-40.1430258402685));
#17338=CARTESIAN_POINT('',(74.6255976595843,5.09071161234028,-33.1046953426323));
#17339=CARTESIAN_POINT('',(75.7993084299652,8.6847170380457,-31.3935471820418));
#17340=CARTESIAN_POINT('',(74.6255976595843,5.09071161234028,-33.1046953426323));
#17341=CARTESIAN_POINT('',(76.9259900666985,7.53471767487258,-29.7509626042062));
#17342=CARTESIAN_POINT('',(71.8636168812456,12.7018613910823,-37.1313758909472));
#17343=CARTESIAN_POINT('',(75.7522792963176,3.94071224916717,-31.4621107647966));
#17344=CARTESIAN_POINT('',(77.2314338829578,9.55000000000001,-29.3056573062185));
#17345=CARTESIAN_POINT('',(77.2314338829578,13.7,-29.3056573062185));
#17346=CARTESIAN_POINT('',(75.9304539904398,9.55000000000001,-31.2023506025788));
#17347=CARTESIAN_POINT('',(71.7111539934767,9.55000000000001,-37.3536509152101));
#17348=CARTESIAN_POINT('',(75.9304539904398,13.7,-31.2023506025788));
#17349=CARTESIAN_POINT('',(75.9304539904398,17.85,-31.2023506025788));
#17350=CARTESIAN_POINT('',(75.9304539904398,13.7,-31.2023506025788));
#17351=CARTESIAN_POINT('',(77.2314338829578,17.85,-29.3056573062185));
#17352=CARTESIAN_POINT('',(71.3859088402386,17.85,-37.8278245018797));
#17353=CARTESIAN_POINT('',(77.2314338829578,13.7,-29.3056573062185));
#17354=CARTESIAN_POINT('',(76.4593339772699,21.2942242413718,-30.4312986198626));
#17355=CARTESIAN_POINT('',(72.7118911179423,17.4692245597852,-35.8946803298007));
#17356=CARTESIAN_POINT('',(76.9259900666985,19.8652823251274,-29.7509626042062));
#17357=CARTESIAN_POINT('',(75.7522792963176,23.4592877508328,-31.4621107647966));
#17358=CARTESIAN_POINT('',(75.7993084299652,18.7152829619543,-31.3935471820418));
#17359=CARTESIAN_POINT('',(72.1452874464075,14.9856386089177,-36.7207295190877));
#17360=CARTESIAN_POINT('',(75.3326523405366,20.1442248781986,-32.0738831976983));
#17361=CARTESIAN_POINT('',(74.6255976595843,22.3092883876597,-33.1046953426322));
#17362=CARTESIAN_POINT('',(73.9365457423492,18.7192245529139,-34.1092613315304));
#17363=CARTESIAN_POINT('',(72.7118911179423,17.4692245597852,-35.8946803298007));
#17364=CARTESIAN_POINT('',(72.5224363798984,23.0493515712787,-36.1708856221947));
#17365=CARTESIAN_POINT('Origin',(73.2294910681288,20.8842880692463,-35.14007346665));
#17366=CARTESIAN_POINT('',(73.918542978632,24.4743518971208,-34.1355074875662));
#17367=CARTESIAN_POINT('',(77.6659858379596,28.2993515787074,-28.6721257776282));
#17368=CARTESIAN_POINT('',(73.4518868892034,25.9032938133651,-34.8158435032227));
#17369=CARTESIAN_POINT('',(74.6255976595843,22.3092883876597,-33.1046953426322));
#17370=CARTESIAN_POINT('',(74.5785685259368,27.0532931765382,-33.173258925387));
#17371=CARTESIAN_POINT('',(69.5161953404838,21.8861494603286,-40.553672212128));
#17372=CARTESIAN_POINT('',(75.0452246153653,25.624351260294,-32.4929229097306));
#17373=CARTESIAN_POINT('',(75.7522792963176,23.4592877508328,-31.4621107647966));
#17374=CARTESIAN_POINT('',(75.8795837610284,26.4759782460255,-31.2765141032322));
#17375=CARTESIAN_POINT('',(77.6659858379596,28.2993515787074,-28.6721257776282));
#17376=CARTESIAN_POINT('',(73.4175259218564,30.8286434385108,-34.8659382178285));
#17377=CARTESIAN_POINT('Origin',(66.1908737437785,13.7,-45.4016450493608));
#17378=CARTESIAN_POINT('',(72.935808444507,29.3535822301271,-35.5682321697049));
#17379=CARTESIAN_POINT('',(70.7722213009014,22.7284884426844,-38.7225170706234));
#17380=CARTESIAN_POINT('',(73.7440805010586,28.5285822301271,-34.389855624369));
#17381=CARTESIAN_POINT('',(71.7111538133681,30.6035822301271,-37.3536511777896));
#17382=CARTESIAN_POINT('',(73.0935905547996,26.5367249044394,-35.3382022725492));
#17383=CARTESIAN_POINT('',(70.9839405563181,20.0767913908177,-38.4138524288648));
#17384=CARTESIAN_POINT('',(72.285318498248,27.3617249044394,-36.5165788178851));
#17385=CARTESIAN_POINT('',(71.0606638671091,28.6117249044394,-38.3019978259698));
#17386=CARTESIAN_POINT('',(71.4792759818537,24.8935519521455,-37.6917049256894));
#17387=CARTESIAN_POINT('',(70.7722213009014,22.7284884426844,-38.7225170706234));
#17388=CARTESIAN_POINT('',(69.0299667195761,27.3935519521455,-41.2625429418588));
#17389=CARTESIAN_POINT('Origin',(70.2546213507149,26.1435519521455,-39.4771239337741));
#17390=CARTESIAN_POINT('',(69.8360092359703,29.8617249044394,-40.0874168340545));
#17391=CARTESIAN_POINT('',(71.9995963795758,36.4868186918821,-36.9331319331361));
#17392=CARTESIAN_POINT('',(69.0277371794187,30.6867249044394,-41.2657933793904));
#17393=CARTESIAN_POINT('',(71.0606638671091,28.6117249044394,-38.3019978259698));
#17394=CARTESIAN_POINT('',(69.6782271256777,32.6785822301271,-40.3174467312103));
#17395=CARTESIAN_POINT('',(66.7554646043181,23.7288267836416,-44.5785303290409));
#17396=CARTESIAN_POINT('',(70.4864991822293,31.8535822301271,-39.1390701858744));
#17397=CARTESIAN_POINT('',(71.7111538133681,30.6035822301271,-37.3536511777896));
#17398=CARTESIAN_POINT('',(70.9682166595787,33.3286434385108,-38.4367762339979));
#17399=CARTESIAN_POINT('',(71.9995963795758,36.4868186918821,-36.9331319331361));
#17400=CARTESIAN_POINT('',(67.6049831056831,34.9218294731287,-43.3400207594929));
#17401=CARTESIAN_POINT('Origin',(66.1908737437785,13.7,-45.4016450493608));
#17402=CARTESIAN_POINT('',(67.6049831056831,33.2185755016657,-43.3400207594929));
#17403=CARTESIAN_POINT('',(67.6049831056831,25.5685761384926,-43.3400207594929));
#17404=CARTESIAN_POINT('',(68.5382952845402,33.2185755016657,-41.97934872818));
#17405=CARTESIAN_POINT('',(66.1908737437785,33.2185755016657,-45.4016450493608));
#17406=CARTESIAN_POINT('',(68.5382952845402,30.9185767753195,-41.97934872818));
#17407=CARTESIAN_POINT('',(68.5382952845402,23.4592880692463,-41.97934872818));
#17408=CARTESIAN_POINT('',(67.6049831056831,30.9185767753195,-43.3400207594929));
#17409=CARTESIAN_POINT('',(66.1908737437785,30.9185767753195,-45.4016450493608));
#17410=CARTESIAN_POINT('',(67.6049831056831,28.0685761384926,-43.3400207594929));
#17411=CARTESIAN_POINT('',(67.6049831056831,25.5685761384926,-43.3400207594929));
#17412=CARTESIAN_POINT('',(64.7767643818738,28.0685761384926,-47.4632693392288));
#17413=CARTESIAN_POINT('Origin',(66.1908737437785,28.0685761384926,-45.4016450493608));
#17414=CARTESIAN_POINT('',(64.7767643818738,30.9185767753195,-47.4632693392288));
#17415=CARTESIAN_POINT('',(64.7767643818738,38.5685761384926,-47.4632693392288));
#17416=CARTESIAN_POINT('',(63.8434522030168,30.9185767753195,-48.8239413705416));
#17417=CARTESIAN_POINT('',(66.1908737437785,30.9185767753195,-45.4016450493608));
#17418=CARTESIAN_POINT('',(63.8434522030168,33.2185755016657,-48.8239413705416));
#17419=CARTESIAN_POINT('',(63.8434522030168,22.8842880692463,-48.8239413705416));
#17420=CARTESIAN_POINT('',(64.7767643818738,33.2185755016657,-47.4632693392288));
#17421=CARTESIAN_POINT('',(66.1908737437785,33.2185755016657,-45.4016450493608));
#17422=CARTESIAN_POINT('',(64.7767643818738,34.9218294731287,-47.4632693392288));
#17423=CARTESIAN_POINT('',(64.7767643818738,38.5685761384926,-47.4632693392288));
#17424=CARTESIAN_POINT('',(61.4135308279782,33.3286434385108,-52.3665138647237));
#17425=CARTESIAN_POINT('Origin',(66.1908737437785,13.7,-45.4016450493608));
#17426=CARTESIAN_POINT('',(64.0588354489332,25.2284884426844,-48.5099350119289));
#17427=CARTESIAN_POINT('Origin',(63.8444502340985,-5.81857613849257,-48.8246259400353));
#17428=CARTESIAN_POINT('Origin',(63.8444502340985,-4.66857613849257,-48.8246259400353));
#17429=CARTESIAN_POINT('Origin',(66.1918717748602,-4.66857613849257,-45.4023296188544));
#17430=CARTESIAN_POINT('Origin',(68.539293315622,-4.66857613849257,-41.9800332976736));
#17431=CARTESIAN_POINT('Origin',(67.6059811367649,-4.66857613849257,-43.3407053289865));
#17432=CARTESIAN_POINT('Origin',(66.1918717748602,-4.66857613849257,-45.4023296188544));
#17433=CARTESIAN_POINT('Origin',(68.539293315622,-4.66857613849257,-41.9800332976736));
#17434=CARTESIAN_POINT('Origin',(67.6049831056831,-7.5218294731287,-43.3400207594928));
#17435=CARTESIAN_POINT('Origin',(77.2324322742567,9.55000000000001,-29.306341350553));
#17436=CARTESIAN_POINT('Origin',(76.5819419677806,9.55000000000001,-30.2546885238923));
#17437=CARTESIAN_POINT('Origin',(76.5819419677806,13.7,-30.2546885238923));
#17438=CARTESIAN_POINT('Origin',(76.5819419677806,17.85,-30.2546885238923));
#17439=CARTESIAN_POINT('Origin',(76.5819419677806,13.7,-30.2546885238923));
#17440=CARTESIAN_POINT('Origin',(76.5819419677806,17.85,-30.2546885238923));
#17441=CARTESIAN_POINT('Origin',(58.6386648374715,-1.12858278163534,-56.4141193064258));
#17442=CARTESIAN_POINT('Origin',(58.9639099907096,-0.132653567283239,-55.9399457197562));
#17443=CARTESIAN_POINT('Origin',(60.9968366784001,-2.20765356728323,-52.9761501663355));
#17444=CARTESIAN_POINT('Origin',(63.0297633660905,-4.28265356728323,-50.0123546129149));
#17445=CARTESIAN_POINT('Origin',(62.2214913095389,-3.45765356728323,-51.1907311582508));
#17446=CARTESIAN_POINT('Origin',(60.9968366784001,-2.20765356728323,-52.9761501663355));
#17447=CARTESIAN_POINT('Origin',(63.0297633660905,-4.28265356728324,-50.0123546129149));
#17448=CARTESIAN_POINT('Origin',(61.4135308279782,-5.92864343851079,-52.3665138647237));
#17449=CARTESIAN_POINT('Origin',(69.679225336868,-5.27858278163533,-40.3181310381243));
#17450=CARTESIAN_POINT('Origin',(69.3539801836299,-4.28265356728323,-40.792304624794));
#17451=CARTESIAN_POINT('Origin',(71.3869068713204,-2.20765356728323,-37.8285090713733));
#17452=CARTESIAN_POINT('Origin',(73.4198335590109,-0.13265356728323,-34.8647135179527));
#17453=CARTESIAN_POINT('Origin',(72.6115615024592,-0.957653567283217,-36.0430900632886));
#17454=CARTESIAN_POINT('Origin',(71.3869068713204,-2.20765356728323,-37.8285090713733));
#17455=CARTESIAN_POINT('Origin',(73.4198335590109,-0.132653567283221,-34.8647135179527));
#17456=CARTESIAN_POINT('Origin',(73.4175259218564,-3.42864343851076,-34.8659382178285));
#17457=CARTESIAN_POINT('Origin',(74.5795668689757,0.346706505048306,-33.1739430400795));
#17458=CARTESIAN_POINT('Origin',(74.0162257386519,0.921706505048308,-33.9952357837985));
#17459=CARTESIAN_POINT('Origin',(75.1899365090327,4.51571193075373,-32.284087623208));
#17460=CARTESIAN_POINT('Origin',(76.3636472794136,8.10971735645914,-30.5729394626176));
#17461=CARTESIAN_POINT('Origin',(75.1899365090327,4.51571193075373,-32.284087623208));
#17462=CARTESIAN_POINT('Origin',(76.3636472794136,8.10971735645915,-30.5729394626176));
#17463=CARTESIAN_POINT('Origin',(55.1513112754638,17.85,-61.4983178871559));
#17464=CARTESIAN_POINT('Origin',(55.8018015819399,17.85,-60.5499707138166));
#17465=CARTESIAN_POINT('Origin',(55.8018015819399,13.7,-60.5499707138166));
#17466=CARTESIAN_POINT('Origin',(55.8018015819399,9.55,-60.5499707138166));
#17467=CARTESIAN_POINT('Origin',(55.8018015819399,11.2,-60.5499707138166));
#17468=CARTESIAN_POINT('Origin',(55.8018015819399,13.7,-60.5499707138166));
#17469=CARTESIAN_POINT('Origin',(55.8018015819399,16.2,-60.5499707138166));
#17470=CARTESIAN_POINT('Origin',(55.8018015819399,9.54999999999998,-60.5499707138166));
#17471=CARTESIAN_POINT('Origin',(54.1868786499003,11.2,-62.9022206962561));
#17472=CARTESIAN_POINT('',(54.1868786499003,11.2,-62.9022206962561));
#17473=CARTESIAN_POINT('',(58.0633785299056,11.2,-57.2506872805343));
#17474=CARTESIAN_POINT('Origin',(55.456755139983,7.53471735645912,-61.0530125188102));
#17475=CARTESIAN_POINT('Origin',(56.0200962703069,8.10971735645912,-60.2317197750913));
#17476=CARTESIAN_POINT('Origin',(57.1938070406878,4.5157119307537,-58.5205716145008));
#17477=CARTESIAN_POINT('Origin',(58.3675178110686,0.921706505048288,-56.8094234539104));
#17478=CARTESIAN_POINT('Origin',(57.9008617216401,2.35064842129261,-57.4897594695669));
#17479=CARTESIAN_POINT('Origin',(57.1938070406878,4.5157119307537,-58.5205716145008));
#17480=CARTESIAN_POINT('Origin',(58.3675178110686,0.921706505048279,-56.8094234539104));
#17481=CARTESIAN_POINT('Origin',(56.5021637265286,0.924021753974542,-59.5267759954894));
#17482=CARTESIAN_POINT('Origin',(76.9269884097374,19.8652826435409,-29.7516467188987));
#17483=CARTESIAN_POINT('Origin',(76.3636472794136,19.2902826435409,-30.5729394626176));
#17484=CARTESIAN_POINT('Origin',(75.1899365090327,22.8842880692463,-32.2840876232081));
#17485=CARTESIAN_POINT('Origin',(74.0162257386519,26.4782934949517,-33.9952357837985));
#17486=CARTESIAN_POINT('Origin',(74.4828818280804,25.0493515787074,-33.314899768142));
#17487=CARTESIAN_POINT('Origin',(75.1899365090327,22.8842880692463,-32.2840876232081));
#17488=CARTESIAN_POINT('Origin',(75.896991189985,20.7192245597852,-31.2532754782741));
#17489=CARTESIAN_POINT('Origin',(74.0162257386518,26.4782934949517,-33.9952357837985));
#17490=CARTESIAN_POINT('Origin',(75.8795837610284,26.4759782460255,-31.2765141032322));
#17491=CARTESIAN_POINT('',(75.8795837610284,26.4759782460255,-31.2765141032322));
#17492=CARTESIAN_POINT('',(72.5224363798984,23.0493515712787,-36.1708856221947));
#17493=CARTESIAN_POINT('Origin',(57.8041766807448,27.0532934949517,-57.6307161976294));
#17494=CARTESIAN_POINT('Origin',(58.3675178110686,26.4782934949517,-56.8094234539104));
#17495=CARTESIAN_POINT('Origin',(57.1938070406878,22.8842880692463,-58.5205716145008));
#17496=CARTESIAN_POINT('Origin',(56.0200962703069,19.2902826435409,-60.2317197750912));
#17497=CARTESIAN_POINT('Origin',(56.4867523597354,20.7192245597852,-59.5513837594348));
#17498=CARTESIAN_POINT('Origin',(57.1938070406878,22.8842880692463,-58.5205716145008));
#17499=CARTESIAN_POINT('Origin',(57.9008617216401,25.0493515787074,-57.4897594695669));
#17500=CARTESIAN_POINT('Origin',(56.0200962703069,19.2902826435408,-60.2317197750913));
#17501=CARTESIAN_POINT('Origin',(55.0880543646239,22.1458512271032,-61.5884002853574));
#17502=CARTESIAN_POINT('',(55.0880543646239,22.1458512271032,-61.5884002853574));
#17503=CARTESIAN_POINT('',(58.4452017384758,18.7192245597852,-56.6940287770056));
#17504=CARTESIAN_POINT('Origin',(73.7450787122489,28.5285827816353,-34.3905399312831));
#17505=CARTESIAN_POINT('Origin',(73.4198335590109,27.5326535672832,-34.8647135179527));
#17506=CARTESIAN_POINT('Origin',(71.3869068713204,29.6076535672832,-37.8285090713733));
#17507=CARTESIAN_POINT('Origin',(69.3539801836299,31.6826535672832,-40.792304624794));
#17508=CARTESIAN_POINT('Origin',(70.1622522401816,30.8576535672833,-39.6139280794581));
#17509=CARTESIAN_POINT('Origin',(71.3869068713204,29.6076535672832,-37.8285090713733));
#17510=CARTESIAN_POINT('Origin',(72.6115615024592,28.3576535672833,-36.0430900632886));
#17511=CARTESIAN_POINT('Origin',(69.3539801836299,31.6826535672832,-40.792304624794));
#17512=CARTESIAN_POINT('Origin',(70.9682166595787,33.3286434385108,-38.4367762339979));
#17513=CARTESIAN_POINT('',(70.9682166595787,33.3286434385108,-38.4367762339979));
#17514=CARTESIAN_POINT('',(69.0299667195761,27.3935519521455,-41.2625429418588));
#17515=CARTESIAN_POINT('Origin',(68.539293315622,33.2185761384926,-41.9800332976736));
#17516=CARTESIAN_POINT('Origin',(68.539293315622,32.0685761384926,-41.9800332976736));
#17517=CARTESIAN_POINT('Origin',(63.8444502340985,32.0685761384926,-48.8246259400353));
#17518=CARTESIAN_POINT('Origin',(63.8444502340985,32.0685761384926,-48.8246259400353));
#17519=CARTESIAN_POINT('Origin',(66.1918717748602,32.0685761384926,-45.4023296188545));
#17520=CARTESIAN_POINT('Origin',(64.7777624129556,32.0685761384926,-47.4639539087224));
#17521=CARTESIAN_POINT('Origin',(66.1918717748602,32.0685761384926,-45.4023296188545));
#17522=CARTESIAN_POINT('Origin',(67.6059811367649,32.0685761384926,-43.3407053289865));
#17523=CARTESIAN_POINT('Origin',(66.1908737437785,13.7,-45.4016450493608));
#17524=CARTESIAN_POINT('',(68.0753632456626,13.7,-49.7258443182762));
#17525=CARTESIAN_POINT('Origin',(69.4894726075672,13.7,-47.6642200284083));
#17526=CARTESIAN_POINT('',(64.7767643818738,13.7,-47.4632693392288));
#17527=CARTESIAN_POINT('Origin',(63.3517807738869,27.3935519340606,-49.5407471482524));
#17528=CARTESIAN_POINT('',(63.3517807738869,27.3935519340606,-49.5407471482524));
#17529=CARTESIAN_POINT('',(61.4135308279782,33.3286434385108,-52.3665138647237));
#17530=CARTESIAN_POINT('Origin',(62.127126136842,26.1435519521455,-51.3261661649475));
#17531=CARTESIAN_POINT('Origin',(66.1908737437785,13.7,-45.4016450493608));
#17532=CARTESIAN_POINT('',(56.5021637265286,26.4759782460254,-59.5267759954894));
#17533=CARTESIAN_POINT('Origin',(59.8593111105655,23.0493515683116,-54.632404472289));
#17534=CARTESIAN_POINT('',(59.8593111105655,23.0493515683116,-54.632404472289));
#17535=CARTESIAN_POINT('Origin',(59.1522564194281,20.8842880692463,-55.6632166320717));
#17536=CARTESIAN_POINT('Origin',(66.1908737437785,13.7,-45.4016450493608));
#17537=CARTESIAN_POINT('',(54.1868786499003,16.2,-62.9022206962561));
#17538=CARTESIAN_POINT('Origin',(58.0633785299056,16.2,-57.2506872805343));
#17539=CARTESIAN_POINT('',(58.0633785299056,16.2,-57.2506872805343));
#17540=CARTESIAN_POINT('Origin',(58.0633785299056,13.7,-57.2506872805343));
#17541=CARTESIAN_POINT('Origin',(66.1908737437785,13.7,-45.4016450493608));
#17542=CARTESIAN_POINT('Origin',(73.9365457423492,18.7192245529139,-34.1092613315304));
#17543=CARTESIAN_POINT('',(73.9365457423492,18.7192245529139,-34.1092613315304));
#17544=CARTESIAN_POINT('Origin',(73.2294910681288,20.8842880692463,-35.14007346665));
#17545=CARTESIAN_POINT('Origin',(66.1908737437785,13.7,-45.4016450493608));
#17546=CARTESIAN_POINT('',(73.4175259218564,30.8286434385108,-34.8659382178285));
#17547=CARTESIAN_POINT('Origin',(71.4792759818894,24.8935519522547,-37.6917049256374));
#17548=CARTESIAN_POINT('',(71.4792759818537,24.8935519521455,-37.6917049256894));
#17549=CARTESIAN_POINT('Origin',(70.2546213507149,26.1435519521455,-39.4771239337741));
#17550=CARTESIAN_POINT('Origin',(66.1908737437785,13.7,-45.4016450493608));
#17551=CARTESIAN_POINT('',(67.6049831056831,34.9218294731287,-43.3400207594929));
#17552=CARTESIAN_POINT('Origin',(67.6049831056831,28.0685761384926,-43.3400207594929));
#17553=CARTESIAN_POINT('',(67.6049831056831,28.0685761384926,-43.3400207594929));
#17554=CARTESIAN_POINT('Origin',(66.1908737437785,28.0685761384926,-45.4016450493608));
#17555=CARTESIAN_POINT('',(64.7767643818738,28.0685761384926,-47.4632693392288));
#17556=CARTESIAN_POINT('Origin',(64.7767643818738,34.9218294731287,-47.4632693392288));
#17557=CARTESIAN_POINT('',(64.7767643818738,34.9218294731287,-47.4632693392288));
#17558=CARTESIAN_POINT('Origin',(66.1908737437785,13.7,-45.4016450493608));
#17559=CARTESIAN_POINT('Origin',(69.4894726075672,13.7,-47.6642200284083));
#17560=CARTESIAN_POINT('',(1.61088466408105,-4.45971636887288E-7,-1.10493726670167));
#17561=CARTESIAN_POINT('',(-0.768696848337754,0.466816179839765,-3.7725258298924));
#17562=CARTESIAN_POINT('',(-5.35822709149327,-2.22044604925031E-15,3.67531520196482));
#17563=CARTESIAN_POINT('Origin',(0.,0.,0.));
#17564=UNCERTAINTY_MEASURE_WITH_UNIT(LENGTH_MEASURE(0.01),#17574,
'DISTANCE_ACCURACY_VALUE',
'Maximum model space distance between geometric entities at asserted c
onnectivities');
#17565=UNCERTAINTY_MEASURE_WITH_UNIT(LENGTH_MEASURE(0.01),#17574,
'DISTANCE_ACCURACY_VALUE',
'Maximum model space distance between geometric entities at asserted c
onnectivities');
#17566=UNCERTAINTY_MEASURE_WITH_UNIT(LENGTH_MEASURE(0.01),#17574,
'DISTANCE_ACCURACY_VALUE',
'Maximum model space distance between geometric entities at asserted c
onnectivities');
#17567=UNCERTAINTY_MEASURE_WITH_UNIT(LENGTH_MEASURE(0.01),#17574,
'DISTANCE_ACCURACY_VALUE',
'Maximum model space distance between geometric entities at asserted c
onnectivities');
#17568=UNCERTAINTY_MEASURE_WITH_UNIT(LENGTH_MEASURE(0.01),#17574,
'DISTANCE_ACCURACY_VALUE',
'Maximum model space distance between geometric entities at asserted c
onnectivities');
#17569=(
GEOMETRIC_REPRESENTATION_CONTEXT(3)
GLOBAL_UNCERTAINTY_ASSIGNED_CONTEXT((#17564))
GLOBAL_UNIT_ASSIGNED_CONTEXT((#17574,#17576,#17577))
REPRESENTATION_CONTEXT('','3D')
);
#17570=(
GEOMETRIC_REPRESENTATION_CONTEXT(3)
GLOBAL_UNCERTAINTY_ASSIGNED_CONTEXT((#17565))
GLOBAL_UNIT_ASSIGNED_CONTEXT((#17574,#17576,#17577))
REPRESENTATION_CONTEXT('','3D')
);
#17571=(
GEOMETRIC_REPRESENTATION_CONTEXT(3)
GLOBAL_UNCERTAINTY_ASSIGNED_CONTEXT((#17566))
GLOBAL_UNIT_ASSIGNED_CONTEXT((#17574,#17576,#17577))
REPRESENTATION_CONTEXT('','3D')
);
#17572=(
GEOMETRIC_REPRESENTATION_CONTEXT(3)
GLOBAL_UNCERTAINTY_ASSIGNED_CONTEXT((#17567))
GLOBAL_UNIT_ASSIGNED_CONTEXT((#17574,#17576,#17577))
REPRESENTATION_CONTEXT('','3D')
);
#17573=(
GEOMETRIC_REPRESENTATION_CONTEXT(3)
GLOBAL_UNCERTAINTY_ASSIGNED_CONTEXT((#17568))
GLOBAL_UNIT_ASSIGNED_CONTEXT((#17574,#17576,#17577))
REPRESENTATION_CONTEXT('','3D')
);
#17574=(
LENGTH_UNIT()
NAMED_UNIT(*)
SI_UNIT(.MILLI.,.METRE.)
);
#17575=(
LENGTH_UNIT()
NAMED_UNIT(*)
SI_UNIT($,.METRE.)
);
#17576=(
NAMED_UNIT(*)
PLANE_ANGLE_UNIT()
SI_UNIT($,.RADIAN.)
);
#17577=(
NAMED_UNIT(*)
SI_UNIT($,.STERADIAN.)
SOLID_ANGLE_UNIT()
);
#17578=SHAPE_DEFINITION_REPRESENTATION(#17582,#17589);
#17579=SHAPE_DEFINITION_REPRESENTATION(#17583,#17590);
#17580=SHAPE_DEFINITION_REPRESENTATION(#17584,#17591);
#17581=SHAPE_DEFINITION_REPRESENTATION(#17585,#17592);
#17582=PRODUCT_DEFINITION_SHAPE('',$,#17594);
#17583=PRODUCT_DEFINITION_SHAPE('',$,#17595);
#17584=PRODUCT_DEFINITION_SHAPE('',$,#17596);
#17585=PRODUCT_DEFINITION_SHAPE('',$,#17597);
#17586=PRODUCT_DEFINITION_SHAPE($,$,#24);
#17587=PRODUCT_DEFINITION_SHAPE($,$,#25);
#17588=PRODUCT_DEFINITION_SHAPE($,$,#26);
#17589=SHAPE_REPRESENTATION('',(#10225,#11342,#11343),#17569);
#17590=SHAPE_REPRESENTATION('',(#10226),#17570);
#17591=SHAPE_REPRESENTATION('',(#10681,#11341),#17571);
#17592=SHAPE_REPRESENTATION('',(#10682),#17572);
#17593=PRODUCT_DEFINITION_CONTEXT('part definition',#17607,'design');
#17594=PRODUCT_DEFINITION('Wheel Both Layers','Wheel Both Layers',#17598,
#17593);
#17595=PRODUCT_DEFINITION('Wheel Single Layer Outer',
'Wheel Single Layer Outer',#17599,#17593);
#17596=PRODUCT_DEFINITION('Wheel Single Layer Inner',
'Wheel Single Layer Inner',#17600,#17593);
#17597=PRODUCT_DEFINITION('Spacer','Spacer',#17601,#17593);
#17598=PRODUCT_DEFINITION_FORMATION('',$,#17609);
#17599=PRODUCT_DEFINITION_FORMATION('',$,#17610);
#17600=PRODUCT_DEFINITION_FORMATION('',$,#17611);
#17601=PRODUCT_DEFINITION_FORMATION('',$,#17612);
#17602=PRODUCT_RELATED_PRODUCT_CATEGORY('Wheel Both Layers',
'Wheel Both Layers',(#17609));
#17603=PRODUCT_RELATED_PRODUCT_CATEGORY('Wheel Single Layer Outer',
'Wheel Single Layer Outer',(#17610));
#17604=PRODUCT_RELATED_PRODUCT_CATEGORY('Wheel Single Layer Inner',
'Wheel Single Layer Inner',(#17611));
#17605=PRODUCT_RELATED_PRODUCT_CATEGORY('Spacer','Spacer',(#17612));
#17606=APPLICATION_PROTOCOL_DEFINITION('international standard',
'ap242_managed_model_based_3d_engineering',2011,#17607);
#17607=APPLICATION_CONTEXT('Managed model based 3d engineering');
#17608=PRODUCT_CONTEXT('part definition',#17607,'mechanical');
#17609=PRODUCT('Wheel Both Layers','Wheel Both Layers',$,(#17608));
#17610=PRODUCT('Wheel Single Layer Outer','Wheel Single Layer Outer',$,
(#17608));
#17611=PRODUCT('Wheel Single Layer Inner','Wheel Single Layer Inner',$,
(#17608));
#17612=PRODUCT('Spacer','Spacer',$,(#17608));
#17613=PRESENTATION_STYLE_ASSIGNMENT((#17619));
#17614=PRESENTATION_STYLE_ASSIGNMENT((#17620));
#17615=PRESENTATION_STYLE_ASSIGNMENT((#17621));
#17616=PRESENTATION_STYLE_ASSIGNMENT((#17622));
#17617=PRESENTATION_STYLE_ASSIGNMENT((#17623));
#17618=PRESENTATION_STYLE_ASSIGNMENT((NULL_STYLE(.NULL.)));
#17619=SURFACE_STYLE_USAGE(.BOTH.,#17624);
#17620=SURFACE_STYLE_USAGE(.BOTH.,#17625);
#17621=SURFACE_STYLE_USAGE(.BOTH.,#17626);
#17622=SURFACE_STYLE_USAGE(.BOTH.,#17627);
#17623=SURFACE_STYLE_USAGE(.BOTH.,#17628);
#17624=SURFACE_SIDE_STYLE('',(#17629));
#17625=SURFACE_SIDE_STYLE('',(#17630));
#17626=SURFACE_SIDE_STYLE('',(#17631));
#17627=SURFACE_SIDE_STYLE('',(#17632));
#17628=SURFACE_SIDE_STYLE('',(#17633));
#17629=SURFACE_STYLE_FILL_AREA(#17634);
#17630=SURFACE_STYLE_FILL_AREA(#17635);
#17631=SURFACE_STYLE_FILL_AREA(#17636);
#17632=SURFACE_STYLE_FILL_AREA(#17637);
#17633=SURFACE_STYLE_FILL_AREA(#17638);
#17634=FILL_AREA_STYLE('Steel - Satin',(#17639));
#17635=FILL_AREA_STYLE('Plastic - Glossy (Black)',(#17640));
#17636=FILL_AREA_STYLE('Rubber - Hard',(#17641));
#17637=FILL_AREA_STYLE('ABS (White)',(#17642));
#17638=FILL_AREA_STYLE('Aluminum - Satin',(#17643));
#17639=FILL_AREA_STYLE_COLOUR('Steel - Satin',#17644);
#17640=FILL_AREA_STYLE_COLOUR('Plastic - Glossy (Black)',#17645);
#17641=FILL_AREA_STYLE_COLOUR('Rubber - Hard',#17646);
#17642=FILL_AREA_STYLE_COLOUR('ABS (White)',#17647);
#17643=FILL_AREA_STYLE_COLOUR('Aluminum - Satin',#17648);
#17644=COLOUR_RGB('Steel - Satin',0.627450980392157,0.627450980392157,0.627450980392157);
#17645=COLOUR_RGB('Plastic - Glossy (Black)',0.0980392156862745,0.0980392156862745,
0.0980392156862745);
#17646=COLOUR_RGB('Rubber - Hard',0.152941176470588,0.152941176470588,0.152941176470588);
#17647=COLOUR_RGB('ABS (White)',0.964705882352941,0.964705882352941,0.952941176470588);
#17648=COLOUR_RGB('Aluminum - Satin',0.96078431372549,0.96078431372549,
0.964705882352941);
ENDSEC;
END-ISO-10303-21;
