ISO-10303-21;
HEADER;
FILE_DESCRIPTION(('KiCad electronic assembly'),'2;1');
FILE_NAME('L3.step','2025-02-26T15:44:59',('Pcbnew'),('Kicad'),
  'Open CASCADE STEP processor 7.8','KiCad to STEP converter','Unknown'
  );
FILE_SCHEMA(('AUTOMOTIVE_DESIGN { 1 0 10303 214 1 1 1 1 }'));
ENDSEC;
DATA;
#1 = APPLICATION_PROTOCOL_DEFINITION('international standard',
  'automotive_design',2000,#2);
#2 = APPLICATION_CONTEXT(
  'core data for automotive mechanical design processes');
#3 = SHAPE_DEFINITION_REPRESENTATION(#4,#10);
#4 = PRODUCT_DEFINITION_SHAPE('','',#5);
#5 = PRODUCT_DEFINITION('design','',#6,#9);
#6 = PRODUCT_DEFINITION_FORMATION('','',#7);
#7 = PRODUCT('L3 1','L3 1','',(#8));
#8 = PRODUCT_CONTEXT('',#2,'mechanical');
#9 = PRODUCT_DEFINITION_CONTEXT('part definition',#2,'design');
#10 = SHAPE_REPRESENTATION('',(#11,#15,#19,#23,#27,#31,#35,#39,#43,#47,
    #51,#55,#59,#63,#67),#71);
#11 = AXIS2_PLACEMENT_3D('',#12,#13,#14);
#12 = CARTESIAN_POINT('',(0.,0.,0.));
#13 = DIRECTION('',(0.,0.,1.));
#14 = DIRECTION('',(1.,0.,-0.));
#15 = AXIS2_PLACEMENT_3D('',#16,#17,#18);
#16 = CARTESIAN_POINT('',(-45.0165,33.,1.65));
#17 = DIRECTION('',(-0.,0.,1.));
#18 = DIRECTION('',(1.110223024625E-16,-1.,0.));
#19 = AXIS2_PLACEMENT_3D('',#20,#21,#22);
#20 = CARTESIAN_POINT('',(-34.25,6.350001,1.65));
#21 = DIRECTION('',(0.,0.,1.));
#22 = DIRECTION('',(1.,0.,0.));
#23 = AXIS2_PLACEMENT_3D('',#24,#25,#26);
#24 = CARTESIAN_POINT('',(-1.2822,26.,1.65));
#25 = DIRECTION('',(0.,-0.,1.));
#26 = DIRECTION('',(1.110223024625E-16,1.,0.));
#27 = AXIS2_PLACEMENT_3D('',#28,#29,#30);
#28 = CARTESIAN_POINT('',(18.85,51.200001,1.65));
#29 = DIRECTION('',(-0.,0.,1.));
#30 = DIRECTION('',(1.110223024625E-16,-1.,0.));
#31 = AXIS2_PLACEMENT_3D('',#32,#33,#34);
#32 = CARTESIAN_POINT('',(-34.8565,33.,1.65));
#33 = DIRECTION('',(-0.,0.,1.));
#34 = DIRECTION('',(1.110223024625E-16,-1.,0.));
#35 = AXIS2_PLACEMENT_3D('',#36,#37,#38);
#36 = CARTESIAN_POINT('',(40.,3.,1.65));
#37 = DIRECTION('',(0.,-0.,1.));
#38 = DIRECTION('',(1.110223024625E-16,1.,0.));
#39 = AXIS2_PLACEMENT_3D('',#40,#41,#42);
#40 = CARTESIAN_POINT('',(-18.85,-51.199999,1.65));
#41 = DIRECTION('',(0.,-0.,1.));
#42 = DIRECTION('',(1.110223024625E-16,1.,0.));
#43 = AXIS2_PLACEMENT_3D('',#44,#45,#46);
#44 = CARTESIAN_POINT('',(34.25,-6.349999,1.65));
#45 = DIRECTION('',(0.,0.,1.));
#46 = DIRECTION('',(-1.,1.224646799147E-16,0.));
#47 = AXIS2_PLACEMENT_3D('',#48,#49,#50);
#48 = CARTESIAN_POINT('',(-37.3965,33.,1.65));
#49 = DIRECTION('',(-0.,0.,1.));
#50 = DIRECTION('',(1.110223024625E-16,-1.,0.));
#51 = AXIS2_PLACEMENT_3D('',#52,#53,#54);
#52 = CARTESIAN_POINT('',(-3.8222,26.,1.65));
#53 = DIRECTION('',(-0.,0.,1.));
#54 = DIRECTION('',(1.110223024625E-16,-1.,0.));
#55 = AXIS2_PLACEMENT_3D('',#56,#57,#58);
#56 = CARTESIAN_POINT('',(-39.9365,33.,1.65));
#57 = DIRECTION('',(-0.,0.,1.));
#58 = DIRECTION('',(1.110223024625E-16,-1.,0.));
#59 = AXIS2_PLACEMENT_3D('',#60,#61,#62);
#60 = CARTESIAN_POINT('',(-42.4765,33.,1.65));
#61 = DIRECTION('',(-0.,0.,1.));
#62 = DIRECTION('',(1.110223024625E-16,-1.,0.));
#63 = AXIS2_PLACEMENT_3D('',#64,#65,#66);
#64 = CARTESIAN_POINT('',(-47.5565,33.,1.65));
#65 = DIRECTION('',(-0.,0.,1.));
#66 = DIRECTION('',(1.110223024625E-16,-1.,0.));
#67 = AXIS2_PLACEMENT_3D('',#68,#69,#70);
#68 = CARTESIAN_POINT('',(0.,0.,0.));
#69 = DIRECTION('',(0.,0.,1.));
#70 = DIRECTION('',(1.,0.,-0.));
#71 = ( GEOMETRIC_REPRESENTATION_CONTEXT(3) 
GLOBAL_UNCERTAINTY_ASSIGNED_CONTEXT((#75)) GLOBAL_UNIT_ASSIGNED_CONTEXT(
(#72,#73,#74)) REPRESENTATION_CONTEXT('Context #1',
  '3D Context with UNIT and UNCERTAINTY') );
#72 = ( LENGTH_UNIT() NAMED_UNIT(*) SI_UNIT(.MILLI.,.METRE.) );
#73 = ( NAMED_UNIT(*) PLANE_ANGLE_UNIT() SI_UNIT($,.RADIAN.) );
#74 = ( NAMED_UNIT(*) SI_UNIT($,.STERADIAN.) SOLID_ANGLE_UNIT() );
#75 = UNCERTAINTY_MEASURE_WITH_UNIT(LENGTH_MEASURE(1.E-07),#72,
  'distance_accuracy_value','confusion accuracy');
#76 = PRODUCT_RELATED_PRODUCT_CATEGORY('part',$,(#7));
#77 = SHAPE_DEFINITION_REPRESENTATION(#78,#84);
#78 = PRODUCT_DEFINITION_SHAPE('','',#79);
#79 = PRODUCT_DEFINITION('design','',#80,#83);
#80 = PRODUCT_DEFINITION_FORMATION('','',#81);
#81 = PRODUCT('R_0603_1608Metric','R_0603_1608Metric','',(#82));
#82 = PRODUCT_CONTEXT('',#2,'mechanical');
#83 = PRODUCT_DEFINITION_CONTEXT('part definition',#2,'design');
#84 = SHAPE_REPRESENTATION('',(#11,#85),#89);
#85 = AXIS2_PLACEMENT_3D('',#86,#87,#88);
#86 = CARTESIAN_POINT('',(0.,0.,0.));
#87 = DIRECTION('',(0.,0.,1.));
#88 = DIRECTION('',(1.,0.,-0.));
#89 = ( GEOMETRIC_REPRESENTATION_CONTEXT(3) 
GLOBAL_UNCERTAINTY_ASSIGNED_CONTEXT((#93)) GLOBAL_UNIT_ASSIGNED_CONTEXT(
(#90,#91,#92)) REPRESENTATION_CONTEXT('Context #1',
  '3D Context with UNIT and UNCERTAINTY') );
#90 = ( LENGTH_UNIT() NAMED_UNIT(*) SI_UNIT(.MILLI.,.METRE.) );
#91 = ( NAMED_UNIT(*) PLANE_ANGLE_UNIT() SI_UNIT($,.RADIAN.) );
#92 = ( NAMED_UNIT(*) SI_UNIT($,.STERADIAN.) SOLID_ANGLE_UNIT() );
#93 = UNCERTAINTY_MEASURE_WITH_UNIT(LENGTH_MEASURE(1.E-07),#90,
  'distance_accuracy_value','confusion accuracy');
#94 = CONTEXT_DEPENDENT_SHAPE_REPRESENTATION(#95,#97);
#95 = ( REPRESENTATION_RELATIONSHIP('','',#84,#10) 
REPRESENTATION_RELATIONSHIP_WITH_TRANSFORMATION(#96) 
SHAPE_REPRESENTATION_RELATIONSHIP() );
#96 = ITEM_DEFINED_TRANSFORMATION('','',#11,#15);
#97 = PRODUCT_DEFINITION_SHAPE('Placement','Placement of an item',#98);
#98 = NEXT_ASSEMBLY_USAGE_OCCURRENCE('2','R6','',#5,#79,$);
#99 = PRODUCT_RELATED_PRODUCT_CATEGORY('part',$,(#81));
#100 = SHAPE_DEFINITION_REPRESENTATION(#101,#107);
#101 = PRODUCT_DEFINITION_SHAPE('','',#102);
#102 = PRODUCT_DEFINITION('design','',#103,#106);
#103 = PRODUCT_DEFINITION_FORMATION('','',#104);
#104 = PRODUCT('R_0603_1608Metric','R_0603_1608Metric','',(#105));
#105 = PRODUCT_CONTEXT('',#2,'mechanical');
#106 = PRODUCT_DEFINITION_CONTEXT('part definition',#2,'design');
#107 = ADVANCED_BREP_SHAPE_REPRESENTATION('',(#11,#108),#898);
#108 = MANIFOLD_SOLID_BREP('',#109);
#109 = CLOSED_SHELL('',(#110,#150,#233,#258,#283,#350,#367,#384,#433,
    #450,#467,#516,#533,#602,#633,#657,#726,#750,#767,#784,#801,#818,
    #835,#852,#869,#886));
#110 = ADVANCED_FACE('',(#111),#145,.F.);
#111 = FACE_BOUND('',#112,.F.);
#112 = EDGE_LOOP('',(#113,#123,#131,#139));
#113 = ORIENTED_EDGE('',*,*,#114,.F.);
#114 = EDGE_CURVE('',#115,#117,#119,.T.);
#115 = VERTEX_POINT('',#116);
#116 = CARTESIAN_POINT('',(-0.8,-0.4,4.5E-02));
#117 = VERTEX_POINT('',#118);
#118 = CARTESIAN_POINT('',(-0.8,-0.4,0.405));
#119 = LINE('',#120,#121);
#120 = CARTESIAN_POINT('',(-0.8,-0.4,0.));
#121 = VECTOR('',#122,1.);
#122 = DIRECTION('',(0.,0.,1.));
#123 = ORIENTED_EDGE('',*,*,#124,.T.);
#124 = EDGE_CURVE('',#115,#125,#127,.T.);
#125 = VERTEX_POINT('',#126);
#126 = CARTESIAN_POINT('',(-0.8,0.4,4.5E-02));
#127 = LINE('',#128,#129);
#128 = CARTESIAN_POINT('',(-0.8,-0.4,4.5E-02));
#129 = VECTOR('',#130,1.);
#130 = DIRECTION('',(0.,1.,0.));
#131 = ORIENTED_EDGE('',*,*,#132,.T.);
#132 = EDGE_CURVE('',#125,#133,#135,.T.);
#133 = VERTEX_POINT('',#134);
#134 = CARTESIAN_POINT('',(-0.8,0.4,0.405));
#135 = LINE('',#136,#137);
#136 = CARTESIAN_POINT('',(-0.8,0.4,0.));
#137 = VECTOR('',#138,1.);
#138 = DIRECTION('',(0.,0.,1.));
#139 = ORIENTED_EDGE('',*,*,#140,.F.);
#140 = EDGE_CURVE('',#117,#133,#141,.T.);
#141 = LINE('',#142,#143);
#142 = CARTESIAN_POINT('',(-0.8,-0.4,0.405));
#143 = VECTOR('',#144,1.);
#144 = DIRECTION('',(0.,1.,0.));
#145 = PLANE('',#146);
#146 = AXIS2_PLACEMENT_3D('',#147,#148,#149);
#147 = CARTESIAN_POINT('',(-0.8,-0.4,0.));
#148 = DIRECTION('',(1.,0.,0.));
#149 = DIRECTION('',(0.,0.,1.));
#150 = ADVANCED_FACE('',(#151),#228,.F.);
#151 = FACE_BOUND('',#152,.F.);
#152 = EDGE_LOOP('',(#153,#163,#170,#171,#180,#188,#197,#205,#213,#221)
  );
#153 = ORIENTED_EDGE('',*,*,#154,.F.);
#154 = EDGE_CURVE('',#155,#157,#159,.T.);
#155 = VERTEX_POINT('',#156);
#156 = CARTESIAN_POINT('',(-0.755,-0.4,-2.775557561563E-17));
#157 = VERTEX_POINT('',#158);
#158 = CARTESIAN_POINT('',(-0.545,-0.4,-2.775557561563E-17));
#159 = LINE('',#160,#161);
#160 = CARTESIAN_POINT('',(-0.8,-0.4,0.));
#161 = VECTOR('',#162,1.);
#162 = DIRECTION('',(1.,0.,0.));
#163 = ORIENTED_EDGE('',*,*,#164,.F.);
#164 = EDGE_CURVE('',#115,#155,#165,.T.);
#165 = CIRCLE('',#166,4.5E-02);
#166 = AXIS2_PLACEMENT_3D('',#167,#168,#169);
#167 = CARTESIAN_POINT('',(-0.755,-0.4,4.5E-02));
#168 = DIRECTION('',(0.,-1.,0.));
#169 = DIRECTION('',(0.,0.,1.));
#170 = ORIENTED_EDGE('',*,*,#114,.T.);
#171 = ORIENTED_EDGE('',*,*,#172,.T.);
#172 = EDGE_CURVE('',#117,#173,#175,.T.);
#173 = VERTEX_POINT('',#174);
#174 = CARTESIAN_POINT('',(-0.755,-0.4,0.45));
#175 = CIRCLE('',#176,4.5E-02);
#176 = AXIS2_PLACEMENT_3D('',#177,#178,#179);
#177 = CARTESIAN_POINT('',(-0.755,-0.4,0.405));
#178 = DIRECTION('',(0.,1.,0.));
#179 = DIRECTION('',(0.,-0.,1.));
#180 = ORIENTED_EDGE('',*,*,#181,.T.);
#181 = EDGE_CURVE('',#173,#182,#184,.T.);
#182 = VERTEX_POINT('',#183);
#183 = CARTESIAN_POINT('',(-0.545,-0.4,0.45));
#184 = LINE('',#185,#186);
#185 = CARTESIAN_POINT('',(-0.8,-0.4,0.45));
#186 = VECTOR('',#187,1.);
#187 = DIRECTION('',(1.,0.,0.));
#188 = ORIENTED_EDGE('',*,*,#189,.F.);
#189 = EDGE_CURVE('',#190,#182,#192,.T.);
#190 = VERTEX_POINT('',#191);
#191 = CARTESIAN_POINT('',(-0.5,-0.4,0.405));
#192 = CIRCLE('',#193,4.5E-02);
#193 = AXIS2_PLACEMENT_3D('',#194,#195,#196);
#194 = CARTESIAN_POINT('',(-0.545,-0.4,0.405));
#195 = DIRECTION('',(0.,-1.,0.));
#196 = DIRECTION('',(0.,0.,1.));
#197 = ORIENTED_EDGE('',*,*,#198,.F.);
#198 = EDGE_CURVE('',#199,#190,#201,.T.);
#199 = VERTEX_POINT('',#200);
#200 = CARTESIAN_POINT('',(-0.755,-0.4,0.405));
#201 = LINE('',#202,#203);
#202 = CARTESIAN_POINT('',(-0.755,-0.4,0.405));
#203 = VECTOR('',#204,1.);
#204 = DIRECTION('',(1.,0.,0.));
#205 = ORIENTED_EDGE('',*,*,#206,.F.);
#206 = EDGE_CURVE('',#207,#199,#209,.T.);
#207 = VERTEX_POINT('',#208);
#208 = CARTESIAN_POINT('',(-0.755,-0.4,4.5E-02));
#209 = LINE('',#210,#211);
#210 = CARTESIAN_POINT('',(-0.755,-0.4,4.5E-02));
#211 = VECTOR('',#212,1.);
#212 = DIRECTION('',(0.,0.,1.));
#213 = ORIENTED_EDGE('',*,*,#214,.T.);
#214 = EDGE_CURVE('',#207,#215,#217,.T.);
#215 = VERTEX_POINT('',#216);
#216 = CARTESIAN_POINT('',(-0.5,-0.4,4.5E-02));
#217 = LINE('',#218,#219);
#218 = CARTESIAN_POINT('',(-0.755,-0.4,4.5E-02));
#219 = VECTOR('',#220,1.);
#220 = DIRECTION('',(1.,0.,0.));
#221 = ORIENTED_EDGE('',*,*,#222,.T.);
#222 = EDGE_CURVE('',#215,#157,#223,.T.);
#223 = CIRCLE('',#224,4.5E-02);
#224 = AXIS2_PLACEMENT_3D('',#225,#226,#227);
#225 = CARTESIAN_POINT('',(-0.545,-0.4,4.5E-02));
#226 = DIRECTION('',(0.,1.,0.));
#227 = DIRECTION('',(0.,-0.,1.));
#228 = PLANE('',#229);
#229 = AXIS2_PLACEMENT_3D('',#230,#231,#232);
#230 = CARTESIAN_POINT('',(-0.8,-0.4,0.));
#231 = DIRECTION('',(0.,1.,0.));
#232 = DIRECTION('',(0.,-0.,1.));
#233 = ADVANCED_FACE('',(#234),#253,.T.);
#234 = FACE_BOUND('',#235,.T.);
#235 = EDGE_LOOP('',(#236,#237,#246,#252));
#236 = ORIENTED_EDGE('',*,*,#124,.T.);
#237 = ORIENTED_EDGE('',*,*,#238,.T.);
#238 = EDGE_CURVE('',#125,#239,#241,.T.);
#239 = VERTEX_POINT('',#240);
#240 = CARTESIAN_POINT('',(-0.755,0.4,-2.775557561563E-17));
#241 = CIRCLE('',#242,4.5E-02);
#242 = AXIS2_PLACEMENT_3D('',#243,#244,#245);
#243 = CARTESIAN_POINT('',(-0.755,0.4,4.5E-02));
#244 = DIRECTION('',(0.,-1.,0.));
#245 = DIRECTION('',(0.,0.,1.));
#246 = ORIENTED_EDGE('',*,*,#247,.F.);
#247 = EDGE_CURVE('',#155,#239,#248,.T.);
#248 = LINE('',#249,#250);
#249 = CARTESIAN_POINT('',(-0.755,-0.4,-2.775557561563E-17));
#250 = VECTOR('',#251,1.);
#251 = DIRECTION('',(0.,1.,0.));
#252 = ORIENTED_EDGE('',*,*,#164,.F.);
#253 = CYLINDRICAL_SURFACE('',#254,4.5E-02);
#254 = AXIS2_PLACEMENT_3D('',#255,#256,#257);
#255 = CARTESIAN_POINT('',(-0.755,-0.4,4.5E-02));
#256 = DIRECTION('',(0.,1.,0.));
#257 = DIRECTION('',(-1.,0.,0.));
#258 = ADVANCED_FACE('',(#259),#278,.T.);
#259 = FACE_BOUND('',#260,.T.);
#260 = EDGE_LOOP('',(#261,#262,#270,#277));
#261 = ORIENTED_EDGE('',*,*,#172,.T.);
#262 = ORIENTED_EDGE('',*,*,#263,.T.);
#263 = EDGE_CURVE('',#173,#264,#266,.T.);
#264 = VERTEX_POINT('',#265);
#265 = CARTESIAN_POINT('',(-0.755,0.4,0.45));
#266 = LINE('',#267,#268);
#267 = CARTESIAN_POINT('',(-0.755,-0.4,0.45));
#268 = VECTOR('',#269,1.);
#269 = DIRECTION('',(0.,1.,0.));
#270 = ORIENTED_EDGE('',*,*,#271,.F.);
#271 = EDGE_CURVE('',#133,#264,#272,.T.);
#272 = CIRCLE('',#273,4.5E-02);
#273 = AXIS2_PLACEMENT_3D('',#274,#275,#276);
#274 = CARTESIAN_POINT('',(-0.755,0.4,0.405));
#275 = DIRECTION('',(0.,1.,0.));
#276 = DIRECTION('',(0.,-0.,1.));
#277 = ORIENTED_EDGE('',*,*,#140,.F.);
#278 = CYLINDRICAL_SURFACE('',#279,4.5E-02);
#279 = AXIS2_PLACEMENT_3D('',#280,#281,#282);
#280 = CARTESIAN_POINT('',(-0.755,-0.4,0.405));
#281 = DIRECTION('',(0.,1.,0.));
#282 = DIRECTION('',(-1.,0.,0.));
#283 = ADVANCED_FACE('',(#284),#345,.T.);
#284 = FACE_BOUND('',#285,.T.);
#285 = EDGE_LOOP('',(#286,#294,#295,#296,#297,#305,#314,#322,#330,#338)
  );
#286 = ORIENTED_EDGE('',*,*,#287,.F.);
#287 = EDGE_CURVE('',#239,#288,#290,.T.);
#288 = VERTEX_POINT('',#289);
#289 = CARTESIAN_POINT('',(-0.545,0.4,-2.775557561563E-17));
#290 = LINE('',#291,#292);
#291 = CARTESIAN_POINT('',(-0.8,0.4,0.));
#292 = VECTOR('',#293,1.);
#293 = DIRECTION('',(1.,0.,0.));
#294 = ORIENTED_EDGE('',*,*,#238,.F.);
#295 = ORIENTED_EDGE('',*,*,#132,.T.);
#296 = ORIENTED_EDGE('',*,*,#271,.T.);
#297 = ORIENTED_EDGE('',*,*,#298,.T.);
#298 = EDGE_CURVE('',#264,#299,#301,.T.);
#299 = VERTEX_POINT('',#300);
#300 = CARTESIAN_POINT('',(-0.545,0.4,0.45));
#301 = LINE('',#302,#303);
#302 = CARTESIAN_POINT('',(-0.8,0.4,0.45));
#303 = VECTOR('',#304,1.);
#304 = DIRECTION('',(1.,0.,0.));
#305 = ORIENTED_EDGE('',*,*,#306,.F.);
#306 = EDGE_CURVE('',#307,#299,#309,.T.);
#307 = VERTEX_POINT('',#308);
#308 = CARTESIAN_POINT('',(-0.5,0.4,0.405));
#309 = CIRCLE('',#310,4.5E-02);
#310 = AXIS2_PLACEMENT_3D('',#311,#312,#313);
#311 = CARTESIAN_POINT('',(-0.545,0.4,0.405));
#312 = DIRECTION('',(0.,-1.,0.));
#313 = DIRECTION('',(0.,0.,1.));
#314 = ORIENTED_EDGE('',*,*,#315,.F.);
#315 = EDGE_CURVE('',#316,#307,#318,.T.);
#316 = VERTEX_POINT('',#317);
#317 = CARTESIAN_POINT('',(-0.755,0.4,0.405));
#318 = LINE('',#319,#320);
#319 = CARTESIAN_POINT('',(-0.755,0.4,0.405));
#320 = VECTOR('',#321,1.);
#321 = DIRECTION('',(1.,0.,0.));
#322 = ORIENTED_EDGE('',*,*,#323,.F.);
#323 = EDGE_CURVE('',#324,#316,#326,.T.);
#324 = VERTEX_POINT('',#325);
#325 = CARTESIAN_POINT('',(-0.755,0.4,4.5E-02));
#326 = LINE('',#327,#328);
#327 = CARTESIAN_POINT('',(-0.755,0.4,4.5E-02));
#328 = VECTOR('',#329,1.);
#329 = DIRECTION('',(0.,0.,1.));
#330 = ORIENTED_EDGE('',*,*,#331,.T.);
#331 = EDGE_CURVE('',#324,#332,#334,.T.);
#332 = VERTEX_POINT('',#333);
#333 = CARTESIAN_POINT('',(-0.5,0.4,4.5E-02));
#334 = LINE('',#335,#336);
#335 = CARTESIAN_POINT('',(-0.755,0.4,4.5E-02));
#336 = VECTOR('',#337,1.);
#337 = DIRECTION('',(1.,0.,0.));
#338 = ORIENTED_EDGE('',*,*,#339,.T.);
#339 = EDGE_CURVE('',#332,#288,#340,.T.);
#340 = CIRCLE('',#341,4.5E-02);
#341 = AXIS2_PLACEMENT_3D('',#342,#343,#344);
#342 = CARTESIAN_POINT('',(-0.545,0.4,4.5E-02));
#343 = DIRECTION('',(0.,1.,0.));
#344 = DIRECTION('',(0.,-0.,1.));
#345 = PLANE('',#346);
#346 = AXIS2_PLACEMENT_3D('',#347,#348,#349);
#347 = CARTESIAN_POINT('',(-0.8,0.4,0.));
#348 = DIRECTION('',(0.,1.,0.));
#349 = DIRECTION('',(0.,-0.,1.));
#350 = ADVANCED_FACE('',(#351),#362,.F.);
#351 = FACE_BOUND('',#352,.F.);
#352 = EDGE_LOOP('',(#353,#354,#355,#356));
#353 = ORIENTED_EDGE('',*,*,#287,.F.);
#354 = ORIENTED_EDGE('',*,*,#247,.F.);
#355 = ORIENTED_EDGE('',*,*,#154,.T.);
#356 = ORIENTED_EDGE('',*,*,#357,.T.);
#357 = EDGE_CURVE('',#157,#288,#358,.T.);
#358 = LINE('',#359,#360);
#359 = CARTESIAN_POINT('',(-0.545,-0.4,-2.775557561563E-17));
#360 = VECTOR('',#361,1.);
#361 = DIRECTION('',(0.,1.,0.));
#362 = PLANE('',#363);
#363 = AXIS2_PLACEMENT_3D('',#364,#365,#366);
#364 = CARTESIAN_POINT('',(-0.8,-0.4,0.));
#365 = DIRECTION('',(0.,0.,1.));
#366 = DIRECTION('',(1.,0.,-0.));
#367 = ADVANCED_FACE('',(#368),#379,.T.);
#368 = FACE_BOUND('',#369,.T.);
#369 = EDGE_LOOP('',(#370,#371,#372,#373));
#370 = ORIENTED_EDGE('',*,*,#222,.T.);
#371 = ORIENTED_EDGE('',*,*,#357,.T.);
#372 = ORIENTED_EDGE('',*,*,#339,.F.);
#373 = ORIENTED_EDGE('',*,*,#374,.F.);
#374 = EDGE_CURVE('',#215,#332,#375,.T.);
#375 = LINE('',#376,#377);
#376 = CARTESIAN_POINT('',(-0.5,-0.4,4.5E-02));
#377 = VECTOR('',#378,1.);
#378 = DIRECTION('',(0.,1.,0.));
#379 = CYLINDRICAL_SURFACE('',#380,4.5E-02);
#380 = AXIS2_PLACEMENT_3D('',#381,#382,#383);
#381 = CARTESIAN_POINT('',(-0.545,-0.4,4.5E-02));
#382 = DIRECTION('',(0.,1.,0.));
#383 = DIRECTION('',(1.,0.,0.));
#384 = ADVANCED_FACE('',(#385),#428,.F.);
#385 = FACE_BOUND('',#386,.F.);
#386 = EDGE_LOOP('',(#387,#388,#389,#390,#398,#406,#414,#422));
#387 = ORIENTED_EDGE('',*,*,#214,.F.);
#388 = ORIENTED_EDGE('',*,*,#206,.T.);
#389 = ORIENTED_EDGE('',*,*,#198,.T.);
#390 = ORIENTED_EDGE('',*,*,#391,.T.);
#391 = EDGE_CURVE('',#190,#392,#394,.T.);
#392 = VERTEX_POINT('',#393);
#393 = CARTESIAN_POINT('',(0.5,-0.4,0.405));
#394 = LINE('',#395,#396);
#395 = CARTESIAN_POINT('',(-0.5,-0.4,0.405));
#396 = VECTOR('',#397,1.);
#397 = DIRECTION('',(1.,0.,0.));
#398 = ORIENTED_EDGE('',*,*,#399,.T.);
#399 = EDGE_CURVE('',#392,#400,#402,.T.);
#400 = VERTEX_POINT('',#401);
#401 = CARTESIAN_POINT('',(0.755,-0.4,0.405));
#402 = LINE('',#403,#404);
#403 = CARTESIAN_POINT('',(-0.755,-0.4,0.405));
#404 = VECTOR('',#405,1.);
#405 = DIRECTION('',(1.,0.,0.));
#406 = ORIENTED_EDGE('',*,*,#407,.F.);
#407 = EDGE_CURVE('',#408,#400,#410,.T.);
#408 = VERTEX_POINT('',#409);
#409 = CARTESIAN_POINT('',(0.755,-0.4,4.5E-02));
#410 = LINE('',#411,#412);
#411 = CARTESIAN_POINT('',(0.755,-0.4,4.5E-02));
#412 = VECTOR('',#413,1.);
#413 = DIRECTION('',(0.,0.,1.));
#414 = ORIENTED_EDGE('',*,*,#415,.F.);
#415 = EDGE_CURVE('',#416,#408,#418,.T.);
#416 = VERTEX_POINT('',#417);
#417 = CARTESIAN_POINT('',(0.5,-0.4,4.5E-02));
#418 = LINE('',#419,#420);
#419 = CARTESIAN_POINT('',(-0.755,-0.4,4.5E-02));
#420 = VECTOR('',#421,1.);
#421 = DIRECTION('',(1.,0.,0.));
#422 = ORIENTED_EDGE('',*,*,#423,.F.);
#423 = EDGE_CURVE('',#215,#416,#424,.T.);
#424 = LINE('',#425,#426);
#425 = CARTESIAN_POINT('',(-0.755,-0.4,4.5E-02));
#426 = VECTOR('',#427,1.);
#427 = DIRECTION('',(1.,0.,0.));
#428 = PLANE('',#429);
#429 = AXIS2_PLACEMENT_3D('',#430,#431,#432);
#430 = CARTESIAN_POINT('',(-0.755,-0.4,4.5E-02));
#431 = DIRECTION('',(0.,1.,0.));
#432 = DIRECTION('',(0.,-0.,1.));
#433 = ADVANCED_FACE('',(#434),#445,.T.);
#434 = FACE_BOUND('',#435,.T.);
#435 = EDGE_LOOP('',(#436,#437,#438,#439));
#436 = ORIENTED_EDGE('',*,*,#298,.F.);
#437 = ORIENTED_EDGE('',*,*,#263,.F.);
#438 = ORIENTED_EDGE('',*,*,#181,.T.);
#439 = ORIENTED_EDGE('',*,*,#440,.T.);
#440 = EDGE_CURVE('',#182,#299,#441,.T.);
#441 = LINE('',#442,#443);
#442 = CARTESIAN_POINT('',(-0.545,-0.4,0.45));
#443 = VECTOR('',#444,1.);
#444 = DIRECTION('',(0.,1.,0.));
#445 = PLANE('',#446);
#446 = AXIS2_PLACEMENT_3D('',#447,#448,#449);
#447 = CARTESIAN_POINT('',(-0.8,-0.4,0.45));
#448 = DIRECTION('',(0.,0.,1.));
#449 = DIRECTION('',(1.,0.,-0.));
#450 = ADVANCED_FACE('',(#451),#462,.T.);
#451 = FACE_BOUND('',#452,.T.);
#452 = EDGE_LOOP('',(#453,#459,#460,#461));
#453 = ORIENTED_EDGE('',*,*,#454,.T.);
#454 = EDGE_CURVE('',#190,#307,#455,.T.);
#455 = LINE('',#456,#457);
#456 = CARTESIAN_POINT('',(-0.5,-0.4,0.405));
#457 = VECTOR('',#458,1.);
#458 = DIRECTION('',(0.,1.,0.));
#459 = ORIENTED_EDGE('',*,*,#306,.T.);
#460 = ORIENTED_EDGE('',*,*,#440,.F.);
#461 = ORIENTED_EDGE('',*,*,#189,.F.);
#462 = CYLINDRICAL_SURFACE('',#463,4.5E-02);
#463 = AXIS2_PLACEMENT_3D('',#464,#465,#466);
#464 = CARTESIAN_POINT('',(-0.545,-0.4,0.405));
#465 = DIRECTION('',(0.,1.,0.));
#466 = DIRECTION('',(1.,0.,0.));
#467 = ADVANCED_FACE('',(#468),#511,.T.);
#468 = FACE_BOUND('',#469,.T.);
#469 = EDGE_LOOP('',(#470,#471,#472,#473,#481,#489,#497,#505));
#470 = ORIENTED_EDGE('',*,*,#331,.F.);
#471 = ORIENTED_EDGE('',*,*,#323,.T.);
#472 = ORIENTED_EDGE('',*,*,#315,.T.);
#473 = ORIENTED_EDGE('',*,*,#474,.T.);
#474 = EDGE_CURVE('',#307,#475,#477,.T.);
#475 = VERTEX_POINT('',#476);
#476 = CARTESIAN_POINT('',(0.5,0.4,0.405));
#477 = LINE('',#478,#479);
#478 = CARTESIAN_POINT('',(-0.5,0.4,0.405));
#479 = VECTOR('',#480,1.);
#480 = DIRECTION('',(1.,0.,0.));
#481 = ORIENTED_EDGE('',*,*,#482,.T.);
#482 = EDGE_CURVE('',#475,#483,#485,.T.);
#483 = VERTEX_POINT('',#484);
#484 = CARTESIAN_POINT('',(0.755,0.4,0.405));
#485 = LINE('',#486,#487);
#486 = CARTESIAN_POINT('',(-0.755,0.4,0.405));
#487 = VECTOR('',#488,1.);
#488 = DIRECTION('',(1.,0.,0.));
#489 = ORIENTED_EDGE('',*,*,#490,.F.);
#490 = EDGE_CURVE('',#491,#483,#493,.T.);
#491 = VERTEX_POINT('',#492);
#492 = CARTESIAN_POINT('',(0.755,0.4,4.5E-02));
#493 = LINE('',#494,#495);
#494 = CARTESIAN_POINT('',(0.755,0.4,4.5E-02));
#495 = VECTOR('',#496,1.);
#496 = DIRECTION('',(0.,0.,1.));
#497 = ORIENTED_EDGE('',*,*,#498,.F.);
#498 = EDGE_CURVE('',#499,#491,#501,.T.);
#499 = VERTEX_POINT('',#500);
#500 = CARTESIAN_POINT('',(0.5,0.4,4.5E-02));
#501 = LINE('',#502,#503);
#502 = CARTESIAN_POINT('',(-0.755,0.4,4.5E-02));
#503 = VECTOR('',#504,1.);
#504 = DIRECTION('',(1.,0.,0.));
#505 = ORIENTED_EDGE('',*,*,#506,.F.);
#506 = EDGE_CURVE('',#332,#499,#507,.T.);
#507 = LINE('',#508,#509);
#508 = CARTESIAN_POINT('',(-0.755,0.4,4.5E-02));
#509 = VECTOR('',#510,1.);
#510 = DIRECTION('',(1.,0.,0.));
#511 = PLANE('',#512);
#512 = AXIS2_PLACEMENT_3D('',#513,#514,#515);
#513 = CARTESIAN_POINT('',(-0.755,0.4,4.5E-02));
#514 = DIRECTION('',(0.,1.,0.));
#515 = DIRECTION('',(0.,-0.,1.));
#516 = ADVANCED_FACE('',(#517),#528,.F.);
#517 = FACE_BOUND('',#518,.F.);
#518 = EDGE_LOOP('',(#519,#520,#521,#527));
#519 = ORIENTED_EDGE('',*,*,#374,.F.);
#520 = ORIENTED_EDGE('',*,*,#423,.T.);
#521 = ORIENTED_EDGE('',*,*,#522,.T.);
#522 = EDGE_CURVE('',#416,#499,#523,.T.);
#523 = LINE('',#524,#525);
#524 = CARTESIAN_POINT('',(0.5,-0.4,4.5E-02));
#525 = VECTOR('',#526,1.);
#526 = DIRECTION('',(0.,1.,0.));
#527 = ORIENTED_EDGE('',*,*,#506,.F.);
#528 = PLANE('',#529);
#529 = AXIS2_PLACEMENT_3D('',#530,#531,#532);
#530 = CARTESIAN_POINT('',(-0.755,-0.4,4.5E-02));
#531 = DIRECTION('',(0.,0.,1.));
#532 = DIRECTION('',(1.,0.,-0.));
#533 = ADVANCED_FACE('',(#534),#597,.F.);
#534 = FACE_BOUND('',#535,.F.);
#535 = EDGE_LOOP('',(#536,#546,#553,#554,#555,#556,#565,#573,#582,#590)
  );
#536 = ORIENTED_EDGE('',*,*,#537,.F.);
#537 = EDGE_CURVE('',#538,#540,#542,.T.);
#538 = VERTEX_POINT('',#539);
#539 = CARTESIAN_POINT('',(0.545,-0.4,-2.775557561563E-17));
#540 = VERTEX_POINT('',#541);
#541 = CARTESIAN_POINT('',(0.755,-0.4,-2.775557561563E-17));
#542 = LINE('',#543,#544);
#543 = CARTESIAN_POINT('',(0.5,-0.4,0.));
#544 = VECTOR('',#545,1.);
#545 = DIRECTION('',(1.,0.,0.));
#546 = ORIENTED_EDGE('',*,*,#547,.F.);
#547 = EDGE_CURVE('',#416,#538,#548,.T.);
#548 = CIRCLE('',#549,4.5E-02);
#549 = AXIS2_PLACEMENT_3D('',#550,#551,#552);
#550 = CARTESIAN_POINT('',(0.545,-0.4,4.5E-02));
#551 = DIRECTION('',(0.,-1.,0.));
#552 = DIRECTION('',(0.,0.,1.));
#553 = ORIENTED_EDGE('',*,*,#415,.T.);
#554 = ORIENTED_EDGE('',*,*,#407,.T.);
#555 = ORIENTED_EDGE('',*,*,#399,.F.);
#556 = ORIENTED_EDGE('',*,*,#557,.T.);
#557 = EDGE_CURVE('',#392,#558,#560,.T.);
#558 = VERTEX_POINT('',#559);
#559 = CARTESIAN_POINT('',(0.545,-0.4,0.45));
#560 = CIRCLE('',#561,4.5E-02);
#561 = AXIS2_PLACEMENT_3D('',#562,#563,#564);
#562 = CARTESIAN_POINT('',(0.545,-0.4,0.405));
#563 = DIRECTION('',(0.,1.,0.));
#564 = DIRECTION('',(0.,-0.,1.));
#565 = ORIENTED_EDGE('',*,*,#566,.T.);
#566 = EDGE_CURVE('',#558,#567,#569,.T.);
#567 = VERTEX_POINT('',#568);
#568 = CARTESIAN_POINT('',(0.755,-0.4,0.45));
#569 = LINE('',#570,#571);
#570 = CARTESIAN_POINT('',(0.5,-0.4,0.45));
#571 = VECTOR('',#572,1.);
#572 = DIRECTION('',(1.,0.,0.));
#573 = ORIENTED_EDGE('',*,*,#574,.F.);
#574 = EDGE_CURVE('',#575,#567,#577,.T.);
#575 = VERTEX_POINT('',#576);
#576 = CARTESIAN_POINT('',(0.8,-0.4,0.405));
#577 = CIRCLE('',#578,4.5E-02);
#578 = AXIS2_PLACEMENT_3D('',#579,#580,#581);
#579 = CARTESIAN_POINT('',(0.755,-0.4,0.405));
#580 = DIRECTION('',(0.,-1.,0.));
#581 = DIRECTION('',(0.,0.,1.));
#582 = ORIENTED_EDGE('',*,*,#583,.F.);
#583 = EDGE_CURVE('',#584,#575,#586,.T.);
#584 = VERTEX_POINT('',#585);
#585 = CARTESIAN_POINT('',(0.8,-0.4,4.5E-02));
#586 = LINE('',#587,#588);
#587 = CARTESIAN_POINT('',(0.8,-0.4,0.));
#588 = VECTOR('',#589,1.);
#589 = DIRECTION('',(0.,0.,1.));
#590 = ORIENTED_EDGE('',*,*,#591,.T.);
#591 = EDGE_CURVE('',#584,#540,#592,.T.);
#592 = CIRCLE('',#593,4.5E-02);
#593 = AXIS2_PLACEMENT_3D('',#594,#595,#596);
#594 = CARTESIAN_POINT('',(0.755,-0.4,4.5E-02));
#595 = DIRECTION('',(0.,1.,0.));
#596 = DIRECTION('',(0.,-0.,1.));
#597 = PLANE('',#598);
#598 = AXIS2_PLACEMENT_3D('',#599,#600,#601);
#599 = CARTESIAN_POINT('',(0.5,-0.4,0.));
#600 = DIRECTION('',(0.,1.,0.));
#601 = DIRECTION('',(0.,-0.,1.));
#602 = ADVANCED_FACE('',(#603),#628,.F.);
#603 = FACE_BOUND('',#604,.F.);
#604 = EDGE_LOOP('',(#605,#606,#614,#622));
#605 = ORIENTED_EDGE('',*,*,#391,.F.);
#606 = ORIENTED_EDGE('',*,*,#607,.T.);
#607 = EDGE_CURVE('',#190,#608,#610,.T.);
#608 = VERTEX_POINT('',#609);
#609 = CARTESIAN_POINT('',(-0.5,-0.4,0.45));
#610 = LINE('',#611,#612);
#611 = CARTESIAN_POINT('',(-0.5,-0.4,0.405));
#612 = VECTOR('',#613,1.);
#613 = DIRECTION('',(0.,0.,1.));
#614 = ORIENTED_EDGE('',*,*,#615,.T.);
#615 = EDGE_CURVE('',#608,#616,#618,.T.);
#616 = VERTEX_POINT('',#617);
#617 = CARTESIAN_POINT('',(0.5,-0.4,0.45));
#618 = LINE('',#619,#620);
#619 = CARTESIAN_POINT('',(-0.5,-0.4,0.45));
#620 = VECTOR('',#621,1.);
#621 = DIRECTION('',(1.,0.,0.));
#622 = ORIENTED_EDGE('',*,*,#623,.F.);
#623 = EDGE_CURVE('',#392,#616,#624,.T.);
#624 = LINE('',#625,#626);
#625 = CARTESIAN_POINT('',(0.5,-0.4,0.405));
#626 = VECTOR('',#627,1.);
#627 = DIRECTION('',(0.,0.,1.));
#628 = PLANE('',#629);
#629 = AXIS2_PLACEMENT_3D('',#630,#631,#632);
#630 = CARTESIAN_POINT('',(-0.5,-0.4,0.405));
#631 = DIRECTION('',(0.,1.,0.));
#632 = DIRECTION('',(0.,-0.,1.));
#633 = ADVANCED_FACE('',(#634),#652,.F.);
#634 = FACE_BOUND('',#635,.F.);
#635 = EDGE_LOOP('',(#636,#637,#638,#646));
#636 = ORIENTED_EDGE('',*,*,#607,.F.);
#637 = ORIENTED_EDGE('',*,*,#454,.T.);
#638 = ORIENTED_EDGE('',*,*,#639,.T.);
#639 = EDGE_CURVE('',#307,#640,#642,.T.);
#640 = VERTEX_POINT('',#641);
#641 = CARTESIAN_POINT('',(-0.5,0.4,0.45));
#642 = LINE('',#643,#644);
#643 = CARTESIAN_POINT('',(-0.5,0.4,0.405));
#644 = VECTOR('',#645,1.);
#645 = DIRECTION('',(0.,0.,1.));
#646 = ORIENTED_EDGE('',*,*,#647,.F.);
#647 = EDGE_CURVE('',#608,#640,#648,.T.);
#648 = LINE('',#649,#650);
#649 = CARTESIAN_POINT('',(-0.5,-0.4,0.45));
#650 = VECTOR('',#651,1.);
#651 = DIRECTION('',(0.,1.,0.));
#652 = PLANE('',#653);
#653 = AXIS2_PLACEMENT_3D('',#654,#655,#656);
#654 = CARTESIAN_POINT('',(-0.5,-0.4,0.405));
#655 = DIRECTION('',(1.,0.,0.));
#656 = DIRECTION('',(0.,0.,1.));
#657 = ADVANCED_FACE('',(#658),#721,.T.);
#658 = FACE_BOUND('',#659,.T.);
#659 = EDGE_LOOP('',(#660,#670,#677,#678,#679,#680,#689,#697,#706,#714)
  );
#660 = ORIENTED_EDGE('',*,*,#661,.F.);
#661 = EDGE_CURVE('',#662,#664,#666,.T.);
#662 = VERTEX_POINT('',#663);
#663 = CARTESIAN_POINT('',(0.545,0.4,-2.775557561563E-17));
#664 = VERTEX_POINT('',#665);
#665 = CARTESIAN_POINT('',(0.755,0.4,-2.775557561563E-17));
#666 = LINE('',#667,#668);
#667 = CARTESIAN_POINT('',(0.5,0.4,0.));
#668 = VECTOR('',#669,1.);
#669 = DIRECTION('',(1.,0.,0.));
#670 = ORIENTED_EDGE('',*,*,#671,.F.);
#671 = EDGE_CURVE('',#499,#662,#672,.T.);
#672 = CIRCLE('',#673,4.5E-02);
#673 = AXIS2_PLACEMENT_3D('',#674,#675,#676);
#674 = CARTESIAN_POINT('',(0.545,0.4,4.5E-02));
#675 = DIRECTION('',(0.,-1.,0.));
#676 = DIRECTION('',(0.,0.,1.));
#677 = ORIENTED_EDGE('',*,*,#498,.T.);
#678 = ORIENTED_EDGE('',*,*,#490,.T.);
#679 = ORIENTED_EDGE('',*,*,#482,.F.);
#680 = ORIENTED_EDGE('',*,*,#681,.T.);
#681 = EDGE_CURVE('',#475,#682,#684,.T.);
#682 = VERTEX_POINT('',#683);
#683 = CARTESIAN_POINT('',(0.545,0.4,0.45));
#684 = CIRCLE('',#685,4.5E-02);
#685 = AXIS2_PLACEMENT_3D('',#686,#687,#688);
#686 = CARTESIAN_POINT('',(0.545,0.4,0.405));
#687 = DIRECTION('',(0.,1.,0.));
#688 = DIRECTION('',(0.,-0.,1.));
#689 = ORIENTED_EDGE('',*,*,#690,.T.);
#690 = EDGE_CURVE('',#682,#691,#693,.T.);
#691 = VERTEX_POINT('',#692);
#692 = CARTESIAN_POINT('',(0.755,0.4,0.45));
#693 = LINE('',#694,#695);
#694 = CARTESIAN_POINT('',(0.5,0.4,0.45));
#695 = VECTOR('',#696,1.);
#696 = DIRECTION('',(1.,0.,0.));
#697 = ORIENTED_EDGE('',*,*,#698,.F.);
#698 = EDGE_CURVE('',#699,#691,#701,.T.);
#699 = VERTEX_POINT('',#700);
#700 = CARTESIAN_POINT('',(0.8,0.4,0.405));
#701 = CIRCLE('',#702,4.5E-02);
#702 = AXIS2_PLACEMENT_3D('',#703,#704,#705);
#703 = CARTESIAN_POINT('',(0.755,0.4,0.405));
#704 = DIRECTION('',(0.,-1.,0.));
#705 = DIRECTION('',(0.,0.,1.));
#706 = ORIENTED_EDGE('',*,*,#707,.F.);
#707 = EDGE_CURVE('',#708,#699,#710,.T.);
#708 = VERTEX_POINT('',#709);
#709 = CARTESIAN_POINT('',(0.8,0.4,4.5E-02));
#710 = LINE('',#711,#712);
#711 = CARTESIAN_POINT('',(0.8,0.4,0.));
#712 = VECTOR('',#713,1.);
#713 = DIRECTION('',(0.,0.,1.));
#714 = ORIENTED_EDGE('',*,*,#715,.T.);
#715 = EDGE_CURVE('',#708,#664,#716,.T.);
#716 = CIRCLE('',#717,4.5E-02);
#717 = AXIS2_PLACEMENT_3D('',#718,#719,#720);
#718 = CARTESIAN_POINT('',(0.755,0.4,4.5E-02));
#719 = DIRECTION('',(0.,1.,0.));
#720 = DIRECTION('',(0.,-0.,1.));
#721 = PLANE('',#722);
#722 = AXIS2_PLACEMENT_3D('',#723,#724,#725);
#723 = CARTESIAN_POINT('',(0.5,0.4,0.));
#724 = DIRECTION('',(0.,1.,0.));
#725 = DIRECTION('',(0.,-0.,1.));
#726 = ADVANCED_FACE('',(#727),#745,.T.);
#727 = FACE_BOUND('',#728,.T.);
#728 = EDGE_LOOP('',(#729,#730,#731,#739));
#729 = ORIENTED_EDGE('',*,*,#474,.F.);
#730 = ORIENTED_EDGE('',*,*,#639,.T.);
#731 = ORIENTED_EDGE('',*,*,#732,.T.);
#732 = EDGE_CURVE('',#640,#733,#735,.T.);
#733 = VERTEX_POINT('',#734);
#734 = CARTESIAN_POINT('',(0.5,0.4,0.45));
#735 = LINE('',#736,#737);
#736 = CARTESIAN_POINT('',(-0.5,0.4,0.45));
#737 = VECTOR('',#738,1.);
#738 = DIRECTION('',(1.,0.,0.));
#739 = ORIENTED_EDGE('',*,*,#740,.F.);
#740 = EDGE_CURVE('',#475,#733,#741,.T.);
#741 = LINE('',#742,#743);
#742 = CARTESIAN_POINT('',(0.5,0.4,0.405));
#743 = VECTOR('',#744,1.);
#744 = DIRECTION('',(0.,0.,1.));
#745 = PLANE('',#746);
#746 = AXIS2_PLACEMENT_3D('',#747,#748,#749);
#747 = CARTESIAN_POINT('',(-0.5,0.4,0.405));
#748 = DIRECTION('',(0.,1.,0.));
#749 = DIRECTION('',(0.,-0.,1.));
#750 = ADVANCED_FACE('',(#751),#762,.T.);
#751 = FACE_BOUND('',#752,.T.);
#752 = EDGE_LOOP('',(#753,#754,#755,#761));
#753 = ORIENTED_EDGE('',*,*,#522,.T.);
#754 = ORIENTED_EDGE('',*,*,#671,.T.);
#755 = ORIENTED_EDGE('',*,*,#756,.F.);
#756 = EDGE_CURVE('',#538,#662,#757,.T.);
#757 = LINE('',#758,#759);
#758 = CARTESIAN_POINT('',(0.545,-0.4,-2.775557561563E-17));
#759 = VECTOR('',#760,1.);
#760 = DIRECTION('',(0.,1.,0.));
#761 = ORIENTED_EDGE('',*,*,#547,.F.);
#762 = CYLINDRICAL_SURFACE('',#763,4.5E-02);
#763 = AXIS2_PLACEMENT_3D('',#764,#765,#766);
#764 = CARTESIAN_POINT('',(0.545,-0.4,4.5E-02));
#765 = DIRECTION('',(0.,1.,0.));
#766 = DIRECTION('',(-1.,0.,0.));
#767 = ADVANCED_FACE('',(#768),#779,.F.);
#768 = FACE_BOUND('',#769,.F.);
#769 = EDGE_LOOP('',(#770,#771,#772,#773));
#770 = ORIENTED_EDGE('',*,*,#661,.F.);
#771 = ORIENTED_EDGE('',*,*,#756,.F.);
#772 = ORIENTED_EDGE('',*,*,#537,.T.);
#773 = ORIENTED_EDGE('',*,*,#774,.T.);
#774 = EDGE_CURVE('',#540,#664,#775,.T.);
#775 = LINE('',#776,#777);
#776 = CARTESIAN_POINT('',(0.755,-0.4,-2.775557561563E-17));
#777 = VECTOR('',#778,1.);
#778 = DIRECTION('',(0.,1.,0.));
#779 = PLANE('',#780);
#780 = AXIS2_PLACEMENT_3D('',#781,#782,#783);
#781 = CARTESIAN_POINT('',(0.5,-0.4,0.));
#782 = DIRECTION('',(0.,0.,1.));
#783 = DIRECTION('',(1.,0.,-0.));
#784 = ADVANCED_FACE('',(#785),#796,.T.);
#785 = FACE_BOUND('',#786,.T.);
#786 = EDGE_LOOP('',(#787,#788,#789,#790));
#787 = ORIENTED_EDGE('',*,*,#591,.T.);
#788 = ORIENTED_EDGE('',*,*,#774,.T.);
#789 = ORIENTED_EDGE('',*,*,#715,.F.);
#790 = ORIENTED_EDGE('',*,*,#791,.F.);
#791 = EDGE_CURVE('',#584,#708,#792,.T.);
#792 = LINE('',#793,#794);
#793 = CARTESIAN_POINT('',(0.8,-0.4,4.5E-02));
#794 = VECTOR('',#795,1.);
#795 = DIRECTION('',(0.,1.,0.));
#796 = CYLINDRICAL_SURFACE('',#797,4.5E-02);
#797 = AXIS2_PLACEMENT_3D('',#798,#799,#800);
#798 = CARTESIAN_POINT('',(0.755,-0.4,4.5E-02));
#799 = DIRECTION('',(0.,1.,0.));
#800 = DIRECTION('',(1.,0.,0.));
#801 = ADVANCED_FACE('',(#802),#813,.T.);
#802 = FACE_BOUND('',#803,.T.);
#803 = EDGE_LOOP('',(#804,#805,#806,#807));
#804 = ORIENTED_EDGE('',*,*,#583,.F.);
#805 = ORIENTED_EDGE('',*,*,#791,.T.);
#806 = ORIENTED_EDGE('',*,*,#707,.T.);
#807 = ORIENTED_EDGE('',*,*,#808,.F.);
#808 = EDGE_CURVE('',#575,#699,#809,.T.);
#809 = LINE('',#810,#811);
#810 = CARTESIAN_POINT('',(0.8,-0.4,0.405));
#811 = VECTOR('',#812,1.);
#812 = DIRECTION('',(0.,1.,0.));
#813 = PLANE('',#814);
#814 = AXIS2_PLACEMENT_3D('',#815,#816,#817);
#815 = CARTESIAN_POINT('',(0.8,-0.4,0.));
#816 = DIRECTION('',(1.,0.,0.));
#817 = DIRECTION('',(0.,0.,1.));
#818 = ADVANCED_FACE('',(#819),#830,.T.);
#819 = FACE_BOUND('',#820,.T.);
#820 = EDGE_LOOP('',(#821,#822,#823,#829));
#821 = ORIENTED_EDGE('',*,*,#808,.T.);
#822 = ORIENTED_EDGE('',*,*,#698,.T.);
#823 = ORIENTED_EDGE('',*,*,#824,.F.);
#824 = EDGE_CURVE('',#567,#691,#825,.T.);
#825 = LINE('',#826,#827);
#826 = CARTESIAN_POINT('',(0.755,-0.4,0.45));
#827 = VECTOR('',#828,1.);
#828 = DIRECTION('',(0.,1.,0.));
#829 = ORIENTED_EDGE('',*,*,#574,.F.);
#830 = CYLINDRICAL_SURFACE('',#831,4.5E-02);
#831 = AXIS2_PLACEMENT_3D('',#832,#833,#834);
#832 = CARTESIAN_POINT('',(0.755,-0.4,0.405));
#833 = DIRECTION('',(0.,1.,0.));
#834 = DIRECTION('',(1.,0.,0.));
#835 = ADVANCED_FACE('',(#836),#847,.T.);
#836 = FACE_BOUND('',#837,.T.);
#837 = EDGE_LOOP('',(#838,#839,#845,#846));
#838 = ORIENTED_EDGE('',*,*,#690,.F.);
#839 = ORIENTED_EDGE('',*,*,#840,.F.);
#840 = EDGE_CURVE('',#558,#682,#841,.T.);
#841 = LINE('',#842,#843);
#842 = CARTESIAN_POINT('',(0.545,-0.4,0.45));
#843 = VECTOR('',#844,1.);
#844 = DIRECTION('',(0.,1.,0.));
#845 = ORIENTED_EDGE('',*,*,#566,.T.);
#846 = ORIENTED_EDGE('',*,*,#824,.T.);
#847 = PLANE('',#848);
#848 = AXIS2_PLACEMENT_3D('',#849,#850,#851);
#849 = CARTESIAN_POINT('',(0.5,-0.4,0.45));
#850 = DIRECTION('',(0.,0.,1.));
#851 = DIRECTION('',(1.,0.,-0.));
#852 = ADVANCED_FACE('',(#853),#864,.T.);
#853 = FACE_BOUND('',#854,.T.);
#854 = EDGE_LOOP('',(#855,#856,#857,#858));
#855 = ORIENTED_EDGE('',*,*,#557,.T.);
#856 = ORIENTED_EDGE('',*,*,#840,.T.);
#857 = ORIENTED_EDGE('',*,*,#681,.F.);
#858 = ORIENTED_EDGE('',*,*,#859,.F.);
#859 = EDGE_CURVE('',#392,#475,#860,.T.);
#860 = LINE('',#861,#862);
#861 = CARTESIAN_POINT('',(0.5,-0.4,0.405));
#862 = VECTOR('',#863,1.);
#863 = DIRECTION('',(0.,1.,0.));
#864 = CYLINDRICAL_SURFACE('',#865,4.5E-02);
#865 = AXIS2_PLACEMENT_3D('',#866,#867,#868);
#866 = CARTESIAN_POINT('',(0.545,-0.4,0.405));
#867 = DIRECTION('',(0.,1.,0.));
#868 = DIRECTION('',(-1.,0.,0.));
#869 = ADVANCED_FACE('',(#870),#881,.T.);
#870 = FACE_BOUND('',#871,.T.);
#871 = EDGE_LOOP('',(#872,#873,#874,#875));
#872 = ORIENTED_EDGE('',*,*,#623,.F.);
#873 = ORIENTED_EDGE('',*,*,#859,.T.);
#874 = ORIENTED_EDGE('',*,*,#740,.T.);
#875 = ORIENTED_EDGE('',*,*,#876,.F.);
#876 = EDGE_CURVE('',#616,#733,#877,.T.);
#877 = LINE('',#878,#879);
#878 = CARTESIAN_POINT('',(0.5,-0.4,0.45));
#879 = VECTOR('',#880,1.);
#880 = DIRECTION('',(0.,1.,0.));
#881 = PLANE('',#882);
#882 = AXIS2_PLACEMENT_3D('',#883,#884,#885);
#883 = CARTESIAN_POINT('',(0.5,-0.4,0.405));
#884 = DIRECTION('',(1.,0.,0.));
#885 = DIRECTION('',(0.,0.,1.));
#886 = ADVANCED_FACE('',(#887),#893,.T.);
#887 = FACE_BOUND('',#888,.T.);
#888 = EDGE_LOOP('',(#889,#890,#891,#892));
#889 = ORIENTED_EDGE('',*,*,#647,.F.);
#890 = ORIENTED_EDGE('',*,*,#615,.T.);
#891 = ORIENTED_EDGE('',*,*,#876,.T.);
#892 = ORIENTED_EDGE('',*,*,#732,.F.);
#893 = PLANE('',#894);
#894 = AXIS2_PLACEMENT_3D('',#895,#896,#897);
#895 = CARTESIAN_POINT('',(-0.5,-0.4,0.45));
#896 = DIRECTION('',(0.,0.,1.));
#897 = DIRECTION('',(1.,0.,-0.));
#898 = ( GEOMETRIC_REPRESENTATION_CONTEXT(3) 
GLOBAL_UNCERTAINTY_ASSIGNED_CONTEXT((#902)) GLOBAL_UNIT_ASSIGNED_CONTEXT
((#899,#900,#901)) REPRESENTATION_CONTEXT('Context #1',
  '3D Context with UNIT and UNCERTAINTY') );
#899 = ( LENGTH_UNIT() NAMED_UNIT(*) SI_UNIT(.MILLI.,.METRE.) );
#900 = ( NAMED_UNIT(*) PLANE_ANGLE_UNIT() SI_UNIT($,.RADIAN.) );
#901 = ( NAMED_UNIT(*) SI_UNIT($,.STERADIAN.) SOLID_ANGLE_UNIT() );
#902 = UNCERTAINTY_MEASURE_WITH_UNIT(LENGTH_MEASURE(1.E-07),#899,
  'distance_accuracy_value','confusion accuracy');
#903 = CONTEXT_DEPENDENT_SHAPE_REPRESENTATION(#904,#906);
#904 = ( REPRESENTATION_RELATIONSHIP('','',#107,#84) 
REPRESENTATION_RELATIONSHIP_WITH_TRANSFORMATION(#905) 
SHAPE_REPRESENTATION_RELATIONSHIP() );
#905 = ITEM_DEFINED_TRANSFORMATION('','',#11,#85);
#906 = PRODUCT_DEFINITION_SHAPE('Placement','Placement of an item',#907
  );
#907 = NEXT_ASSEMBLY_USAGE_OCCURRENCE('1','=>[0:1:1:3]','',#79,#102,$);
#908 = PRODUCT_RELATED_PRODUCT_CATEGORY('part',$,(#104));
#909 = SHAPE_DEFINITION_REPRESENTATION(#910,#916);
#910 = PRODUCT_DEFINITION_SHAPE('','',#911);
#911 = PRODUCT_DEFINITION('design','',#912,#915);
#912 = PRODUCT_DEFINITION_FORMATION('','',#913);
#913 = PRODUCT('PinHeader_1x06_P2.54mm_Vertical',
  'PinHeader_1x06_P2.54mm_Vertical','',(#914));
#914 = PRODUCT_CONTEXT('',#2,'mechanical');
#915 = PRODUCT_DEFINITION_CONTEXT('part definition',#2,'design');
#916 = SHAPE_REPRESENTATION('',(#11,#917),#921);
#917 = AXIS2_PLACEMENT_3D('',#918,#919,#920);
#918 = CARTESIAN_POINT('',(0.,0.,0.));
#919 = DIRECTION('',(0.,0.,1.));
#920 = DIRECTION('',(1.,0.,-0.));
#921 = ( GEOMETRIC_REPRESENTATION_CONTEXT(3) 
GLOBAL_UNCERTAINTY_ASSIGNED_CONTEXT((#925)) GLOBAL_UNIT_ASSIGNED_CONTEXT
((#922,#923,#924)) REPRESENTATION_CONTEXT('Context #1',
  '3D Context with UNIT and UNCERTAINTY') );
#922 = ( LENGTH_UNIT() NAMED_UNIT(*) SI_UNIT(.MILLI.,.METRE.) );
#923 = ( NAMED_UNIT(*) PLANE_ANGLE_UNIT() SI_UNIT($,.RADIAN.) );
#924 = ( NAMED_UNIT(*) SI_UNIT($,.STERADIAN.) SOLID_ANGLE_UNIT() );
#925 = UNCERTAINTY_MEASURE_WITH_UNIT(LENGTH_MEASURE(1.E-07),#922,
  'distance_accuracy_value','confusion accuracy');
#926 = CONTEXT_DEPENDENT_SHAPE_REPRESENTATION(#927,#929);
#927 = ( REPRESENTATION_RELATIONSHIP('','',#916,#10) 
REPRESENTATION_RELATIONSHIP_WITH_TRANSFORMATION(#928) 
SHAPE_REPRESENTATION_RELATIONSHIP() );
#928 = ITEM_DEFINED_TRANSFORMATION('','',#11,#19);
#929 = PRODUCT_DEFINITION_SHAPE('Placement','Placement of an item',#930
  );
#930 = NEXT_ASSEMBLY_USAGE_OCCURRENCE('4','J5','',#5,#911,$);
#931 = PRODUCT_RELATED_PRODUCT_CATEGORY('part',$,(#913));
#932 = SHAPE_DEFINITION_REPRESENTATION(#933,#939);
#933 = PRODUCT_DEFINITION_SHAPE('','',#934);
#934 = PRODUCT_DEFINITION('design','',#935,#938);
#935 = PRODUCT_DEFINITION_FORMATION('','',#936);
#936 = PRODUCT('PinHeader_1x06_P254mm_Vertical',
  'PinHeader_1x06_P254mm_Vertical','',(#937));
#937 = PRODUCT_CONTEXT('',#2,'mechanical');
#938 = PRODUCT_DEFINITION_CONTEXT('part definition',#2,'design');
#939 = ADVANCED_BREP_SHAPE_REPRESENTATION('',(#11,#940),#5068);
#940 = MANIFOLD_SOLID_BREP('',#941);
#941 = CLOSED_SHELL('',(#942,#982,#1013,#1044,#1537,#2030,#2047,#2064,
    #2081,#2098,#2115,#2132,#2149,#2166,#2183,#2200,#2217,#2234,#2251,
    #2268,#2285,#2302,#2319,#2336,#2353,#2370,#2387,#2404,#2421,#2438,
    #2455,#2472,#2489,#2506,#2523,#2540,#2557,#2574,#2591,#2608,#2620,
    #2651,#2675,#2699,#2716,#2747,#2771,#2795,#2812,#2843,#2867,#2891,
    #2908,#2939,#2963,#2987,#3004,#3035,#3059,#3083,#3100,#3131,#3155,
    #3179,#3196,#3227,#3251,#3275,#3292,#3323,#3347,#3371,#3388,#3419,
    #3443,#3467,#3484,#3515,#3539,#3563,#3580,#3611,#3635,#3659,#3676,
    #3707,#3731,#3755,#3772,#3803,#3827,#3851,#3868,#3899,#3923,#3947,
    #3964,#3995,#4019,#4043,#4060,#4091,#4115,#4139,#4156,#4187,#4211,
    #4235,#4252,#4283,#4307,#4331,#4348,#4379,#4403,#4427,#4444,#4475,
    #4499,#4523,#4540,#4571,#4595,#4619,#4636,#4667,#4691,#4715,#4732,
    #4763,#4787,#4811,#4828,#4859,#4883,#4907,#4924,#4936,#4948,#4960,
    #4972,#4984,#4996,#5008,#5020,#5032,#5044,#5056));
#942 = ADVANCED_FACE('',(#943),#977,.F.);
#943 = FACE_BOUND('',#944,.F.);
#944 = EDGE_LOOP('',(#945,#955,#963,#971));
#945 = ORIENTED_EDGE('',*,*,#946,.T.);
#946 = EDGE_CURVE('',#947,#949,#951,.T.);
#947 = VERTEX_POINT('',#948);
#948 = CARTESIAN_POINT('',(-1.016,1.27,0.));
#949 = VERTEX_POINT('',#950);
#950 = CARTESIAN_POINT('',(-1.016,1.27,2.54));
#951 = LINE('',#952,#953);
#952 = CARTESIAN_POINT('',(-1.016,1.27,0.));
#953 = VECTOR('',#954,1.);
#954 = DIRECTION('',(0.,0.,1.));
#955 = ORIENTED_EDGE('',*,*,#956,.T.);
#956 = EDGE_CURVE('',#949,#957,#959,.T.);
#957 = VERTEX_POINT('',#958);
#958 = CARTESIAN_POINT('',(-1.27,1.016,2.54));
#959 = LINE('',#960,#961);
#960 = CARTESIAN_POINT('',(-1.016,1.27,2.54));
#961 = VECTOR('',#962,1.);
#962 = DIRECTION('',(-0.707106781187,-0.707106781187,0.));
#963 = ORIENTED_EDGE('',*,*,#964,.F.);
#964 = EDGE_CURVE('',#965,#957,#967,.T.);
#965 = VERTEX_POINT('',#966);
#966 = CARTESIAN_POINT('',(-1.27,1.016,0.));
#967 = LINE('',#968,#969);
#968 = CARTESIAN_POINT('',(-1.27,1.016,0.));
#969 = VECTOR('',#970,1.);
#970 = DIRECTION('',(0.,0.,1.));
#971 = ORIENTED_EDGE('',*,*,#972,.F.);
#972 = EDGE_CURVE('',#947,#965,#973,.T.);
#973 = LINE('',#974,#975);
#974 = CARTESIAN_POINT('',(-1.016,1.27,0.));
#975 = VECTOR('',#976,1.);
#976 = DIRECTION('',(-0.707106781187,-0.707106781187,0.));
#977 = PLANE('',#978);
#978 = AXIS2_PLACEMENT_3D('',#979,#980,#981);
#979 = CARTESIAN_POINT('',(-1.016,1.27,0.));
#980 = DIRECTION('',(0.707106781187,-0.707106781187,0.));
#981 = DIRECTION('',(-0.707106781187,-0.707106781187,0.));
#982 = ADVANCED_FACE('',(#983),#1008,.F.);
#983 = FACE_BOUND('',#984,.F.);
#984 = EDGE_LOOP('',(#985,#995,#1001,#1002));
#985 = ORIENTED_EDGE('',*,*,#986,.T.);
#986 = EDGE_CURVE('',#987,#989,#991,.T.);
#987 = VERTEX_POINT('',#988);
#988 = CARTESIAN_POINT('',(1.016,1.27,0.));
#989 = VERTEX_POINT('',#990);
#990 = CARTESIAN_POINT('',(1.016,1.27,2.54));
#991 = LINE('',#992,#993);
#992 = CARTESIAN_POINT('',(1.016,1.27,0.));
#993 = VECTOR('',#994,1.);
#994 = DIRECTION('',(0.,0.,1.));
#995 = ORIENTED_EDGE('',*,*,#996,.T.);
#996 = EDGE_CURVE('',#989,#949,#997,.T.);
#997 = LINE('',#998,#999);
#998 = CARTESIAN_POINT('',(1.016,1.27,2.54));
#999 = VECTOR('',#1000,1.);
#1000 = DIRECTION('',(-1.,0.,0.));
#1001 = ORIENTED_EDGE('',*,*,#946,.F.);
#1002 = ORIENTED_EDGE('',*,*,#1003,.F.);
#1003 = EDGE_CURVE('',#987,#947,#1004,.T.);
#1004 = LINE('',#1005,#1006);
#1005 = CARTESIAN_POINT('',(1.016,1.27,0.));
#1006 = VECTOR('',#1007,1.);
#1007 = DIRECTION('',(-1.,0.,0.));
#1008 = PLANE('',#1009);
#1009 = AXIS2_PLACEMENT_3D('',#1010,#1011,#1012);
#1010 = CARTESIAN_POINT('',(1.016,1.27,0.));
#1011 = DIRECTION('',(0.,-1.,0.));
#1012 = DIRECTION('',(-1.,0.,0.));
#1013 = ADVANCED_FACE('',(#1014),#1039,.F.);
#1014 = FACE_BOUND('',#1015,.F.);
#1015 = EDGE_LOOP('',(#1016,#1017,#1025,#1033));
#1016 = ORIENTED_EDGE('',*,*,#964,.T.);
#1017 = ORIENTED_EDGE('',*,*,#1018,.T.);
#1018 = EDGE_CURVE('',#957,#1019,#1021,.T.);
#1019 = VERTEX_POINT('',#1020);
#1020 = CARTESIAN_POINT('',(-1.27,-1.016,2.54));
#1021 = LINE('',#1022,#1023);
#1022 = CARTESIAN_POINT('',(-1.27,1.016,2.54));
#1023 = VECTOR('',#1024,1.);
#1024 = DIRECTION('',(0.,-1.,0.));
#1025 = ORIENTED_EDGE('',*,*,#1026,.F.);
#1026 = EDGE_CURVE('',#1027,#1019,#1029,.T.);
#1027 = VERTEX_POINT('',#1028);
#1028 = CARTESIAN_POINT('',(-1.27,-1.016,0.));
#1029 = LINE('',#1030,#1031);
#1030 = CARTESIAN_POINT('',(-1.27,-1.016,0.));
#1031 = VECTOR('',#1032,1.);
#1032 = DIRECTION('',(0.,0.,1.));
#1033 = ORIENTED_EDGE('',*,*,#1034,.F.);
#1034 = EDGE_CURVE('',#965,#1027,#1035,.T.);
#1035 = LINE('',#1036,#1037);
#1036 = CARTESIAN_POINT('',(-1.27,1.016,0.));
#1037 = VECTOR('',#1038,1.);
#1038 = DIRECTION('',(0.,-1.,0.));
#1039 = PLANE('',#1040);
#1040 = AXIS2_PLACEMENT_3D('',#1041,#1042,#1043);
#1041 = CARTESIAN_POINT('',(-1.27,1.016,0.));
#1042 = DIRECTION('',(1.,0.,0.));
#1043 = DIRECTION('',(0.,-1.,0.));
#1044 = ADVANCED_FACE('',(#1045,#1328,#1362,#1396,#1430,#1464,#1498),
  #1532,.F.);
#1045 = FACE_BOUND('',#1046,.F.);
#1046 = EDGE_LOOP('',(#1047,#1048,#1049,#1057,#1065,#1073,#1081,#1089,
    #1097,#1105,#1113,#1121,#1129,#1137,#1145,#1153,#1161,#1169,#1177,
    #1185,#1193,#1201,#1209,#1217,#1225,#1233,#1241,#1249,#1257,#1265,
    #1273,#1281,#1289,#1297,#1305,#1313,#1321,#1327));
#1047 = ORIENTED_EDGE('',*,*,#972,.T.);
#1048 = ORIENTED_EDGE('',*,*,#1034,.T.);
#1049 = ORIENTED_EDGE('',*,*,#1050,.T.);
#1050 = EDGE_CURVE('',#1027,#1051,#1053,.T.);
#1051 = VERTEX_POINT('',#1052);
#1052 = CARTESIAN_POINT('',(-1.016,-1.27,0.));
#1053 = LINE('',#1054,#1055);
#1054 = CARTESIAN_POINT('',(-1.27,-1.016,0.));
#1055 = VECTOR('',#1056,1.);
#1056 = DIRECTION('',(0.707106781187,-0.707106781187,0.));
#1057 = ORIENTED_EDGE('',*,*,#1058,.T.);
#1058 = EDGE_CURVE('',#1051,#1059,#1061,.T.);
#1059 = VERTEX_POINT('',#1060);
#1060 = CARTESIAN_POINT('',(-1.27,-1.524,0.));
#1061 = LINE('',#1062,#1063);
#1062 = CARTESIAN_POINT('',(-1.016,-1.27,0.));
#1063 = VECTOR('',#1064,1.);
#1064 = DIRECTION('',(-0.707106781187,-0.707106781187,0.));
#1065 = ORIENTED_EDGE('',*,*,#1066,.T.);
#1066 = EDGE_CURVE('',#1059,#1067,#1069,.T.);
#1067 = VERTEX_POINT('',#1068);
#1068 = CARTESIAN_POINT('',(-1.27,-3.556,0.));
#1069 = LINE('',#1070,#1071);
#1070 = CARTESIAN_POINT('',(-1.27,-1.524,0.));
#1071 = VECTOR('',#1072,1.);
#1072 = DIRECTION('',(0.,-1.,0.));
#1073 = ORIENTED_EDGE('',*,*,#1074,.T.);
#1074 = EDGE_CURVE('',#1067,#1075,#1077,.T.);
#1075 = VERTEX_POINT('',#1076);
#1076 = CARTESIAN_POINT('',(-1.016,-3.81,0.));
#1077 = LINE('',#1078,#1079);
#1078 = CARTESIAN_POINT('',(-1.27,-3.556,0.));
#1079 = VECTOR('',#1080,1.);
#1080 = DIRECTION('',(0.707106781187,-0.707106781187,0.));
#1081 = ORIENTED_EDGE('',*,*,#1082,.T.);
#1082 = EDGE_CURVE('',#1075,#1083,#1085,.T.);
#1083 = VERTEX_POINT('',#1084);
#1084 = CARTESIAN_POINT('',(-1.27,-4.064,0.));
#1085 = LINE('',#1086,#1087);
#1086 = CARTESIAN_POINT('',(-1.016,-3.81,0.));
#1087 = VECTOR('',#1088,1.);
#1088 = DIRECTION('',(-0.707106781187,-0.707106781187,0.));
#1089 = ORIENTED_EDGE('',*,*,#1090,.T.);
#1090 = EDGE_CURVE('',#1083,#1091,#1093,.T.);
#1091 = VERTEX_POINT('',#1092);
#1092 = CARTESIAN_POINT('',(-1.27,-6.096,0.));
#1093 = LINE('',#1094,#1095);
#1094 = CARTESIAN_POINT('',(-1.27,-4.064,0.));
#1095 = VECTOR('',#1096,1.);
#1096 = DIRECTION('',(0.,-1.,0.));
#1097 = ORIENTED_EDGE('',*,*,#1098,.T.);
#1098 = EDGE_CURVE('',#1091,#1099,#1101,.T.);
#1099 = VERTEX_POINT('',#1100);
#1100 = CARTESIAN_POINT('',(-1.016,-6.35,0.));
#1101 = LINE('',#1102,#1103);
#1102 = CARTESIAN_POINT('',(-1.27,-6.096,0.));
#1103 = VECTOR('',#1104,1.);
#1104 = DIRECTION('',(0.707106781187,-0.707106781187,0.));
#1105 = ORIENTED_EDGE('',*,*,#1106,.T.);
#1106 = EDGE_CURVE('',#1099,#1107,#1109,.T.);
#1107 = VERTEX_POINT('',#1108);
#1108 = CARTESIAN_POINT('',(-1.27,-6.604,0.));
#1109 = LINE('',#1110,#1111);
#1110 = CARTESIAN_POINT('',(-1.016,-6.35,0.));
#1111 = VECTOR('',#1112,1.);
#1112 = DIRECTION('',(-0.707106781187,-0.707106781187,0.));
#1113 = ORIENTED_EDGE('',*,*,#1114,.T.);
#1114 = EDGE_CURVE('',#1107,#1115,#1117,.T.);
#1115 = VERTEX_POINT('',#1116);
#1116 = CARTESIAN_POINT('',(-1.27,-8.636,0.));
#1117 = LINE('',#1118,#1119);
#1118 = CARTESIAN_POINT('',(-1.27,-6.604,0.));
#1119 = VECTOR('',#1120,1.);
#1120 = DIRECTION('',(0.,-1.,0.));
#1121 = ORIENTED_EDGE('',*,*,#1122,.T.);
#1122 = EDGE_CURVE('',#1115,#1123,#1125,.T.);
#1123 = VERTEX_POINT('',#1124);
#1124 = CARTESIAN_POINT('',(-1.016,-8.89,0.));
#1125 = LINE('',#1126,#1127);
#1126 = CARTESIAN_POINT('',(-1.27,-8.636,0.));
#1127 = VECTOR('',#1128,1.);
#1128 = DIRECTION('',(0.707106781187,-0.707106781187,0.));
#1129 = ORIENTED_EDGE('',*,*,#1130,.T.);
#1130 = EDGE_CURVE('',#1123,#1131,#1133,.T.);
#1131 = VERTEX_POINT('',#1132);
#1132 = CARTESIAN_POINT('',(-1.27,-9.144,0.));
#1133 = LINE('',#1134,#1135);
#1134 = CARTESIAN_POINT('',(-1.016,-8.89,0.));
#1135 = VECTOR('',#1136,1.);
#1136 = DIRECTION('',(-0.707106781187,-0.707106781187,0.));
#1137 = ORIENTED_EDGE('',*,*,#1138,.T.);
#1138 = EDGE_CURVE('',#1131,#1139,#1141,.T.);
#1139 = VERTEX_POINT('',#1140);
#1140 = CARTESIAN_POINT('',(-1.27,-11.176,0.));
#1141 = LINE('',#1142,#1143);
#1142 = CARTESIAN_POINT('',(-1.27,-9.144,0.));
#1143 = VECTOR('',#1144,1.);
#1144 = DIRECTION('',(0.,-1.,0.));
#1145 = ORIENTED_EDGE('',*,*,#1146,.T.);
#1146 = EDGE_CURVE('',#1139,#1147,#1149,.T.);
#1147 = VERTEX_POINT('',#1148);
#1148 = CARTESIAN_POINT('',(-1.016,-11.43,0.));
#1149 = LINE('',#1150,#1151);
#1150 = CARTESIAN_POINT('',(-1.27,-11.176,0.));
#1151 = VECTOR('',#1152,1.);
#1152 = DIRECTION('',(0.707106781187,-0.707106781187,0.));
#1153 = ORIENTED_EDGE('',*,*,#1154,.T.);
#1154 = EDGE_CURVE('',#1147,#1155,#1157,.T.);
#1155 = VERTEX_POINT('',#1156);
#1156 = CARTESIAN_POINT('',(-1.27,-11.684,0.));
#1157 = LINE('',#1158,#1159);
#1158 = CARTESIAN_POINT('',(-1.016,-11.43,0.));
#1159 = VECTOR('',#1160,1.);
#1160 = DIRECTION('',(-0.707106781187,-0.707106781187,0.));
#1161 = ORIENTED_EDGE('',*,*,#1162,.T.);
#1162 = EDGE_CURVE('',#1155,#1163,#1165,.T.);
#1163 = VERTEX_POINT('',#1164);
#1164 = CARTESIAN_POINT('',(-1.27,-13.716,0.));
#1165 = LINE('',#1166,#1167);
#1166 = CARTESIAN_POINT('',(-1.27,-11.684,0.));
#1167 = VECTOR('',#1168,1.);
#1168 = DIRECTION('',(0.,-1.,0.));
#1169 = ORIENTED_EDGE('',*,*,#1170,.T.);
#1170 = EDGE_CURVE('',#1163,#1171,#1173,.T.);
#1171 = VERTEX_POINT('',#1172);
#1172 = CARTESIAN_POINT('',(-1.016,-13.97,0.));
#1173 = LINE('',#1174,#1175);
#1174 = CARTESIAN_POINT('',(-1.27,-13.716,0.));
#1175 = VECTOR('',#1176,1.);
#1176 = DIRECTION('',(0.707106781187,-0.707106781187,0.));
#1177 = ORIENTED_EDGE('',*,*,#1178,.T.);
#1178 = EDGE_CURVE('',#1171,#1179,#1181,.T.);
#1179 = VERTEX_POINT('',#1180);
#1180 = CARTESIAN_POINT('',(1.016,-13.97,0.));
#1181 = LINE('',#1182,#1183);
#1182 = CARTESIAN_POINT('',(-1.016,-13.97,0.));
#1183 = VECTOR('',#1184,1.);
#1184 = DIRECTION('',(1.,0.,0.));
#1185 = ORIENTED_EDGE('',*,*,#1186,.T.);
#1186 = EDGE_CURVE('',#1179,#1187,#1189,.T.);
#1187 = VERTEX_POINT('',#1188);
#1188 = CARTESIAN_POINT('',(1.27,-13.716,0.));
#1189 = LINE('',#1190,#1191);
#1190 = CARTESIAN_POINT('',(1.016,-13.97,0.));
#1191 = VECTOR('',#1192,1.);
#1192 = DIRECTION('',(0.707106781187,0.707106781187,0.));
#1193 = ORIENTED_EDGE('',*,*,#1194,.T.);
#1194 = EDGE_CURVE('',#1187,#1195,#1197,.T.);
#1195 = VERTEX_POINT('',#1196);
#1196 = CARTESIAN_POINT('',(1.27,-11.684,0.));
#1197 = LINE('',#1198,#1199);
#1198 = CARTESIAN_POINT('',(1.27,-13.716,0.));
#1199 = VECTOR('',#1200,1.);
#1200 = DIRECTION('',(0.,1.,0.));
#1201 = ORIENTED_EDGE('',*,*,#1202,.T.);
#1202 = EDGE_CURVE('',#1195,#1203,#1205,.T.);
#1203 = VERTEX_POINT('',#1204);
#1204 = CARTESIAN_POINT('',(1.016,-11.43,0.));
#1205 = LINE('',#1206,#1207);
#1206 = CARTESIAN_POINT('',(1.27,-11.684,0.));
#1207 = VECTOR('',#1208,1.);
#1208 = DIRECTION('',(-0.707106781187,0.707106781187,0.));
#1209 = ORIENTED_EDGE('',*,*,#1210,.T.);
#1210 = EDGE_CURVE('',#1203,#1211,#1213,.T.);
#1211 = VERTEX_POINT('',#1212);
#1212 = CARTESIAN_POINT('',(1.27,-11.176,0.));
#1213 = LINE('',#1214,#1215);
#1214 = CARTESIAN_POINT('',(1.016,-11.43,0.));
#1215 = VECTOR('',#1216,1.);
#1216 = DIRECTION('',(0.707106781187,0.707106781187,0.));
#1217 = ORIENTED_EDGE('',*,*,#1218,.T.);
#1218 = EDGE_CURVE('',#1211,#1219,#1221,.T.);
#1219 = VERTEX_POINT('',#1220);
#1220 = CARTESIAN_POINT('',(1.27,-9.144,0.));
#1221 = LINE('',#1222,#1223);
#1222 = CARTESIAN_POINT('',(1.27,-11.176,0.));
#1223 = VECTOR('',#1224,1.);
#1224 = DIRECTION('',(0.,1.,0.));
#1225 = ORIENTED_EDGE('',*,*,#1226,.T.);
#1226 = EDGE_CURVE('',#1219,#1227,#1229,.T.);
#1227 = VERTEX_POINT('',#1228);
#1228 = CARTESIAN_POINT('',(1.016,-8.89,0.));
#1229 = LINE('',#1230,#1231);
#1230 = CARTESIAN_POINT('',(1.27,-9.144,0.));
#1231 = VECTOR('',#1232,1.);
#1232 = DIRECTION('',(-0.707106781187,0.707106781187,0.));
#1233 = ORIENTED_EDGE('',*,*,#1234,.T.);
#1234 = EDGE_CURVE('',#1227,#1235,#1237,.T.);
#1235 = VERTEX_POINT('',#1236);
#1236 = CARTESIAN_POINT('',(1.27,-8.636,0.));
#1237 = LINE('',#1238,#1239);
#1238 = CARTESIAN_POINT('',(1.016,-8.89,0.));
#1239 = VECTOR('',#1240,1.);
#1240 = DIRECTION('',(0.707106781187,0.707106781187,0.));
#1241 = ORIENTED_EDGE('',*,*,#1242,.T.);
#1242 = EDGE_CURVE('',#1235,#1243,#1245,.T.);
#1243 = VERTEX_POINT('',#1244);
#1244 = CARTESIAN_POINT('',(1.27,-6.604,0.));
#1245 = LINE('',#1246,#1247);
#1246 = CARTESIAN_POINT('',(1.27,-8.636,0.));
#1247 = VECTOR('',#1248,1.);
#1248 = DIRECTION('',(0.,1.,0.));
#1249 = ORIENTED_EDGE('',*,*,#1250,.T.);
#1250 = EDGE_CURVE('',#1243,#1251,#1253,.T.);
#1251 = VERTEX_POINT('',#1252);
#1252 = CARTESIAN_POINT('',(1.016,-6.35,0.));
#1253 = LINE('',#1254,#1255);
#1254 = CARTESIAN_POINT('',(1.27,-6.604,0.));
#1255 = VECTOR('',#1256,1.);
#1256 = DIRECTION('',(-0.707106781187,0.707106781187,0.));
#1257 = ORIENTED_EDGE('',*,*,#1258,.T.);
#1258 = EDGE_CURVE('',#1251,#1259,#1261,.T.);
#1259 = VERTEX_POINT('',#1260);
#1260 = CARTESIAN_POINT('',(1.27,-6.096,0.));
#1261 = LINE('',#1262,#1263);
#1262 = CARTESIAN_POINT('',(1.016,-6.35,0.));
#1263 = VECTOR('',#1264,1.);
#1264 = DIRECTION('',(0.707106781187,0.707106781187,0.));
#1265 = ORIENTED_EDGE('',*,*,#1266,.T.);
#1266 = EDGE_CURVE('',#1259,#1267,#1269,.T.);
#1267 = VERTEX_POINT('',#1268);
#1268 = CARTESIAN_POINT('',(1.27,-4.064,0.));
#1269 = LINE('',#1270,#1271);
#1270 = CARTESIAN_POINT('',(1.27,-6.096,0.));
#1271 = VECTOR('',#1272,1.);
#1272 = DIRECTION('',(0.,1.,0.));
#1273 = ORIENTED_EDGE('',*,*,#1274,.T.);
#1274 = EDGE_CURVE('',#1267,#1275,#1277,.T.);
#1275 = VERTEX_POINT('',#1276);
#1276 = CARTESIAN_POINT('',(1.016,-3.81,0.));
#1277 = LINE('',#1278,#1279);
#1278 = CARTESIAN_POINT('',(1.27,-4.064,0.));
#1279 = VECTOR('',#1280,1.);
#1280 = DIRECTION('',(-0.707106781187,0.707106781187,0.));
#1281 = ORIENTED_EDGE('',*,*,#1282,.T.);
#1282 = EDGE_CURVE('',#1275,#1283,#1285,.T.);
#1283 = VERTEX_POINT('',#1284);
#1284 = CARTESIAN_POINT('',(1.27,-3.556,0.));
#1285 = LINE('',#1286,#1287);
#1286 = CARTESIAN_POINT('',(1.016,-3.81,0.));
#1287 = VECTOR('',#1288,1.);
#1288 = DIRECTION('',(0.707106781187,0.707106781187,0.));
#1289 = ORIENTED_EDGE('',*,*,#1290,.T.);
#1290 = EDGE_CURVE('',#1283,#1291,#1293,.T.);
#1291 = VERTEX_POINT('',#1292);
#1292 = CARTESIAN_POINT('',(1.27,-1.524,0.));
#1293 = LINE('',#1294,#1295);
#1294 = CARTESIAN_POINT('',(1.27,-3.556,0.));
#1295 = VECTOR('',#1296,1.);
#1296 = DIRECTION('',(0.,1.,0.));
#1297 = ORIENTED_EDGE('',*,*,#1298,.T.);
#1298 = EDGE_CURVE('',#1291,#1299,#1301,.T.);
#1299 = VERTEX_POINT('',#1300);
#1300 = CARTESIAN_POINT('',(1.016,-1.27,0.));
#1301 = LINE('',#1302,#1303);
#1302 = CARTESIAN_POINT('',(1.27,-1.524,0.));
#1303 = VECTOR('',#1304,1.);
#1304 = DIRECTION('',(-0.707106781187,0.707106781187,0.));
#1305 = ORIENTED_EDGE('',*,*,#1306,.T.);
#1306 = EDGE_CURVE('',#1299,#1307,#1309,.T.);
#1307 = VERTEX_POINT('',#1308);
#1308 = CARTESIAN_POINT('',(1.27,-1.016,0.));
#1309 = LINE('',#1310,#1311);
#1310 = CARTESIAN_POINT('',(1.016,-1.27,0.));
#1311 = VECTOR('',#1312,1.);
#1312 = DIRECTION('',(0.707106781187,0.707106781187,0.));
#1313 = ORIENTED_EDGE('',*,*,#1314,.T.);
#1314 = EDGE_CURVE('',#1307,#1315,#1317,.T.);
#1315 = VERTEX_POINT('',#1316);
#1316 = CARTESIAN_POINT('',(1.27,1.016,0.));
#1317 = LINE('',#1318,#1319);
#1318 = CARTESIAN_POINT('',(1.27,-1.016,0.));
#1319 = VECTOR('',#1320,1.);
#1320 = DIRECTION('',(0.,1.,0.));
#1321 = ORIENTED_EDGE('',*,*,#1322,.T.);
#1322 = EDGE_CURVE('',#1315,#987,#1323,.T.);
#1323 = LINE('',#1324,#1325);
#1324 = CARTESIAN_POINT('',(1.27,1.016,0.));
#1325 = VECTOR('',#1326,1.);
#1326 = DIRECTION('',(-0.707106781187,0.707106781187,0.));
#1327 = ORIENTED_EDGE('',*,*,#1003,.T.);
#1328 = FACE_BOUND('',#1329,.F.);
#1329 = EDGE_LOOP('',(#1330,#1340,#1348,#1356));
#1330 = ORIENTED_EDGE('',*,*,#1331,.F.);
#1331 = EDGE_CURVE('',#1332,#1334,#1336,.T.);
#1332 = VERTEX_POINT('',#1333);
#1333 = CARTESIAN_POINT('',(0.32,-0.32,0.));
#1334 = VERTEX_POINT('',#1335);
#1335 = CARTESIAN_POINT('',(0.32,0.32,0.));
#1336 = LINE('',#1337,#1338);
#1337 = CARTESIAN_POINT('',(0.32,-3.335,0.));
#1338 = VECTOR('',#1339,1.);
#1339 = DIRECTION('',(0.,1.,0.));
#1340 = ORIENTED_EDGE('',*,*,#1341,.T.);
#1341 = EDGE_CURVE('',#1332,#1342,#1344,.T.);
#1342 = VERTEX_POINT('',#1343);
#1343 = CARTESIAN_POINT('',(-0.32,-0.32,0.));
#1344 = LINE('',#1345,#1346);
#1345 = CARTESIAN_POINT('',(-0.16,-0.32,0.));
#1346 = VECTOR('',#1347,1.);
#1347 = DIRECTION('',(-1.,0.,0.));
#1348 = ORIENTED_EDGE('',*,*,#1349,.T.);
#1349 = EDGE_CURVE('',#1342,#1350,#1352,.T.);
#1350 = VERTEX_POINT('',#1351);
#1351 = CARTESIAN_POINT('',(-0.32,0.32,0.));
#1352 = LINE('',#1353,#1354);
#1353 = CARTESIAN_POINT('',(-0.32,-3.335,0.));
#1354 = VECTOR('',#1355,1.);
#1355 = DIRECTION('',(0.,1.,0.));
#1356 = ORIENTED_EDGE('',*,*,#1357,.F.);
#1357 = EDGE_CURVE('',#1334,#1350,#1358,.T.);
#1358 = LINE('',#1359,#1360);
#1359 = CARTESIAN_POINT('',(-0.16,0.32,0.));
#1360 = VECTOR('',#1361,1.);
#1361 = DIRECTION('',(-1.,0.,0.));
#1362 = FACE_BOUND('',#1363,.F.);
#1363 = EDGE_LOOP('',(#1364,#1374,#1382,#1390));
#1364 = ORIENTED_EDGE('',*,*,#1365,.F.);
#1365 = EDGE_CURVE('',#1366,#1368,#1370,.T.);
#1366 = VERTEX_POINT('',#1367);
#1367 = CARTESIAN_POINT('',(0.32,-5.4,0.));
#1368 = VERTEX_POINT('',#1369);
#1369 = CARTESIAN_POINT('',(0.32,-4.76,0.));
#1370 = LINE('',#1371,#1372);
#1371 = CARTESIAN_POINT('',(0.32,-5.875,0.));
#1372 = VECTOR('',#1373,1.);
#1373 = DIRECTION('',(0.,1.,0.));
#1374 = ORIENTED_EDGE('',*,*,#1375,.T.);
#1375 = EDGE_CURVE('',#1366,#1376,#1378,.T.);
#1376 = VERTEX_POINT('',#1377);
#1377 = CARTESIAN_POINT('',(-0.32,-5.4,0.));
#1378 = LINE('',#1379,#1380);
#1379 = CARTESIAN_POINT('',(-0.16,-5.4,0.));
#1380 = VECTOR('',#1381,1.);
#1381 = DIRECTION('',(-1.,0.,0.));
#1382 = ORIENTED_EDGE('',*,*,#1383,.T.);
#1383 = EDGE_CURVE('',#1376,#1384,#1386,.T.);
#1384 = VERTEX_POINT('',#1385);
#1385 = CARTESIAN_POINT('',(-0.32,-4.76,0.));
#1386 = LINE('',#1387,#1388);
#1387 = CARTESIAN_POINT('',(-0.32,-5.875,0.));
#1388 = VECTOR('',#1389,1.);
#1389 = DIRECTION('',(0.,1.,0.));
#1390 = ORIENTED_EDGE('',*,*,#1391,.F.);
#1391 = EDGE_CURVE('',#1368,#1384,#1392,.T.);
#1392 = LINE('',#1393,#1394);
#1393 = CARTESIAN_POINT('',(-0.16,-4.76,0.));
#1394 = VECTOR('',#1395,1.);
#1395 = DIRECTION('',(-1.,0.,0.));
#1396 = FACE_BOUND('',#1397,.F.);
#1397 = EDGE_LOOP('',(#1398,#1408,#1416,#1424));
#1398 = ORIENTED_EDGE('',*,*,#1399,.F.);
#1399 = EDGE_CURVE('',#1400,#1402,#1404,.T.);
#1400 = VERTEX_POINT('',#1401);
#1401 = CARTESIAN_POINT('',(0.32,-2.86,0.));
#1402 = VERTEX_POINT('',#1403);
#1403 = CARTESIAN_POINT('',(0.32,-2.22,0.));
#1404 = LINE('',#1405,#1406);
#1405 = CARTESIAN_POINT('',(0.32,-4.605,0.));
#1406 = VECTOR('',#1407,1.);
#1407 = DIRECTION('',(0.,1.,0.));
#1408 = ORIENTED_EDGE('',*,*,#1409,.T.);
#1409 = EDGE_CURVE('',#1400,#1410,#1412,.T.);
#1410 = VERTEX_POINT('',#1411);
#1411 = CARTESIAN_POINT('',(-0.32,-2.86,0.));
#1412 = LINE('',#1413,#1414);
#1413 = CARTESIAN_POINT('',(-0.16,-2.86,0.));
#1414 = VECTOR('',#1415,1.);
#1415 = DIRECTION('',(-1.,0.,0.));
#1416 = ORIENTED_EDGE('',*,*,#1417,.T.);
#1417 = EDGE_CURVE('',#1410,#1418,#1420,.T.);
#1418 = VERTEX_POINT('',#1419);
#1419 = CARTESIAN_POINT('',(-0.32,-2.22,0.));
#1420 = LINE('',#1421,#1422);
#1421 = CARTESIAN_POINT('',(-0.32,-4.605,0.));
#1422 = VECTOR('',#1423,1.);
#1423 = DIRECTION('',(0.,1.,0.));
#1424 = ORIENTED_EDGE('',*,*,#1425,.F.);
#1425 = EDGE_CURVE('',#1402,#1418,#1426,.T.);
#1426 = LINE('',#1427,#1428);
#1427 = CARTESIAN_POINT('',(-0.16,-2.22,0.));
#1428 = VECTOR('',#1429,1.);
#1429 = DIRECTION('',(-1.,0.,0.));
#1430 = FACE_BOUND('',#1431,.F.);
#1431 = EDGE_LOOP('',(#1432,#1442,#1450,#1458));
#1432 = ORIENTED_EDGE('',*,*,#1433,.T.);
#1433 = EDGE_CURVE('',#1434,#1436,#1438,.T.);
#1434 = VERTEX_POINT('',#1435);
#1435 = CARTESIAN_POINT('',(0.32,-13.02,0.));
#1436 = VERTEX_POINT('',#1437);
#1437 = CARTESIAN_POINT('',(-0.32,-13.02,0.));
#1438 = LINE('',#1439,#1440);
#1439 = CARTESIAN_POINT('',(-0.16,-13.02,0.));
#1440 = VECTOR('',#1441,1.);
#1441 = DIRECTION('',(-1.,0.,0.));
#1442 = ORIENTED_EDGE('',*,*,#1443,.T.);
#1443 = EDGE_CURVE('',#1436,#1444,#1446,.T.);
#1444 = VERTEX_POINT('',#1445);
#1445 = CARTESIAN_POINT('',(-0.32,-12.38,0.));
#1446 = LINE('',#1447,#1448);
#1447 = CARTESIAN_POINT('',(-0.32,-9.685,0.));
#1448 = VECTOR('',#1449,1.);
#1449 = DIRECTION('',(0.,1.,0.));
#1450 = ORIENTED_EDGE('',*,*,#1451,.F.);
#1451 = EDGE_CURVE('',#1452,#1444,#1454,.T.);
#1452 = VERTEX_POINT('',#1453);
#1453 = CARTESIAN_POINT('',(0.32,-12.38,0.));
#1454 = LINE('',#1455,#1456);
#1455 = CARTESIAN_POINT('',(-0.16,-12.38,0.));
#1456 = VECTOR('',#1457,1.);
#1457 = DIRECTION('',(-1.,0.,0.));
#1458 = ORIENTED_EDGE('',*,*,#1459,.F.);
#1459 = EDGE_CURVE('',#1434,#1452,#1460,.T.);
#1460 = LINE('',#1461,#1462);
#1461 = CARTESIAN_POINT('',(0.32,-9.685,0.));
#1462 = VECTOR('',#1463,1.);
#1463 = DIRECTION('',(0.,1.,0.));
#1464 = FACE_BOUND('',#1465,.F.);
#1465 = EDGE_LOOP('',(#1466,#1476,#1484,#1492));
#1466 = ORIENTED_EDGE('',*,*,#1467,.F.);
#1467 = EDGE_CURVE('',#1468,#1470,#1472,.T.);
#1468 = VERTEX_POINT('',#1469);
#1469 = CARTESIAN_POINT('',(0.32,-9.84,0.));
#1470 = VERTEX_POINT('',#1471);
#1471 = CARTESIAN_POINT('',(-0.32,-9.84,0.));
#1472 = LINE('',#1473,#1474);
#1473 = CARTESIAN_POINT('',(-0.16,-9.84,0.));
#1474 = VECTOR('',#1475,1.);
#1475 = DIRECTION('',(-1.,0.,0.));
#1476 = ORIENTED_EDGE('',*,*,#1477,.F.);
#1477 = EDGE_CURVE('',#1478,#1468,#1480,.T.);
#1478 = VERTEX_POINT('',#1479);
#1479 = CARTESIAN_POINT('',(0.32,-10.48,0.));
#1480 = LINE('',#1481,#1482);
#1481 = CARTESIAN_POINT('',(0.32,-8.415,0.));
#1482 = VECTOR('',#1483,1.);
#1483 = DIRECTION('',(0.,1.,0.));
#1484 = ORIENTED_EDGE('',*,*,#1485,.T.);
#1485 = EDGE_CURVE('',#1478,#1486,#1488,.T.);
#1486 = VERTEX_POINT('',#1487);
#1487 = CARTESIAN_POINT('',(-0.32,-10.48,0.));
#1488 = LINE('',#1489,#1490);
#1489 = CARTESIAN_POINT('',(-0.16,-10.48,0.));
#1490 = VECTOR('',#1491,1.);
#1491 = DIRECTION('',(-1.,0.,0.));
#1492 = ORIENTED_EDGE('',*,*,#1493,.T.);
#1493 = EDGE_CURVE('',#1486,#1470,#1494,.T.);
#1494 = LINE('',#1495,#1496);
#1495 = CARTESIAN_POINT('',(-0.32,-8.415,0.));
#1496 = VECTOR('',#1497,1.);
#1497 = DIRECTION('',(0.,1.,0.));
#1498 = FACE_BOUND('',#1499,.F.);
#1499 = EDGE_LOOP('',(#1500,#1510,#1518,#1526));
#1500 = ORIENTED_EDGE('',*,*,#1501,.T.);
#1501 = EDGE_CURVE('',#1502,#1504,#1506,.T.);
#1502 = VERTEX_POINT('',#1503);
#1503 = CARTESIAN_POINT('',(0.32,-7.94,0.));
#1504 = VERTEX_POINT('',#1505);
#1505 = CARTESIAN_POINT('',(-0.32,-7.94,0.));
#1506 = LINE('',#1507,#1508);
#1507 = CARTESIAN_POINT('',(-0.16,-7.94,0.));
#1508 = VECTOR('',#1509,1.);
#1509 = DIRECTION('',(-1.,0.,0.));
#1510 = ORIENTED_EDGE('',*,*,#1511,.T.);
#1511 = EDGE_CURVE('',#1504,#1512,#1514,.T.);
#1512 = VERTEX_POINT('',#1513);
#1513 = CARTESIAN_POINT('',(-0.32,-7.3,0.));
#1514 = LINE('',#1515,#1516);
#1515 = CARTESIAN_POINT('',(-0.32,-7.145,0.));
#1516 = VECTOR('',#1517,1.);
#1517 = DIRECTION('',(0.,1.,0.));
#1518 = ORIENTED_EDGE('',*,*,#1519,.F.);
#1519 = EDGE_CURVE('',#1520,#1512,#1522,.T.);
#1520 = VERTEX_POINT('',#1521);
#1521 = CARTESIAN_POINT('',(0.32,-7.3,0.));
#1522 = LINE('',#1523,#1524);
#1523 = CARTESIAN_POINT('',(-0.16,-7.3,0.));
#1524 = VECTOR('',#1525,1.);
#1525 = DIRECTION('',(-1.,0.,0.));
#1526 = ORIENTED_EDGE('',*,*,#1527,.F.);
#1527 = EDGE_CURVE('',#1502,#1520,#1528,.T.);
#1528 = LINE('',#1529,#1530);
#1529 = CARTESIAN_POINT('',(0.32,-7.145,0.));
#1530 = VECTOR('',#1531,1.);
#1531 = DIRECTION('',(0.,1.,0.));
#1532 = PLANE('',#1533);
#1533 = AXIS2_PLACEMENT_3D('',#1534,#1535,#1536);
#1534 = CARTESIAN_POINT('',(-1.797008255889E-17,-6.35,0.));
#1535 = DIRECTION('',(0.,0.,1.));
#1536 = DIRECTION('',(1.,0.,-0.));
#1537 = ADVANCED_FACE('',(#1538,#1821,#1855,#1889,#1923,#1957,#1991),
  #2025,.T.);
#1538 = FACE_BOUND('',#1539,.T.);
#1539 = EDGE_LOOP('',(#1540,#1541,#1542,#1550,#1558,#1566,#1574,#1582,
    #1590,#1598,#1606,#1614,#1622,#1630,#1638,#1646,#1654,#1662,#1670,
    #1678,#1686,#1694,#1702,#1710,#1718,#1726,#1734,#1742,#1750,#1758,
    #1766,#1774,#1782,#1790,#1798,#1806,#1814,#1820));
#1540 = ORIENTED_EDGE('',*,*,#956,.T.);
#1541 = ORIENTED_EDGE('',*,*,#1018,.T.);
#1542 = ORIENTED_EDGE('',*,*,#1543,.T.);
#1543 = EDGE_CURVE('',#1019,#1544,#1546,.T.);
#1544 = VERTEX_POINT('',#1545);
#1545 = CARTESIAN_POINT('',(-1.016,-1.27,2.54));
#1546 = LINE('',#1547,#1548);
#1547 = CARTESIAN_POINT('',(-1.27,-1.016,2.54));
#1548 = VECTOR('',#1549,1.);
#1549 = DIRECTION('',(0.707106781187,-0.707106781187,0.));
#1550 = ORIENTED_EDGE('',*,*,#1551,.T.);
#1551 = EDGE_CURVE('',#1544,#1552,#1554,.T.);
#1552 = VERTEX_POINT('',#1553);
#1553 = CARTESIAN_POINT('',(-1.27,-1.524,2.54));
#1554 = LINE('',#1555,#1556);
#1555 = CARTESIAN_POINT('',(-1.016,-1.27,2.54));
#1556 = VECTOR('',#1557,1.);
#1557 = DIRECTION('',(-0.707106781187,-0.707106781187,0.));
#1558 = ORIENTED_EDGE('',*,*,#1559,.T.);
#1559 = EDGE_CURVE('',#1552,#1560,#1562,.T.);
#1560 = VERTEX_POINT('',#1561);
#1561 = CARTESIAN_POINT('',(-1.27,-3.556,2.54));
#1562 = LINE('',#1563,#1564);
#1563 = CARTESIAN_POINT('',(-1.27,-1.524,2.54));
#1564 = VECTOR('',#1565,1.);
#1565 = DIRECTION('',(0.,-1.,0.));
#1566 = ORIENTED_EDGE('',*,*,#1567,.T.);
#1567 = EDGE_CURVE('',#1560,#1568,#1570,.T.);
#1568 = VERTEX_POINT('',#1569);
#1569 = CARTESIAN_POINT('',(-1.016,-3.81,2.54));
#1570 = LINE('',#1571,#1572);
#1571 = CARTESIAN_POINT('',(-1.27,-3.556,2.54));
#1572 = VECTOR('',#1573,1.);
#1573 = DIRECTION('',(0.707106781187,-0.707106781187,0.));
#1574 = ORIENTED_EDGE('',*,*,#1575,.T.);
#1575 = EDGE_CURVE('',#1568,#1576,#1578,.T.);
#1576 = VERTEX_POINT('',#1577);
#1577 = CARTESIAN_POINT('',(-1.27,-4.064,2.54));
#1578 = LINE('',#1579,#1580);
#1579 = CARTESIAN_POINT('',(-1.016,-3.81,2.54));
#1580 = VECTOR('',#1581,1.);
#1581 = DIRECTION('',(-0.707106781187,-0.707106781187,0.));
#1582 = ORIENTED_EDGE('',*,*,#1583,.T.);
#1583 = EDGE_CURVE('',#1576,#1584,#1586,.T.);
#1584 = VERTEX_POINT('',#1585);
#1585 = CARTESIAN_POINT('',(-1.27,-6.096,2.54));
#1586 = LINE('',#1587,#1588);
#1587 = CARTESIAN_POINT('',(-1.27,-4.064,2.54));
#1588 = VECTOR('',#1589,1.);
#1589 = DIRECTION('',(0.,-1.,0.));
#1590 = ORIENTED_EDGE('',*,*,#1591,.T.);
#1591 = EDGE_CURVE('',#1584,#1592,#1594,.T.);
#1592 = VERTEX_POINT('',#1593);
#1593 = CARTESIAN_POINT('',(-1.016,-6.35,2.54));
#1594 = LINE('',#1595,#1596);
#1595 = CARTESIAN_POINT('',(-1.27,-6.096,2.54));
#1596 = VECTOR('',#1597,1.);
#1597 = DIRECTION('',(0.707106781187,-0.707106781187,0.));
#1598 = ORIENTED_EDGE('',*,*,#1599,.T.);
#1599 = EDGE_CURVE('',#1592,#1600,#1602,.T.);
#1600 = VERTEX_POINT('',#1601);
#1601 = CARTESIAN_POINT('',(-1.27,-6.604,2.54));
#1602 = LINE('',#1603,#1604);
#1603 = CARTESIAN_POINT('',(-1.016,-6.35,2.54));
#1604 = VECTOR('',#1605,1.);
#1605 = DIRECTION('',(-0.707106781187,-0.707106781187,0.));
#1606 = ORIENTED_EDGE('',*,*,#1607,.T.);
#1607 = EDGE_CURVE('',#1600,#1608,#1610,.T.);
#1608 = VERTEX_POINT('',#1609);
#1609 = CARTESIAN_POINT('',(-1.27,-8.636,2.54));
#1610 = LINE('',#1611,#1612);
#1611 = CARTESIAN_POINT('',(-1.27,-6.604,2.54));
#1612 = VECTOR('',#1613,1.);
#1613 = DIRECTION('',(0.,-1.,0.));
#1614 = ORIENTED_EDGE('',*,*,#1615,.T.);
#1615 = EDGE_CURVE('',#1608,#1616,#1618,.T.);
#1616 = VERTEX_POINT('',#1617);
#1617 = CARTESIAN_POINT('',(-1.016,-8.89,2.54));
#1618 = LINE('',#1619,#1620);
#1619 = CARTESIAN_POINT('',(-1.27,-8.636,2.54));
#1620 = VECTOR('',#1621,1.);
#1621 = DIRECTION('',(0.707106781187,-0.707106781187,0.));
#1622 = ORIENTED_EDGE('',*,*,#1623,.T.);
#1623 = EDGE_CURVE('',#1616,#1624,#1626,.T.);
#1624 = VERTEX_POINT('',#1625);
#1625 = CARTESIAN_POINT('',(-1.27,-9.144,2.54));
#1626 = LINE('',#1627,#1628);
#1627 = CARTESIAN_POINT('',(-1.016,-8.89,2.54));
#1628 = VECTOR('',#1629,1.);
#1629 = DIRECTION('',(-0.707106781187,-0.707106781187,0.));
#1630 = ORIENTED_EDGE('',*,*,#1631,.T.);
#1631 = EDGE_CURVE('',#1624,#1632,#1634,.T.);
#1632 = VERTEX_POINT('',#1633);
#1633 = CARTESIAN_POINT('',(-1.27,-11.176,2.54));
#1634 = LINE('',#1635,#1636);
#1635 = CARTESIAN_POINT('',(-1.27,-9.144,2.54));
#1636 = VECTOR('',#1637,1.);
#1637 = DIRECTION('',(0.,-1.,0.));
#1638 = ORIENTED_EDGE('',*,*,#1639,.T.);
#1639 = EDGE_CURVE('',#1632,#1640,#1642,.T.);
#1640 = VERTEX_POINT('',#1641);
#1641 = CARTESIAN_POINT('',(-1.016,-11.43,2.54));
#1642 = LINE('',#1643,#1644);
#1643 = CARTESIAN_POINT('',(-1.27,-11.176,2.54));
#1644 = VECTOR('',#1645,1.);
#1645 = DIRECTION('',(0.707106781187,-0.707106781187,0.));
#1646 = ORIENTED_EDGE('',*,*,#1647,.T.);
#1647 = EDGE_CURVE('',#1640,#1648,#1650,.T.);
#1648 = VERTEX_POINT('',#1649);
#1649 = CARTESIAN_POINT('',(-1.27,-11.684,2.54));
#1650 = LINE('',#1651,#1652);
#1651 = CARTESIAN_POINT('',(-1.016,-11.43,2.54));
#1652 = VECTOR('',#1653,1.);
#1653 = DIRECTION('',(-0.707106781187,-0.707106781187,0.));
#1654 = ORIENTED_EDGE('',*,*,#1655,.T.);
#1655 = EDGE_CURVE('',#1648,#1656,#1658,.T.);
#1656 = VERTEX_POINT('',#1657);
#1657 = CARTESIAN_POINT('',(-1.27,-13.716,2.54));
#1658 = LINE('',#1659,#1660);
#1659 = CARTESIAN_POINT('',(-1.27,-11.684,2.54));
#1660 = VECTOR('',#1661,1.);
#1661 = DIRECTION('',(0.,-1.,0.));
#1662 = ORIENTED_EDGE('',*,*,#1663,.T.);
#1663 = EDGE_CURVE('',#1656,#1664,#1666,.T.);
#1664 = VERTEX_POINT('',#1665);
#1665 = CARTESIAN_POINT('',(-1.016,-13.97,2.54));
#1666 = LINE('',#1667,#1668);
#1667 = CARTESIAN_POINT('',(-1.27,-13.716,2.54));
#1668 = VECTOR('',#1669,1.);
#1669 = DIRECTION('',(0.707106781187,-0.707106781187,0.));
#1670 = ORIENTED_EDGE('',*,*,#1671,.T.);
#1671 = EDGE_CURVE('',#1664,#1672,#1674,.T.);
#1672 = VERTEX_POINT('',#1673);
#1673 = CARTESIAN_POINT('',(1.016,-13.97,2.54));
#1674 = LINE('',#1675,#1676);
#1675 = CARTESIAN_POINT('',(-1.016,-13.97,2.54));
#1676 = VECTOR('',#1677,1.);
#1677 = DIRECTION('',(1.,0.,0.));
#1678 = ORIENTED_EDGE('',*,*,#1679,.T.);
#1679 = EDGE_CURVE('',#1672,#1680,#1682,.T.);
#1680 = VERTEX_POINT('',#1681);
#1681 = CARTESIAN_POINT('',(1.27,-13.716,2.54));
#1682 = LINE('',#1683,#1684);
#1683 = CARTESIAN_POINT('',(1.016,-13.97,2.54));
#1684 = VECTOR('',#1685,1.);
#1685 = DIRECTION('',(0.707106781187,0.707106781187,0.));
#1686 = ORIENTED_EDGE('',*,*,#1687,.T.);
#1687 = EDGE_CURVE('',#1680,#1688,#1690,.T.);
#1688 = VERTEX_POINT('',#1689);
#1689 = CARTESIAN_POINT('',(1.27,-11.684,2.54));
#1690 = LINE('',#1691,#1692);
#1691 = CARTESIAN_POINT('',(1.27,-13.716,2.54));
#1692 = VECTOR('',#1693,1.);
#1693 = DIRECTION('',(0.,1.,0.));
#1694 = ORIENTED_EDGE('',*,*,#1695,.T.);
#1695 = EDGE_CURVE('',#1688,#1696,#1698,.T.);
#1696 = VERTEX_POINT('',#1697);
#1697 = CARTESIAN_POINT('',(1.016,-11.43,2.54));
#1698 = LINE('',#1699,#1700);
#1699 = CARTESIAN_POINT('',(1.27,-11.684,2.54));
#1700 = VECTOR('',#1701,1.);
#1701 = DIRECTION('',(-0.707106781187,0.707106781187,0.));
#1702 = ORIENTED_EDGE('',*,*,#1703,.T.);
#1703 = EDGE_CURVE('',#1696,#1704,#1706,.T.);
#1704 = VERTEX_POINT('',#1705);
#1705 = CARTESIAN_POINT('',(1.27,-11.176,2.54));
#1706 = LINE('',#1707,#1708);
#1707 = CARTESIAN_POINT('',(1.016,-11.43,2.54));
#1708 = VECTOR('',#1709,1.);
#1709 = DIRECTION('',(0.707106781187,0.707106781187,0.));
#1710 = ORIENTED_EDGE('',*,*,#1711,.T.);
#1711 = EDGE_CURVE('',#1704,#1712,#1714,.T.);
#1712 = VERTEX_POINT('',#1713);
#1713 = CARTESIAN_POINT('',(1.27,-9.144,2.54));
#1714 = LINE('',#1715,#1716);
#1715 = CARTESIAN_POINT('',(1.27,-11.176,2.54));
#1716 = VECTOR('',#1717,1.);
#1717 = DIRECTION('',(0.,1.,0.));
#1718 = ORIENTED_EDGE('',*,*,#1719,.T.);
#1719 = EDGE_CURVE('',#1712,#1720,#1722,.T.);
#1720 = VERTEX_POINT('',#1721);
#1721 = CARTESIAN_POINT('',(1.016,-8.89,2.54));
#1722 = LINE('',#1723,#1724);
#1723 = CARTESIAN_POINT('',(1.27,-9.144,2.54));
#1724 = VECTOR('',#1725,1.);
#1725 = DIRECTION('',(-0.707106781187,0.707106781187,0.));
#1726 = ORIENTED_EDGE('',*,*,#1727,.T.);
#1727 = EDGE_CURVE('',#1720,#1728,#1730,.T.);
#1728 = VERTEX_POINT('',#1729);
#1729 = CARTESIAN_POINT('',(1.27,-8.636,2.54));
#1730 = LINE('',#1731,#1732);
#1731 = CARTESIAN_POINT('',(1.016,-8.89,2.54));
#1732 = VECTOR('',#1733,1.);
#1733 = DIRECTION('',(0.707106781187,0.707106781187,0.));
#1734 = ORIENTED_EDGE('',*,*,#1735,.T.);
#1735 = EDGE_CURVE('',#1728,#1736,#1738,.T.);
#1736 = VERTEX_POINT('',#1737);
#1737 = CARTESIAN_POINT('',(1.27,-6.604,2.54));
#1738 = LINE('',#1739,#1740);
#1739 = CARTESIAN_POINT('',(1.27,-8.636,2.54));
#1740 = VECTOR('',#1741,1.);
#1741 = DIRECTION('',(0.,1.,0.));
#1742 = ORIENTED_EDGE('',*,*,#1743,.T.);
#1743 = EDGE_CURVE('',#1736,#1744,#1746,.T.);
#1744 = VERTEX_POINT('',#1745);
#1745 = CARTESIAN_POINT('',(1.016,-6.35,2.54));
#1746 = LINE('',#1747,#1748);
#1747 = CARTESIAN_POINT('',(1.27,-6.604,2.54));
#1748 = VECTOR('',#1749,1.);
#1749 = DIRECTION('',(-0.707106781187,0.707106781187,0.));
#1750 = ORIENTED_EDGE('',*,*,#1751,.T.);
#1751 = EDGE_CURVE('',#1744,#1752,#1754,.T.);
#1752 = VERTEX_POINT('',#1753);
#1753 = CARTESIAN_POINT('',(1.27,-6.096,2.54));
#1754 = LINE('',#1755,#1756);
#1755 = CARTESIAN_POINT('',(1.016,-6.35,2.54));
#1756 = VECTOR('',#1757,1.);
#1757 = DIRECTION('',(0.707106781187,0.707106781187,0.));
#1758 = ORIENTED_EDGE('',*,*,#1759,.T.);
#1759 = EDGE_CURVE('',#1752,#1760,#1762,.T.);
#1760 = VERTEX_POINT('',#1761);
#1761 = CARTESIAN_POINT('',(1.27,-4.064,2.54));
#1762 = LINE('',#1763,#1764);
#1763 = CARTESIAN_POINT('',(1.27,-6.096,2.54));
#1764 = VECTOR('',#1765,1.);
#1765 = DIRECTION('',(0.,1.,0.));
#1766 = ORIENTED_EDGE('',*,*,#1767,.T.);
#1767 = EDGE_CURVE('',#1760,#1768,#1770,.T.);
#1768 = VERTEX_POINT('',#1769);
#1769 = CARTESIAN_POINT('',(1.016,-3.81,2.54));
#1770 = LINE('',#1771,#1772);
#1771 = CARTESIAN_POINT('',(1.27,-4.064,2.54));
#1772 = VECTOR('',#1773,1.);
#1773 = DIRECTION('',(-0.707106781187,0.707106781187,0.));
#1774 = ORIENTED_EDGE('',*,*,#1775,.T.);
#1775 = EDGE_CURVE('',#1768,#1776,#1778,.T.);
#1776 = VERTEX_POINT('',#1777);
#1777 = CARTESIAN_POINT('',(1.27,-3.556,2.54));
#1778 = LINE('',#1779,#1780);
#1779 = CARTESIAN_POINT('',(1.016,-3.81,2.54));
#1780 = VECTOR('',#1781,1.);
#1781 = DIRECTION('',(0.707106781187,0.707106781187,0.));
#1782 = ORIENTED_EDGE('',*,*,#1783,.T.);
#1783 = EDGE_CURVE('',#1776,#1784,#1786,.T.);
#1784 = VERTEX_POINT('',#1785);
#1785 = CARTESIAN_POINT('',(1.27,-1.524,2.54));
#1786 = LINE('',#1787,#1788);
#1787 = CARTESIAN_POINT('',(1.27,-3.556,2.54));
#1788 = VECTOR('',#1789,1.);
#1789 = DIRECTION('',(0.,1.,0.));
#1790 = ORIENTED_EDGE('',*,*,#1791,.T.);
#1791 = EDGE_CURVE('',#1784,#1792,#1794,.T.);
#1792 = VERTEX_POINT('',#1793);
#1793 = CARTESIAN_POINT('',(1.016,-1.27,2.54));
#1794 = LINE('',#1795,#1796);
#1795 = CARTESIAN_POINT('',(1.27,-1.524,2.54));
#1796 = VECTOR('',#1797,1.);
#1797 = DIRECTION('',(-0.707106781187,0.707106781187,0.));
#1798 = ORIENTED_EDGE('',*,*,#1799,.T.);
#1799 = EDGE_CURVE('',#1792,#1800,#1802,.T.);
#1800 = VERTEX_POINT('',#1801);
#1801 = CARTESIAN_POINT('',(1.27,-1.016,2.54));
#1802 = LINE('',#1803,#1804);
#1803 = CARTESIAN_POINT('',(1.016,-1.27,2.54));
#1804 = VECTOR('',#1805,1.);
#1805 = DIRECTION('',(0.707106781187,0.707106781187,0.));
#1806 = ORIENTED_EDGE('',*,*,#1807,.T.);
#1807 = EDGE_CURVE('',#1800,#1808,#1810,.T.);
#1808 = VERTEX_POINT('',#1809);
#1809 = CARTESIAN_POINT('',(1.27,1.016,2.54));
#1810 = LINE('',#1811,#1812);
#1811 = CARTESIAN_POINT('',(1.27,-1.016,2.54));
#1812 = VECTOR('',#1813,1.);
#1813 = DIRECTION('',(0.,1.,0.));
#1814 = ORIENTED_EDGE('',*,*,#1815,.T.);
#1815 = EDGE_CURVE('',#1808,#989,#1816,.T.);
#1816 = LINE('',#1817,#1818);
#1817 = CARTESIAN_POINT('',(1.27,1.016,2.54));
#1818 = VECTOR('',#1819,1.);
#1819 = DIRECTION('',(-0.707106781187,0.707106781187,0.));
#1820 = ORIENTED_EDGE('',*,*,#996,.T.);
#1821 = FACE_BOUND('',#1822,.T.);
#1822 = EDGE_LOOP('',(#1823,#1833,#1841,#1849));
#1823 = ORIENTED_EDGE('',*,*,#1824,.F.);
#1824 = EDGE_CURVE('',#1825,#1827,#1829,.T.);
#1825 = VERTEX_POINT('',#1826);
#1826 = CARTESIAN_POINT('',(0.32,-0.32,2.54));
#1827 = VERTEX_POINT('',#1828);
#1828 = CARTESIAN_POINT('',(0.32,0.32,2.54));
#1829 = LINE('',#1830,#1831);
#1830 = CARTESIAN_POINT('',(0.32,-3.335,2.54));
#1831 = VECTOR('',#1832,1.);
#1832 = DIRECTION('',(0.,1.,0.));
#1833 = ORIENTED_EDGE('',*,*,#1834,.T.);
#1834 = EDGE_CURVE('',#1825,#1835,#1837,.T.);
#1835 = VERTEX_POINT('',#1836);
#1836 = CARTESIAN_POINT('',(-0.32,-0.32,2.54));
#1837 = LINE('',#1838,#1839);
#1838 = CARTESIAN_POINT('',(-0.16,-0.32,2.54));
#1839 = VECTOR('',#1840,1.);
#1840 = DIRECTION('',(-1.,0.,0.));
#1841 = ORIENTED_EDGE('',*,*,#1842,.T.);
#1842 = EDGE_CURVE('',#1835,#1843,#1845,.T.);
#1843 = VERTEX_POINT('',#1844);
#1844 = CARTESIAN_POINT('',(-0.32,0.32,2.54));
#1845 = LINE('',#1846,#1847);
#1846 = CARTESIAN_POINT('',(-0.32,-3.335,2.54));
#1847 = VECTOR('',#1848,1.);
#1848 = DIRECTION('',(0.,1.,0.));
#1849 = ORIENTED_EDGE('',*,*,#1850,.F.);
#1850 = EDGE_CURVE('',#1827,#1843,#1851,.T.);
#1851 = LINE('',#1852,#1853);
#1852 = CARTESIAN_POINT('',(-0.16,0.32,2.54));
#1853 = VECTOR('',#1854,1.);
#1854 = DIRECTION('',(-1.,0.,0.));
#1855 = FACE_BOUND('',#1856,.T.);
#1856 = EDGE_LOOP('',(#1857,#1867,#1875,#1883));
#1857 = ORIENTED_EDGE('',*,*,#1858,.F.);
#1858 = EDGE_CURVE('',#1859,#1861,#1863,.T.);
#1859 = VERTEX_POINT('',#1860);
#1860 = CARTESIAN_POINT('',(0.32,-5.4,2.54));
#1861 = VERTEX_POINT('',#1862);
#1862 = CARTESIAN_POINT('',(0.32,-4.76,2.54));
#1863 = LINE('',#1864,#1865);
#1864 = CARTESIAN_POINT('',(0.32,-5.875,2.54));
#1865 = VECTOR('',#1866,1.);
#1866 = DIRECTION('',(0.,1.,0.));
#1867 = ORIENTED_EDGE('',*,*,#1868,.T.);
#1868 = EDGE_CURVE('',#1859,#1869,#1871,.T.);
#1869 = VERTEX_POINT('',#1870);
#1870 = CARTESIAN_POINT('',(-0.32,-5.4,2.54));
#1871 = LINE('',#1872,#1873);
#1872 = CARTESIAN_POINT('',(-0.16,-5.4,2.54));
#1873 = VECTOR('',#1874,1.);
#1874 = DIRECTION('',(-1.,0.,0.));
#1875 = ORIENTED_EDGE('',*,*,#1876,.T.);
#1876 = EDGE_CURVE('',#1869,#1877,#1879,.T.);
#1877 = VERTEX_POINT('',#1878);
#1878 = CARTESIAN_POINT('',(-0.32,-4.76,2.54));
#1879 = LINE('',#1880,#1881);
#1880 = CARTESIAN_POINT('',(-0.32,-5.875,2.54));
#1881 = VECTOR('',#1882,1.);
#1882 = DIRECTION('',(0.,1.,0.));
#1883 = ORIENTED_EDGE('',*,*,#1884,.F.);
#1884 = EDGE_CURVE('',#1861,#1877,#1885,.T.);
#1885 = LINE('',#1886,#1887);
#1886 = CARTESIAN_POINT('',(-0.16,-4.76,2.54));
#1887 = VECTOR('',#1888,1.);
#1888 = DIRECTION('',(-1.,0.,0.));
#1889 = FACE_BOUND('',#1890,.T.);
#1890 = EDGE_LOOP('',(#1891,#1901,#1909,#1917));
#1891 = ORIENTED_EDGE('',*,*,#1892,.F.);
#1892 = EDGE_CURVE('',#1893,#1895,#1897,.T.);
#1893 = VERTEX_POINT('',#1894);
#1894 = CARTESIAN_POINT('',(0.32,-2.86,2.54));
#1895 = VERTEX_POINT('',#1896);
#1896 = CARTESIAN_POINT('',(0.32,-2.22,2.54));
#1897 = LINE('',#1898,#1899);
#1898 = CARTESIAN_POINT('',(0.32,-4.605,2.54));
#1899 = VECTOR('',#1900,1.);
#1900 = DIRECTION('',(0.,1.,0.));
#1901 = ORIENTED_EDGE('',*,*,#1902,.T.);
#1902 = EDGE_CURVE('',#1893,#1903,#1905,.T.);
#1903 = VERTEX_POINT('',#1904);
#1904 = CARTESIAN_POINT('',(-0.32,-2.86,2.54));
#1905 = LINE('',#1906,#1907);
#1906 = CARTESIAN_POINT('',(-0.16,-2.86,2.54));
#1907 = VECTOR('',#1908,1.);
#1908 = DIRECTION('',(-1.,0.,0.));
#1909 = ORIENTED_EDGE('',*,*,#1910,.T.);
#1910 = EDGE_CURVE('',#1903,#1911,#1913,.T.);
#1911 = VERTEX_POINT('',#1912);
#1912 = CARTESIAN_POINT('',(-0.32,-2.22,2.54));
#1913 = LINE('',#1914,#1915);
#1914 = CARTESIAN_POINT('',(-0.32,-4.605,2.54));
#1915 = VECTOR('',#1916,1.);
#1916 = DIRECTION('',(0.,1.,0.));
#1917 = ORIENTED_EDGE('',*,*,#1918,.F.);
#1918 = EDGE_CURVE('',#1895,#1911,#1919,.T.);
#1919 = LINE('',#1920,#1921);
#1920 = CARTESIAN_POINT('',(-0.16,-2.22,2.54));
#1921 = VECTOR('',#1922,1.);
#1922 = DIRECTION('',(-1.,0.,0.));
#1923 = FACE_BOUND('',#1924,.T.);
#1924 = EDGE_LOOP('',(#1925,#1935,#1943,#1951));
#1925 = ORIENTED_EDGE('',*,*,#1926,.T.);
#1926 = EDGE_CURVE('',#1927,#1929,#1931,.T.);
#1927 = VERTEX_POINT('',#1928);
#1928 = CARTESIAN_POINT('',(0.32,-13.02,2.54));
#1929 = VERTEX_POINT('',#1930);
#1930 = CARTESIAN_POINT('',(-0.32,-13.02,2.54));
#1931 = LINE('',#1932,#1933);
#1932 = CARTESIAN_POINT('',(-0.16,-13.02,2.54));
#1933 = VECTOR('',#1934,1.);
#1934 = DIRECTION('',(-1.,0.,0.));
#1935 = ORIENTED_EDGE('',*,*,#1936,.T.);
#1936 = EDGE_CURVE('',#1929,#1937,#1939,.T.);
#1937 = VERTEX_POINT('',#1938);
#1938 = CARTESIAN_POINT('',(-0.32,-12.38,2.54));
#1939 = LINE('',#1940,#1941);
#1940 = CARTESIAN_POINT('',(-0.32,-9.685,2.54));
#1941 = VECTOR('',#1942,1.);
#1942 = DIRECTION('',(0.,1.,0.));
#1943 = ORIENTED_EDGE('',*,*,#1944,.F.);
#1944 = EDGE_CURVE('',#1945,#1937,#1947,.T.);
#1945 = VERTEX_POINT('',#1946);
#1946 = CARTESIAN_POINT('',(0.32,-12.38,2.54));
#1947 = LINE('',#1948,#1949);
#1948 = CARTESIAN_POINT('',(-0.16,-12.38,2.54));
#1949 = VECTOR('',#1950,1.);
#1950 = DIRECTION('',(-1.,0.,0.));
#1951 = ORIENTED_EDGE('',*,*,#1952,.F.);
#1952 = EDGE_CURVE('',#1927,#1945,#1953,.T.);
#1953 = LINE('',#1954,#1955);
#1954 = CARTESIAN_POINT('',(0.32,-9.685,2.54));
#1955 = VECTOR('',#1956,1.);
#1956 = DIRECTION('',(0.,1.,0.));
#1957 = FACE_BOUND('',#1958,.T.);
#1958 = EDGE_LOOP('',(#1959,#1969,#1977,#1985));
#1959 = ORIENTED_EDGE('',*,*,#1960,.F.);
#1960 = EDGE_CURVE('',#1961,#1963,#1965,.T.);
#1961 = VERTEX_POINT('',#1962);
#1962 = CARTESIAN_POINT('',(0.32,-9.84,2.54));
#1963 = VERTEX_POINT('',#1964);
#1964 = CARTESIAN_POINT('',(-0.32,-9.84,2.54));
#1965 = LINE('',#1966,#1967);
#1966 = CARTESIAN_POINT('',(-0.16,-9.84,2.54));
#1967 = VECTOR('',#1968,1.);
#1968 = DIRECTION('',(-1.,0.,0.));
#1969 = ORIENTED_EDGE('',*,*,#1970,.F.);
#1970 = EDGE_CURVE('',#1971,#1961,#1973,.T.);
#1971 = VERTEX_POINT('',#1972);
#1972 = CARTESIAN_POINT('',(0.32,-10.48,2.54));
#1973 = LINE('',#1974,#1975);
#1974 = CARTESIAN_POINT('',(0.32,-8.415,2.54));
#1975 = VECTOR('',#1976,1.);
#1976 = DIRECTION('',(0.,1.,0.));
#1977 = ORIENTED_EDGE('',*,*,#1978,.T.);
#1978 = EDGE_CURVE('',#1971,#1979,#1981,.T.);
#1979 = VERTEX_POINT('',#1980);
#1980 = CARTESIAN_POINT('',(-0.32,-10.48,2.54));
#1981 = LINE('',#1982,#1983);
#1982 = CARTESIAN_POINT('',(-0.16,-10.48,2.54));
#1983 = VECTOR('',#1984,1.);
#1984 = DIRECTION('',(-1.,0.,0.));
#1985 = ORIENTED_EDGE('',*,*,#1986,.T.);
#1986 = EDGE_CURVE('',#1979,#1963,#1987,.T.);
#1987 = LINE('',#1988,#1989);
#1988 = CARTESIAN_POINT('',(-0.32,-8.415,2.54));
#1989 = VECTOR('',#1990,1.);
#1990 = DIRECTION('',(0.,1.,0.));
#1991 = FACE_BOUND('',#1992,.T.);
#1992 = EDGE_LOOP('',(#1993,#2003,#2011,#2019));
#1993 = ORIENTED_EDGE('',*,*,#1994,.T.);
#1994 = EDGE_CURVE('',#1995,#1997,#1999,.T.);
#1995 = VERTEX_POINT('',#1996);
#1996 = CARTESIAN_POINT('',(0.32,-7.94,2.54));
#1997 = VERTEX_POINT('',#1998);
#1998 = CARTESIAN_POINT('',(-0.32,-7.94,2.54));
#1999 = LINE('',#2000,#2001);
#2000 = CARTESIAN_POINT('',(-0.16,-7.94,2.54));
#2001 = VECTOR('',#2002,1.);
#2002 = DIRECTION('',(-1.,0.,0.));
#2003 = ORIENTED_EDGE('',*,*,#2004,.T.);
#2004 = EDGE_CURVE('',#1997,#2005,#2007,.T.);
#2005 = VERTEX_POINT('',#2006);
#2006 = CARTESIAN_POINT('',(-0.32,-7.3,2.54));
#2007 = LINE('',#2008,#2009);
#2008 = CARTESIAN_POINT('',(-0.32,-7.145,2.54));
#2009 = VECTOR('',#2010,1.);
#2010 = DIRECTION('',(0.,1.,0.));
#2011 = ORIENTED_EDGE('',*,*,#2012,.F.);
#2012 = EDGE_CURVE('',#2013,#2005,#2015,.T.);
#2013 = VERTEX_POINT('',#2014);
#2014 = CARTESIAN_POINT('',(0.32,-7.3,2.54));
#2015 = LINE('',#2016,#2017);
#2016 = CARTESIAN_POINT('',(-0.16,-7.3,2.54));
#2017 = VECTOR('',#2018,1.);
#2018 = DIRECTION('',(-1.,0.,0.));
#2019 = ORIENTED_EDGE('',*,*,#2020,.F.);
#2020 = EDGE_CURVE('',#1995,#2013,#2021,.T.);
#2021 = LINE('',#2022,#2023);
#2022 = CARTESIAN_POINT('',(0.32,-7.145,2.54));
#2023 = VECTOR('',#2024,1.);
#2024 = DIRECTION('',(0.,1.,0.));
#2025 = PLANE('',#2026);
#2026 = AXIS2_PLACEMENT_3D('',#2027,#2028,#2029);
#2027 = CARTESIAN_POINT('',(-1.797008255889E-17,-6.35,2.54));
#2028 = DIRECTION('',(0.,0.,1.));
#2029 = DIRECTION('',(1.,0.,-0.));
#2030 = ADVANCED_FACE('',(#2031),#2042,.F.);
#2031 = FACE_BOUND('',#2032,.F.);
#2032 = EDGE_LOOP('',(#2033,#2039,#2040,#2041));
#2033 = ORIENTED_EDGE('',*,*,#2034,.T.);
#2034 = EDGE_CURVE('',#1315,#1808,#2035,.T.);
#2035 = LINE('',#2036,#2037);
#2036 = CARTESIAN_POINT('',(1.27,1.016,0.));
#2037 = VECTOR('',#2038,1.);
#2038 = DIRECTION('',(0.,0.,1.));
#2039 = ORIENTED_EDGE('',*,*,#1815,.T.);
#2040 = ORIENTED_EDGE('',*,*,#986,.F.);
#2041 = ORIENTED_EDGE('',*,*,#1322,.F.);
#2042 = PLANE('',#2043);
#2043 = AXIS2_PLACEMENT_3D('',#2044,#2045,#2046);
#2044 = CARTESIAN_POINT('',(1.27,1.016,0.));
#2045 = DIRECTION('',(-0.707106781187,-0.707106781187,0.));
#2046 = DIRECTION('',(-0.707106781187,0.707106781187,0.));
#2047 = ADVANCED_FACE('',(#2048),#2059,.F.);
#2048 = FACE_BOUND('',#2049,.F.);
#2049 = EDGE_LOOP('',(#2050,#2051,#2052,#2058));
#2050 = ORIENTED_EDGE('',*,*,#1026,.T.);
#2051 = ORIENTED_EDGE('',*,*,#1543,.T.);
#2052 = ORIENTED_EDGE('',*,*,#2053,.F.);
#2053 = EDGE_CURVE('',#1051,#1544,#2054,.T.);
#2054 = LINE('',#2055,#2056);
#2055 = CARTESIAN_POINT('',(-1.016,-1.27,0.));
#2056 = VECTOR('',#2057,1.);
#2057 = DIRECTION('',(0.,0.,1.));
#2058 = ORIENTED_EDGE('',*,*,#1050,.F.);
#2059 = PLANE('',#2060);
#2060 = AXIS2_PLACEMENT_3D('',#2061,#2062,#2063);
#2061 = CARTESIAN_POINT('',(-1.27,-1.016,0.));
#2062 = DIRECTION('',(0.707106781187,0.707106781187,0.));
#2063 = DIRECTION('',(0.707106781187,-0.707106781187,0.));
#2064 = ADVANCED_FACE('',(#2065),#2076,.F.);
#2065 = FACE_BOUND('',#2066,.F.);
#2066 = EDGE_LOOP('',(#2067,#2073,#2074,#2075));
#2067 = ORIENTED_EDGE('',*,*,#2068,.T.);
#2068 = EDGE_CURVE('',#1307,#1800,#2069,.T.);
#2069 = LINE('',#2070,#2071);
#2070 = CARTESIAN_POINT('',(1.27,-1.016,0.));
#2071 = VECTOR('',#2072,1.);
#2072 = DIRECTION('',(0.,0.,1.));
#2073 = ORIENTED_EDGE('',*,*,#1807,.T.);
#2074 = ORIENTED_EDGE('',*,*,#2034,.F.);
#2075 = ORIENTED_EDGE('',*,*,#1314,.F.);
#2076 = PLANE('',#2077);
#2077 = AXIS2_PLACEMENT_3D('',#2078,#2079,#2080);
#2078 = CARTESIAN_POINT('',(1.27,-1.016,0.));
#2079 = DIRECTION('',(-1.,0.,0.));
#2080 = DIRECTION('',(0.,1.,0.));
#2081 = ADVANCED_FACE('',(#2082),#2093,.F.);
#2082 = FACE_BOUND('',#2083,.F.);
#2083 = EDGE_LOOP('',(#2084,#2085,#2086,#2092));
#2084 = ORIENTED_EDGE('',*,*,#2053,.T.);
#2085 = ORIENTED_EDGE('',*,*,#1551,.T.);
#2086 = ORIENTED_EDGE('',*,*,#2087,.F.);
#2087 = EDGE_CURVE('',#1059,#1552,#2088,.T.);
#2088 = LINE('',#2089,#2090);
#2089 = CARTESIAN_POINT('',(-1.27,-1.524,0.));
#2090 = VECTOR('',#2091,1.);
#2091 = DIRECTION('',(0.,0.,1.));
#2092 = ORIENTED_EDGE('',*,*,#1058,.F.);
#2093 = PLANE('',#2094);
#2094 = AXIS2_PLACEMENT_3D('',#2095,#2096,#2097);
#2095 = CARTESIAN_POINT('',(-1.016,-1.27,0.));
#2096 = DIRECTION('',(0.707106781187,-0.707106781187,0.));
#2097 = DIRECTION('',(-0.707106781187,-0.707106781187,0.));
#2098 = ADVANCED_FACE('',(#2099),#2110,.F.);
#2099 = FACE_BOUND('',#2100,.F.);
#2100 = EDGE_LOOP('',(#2101,#2107,#2108,#2109));
#2101 = ORIENTED_EDGE('',*,*,#2102,.T.);
#2102 = EDGE_CURVE('',#1299,#1792,#2103,.T.);
#2103 = LINE('',#2104,#2105);
#2104 = CARTESIAN_POINT('',(1.016,-1.27,0.));
#2105 = VECTOR('',#2106,1.);
#2106 = DIRECTION('',(0.,0.,1.));
#2107 = ORIENTED_EDGE('',*,*,#1799,.T.);
#2108 = ORIENTED_EDGE('',*,*,#2068,.F.);
#2109 = ORIENTED_EDGE('',*,*,#1306,.F.);
#2110 = PLANE('',#2111);
#2111 = AXIS2_PLACEMENT_3D('',#2112,#2113,#2114);
#2112 = CARTESIAN_POINT('',(1.016,-1.27,0.));
#2113 = DIRECTION('',(-0.707106781187,0.707106781187,0.));
#2114 = DIRECTION('',(0.707106781187,0.707106781187,0.));
#2115 = ADVANCED_FACE('',(#2116),#2127,.F.);
#2116 = FACE_BOUND('',#2117,.F.);
#2117 = EDGE_LOOP('',(#2118,#2119,#2120,#2126));
#2118 = ORIENTED_EDGE('',*,*,#2087,.T.);
#2119 = ORIENTED_EDGE('',*,*,#1559,.T.);
#2120 = ORIENTED_EDGE('',*,*,#2121,.F.);
#2121 = EDGE_CURVE('',#1067,#1560,#2122,.T.);
#2122 = LINE('',#2123,#2124);
#2123 = CARTESIAN_POINT('',(-1.27,-3.556,0.));
#2124 = VECTOR('',#2125,1.);
#2125 = DIRECTION('',(0.,0.,1.));
#2126 = ORIENTED_EDGE('',*,*,#1066,.F.);
#2127 = PLANE('',#2128);
#2128 = AXIS2_PLACEMENT_3D('',#2129,#2130,#2131);
#2129 = CARTESIAN_POINT('',(-1.27,-1.524,0.));
#2130 = DIRECTION('',(1.,0.,0.));
#2131 = DIRECTION('',(0.,-1.,0.));
#2132 = ADVANCED_FACE('',(#2133),#2144,.F.);
#2133 = FACE_BOUND('',#2134,.F.);
#2134 = EDGE_LOOP('',(#2135,#2141,#2142,#2143));
#2135 = ORIENTED_EDGE('',*,*,#2136,.T.);
#2136 = EDGE_CURVE('',#1291,#1784,#2137,.T.);
#2137 = LINE('',#2138,#2139);
#2138 = CARTESIAN_POINT('',(1.27,-1.524,0.));
#2139 = VECTOR('',#2140,1.);
#2140 = DIRECTION('',(0.,0.,1.));
#2141 = ORIENTED_EDGE('',*,*,#1791,.T.);
#2142 = ORIENTED_EDGE('',*,*,#2102,.F.);
#2143 = ORIENTED_EDGE('',*,*,#1298,.F.);
#2144 = PLANE('',#2145);
#2145 = AXIS2_PLACEMENT_3D('',#2146,#2147,#2148);
#2146 = CARTESIAN_POINT('',(1.27,-1.524,0.));
#2147 = DIRECTION('',(-0.707106781187,-0.707106781187,0.));
#2148 = DIRECTION('',(-0.707106781187,0.707106781187,0.));
#2149 = ADVANCED_FACE('',(#2150),#2161,.F.);
#2150 = FACE_BOUND('',#2151,.F.);
#2151 = EDGE_LOOP('',(#2152,#2153,#2154,#2160));
#2152 = ORIENTED_EDGE('',*,*,#2121,.T.);
#2153 = ORIENTED_EDGE('',*,*,#1567,.T.);
#2154 = ORIENTED_EDGE('',*,*,#2155,.F.);
#2155 = EDGE_CURVE('',#1075,#1568,#2156,.T.);
#2156 = LINE('',#2157,#2158);
#2157 = CARTESIAN_POINT('',(-1.016,-3.81,0.));
#2158 = VECTOR('',#2159,1.);
#2159 = DIRECTION('',(0.,0.,1.));
#2160 = ORIENTED_EDGE('',*,*,#1074,.F.);
#2161 = PLANE('',#2162);
#2162 = AXIS2_PLACEMENT_3D('',#2163,#2164,#2165);
#2163 = CARTESIAN_POINT('',(-1.27,-3.556,0.));
#2164 = DIRECTION('',(0.707106781187,0.707106781187,0.));
#2165 = DIRECTION('',(0.707106781187,-0.707106781187,0.));
#2166 = ADVANCED_FACE('',(#2167),#2178,.F.);
#2167 = FACE_BOUND('',#2168,.F.);
#2168 = EDGE_LOOP('',(#2169,#2175,#2176,#2177));
#2169 = ORIENTED_EDGE('',*,*,#2170,.T.);
#2170 = EDGE_CURVE('',#1283,#1776,#2171,.T.);
#2171 = LINE('',#2172,#2173);
#2172 = CARTESIAN_POINT('',(1.27,-3.556,0.));
#2173 = VECTOR('',#2174,1.);
#2174 = DIRECTION('',(0.,0.,1.));
#2175 = ORIENTED_EDGE('',*,*,#1783,.T.);
#2176 = ORIENTED_EDGE('',*,*,#2136,.F.);
#2177 = ORIENTED_EDGE('',*,*,#1290,.F.);
#2178 = PLANE('',#2179);
#2179 = AXIS2_PLACEMENT_3D('',#2180,#2181,#2182);
#2180 = CARTESIAN_POINT('',(1.27,-3.556,0.));
#2181 = DIRECTION('',(-1.,0.,0.));
#2182 = DIRECTION('',(0.,1.,0.));
#2183 = ADVANCED_FACE('',(#2184),#2195,.F.);
#2184 = FACE_BOUND('',#2185,.F.);
#2185 = EDGE_LOOP('',(#2186,#2187,#2188,#2194));
#2186 = ORIENTED_EDGE('',*,*,#2155,.T.);
#2187 = ORIENTED_EDGE('',*,*,#1575,.T.);
#2188 = ORIENTED_EDGE('',*,*,#2189,.F.);
#2189 = EDGE_CURVE('',#1083,#1576,#2190,.T.);
#2190 = LINE('',#2191,#2192);
#2191 = CARTESIAN_POINT('',(-1.27,-4.064,0.));
#2192 = VECTOR('',#2193,1.);
#2193 = DIRECTION('',(0.,0.,1.));
#2194 = ORIENTED_EDGE('',*,*,#1082,.F.);
#2195 = PLANE('',#2196);
#2196 = AXIS2_PLACEMENT_3D('',#2197,#2198,#2199);
#2197 = CARTESIAN_POINT('',(-1.016,-3.81,0.));
#2198 = DIRECTION('',(0.707106781187,-0.707106781187,0.));
#2199 = DIRECTION('',(-0.707106781187,-0.707106781187,0.));
#2200 = ADVANCED_FACE('',(#2201),#2212,.F.);
#2201 = FACE_BOUND('',#2202,.F.);
#2202 = EDGE_LOOP('',(#2203,#2209,#2210,#2211));
#2203 = ORIENTED_EDGE('',*,*,#2204,.T.);
#2204 = EDGE_CURVE('',#1275,#1768,#2205,.T.);
#2205 = LINE('',#2206,#2207);
#2206 = CARTESIAN_POINT('',(1.016,-3.81,0.));
#2207 = VECTOR('',#2208,1.);
#2208 = DIRECTION('',(0.,0.,1.));
#2209 = ORIENTED_EDGE('',*,*,#1775,.T.);
#2210 = ORIENTED_EDGE('',*,*,#2170,.F.);
#2211 = ORIENTED_EDGE('',*,*,#1282,.F.);
#2212 = PLANE('',#2213);
#2213 = AXIS2_PLACEMENT_3D('',#2214,#2215,#2216);
#2214 = CARTESIAN_POINT('',(1.016,-3.81,0.));
#2215 = DIRECTION('',(-0.707106781187,0.707106781187,0.));
#2216 = DIRECTION('',(0.707106781187,0.707106781187,0.));
#2217 = ADVANCED_FACE('',(#2218),#2229,.F.);
#2218 = FACE_BOUND('',#2219,.F.);
#2219 = EDGE_LOOP('',(#2220,#2221,#2222,#2228));
#2220 = ORIENTED_EDGE('',*,*,#2189,.T.);
#2221 = ORIENTED_EDGE('',*,*,#1583,.T.);
#2222 = ORIENTED_EDGE('',*,*,#2223,.F.);
#2223 = EDGE_CURVE('',#1091,#1584,#2224,.T.);
#2224 = LINE('',#2225,#2226);
#2225 = CARTESIAN_POINT('',(-1.27,-6.096,0.));
#2226 = VECTOR('',#2227,1.);
#2227 = DIRECTION('',(0.,0.,1.));
#2228 = ORIENTED_EDGE('',*,*,#1090,.F.);
#2229 = PLANE('',#2230);
#2230 = AXIS2_PLACEMENT_3D('',#2231,#2232,#2233);
#2231 = CARTESIAN_POINT('',(-1.27,-4.064,0.));
#2232 = DIRECTION('',(1.,0.,0.));
#2233 = DIRECTION('',(0.,-1.,0.));
#2234 = ADVANCED_FACE('',(#2235),#2246,.F.);
#2235 = FACE_BOUND('',#2236,.F.);
#2236 = EDGE_LOOP('',(#2237,#2243,#2244,#2245));
#2237 = ORIENTED_EDGE('',*,*,#2238,.T.);
#2238 = EDGE_CURVE('',#1267,#1760,#2239,.T.);
#2239 = LINE('',#2240,#2241);
#2240 = CARTESIAN_POINT('',(1.27,-4.064,0.));
#2241 = VECTOR('',#2242,1.);
#2242 = DIRECTION('',(0.,0.,1.));
#2243 = ORIENTED_EDGE('',*,*,#1767,.T.);
#2244 = ORIENTED_EDGE('',*,*,#2204,.F.);
#2245 = ORIENTED_EDGE('',*,*,#1274,.F.);
#2246 = PLANE('',#2247);
#2247 = AXIS2_PLACEMENT_3D('',#2248,#2249,#2250);
#2248 = CARTESIAN_POINT('',(1.27,-4.064,0.));
#2249 = DIRECTION('',(-0.707106781187,-0.707106781187,0.));
#2250 = DIRECTION('',(-0.707106781187,0.707106781187,0.));
#2251 = ADVANCED_FACE('',(#2252),#2263,.F.);
#2252 = FACE_BOUND('',#2253,.F.);
#2253 = EDGE_LOOP('',(#2254,#2255,#2256,#2262));
#2254 = ORIENTED_EDGE('',*,*,#2223,.T.);
#2255 = ORIENTED_EDGE('',*,*,#1591,.T.);
#2256 = ORIENTED_EDGE('',*,*,#2257,.F.);
#2257 = EDGE_CURVE('',#1099,#1592,#2258,.T.);
#2258 = LINE('',#2259,#2260);
#2259 = CARTESIAN_POINT('',(-1.016,-6.35,0.));
#2260 = VECTOR('',#2261,1.);
#2261 = DIRECTION('',(0.,0.,1.));
#2262 = ORIENTED_EDGE('',*,*,#1098,.F.);
#2263 = PLANE('',#2264);
#2264 = AXIS2_PLACEMENT_3D('',#2265,#2266,#2267);
#2265 = CARTESIAN_POINT('',(-1.27,-6.096,0.));
#2266 = DIRECTION('',(0.707106781187,0.707106781187,0.));
#2267 = DIRECTION('',(0.707106781187,-0.707106781187,0.));
#2268 = ADVANCED_FACE('',(#2269),#2280,.F.);
#2269 = FACE_BOUND('',#2270,.F.);
#2270 = EDGE_LOOP('',(#2271,#2277,#2278,#2279));
#2271 = ORIENTED_EDGE('',*,*,#2272,.T.);
#2272 = EDGE_CURVE('',#1259,#1752,#2273,.T.);
#2273 = LINE('',#2274,#2275);
#2274 = CARTESIAN_POINT('',(1.27,-6.096,0.));
#2275 = VECTOR('',#2276,1.);
#2276 = DIRECTION('',(0.,0.,1.));
#2277 = ORIENTED_EDGE('',*,*,#1759,.T.);
#2278 = ORIENTED_EDGE('',*,*,#2238,.F.);
#2279 = ORIENTED_EDGE('',*,*,#1266,.F.);
#2280 = PLANE('',#2281);
#2281 = AXIS2_PLACEMENT_3D('',#2282,#2283,#2284);
#2282 = CARTESIAN_POINT('',(1.27,-6.096,0.));
#2283 = DIRECTION('',(-1.,0.,0.));
#2284 = DIRECTION('',(0.,1.,0.));
#2285 = ADVANCED_FACE('',(#2286),#2297,.F.);
#2286 = FACE_BOUND('',#2287,.F.);
#2287 = EDGE_LOOP('',(#2288,#2289,#2290,#2296));
#2288 = ORIENTED_EDGE('',*,*,#2257,.T.);
#2289 = ORIENTED_EDGE('',*,*,#1599,.T.);
#2290 = ORIENTED_EDGE('',*,*,#2291,.F.);
#2291 = EDGE_CURVE('',#1107,#1600,#2292,.T.);
#2292 = LINE('',#2293,#2294);
#2293 = CARTESIAN_POINT('',(-1.27,-6.604,0.));
#2294 = VECTOR('',#2295,1.);
#2295 = DIRECTION('',(0.,0.,1.));
#2296 = ORIENTED_EDGE('',*,*,#1106,.F.);
#2297 = PLANE('',#2298);
#2298 = AXIS2_PLACEMENT_3D('',#2299,#2300,#2301);
#2299 = CARTESIAN_POINT('',(-1.016,-6.35,0.));
#2300 = DIRECTION('',(0.707106781187,-0.707106781187,0.));
#2301 = DIRECTION('',(-0.707106781187,-0.707106781187,0.));
#2302 = ADVANCED_FACE('',(#2303),#2314,.F.);
#2303 = FACE_BOUND('',#2304,.F.);
#2304 = EDGE_LOOP('',(#2305,#2311,#2312,#2313));
#2305 = ORIENTED_EDGE('',*,*,#2306,.T.);
#2306 = EDGE_CURVE('',#1251,#1744,#2307,.T.);
#2307 = LINE('',#2308,#2309);
#2308 = CARTESIAN_POINT('',(1.016,-6.35,0.));
#2309 = VECTOR('',#2310,1.);
#2310 = DIRECTION('',(0.,0.,1.));
#2311 = ORIENTED_EDGE('',*,*,#1751,.T.);
#2312 = ORIENTED_EDGE('',*,*,#2272,.F.);
#2313 = ORIENTED_EDGE('',*,*,#1258,.F.);
#2314 = PLANE('',#2315);
#2315 = AXIS2_PLACEMENT_3D('',#2316,#2317,#2318);
#2316 = CARTESIAN_POINT('',(1.016,-6.35,0.));
#2317 = DIRECTION('',(-0.707106781187,0.707106781187,0.));
#2318 = DIRECTION('',(0.707106781187,0.707106781187,0.));
#2319 = ADVANCED_FACE('',(#2320),#2331,.F.);
#2320 = FACE_BOUND('',#2321,.F.);
#2321 = EDGE_LOOP('',(#2322,#2323,#2324,#2330));
#2322 = ORIENTED_EDGE('',*,*,#2291,.T.);
#2323 = ORIENTED_EDGE('',*,*,#1607,.T.);
#2324 = ORIENTED_EDGE('',*,*,#2325,.F.);
#2325 = EDGE_CURVE('',#1115,#1608,#2326,.T.);
#2326 = LINE('',#2327,#2328);
#2327 = CARTESIAN_POINT('',(-1.27,-8.636,0.));
#2328 = VECTOR('',#2329,1.);
#2329 = DIRECTION('',(0.,0.,1.));
#2330 = ORIENTED_EDGE('',*,*,#1114,.F.);
#2331 = PLANE('',#2332);
#2332 = AXIS2_PLACEMENT_3D('',#2333,#2334,#2335);
#2333 = CARTESIAN_POINT('',(-1.27,-6.604,0.));
#2334 = DIRECTION('',(1.,0.,0.));
#2335 = DIRECTION('',(0.,-1.,0.));
#2336 = ADVANCED_FACE('',(#2337),#2348,.F.);
#2337 = FACE_BOUND('',#2338,.F.);
#2338 = EDGE_LOOP('',(#2339,#2345,#2346,#2347));
#2339 = ORIENTED_EDGE('',*,*,#2340,.T.);
#2340 = EDGE_CURVE('',#1243,#1736,#2341,.T.);
#2341 = LINE('',#2342,#2343);
#2342 = CARTESIAN_POINT('',(1.27,-6.604,0.));
#2343 = VECTOR('',#2344,1.);
#2344 = DIRECTION('',(0.,0.,1.));
#2345 = ORIENTED_EDGE('',*,*,#1743,.T.);
#2346 = ORIENTED_EDGE('',*,*,#2306,.F.);
#2347 = ORIENTED_EDGE('',*,*,#1250,.F.);
#2348 = PLANE('',#2349);
#2349 = AXIS2_PLACEMENT_3D('',#2350,#2351,#2352);
#2350 = CARTESIAN_POINT('',(1.27,-6.604,0.));
#2351 = DIRECTION('',(-0.707106781187,-0.707106781187,0.));
#2352 = DIRECTION('',(-0.707106781187,0.707106781187,0.));
#2353 = ADVANCED_FACE('',(#2354),#2365,.F.);
#2354 = FACE_BOUND('',#2355,.F.);
#2355 = EDGE_LOOP('',(#2356,#2357,#2358,#2364));
#2356 = ORIENTED_EDGE('',*,*,#2325,.T.);
#2357 = ORIENTED_EDGE('',*,*,#1615,.T.);
#2358 = ORIENTED_EDGE('',*,*,#2359,.F.);
#2359 = EDGE_CURVE('',#1123,#1616,#2360,.T.);
#2360 = LINE('',#2361,#2362);
#2361 = CARTESIAN_POINT('',(-1.016,-8.89,0.));
#2362 = VECTOR('',#2363,1.);
#2363 = DIRECTION('',(0.,0.,1.));
#2364 = ORIENTED_EDGE('',*,*,#1122,.F.);
#2365 = PLANE('',#2366);
#2366 = AXIS2_PLACEMENT_3D('',#2367,#2368,#2369);
#2367 = CARTESIAN_POINT('',(-1.27,-8.636,0.));
#2368 = DIRECTION('',(0.707106781187,0.707106781187,0.));
#2369 = DIRECTION('',(0.707106781187,-0.707106781187,0.));
#2370 = ADVANCED_FACE('',(#2371),#2382,.F.);
#2371 = FACE_BOUND('',#2372,.F.);
#2372 = EDGE_LOOP('',(#2373,#2379,#2380,#2381));
#2373 = ORIENTED_EDGE('',*,*,#2374,.T.);
#2374 = EDGE_CURVE('',#1235,#1728,#2375,.T.);
#2375 = LINE('',#2376,#2377);
#2376 = CARTESIAN_POINT('',(1.27,-8.636,0.));
#2377 = VECTOR('',#2378,1.);
#2378 = DIRECTION('',(0.,0.,1.));
#2379 = ORIENTED_EDGE('',*,*,#1735,.T.);
#2380 = ORIENTED_EDGE('',*,*,#2340,.F.);
#2381 = ORIENTED_EDGE('',*,*,#1242,.F.);
#2382 = PLANE('',#2383);
#2383 = AXIS2_PLACEMENT_3D('',#2384,#2385,#2386);
#2384 = CARTESIAN_POINT('',(1.27,-8.636,0.));
#2385 = DIRECTION('',(-1.,0.,0.));
#2386 = DIRECTION('',(0.,1.,0.));
#2387 = ADVANCED_FACE('',(#2388),#2399,.F.);
#2388 = FACE_BOUND('',#2389,.F.);
#2389 = EDGE_LOOP('',(#2390,#2391,#2392,#2398));
#2390 = ORIENTED_EDGE('',*,*,#2359,.T.);
#2391 = ORIENTED_EDGE('',*,*,#1623,.T.);
#2392 = ORIENTED_EDGE('',*,*,#2393,.F.);
#2393 = EDGE_CURVE('',#1131,#1624,#2394,.T.);
#2394 = LINE('',#2395,#2396);
#2395 = CARTESIAN_POINT('',(-1.27,-9.144,0.));
#2396 = VECTOR('',#2397,1.);
#2397 = DIRECTION('',(0.,0.,1.));
#2398 = ORIENTED_EDGE('',*,*,#1130,.F.);
#2399 = PLANE('',#2400);
#2400 = AXIS2_PLACEMENT_3D('',#2401,#2402,#2403);
#2401 = CARTESIAN_POINT('',(-1.016,-8.89,0.));
#2402 = DIRECTION('',(0.707106781187,-0.707106781187,0.));
#2403 = DIRECTION('',(-0.707106781187,-0.707106781187,0.));
#2404 = ADVANCED_FACE('',(#2405),#2416,.F.);
#2405 = FACE_BOUND('',#2406,.F.);
#2406 = EDGE_LOOP('',(#2407,#2413,#2414,#2415));
#2407 = ORIENTED_EDGE('',*,*,#2408,.T.);
#2408 = EDGE_CURVE('',#1227,#1720,#2409,.T.);
#2409 = LINE('',#2410,#2411);
#2410 = CARTESIAN_POINT('',(1.016,-8.89,0.));
#2411 = VECTOR('',#2412,1.);
#2412 = DIRECTION('',(0.,0.,1.));
#2413 = ORIENTED_EDGE('',*,*,#1727,.T.);
#2414 = ORIENTED_EDGE('',*,*,#2374,.F.);
#2415 = ORIENTED_EDGE('',*,*,#1234,.F.);
#2416 = PLANE('',#2417);
#2417 = AXIS2_PLACEMENT_3D('',#2418,#2419,#2420);
#2418 = CARTESIAN_POINT('',(1.016,-8.89,0.));
#2419 = DIRECTION('',(-0.707106781187,0.707106781187,0.));
#2420 = DIRECTION('',(0.707106781187,0.707106781187,0.));
#2421 = ADVANCED_FACE('',(#2422),#2433,.F.);
#2422 = FACE_BOUND('',#2423,.F.);
#2423 = EDGE_LOOP('',(#2424,#2425,#2426,#2432));
#2424 = ORIENTED_EDGE('',*,*,#2393,.T.);
#2425 = ORIENTED_EDGE('',*,*,#1631,.T.);
#2426 = ORIENTED_EDGE('',*,*,#2427,.F.);
#2427 = EDGE_CURVE('',#1139,#1632,#2428,.T.);
#2428 = LINE('',#2429,#2430);
#2429 = CARTESIAN_POINT('',(-1.27,-11.176,0.));
#2430 = VECTOR('',#2431,1.);
#2431 = DIRECTION('',(0.,0.,1.));
#2432 = ORIENTED_EDGE('',*,*,#1138,.F.);
#2433 = PLANE('',#2434);
#2434 = AXIS2_PLACEMENT_3D('',#2435,#2436,#2437);
#2435 = CARTESIAN_POINT('',(-1.27,-9.144,0.));
#2436 = DIRECTION('',(1.,0.,0.));
#2437 = DIRECTION('',(0.,-1.,0.));
#2438 = ADVANCED_FACE('',(#2439),#2450,.F.);
#2439 = FACE_BOUND('',#2440,.F.);
#2440 = EDGE_LOOP('',(#2441,#2447,#2448,#2449));
#2441 = ORIENTED_EDGE('',*,*,#2442,.T.);
#2442 = EDGE_CURVE('',#1219,#1712,#2443,.T.);
#2443 = LINE('',#2444,#2445);
#2444 = CARTESIAN_POINT('',(1.27,-9.144,0.));
#2445 = VECTOR('',#2446,1.);
#2446 = DIRECTION('',(0.,0.,1.));
#2447 = ORIENTED_EDGE('',*,*,#1719,.T.);
#2448 = ORIENTED_EDGE('',*,*,#2408,.F.);
#2449 = ORIENTED_EDGE('',*,*,#1226,.F.);
#2450 = PLANE('',#2451);
#2451 = AXIS2_PLACEMENT_3D('',#2452,#2453,#2454);
#2452 = CARTESIAN_POINT('',(1.27,-9.144,0.));
#2453 = DIRECTION('',(-0.707106781187,-0.707106781187,0.));
#2454 = DIRECTION('',(-0.707106781187,0.707106781187,0.));
#2455 = ADVANCED_FACE('',(#2456),#2467,.F.);
#2456 = FACE_BOUND('',#2457,.F.);
#2457 = EDGE_LOOP('',(#2458,#2459,#2460,#2466));
#2458 = ORIENTED_EDGE('',*,*,#2427,.T.);
#2459 = ORIENTED_EDGE('',*,*,#1639,.T.);
#2460 = ORIENTED_EDGE('',*,*,#2461,.F.);
#2461 = EDGE_CURVE('',#1147,#1640,#2462,.T.);
#2462 = LINE('',#2463,#2464);
#2463 = CARTESIAN_POINT('',(-1.016,-11.43,0.));
#2464 = VECTOR('',#2465,1.);
#2465 = DIRECTION('',(0.,0.,1.));
#2466 = ORIENTED_EDGE('',*,*,#1146,.F.);
#2467 = PLANE('',#2468);
#2468 = AXIS2_PLACEMENT_3D('',#2469,#2470,#2471);
#2469 = CARTESIAN_POINT('',(-1.27,-11.176,0.));
#2470 = DIRECTION('',(0.707106781187,0.707106781187,0.));
#2471 = DIRECTION('',(0.707106781187,-0.707106781187,0.));
#2472 = ADVANCED_FACE('',(#2473),#2484,.F.);
#2473 = FACE_BOUND('',#2474,.F.);
#2474 = EDGE_LOOP('',(#2475,#2481,#2482,#2483));
#2475 = ORIENTED_EDGE('',*,*,#2476,.T.);
#2476 = EDGE_CURVE('',#1211,#1704,#2477,.T.);
#2477 = LINE('',#2478,#2479);
#2478 = CARTESIAN_POINT('',(1.27,-11.176,0.));
#2479 = VECTOR('',#2480,1.);
#2480 = DIRECTION('',(0.,0.,1.));
#2481 = ORIENTED_EDGE('',*,*,#1711,.T.);
#2482 = ORIENTED_EDGE('',*,*,#2442,.F.);
#2483 = ORIENTED_EDGE('',*,*,#1218,.F.);
#2484 = PLANE('',#2485);
#2485 = AXIS2_PLACEMENT_3D('',#2486,#2487,#2488);
#2486 = CARTESIAN_POINT('',(1.27,-11.176,0.));
#2487 = DIRECTION('',(-1.,0.,0.));
#2488 = DIRECTION('',(0.,1.,0.));
#2489 = ADVANCED_FACE('',(#2490),#2501,.F.);
#2490 = FACE_BOUND('',#2491,.F.);
#2491 = EDGE_LOOP('',(#2492,#2493,#2494,#2500));
#2492 = ORIENTED_EDGE('',*,*,#2461,.T.);
#2493 = ORIENTED_EDGE('',*,*,#1647,.T.);
#2494 = ORIENTED_EDGE('',*,*,#2495,.F.);
#2495 = EDGE_CURVE('',#1155,#1648,#2496,.T.);
#2496 = LINE('',#2497,#2498);
#2497 = CARTESIAN_POINT('',(-1.27,-11.684,0.));
#2498 = VECTOR('',#2499,1.);
#2499 = DIRECTION('',(0.,0.,1.));
#2500 = ORIENTED_EDGE('',*,*,#1154,.F.);
#2501 = PLANE('',#2502);
#2502 = AXIS2_PLACEMENT_3D('',#2503,#2504,#2505);
#2503 = CARTESIAN_POINT('',(-1.016,-11.43,0.));
#2504 = DIRECTION('',(0.707106781187,-0.707106781187,0.));
#2505 = DIRECTION('',(-0.707106781187,-0.707106781187,0.));
#2506 = ADVANCED_FACE('',(#2507),#2518,.F.);
#2507 = FACE_BOUND('',#2508,.F.);
#2508 = EDGE_LOOP('',(#2509,#2515,#2516,#2517));
#2509 = ORIENTED_EDGE('',*,*,#2510,.T.);
#2510 = EDGE_CURVE('',#1203,#1696,#2511,.T.);
#2511 = LINE('',#2512,#2513);
#2512 = CARTESIAN_POINT('',(1.016,-11.43,0.));
#2513 = VECTOR('',#2514,1.);
#2514 = DIRECTION('',(0.,0.,1.));
#2515 = ORIENTED_EDGE('',*,*,#1703,.T.);
#2516 = ORIENTED_EDGE('',*,*,#2476,.F.);
#2517 = ORIENTED_EDGE('',*,*,#1210,.F.);
#2518 = PLANE('',#2519);
#2519 = AXIS2_PLACEMENT_3D('',#2520,#2521,#2522);
#2520 = CARTESIAN_POINT('',(1.016,-11.43,0.));
#2521 = DIRECTION('',(-0.707106781187,0.707106781187,0.));
#2522 = DIRECTION('',(0.707106781187,0.707106781187,0.));
#2523 = ADVANCED_FACE('',(#2524),#2535,.F.);
#2524 = FACE_BOUND('',#2525,.F.);
#2525 = EDGE_LOOP('',(#2526,#2527,#2528,#2534));
#2526 = ORIENTED_EDGE('',*,*,#2495,.T.);
#2527 = ORIENTED_EDGE('',*,*,#1655,.T.);
#2528 = ORIENTED_EDGE('',*,*,#2529,.F.);
#2529 = EDGE_CURVE('',#1163,#1656,#2530,.T.);
#2530 = LINE('',#2531,#2532);
#2531 = CARTESIAN_POINT('',(-1.27,-13.716,0.));
#2532 = VECTOR('',#2533,1.);
#2533 = DIRECTION('',(0.,0.,1.));
#2534 = ORIENTED_EDGE('',*,*,#1162,.F.);
#2535 = PLANE('',#2536);
#2536 = AXIS2_PLACEMENT_3D('',#2537,#2538,#2539);
#2537 = CARTESIAN_POINT('',(-1.27,-11.684,0.));
#2538 = DIRECTION('',(1.,0.,0.));
#2539 = DIRECTION('',(0.,-1.,0.));
#2540 = ADVANCED_FACE('',(#2541),#2552,.F.);
#2541 = FACE_BOUND('',#2542,.F.);
#2542 = EDGE_LOOP('',(#2543,#2549,#2550,#2551));
#2543 = ORIENTED_EDGE('',*,*,#2544,.T.);
#2544 = EDGE_CURVE('',#1195,#1688,#2545,.T.);
#2545 = LINE('',#2546,#2547);
#2546 = CARTESIAN_POINT('',(1.27,-11.684,0.));
#2547 = VECTOR('',#2548,1.);
#2548 = DIRECTION('',(0.,0.,1.));
#2549 = ORIENTED_EDGE('',*,*,#1695,.T.);
#2550 = ORIENTED_EDGE('',*,*,#2510,.F.);
#2551 = ORIENTED_EDGE('',*,*,#1202,.F.);
#2552 = PLANE('',#2553);
#2553 = AXIS2_PLACEMENT_3D('',#2554,#2555,#2556);
#2554 = CARTESIAN_POINT('',(1.27,-11.684,0.));
#2555 = DIRECTION('',(-0.707106781187,-0.707106781187,0.));
#2556 = DIRECTION('',(-0.707106781187,0.707106781187,0.));
#2557 = ADVANCED_FACE('',(#2558),#2569,.F.);
#2558 = FACE_BOUND('',#2559,.F.);
#2559 = EDGE_LOOP('',(#2560,#2561,#2562,#2568));
#2560 = ORIENTED_EDGE('',*,*,#2529,.T.);
#2561 = ORIENTED_EDGE('',*,*,#1663,.T.);
#2562 = ORIENTED_EDGE('',*,*,#2563,.F.);
#2563 = EDGE_CURVE('',#1171,#1664,#2564,.T.);
#2564 = LINE('',#2565,#2566);
#2565 = CARTESIAN_POINT('',(-1.016,-13.97,0.));
#2566 = VECTOR('',#2567,1.);
#2567 = DIRECTION('',(0.,0.,1.));
#2568 = ORIENTED_EDGE('',*,*,#1170,.F.);
#2569 = PLANE('',#2570);
#2570 = AXIS2_PLACEMENT_3D('',#2571,#2572,#2573);
#2571 = CARTESIAN_POINT('',(-1.27,-13.716,0.));
#2572 = DIRECTION('',(0.707106781187,0.707106781187,0.));
#2573 = DIRECTION('',(0.707106781187,-0.707106781187,0.));
#2574 = ADVANCED_FACE('',(#2575),#2586,.F.);
#2575 = FACE_BOUND('',#2576,.F.);
#2576 = EDGE_LOOP('',(#2577,#2583,#2584,#2585));
#2577 = ORIENTED_EDGE('',*,*,#2578,.T.);
#2578 = EDGE_CURVE('',#1187,#1680,#2579,.T.);
#2579 = LINE('',#2580,#2581);
#2580 = CARTESIAN_POINT('',(1.27,-13.716,0.));
#2581 = VECTOR('',#2582,1.);
#2582 = DIRECTION('',(0.,0.,1.));
#2583 = ORIENTED_EDGE('',*,*,#1687,.T.);
#2584 = ORIENTED_EDGE('',*,*,#2544,.F.);
#2585 = ORIENTED_EDGE('',*,*,#1194,.F.);
#2586 = PLANE('',#2587);
#2587 = AXIS2_PLACEMENT_3D('',#2588,#2589,#2590);
#2588 = CARTESIAN_POINT('',(1.27,-13.716,0.));
#2589 = DIRECTION('',(-1.,0.,0.));
#2590 = DIRECTION('',(0.,1.,0.));
#2591 = ADVANCED_FACE('',(#2592),#2603,.F.);
#2592 = FACE_BOUND('',#2593,.F.);
#2593 = EDGE_LOOP('',(#2594,#2595,#2596,#2602));
#2594 = ORIENTED_EDGE('',*,*,#2563,.T.);
#2595 = ORIENTED_EDGE('',*,*,#1671,.T.);
#2596 = ORIENTED_EDGE('',*,*,#2597,.F.);
#2597 = EDGE_CURVE('',#1179,#1672,#2598,.T.);
#2598 = LINE('',#2599,#2600);
#2599 = CARTESIAN_POINT('',(1.016,-13.97,0.));
#2600 = VECTOR('',#2601,1.);
#2601 = DIRECTION('',(0.,0.,1.));
#2602 = ORIENTED_EDGE('',*,*,#1178,.F.);
#2603 = PLANE('',#2604);
#2604 = AXIS2_PLACEMENT_3D('',#2605,#2606,#2607);
#2605 = CARTESIAN_POINT('',(-1.016,-13.97,0.));
#2606 = DIRECTION('',(0.,1.,0.));
#2607 = DIRECTION('',(1.,0.,0.));
#2608 = ADVANCED_FACE('',(#2609),#2615,.F.);
#2609 = FACE_BOUND('',#2610,.F.);
#2610 = EDGE_LOOP('',(#2611,#2612,#2613,#2614));
#2611 = ORIENTED_EDGE('',*,*,#2597,.T.);
#2612 = ORIENTED_EDGE('',*,*,#1679,.T.);
#2613 = ORIENTED_EDGE('',*,*,#2578,.F.);
#2614 = ORIENTED_EDGE('',*,*,#1186,.F.);
#2615 = PLANE('',#2616);
#2616 = AXIS2_PLACEMENT_3D('',#2617,#2618,#2619);
#2617 = CARTESIAN_POINT('',(1.016,-13.97,0.));
#2618 = DIRECTION('',(-0.707106781187,0.707106781187,0.));
#2619 = DIRECTION('',(0.707106781187,0.707106781187,0.));
#2620 = ADVANCED_FACE('',(#2621),#2646,.T.);
#2621 = FACE_BOUND('',#2622,.T.);
#2622 = EDGE_LOOP('',(#2623,#2631,#2639,#2645));
#2623 = ORIENTED_EDGE('',*,*,#2624,.F.);
#2624 = EDGE_CURVE('',#2625,#1332,#2627,.T.);
#2625 = VERTEX_POINT('',#2626);
#2626 = CARTESIAN_POINT('',(0.32,-0.32,-2.84));
#2627 = LINE('',#2628,#2629);
#2628 = CARTESIAN_POINT('',(0.32,-0.32,-3.));
#2629 = VECTOR('',#2630,1.);
#2630 = DIRECTION('',(0.,0.,1.));
#2631 = ORIENTED_EDGE('',*,*,#2632,.T.);
#2632 = EDGE_CURVE('',#2625,#2633,#2635,.T.);
#2633 = VERTEX_POINT('',#2634);
#2634 = CARTESIAN_POINT('',(0.32,0.32,-2.84));
#2635 = LINE('',#2636,#2637);
#2636 = CARTESIAN_POINT('',(0.32,-0.32,-2.84));
#2637 = VECTOR('',#2638,1.);
#2638 = DIRECTION('',(0.,1.,0.));
#2639 = ORIENTED_EDGE('',*,*,#2640,.T.);
#2640 = EDGE_CURVE('',#2633,#1334,#2641,.T.);
#2641 = LINE('',#2642,#2643);
#2642 = CARTESIAN_POINT('',(0.32,0.32,-3.));
#2643 = VECTOR('',#2644,1.);
#2644 = DIRECTION('',(0.,0.,1.));
#2645 = ORIENTED_EDGE('',*,*,#1331,.F.);
#2646 = PLANE('',#2647);
#2647 = AXIS2_PLACEMENT_3D('',#2648,#2649,#2650);
#2648 = CARTESIAN_POINT('',(0.32,-0.32,-3.));
#2649 = DIRECTION('',(1.,0.,0.));
#2650 = DIRECTION('',(0.,0.,1.));
#2651 = ADVANCED_FACE('',(#2652),#2670,.T.);
#2652 = FACE_BOUND('',#2653,.T.);
#2653 = EDGE_LOOP('',(#2654,#2655,#2663,#2669));
#2654 = ORIENTED_EDGE('',*,*,#2640,.F.);
#2655 = ORIENTED_EDGE('',*,*,#2656,.F.);
#2656 = EDGE_CURVE('',#2657,#2633,#2659,.T.);
#2657 = VERTEX_POINT('',#2658);
#2658 = CARTESIAN_POINT('',(-0.32,0.32,-2.84));
#2659 = LINE('',#2660,#2661);
#2660 = CARTESIAN_POINT('',(-0.32,0.32,-2.84));
#2661 = VECTOR('',#2662,1.);
#2662 = DIRECTION('',(1.,0.,0.));
#2663 = ORIENTED_EDGE('',*,*,#2664,.T.);
#2664 = EDGE_CURVE('',#2657,#1350,#2665,.T.);
#2665 = LINE('',#2666,#2667);
#2666 = CARTESIAN_POINT('',(-0.32,0.32,-3.));
#2667 = VECTOR('',#2668,1.);
#2668 = DIRECTION('',(0.,0.,1.));
#2669 = ORIENTED_EDGE('',*,*,#1357,.F.);
#2670 = PLANE('',#2671);
#2671 = AXIS2_PLACEMENT_3D('',#2672,#2673,#2674);
#2672 = CARTESIAN_POINT('',(-0.32,0.32,-3.));
#2673 = DIRECTION('',(0.,1.,0.));
#2674 = DIRECTION('',(0.,-0.,1.));
#2675 = ADVANCED_FACE('',(#2676),#2694,.F.);
#2676 = FACE_BOUND('',#2677,.F.);
#2677 = EDGE_LOOP('',(#2678,#2686,#2692,#2693));
#2678 = ORIENTED_EDGE('',*,*,#2679,.F.);
#2679 = EDGE_CURVE('',#2680,#1342,#2682,.T.);
#2680 = VERTEX_POINT('',#2681);
#2681 = CARTESIAN_POINT('',(-0.32,-0.32,-2.84));
#2682 = LINE('',#2683,#2684);
#2683 = CARTESIAN_POINT('',(-0.32,-0.32,-3.));
#2684 = VECTOR('',#2685,1.);
#2685 = DIRECTION('',(0.,0.,1.));
#2686 = ORIENTED_EDGE('',*,*,#2687,.T.);
#2687 = EDGE_CURVE('',#2680,#2657,#2688,.T.);
#2688 = LINE('',#2689,#2690);
#2689 = CARTESIAN_POINT('',(-0.32,-0.32,-2.84));
#2690 = VECTOR('',#2691,1.);
#2691 = DIRECTION('',(0.,1.,0.));
#2692 = ORIENTED_EDGE('',*,*,#2664,.T.);
#2693 = ORIENTED_EDGE('',*,*,#1349,.F.);
#2694 = PLANE('',#2695);
#2695 = AXIS2_PLACEMENT_3D('',#2696,#2697,#2698);
#2696 = CARTESIAN_POINT('',(-0.32,-0.32,-3.));
#2697 = DIRECTION('',(1.,0.,0.));
#2698 = DIRECTION('',(0.,0.,1.));
#2699 = ADVANCED_FACE('',(#2700),#2711,.F.);
#2700 = FACE_BOUND('',#2701,.F.);
#2701 = EDGE_LOOP('',(#2702,#2703,#2709,#2710));
#2702 = ORIENTED_EDGE('',*,*,#2624,.F.);
#2703 = ORIENTED_EDGE('',*,*,#2704,.F.);
#2704 = EDGE_CURVE('',#2680,#2625,#2705,.T.);
#2705 = LINE('',#2706,#2707);
#2706 = CARTESIAN_POINT('',(-0.32,-0.32,-2.84));
#2707 = VECTOR('',#2708,1.);
#2708 = DIRECTION('',(1.,0.,0.));
#2709 = ORIENTED_EDGE('',*,*,#2679,.T.);
#2710 = ORIENTED_EDGE('',*,*,#1341,.F.);
#2711 = PLANE('',#2712);
#2712 = AXIS2_PLACEMENT_3D('',#2713,#2714,#2715);
#2713 = CARTESIAN_POINT('',(-0.32,-0.32,-3.));
#2714 = DIRECTION('',(0.,1.,0.));
#2715 = DIRECTION('',(0.,-0.,1.));
#2716 = ADVANCED_FACE('',(#2717),#2742,.T.);
#2717 = FACE_BOUND('',#2718,.T.);
#2718 = EDGE_LOOP('',(#2719,#2727,#2735,#2741));
#2719 = ORIENTED_EDGE('',*,*,#2720,.F.);
#2720 = EDGE_CURVE('',#2721,#1366,#2723,.T.);
#2721 = VERTEX_POINT('',#2722);
#2722 = CARTESIAN_POINT('',(0.32,-5.4,-2.84));
#2723 = LINE('',#2724,#2725);
#2724 = CARTESIAN_POINT('',(0.32,-5.4,-3.));
#2725 = VECTOR('',#2726,1.);
#2726 = DIRECTION('',(0.,0.,1.));
#2727 = ORIENTED_EDGE('',*,*,#2728,.T.);
#2728 = EDGE_CURVE('',#2721,#2729,#2731,.T.);
#2729 = VERTEX_POINT('',#2730);
#2730 = CARTESIAN_POINT('',(0.32,-4.76,-2.84));
#2731 = LINE('',#2732,#2733);
#2732 = CARTESIAN_POINT('',(0.32,-5.4,-2.84));
#2733 = VECTOR('',#2734,1.);
#2734 = DIRECTION('',(0.,1.,0.));
#2735 = ORIENTED_EDGE('',*,*,#2736,.T.);
#2736 = EDGE_CURVE('',#2729,#1368,#2737,.T.);
#2737 = LINE('',#2738,#2739);
#2738 = CARTESIAN_POINT('',(0.32,-4.76,-3.));
#2739 = VECTOR('',#2740,1.);
#2740 = DIRECTION('',(0.,0.,1.));
#2741 = ORIENTED_EDGE('',*,*,#1365,.F.);
#2742 = PLANE('',#2743);
#2743 = AXIS2_PLACEMENT_3D('',#2744,#2745,#2746);
#2744 = CARTESIAN_POINT('',(0.32,-5.4,-3.));
#2745 = DIRECTION('',(1.,0.,0.));
#2746 = DIRECTION('',(0.,0.,1.));
#2747 = ADVANCED_FACE('',(#2748),#2766,.T.);
#2748 = FACE_BOUND('',#2749,.T.);
#2749 = EDGE_LOOP('',(#2750,#2751,#2759,#2765));
#2750 = ORIENTED_EDGE('',*,*,#2736,.F.);
#2751 = ORIENTED_EDGE('',*,*,#2752,.F.);
#2752 = EDGE_CURVE('',#2753,#2729,#2755,.T.);
#2753 = VERTEX_POINT('',#2754);
#2754 = CARTESIAN_POINT('',(-0.32,-4.76,-2.84));
#2755 = LINE('',#2756,#2757);
#2756 = CARTESIAN_POINT('',(-0.32,-4.76,-2.84));
#2757 = VECTOR('',#2758,1.);
#2758 = DIRECTION('',(1.,0.,0.));
#2759 = ORIENTED_EDGE('',*,*,#2760,.T.);
#2760 = EDGE_CURVE('',#2753,#1384,#2761,.T.);
#2761 = LINE('',#2762,#2763);
#2762 = CARTESIAN_POINT('',(-0.32,-4.76,-3.));
#2763 = VECTOR('',#2764,1.);
#2764 = DIRECTION('',(0.,0.,1.));
#2765 = ORIENTED_EDGE('',*,*,#1391,.F.);
#2766 = PLANE('',#2767);
#2767 = AXIS2_PLACEMENT_3D('',#2768,#2769,#2770);
#2768 = CARTESIAN_POINT('',(-0.32,-4.76,-3.));
#2769 = DIRECTION('',(0.,1.,0.));
#2770 = DIRECTION('',(0.,-0.,1.));
#2771 = ADVANCED_FACE('',(#2772),#2790,.F.);
#2772 = FACE_BOUND('',#2773,.F.);
#2773 = EDGE_LOOP('',(#2774,#2782,#2788,#2789));
#2774 = ORIENTED_EDGE('',*,*,#2775,.F.);
#2775 = EDGE_CURVE('',#2776,#1376,#2778,.T.);
#2776 = VERTEX_POINT('',#2777);
#2777 = CARTESIAN_POINT('',(-0.32,-5.4,-2.84));
#2778 = LINE('',#2779,#2780);
#2779 = CARTESIAN_POINT('',(-0.32,-5.4,-3.));
#2780 = VECTOR('',#2781,1.);
#2781 = DIRECTION('',(0.,0.,1.));
#2782 = ORIENTED_EDGE('',*,*,#2783,.T.);
#2783 = EDGE_CURVE('',#2776,#2753,#2784,.T.);
#2784 = LINE('',#2785,#2786);
#2785 = CARTESIAN_POINT('',(-0.32,-5.4,-2.84));
#2786 = VECTOR('',#2787,1.);
#2787 = DIRECTION('',(0.,1.,0.));
#2788 = ORIENTED_EDGE('',*,*,#2760,.T.);
#2789 = ORIENTED_EDGE('',*,*,#1383,.F.);
#2790 = PLANE('',#2791);
#2791 = AXIS2_PLACEMENT_3D('',#2792,#2793,#2794);
#2792 = CARTESIAN_POINT('',(-0.32,-5.4,-3.));
#2793 = DIRECTION('',(1.,0.,0.));
#2794 = DIRECTION('',(0.,0.,1.));
#2795 = ADVANCED_FACE('',(#2796),#2807,.F.);
#2796 = FACE_BOUND('',#2797,.F.);
#2797 = EDGE_LOOP('',(#2798,#2799,#2805,#2806));
#2798 = ORIENTED_EDGE('',*,*,#2720,.F.);
#2799 = ORIENTED_EDGE('',*,*,#2800,.F.);
#2800 = EDGE_CURVE('',#2776,#2721,#2801,.T.);
#2801 = LINE('',#2802,#2803);
#2802 = CARTESIAN_POINT('',(-0.32,-5.4,-2.84));
#2803 = VECTOR('',#2804,1.);
#2804 = DIRECTION('',(1.,0.,0.));
#2805 = ORIENTED_EDGE('',*,*,#2775,.T.);
#2806 = ORIENTED_EDGE('',*,*,#1375,.F.);
#2807 = PLANE('',#2808);
#2808 = AXIS2_PLACEMENT_3D('',#2809,#2810,#2811);
#2809 = CARTESIAN_POINT('',(-0.32,-5.4,-3.));
#2810 = DIRECTION('',(0.,1.,0.));
#2811 = DIRECTION('',(0.,-0.,1.));
#2812 = ADVANCED_FACE('',(#2813),#2838,.T.);
#2813 = FACE_BOUND('',#2814,.T.);
#2814 = EDGE_LOOP('',(#2815,#2823,#2831,#2837));
#2815 = ORIENTED_EDGE('',*,*,#2816,.F.);
#2816 = EDGE_CURVE('',#2817,#1400,#2819,.T.);
#2817 = VERTEX_POINT('',#2818);
#2818 = CARTESIAN_POINT('',(0.32,-2.86,-2.84));
#2819 = LINE('',#2820,#2821);
#2820 = CARTESIAN_POINT('',(0.32,-2.86,-3.));
#2821 = VECTOR('',#2822,1.);
#2822 = DIRECTION('',(0.,0.,1.));
#2823 = ORIENTED_EDGE('',*,*,#2824,.T.);
#2824 = EDGE_CURVE('',#2817,#2825,#2827,.T.);
#2825 = VERTEX_POINT('',#2826);
#2826 = CARTESIAN_POINT('',(0.32,-2.22,-2.84));
#2827 = LINE('',#2828,#2829);
#2828 = CARTESIAN_POINT('',(0.32,-2.86,-2.84));
#2829 = VECTOR('',#2830,1.);
#2830 = DIRECTION('',(0.,1.,0.));
#2831 = ORIENTED_EDGE('',*,*,#2832,.T.);
#2832 = EDGE_CURVE('',#2825,#1402,#2833,.T.);
#2833 = LINE('',#2834,#2835);
#2834 = CARTESIAN_POINT('',(0.32,-2.22,-3.));
#2835 = VECTOR('',#2836,1.);
#2836 = DIRECTION('',(0.,0.,1.));
#2837 = ORIENTED_EDGE('',*,*,#1399,.F.);
#2838 = PLANE('',#2839);
#2839 = AXIS2_PLACEMENT_3D('',#2840,#2841,#2842);
#2840 = CARTESIAN_POINT('',(0.32,-2.86,-3.));
#2841 = DIRECTION('',(1.,0.,0.));
#2842 = DIRECTION('',(0.,0.,1.));
#2843 = ADVANCED_FACE('',(#2844),#2862,.T.);
#2844 = FACE_BOUND('',#2845,.T.);
#2845 = EDGE_LOOP('',(#2846,#2847,#2855,#2861));
#2846 = ORIENTED_EDGE('',*,*,#2832,.F.);
#2847 = ORIENTED_EDGE('',*,*,#2848,.F.);
#2848 = EDGE_CURVE('',#2849,#2825,#2851,.T.);
#2849 = VERTEX_POINT('',#2850);
#2850 = CARTESIAN_POINT('',(-0.32,-2.22,-2.84));
#2851 = LINE('',#2852,#2853);
#2852 = CARTESIAN_POINT('',(-0.32,-2.22,-2.84));
#2853 = VECTOR('',#2854,1.);
#2854 = DIRECTION('',(1.,0.,0.));
#2855 = ORIENTED_EDGE('',*,*,#2856,.T.);
#2856 = EDGE_CURVE('',#2849,#1418,#2857,.T.);
#2857 = LINE('',#2858,#2859);
#2858 = CARTESIAN_POINT('',(-0.32,-2.22,-3.));
#2859 = VECTOR('',#2860,1.);
#2860 = DIRECTION('',(0.,0.,1.));
#2861 = ORIENTED_EDGE('',*,*,#1425,.F.);
#2862 = PLANE('',#2863);
#2863 = AXIS2_PLACEMENT_3D('',#2864,#2865,#2866);
#2864 = CARTESIAN_POINT('',(-0.32,-2.22,-3.));
#2865 = DIRECTION('',(0.,1.,0.));
#2866 = DIRECTION('',(0.,-0.,1.));
#2867 = ADVANCED_FACE('',(#2868),#2886,.F.);
#2868 = FACE_BOUND('',#2869,.F.);
#2869 = EDGE_LOOP('',(#2870,#2878,#2884,#2885));
#2870 = ORIENTED_EDGE('',*,*,#2871,.F.);
#2871 = EDGE_CURVE('',#2872,#1410,#2874,.T.);
#2872 = VERTEX_POINT('',#2873);
#2873 = CARTESIAN_POINT('',(-0.32,-2.86,-2.84));
#2874 = LINE('',#2875,#2876);
#2875 = CARTESIAN_POINT('',(-0.32,-2.86,-3.));
#2876 = VECTOR('',#2877,1.);
#2877 = DIRECTION('',(0.,0.,1.));
#2878 = ORIENTED_EDGE('',*,*,#2879,.T.);
#2879 = EDGE_CURVE('',#2872,#2849,#2880,.T.);
#2880 = LINE('',#2881,#2882);
#2881 = CARTESIAN_POINT('',(-0.32,-2.86,-2.84));
#2882 = VECTOR('',#2883,1.);
#2883 = DIRECTION('',(0.,1.,0.));
#2884 = ORIENTED_EDGE('',*,*,#2856,.T.);
#2885 = ORIENTED_EDGE('',*,*,#1417,.F.);
#2886 = PLANE('',#2887);
#2887 = AXIS2_PLACEMENT_3D('',#2888,#2889,#2890);
#2888 = CARTESIAN_POINT('',(-0.32,-2.86,-3.));
#2889 = DIRECTION('',(1.,0.,0.));
#2890 = DIRECTION('',(0.,0.,1.));
#2891 = ADVANCED_FACE('',(#2892),#2903,.F.);
#2892 = FACE_BOUND('',#2893,.F.);
#2893 = EDGE_LOOP('',(#2894,#2895,#2901,#2902));
#2894 = ORIENTED_EDGE('',*,*,#2816,.F.);
#2895 = ORIENTED_EDGE('',*,*,#2896,.F.);
#2896 = EDGE_CURVE('',#2872,#2817,#2897,.T.);
#2897 = LINE('',#2898,#2899);
#2898 = CARTESIAN_POINT('',(-0.32,-2.86,-2.84));
#2899 = VECTOR('',#2900,1.);
#2900 = DIRECTION('',(1.,0.,0.));
#2901 = ORIENTED_EDGE('',*,*,#2871,.T.);
#2902 = ORIENTED_EDGE('',*,*,#1409,.F.);
#2903 = PLANE('',#2904);
#2904 = AXIS2_PLACEMENT_3D('',#2905,#2906,#2907);
#2905 = CARTESIAN_POINT('',(-0.32,-2.86,-3.));
#2906 = DIRECTION('',(0.,1.,0.));
#2907 = DIRECTION('',(0.,-0.,1.));
#2908 = ADVANCED_FACE('',(#2909),#2934,.F.);
#2909 = FACE_BOUND('',#2910,.F.);
#2910 = EDGE_LOOP('',(#2911,#2919,#2927,#2933));
#2911 = ORIENTED_EDGE('',*,*,#2912,.F.);
#2912 = EDGE_CURVE('',#2913,#1434,#2915,.T.);
#2913 = VERTEX_POINT('',#2914);
#2914 = CARTESIAN_POINT('',(0.32,-13.02,-2.84));
#2915 = LINE('',#2916,#2917);
#2916 = CARTESIAN_POINT('',(0.32,-13.02,-3.));
#2917 = VECTOR('',#2918,1.);
#2918 = DIRECTION('',(0.,0.,1.));
#2919 = ORIENTED_EDGE('',*,*,#2920,.F.);
#2920 = EDGE_CURVE('',#2921,#2913,#2923,.T.);
#2921 = VERTEX_POINT('',#2922);
#2922 = CARTESIAN_POINT('',(-0.32,-13.02,-2.84));
#2923 = LINE('',#2924,#2925);
#2924 = CARTESIAN_POINT('',(-0.32,-13.02,-2.84));
#2925 = VECTOR('',#2926,1.);
#2926 = DIRECTION('',(1.,0.,0.));
#2927 = ORIENTED_EDGE('',*,*,#2928,.T.);
#2928 = EDGE_CURVE('',#2921,#1436,#2929,.T.);
#2929 = LINE('',#2930,#2931);
#2930 = CARTESIAN_POINT('',(-0.32,-13.02,-3.));
#2931 = VECTOR('',#2932,1.);
#2932 = DIRECTION('',(0.,0.,1.));
#2933 = ORIENTED_EDGE('',*,*,#1433,.F.);
#2934 = PLANE('',#2935);
#2935 = AXIS2_PLACEMENT_3D('',#2936,#2937,#2938);
#2936 = CARTESIAN_POINT('',(-0.32,-13.02,-3.));
#2937 = DIRECTION('',(0.,1.,0.));
#2938 = DIRECTION('',(0.,-0.,1.));
#2939 = ADVANCED_FACE('',(#2940),#2958,.T.);
#2940 = FACE_BOUND('',#2941,.T.);
#2941 = EDGE_LOOP('',(#2942,#2943,#2951,#2957));
#2942 = ORIENTED_EDGE('',*,*,#2912,.F.);
#2943 = ORIENTED_EDGE('',*,*,#2944,.T.);
#2944 = EDGE_CURVE('',#2913,#2945,#2947,.T.);
#2945 = VERTEX_POINT('',#2946);
#2946 = CARTESIAN_POINT('',(0.32,-12.38,-2.84));
#2947 = LINE('',#2948,#2949);
#2948 = CARTESIAN_POINT('',(0.32,-13.02,-2.84));
#2949 = VECTOR('',#2950,1.);
#2950 = DIRECTION('',(0.,1.,0.));
#2951 = ORIENTED_EDGE('',*,*,#2952,.T.);
#2952 = EDGE_CURVE('',#2945,#1452,#2953,.T.);
#2953 = LINE('',#2954,#2955);
#2954 = CARTESIAN_POINT('',(0.32,-12.38,-3.));
#2955 = VECTOR('',#2956,1.);
#2956 = DIRECTION('',(0.,0.,1.));
#2957 = ORIENTED_EDGE('',*,*,#1459,.F.);
#2958 = PLANE('',#2959);
#2959 = AXIS2_PLACEMENT_3D('',#2960,#2961,#2962);
#2960 = CARTESIAN_POINT('',(0.32,-13.02,-3.));
#2961 = DIRECTION('',(1.,0.,0.));
#2962 = DIRECTION('',(0.,0.,1.));
#2963 = ADVANCED_FACE('',(#2964),#2982,.T.);
#2964 = FACE_BOUND('',#2965,.T.);
#2965 = EDGE_LOOP('',(#2966,#2967,#2975,#2981));
#2966 = ORIENTED_EDGE('',*,*,#2952,.F.);
#2967 = ORIENTED_EDGE('',*,*,#2968,.F.);
#2968 = EDGE_CURVE('',#2969,#2945,#2971,.T.);
#2969 = VERTEX_POINT('',#2970);
#2970 = CARTESIAN_POINT('',(-0.32,-12.38,-2.84));
#2971 = LINE('',#2972,#2973);
#2972 = CARTESIAN_POINT('',(-0.32,-12.38,-2.84));
#2973 = VECTOR('',#2974,1.);
#2974 = DIRECTION('',(1.,0.,0.));
#2975 = ORIENTED_EDGE('',*,*,#2976,.T.);
#2976 = EDGE_CURVE('',#2969,#1444,#2977,.T.);
#2977 = LINE('',#2978,#2979);
#2978 = CARTESIAN_POINT('',(-0.32,-12.38,-3.));
#2979 = VECTOR('',#2980,1.);
#2980 = DIRECTION('',(0.,0.,1.));
#2981 = ORIENTED_EDGE('',*,*,#1451,.F.);
#2982 = PLANE('',#2983);
#2983 = AXIS2_PLACEMENT_3D('',#2984,#2985,#2986);
#2984 = CARTESIAN_POINT('',(-0.32,-12.38,-3.));
#2985 = DIRECTION('',(0.,1.,0.));
#2986 = DIRECTION('',(0.,-0.,1.));
#2987 = ADVANCED_FACE('',(#2988),#2999,.F.);
#2988 = FACE_BOUND('',#2989,.F.);
#2989 = EDGE_LOOP('',(#2990,#2991,#2997,#2998));
#2990 = ORIENTED_EDGE('',*,*,#2928,.F.);
#2991 = ORIENTED_EDGE('',*,*,#2992,.T.);
#2992 = EDGE_CURVE('',#2921,#2969,#2993,.T.);
#2993 = LINE('',#2994,#2995);
#2994 = CARTESIAN_POINT('',(-0.32,-13.02,-2.84));
#2995 = VECTOR('',#2996,1.);
#2996 = DIRECTION('',(0.,1.,0.));
#2997 = ORIENTED_EDGE('',*,*,#2976,.T.);
#2998 = ORIENTED_EDGE('',*,*,#1443,.F.);
#2999 = PLANE('',#3000);
#3000 = AXIS2_PLACEMENT_3D('',#3001,#3002,#3003);
#3001 = CARTESIAN_POINT('',(-0.32,-13.02,-3.));
#3002 = DIRECTION('',(1.,0.,0.));
#3003 = DIRECTION('',(0.,0.,1.));
#3004 = ADVANCED_FACE('',(#3005),#3030,.T.);
#3005 = FACE_BOUND('',#3006,.T.);
#3006 = EDGE_LOOP('',(#3007,#3015,#3023,#3029));
#3007 = ORIENTED_EDGE('',*,*,#3008,.F.);
#3008 = EDGE_CURVE('',#3009,#1468,#3011,.T.);
#3009 = VERTEX_POINT('',#3010);
#3010 = CARTESIAN_POINT('',(0.32,-9.84,-2.84));
#3011 = LINE('',#3012,#3013);
#3012 = CARTESIAN_POINT('',(0.32,-9.84,-3.));
#3013 = VECTOR('',#3014,1.);
#3014 = DIRECTION('',(0.,0.,1.));
#3015 = ORIENTED_EDGE('',*,*,#3016,.F.);
#3016 = EDGE_CURVE('',#3017,#3009,#3019,.T.);
#3017 = VERTEX_POINT('',#3018);
#3018 = CARTESIAN_POINT('',(-0.32,-9.84,-2.84));
#3019 = LINE('',#3020,#3021);
#3020 = CARTESIAN_POINT('',(-0.32,-9.84,-2.84));
#3021 = VECTOR('',#3022,1.);
#3022 = DIRECTION('',(1.,0.,0.));
#3023 = ORIENTED_EDGE('',*,*,#3024,.T.);
#3024 = EDGE_CURVE('',#3017,#1470,#3025,.T.);
#3025 = LINE('',#3026,#3027);
#3026 = CARTESIAN_POINT('',(-0.32,-9.84,-3.));
#3027 = VECTOR('',#3028,1.);
#3028 = DIRECTION('',(0.,0.,1.));
#3029 = ORIENTED_EDGE('',*,*,#1467,.F.);
#3030 = PLANE('',#3031);
#3031 = AXIS2_PLACEMENT_3D('',#3032,#3033,#3034);
#3032 = CARTESIAN_POINT('',(-0.32,-9.84,-3.));
#3033 = DIRECTION('',(0.,1.,0.));
#3034 = DIRECTION('',(0.,-0.,1.));
#3035 = ADVANCED_FACE('',(#3036),#3054,.F.);
#3036 = FACE_BOUND('',#3037,.F.);
#3037 = EDGE_LOOP('',(#3038,#3046,#3052,#3053));
#3038 = ORIENTED_EDGE('',*,*,#3039,.F.);
#3039 = EDGE_CURVE('',#3040,#1486,#3042,.T.);
#3040 = VERTEX_POINT('',#3041);
#3041 = CARTESIAN_POINT('',(-0.32,-10.48,-2.84));
#3042 = LINE('',#3043,#3044);
#3043 = CARTESIAN_POINT('',(-0.32,-10.48,-3.));
#3044 = VECTOR('',#3045,1.);
#3045 = DIRECTION('',(0.,0.,1.));
#3046 = ORIENTED_EDGE('',*,*,#3047,.T.);
#3047 = EDGE_CURVE('',#3040,#3017,#3048,.T.);
#3048 = LINE('',#3049,#3050);
#3049 = CARTESIAN_POINT('',(-0.32,-10.48,-2.84));
#3050 = VECTOR('',#3051,1.);
#3051 = DIRECTION('',(0.,1.,0.));
#3052 = ORIENTED_EDGE('',*,*,#3024,.T.);
#3053 = ORIENTED_EDGE('',*,*,#1493,.F.);
#3054 = PLANE('',#3055);
#3055 = AXIS2_PLACEMENT_3D('',#3056,#3057,#3058);
#3056 = CARTESIAN_POINT('',(-0.32,-10.48,-3.));
#3057 = DIRECTION('',(1.,0.,0.));
#3058 = DIRECTION('',(0.,0.,1.));
#3059 = ADVANCED_FACE('',(#3060),#3078,.F.);
#3060 = FACE_BOUND('',#3061,.F.);
#3061 = EDGE_LOOP('',(#3062,#3070,#3076,#3077));
#3062 = ORIENTED_EDGE('',*,*,#3063,.F.);
#3063 = EDGE_CURVE('',#3064,#1478,#3066,.T.);
#3064 = VERTEX_POINT('',#3065);
#3065 = CARTESIAN_POINT('',(0.32,-10.48,-2.84));
#3066 = LINE('',#3067,#3068);
#3067 = CARTESIAN_POINT('',(0.32,-10.48,-3.));
#3068 = VECTOR('',#3069,1.);
#3069 = DIRECTION('',(0.,0.,1.));
#3070 = ORIENTED_EDGE('',*,*,#3071,.F.);
#3071 = EDGE_CURVE('',#3040,#3064,#3072,.T.);
#3072 = LINE('',#3073,#3074);
#3073 = CARTESIAN_POINT('',(-0.32,-10.48,-2.84));
#3074 = VECTOR('',#3075,1.);
#3075 = DIRECTION('',(1.,0.,0.));
#3076 = ORIENTED_EDGE('',*,*,#3039,.T.);
#3077 = ORIENTED_EDGE('',*,*,#1485,.F.);
#3078 = PLANE('',#3079);
#3079 = AXIS2_PLACEMENT_3D('',#3080,#3081,#3082);
#3080 = CARTESIAN_POINT('',(-0.32,-10.48,-3.));
#3081 = DIRECTION('',(0.,1.,0.));
#3082 = DIRECTION('',(0.,-0.,1.));
#3083 = ADVANCED_FACE('',(#3084),#3095,.T.);
#3084 = FACE_BOUND('',#3085,.T.);
#3085 = EDGE_LOOP('',(#3086,#3087,#3093,#3094));
#3086 = ORIENTED_EDGE('',*,*,#3063,.F.);
#3087 = ORIENTED_EDGE('',*,*,#3088,.T.);
#3088 = EDGE_CURVE('',#3064,#3009,#3089,.T.);
#3089 = LINE('',#3090,#3091);
#3090 = CARTESIAN_POINT('',(0.32,-10.48,-2.84));
#3091 = VECTOR('',#3092,1.);
#3092 = DIRECTION('',(0.,1.,0.));
#3093 = ORIENTED_EDGE('',*,*,#3008,.T.);
#3094 = ORIENTED_EDGE('',*,*,#1477,.F.);
#3095 = PLANE('',#3096);
#3096 = AXIS2_PLACEMENT_3D('',#3097,#3098,#3099);
#3097 = CARTESIAN_POINT('',(0.32,-10.48,-3.));
#3098 = DIRECTION('',(1.,0.,0.));
#3099 = DIRECTION('',(0.,0.,1.));
#3100 = ADVANCED_FACE('',(#3101),#3126,.F.);
#3101 = FACE_BOUND('',#3102,.F.);
#3102 = EDGE_LOOP('',(#3103,#3111,#3119,#3125));
#3103 = ORIENTED_EDGE('',*,*,#3104,.F.);
#3104 = EDGE_CURVE('',#3105,#1502,#3107,.T.);
#3105 = VERTEX_POINT('',#3106);
#3106 = CARTESIAN_POINT('',(0.32,-7.94,-2.84));
#3107 = LINE('',#3108,#3109);
#3108 = CARTESIAN_POINT('',(0.32,-7.94,-3.));
#3109 = VECTOR('',#3110,1.);
#3110 = DIRECTION('',(0.,0.,1.));
#3111 = ORIENTED_EDGE('',*,*,#3112,.F.);
#3112 = EDGE_CURVE('',#3113,#3105,#3115,.T.);
#3113 = VERTEX_POINT('',#3114);
#3114 = CARTESIAN_POINT('',(-0.32,-7.94,-2.84));
#3115 = LINE('',#3116,#3117);
#3116 = CARTESIAN_POINT('',(-0.32,-7.94,-2.84));
#3117 = VECTOR('',#3118,1.);
#3118 = DIRECTION('',(1.,0.,0.));
#3119 = ORIENTED_EDGE('',*,*,#3120,.T.);
#3120 = EDGE_CURVE('',#3113,#1504,#3121,.T.);
#3121 = LINE('',#3122,#3123);
#3122 = CARTESIAN_POINT('',(-0.32,-7.94,-3.));
#3123 = VECTOR('',#3124,1.);
#3124 = DIRECTION('',(0.,0.,1.));
#3125 = ORIENTED_EDGE('',*,*,#1501,.F.);
#3126 = PLANE('',#3127);
#3127 = AXIS2_PLACEMENT_3D('',#3128,#3129,#3130);
#3128 = CARTESIAN_POINT('',(-0.32,-7.94,-3.));
#3129 = DIRECTION('',(0.,1.,0.));
#3130 = DIRECTION('',(0.,-0.,1.));
#3131 = ADVANCED_FACE('',(#3132),#3150,.T.);
#3132 = FACE_BOUND('',#3133,.T.);
#3133 = EDGE_LOOP('',(#3134,#3135,#3143,#3149));
#3134 = ORIENTED_EDGE('',*,*,#3104,.F.);
#3135 = ORIENTED_EDGE('',*,*,#3136,.T.);
#3136 = EDGE_CURVE('',#3105,#3137,#3139,.T.);
#3137 = VERTEX_POINT('',#3138);
#3138 = CARTESIAN_POINT('',(0.32,-7.3,-2.84));
#3139 = LINE('',#3140,#3141);
#3140 = CARTESIAN_POINT('',(0.32,-7.94,-2.84));
#3141 = VECTOR('',#3142,1.);
#3142 = DIRECTION('',(0.,1.,0.));
#3143 = ORIENTED_EDGE('',*,*,#3144,.T.);
#3144 = EDGE_CURVE('',#3137,#1520,#3145,.T.);
#3145 = LINE('',#3146,#3147);
#3146 = CARTESIAN_POINT('',(0.32,-7.3,-3.));
#3147 = VECTOR('',#3148,1.);
#3148 = DIRECTION('',(0.,0.,1.));
#3149 = ORIENTED_EDGE('',*,*,#1527,.F.);
#3150 = PLANE('',#3151);
#3151 = AXIS2_PLACEMENT_3D('',#3152,#3153,#3154);
#3152 = CARTESIAN_POINT('',(0.32,-7.94,-3.));
#3153 = DIRECTION('',(1.,0.,0.));
#3154 = DIRECTION('',(0.,0.,1.));
#3155 = ADVANCED_FACE('',(#3156),#3174,.T.);
#3156 = FACE_BOUND('',#3157,.T.);
#3157 = EDGE_LOOP('',(#3158,#3159,#3167,#3173));
#3158 = ORIENTED_EDGE('',*,*,#3144,.F.);
#3159 = ORIENTED_EDGE('',*,*,#3160,.F.);
#3160 = EDGE_CURVE('',#3161,#3137,#3163,.T.);
#3161 = VERTEX_POINT('',#3162);
#3162 = CARTESIAN_POINT('',(-0.32,-7.3,-2.84));
#3163 = LINE('',#3164,#3165);
#3164 = CARTESIAN_POINT('',(-0.32,-7.3,-2.84));
#3165 = VECTOR('',#3166,1.);
#3166 = DIRECTION('',(1.,0.,0.));
#3167 = ORIENTED_EDGE('',*,*,#3168,.T.);
#3168 = EDGE_CURVE('',#3161,#1512,#3169,.T.);
#3169 = LINE('',#3170,#3171);
#3170 = CARTESIAN_POINT('',(-0.32,-7.3,-3.));
#3171 = VECTOR('',#3172,1.);
#3172 = DIRECTION('',(0.,0.,1.));
#3173 = ORIENTED_EDGE('',*,*,#1519,.F.);
#3174 = PLANE('',#3175);
#3175 = AXIS2_PLACEMENT_3D('',#3176,#3177,#3178);
#3176 = CARTESIAN_POINT('',(-0.32,-7.3,-3.));
#3177 = DIRECTION('',(0.,1.,0.));
#3178 = DIRECTION('',(0.,-0.,1.));
#3179 = ADVANCED_FACE('',(#3180),#3191,.F.);
#3180 = FACE_BOUND('',#3181,.F.);
#3181 = EDGE_LOOP('',(#3182,#3183,#3189,#3190));
#3182 = ORIENTED_EDGE('',*,*,#3120,.F.);
#3183 = ORIENTED_EDGE('',*,*,#3184,.T.);
#3184 = EDGE_CURVE('',#3113,#3161,#3185,.T.);
#3185 = LINE('',#3186,#3187);
#3186 = CARTESIAN_POINT('',(-0.32,-7.94,-2.84));
#3187 = VECTOR('',#3188,1.);
#3188 = DIRECTION('',(0.,1.,0.));
#3189 = ORIENTED_EDGE('',*,*,#3168,.T.);
#3190 = ORIENTED_EDGE('',*,*,#1511,.F.);
#3191 = PLANE('',#3192);
#3192 = AXIS2_PLACEMENT_3D('',#3193,#3194,#3195);
#3193 = CARTESIAN_POINT('',(-0.32,-7.94,-3.));
#3194 = DIRECTION('',(1.,0.,0.));
#3195 = DIRECTION('',(0.,0.,1.));
#3196 = ADVANCED_FACE('',(#3197),#3222,.T.);
#3197 = FACE_BOUND('',#3198,.T.);
#3198 = EDGE_LOOP('',(#3199,#3207,#3208,#3216));
#3199 = ORIENTED_EDGE('',*,*,#3200,.F.);
#3200 = EDGE_CURVE('',#1825,#3201,#3203,.T.);
#3201 = VERTEX_POINT('',#3202);
#3202 = CARTESIAN_POINT('',(0.32,-0.32,8.38));
#3203 = LINE('',#3204,#3205);
#3204 = CARTESIAN_POINT('',(0.32,-0.32,-3.));
#3205 = VECTOR('',#3206,1.);
#3206 = DIRECTION('',(0.,0.,1.));
#3207 = ORIENTED_EDGE('',*,*,#1824,.T.);
#3208 = ORIENTED_EDGE('',*,*,#3209,.T.);
#3209 = EDGE_CURVE('',#1827,#3210,#3212,.T.);
#3210 = VERTEX_POINT('',#3211);
#3211 = CARTESIAN_POINT('',(0.32,0.32,8.38));
#3212 = LINE('',#3213,#3214);
#3213 = CARTESIAN_POINT('',(0.32,0.32,-3.));
#3214 = VECTOR('',#3215,1.);
#3215 = DIRECTION('',(0.,0.,1.));
#3216 = ORIENTED_EDGE('',*,*,#3217,.F.);
#3217 = EDGE_CURVE('',#3201,#3210,#3218,.T.);
#3218 = LINE('',#3219,#3220);
#3219 = CARTESIAN_POINT('',(0.32,-0.32,8.38));
#3220 = VECTOR('',#3221,1.);
#3221 = DIRECTION('',(0.,1.,0.));
#3222 = PLANE('',#3223);
#3223 = AXIS2_PLACEMENT_3D('',#3224,#3225,#3226);
#3224 = CARTESIAN_POINT('',(0.32,-0.32,-3.));
#3225 = DIRECTION('',(1.,0.,0.));
#3226 = DIRECTION('',(0.,0.,1.));
#3227 = ADVANCED_FACE('',(#3228),#3246,.T.);
#3228 = FACE_BOUND('',#3229,.T.);
#3229 = EDGE_LOOP('',(#3230,#3231,#3232,#3240));
#3230 = ORIENTED_EDGE('',*,*,#3209,.F.);
#3231 = ORIENTED_EDGE('',*,*,#1850,.T.);
#3232 = ORIENTED_EDGE('',*,*,#3233,.T.);
#3233 = EDGE_CURVE('',#1843,#3234,#3236,.T.);
#3234 = VERTEX_POINT('',#3235);
#3235 = CARTESIAN_POINT('',(-0.32,0.32,8.38));
#3236 = LINE('',#3237,#3238);
#3237 = CARTESIAN_POINT('',(-0.32,0.32,-3.));
#3238 = VECTOR('',#3239,1.);
#3239 = DIRECTION('',(0.,0.,1.));
#3240 = ORIENTED_EDGE('',*,*,#3241,.T.);
#3241 = EDGE_CURVE('',#3234,#3210,#3242,.T.);
#3242 = LINE('',#3243,#3244);
#3243 = CARTESIAN_POINT('',(-0.32,0.32,8.38));
#3244 = VECTOR('',#3245,1.);
#3245 = DIRECTION('',(1.,0.,0.));
#3246 = PLANE('',#3247);
#3247 = AXIS2_PLACEMENT_3D('',#3248,#3249,#3250);
#3248 = CARTESIAN_POINT('',(-0.32,0.32,-3.));
#3249 = DIRECTION('',(0.,1.,0.));
#3250 = DIRECTION('',(0.,-0.,1.));
#3251 = ADVANCED_FACE('',(#3252),#3270,.F.);
#3252 = FACE_BOUND('',#3253,.F.);
#3253 = EDGE_LOOP('',(#3254,#3262,#3263,#3264));
#3254 = ORIENTED_EDGE('',*,*,#3255,.F.);
#3255 = EDGE_CURVE('',#1835,#3256,#3258,.T.);
#3256 = VERTEX_POINT('',#3257);
#3257 = CARTESIAN_POINT('',(-0.32,-0.32,8.38));
#3258 = LINE('',#3259,#3260);
#3259 = CARTESIAN_POINT('',(-0.32,-0.32,-3.));
#3260 = VECTOR('',#3261,1.);
#3261 = DIRECTION('',(0.,0.,1.));
#3262 = ORIENTED_EDGE('',*,*,#1842,.T.);
#3263 = ORIENTED_EDGE('',*,*,#3233,.T.);
#3264 = ORIENTED_EDGE('',*,*,#3265,.F.);
#3265 = EDGE_CURVE('',#3256,#3234,#3266,.T.);
#3266 = LINE('',#3267,#3268);
#3267 = CARTESIAN_POINT('',(-0.32,-0.32,8.38));
#3268 = VECTOR('',#3269,1.);
#3269 = DIRECTION('',(0.,1.,0.));
#3270 = PLANE('',#3271);
#3271 = AXIS2_PLACEMENT_3D('',#3272,#3273,#3274);
#3272 = CARTESIAN_POINT('',(-0.32,-0.32,-3.));
#3273 = DIRECTION('',(1.,0.,0.));
#3274 = DIRECTION('',(0.,0.,1.));
#3275 = ADVANCED_FACE('',(#3276),#3287,.F.);
#3276 = FACE_BOUND('',#3277,.F.);
#3277 = EDGE_LOOP('',(#3278,#3279,#3280,#3281));
#3278 = ORIENTED_EDGE('',*,*,#3200,.F.);
#3279 = ORIENTED_EDGE('',*,*,#1834,.T.);
#3280 = ORIENTED_EDGE('',*,*,#3255,.T.);
#3281 = ORIENTED_EDGE('',*,*,#3282,.T.);
#3282 = EDGE_CURVE('',#3256,#3201,#3283,.T.);
#3283 = LINE('',#3284,#3285);
#3284 = CARTESIAN_POINT('',(-0.32,-0.32,8.38));
#3285 = VECTOR('',#3286,1.);
#3286 = DIRECTION('',(1.,0.,0.));
#3287 = PLANE('',#3288);
#3288 = AXIS2_PLACEMENT_3D('',#3289,#3290,#3291);
#3289 = CARTESIAN_POINT('',(-0.32,-0.32,-3.));
#3290 = DIRECTION('',(0.,1.,0.));
#3291 = DIRECTION('',(0.,-0.,1.));
#3292 = ADVANCED_FACE('',(#3293),#3318,.T.);
#3293 = FACE_BOUND('',#3294,.T.);
#3294 = EDGE_LOOP('',(#3295,#3303,#3304,#3312));
#3295 = ORIENTED_EDGE('',*,*,#3296,.F.);
#3296 = EDGE_CURVE('',#1859,#3297,#3299,.T.);
#3297 = VERTEX_POINT('',#3298);
#3298 = CARTESIAN_POINT('',(0.32,-5.4,8.38));
#3299 = LINE('',#3300,#3301);
#3300 = CARTESIAN_POINT('',(0.32,-5.4,-3.));
#3301 = VECTOR('',#3302,1.);
#3302 = DIRECTION('',(0.,0.,1.));
#3303 = ORIENTED_EDGE('',*,*,#1858,.T.);
#3304 = ORIENTED_EDGE('',*,*,#3305,.T.);
#3305 = EDGE_CURVE('',#1861,#3306,#3308,.T.);
#3306 = VERTEX_POINT('',#3307);
#3307 = CARTESIAN_POINT('',(0.32,-4.76,8.38));
#3308 = LINE('',#3309,#3310);
#3309 = CARTESIAN_POINT('',(0.32,-4.76,-3.));
#3310 = VECTOR('',#3311,1.);
#3311 = DIRECTION('',(0.,0.,1.));
#3312 = ORIENTED_EDGE('',*,*,#3313,.F.);
#3313 = EDGE_CURVE('',#3297,#3306,#3314,.T.);
#3314 = LINE('',#3315,#3316);
#3315 = CARTESIAN_POINT('',(0.32,-5.4,8.38));
#3316 = VECTOR('',#3317,1.);
#3317 = DIRECTION('',(0.,1.,0.));
#3318 = PLANE('',#3319);
#3319 = AXIS2_PLACEMENT_3D('',#3320,#3321,#3322);
#3320 = CARTESIAN_POINT('',(0.32,-5.4,-3.));
#3321 = DIRECTION('',(1.,0.,0.));
#3322 = DIRECTION('',(0.,0.,1.));
#3323 = ADVANCED_FACE('',(#3324),#3342,.T.);
#3324 = FACE_BOUND('',#3325,.T.);
#3325 = EDGE_LOOP('',(#3326,#3327,#3328,#3336));
#3326 = ORIENTED_EDGE('',*,*,#3305,.F.);
#3327 = ORIENTED_EDGE('',*,*,#1884,.T.);
#3328 = ORIENTED_EDGE('',*,*,#3329,.T.);
#3329 = EDGE_CURVE('',#1877,#3330,#3332,.T.);
#3330 = VERTEX_POINT('',#3331);
#3331 = CARTESIAN_POINT('',(-0.32,-4.76,8.38));
#3332 = LINE('',#3333,#3334);
#3333 = CARTESIAN_POINT('',(-0.32,-4.76,-3.));
#3334 = VECTOR('',#3335,1.);
#3335 = DIRECTION('',(0.,0.,1.));
#3336 = ORIENTED_EDGE('',*,*,#3337,.T.);
#3337 = EDGE_CURVE('',#3330,#3306,#3338,.T.);
#3338 = LINE('',#3339,#3340);
#3339 = CARTESIAN_POINT('',(-0.32,-4.76,8.38));
#3340 = VECTOR('',#3341,1.);
#3341 = DIRECTION('',(1.,0.,0.));
#3342 = PLANE('',#3343);
#3343 = AXIS2_PLACEMENT_3D('',#3344,#3345,#3346);
#3344 = CARTESIAN_POINT('',(-0.32,-4.76,-3.));
#3345 = DIRECTION('',(0.,1.,0.));
#3346 = DIRECTION('',(0.,-0.,1.));
#3347 = ADVANCED_FACE('',(#3348),#3366,.F.);
#3348 = FACE_BOUND('',#3349,.F.);
#3349 = EDGE_LOOP('',(#3350,#3358,#3359,#3360));
#3350 = ORIENTED_EDGE('',*,*,#3351,.F.);
#3351 = EDGE_CURVE('',#1869,#3352,#3354,.T.);
#3352 = VERTEX_POINT('',#3353);
#3353 = CARTESIAN_POINT('',(-0.32,-5.4,8.38));
#3354 = LINE('',#3355,#3356);
#3355 = CARTESIAN_POINT('',(-0.32,-5.4,-3.));
#3356 = VECTOR('',#3357,1.);
#3357 = DIRECTION('',(0.,0.,1.));
#3358 = ORIENTED_EDGE('',*,*,#1876,.T.);
#3359 = ORIENTED_EDGE('',*,*,#3329,.T.);
#3360 = ORIENTED_EDGE('',*,*,#3361,.F.);
#3361 = EDGE_CURVE('',#3352,#3330,#3362,.T.);
#3362 = LINE('',#3363,#3364);
#3363 = CARTESIAN_POINT('',(-0.32,-5.4,8.38));
#3364 = VECTOR('',#3365,1.);
#3365 = DIRECTION('',(0.,1.,0.));
#3366 = PLANE('',#3367);
#3367 = AXIS2_PLACEMENT_3D('',#3368,#3369,#3370);
#3368 = CARTESIAN_POINT('',(-0.32,-5.4,-3.));
#3369 = DIRECTION('',(1.,0.,0.));
#3370 = DIRECTION('',(0.,0.,1.));
#3371 = ADVANCED_FACE('',(#3372),#3383,.F.);
#3372 = FACE_BOUND('',#3373,.F.);
#3373 = EDGE_LOOP('',(#3374,#3375,#3376,#3377));
#3374 = ORIENTED_EDGE('',*,*,#3296,.F.);
#3375 = ORIENTED_EDGE('',*,*,#1868,.T.);
#3376 = ORIENTED_EDGE('',*,*,#3351,.T.);
#3377 = ORIENTED_EDGE('',*,*,#3378,.T.);
#3378 = EDGE_CURVE('',#3352,#3297,#3379,.T.);
#3379 = LINE('',#3380,#3381);
#3380 = CARTESIAN_POINT('',(-0.32,-5.4,8.38));
#3381 = VECTOR('',#3382,1.);
#3382 = DIRECTION('',(1.,0.,0.));
#3383 = PLANE('',#3384);
#3384 = AXIS2_PLACEMENT_3D('',#3385,#3386,#3387);
#3385 = CARTESIAN_POINT('',(-0.32,-5.4,-3.));
#3386 = DIRECTION('',(0.,1.,0.));
#3387 = DIRECTION('',(0.,-0.,1.));
#3388 = ADVANCED_FACE('',(#3389),#3414,.T.);
#3389 = FACE_BOUND('',#3390,.T.);
#3390 = EDGE_LOOP('',(#3391,#3399,#3400,#3408));
#3391 = ORIENTED_EDGE('',*,*,#3392,.F.);
#3392 = EDGE_CURVE('',#1893,#3393,#3395,.T.);
#3393 = VERTEX_POINT('',#3394);
#3394 = CARTESIAN_POINT('',(0.32,-2.86,8.38));
#3395 = LINE('',#3396,#3397);
#3396 = CARTESIAN_POINT('',(0.32,-2.86,-3.));
#3397 = VECTOR('',#3398,1.);
#3398 = DIRECTION('',(0.,0.,1.));
#3399 = ORIENTED_EDGE('',*,*,#1892,.T.);
#3400 = ORIENTED_EDGE('',*,*,#3401,.T.);
#3401 = EDGE_CURVE('',#1895,#3402,#3404,.T.);
#3402 = VERTEX_POINT('',#3403);
#3403 = CARTESIAN_POINT('',(0.32,-2.22,8.38));
#3404 = LINE('',#3405,#3406);
#3405 = CARTESIAN_POINT('',(0.32,-2.22,-3.));
#3406 = VECTOR('',#3407,1.);
#3407 = DIRECTION('',(0.,0.,1.));
#3408 = ORIENTED_EDGE('',*,*,#3409,.F.);
#3409 = EDGE_CURVE('',#3393,#3402,#3410,.T.);
#3410 = LINE('',#3411,#3412);
#3411 = CARTESIAN_POINT('',(0.32,-2.86,8.38));
#3412 = VECTOR('',#3413,1.);
#3413 = DIRECTION('',(0.,1.,0.));
#3414 = PLANE('',#3415);
#3415 = AXIS2_PLACEMENT_3D('',#3416,#3417,#3418);
#3416 = CARTESIAN_POINT('',(0.32,-2.86,-3.));
#3417 = DIRECTION('',(1.,0.,0.));
#3418 = DIRECTION('',(0.,0.,1.));
#3419 = ADVANCED_FACE('',(#3420),#3438,.T.);
#3420 = FACE_BOUND('',#3421,.T.);
#3421 = EDGE_LOOP('',(#3422,#3423,#3424,#3432));
#3422 = ORIENTED_EDGE('',*,*,#3401,.F.);
#3423 = ORIENTED_EDGE('',*,*,#1918,.T.);
#3424 = ORIENTED_EDGE('',*,*,#3425,.T.);
#3425 = EDGE_CURVE('',#1911,#3426,#3428,.T.);
#3426 = VERTEX_POINT('',#3427);
#3427 = CARTESIAN_POINT('',(-0.32,-2.22,8.38));
#3428 = LINE('',#3429,#3430);
#3429 = CARTESIAN_POINT('',(-0.32,-2.22,-3.));
#3430 = VECTOR('',#3431,1.);
#3431 = DIRECTION('',(0.,0.,1.));
#3432 = ORIENTED_EDGE('',*,*,#3433,.T.);
#3433 = EDGE_CURVE('',#3426,#3402,#3434,.T.);
#3434 = LINE('',#3435,#3436);
#3435 = CARTESIAN_POINT('',(-0.32,-2.22,8.38));
#3436 = VECTOR('',#3437,1.);
#3437 = DIRECTION('',(1.,0.,0.));
#3438 = PLANE('',#3439);
#3439 = AXIS2_PLACEMENT_3D('',#3440,#3441,#3442);
#3440 = CARTESIAN_POINT('',(-0.32,-2.22,-3.));
#3441 = DIRECTION('',(0.,1.,0.));
#3442 = DIRECTION('',(0.,-0.,1.));
#3443 = ADVANCED_FACE('',(#3444),#3462,.F.);
#3444 = FACE_BOUND('',#3445,.F.);
#3445 = EDGE_LOOP('',(#3446,#3454,#3455,#3456));
#3446 = ORIENTED_EDGE('',*,*,#3447,.F.);
#3447 = EDGE_CURVE('',#1903,#3448,#3450,.T.);
#3448 = VERTEX_POINT('',#3449);
#3449 = CARTESIAN_POINT('',(-0.32,-2.86,8.38));
#3450 = LINE('',#3451,#3452);
#3451 = CARTESIAN_POINT('',(-0.32,-2.86,-3.));
#3452 = VECTOR('',#3453,1.);
#3453 = DIRECTION('',(0.,0.,1.));
#3454 = ORIENTED_EDGE('',*,*,#1910,.T.);
#3455 = ORIENTED_EDGE('',*,*,#3425,.T.);
#3456 = ORIENTED_EDGE('',*,*,#3457,.F.);
#3457 = EDGE_CURVE('',#3448,#3426,#3458,.T.);
#3458 = LINE('',#3459,#3460);
#3459 = CARTESIAN_POINT('',(-0.32,-2.86,8.38));
#3460 = VECTOR('',#3461,1.);
#3461 = DIRECTION('',(0.,1.,0.));
#3462 = PLANE('',#3463);
#3463 = AXIS2_PLACEMENT_3D('',#3464,#3465,#3466);
#3464 = CARTESIAN_POINT('',(-0.32,-2.86,-3.));
#3465 = DIRECTION('',(1.,0.,0.));
#3466 = DIRECTION('',(0.,0.,1.));
#3467 = ADVANCED_FACE('',(#3468),#3479,.F.);
#3468 = FACE_BOUND('',#3469,.F.);
#3469 = EDGE_LOOP('',(#3470,#3471,#3472,#3473));
#3470 = ORIENTED_EDGE('',*,*,#3392,.F.);
#3471 = ORIENTED_EDGE('',*,*,#1902,.T.);
#3472 = ORIENTED_EDGE('',*,*,#3447,.T.);
#3473 = ORIENTED_EDGE('',*,*,#3474,.T.);
#3474 = EDGE_CURVE('',#3448,#3393,#3475,.T.);
#3475 = LINE('',#3476,#3477);
#3476 = CARTESIAN_POINT('',(-0.32,-2.86,8.38));
#3477 = VECTOR('',#3478,1.);
#3478 = DIRECTION('',(1.,0.,0.));
#3479 = PLANE('',#3480);
#3480 = AXIS2_PLACEMENT_3D('',#3481,#3482,#3483);
#3481 = CARTESIAN_POINT('',(-0.32,-2.86,-3.));
#3482 = DIRECTION('',(0.,1.,0.));
#3483 = DIRECTION('',(0.,-0.,1.));
#3484 = ADVANCED_FACE('',(#3485),#3510,.F.);
#3485 = FACE_BOUND('',#3486,.F.);
#3486 = EDGE_LOOP('',(#3487,#3495,#3496,#3504));
#3487 = ORIENTED_EDGE('',*,*,#3488,.F.);
#3488 = EDGE_CURVE('',#1927,#3489,#3491,.T.);
#3489 = VERTEX_POINT('',#3490);
#3490 = CARTESIAN_POINT('',(0.32,-13.02,8.38));
#3491 = LINE('',#3492,#3493);
#3492 = CARTESIAN_POINT('',(0.32,-13.02,-3.));
#3493 = VECTOR('',#3494,1.);
#3494 = DIRECTION('',(0.,0.,1.));
#3495 = ORIENTED_EDGE('',*,*,#1926,.T.);
#3496 = ORIENTED_EDGE('',*,*,#3497,.T.);
#3497 = EDGE_CURVE('',#1929,#3498,#3500,.T.);
#3498 = VERTEX_POINT('',#3499);
#3499 = CARTESIAN_POINT('',(-0.32,-13.02,8.38));
#3500 = LINE('',#3501,#3502);
#3501 = CARTESIAN_POINT('',(-0.32,-13.02,-3.));
#3502 = VECTOR('',#3503,1.);
#3503 = DIRECTION('',(0.,0.,1.));
#3504 = ORIENTED_EDGE('',*,*,#3505,.T.);
#3505 = EDGE_CURVE('',#3498,#3489,#3506,.T.);
#3506 = LINE('',#3507,#3508);
#3507 = CARTESIAN_POINT('',(-0.32,-13.02,8.38));
#3508 = VECTOR('',#3509,1.);
#3509 = DIRECTION('',(1.,0.,0.));
#3510 = PLANE('',#3511);
#3511 = AXIS2_PLACEMENT_3D('',#3512,#3513,#3514);
#3512 = CARTESIAN_POINT('',(-0.32,-13.02,-3.));
#3513 = DIRECTION('',(0.,1.,0.));
#3514 = DIRECTION('',(0.,-0.,1.));
#3515 = ADVANCED_FACE('',(#3516),#3534,.T.);
#3516 = FACE_BOUND('',#3517,.T.);
#3517 = EDGE_LOOP('',(#3518,#3519,#3520,#3528));
#3518 = ORIENTED_EDGE('',*,*,#3488,.F.);
#3519 = ORIENTED_EDGE('',*,*,#1952,.T.);
#3520 = ORIENTED_EDGE('',*,*,#3521,.T.);
#3521 = EDGE_CURVE('',#1945,#3522,#3524,.T.);
#3522 = VERTEX_POINT('',#3523);
#3523 = CARTESIAN_POINT('',(0.32,-12.38,8.38));
#3524 = LINE('',#3525,#3526);
#3525 = CARTESIAN_POINT('',(0.32,-12.38,-3.));
#3526 = VECTOR('',#3527,1.);
#3527 = DIRECTION('',(0.,0.,1.));
#3528 = ORIENTED_EDGE('',*,*,#3529,.F.);
#3529 = EDGE_CURVE('',#3489,#3522,#3530,.T.);
#3530 = LINE('',#3531,#3532);
#3531 = CARTESIAN_POINT('',(0.32,-13.02,8.38));
#3532 = VECTOR('',#3533,1.);
#3533 = DIRECTION('',(0.,1.,0.));
#3534 = PLANE('',#3535);
#3535 = AXIS2_PLACEMENT_3D('',#3536,#3537,#3538);
#3536 = CARTESIAN_POINT('',(0.32,-13.02,-3.));
#3537 = DIRECTION('',(1.,0.,0.));
#3538 = DIRECTION('',(0.,0.,1.));
#3539 = ADVANCED_FACE('',(#3540),#3558,.T.);
#3540 = FACE_BOUND('',#3541,.T.);
#3541 = EDGE_LOOP('',(#3542,#3543,#3544,#3552));
#3542 = ORIENTED_EDGE('',*,*,#3521,.F.);
#3543 = ORIENTED_EDGE('',*,*,#1944,.T.);
#3544 = ORIENTED_EDGE('',*,*,#3545,.T.);
#3545 = EDGE_CURVE('',#1937,#3546,#3548,.T.);
#3546 = VERTEX_POINT('',#3547);
#3547 = CARTESIAN_POINT('',(-0.32,-12.38,8.38));
#3548 = LINE('',#3549,#3550);
#3549 = CARTESIAN_POINT('',(-0.32,-12.38,-3.));
#3550 = VECTOR('',#3551,1.);
#3551 = DIRECTION('',(0.,0.,1.));
#3552 = ORIENTED_EDGE('',*,*,#3553,.T.);
#3553 = EDGE_CURVE('',#3546,#3522,#3554,.T.);
#3554 = LINE('',#3555,#3556);
#3555 = CARTESIAN_POINT('',(-0.32,-12.38,8.38));
#3556 = VECTOR('',#3557,1.);
#3557 = DIRECTION('',(1.,0.,0.));
#3558 = PLANE('',#3559);
#3559 = AXIS2_PLACEMENT_3D('',#3560,#3561,#3562);
#3560 = CARTESIAN_POINT('',(-0.32,-12.38,-3.));
#3561 = DIRECTION('',(0.,1.,0.));
#3562 = DIRECTION('',(0.,-0.,1.));
#3563 = ADVANCED_FACE('',(#3564),#3575,.F.);
#3564 = FACE_BOUND('',#3565,.F.);
#3565 = EDGE_LOOP('',(#3566,#3567,#3568,#3569));
#3566 = ORIENTED_EDGE('',*,*,#3497,.F.);
#3567 = ORIENTED_EDGE('',*,*,#1936,.T.);
#3568 = ORIENTED_EDGE('',*,*,#3545,.T.);
#3569 = ORIENTED_EDGE('',*,*,#3570,.F.);
#3570 = EDGE_CURVE('',#3498,#3546,#3571,.T.);
#3571 = LINE('',#3572,#3573);
#3572 = CARTESIAN_POINT('',(-0.32,-13.02,8.38));
#3573 = VECTOR('',#3574,1.);
#3574 = DIRECTION('',(0.,1.,0.));
#3575 = PLANE('',#3576);
#3576 = AXIS2_PLACEMENT_3D('',#3577,#3578,#3579);
#3577 = CARTESIAN_POINT('',(-0.32,-13.02,-3.));
#3578 = DIRECTION('',(1.,0.,0.));
#3579 = DIRECTION('',(0.,0.,1.));
#3580 = ADVANCED_FACE('',(#3581),#3606,.T.);
#3581 = FACE_BOUND('',#3582,.T.);
#3582 = EDGE_LOOP('',(#3583,#3591,#3592,#3600));
#3583 = ORIENTED_EDGE('',*,*,#3584,.F.);
#3584 = EDGE_CURVE('',#1961,#3585,#3587,.T.);
#3585 = VERTEX_POINT('',#3586);
#3586 = CARTESIAN_POINT('',(0.32,-9.84,8.38));
#3587 = LINE('',#3588,#3589);
#3588 = CARTESIAN_POINT('',(0.32,-9.84,-3.));
#3589 = VECTOR('',#3590,1.);
#3590 = DIRECTION('',(0.,0.,1.));
#3591 = ORIENTED_EDGE('',*,*,#1960,.T.);
#3592 = ORIENTED_EDGE('',*,*,#3593,.T.);
#3593 = EDGE_CURVE('',#1963,#3594,#3596,.T.);
#3594 = VERTEX_POINT('',#3595);
#3595 = CARTESIAN_POINT('',(-0.32,-9.84,8.38));
#3596 = LINE('',#3597,#3598);
#3597 = CARTESIAN_POINT('',(-0.32,-9.84,-3.));
#3598 = VECTOR('',#3599,1.);
#3599 = DIRECTION('',(0.,0.,1.));
#3600 = ORIENTED_EDGE('',*,*,#3601,.T.);
#3601 = EDGE_CURVE('',#3594,#3585,#3602,.T.);
#3602 = LINE('',#3603,#3604);
#3603 = CARTESIAN_POINT('',(-0.32,-9.84,8.38));
#3604 = VECTOR('',#3605,1.);
#3605 = DIRECTION('',(1.,0.,0.));
#3606 = PLANE('',#3607);
#3607 = AXIS2_PLACEMENT_3D('',#3608,#3609,#3610);
#3608 = CARTESIAN_POINT('',(-0.32,-9.84,-3.));
#3609 = DIRECTION('',(0.,1.,0.));
#3610 = DIRECTION('',(0.,-0.,1.));
#3611 = ADVANCED_FACE('',(#3612),#3630,.F.);
#3612 = FACE_BOUND('',#3613,.F.);
#3613 = EDGE_LOOP('',(#3614,#3622,#3623,#3624));
#3614 = ORIENTED_EDGE('',*,*,#3615,.F.);
#3615 = EDGE_CURVE('',#1979,#3616,#3618,.T.);
#3616 = VERTEX_POINT('',#3617);
#3617 = CARTESIAN_POINT('',(-0.32,-10.48,8.38));
#3618 = LINE('',#3619,#3620);
#3619 = CARTESIAN_POINT('',(-0.32,-10.48,-3.));
#3620 = VECTOR('',#3621,1.);
#3621 = DIRECTION('',(0.,0.,1.));
#3622 = ORIENTED_EDGE('',*,*,#1986,.T.);
#3623 = ORIENTED_EDGE('',*,*,#3593,.T.);
#3624 = ORIENTED_EDGE('',*,*,#3625,.F.);
#3625 = EDGE_CURVE('',#3616,#3594,#3626,.T.);
#3626 = LINE('',#3627,#3628);
#3627 = CARTESIAN_POINT('',(-0.32,-10.48,8.38));
#3628 = VECTOR('',#3629,1.);
#3629 = DIRECTION('',(0.,1.,0.));
#3630 = PLANE('',#3631);
#3631 = AXIS2_PLACEMENT_3D('',#3632,#3633,#3634);
#3632 = CARTESIAN_POINT('',(-0.32,-10.48,-3.));
#3633 = DIRECTION('',(1.,0.,0.));
#3634 = DIRECTION('',(0.,0.,1.));
#3635 = ADVANCED_FACE('',(#3636),#3654,.F.);
#3636 = FACE_BOUND('',#3637,.F.);
#3637 = EDGE_LOOP('',(#3638,#3646,#3647,#3648));
#3638 = ORIENTED_EDGE('',*,*,#3639,.F.);
#3639 = EDGE_CURVE('',#1971,#3640,#3642,.T.);
#3640 = VERTEX_POINT('',#3641);
#3641 = CARTESIAN_POINT('',(0.32,-10.48,8.38));
#3642 = LINE('',#3643,#3644);
#3643 = CARTESIAN_POINT('',(0.32,-10.48,-3.));
#3644 = VECTOR('',#3645,1.);
#3645 = DIRECTION('',(0.,0.,1.));
#3646 = ORIENTED_EDGE('',*,*,#1978,.T.);
#3647 = ORIENTED_EDGE('',*,*,#3615,.T.);
#3648 = ORIENTED_EDGE('',*,*,#3649,.T.);
#3649 = EDGE_CURVE('',#3616,#3640,#3650,.T.);
#3650 = LINE('',#3651,#3652);
#3651 = CARTESIAN_POINT('',(-0.32,-10.48,8.38));
#3652 = VECTOR('',#3653,1.);
#3653 = DIRECTION('',(1.,0.,0.));
#3654 = PLANE('',#3655);
#3655 = AXIS2_PLACEMENT_3D('',#3656,#3657,#3658);
#3656 = CARTESIAN_POINT('',(-0.32,-10.48,-3.));
#3657 = DIRECTION('',(0.,1.,0.));
#3658 = DIRECTION('',(0.,-0.,1.));
#3659 = ADVANCED_FACE('',(#3660),#3671,.T.);
#3660 = FACE_BOUND('',#3661,.T.);
#3661 = EDGE_LOOP('',(#3662,#3663,#3664,#3665));
#3662 = ORIENTED_EDGE('',*,*,#3639,.F.);
#3663 = ORIENTED_EDGE('',*,*,#1970,.T.);
#3664 = ORIENTED_EDGE('',*,*,#3584,.T.);
#3665 = ORIENTED_EDGE('',*,*,#3666,.F.);
#3666 = EDGE_CURVE('',#3640,#3585,#3667,.T.);
#3667 = LINE('',#3668,#3669);
#3668 = CARTESIAN_POINT('',(0.32,-10.48,8.38));
#3669 = VECTOR('',#3670,1.);
#3670 = DIRECTION('',(0.,1.,0.));
#3671 = PLANE('',#3672);
#3672 = AXIS2_PLACEMENT_3D('',#3673,#3674,#3675);
#3673 = CARTESIAN_POINT('',(0.32,-10.48,-3.));
#3674 = DIRECTION('',(1.,0.,0.));
#3675 = DIRECTION('',(0.,0.,1.));
#3676 = ADVANCED_FACE('',(#3677),#3702,.F.);
#3677 = FACE_BOUND('',#3678,.F.);
#3678 = EDGE_LOOP('',(#3679,#3687,#3688,#3696));
#3679 = ORIENTED_EDGE('',*,*,#3680,.F.);
#3680 = EDGE_CURVE('',#1995,#3681,#3683,.T.);
#3681 = VERTEX_POINT('',#3682);
#3682 = CARTESIAN_POINT('',(0.32,-7.94,8.38));
#3683 = LINE('',#3684,#3685);
#3684 = CARTESIAN_POINT('',(0.32,-7.94,-3.));
#3685 = VECTOR('',#3686,1.);
#3686 = DIRECTION('',(0.,0.,1.));
#3687 = ORIENTED_EDGE('',*,*,#1994,.T.);
#3688 = ORIENTED_EDGE('',*,*,#3689,.T.);
#3689 = EDGE_CURVE('',#1997,#3690,#3692,.T.);
#3690 = VERTEX_POINT('',#3691);
#3691 = CARTESIAN_POINT('',(-0.32,-7.94,8.38));
#3692 = LINE('',#3693,#3694);
#3693 = CARTESIAN_POINT('',(-0.32,-7.94,-3.));
#3694 = VECTOR('',#3695,1.);
#3695 = DIRECTION('',(0.,0.,1.));
#3696 = ORIENTED_EDGE('',*,*,#3697,.T.);
#3697 = EDGE_CURVE('',#3690,#3681,#3698,.T.);
#3698 = LINE('',#3699,#3700);
#3699 = CARTESIAN_POINT('',(-0.32,-7.94,8.38));
#3700 = VECTOR('',#3701,1.);
#3701 = DIRECTION('',(1.,0.,0.));
#3702 = PLANE('',#3703);
#3703 = AXIS2_PLACEMENT_3D('',#3704,#3705,#3706);
#3704 = CARTESIAN_POINT('',(-0.32,-7.94,-3.));
#3705 = DIRECTION('',(0.,1.,0.));
#3706 = DIRECTION('',(0.,-0.,1.));
#3707 = ADVANCED_FACE('',(#3708),#3726,.T.);
#3708 = FACE_BOUND('',#3709,.T.);
#3709 = EDGE_LOOP('',(#3710,#3711,#3712,#3720));
#3710 = ORIENTED_EDGE('',*,*,#3680,.F.);
#3711 = ORIENTED_EDGE('',*,*,#2020,.T.);
#3712 = ORIENTED_EDGE('',*,*,#3713,.T.);
#3713 = EDGE_CURVE('',#2013,#3714,#3716,.T.);
#3714 = VERTEX_POINT('',#3715);
#3715 = CARTESIAN_POINT('',(0.32,-7.3,8.38));
#3716 = LINE('',#3717,#3718);
#3717 = CARTESIAN_POINT('',(0.32,-7.3,-3.));
#3718 = VECTOR('',#3719,1.);
#3719 = DIRECTION('',(0.,0.,1.));
#3720 = ORIENTED_EDGE('',*,*,#3721,.F.);
#3721 = EDGE_CURVE('',#3681,#3714,#3722,.T.);
#3722 = LINE('',#3723,#3724);
#3723 = CARTESIAN_POINT('',(0.32,-7.94,8.38));
#3724 = VECTOR('',#3725,1.);
#3725 = DIRECTION('',(0.,1.,0.));
#3726 = PLANE('',#3727);
#3727 = AXIS2_PLACEMENT_3D('',#3728,#3729,#3730);
#3728 = CARTESIAN_POINT('',(0.32,-7.94,-3.));
#3729 = DIRECTION('',(1.,0.,0.));
#3730 = DIRECTION('',(0.,0.,1.));
#3731 = ADVANCED_FACE('',(#3732),#3750,.T.);
#3732 = FACE_BOUND('',#3733,.T.);
#3733 = EDGE_LOOP('',(#3734,#3735,#3736,#3744));
#3734 = ORIENTED_EDGE('',*,*,#3713,.F.);
#3735 = ORIENTED_EDGE('',*,*,#2012,.T.);
#3736 = ORIENTED_EDGE('',*,*,#3737,.T.);
#3737 = EDGE_CURVE('',#2005,#3738,#3740,.T.);
#3738 = VERTEX_POINT('',#3739);
#3739 = CARTESIAN_POINT('',(-0.32,-7.3,8.38));
#3740 = LINE('',#3741,#3742);
#3741 = CARTESIAN_POINT('',(-0.32,-7.3,-3.));
#3742 = VECTOR('',#3743,1.);
#3743 = DIRECTION('',(0.,0.,1.));
#3744 = ORIENTED_EDGE('',*,*,#3745,.T.);
#3745 = EDGE_CURVE('',#3738,#3714,#3746,.T.);
#3746 = LINE('',#3747,#3748);
#3747 = CARTESIAN_POINT('',(-0.32,-7.3,8.38));
#3748 = VECTOR('',#3749,1.);
#3749 = DIRECTION('',(1.,0.,0.));
#3750 = PLANE('',#3751);
#3751 = AXIS2_PLACEMENT_3D('',#3752,#3753,#3754);
#3752 = CARTESIAN_POINT('',(-0.32,-7.3,-3.));
#3753 = DIRECTION('',(0.,1.,0.));
#3754 = DIRECTION('',(0.,-0.,1.));
#3755 = ADVANCED_FACE('',(#3756),#3767,.F.);
#3756 = FACE_BOUND('',#3757,.F.);
#3757 = EDGE_LOOP('',(#3758,#3759,#3760,#3761));
#3758 = ORIENTED_EDGE('',*,*,#3689,.F.);
#3759 = ORIENTED_EDGE('',*,*,#2004,.T.);
#3760 = ORIENTED_EDGE('',*,*,#3737,.T.);
#3761 = ORIENTED_EDGE('',*,*,#3762,.F.);
#3762 = EDGE_CURVE('',#3690,#3738,#3763,.T.);
#3763 = LINE('',#3764,#3765);
#3764 = CARTESIAN_POINT('',(-0.32,-7.94,8.38));
#3765 = VECTOR('',#3766,1.);
#3766 = DIRECTION('',(0.,1.,0.));
#3767 = PLANE('',#3768);
#3768 = AXIS2_PLACEMENT_3D('',#3769,#3770,#3771);
#3769 = CARTESIAN_POINT('',(-0.32,-7.94,-3.));
#3770 = DIRECTION('',(1.,0.,0.));
#3771 = DIRECTION('',(0.,0.,1.));
#3772 = ADVANCED_FACE('',(#3773),#3798,.F.);
#3773 = FACE_BOUND('',#3774,.F.);
#3774 = EDGE_LOOP('',(#3775,#3783,#3784,#3792));
#3775 = ORIENTED_EDGE('',*,*,#3776,.F.);
#3776 = EDGE_CURVE('',#2625,#3777,#3779,.T.);
#3777 = VERTEX_POINT('',#3778);
#3778 = CARTESIAN_POINT('',(0.16,-0.16,-3.));
#3779 = LINE('',#3780,#3781);
#3780 = CARTESIAN_POINT('',(0.16,-0.16,-3.));
#3781 = VECTOR('',#3782,1.);
#3782 = DIRECTION('',(-0.57735026919,0.57735026919,-0.57735026919));
#3783 = ORIENTED_EDGE('',*,*,#2632,.T.);
#3784 = ORIENTED_EDGE('',*,*,#3785,.T.);
#3785 = EDGE_CURVE('',#2633,#3786,#3788,.T.);
#3786 = VERTEX_POINT('',#3787);
#3787 = CARTESIAN_POINT('',(0.16,0.16,-3.));
#3788 = LINE('',#3789,#3790);
#3789 = CARTESIAN_POINT('',(5.333333333333E-02,5.333333333333E-02,
    -3.106666666667));
#3790 = VECTOR('',#3791,1.);
#3791 = DIRECTION('',(-0.57735026919,-0.57735026919,-0.57735026919));
#3792 = ORIENTED_EDGE('',*,*,#3793,.F.);
#3793 = EDGE_CURVE('',#3777,#3786,#3794,.T.);
#3794 = LINE('',#3795,#3796);
#3795 = CARTESIAN_POINT('',(0.16,-0.32,-3.));
#3796 = VECTOR('',#3797,1.);
#3797 = DIRECTION('',(0.,1.,0.));
#3798 = PLANE('',#3799);
#3799 = AXIS2_PLACEMENT_3D('',#3800,#3801,#3802);
#3800 = CARTESIAN_POINT('',(0.24,-0.32,-2.92));
#3801 = DIRECTION('',(-0.707106781187,1.735167508357E-18,0.707106781187)
  );
#3802 = DIRECTION('',(1.226948711654E-18,1.,-1.226948711654E-18));
#3803 = ADVANCED_FACE('',(#3804),#3822,.F.);
#3804 = FACE_BOUND('',#3805,.T.);
#3805 = EDGE_LOOP('',(#3806,#3814,#3815,#3816));
#3806 = ORIENTED_EDGE('',*,*,#3807,.F.);
#3807 = EDGE_CURVE('',#2657,#3808,#3810,.T.);
#3808 = VERTEX_POINT('',#3809);
#3809 = CARTESIAN_POINT('',(-0.16,0.16,-3.));
#3810 = LINE('',#3811,#3812);
#3811 = CARTESIAN_POINT('',(-0.16,0.16,-3.));
#3812 = VECTOR('',#3813,1.);
#3813 = DIRECTION('',(0.57735026919,-0.57735026919,-0.57735026919));
#3814 = ORIENTED_EDGE('',*,*,#2656,.T.);
#3815 = ORIENTED_EDGE('',*,*,#3785,.T.);
#3816 = ORIENTED_EDGE('',*,*,#3817,.F.);
#3817 = EDGE_CURVE('',#3808,#3786,#3818,.T.);
#3818 = LINE('',#3819,#3820);
#3819 = CARTESIAN_POINT('',(-0.32,0.16,-3.));
#3820 = VECTOR('',#3821,1.);
#3821 = DIRECTION('',(1.,0.,0.));
#3822 = PLANE('',#3823);
#3823 = AXIS2_PLACEMENT_3D('',#3824,#3825,#3826);
#3824 = CARTESIAN_POINT('',(-0.32,0.24,-2.92));
#3825 = DIRECTION('',(-1.735167508357E-18,-0.707106781187,0.707106781187
    ));
#3826 = DIRECTION('',(-1.,1.226948711654E-18,-1.226948711654E-18));
#3827 = ADVANCED_FACE('',(#3828),#3846,.T.);
#3828 = FACE_BOUND('',#3829,.T.);
#3829 = EDGE_LOOP('',(#3830,#3838,#3839,#3840));
#3830 = ORIENTED_EDGE('',*,*,#3831,.F.);
#3831 = EDGE_CURVE('',#2680,#3832,#3834,.T.);
#3832 = VERTEX_POINT('',#3833);
#3833 = CARTESIAN_POINT('',(-0.16,-0.16,-3.));
#3834 = LINE('',#3835,#3836);
#3835 = CARTESIAN_POINT('',(-0.266666666667,-0.266666666667,
    -2.893333333333));
#3836 = VECTOR('',#3837,1.);
#3837 = DIRECTION('',(0.57735026919,0.57735026919,-0.57735026919));
#3838 = ORIENTED_EDGE('',*,*,#2687,.T.);
#3839 = ORIENTED_EDGE('',*,*,#3807,.T.);
#3840 = ORIENTED_EDGE('',*,*,#3841,.F.);
#3841 = EDGE_CURVE('',#3832,#3808,#3842,.T.);
#3842 = LINE('',#3843,#3844);
#3843 = CARTESIAN_POINT('',(-0.16,-0.32,-3.));
#3844 = VECTOR('',#3845,1.);
#3845 = DIRECTION('',(0.,1.,0.));
#3846 = PLANE('',#3847);
#3847 = AXIS2_PLACEMENT_3D('',#3848,#3849,#3850);
#3848 = CARTESIAN_POINT('',(-0.24,-0.32,-2.92));
#3849 = DIRECTION('',(-0.707106781187,-1.735167508357E-18,
    -0.707106781187));
#3850 = DIRECTION('',(-1.226948711654E-18,1.,-1.226948711654E-18));
#3851 = ADVANCED_FACE('',(#3852),#3863,.T.);
#3852 = FACE_BOUND('',#3853,.F.);
#3853 = EDGE_LOOP('',(#3854,#3855,#3856,#3857));
#3854 = ORIENTED_EDGE('',*,*,#3831,.F.);
#3855 = ORIENTED_EDGE('',*,*,#2704,.T.);
#3856 = ORIENTED_EDGE('',*,*,#3776,.T.);
#3857 = ORIENTED_EDGE('',*,*,#3858,.F.);
#3858 = EDGE_CURVE('',#3832,#3777,#3859,.T.);
#3859 = LINE('',#3860,#3861);
#3860 = CARTESIAN_POINT('',(-0.32,-0.16,-3.));
#3861 = VECTOR('',#3862,1.);
#3862 = DIRECTION('',(1.,0.,0.));
#3863 = PLANE('',#3864);
#3864 = AXIS2_PLACEMENT_3D('',#3865,#3866,#3867);
#3865 = CARTESIAN_POINT('',(-0.32,-0.24,-2.92));
#3866 = DIRECTION('',(1.735167508357E-18,-0.707106781187,-0.707106781187
    ));
#3867 = DIRECTION('',(-1.,-1.226948711654E-18,-1.226948711654E-18));
#3868 = ADVANCED_FACE('',(#3869),#3894,.F.);
#3869 = FACE_BOUND('',#3870,.F.);
#3870 = EDGE_LOOP('',(#3871,#3879,#3880,#3888));
#3871 = ORIENTED_EDGE('',*,*,#3872,.F.);
#3872 = EDGE_CURVE('',#2721,#3873,#3875,.T.);
#3873 = VERTEX_POINT('',#3874);
#3874 = CARTESIAN_POINT('',(0.16,-5.24,-3.));
#3875 = LINE('',#3876,#3877);
#3876 = CARTESIAN_POINT('',(0.16,-5.24,-3.));
#3877 = VECTOR('',#3878,1.);
#3878 = DIRECTION('',(-0.57735026919,0.57735026919,-0.57735026919));
#3879 = ORIENTED_EDGE('',*,*,#2728,.T.);
#3880 = ORIENTED_EDGE('',*,*,#3881,.T.);
#3881 = EDGE_CURVE('',#2729,#3882,#3884,.T.);
#3882 = VERTEX_POINT('',#3883);
#3883 = CARTESIAN_POINT('',(0.16,-4.92,-3.));
#3884 = LINE('',#3885,#3886);
#3885 = CARTESIAN_POINT('',(5.333333333333E-02,-5.026666666667,
    -3.106666666667));
#3886 = VECTOR('',#3887,1.);
#3887 = DIRECTION('',(-0.57735026919,-0.57735026919,-0.57735026919));
#3888 = ORIENTED_EDGE('',*,*,#3889,.F.);
#3889 = EDGE_CURVE('',#3873,#3882,#3890,.T.);
#3890 = LINE('',#3891,#3892);
#3891 = CARTESIAN_POINT('',(0.16,-5.4,-3.));
#3892 = VECTOR('',#3893,1.);
#3893 = DIRECTION('',(0.,1.,0.));
#3894 = PLANE('',#3895);
#3895 = AXIS2_PLACEMENT_3D('',#3896,#3897,#3898);
#3896 = CARTESIAN_POINT('',(0.24,-5.4,-2.92));
#3897 = DIRECTION('',(-0.707106781187,1.735167508357E-18,0.707106781187)
  );
#3898 = DIRECTION('',(1.226948711654E-18,1.,-1.226948711654E-18));
#3899 = ADVANCED_FACE('',(#3900),#3918,.F.);
#3900 = FACE_BOUND('',#3901,.T.);
#3901 = EDGE_LOOP('',(#3902,#3910,#3911,#3912));
#3902 = ORIENTED_EDGE('',*,*,#3903,.F.);
#3903 = EDGE_CURVE('',#2753,#3904,#3906,.T.);
#3904 = VERTEX_POINT('',#3905);
#3905 = CARTESIAN_POINT('',(-0.16,-4.92,-3.));
#3906 = LINE('',#3907,#3908);
#3907 = CARTESIAN_POINT('',(-0.16,-4.92,-3.));
#3908 = VECTOR('',#3909,1.);
#3909 = DIRECTION('',(0.57735026919,-0.57735026919,-0.57735026919));
#3910 = ORIENTED_EDGE('',*,*,#2752,.T.);
#3911 = ORIENTED_EDGE('',*,*,#3881,.T.);
#3912 = ORIENTED_EDGE('',*,*,#3913,.F.);
#3913 = EDGE_CURVE('',#3904,#3882,#3914,.T.);
#3914 = LINE('',#3915,#3916);
#3915 = CARTESIAN_POINT('',(-0.32,-4.92,-3.));
#3916 = VECTOR('',#3917,1.);
#3917 = DIRECTION('',(1.,0.,0.));
#3918 = PLANE('',#3919);
#3919 = AXIS2_PLACEMENT_3D('',#3920,#3921,#3922);
#3920 = CARTESIAN_POINT('',(-0.32,-4.84,-2.92));
#3921 = DIRECTION('',(-1.735167508357E-18,-0.707106781187,0.707106781187
    ));
#3922 = DIRECTION('',(-1.,1.226948711654E-18,-1.226948711654E-18));
#3923 = ADVANCED_FACE('',(#3924),#3942,.T.);
#3924 = FACE_BOUND('',#3925,.T.);
#3925 = EDGE_LOOP('',(#3926,#3934,#3935,#3936));
#3926 = ORIENTED_EDGE('',*,*,#3927,.F.);
#3927 = EDGE_CURVE('',#2776,#3928,#3930,.T.);
#3928 = VERTEX_POINT('',#3929);
#3929 = CARTESIAN_POINT('',(-0.16,-5.24,-3.));
#3930 = LINE('',#3931,#3932);
#3931 = CARTESIAN_POINT('',(-0.266666666667,-5.346666666667,
    -2.893333333333));
#3932 = VECTOR('',#3933,1.);
#3933 = DIRECTION('',(0.57735026919,0.57735026919,-0.57735026919));
#3934 = ORIENTED_EDGE('',*,*,#2783,.T.);
#3935 = ORIENTED_EDGE('',*,*,#3903,.T.);
#3936 = ORIENTED_EDGE('',*,*,#3937,.F.);
#3937 = EDGE_CURVE('',#3928,#3904,#3938,.T.);
#3938 = LINE('',#3939,#3940);
#3939 = CARTESIAN_POINT('',(-0.16,-5.4,-3.));
#3940 = VECTOR('',#3941,1.);
#3941 = DIRECTION('',(0.,1.,0.));
#3942 = PLANE('',#3943);
#3943 = AXIS2_PLACEMENT_3D('',#3944,#3945,#3946);
#3944 = CARTESIAN_POINT('',(-0.24,-5.4,-2.92));
#3945 = DIRECTION('',(-0.707106781187,-1.735167508357E-18,
    -0.707106781187));
#3946 = DIRECTION('',(-1.226948711654E-18,1.,-1.226948711654E-18));
#3947 = ADVANCED_FACE('',(#3948),#3959,.T.);
#3948 = FACE_BOUND('',#3949,.F.);
#3949 = EDGE_LOOP('',(#3950,#3951,#3952,#3953));
#3950 = ORIENTED_EDGE('',*,*,#3927,.F.);
#3951 = ORIENTED_EDGE('',*,*,#2800,.T.);
#3952 = ORIENTED_EDGE('',*,*,#3872,.T.);
#3953 = ORIENTED_EDGE('',*,*,#3954,.F.);
#3954 = EDGE_CURVE('',#3928,#3873,#3955,.T.);
#3955 = LINE('',#3956,#3957);
#3956 = CARTESIAN_POINT('',(-0.32,-5.24,-3.));
#3957 = VECTOR('',#3958,1.);
#3958 = DIRECTION('',(1.,0.,0.));
#3959 = PLANE('',#3960);
#3960 = AXIS2_PLACEMENT_3D('',#3961,#3962,#3963);
#3961 = CARTESIAN_POINT('',(-0.32,-5.32,-2.92));
#3962 = DIRECTION('',(1.735167508357E-18,-0.707106781187,-0.707106781187
    ));
#3963 = DIRECTION('',(-1.,-1.226948711654E-18,-1.226948711654E-18));
#3964 = ADVANCED_FACE('',(#3965),#3990,.F.);
#3965 = FACE_BOUND('',#3966,.F.);
#3966 = EDGE_LOOP('',(#3967,#3975,#3976,#3984));
#3967 = ORIENTED_EDGE('',*,*,#3968,.F.);
#3968 = EDGE_CURVE('',#2817,#3969,#3971,.T.);
#3969 = VERTEX_POINT('',#3970);
#3970 = CARTESIAN_POINT('',(0.16,-2.7,-3.));
#3971 = LINE('',#3972,#3973);
#3972 = CARTESIAN_POINT('',(0.16,-2.7,-3.));
#3973 = VECTOR('',#3974,1.);
#3974 = DIRECTION('',(-0.57735026919,0.57735026919,-0.57735026919));
#3975 = ORIENTED_EDGE('',*,*,#2824,.T.);
#3976 = ORIENTED_EDGE('',*,*,#3977,.T.);
#3977 = EDGE_CURVE('',#2825,#3978,#3980,.T.);
#3978 = VERTEX_POINT('',#3979);
#3979 = CARTESIAN_POINT('',(0.16,-2.38,-3.));
#3980 = LINE('',#3981,#3982);
#3981 = CARTESIAN_POINT('',(5.333333333333E-02,-2.486666666667,
    -3.106666666667));
#3982 = VECTOR('',#3983,1.);
#3983 = DIRECTION('',(-0.57735026919,-0.57735026919,-0.57735026919));
#3984 = ORIENTED_EDGE('',*,*,#3985,.F.);
#3985 = EDGE_CURVE('',#3969,#3978,#3986,.T.);
#3986 = LINE('',#3987,#3988);
#3987 = CARTESIAN_POINT('',(0.16,-2.86,-3.));
#3988 = VECTOR('',#3989,1.);
#3989 = DIRECTION('',(0.,1.,0.));
#3990 = PLANE('',#3991);
#3991 = AXIS2_PLACEMENT_3D('',#3992,#3993,#3994);
#3992 = CARTESIAN_POINT('',(0.24,-2.86,-2.92));
#3993 = DIRECTION('',(-0.707106781187,1.735167508357E-18,0.707106781187)
  );
#3994 = DIRECTION('',(1.226948711654E-18,1.,-1.226948711654E-18));
#3995 = ADVANCED_FACE('',(#3996),#4014,.F.);
#3996 = FACE_BOUND('',#3997,.T.);
#3997 = EDGE_LOOP('',(#3998,#4006,#4007,#4008));
#3998 = ORIENTED_EDGE('',*,*,#3999,.F.);
#3999 = EDGE_CURVE('',#2849,#4000,#4002,.T.);
#4000 = VERTEX_POINT('',#4001);
#4001 = CARTESIAN_POINT('',(-0.16,-2.38,-3.));
#4002 = LINE('',#4003,#4004);
#4003 = CARTESIAN_POINT('',(-0.16,-2.38,-3.));
#4004 = VECTOR('',#4005,1.);
#4005 = DIRECTION('',(0.57735026919,-0.57735026919,-0.57735026919));
#4006 = ORIENTED_EDGE('',*,*,#2848,.T.);
#4007 = ORIENTED_EDGE('',*,*,#3977,.T.);
#4008 = ORIENTED_EDGE('',*,*,#4009,.F.);
#4009 = EDGE_CURVE('',#4000,#3978,#4010,.T.);
#4010 = LINE('',#4011,#4012);
#4011 = CARTESIAN_POINT('',(-0.32,-2.38,-3.));
#4012 = VECTOR('',#4013,1.);
#4013 = DIRECTION('',(1.,0.,0.));
#4014 = PLANE('',#4015);
#4015 = AXIS2_PLACEMENT_3D('',#4016,#4017,#4018);
#4016 = CARTESIAN_POINT('',(-0.32,-2.3,-2.92));
#4017 = DIRECTION('',(-1.735167508357E-18,-0.707106781187,0.707106781187
    ));
#4018 = DIRECTION('',(-1.,1.226948711654E-18,-1.226948711654E-18));
#4019 = ADVANCED_FACE('',(#4020),#4038,.T.);
#4020 = FACE_BOUND('',#4021,.T.);
#4021 = EDGE_LOOP('',(#4022,#4030,#4031,#4032));
#4022 = ORIENTED_EDGE('',*,*,#4023,.F.);
#4023 = EDGE_CURVE('',#2872,#4024,#4026,.T.);
#4024 = VERTEX_POINT('',#4025);
#4025 = CARTESIAN_POINT('',(-0.16,-2.7,-3.));
#4026 = LINE('',#4027,#4028);
#4027 = CARTESIAN_POINT('',(-0.266666666667,-2.806666666667,
    -2.893333333333));
#4028 = VECTOR('',#4029,1.);
#4029 = DIRECTION('',(0.57735026919,0.57735026919,-0.57735026919));
#4030 = ORIENTED_EDGE('',*,*,#2879,.T.);
#4031 = ORIENTED_EDGE('',*,*,#3999,.T.);
#4032 = ORIENTED_EDGE('',*,*,#4033,.F.);
#4033 = EDGE_CURVE('',#4024,#4000,#4034,.T.);
#4034 = LINE('',#4035,#4036);
#4035 = CARTESIAN_POINT('',(-0.16,-2.86,-3.));
#4036 = VECTOR('',#4037,1.);
#4037 = DIRECTION('',(0.,1.,0.));
#4038 = PLANE('',#4039);
#4039 = AXIS2_PLACEMENT_3D('',#4040,#4041,#4042);
#4040 = CARTESIAN_POINT('',(-0.24,-2.86,-2.92));
#4041 = DIRECTION('',(-0.707106781187,-1.735167508357E-18,
    -0.707106781187));
#4042 = DIRECTION('',(-1.226948711654E-18,1.,-1.226948711654E-18));
#4043 = ADVANCED_FACE('',(#4044),#4055,.T.);
#4044 = FACE_BOUND('',#4045,.F.);
#4045 = EDGE_LOOP('',(#4046,#4047,#4048,#4049));
#4046 = ORIENTED_EDGE('',*,*,#4023,.F.);
#4047 = ORIENTED_EDGE('',*,*,#2896,.T.);
#4048 = ORIENTED_EDGE('',*,*,#3968,.T.);
#4049 = ORIENTED_EDGE('',*,*,#4050,.F.);
#4050 = EDGE_CURVE('',#4024,#3969,#4051,.T.);
#4051 = LINE('',#4052,#4053);
#4052 = CARTESIAN_POINT('',(-0.32,-2.7,-3.));
#4053 = VECTOR('',#4054,1.);
#4054 = DIRECTION('',(1.,0.,0.));
#4055 = PLANE('',#4056);
#4056 = AXIS2_PLACEMENT_3D('',#4057,#4058,#4059);
#4057 = CARTESIAN_POINT('',(-0.32,-2.78,-2.92));
#4058 = DIRECTION('',(1.735167508357E-18,-0.707106781187,-0.707106781187
    ));
#4059 = DIRECTION('',(-1.,-1.226948711654E-18,-1.226948711654E-18));
#4060 = ADVANCED_FACE('',(#4061),#4086,.T.);
#4061 = FACE_BOUND('',#4062,.F.);
#4062 = EDGE_LOOP('',(#4063,#4071,#4072,#4080));
#4063 = ORIENTED_EDGE('',*,*,#4064,.F.);
#4064 = EDGE_CURVE('',#2921,#4065,#4067,.T.);
#4065 = VERTEX_POINT('',#4066);
#4066 = CARTESIAN_POINT('',(-0.16,-12.86,-3.));
#4067 = LINE('',#4068,#4069);
#4068 = CARTESIAN_POINT('',(-0.266666666667,-12.96666666666,
    -2.893333333333));
#4069 = VECTOR('',#4070,1.);
#4070 = DIRECTION('',(0.57735026919,0.57735026919,-0.57735026919));
#4071 = ORIENTED_EDGE('',*,*,#2920,.T.);
#4072 = ORIENTED_EDGE('',*,*,#4073,.T.);
#4073 = EDGE_CURVE('',#2913,#4074,#4076,.T.);
#4074 = VERTEX_POINT('',#4075);
#4075 = CARTESIAN_POINT('',(0.16,-12.86,-3.));
#4076 = LINE('',#4077,#4078);
#4077 = CARTESIAN_POINT('',(0.16,-12.86,-3.));
#4078 = VECTOR('',#4079,1.);
#4079 = DIRECTION('',(-0.57735026919,0.57735026919,-0.57735026919));
#4080 = ORIENTED_EDGE('',*,*,#4081,.F.);
#4081 = EDGE_CURVE('',#4065,#4074,#4082,.T.);
#4082 = LINE('',#4083,#4084);
#4083 = CARTESIAN_POINT('',(-0.32,-12.86,-3.));
#4084 = VECTOR('',#4085,1.);
#4085 = DIRECTION('',(1.,0.,0.));
#4086 = PLANE('',#4087);
#4087 = AXIS2_PLACEMENT_3D('',#4088,#4089,#4090);
#4088 = CARTESIAN_POINT('',(-0.32,-12.94,-2.92));
#4089 = DIRECTION('',(1.735167508357E-18,-0.707106781187,-0.707106781187
    ));
#4090 = DIRECTION('',(-1.,-1.226948711654E-18,-1.226948711654E-18));
#4091 = ADVANCED_FACE('',(#4092),#4110,.F.);
#4092 = FACE_BOUND('',#4093,.F.);
#4093 = EDGE_LOOP('',(#4094,#4095,#4096,#4104));
#4094 = ORIENTED_EDGE('',*,*,#4073,.F.);
#4095 = ORIENTED_EDGE('',*,*,#2944,.T.);
#4096 = ORIENTED_EDGE('',*,*,#4097,.T.);
#4097 = EDGE_CURVE('',#2945,#4098,#4100,.T.);
#4098 = VERTEX_POINT('',#4099);
#4099 = CARTESIAN_POINT('',(0.16,-12.54,-3.));
#4100 = LINE('',#4101,#4102);
#4101 = CARTESIAN_POINT('',(5.333333333333E-02,-12.64666666666,
    -3.106666666667));
#4102 = VECTOR('',#4103,1.);
#4103 = DIRECTION('',(-0.57735026919,-0.57735026919,-0.57735026919));
#4104 = ORIENTED_EDGE('',*,*,#4105,.F.);
#4105 = EDGE_CURVE('',#4074,#4098,#4106,.T.);
#4106 = LINE('',#4107,#4108);
#4107 = CARTESIAN_POINT('',(0.16,-13.02,-3.));
#4108 = VECTOR('',#4109,1.);
#4109 = DIRECTION('',(0.,1.,0.));
#4110 = PLANE('',#4111);
#4111 = AXIS2_PLACEMENT_3D('',#4112,#4113,#4114);
#4112 = CARTESIAN_POINT('',(0.24,-13.02,-2.92));
#4113 = DIRECTION('',(-0.707106781187,1.735167508357E-18,0.707106781187)
  );
#4114 = DIRECTION('',(1.226948711654E-18,1.,-1.226948711654E-18));
#4115 = ADVANCED_FACE('',(#4116),#4134,.F.);
#4116 = FACE_BOUND('',#4117,.T.);
#4117 = EDGE_LOOP('',(#4118,#4126,#4127,#4128));
#4118 = ORIENTED_EDGE('',*,*,#4119,.F.);
#4119 = EDGE_CURVE('',#2969,#4120,#4122,.T.);
#4120 = VERTEX_POINT('',#4121);
#4121 = CARTESIAN_POINT('',(-0.16,-12.54,-3.));
#4122 = LINE('',#4123,#4124);
#4123 = CARTESIAN_POINT('',(-0.16,-12.54,-3.));
#4124 = VECTOR('',#4125,1.);
#4125 = DIRECTION('',(0.57735026919,-0.57735026919,-0.57735026919));
#4126 = ORIENTED_EDGE('',*,*,#2968,.T.);
#4127 = ORIENTED_EDGE('',*,*,#4097,.T.);
#4128 = ORIENTED_EDGE('',*,*,#4129,.F.);
#4129 = EDGE_CURVE('',#4120,#4098,#4130,.T.);
#4130 = LINE('',#4131,#4132);
#4131 = CARTESIAN_POINT('',(-0.32,-12.54,-3.));
#4132 = VECTOR('',#4133,1.);
#4133 = DIRECTION('',(1.,0.,0.));
#4134 = PLANE('',#4135);
#4135 = AXIS2_PLACEMENT_3D('',#4136,#4137,#4138);
#4136 = CARTESIAN_POINT('',(-0.32,-12.46,-2.92));
#4137 = DIRECTION('',(-1.735167508357E-18,-0.707106781187,0.707106781187
    ));
#4138 = DIRECTION('',(-1.,1.226948711654E-18,-1.226948711654E-18));
#4139 = ADVANCED_FACE('',(#4140),#4151,.T.);
#4140 = FACE_BOUND('',#4141,.T.);
#4141 = EDGE_LOOP('',(#4142,#4143,#4144,#4145));
#4142 = ORIENTED_EDGE('',*,*,#4064,.F.);
#4143 = ORIENTED_EDGE('',*,*,#2992,.T.);
#4144 = ORIENTED_EDGE('',*,*,#4119,.T.);
#4145 = ORIENTED_EDGE('',*,*,#4146,.F.);
#4146 = EDGE_CURVE('',#4065,#4120,#4147,.T.);
#4147 = LINE('',#4148,#4149);
#4148 = CARTESIAN_POINT('',(-0.16,-13.02,-3.));
#4149 = VECTOR('',#4150,1.);
#4150 = DIRECTION('',(0.,1.,0.));
#4151 = PLANE('',#4152);
#4152 = AXIS2_PLACEMENT_3D('',#4153,#4154,#4155);
#4153 = CARTESIAN_POINT('',(-0.24,-13.02,-2.92));
#4154 = DIRECTION('',(-0.707106781187,-1.735167508357E-18,
    -0.707106781187));
#4155 = DIRECTION('',(-1.226948711654E-18,1.,-1.226948711654E-18));
#4156 = ADVANCED_FACE('',(#4157),#4182,.F.);
#4157 = FACE_BOUND('',#4158,.T.);
#4158 = EDGE_LOOP('',(#4159,#4167,#4168,#4176));
#4159 = ORIENTED_EDGE('',*,*,#4160,.F.);
#4160 = EDGE_CURVE('',#3017,#4161,#4163,.T.);
#4161 = VERTEX_POINT('',#4162);
#4162 = CARTESIAN_POINT('',(-0.16,-10.,-3.));
#4163 = LINE('',#4164,#4165);
#4164 = CARTESIAN_POINT('',(-0.16,-10.,-3.));
#4165 = VECTOR('',#4166,1.);
#4166 = DIRECTION('',(0.57735026919,-0.57735026919,-0.57735026919));
#4167 = ORIENTED_EDGE('',*,*,#3016,.T.);
#4168 = ORIENTED_EDGE('',*,*,#4169,.T.);
#4169 = EDGE_CURVE('',#3009,#4170,#4172,.T.);
#4170 = VERTEX_POINT('',#4171);
#4171 = CARTESIAN_POINT('',(0.16,-10.,-3.));
#4172 = LINE('',#4173,#4174);
#4173 = CARTESIAN_POINT('',(5.333333333333E-02,-10.10666666666,
    -3.106666666667));
#4174 = VECTOR('',#4175,1.);
#4175 = DIRECTION('',(-0.57735026919,-0.57735026919,-0.57735026919));
#4176 = ORIENTED_EDGE('',*,*,#4177,.F.);
#4177 = EDGE_CURVE('',#4161,#4170,#4178,.T.);
#4178 = LINE('',#4179,#4180);
#4179 = CARTESIAN_POINT('',(-0.32,-10.,-3.));
#4180 = VECTOR('',#4181,1.);
#4181 = DIRECTION('',(1.,0.,0.));
#4182 = PLANE('',#4183);
#4183 = AXIS2_PLACEMENT_3D('',#4184,#4185,#4186);
#4184 = CARTESIAN_POINT('',(-0.32,-9.92,-2.92));
#4185 = DIRECTION('',(-1.735167508357E-18,-0.707106781187,0.707106781187
    ));
#4186 = DIRECTION('',(-1.,1.226948711654E-18,-1.226948711654E-18));
#4187 = ADVANCED_FACE('',(#4188),#4206,.T.);
#4188 = FACE_BOUND('',#4189,.T.);
#4189 = EDGE_LOOP('',(#4190,#4198,#4199,#4200));
#4190 = ORIENTED_EDGE('',*,*,#4191,.F.);
#4191 = EDGE_CURVE('',#3040,#4192,#4194,.T.);
#4192 = VERTEX_POINT('',#4193);
#4193 = CARTESIAN_POINT('',(-0.16,-10.32,-3.));
#4194 = LINE('',#4195,#4196);
#4195 = CARTESIAN_POINT('',(-0.266666666667,-10.42666666666,
    -2.893333333333));
#4196 = VECTOR('',#4197,1.);
#4197 = DIRECTION('',(0.57735026919,0.57735026919,-0.57735026919));
#4198 = ORIENTED_EDGE('',*,*,#3047,.T.);
#4199 = ORIENTED_EDGE('',*,*,#4160,.T.);
#4200 = ORIENTED_EDGE('',*,*,#4201,.F.);
#4201 = EDGE_CURVE('',#4192,#4161,#4202,.T.);
#4202 = LINE('',#4203,#4204);
#4203 = CARTESIAN_POINT('',(-0.16,-10.48,-3.));
#4204 = VECTOR('',#4205,1.);
#4205 = DIRECTION('',(0.,1.,0.));
#4206 = PLANE('',#4207);
#4207 = AXIS2_PLACEMENT_3D('',#4208,#4209,#4210);
#4208 = CARTESIAN_POINT('',(-0.24,-10.48,-2.92));
#4209 = DIRECTION('',(-0.707106781187,-1.735167508357E-18,
    -0.707106781187));
#4210 = DIRECTION('',(-1.226948711654E-18,1.,-1.226948711654E-18));
#4211 = ADVANCED_FACE('',(#4212),#4230,.T.);
#4212 = FACE_BOUND('',#4213,.F.);
#4213 = EDGE_LOOP('',(#4214,#4215,#4216,#4224));
#4214 = ORIENTED_EDGE('',*,*,#4191,.F.);
#4215 = ORIENTED_EDGE('',*,*,#3071,.T.);
#4216 = ORIENTED_EDGE('',*,*,#4217,.T.);
#4217 = EDGE_CURVE('',#3064,#4218,#4220,.T.);
#4218 = VERTEX_POINT('',#4219);
#4219 = CARTESIAN_POINT('',(0.16,-10.32,-3.));
#4220 = LINE('',#4221,#4222);
#4221 = CARTESIAN_POINT('',(0.16,-10.32,-3.));
#4222 = VECTOR('',#4223,1.);
#4223 = DIRECTION('',(-0.57735026919,0.57735026919,-0.57735026919));
#4224 = ORIENTED_EDGE('',*,*,#4225,.F.);
#4225 = EDGE_CURVE('',#4192,#4218,#4226,.T.);
#4226 = LINE('',#4227,#4228);
#4227 = CARTESIAN_POINT('',(-0.32,-10.32,-3.));
#4228 = VECTOR('',#4229,1.);
#4229 = DIRECTION('',(1.,0.,0.));
#4230 = PLANE('',#4231);
#4231 = AXIS2_PLACEMENT_3D('',#4232,#4233,#4234);
#4232 = CARTESIAN_POINT('',(-0.32,-10.4,-2.92));
#4233 = DIRECTION('',(1.735167508357E-18,-0.707106781187,-0.707106781187
    ));
#4234 = DIRECTION('',(-1.,-1.226948711654E-18,-1.226948711654E-18));
#4235 = ADVANCED_FACE('',(#4236),#4247,.F.);
#4236 = FACE_BOUND('',#4237,.F.);
#4237 = EDGE_LOOP('',(#4238,#4239,#4240,#4241));
#4238 = ORIENTED_EDGE('',*,*,#4217,.F.);
#4239 = ORIENTED_EDGE('',*,*,#3088,.T.);
#4240 = ORIENTED_EDGE('',*,*,#4169,.T.);
#4241 = ORIENTED_EDGE('',*,*,#4242,.F.);
#4242 = EDGE_CURVE('',#4218,#4170,#4243,.T.);
#4243 = LINE('',#4244,#4245);
#4244 = CARTESIAN_POINT('',(0.16,-10.48,-3.));
#4245 = VECTOR('',#4246,1.);
#4246 = DIRECTION('',(0.,1.,0.));
#4247 = PLANE('',#4248);
#4248 = AXIS2_PLACEMENT_3D('',#4249,#4250,#4251);
#4249 = CARTESIAN_POINT('',(0.24,-10.48,-2.92));
#4250 = DIRECTION('',(-0.707106781187,1.735167508357E-18,0.707106781187)
  );
#4251 = DIRECTION('',(1.226948711654E-18,1.,-1.226948711654E-18));
#4252 = ADVANCED_FACE('',(#4253),#4278,.T.);
#4253 = FACE_BOUND('',#4254,.F.);
#4254 = EDGE_LOOP('',(#4255,#4263,#4264,#4272));
#4255 = ORIENTED_EDGE('',*,*,#4256,.F.);
#4256 = EDGE_CURVE('',#3113,#4257,#4259,.T.);
#4257 = VERTEX_POINT('',#4258);
#4258 = CARTESIAN_POINT('',(-0.16,-7.78,-3.));
#4259 = LINE('',#4260,#4261);
#4260 = CARTESIAN_POINT('',(-0.266666666667,-7.886666666667,
    -2.893333333333));
#4261 = VECTOR('',#4262,1.);
#4262 = DIRECTION('',(0.57735026919,0.57735026919,-0.57735026919));
#4263 = ORIENTED_EDGE('',*,*,#3112,.T.);
#4264 = ORIENTED_EDGE('',*,*,#4265,.T.);
#4265 = EDGE_CURVE('',#3105,#4266,#4268,.T.);
#4266 = VERTEX_POINT('',#4267);
#4267 = CARTESIAN_POINT('',(0.16,-7.78,-3.));
#4268 = LINE('',#4269,#4270);
#4269 = CARTESIAN_POINT('',(0.16,-7.78,-3.));
#4270 = VECTOR('',#4271,1.);
#4271 = DIRECTION('',(-0.57735026919,0.57735026919,-0.57735026919));
#4272 = ORIENTED_EDGE('',*,*,#4273,.F.);
#4273 = EDGE_CURVE('',#4257,#4266,#4274,.T.);
#4274 = LINE('',#4275,#4276);
#4275 = CARTESIAN_POINT('',(-0.32,-7.78,-3.));
#4276 = VECTOR('',#4277,1.);
#4277 = DIRECTION('',(1.,0.,0.));
#4278 = PLANE('',#4279);
#4279 = AXIS2_PLACEMENT_3D('',#4280,#4281,#4282);
#4280 = CARTESIAN_POINT('',(-0.32,-7.86,-2.92));
#4281 = DIRECTION('',(1.735167508357E-18,-0.707106781187,-0.707106781187
    ));
#4282 = DIRECTION('',(-1.,-1.226948711654E-18,-1.226948711654E-18));
#4283 = ADVANCED_FACE('',(#4284),#4302,.F.);
#4284 = FACE_BOUND('',#4285,.F.);
#4285 = EDGE_LOOP('',(#4286,#4287,#4288,#4296));
#4286 = ORIENTED_EDGE('',*,*,#4265,.F.);
#4287 = ORIENTED_EDGE('',*,*,#3136,.T.);
#4288 = ORIENTED_EDGE('',*,*,#4289,.T.);
#4289 = EDGE_CURVE('',#3137,#4290,#4292,.T.);
#4290 = VERTEX_POINT('',#4291);
#4291 = CARTESIAN_POINT('',(0.16,-7.46,-3.));
#4292 = LINE('',#4293,#4294);
#4293 = CARTESIAN_POINT('',(5.333333333333E-02,-7.566666666667,
    -3.106666666667));
#4294 = VECTOR('',#4295,1.);
#4295 = DIRECTION('',(-0.57735026919,-0.57735026919,-0.57735026919));
#4296 = ORIENTED_EDGE('',*,*,#4297,.F.);
#4297 = EDGE_CURVE('',#4266,#4290,#4298,.T.);
#4298 = LINE('',#4299,#4300);
#4299 = CARTESIAN_POINT('',(0.16,-7.94,-3.));
#4300 = VECTOR('',#4301,1.);
#4301 = DIRECTION('',(0.,1.,0.));
#4302 = PLANE('',#4303);
#4303 = AXIS2_PLACEMENT_3D('',#4304,#4305,#4306);
#4304 = CARTESIAN_POINT('',(0.24,-7.94,-2.92));
#4305 = DIRECTION('',(-0.707106781187,1.735167508357E-18,0.707106781187)
  );
#4306 = DIRECTION('',(1.226948711654E-18,1.,-1.226948711654E-18));
#4307 = ADVANCED_FACE('',(#4308),#4326,.F.);
#4308 = FACE_BOUND('',#4309,.T.);
#4309 = EDGE_LOOP('',(#4310,#4318,#4319,#4320));
#4310 = ORIENTED_EDGE('',*,*,#4311,.F.);
#4311 = EDGE_CURVE('',#3161,#4312,#4314,.T.);
#4312 = VERTEX_POINT('',#4313);
#4313 = CARTESIAN_POINT('',(-0.16,-7.46,-3.));
#4314 = LINE('',#4315,#4316);
#4315 = CARTESIAN_POINT('',(-0.16,-7.46,-3.));
#4316 = VECTOR('',#4317,1.);
#4317 = DIRECTION('',(0.57735026919,-0.57735026919,-0.57735026919));
#4318 = ORIENTED_EDGE('',*,*,#3160,.T.);
#4319 = ORIENTED_EDGE('',*,*,#4289,.T.);
#4320 = ORIENTED_EDGE('',*,*,#4321,.F.);
#4321 = EDGE_CURVE('',#4312,#4290,#4322,.T.);
#4322 = LINE('',#4323,#4324);
#4323 = CARTESIAN_POINT('',(-0.32,-7.46,-3.));
#4324 = VECTOR('',#4325,1.);
#4325 = DIRECTION('',(1.,0.,0.));
#4326 = PLANE('',#4327);
#4327 = AXIS2_PLACEMENT_3D('',#4328,#4329,#4330);
#4328 = CARTESIAN_POINT('',(-0.32,-7.38,-2.92));
#4329 = DIRECTION('',(-1.735167508357E-18,-0.707106781187,0.707106781187
    ));
#4330 = DIRECTION('',(-1.,1.226948711654E-18,-1.226948711654E-18));
#4331 = ADVANCED_FACE('',(#4332),#4343,.T.);
#4332 = FACE_BOUND('',#4333,.T.);
#4333 = EDGE_LOOP('',(#4334,#4335,#4336,#4337));
#4334 = ORIENTED_EDGE('',*,*,#4256,.F.);
#4335 = ORIENTED_EDGE('',*,*,#3184,.T.);
#4336 = ORIENTED_EDGE('',*,*,#4311,.T.);
#4337 = ORIENTED_EDGE('',*,*,#4338,.F.);
#4338 = EDGE_CURVE('',#4257,#4312,#4339,.T.);
#4339 = LINE('',#4340,#4341);
#4340 = CARTESIAN_POINT('',(-0.16,-7.94,-3.));
#4341 = VECTOR('',#4342,1.);
#4342 = DIRECTION('',(0.,1.,0.));
#4343 = PLANE('',#4344);
#4344 = AXIS2_PLACEMENT_3D('',#4345,#4346,#4347);
#4345 = CARTESIAN_POINT('',(-0.24,-7.94,-2.92));
#4346 = DIRECTION('',(-0.707106781187,-1.735167508357E-18,
    -0.707106781187));
#4347 = DIRECTION('',(-1.226948711654E-18,1.,-1.226948711654E-18));
#4348 = ADVANCED_FACE('',(#4349),#4374,.T.);
#4349 = FACE_BOUND('',#4350,.T.);
#4350 = EDGE_LOOP('',(#4351,#4359,#4360,#4368));
#4351 = ORIENTED_EDGE('',*,*,#4352,.F.);
#4352 = EDGE_CURVE('',#3201,#4353,#4355,.T.);
#4353 = VERTEX_POINT('',#4354);
#4354 = CARTESIAN_POINT('',(0.16,-0.16,8.54));
#4355 = LINE('',#4356,#4357);
#4356 = CARTESIAN_POINT('',(0.16,-0.16,8.54));
#4357 = VECTOR('',#4358,1.);
#4358 = DIRECTION('',(-0.57735026919,0.57735026919,0.57735026919));
#4359 = ORIENTED_EDGE('',*,*,#3217,.T.);
#4360 = ORIENTED_EDGE('',*,*,#4361,.T.);
#4361 = EDGE_CURVE('',#3210,#4362,#4364,.T.);
#4362 = VERTEX_POINT('',#4363);
#4363 = CARTESIAN_POINT('',(0.16,0.16,8.54));
#4364 = LINE('',#4365,#4366);
#4365 = CARTESIAN_POINT('',(5.333333333333E-02,5.333333333333E-02,
    8.646666666667));
#4366 = VECTOR('',#4367,1.);
#4367 = DIRECTION('',(-0.57735026919,-0.57735026919,0.57735026919));
#4368 = ORIENTED_EDGE('',*,*,#4369,.F.);
#4369 = EDGE_CURVE('',#4353,#4362,#4370,.T.);
#4370 = LINE('',#4371,#4372);
#4371 = CARTESIAN_POINT('',(0.16,-0.32,8.54));
#4372 = VECTOR('',#4373,1.);
#4373 = DIRECTION('',(0.,1.,0.));
#4374 = PLANE('',#4375);
#4375 = AXIS2_PLACEMENT_3D('',#4376,#4377,#4378);
#4376 = CARTESIAN_POINT('',(0.24,-0.32,8.46));
#4377 = DIRECTION('',(0.707106781187,-1.735167508357E-18,0.707106781187)
  );
#4378 = DIRECTION('',(1.226948711654E-18,1.,1.226948711654E-18));
#4379 = ADVANCED_FACE('',(#4380),#4398,.T.);
#4380 = FACE_BOUND('',#4381,.F.);
#4381 = EDGE_LOOP('',(#4382,#4390,#4391,#4392));
#4382 = ORIENTED_EDGE('',*,*,#4383,.F.);
#4383 = EDGE_CURVE('',#3234,#4384,#4386,.T.);
#4384 = VERTEX_POINT('',#4385);
#4385 = CARTESIAN_POINT('',(-0.16,0.16,8.54));
#4386 = LINE('',#4387,#4388);
#4387 = CARTESIAN_POINT('',(-0.16,0.16,8.54));
#4388 = VECTOR('',#4389,1.);
#4389 = DIRECTION('',(0.57735026919,-0.57735026919,0.57735026919));
#4390 = ORIENTED_EDGE('',*,*,#3241,.T.);
#4391 = ORIENTED_EDGE('',*,*,#4361,.T.);
#4392 = ORIENTED_EDGE('',*,*,#4393,.F.);
#4393 = EDGE_CURVE('',#4384,#4362,#4394,.T.);
#4394 = LINE('',#4395,#4396);
#4395 = CARTESIAN_POINT('',(-0.32,0.16,8.54));
#4396 = VECTOR('',#4397,1.);
#4397 = DIRECTION('',(1.,0.,0.));
#4398 = PLANE('',#4399);
#4399 = AXIS2_PLACEMENT_3D('',#4400,#4401,#4402);
#4400 = CARTESIAN_POINT('',(-0.32,0.24,8.46));
#4401 = DIRECTION('',(1.735167508357E-18,0.707106781187,0.707106781187)
  );
#4402 = DIRECTION('',(-1.,1.226948711654E-18,1.226948711654E-18));
#4403 = ADVANCED_FACE('',(#4404),#4422,.F.);
#4404 = FACE_BOUND('',#4405,.F.);
#4405 = EDGE_LOOP('',(#4406,#4414,#4415,#4416));
#4406 = ORIENTED_EDGE('',*,*,#4407,.F.);
#4407 = EDGE_CURVE('',#3256,#4408,#4410,.T.);
#4408 = VERTEX_POINT('',#4409);
#4409 = CARTESIAN_POINT('',(-0.16,-0.16,8.54));
#4410 = LINE('',#4411,#4412);
#4411 = CARTESIAN_POINT('',(-0.266666666667,-0.266666666667,
    8.433333333333));
#4412 = VECTOR('',#4413,1.);
#4413 = DIRECTION('',(0.57735026919,0.57735026919,0.57735026919));
#4414 = ORIENTED_EDGE('',*,*,#3265,.T.);
#4415 = ORIENTED_EDGE('',*,*,#4383,.T.);
#4416 = ORIENTED_EDGE('',*,*,#4417,.F.);
#4417 = EDGE_CURVE('',#4408,#4384,#4418,.T.);
#4418 = LINE('',#4419,#4420);
#4419 = CARTESIAN_POINT('',(-0.16,-0.32,8.54));
#4420 = VECTOR('',#4421,1.);
#4421 = DIRECTION('',(0.,1.,0.));
#4422 = PLANE('',#4423);
#4423 = AXIS2_PLACEMENT_3D('',#4424,#4425,#4426);
#4424 = CARTESIAN_POINT('',(-0.24,-0.32,8.46));
#4425 = DIRECTION('',(0.707106781187,1.735167508357E-18,-0.707106781187)
  );
#4426 = DIRECTION('',(-1.226948711654E-18,1.,1.226948711654E-18));
#4427 = ADVANCED_FACE('',(#4428),#4439,.F.);
#4428 = FACE_BOUND('',#4429,.T.);
#4429 = EDGE_LOOP('',(#4430,#4431,#4432,#4433));
#4430 = ORIENTED_EDGE('',*,*,#4407,.F.);
#4431 = ORIENTED_EDGE('',*,*,#3282,.T.);
#4432 = ORIENTED_EDGE('',*,*,#4352,.T.);
#4433 = ORIENTED_EDGE('',*,*,#4434,.F.);
#4434 = EDGE_CURVE('',#4408,#4353,#4435,.T.);
#4435 = LINE('',#4436,#4437);
#4436 = CARTESIAN_POINT('',(-0.32,-0.16,8.54));
#4437 = VECTOR('',#4438,1.);
#4438 = DIRECTION('',(1.,0.,0.));
#4439 = PLANE('',#4440);
#4440 = AXIS2_PLACEMENT_3D('',#4441,#4442,#4443);
#4441 = CARTESIAN_POINT('',(-0.32,-0.24,8.46));
#4442 = DIRECTION('',(-1.735167508357E-18,0.707106781187,-0.707106781187
    ));
#4443 = DIRECTION('',(-1.,-1.226948711654E-18,1.226948711654E-18));
#4444 = ADVANCED_FACE('',(#4445),#4470,.T.);
#4445 = FACE_BOUND('',#4446,.T.);
#4446 = EDGE_LOOP('',(#4447,#4455,#4456,#4464));
#4447 = ORIENTED_EDGE('',*,*,#4448,.F.);
#4448 = EDGE_CURVE('',#3297,#4449,#4451,.T.);
#4449 = VERTEX_POINT('',#4450);
#4450 = CARTESIAN_POINT('',(0.16,-5.24,8.54));
#4451 = LINE('',#4452,#4453);
#4452 = CARTESIAN_POINT('',(0.16,-5.24,8.54));
#4453 = VECTOR('',#4454,1.);
#4454 = DIRECTION('',(-0.57735026919,0.57735026919,0.57735026919));
#4455 = ORIENTED_EDGE('',*,*,#3313,.T.);
#4456 = ORIENTED_EDGE('',*,*,#4457,.T.);
#4457 = EDGE_CURVE('',#3306,#4458,#4460,.T.);
#4458 = VERTEX_POINT('',#4459);
#4459 = CARTESIAN_POINT('',(0.16,-4.92,8.54));
#4460 = LINE('',#4461,#4462);
#4461 = CARTESIAN_POINT('',(5.333333333333E-02,-5.026666666667,
    8.646666666667));
#4462 = VECTOR('',#4463,1.);
#4463 = DIRECTION('',(-0.57735026919,-0.57735026919,0.57735026919));
#4464 = ORIENTED_EDGE('',*,*,#4465,.F.);
#4465 = EDGE_CURVE('',#4449,#4458,#4466,.T.);
#4466 = LINE('',#4467,#4468);
#4467 = CARTESIAN_POINT('',(0.16,-5.4,8.54));
#4468 = VECTOR('',#4469,1.);
#4469 = DIRECTION('',(0.,1.,0.));
#4470 = PLANE('',#4471);
#4471 = AXIS2_PLACEMENT_3D('',#4472,#4473,#4474);
#4472 = CARTESIAN_POINT('',(0.24,-5.4,8.46));
#4473 = DIRECTION('',(0.707106781187,-1.735167508357E-18,0.707106781187)
  );
#4474 = DIRECTION('',(1.226948711654E-18,1.,1.226948711654E-18));
#4475 = ADVANCED_FACE('',(#4476),#4494,.T.);
#4476 = FACE_BOUND('',#4477,.F.);
#4477 = EDGE_LOOP('',(#4478,#4486,#4487,#4488));
#4478 = ORIENTED_EDGE('',*,*,#4479,.F.);
#4479 = EDGE_CURVE('',#3330,#4480,#4482,.T.);
#4480 = VERTEX_POINT('',#4481);
#4481 = CARTESIAN_POINT('',(-0.16,-4.92,8.54));
#4482 = LINE('',#4483,#4484);
#4483 = CARTESIAN_POINT('',(-0.16,-4.92,8.54));
#4484 = VECTOR('',#4485,1.);
#4485 = DIRECTION('',(0.57735026919,-0.57735026919,0.57735026919));
#4486 = ORIENTED_EDGE('',*,*,#3337,.T.);
#4487 = ORIENTED_EDGE('',*,*,#4457,.T.);
#4488 = ORIENTED_EDGE('',*,*,#4489,.F.);
#4489 = EDGE_CURVE('',#4480,#4458,#4490,.T.);
#4490 = LINE('',#4491,#4492);
#4491 = CARTESIAN_POINT('',(-0.32,-4.92,8.54));
#4492 = VECTOR('',#4493,1.);
#4493 = DIRECTION('',(1.,0.,0.));
#4494 = PLANE('',#4495);
#4495 = AXIS2_PLACEMENT_3D('',#4496,#4497,#4498);
#4496 = CARTESIAN_POINT('',(-0.32,-4.84,8.46));
#4497 = DIRECTION('',(1.735167508357E-18,0.707106781187,0.707106781187)
  );
#4498 = DIRECTION('',(-1.,1.226948711654E-18,1.226948711654E-18));
#4499 = ADVANCED_FACE('',(#4500),#4518,.F.);
#4500 = FACE_BOUND('',#4501,.F.);
#4501 = EDGE_LOOP('',(#4502,#4510,#4511,#4512));
#4502 = ORIENTED_EDGE('',*,*,#4503,.F.);
#4503 = EDGE_CURVE('',#3352,#4504,#4506,.T.);
#4504 = VERTEX_POINT('',#4505);
#4505 = CARTESIAN_POINT('',(-0.16,-5.24,8.54));
#4506 = LINE('',#4507,#4508);
#4507 = CARTESIAN_POINT('',(-0.266666666667,-5.346666666667,
    8.433333333333));
#4508 = VECTOR('',#4509,1.);
#4509 = DIRECTION('',(0.57735026919,0.57735026919,0.57735026919));
#4510 = ORIENTED_EDGE('',*,*,#3361,.T.);
#4511 = ORIENTED_EDGE('',*,*,#4479,.T.);
#4512 = ORIENTED_EDGE('',*,*,#4513,.F.);
#4513 = EDGE_CURVE('',#4504,#4480,#4514,.T.);
#4514 = LINE('',#4515,#4516);
#4515 = CARTESIAN_POINT('',(-0.16,-5.4,8.54));
#4516 = VECTOR('',#4517,1.);
#4517 = DIRECTION('',(0.,1.,0.));
#4518 = PLANE('',#4519);
#4519 = AXIS2_PLACEMENT_3D('',#4520,#4521,#4522);
#4520 = CARTESIAN_POINT('',(-0.24,-5.4,8.46));
#4521 = DIRECTION('',(0.707106781187,1.735167508357E-18,-0.707106781187)
  );
#4522 = DIRECTION('',(-1.226948711654E-18,1.,1.226948711654E-18));
#4523 = ADVANCED_FACE('',(#4524),#4535,.F.);
#4524 = FACE_BOUND('',#4525,.T.);
#4525 = EDGE_LOOP('',(#4526,#4527,#4528,#4529));
#4526 = ORIENTED_EDGE('',*,*,#4503,.F.);
#4527 = ORIENTED_EDGE('',*,*,#3378,.T.);
#4528 = ORIENTED_EDGE('',*,*,#4448,.T.);
#4529 = ORIENTED_EDGE('',*,*,#4530,.F.);
#4530 = EDGE_CURVE('',#4504,#4449,#4531,.T.);
#4531 = LINE('',#4532,#4533);
#4532 = CARTESIAN_POINT('',(-0.32,-5.24,8.54));
#4533 = VECTOR('',#4534,1.);
#4534 = DIRECTION('',(1.,0.,0.));
#4535 = PLANE('',#4536);
#4536 = AXIS2_PLACEMENT_3D('',#4537,#4538,#4539);
#4537 = CARTESIAN_POINT('',(-0.32,-5.32,8.46));
#4538 = DIRECTION('',(-1.735167508357E-18,0.707106781187,-0.707106781187
    ));
#4539 = DIRECTION('',(-1.,-1.226948711654E-18,1.226948711654E-18));
#4540 = ADVANCED_FACE('',(#4541),#4566,.T.);
#4541 = FACE_BOUND('',#4542,.T.);
#4542 = EDGE_LOOP('',(#4543,#4551,#4552,#4560));
#4543 = ORIENTED_EDGE('',*,*,#4544,.F.);
#4544 = EDGE_CURVE('',#3393,#4545,#4547,.T.);
#4545 = VERTEX_POINT('',#4546);
#4546 = CARTESIAN_POINT('',(0.16,-2.7,8.54));
#4547 = LINE('',#4548,#4549);
#4548 = CARTESIAN_POINT('',(0.16,-2.7,8.54));
#4549 = VECTOR('',#4550,1.);
#4550 = DIRECTION('',(-0.57735026919,0.57735026919,0.57735026919));
#4551 = ORIENTED_EDGE('',*,*,#3409,.T.);
#4552 = ORIENTED_EDGE('',*,*,#4553,.T.);
#4553 = EDGE_CURVE('',#3402,#4554,#4556,.T.);
#4554 = VERTEX_POINT('',#4555);
#4555 = CARTESIAN_POINT('',(0.16,-2.38,8.54));
#4556 = LINE('',#4557,#4558);
#4557 = CARTESIAN_POINT('',(5.333333333333E-02,-2.486666666667,
    8.646666666667));
#4558 = VECTOR('',#4559,1.);
#4559 = DIRECTION('',(-0.57735026919,-0.57735026919,0.57735026919));
#4560 = ORIENTED_EDGE('',*,*,#4561,.F.);
#4561 = EDGE_CURVE('',#4545,#4554,#4562,.T.);
#4562 = LINE('',#4563,#4564);
#4563 = CARTESIAN_POINT('',(0.16,-2.86,8.54));
#4564 = VECTOR('',#4565,1.);
#4565 = DIRECTION('',(0.,1.,0.));
#4566 = PLANE('',#4567);
#4567 = AXIS2_PLACEMENT_3D('',#4568,#4569,#4570);
#4568 = CARTESIAN_POINT('',(0.24,-2.86,8.46));
#4569 = DIRECTION('',(0.707106781187,-1.735167508357E-18,0.707106781187)
  );
#4570 = DIRECTION('',(1.226948711654E-18,1.,1.226948711654E-18));
#4571 = ADVANCED_FACE('',(#4572),#4590,.T.);
#4572 = FACE_BOUND('',#4573,.F.);
#4573 = EDGE_LOOP('',(#4574,#4582,#4583,#4584));
#4574 = ORIENTED_EDGE('',*,*,#4575,.F.);
#4575 = EDGE_CURVE('',#3426,#4576,#4578,.T.);
#4576 = VERTEX_POINT('',#4577);
#4577 = CARTESIAN_POINT('',(-0.16,-2.38,8.54));
#4578 = LINE('',#4579,#4580);
#4579 = CARTESIAN_POINT('',(-0.16,-2.38,8.54));
#4580 = VECTOR('',#4581,1.);
#4581 = DIRECTION('',(0.57735026919,-0.57735026919,0.57735026919));
#4582 = ORIENTED_EDGE('',*,*,#3433,.T.);
#4583 = ORIENTED_EDGE('',*,*,#4553,.T.);
#4584 = ORIENTED_EDGE('',*,*,#4585,.F.);
#4585 = EDGE_CURVE('',#4576,#4554,#4586,.T.);
#4586 = LINE('',#4587,#4588);
#4587 = CARTESIAN_POINT('',(-0.32,-2.38,8.54));
#4588 = VECTOR('',#4589,1.);
#4589 = DIRECTION('',(1.,0.,0.));
#4590 = PLANE('',#4591);
#4591 = AXIS2_PLACEMENT_3D('',#4592,#4593,#4594);
#4592 = CARTESIAN_POINT('',(-0.32,-2.3,8.46));
#4593 = DIRECTION('',(1.735167508357E-18,0.707106781187,0.707106781187)
  );
#4594 = DIRECTION('',(-1.,1.226948711654E-18,1.226948711654E-18));
#4595 = ADVANCED_FACE('',(#4596),#4614,.F.);
#4596 = FACE_BOUND('',#4597,.F.);
#4597 = EDGE_LOOP('',(#4598,#4606,#4607,#4608));
#4598 = ORIENTED_EDGE('',*,*,#4599,.F.);
#4599 = EDGE_CURVE('',#3448,#4600,#4602,.T.);
#4600 = VERTEX_POINT('',#4601);
#4601 = CARTESIAN_POINT('',(-0.16,-2.7,8.54));
#4602 = LINE('',#4603,#4604);
#4603 = CARTESIAN_POINT('',(-0.266666666667,-2.806666666667,
    8.433333333333));
#4604 = VECTOR('',#4605,1.);
#4605 = DIRECTION('',(0.57735026919,0.57735026919,0.57735026919));
#4606 = ORIENTED_EDGE('',*,*,#3457,.T.);
#4607 = ORIENTED_EDGE('',*,*,#4575,.T.);
#4608 = ORIENTED_EDGE('',*,*,#4609,.F.);
#4609 = EDGE_CURVE('',#4600,#4576,#4610,.T.);
#4610 = LINE('',#4611,#4612);
#4611 = CARTESIAN_POINT('',(-0.16,-2.86,8.54));
#4612 = VECTOR('',#4613,1.);
#4613 = DIRECTION('',(0.,1.,0.));
#4614 = PLANE('',#4615);
#4615 = AXIS2_PLACEMENT_3D('',#4616,#4617,#4618);
#4616 = CARTESIAN_POINT('',(-0.24,-2.86,8.46));
#4617 = DIRECTION('',(0.707106781187,1.735167508357E-18,-0.707106781187)
  );
#4618 = DIRECTION('',(-1.226948711654E-18,1.,1.226948711654E-18));
#4619 = ADVANCED_FACE('',(#4620),#4631,.F.);
#4620 = FACE_BOUND('',#4621,.T.);
#4621 = EDGE_LOOP('',(#4622,#4623,#4624,#4625));
#4622 = ORIENTED_EDGE('',*,*,#4599,.F.);
#4623 = ORIENTED_EDGE('',*,*,#3474,.T.);
#4624 = ORIENTED_EDGE('',*,*,#4544,.T.);
#4625 = ORIENTED_EDGE('',*,*,#4626,.F.);
#4626 = EDGE_CURVE('',#4600,#4545,#4627,.T.);
#4627 = LINE('',#4628,#4629);
#4628 = CARTESIAN_POINT('',(-0.32,-2.7,8.54));
#4629 = VECTOR('',#4630,1.);
#4630 = DIRECTION('',(1.,0.,0.));
#4631 = PLANE('',#4632);
#4632 = AXIS2_PLACEMENT_3D('',#4633,#4634,#4635);
#4633 = CARTESIAN_POINT('',(-0.32,-2.78,8.46));
#4634 = DIRECTION('',(-1.735167508357E-18,0.707106781187,-0.707106781187
    ));
#4635 = DIRECTION('',(-1.,-1.226948711654E-18,1.226948711654E-18));
#4636 = ADVANCED_FACE('',(#4637),#4662,.F.);
#4637 = FACE_BOUND('',#4638,.T.);
#4638 = EDGE_LOOP('',(#4639,#4647,#4648,#4656));
#4639 = ORIENTED_EDGE('',*,*,#4640,.F.);
#4640 = EDGE_CURVE('',#3498,#4641,#4643,.T.);
#4641 = VERTEX_POINT('',#4642);
#4642 = CARTESIAN_POINT('',(-0.16,-12.86,8.54));
#4643 = LINE('',#4644,#4645);
#4644 = CARTESIAN_POINT('',(-0.266666666667,-12.96666666666,
    8.433333333333));
#4645 = VECTOR('',#4646,1.);
#4646 = DIRECTION('',(0.57735026919,0.57735026919,0.57735026919));
#4647 = ORIENTED_EDGE('',*,*,#3505,.T.);
#4648 = ORIENTED_EDGE('',*,*,#4649,.T.);
#4649 = EDGE_CURVE('',#3489,#4650,#4652,.T.);
#4650 = VERTEX_POINT('',#4651);
#4651 = CARTESIAN_POINT('',(0.16,-12.86,8.54));
#4652 = LINE('',#4653,#4654);
#4653 = CARTESIAN_POINT('',(0.16,-12.86,8.54));
#4654 = VECTOR('',#4655,1.);
#4655 = DIRECTION('',(-0.57735026919,0.57735026919,0.57735026919));
#4656 = ORIENTED_EDGE('',*,*,#4657,.F.);
#4657 = EDGE_CURVE('',#4641,#4650,#4658,.T.);
#4658 = LINE('',#4659,#4660);
#4659 = CARTESIAN_POINT('',(-0.32,-12.86,8.54));
#4660 = VECTOR('',#4661,1.);
#4661 = DIRECTION('',(1.,0.,0.));
#4662 = PLANE('',#4663);
#4663 = AXIS2_PLACEMENT_3D('',#4664,#4665,#4666);
#4664 = CARTESIAN_POINT('',(-0.32,-12.94,8.46));
#4665 = DIRECTION('',(-1.735167508357E-18,0.707106781187,-0.707106781187
    ));
#4666 = DIRECTION('',(-1.,-1.226948711654E-18,1.226948711654E-18));
#4667 = ADVANCED_FACE('',(#4668),#4686,.T.);
#4668 = FACE_BOUND('',#4669,.T.);
#4669 = EDGE_LOOP('',(#4670,#4671,#4672,#4680));
#4670 = ORIENTED_EDGE('',*,*,#4649,.F.);
#4671 = ORIENTED_EDGE('',*,*,#3529,.T.);
#4672 = ORIENTED_EDGE('',*,*,#4673,.T.);
#4673 = EDGE_CURVE('',#3522,#4674,#4676,.T.);
#4674 = VERTEX_POINT('',#4675);
#4675 = CARTESIAN_POINT('',(0.16,-12.54,8.54));
#4676 = LINE('',#4677,#4678);
#4677 = CARTESIAN_POINT('',(5.333333333333E-02,-12.64666666666,
    8.646666666667));
#4678 = VECTOR('',#4679,1.);
#4679 = DIRECTION('',(-0.57735026919,-0.57735026919,0.57735026919));
#4680 = ORIENTED_EDGE('',*,*,#4681,.F.);
#4681 = EDGE_CURVE('',#4650,#4674,#4682,.T.);
#4682 = LINE('',#4683,#4684);
#4683 = CARTESIAN_POINT('',(0.16,-13.02,8.54));
#4684 = VECTOR('',#4685,1.);
#4685 = DIRECTION('',(0.,1.,0.));
#4686 = PLANE('',#4687);
#4687 = AXIS2_PLACEMENT_3D('',#4688,#4689,#4690);
#4688 = CARTESIAN_POINT('',(0.24,-13.02,8.46));
#4689 = DIRECTION('',(0.707106781187,-1.735167508357E-18,0.707106781187)
  );
#4690 = DIRECTION('',(1.226948711654E-18,1.,1.226948711654E-18));
#4691 = ADVANCED_FACE('',(#4692),#4710,.T.);
#4692 = FACE_BOUND('',#4693,.F.);
#4693 = EDGE_LOOP('',(#4694,#4702,#4703,#4704));
#4694 = ORIENTED_EDGE('',*,*,#4695,.F.);
#4695 = EDGE_CURVE('',#3546,#4696,#4698,.T.);
#4696 = VERTEX_POINT('',#4697);
#4697 = CARTESIAN_POINT('',(-0.16,-12.54,8.54));
#4698 = LINE('',#4699,#4700);
#4699 = CARTESIAN_POINT('',(-0.16,-12.54,8.54));
#4700 = VECTOR('',#4701,1.);
#4701 = DIRECTION('',(0.57735026919,-0.57735026919,0.57735026919));
#4702 = ORIENTED_EDGE('',*,*,#3553,.T.);
#4703 = ORIENTED_EDGE('',*,*,#4673,.T.);
#4704 = ORIENTED_EDGE('',*,*,#4705,.F.);
#4705 = EDGE_CURVE('',#4696,#4674,#4706,.T.);
#4706 = LINE('',#4707,#4708);
#4707 = CARTESIAN_POINT('',(-0.32,-12.54,8.54));
#4708 = VECTOR('',#4709,1.);
#4709 = DIRECTION('',(1.,0.,0.));
#4710 = PLANE('',#4711);
#4711 = AXIS2_PLACEMENT_3D('',#4712,#4713,#4714);
#4712 = CARTESIAN_POINT('',(-0.32,-12.46,8.46));
#4713 = DIRECTION('',(1.735167508357E-18,0.707106781187,0.707106781187)
  );
#4714 = DIRECTION('',(-1.,1.226948711654E-18,1.226948711654E-18));
#4715 = ADVANCED_FACE('',(#4716),#4727,.F.);
#4716 = FACE_BOUND('',#4717,.F.);
#4717 = EDGE_LOOP('',(#4718,#4719,#4720,#4721));
#4718 = ORIENTED_EDGE('',*,*,#4640,.F.);
#4719 = ORIENTED_EDGE('',*,*,#3570,.T.);
#4720 = ORIENTED_EDGE('',*,*,#4695,.T.);
#4721 = ORIENTED_EDGE('',*,*,#4722,.F.);
#4722 = EDGE_CURVE('',#4641,#4696,#4723,.T.);
#4723 = LINE('',#4724,#4725);
#4724 = CARTESIAN_POINT('',(-0.16,-13.02,8.54));
#4725 = VECTOR('',#4726,1.);
#4726 = DIRECTION('',(0.,1.,0.));
#4727 = PLANE('',#4728);
#4728 = AXIS2_PLACEMENT_3D('',#4729,#4730,#4731);
#4729 = CARTESIAN_POINT('',(-0.24,-13.02,8.46));
#4730 = DIRECTION('',(0.707106781187,1.735167508357E-18,-0.707106781187)
  );
#4731 = DIRECTION('',(-1.226948711654E-18,1.,1.226948711654E-18));
#4732 = ADVANCED_FACE('',(#4733),#4758,.T.);
#4733 = FACE_BOUND('',#4734,.F.);
#4734 = EDGE_LOOP('',(#4735,#4743,#4744,#4752));
#4735 = ORIENTED_EDGE('',*,*,#4736,.F.);
#4736 = EDGE_CURVE('',#3594,#4737,#4739,.T.);
#4737 = VERTEX_POINT('',#4738);
#4738 = CARTESIAN_POINT('',(-0.16,-10.,8.54));
#4739 = LINE('',#4740,#4741);
#4740 = CARTESIAN_POINT('',(-0.16,-10.,8.54));
#4741 = VECTOR('',#4742,1.);
#4742 = DIRECTION('',(0.57735026919,-0.57735026919,0.57735026919));
#4743 = ORIENTED_EDGE('',*,*,#3601,.T.);
#4744 = ORIENTED_EDGE('',*,*,#4745,.T.);
#4745 = EDGE_CURVE('',#3585,#4746,#4748,.T.);
#4746 = VERTEX_POINT('',#4747);
#4747 = CARTESIAN_POINT('',(0.16,-10.,8.54));
#4748 = LINE('',#4749,#4750);
#4749 = CARTESIAN_POINT('',(5.333333333333E-02,-10.10666666666,
    8.646666666667));
#4750 = VECTOR('',#4751,1.);
#4751 = DIRECTION('',(-0.57735026919,-0.57735026919,0.57735026919));
#4752 = ORIENTED_EDGE('',*,*,#4753,.F.);
#4753 = EDGE_CURVE('',#4737,#4746,#4754,.T.);
#4754 = LINE('',#4755,#4756);
#4755 = CARTESIAN_POINT('',(-0.32,-10.,8.54));
#4756 = VECTOR('',#4757,1.);
#4757 = DIRECTION('',(1.,0.,0.));
#4758 = PLANE('',#4759);
#4759 = AXIS2_PLACEMENT_3D('',#4760,#4761,#4762);
#4760 = CARTESIAN_POINT('',(-0.32,-9.92,8.46));
#4761 = DIRECTION('',(1.735167508357E-18,0.707106781187,0.707106781187)
  );
#4762 = DIRECTION('',(-1.,1.226948711654E-18,1.226948711654E-18));
#4763 = ADVANCED_FACE('',(#4764),#4782,.F.);
#4764 = FACE_BOUND('',#4765,.F.);
#4765 = EDGE_LOOP('',(#4766,#4774,#4775,#4776));
#4766 = ORIENTED_EDGE('',*,*,#4767,.F.);
#4767 = EDGE_CURVE('',#3616,#4768,#4770,.T.);
#4768 = VERTEX_POINT('',#4769);
#4769 = CARTESIAN_POINT('',(-0.16,-10.32,8.54));
#4770 = LINE('',#4771,#4772);
#4771 = CARTESIAN_POINT('',(-0.266666666667,-10.42666666666,
    8.433333333333));
#4772 = VECTOR('',#4773,1.);
#4773 = DIRECTION('',(0.57735026919,0.57735026919,0.57735026919));
#4774 = ORIENTED_EDGE('',*,*,#3625,.T.);
#4775 = ORIENTED_EDGE('',*,*,#4736,.T.);
#4776 = ORIENTED_EDGE('',*,*,#4777,.F.);
#4777 = EDGE_CURVE('',#4768,#4737,#4778,.T.);
#4778 = LINE('',#4779,#4780);
#4779 = CARTESIAN_POINT('',(-0.16,-10.48,8.54));
#4780 = VECTOR('',#4781,1.);
#4781 = DIRECTION('',(0.,1.,0.));
#4782 = PLANE('',#4783);
#4783 = AXIS2_PLACEMENT_3D('',#4784,#4785,#4786);
#4784 = CARTESIAN_POINT('',(-0.24,-10.48,8.46));
#4785 = DIRECTION('',(0.707106781187,1.735167508357E-18,-0.707106781187)
  );
#4786 = DIRECTION('',(-1.226948711654E-18,1.,1.226948711654E-18));
#4787 = ADVANCED_FACE('',(#4788),#4806,.F.);
#4788 = FACE_BOUND('',#4789,.T.);
#4789 = EDGE_LOOP('',(#4790,#4791,#4792,#4800));
#4790 = ORIENTED_EDGE('',*,*,#4767,.F.);
#4791 = ORIENTED_EDGE('',*,*,#3649,.T.);
#4792 = ORIENTED_EDGE('',*,*,#4793,.T.);
#4793 = EDGE_CURVE('',#3640,#4794,#4796,.T.);
#4794 = VERTEX_POINT('',#4795);
#4795 = CARTESIAN_POINT('',(0.16,-10.32,8.54));
#4796 = LINE('',#4797,#4798);
#4797 = CARTESIAN_POINT('',(0.16,-10.32,8.54));
#4798 = VECTOR('',#4799,1.);
#4799 = DIRECTION('',(-0.57735026919,0.57735026919,0.57735026919));
#4800 = ORIENTED_EDGE('',*,*,#4801,.F.);
#4801 = EDGE_CURVE('',#4768,#4794,#4802,.T.);
#4802 = LINE('',#4803,#4804);
#4803 = CARTESIAN_POINT('',(-0.32,-10.32,8.54));
#4804 = VECTOR('',#4805,1.);
#4805 = DIRECTION('',(1.,0.,0.));
#4806 = PLANE('',#4807);
#4807 = AXIS2_PLACEMENT_3D('',#4808,#4809,#4810);
#4808 = CARTESIAN_POINT('',(-0.32,-10.4,8.46));
#4809 = DIRECTION('',(-1.735167508357E-18,0.707106781187,-0.707106781187
    ));
#4810 = DIRECTION('',(-1.,-1.226948711654E-18,1.226948711654E-18));
#4811 = ADVANCED_FACE('',(#4812),#4823,.T.);
#4812 = FACE_BOUND('',#4813,.T.);
#4813 = EDGE_LOOP('',(#4814,#4815,#4816,#4817));
#4814 = ORIENTED_EDGE('',*,*,#4793,.F.);
#4815 = ORIENTED_EDGE('',*,*,#3666,.T.);
#4816 = ORIENTED_EDGE('',*,*,#4745,.T.);
#4817 = ORIENTED_EDGE('',*,*,#4818,.F.);
#4818 = EDGE_CURVE('',#4794,#4746,#4819,.T.);
#4819 = LINE('',#4820,#4821);
#4820 = CARTESIAN_POINT('',(0.16,-10.48,8.54));
#4821 = VECTOR('',#4822,1.);
#4822 = DIRECTION('',(0.,1.,0.));
#4823 = PLANE('',#4824);
#4824 = AXIS2_PLACEMENT_3D('',#4825,#4826,#4827);
#4825 = CARTESIAN_POINT('',(0.24,-10.48,8.46));
#4826 = DIRECTION('',(0.707106781187,-1.735167508357E-18,0.707106781187)
  );
#4827 = DIRECTION('',(1.226948711654E-18,1.,1.226948711654E-18));
#4828 = ADVANCED_FACE('',(#4829),#4854,.F.);
#4829 = FACE_BOUND('',#4830,.T.);
#4830 = EDGE_LOOP('',(#4831,#4839,#4840,#4848));
#4831 = ORIENTED_EDGE('',*,*,#4832,.F.);
#4832 = EDGE_CURVE('',#3690,#4833,#4835,.T.);
#4833 = VERTEX_POINT('',#4834);
#4834 = CARTESIAN_POINT('',(-0.16,-7.78,8.54));
#4835 = LINE('',#4836,#4837);
#4836 = CARTESIAN_POINT('',(-0.266666666667,-7.886666666667,
    8.433333333333));
#4837 = VECTOR('',#4838,1.);
#4838 = DIRECTION('',(0.57735026919,0.57735026919,0.57735026919));
#4839 = ORIENTED_EDGE('',*,*,#3697,.T.);
#4840 = ORIENTED_EDGE('',*,*,#4841,.T.);
#4841 = EDGE_CURVE('',#3681,#4842,#4844,.T.);
#4842 = VERTEX_POINT('',#4843);
#4843 = CARTESIAN_POINT('',(0.16,-7.78,8.54));
#4844 = LINE('',#4845,#4846);
#4845 = CARTESIAN_POINT('',(0.16,-7.78,8.54));
#4846 = VECTOR('',#4847,1.);
#4847 = DIRECTION('',(-0.57735026919,0.57735026919,0.57735026919));
#4848 = ORIENTED_EDGE('',*,*,#4849,.F.);
#4849 = EDGE_CURVE('',#4833,#4842,#4850,.T.);
#4850 = LINE('',#4851,#4852);
#4851 = CARTESIAN_POINT('',(-0.32,-7.78,8.54));
#4852 = VECTOR('',#4853,1.);
#4853 = DIRECTION('',(1.,0.,0.));
#4854 = PLANE('',#4855);
#4855 = AXIS2_PLACEMENT_3D('',#4856,#4857,#4858);
#4856 = CARTESIAN_POINT('',(-0.32,-7.86,8.46));
#4857 = DIRECTION('',(-1.735167508357E-18,0.707106781187,-0.707106781187
    ));
#4858 = DIRECTION('',(-1.,-1.226948711654E-18,1.226948711654E-18));
#4859 = ADVANCED_FACE('',(#4860),#4878,.T.);
#4860 = FACE_BOUND('',#4861,.T.);
#4861 = EDGE_LOOP('',(#4862,#4863,#4864,#4872));
#4862 = ORIENTED_EDGE('',*,*,#4841,.F.);
#4863 = ORIENTED_EDGE('',*,*,#3721,.T.);
#4864 = ORIENTED_EDGE('',*,*,#4865,.T.);
#4865 = EDGE_CURVE('',#3714,#4866,#4868,.T.);
#4866 = VERTEX_POINT('',#4867);
#4867 = CARTESIAN_POINT('',(0.16,-7.46,8.54));
#4868 = LINE('',#4869,#4870);
#4869 = CARTESIAN_POINT('',(5.333333333333E-02,-7.566666666667,
    8.646666666667));
#4870 = VECTOR('',#4871,1.);
#4871 = DIRECTION('',(-0.57735026919,-0.57735026919,0.57735026919));
#4872 = ORIENTED_EDGE('',*,*,#4873,.F.);
#4873 = EDGE_CURVE('',#4842,#4866,#4874,.T.);
#4874 = LINE('',#4875,#4876);
#4875 = CARTESIAN_POINT('',(0.16,-7.94,8.54));
#4876 = VECTOR('',#4877,1.);
#4877 = DIRECTION('',(0.,1.,0.));
#4878 = PLANE('',#4879);
#4879 = AXIS2_PLACEMENT_3D('',#4880,#4881,#4882);
#4880 = CARTESIAN_POINT('',(0.24,-7.94,8.46));
#4881 = DIRECTION('',(0.707106781187,-1.735167508357E-18,0.707106781187)
  );
#4882 = DIRECTION('',(1.226948711654E-18,1.,1.226948711654E-18));
#4883 = ADVANCED_FACE('',(#4884),#4902,.T.);
#4884 = FACE_BOUND('',#4885,.F.);
#4885 = EDGE_LOOP('',(#4886,#4894,#4895,#4896));
#4886 = ORIENTED_EDGE('',*,*,#4887,.F.);
#4887 = EDGE_CURVE('',#3738,#4888,#4890,.T.);
#4888 = VERTEX_POINT('',#4889);
#4889 = CARTESIAN_POINT('',(-0.16,-7.46,8.54));
#4890 = LINE('',#4891,#4892);
#4891 = CARTESIAN_POINT('',(-0.16,-7.46,8.54));
#4892 = VECTOR('',#4893,1.);
#4893 = DIRECTION('',(0.57735026919,-0.57735026919,0.57735026919));
#4894 = ORIENTED_EDGE('',*,*,#3745,.T.);
#4895 = ORIENTED_EDGE('',*,*,#4865,.T.);
#4896 = ORIENTED_EDGE('',*,*,#4897,.F.);
#4897 = EDGE_CURVE('',#4888,#4866,#4898,.T.);
#4898 = LINE('',#4899,#4900);
#4899 = CARTESIAN_POINT('',(-0.32,-7.46,8.54));
#4900 = VECTOR('',#4901,1.);
#4901 = DIRECTION('',(1.,0.,0.));
#4902 = PLANE('',#4903);
#4903 = AXIS2_PLACEMENT_3D('',#4904,#4905,#4906);
#4904 = CARTESIAN_POINT('',(-0.32,-7.38,8.46));
#4905 = DIRECTION('',(1.735167508357E-18,0.707106781187,0.707106781187)
  );
#4906 = DIRECTION('',(-1.,1.226948711654E-18,1.226948711654E-18));
#4907 = ADVANCED_FACE('',(#4908),#4919,.F.);
#4908 = FACE_BOUND('',#4909,.F.);
#4909 = EDGE_LOOP('',(#4910,#4911,#4912,#4913));
#4910 = ORIENTED_EDGE('',*,*,#4832,.F.);
#4911 = ORIENTED_EDGE('',*,*,#3762,.T.);
#4912 = ORIENTED_EDGE('',*,*,#4887,.T.);
#4913 = ORIENTED_EDGE('',*,*,#4914,.F.);
#4914 = EDGE_CURVE('',#4833,#4888,#4915,.T.);
#4915 = LINE('',#4916,#4917);
#4916 = CARTESIAN_POINT('',(-0.16,-7.94,8.54));
#4917 = VECTOR('',#4918,1.);
#4918 = DIRECTION('',(0.,1.,0.));
#4919 = PLANE('',#4920);
#4920 = AXIS2_PLACEMENT_3D('',#4921,#4922,#4923);
#4921 = CARTESIAN_POINT('',(-0.24,-7.94,8.46));
#4922 = DIRECTION('',(0.707106781187,1.735167508357E-18,-0.707106781187)
  );
#4923 = DIRECTION('',(-1.226948711654E-18,1.,1.226948711654E-18));
#4924 = ADVANCED_FACE('',(#4925),#4931,.F.);
#4925 = FACE_BOUND('',#4926,.F.);
#4926 = EDGE_LOOP('',(#4927,#4928,#4929,#4930));
#4927 = ORIENTED_EDGE('',*,*,#3817,.F.);
#4928 = ORIENTED_EDGE('',*,*,#3841,.F.);
#4929 = ORIENTED_EDGE('',*,*,#3858,.T.);
#4930 = ORIENTED_EDGE('',*,*,#3793,.T.);
#4931 = PLANE('',#4932);
#4932 = AXIS2_PLACEMENT_3D('',#4933,#4934,#4935);
#4933 = CARTESIAN_POINT('',(-0.32,-0.32,-3.));
#4934 = DIRECTION('',(0.,0.,1.));
#4935 = DIRECTION('',(1.,0.,-0.));
#4936 = ADVANCED_FACE('',(#4937),#4943,.F.);
#4937 = FACE_BOUND('',#4938,.F.);
#4938 = EDGE_LOOP('',(#4939,#4940,#4941,#4942));
#4939 = ORIENTED_EDGE('',*,*,#3913,.F.);
#4940 = ORIENTED_EDGE('',*,*,#3937,.F.);
#4941 = ORIENTED_EDGE('',*,*,#3954,.T.);
#4942 = ORIENTED_EDGE('',*,*,#3889,.T.);
#4943 = PLANE('',#4944);
#4944 = AXIS2_PLACEMENT_3D('',#4945,#4946,#4947);
#4945 = CARTESIAN_POINT('',(-0.32,-5.4,-3.));
#4946 = DIRECTION('',(0.,0.,1.));
#4947 = DIRECTION('',(1.,0.,-0.));
#4948 = ADVANCED_FACE('',(#4949),#4955,.F.);
#4949 = FACE_BOUND('',#4950,.F.);
#4950 = EDGE_LOOP('',(#4951,#4952,#4953,#4954));
#4951 = ORIENTED_EDGE('',*,*,#4009,.F.);
#4952 = ORIENTED_EDGE('',*,*,#4033,.F.);
#4953 = ORIENTED_EDGE('',*,*,#4050,.T.);
#4954 = ORIENTED_EDGE('',*,*,#3985,.T.);
#4955 = PLANE('',#4956);
#4956 = AXIS2_PLACEMENT_3D('',#4957,#4958,#4959);
#4957 = CARTESIAN_POINT('',(-0.32,-2.86,-3.));
#4958 = DIRECTION('',(0.,0.,1.));
#4959 = DIRECTION('',(1.,0.,-0.));
#4960 = ADVANCED_FACE('',(#4961),#4967,.F.);
#4961 = FACE_BOUND('',#4962,.F.);
#4962 = EDGE_LOOP('',(#4963,#4964,#4965,#4966));
#4963 = ORIENTED_EDGE('',*,*,#4129,.F.);
#4964 = ORIENTED_EDGE('',*,*,#4146,.F.);
#4965 = ORIENTED_EDGE('',*,*,#4081,.T.);
#4966 = ORIENTED_EDGE('',*,*,#4105,.T.);
#4967 = PLANE('',#4968);
#4968 = AXIS2_PLACEMENT_3D('',#4969,#4970,#4971);
#4969 = CARTESIAN_POINT('',(-0.32,-13.02,-3.));
#4970 = DIRECTION('',(0.,0.,1.));
#4971 = DIRECTION('',(1.,0.,-0.));
#4972 = ADVANCED_FACE('',(#4973),#4979,.F.);
#4973 = FACE_BOUND('',#4974,.F.);
#4974 = EDGE_LOOP('',(#4975,#4976,#4977,#4978));
#4975 = ORIENTED_EDGE('',*,*,#4177,.F.);
#4976 = ORIENTED_EDGE('',*,*,#4201,.F.);
#4977 = ORIENTED_EDGE('',*,*,#4225,.T.);
#4978 = ORIENTED_EDGE('',*,*,#4242,.T.);
#4979 = PLANE('',#4980);
#4980 = AXIS2_PLACEMENT_3D('',#4981,#4982,#4983);
#4981 = CARTESIAN_POINT('',(-0.32,-10.48,-3.));
#4982 = DIRECTION('',(0.,0.,1.));
#4983 = DIRECTION('',(1.,0.,-0.));
#4984 = ADVANCED_FACE('',(#4985),#4991,.F.);
#4985 = FACE_BOUND('',#4986,.F.);
#4986 = EDGE_LOOP('',(#4987,#4988,#4989,#4990));
#4987 = ORIENTED_EDGE('',*,*,#4321,.F.);
#4988 = ORIENTED_EDGE('',*,*,#4338,.F.);
#4989 = ORIENTED_EDGE('',*,*,#4273,.T.);
#4990 = ORIENTED_EDGE('',*,*,#4297,.T.);
#4991 = PLANE('',#4992);
#4992 = AXIS2_PLACEMENT_3D('',#4993,#4994,#4995);
#4993 = CARTESIAN_POINT('',(-0.32,-7.94,-3.));
#4994 = DIRECTION('',(0.,0.,1.));
#4995 = DIRECTION('',(1.,0.,-0.));
#4996 = ADVANCED_FACE('',(#4997),#5003,.T.);
#4997 = FACE_BOUND('',#4998,.T.);
#4998 = EDGE_LOOP('',(#4999,#5000,#5001,#5002));
#4999 = ORIENTED_EDGE('',*,*,#4369,.T.);
#5000 = ORIENTED_EDGE('',*,*,#4393,.F.);
#5001 = ORIENTED_EDGE('',*,*,#4417,.F.);
#5002 = ORIENTED_EDGE('',*,*,#4434,.T.);
#5003 = PLANE('',#5004);
#5004 = AXIS2_PLACEMENT_3D('',#5005,#5006,#5007);
#5005 = CARTESIAN_POINT('',(-0.32,-0.32,8.54));
#5006 = DIRECTION('',(0.,0.,1.));
#5007 = DIRECTION('',(1.,0.,-0.));
#5008 = ADVANCED_FACE('',(#5009),#5015,.T.);
#5009 = FACE_BOUND('',#5010,.T.);
#5010 = EDGE_LOOP('',(#5011,#5012,#5013,#5014));
#5011 = ORIENTED_EDGE('',*,*,#4465,.T.);
#5012 = ORIENTED_EDGE('',*,*,#4489,.F.);
#5013 = ORIENTED_EDGE('',*,*,#4513,.F.);
#5014 = ORIENTED_EDGE('',*,*,#4530,.T.);
#5015 = PLANE('',#5016);
#5016 = AXIS2_PLACEMENT_3D('',#5017,#5018,#5019);
#5017 = CARTESIAN_POINT('',(-0.32,-5.4,8.54));
#5018 = DIRECTION('',(0.,0.,1.));
#5019 = DIRECTION('',(1.,0.,-0.));
#5020 = ADVANCED_FACE('',(#5021),#5027,.T.);
#5021 = FACE_BOUND('',#5022,.T.);
#5022 = EDGE_LOOP('',(#5023,#5024,#5025,#5026));
#5023 = ORIENTED_EDGE('',*,*,#4561,.T.);
#5024 = ORIENTED_EDGE('',*,*,#4585,.F.);
#5025 = ORIENTED_EDGE('',*,*,#4609,.F.);
#5026 = ORIENTED_EDGE('',*,*,#4626,.T.);
#5027 = PLANE('',#5028);
#5028 = AXIS2_PLACEMENT_3D('',#5029,#5030,#5031);
#5029 = CARTESIAN_POINT('',(-0.32,-2.86,8.54));
#5030 = DIRECTION('',(0.,0.,1.));
#5031 = DIRECTION('',(1.,0.,-0.));
#5032 = ADVANCED_FACE('',(#5033),#5039,.T.);
#5033 = FACE_BOUND('',#5034,.T.);
#5034 = EDGE_LOOP('',(#5035,#5036,#5037,#5038));
#5035 = ORIENTED_EDGE('',*,*,#4681,.T.);
#5036 = ORIENTED_EDGE('',*,*,#4705,.F.);
#5037 = ORIENTED_EDGE('',*,*,#4722,.F.);
#5038 = ORIENTED_EDGE('',*,*,#4657,.T.);
#5039 = PLANE('',#5040);
#5040 = AXIS2_PLACEMENT_3D('',#5041,#5042,#5043);
#5041 = CARTESIAN_POINT('',(-0.32,-13.02,8.54));
#5042 = DIRECTION('',(0.,0.,1.));
#5043 = DIRECTION('',(1.,0.,-0.));
#5044 = ADVANCED_FACE('',(#5045),#5051,.T.);
#5045 = FACE_BOUND('',#5046,.T.);
#5046 = EDGE_LOOP('',(#5047,#5048,#5049,#5050));
#5047 = ORIENTED_EDGE('',*,*,#4818,.T.);
#5048 = ORIENTED_EDGE('',*,*,#4753,.F.);
#5049 = ORIENTED_EDGE('',*,*,#4777,.F.);
#5050 = ORIENTED_EDGE('',*,*,#4801,.T.);
#5051 = PLANE('',#5052);
#5052 = AXIS2_PLACEMENT_3D('',#5053,#5054,#5055);
#5053 = CARTESIAN_POINT('',(-0.32,-10.48,8.54));
#5054 = DIRECTION('',(0.,0.,1.));
#5055 = DIRECTION('',(1.,0.,-0.));
#5056 = ADVANCED_FACE('',(#5057),#5063,.T.);
#5057 = FACE_BOUND('',#5058,.T.);
#5058 = EDGE_LOOP('',(#5059,#5060,#5061,#5062));
#5059 = ORIENTED_EDGE('',*,*,#4873,.T.);
#5060 = ORIENTED_EDGE('',*,*,#4897,.F.);
#5061 = ORIENTED_EDGE('',*,*,#4914,.F.);
#5062 = ORIENTED_EDGE('',*,*,#4849,.T.);
#5063 = PLANE('',#5064);
#5064 = AXIS2_PLACEMENT_3D('',#5065,#5066,#5067);
#5065 = CARTESIAN_POINT('',(-0.32,-7.94,8.54));
#5066 = DIRECTION('',(0.,0.,1.));
#5067 = DIRECTION('',(1.,0.,-0.));
#5068 = ( GEOMETRIC_REPRESENTATION_CONTEXT(3) 
GLOBAL_UNCERTAINTY_ASSIGNED_CONTEXT((#5072)) 
GLOBAL_UNIT_ASSIGNED_CONTEXT((#5069,#5070,#5071)) REPRESENTATION_CONTEXT
('Context #1','3D Context with UNIT and UNCERTAINTY') );
#5069 = ( LENGTH_UNIT() NAMED_UNIT(*) SI_UNIT(.MILLI.,.METRE.) );
#5070 = ( NAMED_UNIT(*) PLANE_ANGLE_UNIT() SI_UNIT($,.RADIAN.) );
#5071 = ( NAMED_UNIT(*) SI_UNIT($,.STERADIAN.) SOLID_ANGLE_UNIT() );
#5072 = UNCERTAINTY_MEASURE_WITH_UNIT(LENGTH_MEASURE(1.E-07),#5069,
  'distance_accuracy_value','confusion accuracy');
#5073 = CONTEXT_DEPENDENT_SHAPE_REPRESENTATION(#5074,#5076);
#5074 = ( REPRESENTATION_RELATIONSHIP('','',#939,#916) 
REPRESENTATION_RELATIONSHIP_WITH_TRANSFORMATION(#5075) 
SHAPE_REPRESENTATION_RELATIONSHIP() );
#5075 = ITEM_DEFINED_TRANSFORMATION('','',#11,#917);
#5076 = PRODUCT_DEFINITION_SHAPE('Placement','Placement of an item',
  #5077);
#5077 = NEXT_ASSEMBLY_USAGE_OCCURRENCE('3','=>[0:1:1:5]','',#911,#934,$
  );
#5078 = PRODUCT_RELATED_PRODUCT_CATEGORY('part',$,(#936));
#5079 = CONTEXT_DEPENDENT_SHAPE_REPRESENTATION(#5080,#5082);
#5080 = ( REPRESENTATION_RELATIONSHIP('','',#84,#10) 
REPRESENTATION_RELATIONSHIP_WITH_TRANSFORMATION(#5081) 
SHAPE_REPRESENTATION_RELATIONSHIP() );
#5081 = ITEM_DEFINED_TRANSFORMATION('','',#11,#23);
#5082 = PRODUCT_DEFINITION_SHAPE('Placement','Placement of an item',
  #5083);
#5083 = NEXT_ASSEMBLY_USAGE_OCCURRENCE('5','R4','',#5,#79,$);
#5084 = CONTEXT_DEPENDENT_SHAPE_REPRESENTATION(#5085,#5087);
#5085 = ( REPRESENTATION_RELATIONSHIP('','',#916,#10) 
REPRESENTATION_RELATIONSHIP_WITH_TRANSFORMATION(#5086) 
SHAPE_REPRESENTATION_RELATIONSHIP() );
#5086 = ITEM_DEFINED_TRANSFORMATION('','',#11,#27);
#5087 = PRODUCT_DEFINITION_SHAPE('Placement','Placement of an item',
  #5088);
#5088 = NEXT_ASSEMBLY_USAGE_OCCURRENCE('6','J1','',#5,#911,$);
#5089 = CONTEXT_DEPENDENT_SHAPE_REPRESENTATION(#5090,#5092);
#5090 = ( REPRESENTATION_RELATIONSHIP('','',#84,#10) 
REPRESENTATION_RELATIONSHIP_WITH_TRANSFORMATION(#5091) 
SHAPE_REPRESENTATION_RELATIONSHIP() );
#5091 = ITEM_DEFINED_TRANSFORMATION('','',#11,#31);
#5092 = PRODUCT_DEFINITION_SHAPE('Placement','Placement of an item',
  #5093);
#5093 = NEXT_ASSEMBLY_USAGE_OCCURRENCE('7','R2','',#5,#79,$);
#5094 = SHAPE_DEFINITION_REPRESENTATION(#5095,#5101);
#5095 = PRODUCT_DEFINITION_SHAPE('','',#5096);
#5096 = PRODUCT_DEFINITION('design','',#5097,#5100);
#5097 = PRODUCT_DEFINITION_FORMATION('','',#5098);
#5098 = PRODUCT('JST_EH_B8B-EH-A_1x08_P2.50mm_Vertical',
  'JST_EH_B8B-EH-A_1x08_P2.50mm_Vertical','',(#5099));
#5099 = PRODUCT_CONTEXT('',#2,'mechanical');
#5100 = PRODUCT_DEFINITION_CONTEXT('part definition',#2,'design');
#5101 = SHAPE_REPRESENTATION('',(#11,#5102),#5106);
#5102 = AXIS2_PLACEMENT_3D('',#5103,#5104,#5105);
#5103 = CARTESIAN_POINT('',(0.,0.,0.));
#5104 = DIRECTION('',(0.,0.,1.));
#5105 = DIRECTION('',(1.,0.,-0.));
#5106 = ( GEOMETRIC_REPRESENTATION_CONTEXT(3) 
GLOBAL_UNCERTAINTY_ASSIGNED_CONTEXT((#5110)) 
GLOBAL_UNIT_ASSIGNED_CONTEXT((#5107,#5108,#5109)) REPRESENTATION_CONTEXT
('Context #1','3D Context with UNIT and UNCERTAINTY') );
#5107 = ( LENGTH_UNIT() NAMED_UNIT(*) SI_UNIT(.MILLI.,.METRE.) );
#5108 = ( NAMED_UNIT(*) PLANE_ANGLE_UNIT() SI_UNIT($,.RADIAN.) );
#5109 = ( NAMED_UNIT(*) SI_UNIT($,.STERADIAN.) SOLID_ANGLE_UNIT() );
#5110 = UNCERTAINTY_MEASURE_WITH_UNIT(LENGTH_MEASURE(1.E-07),#5107,
  'distance_accuracy_value','confusion accuracy');
#5111 = CONTEXT_DEPENDENT_SHAPE_REPRESENTATION(#5112,#5114);
#5112 = ( REPRESENTATION_RELATIONSHIP('','',#5101,#10) 
REPRESENTATION_RELATIONSHIP_WITH_TRANSFORMATION(#5113) 
SHAPE_REPRESENTATION_RELATIONSHIP() );
#5113 = ITEM_DEFINED_TRANSFORMATION('','',#11,#35);
#5114 = PRODUCT_DEFINITION_SHAPE('Placement','Placement of an item',
  #5115);
#5115 = NEXT_ASSEMBLY_USAGE_OCCURRENCE('9','J2','',#5,#5096,$);
#5116 = PRODUCT_RELATED_PRODUCT_CATEGORY('part',$,(#5098));
#5117 = SHAPE_DEFINITION_REPRESENTATION(#5118,#5124);
#5118 = PRODUCT_DEFINITION_SHAPE('','',#5119);
#5119 = PRODUCT_DEFINITION('design','',#5120,#5123);
#5120 = PRODUCT_DEFINITION_FORMATION('','',#5121);
#5121 = PRODUCT('JST_B8B_EH_A','JST_B8B_EH_A','',(#5122));
#5122 = PRODUCT_CONTEXT('',#2,'mechanical');
#5123 = PRODUCT_DEFINITION_CONTEXT('part definition',#2,'design');
#5124 = ADVANCED_BREP_SHAPE_REPRESENTATION('',(#11,#5125),#11267);
#5125 = MANIFOLD_SOLID_BREP('',#5126);
#5126 = CLOSED_SHELL('',(#5127,#5455,#5486,#5510,#5568,#5592,#5616,#5640
    ,#5698,#5722,#5746,#5770,#5828,#5852,#5876,#5900,#5958,#5982,#6006,
    #6030,#6088,#6112,#6136,#6160,#6218,#6242,#6266,#6290,#6348,#6372,
    #6396,#6420,#6478,#6502,#6526,#6606,#6630,#6694,#6718,#6782,#6806,
    #6879,#6928,#6991,#7015,#7071,#7088,#7119,#7143,#7167,#7184,#7215,
    #7239,#7263,#7280,#7311,#7335,#7359,#7376,#7407,#7431,#7455,#7472,
    #7503,#7527,#7551,#7568,#7599,#7623,#7647,#7664,#7727,#7751,#7807,
    #7824,#7905,#7929,#8294,#8311,#8328,#8345,#8357,#8369,#8386,#8403,
    #8420,#8432,#8449,#8496,#8527,#8539,#8556,#8582,#8615,#8646,#8670,
    #8694,#8711,#8742,#8766,#8790,#8807,#8838,#8862,#8886,#8903,#8934,
    #8958,#8982,#8999,#9030,#9054,#9078,#9095,#9126,#9150,#9174,#9191,
    #9238,#9269,#9281,#9298,#9324,#9357,#9374,#9391,#9408,#9425,#9442,
    #9459,#9471,#9502,#9526,#9550,#9567,#9598,#9622,#9646,#9663,#9694,
    #9718,#9742,#9759,#9790,#9814,#9838,#9855,#9886,#9910,#9934,#9951,
    #9982,#10006,#10030,#10047,#10078,#10102,#10126,#10143,#10174,#10198
    ,#10222,#10239,#10256,#10273,#10285,#10297,#10309,#10321,#10333,
    #10345,#10357,#10374,#10391,#10403,#10434,#10458,#10482,#10499,
    #10530,#10554,#10578,#10595,#10626,#10650,#10674,#10691,#10722,
    #10746,#10770,#10787,#10818,#10842,#10866,#10883,#10914,#10938,
    #10962,#10979,#11010,#11034,#11058,#11075,#11106,#11130,#11154,
    #11171,#11183,#11195,#11207,#11219,#11231,#11243,#11255));
#5127 = ADVANCED_FACE('',(#5128),#5450,.F.);
#5128 = FACE_BOUND('',#5129,.F.);
#5129 = EDGE_LOOP('',(#5130,#5140,#5148,#5156,#5164,#5172,#5180,#5188,
    #5196,#5204,#5212,#5220,#5228,#5236,#5244,#5252,#5260,#5268,#5276,
    #5284,#5292,#5300,#5308,#5316,#5324,#5332,#5340,#5348,#5356,#5364,
    #5372,#5380,#5388,#5396,#5404,#5412,#5420,#5428,#5436,#5444));
#5130 = ORIENTED_EDGE('',*,*,#5131,.F.);
#5131 = EDGE_CURVE('',#5132,#5134,#5136,.T.);
#5132 = VERTEX_POINT('',#5133);
#5133 = CARTESIAN_POINT('',(-2.5,-2.2,0.));
#5134 = VERTEX_POINT('',#5135);
#5135 = CARTESIAN_POINT('',(-0.75,-2.2,0.));
#5136 = LINE('',#5137,#5138);
#5137 = CARTESIAN_POINT('',(-2.5,-2.2,0.));
#5138 = VECTOR('',#5139,1.);
#5139 = DIRECTION('',(1.,0.,0.));
#5140 = ORIENTED_EDGE('',*,*,#5141,.T.);
#5141 = EDGE_CURVE('',#5132,#5142,#5144,.T.);
#5142 = VERTEX_POINT('',#5143);
#5143 = CARTESIAN_POINT('',(-2.5,-2.2,5.2));
#5144 = LINE('',#5145,#5146);
#5145 = CARTESIAN_POINT('',(-2.5,-2.2,0.));
#5146 = VECTOR('',#5147,1.);
#5147 = DIRECTION('',(0.,0.,1.));
#5148 = ORIENTED_EDGE('',*,*,#5149,.T.);
#5149 = EDGE_CURVE('',#5142,#5150,#5152,.T.);
#5150 = VERTEX_POINT('',#5151);
#5151 = CARTESIAN_POINT('',(-1.5,-2.2,5.2));
#5152 = LINE('',#5153,#5154);
#5153 = CARTESIAN_POINT('',(-2.5,-2.2,5.2));
#5154 = VECTOR('',#5155,1.);
#5155 = DIRECTION('',(1.,0.,0.));
#5156 = ORIENTED_EDGE('',*,*,#5157,.T.);
#5157 = EDGE_CURVE('',#5150,#5158,#5160,.T.);
#5158 = VERTEX_POINT('',#5159);
#5159 = CARTESIAN_POINT('',(-1.5,-2.2,1.1));
#5160 = LINE('',#5161,#5162);
#5161 = CARTESIAN_POINT('',(-1.5,-2.2,1.5));
#5162 = VECTOR('',#5163,1.);
#5163 = DIRECTION('',(0.,0.,-1.));
#5164 = ORIENTED_EDGE('',*,*,#5165,.T.);
#5165 = EDGE_CURVE('',#5158,#5166,#5168,.T.);
#5166 = VERTEX_POINT('',#5167);
#5167 = CARTESIAN_POINT('',(19.,-2.2,1.1));
#5168 = LINE('',#5169,#5170);
#5169 = CARTESIAN_POINT('',(-1.5,-2.2,1.1));
#5170 = VECTOR('',#5171,1.);
#5171 = DIRECTION('',(1.,0.,0.));
#5172 = ORIENTED_EDGE('',*,*,#5173,.F.);
#5173 = EDGE_CURVE('',#5174,#5166,#5176,.T.);
#5174 = VERTEX_POINT('',#5175);
#5175 = CARTESIAN_POINT('',(19.,-2.2,5.2));
#5176 = LINE('',#5177,#5178);
#5177 = CARTESIAN_POINT('',(19.,-2.2,6.));
#5178 = VECTOR('',#5179,1.);
#5179 = DIRECTION('',(-0.,-0.,-1.));
#5180 = ORIENTED_EDGE('',*,*,#5181,.T.);
#5181 = EDGE_CURVE('',#5174,#5182,#5184,.T.);
#5182 = VERTEX_POINT('',#5183);
#5183 = CARTESIAN_POINT('',(20.,-2.2,5.2));
#5184 = LINE('',#5185,#5186);
#5185 = CARTESIAN_POINT('',(-2.5,-2.2,5.2));
#5186 = VECTOR('',#5187,1.);
#5187 = DIRECTION('',(1.,0.,0.));
#5188 = ORIENTED_EDGE('',*,*,#5189,.F.);
#5189 = EDGE_CURVE('',#5190,#5182,#5192,.T.);
#5190 = VERTEX_POINT('',#5191);
#5191 = CARTESIAN_POINT('',(20.,-2.2,0.));
#5192 = LINE('',#5193,#5194);
#5193 = CARTESIAN_POINT('',(20.,-2.2,0.));
#5194 = VECTOR('',#5195,1.);
#5195 = DIRECTION('',(0.,0.,1.));
#5196 = ORIENTED_EDGE('',*,*,#5197,.F.);
#5197 = EDGE_CURVE('',#5198,#5190,#5200,.T.);
#5198 = VERTEX_POINT('',#5199);
#5199 = CARTESIAN_POINT('',(18.25,-2.2,0.));
#5200 = LINE('',#5201,#5202);
#5201 = CARTESIAN_POINT('',(-2.5,-2.2,0.));
#5202 = VECTOR('',#5203,1.);
#5203 = DIRECTION('',(1.,0.,0.));
#5204 = ORIENTED_EDGE('',*,*,#5205,.T.);
#5205 = EDGE_CURVE('',#5198,#5206,#5208,.T.);
#5206 = VERTEX_POINT('',#5207);
#5207 = CARTESIAN_POINT('',(18.25,-2.2,0.3));
#5208 = LINE('',#5209,#5210);
#5209 = CARTESIAN_POINT('',(18.25,-2.2,0.));
#5210 = VECTOR('',#5211,1.);
#5211 = DIRECTION('',(0.,0.,1.));
#5212 = ORIENTED_EDGE('',*,*,#5213,.F.);
#5213 = EDGE_CURVE('',#5214,#5206,#5216,.T.);
#5214 = VERTEX_POINT('',#5215);
#5215 = CARTESIAN_POINT('',(16.75,-2.2,0.3));
#5216 = LINE('',#5217,#5218);
#5217 = CARTESIAN_POINT('',(16.75,-2.2,0.3));
#5218 = VECTOR('',#5219,1.);
#5219 = DIRECTION('',(1.,0.,0.));
#5220 = ORIENTED_EDGE('',*,*,#5221,.F.);
#5221 = EDGE_CURVE('',#5222,#5214,#5224,.T.);
#5222 = VERTEX_POINT('',#5223);
#5223 = CARTESIAN_POINT('',(16.75,-2.2,0.));
#5224 = LINE('',#5225,#5226);
#5225 = CARTESIAN_POINT('',(16.75,-2.2,0.));
#5226 = VECTOR('',#5227,1.);
#5227 = DIRECTION('',(0.,0.,1.));
#5228 = ORIENTED_EDGE('',*,*,#5229,.F.);
#5229 = EDGE_CURVE('',#5230,#5222,#5232,.T.);
#5230 = VERTEX_POINT('',#5231);
#5231 = CARTESIAN_POINT('',(15.75,-2.2,0.));
#5232 = LINE('',#5233,#5234);
#5233 = CARTESIAN_POINT('',(-2.5,-2.2,0.));
#5234 = VECTOR('',#5235,1.);
#5235 = DIRECTION('',(1.,0.,0.));
#5236 = ORIENTED_EDGE('',*,*,#5237,.T.);
#5237 = EDGE_CURVE('',#5230,#5238,#5240,.T.);
#5238 = VERTEX_POINT('',#5239);
#5239 = CARTESIAN_POINT('',(15.75,-2.2,0.3));
#5240 = LINE('',#5241,#5242);
#5241 = CARTESIAN_POINT('',(15.75,-2.2,0.));
#5242 = VECTOR('',#5243,1.);
#5243 = DIRECTION('',(0.,0.,1.));
#5244 = ORIENTED_EDGE('',*,*,#5245,.F.);
#5245 = EDGE_CURVE('',#5246,#5238,#5248,.T.);
#5246 = VERTEX_POINT('',#5247);
#5247 = CARTESIAN_POINT('',(14.25,-2.2,0.3));
#5248 = LINE('',#5249,#5250);
#5249 = CARTESIAN_POINT('',(14.25,-2.2,0.3));
#5250 = VECTOR('',#5251,1.);
#5251 = DIRECTION('',(1.,0.,0.));
#5252 = ORIENTED_EDGE('',*,*,#5253,.F.);
#5253 = EDGE_CURVE('',#5254,#5246,#5256,.T.);
#5254 = VERTEX_POINT('',#5255);
#5255 = CARTESIAN_POINT('',(14.25,-2.2,0.));
#5256 = LINE('',#5257,#5258);
#5257 = CARTESIAN_POINT('',(14.25,-2.2,0.));
#5258 = VECTOR('',#5259,1.);
#5259 = DIRECTION('',(0.,0.,1.));
#5260 = ORIENTED_EDGE('',*,*,#5261,.F.);
#5261 = EDGE_CURVE('',#5262,#5254,#5264,.T.);
#5262 = VERTEX_POINT('',#5263);
#5263 = CARTESIAN_POINT('',(13.25,-2.2,0.));
#5264 = LINE('',#5265,#5266);
#5265 = CARTESIAN_POINT('',(-2.5,-2.2,0.));
#5266 = VECTOR('',#5267,1.);
#5267 = DIRECTION('',(1.,0.,0.));
#5268 = ORIENTED_EDGE('',*,*,#5269,.T.);
#5269 = EDGE_CURVE('',#5262,#5270,#5272,.T.);
#5270 = VERTEX_POINT('',#5271);
#5271 = CARTESIAN_POINT('',(13.25,-2.2,0.3));
#5272 = LINE('',#5273,#5274);
#5273 = CARTESIAN_POINT('',(13.25,-2.2,0.));
#5274 = VECTOR('',#5275,1.);
#5275 = DIRECTION('',(0.,0.,1.));
#5276 = ORIENTED_EDGE('',*,*,#5277,.F.);
#5277 = EDGE_CURVE('',#5278,#5270,#5280,.T.);
#5278 = VERTEX_POINT('',#5279);
#5279 = CARTESIAN_POINT('',(11.75,-2.2,0.3));
#5280 = LINE('',#5281,#5282);
#5281 = CARTESIAN_POINT('',(11.75,-2.2,0.3));
#5282 = VECTOR('',#5283,1.);
#5283 = DIRECTION('',(1.,0.,0.));
#5284 = ORIENTED_EDGE('',*,*,#5285,.F.);
#5285 = EDGE_CURVE('',#5286,#5278,#5288,.T.);
#5286 = VERTEX_POINT('',#5287);
#5287 = CARTESIAN_POINT('',(11.75,-2.2,0.));
#5288 = LINE('',#5289,#5290);
#5289 = CARTESIAN_POINT('',(11.75,-2.2,0.));
#5290 = VECTOR('',#5291,1.);
#5291 = DIRECTION('',(0.,0.,1.));
#5292 = ORIENTED_EDGE('',*,*,#5293,.F.);
#5293 = EDGE_CURVE('',#5294,#5286,#5296,.T.);
#5294 = VERTEX_POINT('',#5295);
#5295 = CARTESIAN_POINT('',(10.75,-2.2,0.));
#5296 = LINE('',#5297,#5298);
#5297 = CARTESIAN_POINT('',(-2.5,-2.2,0.));
#5298 = VECTOR('',#5299,1.);
#5299 = DIRECTION('',(1.,0.,0.));
#5300 = ORIENTED_EDGE('',*,*,#5301,.T.);
#5301 = EDGE_CURVE('',#5294,#5302,#5304,.T.);
#5302 = VERTEX_POINT('',#5303);
#5303 = CARTESIAN_POINT('',(10.75,-2.2,0.3));
#5304 = LINE('',#5305,#5306);
#5305 = CARTESIAN_POINT('',(10.75,-2.2,0.));
#5306 = VECTOR('',#5307,1.);
#5307 = DIRECTION('',(0.,0.,1.));
#5308 = ORIENTED_EDGE('',*,*,#5309,.F.);
#5309 = EDGE_CURVE('',#5310,#5302,#5312,.T.);
#5310 = VERTEX_POINT('',#5311);
#5311 = CARTESIAN_POINT('',(9.25,-2.2,0.3));
#5312 = LINE('',#5313,#5314);
#5313 = CARTESIAN_POINT('',(9.25,-2.2,0.3));
#5314 = VECTOR('',#5315,1.);
#5315 = DIRECTION('',(1.,0.,0.));
#5316 = ORIENTED_EDGE('',*,*,#5317,.F.);
#5317 = EDGE_CURVE('',#5318,#5310,#5320,.T.);
#5318 = VERTEX_POINT('',#5319);
#5319 = CARTESIAN_POINT('',(9.25,-2.2,0.));
#5320 = LINE('',#5321,#5322);
#5321 = CARTESIAN_POINT('',(9.25,-2.2,0.));
#5322 = VECTOR('',#5323,1.);
#5323 = DIRECTION('',(0.,0.,1.));
#5324 = ORIENTED_EDGE('',*,*,#5325,.F.);
#5325 = EDGE_CURVE('',#5326,#5318,#5328,.T.);
#5326 = VERTEX_POINT('',#5327);
#5327 = CARTESIAN_POINT('',(8.25,-2.2,0.));
#5328 = LINE('',#5329,#5330);
#5329 = CARTESIAN_POINT('',(-2.5,-2.2,0.));
#5330 = VECTOR('',#5331,1.);
#5331 = DIRECTION('',(1.,0.,0.));
#5332 = ORIENTED_EDGE('',*,*,#5333,.T.);
#5333 = EDGE_CURVE('',#5326,#5334,#5336,.T.);
#5334 = VERTEX_POINT('',#5335);
#5335 = CARTESIAN_POINT('',(8.25,-2.2,0.3));
#5336 = LINE('',#5337,#5338);
#5337 = CARTESIAN_POINT('',(8.25,-2.2,0.));
#5338 = VECTOR('',#5339,1.);
#5339 = DIRECTION('',(0.,0.,1.));
#5340 = ORIENTED_EDGE('',*,*,#5341,.F.);
#5341 = EDGE_CURVE('',#5342,#5334,#5344,.T.);
#5342 = VERTEX_POINT('',#5343);
#5343 = CARTESIAN_POINT('',(6.75,-2.2,0.3));
#5344 = LINE('',#5345,#5346);
#5345 = CARTESIAN_POINT('',(6.75,-2.2,0.3));
#5346 = VECTOR('',#5347,1.);
#5347 = DIRECTION('',(1.,0.,0.));
#5348 = ORIENTED_EDGE('',*,*,#5349,.F.);
#5349 = EDGE_CURVE('',#5350,#5342,#5352,.T.);
#5350 = VERTEX_POINT('',#5351);
#5351 = CARTESIAN_POINT('',(6.75,-2.2,0.));
#5352 = LINE('',#5353,#5354);
#5353 = CARTESIAN_POINT('',(6.75,-2.2,0.));
#5354 = VECTOR('',#5355,1.);
#5355 = DIRECTION('',(0.,0.,1.));
#5356 = ORIENTED_EDGE('',*,*,#5357,.F.);
#5357 = EDGE_CURVE('',#5358,#5350,#5360,.T.);
#5358 = VERTEX_POINT('',#5359);
#5359 = CARTESIAN_POINT('',(5.75,-2.2,0.));
#5360 = LINE('',#5361,#5362);
#5361 = CARTESIAN_POINT('',(-2.5,-2.2,0.));
#5362 = VECTOR('',#5363,1.);
#5363 = DIRECTION('',(1.,0.,0.));
#5364 = ORIENTED_EDGE('',*,*,#5365,.T.);
#5365 = EDGE_CURVE('',#5358,#5366,#5368,.T.);
#5366 = VERTEX_POINT('',#5367);
#5367 = CARTESIAN_POINT('',(5.75,-2.2,0.3));
#5368 = LINE('',#5369,#5370);
#5369 = CARTESIAN_POINT('',(5.75,-2.2,0.));
#5370 = VECTOR('',#5371,1.);
#5371 = DIRECTION('',(0.,0.,1.));
#5372 = ORIENTED_EDGE('',*,*,#5373,.F.);
#5373 = EDGE_CURVE('',#5374,#5366,#5376,.T.);
#5374 = VERTEX_POINT('',#5375);
#5375 = CARTESIAN_POINT('',(4.25,-2.2,0.3));
#5376 = LINE('',#5377,#5378);
#5377 = CARTESIAN_POINT('',(4.25,-2.2,0.3));
#5378 = VECTOR('',#5379,1.);
#5379 = DIRECTION('',(1.,0.,0.));
#5380 = ORIENTED_EDGE('',*,*,#5381,.F.);
#5381 = EDGE_CURVE('',#5382,#5374,#5384,.T.);
#5382 = VERTEX_POINT('',#5383);
#5383 = CARTESIAN_POINT('',(4.25,-2.2,0.));
#5384 = LINE('',#5385,#5386);
#5385 = CARTESIAN_POINT('',(4.25,-2.2,0.));
#5386 = VECTOR('',#5387,1.);
#5387 = DIRECTION('',(0.,0.,1.));
#5388 = ORIENTED_EDGE('',*,*,#5389,.F.);
#5389 = EDGE_CURVE('',#5390,#5382,#5392,.T.);
#5390 = VERTEX_POINT('',#5391);
#5391 = CARTESIAN_POINT('',(3.25,-2.2,0.));
#5392 = LINE('',#5393,#5394);
#5393 = CARTESIAN_POINT('',(-2.5,-2.2,0.));
#5394 = VECTOR('',#5395,1.);
#5395 = DIRECTION('',(1.,0.,0.));
#5396 = ORIENTED_EDGE('',*,*,#5397,.T.);
#5397 = EDGE_CURVE('',#5390,#5398,#5400,.T.);
#5398 = VERTEX_POINT('',#5399);
#5399 = CARTESIAN_POINT('',(3.25,-2.2,0.3));
#5400 = LINE('',#5401,#5402);
#5401 = CARTESIAN_POINT('',(3.25,-2.2,0.));
#5402 = VECTOR('',#5403,1.);
#5403 = DIRECTION('',(0.,0.,1.));
#5404 = ORIENTED_EDGE('',*,*,#5405,.F.);
#5405 = EDGE_CURVE('',#5406,#5398,#5408,.T.);
#5406 = VERTEX_POINT('',#5407);
#5407 = CARTESIAN_POINT('',(1.75,-2.2,0.3));
#5408 = LINE('',#5409,#5410);
#5409 = CARTESIAN_POINT('',(1.75,-2.2,0.3));
#5410 = VECTOR('',#5411,1.);
#5411 = DIRECTION('',(1.,0.,0.));
#5412 = ORIENTED_EDGE('',*,*,#5413,.F.);
#5413 = EDGE_CURVE('',#5414,#5406,#5416,.T.);
#5414 = VERTEX_POINT('',#5415);
#5415 = CARTESIAN_POINT('',(1.75,-2.2,0.));
#5416 = LINE('',#5417,#5418);
#5417 = CARTESIAN_POINT('',(1.75,-2.2,0.));
#5418 = VECTOR('',#5419,1.);
#5419 = DIRECTION('',(0.,0.,1.));
#5420 = ORIENTED_EDGE('',*,*,#5421,.F.);
#5421 = EDGE_CURVE('',#5422,#5414,#5424,.T.);
#5422 = VERTEX_POINT('',#5423);
#5423 = CARTESIAN_POINT('',(0.75,-2.2,0.));
#5424 = LINE('',#5425,#5426);
#5425 = CARTESIAN_POINT('',(-2.5,-2.2,0.));
#5426 = VECTOR('',#5427,1.);
#5427 = DIRECTION('',(1.,0.,0.));
#5428 = ORIENTED_EDGE('',*,*,#5429,.T.);
#5429 = EDGE_CURVE('',#5422,#5430,#5432,.T.);
#5430 = VERTEX_POINT('',#5431);
#5431 = CARTESIAN_POINT('',(0.75,-2.2,0.3));
#5432 = LINE('',#5433,#5434);
#5433 = CARTESIAN_POINT('',(0.75,-2.2,0.));
#5434 = VECTOR('',#5435,1.);
#5435 = DIRECTION('',(0.,0.,1.));
#5436 = ORIENTED_EDGE('',*,*,#5437,.F.);
#5437 = EDGE_CURVE('',#5438,#5430,#5440,.T.);
#5438 = VERTEX_POINT('',#5439);
#5439 = CARTESIAN_POINT('',(-0.75,-2.2,0.3));
#5440 = LINE('',#5441,#5442);
#5441 = CARTESIAN_POINT('',(-0.75,-2.2,0.3));
#5442 = VECTOR('',#5443,1.);
#5443 = DIRECTION('',(1.,0.,0.));
#5444 = ORIENTED_EDGE('',*,*,#5445,.F.);
#5445 = EDGE_CURVE('',#5134,#5438,#5446,.T.);
#5446 = LINE('',#5447,#5448);
#5447 = CARTESIAN_POINT('',(-0.75,-2.2,0.));
#5448 = VECTOR('',#5449,1.);
#5449 = DIRECTION('',(0.,0.,1.));
#5450 = PLANE('',#5451);
#5451 = AXIS2_PLACEMENT_3D('',#5452,#5453,#5454);
#5452 = CARTESIAN_POINT('',(-2.5,-2.2,0.));
#5453 = DIRECTION('',(0.,1.,0.));
#5454 = DIRECTION('',(1.,0.,0.));
#5455 = ADVANCED_FACE('',(#5456),#5481,.F.);
#5456 = FACE_BOUND('',#5457,.F.);
#5457 = EDGE_LOOP('',(#5458,#5466,#5467,#5475));
#5458 = ORIENTED_EDGE('',*,*,#5459,.T.);
#5459 = EDGE_CURVE('',#5460,#5132,#5462,.T.);
#5460 = VERTEX_POINT('',#5461);
#5461 = CARTESIAN_POINT('',(-2.5,1.6,0.));
#5462 = LINE('',#5463,#5464);
#5463 = CARTESIAN_POINT('',(-2.5,1.6,0.));
#5464 = VECTOR('',#5465,1.);
#5465 = DIRECTION('',(0.,-1.,0.));
#5466 = ORIENTED_EDGE('',*,*,#5131,.T.);
#5467 = ORIENTED_EDGE('',*,*,#5468,.F.);
#5468 = EDGE_CURVE('',#5469,#5134,#5471,.T.);
#5469 = VERTEX_POINT('',#5470);
#5470 = CARTESIAN_POINT('',(-0.75,1.6,0.));
#5471 = LINE('',#5472,#5473);
#5472 = CARTESIAN_POINT('',(-0.75,1.6,0.));
#5473 = VECTOR('',#5474,1.);
#5474 = DIRECTION('',(0.,-1.,0.));
#5475 = ORIENTED_EDGE('',*,*,#5476,.T.);
#5476 = EDGE_CURVE('',#5469,#5460,#5477,.T.);
#5477 = LINE('',#5478,#5479);
#5478 = CARTESIAN_POINT('',(20.,1.6,0.));
#5479 = VECTOR('',#5480,1.);
#5480 = DIRECTION('',(-1.,0.,0.));
#5481 = PLANE('',#5482);
#5482 = AXIS2_PLACEMENT_3D('',#5483,#5484,#5485);
#5483 = CARTESIAN_POINT('',(8.75,-0.3,0.));
#5484 = DIRECTION('',(0.,0.,1.));
#5485 = DIRECTION('',(1.,0.,-0.));
#5486 = ADVANCED_FACE('',(#5487),#5505,.F.);
#5487 = FACE_BOUND('',#5488,.F.);
#5488 = EDGE_LOOP('',(#5489,#5490,#5498,#5504));
#5489 = ORIENTED_EDGE('',*,*,#5445,.T.);
#5490 = ORIENTED_EDGE('',*,*,#5491,.T.);
#5491 = EDGE_CURVE('',#5438,#5492,#5494,.T.);
#5492 = VERTEX_POINT('',#5493);
#5493 = CARTESIAN_POINT('',(-0.75,1.6,0.3));
#5494 = LINE('',#5495,#5496);
#5495 = CARTESIAN_POINT('',(-0.75,-2.2,0.3));
#5496 = VECTOR('',#5497,1.);
#5497 = DIRECTION('',(0.,1.,0.));
#5498 = ORIENTED_EDGE('',*,*,#5499,.T.);
#5499 = EDGE_CURVE('',#5492,#5469,#5500,.T.);
#5500 = LINE('',#5501,#5502);
#5501 = CARTESIAN_POINT('',(-0.75,1.6,0.3));
#5502 = VECTOR('',#5503,1.);
#5503 = DIRECTION('',(0.,0.,-1.));
#5504 = ORIENTED_EDGE('',*,*,#5468,.T.);
#5505 = PLANE('',#5506);
#5506 = AXIS2_PLACEMENT_3D('',#5507,#5508,#5509);
#5507 = CARTESIAN_POINT('',(-0.75,-0.3,0.15));
#5508 = DIRECTION('',(-1.,-0.,-1.269339193699E-31));
#5509 = DIRECTION('',(1.269339193699E-31,0.,-1.));
#5510 = ADVANCED_FACE('',(#5511,#5529),#5563,.F.);
#5511 = FACE_BOUND('',#5512,.F.);
#5512 = EDGE_LOOP('',(#5513,#5514,#5522,#5528));
#5513 = ORIENTED_EDGE('',*,*,#5437,.T.);
#5514 = ORIENTED_EDGE('',*,*,#5515,.T.);
#5515 = EDGE_CURVE('',#5430,#5516,#5518,.T.);
#5516 = VERTEX_POINT('',#5517);
#5517 = CARTESIAN_POINT('',(0.75,1.6,0.3));
#5518 = LINE('',#5519,#5520);
#5519 = CARTESIAN_POINT('',(0.75,0.5,0.3));
#5520 = VECTOR('',#5521,1.);
#5521 = DIRECTION('',(0.,1.,0.));
#5522 = ORIENTED_EDGE('',*,*,#5523,.F.);
#5523 = EDGE_CURVE('',#5492,#5516,#5524,.T.);
#5524 = LINE('',#5525,#5526);
#5525 = CARTESIAN_POINT('',(-0.75,1.6,0.3));
#5526 = VECTOR('',#5527,1.);
#5527 = DIRECTION('',(1.,0.,0.));
#5528 = ORIENTED_EDGE('',*,*,#5491,.F.);
#5529 = FACE_BOUND('',#5530,.F.);
#5530 = EDGE_LOOP('',(#5531,#5541,#5549,#5557));
#5531 = ORIENTED_EDGE('',*,*,#5532,.T.);
#5532 = EDGE_CURVE('',#5533,#5535,#5537,.T.);
#5533 = VERTEX_POINT('',#5534);
#5534 = CARTESIAN_POINT('',(-0.32,-0.32,0.3));
#5535 = VERTEX_POINT('',#5536);
#5536 = CARTESIAN_POINT('',(-0.32,0.32,0.3));
#5537 = LINE('',#5538,#5539);
#5538 = CARTESIAN_POINT('',(-0.32,-0.171537434396,0.3));
#5539 = VECTOR('',#5540,1.);
#5540 = DIRECTION('',(0.,1.,0.));
#5541 = ORIENTED_EDGE('',*,*,#5542,.T.);
#5542 = EDGE_CURVE('',#5535,#5543,#5545,.T.);
#5543 = VERTEX_POINT('',#5544);
#5544 = CARTESIAN_POINT('',(0.32,0.32,0.3));
#5545 = LINE('',#5546,#5547);
#5546 = CARTESIAN_POINT('',(-0.16,0.32,0.3));
#5547 = VECTOR('',#5548,1.);
#5548 = DIRECTION('',(1.,0.,0.));
#5549 = ORIENTED_EDGE('',*,*,#5550,.F.);
#5550 = EDGE_CURVE('',#5551,#5543,#5553,.T.);
#5551 = VERTEX_POINT('',#5552);
#5552 = CARTESIAN_POINT('',(0.32,-0.32,0.3));
#5553 = LINE('',#5554,#5555);
#5554 = CARTESIAN_POINT('',(0.32,-0.171537434396,0.3));
#5555 = VECTOR('',#5556,1.);
#5556 = DIRECTION('',(0.,1.,0.));
#5557 = ORIENTED_EDGE('',*,*,#5558,.T.);
#5558 = EDGE_CURVE('',#5551,#5533,#5559,.T.);
#5559 = LINE('',#5560,#5561);
#5560 = CARTESIAN_POINT('',(-0.16,-0.32,0.3));
#5561 = VECTOR('',#5562,1.);
#5562 = DIRECTION('',(-1.,0.,0.));
#5563 = PLANE('',#5564);
#5564 = AXIS2_PLACEMENT_3D('',#5565,#5566,#5567);
#5565 = CARTESIAN_POINT('',(0.,-0.3,0.3));
#5566 = DIRECTION('',(0.,0.,1.));
#5567 = DIRECTION('',(1.,0.,-0.));
#5568 = ADVANCED_FACE('',(#5569),#5587,.T.);
#5569 = FACE_BOUND('',#5570,.T.);
#5570 = EDGE_LOOP('',(#5571,#5572,#5573,#5581));
#5571 = ORIENTED_EDGE('',*,*,#5429,.T.);
#5572 = ORIENTED_EDGE('',*,*,#5515,.T.);
#5573 = ORIENTED_EDGE('',*,*,#5574,.T.);
#5574 = EDGE_CURVE('',#5516,#5575,#5577,.T.);
#5575 = VERTEX_POINT('',#5576);
#5576 = CARTESIAN_POINT('',(0.75,1.6,0.));
#5577 = LINE('',#5578,#5579);
#5578 = CARTESIAN_POINT('',(0.75,1.6,0.3));
#5579 = VECTOR('',#5580,1.);
#5580 = DIRECTION('',(0.,0.,-1.));
#5581 = ORIENTED_EDGE('',*,*,#5582,.T.);
#5582 = EDGE_CURVE('',#5575,#5422,#5583,.T.);
#5583 = LINE('',#5584,#5585);
#5584 = CARTESIAN_POINT('',(0.75,1.6,0.));
#5585 = VECTOR('',#5586,1.);
#5586 = DIRECTION('',(0.,-1.,0.));
#5587 = PLANE('',#5588);
#5588 = AXIS2_PLACEMENT_3D('',#5589,#5590,#5591);
#5589 = CARTESIAN_POINT('',(0.75,-0.3,0.15));
#5590 = DIRECTION('',(-1.,-0.,-1.269339193699E-31));
#5591 = DIRECTION('',(1.269339193699E-31,0.,-1.));
#5592 = ADVANCED_FACE('',(#5593),#5611,.F.);
#5593 = FACE_BOUND('',#5594,.F.);
#5594 = EDGE_LOOP('',(#5595,#5603,#5604,#5605));
#5595 = ORIENTED_EDGE('',*,*,#5596,.T.);
#5596 = EDGE_CURVE('',#5597,#5575,#5599,.T.);
#5597 = VERTEX_POINT('',#5598);
#5598 = CARTESIAN_POINT('',(1.75,1.6,0.));
#5599 = LINE('',#5600,#5601);
#5600 = CARTESIAN_POINT('',(20.,1.6,0.));
#5601 = VECTOR('',#5602,1.);
#5602 = DIRECTION('',(-1.,0.,0.));
#5603 = ORIENTED_EDGE('',*,*,#5582,.T.);
#5604 = ORIENTED_EDGE('',*,*,#5421,.T.);
#5605 = ORIENTED_EDGE('',*,*,#5606,.F.);
#5606 = EDGE_CURVE('',#5597,#5414,#5607,.T.);
#5607 = LINE('',#5608,#5609);
#5608 = CARTESIAN_POINT('',(1.75,1.6,0.));
#5609 = VECTOR('',#5610,1.);
#5610 = DIRECTION('',(0.,-1.,0.));
#5611 = PLANE('',#5612);
#5612 = AXIS2_PLACEMENT_3D('',#5613,#5614,#5615);
#5613 = CARTESIAN_POINT('',(8.75,-0.3,0.));
#5614 = DIRECTION('',(0.,0.,1.));
#5615 = DIRECTION('',(1.,0.,-0.));
#5616 = ADVANCED_FACE('',(#5617),#5635,.F.);
#5617 = FACE_BOUND('',#5618,.F.);
#5618 = EDGE_LOOP('',(#5619,#5620,#5628,#5634));
#5619 = ORIENTED_EDGE('',*,*,#5413,.T.);
#5620 = ORIENTED_EDGE('',*,*,#5621,.T.);
#5621 = EDGE_CURVE('',#5406,#5622,#5624,.T.);
#5622 = VERTEX_POINT('',#5623);
#5623 = CARTESIAN_POINT('',(1.75,1.6,0.3));
#5624 = LINE('',#5625,#5626);
#5625 = CARTESIAN_POINT('',(1.75,-2.2,0.3));
#5626 = VECTOR('',#5627,1.);
#5627 = DIRECTION('',(0.,1.,0.));
#5628 = ORIENTED_EDGE('',*,*,#5629,.T.);
#5629 = EDGE_CURVE('',#5622,#5597,#5630,.T.);
#5630 = LINE('',#5631,#5632);
#5631 = CARTESIAN_POINT('',(1.75,1.6,0.3));
#5632 = VECTOR('',#5633,1.);
#5633 = DIRECTION('',(0.,0.,-1.));
#5634 = ORIENTED_EDGE('',*,*,#5606,.T.);
#5635 = PLANE('',#5636);
#5636 = AXIS2_PLACEMENT_3D('',#5637,#5638,#5639);
#5637 = CARTESIAN_POINT('',(1.75,-0.3,0.15));
#5638 = DIRECTION('',(-1.,-0.,-1.269339193699E-31));
#5639 = DIRECTION('',(1.269339193699E-31,0.,-1.));
#5640 = ADVANCED_FACE('',(#5641,#5659),#5693,.F.);
#5641 = FACE_BOUND('',#5642,.F.);
#5642 = EDGE_LOOP('',(#5643,#5644,#5652,#5658));
#5643 = ORIENTED_EDGE('',*,*,#5405,.T.);
#5644 = ORIENTED_EDGE('',*,*,#5645,.T.);
#5645 = EDGE_CURVE('',#5398,#5646,#5648,.T.);
#5646 = VERTEX_POINT('',#5647);
#5647 = CARTESIAN_POINT('',(3.25,1.6,0.3));
#5648 = LINE('',#5649,#5650);
#5649 = CARTESIAN_POINT('',(3.25,0.5,0.3));
#5650 = VECTOR('',#5651,1.);
#5651 = DIRECTION('',(0.,1.,0.));
#5652 = ORIENTED_EDGE('',*,*,#5653,.F.);
#5653 = EDGE_CURVE('',#5622,#5646,#5654,.T.);
#5654 = LINE('',#5655,#5656);
#5655 = CARTESIAN_POINT('',(1.75,1.6,0.3));
#5656 = VECTOR('',#5657,1.);
#5657 = DIRECTION('',(1.,0.,0.));
#5658 = ORIENTED_EDGE('',*,*,#5621,.F.);
#5659 = FACE_BOUND('',#5660,.F.);
#5660 = EDGE_LOOP('',(#5661,#5671,#5679,#5687));
#5661 = ORIENTED_EDGE('',*,*,#5662,.F.);
#5662 = EDGE_CURVE('',#5663,#5665,#5667,.T.);
#5663 = VERTEX_POINT('',#5664);
#5664 = CARTESIAN_POINT('',(2.82,-0.32,0.3));
#5665 = VERTEX_POINT('',#5666);
#5666 = CARTESIAN_POINT('',(2.82,0.32,0.3));
#5667 = LINE('',#5668,#5669);
#5668 = CARTESIAN_POINT('',(2.82,-0.15,0.3));
#5669 = VECTOR('',#5670,1.);
#5670 = DIRECTION('',(0.,1.,0.));
#5671 = ORIENTED_EDGE('',*,*,#5672,.T.);
#5672 = EDGE_CURVE('',#5663,#5673,#5675,.T.);
#5673 = VERTEX_POINT('',#5674);
#5674 = CARTESIAN_POINT('',(2.18,-0.32,0.3));
#5675 = LINE('',#5676,#5677);
#5676 = CARTESIAN_POINT('',(2.34,-0.32,0.3));
#5677 = VECTOR('',#5678,1.);
#5678 = DIRECTION('',(-1.,0.,0.));
#5679 = ORIENTED_EDGE('',*,*,#5680,.T.);
#5680 = EDGE_CURVE('',#5673,#5681,#5683,.T.);
#5681 = VERTEX_POINT('',#5682);
#5682 = CARTESIAN_POINT('',(2.18,0.32,0.3));
#5683 = LINE('',#5684,#5685);
#5684 = CARTESIAN_POINT('',(2.18,-0.15,0.3));
#5685 = VECTOR('',#5686,1.);
#5686 = DIRECTION('',(0.,1.,0.));
#5687 = ORIENTED_EDGE('',*,*,#5688,.T.);
#5688 = EDGE_CURVE('',#5681,#5665,#5689,.T.);
#5689 = LINE('',#5690,#5691);
#5690 = CARTESIAN_POINT('',(2.34,0.32,0.3));
#5691 = VECTOR('',#5692,1.);
#5692 = DIRECTION('',(1.,0.,0.));
#5693 = PLANE('',#5694);
#5694 = AXIS2_PLACEMENT_3D('',#5695,#5696,#5697);
#5695 = CARTESIAN_POINT('',(2.5,-0.3,0.3));
#5696 = DIRECTION('',(0.,0.,1.));
#5697 = DIRECTION('',(1.,0.,-0.));
#5698 = ADVANCED_FACE('',(#5699),#5717,.T.);
#5699 = FACE_BOUND('',#5700,.T.);
#5700 = EDGE_LOOP('',(#5701,#5702,#5703,#5711));
#5701 = ORIENTED_EDGE('',*,*,#5397,.T.);
#5702 = ORIENTED_EDGE('',*,*,#5645,.T.);
#5703 = ORIENTED_EDGE('',*,*,#5704,.T.);
#5704 = EDGE_CURVE('',#5646,#5705,#5707,.T.);
#5705 = VERTEX_POINT('',#5706);
#5706 = CARTESIAN_POINT('',(3.25,1.6,0.));
#5707 = LINE('',#5708,#5709);
#5708 = CARTESIAN_POINT('',(3.25,1.6,0.3));
#5709 = VECTOR('',#5710,1.);
#5710 = DIRECTION('',(0.,0.,-1.));
#5711 = ORIENTED_EDGE('',*,*,#5712,.T.);
#5712 = EDGE_CURVE('',#5705,#5390,#5713,.T.);
#5713 = LINE('',#5714,#5715);
#5714 = CARTESIAN_POINT('',(3.25,1.6,0.));
#5715 = VECTOR('',#5716,1.);
#5716 = DIRECTION('',(0.,-1.,0.));
#5717 = PLANE('',#5718);
#5718 = AXIS2_PLACEMENT_3D('',#5719,#5720,#5721);
#5719 = CARTESIAN_POINT('',(3.25,-0.3,0.15));
#5720 = DIRECTION('',(-1.,-0.,-1.269339193699E-31));
#5721 = DIRECTION('',(1.269339193699E-31,0.,-1.));
#5722 = ADVANCED_FACE('',(#5723),#5741,.F.);
#5723 = FACE_BOUND('',#5724,.F.);
#5724 = EDGE_LOOP('',(#5725,#5733,#5739,#5740));
#5725 = ORIENTED_EDGE('',*,*,#5726,.F.);
#5726 = EDGE_CURVE('',#5727,#5382,#5729,.T.);
#5727 = VERTEX_POINT('',#5728);
#5728 = CARTESIAN_POINT('',(4.25,1.6,0.));
#5729 = LINE('',#5730,#5731);
#5730 = CARTESIAN_POINT('',(4.25,1.6,0.));
#5731 = VECTOR('',#5732,1.);
#5732 = DIRECTION('',(0.,-1.,0.));
#5733 = ORIENTED_EDGE('',*,*,#5734,.T.);
#5734 = EDGE_CURVE('',#5727,#5705,#5735,.T.);
#5735 = LINE('',#5736,#5737);
#5736 = CARTESIAN_POINT('',(20.,1.6,0.));
#5737 = VECTOR('',#5738,1.);
#5738 = DIRECTION('',(-1.,0.,0.));
#5739 = ORIENTED_EDGE('',*,*,#5712,.T.);
#5740 = ORIENTED_EDGE('',*,*,#5389,.T.);
#5741 = PLANE('',#5742);
#5742 = AXIS2_PLACEMENT_3D('',#5743,#5744,#5745);
#5743 = CARTESIAN_POINT('',(8.75,-0.3,0.));
#5744 = DIRECTION('',(0.,0.,1.));
#5745 = DIRECTION('',(1.,0.,-0.));
#5746 = ADVANCED_FACE('',(#5747),#5765,.F.);
#5747 = FACE_BOUND('',#5748,.F.);
#5748 = EDGE_LOOP('',(#5749,#5750,#5758,#5764));
#5749 = ORIENTED_EDGE('',*,*,#5381,.T.);
#5750 = ORIENTED_EDGE('',*,*,#5751,.T.);
#5751 = EDGE_CURVE('',#5374,#5752,#5754,.T.);
#5752 = VERTEX_POINT('',#5753);
#5753 = CARTESIAN_POINT('',(4.25,1.6,0.3));
#5754 = LINE('',#5755,#5756);
#5755 = CARTESIAN_POINT('',(4.25,-2.2,0.3));
#5756 = VECTOR('',#5757,1.);
#5757 = DIRECTION('',(0.,1.,0.));
#5758 = ORIENTED_EDGE('',*,*,#5759,.T.);
#5759 = EDGE_CURVE('',#5752,#5727,#5760,.T.);
#5760 = LINE('',#5761,#5762);
#5761 = CARTESIAN_POINT('',(4.25,1.6,0.3));
#5762 = VECTOR('',#5763,1.);
#5763 = DIRECTION('',(0.,0.,-1.));
#5764 = ORIENTED_EDGE('',*,*,#5726,.T.);
#5765 = PLANE('',#5766);
#5766 = AXIS2_PLACEMENT_3D('',#5767,#5768,#5769);
#5767 = CARTESIAN_POINT('',(4.25,-0.3,0.15));
#5768 = DIRECTION('',(-1.,-0.,-1.269339193699E-31));
#5769 = DIRECTION('',(1.269339193699E-31,0.,-1.));
#5770 = ADVANCED_FACE('',(#5771,#5789),#5823,.F.);
#5771 = FACE_BOUND('',#5772,.F.);
#5772 = EDGE_LOOP('',(#5773,#5774,#5782,#5788));
#5773 = ORIENTED_EDGE('',*,*,#5373,.T.);
#5774 = ORIENTED_EDGE('',*,*,#5775,.T.);
#5775 = EDGE_CURVE('',#5366,#5776,#5778,.T.);
#5776 = VERTEX_POINT('',#5777);
#5777 = CARTESIAN_POINT('',(5.75,1.6,0.3));
#5778 = LINE('',#5779,#5780);
#5779 = CARTESIAN_POINT('',(5.75,0.5,0.3));
#5780 = VECTOR('',#5781,1.);
#5781 = DIRECTION('',(0.,1.,0.));
#5782 = ORIENTED_EDGE('',*,*,#5783,.F.);
#5783 = EDGE_CURVE('',#5752,#5776,#5784,.T.);
#5784 = LINE('',#5785,#5786);
#5785 = CARTESIAN_POINT('',(4.25,1.6,0.3));
#5786 = VECTOR('',#5787,1.);
#5787 = DIRECTION('',(1.,0.,0.));
#5788 = ORIENTED_EDGE('',*,*,#5751,.F.);
#5789 = FACE_BOUND('',#5790,.F.);
#5790 = EDGE_LOOP('',(#5791,#5801,#5809,#5817));
#5791 = ORIENTED_EDGE('',*,*,#5792,.T.);
#5792 = EDGE_CURVE('',#5793,#5795,#5797,.T.);
#5793 = VERTEX_POINT('',#5794);
#5794 = CARTESIAN_POINT('',(5.32,-0.32,0.3));
#5795 = VERTEX_POINT('',#5796);
#5796 = CARTESIAN_POINT('',(4.68,-0.32,0.3));
#5797 = LINE('',#5798,#5799);
#5798 = CARTESIAN_POINT('',(4.84,-0.32,0.3));
#5799 = VECTOR('',#5800,1.);
#5800 = DIRECTION('',(-1.,0.,0.));
#5801 = ORIENTED_EDGE('',*,*,#5802,.T.);
#5802 = EDGE_CURVE('',#5795,#5803,#5805,.T.);
#5803 = VERTEX_POINT('',#5804);
#5804 = CARTESIAN_POINT('',(4.68,0.32,0.3));
#5805 = LINE('',#5806,#5807);
#5806 = CARTESIAN_POINT('',(4.68,-0.15,0.3));
#5807 = VECTOR('',#5808,1.);
#5808 = DIRECTION('',(0.,1.,0.));
#5809 = ORIENTED_EDGE('',*,*,#5810,.T.);
#5810 = EDGE_CURVE('',#5803,#5811,#5813,.T.);
#5811 = VERTEX_POINT('',#5812);
#5812 = CARTESIAN_POINT('',(5.32,0.32,0.3));
#5813 = LINE('',#5814,#5815);
#5814 = CARTESIAN_POINT('',(4.84,0.32,0.3));
#5815 = VECTOR('',#5816,1.);
#5816 = DIRECTION('',(1.,0.,0.));
#5817 = ORIENTED_EDGE('',*,*,#5818,.F.);
#5818 = EDGE_CURVE('',#5793,#5811,#5819,.T.);
#5819 = LINE('',#5820,#5821);
#5820 = CARTESIAN_POINT('',(5.32,-0.15,0.3));
#5821 = VECTOR('',#5822,1.);
#5822 = DIRECTION('',(0.,1.,0.));
#5823 = PLANE('',#5824);
#5824 = AXIS2_PLACEMENT_3D('',#5825,#5826,#5827);
#5825 = CARTESIAN_POINT('',(5.,-0.3,0.3));
#5826 = DIRECTION('',(0.,0.,1.));
#5827 = DIRECTION('',(1.,0.,-0.));
#5828 = ADVANCED_FACE('',(#5829),#5847,.T.);
#5829 = FACE_BOUND('',#5830,.T.);
#5830 = EDGE_LOOP('',(#5831,#5832,#5833,#5841));
#5831 = ORIENTED_EDGE('',*,*,#5365,.T.);
#5832 = ORIENTED_EDGE('',*,*,#5775,.T.);
#5833 = ORIENTED_EDGE('',*,*,#5834,.T.);
#5834 = EDGE_CURVE('',#5776,#5835,#5837,.T.);
#5835 = VERTEX_POINT('',#5836);
#5836 = CARTESIAN_POINT('',(5.75,1.6,0.));
#5837 = LINE('',#5838,#5839);
#5838 = CARTESIAN_POINT('',(5.75,1.6,0.3));
#5839 = VECTOR('',#5840,1.);
#5840 = DIRECTION('',(0.,0.,-1.));
#5841 = ORIENTED_EDGE('',*,*,#5842,.T.);
#5842 = EDGE_CURVE('',#5835,#5358,#5843,.T.);
#5843 = LINE('',#5844,#5845);
#5844 = CARTESIAN_POINT('',(5.75,1.6,0.));
#5845 = VECTOR('',#5846,1.);
#5846 = DIRECTION('',(0.,-1.,0.));
#5847 = PLANE('',#5848);
#5848 = AXIS2_PLACEMENT_3D('',#5849,#5850,#5851);
#5849 = CARTESIAN_POINT('',(5.75,-0.3,0.15));
#5850 = DIRECTION('',(-1.,-0.,-1.269339193699E-31));
#5851 = DIRECTION('',(1.269339193699E-31,0.,-1.));
#5852 = ADVANCED_FACE('',(#5853),#5871,.F.);
#5853 = FACE_BOUND('',#5854,.F.);
#5854 = EDGE_LOOP('',(#5855,#5856,#5864,#5870));
#5855 = ORIENTED_EDGE('',*,*,#5357,.T.);
#5856 = ORIENTED_EDGE('',*,*,#5857,.F.);
#5857 = EDGE_CURVE('',#5858,#5350,#5860,.T.);
#5858 = VERTEX_POINT('',#5859);
#5859 = CARTESIAN_POINT('',(6.75,1.6,0.));
#5860 = LINE('',#5861,#5862);
#5861 = CARTESIAN_POINT('',(6.75,1.6,0.));
#5862 = VECTOR('',#5863,1.);
#5863 = DIRECTION('',(0.,-1.,0.));
#5864 = ORIENTED_EDGE('',*,*,#5865,.T.);
#5865 = EDGE_CURVE('',#5858,#5835,#5866,.T.);
#5866 = LINE('',#5867,#5868);
#5867 = CARTESIAN_POINT('',(20.,1.6,0.));
#5868 = VECTOR('',#5869,1.);
#5869 = DIRECTION('',(-1.,0.,0.));
#5870 = ORIENTED_EDGE('',*,*,#5842,.T.);
#5871 = PLANE('',#5872);
#5872 = AXIS2_PLACEMENT_3D('',#5873,#5874,#5875);
#5873 = CARTESIAN_POINT('',(8.75,-0.3,0.));
#5874 = DIRECTION('',(0.,0.,1.));
#5875 = DIRECTION('',(1.,0.,-0.));
#5876 = ADVANCED_FACE('',(#5877),#5895,.F.);
#5877 = FACE_BOUND('',#5878,.F.);
#5878 = EDGE_LOOP('',(#5879,#5880,#5888,#5894));
#5879 = ORIENTED_EDGE('',*,*,#5349,.T.);
#5880 = ORIENTED_EDGE('',*,*,#5881,.T.);
#5881 = EDGE_CURVE('',#5342,#5882,#5884,.T.);
#5882 = VERTEX_POINT('',#5883);
#5883 = CARTESIAN_POINT('',(6.75,1.6,0.3));
#5884 = LINE('',#5885,#5886);
#5885 = CARTESIAN_POINT('',(6.75,-2.2,0.3));
#5886 = VECTOR('',#5887,1.);
#5887 = DIRECTION('',(0.,1.,0.));
#5888 = ORIENTED_EDGE('',*,*,#5889,.T.);
#5889 = EDGE_CURVE('',#5882,#5858,#5890,.T.);
#5890 = LINE('',#5891,#5892);
#5891 = CARTESIAN_POINT('',(6.75,1.6,0.3));
#5892 = VECTOR('',#5893,1.);
#5893 = DIRECTION('',(0.,0.,-1.));
#5894 = ORIENTED_EDGE('',*,*,#5857,.T.);
#5895 = PLANE('',#5896);
#5896 = AXIS2_PLACEMENT_3D('',#5897,#5898,#5899);
#5897 = CARTESIAN_POINT('',(6.75,-0.3,0.15));
#5898 = DIRECTION('',(-1.,-0.,-1.269339193699E-31));
#5899 = DIRECTION('',(1.269339193699E-31,0.,-1.));
#5900 = ADVANCED_FACE('',(#5901,#5919),#5953,.F.);
#5901 = FACE_BOUND('',#5902,.F.);
#5902 = EDGE_LOOP('',(#5903,#5904,#5912,#5918));
#5903 = ORIENTED_EDGE('',*,*,#5341,.T.);
#5904 = ORIENTED_EDGE('',*,*,#5905,.T.);
#5905 = EDGE_CURVE('',#5334,#5906,#5908,.T.);
#5906 = VERTEX_POINT('',#5907);
#5907 = CARTESIAN_POINT('',(8.25,1.6,0.3));
#5908 = LINE('',#5909,#5910);
#5909 = CARTESIAN_POINT('',(8.25,0.5,0.3));
#5910 = VECTOR('',#5911,1.);
#5911 = DIRECTION('',(0.,1.,0.));
#5912 = ORIENTED_EDGE('',*,*,#5913,.F.);
#5913 = EDGE_CURVE('',#5882,#5906,#5914,.T.);
#5914 = LINE('',#5915,#5916);
#5915 = CARTESIAN_POINT('',(6.75,1.6,0.3));
#5916 = VECTOR('',#5917,1.);
#5917 = DIRECTION('',(1.,0.,0.));
#5918 = ORIENTED_EDGE('',*,*,#5881,.F.);
#5919 = FACE_BOUND('',#5920,.F.);
#5920 = EDGE_LOOP('',(#5921,#5931,#5939,#5947));
#5921 = ORIENTED_EDGE('',*,*,#5922,.F.);
#5922 = EDGE_CURVE('',#5923,#5925,#5927,.T.);
#5923 = VERTEX_POINT('',#5924);
#5924 = CARTESIAN_POINT('',(7.82,-0.32,0.3));
#5925 = VERTEX_POINT('',#5926);
#5926 = CARTESIAN_POINT('',(7.82,0.32,0.3));
#5927 = LINE('',#5928,#5929);
#5928 = CARTESIAN_POINT('',(7.82,-0.15,0.3));
#5929 = VECTOR('',#5930,1.);
#5930 = DIRECTION('',(0.,1.,0.));
#5931 = ORIENTED_EDGE('',*,*,#5932,.T.);
#5932 = EDGE_CURVE('',#5923,#5933,#5935,.T.);
#5933 = VERTEX_POINT('',#5934);
#5934 = CARTESIAN_POINT('',(7.18,-0.32,0.3));
#5935 = LINE('',#5936,#5937);
#5936 = CARTESIAN_POINT('',(7.34,-0.32,0.3));
#5937 = VECTOR('',#5938,1.);
#5938 = DIRECTION('',(-1.,0.,0.));
#5939 = ORIENTED_EDGE('',*,*,#5940,.T.);
#5940 = EDGE_CURVE('',#5933,#5941,#5943,.T.);
#5941 = VERTEX_POINT('',#5942);
#5942 = CARTESIAN_POINT('',(7.18,0.32,0.3));
#5943 = LINE('',#5944,#5945);
#5944 = CARTESIAN_POINT('',(7.18,-0.15,0.3));
#5945 = VECTOR('',#5946,1.);
#5946 = DIRECTION('',(0.,1.,0.));
#5947 = ORIENTED_EDGE('',*,*,#5948,.T.);
#5948 = EDGE_CURVE('',#5941,#5925,#5949,.T.);
#5949 = LINE('',#5950,#5951);
#5950 = CARTESIAN_POINT('',(7.34,0.32,0.3));
#5951 = VECTOR('',#5952,1.);
#5952 = DIRECTION('',(1.,0.,0.));
#5953 = PLANE('',#5954);
#5954 = AXIS2_PLACEMENT_3D('',#5955,#5956,#5957);
#5955 = CARTESIAN_POINT('',(7.5,-0.3,0.3));
#5956 = DIRECTION('',(0.,0.,1.));
#5957 = DIRECTION('',(1.,0.,-0.));
#5958 = ADVANCED_FACE('',(#5959),#5977,.T.);
#5959 = FACE_BOUND('',#5960,.T.);
#5960 = EDGE_LOOP('',(#5961,#5962,#5963,#5971));
#5961 = ORIENTED_EDGE('',*,*,#5333,.T.);
#5962 = ORIENTED_EDGE('',*,*,#5905,.T.);
#5963 = ORIENTED_EDGE('',*,*,#5964,.T.);
#5964 = EDGE_CURVE('',#5906,#5965,#5967,.T.);
#5965 = VERTEX_POINT('',#5966);
#5966 = CARTESIAN_POINT('',(8.25,1.6,0.));
#5967 = LINE('',#5968,#5969);
#5968 = CARTESIAN_POINT('',(8.25,1.6,0.3));
#5969 = VECTOR('',#5970,1.);
#5970 = DIRECTION('',(0.,0.,-1.));
#5971 = ORIENTED_EDGE('',*,*,#5972,.T.);
#5972 = EDGE_CURVE('',#5965,#5326,#5973,.T.);
#5973 = LINE('',#5974,#5975);
#5974 = CARTESIAN_POINT('',(8.25,1.6,0.));
#5975 = VECTOR('',#5976,1.);
#5976 = DIRECTION('',(0.,-1.,0.));
#5977 = PLANE('',#5978);
#5978 = AXIS2_PLACEMENT_3D('',#5979,#5980,#5981);
#5979 = CARTESIAN_POINT('',(8.25,-0.3,0.15));
#5980 = DIRECTION('',(-1.,-0.,-1.269339193699E-31));
#5981 = DIRECTION('',(1.269339193699E-31,0.,-1.));
#5982 = ADVANCED_FACE('',(#5983),#6001,.F.);
#5983 = FACE_BOUND('',#5984,.F.);
#5984 = EDGE_LOOP('',(#5985,#5986,#5987,#5995));
#5985 = ORIENTED_EDGE('',*,*,#5972,.T.);
#5986 = ORIENTED_EDGE('',*,*,#5325,.T.);
#5987 = ORIENTED_EDGE('',*,*,#5988,.F.);
#5988 = EDGE_CURVE('',#5989,#5318,#5991,.T.);
#5989 = VERTEX_POINT('',#5990);
#5990 = CARTESIAN_POINT('',(9.25,1.6,0.));
#5991 = LINE('',#5992,#5993);
#5992 = CARTESIAN_POINT('',(9.25,1.6,0.));
#5993 = VECTOR('',#5994,1.);
#5994 = DIRECTION('',(0.,-1.,0.));
#5995 = ORIENTED_EDGE('',*,*,#5996,.T.);
#5996 = EDGE_CURVE('',#5989,#5965,#5997,.T.);
#5997 = LINE('',#5998,#5999);
#5998 = CARTESIAN_POINT('',(20.,1.6,0.));
#5999 = VECTOR('',#6000,1.);
#6000 = DIRECTION('',(-1.,0.,0.));
#6001 = PLANE('',#6002);
#6002 = AXIS2_PLACEMENT_3D('',#6003,#6004,#6005);
#6003 = CARTESIAN_POINT('',(8.75,-0.3,0.));
#6004 = DIRECTION('',(0.,0.,1.));
#6005 = DIRECTION('',(1.,0.,-0.));
#6006 = ADVANCED_FACE('',(#6007),#6025,.F.);
#6007 = FACE_BOUND('',#6008,.F.);
#6008 = EDGE_LOOP('',(#6009,#6010,#6018,#6024));
#6009 = ORIENTED_EDGE('',*,*,#5317,.T.);
#6010 = ORIENTED_EDGE('',*,*,#6011,.T.);
#6011 = EDGE_CURVE('',#5310,#6012,#6014,.T.);
#6012 = VERTEX_POINT('',#6013);
#6013 = CARTESIAN_POINT('',(9.25,1.6,0.3));
#6014 = LINE('',#6015,#6016);
#6015 = CARTESIAN_POINT('',(9.25,-2.2,0.3));
#6016 = VECTOR('',#6017,1.);
#6017 = DIRECTION('',(0.,1.,0.));
#6018 = ORIENTED_EDGE('',*,*,#6019,.T.);
#6019 = EDGE_CURVE('',#6012,#5989,#6020,.T.);
#6020 = LINE('',#6021,#6022);
#6021 = CARTESIAN_POINT('',(9.25,1.6,0.3));
#6022 = VECTOR('',#6023,1.);
#6023 = DIRECTION('',(0.,0.,-1.));
#6024 = ORIENTED_EDGE('',*,*,#5988,.T.);
#6025 = PLANE('',#6026);
#6026 = AXIS2_PLACEMENT_3D('',#6027,#6028,#6029);
#6027 = CARTESIAN_POINT('',(9.25,-0.3,0.15));
#6028 = DIRECTION('',(-1.,-0.,-1.269339193699E-31));
#6029 = DIRECTION('',(1.269339193699E-31,0.,-1.));
#6030 = ADVANCED_FACE('',(#6031,#6049),#6083,.F.);
#6031 = FACE_BOUND('',#6032,.F.);
#6032 = EDGE_LOOP('',(#6033,#6034,#6042,#6048));
#6033 = ORIENTED_EDGE('',*,*,#5309,.T.);
#6034 = ORIENTED_EDGE('',*,*,#6035,.T.);
#6035 = EDGE_CURVE('',#5302,#6036,#6038,.T.);
#6036 = VERTEX_POINT('',#6037);
#6037 = CARTESIAN_POINT('',(10.75,1.6,0.3));
#6038 = LINE('',#6039,#6040);
#6039 = CARTESIAN_POINT('',(10.75,0.5,0.3));
#6040 = VECTOR('',#6041,1.);
#6041 = DIRECTION('',(0.,1.,0.));
#6042 = ORIENTED_EDGE('',*,*,#6043,.F.);
#6043 = EDGE_CURVE('',#6012,#6036,#6044,.T.);
#6044 = LINE('',#6045,#6046);
#6045 = CARTESIAN_POINT('',(9.25,1.6,0.3));
#6046 = VECTOR('',#6047,1.);
#6047 = DIRECTION('',(1.,0.,0.));
#6048 = ORIENTED_EDGE('',*,*,#6011,.F.);
#6049 = FACE_BOUND('',#6050,.F.);
#6050 = EDGE_LOOP('',(#6051,#6061,#6069,#6077));
#6051 = ORIENTED_EDGE('',*,*,#6052,.F.);
#6052 = EDGE_CURVE('',#6053,#6055,#6057,.T.);
#6053 = VERTEX_POINT('',#6054);
#6054 = CARTESIAN_POINT('',(10.32,-0.32,0.3));
#6055 = VERTEX_POINT('',#6056);
#6056 = CARTESIAN_POINT('',(10.32,0.32,0.3));
#6057 = LINE('',#6058,#6059);
#6058 = CARTESIAN_POINT('',(10.32,-0.15,0.3));
#6059 = VECTOR('',#6060,1.);
#6060 = DIRECTION('',(0.,1.,0.));
#6061 = ORIENTED_EDGE('',*,*,#6062,.T.);
#6062 = EDGE_CURVE('',#6053,#6063,#6065,.T.);
#6063 = VERTEX_POINT('',#6064);
#6064 = CARTESIAN_POINT('',(9.68,-0.32,0.3));
#6065 = LINE('',#6066,#6067);
#6066 = CARTESIAN_POINT('',(9.84,-0.32,0.3));
#6067 = VECTOR('',#6068,1.);
#6068 = DIRECTION('',(-1.,0.,0.));
#6069 = ORIENTED_EDGE('',*,*,#6070,.T.);
#6070 = EDGE_CURVE('',#6063,#6071,#6073,.T.);
#6071 = VERTEX_POINT('',#6072);
#6072 = CARTESIAN_POINT('',(9.68,0.32,0.3));
#6073 = LINE('',#6074,#6075);
#6074 = CARTESIAN_POINT('',(9.68,-0.15,0.3));
#6075 = VECTOR('',#6076,1.);
#6076 = DIRECTION('',(0.,1.,0.));
#6077 = ORIENTED_EDGE('',*,*,#6078,.T.);
#6078 = EDGE_CURVE('',#6071,#6055,#6079,.T.);
#6079 = LINE('',#6080,#6081);
#6080 = CARTESIAN_POINT('',(9.84,0.32,0.3));
#6081 = VECTOR('',#6082,1.);
#6082 = DIRECTION('',(1.,0.,0.));
#6083 = PLANE('',#6084);
#6084 = AXIS2_PLACEMENT_3D('',#6085,#6086,#6087);
#6085 = CARTESIAN_POINT('',(10.,-0.3,0.3));
#6086 = DIRECTION('',(0.,0.,1.));
#6087 = DIRECTION('',(1.,0.,-0.));
#6088 = ADVANCED_FACE('',(#6089),#6107,.T.);
#6089 = FACE_BOUND('',#6090,.T.);
#6090 = EDGE_LOOP('',(#6091,#6092,#6093,#6101));
#6091 = ORIENTED_EDGE('',*,*,#5301,.T.);
#6092 = ORIENTED_EDGE('',*,*,#6035,.T.);
#6093 = ORIENTED_EDGE('',*,*,#6094,.T.);
#6094 = EDGE_CURVE('',#6036,#6095,#6097,.T.);
#6095 = VERTEX_POINT('',#6096);
#6096 = CARTESIAN_POINT('',(10.75,1.6,0.));
#6097 = LINE('',#6098,#6099);
#6098 = CARTESIAN_POINT('',(10.75,1.6,0.3));
#6099 = VECTOR('',#6100,1.);
#6100 = DIRECTION('',(0.,0.,-1.));
#6101 = ORIENTED_EDGE('',*,*,#6102,.T.);
#6102 = EDGE_CURVE('',#6095,#5294,#6103,.T.);
#6103 = LINE('',#6104,#6105);
#6104 = CARTESIAN_POINT('',(10.75,1.6,0.));
#6105 = VECTOR('',#6106,1.);
#6106 = DIRECTION('',(0.,-1.,0.));
#6107 = PLANE('',#6108);
#6108 = AXIS2_PLACEMENT_3D('',#6109,#6110,#6111);
#6109 = CARTESIAN_POINT('',(10.75,-0.3,0.15));
#6110 = DIRECTION('',(-1.,-0.,-1.269339193699E-31));
#6111 = DIRECTION('',(1.269339193699E-31,0.,-1.));
#6112 = ADVANCED_FACE('',(#6113),#6131,.F.);
#6113 = FACE_BOUND('',#6114,.F.);
#6114 = EDGE_LOOP('',(#6115,#6123,#6124,#6125));
#6115 = ORIENTED_EDGE('',*,*,#6116,.T.);
#6116 = EDGE_CURVE('',#6117,#6095,#6119,.T.);
#6117 = VERTEX_POINT('',#6118);
#6118 = CARTESIAN_POINT('',(11.75,1.6,0.));
#6119 = LINE('',#6120,#6121);
#6120 = CARTESIAN_POINT('',(20.,1.6,0.));
#6121 = VECTOR('',#6122,1.);
#6122 = DIRECTION('',(-1.,0.,0.));
#6123 = ORIENTED_EDGE('',*,*,#6102,.T.);
#6124 = ORIENTED_EDGE('',*,*,#5293,.T.);
#6125 = ORIENTED_EDGE('',*,*,#6126,.F.);
#6126 = EDGE_CURVE('',#6117,#5286,#6127,.T.);
#6127 = LINE('',#6128,#6129);
#6128 = CARTESIAN_POINT('',(11.75,1.6,0.));
#6129 = VECTOR('',#6130,1.);
#6130 = DIRECTION('',(0.,-1.,0.));
#6131 = PLANE('',#6132);
#6132 = AXIS2_PLACEMENT_3D('',#6133,#6134,#6135);
#6133 = CARTESIAN_POINT('',(8.75,-0.3,0.));
#6134 = DIRECTION('',(0.,0.,1.));
#6135 = DIRECTION('',(1.,0.,-0.));
#6136 = ADVANCED_FACE('',(#6137),#6155,.F.);
#6137 = FACE_BOUND('',#6138,.F.);
#6138 = EDGE_LOOP('',(#6139,#6140,#6148,#6154));
#6139 = ORIENTED_EDGE('',*,*,#5285,.T.);
#6140 = ORIENTED_EDGE('',*,*,#6141,.T.);
#6141 = EDGE_CURVE('',#5278,#6142,#6144,.T.);
#6142 = VERTEX_POINT('',#6143);
#6143 = CARTESIAN_POINT('',(11.75,1.6,0.3));
#6144 = LINE('',#6145,#6146);
#6145 = CARTESIAN_POINT('',(11.75,-2.2,0.3));
#6146 = VECTOR('',#6147,1.);
#6147 = DIRECTION('',(0.,1.,0.));
#6148 = ORIENTED_EDGE('',*,*,#6149,.T.);
#6149 = EDGE_CURVE('',#6142,#6117,#6150,.T.);
#6150 = LINE('',#6151,#6152);
#6151 = CARTESIAN_POINT('',(11.75,1.6,0.3));
#6152 = VECTOR('',#6153,1.);
#6153 = DIRECTION('',(0.,0.,-1.));
#6154 = ORIENTED_EDGE('',*,*,#6126,.T.);
#6155 = PLANE('',#6156);
#6156 = AXIS2_PLACEMENT_3D('',#6157,#6158,#6159);
#6157 = CARTESIAN_POINT('',(11.75,-0.3,0.15));
#6158 = DIRECTION('',(-1.,-0.,-1.269339193699E-31));
#6159 = DIRECTION('',(1.269339193699E-31,0.,-1.));
#6160 = ADVANCED_FACE('',(#6161,#6179),#6213,.F.);
#6161 = FACE_BOUND('',#6162,.F.);
#6162 = EDGE_LOOP('',(#6163,#6164,#6172,#6178));
#6163 = ORIENTED_EDGE('',*,*,#5277,.T.);
#6164 = ORIENTED_EDGE('',*,*,#6165,.T.);
#6165 = EDGE_CURVE('',#5270,#6166,#6168,.T.);
#6166 = VERTEX_POINT('',#6167);
#6167 = CARTESIAN_POINT('',(13.25,1.6,0.3));
#6168 = LINE('',#6169,#6170);
#6169 = CARTESIAN_POINT('',(13.25,0.5,0.3));
#6170 = VECTOR('',#6171,1.);
#6171 = DIRECTION('',(0.,1.,0.));
#6172 = ORIENTED_EDGE('',*,*,#6173,.F.);
#6173 = EDGE_CURVE('',#6142,#6166,#6174,.T.);
#6174 = LINE('',#6175,#6176);
#6175 = CARTESIAN_POINT('',(11.75,1.6,0.3));
#6176 = VECTOR('',#6177,1.);
#6177 = DIRECTION('',(1.,0.,0.));
#6178 = ORIENTED_EDGE('',*,*,#6141,.F.);
#6179 = FACE_BOUND('',#6180,.F.);
#6180 = EDGE_LOOP('',(#6181,#6191,#6199,#6207));
#6181 = ORIENTED_EDGE('',*,*,#6182,.T.);
#6182 = EDGE_CURVE('',#6183,#6185,#6187,.T.);
#6183 = VERTEX_POINT('',#6184);
#6184 = CARTESIAN_POINT('',(12.18,-0.32,0.3));
#6185 = VERTEX_POINT('',#6186);
#6186 = CARTESIAN_POINT('',(12.18,0.32,0.3));
#6187 = LINE('',#6188,#6189);
#6188 = CARTESIAN_POINT('',(12.18,-0.15,0.3));
#6189 = VECTOR('',#6190,1.);
#6190 = DIRECTION('',(0.,1.,0.));
#6191 = ORIENTED_EDGE('',*,*,#6192,.T.);
#6192 = EDGE_CURVE('',#6185,#6193,#6195,.T.);
#6193 = VERTEX_POINT('',#6194);
#6194 = CARTESIAN_POINT('',(12.82,0.32,0.3));
#6195 = LINE('',#6196,#6197);
#6196 = CARTESIAN_POINT('',(12.34,0.32,0.3));
#6197 = VECTOR('',#6198,1.);
#6198 = DIRECTION('',(1.,0.,0.));
#6199 = ORIENTED_EDGE('',*,*,#6200,.F.);
#6200 = EDGE_CURVE('',#6201,#6193,#6203,.T.);
#6201 = VERTEX_POINT('',#6202);
#6202 = CARTESIAN_POINT('',(12.82,-0.32,0.3));
#6203 = LINE('',#6204,#6205);
#6204 = CARTESIAN_POINT('',(12.82,-0.15,0.3));
#6205 = VECTOR('',#6206,1.);
#6206 = DIRECTION('',(0.,1.,0.));
#6207 = ORIENTED_EDGE('',*,*,#6208,.T.);
#6208 = EDGE_CURVE('',#6201,#6183,#6209,.T.);
#6209 = LINE('',#6210,#6211);
#6210 = CARTESIAN_POINT('',(12.34,-0.32,0.3));
#6211 = VECTOR('',#6212,1.);
#6212 = DIRECTION('',(-1.,0.,0.));
#6213 = PLANE('',#6214);
#6214 = AXIS2_PLACEMENT_3D('',#6215,#6216,#6217);
#6215 = CARTESIAN_POINT('',(12.5,-0.3,0.3));
#6216 = DIRECTION('',(0.,0.,1.));
#6217 = DIRECTION('',(1.,0.,-0.));
#6218 = ADVANCED_FACE('',(#6219),#6237,.T.);
#6219 = FACE_BOUND('',#6220,.T.);
#6220 = EDGE_LOOP('',(#6221,#6222,#6223,#6231));
#6221 = ORIENTED_EDGE('',*,*,#5269,.T.);
#6222 = ORIENTED_EDGE('',*,*,#6165,.T.);
#6223 = ORIENTED_EDGE('',*,*,#6224,.T.);
#6224 = EDGE_CURVE('',#6166,#6225,#6227,.T.);
#6225 = VERTEX_POINT('',#6226);
#6226 = CARTESIAN_POINT('',(13.25,1.6,0.));
#6227 = LINE('',#6228,#6229);
#6228 = CARTESIAN_POINT('',(13.25,1.6,0.3));
#6229 = VECTOR('',#6230,1.);
#6230 = DIRECTION('',(0.,0.,-1.));
#6231 = ORIENTED_EDGE('',*,*,#6232,.T.);
#6232 = EDGE_CURVE('',#6225,#5262,#6233,.T.);
#6233 = LINE('',#6234,#6235);
#6234 = CARTESIAN_POINT('',(13.25,1.6,0.));
#6235 = VECTOR('',#6236,1.);
#6236 = DIRECTION('',(0.,-1.,0.));
#6237 = PLANE('',#6238);
#6238 = AXIS2_PLACEMENT_3D('',#6239,#6240,#6241);
#6239 = CARTESIAN_POINT('',(13.25,-0.3,0.15));
#6240 = DIRECTION('',(-1.,-0.,-1.269339193699E-31));
#6241 = DIRECTION('',(1.269339193699E-31,0.,-1.));
#6242 = ADVANCED_FACE('',(#6243),#6261,.F.);
#6243 = FACE_BOUND('',#6244,.F.);
#6244 = EDGE_LOOP('',(#6245,#6253,#6259,#6260));
#6245 = ORIENTED_EDGE('',*,*,#6246,.F.);
#6246 = EDGE_CURVE('',#6247,#5254,#6249,.T.);
#6247 = VERTEX_POINT('',#6248);
#6248 = CARTESIAN_POINT('',(14.25,1.6,0.));
#6249 = LINE('',#6250,#6251);
#6250 = CARTESIAN_POINT('',(14.25,1.6,0.));
#6251 = VECTOR('',#6252,1.);
#6252 = DIRECTION('',(0.,-1.,0.));
#6253 = ORIENTED_EDGE('',*,*,#6254,.T.);
#6254 = EDGE_CURVE('',#6247,#6225,#6255,.T.);
#6255 = LINE('',#6256,#6257);
#6256 = CARTESIAN_POINT('',(20.,1.6,0.));
#6257 = VECTOR('',#6258,1.);
#6258 = DIRECTION('',(-1.,0.,0.));
#6259 = ORIENTED_EDGE('',*,*,#6232,.T.);
#6260 = ORIENTED_EDGE('',*,*,#5261,.T.);
#6261 = PLANE('',#6262);
#6262 = AXIS2_PLACEMENT_3D('',#6263,#6264,#6265);
#6263 = CARTESIAN_POINT('',(8.75,-0.3,0.));
#6264 = DIRECTION('',(0.,0.,1.));
#6265 = DIRECTION('',(1.,0.,-0.));
#6266 = ADVANCED_FACE('',(#6267),#6285,.F.);
#6267 = FACE_BOUND('',#6268,.F.);
#6268 = EDGE_LOOP('',(#6269,#6270,#6278,#6284));
#6269 = ORIENTED_EDGE('',*,*,#5253,.T.);
#6270 = ORIENTED_EDGE('',*,*,#6271,.T.);
#6271 = EDGE_CURVE('',#5246,#6272,#6274,.T.);
#6272 = VERTEX_POINT('',#6273);
#6273 = CARTESIAN_POINT('',(14.25,1.6,0.3));
#6274 = LINE('',#6275,#6276);
#6275 = CARTESIAN_POINT('',(14.25,-2.2,0.3));
#6276 = VECTOR('',#6277,1.);
#6277 = DIRECTION('',(0.,1.,0.));
#6278 = ORIENTED_EDGE('',*,*,#6279,.T.);
#6279 = EDGE_CURVE('',#6272,#6247,#6280,.T.);
#6280 = LINE('',#6281,#6282);
#6281 = CARTESIAN_POINT('',(14.25,1.6,0.3));
#6282 = VECTOR('',#6283,1.);
#6283 = DIRECTION('',(0.,0.,-1.));
#6284 = ORIENTED_EDGE('',*,*,#6246,.T.);
#6285 = PLANE('',#6286);
#6286 = AXIS2_PLACEMENT_3D('',#6287,#6288,#6289);
#6287 = CARTESIAN_POINT('',(14.25,-0.3,0.15));
#6288 = DIRECTION('',(-1.,-0.,-1.269339193699E-31));
#6289 = DIRECTION('',(1.269339193699E-31,0.,-1.));
#6290 = ADVANCED_FACE('',(#6291,#6309),#6343,.F.);
#6291 = FACE_BOUND('',#6292,.F.);
#6292 = EDGE_LOOP('',(#6293,#6294,#6302,#6308));
#6293 = ORIENTED_EDGE('',*,*,#5245,.T.);
#6294 = ORIENTED_EDGE('',*,*,#6295,.T.);
#6295 = EDGE_CURVE('',#5238,#6296,#6298,.T.);
#6296 = VERTEX_POINT('',#6297);
#6297 = CARTESIAN_POINT('',(15.75,1.6,0.3));
#6298 = LINE('',#6299,#6300);
#6299 = CARTESIAN_POINT('',(15.75,0.5,0.3));
#6300 = VECTOR('',#6301,1.);
#6301 = DIRECTION('',(0.,1.,0.));
#6302 = ORIENTED_EDGE('',*,*,#6303,.F.);
#6303 = EDGE_CURVE('',#6272,#6296,#6304,.T.);
#6304 = LINE('',#6305,#6306);
#6305 = CARTESIAN_POINT('',(14.25,1.6,0.3));
#6306 = VECTOR('',#6307,1.);
#6307 = DIRECTION('',(1.,0.,0.));
#6308 = ORIENTED_EDGE('',*,*,#6271,.F.);
#6309 = FACE_BOUND('',#6310,.F.);
#6310 = EDGE_LOOP('',(#6311,#6321,#6329,#6337));
#6311 = ORIENTED_EDGE('',*,*,#6312,.F.);
#6312 = EDGE_CURVE('',#6313,#6315,#6317,.T.);
#6313 = VERTEX_POINT('',#6314);
#6314 = CARTESIAN_POINT('',(15.32,-0.32,0.3));
#6315 = VERTEX_POINT('',#6316);
#6316 = CARTESIAN_POINT('',(15.32,0.32,0.3));
#6317 = LINE('',#6318,#6319);
#6318 = CARTESIAN_POINT('',(15.32,-0.15,0.3));
#6319 = VECTOR('',#6320,1.);
#6320 = DIRECTION('',(0.,1.,0.));
#6321 = ORIENTED_EDGE('',*,*,#6322,.T.);
#6322 = EDGE_CURVE('',#6313,#6323,#6325,.T.);
#6323 = VERTEX_POINT('',#6324);
#6324 = CARTESIAN_POINT('',(14.68,-0.32,0.3));
#6325 = LINE('',#6326,#6327);
#6326 = CARTESIAN_POINT('',(14.84,-0.32,0.3));
#6327 = VECTOR('',#6328,1.);
#6328 = DIRECTION('',(-1.,0.,0.));
#6329 = ORIENTED_EDGE('',*,*,#6330,.T.);
#6330 = EDGE_CURVE('',#6323,#6331,#6333,.T.);
#6331 = VERTEX_POINT('',#6332);
#6332 = CARTESIAN_POINT('',(14.68,0.32,0.3));
#6333 = LINE('',#6334,#6335);
#6334 = CARTESIAN_POINT('',(14.68,-0.15,0.3));
#6335 = VECTOR('',#6336,1.);
#6336 = DIRECTION('',(0.,1.,0.));
#6337 = ORIENTED_EDGE('',*,*,#6338,.T.);
#6338 = EDGE_CURVE('',#6331,#6315,#6339,.T.);
#6339 = LINE('',#6340,#6341);
#6340 = CARTESIAN_POINT('',(14.84,0.32,0.3));
#6341 = VECTOR('',#6342,1.);
#6342 = DIRECTION('',(1.,0.,0.));
#6343 = PLANE('',#6344);
#6344 = AXIS2_PLACEMENT_3D('',#6345,#6346,#6347);
#6345 = CARTESIAN_POINT('',(15.,-0.3,0.3));
#6346 = DIRECTION('',(0.,0.,1.));
#6347 = DIRECTION('',(1.,0.,-0.));
#6348 = ADVANCED_FACE('',(#6349),#6367,.T.);
#6349 = FACE_BOUND('',#6350,.T.);
#6350 = EDGE_LOOP('',(#6351,#6352,#6353,#6361));
#6351 = ORIENTED_EDGE('',*,*,#5237,.T.);
#6352 = ORIENTED_EDGE('',*,*,#6295,.T.);
#6353 = ORIENTED_EDGE('',*,*,#6354,.T.);
#6354 = EDGE_CURVE('',#6296,#6355,#6357,.T.);
#6355 = VERTEX_POINT('',#6356);
#6356 = CARTESIAN_POINT('',(15.75,1.6,0.));
#6357 = LINE('',#6358,#6359);
#6358 = CARTESIAN_POINT('',(15.75,1.6,0.3));
#6359 = VECTOR('',#6360,1.);
#6360 = DIRECTION('',(0.,0.,-1.));
#6361 = ORIENTED_EDGE('',*,*,#6362,.T.);
#6362 = EDGE_CURVE('',#6355,#5230,#6363,.T.);
#6363 = LINE('',#6364,#6365);
#6364 = CARTESIAN_POINT('',(15.75,1.6,0.));
#6365 = VECTOR('',#6366,1.);
#6366 = DIRECTION('',(0.,-1.,0.));
#6367 = PLANE('',#6368);
#6368 = AXIS2_PLACEMENT_3D('',#6369,#6370,#6371);
#6369 = CARTESIAN_POINT('',(15.75,-0.3,0.15));
#6370 = DIRECTION('',(-1.,-0.,-1.269339193699E-31));
#6371 = DIRECTION('',(1.269339193699E-31,0.,-1.));
#6372 = ADVANCED_FACE('',(#6373),#6391,.F.);
#6373 = FACE_BOUND('',#6374,.F.);
#6374 = EDGE_LOOP('',(#6375,#6376,#6384,#6390));
#6375 = ORIENTED_EDGE('',*,*,#5229,.T.);
#6376 = ORIENTED_EDGE('',*,*,#6377,.F.);
#6377 = EDGE_CURVE('',#6378,#5222,#6380,.T.);
#6378 = VERTEX_POINT('',#6379);
#6379 = CARTESIAN_POINT('',(16.75,1.6,0.));
#6380 = LINE('',#6381,#6382);
#6381 = CARTESIAN_POINT('',(16.75,1.6,0.));
#6382 = VECTOR('',#6383,1.);
#6383 = DIRECTION('',(0.,-1.,0.));
#6384 = ORIENTED_EDGE('',*,*,#6385,.T.);
#6385 = EDGE_CURVE('',#6378,#6355,#6386,.T.);
#6386 = LINE('',#6387,#6388);
#6387 = CARTESIAN_POINT('',(20.,1.6,0.));
#6388 = VECTOR('',#6389,1.);
#6389 = DIRECTION('',(-1.,0.,0.));
#6390 = ORIENTED_EDGE('',*,*,#6362,.T.);
#6391 = PLANE('',#6392);
#6392 = AXIS2_PLACEMENT_3D('',#6393,#6394,#6395);
#6393 = CARTESIAN_POINT('',(8.75,-0.3,0.));
#6394 = DIRECTION('',(0.,0.,1.));
#6395 = DIRECTION('',(1.,0.,-0.));
#6396 = ADVANCED_FACE('',(#6397),#6415,.F.);
#6397 = FACE_BOUND('',#6398,.F.);
#6398 = EDGE_LOOP('',(#6399,#6400,#6408,#6414));
#6399 = ORIENTED_EDGE('',*,*,#5221,.T.);
#6400 = ORIENTED_EDGE('',*,*,#6401,.T.);
#6401 = EDGE_CURVE('',#5214,#6402,#6404,.T.);
#6402 = VERTEX_POINT('',#6403);
#6403 = CARTESIAN_POINT('',(16.75,1.6,0.3));
#6404 = LINE('',#6405,#6406);
#6405 = CARTESIAN_POINT('',(16.75,-2.2,0.3));
#6406 = VECTOR('',#6407,1.);
#6407 = DIRECTION('',(0.,1.,0.));
#6408 = ORIENTED_EDGE('',*,*,#6409,.T.);
#6409 = EDGE_CURVE('',#6402,#6378,#6410,.T.);
#6410 = LINE('',#6411,#6412);
#6411 = CARTESIAN_POINT('',(16.75,1.6,0.3));
#6412 = VECTOR('',#6413,1.);
#6413 = DIRECTION('',(0.,0.,-1.));
#6414 = ORIENTED_EDGE('',*,*,#6377,.T.);
#6415 = PLANE('',#6416);
#6416 = AXIS2_PLACEMENT_3D('',#6417,#6418,#6419);
#6417 = CARTESIAN_POINT('',(16.75,-0.3,0.15));
#6418 = DIRECTION('',(-1.,-0.,-1.269339193699E-31));
#6419 = DIRECTION('',(1.269339193699E-31,0.,-1.));
#6420 = ADVANCED_FACE('',(#6421,#6439),#6473,.F.);
#6421 = FACE_BOUND('',#6422,.F.);
#6422 = EDGE_LOOP('',(#6423,#6424,#6432,#6438));
#6423 = ORIENTED_EDGE('',*,*,#5213,.T.);
#6424 = ORIENTED_EDGE('',*,*,#6425,.T.);
#6425 = EDGE_CURVE('',#5206,#6426,#6428,.T.);
#6426 = VERTEX_POINT('',#6427);
#6427 = CARTESIAN_POINT('',(18.25,1.6,0.3));
#6428 = LINE('',#6429,#6430);
#6429 = CARTESIAN_POINT('',(18.25,0.5,0.3));
#6430 = VECTOR('',#6431,1.);
#6431 = DIRECTION('',(0.,1.,0.));
#6432 = ORIENTED_EDGE('',*,*,#6433,.F.);
#6433 = EDGE_CURVE('',#6402,#6426,#6434,.T.);
#6434 = LINE('',#6435,#6436);
#6435 = CARTESIAN_POINT('',(16.75,1.6,0.3));
#6436 = VECTOR('',#6437,1.);
#6437 = DIRECTION('',(1.,0.,0.));
#6438 = ORIENTED_EDGE('',*,*,#6401,.F.);
#6439 = FACE_BOUND('',#6440,.F.);
#6440 = EDGE_LOOP('',(#6441,#6451,#6459,#6467));
#6441 = ORIENTED_EDGE('',*,*,#6442,.T.);
#6442 = EDGE_CURVE('',#6443,#6445,#6447,.T.);
#6443 = VERTEX_POINT('',#6444);
#6444 = CARTESIAN_POINT('',(17.18,-0.32,0.3));
#6445 = VERTEX_POINT('',#6446);
#6446 = CARTESIAN_POINT('',(17.18,0.32,0.3));
#6447 = LINE('',#6448,#6449);
#6448 = CARTESIAN_POINT('',(17.18,-0.171537434396,0.3));
#6449 = VECTOR('',#6450,1.);
#6450 = DIRECTION('',(0.,1.,0.));
#6451 = ORIENTED_EDGE('',*,*,#6452,.T.);
#6452 = EDGE_CURVE('',#6445,#6453,#6455,.T.);
#6453 = VERTEX_POINT('',#6454);
#6454 = CARTESIAN_POINT('',(17.82,0.32,0.3));
#6455 = LINE('',#6456,#6457);
#6456 = CARTESIAN_POINT('',(17.34,0.32,0.3));
#6457 = VECTOR('',#6458,1.);
#6458 = DIRECTION('',(1.,0.,0.));
#6459 = ORIENTED_EDGE('',*,*,#6460,.F.);
#6460 = EDGE_CURVE('',#6461,#6453,#6463,.T.);
#6461 = VERTEX_POINT('',#6462);
#6462 = CARTESIAN_POINT('',(17.82,-0.32,0.3));
#6463 = LINE('',#6464,#6465);
#6464 = CARTESIAN_POINT('',(17.82,-0.171537434396,0.3));
#6465 = VECTOR('',#6466,1.);
#6466 = DIRECTION('',(0.,1.,0.));
#6467 = ORIENTED_EDGE('',*,*,#6468,.T.);
#6468 = EDGE_CURVE('',#6461,#6443,#6469,.T.);
#6469 = LINE('',#6470,#6471);
#6470 = CARTESIAN_POINT('',(17.34,-0.32,0.3));
#6471 = VECTOR('',#6472,1.);
#6472 = DIRECTION('',(-1.,0.,0.));
#6473 = PLANE('',#6474);
#6474 = AXIS2_PLACEMENT_3D('',#6475,#6476,#6477);
#6475 = CARTESIAN_POINT('',(17.5,-0.3,0.3));
#6476 = DIRECTION('',(0.,0.,1.));
#6477 = DIRECTION('',(1.,0.,-0.));
#6478 = ADVANCED_FACE('',(#6479),#6497,.T.);
#6479 = FACE_BOUND('',#6480,.T.);
#6480 = EDGE_LOOP('',(#6481,#6482,#6483,#6491));
#6481 = ORIENTED_EDGE('',*,*,#5205,.T.);
#6482 = ORIENTED_EDGE('',*,*,#6425,.T.);
#6483 = ORIENTED_EDGE('',*,*,#6484,.T.);
#6484 = EDGE_CURVE('',#6426,#6485,#6487,.T.);
#6485 = VERTEX_POINT('',#6486);
#6486 = CARTESIAN_POINT('',(18.25,1.6,0.));
#6487 = LINE('',#6488,#6489);
#6488 = CARTESIAN_POINT('',(18.25,1.6,0.3));
#6489 = VECTOR('',#6490,1.);
#6490 = DIRECTION('',(0.,0.,-1.));
#6491 = ORIENTED_EDGE('',*,*,#6492,.T.);
#6492 = EDGE_CURVE('',#6485,#5198,#6493,.T.);
#6493 = LINE('',#6494,#6495);
#6494 = CARTESIAN_POINT('',(18.25,1.6,0.));
#6495 = VECTOR('',#6496,1.);
#6496 = DIRECTION('',(0.,-1.,0.));
#6497 = PLANE('',#6498);
#6498 = AXIS2_PLACEMENT_3D('',#6499,#6500,#6501);
#6499 = CARTESIAN_POINT('',(18.25,-0.3,0.15));
#6500 = DIRECTION('',(-1.,-0.,-1.269339193699E-31));
#6501 = DIRECTION('',(1.269339193699E-31,0.,-1.));
#6502 = ADVANCED_FACE('',(#6503),#6521,.F.);
#6503 = FACE_BOUND('',#6504,.F.);
#6504 = EDGE_LOOP('',(#6505,#6506,#6514,#6520));
#6505 = ORIENTED_EDGE('',*,*,#5197,.T.);
#6506 = ORIENTED_EDGE('',*,*,#6507,.T.);
#6507 = EDGE_CURVE('',#5190,#6508,#6510,.T.);
#6508 = VERTEX_POINT('',#6509);
#6509 = CARTESIAN_POINT('',(20.,1.6,0.));
#6510 = LINE('',#6511,#6512);
#6511 = CARTESIAN_POINT('',(20.,-2.2,0.));
#6512 = VECTOR('',#6513,1.);
#6513 = DIRECTION('',(0.,1.,0.));
#6514 = ORIENTED_EDGE('',*,*,#6515,.T.);
#6515 = EDGE_CURVE('',#6508,#6485,#6516,.T.);
#6516 = LINE('',#6517,#6518);
#6517 = CARTESIAN_POINT('',(20.,1.6,0.));
#6518 = VECTOR('',#6519,1.);
#6519 = DIRECTION('',(-1.,0.,0.));
#6520 = ORIENTED_EDGE('',*,*,#6492,.T.);
#6521 = PLANE('',#6522);
#6522 = AXIS2_PLACEMENT_3D('',#6523,#6524,#6525);
#6523 = CARTESIAN_POINT('',(8.75,-0.3,0.));
#6524 = DIRECTION('',(0.,0.,1.));
#6525 = DIRECTION('',(1.,0.,-0.));
#6526 = ADVANCED_FACE('',(#6527),#6601,.F.);
#6527 = FACE_BOUND('',#6528,.F.);
#6528 = EDGE_LOOP('',(#6529,#6530,#6531,#6539,#6547,#6555,#6563,#6571,
    #6579,#6587,#6595));
#6529 = ORIENTED_EDGE('',*,*,#6507,.F.);
#6530 = ORIENTED_EDGE('',*,*,#5189,.T.);
#6531 = ORIENTED_EDGE('',*,*,#6532,.F.);
#6532 = EDGE_CURVE('',#6533,#5182,#6535,.T.);
#6533 = VERTEX_POINT('',#6534);
#6534 = CARTESIAN_POINT('',(20.,-1.2,5.2));
#6535 = LINE('',#6536,#6537);
#6536 = CARTESIAN_POINT('',(20.,-1.2,5.2));
#6537 = VECTOR('',#6538,1.);
#6538 = DIRECTION('',(0.,-1.,0.));
#6539 = ORIENTED_EDGE('',*,*,#6540,.F.);
#6540 = EDGE_CURVE('',#6541,#6533,#6543,.T.);
#6541 = VERTEX_POINT('',#6542);
#6542 = CARTESIAN_POINT('',(20.,-0.6,4.5));
#6543 = LINE('',#6544,#6545);
#6544 = CARTESIAN_POINT('',(20.,-0.6,4.5));
#6545 = VECTOR('',#6546,1.);
#6546 = DIRECTION('',(0.,-0.650791373456,0.759256602365));
#6547 = ORIENTED_EDGE('',*,*,#6548,.F.);
#6548 = EDGE_CURVE('',#6549,#6541,#6551,.T.);
#6549 = VERTEX_POINT('',#6550);
#6550 = CARTESIAN_POINT('',(20.,-0.6,4.3));
#6551 = LINE('',#6552,#6553);
#6552 = CARTESIAN_POINT('',(20.,-0.6,4.3));
#6553 = VECTOR('',#6554,1.);
#6554 = DIRECTION('',(0.,0.,1.));
#6555 = ORIENTED_EDGE('',*,*,#6556,.F.);
#6556 = EDGE_CURVE('',#6557,#6549,#6559,.T.);
#6557 = VERTEX_POINT('',#6558);
#6558 = CARTESIAN_POINT('',(20.,-0.9,4.1));
#6559 = LINE('',#6560,#6561);
#6560 = CARTESIAN_POINT('',(20.,-0.9,4.1));
#6561 = VECTOR('',#6562,1.);
#6562 = DIRECTION('',(0.,0.832050294338,0.554700196225));
#6563 = ORIENTED_EDGE('',*,*,#6564,.F.);
#6564 = EDGE_CURVE('',#6565,#6557,#6567,.T.);
#6565 = VERTEX_POINT('',#6566);
#6566 = CARTESIAN_POINT('',(20.,-0.6,1.5));
#6567 = LINE('',#6568,#6569);
#6568 = CARTESIAN_POINT('',(20.,-0.6,1.5));
#6569 = VECTOR('',#6570,1.);
#6570 = DIRECTION('',(0.,-0.114624107985,0.993408935871));
#6571 = ORIENTED_EDGE('',*,*,#6572,.F.);
#6572 = EDGE_CURVE('',#6573,#6565,#6575,.T.);
#6573 = VERTEX_POINT('',#6574);
#6574 = CARTESIAN_POINT('',(20.,-0.2,1.5));
#6575 = LINE('',#6576,#6577);
#6576 = CARTESIAN_POINT('',(20.,-0.2,1.5));
#6577 = VECTOR('',#6578,1.);
#6578 = DIRECTION('',(0.,-1.,0.));
#6579 = ORIENTED_EDGE('',*,*,#6580,.F.);
#6580 = EDGE_CURVE('',#6581,#6573,#6583,.T.);
#6581 = VERTEX_POINT('',#6582);
#6582 = CARTESIAN_POINT('',(20.,-0.2,6.));
#6583 = LINE('',#6584,#6585);
#6584 = CARTESIAN_POINT('',(20.,-0.2,6.));
#6585 = VECTOR('',#6586,1.);
#6586 = DIRECTION('',(0.,0.,-1.));
#6587 = ORIENTED_EDGE('',*,*,#6588,.T.);
#6588 = EDGE_CURVE('',#6581,#6589,#6591,.T.);
#6589 = VERTEX_POINT('',#6590);
#6590 = CARTESIAN_POINT('',(20.,1.6,6.));
#6591 = LINE('',#6592,#6593);
#6592 = CARTESIAN_POINT('',(20.,-2.2,6.));
#6593 = VECTOR('',#6594,1.);
#6594 = DIRECTION('',(0.,1.,0.));
#6595 = ORIENTED_EDGE('',*,*,#6596,.F.);
#6596 = EDGE_CURVE('',#6508,#6589,#6597,.T.);
#6597 = LINE('',#6598,#6599);
#6598 = CARTESIAN_POINT('',(20.,1.6,0.));
#6599 = VECTOR('',#6600,1.);
#6600 = DIRECTION('',(0.,0.,1.));
#6601 = PLANE('',#6602);
#6602 = AXIS2_PLACEMENT_3D('',#6603,#6604,#6605);
#6603 = CARTESIAN_POINT('',(20.,-2.2,0.));
#6604 = DIRECTION('',(-1.,0.,0.));
#6605 = DIRECTION('',(0.,1.,0.));
#6606 = ADVANCED_FACE('',(#6607),#6625,.F.);
#6607 = FACE_BOUND('',#6608,.F.);
#6608 = EDGE_LOOP('',(#6609,#6617,#6623,#6624));
#6609 = ORIENTED_EDGE('',*,*,#6610,.F.);
#6610 = EDGE_CURVE('',#6611,#5174,#6613,.T.);
#6611 = VERTEX_POINT('',#6612);
#6612 = CARTESIAN_POINT('',(19.,-1.2,5.2));
#6613 = LINE('',#6614,#6615);
#6614 = CARTESIAN_POINT('',(19.,-1.007390335865,5.2));
#6615 = VECTOR('',#6616,1.);
#6616 = DIRECTION('',(-1.847759847436E-31,-1.,-0.));
#6617 = ORIENTED_EDGE('',*,*,#6618,.T.);
#6618 = EDGE_CURVE('',#6611,#6533,#6619,.T.);
#6619 = LINE('',#6620,#6621);
#6620 = CARTESIAN_POINT('',(-2.5,-1.2,5.2));
#6621 = VECTOR('',#6622,1.);
#6622 = DIRECTION('',(1.,0.,0.));
#6623 = ORIENTED_EDGE('',*,*,#6532,.T.);
#6624 = ORIENTED_EDGE('',*,*,#5181,.F.);
#6625 = PLANE('',#6626);
#6626 = AXIS2_PLACEMENT_3D('',#6627,#6628,#6629);
#6627 = CARTESIAN_POINT('',(-2.5,-1.2,5.2));
#6628 = DIRECTION('',(0.,0.,-1.));
#6629 = DIRECTION('',(0.,-1.,0.));
#6630 = ADVANCED_FACE('',(#6631),#6689,.T.);
#6631 = FACE_BOUND('',#6632,.T.);
#6632 = EDGE_LOOP('',(#6633,#6634,#6635,#6643,#6651,#6659,#6667,#6675,
    #6683));
#6633 = ORIENTED_EDGE('',*,*,#5173,.F.);
#6634 = ORIENTED_EDGE('',*,*,#6610,.F.);
#6635 = ORIENTED_EDGE('',*,*,#6636,.F.);
#6636 = EDGE_CURVE('',#6637,#6611,#6639,.T.);
#6637 = VERTEX_POINT('',#6638);
#6638 = CARTESIAN_POINT('',(19.,-0.6,4.5));
#6639 = LINE('',#6640,#6641);
#6640 = CARTESIAN_POINT('',(19.,-0.429990774306,4.301655903357));
#6641 = VECTOR('',#6642,1.);
#6642 = DIRECTION('',(-3.867896981889E-31,-0.650791373456,0.759256602365
    ));
#6643 = ORIENTED_EDGE('',*,*,#6644,.F.);
#6644 = EDGE_CURVE('',#6645,#6637,#6647,.T.);
#6645 = VERTEX_POINT('',#6646);
#6646 = CARTESIAN_POINT('',(19.,-0.6,4.3));
#6647 = LINE('',#6648,#6649);
#6648 = CARTESIAN_POINT('',(19.,-0.6,3.963884850592));
#6649 = VECTOR('',#6650,1.);
#6650 = DIRECTION('',(-3.510527013733E-31,0.,1.));
#6651 = ORIENTED_EDGE('',*,*,#6652,.F.);
#6652 = EDGE_CURVE('',#6653,#6645,#6655,.T.);
#6653 = VERTEX_POINT('',#6654);
#6654 = CARTESIAN_POINT('',(19.,-0.9,4.1));
#6655 = LINE('',#6656,#6657);
#6656 = CARTESIAN_POINT('',(19.,-0.979477224556,4.047015183629));
#6657 = VECTOR('',#6658,1.);
#6658 = DIRECTION('',(-4.098608984472E-32,0.832050294338,0.554700196225)
  );
#6659 = ORIENTED_EDGE('',*,*,#6660,.F.);
#6660 = EDGE_CURVE('',#6661,#6653,#6663,.T.);
#6661 = VERTEX_POINT('',#6662);
#6662 = CARTESIAN_POINT('',(19.,-0.6,1.5));
#6663 = LINE('',#6664,#6665);
#6664 = CARTESIAN_POINT('',(19.,-0.722554060393,2.562135190069));
#6665 = VECTOR('',#6666,1.);
#6666 = DIRECTION('',(-3.699186729344E-31,-0.114624107985,0.993408935871
    ));
#6667 = ORIENTED_EDGE('',*,*,#6668,.F.);
#6668 = EDGE_CURVE('',#6669,#6661,#6671,.T.);
#6669 = VERTEX_POINT('',#6670);
#6670 = CARTESIAN_POINT('',(19.,-0.8,1.5));
#6671 = LINE('',#6672,#6673);
#6672 = CARTESIAN_POINT('',(19.,-2.2,1.5));
#6673 = VECTOR('',#6674,1.);
#6674 = DIRECTION('',(0.,1.,0.));
#6675 = ORIENTED_EDGE('',*,*,#6676,.F.);
#6676 = EDGE_CURVE('',#6677,#6669,#6679,.T.);
#6677 = VERTEX_POINT('',#6678);
#6678 = CARTESIAN_POINT('',(19.,-1.2,1.1));
#6679 = LINE('',#6680,#6681);
#6680 = CARTESIAN_POINT('',(19.,-1.2,1.1));
#6681 = VECTOR('',#6682,1.);
#6682 = DIRECTION('',(0.,0.707106781187,0.707106781187));
#6683 = ORIENTED_EDGE('',*,*,#6684,.F.);
#6684 = EDGE_CURVE('',#5166,#6677,#6685,.T.);
#6685 = LINE('',#6686,#6687);
#6686 = CARTESIAN_POINT('',(19.,-2.2,1.1));
#6687 = VECTOR('',#6688,1.);
#6688 = DIRECTION('',(0.,1.,0.));
#6689 = PLANE('',#6690);
#6690 = AXIS2_PLACEMENT_3D('',#6691,#6692,#6693);
#6691 = CARTESIAN_POINT('',(19.,-0.814780671729,3.627769701184));
#6692 = DIRECTION('',(-1.,1.847759847436E-31,-3.510527013733E-31));
#6693 = DIRECTION('',(3.510527013733E-31,0.,-1.));
#6694 = ADVANCED_FACE('',(#6695),#6713,.T.);
#6695 = FACE_BOUND('',#6696,.T.);
#6696 = EDGE_LOOP('',(#6697,#6698,#6699,#6707));
#6697 = ORIENTED_EDGE('',*,*,#5165,.T.);
#6698 = ORIENTED_EDGE('',*,*,#6684,.T.);
#6699 = ORIENTED_EDGE('',*,*,#6700,.F.);
#6700 = EDGE_CURVE('',#6701,#6677,#6703,.T.);
#6701 = VERTEX_POINT('',#6702);
#6702 = CARTESIAN_POINT('',(-1.5,-1.2,1.1));
#6703 = LINE('',#6704,#6705);
#6704 = CARTESIAN_POINT('',(-1.5,-1.2,1.1));
#6705 = VECTOR('',#6706,1.);
#6706 = DIRECTION('',(1.,0.,0.));
#6707 = ORIENTED_EDGE('',*,*,#6708,.F.);
#6708 = EDGE_CURVE('',#5158,#6701,#6709,.T.);
#6709 = LINE('',#6710,#6711);
#6710 = CARTESIAN_POINT('',(-1.5,-2.2,1.1));
#6711 = VECTOR('',#6712,1.);
#6712 = DIRECTION('',(0.,1.,0.));
#6713 = PLANE('',#6714);
#6714 = AXIS2_PLACEMENT_3D('',#6715,#6716,#6717);
#6715 = CARTESIAN_POINT('',(-1.5,-2.2,1.1));
#6716 = DIRECTION('',(0.,0.,1.));
#6717 = DIRECTION('',(0.,1.,0.));
#6718 = ADVANCED_FACE('',(#6719),#6777,.T.);
#6719 = FACE_BOUND('',#6720,.T.);
#6720 = EDGE_LOOP('',(#6721,#6722,#6723,#6731,#6739,#6747,#6755,#6763,
    #6771));
#6721 = ORIENTED_EDGE('',*,*,#5157,.T.);
#6722 = ORIENTED_EDGE('',*,*,#6708,.T.);
#6723 = ORIENTED_EDGE('',*,*,#6724,.T.);
#6724 = EDGE_CURVE('',#6701,#6725,#6727,.T.);
#6725 = VERTEX_POINT('',#6726);
#6726 = CARTESIAN_POINT('',(-1.5,-0.8,1.5));
#6727 = LINE('',#6728,#6729);
#6728 = CARTESIAN_POINT('',(-1.5,-1.2,1.1));
#6729 = VECTOR('',#6730,1.);
#6730 = DIRECTION('',(0.,0.707106781187,0.707106781187));
#6731 = ORIENTED_EDGE('',*,*,#6732,.F.);
#6732 = EDGE_CURVE('',#6733,#6725,#6735,.T.);
#6733 = VERTEX_POINT('',#6734);
#6734 = CARTESIAN_POINT('',(-1.5,-0.6,1.5));
#6735 = LINE('',#6736,#6737);
#6736 = CARTESIAN_POINT('',(-1.5,0.65,1.5));
#6737 = VECTOR('',#6738,1.);
#6738 = DIRECTION('',(0.,-1.,0.));
#6739 = ORIENTED_EDGE('',*,*,#6740,.F.);
#6740 = EDGE_CURVE('',#6741,#6733,#6743,.T.);
#6741 = VERTEX_POINT('',#6742);
#6742 = CARTESIAN_POINT('',(-1.5,-0.9,4.1));
#6743 = LINE('',#6744,#6745);
#6744 = CARTESIAN_POINT('',(-1.5,-0.722554060393,2.562135190069));
#6745 = VECTOR('',#6746,1.);
#6746 = DIRECTION('',(-2.075772143875E-32,0.114624107985,-0.993408935871
    ));
#6747 = ORIENTED_EDGE('',*,*,#6748,.F.);
#6748 = EDGE_CURVE('',#6749,#6741,#6751,.T.);
#6749 = VERTEX_POINT('',#6750);
#6750 = CARTESIAN_POINT('',(-1.5,-0.6,4.3));
#6751 = LINE('',#6752,#6753);
#6752 = CARTESIAN_POINT('',(-1.5,-0.979477224556,4.047015183629));
#6753 = VECTOR('',#6754,1.);
#6754 = DIRECTION('',(-7.664966827699E-33,-0.832050294338,
    -0.554700196225));
#6755 = ORIENTED_EDGE('',*,*,#6756,.F.);
#6756 = EDGE_CURVE('',#6757,#6749,#6759,.T.);
#6757 = VERTEX_POINT('',#6758);
#6758 = CARTESIAN_POINT('',(-1.5,-0.6,4.5));
#6759 = LINE('',#6760,#6761);
#6760 = CARTESIAN_POINT('',(-1.5,-0.6,3.963884850592));
#6761 = VECTOR('',#6762,1.);
#6762 = DIRECTION('',(-2.03899282835E-32,-0.,-1.));
#6763 = ORIENTED_EDGE('',*,*,#6764,.F.);
#6764 = EDGE_CURVE('',#6765,#6757,#6767,.T.);
#6765 = VERTEX_POINT('',#6766);
#6766 = CARTESIAN_POINT('',(-1.5,-1.2,5.2));
#6767 = LINE('',#6768,#6769);
#6768 = CARTESIAN_POINT('',(-1.5,-0.429990774306,4.301655903357));
#6769 = VECTOR('',#6770,1.);
#6770 = DIRECTION('',(-1.833239701348E-32,0.650791373456,-0.759256602365
    ));
#6771 = ORIENTED_EDGE('',*,*,#6772,.F.);
#6772 = EDGE_CURVE('',#5150,#6765,#6773,.T.);
#6773 = LINE('',#6774,#6775);
#6774 = CARTESIAN_POINT('',(-1.5,-1.007390335865,5.2));
#6775 = VECTOR('',#6776,1.);
#6776 = DIRECTION('',(-4.38114188167E-33,1.,0.));
#6777 = PLANE('',#6778);
#6778 = AXIS2_PLACEMENT_3D('',#6779,#6780,#6781);
#6779 = CARTESIAN_POINT('',(-1.5,-0.814780671729,3.627769701184));
#6780 = DIRECTION('',(1.,4.38114188167E-33,-2.03899282835E-32));
#6781 = DIRECTION('',(2.03899282835E-32,0.,1.));
#6782 = ADVANCED_FACE('',(#6783),#6801,.F.);
#6783 = FACE_BOUND('',#6784,.F.);
#6784 = EDGE_LOOP('',(#6785,#6793,#6799,#6800));
#6785 = ORIENTED_EDGE('',*,*,#6786,.F.);
#6786 = EDGE_CURVE('',#6787,#5142,#6789,.T.);
#6787 = VERTEX_POINT('',#6788);
#6788 = CARTESIAN_POINT('',(-2.5,-1.2,5.2));
#6789 = LINE('',#6790,#6791);
#6790 = CARTESIAN_POINT('',(-2.5,-1.2,5.2));
#6791 = VECTOR('',#6792,1.);
#6792 = DIRECTION('',(0.,-1.,0.));
#6793 = ORIENTED_EDGE('',*,*,#6794,.T.);
#6794 = EDGE_CURVE('',#6787,#6765,#6795,.T.);
#6795 = LINE('',#6796,#6797);
#6796 = CARTESIAN_POINT('',(-2.5,-1.2,5.2));
#6797 = VECTOR('',#6798,1.);
#6798 = DIRECTION('',(1.,0.,0.));
#6799 = ORIENTED_EDGE('',*,*,#6772,.F.);
#6800 = ORIENTED_EDGE('',*,*,#5149,.F.);
#6801 = PLANE('',#6802);
#6802 = AXIS2_PLACEMENT_3D('',#6803,#6804,#6805);
#6803 = CARTESIAN_POINT('',(-2.5,-1.2,5.2));
#6804 = DIRECTION('',(0.,0.,-1.));
#6805 = DIRECTION('',(0.,-1.,0.));
#6806 = ADVANCED_FACE('',(#6807),#6874,.F.);
#6807 = FACE_BOUND('',#6808,.F.);
#6808 = EDGE_LOOP('',(#6809,#6810,#6818,#6826,#6834,#6842,#6850,#6858,
    #6866,#6872,#6873));
#6809 = ORIENTED_EDGE('',*,*,#5459,.F.);
#6810 = ORIENTED_EDGE('',*,*,#6811,.T.);
#6811 = EDGE_CURVE('',#5460,#6812,#6814,.T.);
#6812 = VERTEX_POINT('',#6813);
#6813 = CARTESIAN_POINT('',(-2.5,1.6,6.));
#6814 = LINE('',#6815,#6816);
#6815 = CARTESIAN_POINT('',(-2.5,1.6,0.));
#6816 = VECTOR('',#6817,1.);
#6817 = DIRECTION('',(0.,0.,1.));
#6818 = ORIENTED_EDGE('',*,*,#6819,.T.);
#6819 = EDGE_CURVE('',#6812,#6820,#6822,.T.);
#6820 = VERTEX_POINT('',#6821);
#6821 = CARTESIAN_POINT('',(-2.5,-0.2,6.));
#6822 = LINE('',#6823,#6824);
#6823 = CARTESIAN_POINT('',(-2.5,1.6,6.));
#6824 = VECTOR('',#6825,1.);
#6825 = DIRECTION('',(0.,-1.,0.));
#6826 = ORIENTED_EDGE('',*,*,#6827,.T.);
#6827 = EDGE_CURVE('',#6820,#6828,#6830,.T.);
#6828 = VERTEX_POINT('',#6829);
#6829 = CARTESIAN_POINT('',(-2.5,-0.2,1.5));
#6830 = LINE('',#6831,#6832);
#6831 = CARTESIAN_POINT('',(-2.5,-0.2,6.));
#6832 = VECTOR('',#6833,1.);
#6833 = DIRECTION('',(0.,0.,-1.));
#6834 = ORIENTED_EDGE('',*,*,#6835,.T.);
#6835 = EDGE_CURVE('',#6828,#6836,#6838,.T.);
#6836 = VERTEX_POINT('',#6837);
#6837 = CARTESIAN_POINT('',(-2.5,-0.6,1.5));
#6838 = LINE('',#6839,#6840);
#6839 = CARTESIAN_POINT('',(-2.5,-0.2,1.5));
#6840 = VECTOR('',#6841,1.);
#6841 = DIRECTION('',(0.,-1.,0.));
#6842 = ORIENTED_EDGE('',*,*,#6843,.T.);
#6843 = EDGE_CURVE('',#6836,#6844,#6846,.T.);
#6844 = VERTEX_POINT('',#6845);
#6845 = CARTESIAN_POINT('',(-2.5,-0.9,4.1));
#6846 = LINE('',#6847,#6848);
#6847 = CARTESIAN_POINT('',(-2.5,-0.6,1.5));
#6848 = VECTOR('',#6849,1.);
#6849 = DIRECTION('',(0.,-0.114624107985,0.993408935871));
#6850 = ORIENTED_EDGE('',*,*,#6851,.T.);
#6851 = EDGE_CURVE('',#6844,#6852,#6854,.T.);
#6852 = VERTEX_POINT('',#6853);
#6853 = CARTESIAN_POINT('',(-2.5,-0.6,4.3));
#6854 = LINE('',#6855,#6856);
#6855 = CARTESIAN_POINT('',(-2.5,-0.9,4.1));
#6856 = VECTOR('',#6857,1.);
#6857 = DIRECTION('',(0.,0.832050294338,0.554700196225));
#6858 = ORIENTED_EDGE('',*,*,#6859,.T.);
#6859 = EDGE_CURVE('',#6852,#6860,#6862,.T.);
#6860 = VERTEX_POINT('',#6861);
#6861 = CARTESIAN_POINT('',(-2.5,-0.6,4.5));
#6862 = LINE('',#6863,#6864);
#6863 = CARTESIAN_POINT('',(-2.5,-0.6,4.3));
#6864 = VECTOR('',#6865,1.);
#6865 = DIRECTION('',(0.,0.,1.));
#6866 = ORIENTED_EDGE('',*,*,#6867,.T.);
#6867 = EDGE_CURVE('',#6860,#6787,#6868,.T.);
#6868 = LINE('',#6869,#6870);
#6869 = CARTESIAN_POINT('',(-2.5,-0.6,4.5));
#6870 = VECTOR('',#6871,1.);
#6871 = DIRECTION('',(0.,-0.650791373456,0.759256602365));
#6872 = ORIENTED_EDGE('',*,*,#6786,.T.);
#6873 = ORIENTED_EDGE('',*,*,#5141,.F.);
#6874 = PLANE('',#6875);
#6875 = AXIS2_PLACEMENT_3D('',#6876,#6877,#6878);
#6876 = CARTESIAN_POINT('',(-2.5,1.6,0.));
#6877 = DIRECTION('',(1.,0.,0.));
#6878 = DIRECTION('',(0.,-1.,0.));
#6879 = ADVANCED_FACE('',(#6880),#6923,.F.);
#6880 = FACE_BOUND('',#6881,.F.);
#6881 = EDGE_LOOP('',(#6882,#6883,#6884,#6890,#6891,#6892,#6893,#6894,
    #6895,#6896,#6897,#6898,#6899,#6900,#6901,#6902,#6903,#6904,#6905,
    #6906,#6907,#6908,#6909,#6910,#6911,#6912,#6913,#6914,#6915,#6916,
    #6917,#6918,#6919,#6920,#6921,#6922));
#6882 = ORIENTED_EDGE('',*,*,#6515,.F.);
#6883 = ORIENTED_EDGE('',*,*,#6596,.T.);
#6884 = ORIENTED_EDGE('',*,*,#6885,.T.);
#6885 = EDGE_CURVE('',#6589,#6812,#6886,.T.);
#6886 = LINE('',#6887,#6888);
#6887 = CARTESIAN_POINT('',(20.,1.6,6.));
#6888 = VECTOR('',#6889,1.);
#6889 = DIRECTION('',(-1.,0.,0.));
#6890 = ORIENTED_EDGE('',*,*,#6811,.F.);
#6891 = ORIENTED_EDGE('',*,*,#5476,.F.);
#6892 = ORIENTED_EDGE('',*,*,#5499,.F.);
#6893 = ORIENTED_EDGE('',*,*,#5523,.T.);
#6894 = ORIENTED_EDGE('',*,*,#5574,.T.);
#6895 = ORIENTED_EDGE('',*,*,#5596,.F.);
#6896 = ORIENTED_EDGE('',*,*,#5629,.F.);
#6897 = ORIENTED_EDGE('',*,*,#5653,.T.);
#6898 = ORIENTED_EDGE('',*,*,#5704,.T.);
#6899 = ORIENTED_EDGE('',*,*,#5734,.F.);
#6900 = ORIENTED_EDGE('',*,*,#5759,.F.);
#6901 = ORIENTED_EDGE('',*,*,#5783,.T.);
#6902 = ORIENTED_EDGE('',*,*,#5834,.T.);
#6903 = ORIENTED_EDGE('',*,*,#5865,.F.);
#6904 = ORIENTED_EDGE('',*,*,#5889,.F.);
#6905 = ORIENTED_EDGE('',*,*,#5913,.T.);
#6906 = ORIENTED_EDGE('',*,*,#5964,.T.);
#6907 = ORIENTED_EDGE('',*,*,#5996,.F.);
#6908 = ORIENTED_EDGE('',*,*,#6019,.F.);
#6909 = ORIENTED_EDGE('',*,*,#6043,.T.);
#6910 = ORIENTED_EDGE('',*,*,#6094,.T.);
#6911 = ORIENTED_EDGE('',*,*,#6116,.F.);
#6912 = ORIENTED_EDGE('',*,*,#6149,.F.);
#6913 = ORIENTED_EDGE('',*,*,#6173,.T.);
#6914 = ORIENTED_EDGE('',*,*,#6224,.T.);
#6915 = ORIENTED_EDGE('',*,*,#6254,.F.);
#6916 = ORIENTED_EDGE('',*,*,#6279,.F.);
#6917 = ORIENTED_EDGE('',*,*,#6303,.T.);
#6918 = ORIENTED_EDGE('',*,*,#6354,.T.);
#6919 = ORIENTED_EDGE('',*,*,#6385,.F.);
#6920 = ORIENTED_EDGE('',*,*,#6409,.F.);
#6921 = ORIENTED_EDGE('',*,*,#6433,.T.);
#6922 = ORIENTED_EDGE('',*,*,#6484,.T.);
#6923 = PLANE('',#6924);
#6924 = AXIS2_PLACEMENT_3D('',#6925,#6926,#6927);
#6925 = CARTESIAN_POINT('',(20.,1.6,0.));
#6926 = DIRECTION('',(0.,-1.,0.));
#6927 = DIRECTION('',(-1.,0.,0.));
#6928 = ADVANCED_FACE('',(#6929),#6986,.F.);
#6929 = FACE_BOUND('',#6930,.F.);
#6930 = EDGE_LOOP('',(#6931,#6941,#6949,#6957,#6963,#6964,#6972,#6980));
#6931 = ORIENTED_EDGE('',*,*,#6932,.T.);
#6932 = EDGE_CURVE('',#6933,#6935,#6937,.T.);
#6933 = VERTEX_POINT('',#6934);
#6934 = CARTESIAN_POINT('',(-0.32,-0.351578947368,-3.));
#6935 = VERTEX_POINT('',#6936);
#6936 = CARTESIAN_POINT('',(-0.32,0.288421052632,-3.));
#6937 = LINE('',#6938,#6939);
#6938 = CARTESIAN_POINT('',(-0.32,-0.32,-3.));
#6939 = VECTOR('',#6940,1.);
#6940 = DIRECTION('',(0.,1.,0.));
#6941 = ORIENTED_EDGE('',*,*,#6942,.T.);
#6942 = EDGE_CURVE('',#6935,#6943,#6945,.T.);
#6943 = VERTEX_POINT('',#6944);
#6944 = CARTESIAN_POINT('',(-0.32,2.E-02,-1.3));
#6945 = LINE('',#6946,#6947);
#6946 = CARTESIAN_POINT('',(-0.32,0.32,-3.2));
#6947 = VECTOR('',#6948,1.);
#6948 = DIRECTION('',(0.,-0.155962573473,0.987762965329));
#6949 = ORIENTED_EDGE('',*,*,#6950,.T.);
#6950 = EDGE_CURVE('',#6943,#6951,#6953,.T.);
#6951 = VERTEX_POINT('',#6952);
#6952 = CARTESIAN_POINT('',(-0.32,0.32,-0.7));
#6953 = LINE('',#6954,#6955);
#6954 = CARTESIAN_POINT('',(-0.32,2.E-02,-1.3));
#6955 = VECTOR('',#6956,1.);
#6956 = DIRECTION('',(0.,0.4472135955,0.894427191));
#6957 = ORIENTED_EDGE('',*,*,#6958,.T.);
#6958 = EDGE_CURVE('',#6951,#5535,#6959,.T.);
#6959 = LINE('',#6960,#6961);
#6960 = CARTESIAN_POINT('',(-0.32,0.32,-0.7));
#6961 = VECTOR('',#6962,1.);
#6962 = DIRECTION('',(0.,0.,1.));
#6963 = ORIENTED_EDGE('',*,*,#5532,.F.);
#6964 = ORIENTED_EDGE('',*,*,#6965,.T.);
#6965 = EDGE_CURVE('',#5533,#6966,#6968,.T.);
#6966 = VERTEX_POINT('',#6967);
#6967 = CARTESIAN_POINT('',(-0.32,-0.32,-0.7));
#6968 = LINE('',#6969,#6970);
#6969 = CARTESIAN_POINT('',(-0.32,-0.32,5.1));
#6970 = VECTOR('',#6971,1.);
#6971 = DIRECTION('',(0.,0.,-1.));
#6972 = ORIENTED_EDGE('',*,*,#6973,.T.);
#6973 = EDGE_CURVE('',#6966,#6974,#6976,.T.);
#6974 = VERTEX_POINT('',#6975);
#6975 = CARTESIAN_POINT('',(-0.32,-0.62,-1.3));
#6976 = LINE('',#6977,#6978);
#6977 = CARTESIAN_POINT('',(-0.32,-0.32,-0.7));
#6978 = VECTOR('',#6979,1.);
#6979 = DIRECTION('',(0.,-0.4472135955,-0.894427191));
#6980 = ORIENTED_EDGE('',*,*,#6981,.T.);
#6981 = EDGE_CURVE('',#6974,#6933,#6982,.T.);
#6982 = LINE('',#6983,#6984);
#6983 = CARTESIAN_POINT('',(-0.32,-0.62,-1.3));
#6984 = VECTOR('',#6985,1.);
#6985 = DIRECTION('',(0.,0.155962573473,-0.987762965329));
#6986 = PLANE('',#6987);
#6987 = AXIS2_PLACEMENT_3D('',#6988,#6989,#6990);
#6988 = CARTESIAN_POINT('',(-0.32,-4.307486879287E-02,0.926376556288));
#6989 = DIRECTION('',(1.,0.,0.));
#6990 = DIRECTION('',(0.,0.,1.));
#6991 = ADVANCED_FACE('',(#6992),#7010,.F.);
#6992 = FACE_BOUND('',#6993,.F.);
#6993 = EDGE_LOOP('',(#6994,#6995,#6996,#7004));
#6994 = ORIENTED_EDGE('',*,*,#6965,.F.);
#6995 = ORIENTED_EDGE('',*,*,#5558,.F.);
#6996 = ORIENTED_EDGE('',*,*,#6997,.T.);
#6997 = EDGE_CURVE('',#5551,#6998,#7000,.T.);
#6998 = VERTEX_POINT('',#6999);
#6999 = CARTESIAN_POINT('',(0.32,-0.32,-0.7));
#7000 = LINE('',#7001,#7002);
#7001 = CARTESIAN_POINT('',(0.32,-0.32,5.1));
#7002 = VECTOR('',#7003,1.);
#7003 = DIRECTION('',(0.,0.,-1.));
#7004 = ORIENTED_EDGE('',*,*,#7005,.F.);
#7005 = EDGE_CURVE('',#6966,#6998,#7006,.T.);
#7006 = LINE('',#7007,#7008);
#7007 = CARTESIAN_POINT('',(-0.32,-0.32,-0.7));
#7008 = VECTOR('',#7009,1.);
#7009 = DIRECTION('',(1.,0.,0.));
#7010 = PLANE('',#7011);
#7011 = AXIS2_PLACEMENT_3D('',#7012,#7013,#7014);
#7012 = CARTESIAN_POINT('',(-0.32,-0.32,5.1));
#7013 = DIRECTION('',(0.,1.,0.));
#7014 = DIRECTION('',(0.,0.,-1.));
#7015 = ADVANCED_FACE('',(#7016),#7066,.T.);
#7016 = FACE_BOUND('',#7017,.T.);
#7017 = EDGE_LOOP('',(#7018,#7028,#7036,#7044,#7050,#7051,#7052,#7060));
#7018 = ORIENTED_EDGE('',*,*,#7019,.T.);
#7019 = EDGE_CURVE('',#7020,#7022,#7024,.T.);
#7020 = VERTEX_POINT('',#7021);
#7021 = CARTESIAN_POINT('',(0.32,-0.351578947368,-3.));
#7022 = VERTEX_POINT('',#7023);
#7023 = CARTESIAN_POINT('',(0.32,0.288421052632,-3.));
#7024 = LINE('',#7025,#7026);
#7025 = CARTESIAN_POINT('',(0.32,-0.32,-3.));
#7026 = VECTOR('',#7027,1.);
#7027 = DIRECTION('',(0.,1.,0.));
#7028 = ORIENTED_EDGE('',*,*,#7029,.T.);
#7029 = EDGE_CURVE('',#7022,#7030,#7032,.T.);
#7030 = VERTEX_POINT('',#7031);
#7031 = CARTESIAN_POINT('',(0.32,2.E-02,-1.3));
#7032 = LINE('',#7033,#7034);
#7033 = CARTESIAN_POINT('',(0.32,0.32,-3.2));
#7034 = VECTOR('',#7035,1.);
#7035 = DIRECTION('',(0.,-0.155962573473,0.987762965329));
#7036 = ORIENTED_EDGE('',*,*,#7037,.T.);
#7037 = EDGE_CURVE('',#7030,#7038,#7040,.T.);
#7038 = VERTEX_POINT('',#7039);
#7039 = CARTESIAN_POINT('',(0.32,0.32,-0.7));
#7040 = LINE('',#7041,#7042);
#7041 = CARTESIAN_POINT('',(0.32,2.E-02,-1.3));
#7042 = VECTOR('',#7043,1.);
#7043 = DIRECTION('',(0.,0.4472135955,0.894427191));
#7044 = ORIENTED_EDGE('',*,*,#7045,.T.);
#7045 = EDGE_CURVE('',#7038,#5543,#7046,.T.);
#7046 = LINE('',#7047,#7048);
#7047 = CARTESIAN_POINT('',(0.32,0.32,-0.7));
#7048 = VECTOR('',#7049,1.);
#7049 = DIRECTION('',(0.,0.,1.));
#7050 = ORIENTED_EDGE('',*,*,#5550,.F.);
#7051 = ORIENTED_EDGE('',*,*,#6997,.T.);
#7052 = ORIENTED_EDGE('',*,*,#7053,.T.);
#7053 = EDGE_CURVE('',#6998,#7054,#7056,.T.);
#7054 = VERTEX_POINT('',#7055);
#7055 = CARTESIAN_POINT('',(0.32,-0.62,-1.3));
#7056 = LINE('',#7057,#7058);
#7057 = CARTESIAN_POINT('',(0.32,-0.32,-0.7));
#7058 = VECTOR('',#7059,1.);
#7059 = DIRECTION('',(0.,-0.4472135955,-0.894427191));
#7060 = ORIENTED_EDGE('',*,*,#7061,.T.);
#7061 = EDGE_CURVE('',#7054,#7020,#7062,.T.);
#7062 = LINE('',#7063,#7064);
#7063 = CARTESIAN_POINT('',(0.32,-0.62,-1.3));
#7064 = VECTOR('',#7065,1.);
#7065 = DIRECTION('',(0.,0.155962573473,-0.987762965329));
#7066 = PLANE('',#7067);
#7067 = AXIS2_PLACEMENT_3D('',#7068,#7069,#7070);
#7068 = CARTESIAN_POINT('',(0.32,-4.307486879287E-02,0.926376556288));
#7069 = DIRECTION('',(1.,0.,0.));
#7070 = DIRECTION('',(0.,0.,1.));
#7071 = ADVANCED_FACE('',(#7072),#7083,.F.);
#7072 = FACE_BOUND('',#7073,.F.);
#7073 = EDGE_LOOP('',(#7074,#7075,#7081,#7082));
#7074 = ORIENTED_EDGE('',*,*,#6958,.F.);
#7075 = ORIENTED_EDGE('',*,*,#7076,.T.);
#7076 = EDGE_CURVE('',#6951,#7038,#7077,.T.);
#7077 = LINE('',#7078,#7079);
#7078 = CARTESIAN_POINT('',(-0.32,0.32,-0.7));
#7079 = VECTOR('',#7080,1.);
#7080 = DIRECTION('',(1.,0.,0.));
#7081 = ORIENTED_EDGE('',*,*,#7045,.T.);
#7082 = ORIENTED_EDGE('',*,*,#5542,.F.);
#7083 = PLANE('',#7084);
#7084 = AXIS2_PLACEMENT_3D('',#7085,#7086,#7087);
#7085 = CARTESIAN_POINT('',(-0.32,0.32,-0.7));
#7086 = DIRECTION('',(0.,-1.,0.));
#7087 = DIRECTION('',(0.,0.,1.));
#7088 = ADVANCED_FACE('',(#7089),#7114,.T.);
#7089 = FACE_BOUND('',#7090,.T.);
#7090 = EDGE_LOOP('',(#7091,#7101,#7107,#7108));
#7091 = ORIENTED_EDGE('',*,*,#7092,.T.);
#7092 = EDGE_CURVE('',#7093,#7095,#7097,.T.);
#7093 = VERTEX_POINT('',#7094);
#7094 = CARTESIAN_POINT('',(2.82,-0.32,-3.));
#7095 = VERTEX_POINT('',#7096);
#7096 = CARTESIAN_POINT('',(2.82,0.32,-3.));
#7097 = LINE('',#7098,#7099);
#7098 = CARTESIAN_POINT('',(2.82,-0.32,-3.));
#7099 = VECTOR('',#7100,1.);
#7100 = DIRECTION('',(0.,1.,0.));
#7101 = ORIENTED_EDGE('',*,*,#7102,.T.);
#7102 = EDGE_CURVE('',#7095,#5665,#7103,.T.);
#7103 = LINE('',#7104,#7105);
#7104 = CARTESIAN_POINT('',(2.82,0.32,-3.2));
#7105 = VECTOR('',#7106,1.);
#7106 = DIRECTION('',(0.,0.,1.));
#7107 = ORIENTED_EDGE('',*,*,#5662,.F.);
#7108 = ORIENTED_EDGE('',*,*,#7109,.T.);
#7109 = EDGE_CURVE('',#5663,#7093,#7110,.T.);
#7110 = LINE('',#7111,#7112);
#7111 = CARTESIAN_POINT('',(2.82,-0.32,5.1));
#7112 = VECTOR('',#7113,1.);
#7113 = DIRECTION('',(0.,0.,-1.));
#7114 = PLANE('',#7115);
#7115 = AXIS2_PLACEMENT_3D('',#7116,#7117,#7118);
#7116 = CARTESIAN_POINT('',(2.82,0.,0.95));
#7117 = DIRECTION('',(1.,0.,0.));
#7118 = DIRECTION('',(0.,0.,1.));
#7119 = ADVANCED_FACE('',(#7120),#7138,.F.);
#7120 = FACE_BOUND('',#7121,.F.);
#7121 = EDGE_LOOP('',(#7122,#7130,#7136,#7137));
#7122 = ORIENTED_EDGE('',*,*,#7123,.F.);
#7123 = EDGE_CURVE('',#7124,#5681,#7126,.T.);
#7124 = VERTEX_POINT('',#7125);
#7125 = CARTESIAN_POINT('',(2.18,0.32,-3.));
#7126 = LINE('',#7127,#7128);
#7127 = CARTESIAN_POINT('',(2.18,0.32,-3.2));
#7128 = VECTOR('',#7129,1.);
#7129 = DIRECTION('',(0.,0.,1.));
#7130 = ORIENTED_EDGE('',*,*,#7131,.T.);
#7131 = EDGE_CURVE('',#7124,#7095,#7132,.T.);
#7132 = LINE('',#7133,#7134);
#7133 = CARTESIAN_POINT('',(2.18,0.32,-3.));
#7134 = VECTOR('',#7135,1.);
#7135 = DIRECTION('',(1.,0.,0.));
#7136 = ORIENTED_EDGE('',*,*,#7102,.T.);
#7137 = ORIENTED_EDGE('',*,*,#5688,.F.);
#7138 = PLANE('',#7139);
#7139 = AXIS2_PLACEMENT_3D('',#7140,#7141,#7142);
#7140 = CARTESIAN_POINT('',(2.18,0.32,-3.2));
#7141 = DIRECTION('',(0.,-1.,0.));
#7142 = DIRECTION('',(0.,0.,1.));
#7143 = ADVANCED_FACE('',(#7144),#7162,.F.);
#7144 = FACE_BOUND('',#7145,.F.);
#7145 = EDGE_LOOP('',(#7146,#7154,#7155,#7156));
#7146 = ORIENTED_EDGE('',*,*,#7147,.T.);
#7147 = EDGE_CURVE('',#7148,#7124,#7150,.T.);
#7148 = VERTEX_POINT('',#7149);
#7149 = CARTESIAN_POINT('',(2.18,-0.32,-3.));
#7150 = LINE('',#7151,#7152);
#7151 = CARTESIAN_POINT('',(2.18,-0.32,-3.));
#7152 = VECTOR('',#7153,1.);
#7153 = DIRECTION('',(0.,1.,0.));
#7154 = ORIENTED_EDGE('',*,*,#7123,.T.);
#7155 = ORIENTED_EDGE('',*,*,#5680,.F.);
#7156 = ORIENTED_EDGE('',*,*,#7157,.T.);
#7157 = EDGE_CURVE('',#5673,#7148,#7158,.T.);
#7158 = LINE('',#7159,#7160);
#7159 = CARTESIAN_POINT('',(2.18,-0.32,5.1));
#7160 = VECTOR('',#7161,1.);
#7161 = DIRECTION('',(0.,0.,-1.));
#7162 = PLANE('',#7163);
#7163 = AXIS2_PLACEMENT_3D('',#7164,#7165,#7166);
#7164 = CARTESIAN_POINT('',(2.18,0.,0.95));
#7165 = DIRECTION('',(1.,0.,0.));
#7166 = DIRECTION('',(0.,0.,1.));
#7167 = ADVANCED_FACE('',(#7168),#7179,.F.);
#7168 = FACE_BOUND('',#7169,.F.);
#7169 = EDGE_LOOP('',(#7170,#7171,#7172,#7173));
#7170 = ORIENTED_EDGE('',*,*,#7157,.F.);
#7171 = ORIENTED_EDGE('',*,*,#5672,.F.);
#7172 = ORIENTED_EDGE('',*,*,#7109,.T.);
#7173 = ORIENTED_EDGE('',*,*,#7174,.F.);
#7174 = EDGE_CURVE('',#7148,#7093,#7175,.T.);
#7175 = LINE('',#7176,#7177);
#7176 = CARTESIAN_POINT('',(2.18,-0.32,-3.));
#7177 = VECTOR('',#7178,1.);
#7178 = DIRECTION('',(1.,0.,0.));
#7179 = PLANE('',#7180);
#7180 = AXIS2_PLACEMENT_3D('',#7181,#7182,#7183);
#7181 = CARTESIAN_POINT('',(2.18,-0.32,5.1));
#7182 = DIRECTION('',(0.,1.,0.));
#7183 = DIRECTION('',(0.,0.,-1.));
#7184 = ADVANCED_FACE('',(#7185),#7210,.F.);
#7185 = FACE_BOUND('',#7186,.F.);
#7186 = EDGE_LOOP('',(#7187,#7195,#7196,#7204));
#7187 = ORIENTED_EDGE('',*,*,#7188,.F.);
#7188 = EDGE_CURVE('',#5795,#7189,#7191,.T.);
#7189 = VERTEX_POINT('',#7190);
#7190 = CARTESIAN_POINT('',(4.68,-0.32,-3.));
#7191 = LINE('',#7192,#7193);
#7192 = CARTESIAN_POINT('',(4.68,-0.32,5.1));
#7193 = VECTOR('',#7194,1.);
#7194 = DIRECTION('',(0.,0.,-1.));
#7195 = ORIENTED_EDGE('',*,*,#5792,.F.);
#7196 = ORIENTED_EDGE('',*,*,#7197,.T.);
#7197 = EDGE_CURVE('',#5793,#7198,#7200,.T.);
#7198 = VERTEX_POINT('',#7199);
#7199 = CARTESIAN_POINT('',(5.32,-0.32,-3.));
#7200 = LINE('',#7201,#7202);
#7201 = CARTESIAN_POINT('',(5.32,-0.32,5.1));
#7202 = VECTOR('',#7203,1.);
#7203 = DIRECTION('',(0.,0.,-1.));
#7204 = ORIENTED_EDGE('',*,*,#7205,.F.);
#7205 = EDGE_CURVE('',#7189,#7198,#7206,.T.);
#7206 = LINE('',#7207,#7208);
#7207 = CARTESIAN_POINT('',(4.68,-0.32,-3.));
#7208 = VECTOR('',#7209,1.);
#7209 = DIRECTION('',(1.,0.,0.));
#7210 = PLANE('',#7211);
#7211 = AXIS2_PLACEMENT_3D('',#7212,#7213,#7214);
#7212 = CARTESIAN_POINT('',(4.68,-0.32,5.1));
#7213 = DIRECTION('',(0.,1.,0.));
#7214 = DIRECTION('',(0.,0.,-1.));
#7215 = ADVANCED_FACE('',(#7216),#7234,.T.);
#7216 = FACE_BOUND('',#7217,.T.);
#7217 = EDGE_LOOP('',(#7218,#7226,#7232,#7233));
#7218 = ORIENTED_EDGE('',*,*,#7219,.T.);
#7219 = EDGE_CURVE('',#7198,#7220,#7222,.T.);
#7220 = VERTEX_POINT('',#7221);
#7221 = CARTESIAN_POINT('',(5.32,0.32,-3.));
#7222 = LINE('',#7223,#7224);
#7223 = CARTESIAN_POINT('',(5.32,-0.32,-3.));
#7224 = VECTOR('',#7225,1.);
#7225 = DIRECTION('',(0.,1.,0.));
#7226 = ORIENTED_EDGE('',*,*,#7227,.T.);
#7227 = EDGE_CURVE('',#7220,#5811,#7228,.T.);
#7228 = LINE('',#7229,#7230);
#7229 = CARTESIAN_POINT('',(5.32,0.32,-3.2));
#7230 = VECTOR('',#7231,1.);
#7231 = DIRECTION('',(0.,0.,1.));
#7232 = ORIENTED_EDGE('',*,*,#5818,.F.);
#7233 = ORIENTED_EDGE('',*,*,#7197,.T.);
#7234 = PLANE('',#7235);
#7235 = AXIS2_PLACEMENT_3D('',#7236,#7237,#7238);
#7236 = CARTESIAN_POINT('',(5.32,0.,0.95));
#7237 = DIRECTION('',(1.,0.,0.));
#7238 = DIRECTION('',(0.,0.,1.));
#7239 = ADVANCED_FACE('',(#7240),#7258,.F.);
#7240 = FACE_BOUND('',#7241,.F.);
#7241 = EDGE_LOOP('',(#7242,#7250,#7256,#7257));
#7242 = ORIENTED_EDGE('',*,*,#7243,.F.);
#7243 = EDGE_CURVE('',#7244,#5803,#7246,.T.);
#7244 = VERTEX_POINT('',#7245);
#7245 = CARTESIAN_POINT('',(4.68,0.32,-3.));
#7246 = LINE('',#7247,#7248);
#7247 = CARTESIAN_POINT('',(4.68,0.32,-3.2));
#7248 = VECTOR('',#7249,1.);
#7249 = DIRECTION('',(0.,0.,1.));
#7250 = ORIENTED_EDGE('',*,*,#7251,.T.);
#7251 = EDGE_CURVE('',#7244,#7220,#7252,.T.);
#7252 = LINE('',#7253,#7254);
#7253 = CARTESIAN_POINT('',(4.68,0.32,-3.));
#7254 = VECTOR('',#7255,1.);
#7255 = DIRECTION('',(1.,0.,0.));
#7256 = ORIENTED_EDGE('',*,*,#7227,.T.);
#7257 = ORIENTED_EDGE('',*,*,#5810,.F.);
#7258 = PLANE('',#7259);
#7259 = AXIS2_PLACEMENT_3D('',#7260,#7261,#7262);
#7260 = CARTESIAN_POINT('',(4.68,0.32,-3.2));
#7261 = DIRECTION('',(0.,-1.,0.));
#7262 = DIRECTION('',(0.,0.,1.));
#7263 = ADVANCED_FACE('',(#7264),#7275,.F.);
#7264 = FACE_BOUND('',#7265,.F.);
#7265 = EDGE_LOOP('',(#7266,#7272,#7273,#7274));
#7266 = ORIENTED_EDGE('',*,*,#7267,.T.);
#7267 = EDGE_CURVE('',#7189,#7244,#7268,.T.);
#7268 = LINE('',#7269,#7270);
#7269 = CARTESIAN_POINT('',(4.68,-0.32,-3.));
#7270 = VECTOR('',#7271,1.);
#7271 = DIRECTION('',(0.,1.,0.));
#7272 = ORIENTED_EDGE('',*,*,#7243,.T.);
#7273 = ORIENTED_EDGE('',*,*,#5802,.F.);
#7274 = ORIENTED_EDGE('',*,*,#7188,.T.);
#7275 = PLANE('',#7276);
#7276 = AXIS2_PLACEMENT_3D('',#7277,#7278,#7279);
#7277 = CARTESIAN_POINT('',(4.68,0.,0.95));
#7278 = DIRECTION('',(1.,0.,0.));
#7279 = DIRECTION('',(0.,0.,1.));
#7280 = ADVANCED_FACE('',(#7281),#7306,.T.);
#7281 = FACE_BOUND('',#7282,.T.);
#7282 = EDGE_LOOP('',(#7283,#7293,#7299,#7300));
#7283 = ORIENTED_EDGE('',*,*,#7284,.T.);
#7284 = EDGE_CURVE('',#7285,#7287,#7289,.T.);
#7285 = VERTEX_POINT('',#7286);
#7286 = CARTESIAN_POINT('',(7.82,-0.32,-3.));
#7287 = VERTEX_POINT('',#7288);
#7288 = CARTESIAN_POINT('',(7.82,0.32,-3.));
#7289 = LINE('',#7290,#7291);
#7290 = CARTESIAN_POINT('',(7.82,-0.32,-3.));
#7291 = VECTOR('',#7292,1.);
#7292 = DIRECTION('',(0.,1.,0.));
#7293 = ORIENTED_EDGE('',*,*,#7294,.T.);
#7294 = EDGE_CURVE('',#7287,#5925,#7295,.T.);
#7295 = LINE('',#7296,#7297);
#7296 = CARTESIAN_POINT('',(7.82,0.32,-3.2));
#7297 = VECTOR('',#7298,1.);
#7298 = DIRECTION('',(0.,0.,1.));
#7299 = ORIENTED_EDGE('',*,*,#5922,.F.);
#7300 = ORIENTED_EDGE('',*,*,#7301,.T.);
#7301 = EDGE_CURVE('',#5923,#7285,#7302,.T.);
#7302 = LINE('',#7303,#7304);
#7303 = CARTESIAN_POINT('',(7.82,-0.32,5.1));
#7304 = VECTOR('',#7305,1.);
#7305 = DIRECTION('',(0.,0.,-1.));
#7306 = PLANE('',#7307);
#7307 = AXIS2_PLACEMENT_3D('',#7308,#7309,#7310);
#7308 = CARTESIAN_POINT('',(7.82,0.,0.95));
#7309 = DIRECTION('',(1.,0.,0.));
#7310 = DIRECTION('',(0.,0.,1.));
#7311 = ADVANCED_FACE('',(#7312),#7330,.F.);
#7312 = FACE_BOUND('',#7313,.F.);
#7313 = EDGE_LOOP('',(#7314,#7322,#7328,#7329));
#7314 = ORIENTED_EDGE('',*,*,#7315,.F.);
#7315 = EDGE_CURVE('',#7316,#5941,#7318,.T.);
#7316 = VERTEX_POINT('',#7317);
#7317 = CARTESIAN_POINT('',(7.18,0.32,-3.));
#7318 = LINE('',#7319,#7320);
#7319 = CARTESIAN_POINT('',(7.18,0.32,-3.2));
#7320 = VECTOR('',#7321,1.);
#7321 = DIRECTION('',(0.,0.,1.));
#7322 = ORIENTED_EDGE('',*,*,#7323,.T.);
#7323 = EDGE_CURVE('',#7316,#7287,#7324,.T.);
#7324 = LINE('',#7325,#7326);
#7325 = CARTESIAN_POINT('',(7.18,0.32,-3.));
#7326 = VECTOR('',#7327,1.);
#7327 = DIRECTION('',(1.,0.,0.));
#7328 = ORIENTED_EDGE('',*,*,#7294,.T.);
#7329 = ORIENTED_EDGE('',*,*,#5948,.F.);
#7330 = PLANE('',#7331);
#7331 = AXIS2_PLACEMENT_3D('',#7332,#7333,#7334);
#7332 = CARTESIAN_POINT('',(7.18,0.32,-3.2));
#7333 = DIRECTION('',(0.,-1.,0.));
#7334 = DIRECTION('',(0.,0.,1.));
#7335 = ADVANCED_FACE('',(#7336),#7354,.F.);
#7336 = FACE_BOUND('',#7337,.F.);
#7337 = EDGE_LOOP('',(#7338,#7346,#7347,#7348));
#7338 = ORIENTED_EDGE('',*,*,#7339,.T.);
#7339 = EDGE_CURVE('',#7340,#7316,#7342,.T.);
#7340 = VERTEX_POINT('',#7341);
#7341 = CARTESIAN_POINT('',(7.18,-0.32,-3.));
#7342 = LINE('',#7343,#7344);
#7343 = CARTESIAN_POINT('',(7.18,-0.32,-3.));
#7344 = VECTOR('',#7345,1.);
#7345 = DIRECTION('',(0.,1.,0.));
#7346 = ORIENTED_EDGE('',*,*,#7315,.T.);
#7347 = ORIENTED_EDGE('',*,*,#5940,.F.);
#7348 = ORIENTED_EDGE('',*,*,#7349,.T.);
#7349 = EDGE_CURVE('',#5933,#7340,#7350,.T.);
#7350 = LINE('',#7351,#7352);
#7351 = CARTESIAN_POINT('',(7.18,-0.32,5.1));
#7352 = VECTOR('',#7353,1.);
#7353 = DIRECTION('',(0.,0.,-1.));
#7354 = PLANE('',#7355);
#7355 = AXIS2_PLACEMENT_3D('',#7356,#7357,#7358);
#7356 = CARTESIAN_POINT('',(7.18,0.,0.95));
#7357 = DIRECTION('',(1.,0.,0.));
#7358 = DIRECTION('',(0.,0.,1.));
#7359 = ADVANCED_FACE('',(#7360),#7371,.F.);
#7360 = FACE_BOUND('',#7361,.F.);
#7361 = EDGE_LOOP('',(#7362,#7363,#7364,#7365));
#7362 = ORIENTED_EDGE('',*,*,#7349,.F.);
#7363 = ORIENTED_EDGE('',*,*,#5932,.F.);
#7364 = ORIENTED_EDGE('',*,*,#7301,.T.);
#7365 = ORIENTED_EDGE('',*,*,#7366,.F.);
#7366 = EDGE_CURVE('',#7340,#7285,#7367,.T.);
#7367 = LINE('',#7368,#7369);
#7368 = CARTESIAN_POINT('',(7.18,-0.32,-3.));
#7369 = VECTOR('',#7370,1.);
#7370 = DIRECTION('',(1.,0.,0.));
#7371 = PLANE('',#7372);
#7372 = AXIS2_PLACEMENT_3D('',#7373,#7374,#7375);
#7373 = CARTESIAN_POINT('',(7.18,-0.32,5.1));
#7374 = DIRECTION('',(0.,1.,0.));
#7375 = DIRECTION('',(0.,0.,-1.));
#7376 = ADVANCED_FACE('',(#7377),#7402,.T.);
#7377 = FACE_BOUND('',#7378,.T.);
#7378 = EDGE_LOOP('',(#7379,#7389,#7395,#7396));
#7379 = ORIENTED_EDGE('',*,*,#7380,.T.);
#7380 = EDGE_CURVE('',#7381,#7383,#7385,.T.);
#7381 = VERTEX_POINT('',#7382);
#7382 = CARTESIAN_POINT('',(10.32,-0.32,-3.));
#7383 = VERTEX_POINT('',#7384);
#7384 = CARTESIAN_POINT('',(10.32,0.32,-3.));
#7385 = LINE('',#7386,#7387);
#7386 = CARTESIAN_POINT('',(10.32,-0.32,-3.));
#7387 = VECTOR('',#7388,1.);
#7388 = DIRECTION('',(0.,1.,0.));
#7389 = ORIENTED_EDGE('',*,*,#7390,.T.);
#7390 = EDGE_CURVE('',#7383,#6055,#7391,.T.);
#7391 = LINE('',#7392,#7393);
#7392 = CARTESIAN_POINT('',(10.32,0.32,-3.2));
#7393 = VECTOR('',#7394,1.);
#7394 = DIRECTION('',(0.,0.,1.));
#7395 = ORIENTED_EDGE('',*,*,#6052,.F.);
#7396 = ORIENTED_EDGE('',*,*,#7397,.T.);
#7397 = EDGE_CURVE('',#6053,#7381,#7398,.T.);
#7398 = LINE('',#7399,#7400);
#7399 = CARTESIAN_POINT('',(10.32,-0.32,5.1));
#7400 = VECTOR('',#7401,1.);
#7401 = DIRECTION('',(0.,0.,-1.));
#7402 = PLANE('',#7403);
#7403 = AXIS2_PLACEMENT_3D('',#7404,#7405,#7406);
#7404 = CARTESIAN_POINT('',(10.32,0.,0.95));
#7405 = DIRECTION('',(1.,0.,0.));
#7406 = DIRECTION('',(0.,0.,1.));
#7407 = ADVANCED_FACE('',(#7408),#7426,.F.);
#7408 = FACE_BOUND('',#7409,.F.);
#7409 = EDGE_LOOP('',(#7410,#7418,#7424,#7425));
#7410 = ORIENTED_EDGE('',*,*,#7411,.F.);
#7411 = EDGE_CURVE('',#7412,#6071,#7414,.T.);
#7412 = VERTEX_POINT('',#7413);
#7413 = CARTESIAN_POINT('',(9.68,0.32,-3.));
#7414 = LINE('',#7415,#7416);
#7415 = CARTESIAN_POINT('',(9.68,0.32,-3.2));
#7416 = VECTOR('',#7417,1.);
#7417 = DIRECTION('',(0.,0.,1.));
#7418 = ORIENTED_EDGE('',*,*,#7419,.T.);
#7419 = EDGE_CURVE('',#7412,#7383,#7420,.T.);
#7420 = LINE('',#7421,#7422);
#7421 = CARTESIAN_POINT('',(9.68,0.32,-3.));
#7422 = VECTOR('',#7423,1.);
#7423 = DIRECTION('',(1.,0.,0.));
#7424 = ORIENTED_EDGE('',*,*,#7390,.T.);
#7425 = ORIENTED_EDGE('',*,*,#6078,.F.);
#7426 = PLANE('',#7427);
#7427 = AXIS2_PLACEMENT_3D('',#7428,#7429,#7430);
#7428 = CARTESIAN_POINT('',(9.68,0.32,-3.2));
#7429 = DIRECTION('',(0.,-1.,0.));
#7430 = DIRECTION('',(0.,0.,1.));
#7431 = ADVANCED_FACE('',(#7432),#7450,.F.);
#7432 = FACE_BOUND('',#7433,.F.);
#7433 = EDGE_LOOP('',(#7434,#7442,#7443,#7444));
#7434 = ORIENTED_EDGE('',*,*,#7435,.T.);
#7435 = EDGE_CURVE('',#7436,#7412,#7438,.T.);
#7436 = VERTEX_POINT('',#7437);
#7437 = CARTESIAN_POINT('',(9.68,-0.32,-3.));
#7438 = LINE('',#7439,#7440);
#7439 = CARTESIAN_POINT('',(9.68,-0.32,-3.));
#7440 = VECTOR('',#7441,1.);
#7441 = DIRECTION('',(0.,1.,0.));
#7442 = ORIENTED_EDGE('',*,*,#7411,.T.);
#7443 = ORIENTED_EDGE('',*,*,#6070,.F.);
#7444 = ORIENTED_EDGE('',*,*,#7445,.T.);
#7445 = EDGE_CURVE('',#6063,#7436,#7446,.T.);
#7446 = LINE('',#7447,#7448);
#7447 = CARTESIAN_POINT('',(9.68,-0.32,5.1));
#7448 = VECTOR('',#7449,1.);
#7449 = DIRECTION('',(0.,0.,-1.));
#7450 = PLANE('',#7451);
#7451 = AXIS2_PLACEMENT_3D('',#7452,#7453,#7454);
#7452 = CARTESIAN_POINT('',(9.68,0.,0.95));
#7453 = DIRECTION('',(1.,0.,0.));
#7454 = DIRECTION('',(0.,0.,1.));
#7455 = ADVANCED_FACE('',(#7456),#7467,.F.);
#7456 = FACE_BOUND('',#7457,.F.);
#7457 = EDGE_LOOP('',(#7458,#7459,#7460,#7461));
#7458 = ORIENTED_EDGE('',*,*,#7445,.F.);
#7459 = ORIENTED_EDGE('',*,*,#6062,.F.);
#7460 = ORIENTED_EDGE('',*,*,#7397,.T.);
#7461 = ORIENTED_EDGE('',*,*,#7462,.F.);
#7462 = EDGE_CURVE('',#7436,#7381,#7463,.T.);
#7463 = LINE('',#7464,#7465);
#7464 = CARTESIAN_POINT('',(9.68,-0.32,-3.));
#7465 = VECTOR('',#7466,1.);
#7466 = DIRECTION('',(1.,0.,0.));
#7467 = PLANE('',#7468);
#7468 = AXIS2_PLACEMENT_3D('',#7469,#7470,#7471);
#7469 = CARTESIAN_POINT('',(9.68,-0.32,5.1));
#7470 = DIRECTION('',(0.,1.,0.));
#7471 = DIRECTION('',(0.,0.,-1.));
#7472 = ADVANCED_FACE('',(#7473),#7498,.F.);
#7473 = FACE_BOUND('',#7474,.F.);
#7474 = EDGE_LOOP('',(#7475,#7485,#7491,#7492));
#7475 = ORIENTED_EDGE('',*,*,#7476,.T.);
#7476 = EDGE_CURVE('',#7477,#7479,#7481,.T.);
#7477 = VERTEX_POINT('',#7478);
#7478 = CARTESIAN_POINT('',(12.18,-0.32,-3.));
#7479 = VERTEX_POINT('',#7480);
#7480 = CARTESIAN_POINT('',(12.18,0.32,-3.));
#7481 = LINE('',#7482,#7483);
#7482 = CARTESIAN_POINT('',(12.18,-0.32,-3.));
#7483 = VECTOR('',#7484,1.);
#7484 = DIRECTION('',(0.,1.,0.));
#7485 = ORIENTED_EDGE('',*,*,#7486,.T.);
#7486 = EDGE_CURVE('',#7479,#6185,#7487,.T.);
#7487 = LINE('',#7488,#7489);
#7488 = CARTESIAN_POINT('',(12.18,0.32,-3.2));
#7489 = VECTOR('',#7490,1.);
#7490 = DIRECTION('',(0.,0.,1.));
#7491 = ORIENTED_EDGE('',*,*,#6182,.F.);
#7492 = ORIENTED_EDGE('',*,*,#7493,.T.);
#7493 = EDGE_CURVE('',#6183,#7477,#7494,.T.);
#7494 = LINE('',#7495,#7496);
#7495 = CARTESIAN_POINT('',(12.18,-0.32,5.1));
#7496 = VECTOR('',#7497,1.);
#7497 = DIRECTION('',(0.,0.,-1.));
#7498 = PLANE('',#7499);
#7499 = AXIS2_PLACEMENT_3D('',#7500,#7501,#7502);
#7500 = CARTESIAN_POINT('',(12.18,0.,0.95));
#7501 = DIRECTION('',(1.,0.,0.));
#7502 = DIRECTION('',(0.,0.,1.));
#7503 = ADVANCED_FACE('',(#7504),#7522,.F.);
#7504 = FACE_BOUND('',#7505,.F.);
#7505 = EDGE_LOOP('',(#7506,#7507,#7508,#7516));
#7506 = ORIENTED_EDGE('',*,*,#7493,.F.);
#7507 = ORIENTED_EDGE('',*,*,#6208,.F.);
#7508 = ORIENTED_EDGE('',*,*,#7509,.T.);
#7509 = EDGE_CURVE('',#6201,#7510,#7512,.T.);
#7510 = VERTEX_POINT('',#7511);
#7511 = CARTESIAN_POINT('',(12.82,-0.32,-3.));
#7512 = LINE('',#7513,#7514);
#7513 = CARTESIAN_POINT('',(12.82,-0.32,5.1));
#7514 = VECTOR('',#7515,1.);
#7515 = DIRECTION('',(0.,0.,-1.));
#7516 = ORIENTED_EDGE('',*,*,#7517,.F.);
#7517 = EDGE_CURVE('',#7477,#7510,#7518,.T.);
#7518 = LINE('',#7519,#7520);
#7519 = CARTESIAN_POINT('',(12.18,-0.32,-3.));
#7520 = VECTOR('',#7521,1.);
#7521 = DIRECTION('',(1.,0.,0.));
#7522 = PLANE('',#7523);
#7523 = AXIS2_PLACEMENT_3D('',#7524,#7525,#7526);
#7524 = CARTESIAN_POINT('',(12.18,-0.32,5.1));
#7525 = DIRECTION('',(0.,1.,0.));
#7526 = DIRECTION('',(0.,0.,-1.));
#7527 = ADVANCED_FACE('',(#7528),#7546,.T.);
#7528 = FACE_BOUND('',#7529,.T.);
#7529 = EDGE_LOOP('',(#7530,#7538,#7544,#7545));
#7530 = ORIENTED_EDGE('',*,*,#7531,.T.);
#7531 = EDGE_CURVE('',#7510,#7532,#7534,.T.);
#7532 = VERTEX_POINT('',#7533);
#7533 = CARTESIAN_POINT('',(12.82,0.32,-3.));
#7534 = LINE('',#7535,#7536);
#7535 = CARTESIAN_POINT('',(12.82,-0.32,-3.));
#7536 = VECTOR('',#7537,1.);
#7537 = DIRECTION('',(0.,1.,0.));
#7538 = ORIENTED_EDGE('',*,*,#7539,.T.);
#7539 = EDGE_CURVE('',#7532,#6193,#7540,.T.);
#7540 = LINE('',#7541,#7542);
#7541 = CARTESIAN_POINT('',(12.82,0.32,-3.2));
#7542 = VECTOR('',#7543,1.);
#7543 = DIRECTION('',(0.,0.,1.));
#7544 = ORIENTED_EDGE('',*,*,#6200,.F.);
#7545 = ORIENTED_EDGE('',*,*,#7509,.T.);
#7546 = PLANE('',#7547);
#7547 = AXIS2_PLACEMENT_3D('',#7548,#7549,#7550);
#7548 = CARTESIAN_POINT('',(12.82,0.,0.95));
#7549 = DIRECTION('',(1.,0.,0.));
#7550 = DIRECTION('',(0.,0.,1.));
#7551 = ADVANCED_FACE('',(#7552),#7563,.F.);
#7552 = FACE_BOUND('',#7553,.F.);
#7553 = EDGE_LOOP('',(#7554,#7555,#7561,#7562));
#7554 = ORIENTED_EDGE('',*,*,#7486,.F.);
#7555 = ORIENTED_EDGE('',*,*,#7556,.T.);
#7556 = EDGE_CURVE('',#7479,#7532,#7557,.T.);
#7557 = LINE('',#7558,#7559);
#7558 = CARTESIAN_POINT('',(12.18,0.32,-3.));
#7559 = VECTOR('',#7560,1.);
#7560 = DIRECTION('',(1.,0.,0.));
#7561 = ORIENTED_EDGE('',*,*,#7539,.T.);
#7562 = ORIENTED_EDGE('',*,*,#6192,.F.);
#7563 = PLANE('',#7564);
#7564 = AXIS2_PLACEMENT_3D('',#7565,#7566,#7567);
#7565 = CARTESIAN_POINT('',(12.18,0.32,-3.2));
#7566 = DIRECTION('',(0.,-1.,0.));
#7567 = DIRECTION('',(0.,0.,1.));
#7568 = ADVANCED_FACE('',(#7569),#7594,.T.);
#7569 = FACE_BOUND('',#7570,.T.);
#7570 = EDGE_LOOP('',(#7571,#7581,#7587,#7588));
#7571 = ORIENTED_EDGE('',*,*,#7572,.T.);
#7572 = EDGE_CURVE('',#7573,#7575,#7577,.T.);
#7573 = VERTEX_POINT('',#7574);
#7574 = CARTESIAN_POINT('',(15.32,-0.32,-3.));
#7575 = VERTEX_POINT('',#7576);
#7576 = CARTESIAN_POINT('',(15.32,0.32,-3.));
#7577 = LINE('',#7578,#7579);
#7578 = CARTESIAN_POINT('',(15.32,-0.32,-3.));
#7579 = VECTOR('',#7580,1.);
#7580 = DIRECTION('',(0.,1.,0.));
#7581 = ORIENTED_EDGE('',*,*,#7582,.T.);
#7582 = EDGE_CURVE('',#7575,#6315,#7583,.T.);
#7583 = LINE('',#7584,#7585);
#7584 = CARTESIAN_POINT('',(15.32,0.32,-3.2));
#7585 = VECTOR('',#7586,1.);
#7586 = DIRECTION('',(0.,0.,1.));
#7587 = ORIENTED_EDGE('',*,*,#6312,.F.);
#7588 = ORIENTED_EDGE('',*,*,#7589,.T.);
#7589 = EDGE_CURVE('',#6313,#7573,#7590,.T.);
#7590 = LINE('',#7591,#7592);
#7591 = CARTESIAN_POINT('',(15.32,-0.32,5.1));
#7592 = VECTOR('',#7593,1.);
#7593 = DIRECTION('',(0.,0.,-1.));
#7594 = PLANE('',#7595);
#7595 = AXIS2_PLACEMENT_3D('',#7596,#7597,#7598);
#7596 = CARTESIAN_POINT('',(15.32,0.,0.95));
#7597 = DIRECTION('',(1.,0.,0.));
#7598 = DIRECTION('',(0.,0.,1.));
#7599 = ADVANCED_FACE('',(#7600),#7618,.F.);
#7600 = FACE_BOUND('',#7601,.F.);
#7601 = EDGE_LOOP('',(#7602,#7610,#7616,#7617));
#7602 = ORIENTED_EDGE('',*,*,#7603,.F.);
#7603 = EDGE_CURVE('',#7604,#6331,#7606,.T.);
#7604 = VERTEX_POINT('',#7605);
#7605 = CARTESIAN_POINT('',(14.68,0.32,-3.));
#7606 = LINE('',#7607,#7608);
#7607 = CARTESIAN_POINT('',(14.68,0.32,-3.2));
#7608 = VECTOR('',#7609,1.);
#7609 = DIRECTION('',(0.,0.,1.));
#7610 = ORIENTED_EDGE('',*,*,#7611,.T.);
#7611 = EDGE_CURVE('',#7604,#7575,#7612,.T.);
#7612 = LINE('',#7613,#7614);
#7613 = CARTESIAN_POINT('',(14.68,0.32,-3.));
#7614 = VECTOR('',#7615,1.);
#7615 = DIRECTION('',(1.,0.,0.));
#7616 = ORIENTED_EDGE('',*,*,#7582,.T.);
#7617 = ORIENTED_EDGE('',*,*,#6338,.F.);
#7618 = PLANE('',#7619);
#7619 = AXIS2_PLACEMENT_3D('',#7620,#7621,#7622);
#7620 = CARTESIAN_POINT('',(14.68,0.32,-3.2));
#7621 = DIRECTION('',(0.,-1.,0.));
#7622 = DIRECTION('',(0.,0.,1.));
#7623 = ADVANCED_FACE('',(#7624),#7642,.F.);
#7624 = FACE_BOUND('',#7625,.F.);
#7625 = EDGE_LOOP('',(#7626,#7634,#7635,#7636));
#7626 = ORIENTED_EDGE('',*,*,#7627,.T.);
#7627 = EDGE_CURVE('',#7628,#7604,#7630,.T.);
#7628 = VERTEX_POINT('',#7629);
#7629 = CARTESIAN_POINT('',(14.68,-0.32,-3.));
#7630 = LINE('',#7631,#7632);
#7631 = CARTESIAN_POINT('',(14.68,-0.32,-3.));
#7632 = VECTOR('',#7633,1.);
#7633 = DIRECTION('',(0.,1.,0.));
#7634 = ORIENTED_EDGE('',*,*,#7603,.T.);
#7635 = ORIENTED_EDGE('',*,*,#6330,.F.);
#7636 = ORIENTED_EDGE('',*,*,#7637,.T.);
#7637 = EDGE_CURVE('',#6323,#7628,#7638,.T.);
#7638 = LINE('',#7639,#7640);
#7639 = CARTESIAN_POINT('',(14.68,-0.32,5.1));
#7640 = VECTOR('',#7641,1.);
#7641 = DIRECTION('',(0.,0.,-1.));
#7642 = PLANE('',#7643);
#7643 = AXIS2_PLACEMENT_3D('',#7644,#7645,#7646);
#7644 = CARTESIAN_POINT('',(14.68,0.,0.95));
#7645 = DIRECTION('',(1.,0.,0.));
#7646 = DIRECTION('',(0.,0.,1.));
#7647 = ADVANCED_FACE('',(#7648),#7659,.F.);
#7648 = FACE_BOUND('',#7649,.F.);
#7649 = EDGE_LOOP('',(#7650,#7651,#7652,#7653));
#7650 = ORIENTED_EDGE('',*,*,#7637,.F.);
#7651 = ORIENTED_EDGE('',*,*,#6322,.F.);
#7652 = ORIENTED_EDGE('',*,*,#7589,.T.);
#7653 = ORIENTED_EDGE('',*,*,#7654,.F.);
#7654 = EDGE_CURVE('',#7628,#7573,#7655,.T.);
#7655 = LINE('',#7656,#7657);
#7656 = CARTESIAN_POINT('',(14.68,-0.32,-3.));
#7657 = VECTOR('',#7658,1.);
#7658 = DIRECTION('',(1.,0.,0.));
#7659 = PLANE('',#7660);
#7660 = AXIS2_PLACEMENT_3D('',#7661,#7662,#7663);
#7661 = CARTESIAN_POINT('',(14.68,-0.32,5.1));
#7662 = DIRECTION('',(0.,1.,0.));
#7663 = DIRECTION('',(0.,0.,-1.));
#7664 = ADVANCED_FACE('',(#7665),#7722,.F.);
#7665 = FACE_BOUND('',#7666,.F.);
#7666 = EDGE_LOOP('',(#7667,#7677,#7685,#7693,#7699,#7700,#7708,#7716));
#7667 = ORIENTED_EDGE('',*,*,#7668,.T.);
#7668 = EDGE_CURVE('',#7669,#7671,#7673,.T.);
#7669 = VERTEX_POINT('',#7670);
#7670 = CARTESIAN_POINT('',(17.18,-0.351578947368,-3.));
#7671 = VERTEX_POINT('',#7672);
#7672 = CARTESIAN_POINT('',(17.18,0.288421052632,-3.));
#7673 = LINE('',#7674,#7675);
#7674 = CARTESIAN_POINT('',(17.18,-0.32,-3.));
#7675 = VECTOR('',#7676,1.);
#7676 = DIRECTION('',(0.,1.,0.));
#7677 = ORIENTED_EDGE('',*,*,#7678,.T.);
#7678 = EDGE_CURVE('',#7671,#7679,#7681,.T.);
#7679 = VERTEX_POINT('',#7680);
#7680 = CARTESIAN_POINT('',(17.18,2.E-02,-1.3));
#7681 = LINE('',#7682,#7683);
#7682 = CARTESIAN_POINT('',(17.18,0.32,-3.2));
#7683 = VECTOR('',#7684,1.);
#7684 = DIRECTION('',(0.,-0.155962573473,0.987762965329));
#7685 = ORIENTED_EDGE('',*,*,#7686,.T.);
#7686 = EDGE_CURVE('',#7679,#7687,#7689,.T.);
#7687 = VERTEX_POINT('',#7688);
#7688 = CARTESIAN_POINT('',(17.18,0.32,-0.7));
#7689 = LINE('',#7690,#7691);
#7690 = CARTESIAN_POINT('',(17.18,2.E-02,-1.3));
#7691 = VECTOR('',#7692,1.);
#7692 = DIRECTION('',(0.,0.4472135955,0.894427191));
#7693 = ORIENTED_EDGE('',*,*,#7694,.T.);
#7694 = EDGE_CURVE('',#7687,#6445,#7695,.T.);
#7695 = LINE('',#7696,#7697);
#7696 = CARTESIAN_POINT('',(17.18,0.32,-0.7));
#7697 = VECTOR('',#7698,1.);
#7698 = DIRECTION('',(0.,0.,1.));
#7699 = ORIENTED_EDGE('',*,*,#6442,.F.);
#7700 = ORIENTED_EDGE('',*,*,#7701,.T.);
#7701 = EDGE_CURVE('',#6443,#7702,#7704,.T.);
#7702 = VERTEX_POINT('',#7703);
#7703 = CARTESIAN_POINT('',(17.18,-0.32,-0.7));
#7704 = LINE('',#7705,#7706);
#7705 = CARTESIAN_POINT('',(17.18,-0.32,5.1));
#7706 = VECTOR('',#7707,1.);
#7707 = DIRECTION('',(0.,0.,-1.));
#7708 = ORIENTED_EDGE('',*,*,#7709,.T.);
#7709 = EDGE_CURVE('',#7702,#7710,#7712,.T.);
#7710 = VERTEX_POINT('',#7711);
#7711 = CARTESIAN_POINT('',(17.18,-0.62,-1.3));
#7712 = LINE('',#7713,#7714);
#7713 = CARTESIAN_POINT('',(17.18,-0.32,-0.7));
#7714 = VECTOR('',#7715,1.);
#7715 = DIRECTION('',(0.,-0.4472135955,-0.894427191));
#7716 = ORIENTED_EDGE('',*,*,#7717,.T.);
#7717 = EDGE_CURVE('',#7710,#7669,#7718,.T.);
#7718 = LINE('',#7719,#7720);
#7719 = CARTESIAN_POINT('',(17.18,-0.62,-1.3));
#7720 = VECTOR('',#7721,1.);
#7721 = DIRECTION('',(0.,0.155962573473,-0.987762965329));
#7722 = PLANE('',#7723);
#7723 = AXIS2_PLACEMENT_3D('',#7724,#7725,#7726);
#7724 = CARTESIAN_POINT('',(17.18,-4.307486879287E-02,0.926376556288));
#7725 = DIRECTION('',(1.,0.,0.));
#7726 = DIRECTION('',(0.,0.,1.));
#7727 = ADVANCED_FACE('',(#7728),#7746,.F.);
#7728 = FACE_BOUND('',#7729,.F.);
#7729 = EDGE_LOOP('',(#7730,#7731,#7732,#7740));
#7730 = ORIENTED_EDGE('',*,*,#7701,.F.);
#7731 = ORIENTED_EDGE('',*,*,#6468,.F.);
#7732 = ORIENTED_EDGE('',*,*,#7733,.T.);
#7733 = EDGE_CURVE('',#6461,#7734,#7736,.T.);
#7734 = VERTEX_POINT('',#7735);
#7735 = CARTESIAN_POINT('',(17.82,-0.32,-0.7));
#7736 = LINE('',#7737,#7738);
#7737 = CARTESIAN_POINT('',(17.82,-0.32,5.1));
#7738 = VECTOR('',#7739,1.);
#7739 = DIRECTION('',(0.,0.,-1.));
#7740 = ORIENTED_EDGE('',*,*,#7741,.F.);
#7741 = EDGE_CURVE('',#7702,#7734,#7742,.T.);
#7742 = LINE('',#7743,#7744);
#7743 = CARTESIAN_POINT('',(17.18,-0.32,-0.7));
#7744 = VECTOR('',#7745,1.);
#7745 = DIRECTION('',(1.,0.,0.));
#7746 = PLANE('',#7747);
#7747 = AXIS2_PLACEMENT_3D('',#7748,#7749,#7750);
#7748 = CARTESIAN_POINT('',(17.18,-0.32,5.1));
#7749 = DIRECTION('',(0.,1.,0.));
#7750 = DIRECTION('',(0.,0.,-1.));
#7751 = ADVANCED_FACE('',(#7752),#7802,.T.);
#7752 = FACE_BOUND('',#7753,.T.);
#7753 = EDGE_LOOP('',(#7754,#7764,#7772,#7780,#7786,#7787,#7788,#7796));
#7754 = ORIENTED_EDGE('',*,*,#7755,.T.);
#7755 = EDGE_CURVE('',#7756,#7758,#7760,.T.);
#7756 = VERTEX_POINT('',#7757);
#7757 = CARTESIAN_POINT('',(17.82,-0.351578947368,-3.));
#7758 = VERTEX_POINT('',#7759);
#7759 = CARTESIAN_POINT('',(17.82,0.288421052632,-3.));
#7760 = LINE('',#7761,#7762);
#7761 = CARTESIAN_POINT('',(17.82,-0.32,-3.));
#7762 = VECTOR('',#7763,1.);
#7763 = DIRECTION('',(0.,1.,0.));
#7764 = ORIENTED_EDGE('',*,*,#7765,.T.);
#7765 = EDGE_CURVE('',#7758,#7766,#7768,.T.);
#7766 = VERTEX_POINT('',#7767);
#7767 = CARTESIAN_POINT('',(17.82,2.E-02,-1.3));
#7768 = LINE('',#7769,#7770);
#7769 = CARTESIAN_POINT('',(17.82,0.32,-3.2));
#7770 = VECTOR('',#7771,1.);
#7771 = DIRECTION('',(0.,-0.155962573473,0.987762965329));
#7772 = ORIENTED_EDGE('',*,*,#7773,.T.);
#7773 = EDGE_CURVE('',#7766,#7774,#7776,.T.);
#7774 = VERTEX_POINT('',#7775);
#7775 = CARTESIAN_POINT('',(17.82,0.32,-0.7));
#7776 = LINE('',#7777,#7778);
#7777 = CARTESIAN_POINT('',(17.82,2.E-02,-1.3));
#7778 = VECTOR('',#7779,1.);
#7779 = DIRECTION('',(0.,0.4472135955,0.894427191));
#7780 = ORIENTED_EDGE('',*,*,#7781,.T.);
#7781 = EDGE_CURVE('',#7774,#6453,#7782,.T.);
#7782 = LINE('',#7783,#7784);
#7783 = CARTESIAN_POINT('',(17.82,0.32,-0.7));
#7784 = VECTOR('',#7785,1.);
#7785 = DIRECTION('',(0.,0.,1.));
#7786 = ORIENTED_EDGE('',*,*,#6460,.F.);
#7787 = ORIENTED_EDGE('',*,*,#7733,.T.);
#7788 = ORIENTED_EDGE('',*,*,#7789,.T.);
#7789 = EDGE_CURVE('',#7734,#7790,#7792,.T.);
#7790 = VERTEX_POINT('',#7791);
#7791 = CARTESIAN_POINT('',(17.82,-0.62,-1.3));
#7792 = LINE('',#7793,#7794);
#7793 = CARTESIAN_POINT('',(17.82,-0.32,-0.7));
#7794 = VECTOR('',#7795,1.);
#7795 = DIRECTION('',(0.,-0.4472135955,-0.894427191));
#7796 = ORIENTED_EDGE('',*,*,#7797,.T.);
#7797 = EDGE_CURVE('',#7790,#7756,#7798,.T.);
#7798 = LINE('',#7799,#7800);
#7799 = CARTESIAN_POINT('',(17.82,-0.62,-1.3));
#7800 = VECTOR('',#7801,1.);
#7801 = DIRECTION('',(0.,0.155962573473,-0.987762965329));
#7802 = PLANE('',#7803);
#7803 = AXIS2_PLACEMENT_3D('',#7804,#7805,#7806);
#7804 = CARTESIAN_POINT('',(17.82,-4.307486879287E-02,0.926376556288));
#7805 = DIRECTION('',(1.,0.,0.));
#7806 = DIRECTION('',(0.,0.,1.));
#7807 = ADVANCED_FACE('',(#7808),#7819,.F.);
#7808 = FACE_BOUND('',#7809,.F.);
#7809 = EDGE_LOOP('',(#7810,#7811,#7817,#7818));
#7810 = ORIENTED_EDGE('',*,*,#7694,.F.);
#7811 = ORIENTED_EDGE('',*,*,#7812,.T.);
#7812 = EDGE_CURVE('',#7687,#7774,#7813,.T.);
#7813 = LINE('',#7814,#7815);
#7814 = CARTESIAN_POINT('',(17.18,0.32,-0.7));
#7815 = VECTOR('',#7816,1.);
#7816 = DIRECTION('',(1.,0.,0.));
#7817 = ORIENTED_EDGE('',*,*,#7781,.T.);
#7818 = ORIENTED_EDGE('',*,*,#6452,.F.);
#7819 = PLANE('',#7820);
#7820 = AXIS2_PLACEMENT_3D('',#7821,#7822,#7823);
#7821 = CARTESIAN_POINT('',(17.18,0.32,-0.7));
#7822 = DIRECTION('',(0.,-1.,0.));
#7823 = DIRECTION('',(0.,0.,1.));
#7824 = ADVANCED_FACE('',(#7825),#7900,.T.);
#7825 = FACE_BOUND('',#7826,.T.);
#7826 = EDGE_LOOP('',(#7827,#7828,#7829,#7837,#7845,#7853,#7861,#7869,
    #7877,#7885,#7893,#7899));
#7827 = ORIENTED_EDGE('',*,*,#6885,.T.);
#7828 = ORIENTED_EDGE('',*,*,#6819,.T.);
#7829 = ORIENTED_EDGE('',*,*,#7830,.T.);
#7830 = EDGE_CURVE('',#6820,#7831,#7833,.T.);
#7831 = VERTEX_POINT('',#7832);
#7832 = CARTESIAN_POINT('',(-1.5,-0.2,6.));
#7833 = LINE('',#7834,#7835);
#7834 = CARTESIAN_POINT('',(-2.5,-0.2,6.));
#7835 = VECTOR('',#7836,1.);
#7836 = DIRECTION('',(1.,0.,0.));
#7837 = ORIENTED_EDGE('',*,*,#7838,.F.);
#7838 = EDGE_CURVE('',#7839,#7831,#7841,.T.);
#7839 = VERTEX_POINT('',#7840);
#7840 = CARTESIAN_POINT('',(-1.5,0.65,6.));
#7841 = LINE('',#7842,#7843);
#7842 = CARTESIAN_POINT('',(-1.5,0.65,6.));
#7843 = VECTOR('',#7844,1.);
#7844 = DIRECTION('',(0.,-1.,0.));
#7845 = ORIENTED_EDGE('',*,*,#7846,.F.);
#7846 = EDGE_CURVE('',#7847,#7839,#7849,.T.);
#7847 = VERTEX_POINT('',#7848);
#7848 = CARTESIAN_POINT('',(-2.05,0.65,6.));
#7849 = LINE('',#7850,#7851);
#7850 = CARTESIAN_POINT('',(-2.05,0.65,6.));
#7851 = VECTOR('',#7852,1.);
#7852 = DIRECTION('',(1.,0.,0.));
#7853 = ORIENTED_EDGE('',*,*,#7854,.F.);
#7854 = EDGE_CURVE('',#7855,#7847,#7857,.T.);
#7855 = VERTEX_POINT('',#7856);
#7856 = CARTESIAN_POINT('',(-2.05,1.15,6.));
#7857 = LINE('',#7858,#7859);
#7858 = CARTESIAN_POINT('',(-2.05,1.15,6.));
#7859 = VECTOR('',#7860,1.);
#7860 = DIRECTION('',(0.,-1.,0.));
#7861 = ORIENTED_EDGE('',*,*,#7862,.F.);
#7862 = EDGE_CURVE('',#7863,#7855,#7865,.T.);
#7863 = VERTEX_POINT('',#7864);
#7864 = CARTESIAN_POINT('',(19.55,1.15,6.));
#7865 = LINE('',#7866,#7867);
#7866 = CARTESIAN_POINT('',(19.55,1.15,6.));
#7867 = VECTOR('',#7868,1.);
#7868 = DIRECTION('',(-1.,-1.02798428206E-17,0.));
#7869 = ORIENTED_EDGE('',*,*,#7870,.F.);
#7870 = EDGE_CURVE('',#7871,#7863,#7873,.T.);
#7871 = VERTEX_POINT('',#7872);
#7872 = CARTESIAN_POINT('',(19.55,0.65,6.));
#7873 = LINE('',#7874,#7875);
#7874 = CARTESIAN_POINT('',(19.55,0.65,6.));
#7875 = VECTOR('',#7876,1.);
#7876 = DIRECTION('',(0.,1.,0.));
#7877 = ORIENTED_EDGE('',*,*,#7878,.F.);
#7878 = EDGE_CURVE('',#7879,#7871,#7881,.T.);
#7879 = VERTEX_POINT('',#7880);
#7880 = CARTESIAN_POINT('',(19.,0.65,6.));
#7881 = LINE('',#7882,#7883);
#7882 = CARTESIAN_POINT('',(19.,0.65,6.));
#7883 = VECTOR('',#7884,1.);
#7884 = DIRECTION('',(1.,0.,0.));
#7885 = ORIENTED_EDGE('',*,*,#7886,.F.);
#7886 = EDGE_CURVE('',#7887,#7879,#7889,.T.);
#7887 = VERTEX_POINT('',#7888);
#7888 = CARTESIAN_POINT('',(19.,-0.2,6.));
#7889 = LINE('',#7890,#7891);
#7890 = CARTESIAN_POINT('',(19.,-2.2,6.));
#7891 = VECTOR('',#7892,1.);
#7892 = DIRECTION('',(0.,1.,0.));
#7893 = ORIENTED_EDGE('',*,*,#7894,.T.);
#7894 = EDGE_CURVE('',#7887,#6581,#7895,.T.);
#7895 = LINE('',#7896,#7897);
#7896 = CARTESIAN_POINT('',(-2.5,-0.2,6.));
#7897 = VECTOR('',#7898,1.);
#7898 = DIRECTION('',(1.,0.,0.));
#7899 = ORIENTED_EDGE('',*,*,#6588,.T.);
#7900 = PLANE('',#7901);
#7901 = AXIS2_PLACEMENT_3D('',#7902,#7903,#7904);
#7902 = CARTESIAN_POINT('',(8.75,-0.3,6.));
#7903 = DIRECTION('',(0.,0.,1.));
#7904 = DIRECTION('',(1.,0.,-0.));
#7905 = ADVANCED_FACE('',(#7906),#7924,.F.);
#7906 = FACE_BOUND('',#7907,.F.);
#7907 = EDGE_LOOP('',(#7908,#7916,#7917,#7918));
#7908 = ORIENTED_EDGE('',*,*,#7909,.F.);
#7909 = EDGE_CURVE('',#7887,#7910,#7912,.T.);
#7910 = VERTEX_POINT('',#7911);
#7911 = CARTESIAN_POINT('',(19.,-0.2,1.5));
#7912 = LINE('',#7913,#7914);
#7913 = CARTESIAN_POINT('',(19.,-0.2,4.813884850592));
#7914 = VECTOR('',#7915,1.);
#7915 = DIRECTION('',(3.510527013733E-31,0.,-1.));
#7916 = ORIENTED_EDGE('',*,*,#7894,.T.);
#7917 = ORIENTED_EDGE('',*,*,#6580,.T.);
#7918 = ORIENTED_EDGE('',*,*,#7919,.F.);
#7919 = EDGE_CURVE('',#7910,#6573,#7920,.T.);
#7920 = LINE('',#7921,#7922);
#7921 = CARTESIAN_POINT('',(-2.5,-0.2,1.5));
#7922 = VECTOR('',#7923,1.);
#7923 = DIRECTION('',(1.,0.,0.));
#7924 = PLANE('',#7925);
#7925 = AXIS2_PLACEMENT_3D('',#7926,#7927,#7928);
#7926 = CARTESIAN_POINT('',(-2.5,-0.2,6.));
#7927 = DIRECTION('',(0.,1.,0.));
#7928 = DIRECTION('',(0.,0.,-1.));
#7929 = ADVANCED_FACE('',(#7930,#8017,#8051,#8085,#8119,#8153,#8187,
    #8221,#8255),#8289,.T.);
#7930 = FACE_BOUND('',#7931,.T.);
#7931 = EDGE_LOOP('',(#7932,#7938,#7939,#7940,#7948,#7956,#7964,#7972,
    #7980,#7988,#7996,#8002,#8003,#8009,#8010,#8016));
#7932 = ORIENTED_EDGE('',*,*,#7933,.T.);
#7933 = EDGE_CURVE('',#6661,#6565,#7934,.T.);
#7934 = LINE('',#7935,#7936);
#7935 = CARTESIAN_POINT('',(-2.5,-0.6,1.5));
#7936 = VECTOR('',#7937,1.);
#7937 = DIRECTION('',(1.,0.,0.));
#7938 = ORIENTED_EDGE('',*,*,#6572,.F.);
#7939 = ORIENTED_EDGE('',*,*,#7919,.F.);
#7940 = ORIENTED_EDGE('',*,*,#7941,.T.);
#7941 = EDGE_CURVE('',#7910,#7942,#7944,.T.);
#7942 = VERTEX_POINT('',#7943);
#7943 = CARTESIAN_POINT('',(19.,0.65,1.5));
#7944 = LINE('',#7945,#7946);
#7945 = CARTESIAN_POINT('',(19.,-2.2,1.5));
#7946 = VECTOR('',#7947,1.);
#7947 = DIRECTION('',(0.,1.,0.));
#7948 = ORIENTED_EDGE('',*,*,#7949,.T.);
#7949 = EDGE_CURVE('',#7942,#7950,#7952,.T.);
#7950 = VERTEX_POINT('',#7951);
#7951 = CARTESIAN_POINT('',(19.55,0.65,1.5));
#7952 = LINE('',#7953,#7954);
#7953 = CARTESIAN_POINT('',(19.,0.65,1.5));
#7954 = VECTOR('',#7955,1.);
#7955 = DIRECTION('',(1.,0.,0.));
#7956 = ORIENTED_EDGE('',*,*,#7957,.T.);
#7957 = EDGE_CURVE('',#7950,#7958,#7960,.T.);
#7958 = VERTEX_POINT('',#7959);
#7959 = CARTESIAN_POINT('',(19.55,1.15,1.5));
#7960 = LINE('',#7961,#7962);
#7961 = CARTESIAN_POINT('',(19.55,0.65,1.5));
#7962 = VECTOR('',#7963,1.);
#7963 = DIRECTION('',(0.,1.,0.));
#7964 = ORIENTED_EDGE('',*,*,#7965,.T.);
#7965 = EDGE_CURVE('',#7958,#7966,#7968,.T.);
#7966 = VERTEX_POINT('',#7967);
#7967 = CARTESIAN_POINT('',(-2.05,1.15,1.5));
#7968 = LINE('',#7969,#7970);
#7969 = CARTESIAN_POINT('',(19.55,1.15,1.5));
#7970 = VECTOR('',#7971,1.);
#7971 = DIRECTION('',(-1.,-1.02798428206E-17,0.));
#7972 = ORIENTED_EDGE('',*,*,#7973,.T.);
#7973 = EDGE_CURVE('',#7966,#7974,#7976,.T.);
#7974 = VERTEX_POINT('',#7975);
#7975 = CARTESIAN_POINT('',(-2.05,0.65,1.5));
#7976 = LINE('',#7977,#7978);
#7977 = CARTESIAN_POINT('',(-2.05,1.15,1.5));
#7978 = VECTOR('',#7979,1.);
#7979 = DIRECTION('',(0.,-1.,0.));
#7980 = ORIENTED_EDGE('',*,*,#7981,.T.);
#7981 = EDGE_CURVE('',#7974,#7982,#7984,.T.);
#7982 = VERTEX_POINT('',#7983);
#7983 = CARTESIAN_POINT('',(-1.5,0.65,1.5));
#7984 = LINE('',#7985,#7986);
#7985 = CARTESIAN_POINT('',(-2.05,0.65,1.5));
#7986 = VECTOR('',#7987,1.);
#7987 = DIRECTION('',(1.,0.,0.));
#7988 = ORIENTED_EDGE('',*,*,#7989,.T.);
#7989 = EDGE_CURVE('',#7982,#7990,#7992,.T.);
#7990 = VERTEX_POINT('',#7991);
#7991 = CARTESIAN_POINT('',(-1.5,-0.2,1.5));
#7992 = LINE('',#7993,#7994);
#7993 = CARTESIAN_POINT('',(-1.5,0.65,1.5));
#7994 = VECTOR('',#7995,1.);
#7995 = DIRECTION('',(0.,-1.,0.));
#7996 = ORIENTED_EDGE('',*,*,#7997,.F.);
#7997 = EDGE_CURVE('',#6828,#7990,#7998,.T.);
#7998 = LINE('',#7999,#8000);
#7999 = CARTESIAN_POINT('',(-2.5,-0.2,1.5));
#8000 = VECTOR('',#8001,1.);
#8001 = DIRECTION('',(1.,0.,0.));
#8002 = ORIENTED_EDGE('',*,*,#6835,.T.);
#8003 = ORIENTED_EDGE('',*,*,#8004,.T.);
#8004 = EDGE_CURVE('',#6836,#6733,#8005,.T.);
#8005 = LINE('',#8006,#8007);
#8006 = CARTESIAN_POINT('',(-2.5,-0.6,1.5));
#8007 = VECTOR('',#8008,1.);
#8008 = DIRECTION('',(1.,0.,0.));
#8009 = ORIENTED_EDGE('',*,*,#6732,.T.);
#8010 = ORIENTED_EDGE('',*,*,#8011,.T.);
#8011 = EDGE_CURVE('',#6725,#6669,#8012,.T.);
#8012 = LINE('',#8013,#8014);
#8013 = CARTESIAN_POINT('',(-1.5,-0.8,1.5));
#8014 = VECTOR('',#8015,1.);
#8015 = DIRECTION('',(1.,0.,0.));
#8016 = ORIENTED_EDGE('',*,*,#6668,.T.);
#8017 = FACE_BOUND('',#8018,.T.);
#8018 = EDGE_LOOP('',(#8019,#8029,#8037,#8045));
#8019 = ORIENTED_EDGE('',*,*,#8020,.T.);
#8020 = EDGE_CURVE('',#8021,#8023,#8025,.T.);
#8021 = VERTEX_POINT('',#8022);
#8022 = CARTESIAN_POINT('',(-0.32,-0.32,1.5));
#8023 = VERTEX_POINT('',#8024);
#8024 = CARTESIAN_POINT('',(-0.32,0.32,1.5));
#8025 = LINE('',#8026,#8027);
#8026 = CARTESIAN_POINT('',(-0.32,5.906432685601E-02,1.5));
#8027 = VECTOR('',#8028,1.);
#8028 = DIRECTION('',(0.,1.,-1.125406556623E-32));
#8029 = ORIENTED_EDGE('',*,*,#8030,.T.);
#8030 = EDGE_CURVE('',#8023,#8031,#8033,.T.);
#8031 = VERTEX_POINT('',#8032);
#8032 = CARTESIAN_POINT('',(0.32,0.32,1.5));
#8033 = LINE('',#8034,#8035);
#8034 = CARTESIAN_POINT('',(4.215,0.32,1.5));
#8035 = VECTOR('',#8036,1.);
#8036 = DIRECTION('',(1.,0.,1.40202541984E-34));
#8037 = ORIENTED_EDGE('',*,*,#8038,.F.);
#8038 = EDGE_CURVE('',#8039,#8031,#8041,.T.);
#8039 = VERTEX_POINT('',#8040);
#8040 = CARTESIAN_POINT('',(0.32,-0.32,1.5));
#8041 = LINE('',#8042,#8043);
#8042 = CARTESIAN_POINT('',(0.32,5.906432685601E-02,1.5));
#8043 = VECTOR('',#8044,1.);
#8044 = DIRECTION('',(0.,1.,-1.125406556623E-32));
#8045 = ORIENTED_EDGE('',*,*,#8046,.T.);
#8046 = EDGE_CURVE('',#8039,#8021,#8047,.T.);
#8047 = LINE('',#8048,#8049);
#8048 = CARTESIAN_POINT('',(4.215,-0.32,1.5));
#8049 = VECTOR('',#8050,1.);
#8050 = DIRECTION('',(-1.,0.,-1.40202541984E-34));
#8051 = FACE_BOUND('',#8052,.T.);
#8052 = EDGE_LOOP('',(#8053,#8063,#8071,#8079));
#8053 = ORIENTED_EDGE('',*,*,#8054,.T.);
#8054 = EDGE_CURVE('',#8055,#8057,#8059,.T.);
#8055 = VERTEX_POINT('',#8056);
#8056 = CARTESIAN_POINT('',(5.32,-0.32,1.5));
#8057 = VERTEX_POINT('',#8058);
#8058 = CARTESIAN_POINT('',(4.68,-0.32,1.5));
#8059 = LINE('',#8060,#8061);
#8060 = CARTESIAN_POINT('',(6.715,-0.32,1.5));
#8061 = VECTOR('',#8062,1.);
#8062 = DIRECTION('',(-1.,0.,-1.40202541984E-34));
#8063 = ORIENTED_EDGE('',*,*,#8064,.T.);
#8064 = EDGE_CURVE('',#8057,#8065,#8067,.T.);
#8065 = VERTEX_POINT('',#8066);
#8066 = CARTESIAN_POINT('',(4.68,0.32,1.5));
#8067 = LINE('',#8068,#8069);
#8068 = CARTESIAN_POINT('',(4.68,8.060176125245E-02,1.5));
#8069 = VECTOR('',#8070,1.);
#8070 = DIRECTION('',(0.,1.,-1.125406556623E-32));
#8071 = ORIENTED_EDGE('',*,*,#8072,.T.);
#8072 = EDGE_CURVE('',#8065,#8073,#8075,.T.);
#8073 = VERTEX_POINT('',#8074);
#8074 = CARTESIAN_POINT('',(5.32,0.32,1.5));
#8075 = LINE('',#8076,#8077);
#8076 = CARTESIAN_POINT('',(6.715,0.32,1.5));
#8077 = VECTOR('',#8078,1.);
#8078 = DIRECTION('',(1.,0.,1.40202541984E-34));
#8079 = ORIENTED_EDGE('',*,*,#8080,.F.);
#8080 = EDGE_CURVE('',#8055,#8073,#8081,.T.);
#8081 = LINE('',#8082,#8083);
#8082 = CARTESIAN_POINT('',(5.32,8.060176125245E-02,1.5));
#8083 = VECTOR('',#8084,1.);
#8084 = DIRECTION('',(0.,1.,-1.125406556623E-32));
#8085 = FACE_BOUND('',#8086,.T.);
#8086 = EDGE_LOOP('',(#8087,#8097,#8105,#8113));
#8087 = ORIENTED_EDGE('',*,*,#8088,.F.);
#8088 = EDGE_CURVE('',#8089,#8091,#8093,.T.);
#8089 = VERTEX_POINT('',#8090);
#8090 = CARTESIAN_POINT('',(2.82,-0.32,1.5));
#8091 = VERTEX_POINT('',#8092);
#8092 = CARTESIAN_POINT('',(2.82,0.32,1.5));
#8093 = LINE('',#8094,#8095);
#8094 = CARTESIAN_POINT('',(2.82,8.060176125245E-02,1.5));
#8095 = VECTOR('',#8096,1.);
#8096 = DIRECTION('',(0.,1.,-1.125406556623E-32));
#8097 = ORIENTED_EDGE('',*,*,#8098,.T.);
#8098 = EDGE_CURVE('',#8089,#8099,#8101,.T.);
#8099 = VERTEX_POINT('',#8100);
#8100 = CARTESIAN_POINT('',(2.18,-0.32,1.5));
#8101 = LINE('',#8102,#8103);
#8102 = CARTESIAN_POINT('',(5.465,-0.32,1.5));
#8103 = VECTOR('',#8104,1.);
#8104 = DIRECTION('',(-1.,0.,-1.40202541984E-34));
#8105 = ORIENTED_EDGE('',*,*,#8106,.T.);
#8106 = EDGE_CURVE('',#8099,#8107,#8109,.T.);
#8107 = VERTEX_POINT('',#8108);
#8108 = CARTESIAN_POINT('',(2.18,0.32,1.5));
#8109 = LINE('',#8110,#8111);
#8110 = CARTESIAN_POINT('',(2.18,8.060176125245E-02,1.5));
#8111 = VECTOR('',#8112,1.);
#8112 = DIRECTION('',(0.,1.,-1.125406556623E-32));
#8113 = ORIENTED_EDGE('',*,*,#8114,.T.);
#8114 = EDGE_CURVE('',#8107,#8091,#8115,.T.);
#8115 = LINE('',#8116,#8117);
#8116 = CARTESIAN_POINT('',(5.465,0.32,1.5));
#8117 = VECTOR('',#8118,1.);
#8118 = DIRECTION('',(1.,0.,1.40202541984E-34));
#8119 = FACE_BOUND('',#8120,.T.);
#8120 = EDGE_LOOP('',(#8121,#8131,#8139,#8147));
#8121 = ORIENTED_EDGE('',*,*,#8122,.F.);
#8122 = EDGE_CURVE('',#8123,#8125,#8127,.T.);
#8123 = VERTEX_POINT('',#8124);
#8124 = CARTESIAN_POINT('',(10.32,-0.32,1.5));
#8125 = VERTEX_POINT('',#8126);
#8126 = CARTESIAN_POINT('',(10.32,0.32,1.5));
#8127 = LINE('',#8128,#8129);
#8128 = CARTESIAN_POINT('',(10.32,8.060176125245E-02,1.5));
#8129 = VECTOR('',#8130,1.);
#8130 = DIRECTION('',(0.,1.,-1.125406556623E-32));
#8131 = ORIENTED_EDGE('',*,*,#8132,.T.);
#8132 = EDGE_CURVE('',#8123,#8133,#8135,.T.);
#8133 = VERTEX_POINT('',#8134);
#8134 = CARTESIAN_POINT('',(9.68,-0.32,1.5));
#8135 = LINE('',#8136,#8137);
#8136 = CARTESIAN_POINT('',(9.215,-0.32,1.5));
#8137 = VECTOR('',#8138,1.);
#8138 = DIRECTION('',(-1.,0.,-1.40202541984E-34));
#8139 = ORIENTED_EDGE('',*,*,#8140,.T.);
#8140 = EDGE_CURVE('',#8133,#8141,#8143,.T.);
#8141 = VERTEX_POINT('',#8142);
#8142 = CARTESIAN_POINT('',(9.68,0.32,1.5));
#8143 = LINE('',#8144,#8145);
#8144 = CARTESIAN_POINT('',(9.68,8.060176125245E-02,1.5));
#8145 = VECTOR('',#8146,1.);
#8146 = DIRECTION('',(0.,1.,-1.125406556623E-32));
#8147 = ORIENTED_EDGE('',*,*,#8148,.T.);
#8148 = EDGE_CURVE('',#8141,#8125,#8149,.T.);
#8149 = LINE('',#8150,#8151);
#8150 = CARTESIAN_POINT('',(9.215,0.32,1.5));
#8151 = VECTOR('',#8152,1.);
#8152 = DIRECTION('',(1.,0.,1.40202541984E-34));
#8153 = FACE_BOUND('',#8154,.T.);
#8154 = EDGE_LOOP('',(#8155,#8165,#8173,#8181));
#8155 = ORIENTED_EDGE('',*,*,#8156,.F.);
#8156 = EDGE_CURVE('',#8157,#8159,#8161,.T.);
#8157 = VERTEX_POINT('',#8158);
#8158 = CARTESIAN_POINT('',(7.82,-0.32,1.5));
#8159 = VERTEX_POINT('',#8160);
#8160 = CARTESIAN_POINT('',(7.82,0.32,1.5));
#8161 = LINE('',#8162,#8163);
#8162 = CARTESIAN_POINT('',(7.82,8.060176125245E-02,1.5));
#8163 = VECTOR('',#8164,1.);
#8164 = DIRECTION('',(0.,1.,-1.125406556623E-32));
#8165 = ORIENTED_EDGE('',*,*,#8166,.T.);
#8166 = EDGE_CURVE('',#8157,#8167,#8169,.T.);
#8167 = VERTEX_POINT('',#8168);
#8168 = CARTESIAN_POINT('',(7.18,-0.32,1.5));
#8169 = LINE('',#8170,#8171);
#8170 = CARTESIAN_POINT('',(7.965,-0.32,1.5));
#8171 = VECTOR('',#8172,1.);
#8172 = DIRECTION('',(-1.,0.,-1.40202541984E-34));
#8173 = ORIENTED_EDGE('',*,*,#8174,.T.);
#8174 = EDGE_CURVE('',#8167,#8175,#8177,.T.);
#8175 = VERTEX_POINT('',#8176);
#8176 = CARTESIAN_POINT('',(7.18,0.32,1.5));
#8177 = LINE('',#8178,#8179);
#8178 = CARTESIAN_POINT('',(7.18,8.060176125245E-02,1.5));
#8179 = VECTOR('',#8180,1.);
#8180 = DIRECTION('',(0.,1.,-1.125406556623E-32));
#8181 = ORIENTED_EDGE('',*,*,#8182,.T.);
#8182 = EDGE_CURVE('',#8175,#8159,#8183,.T.);
#8183 = LINE('',#8184,#8185);
#8184 = CARTESIAN_POINT('',(7.965,0.32,1.5));
#8185 = VECTOR('',#8186,1.);
#8186 = DIRECTION('',(1.,0.,1.40202541984E-34));
#8187 = FACE_BOUND('',#8188,.T.);
#8188 = EDGE_LOOP('',(#8189,#8199,#8207,#8215));
#8189 = ORIENTED_EDGE('',*,*,#8190,.T.);
#8190 = EDGE_CURVE('',#8191,#8193,#8195,.T.);
#8191 = VERTEX_POINT('',#8192);
#8192 = CARTESIAN_POINT('',(17.18,-0.32,1.5));
#8193 = VERTEX_POINT('',#8194);
#8194 = CARTESIAN_POINT('',(17.18,0.32,1.5));
#8195 = LINE('',#8196,#8197);
#8196 = CARTESIAN_POINT('',(17.18,5.906432685601E-02,1.5));
#8197 = VECTOR('',#8198,1.);
#8198 = DIRECTION('',(0.,1.,-1.125406556623E-32));
#8199 = ORIENTED_EDGE('',*,*,#8200,.T.);
#8200 = EDGE_CURVE('',#8193,#8201,#8203,.T.);
#8201 = VERTEX_POINT('',#8202);
#8202 = CARTESIAN_POINT('',(17.82,0.32,1.5));
#8203 = LINE('',#8204,#8205);
#8204 = CARTESIAN_POINT('',(12.965,0.32,1.5));
#8205 = VECTOR('',#8206,1.);
#8206 = DIRECTION('',(1.,0.,1.40202541984E-34));
#8207 = ORIENTED_EDGE('',*,*,#8208,.F.);
#8208 = EDGE_CURVE('',#8209,#8201,#8211,.T.);
#8209 = VERTEX_POINT('',#8210);
#8210 = CARTESIAN_POINT('',(17.82,-0.32,1.5));
#8211 = LINE('',#8212,#8213);
#8212 = CARTESIAN_POINT('',(17.82,5.906432685601E-02,1.5));
#8213 = VECTOR('',#8214,1.);
#8214 = DIRECTION('',(0.,1.,-1.125406556623E-32));
#8215 = ORIENTED_EDGE('',*,*,#8216,.T.);
#8216 = EDGE_CURVE('',#8209,#8191,#8217,.T.);
#8217 = LINE('',#8218,#8219);
#8218 = CARTESIAN_POINT('',(12.965,-0.32,1.5));
#8219 = VECTOR('',#8220,1.);
#8220 = DIRECTION('',(-1.,0.,-1.40202541984E-34));
#8221 = FACE_BOUND('',#8222,.T.);
#8222 = EDGE_LOOP('',(#8223,#8233,#8241,#8249));
#8223 = ORIENTED_EDGE('',*,*,#8224,.F.);
#8224 = EDGE_CURVE('',#8225,#8227,#8229,.T.);
#8225 = VERTEX_POINT('',#8226);
#8226 = CARTESIAN_POINT('',(15.32,-0.32,1.5));
#8227 = VERTEX_POINT('',#8228);
#8228 = CARTESIAN_POINT('',(15.32,0.32,1.5));
#8229 = LINE('',#8230,#8231);
#8230 = CARTESIAN_POINT('',(15.32,8.060176125245E-02,1.5));
#8231 = VECTOR('',#8232,1.);
#8232 = DIRECTION('',(0.,1.,-1.125406556623E-32));
#8233 = ORIENTED_EDGE('',*,*,#8234,.T.);
#8234 = EDGE_CURVE('',#8225,#8235,#8237,.T.);
#8235 = VERTEX_POINT('',#8236);
#8236 = CARTESIAN_POINT('',(14.68,-0.32,1.5));
#8237 = LINE('',#8238,#8239);
#8238 = CARTESIAN_POINT('',(11.715,-0.32,1.5));
#8239 = VECTOR('',#8240,1.);
#8240 = DIRECTION('',(-1.,0.,-1.40202541984E-34));
#8241 = ORIENTED_EDGE('',*,*,#8242,.T.);
#8242 = EDGE_CURVE('',#8235,#8243,#8245,.T.);
#8243 = VERTEX_POINT('',#8244);
#8244 = CARTESIAN_POINT('',(14.68,0.32,1.5));
#8245 = LINE('',#8246,#8247);
#8246 = CARTESIAN_POINT('',(14.68,8.060176125245E-02,1.5));
#8247 = VECTOR('',#8248,1.);
#8248 = DIRECTION('',(0.,1.,-1.125406556623E-32));
#8249 = ORIENTED_EDGE('',*,*,#8250,.T.);
#8250 = EDGE_CURVE('',#8243,#8227,#8251,.T.);
#8251 = LINE('',#8252,#8253);
#8252 = CARTESIAN_POINT('',(11.715,0.32,1.5));
#8253 = VECTOR('',#8254,1.);
#8254 = DIRECTION('',(1.,0.,1.40202541984E-34));
#8255 = FACE_BOUND('',#8256,.T.);
#8256 = EDGE_LOOP('',(#8257,#8267,#8275,#8283));
#8257 = ORIENTED_EDGE('',*,*,#8258,.T.);
#8258 = EDGE_CURVE('',#8259,#8261,#8263,.T.);
#8259 = VERTEX_POINT('',#8260);
#8260 = CARTESIAN_POINT('',(12.18,-0.32,1.5));
#8261 = VERTEX_POINT('',#8262);
#8262 = CARTESIAN_POINT('',(12.18,0.32,1.5));
#8263 = LINE('',#8264,#8265);
#8264 = CARTESIAN_POINT('',(12.18,8.060176125245E-02,1.5));
#8265 = VECTOR('',#8266,1.);
#8266 = DIRECTION('',(0.,1.,-1.125406556623E-32));
#8267 = ORIENTED_EDGE('',*,*,#8268,.T.);
#8268 = EDGE_CURVE('',#8261,#8269,#8271,.T.);
#8269 = VERTEX_POINT('',#8270);
#8270 = CARTESIAN_POINT('',(12.82,0.32,1.5));
#8271 = LINE('',#8272,#8273);
#8272 = CARTESIAN_POINT('',(10.465,0.32,1.5));
#8273 = VECTOR('',#8274,1.);
#8274 = DIRECTION('',(1.,0.,1.40202541984E-34));
#8275 = ORIENTED_EDGE('',*,*,#8276,.F.);
#8276 = EDGE_CURVE('',#8277,#8269,#8279,.T.);
#8277 = VERTEX_POINT('',#8278);
#8278 = CARTESIAN_POINT('',(12.82,-0.32,1.5));
#8279 = LINE('',#8280,#8281);
#8280 = CARTESIAN_POINT('',(12.82,8.060176125245E-02,1.5));
#8281 = VECTOR('',#8282,1.);
#8282 = DIRECTION('',(0.,1.,-1.125406556623E-32));
#8283 = ORIENTED_EDGE('',*,*,#8284,.T.);
#8284 = EDGE_CURVE('',#8277,#8259,#8285,.T.);
#8285 = LINE('',#8286,#8287);
#8286 = CARTESIAN_POINT('',(10.465,-0.32,1.5));
#8287 = VECTOR('',#8288,1.);
#8288 = DIRECTION('',(-1.,0.,-1.40202541984E-34));
#8289 = PLANE('',#8290);
#8290 = AXIS2_PLACEMENT_3D('',#8291,#8292,#8293);
#8291 = CARTESIAN_POINT('',(8.75,0.161203522505,1.5));
#8292 = DIRECTION('',(-1.40202541984E-34,1.125406556623E-32,1.));
#8293 = DIRECTION('',(0.,1.,-1.125406556623E-32));
#8294 = ADVANCED_FACE('',(#8295),#8306,.F.);
#8295 = FACE_BOUND('',#8296,.F.);
#8296 = EDGE_LOOP('',(#8297,#8298,#8299,#8300));
#8297 = ORIENTED_EDGE('',*,*,#6660,.F.);
#8298 = ORIENTED_EDGE('',*,*,#7933,.T.);
#8299 = ORIENTED_EDGE('',*,*,#6564,.T.);
#8300 = ORIENTED_EDGE('',*,*,#8301,.F.);
#8301 = EDGE_CURVE('',#6653,#6557,#8302,.T.);
#8302 = LINE('',#8303,#8304);
#8303 = CARTESIAN_POINT('',(-2.5,-0.9,4.1));
#8304 = VECTOR('',#8305,1.);
#8305 = DIRECTION('',(1.,0.,0.));
#8306 = PLANE('',#8307);
#8307 = AXIS2_PLACEMENT_3D('',#8308,#8309,#8310);
#8308 = CARTESIAN_POINT('',(-2.5,-0.6,1.5));
#8309 = DIRECTION('',(0.,-0.993408935871,-0.114624107985));
#8310 = DIRECTION('',(0.,-0.114624107985,0.993408935871));
#8311 = ADVANCED_FACE('',(#8312),#8323,.F.);
#8312 = FACE_BOUND('',#8313,.F.);
#8313 = EDGE_LOOP('',(#8314,#8315,#8316,#8317));
#8314 = ORIENTED_EDGE('',*,*,#6652,.F.);
#8315 = ORIENTED_EDGE('',*,*,#8301,.T.);
#8316 = ORIENTED_EDGE('',*,*,#6556,.T.);
#8317 = ORIENTED_EDGE('',*,*,#8318,.F.);
#8318 = EDGE_CURVE('',#6645,#6549,#8319,.T.);
#8319 = LINE('',#8320,#8321);
#8320 = CARTESIAN_POINT('',(-2.5,-0.6,4.3));
#8321 = VECTOR('',#8322,1.);
#8322 = DIRECTION('',(1.,0.,0.));
#8323 = PLANE('',#8324);
#8324 = AXIS2_PLACEMENT_3D('',#8325,#8326,#8327);
#8325 = CARTESIAN_POINT('',(-2.5,-0.9,4.1));
#8326 = DIRECTION('',(0.,-0.554700196225,0.832050294338));
#8327 = DIRECTION('',(0.,0.832050294338,0.554700196225));
#8328 = ADVANCED_FACE('',(#8329),#8340,.F.);
#8329 = FACE_BOUND('',#8330,.F.);
#8330 = EDGE_LOOP('',(#8331,#8332,#8333,#8334));
#8331 = ORIENTED_EDGE('',*,*,#6644,.F.);
#8332 = ORIENTED_EDGE('',*,*,#8318,.T.);
#8333 = ORIENTED_EDGE('',*,*,#6548,.T.);
#8334 = ORIENTED_EDGE('',*,*,#8335,.F.);
#8335 = EDGE_CURVE('',#6637,#6541,#8336,.T.);
#8336 = LINE('',#8337,#8338);
#8337 = CARTESIAN_POINT('',(-2.5,-0.6,4.5));
#8338 = VECTOR('',#8339,1.);
#8339 = DIRECTION('',(1.,0.,0.));
#8340 = PLANE('',#8341);
#8341 = AXIS2_PLACEMENT_3D('',#8342,#8343,#8344);
#8342 = CARTESIAN_POINT('',(-2.5,-0.6,4.3));
#8343 = DIRECTION('',(0.,-1.,0.));
#8344 = DIRECTION('',(0.,0.,1.));
#8345 = ADVANCED_FACE('',(#8346),#8352,.F.);
#8346 = FACE_BOUND('',#8347,.F.);
#8347 = EDGE_LOOP('',(#8348,#8349,#8350,#8351));
#8348 = ORIENTED_EDGE('',*,*,#6636,.F.);
#8349 = ORIENTED_EDGE('',*,*,#8335,.T.);
#8350 = ORIENTED_EDGE('',*,*,#6540,.T.);
#8351 = ORIENTED_EDGE('',*,*,#6618,.F.);
#8352 = PLANE('',#8353);
#8353 = AXIS2_PLACEMENT_3D('',#8354,#8355,#8356);
#8354 = CARTESIAN_POINT('',(-2.5,-0.6,4.5));
#8355 = DIRECTION('',(0.,-0.759256602365,-0.650791373456));
#8356 = DIRECTION('',(0.,-0.650791373456,0.759256602365));
#8357 = ADVANCED_FACE('',(#8358),#8364,.T.);
#8358 = FACE_BOUND('',#8359,.T.);
#8359 = EDGE_LOOP('',(#8360,#8361,#8362,#8363));
#8360 = ORIENTED_EDGE('',*,*,#6700,.T.);
#8361 = ORIENTED_EDGE('',*,*,#6676,.T.);
#8362 = ORIENTED_EDGE('',*,*,#8011,.F.);
#8363 = ORIENTED_EDGE('',*,*,#6724,.F.);
#8364 = PLANE('',#8365);
#8365 = AXIS2_PLACEMENT_3D('',#8366,#8367,#8368);
#8366 = CARTESIAN_POINT('',(-1.5,-1.2,1.1));
#8367 = DIRECTION('',(0.,-0.707106781187,0.707106781187));
#8368 = DIRECTION('',(0.,0.707106781187,0.707106781187));
#8369 = ADVANCED_FACE('',(#8370),#8381,.F.);
#8370 = FACE_BOUND('',#8371,.F.);
#8371 = EDGE_LOOP('',(#8372,#8373,#8379,#8380));
#8372 = ORIENTED_EDGE('',*,*,#6867,.F.);
#8373 = ORIENTED_EDGE('',*,*,#8374,.T.);
#8374 = EDGE_CURVE('',#6860,#6757,#8375,.T.);
#8375 = LINE('',#8376,#8377);
#8376 = CARTESIAN_POINT('',(-2.5,-0.6,4.5));
#8377 = VECTOR('',#8378,1.);
#8378 = DIRECTION('',(1.,0.,0.));
#8379 = ORIENTED_EDGE('',*,*,#6764,.F.);
#8380 = ORIENTED_EDGE('',*,*,#6794,.F.);
#8381 = PLANE('',#8382);
#8382 = AXIS2_PLACEMENT_3D('',#8383,#8384,#8385);
#8383 = CARTESIAN_POINT('',(-2.5,-0.6,4.5));
#8384 = DIRECTION('',(0.,-0.759256602365,-0.650791373456));
#8385 = DIRECTION('',(0.,-0.650791373456,0.759256602365));
#8386 = ADVANCED_FACE('',(#8387),#8398,.F.);
#8387 = FACE_BOUND('',#8388,.F.);
#8388 = EDGE_LOOP('',(#8389,#8390,#8396,#8397));
#8389 = ORIENTED_EDGE('',*,*,#6859,.F.);
#8390 = ORIENTED_EDGE('',*,*,#8391,.T.);
#8391 = EDGE_CURVE('',#6852,#6749,#8392,.T.);
#8392 = LINE('',#8393,#8394);
#8393 = CARTESIAN_POINT('',(-2.5,-0.6,4.3));
#8394 = VECTOR('',#8395,1.);
#8395 = DIRECTION('',(1.,0.,0.));
#8396 = ORIENTED_EDGE('',*,*,#6756,.F.);
#8397 = ORIENTED_EDGE('',*,*,#8374,.F.);
#8398 = PLANE('',#8399);
#8399 = AXIS2_PLACEMENT_3D('',#8400,#8401,#8402);
#8400 = CARTESIAN_POINT('',(-2.5,-0.6,4.3));
#8401 = DIRECTION('',(0.,-1.,0.));
#8402 = DIRECTION('',(0.,0.,1.));
#8403 = ADVANCED_FACE('',(#8404),#8415,.F.);
#8404 = FACE_BOUND('',#8405,.F.);
#8405 = EDGE_LOOP('',(#8406,#8407,#8413,#8414));
#8406 = ORIENTED_EDGE('',*,*,#6851,.F.);
#8407 = ORIENTED_EDGE('',*,*,#8408,.T.);
#8408 = EDGE_CURVE('',#6844,#6741,#8409,.T.);
#8409 = LINE('',#8410,#8411);
#8410 = CARTESIAN_POINT('',(-2.5,-0.9,4.1));
#8411 = VECTOR('',#8412,1.);
#8412 = DIRECTION('',(1.,0.,0.));
#8413 = ORIENTED_EDGE('',*,*,#6748,.F.);
#8414 = ORIENTED_EDGE('',*,*,#8391,.F.);
#8415 = PLANE('',#8416);
#8416 = AXIS2_PLACEMENT_3D('',#8417,#8418,#8419);
#8417 = CARTESIAN_POINT('',(-2.5,-0.9,4.1));
#8418 = DIRECTION('',(0.,-0.554700196225,0.832050294338));
#8419 = DIRECTION('',(0.,0.832050294338,0.554700196225));
#8420 = ADVANCED_FACE('',(#8421),#8427,.F.);
#8421 = FACE_BOUND('',#8422,.F.);
#8422 = EDGE_LOOP('',(#8423,#8424,#8425,#8426));
#8423 = ORIENTED_EDGE('',*,*,#6843,.F.);
#8424 = ORIENTED_EDGE('',*,*,#8004,.T.);
#8425 = ORIENTED_EDGE('',*,*,#6740,.F.);
#8426 = ORIENTED_EDGE('',*,*,#8408,.F.);
#8427 = PLANE('',#8428);
#8428 = AXIS2_PLACEMENT_3D('',#8429,#8430,#8431);
#8429 = CARTESIAN_POINT('',(-2.5,-0.6,1.5));
#8430 = DIRECTION('',(0.,-0.993408935871,-0.114624107985));
#8431 = DIRECTION('',(0.,-0.114624107985,0.993408935871));
#8432 = ADVANCED_FACE('',(#8433),#8444,.F.);
#8433 = FACE_BOUND('',#8434,.F.);
#8434 = EDGE_LOOP('',(#8435,#8436,#8437,#8443));
#8435 = ORIENTED_EDGE('',*,*,#6827,.F.);
#8436 = ORIENTED_EDGE('',*,*,#7830,.T.);
#8437 = ORIENTED_EDGE('',*,*,#8438,.F.);
#8438 = EDGE_CURVE('',#7990,#7831,#8439,.T.);
#8439 = LINE('',#8440,#8441);
#8440 = CARTESIAN_POINT('',(-1.5,-0.2,4.813884850592));
#8441 = VECTOR('',#8442,1.);
#8442 = DIRECTION('',(2.03899282835E-32,0.,1.));
#8443 = ORIENTED_EDGE('',*,*,#7997,.F.);
#8444 = PLANE('',#8445);
#8445 = AXIS2_PLACEMENT_3D('',#8446,#8447,#8448);
#8446 = CARTESIAN_POINT('',(-2.5,-0.2,6.));
#8447 = DIRECTION('',(0.,1.,0.));
#8448 = DIRECTION('',(0.,0.,-1.));
#8449 = ADVANCED_FACE('',(#8450),#8491,.T.);
#8450 = FACE_BOUND('',#8451,.F.);
#8451 = EDGE_LOOP('',(#8452,#8462,#8470,#8478,#8484,#8485));
#8452 = ORIENTED_EDGE('',*,*,#8453,.F.);
#8453 = EDGE_CURVE('',#8454,#8456,#8458,.T.);
#8454 = VERTEX_POINT('',#8455);
#8455 = CARTESIAN_POINT('',(-0.12,-0.12,-3.2));
#8456 = VERTEX_POINT('',#8457);
#8457 = CARTESIAN_POINT('',(-0.317552593066,-0.351192514695,
    -3.002447406934));
#8458 = LINE('',#8459,#8460);
#8459 = CARTESIAN_POINT('',(-0.24881689775,-0.270752273427,
    -3.07118310225));
#8460 = VECTOR('',#8461,1.);
#8461 = DIRECTION('',(-0.544770019249,-0.63753529491,0.544770019249));
#8462 = ORIENTED_EDGE('',*,*,#8463,.T.);
#8463 = EDGE_CURVE('',#8454,#8464,#8466,.T.);
#8464 = VERTEX_POINT('',#8465);
#8465 = CARTESIAN_POINT('',(-0.12,0.12,-3.2));
#8466 = LINE('',#8467,#8468);
#8467 = CARTESIAN_POINT('',(-0.12,-0.32,-3.2));
#8468 = VECTOR('',#8469,1.);
#8469 = DIRECTION('',(0.,1.,0.));
#8470 = ORIENTED_EDGE('',*,*,#8471,.T.);
#8471 = EDGE_CURVE('',#8464,#8472,#8474,.T.);
#8472 = VERTEX_POINT('',#8473);
#8473 = CARTESIAN_POINT('',(-0.317552593066,0.288807485305,
    -3.002447406934));
#8474 = LINE('',#8475,#8476);
#8475 = CARTESIAN_POINT('',(-0.155697812072,0.150503562587,
    -3.164302187928));
#8476 = VECTOR('',#8477,1.);
#8477 = DIRECTION('',(-0.605209817607,0.517148096144,0.605209817607));
#8478 = ORIENTED_EDGE('',*,*,#8479,.T.);
#8479 = EDGE_CURVE('',#8472,#6935,#8480,.T.);
#8480 = LINE('',#8481,#8482);
#8481 = CARTESIAN_POINT('',(-0.243720930233,0.300465116279,
    -3.076279069767));
#8482 = VECTOR('',#8483,1.);
#8483 = DIRECTION('',(-0.702740385383,-0.110959008218,0.702740385383));
#8484 = ORIENTED_EDGE('',*,*,#6932,.F.);
#8485 = ORIENTED_EDGE('',*,*,#8486,.F.);
#8486 = EDGE_CURVE('',#8456,#6933,#8487,.T.);
#8487 = LINE('',#8488,#8489);
#8488 = CARTESIAN_POINT('',(-0.699616963064,-0.411518467852,
    -2.620383036936));
#8489 = VECTOR('',#8490,1.);
#8490 = DIRECTION('',(-0.702740385383,-0.110959008218,0.702740385383));
#8491 = PLANE('',#8492);
#8492 = AXIS2_PLACEMENT_3D('',#8493,#8494,#8495);
#8493 = CARTESIAN_POINT('',(-0.22,-0.32,-3.1));
#8494 = DIRECTION('',(-0.707106781187,-1.735417226644E-18,
    -0.707106781187));
#8495 = DIRECTION('',(1.227125289148E-18,-1.,1.227125289148E-18));
#8496 = ADVANCED_FACE('',(#8497),#8522,.F.);
#8497 = FACE_BOUND('',#8498,.F.);
#8498 = EDGE_LOOP('',(#8499,#8500,#8506,#8507,#8515,#8521));
#8499 = ORIENTED_EDGE('',*,*,#6981,.F.);
#8500 = ORIENTED_EDGE('',*,*,#8501,.T.);
#8501 = EDGE_CURVE('',#6974,#7054,#8502,.T.);
#8502 = LINE('',#8503,#8504);
#8503 = CARTESIAN_POINT('',(-0.32,-0.62,-1.3));
#8504 = VECTOR('',#8505,1.);
#8505 = DIRECTION('',(1.,0.,0.));
#8506 = ORIENTED_EDGE('',*,*,#7061,.T.);
#8507 = ORIENTED_EDGE('',*,*,#8508,.F.);
#8508 = EDGE_CURVE('',#8509,#7020,#8511,.T.);
#8509 = VERTEX_POINT('',#8510);
#8510 = CARTESIAN_POINT('',(0.317552593066,-0.351192514695,
    -3.002447406934));
#8511 = LINE('',#8512,#8513);
#8512 = CARTESIAN_POINT('',(0.541586867305,-0.386566347469,
    -2.778413132695));
#8513 = VECTOR('',#8514,1.);
#8514 = DIRECTION('',(0.702740385383,-0.110959008218,0.702740385383));
#8515 = ORIENTED_EDGE('',*,*,#8516,.F.);
#8516 = EDGE_CURVE('',#8456,#8509,#8517,.T.);
#8517 = LINE('',#8518,#8519);
#8518 = CARTESIAN_POINT('',(-0.32,-0.351192514695,-3.002447406934));
#8519 = VECTOR('',#8520,1.);
#8520 = DIRECTION('',(1.,0.,0.));
#8521 = ORIENTED_EDGE('',*,*,#8486,.T.);
#8522 = PLANE('',#8523);
#8523 = AXIS2_PLACEMENT_3D('',#8524,#8525,#8526);
#8524 = CARTESIAN_POINT('',(-0.32,-0.62,-1.3));
#8525 = DIRECTION('',(0.,0.987762965329,0.155962573473));
#8526 = DIRECTION('',(0.,0.155962573473,-0.987762965329));
#8527 = ADVANCED_FACE('',(#8528),#8534,.F.);
#8528 = FACE_BOUND('',#8529,.F.);
#8529 = EDGE_LOOP('',(#8530,#8531,#8532,#8533));
#8530 = ORIENTED_EDGE('',*,*,#7005,.T.);
#8531 = ORIENTED_EDGE('',*,*,#7053,.T.);
#8532 = ORIENTED_EDGE('',*,*,#8501,.F.);
#8533 = ORIENTED_EDGE('',*,*,#6973,.F.);
#8534 = PLANE('',#8535);
#8535 = AXIS2_PLACEMENT_3D('',#8536,#8537,#8538);
#8536 = CARTESIAN_POINT('',(-0.32,-0.32,-0.7));
#8537 = DIRECTION('',(0.,0.894427191,-0.4472135955));
#8538 = DIRECTION('',(0.,-0.4472135955,-0.894427191));
#8539 = ADVANCED_FACE('',(#8540),#8551,.F.);
#8540 = FACE_BOUND('',#8541,.F.);
#8541 = EDGE_LOOP('',(#8542,#8548,#8549,#8550));
#8542 = ORIENTED_EDGE('',*,*,#8543,.T.);
#8543 = EDGE_CURVE('',#6943,#7030,#8544,.T.);
#8544 = LINE('',#8545,#8546);
#8545 = CARTESIAN_POINT('',(-0.32,2.E-02,-1.3));
#8546 = VECTOR('',#8547,1.);
#8547 = DIRECTION('',(1.,0.,0.));
#8548 = ORIENTED_EDGE('',*,*,#7037,.T.);
#8549 = ORIENTED_EDGE('',*,*,#7076,.F.);
#8550 = ORIENTED_EDGE('',*,*,#6950,.F.);
#8551 = PLANE('',#8552);
#8552 = AXIS2_PLACEMENT_3D('',#8553,#8554,#8555);
#8553 = CARTESIAN_POINT('',(-0.32,2.E-02,-1.3));
#8554 = DIRECTION('',(0.,-0.894427191,0.4472135955));
#8555 = DIRECTION('',(0.,0.4472135955,0.894427191));
#8556 = ADVANCED_FACE('',(#8557),#8577,.F.);
#8557 = FACE_BOUND('',#8558,.F.);
#8558 = EDGE_LOOP('',(#8559,#8560,#8561,#8569,#8575,#8576));
#8559 = ORIENTED_EDGE('',*,*,#6942,.F.);
#8560 = ORIENTED_EDGE('',*,*,#8479,.F.);
#8561 = ORIENTED_EDGE('',*,*,#8562,.T.);
#8562 = EDGE_CURVE('',#8472,#8563,#8565,.T.);
#8563 = VERTEX_POINT('',#8564);
#8564 = CARTESIAN_POINT('',(0.317552593066,0.288807485305,
    -3.002447406934));
#8565 = LINE('',#8566,#8567);
#8566 = CARTESIAN_POINT('',(-0.32,0.288807485305,-3.002447406934));
#8567 = VECTOR('',#8568,1.);
#8568 = DIRECTION('',(1.,0.,0.));
#8569 = ORIENTED_EDGE('',*,*,#8570,.T.);
#8570 = EDGE_CURVE('',#8563,#7022,#8571,.T.);
#8571 = LINE('',#8572,#8573);
#8572 = CARTESIAN_POINT('',(8.569083447332E-02,0.325417236662,
    -3.234309165527));
#8573 = VECTOR('',#8574,1.);
#8574 = DIRECTION('',(0.702740385383,-0.110959008218,0.702740385383));
#8575 = ORIENTED_EDGE('',*,*,#7029,.T.);
#8576 = ORIENTED_EDGE('',*,*,#8543,.F.);
#8577 = PLANE('',#8578);
#8578 = AXIS2_PLACEMENT_3D('',#8579,#8580,#8581);
#8579 = CARTESIAN_POINT('',(-0.32,0.32,-3.2));
#8580 = DIRECTION('',(0.,-0.987762965329,-0.155962573473));
#8581 = DIRECTION('',(0.,-0.155962573473,0.987762965329));
#8582 = ADVANCED_FACE('',(#8583),#8610,.F.);
#8583 = FACE_BOUND('',#8584,.T.);
#8584 = EDGE_LOOP('',(#8585,#8593,#8601,#8607,#8608,#8609));
#8585 = ORIENTED_EDGE('',*,*,#8586,.F.);
#8586 = EDGE_CURVE('',#8587,#8509,#8589,.T.);
#8587 = VERTEX_POINT('',#8588);
#8588 = CARTESIAN_POINT('',(0.12,-0.12,-3.2));
#8589 = LINE('',#8590,#8591);
#8590 = CARTESIAN_POINT('',(0.153849098111,-0.159613036666,
    -3.166150901889));
#8591 = VECTOR('',#8592,1.);
#8592 = DIRECTION('',(0.544770019249,-0.63753529491,0.544770019249));
#8593 = ORIENTED_EDGE('',*,*,#8594,.T.);
#8594 = EDGE_CURVE('',#8587,#8595,#8597,.T.);
#8595 = VERTEX_POINT('',#8596);
#8596 = CARTESIAN_POINT('',(0.12,0.12,-3.2));
#8597 = LINE('',#8598,#8599);
#8598 = CARTESIAN_POINT('',(0.12,-0.32,-3.2));
#8599 = VECTOR('',#8600,1.);
#8600 = DIRECTION('',(0.,1.,0.));
#8601 = ORIENTED_EDGE('',*,*,#8602,.T.);
#8602 = EDGE_CURVE('',#8595,#8563,#8603,.T.);
#8603 = LINE('',#8604,#8605);
#8604 = CARTESIAN_POINT('',(3.848855660758E-02,5.034896900541E-02,
    -3.281511443392));
#8605 = VECTOR('',#8606,1.);
#8606 = DIRECTION('',(0.605209817607,0.517148096144,0.605209817607));
#8607 = ORIENTED_EDGE('',*,*,#8570,.T.);
#8608 = ORIENTED_EDGE('',*,*,#7019,.F.);
#8609 = ORIENTED_EDGE('',*,*,#8508,.F.);
#8610 = PLANE('',#8611);
#8611 = AXIS2_PLACEMENT_3D('',#8612,#8613,#8614);
#8612 = CARTESIAN_POINT('',(0.22,-0.32,-3.1));
#8613 = DIRECTION('',(-0.707106781187,1.735417226644E-18,0.707106781187)
  );
#8614 = DIRECTION('',(-1.227125289148E-18,-1.,1.227125289148E-18));
#8615 = ADVANCED_FACE('',(#8616),#8641,.F.);
#8616 = FACE_BOUND('',#8617,.T.);
#8617 = EDGE_LOOP('',(#8618,#8626,#8634,#8640));
#8618 = ORIENTED_EDGE('',*,*,#8619,.F.);
#8619 = EDGE_CURVE('',#8620,#7093,#8622,.T.);
#8620 = VERTEX_POINT('',#8621);
#8621 = CARTESIAN_POINT('',(2.62,-0.12,-3.2));
#8622 = LINE('',#8623,#8624);
#8623 = CARTESIAN_POINT('',(2.646666666667,-0.146666666667,
    -3.173333333333));
#8624 = VECTOR('',#8625,1.);
#8625 = DIRECTION('',(0.57735026919,-0.57735026919,0.57735026919));
#8626 = ORIENTED_EDGE('',*,*,#8627,.T.);
#8627 = EDGE_CURVE('',#8620,#8628,#8630,.T.);
#8628 = VERTEX_POINT('',#8629);
#8629 = CARTESIAN_POINT('',(2.62,0.12,-3.2));
#8630 = LINE('',#8631,#8632);
#8631 = CARTESIAN_POINT('',(2.62,-0.32,-3.2));
#8632 = VECTOR('',#8633,1.);
#8633 = DIRECTION('',(0.,1.,0.));
#8634 = ORIENTED_EDGE('',*,*,#8635,.T.);
#8635 = EDGE_CURVE('',#8628,#7095,#8636,.T.);
#8636 = LINE('',#8637,#8638);
#8637 = CARTESIAN_POINT('',(2.54,4.E-02,-3.28));
#8638 = VECTOR('',#8639,1.);
#8639 = DIRECTION('',(0.57735026919,0.57735026919,0.57735026919));
#8640 = ORIENTED_EDGE('',*,*,#7092,.F.);
#8641 = PLANE('',#8642);
#8642 = AXIS2_PLACEMENT_3D('',#8643,#8644,#8645);
#8643 = CARTESIAN_POINT('',(2.72,-0.32,-3.1));
#8644 = DIRECTION('',(-0.707106781187,1.735417226644E-18,0.707106781187)
  );
#8645 = DIRECTION('',(-1.227125289148E-18,-1.,1.227125289148E-18));
#8646 = ADVANCED_FACE('',(#8647),#8665,.T.);
#8647 = FACE_BOUND('',#8648,.F.);
#8648 = EDGE_LOOP('',(#8649,#8657,#8663,#8664));
#8649 = ORIENTED_EDGE('',*,*,#8650,.F.);
#8650 = EDGE_CURVE('',#8651,#7124,#8653,.T.);
#8651 = VERTEX_POINT('',#8652);
#8652 = CARTESIAN_POINT('',(2.38,0.12,-3.2));
#8653 = LINE('',#8654,#8655);
#8654 = CARTESIAN_POINT('',(2.353333333333,0.146666666667,
    -3.173333333333));
#8655 = VECTOR('',#8656,1.);
#8656 = DIRECTION('',(-0.57735026919,0.57735026919,0.57735026919));
#8657 = ORIENTED_EDGE('',*,*,#8658,.T.);
#8658 = EDGE_CURVE('',#8651,#8628,#8659,.T.);
#8659 = LINE('',#8660,#8661);
#8660 = CARTESIAN_POINT('',(2.18,0.12,-3.2));
#8661 = VECTOR('',#8662,1.);
#8662 = DIRECTION('',(1.,0.,0.));
#8663 = ORIENTED_EDGE('',*,*,#8635,.T.);
#8664 = ORIENTED_EDGE('',*,*,#7131,.F.);
#8665 = PLANE('',#8666);
#8666 = AXIS2_PLACEMENT_3D('',#8667,#8668,#8669);
#8667 = CARTESIAN_POINT('',(2.18,0.22,-3.1));
#8668 = DIRECTION('',(-1.735417226644E-18,0.707106781187,-0.707106781187
    ));
#8669 = DIRECTION('',(-1.,-1.227125289148E-18,1.227125289148E-18));
#8670 = ADVANCED_FACE('',(#8671),#8689,.T.);
#8671 = FACE_BOUND('',#8672,.F.);
#8672 = EDGE_LOOP('',(#8673,#8681,#8687,#8688));
#8673 = ORIENTED_EDGE('',*,*,#8674,.F.);
#8674 = EDGE_CURVE('',#8675,#7148,#8677,.T.);
#8675 = VERTEX_POINT('',#8676);
#8676 = CARTESIAN_POINT('',(2.38,-0.12,-3.2));
#8677 = LINE('',#8678,#8679);
#8678 = CARTESIAN_POINT('',(2.246666666667,-0.253333333333,
    -3.066666666667));
#8679 = VECTOR('',#8680,1.);
#8680 = DIRECTION('',(-0.57735026919,-0.57735026919,0.57735026919));
#8681 = ORIENTED_EDGE('',*,*,#8682,.T.);
#8682 = EDGE_CURVE('',#8675,#8651,#8683,.T.);
#8683 = LINE('',#8684,#8685);
#8684 = CARTESIAN_POINT('',(2.38,-0.32,-3.2));
#8685 = VECTOR('',#8686,1.);
#8686 = DIRECTION('',(0.,1.,0.));
#8687 = ORIENTED_EDGE('',*,*,#8650,.T.);
#8688 = ORIENTED_EDGE('',*,*,#7147,.F.);
#8689 = PLANE('',#8690);
#8690 = AXIS2_PLACEMENT_3D('',#8691,#8692,#8693);
#8691 = CARTESIAN_POINT('',(2.28,-0.32,-3.1));
#8692 = DIRECTION('',(-0.707106781187,-1.735417226644E-18,
    -0.707106781187));
#8693 = DIRECTION('',(1.227125289148E-18,-1.,1.227125289148E-18));
#8694 = ADVANCED_FACE('',(#8695),#8706,.T.);
#8695 = FACE_BOUND('',#8696,.T.);
#8696 = EDGE_LOOP('',(#8697,#8698,#8704,#8705));
#8697 = ORIENTED_EDGE('',*,*,#8674,.F.);
#8698 = ORIENTED_EDGE('',*,*,#8699,.T.);
#8699 = EDGE_CURVE('',#8675,#8620,#8700,.T.);
#8700 = LINE('',#8701,#8702);
#8701 = CARTESIAN_POINT('',(2.18,-0.12,-3.2));
#8702 = VECTOR('',#8703,1.);
#8703 = DIRECTION('',(1.,0.,0.));
#8704 = ORIENTED_EDGE('',*,*,#8619,.T.);
#8705 = ORIENTED_EDGE('',*,*,#7174,.F.);
#8706 = PLANE('',#8707);
#8707 = AXIS2_PLACEMENT_3D('',#8708,#8709,#8710);
#8708 = CARTESIAN_POINT('',(2.18,-0.22,-3.1));
#8709 = DIRECTION('',(1.735417226644E-18,-0.707106781187,-0.707106781187
    ));
#8710 = DIRECTION('',(1.,1.227125289148E-18,1.227125289148E-18));
#8711 = ADVANCED_FACE('',(#8712),#8737,.T.);
#8712 = FACE_BOUND('',#8713,.T.);
#8713 = EDGE_LOOP('',(#8714,#8722,#8730,#8736));
#8714 = ORIENTED_EDGE('',*,*,#8715,.F.);
#8715 = EDGE_CURVE('',#8716,#7189,#8718,.T.);
#8716 = VERTEX_POINT('',#8717);
#8717 = CARTESIAN_POINT('',(4.88,-0.12,-3.2));
#8718 = LINE('',#8719,#8720);
#8719 = CARTESIAN_POINT('',(4.746666666667,-0.253333333333,
    -3.066666666667));
#8720 = VECTOR('',#8721,1.);
#8721 = DIRECTION('',(-0.57735026919,-0.57735026919,0.57735026919));
#8722 = ORIENTED_EDGE('',*,*,#8723,.T.);
#8723 = EDGE_CURVE('',#8716,#8724,#8726,.T.);
#8724 = VERTEX_POINT('',#8725);
#8725 = CARTESIAN_POINT('',(5.12,-0.12,-3.2));
#8726 = LINE('',#8727,#8728);
#8727 = CARTESIAN_POINT('',(4.68,-0.12,-3.2));
#8728 = VECTOR('',#8729,1.);
#8729 = DIRECTION('',(1.,0.,0.));
#8730 = ORIENTED_EDGE('',*,*,#8731,.T.);
#8731 = EDGE_CURVE('',#8724,#7198,#8732,.T.);
#8732 = LINE('',#8733,#8734);
#8733 = CARTESIAN_POINT('',(5.146666666667,-0.146666666667,
    -3.173333333333));
#8734 = VECTOR('',#8735,1.);
#8735 = DIRECTION('',(0.57735026919,-0.57735026919,0.57735026919));
#8736 = ORIENTED_EDGE('',*,*,#7205,.F.);
#8737 = PLANE('',#8738);
#8738 = AXIS2_PLACEMENT_3D('',#8739,#8740,#8741);
#8739 = CARTESIAN_POINT('',(4.68,-0.22,-3.1));
#8740 = DIRECTION('',(1.735417226644E-18,-0.707106781187,-0.707106781187
    ));
#8741 = DIRECTION('',(1.,1.227125289148E-18,1.227125289148E-18));
#8742 = ADVANCED_FACE('',(#8743),#8761,.F.);
#8743 = FACE_BOUND('',#8744,.T.);
#8744 = EDGE_LOOP('',(#8745,#8746,#8754,#8760));
#8745 = ORIENTED_EDGE('',*,*,#8731,.F.);
#8746 = ORIENTED_EDGE('',*,*,#8747,.T.);
#8747 = EDGE_CURVE('',#8724,#8748,#8750,.T.);
#8748 = VERTEX_POINT('',#8749);
#8749 = CARTESIAN_POINT('',(5.12,0.12,-3.2));
#8750 = LINE('',#8751,#8752);
#8751 = CARTESIAN_POINT('',(5.12,-0.32,-3.2));
#8752 = VECTOR('',#8753,1.);
#8753 = DIRECTION('',(0.,1.,0.));
#8754 = ORIENTED_EDGE('',*,*,#8755,.T.);
#8755 = EDGE_CURVE('',#8748,#7220,#8756,.T.);
#8756 = LINE('',#8757,#8758);
#8757 = CARTESIAN_POINT('',(5.04,4.E-02,-3.28));
#8758 = VECTOR('',#8759,1.);
#8759 = DIRECTION('',(0.57735026919,0.57735026919,0.57735026919));
#8760 = ORIENTED_EDGE('',*,*,#7219,.F.);
#8761 = PLANE('',#8762);
#8762 = AXIS2_PLACEMENT_3D('',#8763,#8764,#8765);
#8763 = CARTESIAN_POINT('',(5.22,-0.32,-3.1));
#8764 = DIRECTION('',(-0.707106781187,1.735417226644E-18,0.707106781187)
  );
#8765 = DIRECTION('',(-1.227125289148E-18,-1.,1.227125289148E-18));
#8766 = ADVANCED_FACE('',(#8767),#8785,.T.);
#8767 = FACE_BOUND('',#8768,.F.);
#8768 = EDGE_LOOP('',(#8769,#8777,#8783,#8784));
#8769 = ORIENTED_EDGE('',*,*,#8770,.F.);
#8770 = EDGE_CURVE('',#8771,#7244,#8773,.T.);
#8771 = VERTEX_POINT('',#8772);
#8772 = CARTESIAN_POINT('',(4.88,0.12,-3.2));
#8773 = LINE('',#8774,#8775);
#8774 = CARTESIAN_POINT('',(4.853333333333,0.146666666667,
    -3.173333333333));
#8775 = VECTOR('',#8776,1.);
#8776 = DIRECTION('',(-0.57735026919,0.57735026919,0.57735026919));
#8777 = ORIENTED_EDGE('',*,*,#8778,.T.);
#8778 = EDGE_CURVE('',#8771,#8748,#8779,.T.);
#8779 = LINE('',#8780,#8781);
#8780 = CARTESIAN_POINT('',(4.68,0.12,-3.2));
#8781 = VECTOR('',#8782,1.);
#8782 = DIRECTION('',(1.,0.,0.));
#8783 = ORIENTED_EDGE('',*,*,#8755,.T.);
#8784 = ORIENTED_EDGE('',*,*,#7251,.F.);
#8785 = PLANE('',#8786);
#8786 = AXIS2_PLACEMENT_3D('',#8787,#8788,#8789);
#8787 = CARTESIAN_POINT('',(4.68,0.22,-3.1));
#8788 = DIRECTION('',(-1.735417226644E-18,0.707106781187,-0.707106781187
    ));
#8789 = DIRECTION('',(-1.,-1.227125289148E-18,1.227125289148E-18));
#8790 = ADVANCED_FACE('',(#8791),#8802,.T.);
#8791 = FACE_BOUND('',#8792,.F.);
#8792 = EDGE_LOOP('',(#8793,#8794,#8800,#8801));
#8793 = ORIENTED_EDGE('',*,*,#8715,.F.);
#8794 = ORIENTED_EDGE('',*,*,#8795,.T.);
#8795 = EDGE_CURVE('',#8716,#8771,#8796,.T.);
#8796 = LINE('',#8797,#8798);
#8797 = CARTESIAN_POINT('',(4.88,-0.32,-3.2));
#8798 = VECTOR('',#8799,1.);
#8799 = DIRECTION('',(0.,1.,0.));
#8800 = ORIENTED_EDGE('',*,*,#8770,.T.);
#8801 = ORIENTED_EDGE('',*,*,#7267,.F.);
#8802 = PLANE('',#8803);
#8803 = AXIS2_PLACEMENT_3D('',#8804,#8805,#8806);
#8804 = CARTESIAN_POINT('',(4.78,-0.32,-3.1));
#8805 = DIRECTION('',(-0.707106781187,-1.735417226644E-18,
    -0.707106781187));
#8806 = DIRECTION('',(1.227125289148E-18,-1.,1.227125289148E-18));
#8807 = ADVANCED_FACE('',(#8808),#8833,.F.);
#8808 = FACE_BOUND('',#8809,.T.);
#8809 = EDGE_LOOP('',(#8810,#8818,#8826,#8832));
#8810 = ORIENTED_EDGE('',*,*,#8811,.F.);
#8811 = EDGE_CURVE('',#8812,#7285,#8814,.T.);
#8812 = VERTEX_POINT('',#8813);
#8813 = CARTESIAN_POINT('',(7.62,-0.12,-3.2));
#8814 = LINE('',#8815,#8816);
#8815 = CARTESIAN_POINT('',(7.646666666667,-0.146666666667,
    -3.173333333333));
#8816 = VECTOR('',#8817,1.);
#8817 = DIRECTION('',(0.57735026919,-0.57735026919,0.57735026919));
#8818 = ORIENTED_EDGE('',*,*,#8819,.T.);
#8819 = EDGE_CURVE('',#8812,#8820,#8822,.T.);
#8820 = VERTEX_POINT('',#8821);
#8821 = CARTESIAN_POINT('',(7.62,0.12,-3.2));
#8822 = LINE('',#8823,#8824);
#8823 = CARTESIAN_POINT('',(7.62,-0.32,-3.2));
#8824 = VECTOR('',#8825,1.);
#8825 = DIRECTION('',(0.,1.,0.));
#8826 = ORIENTED_EDGE('',*,*,#8827,.T.);
#8827 = EDGE_CURVE('',#8820,#7287,#8828,.T.);
#8828 = LINE('',#8829,#8830);
#8829 = CARTESIAN_POINT('',(7.54,4.E-02,-3.28));
#8830 = VECTOR('',#8831,1.);
#8831 = DIRECTION('',(0.57735026919,0.57735026919,0.57735026919));
#8832 = ORIENTED_EDGE('',*,*,#7284,.F.);
#8833 = PLANE('',#8834);
#8834 = AXIS2_PLACEMENT_3D('',#8835,#8836,#8837);
#8835 = CARTESIAN_POINT('',(7.72,-0.32,-3.1));
#8836 = DIRECTION('',(-0.707106781187,1.735417226644E-18,0.707106781187)
  );
#8837 = DIRECTION('',(-1.227125289148E-18,-1.,1.227125289148E-18));
#8838 = ADVANCED_FACE('',(#8839),#8857,.T.);
#8839 = FACE_BOUND('',#8840,.F.);
#8840 = EDGE_LOOP('',(#8841,#8849,#8855,#8856));
#8841 = ORIENTED_EDGE('',*,*,#8842,.F.);
#8842 = EDGE_CURVE('',#8843,#7316,#8845,.T.);
#8843 = VERTEX_POINT('',#8844);
#8844 = CARTESIAN_POINT('',(7.38,0.12,-3.2));
#8845 = LINE('',#8846,#8847);
#8846 = CARTESIAN_POINT('',(7.353333333333,0.146666666667,
    -3.173333333333));
#8847 = VECTOR('',#8848,1.);
#8848 = DIRECTION('',(-0.57735026919,0.57735026919,0.57735026919));
#8849 = ORIENTED_EDGE('',*,*,#8850,.T.);
#8850 = EDGE_CURVE('',#8843,#8820,#8851,.T.);
#8851 = LINE('',#8852,#8853);
#8852 = CARTESIAN_POINT('',(7.18,0.12,-3.2));
#8853 = VECTOR('',#8854,1.);
#8854 = DIRECTION('',(1.,0.,0.));
#8855 = ORIENTED_EDGE('',*,*,#8827,.T.);
#8856 = ORIENTED_EDGE('',*,*,#7323,.F.);
#8857 = PLANE('',#8858);
#8858 = AXIS2_PLACEMENT_3D('',#8859,#8860,#8861);
#8859 = CARTESIAN_POINT('',(7.18,0.22,-3.1));
#8860 = DIRECTION('',(-1.735417226644E-18,0.707106781187,-0.707106781187
    ));
#8861 = DIRECTION('',(-1.,-1.227125289148E-18,1.227125289148E-18));
#8862 = ADVANCED_FACE('',(#8863),#8881,.T.);
#8863 = FACE_BOUND('',#8864,.F.);
#8864 = EDGE_LOOP('',(#8865,#8873,#8879,#8880));
#8865 = ORIENTED_EDGE('',*,*,#8866,.F.);
#8866 = EDGE_CURVE('',#8867,#7340,#8869,.T.);
#8867 = VERTEX_POINT('',#8868);
#8868 = CARTESIAN_POINT('',(7.38,-0.12,-3.2));
#8869 = LINE('',#8870,#8871);
#8870 = CARTESIAN_POINT('',(7.246666666667,-0.253333333333,
    -3.066666666667));
#8871 = VECTOR('',#8872,1.);
#8872 = DIRECTION('',(-0.57735026919,-0.57735026919,0.57735026919));
#8873 = ORIENTED_EDGE('',*,*,#8874,.T.);
#8874 = EDGE_CURVE('',#8867,#8843,#8875,.T.);
#8875 = LINE('',#8876,#8877);
#8876 = CARTESIAN_POINT('',(7.38,-0.32,-3.2));
#8877 = VECTOR('',#8878,1.);
#8878 = DIRECTION('',(0.,1.,0.));
#8879 = ORIENTED_EDGE('',*,*,#8842,.T.);
#8880 = ORIENTED_EDGE('',*,*,#7339,.F.);
#8881 = PLANE('',#8882);
#8882 = AXIS2_PLACEMENT_3D('',#8883,#8884,#8885);
#8883 = CARTESIAN_POINT('',(7.28,-0.32,-3.1));
#8884 = DIRECTION('',(-0.707106781187,-1.735417226644E-18,
    -0.707106781187));
#8885 = DIRECTION('',(1.227125289148E-18,-1.,1.227125289148E-18));
#8886 = ADVANCED_FACE('',(#8887),#8898,.T.);
#8887 = FACE_BOUND('',#8888,.T.);
#8888 = EDGE_LOOP('',(#8889,#8890,#8896,#8897));
#8889 = ORIENTED_EDGE('',*,*,#8866,.F.);
#8890 = ORIENTED_EDGE('',*,*,#8891,.T.);
#8891 = EDGE_CURVE('',#8867,#8812,#8892,.T.);
#8892 = LINE('',#8893,#8894);
#8893 = CARTESIAN_POINT('',(7.18,-0.12,-3.2));
#8894 = VECTOR('',#8895,1.);
#8895 = DIRECTION('',(1.,0.,0.));
#8896 = ORIENTED_EDGE('',*,*,#8811,.T.);
#8897 = ORIENTED_EDGE('',*,*,#7366,.F.);
#8898 = PLANE('',#8899);
#8899 = AXIS2_PLACEMENT_3D('',#8900,#8901,#8902);
#8900 = CARTESIAN_POINT('',(7.18,-0.22,-3.1));
#8901 = DIRECTION('',(1.735417226644E-18,-0.707106781187,-0.707106781187
    ));
#8902 = DIRECTION('',(1.,1.227125289148E-18,1.227125289148E-18));
#8903 = ADVANCED_FACE('',(#8904),#8929,.F.);
#8904 = FACE_BOUND('',#8905,.T.);
#8905 = EDGE_LOOP('',(#8906,#8914,#8922,#8928));
#8906 = ORIENTED_EDGE('',*,*,#8907,.F.);
#8907 = EDGE_CURVE('',#8908,#7381,#8910,.T.);
#8908 = VERTEX_POINT('',#8909);
#8909 = CARTESIAN_POINT('',(10.12,-0.12,-3.2));
#8910 = LINE('',#8911,#8912);
#8911 = CARTESIAN_POINT('',(10.146666666667,-0.146666666667,
    -3.173333333333));
#8912 = VECTOR('',#8913,1.);
#8913 = DIRECTION('',(0.57735026919,-0.57735026919,0.57735026919));
#8914 = ORIENTED_EDGE('',*,*,#8915,.T.);
#8915 = EDGE_CURVE('',#8908,#8916,#8918,.T.);
#8916 = VERTEX_POINT('',#8917);
#8917 = CARTESIAN_POINT('',(10.12,0.12,-3.2));
#8918 = LINE('',#8919,#8920);
#8919 = CARTESIAN_POINT('',(10.12,-0.32,-3.2));
#8920 = VECTOR('',#8921,1.);
#8921 = DIRECTION('',(0.,1.,0.));
#8922 = ORIENTED_EDGE('',*,*,#8923,.T.);
#8923 = EDGE_CURVE('',#8916,#7383,#8924,.T.);
#8924 = LINE('',#8925,#8926);
#8925 = CARTESIAN_POINT('',(10.04,4.E-02,-3.28));
#8926 = VECTOR('',#8927,1.);
#8927 = DIRECTION('',(0.57735026919,0.57735026919,0.57735026919));
#8928 = ORIENTED_EDGE('',*,*,#7380,.F.);
#8929 = PLANE('',#8930);
#8930 = AXIS2_PLACEMENT_3D('',#8931,#8932,#8933);
#8931 = CARTESIAN_POINT('',(10.22,-0.32,-3.1));
#8932 = DIRECTION('',(-0.707106781187,1.735417226644E-18,0.707106781187)
  );
#8933 = DIRECTION('',(-1.227125289148E-18,-1.,1.227125289148E-18));
#8934 = ADVANCED_FACE('',(#8935),#8953,.T.);
#8935 = FACE_BOUND('',#8936,.F.);
#8936 = EDGE_LOOP('',(#8937,#8945,#8951,#8952));
#8937 = ORIENTED_EDGE('',*,*,#8938,.F.);
#8938 = EDGE_CURVE('',#8939,#7412,#8941,.T.);
#8939 = VERTEX_POINT('',#8940);
#8940 = CARTESIAN_POINT('',(9.88,0.12,-3.2));
#8941 = LINE('',#8942,#8943);
#8942 = CARTESIAN_POINT('',(9.853333333333,0.146666666667,
    -3.173333333333));
#8943 = VECTOR('',#8944,1.);
#8944 = DIRECTION('',(-0.57735026919,0.57735026919,0.57735026919));
#8945 = ORIENTED_EDGE('',*,*,#8946,.T.);
#8946 = EDGE_CURVE('',#8939,#8916,#8947,.T.);
#8947 = LINE('',#8948,#8949);
#8948 = CARTESIAN_POINT('',(9.68,0.12,-3.2));
#8949 = VECTOR('',#8950,1.);
#8950 = DIRECTION('',(1.,0.,0.));
#8951 = ORIENTED_EDGE('',*,*,#8923,.T.);
#8952 = ORIENTED_EDGE('',*,*,#7419,.F.);
#8953 = PLANE('',#8954);
#8954 = AXIS2_PLACEMENT_3D('',#8955,#8956,#8957);
#8955 = CARTESIAN_POINT('',(9.68,0.22,-3.1));
#8956 = DIRECTION('',(-1.735417226644E-18,0.707106781187,-0.707106781187
    ));
#8957 = DIRECTION('',(-1.,-1.227125289148E-18,1.227125289148E-18));
#8958 = ADVANCED_FACE('',(#8959),#8977,.T.);
#8959 = FACE_BOUND('',#8960,.F.);
#8960 = EDGE_LOOP('',(#8961,#8969,#8975,#8976));
#8961 = ORIENTED_EDGE('',*,*,#8962,.F.);
#8962 = EDGE_CURVE('',#8963,#7436,#8965,.T.);
#8963 = VERTEX_POINT('',#8964);
#8964 = CARTESIAN_POINT('',(9.88,-0.12,-3.2));
#8965 = LINE('',#8966,#8967);
#8966 = CARTESIAN_POINT('',(9.746666666667,-0.253333333333,
    -3.066666666667));
#8967 = VECTOR('',#8968,1.);
#8968 = DIRECTION('',(-0.57735026919,-0.57735026919,0.57735026919));
#8969 = ORIENTED_EDGE('',*,*,#8970,.T.);
#8970 = EDGE_CURVE('',#8963,#8939,#8971,.T.);
#8971 = LINE('',#8972,#8973);
#8972 = CARTESIAN_POINT('',(9.88,-0.32,-3.2));
#8973 = VECTOR('',#8974,1.);
#8974 = DIRECTION('',(0.,1.,0.));
#8975 = ORIENTED_EDGE('',*,*,#8938,.T.);
#8976 = ORIENTED_EDGE('',*,*,#7435,.F.);
#8977 = PLANE('',#8978);
#8978 = AXIS2_PLACEMENT_3D('',#8979,#8980,#8981);
#8979 = CARTESIAN_POINT('',(9.78,-0.32,-3.1));
#8980 = DIRECTION('',(-0.707106781187,-1.735417226644E-18,
    -0.707106781187));
#8981 = DIRECTION('',(1.227125289148E-18,-1.,1.227125289148E-18));
#8982 = ADVANCED_FACE('',(#8983),#8994,.T.);
#8983 = FACE_BOUND('',#8984,.T.);
#8984 = EDGE_LOOP('',(#8985,#8986,#8992,#8993));
#8985 = ORIENTED_EDGE('',*,*,#8962,.F.);
#8986 = ORIENTED_EDGE('',*,*,#8987,.T.);
#8987 = EDGE_CURVE('',#8963,#8908,#8988,.T.);
#8988 = LINE('',#8989,#8990);
#8989 = CARTESIAN_POINT('',(9.68,-0.12,-3.2));
#8990 = VECTOR('',#8991,1.);
#8991 = DIRECTION('',(1.,0.,0.));
#8992 = ORIENTED_EDGE('',*,*,#8907,.T.);
#8993 = ORIENTED_EDGE('',*,*,#7462,.F.);
#8994 = PLANE('',#8995);
#8995 = AXIS2_PLACEMENT_3D('',#8996,#8997,#8998);
#8996 = CARTESIAN_POINT('',(9.68,-0.22,-3.1));
#8997 = DIRECTION('',(1.735417226644E-18,-0.707106781187,-0.707106781187
    ));
#8998 = DIRECTION('',(1.,1.227125289148E-18,1.227125289148E-18));
#8999 = ADVANCED_FACE('',(#9000),#9025,.T.);
#9000 = FACE_BOUND('',#9001,.F.);
#9001 = EDGE_LOOP('',(#9002,#9010,#9018,#9024));
#9002 = ORIENTED_EDGE('',*,*,#9003,.F.);
#9003 = EDGE_CURVE('',#9004,#7477,#9006,.T.);
#9004 = VERTEX_POINT('',#9005);
#9005 = CARTESIAN_POINT('',(12.38,-0.12,-3.2));
#9006 = LINE('',#9007,#9008);
#9007 = CARTESIAN_POINT('',(12.246666666667,-0.253333333333,
    -3.066666666667));
#9008 = VECTOR('',#9009,1.);
#9009 = DIRECTION('',(-0.57735026919,-0.57735026919,0.57735026919));
#9010 = ORIENTED_EDGE('',*,*,#9011,.T.);
#9011 = EDGE_CURVE('',#9004,#9012,#9014,.T.);
#9012 = VERTEX_POINT('',#9013);
#9013 = CARTESIAN_POINT('',(12.38,0.12,-3.2));
#9014 = LINE('',#9015,#9016);
#9015 = CARTESIAN_POINT('',(12.38,-0.32,-3.2));
#9016 = VECTOR('',#9017,1.);
#9017 = DIRECTION('',(0.,1.,0.));
#9018 = ORIENTED_EDGE('',*,*,#9019,.T.);
#9019 = EDGE_CURVE('',#9012,#7479,#9020,.T.);
#9020 = LINE('',#9021,#9022);
#9021 = CARTESIAN_POINT('',(12.353333333333,0.146666666667,
    -3.173333333333));
#9022 = VECTOR('',#9023,1.);
#9023 = DIRECTION('',(-0.57735026919,0.57735026919,0.57735026919));
#9024 = ORIENTED_EDGE('',*,*,#7476,.F.);
#9025 = PLANE('',#9026);
#9026 = AXIS2_PLACEMENT_3D('',#9027,#9028,#9029);
#9027 = CARTESIAN_POINT('',(12.28,-0.32,-3.1));
#9028 = DIRECTION('',(-0.707106781187,-1.735417226644E-18,
    -0.707106781187));
#9029 = DIRECTION('',(1.227125289148E-18,-1.,1.227125289148E-18));
#9030 = ADVANCED_FACE('',(#9031),#9049,.T.);
#9031 = FACE_BOUND('',#9032,.T.);
#9032 = EDGE_LOOP('',(#9033,#9034,#9042,#9048));
#9033 = ORIENTED_EDGE('',*,*,#9003,.F.);
#9034 = ORIENTED_EDGE('',*,*,#9035,.T.);
#9035 = EDGE_CURVE('',#9004,#9036,#9038,.T.);
#9036 = VERTEX_POINT('',#9037);
#9037 = CARTESIAN_POINT('',(12.62,-0.12,-3.2));
#9038 = LINE('',#9039,#9040);
#9039 = CARTESIAN_POINT('',(12.18,-0.12,-3.2));
#9040 = VECTOR('',#9041,1.);
#9041 = DIRECTION('',(1.,0.,0.));
#9042 = ORIENTED_EDGE('',*,*,#9043,.T.);
#9043 = EDGE_CURVE('',#9036,#7510,#9044,.T.);
#9044 = LINE('',#9045,#9046);
#9045 = CARTESIAN_POINT('',(12.646666666667,-0.146666666667,
    -3.173333333333));
#9046 = VECTOR('',#9047,1.);
#9047 = DIRECTION('',(0.57735026919,-0.57735026919,0.57735026919));
#9048 = ORIENTED_EDGE('',*,*,#7517,.F.);
#9049 = PLANE('',#9050);
#9050 = AXIS2_PLACEMENT_3D('',#9051,#9052,#9053);
#9051 = CARTESIAN_POINT('',(12.18,-0.22,-3.1));
#9052 = DIRECTION('',(1.735417226644E-18,-0.707106781187,-0.707106781187
    ));
#9053 = DIRECTION('',(1.,1.227125289148E-18,1.227125289148E-18));
#9054 = ADVANCED_FACE('',(#9055),#9073,.F.);
#9055 = FACE_BOUND('',#9056,.T.);
#9056 = EDGE_LOOP('',(#9057,#9058,#9066,#9072));
#9057 = ORIENTED_EDGE('',*,*,#9043,.F.);
#9058 = ORIENTED_EDGE('',*,*,#9059,.T.);
#9059 = EDGE_CURVE('',#9036,#9060,#9062,.T.);
#9060 = VERTEX_POINT('',#9061);
#9061 = CARTESIAN_POINT('',(12.62,0.12,-3.2));
#9062 = LINE('',#9063,#9064);
#9063 = CARTESIAN_POINT('',(12.62,-0.32,-3.2));
#9064 = VECTOR('',#9065,1.);
#9065 = DIRECTION('',(0.,1.,0.));
#9066 = ORIENTED_EDGE('',*,*,#9067,.T.);
#9067 = EDGE_CURVE('',#9060,#7532,#9068,.T.);
#9068 = LINE('',#9069,#9070);
#9069 = CARTESIAN_POINT('',(12.54,4.E-02,-3.28));
#9070 = VECTOR('',#9071,1.);
#9071 = DIRECTION('',(0.57735026919,0.57735026919,0.57735026919));
#9072 = ORIENTED_EDGE('',*,*,#7531,.F.);
#9073 = PLANE('',#9074);
#9074 = AXIS2_PLACEMENT_3D('',#9075,#9076,#9077);
#9075 = CARTESIAN_POINT('',(12.72,-0.32,-3.1));
#9076 = DIRECTION('',(-0.707106781187,1.735417226644E-18,0.707106781187)
  );
#9077 = DIRECTION('',(-1.227125289148E-18,-1.,1.227125289148E-18));
#9078 = ADVANCED_FACE('',(#9079),#9090,.T.);
#9079 = FACE_BOUND('',#9080,.F.);
#9080 = EDGE_LOOP('',(#9081,#9082,#9088,#9089));
#9081 = ORIENTED_EDGE('',*,*,#9019,.F.);
#9082 = ORIENTED_EDGE('',*,*,#9083,.T.);
#9083 = EDGE_CURVE('',#9012,#9060,#9084,.T.);
#9084 = LINE('',#9085,#9086);
#9085 = CARTESIAN_POINT('',(12.18,0.12,-3.2));
#9086 = VECTOR('',#9087,1.);
#9087 = DIRECTION('',(1.,0.,0.));
#9088 = ORIENTED_EDGE('',*,*,#9067,.T.);
#9089 = ORIENTED_EDGE('',*,*,#7556,.F.);
#9090 = PLANE('',#9091);
#9091 = AXIS2_PLACEMENT_3D('',#9092,#9093,#9094);
#9092 = CARTESIAN_POINT('',(12.18,0.22,-3.1));
#9093 = DIRECTION('',(-1.735417226644E-18,0.707106781187,-0.707106781187
    ));
#9094 = DIRECTION('',(-1.,-1.227125289148E-18,1.227125289148E-18));
#9095 = ADVANCED_FACE('',(#9096),#9121,.F.);
#9096 = FACE_BOUND('',#9097,.T.);
#9097 = EDGE_LOOP('',(#9098,#9106,#9114,#9120));
#9098 = ORIENTED_EDGE('',*,*,#9099,.F.);
#9099 = EDGE_CURVE('',#9100,#7573,#9102,.T.);
#9100 = VERTEX_POINT('',#9101);
#9101 = CARTESIAN_POINT('',(15.12,-0.12,-3.2));
#9102 = LINE('',#9103,#9104);
#9103 = CARTESIAN_POINT('',(15.146666666667,-0.146666666667,
    -3.173333333333));
#9104 = VECTOR('',#9105,1.);
#9105 = DIRECTION('',(0.57735026919,-0.57735026919,0.57735026919));
#9106 = ORIENTED_EDGE('',*,*,#9107,.T.);
#9107 = EDGE_CURVE('',#9100,#9108,#9110,.T.);
#9108 = VERTEX_POINT('',#9109);
#9109 = CARTESIAN_POINT('',(15.12,0.12,-3.2));
#9110 = LINE('',#9111,#9112);
#9111 = CARTESIAN_POINT('',(15.12,-0.32,-3.2));
#9112 = VECTOR('',#9113,1.);
#9113 = DIRECTION('',(0.,1.,0.));
#9114 = ORIENTED_EDGE('',*,*,#9115,.T.);
#9115 = EDGE_CURVE('',#9108,#7575,#9116,.T.);
#9116 = LINE('',#9117,#9118);
#9117 = CARTESIAN_POINT('',(15.04,4.E-02,-3.28));
#9118 = VECTOR('',#9119,1.);
#9119 = DIRECTION('',(0.57735026919,0.57735026919,0.57735026919));
#9120 = ORIENTED_EDGE('',*,*,#7572,.F.);
#9121 = PLANE('',#9122);
#9122 = AXIS2_PLACEMENT_3D('',#9123,#9124,#9125);
#9123 = CARTESIAN_POINT('',(15.22,-0.32,-3.1));
#9124 = DIRECTION('',(-0.707106781187,1.735417226644E-18,0.707106781187)
  );
#9125 = DIRECTION('',(-1.227125289148E-18,-1.,1.227125289148E-18));
#9126 = ADVANCED_FACE('',(#9127),#9145,.T.);
#9127 = FACE_BOUND('',#9128,.F.);
#9128 = EDGE_LOOP('',(#9129,#9137,#9143,#9144));
#9129 = ORIENTED_EDGE('',*,*,#9130,.F.);
#9130 = EDGE_CURVE('',#9131,#7604,#9133,.T.);
#9131 = VERTEX_POINT('',#9132);
#9132 = CARTESIAN_POINT('',(14.88,0.12,-3.2));
#9133 = LINE('',#9134,#9135);
#9134 = CARTESIAN_POINT('',(14.853333333333,0.146666666667,
    -3.173333333333));
#9135 = VECTOR('',#9136,1.);
#9136 = DIRECTION('',(-0.57735026919,0.57735026919,0.57735026919));
#9137 = ORIENTED_EDGE('',*,*,#9138,.T.);
#9138 = EDGE_CURVE('',#9131,#9108,#9139,.T.);
#9139 = LINE('',#9140,#9141);
#9140 = CARTESIAN_POINT('',(14.68,0.12,-3.2));
#9141 = VECTOR('',#9142,1.);
#9142 = DIRECTION('',(1.,0.,0.));
#9143 = ORIENTED_EDGE('',*,*,#9115,.T.);
#9144 = ORIENTED_EDGE('',*,*,#7611,.F.);
#9145 = PLANE('',#9146);
#9146 = AXIS2_PLACEMENT_3D('',#9147,#9148,#9149);
#9147 = CARTESIAN_POINT('',(14.68,0.22,-3.1));
#9148 = DIRECTION('',(-1.735417226644E-18,0.707106781187,-0.707106781187
    ));
#9149 = DIRECTION('',(-1.,-1.227125289148E-18,1.227125289148E-18));
#9150 = ADVANCED_FACE('',(#9151),#9169,.T.);
#9151 = FACE_BOUND('',#9152,.F.);
#9152 = EDGE_LOOP('',(#9153,#9161,#9167,#9168));
#9153 = ORIENTED_EDGE('',*,*,#9154,.F.);
#9154 = EDGE_CURVE('',#9155,#7628,#9157,.T.);
#9155 = VERTEX_POINT('',#9156);
#9156 = CARTESIAN_POINT('',(14.88,-0.12,-3.2));
#9157 = LINE('',#9158,#9159);
#9158 = CARTESIAN_POINT('',(14.746666666667,-0.253333333333,
    -3.066666666667));
#9159 = VECTOR('',#9160,1.);
#9160 = DIRECTION('',(-0.57735026919,-0.57735026919,0.57735026919));
#9161 = ORIENTED_EDGE('',*,*,#9162,.T.);
#9162 = EDGE_CURVE('',#9155,#9131,#9163,.T.);
#9163 = LINE('',#9164,#9165);
#9164 = CARTESIAN_POINT('',(14.88,-0.32,-3.2));
#9165 = VECTOR('',#9166,1.);
#9166 = DIRECTION('',(0.,1.,0.));
#9167 = ORIENTED_EDGE('',*,*,#9130,.T.);
#9168 = ORIENTED_EDGE('',*,*,#7627,.F.);
#9169 = PLANE('',#9170);
#9170 = AXIS2_PLACEMENT_3D('',#9171,#9172,#9173);
#9171 = CARTESIAN_POINT('',(14.78,-0.32,-3.1));
#9172 = DIRECTION('',(-0.707106781187,-1.735417226644E-18,
    -0.707106781187));
#9173 = DIRECTION('',(1.227125289148E-18,-1.,1.227125289148E-18));
#9174 = ADVANCED_FACE('',(#9175),#9186,.T.);
#9175 = FACE_BOUND('',#9176,.T.);
#9176 = EDGE_LOOP('',(#9177,#9178,#9184,#9185));
#9177 = ORIENTED_EDGE('',*,*,#9154,.F.);
#9178 = ORIENTED_EDGE('',*,*,#9179,.T.);
#9179 = EDGE_CURVE('',#9155,#9100,#9180,.T.);
#9180 = LINE('',#9181,#9182);
#9181 = CARTESIAN_POINT('',(14.68,-0.12,-3.2));
#9182 = VECTOR('',#9183,1.);
#9183 = DIRECTION('',(1.,0.,0.));
#9184 = ORIENTED_EDGE('',*,*,#9099,.T.);
#9185 = ORIENTED_EDGE('',*,*,#7654,.F.);
#9186 = PLANE('',#9187);
#9187 = AXIS2_PLACEMENT_3D('',#9188,#9189,#9190);
#9188 = CARTESIAN_POINT('',(14.68,-0.22,-3.1));
#9189 = DIRECTION('',(1.735417226644E-18,-0.707106781187,-0.707106781187
    ));
#9190 = DIRECTION('',(1.,1.227125289148E-18,1.227125289148E-18));
#9191 = ADVANCED_FACE('',(#9192),#9233,.T.);
#9192 = FACE_BOUND('',#9193,.F.);
#9193 = EDGE_LOOP('',(#9194,#9204,#9212,#9220,#9226,#9227));
#9194 = ORIENTED_EDGE('',*,*,#9195,.F.);
#9195 = EDGE_CURVE('',#9196,#9198,#9200,.T.);
#9196 = VERTEX_POINT('',#9197);
#9197 = CARTESIAN_POINT('',(17.38,-0.12,-3.2));
#9198 = VERTEX_POINT('',#9199);
#9199 = CARTESIAN_POINT('',(17.182447406934,-0.351192514695,
    -3.002447406934));
#9200 = LINE('',#9201,#9202);
#9201 = CARTESIAN_POINT('',(17.25118310225,-0.270752273427,
    -3.07118310225));
#9202 = VECTOR('',#9203,1.);
#9203 = DIRECTION('',(-0.544770019249,-0.63753529491,0.544770019249));
#9204 = ORIENTED_EDGE('',*,*,#9205,.T.);
#9205 = EDGE_CURVE('',#9196,#9206,#9208,.T.);
#9206 = VERTEX_POINT('',#9207);
#9207 = CARTESIAN_POINT('',(17.38,0.12,-3.2));
#9208 = LINE('',#9209,#9210);
#9209 = CARTESIAN_POINT('',(17.38,-0.32,-3.2));
#9210 = VECTOR('',#9211,1.);
#9211 = DIRECTION('',(0.,1.,0.));
#9212 = ORIENTED_EDGE('',*,*,#9213,.T.);
#9213 = EDGE_CURVE('',#9206,#9214,#9216,.T.);
#9214 = VERTEX_POINT('',#9215);
#9215 = CARTESIAN_POINT('',(17.182447406934,0.288807485305,
    -3.002447406934));
#9216 = LINE('',#9217,#9218);
#9217 = CARTESIAN_POINT('',(17.344302187928,0.150503562587,
    -3.164302187928));
#9218 = VECTOR('',#9219,1.);
#9219 = DIRECTION('',(-0.605209817607,0.517148096144,0.605209817607));
#9220 = ORIENTED_EDGE('',*,*,#9221,.T.);
#9221 = EDGE_CURVE('',#9214,#7671,#9222,.T.);
#9222 = LINE('',#9223,#9224);
#9223 = CARTESIAN_POINT('',(17.256279069767,0.300465116279,
    -3.076279069767));
#9224 = VECTOR('',#9225,1.);
#9225 = DIRECTION('',(-0.702740385383,-0.110959008218,0.702740385383));
#9226 = ORIENTED_EDGE('',*,*,#7668,.F.);
#9227 = ORIENTED_EDGE('',*,*,#9228,.F.);
#9228 = EDGE_CURVE('',#9198,#7669,#9229,.T.);
#9229 = LINE('',#9230,#9231);
#9230 = CARTESIAN_POINT('',(16.800383036936,-0.411518467852,
    -2.620383036936));
#9231 = VECTOR('',#9232,1.);
#9232 = DIRECTION('',(-0.702740385383,-0.110959008218,0.702740385383));
#9233 = PLANE('',#9234);
#9234 = AXIS2_PLACEMENT_3D('',#9235,#9236,#9237);
#9235 = CARTESIAN_POINT('',(17.28,-0.32,-3.1));
#9236 = DIRECTION('',(-0.707106781187,-1.735417226644E-18,
    -0.707106781187));
#9237 = DIRECTION('',(1.227125289148E-18,-1.,1.227125289148E-18));
#9238 = ADVANCED_FACE('',(#9239),#9264,.F.);
#9239 = FACE_BOUND('',#9240,.F.);
#9240 = EDGE_LOOP('',(#9241,#9242,#9248,#9249,#9257,#9263));
#9241 = ORIENTED_EDGE('',*,*,#7717,.F.);
#9242 = ORIENTED_EDGE('',*,*,#9243,.T.);
#9243 = EDGE_CURVE('',#7710,#7790,#9244,.T.);
#9244 = LINE('',#9245,#9246);
#9245 = CARTESIAN_POINT('',(17.18,-0.62,-1.3));
#9246 = VECTOR('',#9247,1.);
#9247 = DIRECTION('',(1.,0.,0.));
#9248 = ORIENTED_EDGE('',*,*,#7797,.T.);
#9249 = ORIENTED_EDGE('',*,*,#9250,.F.);
#9250 = EDGE_CURVE('',#9251,#7756,#9253,.T.);
#9251 = VERTEX_POINT('',#9252);
#9252 = CARTESIAN_POINT('',(17.817552593066,-0.351192514695,
    -3.002447406934));
#9253 = LINE('',#9254,#9255);
#9254 = CARTESIAN_POINT('',(18.041586867305,-0.386566347469,
    -2.778413132695));
#9255 = VECTOR('',#9256,1.);
#9256 = DIRECTION('',(0.702740385383,-0.110959008218,0.702740385383));
#9257 = ORIENTED_EDGE('',*,*,#9258,.F.);
#9258 = EDGE_CURVE('',#9198,#9251,#9259,.T.);
#9259 = LINE('',#9260,#9261);
#9260 = CARTESIAN_POINT('',(17.18,-0.351192514695,-3.002447406934));
#9261 = VECTOR('',#9262,1.);
#9262 = DIRECTION('',(1.,0.,0.));
#9263 = ORIENTED_EDGE('',*,*,#9228,.T.);
#9264 = PLANE('',#9265);
#9265 = AXIS2_PLACEMENT_3D('',#9266,#9267,#9268);
#9266 = CARTESIAN_POINT('',(17.18,-0.62,-1.3));
#9267 = DIRECTION('',(0.,0.987762965329,0.155962573473));
#9268 = DIRECTION('',(0.,0.155962573473,-0.987762965329));
#9269 = ADVANCED_FACE('',(#9270),#9276,.F.);
#9270 = FACE_BOUND('',#9271,.F.);
#9271 = EDGE_LOOP('',(#9272,#9273,#9274,#9275));
#9272 = ORIENTED_EDGE('',*,*,#7741,.T.);
#9273 = ORIENTED_EDGE('',*,*,#7789,.T.);
#9274 = ORIENTED_EDGE('',*,*,#9243,.F.);
#9275 = ORIENTED_EDGE('',*,*,#7709,.F.);
#9276 = PLANE('',#9277);
#9277 = AXIS2_PLACEMENT_3D('',#9278,#9279,#9280);
#9278 = CARTESIAN_POINT('',(17.18,-0.32,-0.7));
#9279 = DIRECTION('',(0.,0.894427191,-0.4472135955));
#9280 = DIRECTION('',(0.,-0.4472135955,-0.894427191));
#9281 = ADVANCED_FACE('',(#9282),#9293,.F.);
#9282 = FACE_BOUND('',#9283,.F.);
#9283 = EDGE_LOOP('',(#9284,#9290,#9291,#9292));
#9284 = ORIENTED_EDGE('',*,*,#9285,.T.);
#9285 = EDGE_CURVE('',#7679,#7766,#9286,.T.);
#9286 = LINE('',#9287,#9288);
#9287 = CARTESIAN_POINT('',(17.18,2.E-02,-1.3));
#9288 = VECTOR('',#9289,1.);
#9289 = DIRECTION('',(1.,0.,0.));
#9290 = ORIENTED_EDGE('',*,*,#7773,.T.);
#9291 = ORIENTED_EDGE('',*,*,#7812,.F.);
#9292 = ORIENTED_EDGE('',*,*,#7686,.F.);
#9293 = PLANE('',#9294);
#9294 = AXIS2_PLACEMENT_3D('',#9295,#9296,#9297);
#9295 = CARTESIAN_POINT('',(17.18,2.E-02,-1.3));
#9296 = DIRECTION('',(0.,-0.894427191,0.4472135955));
#9297 = DIRECTION('',(0.,0.4472135955,0.894427191));
#9298 = ADVANCED_FACE('',(#9299),#9319,.F.);
#9299 = FACE_BOUND('',#9300,.F.);
#9300 = EDGE_LOOP('',(#9301,#9302,#9303,#9311,#9317,#9318));
#9301 = ORIENTED_EDGE('',*,*,#7678,.F.);
#9302 = ORIENTED_EDGE('',*,*,#9221,.F.);
#9303 = ORIENTED_EDGE('',*,*,#9304,.T.);
#9304 = EDGE_CURVE('',#9214,#9305,#9307,.T.);
#9305 = VERTEX_POINT('',#9306);
#9306 = CARTESIAN_POINT('',(17.817552593066,0.288807485305,
    -3.002447406934));
#9307 = LINE('',#9308,#9309);
#9308 = CARTESIAN_POINT('',(17.18,0.288807485305,-3.002447406934));
#9309 = VECTOR('',#9310,1.);
#9310 = DIRECTION('',(1.,0.,0.));
#9311 = ORIENTED_EDGE('',*,*,#9312,.T.);
#9312 = EDGE_CURVE('',#9305,#7758,#9313,.T.);
#9313 = LINE('',#9314,#9315);
#9314 = CARTESIAN_POINT('',(17.585690834473,0.325417236662,
    -3.234309165527));
#9315 = VECTOR('',#9316,1.);
#9316 = DIRECTION('',(0.702740385383,-0.110959008218,0.702740385383));
#9317 = ORIENTED_EDGE('',*,*,#7765,.T.);
#9318 = ORIENTED_EDGE('',*,*,#9285,.F.);
#9319 = PLANE('',#9320);
#9320 = AXIS2_PLACEMENT_3D('',#9321,#9322,#9323);
#9321 = CARTESIAN_POINT('',(17.18,0.32,-3.2));
#9322 = DIRECTION('',(0.,-0.987762965329,-0.155962573473));
#9323 = DIRECTION('',(0.,-0.155962573473,0.987762965329));
#9324 = ADVANCED_FACE('',(#9325),#9352,.F.);
#9325 = FACE_BOUND('',#9326,.T.);
#9326 = EDGE_LOOP('',(#9327,#9335,#9343,#9349,#9350,#9351));
#9327 = ORIENTED_EDGE('',*,*,#9328,.F.);
#9328 = EDGE_CURVE('',#9329,#9251,#9331,.T.);
#9329 = VERTEX_POINT('',#9330);
#9330 = CARTESIAN_POINT('',(17.62,-0.12,-3.2));
#9331 = LINE('',#9332,#9333);
#9332 = CARTESIAN_POINT('',(17.653849098111,-0.159613036666,
    -3.166150901889));
#9333 = VECTOR('',#9334,1.);
#9334 = DIRECTION('',(0.544770019249,-0.63753529491,0.544770019249));
#9335 = ORIENTED_EDGE('',*,*,#9336,.T.);
#9336 = EDGE_CURVE('',#9329,#9337,#9339,.T.);
#9337 = VERTEX_POINT('',#9338);
#9338 = CARTESIAN_POINT('',(17.62,0.12,-3.2));
#9339 = LINE('',#9340,#9341);
#9340 = CARTESIAN_POINT('',(17.62,-0.32,-3.2));
#9341 = VECTOR('',#9342,1.);
#9342 = DIRECTION('',(0.,1.,0.));
#9343 = ORIENTED_EDGE('',*,*,#9344,.T.);
#9344 = EDGE_CURVE('',#9337,#9305,#9345,.T.);
#9345 = LINE('',#9346,#9347);
#9346 = CARTESIAN_POINT('',(17.538488556608,5.034896900541E-02,
    -3.281511443392));
#9347 = VECTOR('',#9348,1.);
#9348 = DIRECTION('',(0.605209817607,0.517148096144,0.605209817607));
#9349 = ORIENTED_EDGE('',*,*,#9312,.T.);
#9350 = ORIENTED_EDGE('',*,*,#7755,.F.);
#9351 = ORIENTED_EDGE('',*,*,#9250,.F.);
#9352 = PLANE('',#9353);
#9353 = AXIS2_PLACEMENT_3D('',#9354,#9355,#9356);
#9354 = CARTESIAN_POINT('',(17.72,-0.32,-3.1));
#9355 = DIRECTION('',(-0.707106781187,1.735417226644E-18,0.707106781187)
  );
#9356 = DIRECTION('',(-1.227125289148E-18,-1.,1.227125289148E-18));
#9357 = ADVANCED_FACE('',(#9358),#9369,.T.);
#9358 = FACE_BOUND('',#9359,.T.);
#9359 = EDGE_LOOP('',(#9360,#9361,#9362,#9368));
#9360 = ORIENTED_EDGE('',*,*,#7909,.F.);
#9361 = ORIENTED_EDGE('',*,*,#7886,.T.);
#9362 = ORIENTED_EDGE('',*,*,#9363,.T.);
#9363 = EDGE_CURVE('',#7879,#7942,#9364,.T.);
#9364 = LINE('',#9365,#9366);
#9365 = CARTESIAN_POINT('',(19.,0.65,6.));
#9366 = VECTOR('',#9367,1.);
#9367 = DIRECTION('',(-0.,-0.,-1.));
#9368 = ORIENTED_EDGE('',*,*,#7941,.F.);
#9369 = PLANE('',#9370);
#9370 = AXIS2_PLACEMENT_3D('',#9371,#9372,#9373);
#9371 = CARTESIAN_POINT('',(19.,-0.814780671729,3.627769701184));
#9372 = DIRECTION('',(-1.,1.847759847436E-31,-3.510527013733E-31));
#9373 = DIRECTION('',(3.510527013733E-31,0.,-1.));
#9374 = ADVANCED_FACE('',(#9375),#9386,.F.);
#9375 = FACE_BOUND('',#9376,.F.);
#9376 = EDGE_LOOP('',(#9377,#9378,#9379,#9385));
#9377 = ORIENTED_EDGE('',*,*,#9363,.T.);
#9378 = ORIENTED_EDGE('',*,*,#7949,.T.);
#9379 = ORIENTED_EDGE('',*,*,#9380,.F.);
#9380 = EDGE_CURVE('',#7871,#7950,#9381,.T.);
#9381 = LINE('',#9382,#9383);
#9382 = CARTESIAN_POINT('',(19.55,0.65,6.));
#9383 = VECTOR('',#9384,1.);
#9384 = DIRECTION('',(-0.,-0.,-1.));
#9385 = ORIENTED_EDGE('',*,*,#7878,.F.);
#9386 = PLANE('',#9387);
#9387 = AXIS2_PLACEMENT_3D('',#9388,#9389,#9390);
#9388 = CARTESIAN_POINT('',(19.,0.65,6.));
#9389 = DIRECTION('',(0.,-1.,0.));
#9390 = DIRECTION('',(1.,0.,0.));
#9391 = ADVANCED_FACE('',(#9392),#9403,.F.);
#9392 = FACE_BOUND('',#9393,.F.);
#9393 = EDGE_LOOP('',(#9394,#9395,#9396,#9402));
#9394 = ORIENTED_EDGE('',*,*,#9380,.T.);
#9395 = ORIENTED_EDGE('',*,*,#7957,.T.);
#9396 = ORIENTED_EDGE('',*,*,#9397,.F.);
#9397 = EDGE_CURVE('',#7863,#7958,#9398,.T.);
#9398 = LINE('',#9399,#9400);
#9399 = CARTESIAN_POINT('',(19.55,1.15,6.));
#9400 = VECTOR('',#9401,1.);
#9401 = DIRECTION('',(-0.,-0.,-1.));
#9402 = ORIENTED_EDGE('',*,*,#7870,.F.);
#9403 = PLANE('',#9404);
#9404 = AXIS2_PLACEMENT_3D('',#9405,#9406,#9407);
#9405 = CARTESIAN_POINT('',(19.55,0.65,6.));
#9406 = DIRECTION('',(1.,0.,0.));
#9407 = DIRECTION('',(-0.,1.,0.));
#9408 = ADVANCED_FACE('',(#9409),#9420,.F.);
#9409 = FACE_BOUND('',#9410,.F.);
#9410 = EDGE_LOOP('',(#9411,#9412,#9413,#9419));
#9411 = ORIENTED_EDGE('',*,*,#9397,.T.);
#9412 = ORIENTED_EDGE('',*,*,#7965,.T.);
#9413 = ORIENTED_EDGE('',*,*,#9414,.F.);
#9414 = EDGE_CURVE('',#7855,#7966,#9415,.T.);
#9415 = LINE('',#9416,#9417);
#9416 = CARTESIAN_POINT('',(-2.05,1.15,6.));
#9417 = VECTOR('',#9418,1.);
#9418 = DIRECTION('',(-0.,-0.,-1.));
#9419 = ORIENTED_EDGE('',*,*,#7862,.F.);
#9420 = PLANE('',#9421);
#9421 = AXIS2_PLACEMENT_3D('',#9422,#9423,#9424);
#9422 = CARTESIAN_POINT('',(19.55,1.15,6.));
#9423 = DIRECTION('',(-1.02798428206E-17,1.,0.));
#9424 = DIRECTION('',(-1.,-1.02798428206E-17,0.));
#9425 = ADVANCED_FACE('',(#9426),#9437,.F.);
#9426 = FACE_BOUND('',#9427,.F.);
#9427 = EDGE_LOOP('',(#9428,#9429,#9430,#9436));
#9428 = ORIENTED_EDGE('',*,*,#9414,.T.);
#9429 = ORIENTED_EDGE('',*,*,#7973,.T.);
#9430 = ORIENTED_EDGE('',*,*,#9431,.F.);
#9431 = EDGE_CURVE('',#7847,#7974,#9432,.T.);
#9432 = LINE('',#9433,#9434);
#9433 = CARTESIAN_POINT('',(-2.05,0.65,6.));
#9434 = VECTOR('',#9435,1.);
#9435 = DIRECTION('',(-0.,-0.,-1.));
#9436 = ORIENTED_EDGE('',*,*,#7854,.F.);
#9437 = PLANE('',#9438);
#9438 = AXIS2_PLACEMENT_3D('',#9439,#9440,#9441);
#9439 = CARTESIAN_POINT('',(-2.05,1.15,6.));
#9440 = DIRECTION('',(-1.,0.,0.));
#9441 = DIRECTION('',(0.,-1.,0.));
#9442 = ADVANCED_FACE('',(#9443),#9454,.F.);
#9443 = FACE_BOUND('',#9444,.F.);
#9444 = EDGE_LOOP('',(#9445,#9446,#9447,#9453));
#9445 = ORIENTED_EDGE('',*,*,#9431,.T.);
#9446 = ORIENTED_EDGE('',*,*,#7981,.T.);
#9447 = ORIENTED_EDGE('',*,*,#9448,.F.);
#9448 = EDGE_CURVE('',#7839,#7982,#9449,.T.);
#9449 = LINE('',#9450,#9451);
#9450 = CARTESIAN_POINT('',(-1.5,0.65,6.));
#9451 = VECTOR('',#9452,1.);
#9452 = DIRECTION('',(-0.,-0.,-1.));
#9453 = ORIENTED_EDGE('',*,*,#7846,.F.);
#9454 = PLANE('',#9455);
#9455 = AXIS2_PLACEMENT_3D('',#9456,#9457,#9458);
#9456 = CARTESIAN_POINT('',(-2.05,0.65,6.));
#9457 = DIRECTION('',(0.,-1.,0.));
#9458 = DIRECTION('',(1.,0.,0.));
#9459 = ADVANCED_FACE('',(#9460),#9466,.T.);
#9460 = FACE_BOUND('',#9461,.T.);
#9461 = EDGE_LOOP('',(#9462,#9463,#9464,#9465));
#9462 = ORIENTED_EDGE('',*,*,#7838,.T.);
#9463 = ORIENTED_EDGE('',*,*,#8438,.F.);
#9464 = ORIENTED_EDGE('',*,*,#7989,.F.);
#9465 = ORIENTED_EDGE('',*,*,#9448,.F.);
#9466 = PLANE('',#9467);
#9467 = AXIS2_PLACEMENT_3D('',#9468,#9469,#9470);
#9468 = CARTESIAN_POINT('',(-1.5,-0.814780671729,3.627769701184));
#9469 = DIRECTION('',(1.,4.38114188167E-33,-2.03899282835E-32));
#9470 = DIRECTION('',(2.03899282835E-32,0.,1.));
#9471 = ADVANCED_FACE('',(#9472),#9497,.F.);
#9472 = FACE_BOUND('',#9473,.F.);
#9473 = EDGE_LOOP('',(#9474,#9475,#9483,#9491));
#9474 = ORIENTED_EDGE('',*,*,#8020,.T.);
#9475 = ORIENTED_EDGE('',*,*,#9476,.T.);
#9476 = EDGE_CURVE('',#8023,#9477,#9479,.T.);
#9477 = VERTEX_POINT('',#9478);
#9478 = CARTESIAN_POINT('',(-0.32,0.32,4.9));
#9479 = LINE('',#9480,#9481);
#9480 = CARTESIAN_POINT('',(-0.32,0.32,-0.7));
#9481 = VECTOR('',#9482,1.);
#9482 = DIRECTION('',(0.,0.,1.));
#9483 = ORIENTED_EDGE('',*,*,#9484,.T.);
#9484 = EDGE_CURVE('',#9477,#9485,#9487,.T.);
#9485 = VERTEX_POINT('',#9486);
#9486 = CARTESIAN_POINT('',(-0.32,-0.32,4.9));
#9487 = LINE('',#9488,#9489);
#9488 = CARTESIAN_POINT('',(-0.32,0.32,4.9));
#9489 = VECTOR('',#9490,1.);
#9490 = DIRECTION('',(0.,-1.,0.));
#9491 = ORIENTED_EDGE('',*,*,#9492,.T.);
#9492 = EDGE_CURVE('',#9485,#8021,#9493,.T.);
#9493 = LINE('',#9494,#9495);
#9494 = CARTESIAN_POINT('',(-0.32,-0.32,5.1));
#9495 = VECTOR('',#9496,1.);
#9496 = DIRECTION('',(0.,0.,-1.));
#9497 = PLANE('',#9498);
#9498 = AXIS2_PLACEMENT_3D('',#9499,#9500,#9501);
#9499 = CARTESIAN_POINT('',(-0.32,-4.307486879287E-02,0.926376556288));
#9500 = DIRECTION('',(1.,0.,0.));
#9501 = DIRECTION('',(0.,0.,1.));
#9502 = ADVANCED_FACE('',(#9503),#9521,.F.);
#9503 = FACE_BOUND('',#9504,.F.);
#9504 = EDGE_LOOP('',(#9505,#9506,#9514,#9520));
#9505 = ORIENTED_EDGE('',*,*,#9492,.F.);
#9506 = ORIENTED_EDGE('',*,*,#9507,.T.);
#9507 = EDGE_CURVE('',#9485,#9508,#9510,.T.);
#9508 = VERTEX_POINT('',#9509);
#9509 = CARTESIAN_POINT('',(0.32,-0.32,4.9));
#9510 = LINE('',#9511,#9512);
#9511 = CARTESIAN_POINT('',(-0.32,-0.32,4.9));
#9512 = VECTOR('',#9513,1.);
#9513 = DIRECTION('',(1.,0.,0.));
#9514 = ORIENTED_EDGE('',*,*,#9515,.T.);
#9515 = EDGE_CURVE('',#9508,#8039,#9516,.T.);
#9516 = LINE('',#9517,#9518);
#9517 = CARTESIAN_POINT('',(0.32,-0.32,5.1));
#9518 = VECTOR('',#9519,1.);
#9519 = DIRECTION('',(0.,0.,-1.));
#9520 = ORIENTED_EDGE('',*,*,#8046,.T.);
#9521 = PLANE('',#9522);
#9522 = AXIS2_PLACEMENT_3D('',#9523,#9524,#9525);
#9523 = CARTESIAN_POINT('',(-0.32,-0.32,5.1));
#9524 = DIRECTION('',(0.,1.,0.));
#9525 = DIRECTION('',(0.,0.,-1.));
#9526 = ADVANCED_FACE('',(#9527),#9545,.T.);
#9527 = FACE_BOUND('',#9528,.T.);
#9528 = EDGE_LOOP('',(#9529,#9530,#9538,#9544));
#9529 = ORIENTED_EDGE('',*,*,#8038,.T.);
#9530 = ORIENTED_EDGE('',*,*,#9531,.T.);
#9531 = EDGE_CURVE('',#8031,#9532,#9534,.T.);
#9532 = VERTEX_POINT('',#9533);
#9533 = CARTESIAN_POINT('',(0.32,0.32,4.9));
#9534 = LINE('',#9535,#9536);
#9535 = CARTESIAN_POINT('',(0.32,0.32,-0.7));
#9536 = VECTOR('',#9537,1.);
#9537 = DIRECTION('',(0.,0.,1.));
#9538 = ORIENTED_EDGE('',*,*,#9539,.T.);
#9539 = EDGE_CURVE('',#9532,#9508,#9540,.T.);
#9540 = LINE('',#9541,#9542);
#9541 = CARTESIAN_POINT('',(0.32,0.32,4.9));
#9542 = VECTOR('',#9543,1.);
#9543 = DIRECTION('',(0.,-1.,0.));
#9544 = ORIENTED_EDGE('',*,*,#9515,.T.);
#9545 = PLANE('',#9546);
#9546 = AXIS2_PLACEMENT_3D('',#9547,#9548,#9549);
#9547 = CARTESIAN_POINT('',(0.32,-4.307486879287E-02,0.926376556288));
#9548 = DIRECTION('',(1.,0.,0.));
#9549 = DIRECTION('',(0.,0.,1.));
#9550 = ADVANCED_FACE('',(#9551),#9562,.F.);
#9551 = FACE_BOUND('',#9552,.F.);
#9552 = EDGE_LOOP('',(#9553,#9554,#9555,#9556));
#9553 = ORIENTED_EDGE('',*,*,#9476,.F.);
#9554 = ORIENTED_EDGE('',*,*,#8030,.T.);
#9555 = ORIENTED_EDGE('',*,*,#9531,.T.);
#9556 = ORIENTED_EDGE('',*,*,#9557,.F.);
#9557 = EDGE_CURVE('',#9477,#9532,#9558,.T.);
#9558 = LINE('',#9559,#9560);
#9559 = CARTESIAN_POINT('',(-0.32,0.32,4.9));
#9560 = VECTOR('',#9561,1.);
#9561 = DIRECTION('',(1.,0.,0.));
#9562 = PLANE('',#9563);
#9563 = AXIS2_PLACEMENT_3D('',#9564,#9565,#9566);
#9564 = CARTESIAN_POINT('',(-0.32,0.32,-0.7));
#9565 = DIRECTION('',(0.,-1.,0.));
#9566 = DIRECTION('',(0.,0.,1.));
#9567 = ADVANCED_FACE('',(#9568),#9593,.F.);
#9568 = FACE_BOUND('',#9569,.F.);
#9569 = EDGE_LOOP('',(#9570,#9578,#9586,#9592));
#9570 = ORIENTED_EDGE('',*,*,#9571,.F.);
#9571 = EDGE_CURVE('',#9572,#8057,#9574,.T.);
#9572 = VERTEX_POINT('',#9573);
#9573 = CARTESIAN_POINT('',(4.68,-0.32,4.9));
#9574 = LINE('',#9575,#9576);
#9575 = CARTESIAN_POINT('',(4.68,-0.32,5.1));
#9576 = VECTOR('',#9577,1.);
#9577 = DIRECTION('',(0.,0.,-1.));
#9578 = ORIENTED_EDGE('',*,*,#9579,.T.);
#9579 = EDGE_CURVE('',#9572,#9580,#9582,.T.);
#9580 = VERTEX_POINT('',#9581);
#9581 = CARTESIAN_POINT('',(5.32,-0.32,4.9));
#9582 = LINE('',#9583,#9584);
#9583 = CARTESIAN_POINT('',(4.68,-0.32,4.9));
#9584 = VECTOR('',#9585,1.);
#9585 = DIRECTION('',(1.,0.,0.));
#9586 = ORIENTED_EDGE('',*,*,#9587,.T.);
#9587 = EDGE_CURVE('',#9580,#8055,#9588,.T.);
#9588 = LINE('',#9589,#9590);
#9589 = CARTESIAN_POINT('',(5.32,-0.32,5.1));
#9590 = VECTOR('',#9591,1.);
#9591 = DIRECTION('',(0.,0.,-1.));
#9592 = ORIENTED_EDGE('',*,*,#8054,.T.);
#9593 = PLANE('',#9594);
#9594 = AXIS2_PLACEMENT_3D('',#9595,#9596,#9597);
#9595 = CARTESIAN_POINT('',(4.68,-0.32,5.1));
#9596 = DIRECTION('',(0.,1.,0.));
#9597 = DIRECTION('',(0.,0.,-1.));
#9598 = ADVANCED_FACE('',(#9599),#9617,.T.);
#9599 = FACE_BOUND('',#9600,.T.);
#9600 = EDGE_LOOP('',(#9601,#9602,#9610,#9616));
#9601 = ORIENTED_EDGE('',*,*,#8080,.T.);
#9602 = ORIENTED_EDGE('',*,*,#9603,.T.);
#9603 = EDGE_CURVE('',#8073,#9604,#9606,.T.);
#9604 = VERTEX_POINT('',#9605);
#9605 = CARTESIAN_POINT('',(5.32,0.32,4.9));
#9606 = LINE('',#9607,#9608);
#9607 = CARTESIAN_POINT('',(5.32,0.32,-3.2));
#9608 = VECTOR('',#9609,1.);
#9609 = DIRECTION('',(0.,0.,1.));
#9610 = ORIENTED_EDGE('',*,*,#9611,.T.);
#9611 = EDGE_CURVE('',#9604,#9580,#9612,.T.);
#9612 = LINE('',#9613,#9614);
#9613 = CARTESIAN_POINT('',(5.32,0.32,4.9));
#9614 = VECTOR('',#9615,1.);
#9615 = DIRECTION('',(0.,-1.,0.));
#9616 = ORIENTED_EDGE('',*,*,#9587,.T.);
#9617 = PLANE('',#9618);
#9618 = AXIS2_PLACEMENT_3D('',#9619,#9620,#9621);
#9619 = CARTESIAN_POINT('',(5.32,0.,0.95));
#9620 = DIRECTION('',(1.,0.,0.));
#9621 = DIRECTION('',(0.,0.,1.));
#9622 = ADVANCED_FACE('',(#9623),#9641,.F.);
#9623 = FACE_BOUND('',#9624,.F.);
#9624 = EDGE_LOOP('',(#9625,#9633,#9634,#9635));
#9625 = ORIENTED_EDGE('',*,*,#9626,.F.);
#9626 = EDGE_CURVE('',#8065,#9627,#9629,.T.);
#9627 = VERTEX_POINT('',#9628);
#9628 = CARTESIAN_POINT('',(4.68,0.32,4.9));
#9629 = LINE('',#9630,#9631);
#9630 = CARTESIAN_POINT('',(4.68,0.32,-3.2));
#9631 = VECTOR('',#9632,1.);
#9632 = DIRECTION('',(0.,0.,1.));
#9633 = ORIENTED_EDGE('',*,*,#8072,.T.);
#9634 = ORIENTED_EDGE('',*,*,#9603,.T.);
#9635 = ORIENTED_EDGE('',*,*,#9636,.F.);
#9636 = EDGE_CURVE('',#9627,#9604,#9637,.T.);
#9637 = LINE('',#9638,#9639);
#9638 = CARTESIAN_POINT('',(4.68,0.32,4.9));
#9639 = VECTOR('',#9640,1.);
#9640 = DIRECTION('',(1.,0.,0.));
#9641 = PLANE('',#9642);
#9642 = AXIS2_PLACEMENT_3D('',#9643,#9644,#9645);
#9643 = CARTESIAN_POINT('',(4.68,0.32,-3.2));
#9644 = DIRECTION('',(0.,-1.,0.));
#9645 = DIRECTION('',(0.,0.,1.));
#9646 = ADVANCED_FACE('',(#9647),#9658,.F.);
#9647 = FACE_BOUND('',#9648,.F.);
#9648 = EDGE_LOOP('',(#9649,#9650,#9651,#9657));
#9649 = ORIENTED_EDGE('',*,*,#8064,.T.);
#9650 = ORIENTED_EDGE('',*,*,#9626,.T.);
#9651 = ORIENTED_EDGE('',*,*,#9652,.T.);
#9652 = EDGE_CURVE('',#9627,#9572,#9653,.T.);
#9653 = LINE('',#9654,#9655);
#9654 = CARTESIAN_POINT('',(4.68,0.32,4.9));
#9655 = VECTOR('',#9656,1.);
#9656 = DIRECTION('',(0.,-1.,0.));
#9657 = ORIENTED_EDGE('',*,*,#9571,.T.);
#9658 = PLANE('',#9659);
#9659 = AXIS2_PLACEMENT_3D('',#9660,#9661,#9662);
#9660 = CARTESIAN_POINT('',(4.68,0.,0.95));
#9661 = DIRECTION('',(1.,0.,0.));
#9662 = DIRECTION('',(0.,0.,1.));
#9663 = ADVANCED_FACE('',(#9664),#9689,.T.);
#9664 = FACE_BOUND('',#9665,.T.);
#9665 = EDGE_LOOP('',(#9666,#9667,#9675,#9683));
#9666 = ORIENTED_EDGE('',*,*,#8088,.T.);
#9667 = ORIENTED_EDGE('',*,*,#9668,.T.);
#9668 = EDGE_CURVE('',#8091,#9669,#9671,.T.);
#9669 = VERTEX_POINT('',#9670);
#9670 = CARTESIAN_POINT('',(2.82,0.32,4.9));
#9671 = LINE('',#9672,#9673);
#9672 = CARTESIAN_POINT('',(2.82,0.32,-3.2));
#9673 = VECTOR('',#9674,1.);
#9674 = DIRECTION('',(0.,0.,1.));
#9675 = ORIENTED_EDGE('',*,*,#9676,.T.);
#9676 = EDGE_CURVE('',#9669,#9677,#9679,.T.);
#9677 = VERTEX_POINT('',#9678);
#9678 = CARTESIAN_POINT('',(2.82,-0.32,4.9));
#9679 = LINE('',#9680,#9681);
#9680 = CARTESIAN_POINT('',(2.82,0.32,4.9));
#9681 = VECTOR('',#9682,1.);
#9682 = DIRECTION('',(0.,-1.,0.));
#9683 = ORIENTED_EDGE('',*,*,#9684,.T.);
#9684 = EDGE_CURVE('',#9677,#8089,#9685,.T.);
#9685 = LINE('',#9686,#9687);
#9686 = CARTESIAN_POINT('',(2.82,-0.32,5.1));
#9687 = VECTOR('',#9688,1.);
#9688 = DIRECTION('',(0.,0.,-1.));
#9689 = PLANE('',#9690);
#9690 = AXIS2_PLACEMENT_3D('',#9691,#9692,#9693);
#9691 = CARTESIAN_POINT('',(2.82,0.,0.95));
#9692 = DIRECTION('',(1.,0.,0.));
#9693 = DIRECTION('',(0.,0.,1.));
#9694 = ADVANCED_FACE('',(#9695),#9713,.F.);
#9695 = FACE_BOUND('',#9696,.F.);
#9696 = EDGE_LOOP('',(#9697,#9705,#9706,#9707));
#9697 = ORIENTED_EDGE('',*,*,#9698,.F.);
#9698 = EDGE_CURVE('',#8107,#9699,#9701,.T.);
#9699 = VERTEX_POINT('',#9700);
#9700 = CARTESIAN_POINT('',(2.18,0.32,4.9));
#9701 = LINE('',#9702,#9703);
#9702 = CARTESIAN_POINT('',(2.18,0.32,-3.2));
#9703 = VECTOR('',#9704,1.);
#9704 = DIRECTION('',(0.,0.,1.));
#9705 = ORIENTED_EDGE('',*,*,#8114,.T.);
#9706 = ORIENTED_EDGE('',*,*,#9668,.T.);
#9707 = ORIENTED_EDGE('',*,*,#9708,.F.);
#9708 = EDGE_CURVE('',#9699,#9669,#9709,.T.);
#9709 = LINE('',#9710,#9711);
#9710 = CARTESIAN_POINT('',(2.18,0.32,4.9));
#9711 = VECTOR('',#9712,1.);
#9712 = DIRECTION('',(1.,0.,0.));
#9713 = PLANE('',#9714);
#9714 = AXIS2_PLACEMENT_3D('',#9715,#9716,#9717);
#9715 = CARTESIAN_POINT('',(2.18,0.32,-3.2));
#9716 = DIRECTION('',(0.,-1.,0.));
#9717 = DIRECTION('',(0.,0.,1.));
#9718 = ADVANCED_FACE('',(#9719),#9737,.F.);
#9719 = FACE_BOUND('',#9720,.F.);
#9720 = EDGE_LOOP('',(#9721,#9722,#9723,#9731));
#9721 = ORIENTED_EDGE('',*,*,#8106,.T.);
#9722 = ORIENTED_EDGE('',*,*,#9698,.T.);
#9723 = ORIENTED_EDGE('',*,*,#9724,.T.);
#9724 = EDGE_CURVE('',#9699,#9725,#9727,.T.);
#9725 = VERTEX_POINT('',#9726);
#9726 = CARTESIAN_POINT('',(2.18,-0.32,4.9));
#9727 = LINE('',#9728,#9729);
#9728 = CARTESIAN_POINT('',(2.18,0.32,4.9));
#9729 = VECTOR('',#9730,1.);
#9730 = DIRECTION('',(0.,-1.,0.));
#9731 = ORIENTED_EDGE('',*,*,#9732,.T.);
#9732 = EDGE_CURVE('',#9725,#8099,#9733,.T.);
#9733 = LINE('',#9734,#9735);
#9734 = CARTESIAN_POINT('',(2.18,-0.32,5.1));
#9735 = VECTOR('',#9736,1.);
#9736 = DIRECTION('',(0.,0.,-1.));
#9737 = PLANE('',#9738);
#9738 = AXIS2_PLACEMENT_3D('',#9739,#9740,#9741);
#9739 = CARTESIAN_POINT('',(2.18,0.,0.95));
#9740 = DIRECTION('',(1.,0.,0.));
#9741 = DIRECTION('',(0.,0.,1.));
#9742 = ADVANCED_FACE('',(#9743),#9754,.F.);
#9743 = FACE_BOUND('',#9744,.F.);
#9744 = EDGE_LOOP('',(#9745,#9746,#9752,#9753));
#9745 = ORIENTED_EDGE('',*,*,#9732,.F.);
#9746 = ORIENTED_EDGE('',*,*,#9747,.T.);
#9747 = EDGE_CURVE('',#9725,#9677,#9748,.T.);
#9748 = LINE('',#9749,#9750);
#9749 = CARTESIAN_POINT('',(2.18,-0.32,4.9));
#9750 = VECTOR('',#9751,1.);
#9751 = DIRECTION('',(1.,0.,0.));
#9752 = ORIENTED_EDGE('',*,*,#9684,.T.);
#9753 = ORIENTED_EDGE('',*,*,#8098,.T.);
#9754 = PLANE('',#9755);
#9755 = AXIS2_PLACEMENT_3D('',#9756,#9757,#9758);
#9756 = CARTESIAN_POINT('',(2.18,-0.32,5.1));
#9757 = DIRECTION('',(0.,1.,0.));
#9758 = DIRECTION('',(0.,0.,-1.));
#9759 = ADVANCED_FACE('',(#9760),#9785,.T.);
#9760 = FACE_BOUND('',#9761,.T.);
#9761 = EDGE_LOOP('',(#9762,#9763,#9771,#9779));
#9762 = ORIENTED_EDGE('',*,*,#8122,.T.);
#9763 = ORIENTED_EDGE('',*,*,#9764,.T.);
#9764 = EDGE_CURVE('',#8125,#9765,#9767,.T.);
#9765 = VERTEX_POINT('',#9766);
#9766 = CARTESIAN_POINT('',(10.32,0.32,4.9));
#9767 = LINE('',#9768,#9769);
#9768 = CARTESIAN_POINT('',(10.32,0.32,-3.2));
#9769 = VECTOR('',#9770,1.);
#9770 = DIRECTION('',(0.,0.,1.));
#9771 = ORIENTED_EDGE('',*,*,#9772,.T.);
#9772 = EDGE_CURVE('',#9765,#9773,#9775,.T.);
#9773 = VERTEX_POINT('',#9774);
#9774 = CARTESIAN_POINT('',(10.32,-0.32,4.9));
#9775 = LINE('',#9776,#9777);
#9776 = CARTESIAN_POINT('',(10.32,0.32,4.9));
#9777 = VECTOR('',#9778,1.);
#9778 = DIRECTION('',(0.,-1.,0.));
#9779 = ORIENTED_EDGE('',*,*,#9780,.T.);
#9780 = EDGE_CURVE('',#9773,#8123,#9781,.T.);
#9781 = LINE('',#9782,#9783);
#9782 = CARTESIAN_POINT('',(10.32,-0.32,5.1));
#9783 = VECTOR('',#9784,1.);
#9784 = DIRECTION('',(0.,0.,-1.));
#9785 = PLANE('',#9786);
#9786 = AXIS2_PLACEMENT_3D('',#9787,#9788,#9789);
#9787 = CARTESIAN_POINT('',(10.32,0.,0.95));
#9788 = DIRECTION('',(1.,0.,0.));
#9789 = DIRECTION('',(0.,0.,1.));
#9790 = ADVANCED_FACE('',(#9791),#9809,.F.);
#9791 = FACE_BOUND('',#9792,.F.);
#9792 = EDGE_LOOP('',(#9793,#9801,#9802,#9803));
#9793 = ORIENTED_EDGE('',*,*,#9794,.F.);
#9794 = EDGE_CURVE('',#8141,#9795,#9797,.T.);
#9795 = VERTEX_POINT('',#9796);
#9796 = CARTESIAN_POINT('',(9.68,0.32,4.9));
#9797 = LINE('',#9798,#9799);
#9798 = CARTESIAN_POINT('',(9.68,0.32,-3.2));
#9799 = VECTOR('',#9800,1.);
#9800 = DIRECTION('',(0.,0.,1.));
#9801 = ORIENTED_EDGE('',*,*,#8148,.T.);
#9802 = ORIENTED_EDGE('',*,*,#9764,.T.);
#9803 = ORIENTED_EDGE('',*,*,#9804,.F.);
#9804 = EDGE_CURVE('',#9795,#9765,#9805,.T.);
#9805 = LINE('',#9806,#9807);
#9806 = CARTESIAN_POINT('',(9.68,0.32,4.9));
#9807 = VECTOR('',#9808,1.);
#9808 = DIRECTION('',(1.,0.,0.));
#9809 = PLANE('',#9810);
#9810 = AXIS2_PLACEMENT_3D('',#9811,#9812,#9813);
#9811 = CARTESIAN_POINT('',(9.68,0.32,-3.2));
#9812 = DIRECTION('',(0.,-1.,0.));
#9813 = DIRECTION('',(0.,0.,1.));
#9814 = ADVANCED_FACE('',(#9815),#9833,.F.);
#9815 = FACE_BOUND('',#9816,.F.);
#9816 = EDGE_LOOP('',(#9817,#9818,#9819,#9827));
#9817 = ORIENTED_EDGE('',*,*,#8140,.T.);
#9818 = ORIENTED_EDGE('',*,*,#9794,.T.);
#9819 = ORIENTED_EDGE('',*,*,#9820,.T.);
#9820 = EDGE_CURVE('',#9795,#9821,#9823,.T.);
#9821 = VERTEX_POINT('',#9822);
#9822 = CARTESIAN_POINT('',(9.68,-0.32,4.9));
#9823 = LINE('',#9824,#9825);
#9824 = CARTESIAN_POINT('',(9.68,0.32,4.9));
#9825 = VECTOR('',#9826,1.);
#9826 = DIRECTION('',(0.,-1.,0.));
#9827 = ORIENTED_EDGE('',*,*,#9828,.T.);
#9828 = EDGE_CURVE('',#9821,#8133,#9829,.T.);
#9829 = LINE('',#9830,#9831);
#9830 = CARTESIAN_POINT('',(9.68,-0.32,5.1));
#9831 = VECTOR('',#9832,1.);
#9832 = DIRECTION('',(0.,0.,-1.));
#9833 = PLANE('',#9834);
#9834 = AXIS2_PLACEMENT_3D('',#9835,#9836,#9837);
#9835 = CARTESIAN_POINT('',(9.68,0.,0.95));
#9836 = DIRECTION('',(1.,0.,0.));
#9837 = DIRECTION('',(0.,0.,1.));
#9838 = ADVANCED_FACE('',(#9839),#9850,.F.);
#9839 = FACE_BOUND('',#9840,.F.);
#9840 = EDGE_LOOP('',(#9841,#9842,#9848,#9849));
#9841 = ORIENTED_EDGE('',*,*,#9828,.F.);
#9842 = ORIENTED_EDGE('',*,*,#9843,.T.);
#9843 = EDGE_CURVE('',#9821,#9773,#9844,.T.);
#9844 = LINE('',#9845,#9846);
#9845 = CARTESIAN_POINT('',(9.68,-0.32,4.9));
#9846 = VECTOR('',#9847,1.);
#9847 = DIRECTION('',(1.,0.,0.));
#9848 = ORIENTED_EDGE('',*,*,#9780,.T.);
#9849 = ORIENTED_EDGE('',*,*,#8132,.T.);
#9850 = PLANE('',#9851);
#9851 = AXIS2_PLACEMENT_3D('',#9852,#9853,#9854);
#9852 = CARTESIAN_POINT('',(9.68,-0.32,5.1));
#9853 = DIRECTION('',(0.,1.,0.));
#9854 = DIRECTION('',(0.,0.,-1.));
#9855 = ADVANCED_FACE('',(#9856),#9881,.T.);
#9856 = FACE_BOUND('',#9857,.T.);
#9857 = EDGE_LOOP('',(#9858,#9859,#9867,#9875));
#9858 = ORIENTED_EDGE('',*,*,#8156,.T.);
#9859 = ORIENTED_EDGE('',*,*,#9860,.T.);
#9860 = EDGE_CURVE('',#8159,#9861,#9863,.T.);
#9861 = VERTEX_POINT('',#9862);
#9862 = CARTESIAN_POINT('',(7.82,0.32,4.9));
#9863 = LINE('',#9864,#9865);
#9864 = CARTESIAN_POINT('',(7.82,0.32,-3.2));
#9865 = VECTOR('',#9866,1.);
#9866 = DIRECTION('',(0.,0.,1.));
#9867 = ORIENTED_EDGE('',*,*,#9868,.T.);
#9868 = EDGE_CURVE('',#9861,#9869,#9871,.T.);
#9869 = VERTEX_POINT('',#9870);
#9870 = CARTESIAN_POINT('',(7.82,-0.32,4.9));
#9871 = LINE('',#9872,#9873);
#9872 = CARTESIAN_POINT('',(7.82,0.32,4.9));
#9873 = VECTOR('',#9874,1.);
#9874 = DIRECTION('',(0.,-1.,0.));
#9875 = ORIENTED_EDGE('',*,*,#9876,.T.);
#9876 = EDGE_CURVE('',#9869,#8157,#9877,.T.);
#9877 = LINE('',#9878,#9879);
#9878 = CARTESIAN_POINT('',(7.82,-0.32,5.1));
#9879 = VECTOR('',#9880,1.);
#9880 = DIRECTION('',(0.,0.,-1.));
#9881 = PLANE('',#9882);
#9882 = AXIS2_PLACEMENT_3D('',#9883,#9884,#9885);
#9883 = CARTESIAN_POINT('',(7.82,0.,0.95));
#9884 = DIRECTION('',(1.,0.,0.));
#9885 = DIRECTION('',(0.,0.,1.));
#9886 = ADVANCED_FACE('',(#9887),#9905,.F.);
#9887 = FACE_BOUND('',#9888,.F.);
#9888 = EDGE_LOOP('',(#9889,#9897,#9898,#9899));
#9889 = ORIENTED_EDGE('',*,*,#9890,.F.);
#9890 = EDGE_CURVE('',#8175,#9891,#9893,.T.);
#9891 = VERTEX_POINT('',#9892);
#9892 = CARTESIAN_POINT('',(7.18,0.32,4.9));
#9893 = LINE('',#9894,#9895);
#9894 = CARTESIAN_POINT('',(7.18,0.32,-3.2));
#9895 = VECTOR('',#9896,1.);
#9896 = DIRECTION('',(0.,0.,1.));
#9897 = ORIENTED_EDGE('',*,*,#8182,.T.);
#9898 = ORIENTED_EDGE('',*,*,#9860,.T.);
#9899 = ORIENTED_EDGE('',*,*,#9900,.F.);
#9900 = EDGE_CURVE('',#9891,#9861,#9901,.T.);
#9901 = LINE('',#9902,#9903);
#9902 = CARTESIAN_POINT('',(7.18,0.32,4.9));
#9903 = VECTOR('',#9904,1.);
#9904 = DIRECTION('',(1.,0.,0.));
#9905 = PLANE('',#9906);
#9906 = AXIS2_PLACEMENT_3D('',#9907,#9908,#9909);
#9907 = CARTESIAN_POINT('',(7.18,0.32,-3.2));
#9908 = DIRECTION('',(0.,-1.,0.));
#9909 = DIRECTION('',(0.,0.,1.));
#9910 = ADVANCED_FACE('',(#9911),#9929,.F.);
#9911 = FACE_BOUND('',#9912,.F.);
#9912 = EDGE_LOOP('',(#9913,#9914,#9915,#9923));
#9913 = ORIENTED_EDGE('',*,*,#8174,.T.);
#9914 = ORIENTED_EDGE('',*,*,#9890,.T.);
#9915 = ORIENTED_EDGE('',*,*,#9916,.T.);
#9916 = EDGE_CURVE('',#9891,#9917,#9919,.T.);
#9917 = VERTEX_POINT('',#9918);
#9918 = CARTESIAN_POINT('',(7.18,-0.32,4.9));
#9919 = LINE('',#9920,#9921);
#9920 = CARTESIAN_POINT('',(7.18,0.32,4.9));
#9921 = VECTOR('',#9922,1.);
#9922 = DIRECTION('',(0.,-1.,0.));
#9923 = ORIENTED_EDGE('',*,*,#9924,.T.);
#9924 = EDGE_CURVE('',#9917,#8167,#9925,.T.);
#9925 = LINE('',#9926,#9927);
#9926 = CARTESIAN_POINT('',(7.18,-0.32,5.1));
#9927 = VECTOR('',#9928,1.);
#9928 = DIRECTION('',(0.,0.,-1.));
#9929 = PLANE('',#9930);
#9930 = AXIS2_PLACEMENT_3D('',#9931,#9932,#9933);
#9931 = CARTESIAN_POINT('',(7.18,0.,0.95));
#9932 = DIRECTION('',(1.,0.,0.));
#9933 = DIRECTION('',(0.,0.,1.));
#9934 = ADVANCED_FACE('',(#9935),#9946,.F.);
#9935 = FACE_BOUND('',#9936,.F.);
#9936 = EDGE_LOOP('',(#9937,#9938,#9944,#9945));
#9937 = ORIENTED_EDGE('',*,*,#9924,.F.);
#9938 = ORIENTED_EDGE('',*,*,#9939,.T.);
#9939 = EDGE_CURVE('',#9917,#9869,#9940,.T.);
#9940 = LINE('',#9941,#9942);
#9941 = CARTESIAN_POINT('',(7.18,-0.32,4.9));
#9942 = VECTOR('',#9943,1.);
#9943 = DIRECTION('',(1.,0.,0.));
#9944 = ORIENTED_EDGE('',*,*,#9876,.T.);
#9945 = ORIENTED_EDGE('',*,*,#8166,.T.);
#9946 = PLANE('',#9947);
#9947 = AXIS2_PLACEMENT_3D('',#9948,#9949,#9950);
#9948 = CARTESIAN_POINT('',(7.18,-0.32,5.1));
#9949 = DIRECTION('',(0.,1.,0.));
#9950 = DIRECTION('',(0.,0.,-1.));
#9951 = ADVANCED_FACE('',(#9952),#9977,.F.);
#9952 = FACE_BOUND('',#9953,.F.);
#9953 = EDGE_LOOP('',(#9954,#9955,#9963,#9971));
#9954 = ORIENTED_EDGE('',*,*,#8190,.T.);
#9955 = ORIENTED_EDGE('',*,*,#9956,.T.);
#9956 = EDGE_CURVE('',#8193,#9957,#9959,.T.);
#9957 = VERTEX_POINT('',#9958);
#9958 = CARTESIAN_POINT('',(17.18,0.32,4.9));
#9959 = LINE('',#9960,#9961);
#9960 = CARTESIAN_POINT('',(17.18,0.32,-0.7));
#9961 = VECTOR('',#9962,1.);
#9962 = DIRECTION('',(0.,0.,1.));
#9963 = ORIENTED_EDGE('',*,*,#9964,.T.);
#9964 = EDGE_CURVE('',#9957,#9965,#9967,.T.);
#9965 = VERTEX_POINT('',#9966);
#9966 = CARTESIAN_POINT('',(17.18,-0.32,4.9));
#9967 = LINE('',#9968,#9969);
#9968 = CARTESIAN_POINT('',(17.18,0.32,4.9));
#9969 = VECTOR('',#9970,1.);
#9970 = DIRECTION('',(0.,-1.,0.));
#9971 = ORIENTED_EDGE('',*,*,#9972,.T.);
#9972 = EDGE_CURVE('',#9965,#8191,#9973,.T.);
#9973 = LINE('',#9974,#9975);
#9974 = CARTESIAN_POINT('',(17.18,-0.32,5.1));
#9975 = VECTOR('',#9976,1.);
#9976 = DIRECTION('',(0.,0.,-1.));
#9977 = PLANE('',#9978);
#9978 = AXIS2_PLACEMENT_3D('',#9979,#9980,#9981);
#9979 = CARTESIAN_POINT('',(17.18,-4.307486879287E-02,0.926376556288));
#9980 = DIRECTION('',(1.,0.,0.));
#9981 = DIRECTION('',(0.,0.,1.));
#9982 = ADVANCED_FACE('',(#9983),#10001,.F.);
#9983 = FACE_BOUND('',#9984,.F.);
#9984 = EDGE_LOOP('',(#9985,#9986,#9994,#10000));
#9985 = ORIENTED_EDGE('',*,*,#9972,.F.);
#9986 = ORIENTED_EDGE('',*,*,#9987,.T.);
#9987 = EDGE_CURVE('',#9965,#9988,#9990,.T.);
#9988 = VERTEX_POINT('',#9989);
#9989 = CARTESIAN_POINT('',(17.82,-0.32,4.9));
#9990 = LINE('',#9991,#9992);
#9991 = CARTESIAN_POINT('',(17.18,-0.32,4.9));
#9992 = VECTOR('',#9993,1.);
#9993 = DIRECTION('',(1.,0.,0.));
#9994 = ORIENTED_EDGE('',*,*,#9995,.T.);
#9995 = EDGE_CURVE('',#9988,#8209,#9996,.T.);
#9996 = LINE('',#9997,#9998);
#9997 = CARTESIAN_POINT('',(17.82,-0.32,5.1));
#9998 = VECTOR('',#9999,1.);
#9999 = DIRECTION('',(0.,0.,-1.));
#10000 = ORIENTED_EDGE('',*,*,#8216,.T.);
#10001 = PLANE('',#10002);
#10002 = AXIS2_PLACEMENT_3D('',#10003,#10004,#10005);
#10003 = CARTESIAN_POINT('',(17.18,-0.32,5.1));
#10004 = DIRECTION('',(0.,1.,0.));
#10005 = DIRECTION('',(0.,0.,-1.));
#10006 = ADVANCED_FACE('',(#10007),#10025,.T.);
#10007 = FACE_BOUND('',#10008,.T.);
#10008 = EDGE_LOOP('',(#10009,#10010,#10018,#10024));
#10009 = ORIENTED_EDGE('',*,*,#8208,.T.);
#10010 = ORIENTED_EDGE('',*,*,#10011,.T.);
#10011 = EDGE_CURVE('',#8201,#10012,#10014,.T.);
#10012 = VERTEX_POINT('',#10013);
#10013 = CARTESIAN_POINT('',(17.82,0.32,4.9));
#10014 = LINE('',#10015,#10016);
#10015 = CARTESIAN_POINT('',(17.82,0.32,-0.7));
#10016 = VECTOR('',#10017,1.);
#10017 = DIRECTION('',(0.,0.,1.));
#10018 = ORIENTED_EDGE('',*,*,#10019,.T.);
#10019 = EDGE_CURVE('',#10012,#9988,#10020,.T.);
#10020 = LINE('',#10021,#10022);
#10021 = CARTESIAN_POINT('',(17.82,0.32,4.9));
#10022 = VECTOR('',#10023,1.);
#10023 = DIRECTION('',(0.,-1.,0.));
#10024 = ORIENTED_EDGE('',*,*,#9995,.T.);
#10025 = PLANE('',#10026);
#10026 = AXIS2_PLACEMENT_3D('',#10027,#10028,#10029);
#10027 = CARTESIAN_POINT('',(17.82,-4.307486879287E-02,0.926376556288));
#10028 = DIRECTION('',(1.,0.,0.));
#10029 = DIRECTION('',(0.,0.,1.));
#10030 = ADVANCED_FACE('',(#10031),#10042,.F.);
#10031 = FACE_BOUND('',#10032,.F.);
#10032 = EDGE_LOOP('',(#10033,#10034,#10035,#10036));
#10033 = ORIENTED_EDGE('',*,*,#9956,.F.);
#10034 = ORIENTED_EDGE('',*,*,#8200,.T.);
#10035 = ORIENTED_EDGE('',*,*,#10011,.T.);
#10036 = ORIENTED_EDGE('',*,*,#10037,.F.);
#10037 = EDGE_CURVE('',#9957,#10012,#10038,.T.);
#10038 = LINE('',#10039,#10040);
#10039 = CARTESIAN_POINT('',(17.18,0.32,4.9));
#10040 = VECTOR('',#10041,1.);
#10041 = DIRECTION('',(1.,0.,0.));
#10042 = PLANE('',#10043);
#10043 = AXIS2_PLACEMENT_3D('',#10044,#10045,#10046);
#10044 = CARTESIAN_POINT('',(17.18,0.32,-0.7));
#10045 = DIRECTION('',(0.,-1.,0.));
#10046 = DIRECTION('',(0.,0.,1.));
#10047 = ADVANCED_FACE('',(#10048),#10073,.T.);
#10048 = FACE_BOUND('',#10049,.T.);
#10049 = EDGE_LOOP('',(#10050,#10051,#10059,#10067));
#10050 = ORIENTED_EDGE('',*,*,#8224,.T.);
#10051 = ORIENTED_EDGE('',*,*,#10052,.T.);
#10052 = EDGE_CURVE('',#8227,#10053,#10055,.T.);
#10053 = VERTEX_POINT('',#10054);
#10054 = CARTESIAN_POINT('',(15.32,0.32,4.9));
#10055 = LINE('',#10056,#10057);
#10056 = CARTESIAN_POINT('',(15.32,0.32,-3.2));
#10057 = VECTOR('',#10058,1.);
#10058 = DIRECTION('',(0.,0.,1.));
#10059 = ORIENTED_EDGE('',*,*,#10060,.T.);
#10060 = EDGE_CURVE('',#10053,#10061,#10063,.T.);
#10061 = VERTEX_POINT('',#10062);
#10062 = CARTESIAN_POINT('',(15.32,-0.32,4.9));
#10063 = LINE('',#10064,#10065);
#10064 = CARTESIAN_POINT('',(15.32,0.32,4.9));
#10065 = VECTOR('',#10066,1.);
#10066 = DIRECTION('',(0.,-1.,0.));
#10067 = ORIENTED_EDGE('',*,*,#10068,.T.);
#10068 = EDGE_CURVE('',#10061,#8225,#10069,.T.);
#10069 = LINE('',#10070,#10071);
#10070 = CARTESIAN_POINT('',(15.32,-0.32,5.1));
#10071 = VECTOR('',#10072,1.);
#10072 = DIRECTION('',(0.,0.,-1.));
#10073 = PLANE('',#10074);
#10074 = AXIS2_PLACEMENT_3D('',#10075,#10076,#10077);
#10075 = CARTESIAN_POINT('',(15.32,0.,0.95));
#10076 = DIRECTION('',(1.,0.,0.));
#10077 = DIRECTION('',(0.,0.,1.));
#10078 = ADVANCED_FACE('',(#10079),#10097,.F.);
#10079 = FACE_BOUND('',#10080,.F.);
#10080 = EDGE_LOOP('',(#10081,#10089,#10090,#10091));
#10081 = ORIENTED_EDGE('',*,*,#10082,.F.);
#10082 = EDGE_CURVE('',#8243,#10083,#10085,.T.);
#10083 = VERTEX_POINT('',#10084);
#10084 = CARTESIAN_POINT('',(14.68,0.32,4.9));
#10085 = LINE('',#10086,#10087);
#10086 = CARTESIAN_POINT('',(14.68,0.32,-3.2));
#10087 = VECTOR('',#10088,1.);
#10088 = DIRECTION('',(0.,0.,1.));
#10089 = ORIENTED_EDGE('',*,*,#8250,.T.);
#10090 = ORIENTED_EDGE('',*,*,#10052,.T.);
#10091 = ORIENTED_EDGE('',*,*,#10092,.F.);
#10092 = EDGE_CURVE('',#10083,#10053,#10093,.T.);
#10093 = LINE('',#10094,#10095);
#10094 = CARTESIAN_POINT('',(14.68,0.32,4.9));
#10095 = VECTOR('',#10096,1.);
#10096 = DIRECTION('',(1.,0.,0.));
#10097 = PLANE('',#10098);
#10098 = AXIS2_PLACEMENT_3D('',#10099,#10100,#10101);
#10099 = CARTESIAN_POINT('',(14.68,0.32,-3.2));
#10100 = DIRECTION('',(0.,-1.,0.));
#10101 = DIRECTION('',(0.,0.,1.));
#10102 = ADVANCED_FACE('',(#10103),#10121,.F.);
#10103 = FACE_BOUND('',#10104,.F.);
#10104 = EDGE_LOOP('',(#10105,#10106,#10107,#10115));
#10105 = ORIENTED_EDGE('',*,*,#8242,.T.);
#10106 = ORIENTED_EDGE('',*,*,#10082,.T.);
#10107 = ORIENTED_EDGE('',*,*,#10108,.T.);
#10108 = EDGE_CURVE('',#10083,#10109,#10111,.T.);
#10109 = VERTEX_POINT('',#10110);
#10110 = CARTESIAN_POINT('',(14.68,-0.32,4.9));
#10111 = LINE('',#10112,#10113);
#10112 = CARTESIAN_POINT('',(14.68,0.32,4.9));
#10113 = VECTOR('',#10114,1.);
#10114 = DIRECTION('',(0.,-1.,0.));
#10115 = ORIENTED_EDGE('',*,*,#10116,.T.);
#10116 = EDGE_CURVE('',#10109,#8235,#10117,.T.);
#10117 = LINE('',#10118,#10119);
#10118 = CARTESIAN_POINT('',(14.68,-0.32,5.1));
#10119 = VECTOR('',#10120,1.);
#10120 = DIRECTION('',(0.,0.,-1.));
#10121 = PLANE('',#10122);
#10122 = AXIS2_PLACEMENT_3D('',#10123,#10124,#10125);
#10123 = CARTESIAN_POINT('',(14.68,0.,0.95));
#10124 = DIRECTION('',(1.,0.,0.));
#10125 = DIRECTION('',(0.,0.,1.));
#10126 = ADVANCED_FACE('',(#10127),#10138,.F.);
#10127 = FACE_BOUND('',#10128,.F.);
#10128 = EDGE_LOOP('',(#10129,#10130,#10136,#10137));
#10129 = ORIENTED_EDGE('',*,*,#10116,.F.);
#10130 = ORIENTED_EDGE('',*,*,#10131,.T.);
#10131 = EDGE_CURVE('',#10109,#10061,#10132,.T.);
#10132 = LINE('',#10133,#10134);
#10133 = CARTESIAN_POINT('',(14.68,-0.32,4.9));
#10134 = VECTOR('',#10135,1.);
#10135 = DIRECTION('',(1.,0.,0.));
#10136 = ORIENTED_EDGE('',*,*,#10068,.T.);
#10137 = ORIENTED_EDGE('',*,*,#8234,.T.);
#10138 = PLANE('',#10139);
#10139 = AXIS2_PLACEMENT_3D('',#10140,#10141,#10142);
#10140 = CARTESIAN_POINT('',(14.68,-0.32,5.1));
#10141 = DIRECTION('',(0.,1.,0.));
#10142 = DIRECTION('',(0.,0.,-1.));
#10143 = ADVANCED_FACE('',(#10144),#10169,.F.);
#10144 = FACE_BOUND('',#10145,.F.);
#10145 = EDGE_LOOP('',(#10146,#10147,#10155,#10163));
#10146 = ORIENTED_EDGE('',*,*,#8258,.T.);
#10147 = ORIENTED_EDGE('',*,*,#10148,.T.);
#10148 = EDGE_CURVE('',#8261,#10149,#10151,.T.);
#10149 = VERTEX_POINT('',#10150);
#10150 = CARTESIAN_POINT('',(12.18,0.32,4.9));
#10151 = LINE('',#10152,#10153);
#10152 = CARTESIAN_POINT('',(12.18,0.32,-3.2));
#10153 = VECTOR('',#10154,1.);
#10154 = DIRECTION('',(0.,0.,1.));
#10155 = ORIENTED_EDGE('',*,*,#10156,.T.);
#10156 = EDGE_CURVE('',#10149,#10157,#10159,.T.);
#10157 = VERTEX_POINT('',#10158);
#10158 = CARTESIAN_POINT('',(12.18,-0.32,4.9));
#10159 = LINE('',#10160,#10161);
#10160 = CARTESIAN_POINT('',(12.18,0.32,4.9));
#10161 = VECTOR('',#10162,1.);
#10162 = DIRECTION('',(0.,-1.,0.));
#10163 = ORIENTED_EDGE('',*,*,#10164,.T.);
#10164 = EDGE_CURVE('',#10157,#8259,#10165,.T.);
#10165 = LINE('',#10166,#10167);
#10166 = CARTESIAN_POINT('',(12.18,-0.32,5.1));
#10167 = VECTOR('',#10168,1.);
#10168 = DIRECTION('',(0.,0.,-1.));
#10169 = PLANE('',#10170);
#10170 = AXIS2_PLACEMENT_3D('',#10171,#10172,#10173);
#10171 = CARTESIAN_POINT('',(12.18,0.,0.95));
#10172 = DIRECTION('',(1.,0.,0.));
#10173 = DIRECTION('',(0.,0.,1.));
#10174 = ADVANCED_FACE('',(#10175),#10193,.F.);
#10175 = FACE_BOUND('',#10176,.F.);
#10176 = EDGE_LOOP('',(#10177,#10178,#10186,#10192));
#10177 = ORIENTED_EDGE('',*,*,#10164,.F.);
#10178 = ORIENTED_EDGE('',*,*,#10179,.T.);
#10179 = EDGE_CURVE('',#10157,#10180,#10182,.T.);
#10180 = VERTEX_POINT('',#10181);
#10181 = CARTESIAN_POINT('',(12.82,-0.32,4.9));
#10182 = LINE('',#10183,#10184);
#10183 = CARTESIAN_POINT('',(12.18,-0.32,4.9));
#10184 = VECTOR('',#10185,1.);
#10185 = DIRECTION('',(1.,0.,0.));
#10186 = ORIENTED_EDGE('',*,*,#10187,.T.);
#10187 = EDGE_CURVE('',#10180,#8277,#10188,.T.);
#10188 = LINE('',#10189,#10190);
#10189 = CARTESIAN_POINT('',(12.82,-0.32,5.1));
#10190 = VECTOR('',#10191,1.);
#10191 = DIRECTION('',(0.,0.,-1.));
#10192 = ORIENTED_EDGE('',*,*,#8284,.T.);
#10193 = PLANE('',#10194);
#10194 = AXIS2_PLACEMENT_3D('',#10195,#10196,#10197);
#10195 = CARTESIAN_POINT('',(12.18,-0.32,5.1));
#10196 = DIRECTION('',(0.,1.,0.));
#10197 = DIRECTION('',(0.,0.,-1.));
#10198 = ADVANCED_FACE('',(#10199),#10217,.T.);
#10199 = FACE_BOUND('',#10200,.T.);
#10200 = EDGE_LOOP('',(#10201,#10202,#10210,#10216));
#10201 = ORIENTED_EDGE('',*,*,#8276,.T.);
#10202 = ORIENTED_EDGE('',*,*,#10203,.T.);
#10203 = EDGE_CURVE('',#8269,#10204,#10206,.T.);
#10204 = VERTEX_POINT('',#10205);
#10205 = CARTESIAN_POINT('',(12.82,0.32,4.9));
#10206 = LINE('',#10207,#10208);
#10207 = CARTESIAN_POINT('',(12.82,0.32,-3.2));
#10208 = VECTOR('',#10209,1.);
#10209 = DIRECTION('',(0.,0.,1.));
#10210 = ORIENTED_EDGE('',*,*,#10211,.T.);
#10211 = EDGE_CURVE('',#10204,#10180,#10212,.T.);
#10212 = LINE('',#10213,#10214);
#10213 = CARTESIAN_POINT('',(12.82,0.32,4.9));
#10214 = VECTOR('',#10215,1.);
#10215 = DIRECTION('',(0.,-1.,0.));
#10216 = ORIENTED_EDGE('',*,*,#10187,.T.);
#10217 = PLANE('',#10218);
#10218 = AXIS2_PLACEMENT_3D('',#10219,#10220,#10221);
#10219 = CARTESIAN_POINT('',(12.82,0.,0.95));
#10220 = DIRECTION('',(1.,0.,0.));
#10221 = DIRECTION('',(0.,0.,1.));
#10222 = ADVANCED_FACE('',(#10223),#10234,.F.);
#10223 = FACE_BOUND('',#10224,.F.);
#10224 = EDGE_LOOP('',(#10225,#10226,#10227,#10228));
#10225 = ORIENTED_EDGE('',*,*,#10148,.F.);
#10226 = ORIENTED_EDGE('',*,*,#8268,.T.);
#10227 = ORIENTED_EDGE('',*,*,#10203,.T.);
#10228 = ORIENTED_EDGE('',*,*,#10229,.F.);
#10229 = EDGE_CURVE('',#10149,#10204,#10230,.T.);
#10230 = LINE('',#10231,#10232);
#10231 = CARTESIAN_POINT('',(12.18,0.32,4.9));
#10232 = VECTOR('',#10233,1.);
#10233 = DIRECTION('',(1.,0.,0.));
#10234 = PLANE('',#10235);
#10235 = AXIS2_PLACEMENT_3D('',#10236,#10237,#10238);
#10236 = CARTESIAN_POINT('',(12.18,0.32,-3.2));
#10237 = DIRECTION('',(0.,-1.,0.));
#10238 = DIRECTION('',(0.,0.,1.));
#10239 = ADVANCED_FACE('',(#10240),#10251,.T.);
#10240 = FACE_BOUND('',#10241,.T.);
#10241 = EDGE_LOOP('',(#10242,#10243,#10249,#10250));
#10242 = ORIENTED_EDGE('',*,*,#8453,.F.);
#10243 = ORIENTED_EDGE('',*,*,#10244,.T.);
#10244 = EDGE_CURVE('',#8454,#8587,#10245,.T.);
#10245 = LINE('',#10246,#10247);
#10246 = CARTESIAN_POINT('',(-0.32,-0.12,-3.2));
#10247 = VECTOR('',#10248,1.);
#10248 = DIRECTION('',(1.,0.,0.));
#10249 = ORIENTED_EDGE('',*,*,#8586,.T.);
#10250 = ORIENTED_EDGE('',*,*,#8516,.F.);
#10251 = PLANE('',#10252);
#10252 = AXIS2_PLACEMENT_3D('',#10253,#10254,#10255);
#10253 = CARTESIAN_POINT('',(-0.32,-0.235596257347,-3.101223703467));
#10254 = DIRECTION('',(-3.471050801573E-18,-0.64962967394,
    -0.760250805153));
#10255 = DIRECTION('',(1.,-2.254897600456E-18,-2.638869166625E-18));
#10256 = ADVANCED_FACE('',(#10257),#10268,.F.);
#10257 = FACE_BOUND('',#10258,.F.);
#10258 = EDGE_LOOP('',(#10259,#10260,#10266,#10267));
#10259 = ORIENTED_EDGE('',*,*,#8594,.T.);
#10260 = ORIENTED_EDGE('',*,*,#10261,.F.);
#10261 = EDGE_CURVE('',#8464,#8595,#10262,.T.);
#10262 = LINE('',#10263,#10264);
#10263 = CARTESIAN_POINT('',(-0.32,0.12,-3.2));
#10264 = VECTOR('',#10265,1.);
#10265 = DIRECTION('',(1.,0.,0.));
#10266 = ORIENTED_EDGE('',*,*,#8463,.F.);
#10267 = ORIENTED_EDGE('',*,*,#10244,.T.);
#10268 = PLANE('',#10269);
#10269 = AXIS2_PLACEMENT_3D('',#10270,#10271,#10272);
#10270 = CARTESIAN_POINT('',(-0.32,-0.32,-3.2));
#10271 = DIRECTION('',(0.,0.,1.));
#10272 = DIRECTION('',(0.,1.,0.));
#10273 = ADVANCED_FACE('',(#10274),#10280,.T.);
#10274 = FACE_BOUND('',#10275,.F.);
#10275 = EDGE_LOOP('',(#10276,#10277,#10278,#10279));
#10276 = ORIENTED_EDGE('',*,*,#8471,.F.);
#10277 = ORIENTED_EDGE('',*,*,#10261,.T.);
#10278 = ORIENTED_EDGE('',*,*,#8602,.T.);
#10279 = ORIENTED_EDGE('',*,*,#8562,.F.);
#10280 = PLANE('',#10281);
#10281 = AXIS2_PLACEMENT_3D('',#10282,#10283,#10284);
#10282 = CARTESIAN_POINT('',(-0.32,0.204403742653,-3.101223703467));
#10283 = DIRECTION('',(0.,0.760250805153,-0.64962967394));
#10284 = DIRECTION('',(-1.,0.,-0.));
#10285 = ADVANCED_FACE('',(#10286),#10292,.F.);
#10286 = FACE_BOUND('',#10287,.F.);
#10287 = EDGE_LOOP('',(#10288,#10289,#10290,#10291));
#10288 = ORIENTED_EDGE('',*,*,#8658,.F.);
#10289 = ORIENTED_EDGE('',*,*,#8682,.F.);
#10290 = ORIENTED_EDGE('',*,*,#8699,.T.);
#10291 = ORIENTED_EDGE('',*,*,#8627,.T.);
#10292 = PLANE('',#10293);
#10293 = AXIS2_PLACEMENT_3D('',#10294,#10295,#10296);
#10294 = CARTESIAN_POINT('',(2.18,-0.32,-3.2));
#10295 = DIRECTION('',(0.,0.,1.));
#10296 = DIRECTION('',(0.,1.,0.));
#10297 = ADVANCED_FACE('',(#10298),#10304,.F.);
#10298 = FACE_BOUND('',#10299,.F.);
#10299 = EDGE_LOOP('',(#10300,#10301,#10302,#10303));
#10300 = ORIENTED_EDGE('',*,*,#8778,.F.);
#10301 = ORIENTED_EDGE('',*,*,#8795,.F.);
#10302 = ORIENTED_EDGE('',*,*,#8723,.T.);
#10303 = ORIENTED_EDGE('',*,*,#8747,.T.);
#10304 = PLANE('',#10305);
#10305 = AXIS2_PLACEMENT_3D('',#10306,#10307,#10308);
#10306 = CARTESIAN_POINT('',(4.68,-0.32,-3.2));
#10307 = DIRECTION('',(0.,0.,1.));
#10308 = DIRECTION('',(0.,1.,0.));
#10309 = ADVANCED_FACE('',(#10310),#10316,.F.);
#10310 = FACE_BOUND('',#10311,.F.);
#10311 = EDGE_LOOP('',(#10312,#10313,#10314,#10315));
#10312 = ORIENTED_EDGE('',*,*,#8850,.F.);
#10313 = ORIENTED_EDGE('',*,*,#8874,.F.);
#10314 = ORIENTED_EDGE('',*,*,#8891,.T.);
#10315 = ORIENTED_EDGE('',*,*,#8819,.T.);
#10316 = PLANE('',#10317);
#10317 = AXIS2_PLACEMENT_3D('',#10318,#10319,#10320);
#10318 = CARTESIAN_POINT('',(7.18,-0.32,-3.2));
#10319 = DIRECTION('',(0.,0.,1.));
#10320 = DIRECTION('',(0.,1.,0.));
#10321 = ADVANCED_FACE('',(#10322),#10328,.F.);
#10322 = FACE_BOUND('',#10323,.F.);
#10323 = EDGE_LOOP('',(#10324,#10325,#10326,#10327));
#10324 = ORIENTED_EDGE('',*,*,#8946,.F.);
#10325 = ORIENTED_EDGE('',*,*,#8970,.F.);
#10326 = ORIENTED_EDGE('',*,*,#8987,.T.);
#10327 = ORIENTED_EDGE('',*,*,#8915,.T.);
#10328 = PLANE('',#10329);
#10329 = AXIS2_PLACEMENT_3D('',#10330,#10331,#10332);
#10330 = CARTESIAN_POINT('',(9.68,-0.32,-3.2));
#10331 = DIRECTION('',(0.,0.,1.));
#10332 = DIRECTION('',(0.,1.,0.));
#10333 = ADVANCED_FACE('',(#10334),#10340,.F.);
#10334 = FACE_BOUND('',#10335,.F.);
#10335 = EDGE_LOOP('',(#10336,#10337,#10338,#10339));
#10336 = ORIENTED_EDGE('',*,*,#9083,.F.);
#10337 = ORIENTED_EDGE('',*,*,#9011,.F.);
#10338 = ORIENTED_EDGE('',*,*,#9035,.T.);
#10339 = ORIENTED_EDGE('',*,*,#9059,.T.);
#10340 = PLANE('',#10341);
#10341 = AXIS2_PLACEMENT_3D('',#10342,#10343,#10344);
#10342 = CARTESIAN_POINT('',(12.18,-0.32,-3.2));
#10343 = DIRECTION('',(0.,0.,1.));
#10344 = DIRECTION('',(0.,1.,0.));
#10345 = ADVANCED_FACE('',(#10346),#10352,.F.);
#10346 = FACE_BOUND('',#10347,.F.);
#10347 = EDGE_LOOP('',(#10348,#10349,#10350,#10351));
#10348 = ORIENTED_EDGE('',*,*,#9138,.F.);
#10349 = ORIENTED_EDGE('',*,*,#9162,.F.);
#10350 = ORIENTED_EDGE('',*,*,#9179,.T.);
#10351 = ORIENTED_EDGE('',*,*,#9107,.T.);
#10352 = PLANE('',#10353);
#10353 = AXIS2_PLACEMENT_3D('',#10354,#10355,#10356);
#10354 = CARTESIAN_POINT('',(14.68,-0.32,-3.2));
#10355 = DIRECTION('',(0.,0.,1.));
#10356 = DIRECTION('',(0.,1.,0.));
#10357 = ADVANCED_FACE('',(#10358),#10369,.T.);
#10358 = FACE_BOUND('',#10359,.T.);
#10359 = EDGE_LOOP('',(#10360,#10361,#10367,#10368));
#10360 = ORIENTED_EDGE('',*,*,#9195,.F.);
#10361 = ORIENTED_EDGE('',*,*,#10362,.T.);
#10362 = EDGE_CURVE('',#9196,#9329,#10363,.T.);
#10363 = LINE('',#10364,#10365);
#10364 = CARTESIAN_POINT('',(17.18,-0.12,-3.2));
#10365 = VECTOR('',#10366,1.);
#10366 = DIRECTION('',(1.,0.,0.));
#10367 = ORIENTED_EDGE('',*,*,#9328,.T.);
#10368 = ORIENTED_EDGE('',*,*,#9258,.F.);
#10369 = PLANE('',#10370);
#10370 = AXIS2_PLACEMENT_3D('',#10371,#10372,#10373);
#10371 = CARTESIAN_POINT('',(17.18,-0.235596257347,-3.101223703467));
#10372 = DIRECTION('',(-3.471050801573E-18,-0.64962967394,
    -0.760250805153));
#10373 = DIRECTION('',(1.,-2.254897600456E-18,-2.638869166625E-18));
#10374 = ADVANCED_FACE('',(#10375),#10386,.F.);
#10375 = FACE_BOUND('',#10376,.F.);
#10376 = EDGE_LOOP('',(#10377,#10378,#10384,#10385));
#10377 = ORIENTED_EDGE('',*,*,#9336,.T.);
#10378 = ORIENTED_EDGE('',*,*,#10379,.F.);
#10379 = EDGE_CURVE('',#9206,#9337,#10380,.T.);
#10380 = LINE('',#10381,#10382);
#10381 = CARTESIAN_POINT('',(17.18,0.12,-3.2));
#10382 = VECTOR('',#10383,1.);
#10383 = DIRECTION('',(1.,0.,0.));
#10384 = ORIENTED_EDGE('',*,*,#9205,.F.);
#10385 = ORIENTED_EDGE('',*,*,#10362,.T.);
#10386 = PLANE('',#10387);
#10387 = AXIS2_PLACEMENT_3D('',#10388,#10389,#10390);
#10388 = CARTESIAN_POINT('',(17.18,-0.32,-3.2));
#10389 = DIRECTION('',(0.,0.,1.));
#10390 = DIRECTION('',(0.,1.,0.));
#10391 = ADVANCED_FACE('',(#10392),#10398,.T.);
#10392 = FACE_BOUND('',#10393,.F.);
#10393 = EDGE_LOOP('',(#10394,#10395,#10396,#10397));
#10394 = ORIENTED_EDGE('',*,*,#9213,.F.);
#10395 = ORIENTED_EDGE('',*,*,#10379,.T.);
#10396 = ORIENTED_EDGE('',*,*,#9344,.T.);
#10397 = ORIENTED_EDGE('',*,*,#9304,.F.);
#10398 = PLANE('',#10399);
#10399 = AXIS2_PLACEMENT_3D('',#10400,#10401,#10402);
#10400 = CARTESIAN_POINT('',(17.18,0.204403742653,-3.101223703467));
#10401 = DIRECTION('',(0.,0.760250805153,-0.64962967394));
#10402 = DIRECTION('',(-1.,0.,-0.));
#10403 = ADVANCED_FACE('',(#10404),#10429,.T.);
#10404 = FACE_BOUND('',#10405,.F.);
#10405 = EDGE_LOOP('',(#10406,#10414,#10422,#10428));
#10406 = ORIENTED_EDGE('',*,*,#10407,.T.);
#10407 = EDGE_CURVE('',#9477,#10408,#10410,.T.);
#10408 = VERTEX_POINT('',#10409);
#10409 = CARTESIAN_POINT('',(-0.12,0.12,5.1));
#10410 = LINE('',#10411,#10412);
#10411 = CARTESIAN_POINT('',(-0.253333333333,0.253333333333,
    4.966666666667));
#10412 = VECTOR('',#10413,1.);
#10413 = DIRECTION('',(0.57735026919,-0.57735026919,0.57735026919));
#10414 = ORIENTED_EDGE('',*,*,#10415,.T.);
#10415 = EDGE_CURVE('',#10408,#10416,#10418,.T.);
#10416 = VERTEX_POINT('',#10417);
#10417 = CARTESIAN_POINT('',(-0.12,-0.12,5.1));
#10418 = LINE('',#10419,#10420);
#10419 = CARTESIAN_POINT('',(-0.12,0.32,5.1));
#10420 = VECTOR('',#10421,1.);
#10421 = DIRECTION('',(0.,-1.,0.));
#10422 = ORIENTED_EDGE('',*,*,#10423,.T.);
#10423 = EDGE_CURVE('',#10416,#9485,#10424,.T.);
#10424 = LINE('',#10425,#10426);
#10425 = CARTESIAN_POINT('',(-0.146666666667,-0.146666666667,
    5.073333333333));
#10426 = VECTOR('',#10427,1.);
#10427 = DIRECTION('',(-0.57735026919,-0.57735026919,-0.57735026919));
#10428 = ORIENTED_EDGE('',*,*,#9484,.F.);
#10429 = PLANE('',#10430);
#10430 = AXIS2_PLACEMENT_3D('',#10431,#10432,#10433);
#10431 = CARTESIAN_POINT('',(-0.22,0.32,5.));
#10432 = DIRECTION('',(-0.707106781187,1.735417226644E-18,0.707106781187
    ));
#10433 = DIRECTION('',(1.227125289148E-18,1.,-1.227125289148E-18));
#10434 = ADVANCED_FACE('',(#10435),#10453,.T.);
#10435 = FACE_BOUND('',#10436,.F.);
#10436 = EDGE_LOOP('',(#10437,#10438,#10446,#10452));
#10437 = ORIENTED_EDGE('',*,*,#10423,.F.);
#10438 = ORIENTED_EDGE('',*,*,#10439,.T.);
#10439 = EDGE_CURVE('',#10416,#10440,#10442,.T.);
#10440 = VERTEX_POINT('',#10441);
#10441 = CARTESIAN_POINT('',(0.12,-0.12,5.1));
#10442 = LINE('',#10443,#10444);
#10443 = CARTESIAN_POINT('',(-0.32,-0.12,5.1));
#10444 = VECTOR('',#10445,1.);
#10445 = DIRECTION('',(1.,0.,0.));
#10446 = ORIENTED_EDGE('',*,*,#10447,.T.);
#10447 = EDGE_CURVE('',#10440,#9508,#10448,.T.);
#10448 = LINE('',#10449,#10450);
#10449 = CARTESIAN_POINT('',(4.E-02,-4.E-02,5.18));
#10450 = VECTOR('',#10451,1.);
#10451 = DIRECTION('',(0.57735026919,-0.57735026919,-0.57735026919));
#10452 = ORIENTED_EDGE('',*,*,#9507,.F.);
#10453 = PLANE('',#10454);
#10454 = AXIS2_PLACEMENT_3D('',#10455,#10456,#10457);
#10455 = CARTESIAN_POINT('',(-0.32,-0.22,5.));
#10456 = DIRECTION('',(-1.735417226644E-18,-0.707106781187,
    0.707106781187));
#10457 = DIRECTION('',(-1.,1.227125289148E-18,-1.227125289148E-18));
#10458 = ADVANCED_FACE('',(#10459),#10477,.F.);
#10459 = FACE_BOUND('',#10460,.T.);
#10460 = EDGE_LOOP('',(#10461,#10469,#10475,#10476));
#10461 = ORIENTED_EDGE('',*,*,#10462,.T.);
#10462 = EDGE_CURVE('',#9532,#10463,#10465,.T.);
#10463 = VERTEX_POINT('',#10464);
#10464 = CARTESIAN_POINT('',(0.12,0.12,5.1));
#10465 = LINE('',#10466,#10467);
#10466 = CARTESIAN_POINT('',(0.146666666667,0.146666666667,
    5.073333333333));
#10467 = VECTOR('',#10468,1.);
#10468 = DIRECTION('',(-0.57735026919,-0.57735026919,0.57735026919));
#10469 = ORIENTED_EDGE('',*,*,#10470,.T.);
#10470 = EDGE_CURVE('',#10463,#10440,#10471,.T.);
#10471 = LINE('',#10472,#10473);
#10472 = CARTESIAN_POINT('',(0.12,0.32,5.1));
#10473 = VECTOR('',#10474,1.);
#10474 = DIRECTION('',(0.,-1.,0.));
#10475 = ORIENTED_EDGE('',*,*,#10447,.T.);
#10476 = ORIENTED_EDGE('',*,*,#9539,.F.);
#10477 = PLANE('',#10478);
#10478 = AXIS2_PLACEMENT_3D('',#10479,#10480,#10481);
#10479 = CARTESIAN_POINT('',(0.22,0.32,5.));
#10480 = DIRECTION('',(-0.707106781187,-1.735417226644E-18,
    -0.707106781187));
#10481 = DIRECTION('',(-1.227125289148E-18,1.,-1.227125289148E-18));
#10482 = ADVANCED_FACE('',(#10483),#10494,.T.);
#10483 = FACE_BOUND('',#10484,.F.);
#10484 = EDGE_LOOP('',(#10485,#10486,#10487,#10488));
#10485 = ORIENTED_EDGE('',*,*,#10407,.F.);
#10486 = ORIENTED_EDGE('',*,*,#9557,.T.);
#10487 = ORIENTED_EDGE('',*,*,#10462,.T.);
#10488 = ORIENTED_EDGE('',*,*,#10489,.F.);
#10489 = EDGE_CURVE('',#10408,#10463,#10490,.T.);
#10490 = LINE('',#10491,#10492);
#10491 = CARTESIAN_POINT('',(-0.32,0.12,5.1));
#10492 = VECTOR('',#10493,1.);
#10493 = DIRECTION('',(1.,0.,0.));
#10494 = PLANE('',#10495);
#10495 = AXIS2_PLACEMENT_3D('',#10496,#10497,#10498);
#10496 = CARTESIAN_POINT('',(-0.32,0.22,5.));
#10497 = DIRECTION('',(1.735417226644E-18,0.707106781187,0.707106781187)
  );
#10498 = DIRECTION('',(-1.,1.227125289148E-18,1.227125289148E-18));
#10499 = ADVANCED_FACE('',(#10500),#10525,.T.);
#10500 = FACE_BOUND('',#10501,.F.);
#10501 = EDGE_LOOP('',(#10502,#10510,#10518,#10524));
#10502 = ORIENTED_EDGE('',*,*,#10503,.F.);
#10503 = EDGE_CURVE('',#10504,#9572,#10506,.T.);
#10504 = VERTEX_POINT('',#10505);
#10505 = CARTESIAN_POINT('',(4.88,-0.12,5.1));
#10506 = LINE('',#10507,#10508);
#10507 = CARTESIAN_POINT('',(4.853333333333,-0.146666666667,
    5.073333333333));
#10508 = VECTOR('',#10509,1.);
#10509 = DIRECTION('',(-0.57735026919,-0.57735026919,-0.57735026919));
#10510 = ORIENTED_EDGE('',*,*,#10511,.T.);
#10511 = EDGE_CURVE('',#10504,#10512,#10514,.T.);
#10512 = VERTEX_POINT('',#10513);
#10513 = CARTESIAN_POINT('',(5.12,-0.12,5.1));
#10514 = LINE('',#10515,#10516);
#10515 = CARTESIAN_POINT('',(4.68,-0.12,5.1));
#10516 = VECTOR('',#10517,1.);
#10517 = DIRECTION('',(1.,0.,0.));
#10518 = ORIENTED_EDGE('',*,*,#10519,.T.);
#10519 = EDGE_CURVE('',#10512,#9580,#10520,.T.);
#10520 = LINE('',#10521,#10522);
#10521 = CARTESIAN_POINT('',(5.04,-4.E-02,5.18));
#10522 = VECTOR('',#10523,1.);
#10523 = DIRECTION('',(0.57735026919,-0.57735026919,-0.57735026919));
#10524 = ORIENTED_EDGE('',*,*,#9579,.F.);
#10525 = PLANE('',#10526);
#10526 = AXIS2_PLACEMENT_3D('',#10527,#10528,#10529);
#10527 = CARTESIAN_POINT('',(4.68,-0.22,5.));
#10528 = DIRECTION('',(-1.735417226644E-18,-0.707106781187,
    0.707106781187));
#10529 = DIRECTION('',(-1.,1.227125289148E-18,-1.227125289148E-18));
#10530 = ADVANCED_FACE('',(#10531),#10549,.F.);
#10531 = FACE_BOUND('',#10532,.T.);
#10532 = EDGE_LOOP('',(#10533,#10541,#10547,#10548));
#10533 = ORIENTED_EDGE('',*,*,#10534,.T.);
#10534 = EDGE_CURVE('',#9604,#10535,#10537,.T.);
#10535 = VERTEX_POINT('',#10536);
#10536 = CARTESIAN_POINT('',(5.12,0.12,5.1));
#10537 = LINE('',#10538,#10539);
#10538 = CARTESIAN_POINT('',(5.146666666667,0.146666666667,
    5.073333333333));
#10539 = VECTOR('',#10540,1.);
#10540 = DIRECTION('',(-0.57735026919,-0.57735026919,0.57735026919));
#10541 = ORIENTED_EDGE('',*,*,#10542,.T.);
#10542 = EDGE_CURVE('',#10535,#10512,#10543,.T.);
#10543 = LINE('',#10544,#10545);
#10544 = CARTESIAN_POINT('',(5.12,0.32,5.1));
#10545 = VECTOR('',#10546,1.);
#10546 = DIRECTION('',(0.,-1.,0.));
#10547 = ORIENTED_EDGE('',*,*,#10519,.T.);
#10548 = ORIENTED_EDGE('',*,*,#9611,.F.);
#10549 = PLANE('',#10550);
#10550 = AXIS2_PLACEMENT_3D('',#10551,#10552,#10553);
#10551 = CARTESIAN_POINT('',(5.22,0.32,5.));
#10552 = DIRECTION('',(-0.707106781187,-1.735417226644E-18,
    -0.707106781187));
#10553 = DIRECTION('',(-1.227125289148E-18,1.,-1.227125289148E-18));
#10554 = ADVANCED_FACE('',(#10555),#10573,.T.);
#10555 = FACE_BOUND('',#10556,.F.);
#10556 = EDGE_LOOP('',(#10557,#10565,#10566,#10567));
#10557 = ORIENTED_EDGE('',*,*,#10558,.F.);
#10558 = EDGE_CURVE('',#9627,#10559,#10561,.T.);
#10559 = VERTEX_POINT('',#10560);
#10560 = CARTESIAN_POINT('',(4.88,0.12,5.1));
#10561 = LINE('',#10562,#10563);
#10562 = CARTESIAN_POINT('',(4.746666666667,0.253333333333,
    4.966666666667));
#10563 = VECTOR('',#10564,1.);
#10564 = DIRECTION('',(0.57735026919,-0.57735026919,0.57735026919));
#10565 = ORIENTED_EDGE('',*,*,#9636,.T.);
#10566 = ORIENTED_EDGE('',*,*,#10534,.T.);
#10567 = ORIENTED_EDGE('',*,*,#10568,.F.);
#10568 = EDGE_CURVE('',#10559,#10535,#10569,.T.);
#10569 = LINE('',#10570,#10571);
#10570 = CARTESIAN_POINT('',(4.68,0.12,5.1));
#10571 = VECTOR('',#10572,1.);
#10572 = DIRECTION('',(1.,0.,0.));
#10573 = PLANE('',#10574);
#10574 = AXIS2_PLACEMENT_3D('',#10575,#10576,#10577);
#10575 = CARTESIAN_POINT('',(4.68,0.22,5.));
#10576 = DIRECTION('',(1.735417226644E-18,0.707106781187,0.707106781187)
  );
#10577 = DIRECTION('',(-1.,1.227125289148E-18,1.227125289148E-18));
#10578 = ADVANCED_FACE('',(#10579),#10590,.T.);
#10579 = FACE_BOUND('',#10580,.F.);
#10580 = EDGE_LOOP('',(#10581,#10582,#10588,#10589));
#10581 = ORIENTED_EDGE('',*,*,#10558,.T.);
#10582 = ORIENTED_EDGE('',*,*,#10583,.T.);
#10583 = EDGE_CURVE('',#10559,#10504,#10584,.T.);
#10584 = LINE('',#10585,#10586);
#10585 = CARTESIAN_POINT('',(4.88,0.32,5.1));
#10586 = VECTOR('',#10587,1.);
#10587 = DIRECTION('',(0.,-1.,0.));
#10588 = ORIENTED_EDGE('',*,*,#10503,.T.);
#10589 = ORIENTED_EDGE('',*,*,#9652,.F.);
#10590 = PLANE('',#10591);
#10591 = AXIS2_PLACEMENT_3D('',#10592,#10593,#10594);
#10592 = CARTESIAN_POINT('',(4.78,0.32,5.));
#10593 = DIRECTION('',(-0.707106781187,1.735417226644E-18,0.707106781187
    ));
#10594 = DIRECTION('',(1.227125289148E-18,1.,-1.227125289148E-18));
#10595 = ADVANCED_FACE('',(#10596),#10621,.F.);
#10596 = FACE_BOUND('',#10597,.T.);
#10597 = EDGE_LOOP('',(#10598,#10606,#10614,#10620));
#10598 = ORIENTED_EDGE('',*,*,#10599,.T.);
#10599 = EDGE_CURVE('',#9669,#10600,#10602,.T.);
#10600 = VERTEX_POINT('',#10601);
#10601 = CARTESIAN_POINT('',(2.62,0.12,5.1));
#10602 = LINE('',#10603,#10604);
#10603 = CARTESIAN_POINT('',(2.646666666667,0.146666666667,
    5.073333333333));
#10604 = VECTOR('',#10605,1.);
#10605 = DIRECTION('',(-0.57735026919,-0.57735026919,0.57735026919));
#10606 = ORIENTED_EDGE('',*,*,#10607,.T.);
#10607 = EDGE_CURVE('',#10600,#10608,#10610,.T.);
#10608 = VERTEX_POINT('',#10609);
#10609 = CARTESIAN_POINT('',(2.62,-0.12,5.1));
#10610 = LINE('',#10611,#10612);
#10611 = CARTESIAN_POINT('',(2.62,0.32,5.1));
#10612 = VECTOR('',#10613,1.);
#10613 = DIRECTION('',(0.,-1.,0.));
#10614 = ORIENTED_EDGE('',*,*,#10615,.T.);
#10615 = EDGE_CURVE('',#10608,#9677,#10616,.T.);
#10616 = LINE('',#10617,#10618);
#10617 = CARTESIAN_POINT('',(2.54,-4.E-02,5.18));
#10618 = VECTOR('',#10619,1.);
#10619 = DIRECTION('',(0.57735026919,-0.57735026919,-0.57735026919));
#10620 = ORIENTED_EDGE('',*,*,#9676,.F.);
#10621 = PLANE('',#10622);
#10622 = AXIS2_PLACEMENT_3D('',#10623,#10624,#10625);
#10623 = CARTESIAN_POINT('',(2.72,0.32,5.));
#10624 = DIRECTION('',(-0.707106781187,-1.735417226644E-18,
    -0.707106781187));
#10625 = DIRECTION('',(-1.227125289148E-18,1.,-1.227125289148E-18));
#10626 = ADVANCED_FACE('',(#10627),#10645,.T.);
#10627 = FACE_BOUND('',#10628,.F.);
#10628 = EDGE_LOOP('',(#10629,#10637,#10638,#10639));
#10629 = ORIENTED_EDGE('',*,*,#10630,.F.);
#10630 = EDGE_CURVE('',#9699,#10631,#10633,.T.);
#10631 = VERTEX_POINT('',#10632);
#10632 = CARTESIAN_POINT('',(2.38,0.12,5.1));
#10633 = LINE('',#10634,#10635);
#10634 = CARTESIAN_POINT('',(2.246666666667,0.253333333333,
    4.966666666667));
#10635 = VECTOR('',#10636,1.);
#10636 = DIRECTION('',(0.57735026919,-0.57735026919,0.57735026919));
#10637 = ORIENTED_EDGE('',*,*,#9708,.T.);
#10638 = ORIENTED_EDGE('',*,*,#10599,.T.);
#10639 = ORIENTED_EDGE('',*,*,#10640,.F.);
#10640 = EDGE_CURVE('',#10631,#10600,#10641,.T.);
#10641 = LINE('',#10642,#10643);
#10642 = CARTESIAN_POINT('',(2.18,0.12,5.1));
#10643 = VECTOR('',#10644,1.);
#10644 = DIRECTION('',(1.,0.,0.));
#10645 = PLANE('',#10646);
#10646 = AXIS2_PLACEMENT_3D('',#10647,#10648,#10649);
#10647 = CARTESIAN_POINT('',(2.18,0.22,5.));
#10648 = DIRECTION('',(1.735417226644E-18,0.707106781187,0.707106781187)
  );
#10649 = DIRECTION('',(-1.,1.227125289148E-18,1.227125289148E-18));
#10650 = ADVANCED_FACE('',(#10651),#10669,.T.);
#10651 = FACE_BOUND('',#10652,.F.);
#10652 = EDGE_LOOP('',(#10653,#10654,#10662,#10668));
#10653 = ORIENTED_EDGE('',*,*,#10630,.T.);
#10654 = ORIENTED_EDGE('',*,*,#10655,.T.);
#10655 = EDGE_CURVE('',#10631,#10656,#10658,.T.);
#10656 = VERTEX_POINT('',#10657);
#10657 = CARTESIAN_POINT('',(2.38,-0.12,5.1));
#10658 = LINE('',#10659,#10660);
#10659 = CARTESIAN_POINT('',(2.38,0.32,5.1));
#10660 = VECTOR('',#10661,1.);
#10661 = DIRECTION('',(0.,-1.,0.));
#10662 = ORIENTED_EDGE('',*,*,#10663,.T.);
#10663 = EDGE_CURVE('',#10656,#9725,#10664,.T.);
#10664 = LINE('',#10665,#10666);
#10665 = CARTESIAN_POINT('',(2.353333333333,-0.146666666667,
    5.073333333333));
#10666 = VECTOR('',#10667,1.);
#10667 = DIRECTION('',(-0.57735026919,-0.57735026919,-0.57735026919));
#10668 = ORIENTED_EDGE('',*,*,#9724,.F.);
#10669 = PLANE('',#10670);
#10670 = AXIS2_PLACEMENT_3D('',#10671,#10672,#10673);
#10671 = CARTESIAN_POINT('',(2.28,0.32,5.));
#10672 = DIRECTION('',(-0.707106781187,1.735417226644E-18,0.707106781187
    ));
#10673 = DIRECTION('',(1.227125289148E-18,1.,-1.227125289148E-18));
#10674 = ADVANCED_FACE('',(#10675),#10686,.T.);
#10675 = FACE_BOUND('',#10676,.F.);
#10676 = EDGE_LOOP('',(#10677,#10678,#10684,#10685));
#10677 = ORIENTED_EDGE('',*,*,#10663,.F.);
#10678 = ORIENTED_EDGE('',*,*,#10679,.T.);
#10679 = EDGE_CURVE('',#10656,#10608,#10680,.T.);
#10680 = LINE('',#10681,#10682);
#10681 = CARTESIAN_POINT('',(2.18,-0.12,5.1));
#10682 = VECTOR('',#10683,1.);
#10683 = DIRECTION('',(1.,0.,0.));
#10684 = ORIENTED_EDGE('',*,*,#10615,.T.);
#10685 = ORIENTED_EDGE('',*,*,#9747,.F.);
#10686 = PLANE('',#10687);
#10687 = AXIS2_PLACEMENT_3D('',#10688,#10689,#10690);
#10688 = CARTESIAN_POINT('',(2.18,-0.22,5.));
#10689 = DIRECTION('',(-1.735417226644E-18,-0.707106781187,
    0.707106781187));
#10690 = DIRECTION('',(-1.,1.227125289148E-18,-1.227125289148E-18));
#10691 = ADVANCED_FACE('',(#10692),#10717,.F.);
#10692 = FACE_BOUND('',#10693,.T.);
#10693 = EDGE_LOOP('',(#10694,#10702,#10710,#10716));
#10694 = ORIENTED_EDGE('',*,*,#10695,.T.);
#10695 = EDGE_CURVE('',#9765,#10696,#10698,.T.);
#10696 = VERTEX_POINT('',#10697);
#10697 = CARTESIAN_POINT('',(10.12,0.12,5.1));
#10698 = LINE('',#10699,#10700);
#10699 = CARTESIAN_POINT('',(10.146666666667,0.146666666667,
    5.073333333333));
#10700 = VECTOR('',#10701,1.);
#10701 = DIRECTION('',(-0.57735026919,-0.57735026919,0.57735026919));
#10702 = ORIENTED_EDGE('',*,*,#10703,.T.);
#10703 = EDGE_CURVE('',#10696,#10704,#10706,.T.);
#10704 = VERTEX_POINT('',#10705);
#10705 = CARTESIAN_POINT('',(10.12,-0.12,5.1));
#10706 = LINE('',#10707,#10708);
#10707 = CARTESIAN_POINT('',(10.12,0.32,5.1));
#10708 = VECTOR('',#10709,1.);
#10709 = DIRECTION('',(0.,-1.,0.));
#10710 = ORIENTED_EDGE('',*,*,#10711,.T.);
#10711 = EDGE_CURVE('',#10704,#9773,#10712,.T.);
#10712 = LINE('',#10713,#10714);
#10713 = CARTESIAN_POINT('',(10.04,-4.E-02,5.18));
#10714 = VECTOR('',#10715,1.);
#10715 = DIRECTION('',(0.57735026919,-0.57735026919,-0.57735026919));
#10716 = ORIENTED_EDGE('',*,*,#9772,.F.);
#10717 = PLANE('',#10718);
#10718 = AXIS2_PLACEMENT_3D('',#10719,#10720,#10721);
#10719 = CARTESIAN_POINT('',(10.22,0.32,5.));
#10720 = DIRECTION('',(-0.707106781187,-1.735417226644E-18,
    -0.707106781187));
#10721 = DIRECTION('',(-1.227125289148E-18,1.,-1.227125289148E-18));
#10722 = ADVANCED_FACE('',(#10723),#10741,.T.);
#10723 = FACE_BOUND('',#10724,.F.);
#10724 = EDGE_LOOP('',(#10725,#10733,#10734,#10735));
#10725 = ORIENTED_EDGE('',*,*,#10726,.F.);
#10726 = EDGE_CURVE('',#9795,#10727,#10729,.T.);
#10727 = VERTEX_POINT('',#10728);
#10728 = CARTESIAN_POINT('',(9.88,0.12,5.1));
#10729 = LINE('',#10730,#10731);
#10730 = CARTESIAN_POINT('',(9.746666666667,0.253333333333,
    4.966666666667));
#10731 = VECTOR('',#10732,1.);
#10732 = DIRECTION('',(0.57735026919,-0.57735026919,0.57735026919));
#10733 = ORIENTED_EDGE('',*,*,#9804,.T.);
#10734 = ORIENTED_EDGE('',*,*,#10695,.T.);
#10735 = ORIENTED_EDGE('',*,*,#10736,.F.);
#10736 = EDGE_CURVE('',#10727,#10696,#10737,.T.);
#10737 = LINE('',#10738,#10739);
#10738 = CARTESIAN_POINT('',(9.68,0.12,5.1));
#10739 = VECTOR('',#10740,1.);
#10740 = DIRECTION('',(1.,0.,0.));
#10741 = PLANE('',#10742);
#10742 = AXIS2_PLACEMENT_3D('',#10743,#10744,#10745);
#10743 = CARTESIAN_POINT('',(9.68,0.22,5.));
#10744 = DIRECTION('',(1.735417226644E-18,0.707106781187,0.707106781187)
  );
#10745 = DIRECTION('',(-1.,1.227125289148E-18,1.227125289148E-18));
#10746 = ADVANCED_FACE('',(#10747),#10765,.T.);
#10747 = FACE_BOUND('',#10748,.F.);
#10748 = EDGE_LOOP('',(#10749,#10750,#10758,#10764));
#10749 = ORIENTED_EDGE('',*,*,#10726,.T.);
#10750 = ORIENTED_EDGE('',*,*,#10751,.T.);
#10751 = EDGE_CURVE('',#10727,#10752,#10754,.T.);
#10752 = VERTEX_POINT('',#10753);
#10753 = CARTESIAN_POINT('',(9.88,-0.12,5.1));
#10754 = LINE('',#10755,#10756);
#10755 = CARTESIAN_POINT('',(9.88,0.32,5.1));
#10756 = VECTOR('',#10757,1.);
#10757 = DIRECTION('',(0.,-1.,0.));
#10758 = ORIENTED_EDGE('',*,*,#10759,.T.);
#10759 = EDGE_CURVE('',#10752,#9821,#10760,.T.);
#10760 = LINE('',#10761,#10762);
#10761 = CARTESIAN_POINT('',(9.853333333333,-0.146666666667,
    5.073333333333));
#10762 = VECTOR('',#10763,1.);
#10763 = DIRECTION('',(-0.57735026919,-0.57735026919,-0.57735026919));
#10764 = ORIENTED_EDGE('',*,*,#9820,.F.);
#10765 = PLANE('',#10766);
#10766 = AXIS2_PLACEMENT_3D('',#10767,#10768,#10769);
#10767 = CARTESIAN_POINT('',(9.78,0.32,5.));
#10768 = DIRECTION('',(-0.707106781187,1.735417226644E-18,0.707106781187
    ));
#10769 = DIRECTION('',(1.227125289148E-18,1.,-1.227125289148E-18));
#10770 = ADVANCED_FACE('',(#10771),#10782,.T.);
#10771 = FACE_BOUND('',#10772,.F.);
#10772 = EDGE_LOOP('',(#10773,#10774,#10780,#10781));
#10773 = ORIENTED_EDGE('',*,*,#10759,.F.);
#10774 = ORIENTED_EDGE('',*,*,#10775,.T.);
#10775 = EDGE_CURVE('',#10752,#10704,#10776,.T.);
#10776 = LINE('',#10777,#10778);
#10777 = CARTESIAN_POINT('',(9.68,-0.12,5.1));
#10778 = VECTOR('',#10779,1.);
#10779 = DIRECTION('',(1.,0.,0.));
#10780 = ORIENTED_EDGE('',*,*,#10711,.T.);
#10781 = ORIENTED_EDGE('',*,*,#9843,.F.);
#10782 = PLANE('',#10783);
#10783 = AXIS2_PLACEMENT_3D('',#10784,#10785,#10786);
#10784 = CARTESIAN_POINT('',(9.68,-0.22,5.));
#10785 = DIRECTION('',(-1.735417226644E-18,-0.707106781187,
    0.707106781187));
#10786 = DIRECTION('',(-1.,1.227125289148E-18,-1.227125289148E-18));
#10787 = ADVANCED_FACE('',(#10788),#10813,.F.);
#10788 = FACE_BOUND('',#10789,.T.);
#10789 = EDGE_LOOP('',(#10790,#10798,#10806,#10812));
#10790 = ORIENTED_EDGE('',*,*,#10791,.T.);
#10791 = EDGE_CURVE('',#9861,#10792,#10794,.T.);
#10792 = VERTEX_POINT('',#10793);
#10793 = CARTESIAN_POINT('',(7.62,0.12,5.1));
#10794 = LINE('',#10795,#10796);
#10795 = CARTESIAN_POINT('',(7.646666666667,0.146666666667,
    5.073333333333));
#10796 = VECTOR('',#10797,1.);
#10797 = DIRECTION('',(-0.57735026919,-0.57735026919,0.57735026919));
#10798 = ORIENTED_EDGE('',*,*,#10799,.T.);
#10799 = EDGE_CURVE('',#10792,#10800,#10802,.T.);
#10800 = VERTEX_POINT('',#10801);
#10801 = CARTESIAN_POINT('',(7.62,-0.12,5.1));
#10802 = LINE('',#10803,#10804);
#10803 = CARTESIAN_POINT('',(7.62,0.32,5.1));
#10804 = VECTOR('',#10805,1.);
#10805 = DIRECTION('',(0.,-1.,0.));
#10806 = ORIENTED_EDGE('',*,*,#10807,.T.);
#10807 = EDGE_CURVE('',#10800,#9869,#10808,.T.);
#10808 = LINE('',#10809,#10810);
#10809 = CARTESIAN_POINT('',(7.54,-4.E-02,5.18));
#10810 = VECTOR('',#10811,1.);
#10811 = DIRECTION('',(0.57735026919,-0.57735026919,-0.57735026919));
#10812 = ORIENTED_EDGE('',*,*,#9868,.F.);
#10813 = PLANE('',#10814);
#10814 = AXIS2_PLACEMENT_3D('',#10815,#10816,#10817);
#10815 = CARTESIAN_POINT('',(7.72,0.32,5.));
#10816 = DIRECTION('',(-0.707106781187,-1.735417226644E-18,
    -0.707106781187));
#10817 = DIRECTION('',(-1.227125289148E-18,1.,-1.227125289148E-18));
#10818 = ADVANCED_FACE('',(#10819),#10837,.T.);
#10819 = FACE_BOUND('',#10820,.F.);
#10820 = EDGE_LOOP('',(#10821,#10829,#10830,#10831));
#10821 = ORIENTED_EDGE('',*,*,#10822,.F.);
#10822 = EDGE_CURVE('',#9891,#10823,#10825,.T.);
#10823 = VERTEX_POINT('',#10824);
#10824 = CARTESIAN_POINT('',(7.38,0.12,5.1));
#10825 = LINE('',#10826,#10827);
#10826 = CARTESIAN_POINT('',(7.246666666667,0.253333333333,
    4.966666666667));
#10827 = VECTOR('',#10828,1.);
#10828 = DIRECTION('',(0.57735026919,-0.57735026919,0.57735026919));
#10829 = ORIENTED_EDGE('',*,*,#9900,.T.);
#10830 = ORIENTED_EDGE('',*,*,#10791,.T.);
#10831 = ORIENTED_EDGE('',*,*,#10832,.F.);
#10832 = EDGE_CURVE('',#10823,#10792,#10833,.T.);
#10833 = LINE('',#10834,#10835);
#10834 = CARTESIAN_POINT('',(7.18,0.12,5.1));
#10835 = VECTOR('',#10836,1.);
#10836 = DIRECTION('',(1.,0.,0.));
#10837 = PLANE('',#10838);
#10838 = AXIS2_PLACEMENT_3D('',#10839,#10840,#10841);
#10839 = CARTESIAN_POINT('',(7.18,0.22,5.));
#10840 = DIRECTION('',(1.735417226644E-18,0.707106781187,0.707106781187)
  );
#10841 = DIRECTION('',(-1.,1.227125289148E-18,1.227125289148E-18));
#10842 = ADVANCED_FACE('',(#10843),#10861,.T.);
#10843 = FACE_BOUND('',#10844,.F.);
#10844 = EDGE_LOOP('',(#10845,#10846,#10854,#10860));
#10845 = ORIENTED_EDGE('',*,*,#10822,.T.);
#10846 = ORIENTED_EDGE('',*,*,#10847,.T.);
#10847 = EDGE_CURVE('',#10823,#10848,#10850,.T.);
#10848 = VERTEX_POINT('',#10849);
#10849 = CARTESIAN_POINT('',(7.38,-0.12,5.1));
#10850 = LINE('',#10851,#10852);
#10851 = CARTESIAN_POINT('',(7.38,0.32,5.1));
#10852 = VECTOR('',#10853,1.);
#10853 = DIRECTION('',(0.,-1.,0.));
#10854 = ORIENTED_EDGE('',*,*,#10855,.T.);
#10855 = EDGE_CURVE('',#10848,#9917,#10856,.T.);
#10856 = LINE('',#10857,#10858);
#10857 = CARTESIAN_POINT('',(7.353333333333,-0.146666666667,
    5.073333333333));
#10858 = VECTOR('',#10859,1.);
#10859 = DIRECTION('',(-0.57735026919,-0.57735026919,-0.57735026919));
#10860 = ORIENTED_EDGE('',*,*,#9916,.F.);
#10861 = PLANE('',#10862);
#10862 = AXIS2_PLACEMENT_3D('',#10863,#10864,#10865);
#10863 = CARTESIAN_POINT('',(7.28,0.32,5.));
#10864 = DIRECTION('',(-0.707106781187,1.735417226644E-18,0.707106781187
    ));
#10865 = DIRECTION('',(1.227125289148E-18,1.,-1.227125289148E-18));
#10866 = ADVANCED_FACE('',(#10867),#10878,.T.);
#10867 = FACE_BOUND('',#10868,.F.);
#10868 = EDGE_LOOP('',(#10869,#10870,#10876,#10877));
#10869 = ORIENTED_EDGE('',*,*,#10855,.F.);
#10870 = ORIENTED_EDGE('',*,*,#10871,.T.);
#10871 = EDGE_CURVE('',#10848,#10800,#10872,.T.);
#10872 = LINE('',#10873,#10874);
#10873 = CARTESIAN_POINT('',(7.18,-0.12,5.1));
#10874 = VECTOR('',#10875,1.);
#10875 = DIRECTION('',(1.,0.,0.));
#10876 = ORIENTED_EDGE('',*,*,#10807,.T.);
#10877 = ORIENTED_EDGE('',*,*,#9939,.F.);
#10878 = PLANE('',#10879);
#10879 = AXIS2_PLACEMENT_3D('',#10880,#10881,#10882);
#10880 = CARTESIAN_POINT('',(7.18,-0.22,5.));
#10881 = DIRECTION('',(-1.735417226644E-18,-0.707106781187,
    0.707106781187));
#10882 = DIRECTION('',(-1.,1.227125289148E-18,-1.227125289148E-18));
#10883 = ADVANCED_FACE('',(#10884),#10909,.T.);
#10884 = FACE_BOUND('',#10885,.F.);
#10885 = EDGE_LOOP('',(#10886,#10894,#10902,#10908));
#10886 = ORIENTED_EDGE('',*,*,#10887,.T.);
#10887 = EDGE_CURVE('',#9957,#10888,#10890,.T.);
#10888 = VERTEX_POINT('',#10889);
#10889 = CARTESIAN_POINT('',(17.38,0.12,5.1));
#10890 = LINE('',#10891,#10892);
#10891 = CARTESIAN_POINT('',(17.246666666667,0.253333333333,
    4.966666666667));
#10892 = VECTOR('',#10893,1.);
#10893 = DIRECTION('',(0.57735026919,-0.57735026919,0.57735026919));
#10894 = ORIENTED_EDGE('',*,*,#10895,.T.);
#10895 = EDGE_CURVE('',#10888,#10896,#10898,.T.);
#10896 = VERTEX_POINT('',#10897);
#10897 = CARTESIAN_POINT('',(17.38,-0.12,5.1));
#10898 = LINE('',#10899,#10900);
#10899 = CARTESIAN_POINT('',(17.38,0.32,5.1));
#10900 = VECTOR('',#10901,1.);
#10901 = DIRECTION('',(0.,-1.,0.));
#10902 = ORIENTED_EDGE('',*,*,#10903,.T.);
#10903 = EDGE_CURVE('',#10896,#9965,#10904,.T.);
#10904 = LINE('',#10905,#10906);
#10905 = CARTESIAN_POINT('',(17.353333333333,-0.146666666667,
    5.073333333333));
#10906 = VECTOR('',#10907,1.);
#10907 = DIRECTION('',(-0.57735026919,-0.57735026919,-0.57735026919));
#10908 = ORIENTED_EDGE('',*,*,#9964,.F.);
#10909 = PLANE('',#10910);
#10910 = AXIS2_PLACEMENT_3D('',#10911,#10912,#10913);
#10911 = CARTESIAN_POINT('',(17.28,0.32,5.));
#10912 = DIRECTION('',(-0.707106781187,1.735417226644E-18,0.707106781187
    ));
#10913 = DIRECTION('',(1.227125289148E-18,1.,-1.227125289148E-18));
#10914 = ADVANCED_FACE('',(#10915),#10933,.T.);
#10915 = FACE_BOUND('',#10916,.F.);
#10916 = EDGE_LOOP('',(#10917,#10918,#10926,#10932));
#10917 = ORIENTED_EDGE('',*,*,#10903,.F.);
#10918 = ORIENTED_EDGE('',*,*,#10919,.T.);
#10919 = EDGE_CURVE('',#10896,#10920,#10922,.T.);
#10920 = VERTEX_POINT('',#10921);
#10921 = CARTESIAN_POINT('',(17.62,-0.12,5.1));
#10922 = LINE('',#10923,#10924);
#10923 = CARTESIAN_POINT('',(17.18,-0.12,5.1));
#10924 = VECTOR('',#10925,1.);
#10925 = DIRECTION('',(1.,0.,0.));
#10926 = ORIENTED_EDGE('',*,*,#10927,.T.);
#10927 = EDGE_CURVE('',#10920,#9988,#10928,.T.);
#10928 = LINE('',#10929,#10930);
#10929 = CARTESIAN_POINT('',(17.54,-4.E-02,5.18));
#10930 = VECTOR('',#10931,1.);
#10931 = DIRECTION('',(0.57735026919,-0.57735026919,-0.57735026919));
#10932 = ORIENTED_EDGE('',*,*,#9987,.F.);
#10933 = PLANE('',#10934);
#10934 = AXIS2_PLACEMENT_3D('',#10935,#10936,#10937);
#10935 = CARTESIAN_POINT('',(17.18,-0.22,5.));
#10936 = DIRECTION('',(-1.735417226644E-18,-0.707106781187,
    0.707106781187));
#10937 = DIRECTION('',(-1.,1.227125289148E-18,-1.227125289148E-18));
#10938 = ADVANCED_FACE('',(#10939),#10957,.F.);
#10939 = FACE_BOUND('',#10940,.T.);
#10940 = EDGE_LOOP('',(#10941,#10949,#10955,#10956));
#10941 = ORIENTED_EDGE('',*,*,#10942,.T.);
#10942 = EDGE_CURVE('',#10012,#10943,#10945,.T.);
#10943 = VERTEX_POINT('',#10944);
#10944 = CARTESIAN_POINT('',(17.62,0.12,5.1));
#10945 = LINE('',#10946,#10947);
#10946 = CARTESIAN_POINT('',(17.646666666667,0.146666666667,
    5.073333333333));
#10947 = VECTOR('',#10948,1.);
#10948 = DIRECTION('',(-0.57735026919,-0.57735026919,0.57735026919));
#10949 = ORIENTED_EDGE('',*,*,#10950,.T.);
#10950 = EDGE_CURVE('',#10943,#10920,#10951,.T.);
#10951 = LINE('',#10952,#10953);
#10952 = CARTESIAN_POINT('',(17.62,0.32,5.1));
#10953 = VECTOR('',#10954,1.);
#10954 = DIRECTION('',(0.,-1.,0.));
#10955 = ORIENTED_EDGE('',*,*,#10927,.T.);
#10956 = ORIENTED_EDGE('',*,*,#10019,.F.);
#10957 = PLANE('',#10958);
#10958 = AXIS2_PLACEMENT_3D('',#10959,#10960,#10961);
#10959 = CARTESIAN_POINT('',(17.72,0.32,5.));
#10960 = DIRECTION('',(-0.707106781187,-1.735417226644E-18,
    -0.707106781187));
#10961 = DIRECTION('',(-1.227125289148E-18,1.,-1.227125289148E-18));
#10962 = ADVANCED_FACE('',(#10963),#10974,.T.);
#10963 = FACE_BOUND('',#10964,.F.);
#10964 = EDGE_LOOP('',(#10965,#10966,#10967,#10968));
#10965 = ORIENTED_EDGE('',*,*,#10887,.F.);
#10966 = ORIENTED_EDGE('',*,*,#10037,.T.);
#10967 = ORIENTED_EDGE('',*,*,#10942,.T.);
#10968 = ORIENTED_EDGE('',*,*,#10969,.F.);
#10969 = EDGE_CURVE('',#10888,#10943,#10970,.T.);
#10970 = LINE('',#10971,#10972);
#10971 = CARTESIAN_POINT('',(17.18,0.12,5.1));
#10972 = VECTOR('',#10973,1.);
#10973 = DIRECTION('',(1.,0.,0.));
#10974 = PLANE('',#10975);
#10975 = AXIS2_PLACEMENT_3D('',#10976,#10977,#10978);
#10976 = CARTESIAN_POINT('',(17.18,0.22,5.));
#10977 = DIRECTION('',(1.735417226644E-18,0.707106781187,0.707106781187)
  );
#10978 = DIRECTION('',(-1.,1.227125289148E-18,1.227125289148E-18));
#10979 = ADVANCED_FACE('',(#10980),#11005,.F.);
#10980 = FACE_BOUND('',#10981,.T.);
#10981 = EDGE_LOOP('',(#10982,#10990,#10998,#11004));
#10982 = ORIENTED_EDGE('',*,*,#10983,.T.);
#10983 = EDGE_CURVE('',#10053,#10984,#10986,.T.);
#10984 = VERTEX_POINT('',#10985);
#10985 = CARTESIAN_POINT('',(15.12,0.12,5.1));
#10986 = LINE('',#10987,#10988);
#10987 = CARTESIAN_POINT('',(15.146666666667,0.146666666667,
    5.073333333333));
#10988 = VECTOR('',#10989,1.);
#10989 = DIRECTION('',(-0.57735026919,-0.57735026919,0.57735026919));
#10990 = ORIENTED_EDGE('',*,*,#10991,.T.);
#10991 = EDGE_CURVE('',#10984,#10992,#10994,.T.);
#10992 = VERTEX_POINT('',#10993);
#10993 = CARTESIAN_POINT('',(15.12,-0.12,5.1));
#10994 = LINE('',#10995,#10996);
#10995 = CARTESIAN_POINT('',(15.12,0.32,5.1));
#10996 = VECTOR('',#10997,1.);
#10997 = DIRECTION('',(0.,-1.,0.));
#10998 = ORIENTED_EDGE('',*,*,#10999,.T.);
#10999 = EDGE_CURVE('',#10992,#10061,#11000,.T.);
#11000 = LINE('',#11001,#11002);
#11001 = CARTESIAN_POINT('',(15.04,-4.E-02,5.18));
#11002 = VECTOR('',#11003,1.);
#11003 = DIRECTION('',(0.57735026919,-0.57735026919,-0.57735026919));
#11004 = ORIENTED_EDGE('',*,*,#10060,.F.);
#11005 = PLANE('',#11006);
#11006 = AXIS2_PLACEMENT_3D('',#11007,#11008,#11009);
#11007 = CARTESIAN_POINT('',(15.22,0.32,5.));
#11008 = DIRECTION('',(-0.707106781187,-1.735417226644E-18,
    -0.707106781187));
#11009 = DIRECTION('',(-1.227125289148E-18,1.,-1.227125289148E-18));
#11010 = ADVANCED_FACE('',(#11011),#11029,.T.);
#11011 = FACE_BOUND('',#11012,.F.);
#11012 = EDGE_LOOP('',(#11013,#11021,#11022,#11023));
#11013 = ORIENTED_EDGE('',*,*,#11014,.F.);
#11014 = EDGE_CURVE('',#10083,#11015,#11017,.T.);
#11015 = VERTEX_POINT('',#11016);
#11016 = CARTESIAN_POINT('',(14.88,0.12,5.1));
#11017 = LINE('',#11018,#11019);
#11018 = CARTESIAN_POINT('',(14.746666666667,0.253333333333,
    4.966666666667));
#11019 = VECTOR('',#11020,1.);
#11020 = DIRECTION('',(0.57735026919,-0.57735026919,0.57735026919));
#11021 = ORIENTED_EDGE('',*,*,#10092,.T.);
#11022 = ORIENTED_EDGE('',*,*,#10983,.T.);
#11023 = ORIENTED_EDGE('',*,*,#11024,.F.);
#11024 = EDGE_CURVE('',#11015,#10984,#11025,.T.);
#11025 = LINE('',#11026,#11027);
#11026 = CARTESIAN_POINT('',(14.68,0.12,5.1));
#11027 = VECTOR('',#11028,1.);
#11028 = DIRECTION('',(1.,0.,0.));
#11029 = PLANE('',#11030);
#11030 = AXIS2_PLACEMENT_3D('',#11031,#11032,#11033);
#11031 = CARTESIAN_POINT('',(14.68,0.22,5.));
#11032 = DIRECTION('',(1.735417226644E-18,0.707106781187,0.707106781187)
  );
#11033 = DIRECTION('',(-1.,1.227125289148E-18,1.227125289148E-18));
#11034 = ADVANCED_FACE('',(#11035),#11053,.T.);
#11035 = FACE_BOUND('',#11036,.F.);
#11036 = EDGE_LOOP('',(#11037,#11038,#11046,#11052));
#11037 = ORIENTED_EDGE('',*,*,#11014,.T.);
#11038 = ORIENTED_EDGE('',*,*,#11039,.T.);
#11039 = EDGE_CURVE('',#11015,#11040,#11042,.T.);
#11040 = VERTEX_POINT('',#11041);
#11041 = CARTESIAN_POINT('',(14.88,-0.12,5.1));
#11042 = LINE('',#11043,#11044);
#11043 = CARTESIAN_POINT('',(14.88,0.32,5.1));
#11044 = VECTOR('',#11045,1.);
#11045 = DIRECTION('',(0.,-1.,0.));
#11046 = ORIENTED_EDGE('',*,*,#11047,.T.);
#11047 = EDGE_CURVE('',#11040,#10109,#11048,.T.);
#11048 = LINE('',#11049,#11050);
#11049 = CARTESIAN_POINT('',(14.853333333333,-0.146666666667,
    5.073333333333));
#11050 = VECTOR('',#11051,1.);
#11051 = DIRECTION('',(-0.57735026919,-0.57735026919,-0.57735026919));
#11052 = ORIENTED_EDGE('',*,*,#10108,.F.);
#11053 = PLANE('',#11054);
#11054 = AXIS2_PLACEMENT_3D('',#11055,#11056,#11057);
#11055 = CARTESIAN_POINT('',(14.78,0.32,5.));
#11056 = DIRECTION('',(-0.707106781187,1.735417226644E-18,0.707106781187
    ));
#11057 = DIRECTION('',(1.227125289148E-18,1.,-1.227125289148E-18));
#11058 = ADVANCED_FACE('',(#11059),#11070,.T.);
#11059 = FACE_BOUND('',#11060,.F.);
#11060 = EDGE_LOOP('',(#11061,#11062,#11068,#11069));
#11061 = ORIENTED_EDGE('',*,*,#11047,.F.);
#11062 = ORIENTED_EDGE('',*,*,#11063,.T.);
#11063 = EDGE_CURVE('',#11040,#10992,#11064,.T.);
#11064 = LINE('',#11065,#11066);
#11065 = CARTESIAN_POINT('',(14.68,-0.12,5.1));
#11066 = VECTOR('',#11067,1.);
#11067 = DIRECTION('',(1.,0.,0.));
#11068 = ORIENTED_EDGE('',*,*,#10999,.T.);
#11069 = ORIENTED_EDGE('',*,*,#10131,.F.);
#11070 = PLANE('',#11071);
#11071 = AXIS2_PLACEMENT_3D('',#11072,#11073,#11074);
#11072 = CARTESIAN_POINT('',(14.68,-0.22,5.));
#11073 = DIRECTION('',(-1.735417226644E-18,-0.707106781187,
    0.707106781187));
#11074 = DIRECTION('',(-1.,1.227125289148E-18,-1.227125289148E-18));
#11075 = ADVANCED_FACE('',(#11076),#11101,.T.);
#11076 = FACE_BOUND('',#11077,.F.);
#11077 = EDGE_LOOP('',(#11078,#11086,#11094,#11100));
#11078 = ORIENTED_EDGE('',*,*,#11079,.T.);
#11079 = EDGE_CURVE('',#10149,#11080,#11082,.T.);
#11080 = VERTEX_POINT('',#11081);
#11081 = CARTESIAN_POINT('',(12.38,0.12,5.1));
#11082 = LINE('',#11083,#11084);
#11083 = CARTESIAN_POINT('',(12.246666666667,0.253333333333,
    4.966666666667));
#11084 = VECTOR('',#11085,1.);
#11085 = DIRECTION('',(0.57735026919,-0.57735026919,0.57735026919));
#11086 = ORIENTED_EDGE('',*,*,#11087,.T.);
#11087 = EDGE_CURVE('',#11080,#11088,#11090,.T.);
#11088 = VERTEX_POINT('',#11089);
#11089 = CARTESIAN_POINT('',(12.38,-0.12,5.1));
#11090 = LINE('',#11091,#11092);
#11091 = CARTESIAN_POINT('',(12.38,0.32,5.1));
#11092 = VECTOR('',#11093,1.);
#11093 = DIRECTION('',(0.,-1.,0.));
#11094 = ORIENTED_EDGE('',*,*,#11095,.T.);
#11095 = EDGE_CURVE('',#11088,#10157,#11096,.T.);
#11096 = LINE('',#11097,#11098);
#11097 = CARTESIAN_POINT('',(12.353333333333,-0.146666666667,
    5.073333333333));
#11098 = VECTOR('',#11099,1.);
#11099 = DIRECTION('',(-0.57735026919,-0.57735026919,-0.57735026919));
#11100 = ORIENTED_EDGE('',*,*,#10156,.F.);
#11101 = PLANE('',#11102);
#11102 = AXIS2_PLACEMENT_3D('',#11103,#11104,#11105);
#11103 = CARTESIAN_POINT('',(12.28,0.32,5.));
#11104 = DIRECTION('',(-0.707106781187,1.735417226644E-18,0.707106781187
    ));
#11105 = DIRECTION('',(1.227125289148E-18,1.,-1.227125289148E-18));
#11106 = ADVANCED_FACE('',(#11107),#11125,.T.);
#11107 = FACE_BOUND('',#11108,.F.);
#11108 = EDGE_LOOP('',(#11109,#11110,#11118,#11124));
#11109 = ORIENTED_EDGE('',*,*,#11095,.F.);
#11110 = ORIENTED_EDGE('',*,*,#11111,.T.);
#11111 = EDGE_CURVE('',#11088,#11112,#11114,.T.);
#11112 = VERTEX_POINT('',#11113);
#11113 = CARTESIAN_POINT('',(12.62,-0.12,5.1));
#11114 = LINE('',#11115,#11116);
#11115 = CARTESIAN_POINT('',(12.18,-0.12,5.1));
#11116 = VECTOR('',#11117,1.);
#11117 = DIRECTION('',(1.,0.,0.));
#11118 = ORIENTED_EDGE('',*,*,#11119,.T.);
#11119 = EDGE_CURVE('',#11112,#10180,#11120,.T.);
#11120 = LINE('',#11121,#11122);
#11121 = CARTESIAN_POINT('',(12.54,-4.E-02,5.18));
#11122 = VECTOR('',#11123,1.);
#11123 = DIRECTION('',(0.57735026919,-0.57735026919,-0.57735026919));
#11124 = ORIENTED_EDGE('',*,*,#10179,.F.);
#11125 = PLANE('',#11126);
#11126 = AXIS2_PLACEMENT_3D('',#11127,#11128,#11129);
#11127 = CARTESIAN_POINT('',(12.18,-0.22,5.));
#11128 = DIRECTION('',(-1.735417226644E-18,-0.707106781187,
    0.707106781187));
#11129 = DIRECTION('',(-1.,1.227125289148E-18,-1.227125289148E-18));
#11130 = ADVANCED_FACE('',(#11131),#11149,.F.);
#11131 = FACE_BOUND('',#11132,.T.);
#11132 = EDGE_LOOP('',(#11133,#11141,#11147,#11148));
#11133 = ORIENTED_EDGE('',*,*,#11134,.T.);
#11134 = EDGE_CURVE('',#10204,#11135,#11137,.T.);
#11135 = VERTEX_POINT('',#11136);
#11136 = CARTESIAN_POINT('',(12.62,0.12,5.1));
#11137 = LINE('',#11138,#11139);
#11138 = CARTESIAN_POINT('',(12.646666666667,0.146666666667,
    5.073333333333));
#11139 = VECTOR('',#11140,1.);
#11140 = DIRECTION('',(-0.57735026919,-0.57735026919,0.57735026919));
#11141 = ORIENTED_EDGE('',*,*,#11142,.T.);
#11142 = EDGE_CURVE('',#11135,#11112,#11143,.T.);
#11143 = LINE('',#11144,#11145);
#11144 = CARTESIAN_POINT('',(12.62,0.32,5.1));
#11145 = VECTOR('',#11146,1.);
#11146 = DIRECTION('',(0.,-1.,0.));
#11147 = ORIENTED_EDGE('',*,*,#11119,.T.);
#11148 = ORIENTED_EDGE('',*,*,#10211,.F.);
#11149 = PLANE('',#11150);
#11150 = AXIS2_PLACEMENT_3D('',#11151,#11152,#11153);
#11151 = CARTESIAN_POINT('',(12.72,0.32,5.));
#11152 = DIRECTION('',(-0.707106781187,-1.735417226644E-18,
    -0.707106781187));
#11153 = DIRECTION('',(-1.227125289148E-18,1.,-1.227125289148E-18));
#11154 = ADVANCED_FACE('',(#11155),#11166,.T.);
#11155 = FACE_BOUND('',#11156,.F.);
#11156 = EDGE_LOOP('',(#11157,#11158,#11159,#11160));
#11157 = ORIENTED_EDGE('',*,*,#11079,.F.);
#11158 = ORIENTED_EDGE('',*,*,#10229,.T.);
#11159 = ORIENTED_EDGE('',*,*,#11134,.T.);
#11160 = ORIENTED_EDGE('',*,*,#11161,.F.);
#11161 = EDGE_CURVE('',#11080,#11135,#11162,.T.);
#11162 = LINE('',#11163,#11164);
#11163 = CARTESIAN_POINT('',(12.18,0.12,5.1));
#11164 = VECTOR('',#11165,1.);
#11165 = DIRECTION('',(1.,0.,0.));
#11166 = PLANE('',#11167);
#11167 = AXIS2_PLACEMENT_3D('',#11168,#11169,#11170);
#11168 = CARTESIAN_POINT('',(12.18,0.22,5.));
#11169 = DIRECTION('',(1.735417226644E-18,0.707106781187,0.707106781187)
  );
#11170 = DIRECTION('',(-1.,1.227125289148E-18,1.227125289148E-18));
#11171 = ADVANCED_FACE('',(#11172),#11178,.F.);
#11172 = FACE_BOUND('',#11173,.F.);
#11173 = EDGE_LOOP('',(#11174,#11175,#11176,#11177));
#11174 = ORIENTED_EDGE('',*,*,#10489,.T.);
#11175 = ORIENTED_EDGE('',*,*,#10470,.T.);
#11176 = ORIENTED_EDGE('',*,*,#10439,.F.);
#11177 = ORIENTED_EDGE('',*,*,#10415,.F.);
#11178 = PLANE('',#11179);
#11179 = AXIS2_PLACEMENT_3D('',#11180,#11181,#11182);
#11180 = CARTESIAN_POINT('',(-0.32,0.32,5.1));
#11181 = DIRECTION('',(0.,0.,-1.));
#11182 = DIRECTION('',(0.,-1.,0.));
#11183 = ADVANCED_FACE('',(#11184),#11190,.F.);
#11184 = FACE_BOUND('',#11185,.F.);
#11185 = EDGE_LOOP('',(#11186,#11187,#11188,#11189));
#11186 = ORIENTED_EDGE('',*,*,#10568,.T.);
#11187 = ORIENTED_EDGE('',*,*,#10542,.T.);
#11188 = ORIENTED_EDGE('',*,*,#10511,.F.);
#11189 = ORIENTED_EDGE('',*,*,#10583,.F.);
#11190 = PLANE('',#11191);
#11191 = AXIS2_PLACEMENT_3D('',#11192,#11193,#11194);
#11192 = CARTESIAN_POINT('',(4.68,0.32,5.1));
#11193 = DIRECTION('',(0.,0.,-1.));
#11194 = DIRECTION('',(0.,-1.,0.));
#11195 = ADVANCED_FACE('',(#11196),#11202,.F.);
#11196 = FACE_BOUND('',#11197,.F.);
#11197 = EDGE_LOOP('',(#11198,#11199,#11200,#11201));
#11198 = ORIENTED_EDGE('',*,*,#10640,.T.);
#11199 = ORIENTED_EDGE('',*,*,#10607,.T.);
#11200 = ORIENTED_EDGE('',*,*,#10679,.F.);
#11201 = ORIENTED_EDGE('',*,*,#10655,.F.);
#11202 = PLANE('',#11203);
#11203 = AXIS2_PLACEMENT_3D('',#11204,#11205,#11206);
#11204 = CARTESIAN_POINT('',(2.18,0.32,5.1));
#11205 = DIRECTION('',(0.,0.,-1.));
#11206 = DIRECTION('',(0.,-1.,0.));
#11207 = ADVANCED_FACE('',(#11208),#11214,.F.);
#11208 = FACE_BOUND('',#11209,.F.);
#11209 = EDGE_LOOP('',(#11210,#11211,#11212,#11213));
#11210 = ORIENTED_EDGE('',*,*,#10736,.T.);
#11211 = ORIENTED_EDGE('',*,*,#10703,.T.);
#11212 = ORIENTED_EDGE('',*,*,#10775,.F.);
#11213 = ORIENTED_EDGE('',*,*,#10751,.F.);
#11214 = PLANE('',#11215);
#11215 = AXIS2_PLACEMENT_3D('',#11216,#11217,#11218);
#11216 = CARTESIAN_POINT('',(9.68,0.32,5.1));
#11217 = DIRECTION('',(0.,0.,-1.));
#11218 = DIRECTION('',(0.,-1.,0.));
#11219 = ADVANCED_FACE('',(#11220),#11226,.F.);
#11220 = FACE_BOUND('',#11221,.F.);
#11221 = EDGE_LOOP('',(#11222,#11223,#11224,#11225));
#11222 = ORIENTED_EDGE('',*,*,#10832,.T.);
#11223 = ORIENTED_EDGE('',*,*,#10799,.T.);
#11224 = ORIENTED_EDGE('',*,*,#10871,.F.);
#11225 = ORIENTED_EDGE('',*,*,#10847,.F.);
#11226 = PLANE('',#11227);
#11227 = AXIS2_PLACEMENT_3D('',#11228,#11229,#11230);
#11228 = CARTESIAN_POINT('',(7.18,0.32,5.1));
#11229 = DIRECTION('',(0.,0.,-1.));
#11230 = DIRECTION('',(0.,-1.,0.));
#11231 = ADVANCED_FACE('',(#11232),#11238,.F.);
#11232 = FACE_BOUND('',#11233,.F.);
#11233 = EDGE_LOOP('',(#11234,#11235,#11236,#11237));
#11234 = ORIENTED_EDGE('',*,*,#10969,.T.);
#11235 = ORIENTED_EDGE('',*,*,#10950,.T.);
#11236 = ORIENTED_EDGE('',*,*,#10919,.F.);
#11237 = ORIENTED_EDGE('',*,*,#10895,.F.);
#11238 = PLANE('',#11239);
#11239 = AXIS2_PLACEMENT_3D('',#11240,#11241,#11242);
#11240 = CARTESIAN_POINT('',(17.18,0.32,5.1));
#11241 = DIRECTION('',(0.,0.,-1.));
#11242 = DIRECTION('',(0.,-1.,0.));
#11243 = ADVANCED_FACE('',(#11244),#11250,.F.);
#11244 = FACE_BOUND('',#11245,.F.);
#11245 = EDGE_LOOP('',(#11246,#11247,#11248,#11249));
#11246 = ORIENTED_EDGE('',*,*,#11024,.T.);
#11247 = ORIENTED_EDGE('',*,*,#10991,.T.);
#11248 = ORIENTED_EDGE('',*,*,#11063,.F.);
#11249 = ORIENTED_EDGE('',*,*,#11039,.F.);
#11250 = PLANE('',#11251);
#11251 = AXIS2_PLACEMENT_3D('',#11252,#11253,#11254);
#11252 = CARTESIAN_POINT('',(14.68,0.32,5.1));
#11253 = DIRECTION('',(0.,0.,-1.));
#11254 = DIRECTION('',(0.,-1.,0.));
#11255 = ADVANCED_FACE('',(#11256),#11262,.F.);
#11256 = FACE_BOUND('',#11257,.F.);
#11257 = EDGE_LOOP('',(#11258,#11259,#11260,#11261));
#11258 = ORIENTED_EDGE('',*,*,#11161,.T.);
#11259 = ORIENTED_EDGE('',*,*,#11142,.T.);
#11260 = ORIENTED_EDGE('',*,*,#11111,.F.);
#11261 = ORIENTED_EDGE('',*,*,#11087,.F.);
#11262 = PLANE('',#11263);
#11263 = AXIS2_PLACEMENT_3D('',#11264,#11265,#11266);
#11264 = CARTESIAN_POINT('',(12.18,0.32,5.1));
#11265 = DIRECTION('',(0.,0.,-1.));
#11266 = DIRECTION('',(0.,-1.,0.));
#11267 = ( GEOMETRIC_REPRESENTATION_CONTEXT(3) 
GLOBAL_UNCERTAINTY_ASSIGNED_CONTEXT((#11271)) 
GLOBAL_UNIT_ASSIGNED_CONTEXT((#11268,#11269,#11270)) 
REPRESENTATION_CONTEXT('Context #1',
  '3D Context with UNIT and UNCERTAINTY') );
#11268 = ( LENGTH_UNIT() NAMED_UNIT(*) SI_UNIT(.MILLI.,.METRE.) );
#11269 = ( NAMED_UNIT(*) PLANE_ANGLE_UNIT() SI_UNIT($,.RADIAN.) );
#11270 = ( NAMED_UNIT(*) SI_UNIT($,.STERADIAN.) SOLID_ANGLE_UNIT() );
#11271 = UNCERTAINTY_MEASURE_WITH_UNIT(LENGTH_MEASURE(1.E-07),#11268,
  'distance_accuracy_value','confusion accuracy');
#11272 = CONTEXT_DEPENDENT_SHAPE_REPRESENTATION(#11273,#11275);
#11273 = ( REPRESENTATION_RELATIONSHIP('','',#5124,#5101) 
REPRESENTATION_RELATIONSHIP_WITH_TRANSFORMATION(#11274) 
SHAPE_REPRESENTATION_RELATIONSHIP() );
#11274 = ITEM_DEFINED_TRANSFORMATION('','',#11,#5102);
#11275 = PRODUCT_DEFINITION_SHAPE('Placement','Placement of an item',
  #11276);
#11276 = NEXT_ASSEMBLY_USAGE_OCCURRENCE('8','=>[0:1:1:7]','',#5096,#5119
  ,$);
#11277 = PRODUCT_RELATED_PRODUCT_CATEGORY('part',$,(#5121));
#11278 = CONTEXT_DEPENDENT_SHAPE_REPRESENTATION(#11279,#11281);
#11279 = ( REPRESENTATION_RELATIONSHIP('','',#916,#10) 
REPRESENTATION_RELATIONSHIP_WITH_TRANSFORMATION(#11280) 
SHAPE_REPRESENTATION_RELATIONSHIP() );
#11280 = ITEM_DEFINED_TRANSFORMATION('','',#11,#39);
#11281 = PRODUCT_DEFINITION_SHAPE('Placement','Placement of an item',
  #11282);
#11282 = NEXT_ASSEMBLY_USAGE_OCCURRENCE('10','J3','',#5,#911,$);
#11283 = CONTEXT_DEPENDENT_SHAPE_REPRESENTATION(#11284,#11286);
#11284 = ( REPRESENTATION_RELATIONSHIP('','',#916,#10) 
REPRESENTATION_RELATIONSHIP_WITH_TRANSFORMATION(#11285) 
SHAPE_REPRESENTATION_RELATIONSHIP() );
#11285 = ITEM_DEFINED_TRANSFORMATION('','',#11,#43);
#11286 = PRODUCT_DEFINITION_SHAPE('Placement','Placement of an item',
  #11287);
#11287 = NEXT_ASSEMBLY_USAGE_OCCURRENCE('11','J4','',#5,#911,$);
#11288 = CONTEXT_DEPENDENT_SHAPE_REPRESENTATION(#11289,#11291);
#11289 = ( REPRESENTATION_RELATIONSHIP('','',#84,#10) 
REPRESENTATION_RELATIONSHIP_WITH_TRANSFORMATION(#11290) 
SHAPE_REPRESENTATION_RELATIONSHIP() );
#11290 = ITEM_DEFINED_TRANSFORMATION('','',#11,#47);
#11291 = PRODUCT_DEFINITION_SHAPE('Placement','Placement of an item',
  #11292);
#11292 = NEXT_ASSEMBLY_USAGE_OCCURRENCE('12','R1','',#5,#79,$);
#11293 = CONTEXT_DEPENDENT_SHAPE_REPRESENTATION(#11294,#11296);
#11294 = ( REPRESENTATION_RELATIONSHIP('','',#84,#10) 
REPRESENTATION_RELATIONSHIP_WITH_TRANSFORMATION(#11295) 
SHAPE_REPRESENTATION_RELATIONSHIP() );
#11295 = ITEM_DEFINED_TRANSFORMATION('','',#11,#51);
#11296 = PRODUCT_DEFINITION_SHAPE('Placement','Placement of an item',
  #11297);
#11297 = NEXT_ASSEMBLY_USAGE_OCCURRENCE('13','R3','',#5,#79,$);
#11298 = CONTEXT_DEPENDENT_SHAPE_REPRESENTATION(#11299,#11301);
#11299 = ( REPRESENTATION_RELATIONSHIP('','',#84,#10) 
REPRESENTATION_RELATIONSHIP_WITH_TRANSFORMATION(#11300) 
SHAPE_REPRESENTATION_RELATIONSHIP() );
#11300 = ITEM_DEFINED_TRANSFORMATION('','',#11,#55);
#11301 = PRODUCT_DEFINITION_SHAPE('Placement','Placement of an item',
  #11302);
#11302 = NEXT_ASSEMBLY_USAGE_OCCURRENCE('14','R8','',#5,#79,$);
#11303 = CONTEXT_DEPENDENT_SHAPE_REPRESENTATION(#11304,#11306);
#11304 = ( REPRESENTATION_RELATIONSHIP('','',#84,#10) 
REPRESENTATION_RELATIONSHIP_WITH_TRANSFORMATION(#11305) 
SHAPE_REPRESENTATION_RELATIONSHIP() );
#11305 = ITEM_DEFINED_TRANSFORMATION('','',#11,#59);
#11306 = PRODUCT_DEFINITION_SHAPE('Placement','Placement of an item',
  #11307);
#11307 = NEXT_ASSEMBLY_USAGE_OCCURRENCE('15','R7','',#5,#79,$);
#11308 = CONTEXT_DEPENDENT_SHAPE_REPRESENTATION(#11309,#11311);
#11309 = ( REPRESENTATION_RELATIONSHIP('','',#84,#10) 
REPRESENTATION_RELATIONSHIP_WITH_TRANSFORMATION(#11310) 
SHAPE_REPRESENTATION_RELATIONSHIP() );
#11310 = ITEM_DEFINED_TRANSFORMATION('','',#11,#63);
#11311 = PRODUCT_DEFINITION_SHAPE('Placement','Placement of an item',
  #11312);
#11312 = NEXT_ASSEMBLY_USAGE_OCCURRENCE('16','R5','',#5,#79,$);
#11313 = SHAPE_DEFINITION_REPRESENTATION(#11314,#11320);
#11314 = PRODUCT_DEFINITION_SHAPE('','',#11315);
#11315 = PRODUCT_DEFINITION('design','',#11316,#11319);
#11316 = PRODUCT_DEFINITION_FORMATION('','',#11317);
#11317 = PRODUCT('L3_PCB','L3_PCB','',(#11318));
#11318 = PRODUCT_CONTEXT('',#2,'mechanical');
#11319 = PRODUCT_DEFINITION_CONTEXT('part definition',#2,'design');
#11320 = ADVANCED_BREP_SHAPE_REPRESENTATION('',(#11,#11321),#19112);
#11321 = MANIFOLD_SOLID_BREP('',#11322);
#11322 = CLOSED_SHELL('',(#11323,#11365,#11396,#11427,#13589,#15751,
    #15768,#15785,#15802,#15819,#15836,#15853,#15870,#15887,#15904,
    #15916,#15933,#15950,#15967,#15984,#16001,#16018,#16035,#16052,
    #16069,#16086,#16103,#16120,#16137,#16154,#16171,#16188,#16205,
    #16222,#16239,#16256,#16273,#16290,#16307,#16324,#16341,#16358,
    #16375,#16392,#16409,#16426,#16443,#16460,#16477,#16494,#16511,
    #16528,#16545,#16562,#16579,#16596,#16613,#16630,#16647,#16664,
    #16681,#16698,#16715,#16732,#16749,#16766,#16783,#16800,#16817,
    #16834,#16851,#16868,#16885,#16902,#16919,#16936,#16953,#16970,
    #16987,#17004,#17021,#17038,#17055,#17072,#17089,#17106,#17123,
    #17140,#17157,#17174,#17191,#17208,#17225,#17242,#17259,#17276,
    #17293,#17310,#17327,#17344,#17361,#17378,#17395,#17412,#17429,
    #17446,#17463,#17480,#17497,#17514,#17531,#17548,#17565,#17582,
    #17599,#17616,#17633,#17650,#17667,#17684,#17701,#17718,#17735,
    #17752,#17769,#17786,#17803,#17820,#17837,#17854,#17871,#17888,
    #17905,#17922,#17939,#17956,#17973,#17990,#18007,#18024,#18041,
    #18058,#18075,#18092,#18109,#18126,#18143,#18160,#18177,#18194,
    #18211,#18228,#18245,#18262,#18279,#18296,#18313,#18330,#18347,
    #18364,#18381,#18398,#18415,#18432,#18449,#18466,#18483,#18500,
    #18517,#18534,#18551,#18568,#18585,#18602,#18619,#18636,#18653,
    #18670,#18687,#18704,#18721,#18738,#18755,#18772,#18789,#18806,
    #18823,#18840,#18857,#18874,#18891,#18908,#18925,#18942,#18959,
    #18976,#18993,#19010,#19027,#19044,#19061,#19078,#19095));
#11323 = ADVANCED_FACE('',(#11324),#11360,.T.);
#11324 = FACE_BOUND('',#11325,.T.);
#11325 = EDGE_LOOP('',(#11326,#11336,#11345,#11353));
#11326 = ORIENTED_EDGE('',*,*,#11327,.T.);
#11327 = EDGE_CURVE('',#11328,#11330,#11332,.T.);
#11328 = VERTEX_POINT('',#11329);
#11329 = CARTESIAN_POINT('',(33.05,55.000001,0.));
#11330 = VERTEX_POINT('',#11331);
#11331 = CARTESIAN_POINT('',(33.05,55.000001,1.6));
#11332 = LINE('',#11333,#11334);
#11333 = CARTESIAN_POINT('',(33.05,55.000001,0.));
#11334 = VECTOR('',#11335,1.);
#11335 = DIRECTION('',(0.,0.,1.));
#11336 = ORIENTED_EDGE('',*,*,#11337,.T.);
#11337 = EDGE_CURVE('',#11330,#11338,#11340,.T.);
#11338 = VERTEX_POINT('',#11339);
#11339 = CARTESIAN_POINT('',(35.631884,54.284371,1.6));
#11340 = CIRCLE('',#11341,4.972331712709);
#11341 = AXIS2_PLACEMENT_3D('',#11342,#11343,#11344);
#11342 = CARTESIAN_POINT('',(33.061923901705,50.027683584369,1.6));
#11343 = DIRECTION('',(0.,0.,-1.));
#11344 = DIRECTION('',(-2.398050330136E-03,0.999997124673,0.));
#11345 = ORIENTED_EDGE('',*,*,#11346,.F.);
#11346 = EDGE_CURVE('',#11347,#11338,#11349,.T.);
#11347 = VERTEX_POINT('',#11348);
#11348 = CARTESIAN_POINT('',(35.631884,54.284371,0.));
#11349 = LINE('',#11350,#11351);
#11350 = CARTESIAN_POINT('',(35.631884,54.284371,0.));
#11351 = VECTOR('',#11352,1.);
#11352 = DIRECTION('',(0.,0.,1.));
#11353 = ORIENTED_EDGE('',*,*,#11354,.F.);
#11354 = EDGE_CURVE('',#11328,#11347,#11355,.T.);
#11355 = CIRCLE('',#11356,4.972331712709);
#11356 = AXIS2_PLACEMENT_3D('',#11357,#11358,#11359);
#11357 = CARTESIAN_POINT('',(33.061923901705,50.027683584369,0.));
#11358 = DIRECTION('',(0.,0.,-1.));
#11359 = DIRECTION('',(-2.398050330136E-03,0.999997124673,0.));
#11360 = CYLINDRICAL_SURFACE('',#11361,4.972331712709);
#11361 = AXIS2_PLACEMENT_3D('',#11362,#11363,#11364);
#11362 = CARTESIAN_POINT('',(33.061923901705,50.027683584369,0.));
#11363 = DIRECTION('',(0.,0.,-1.));
#11364 = DIRECTION('',(-2.398050330136E-03,0.999997124673,0.));
#11365 = ADVANCED_FACE('',(#11366),#11391,.T.);
#11366 = FACE_BOUND('',#11367,.T.);
#11367 = EDGE_LOOP('',(#11368,#11378,#11384,#11385));
#11368 = ORIENTED_EDGE('',*,*,#11369,.T.);
#11369 = EDGE_CURVE('',#11370,#11372,#11374,.T.);
#11370 = VERTEX_POINT('',#11371);
#11371 = CARTESIAN_POINT('',(-33.05,55.000001,0.));
#11372 = VERTEX_POINT('',#11373);
#11373 = CARTESIAN_POINT('',(-33.05,55.000001,1.6));
#11374 = LINE('',#11375,#11376);
#11375 = CARTESIAN_POINT('',(-33.05,55.000001,0.));
#11376 = VECTOR('',#11377,1.);
#11377 = DIRECTION('',(0.,0.,1.));
#11378 = ORIENTED_EDGE('',*,*,#11379,.T.);
#11379 = EDGE_CURVE('',#11372,#11330,#11380,.T.);
#11380 = LINE('',#11381,#11382);
#11381 = CARTESIAN_POINT('',(-33.05,55.000001,1.6));
#11382 = VECTOR('',#11383,1.);
#11383 = DIRECTION('',(1.,0.,0.));
#11384 = ORIENTED_EDGE('',*,*,#11327,.F.);
#11385 = ORIENTED_EDGE('',*,*,#11386,.F.);
#11386 = EDGE_CURVE('',#11370,#11328,#11387,.T.);
#11387 = LINE('',#11388,#11389);
#11388 = CARTESIAN_POINT('',(-33.05,55.000001,0.));
#11389 = VECTOR('',#11390,1.);
#11390 = DIRECTION('',(1.,0.,0.));
#11391 = PLANE('',#11392);
#11392 = AXIS2_PLACEMENT_3D('',#11393,#11394,#11395);
#11393 = CARTESIAN_POINT('',(-33.05,55.000001,0.));
#11394 = DIRECTION('',(0.,1.,0.));
#11395 = DIRECTION('',(1.,0.,0.));
#11396 = ADVANCED_FACE('',(#11397),#11422,.T.);
#11397 = FACE_BOUND('',#11398,.T.);
#11398 = EDGE_LOOP('',(#11399,#11400,#11408,#11416));
#11399 = ORIENTED_EDGE('',*,*,#11346,.T.);
#11400 = ORIENTED_EDGE('',*,*,#11401,.T.);
#11401 = EDGE_CURVE('',#11338,#11402,#11404,.T.);
#11402 = VERTEX_POINT('',#11403);
#11403 = CARTESIAN_POINT('',(35.807116,54.171129,1.6));
#11404 = LINE('',#11405,#11406);
#11405 = CARTESIAN_POINT('',(35.631884,54.284371,1.6));
#11406 = VECTOR('',#11407,1.);
#11407 = DIRECTION('',(0.83988352502,-0.542766675837,0.));
#11408 = ORIENTED_EDGE('',*,*,#11409,.F.);
#11409 = EDGE_CURVE('',#11410,#11402,#11412,.T.);
#11410 = VERTEX_POINT('',#11411);
#11411 = CARTESIAN_POINT('',(35.807116,54.171129,0.));
#11412 = LINE('',#11413,#11414);
#11413 = CARTESIAN_POINT('',(35.807116,54.171129,0.));
#11414 = VECTOR('',#11415,1.);
#11415 = DIRECTION('',(0.,0.,1.));
#11416 = ORIENTED_EDGE('',*,*,#11417,.F.);
#11417 = EDGE_CURVE('',#11347,#11410,#11418,.T.);
#11418 = LINE('',#11419,#11420);
#11419 = CARTESIAN_POINT('',(35.631884,54.284371,0.));
#11420 = VECTOR('',#11421,1.);
#11421 = DIRECTION('',(0.83988352502,-0.542766675837,0.));
#11422 = PLANE('',#11423);
#11423 = AXIS2_PLACEMENT_3D('',#11424,#11425,#11426);
#11424 = CARTESIAN_POINT('',(35.631884,54.284371,0.));
#11425 = DIRECTION('',(0.542766675837,0.83988352502,-0.));
#11426 = DIRECTION('',(0.83988352502,-0.542766675837,0.));
#11427 = ADVANCED_FACE('',(#11428,#11516,#11527,#11538,#11549,#11560,
    #11571,#11582,#11593,#11604,#11615,#11626,#11637,#11648,#11659,
    #11670,#11681,#11692,#11703,#11714,#11725,#11736,#11747,#11758,
    #11769,#11780,#11791,#11802,#11813,#11824,#11835,#11846,#11857,
    #11868,#11879,#11890,#11901,#11912,#11923,#11934,#11945,#11956,
    #11967,#11978,#11989,#12000,#12011,#12022,#12033,#12044,#12055,
    #12066,#12077,#12088,#12099,#12110,#12121,#12132,#12143,#12154,
    #12165,#12176,#12187,#12198,#12209,#12220,#12231,#12242,#12253,
    #12264,#12275,#12286,#12297,#12308,#12319,#12330,#12341,#12352,
    #12363,#12374,#12385,#12396,#12407,#12418,#12429,#12440,#12451,
    #12462,#12473,#12484,#12495,#12506,#12517,#12528,#12539,#12550,
    #12561,#12572,#12583,#12594,#12605,#12616,#12627,#12638,#12649,
    #12660,#12671,#12682,#12693,#12704,#12715,#12726,#12737,#12748,
    #12759,#12770,#12781,#12792,#12803,#12814,#12825,#12836,#12847,
    #12858,#12869,#12880,#12891,#12902,#12913,#12924,#12935,#12946,
    #12957,#12968,#12979,#12990,#13001,#13012,#13023,#13034,#13045,
    #13056,#13067,#13078,#13089,#13100,#13111,#13122,#13133,#13144,
    #13155,#13166,#13177,#13188,#13199,#13210,#13221,#13232,#13243,
    #13254,#13265,#13276,#13287,#13298,#13309,#13320,#13331,#13342,
    #13353,#13364,#13375,#13386,#13397,#13408,#13419,#13430,#13441,
    #13452,#13463,#13474,#13485,#13496,#13507,#13518,#13529,#13540,
    #13551,#13562,#13573),#13584,.F.);
#11428 = FACE_BOUND('',#11429,.F.);
#11429 = EDGE_LOOP('',(#11430,#11431,#11432,#11440,#11449,#11457,#11466,
    #11474,#11483,#11491,#11499,#11508,#11515));
#11430 = ORIENTED_EDGE('',*,*,#11354,.F.);
#11431 = ORIENTED_EDGE('',*,*,#11386,.F.);
#11432 = ORIENTED_EDGE('',*,*,#11433,.F.);
#11433 = EDGE_CURVE('',#11434,#11370,#11436,.T.);
#11434 = VERTEX_POINT('',#11435);
#11435 = CARTESIAN_POINT('',(-33.258627,54.997843,0.));
#11436 = LINE('',#11437,#11438);
#11437 = CARTESIAN_POINT('',(-33.258627,54.997843,0.));
#11438 = VECTOR('',#11439,1.);
#11439 = DIRECTION('',(0.999946506993,1.034326603021E-02,0.));
#11440 = ORIENTED_EDGE('',*,*,#11441,.F.);
#11441 = EDGE_CURVE('',#11442,#11434,#11444,.T.);
#11442 = VERTEX_POINT('',#11443);
#11443 = CARTESIAN_POINT('',(-35.807116,54.171129,0.));
#11444 = CIRCLE('',#11445,4.972319393319);
#11445 = AXIS2_PLACEMENT_3D('',#11446,#11447,#11448);
#11446 = CARTESIAN_POINT('',(-33.05532127278,50.02968167709,0.));
#11447 = DIRECTION('',(0.,0.,-1.));
#11448 = DIRECTION('',(-0.553422760999,0.832900502827,0.));
#11449 = ORIENTED_EDGE('',*,*,#11450,.F.);
#11450 = EDGE_CURVE('',#11451,#11442,#11453,.T.);
#11451 = VERTEX_POINT('',#11452);
#11452 = CARTESIAN_POINT('',(-36.473922,53.727426,0.));
#11453 = LINE('',#11454,#11455);
#11454 = CARTESIAN_POINT('',(-36.473922,53.727426,0.));
#11455 = VECTOR('',#11456,1.);
#11456 = DIRECTION('',(0.832530763896,0.553978814727,0.));
#11457 = ORIENTED_EDGE('',*,*,#11458,.F.);
#11458 = EDGE_CURVE('',#11459,#11451,#11461,.T.);
#11459 = VERTEX_POINT('',#11460);
#11460 = CARTESIAN_POINT('',(-35.807116,-54.171127,0.));
#11461 = CIRCLE('',#11462,64.935502967024);
#11462 = AXIS2_PLACEMENT_3D('',#11463,#11464,#11465);
#11463 = CARTESIAN_POINT('',(-2.80909129685E-03,1.478183503131E-03,0.));
#11464 = DIRECTION('',(0.,0.,-1.));
#11465 = DIRECTION('',(-0.551382606937,-0.834252492215,-0.));
#11466 = ORIENTED_EDGE('',*,*,#11467,.F.);
#11467 = EDGE_CURVE('',#11468,#11459,#11470,.T.);
#11468 = VERTEX_POINT('',#11469);
#11469 = CARTESIAN_POINT('',(-35.631884,-54.284369,0.));
#11470 = LINE('',#11471,#11472);
#11471 = CARTESIAN_POINT('',(-35.631884,-54.284369,0.));
#11472 = VECTOR('',#11473,1.);
#11473 = DIRECTION('',(-0.83988352502,0.542766675837,0.));
#11474 = ORIENTED_EDGE('',*,*,#11475,.F.);
#11475 = EDGE_CURVE('',#11476,#11468,#11478,.T.);
#11476 = VERTEX_POINT('',#11477);
#11477 = CARTESIAN_POINT('',(-33.05,-54.999999,0.));
#11478 = CIRCLE('',#11479,4.9723568118);
#11479 = AXIS2_PLACEMENT_3D('',#11480,#11481,#11482);
#11480 = CARTESIAN_POINT('',(-33.06191694025,-50.02765646851,0.));
#11481 = DIRECTION('',(0.,0.,-1.));
#11482 = DIRECTION('',(2.396638195116E-03,-0.999997128059,0.));
#11483 = ORIENTED_EDGE('',*,*,#11484,.F.);
#11484 = EDGE_CURVE('',#11485,#11476,#11487,.T.);
#11485 = VERTEX_POINT('',#11486);
#11486 = CARTESIAN_POINT('',(33.05,-54.999999,0.));
#11487 = LINE('',#11488,#11489);
#11488 = CARTESIAN_POINT('',(33.05,-54.999999,0.));
#11489 = VECTOR('',#11490,1.);
#11490 = DIRECTION('',(-1.,0.,0.));
#11491 = ORIENTED_EDGE('',*,*,#11492,.F.);
#11492 = EDGE_CURVE('',#11493,#11485,#11495,.T.);
#11493 = VERTEX_POINT('',#11494);
#11494 = CARTESIAN_POINT('',(33.258627,-54.99784,0.));
#11495 = LINE('',#11496,#11497);
#11496 = CARTESIAN_POINT('',(33.258627,-54.99784,0.));
#11497 = VECTOR('',#11498,1.);
#11498 = DIRECTION('',(-0.999946457409,-1.034805850418E-02,0.));
#11499 = ORIENTED_EDGE('',*,*,#11500,.F.);
#11500 = EDGE_CURVE('',#11501,#11493,#11503,.T.);
#11501 = VERTEX_POINT('',#11502);
#11502 = CARTESIAN_POINT('',(35.807116,-54.171127,0.));
#11503 = CIRCLE('',#11504,4.972363468792);
#11504 = AXIS2_PLACEMENT_3D('',#11505,#11506,#11507);
#11505 = CARTESIAN_POINT('',(33.055308754268,-50.02963507701,0.));
#11506 = DIRECTION('',(0.,0.,-1.));
#11507 = DIRECTION('',(0.553420373028,-0.832902089514,0.));
#11508 = ORIENTED_EDGE('',*,*,#11509,.F.);
#11509 = EDGE_CURVE('',#11410,#11501,#11510,.T.);
#11510 = CIRCLE('',#11511,64.935819072349);
#11511 = AXIS2_PLACEMENT_3D('',#11512,#11513,#11514);
#11512 = CARTESIAN_POINT('',(9.276513033285E-07,9.999999992516E-07,0.));
#11513 = DIRECTION('',(0.,0.,-1.));
#11514 = DIRECTION('',(0.551423168043,0.834225682741,0.));
#11515 = ORIENTED_EDGE('',*,*,#11417,.F.);
#11516 = FACE_BOUND('',#11517,.F.);
#11517 = EDGE_LOOP('',(#11518));
#11518 = ORIENTED_EDGE('',*,*,#11519,.T.);
#11519 = EDGE_CURVE('',#11520,#11520,#11522,.T.);
#11520 = VERTEX_POINT('',#11521);
#11521 = CARTESIAN_POINT('',(-18.85,-51.699999,0.));
#11522 = CIRCLE('',#11523,0.5);
#11523 = AXIS2_PLACEMENT_3D('',#11524,#11525,#11526);
#11524 = CARTESIAN_POINT('',(-18.85,-51.199999,0.));
#11525 = DIRECTION('',(-0.,0.,-1.));
#11526 = DIRECTION('',(-0.,-1.,0.));
#11527 = FACE_BOUND('',#11528,.F.);
#11528 = EDGE_LOOP('',(#11529));
#11529 = ORIENTED_EDGE('',*,*,#11530,.T.);
#11530 = EDGE_CURVE('',#11531,#11531,#11533,.T.);
#11531 = VERTEX_POINT('',#11532);
#11532 = CARTESIAN_POINT('',(-16.31,-51.699999,0.));
#11533 = CIRCLE('',#11534,0.5);
#11534 = AXIS2_PLACEMENT_3D('',#11535,#11536,#11537);
#11535 = CARTESIAN_POINT('',(-16.31,-51.199999,0.));
#11536 = DIRECTION('',(-0.,0.,-1.));
#11537 = DIRECTION('',(-0.,-1.,0.));
#11538 = FACE_BOUND('',#11539,.F.);
#11539 = EDGE_LOOP('',(#11540));
#11540 = ORIENTED_EDGE('',*,*,#11541,.T.);
#11541 = EDGE_CURVE('',#11542,#11542,#11544,.T.);
#11542 = VERTEX_POINT('',#11543);
#11543 = CARTESIAN_POINT('',(-21.697056,-43.957055,0.));
#11544 = CIRCLE('',#11545,0.25);
#11545 = AXIS2_PLACEMENT_3D('',#11546,#11547,#11548);
#11546 = CARTESIAN_POINT('',(-21.697056,-43.707055,0.));
#11547 = DIRECTION('',(-0.,0.,-1.));
#11548 = DIRECTION('',(-0.,-1.,0.));
#11549 = FACE_BOUND('',#11550,.F.);
#11550 = EDGE_LOOP('',(#11551));
#11551 = ORIENTED_EDGE('',*,*,#11552,.T.);
#11552 = EDGE_CURVE('',#11553,#11553,#11555,.T.);
#11553 = VERTEX_POINT('',#11554);
#11554 = CARTESIAN_POINT('',(-22.4,-42.259999,0.));
#11555 = CIRCLE('',#11556,0.25);
#11556 = AXIS2_PLACEMENT_3D('',#11557,#11558,#11559);
#11557 = CARTESIAN_POINT('',(-22.4,-42.009999,0.));
#11558 = DIRECTION('',(-0.,0.,-1.));
#11559 = DIRECTION('',(-0.,-1.,0.));
#11560 = FACE_BOUND('',#11561,.F.);
#11561 = EDGE_LOOP('',(#11562));
#11562 = ORIENTED_EDGE('',*,*,#11563,.T.);
#11563 = EDGE_CURVE('',#11564,#11564,#11566,.T.);
#11564 = VERTEX_POINT('',#11565);
#11565 = CARTESIAN_POINT('',(-21.697056,-40.562943,0.));
#11566 = CIRCLE('',#11567,0.25);
#11567 = AXIS2_PLACEMENT_3D('',#11568,#11569,#11570);
#11568 = CARTESIAN_POINT('',(-21.697056,-40.312943,0.));
#11569 = DIRECTION('',(-0.,0.,-1.));
#11570 = DIRECTION('',(-0.,-1.,0.));
#11571 = FACE_BOUND('',#11572,.F.);
#11572 = EDGE_LOOP('',(#11573));
#11573 = ORIENTED_EDGE('',*,*,#11574,.T.);
#11574 = EDGE_CURVE('',#11575,#11575,#11577,.T.);
#11575 = VERTEX_POINT('',#11576);
#11576 = CARTESIAN_POINT('',(-20.,-44.659999,0.));
#11577 = CIRCLE('',#11578,0.25);
#11578 = AXIS2_PLACEMENT_3D('',#11579,#11580,#11581);
#11579 = CARTESIAN_POINT('',(-20.,-44.409999,0.));
#11580 = DIRECTION('',(-0.,0.,-1.));
#11581 = DIRECTION('',(-0.,-1.,0.));
#11582 = FACE_BOUND('',#11583,.F.);
#11583 = EDGE_LOOP('',(#11584));
#11584 = ORIENTED_EDGE('',*,*,#11585,.T.);
#11585 = EDGE_CURVE('',#11586,#11586,#11588,.T.);
#11586 = VERTEX_POINT('',#11587);
#11587 = CARTESIAN_POINT('',(-18.302944,-43.957055,0.));
#11588 = CIRCLE('',#11589,0.25);
#11589 = AXIS2_PLACEMENT_3D('',#11590,#11591,#11592);
#11590 = CARTESIAN_POINT('',(-18.302944,-43.707055,0.));
#11591 = DIRECTION('',(-0.,0.,-1.));
#11592 = DIRECTION('',(-0.,-1.,0.));
#11593 = FACE_BOUND('',#11594,.F.);
#11594 = EDGE_LOOP('',(#11595));
#11595 = ORIENTED_EDGE('',*,*,#11596,.T.);
#11596 = EDGE_CURVE('',#11597,#11597,#11599,.T.);
#11597 = VERTEX_POINT('',#11598);
#11598 = CARTESIAN_POINT('',(-20.,-43.609999,0.));
#11599 = CIRCLE('',#11600,1.6);
#11600 = AXIS2_PLACEMENT_3D('',#11601,#11602,#11603);
#11601 = CARTESIAN_POINT('',(-20.,-42.009999,0.));
#11602 = DIRECTION('',(-0.,0.,-1.));
#11603 = DIRECTION('',(-0.,-1.,0.));
#11604 = FACE_BOUND('',#11605,.F.);
#11605 = EDGE_LOOP('',(#11606));
#11606 = ORIENTED_EDGE('',*,*,#11607,.T.);
#11607 = EDGE_CURVE('',#11608,#11608,#11610,.T.);
#11608 = VERTEX_POINT('',#11609);
#11609 = CARTESIAN_POINT('',(-17.6,-42.259999,0.));
#11610 = CIRCLE('',#11611,0.25);
#11611 = AXIS2_PLACEMENT_3D('',#11612,#11613,#11614);
#11612 = CARTESIAN_POINT('',(-17.6,-42.009999,0.));
#11613 = DIRECTION('',(-0.,0.,-1.));
#11614 = DIRECTION('',(-0.,-1.,0.));
#11615 = FACE_BOUND('',#11616,.F.);
#11616 = EDGE_LOOP('',(#11617));
#11617 = ORIENTED_EDGE('',*,*,#11618,.T.);
#11618 = EDGE_CURVE('',#11619,#11619,#11621,.T.);
#11619 = VERTEX_POINT('',#11620);
#11620 = CARTESIAN_POINT('',(-20.,-39.859999,0.));
#11621 = CIRCLE('',#11622,0.25);
#11622 = AXIS2_PLACEMENT_3D('',#11623,#11624,#11625);
#11623 = CARTESIAN_POINT('',(-20.,-39.609999,0.));
#11624 = DIRECTION('',(-0.,0.,-1.));
#11625 = DIRECTION('',(-0.,-1.,0.));
#11626 = FACE_BOUND('',#11627,.F.);
#11627 = EDGE_LOOP('',(#11628));
#11628 = ORIENTED_EDGE('',*,*,#11629,.T.);
#11629 = EDGE_CURVE('',#11630,#11630,#11632,.T.);
#11630 = VERTEX_POINT('',#11631);
#11631 = CARTESIAN_POINT('',(-18.302944,-40.562943,0.));
#11632 = CIRCLE('',#11633,0.25);
#11633 = AXIS2_PLACEMENT_3D('',#11634,#11635,#11636);
#11634 = CARTESIAN_POINT('',(-18.302944,-40.312943,0.));
#11635 = DIRECTION('',(-0.,0.,-1.));
#11636 = DIRECTION('',(-0.,-1.,0.));
#11637 = FACE_BOUND('',#11638,.F.);
#11638 = EDGE_LOOP('',(#11639));
#11639 = ORIENTED_EDGE('',*,*,#11640,.T.);
#11640 = EDGE_CURVE('',#11641,#11641,#11643,.T.);
#11641 = VERTEX_POINT('',#11642);
#11642 = CARTESIAN_POINT('',(-13.77,-51.699999,0.));
#11643 = CIRCLE('',#11644,0.5);
#11644 = AXIS2_PLACEMENT_3D('',#11645,#11646,#11647);
#11645 = CARTESIAN_POINT('',(-13.77,-51.199999,0.));
#11646 = DIRECTION('',(-0.,0.,-1.));
#11647 = DIRECTION('',(-0.,-1.,0.));
#11648 = FACE_BOUND('',#11649,.F.);
#11649 = EDGE_LOOP('',(#11650));
#11650 = ORIENTED_EDGE('',*,*,#11651,.T.);
#11651 = EDGE_CURVE('',#11652,#11652,#11654,.T.);
#11652 = VERTEX_POINT('',#11653);
#11653 = CARTESIAN_POINT('',(-11.23,-51.699999,0.));
#11654 = CIRCLE('',#11655,0.5);
#11655 = AXIS2_PLACEMENT_3D('',#11656,#11657,#11658);
#11656 = CARTESIAN_POINT('',(-11.23,-51.199999,0.));
#11657 = DIRECTION('',(-0.,0.,-1.));
#11658 = DIRECTION('',(-0.,-1.,0.));
#11659 = FACE_BOUND('',#11660,.F.);
#11660 = EDGE_LOOP('',(#11661));
#11661 = ORIENTED_EDGE('',*,*,#11662,.T.);
#11662 = EDGE_CURVE('',#11663,#11663,#11665,.T.);
#11663 = VERTEX_POINT('',#11664);
#11664 = CARTESIAN_POINT('',(-8.69,-51.699999,0.));
#11665 = CIRCLE('',#11666,0.5);
#11666 = AXIS2_PLACEMENT_3D('',#11667,#11668,#11669);
#11667 = CARTESIAN_POINT('',(-8.69,-51.199999,0.));
#11668 = DIRECTION('',(-0.,0.,-1.));
#11669 = DIRECTION('',(-0.,-1.,0.));
#11670 = FACE_BOUND('',#11671,.F.);
#11671 = EDGE_LOOP('',(#11672));
#11672 = ORIENTED_EDGE('',*,*,#11673,.T.);
#11673 = EDGE_CURVE('',#11674,#11674,#11676,.T.);
#11674 = VERTEX_POINT('',#11675);
#11675 = CARTESIAN_POINT('',(-6.15,-51.699999,0.));
#11676 = CIRCLE('',#11677,0.5);
#11677 = AXIS2_PLACEMENT_3D('',#11678,#11679,#11680);
#11678 = CARTESIAN_POINT('',(-6.15,-51.199999,0.));
#11679 = DIRECTION('',(-0.,0.,-1.));
#11680 = DIRECTION('',(-0.,-1.,0.));
#11681 = FACE_BOUND('',#11682,.F.);
#11682 = EDGE_LOOP('',(#11683));
#11683 = ORIENTED_EDGE('',*,*,#11684,.T.);
#11684 = EDGE_CURVE('',#11685,#11685,#11687,.T.);
#11685 = VERTEX_POINT('',#11686);
#11686 = CARTESIAN_POINT('',(-6.697056,-43.957055,0.));
#11687 = CIRCLE('',#11688,0.25);
#11688 = AXIS2_PLACEMENT_3D('',#11689,#11690,#11691);
#11689 = CARTESIAN_POINT('',(-6.697056,-43.707055,0.));
#11690 = DIRECTION('',(-0.,0.,-1.));
#11691 = DIRECTION('',(-0.,-1.,0.));
#11692 = FACE_BOUND('',#11693,.F.);
#11693 = EDGE_LOOP('',(#11694));
#11694 = ORIENTED_EDGE('',*,*,#11695,.T.);
#11695 = EDGE_CURVE('',#11696,#11696,#11698,.T.);
#11696 = VERTEX_POINT('',#11697);
#11697 = CARTESIAN_POINT('',(-7.4,-42.259999,0.));
#11698 = CIRCLE('',#11699,0.25);
#11699 = AXIS2_PLACEMENT_3D('',#11700,#11701,#11702);
#11700 = CARTESIAN_POINT('',(-7.4,-42.009999,0.));
#11701 = DIRECTION('',(-0.,0.,-1.));
#11702 = DIRECTION('',(-0.,-1.,0.));
#11703 = FACE_BOUND('',#11704,.F.);
#11704 = EDGE_LOOP('',(#11705));
#11705 = ORIENTED_EDGE('',*,*,#11706,.T.);
#11706 = EDGE_CURVE('',#11707,#11707,#11709,.T.);
#11707 = VERTEX_POINT('',#11708);
#11708 = CARTESIAN_POINT('',(-5.,-44.659999,0.));
#11709 = CIRCLE('',#11710,0.25);
#11710 = AXIS2_PLACEMENT_3D('',#11711,#11712,#11713);
#11711 = CARTESIAN_POINT('',(-5.,-44.409999,0.));
#11712 = DIRECTION('',(-0.,0.,-1.));
#11713 = DIRECTION('',(-0.,-1.,0.));
#11714 = FACE_BOUND('',#11715,.F.);
#11715 = EDGE_LOOP('',(#11716));
#11716 = ORIENTED_EDGE('',*,*,#11717,.T.);
#11717 = EDGE_CURVE('',#11718,#11718,#11720,.T.);
#11718 = VERTEX_POINT('',#11719);
#11719 = CARTESIAN_POINT('',(-5.,-43.609999,0.));
#11720 = CIRCLE('',#11721,1.6);
#11721 = AXIS2_PLACEMENT_3D('',#11722,#11723,#11724);
#11722 = CARTESIAN_POINT('',(-5.,-42.009999,0.));
#11723 = DIRECTION('',(-0.,0.,-1.));
#11724 = DIRECTION('',(-0.,-1.,0.));
#11725 = FACE_BOUND('',#11726,.F.);
#11726 = EDGE_LOOP('',(#11727));
#11727 = ORIENTED_EDGE('',*,*,#11728,.T.);
#11728 = EDGE_CURVE('',#11729,#11729,#11731,.T.);
#11729 = VERTEX_POINT('',#11730);
#11730 = CARTESIAN_POINT('',(-6.697056,-40.562943,0.));
#11731 = CIRCLE('',#11732,0.25);
#11732 = AXIS2_PLACEMENT_3D('',#11733,#11734,#11735);
#11733 = CARTESIAN_POINT('',(-6.697056,-40.312943,0.));
#11734 = DIRECTION('',(-0.,0.,-1.));
#11735 = DIRECTION('',(-0.,-1.,0.));
#11736 = FACE_BOUND('',#11737,.F.);
#11737 = EDGE_LOOP('',(#11738));
#11738 = ORIENTED_EDGE('',*,*,#11739,.T.);
#11739 = EDGE_CURVE('',#11740,#11740,#11742,.T.);
#11740 = VERTEX_POINT('',#11741);
#11741 = CARTESIAN_POINT('',(-5.,-39.859999,0.));
#11742 = CIRCLE('',#11743,0.25);
#11743 = AXIS2_PLACEMENT_3D('',#11744,#11745,#11746);
#11744 = CARTESIAN_POINT('',(-5.,-39.609999,0.));
#11745 = DIRECTION('',(-0.,0.,-1.));
#11746 = DIRECTION('',(-0.,-1.,0.));
#11747 = FACE_BOUND('',#11748,.F.);
#11748 = EDGE_LOOP('',(#11749));
#11749 = ORIENTED_EDGE('',*,*,#11750,.T.);
#11750 = EDGE_CURVE('',#11751,#11751,#11753,.T.);
#11751 = VERTEX_POINT('',#11752);
#11752 = CARTESIAN_POINT('',(-23.05,-32.649999,0.));
#11753 = CIRCLE('',#11754,0.25);
#11754 = AXIS2_PLACEMENT_3D('',#11755,#11756,#11757);
#11755 = CARTESIAN_POINT('',(-23.05,-32.399999,0.));
#11756 = DIRECTION('',(-0.,0.,-1.));
#11757 = DIRECTION('',(-0.,-1.,0.));
#11758 = FACE_BOUND('',#11759,.F.);
#11759 = EDGE_LOOP('',(#11760));
#11760 = ORIENTED_EDGE('',*,*,#11761,.T.);
#11761 = EDGE_CURVE('',#11762,#11762,#11764,.T.);
#11762 = VERTEX_POINT('',#11763);
#11763 = CARTESIAN_POINT('',(-15.98,-34.788999,0.));
#11764 = CIRCLE('',#11765,0.5);
#11765 = AXIS2_PLACEMENT_3D('',#11766,#11767,#11768);
#11766 = CARTESIAN_POINT('',(-15.98,-34.288999,0.));
#11767 = DIRECTION('',(-0.,0.,-1.));
#11768 = DIRECTION('',(-0.,-1.,0.));
#11769 = FACE_BOUND('',#11770,.F.);
#11770 = EDGE_LOOP('',(#11771));
#11771 = ORIENTED_EDGE('',*,*,#11772,.T.);
#11772 = EDGE_CURVE('',#11773,#11773,#11775,.T.);
#11773 = VERTEX_POINT('',#11774);
#11774 = CARTESIAN_POINT('',(-24.747056,-31.947055,0.));
#11775 = CIRCLE('',#11776,0.25);
#11776 = AXIS2_PLACEMENT_3D('',#11777,#11778,#11779);
#11777 = CARTESIAN_POINT('',(-24.747056,-31.697055,0.));
#11778 = DIRECTION('',(-0.,0.,-1.));
#11779 = DIRECTION('',(-0.,-1.,0.));
#11780 = FACE_BOUND('',#11781,.F.);
#11781 = EDGE_LOOP('',(#11782));
#11782 = ORIENTED_EDGE('',*,*,#11783,.T.);
#11783 = EDGE_CURVE('',#11784,#11784,#11786,.T.);
#11784 = VERTEX_POINT('',#11785);
#11785 = CARTESIAN_POINT('',(-25.45,-30.249999,0.));
#11786 = CIRCLE('',#11787,0.25);
#11787 = AXIS2_PLACEMENT_3D('',#11788,#11789,#11790);
#11788 = CARTESIAN_POINT('',(-25.45,-29.999999,0.));
#11789 = DIRECTION('',(-0.,0.,-1.));
#11790 = DIRECTION('',(-0.,-1.,0.));
#11791 = FACE_BOUND('',#11792,.F.);
#11792 = EDGE_LOOP('',(#11793));
#11793 = ORIENTED_EDGE('',*,*,#11794,.T.);
#11794 = EDGE_CURVE('',#11795,#11795,#11797,.T.);
#11795 = VERTEX_POINT('',#11796);
#11796 = CARTESIAN_POINT('',(-21.352944,-31.947055,0.));
#11797 = CIRCLE('',#11798,0.25);
#11798 = AXIS2_PLACEMENT_3D('',#11799,#11800,#11801);
#11799 = CARTESIAN_POINT('',(-21.352944,-31.697055,0.));
#11800 = DIRECTION('',(-0.,0.,-1.));
#11801 = DIRECTION('',(-0.,-1.,0.));
#11802 = FACE_BOUND('',#11803,.F.);
#11803 = EDGE_LOOP('',(#11804));
#11804 = ORIENTED_EDGE('',*,*,#11805,.T.);
#11805 = EDGE_CURVE('',#11806,#11806,#11808,.T.);
#11806 = VERTEX_POINT('',#11807);
#11807 = CARTESIAN_POINT('',(-23.05,-31.599999,0.));
#11808 = CIRCLE('',#11809,1.6);
#11809 = AXIS2_PLACEMENT_3D('',#11810,#11811,#11812);
#11810 = CARTESIAN_POINT('',(-23.05,-29.999999,0.));
#11811 = DIRECTION('',(-0.,0.,-1.));
#11812 = DIRECTION('',(-2.22044604925E-15,-1.,0.));
#11813 = FACE_BOUND('',#11814,.F.);
#11814 = EDGE_LOOP('',(#11815));
#11815 = ORIENTED_EDGE('',*,*,#11816,.T.);
#11816 = EDGE_CURVE('',#11817,#11817,#11819,.T.);
#11817 = VERTEX_POINT('',#11818);
#11818 = CARTESIAN_POINT('',(-20.65,-30.249999,0.));
#11819 = CIRCLE('',#11820,0.25);
#11820 = AXIS2_PLACEMENT_3D('',#11821,#11822,#11823);
#11821 = CARTESIAN_POINT('',(-20.65,-29.999999,0.));
#11822 = DIRECTION('',(-0.,0.,-1.));
#11823 = DIRECTION('',(-0.,-1.,0.));
#11824 = FACE_BOUND('',#11825,.F.);
#11825 = EDGE_LOOP('',(#11826));
#11826 = ORIENTED_EDGE('',*,*,#11827,.T.);
#11827 = EDGE_CURVE('',#11828,#11828,#11830,.T.);
#11828 = VERTEX_POINT('',#11829);
#11829 = CARTESIAN_POINT('',(-24.747056,-28.552943,0.));
#11830 = CIRCLE('',#11831,0.25);
#11831 = AXIS2_PLACEMENT_3D('',#11832,#11833,#11834);
#11832 = CARTESIAN_POINT('',(-24.747056,-28.302943,0.));
#11833 = DIRECTION('',(-0.,0.,-1.));
#11834 = DIRECTION('',(-0.,-1.,0.));
#11835 = FACE_BOUND('',#11836,.F.);
#11836 = EDGE_LOOP('',(#11837));
#11837 = ORIENTED_EDGE('',*,*,#11838,.T.);
#11838 = EDGE_CURVE('',#11839,#11839,#11841,.T.);
#11839 = VERTEX_POINT('',#11840);
#11840 = CARTESIAN_POINT('',(-23.05,-27.849999,0.));
#11841 = CIRCLE('',#11842,0.25);
#11842 = AXIS2_PLACEMENT_3D('',#11843,#11844,#11845);
#11843 = CARTESIAN_POINT('',(-23.05,-27.599999,0.));
#11844 = DIRECTION('',(-0.,0.,-1.));
#11845 = DIRECTION('',(-0.,-1.,0.));
#11846 = FACE_BOUND('',#11847,.F.);
#11847 = EDGE_LOOP('',(#11848));
#11848 = ORIENTED_EDGE('',*,*,#11849,.T.);
#11849 = EDGE_CURVE('',#11850,#11850,#11852,.T.);
#11850 = VERTEX_POINT('',#11851);
#11851 = CARTESIAN_POINT('',(-21.352944,-28.552943,0.));
#11852 = CIRCLE('',#11853,0.25);
#11853 = AXIS2_PLACEMENT_3D('',#11854,#11855,#11856);
#11854 = CARTESIAN_POINT('',(-21.352944,-28.302943,0.));
#11855 = DIRECTION('',(-0.,0.,-1.));
#11856 = DIRECTION('',(-0.,-1.,0.));
#11857 = FACE_BOUND('',#11858,.F.);
#11858 = EDGE_LOOP('',(#11859));
#11859 = ORIENTED_EDGE('',*,*,#11860,.T.);
#11860 = EDGE_CURVE('',#11861,#11861,#11863,.T.);
#11861 = VERTEX_POINT('',#11862);
#11862 = CARTESIAN_POINT('',(-15.98,-32.248999,0.));
#11863 = CIRCLE('',#11864,0.5);
#11864 = AXIS2_PLACEMENT_3D('',#11865,#11866,#11867);
#11865 = CARTESIAN_POINT('',(-15.98,-31.748999,0.));
#11866 = DIRECTION('',(-0.,0.,-1.));
#11867 = DIRECTION('',(-0.,-1.,0.));
#11868 = FACE_BOUND('',#11869,.F.);
#11869 = EDGE_LOOP('',(#11870));
#11870 = ORIENTED_EDGE('',*,*,#11871,.T.);
#11871 = EDGE_CURVE('',#11872,#11872,#11874,.T.);
#11872 = VERTEX_POINT('',#11873);
#11873 = CARTESIAN_POINT('',(-15.98,-29.708999,0.));
#11874 = CIRCLE('',#11875,0.5);
#11875 = AXIS2_PLACEMENT_3D('',#11876,#11877,#11878);
#11876 = CARTESIAN_POINT('',(-15.98,-29.208999,0.));
#11877 = DIRECTION('',(-0.,0.,-1.));
#11878 = DIRECTION('',(-0.,-1.,0.));
#11879 = FACE_BOUND('',#11880,.F.);
#11880 = EDGE_LOOP('',(#11881));
#11881 = ORIENTED_EDGE('',*,*,#11882,.T.);
#11882 = EDGE_CURVE('',#11883,#11883,#11885,.T.);
#11883 = VERTEX_POINT('',#11884);
#11884 = CARTESIAN_POINT('',(-15.98,-27.168999,0.));
#11885 = CIRCLE('',#11886,0.5);
#11886 = AXIS2_PLACEMENT_3D('',#11887,#11888,#11889);
#11887 = CARTESIAN_POINT('',(-15.98,-26.668999,0.));
#11888 = DIRECTION('',(-0.,0.,-1.));
#11889 = DIRECTION('',(-0.,-1.,0.));
#11890 = FACE_BOUND('',#11891,.F.);
#11891 = EDGE_LOOP('',(#11892));
#11892 = ORIENTED_EDGE('',*,*,#11893,.T.);
#11893 = EDGE_CURVE('',#11894,#11894,#11896,.T.);
#11894 = VERTEX_POINT('',#11895);
#11895 = CARTESIAN_POINT('',(-26.757056,-9.447055,0.));
#11896 = CIRCLE('',#11897,0.25);
#11897 = AXIS2_PLACEMENT_3D('',#11898,#11899,#11900);
#11898 = CARTESIAN_POINT('',(-26.757056,-9.197055,0.));
#11899 = DIRECTION('',(-0.,0.,-1.));
#11900 = DIRECTION('',(-0.,-1.,0.));
#11901 = FACE_BOUND('',#11902,.F.);
#11902 = EDGE_LOOP('',(#11903));
#11903 = ORIENTED_EDGE('',*,*,#11904,.T.);
#11904 = EDGE_CURVE('',#11905,#11905,#11907,.T.);
#11905 = VERTEX_POINT('',#11906);
#11906 = CARTESIAN_POINT('',(-27.46,-7.749999,0.));
#11907 = CIRCLE('',#11908,0.25);
#11908 = AXIS2_PLACEMENT_3D('',#11909,#11910,#11911);
#11909 = CARTESIAN_POINT('',(-27.46,-7.499999,0.));
#11910 = DIRECTION('',(-0.,0.,-1.));
#11911 = DIRECTION('',(-0.,-1.,0.));
#11912 = FACE_BOUND('',#11913,.F.);
#11913 = EDGE_LOOP('',(#11914));
#11914 = ORIENTED_EDGE('',*,*,#11915,.T.);
#11915 = EDGE_CURVE('',#11916,#11916,#11918,.T.);
#11916 = VERTEX_POINT('',#11917);
#11917 = CARTESIAN_POINT('',(-34.25,-6.849999,0.));
#11918 = CIRCLE('',#11919,0.5);
#11919 = AXIS2_PLACEMENT_3D('',#11920,#11921,#11922);
#11920 = CARTESIAN_POINT('',(-34.25,-6.349999,0.));
#11921 = DIRECTION('',(-0.,0.,-1.));
#11922 = DIRECTION('',(-0.,-1.,0.));
#11923 = FACE_BOUND('',#11924,.F.);
#11924 = EDGE_LOOP('',(#11925));
#11925 = ORIENTED_EDGE('',*,*,#11926,.T.);
#11926 = EDGE_CURVE('',#11927,#11927,#11929,.T.);
#11927 = VERTEX_POINT('',#11928);
#11928 = CARTESIAN_POINT('',(-34.25,-4.309999,0.));
#11929 = CIRCLE('',#11930,0.5);
#11930 = AXIS2_PLACEMENT_3D('',#11931,#11932,#11933);
#11931 = CARTESIAN_POINT('',(-34.25,-3.809999,0.));
#11932 = DIRECTION('',(-0.,0.,-1.));
#11933 = DIRECTION('',(-0.,-1.,0.));
#11934 = FACE_BOUND('',#11935,.F.);
#11935 = EDGE_LOOP('',(#11936));
#11936 = ORIENTED_EDGE('',*,*,#11937,.T.);
#11937 = EDGE_CURVE('',#11938,#11938,#11940,.T.);
#11938 = VERTEX_POINT('',#11939);
#11939 = CARTESIAN_POINT('',(-34.25,-1.769999,0.));
#11940 = CIRCLE('',#11941,0.5);
#11941 = AXIS2_PLACEMENT_3D('',#11942,#11943,#11944);
#11942 = CARTESIAN_POINT('',(-34.25,-1.269999,0.));
#11943 = DIRECTION('',(-0.,0.,-1.));
#11944 = DIRECTION('',(-0.,-1.,0.));
#11945 = FACE_BOUND('',#11946,.F.);
#11946 = EDGE_LOOP('',(#11947));
#11947 = ORIENTED_EDGE('',*,*,#11948,.T.);
#11948 = EDGE_CURVE('',#11949,#11949,#11951,.T.);
#11949 = VERTEX_POINT('',#11950);
#11950 = CARTESIAN_POINT('',(-26.757056,-6.052943,0.));
#11951 = CIRCLE('',#11952,0.25);
#11952 = AXIS2_PLACEMENT_3D('',#11953,#11954,#11955);
#11953 = CARTESIAN_POINT('',(-26.757056,-5.802943,0.));
#11954 = DIRECTION('',(-0.,0.,-1.));
#11955 = DIRECTION('',(-0.,-1.,0.));
#11956 = FACE_BOUND('',#11957,.F.);
#11957 = EDGE_LOOP('',(#11958));
#11958 = ORIENTED_EDGE('',*,*,#11959,.T.);
#11959 = EDGE_CURVE('',#11960,#11960,#11962,.T.);
#11960 = VERTEX_POINT('',#11961);
#11961 = CARTESIAN_POINT('',(-15.98,-24.628999,0.));
#11962 = CIRCLE('',#11963,0.5);
#11963 = AXIS2_PLACEMENT_3D('',#11964,#11965,#11966);
#11964 = CARTESIAN_POINT('',(-15.98,-24.128999,0.));
#11965 = DIRECTION('',(-0.,0.,-1.));
#11966 = DIRECTION('',(-0.,-1.,0.));
#11967 = FACE_BOUND('',#11968,.F.);
#11968 = EDGE_LOOP('',(#11969));
#11969 = ORIENTED_EDGE('',*,*,#11970,.T.);
#11970 = EDGE_CURVE('',#11971,#11971,#11973,.T.);
#11971 = VERTEX_POINT('',#11972);
#11972 = CARTESIAN_POINT('',(-15.98,-22.088999,0.));
#11973 = CIRCLE('',#11974,0.5);
#11974 = AXIS2_PLACEMENT_3D('',#11975,#11976,#11977);
#11975 = CARTESIAN_POINT('',(-15.98,-21.588999,0.));
#11976 = DIRECTION('',(-0.,0.,-1.));
#11977 = DIRECTION('',(-0.,-1.,0.));
#11978 = FACE_BOUND('',#11979,.F.);
#11979 = EDGE_LOOP('',(#11980));
#11980 = ORIENTED_EDGE('',*,*,#11981,.T.);
#11981 = EDGE_CURVE('',#11982,#11982,#11984,.T.);
#11982 = VERTEX_POINT('',#11983);
#11983 = CARTESIAN_POINT('',(-15.98,-19.548999,0.));
#11984 = CIRCLE('',#11985,0.5);
#11985 = AXIS2_PLACEMENT_3D('',#11986,#11987,#11988);
#11986 = CARTESIAN_POINT('',(-15.98,-19.048999,0.));
#11987 = DIRECTION('',(-0.,0.,-1.));
#11988 = DIRECTION('',(-0.,-1.,0.));
#11989 = FACE_BOUND('',#11990,.F.);
#11990 = EDGE_LOOP('',(#11991));
#11991 = ORIENTED_EDGE('',*,*,#11992,.T.);
#11992 = EDGE_CURVE('',#11993,#11993,#11995,.T.);
#11993 = VERTEX_POINT('',#11994);
#11994 = CARTESIAN_POINT('',(-15.98,-17.008999,0.));
#11995 = CIRCLE('',#11996,0.5);
#11996 = AXIS2_PLACEMENT_3D('',#11997,#11998,#11999);
#11997 = CARTESIAN_POINT('',(-15.98,-16.508999,0.));
#11998 = DIRECTION('',(-0.,0.,-1.));
#11999 = DIRECTION('',(-0.,-1.,0.));
#12000 = FACE_BOUND('',#12001,.F.);
#12001 = EDGE_LOOP('',(#12002));
#12002 = ORIENTED_EDGE('',*,*,#12003,.T.);
#12003 = EDGE_CURVE('',#12004,#12004,#12006,.T.);
#12004 = VERTEX_POINT('',#12005);
#12005 = CARTESIAN_POINT('',(-25.06,-10.149999,0.));
#12006 = CIRCLE('',#12007,0.25);
#12007 = AXIS2_PLACEMENT_3D('',#12008,#12009,#12010);
#12008 = CARTESIAN_POINT('',(-25.06,-9.899999,0.));
#12009 = DIRECTION('',(-0.,0.,-1.));
#12010 = DIRECTION('',(-0.,-1.,0.));
#12011 = FACE_BOUND('',#12012,.F.);
#12012 = EDGE_LOOP('',(#12013));
#12013 = ORIENTED_EDGE('',*,*,#12014,.T.);
#12014 = EDGE_CURVE('',#12015,#12015,#12017,.T.);
#12015 = VERTEX_POINT('',#12016);
#12016 = CARTESIAN_POINT('',(-23.362944,-9.447055,0.));
#12017 = CIRCLE('',#12018,0.25);
#12018 = AXIS2_PLACEMENT_3D('',#12019,#12020,#12021);
#12019 = CARTESIAN_POINT('',(-23.362944,-9.197055,0.));
#12020 = DIRECTION('',(-0.,0.,-1.));
#12021 = DIRECTION('',(-0.,-1.,0.));
#12022 = FACE_BOUND('',#12023,.F.);
#12023 = EDGE_LOOP('',(#12024));
#12024 = ORIENTED_EDGE('',*,*,#12025,.T.);
#12025 = EDGE_CURVE('',#12026,#12026,#12028,.T.);
#12026 = VERTEX_POINT('',#12027);
#12027 = CARTESIAN_POINT('',(-25.06,-9.099999,0.));
#12028 = CIRCLE('',#12029,1.6);
#12029 = AXIS2_PLACEMENT_3D('',#12030,#12031,#12032);
#12030 = CARTESIAN_POINT('',(-25.06,-7.499999,0.));
#12031 = DIRECTION('',(-0.,0.,-1.));
#12032 = DIRECTION('',(2.22044604925E-15,-1.,-0.));
#12033 = FACE_BOUND('',#12034,.F.);
#12034 = EDGE_LOOP('',(#12035));
#12035 = ORIENTED_EDGE('',*,*,#12036,.T.);
#12036 = EDGE_CURVE('',#12037,#12037,#12039,.T.);
#12037 = VERTEX_POINT('',#12038);
#12038 = CARTESIAN_POINT('',(-22.66,-7.749999,0.));
#12039 = CIRCLE('',#12040,0.25);
#12040 = AXIS2_PLACEMENT_3D('',#12041,#12042,#12043);
#12041 = CARTESIAN_POINT('',(-22.66,-7.499999,0.));
#12042 = DIRECTION('',(-0.,0.,-1.));
#12043 = DIRECTION('',(-0.,-1.,0.));
#12044 = FACE_BOUND('',#12045,.F.);
#12045 = EDGE_LOOP('',(#12046));
#12046 = ORIENTED_EDGE('',*,*,#12047,.T.);
#12047 = EDGE_CURVE('',#12048,#12048,#12050,.T.);
#12048 = VERTEX_POINT('',#12049);
#12049 = CARTESIAN_POINT('',(-25.06,-5.349999,0.));
#12050 = CIRCLE('',#12051,0.25);
#12051 = AXIS2_PLACEMENT_3D('',#12052,#12053,#12054);
#12052 = CARTESIAN_POINT('',(-25.06,-5.099999,0.));
#12053 = DIRECTION('',(-0.,0.,-1.));
#12054 = DIRECTION('',(-0.,-1.,0.));
#12055 = FACE_BOUND('',#12056,.F.);
#12056 = EDGE_LOOP('',(#12057));
#12057 = ORIENTED_EDGE('',*,*,#12058,.T.);
#12058 = EDGE_CURVE('',#12059,#12059,#12061,.T.);
#12059 = VERTEX_POINT('',#12060);
#12060 = CARTESIAN_POINT('',(-23.362944,-6.052943,0.));
#12061 = CIRCLE('',#12062,0.25);
#12062 = AXIS2_PLACEMENT_3D('',#12063,#12064,#12065);
#12063 = CARTESIAN_POINT('',(-23.362944,-5.802943,0.));
#12064 = DIRECTION('',(-0.,0.,-1.));
#12065 = DIRECTION('',(-0.,-1.,0.));
#12066 = FACE_BOUND('',#12067,.F.);
#12067 = EDGE_LOOP('',(#12068));
#12068 = ORIENTED_EDGE('',*,*,#12069,.T.);
#12069 = EDGE_CURVE('',#12070,#12070,#12072,.T.);
#12070 = VERTEX_POINT('',#12071);
#12071 = CARTESIAN_POINT('',(-3.302944,-43.957055,0.));
#12072 = CIRCLE('',#12073,0.25);
#12073 = AXIS2_PLACEMENT_3D('',#12074,#12075,#12076);
#12074 = CARTESIAN_POINT('',(-3.302944,-43.707055,0.));
#12075 = DIRECTION('',(-0.,0.,-1.));
#12076 = DIRECTION('',(-0.,-1.,0.));
#12077 = FACE_BOUND('',#12078,.F.);
#12078 = EDGE_LOOP('',(#12079));
#12079 = ORIENTED_EDGE('',*,*,#12080,.T.);
#12080 = EDGE_CURVE('',#12081,#12081,#12083,.T.);
#12081 = VERTEX_POINT('',#12082);
#12082 = CARTESIAN_POINT('',(-2.6,-42.259999,0.));
#12083 = CIRCLE('',#12084,0.25);
#12084 = AXIS2_PLACEMENT_3D('',#12085,#12086,#12087);
#12085 = CARTESIAN_POINT('',(-2.6,-42.009999,0.));
#12086 = DIRECTION('',(-0.,0.,-1.));
#12087 = DIRECTION('',(-0.,-1.,0.));
#12088 = FACE_BOUND('',#12089,.F.);
#12089 = EDGE_LOOP('',(#12090));
#12090 = ORIENTED_EDGE('',*,*,#12091,.T.);
#12091 = EDGE_CURVE('',#12092,#12092,#12094,.T.);
#12092 = VERTEX_POINT('',#12093);
#12093 = CARTESIAN_POINT('',(-3.302944,-40.562943,0.));
#12094 = CIRCLE('',#12095,0.25);
#12095 = AXIS2_PLACEMENT_3D('',#12096,#12097,#12098);
#12096 = CARTESIAN_POINT('',(-3.302944,-40.312943,0.));
#12097 = DIRECTION('',(-0.,0.,-1.));
#12098 = DIRECTION('',(-0.,-1.,0.));
#12099 = FACE_BOUND('',#12100,.F.);
#12100 = EDGE_LOOP('',(#12101));
#12101 = ORIENTED_EDGE('',*,*,#12102,.T.);
#12102 = EDGE_CURVE('',#12103,#12103,#12105,.T.);
#12103 = VERTEX_POINT('',#12104);
#12104 = CARTESIAN_POINT('',(15.98,-34.788999,0.));
#12105 = CIRCLE('',#12106,0.5);
#12106 = AXIS2_PLACEMENT_3D('',#12107,#12108,#12109);
#12107 = CARTESIAN_POINT('',(15.98,-34.288999,0.));
#12108 = DIRECTION('',(-0.,0.,-1.));
#12109 = DIRECTION('',(-0.,-1.,0.));
#12110 = FACE_BOUND('',#12111,.F.);
#12111 = EDGE_LOOP('',(#12112));
#12112 = ORIENTED_EDGE('',*,*,#12113,.T.);
#12113 = EDGE_CURVE('',#12114,#12114,#12116,.T.);
#12114 = VERTEX_POINT('',#12115);
#12115 = CARTESIAN_POINT('',(15.98,-32.248999,0.));
#12116 = CIRCLE('',#12117,0.5);
#12117 = AXIS2_PLACEMENT_3D('',#12118,#12119,#12120);
#12118 = CARTESIAN_POINT('',(15.98,-31.748999,0.));
#12119 = DIRECTION('',(-0.,0.,-1.));
#12120 = DIRECTION('',(-0.,-1.,0.));
#12121 = FACE_BOUND('',#12122,.F.);
#12122 = EDGE_LOOP('',(#12123));
#12123 = ORIENTED_EDGE('',*,*,#12124,.T.);
#12124 = EDGE_CURVE('',#12125,#12125,#12127,.T.);
#12125 = VERTEX_POINT('',#12126);
#12126 = CARTESIAN_POINT('',(15.98,-29.708999,0.));
#12127 = CIRCLE('',#12128,0.5);
#12128 = AXIS2_PLACEMENT_3D('',#12129,#12130,#12131);
#12129 = CARTESIAN_POINT('',(15.98,-29.208999,0.));
#12130 = DIRECTION('',(-0.,0.,-1.));
#12131 = DIRECTION('',(-0.,-1.,0.));
#12132 = FACE_BOUND('',#12133,.F.);
#12133 = EDGE_LOOP('',(#12134));
#12134 = ORIENTED_EDGE('',*,*,#12135,.T.);
#12135 = EDGE_CURVE('',#12136,#12136,#12138,.T.);
#12136 = VERTEX_POINT('',#12137);
#12137 = CARTESIAN_POINT('',(15.98,-27.168999,0.));
#12138 = CIRCLE('',#12139,0.5);
#12139 = AXIS2_PLACEMENT_3D('',#12140,#12141,#12142);
#12140 = CARTESIAN_POINT('',(15.98,-26.668999,0.));
#12141 = DIRECTION('',(-0.,0.,-1.));
#12142 = DIRECTION('',(-0.,-1.,0.));
#12143 = FACE_BOUND('',#12144,.F.);
#12144 = EDGE_LOOP('',(#12145));
#12145 = ORIENTED_EDGE('',*,*,#12146,.T.);
#12146 = EDGE_CURVE('',#12147,#12147,#12149,.T.);
#12147 = VERTEX_POINT('',#12148);
#12148 = CARTESIAN_POINT('',(23.05,-32.649999,0.));
#12149 = CIRCLE('',#12150,0.25);
#12150 = AXIS2_PLACEMENT_3D('',#12151,#12152,#12153);
#12151 = CARTESIAN_POINT('',(23.05,-32.399999,0.));
#12152 = DIRECTION('',(-0.,0.,-1.));
#12153 = DIRECTION('',(-0.,-1.,0.));
#12154 = FACE_BOUND('',#12155,.F.);
#12155 = EDGE_LOOP('',(#12156));
#12156 = ORIENTED_EDGE('',*,*,#12157,.T.);
#12157 = EDGE_CURVE('',#12158,#12158,#12160,.T.);
#12158 = VERTEX_POINT('',#12159);
#12159 = CARTESIAN_POINT('',(20.65,-30.249999,0.));
#12160 = CIRCLE('',#12161,0.25);
#12161 = AXIS2_PLACEMENT_3D('',#12162,#12163,#12164);
#12162 = CARTESIAN_POINT('',(20.65,-29.999999,0.));
#12163 = DIRECTION('',(-0.,0.,-1.));
#12164 = DIRECTION('',(-0.,-1.,0.));
#12165 = FACE_BOUND('',#12166,.F.);
#12166 = EDGE_LOOP('',(#12167));
#12167 = ORIENTED_EDGE('',*,*,#12168,.T.);
#12168 = EDGE_CURVE('',#12169,#12169,#12171,.T.);
#12169 = VERTEX_POINT('',#12170);
#12170 = CARTESIAN_POINT('',(21.352944,-31.947055,0.));
#12171 = CIRCLE('',#12172,0.25);
#12172 = AXIS2_PLACEMENT_3D('',#12173,#12174,#12175);
#12173 = CARTESIAN_POINT('',(21.352944,-31.697055,0.));
#12174 = DIRECTION('',(-0.,0.,-1.));
#12175 = DIRECTION('',(-0.,-1.,0.));
#12176 = FACE_BOUND('',#12177,.F.);
#12177 = EDGE_LOOP('',(#12178));
#12178 = ORIENTED_EDGE('',*,*,#12179,.T.);
#12179 = EDGE_CURVE('',#12180,#12180,#12182,.T.);
#12180 = VERTEX_POINT('',#12181);
#12181 = CARTESIAN_POINT('',(23.05,-31.599999,0.));
#12182 = CIRCLE('',#12183,1.6);
#12183 = AXIS2_PLACEMENT_3D('',#12184,#12185,#12186);
#12184 = CARTESIAN_POINT('',(23.05,-29.999999,0.));
#12185 = DIRECTION('',(-0.,0.,-1.));
#12186 = DIRECTION('',(2.22044604925E-15,-1.,-0.));
#12187 = FACE_BOUND('',#12188,.F.);
#12188 = EDGE_LOOP('',(#12189));
#12189 = ORIENTED_EDGE('',*,*,#12190,.T.);
#12190 = EDGE_CURVE('',#12191,#12191,#12193,.T.);
#12191 = VERTEX_POINT('',#12192);
#12192 = CARTESIAN_POINT('',(21.352944,-28.552943,0.));
#12193 = CIRCLE('',#12194,0.25);
#12194 = AXIS2_PLACEMENT_3D('',#12195,#12196,#12197);
#12195 = CARTESIAN_POINT('',(21.352944,-28.302943,0.));
#12196 = DIRECTION('',(-0.,0.,-1.));
#12197 = DIRECTION('',(-0.,-1.,0.));
#12198 = FACE_BOUND('',#12199,.F.);
#12199 = EDGE_LOOP('',(#12200));
#12200 = ORIENTED_EDGE('',*,*,#12201,.T.);
#12201 = EDGE_CURVE('',#12202,#12202,#12204,.T.);
#12202 = VERTEX_POINT('',#12203);
#12203 = CARTESIAN_POINT('',(23.05,-27.849999,0.));
#12204 = CIRCLE('',#12205,0.25);
#12205 = AXIS2_PLACEMENT_3D('',#12206,#12207,#12208);
#12206 = CARTESIAN_POINT('',(23.05,-27.599999,0.));
#12207 = DIRECTION('',(-0.,0.,-1.));
#12208 = DIRECTION('',(-0.,-1.,0.));
#12209 = FACE_BOUND('',#12210,.F.);
#12210 = EDGE_LOOP('',(#12211));
#12211 = ORIENTED_EDGE('',*,*,#12212,.T.);
#12212 = EDGE_CURVE('',#12213,#12213,#12215,.T.);
#12213 = VERTEX_POINT('',#12214);
#12214 = CARTESIAN_POINT('',(24.747056,-31.947055,0.));
#12215 = CIRCLE('',#12216,0.25);
#12216 = AXIS2_PLACEMENT_3D('',#12217,#12218,#12219);
#12217 = CARTESIAN_POINT('',(24.747056,-31.697055,0.));
#12218 = DIRECTION('',(-0.,0.,-1.));
#12219 = DIRECTION('',(-0.,-1.,0.));
#12220 = FACE_BOUND('',#12221,.F.);
#12221 = EDGE_LOOP('',(#12222));
#12222 = ORIENTED_EDGE('',*,*,#12223,.T.);
#12223 = EDGE_CURVE('',#12224,#12224,#12226,.T.);
#12224 = VERTEX_POINT('',#12225);
#12225 = CARTESIAN_POINT('',(25.45,-30.249999,0.));
#12226 = CIRCLE('',#12227,0.25);
#12227 = AXIS2_PLACEMENT_3D('',#12228,#12229,#12230);
#12228 = CARTESIAN_POINT('',(25.45,-29.999999,0.));
#12229 = DIRECTION('',(-0.,0.,-1.));
#12230 = DIRECTION('',(-0.,-1.,0.));
#12231 = FACE_BOUND('',#12232,.F.);
#12232 = EDGE_LOOP('',(#12233));
#12233 = ORIENTED_EDGE('',*,*,#12234,.T.);
#12234 = EDGE_CURVE('',#12235,#12235,#12237,.T.);
#12235 = VERTEX_POINT('',#12236);
#12236 = CARTESIAN_POINT('',(24.747056,-28.552943,0.));
#12237 = CIRCLE('',#12238,0.25);
#12238 = AXIS2_PLACEMENT_3D('',#12239,#12240,#12241);
#12239 = CARTESIAN_POINT('',(24.747056,-28.302943,0.));
#12240 = DIRECTION('',(-0.,0.,-1.));
#12241 = DIRECTION('',(-0.,-1.,0.));
#12242 = FACE_BOUND('',#12243,.F.);
#12243 = EDGE_LOOP('',(#12244));
#12244 = ORIENTED_EDGE('',*,*,#12245,.T.);
#12245 = EDGE_CURVE('',#12246,#12246,#12248,.T.);
#12246 = VERTEX_POINT('',#12247);
#12247 = CARTESIAN_POINT('',(15.98,-24.628999,0.));
#12248 = CIRCLE('',#12249,0.5);
#12249 = AXIS2_PLACEMENT_3D('',#12250,#12251,#12252);
#12250 = CARTESIAN_POINT('',(15.98,-24.128999,0.));
#12251 = DIRECTION('',(-0.,0.,-1.));
#12252 = DIRECTION('',(-0.,-1.,0.));
#12253 = FACE_BOUND('',#12254,.F.);
#12254 = EDGE_LOOP('',(#12255));
#12255 = ORIENTED_EDGE('',*,*,#12256,.T.);
#12256 = EDGE_CURVE('',#12257,#12257,#12259,.T.);
#12257 = VERTEX_POINT('',#12258);
#12258 = CARTESIAN_POINT('',(15.98,-22.088999,0.));
#12259 = CIRCLE('',#12260,0.5);
#12260 = AXIS2_PLACEMENT_3D('',#12261,#12262,#12263);
#12261 = CARTESIAN_POINT('',(15.98,-21.588999,0.));
#12262 = DIRECTION('',(-0.,0.,-1.));
#12263 = DIRECTION('',(-0.,-1.,0.));
#12264 = FACE_BOUND('',#12265,.F.);
#12265 = EDGE_LOOP('',(#12266));
#12266 = ORIENTED_EDGE('',*,*,#12267,.T.);
#12267 = EDGE_CURVE('',#12268,#12268,#12270,.T.);
#12268 = VERTEX_POINT('',#12269);
#12269 = CARTESIAN_POINT('',(15.98,-19.548999,0.));
#12270 = CIRCLE('',#12271,0.5);
#12271 = AXIS2_PLACEMENT_3D('',#12272,#12273,#12274);
#12272 = CARTESIAN_POINT('',(15.98,-19.048999,0.));
#12273 = DIRECTION('',(-0.,0.,-1.));
#12274 = DIRECTION('',(-0.,-1.,0.));
#12275 = FACE_BOUND('',#12276,.F.);
#12276 = EDGE_LOOP('',(#12277));
#12277 = ORIENTED_EDGE('',*,*,#12278,.T.);
#12278 = EDGE_CURVE('',#12279,#12279,#12281,.T.);
#12279 = VERTEX_POINT('',#12280);
#12280 = CARTESIAN_POINT('',(15.98,-17.008999,0.));
#12281 = CIRCLE('',#12282,0.5);
#12282 = AXIS2_PLACEMENT_3D('',#12283,#12284,#12285);
#12283 = CARTESIAN_POINT('',(15.98,-16.508999,0.));
#12284 = DIRECTION('',(-0.,0.,-1.));
#12285 = DIRECTION('',(-0.,-1.,0.));
#12286 = FACE_BOUND('',#12287,.F.);
#12287 = EDGE_LOOP('',(#12288));
#12288 = ORIENTED_EDGE('',*,*,#12289,.T.);
#12289 = EDGE_CURVE('',#12290,#12290,#12292,.T.);
#12290 = VERTEX_POINT('',#12291);
#12291 = CARTESIAN_POINT('',(23.362944,-9.447055,0.));
#12292 = CIRCLE('',#12293,0.25);
#12293 = AXIS2_PLACEMENT_3D('',#12294,#12295,#12296);
#12294 = CARTESIAN_POINT('',(23.362944,-9.197055,0.));
#12295 = DIRECTION('',(-0.,0.,-1.));
#12296 = DIRECTION('',(-0.,-1.,0.));
#12297 = FACE_BOUND('',#12298,.F.);
#12298 = EDGE_LOOP('',(#12299));
#12299 = ORIENTED_EDGE('',*,*,#12300,.T.);
#12300 = EDGE_CURVE('',#12301,#12301,#12303,.T.);
#12301 = VERTEX_POINT('',#12302);
#12302 = CARTESIAN_POINT('',(22.66,-7.749999,0.));
#12303 = CIRCLE('',#12304,0.25);
#12304 = AXIS2_PLACEMENT_3D('',#12305,#12306,#12307);
#12305 = CARTESIAN_POINT('',(22.66,-7.499999,0.));
#12306 = DIRECTION('',(-0.,0.,-1.));
#12307 = DIRECTION('',(-0.,-1.,0.));
#12308 = FACE_BOUND('',#12309,.F.);
#12309 = EDGE_LOOP('',(#12310));
#12310 = ORIENTED_EDGE('',*,*,#12311,.T.);
#12311 = EDGE_CURVE('',#12312,#12312,#12314,.T.);
#12312 = VERTEX_POINT('',#12313);
#12313 = CARTESIAN_POINT('',(25.06,-10.149999,0.));
#12314 = CIRCLE('',#12315,0.25);
#12315 = AXIS2_PLACEMENT_3D('',#12316,#12317,#12318);
#12316 = CARTESIAN_POINT('',(25.06,-9.899999,0.));
#12317 = DIRECTION('',(-0.,0.,-1.));
#12318 = DIRECTION('',(-0.,-1.,0.));
#12319 = FACE_BOUND('',#12320,.F.);
#12320 = EDGE_LOOP('',(#12321));
#12321 = ORIENTED_EDGE('',*,*,#12322,.T.);
#12322 = EDGE_CURVE('',#12323,#12323,#12325,.T.);
#12323 = VERTEX_POINT('',#12324);
#12324 = CARTESIAN_POINT('',(25.06,-9.099999,0.));
#12325 = CIRCLE('',#12326,1.6);
#12326 = AXIS2_PLACEMENT_3D('',#12327,#12328,#12329);
#12327 = CARTESIAN_POINT('',(25.06,-7.499999,0.));
#12328 = DIRECTION('',(-0.,0.,-1.));
#12329 = DIRECTION('',(-2.22044604925E-15,-1.,0.));
#12330 = FACE_BOUND('',#12331,.F.);
#12331 = EDGE_LOOP('',(#12332));
#12332 = ORIENTED_EDGE('',*,*,#12333,.T.);
#12333 = EDGE_CURVE('',#12334,#12334,#12336,.T.);
#12334 = VERTEX_POINT('',#12335);
#12335 = CARTESIAN_POINT('',(26.757056,-9.447055,0.));
#12336 = CIRCLE('',#12337,0.25);
#12337 = AXIS2_PLACEMENT_3D('',#12338,#12339,#12340);
#12338 = CARTESIAN_POINT('',(26.757056,-9.197055,0.));
#12339 = DIRECTION('',(-0.,0.,-1.));
#12340 = DIRECTION('',(-0.,-1.,0.));
#12341 = FACE_BOUND('',#12342,.F.);
#12342 = EDGE_LOOP('',(#12343));
#12343 = ORIENTED_EDGE('',*,*,#12344,.T.);
#12344 = EDGE_CURVE('',#12345,#12345,#12347,.T.);
#12345 = VERTEX_POINT('',#12346);
#12346 = CARTESIAN_POINT('',(27.46,-7.749999,0.));
#12347 = CIRCLE('',#12348,0.25);
#12348 = AXIS2_PLACEMENT_3D('',#12349,#12350,#12351);
#12349 = CARTESIAN_POINT('',(27.46,-7.499999,0.));
#12350 = DIRECTION('',(-0.,0.,-1.));
#12351 = DIRECTION('',(-0.,-1.,0.));
#12352 = FACE_BOUND('',#12353,.F.);
#12353 = EDGE_LOOP('',(#12354));
#12354 = ORIENTED_EDGE('',*,*,#12355,.T.);
#12355 = EDGE_CURVE('',#12356,#12356,#12358,.T.);
#12356 = VERTEX_POINT('',#12357);
#12357 = CARTESIAN_POINT('',(23.362944,-6.052943,0.));
#12358 = CIRCLE('',#12359,0.25);
#12359 = AXIS2_PLACEMENT_3D('',#12360,#12361,#12362);
#12360 = CARTESIAN_POINT('',(23.362944,-5.802943,0.));
#12361 = DIRECTION('',(-0.,0.,-1.));
#12362 = DIRECTION('',(-0.,-1.,0.));
#12363 = FACE_BOUND('',#12364,.F.);
#12364 = EDGE_LOOP('',(#12365));
#12365 = ORIENTED_EDGE('',*,*,#12366,.T.);
#12366 = EDGE_CURVE('',#12367,#12367,#12369,.T.);
#12367 = VERTEX_POINT('',#12368);
#12368 = CARTESIAN_POINT('',(25.06,-5.349999,0.));
#12369 = CIRCLE('',#12370,0.25);
#12370 = AXIS2_PLACEMENT_3D('',#12371,#12372,#12373);
#12371 = CARTESIAN_POINT('',(25.06,-5.099999,0.));
#12372 = DIRECTION('',(-0.,0.,-1.));
#12373 = DIRECTION('',(-0.,-1.,0.));
#12374 = FACE_BOUND('',#12375,.F.);
#12375 = EDGE_LOOP('',(#12376));
#12376 = ORIENTED_EDGE('',*,*,#12377,.T.);
#12377 = EDGE_CURVE('',#12378,#12378,#12380,.T.);
#12378 = VERTEX_POINT('',#12379);
#12379 = CARTESIAN_POINT('',(26.757056,-6.052943,0.));
#12380 = CIRCLE('',#12381,0.25);
#12381 = AXIS2_PLACEMENT_3D('',#12382,#12383,#12384);
#12382 = CARTESIAN_POINT('',(26.757056,-5.802943,0.));
#12383 = DIRECTION('',(-0.,0.,-1.));
#12384 = DIRECTION('',(-0.,-1.,0.));
#12385 = FACE_BOUND('',#12386,.F.);
#12386 = EDGE_LOOP('',(#12387));
#12387 = ORIENTED_EDGE('',*,*,#12388,.T.);
#12388 = EDGE_CURVE('',#12389,#12389,#12391,.T.);
#12389 = VERTEX_POINT('',#12390);
#12390 = CARTESIAN_POINT('',(34.25,-6.849999,0.));
#12391 = CIRCLE('',#12392,0.5);
#12392 = AXIS2_PLACEMENT_3D('',#12393,#12394,#12395);
#12393 = CARTESIAN_POINT('',(34.25,-6.349999,0.));
#12394 = DIRECTION('',(-0.,0.,-1.));
#12395 = DIRECTION('',(-0.,-1.,0.));
#12396 = FACE_BOUND('',#12397,.F.);
#12397 = EDGE_LOOP('',(#12398));
#12398 = ORIENTED_EDGE('',*,*,#12399,.T.);
#12399 = EDGE_CURVE('',#12400,#12400,#12402,.T.);
#12400 = VERTEX_POINT('',#12401);
#12401 = CARTESIAN_POINT('',(34.25,-4.309999,0.));
#12402 = CIRCLE('',#12403,0.5);
#12403 = AXIS2_PLACEMENT_3D('',#12404,#12405,#12406);
#12404 = CARTESIAN_POINT('',(34.25,-3.809999,0.));
#12405 = DIRECTION('',(-0.,0.,-1.));
#12406 = DIRECTION('',(-0.,-1.,0.));
#12407 = FACE_BOUND('',#12408,.F.);
#12408 = EDGE_LOOP('',(#12409));
#12409 = ORIENTED_EDGE('',*,*,#12410,.T.);
#12410 = EDGE_CURVE('',#12411,#12411,#12413,.T.);
#12411 = VERTEX_POINT('',#12412);
#12412 = CARTESIAN_POINT('',(34.25,-1.769999,0.));
#12413 = CIRCLE('',#12414,0.5);
#12414 = AXIS2_PLACEMENT_3D('',#12415,#12416,#12417);
#12415 = CARTESIAN_POINT('',(34.25,-1.269999,0.));
#12416 = DIRECTION('',(-0.,0.,-1.));
#12417 = DIRECTION('',(-0.,-1.,0.));
#12418 = FACE_BOUND('',#12419,.F.);
#12419 = EDGE_LOOP('',(#12420));
#12420 = ORIENTED_EDGE('',*,*,#12421,.T.);
#12421 = EDGE_CURVE('',#12422,#12422,#12424,.T.);
#12422 = VERTEX_POINT('',#12423);
#12423 = CARTESIAN_POINT('',(-34.25,0.770001,0.));
#12424 = CIRCLE('',#12425,0.5);
#12425 = AXIS2_PLACEMENT_3D('',#12426,#12427,#12428);
#12426 = CARTESIAN_POINT('',(-34.25,1.270001,0.));
#12427 = DIRECTION('',(-0.,0.,-1.));
#12428 = DIRECTION('',(-0.,-1.,0.));
#12429 = FACE_BOUND('',#12430,.F.);
#12430 = EDGE_LOOP('',(#12431));
#12431 = ORIENTED_EDGE('',*,*,#12432,.T.);
#12432 = EDGE_CURVE('',#12433,#12433,#12435,.T.);
#12433 = VERTEX_POINT('',#12434);
#12434 = CARTESIAN_POINT('',(-34.25,3.310001,0.));
#12435 = CIRCLE('',#12436,0.5);
#12436 = AXIS2_PLACEMENT_3D('',#12437,#12438,#12439);
#12437 = CARTESIAN_POINT('',(-34.25,3.810001,0.));
#12438 = DIRECTION('',(-0.,0.,-1.));
#12439 = DIRECTION('',(-0.,-1.,0.));
#12440 = FACE_BOUND('',#12441,.F.);
#12441 = EDGE_LOOP('',(#12442));
#12442 = ORIENTED_EDGE('',*,*,#12443,.T.);
#12443 = EDGE_CURVE('',#12444,#12444,#12446,.T.);
#12444 = VERTEX_POINT('',#12445);
#12445 = CARTESIAN_POINT('',(-34.25,5.850001,0.));
#12446 = CIRCLE('',#12447,0.5);
#12447 = AXIS2_PLACEMENT_3D('',#12448,#12449,#12450);
#12448 = CARTESIAN_POINT('',(-34.25,6.350001,0.));
#12449 = DIRECTION('',(-0.,0.,-1.));
#12450 = DIRECTION('',(-0.,-1.,0.));
#12451 = FACE_BOUND('',#12452,.F.);
#12452 = EDGE_LOOP('',(#12453));
#12453 = ORIENTED_EDGE('',*,*,#12454,.T.);
#12454 = EDGE_CURVE('',#12455,#12455,#12457,.T.);
#12455 = VERTEX_POINT('',#12456);
#12456 = CARTESIAN_POINT('',(-26.757056,5.552945,0.));
#12457 = CIRCLE('',#12458,0.25);
#12458 = AXIS2_PLACEMENT_3D('',#12459,#12460,#12461);
#12459 = CARTESIAN_POINT('',(-26.757056,5.802945,0.));
#12460 = DIRECTION('',(-0.,0.,-1.));
#12461 = DIRECTION('',(-0.,-1.,0.));
#12462 = FACE_BOUND('',#12463,.F.);
#12463 = EDGE_LOOP('',(#12464));
#12464 = ORIENTED_EDGE('',*,*,#12465,.T.);
#12465 = EDGE_CURVE('',#12466,#12466,#12468,.T.);
#12466 = VERTEX_POINT('',#12467);
#12467 = CARTESIAN_POINT('',(-27.46,7.250001,0.));
#12468 = CIRCLE('',#12469,0.25);
#12469 = AXIS2_PLACEMENT_3D('',#12470,#12471,#12472);
#12470 = CARTESIAN_POINT('',(-27.46,7.500001,0.));
#12471 = DIRECTION('',(-0.,0.,-1.));
#12472 = DIRECTION('',(-0.,-1.,0.));
#12473 = FACE_BOUND('',#12474,.F.);
#12474 = EDGE_LOOP('',(#12475));
#12475 = ORIENTED_EDGE('',*,*,#12476,.T.);
#12476 = EDGE_CURVE('',#12477,#12477,#12479,.T.);
#12477 = VERTEX_POINT('',#12478);
#12478 = CARTESIAN_POINT('',(-26.757056,8.947057,0.));
#12479 = CIRCLE('',#12480,0.25);
#12480 = AXIS2_PLACEMENT_3D('',#12481,#12482,#12483);
#12481 = CARTESIAN_POINT('',(-26.757056,9.197057,0.));
#12482 = DIRECTION('',(-0.,0.,-1.));
#12483 = DIRECTION('',(-0.,-1.,0.));
#12484 = FACE_BOUND('',#12485,.F.);
#12485 = EDGE_LOOP('',(#12486));
#12486 = ORIENTED_EDGE('',*,*,#12487,.T.);
#12487 = EDGE_CURVE('',#12488,#12488,#12490,.T.);
#12488 = VERTEX_POINT('',#12489);
#12489 = CARTESIAN_POINT('',(-47.5565,13.263401,0.));
#12490 = CIRCLE('',#12491,0.425);
#12491 = AXIS2_PLACEMENT_3D('',#12492,#12493,#12494);
#12492 = CARTESIAN_POINT('',(-47.5565,13.688401,0.));
#12493 = DIRECTION('',(-0.,0.,-1.));
#12494 = DIRECTION('',(-0.,-1.,0.));
#12495 = FACE_BOUND('',#12496,.F.);
#12496 = EDGE_LOOP('',(#12497));
#12497 = ORIENTED_EDGE('',*,*,#12498,.T.);
#12498 = EDGE_CURVE('',#12499,#12499,#12501,.T.);
#12499 = VERTEX_POINT('',#12500);
#12500 = CARTESIAN_POINT('',(-45.0165,13.263401,0.));
#12501 = CIRCLE('',#12502,0.425);
#12502 = AXIS2_PLACEMENT_3D('',#12503,#12504,#12505);
#12503 = CARTESIAN_POINT('',(-45.0165,13.688401,0.));
#12504 = DIRECTION('',(-0.,0.,-1.));
#12505 = DIRECTION('',(-0.,-1.,0.));
#12506 = FACE_BOUND('',#12507,.F.);
#12507 = EDGE_LOOP('',(#12508));
#12508 = ORIENTED_EDGE('',*,*,#12509,.T.);
#12509 = EDGE_CURVE('',#12510,#12510,#12512,.T.);
#12510 = VERTEX_POINT('',#12511);
#12511 = CARTESIAN_POINT('',(-42.4765,13.263401,0.));
#12512 = CIRCLE('',#12513,0.425);
#12513 = AXIS2_PLACEMENT_3D('',#12514,#12515,#12516);
#12514 = CARTESIAN_POINT('',(-42.4765,13.688401,0.));
#12515 = DIRECTION('',(-0.,0.,-1.));
#12516 = DIRECTION('',(-0.,-1.,0.));
#12517 = FACE_BOUND('',#12518,.F.);
#12518 = EDGE_LOOP('',(#12519));
#12519 = ORIENTED_EDGE('',*,*,#12520,.T.);
#12520 = EDGE_CURVE('',#12521,#12521,#12523,.T.);
#12521 = VERTEX_POINT('',#12522);
#12522 = CARTESIAN_POINT('',(-39.9365,13.263401,0.));
#12523 = CIRCLE('',#12524,0.425);
#12524 = AXIS2_PLACEMENT_3D('',#12525,#12526,#12527);
#12525 = CARTESIAN_POINT('',(-39.9365,13.688401,0.));
#12526 = DIRECTION('',(-0.,0.,-1.));
#12527 = DIRECTION('',(-1.671865260612E-14,-1.,0.));
#12528 = FACE_BOUND('',#12529,.F.);
#12529 = EDGE_LOOP('',(#12530));
#12530 = ORIENTED_EDGE('',*,*,#12531,.T.);
#12531 = EDGE_CURVE('',#12532,#12532,#12534,.T.);
#12532 = VERTEX_POINT('',#12533);
#12533 = CARTESIAN_POINT('',(-37.3965,13.263401,0.));
#12534 = CIRCLE('',#12535,0.425);
#12535 = AXIS2_PLACEMENT_3D('',#12536,#12537,#12538);
#12536 = CARTESIAN_POINT('',(-37.3965,13.688401,0.));
#12537 = DIRECTION('',(-0.,0.,-1.));
#12538 = DIRECTION('',(-0.,-1.,0.));
#12539 = FACE_BOUND('',#12540,.F.);
#12540 = EDGE_LOOP('',(#12541));
#12541 = ORIENTED_EDGE('',*,*,#12542,.T.);
#12542 = EDGE_CURVE('',#12543,#12543,#12545,.T.);
#12543 = VERTEX_POINT('',#12544);
#12544 = CARTESIAN_POINT('',(-34.8565,13.263401,0.));
#12545 = CIRCLE('',#12546,0.425);
#12546 = AXIS2_PLACEMENT_3D('',#12547,#12548,#12549);
#12547 = CARTESIAN_POINT('',(-34.8565,13.688401,0.));
#12548 = DIRECTION('',(-0.,0.,-1.));
#12549 = DIRECTION('',(-0.,-1.,0.));
#12550 = FACE_BOUND('',#12551,.F.);
#12551 = EDGE_LOOP('',(#12552));
#12552 = ORIENTED_EDGE('',*,*,#12553,.T.);
#12553 = EDGE_CURVE('',#12554,#12554,#12556,.T.);
#12554 = VERTEX_POINT('',#12555);
#12555 = CARTESIAN_POINT('',(-32.3165,13.263401,0.));
#12556 = CIRCLE('',#12557,0.425);
#12557 = AXIS2_PLACEMENT_3D('',#12558,#12559,#12560);
#12558 = CARTESIAN_POINT('',(-32.3165,13.688401,0.));
#12559 = DIRECTION('',(-0.,0.,-1.));
#12560 = DIRECTION('',(1.671865260612E-14,-1.,-0.));
#12561 = FACE_BOUND('',#12562,.F.);
#12562 = EDGE_LOOP('',(#12563));
#12563 = ORIENTED_EDGE('',*,*,#12564,.T.);
#12564 = EDGE_CURVE('',#12565,#12565,#12567,.T.);
#12565 = VERTEX_POINT('',#12566);
#12566 = CARTESIAN_POINT('',(-25.06,4.850001,0.));
#12567 = CIRCLE('',#12568,0.25);
#12568 = AXIS2_PLACEMENT_3D('',#12569,#12570,#12571);
#12569 = CARTESIAN_POINT('',(-25.06,5.100001,0.));
#12570 = DIRECTION('',(-0.,0.,-1.));
#12571 = DIRECTION('',(-0.,-1.,0.));
#12572 = FACE_BOUND('',#12573,.F.);
#12573 = EDGE_LOOP('',(#12574));
#12574 = ORIENTED_EDGE('',*,*,#12575,.T.);
#12575 = EDGE_CURVE('',#12576,#12576,#12578,.T.);
#12576 = VERTEX_POINT('',#12577);
#12577 = CARTESIAN_POINT('',(-23.362944,5.552945,0.));
#12578 = CIRCLE('',#12579,0.25);
#12579 = AXIS2_PLACEMENT_3D('',#12580,#12581,#12582);
#12580 = CARTESIAN_POINT('',(-23.362944,5.802945,0.));
#12581 = DIRECTION('',(-0.,0.,-1.));
#12582 = DIRECTION('',(-0.,-1.,0.));
#12583 = FACE_BOUND('',#12584,.F.);
#12584 = EDGE_LOOP('',(#12585));
#12585 = ORIENTED_EDGE('',*,*,#12586,.T.);
#12586 = EDGE_CURVE('',#12587,#12587,#12589,.T.);
#12587 = VERTEX_POINT('',#12588);
#12588 = CARTESIAN_POINT('',(-25.06,5.900001,0.));
#12589 = CIRCLE('',#12590,1.6);
#12590 = AXIS2_PLACEMENT_3D('',#12591,#12592,#12593);
#12591 = CARTESIAN_POINT('',(-25.06,7.500001,0.));
#12592 = DIRECTION('',(-0.,0.,-1.));
#12593 = DIRECTION('',(2.22044604925E-15,-1.,-0.));
#12594 = FACE_BOUND('',#12595,.F.);
#12595 = EDGE_LOOP('',(#12596));
#12596 = ORIENTED_EDGE('',*,*,#12597,.T.);
#12597 = EDGE_CURVE('',#12598,#12598,#12600,.T.);
#12598 = VERTEX_POINT('',#12599);
#12599 = CARTESIAN_POINT('',(-23.362944,8.947057,0.));
#12600 = CIRCLE('',#12601,0.25);
#12601 = AXIS2_PLACEMENT_3D('',#12602,#12603,#12604);
#12602 = CARTESIAN_POINT('',(-23.362944,9.197057,0.));
#12603 = DIRECTION('',(-0.,0.,-1.));
#12604 = DIRECTION('',(-0.,-1.,0.));
#12605 = FACE_BOUND('',#12606,.F.);
#12606 = EDGE_LOOP('',(#12607));
#12607 = ORIENTED_EDGE('',*,*,#12608,.T.);
#12608 = EDGE_CURVE('',#12609,#12609,#12611,.T.);
#12609 = VERTEX_POINT('',#12610);
#12610 = CARTESIAN_POINT('',(-22.66,7.250001,0.));
#12611 = CIRCLE('',#12612,0.25);
#12612 = AXIS2_PLACEMENT_3D('',#12613,#12614,#12615);
#12613 = CARTESIAN_POINT('',(-22.66,7.500001,0.));
#12614 = DIRECTION('',(-0.,0.,-1.));
#12615 = DIRECTION('',(-0.,-1.,0.));
#12616 = FACE_BOUND('',#12617,.F.);
#12617 = EDGE_LOOP('',(#12618));
#12618 = ORIENTED_EDGE('',*,*,#12619,.T.);
#12619 = EDGE_CURVE('',#12620,#12620,#12622,.T.);
#12620 = VERTEX_POINT('',#12621);
#12621 = CARTESIAN_POINT('',(-25.06,9.650001,0.));
#12622 = CIRCLE('',#12623,0.25);
#12623 = AXIS2_PLACEMENT_3D('',#12624,#12625,#12626);
#12624 = CARTESIAN_POINT('',(-25.06,9.900001,0.));
#12625 = DIRECTION('',(-0.,0.,-1.));
#12626 = DIRECTION('',(-0.,-1.,0.));
#12627 = FACE_BOUND('',#12628,.F.);
#12628 = EDGE_LOOP('',(#12629));
#12629 = ORIENTED_EDGE('',*,*,#12630,.T.);
#12630 = EDGE_CURVE('',#12631,#12631,#12633,.T.);
#12631 = VERTEX_POINT('',#12632);
#12632 = CARTESIAN_POINT('',(-14.478,3.239001,0.));
#12633 = CIRCLE('',#12634,1.85);
#12634 = AXIS2_PLACEMENT_3D('',#12635,#12636,#12637);
#12635 = CARTESIAN_POINT('',(-14.478,5.089001,0.));
#12636 = DIRECTION('',(-0.,0.,-1.));
#12637 = DIRECTION('',(-0.,-1.,0.));
#12638 = FACE_BOUND('',#12639,.F.);
#12639 = EDGE_LOOP('',(#12640));
#12640 = ORIENTED_EDGE('',*,*,#12641,.T.);
#12641 = EDGE_CURVE('',#12642,#12642,#12644,.T.);
#12642 = VERTEX_POINT('',#12643);
#12643 = CARTESIAN_POINT('',(-10.1722,11.168401,0.));
#12644 = CIRCLE('',#12645,1.25);
#12645 = AXIS2_PLACEMENT_3D('',#12646,#12647,#12648);
#12646 = CARTESIAN_POINT('',(-10.1722,12.418401,0.));
#12647 = DIRECTION('',(-0.,0.,-1.));
#12648 = DIRECTION('',(-0.,-1.,0.));
#12649 = FACE_BOUND('',#12650,.F.);
#12650 = EDGE_LOOP('',(#12651));
#12651 = ORIENTED_EDGE('',*,*,#12652,.T.);
#12652 = EDGE_CURVE('',#12653,#12653,#12655,.T.);
#12653 = VERTEX_POINT('',#12654);
#12654 = CARTESIAN_POINT('',(-6.3622,11.918401,0.));
#12655 = CIRCLE('',#12656,0.5);
#12656 = AXIS2_PLACEMENT_3D('',#12657,#12658,#12659);
#12657 = CARTESIAN_POINT('',(-6.3622,12.418401,0.));
#12658 = DIRECTION('',(-0.,0.,-1.));
#12659 = DIRECTION('',(-0.,-1.,0.));
#12660 = FACE_BOUND('',#12661,.F.);
#12661 = EDGE_LOOP('',(#12662));
#12662 = ORIENTED_EDGE('',*,*,#12663,.T.);
#12663 = EDGE_CURVE('',#12664,#12664,#12666,.T.);
#12664 = VERTEX_POINT('',#12665);
#12665 = CARTESIAN_POINT('',(-3.8222,11.918401,0.));
#12666 = CIRCLE('',#12667,0.5);
#12667 = AXIS2_PLACEMENT_3D('',#12668,#12669,#12670);
#12668 = CARTESIAN_POINT('',(-3.8222,12.418401,0.));
#12669 = DIRECTION('',(-0.,0.,-1.));
#12670 = DIRECTION('',(-8.881784197001E-16,-1.,0.));
#12671 = FACE_BOUND('',#12672,.F.);
#12672 = EDGE_LOOP('',(#12673));
#12673 = ORIENTED_EDGE('',*,*,#12674,.T.);
#12674 = EDGE_CURVE('',#12675,#12675,#12677,.T.);
#12675 = VERTEX_POINT('',#12676);
#12676 = CARTESIAN_POINT('',(-47.5565,28.503401,0.));
#12677 = CIRCLE('',#12678,0.425);
#12678 = AXIS2_PLACEMENT_3D('',#12679,#12680,#12681);
#12679 = CARTESIAN_POINT('',(-47.5565,28.928401,0.));
#12680 = DIRECTION('',(-0.,0.,-1.));
#12681 = DIRECTION('',(-0.,-1.,0.));
#12682 = FACE_BOUND('',#12683,.F.);
#12683 = EDGE_LOOP('',(#12684));
#12684 = ORIENTED_EDGE('',*,*,#12685,.T.);
#12685 = EDGE_CURVE('',#12686,#12686,#12688,.T.);
#12686 = VERTEX_POINT('',#12687);
#12687 = CARTESIAN_POINT('',(-45.0165,28.503401,0.));
#12688 = CIRCLE('',#12689,0.425);
#12689 = AXIS2_PLACEMENT_3D('',#12690,#12691,#12692);
#12690 = CARTESIAN_POINT('',(-45.0165,28.928401,0.));
#12691 = DIRECTION('',(-0.,0.,-1.));
#12692 = DIRECTION('',(-0.,-1.,0.));
#12693 = FACE_BOUND('',#12694,.F.);
#12694 = EDGE_LOOP('',(#12695));
#12695 = ORIENTED_EDGE('',*,*,#12696,.T.);
#12696 = EDGE_CURVE('',#12697,#12697,#12699,.T.);
#12697 = VERTEX_POINT('',#12698);
#12698 = CARTESIAN_POINT('',(-42.4765,28.503401,0.));
#12699 = CIRCLE('',#12700,0.425);
#12700 = AXIS2_PLACEMENT_3D('',#12701,#12702,#12703);
#12701 = CARTESIAN_POINT('',(-42.4765,28.928401,0.));
#12702 = DIRECTION('',(-0.,0.,-1.));
#12703 = DIRECTION('',(-0.,-1.,0.));
#12704 = FACE_BOUND('',#12705,.F.);
#12705 = EDGE_LOOP('',(#12706));
#12706 = ORIENTED_EDGE('',*,*,#12707,.T.);
#12707 = EDGE_CURVE('',#12708,#12708,#12710,.T.);
#12708 = VERTEX_POINT('',#12709);
#12709 = CARTESIAN_POINT('',(-39.9365,28.503401,0.));
#12710 = CIRCLE('',#12711,0.425);
#12711 = AXIS2_PLACEMENT_3D('',#12712,#12713,#12714);
#12712 = CARTESIAN_POINT('',(-39.9365,28.928401,0.));
#12713 = DIRECTION('',(-0.,0.,-1.));
#12714 = DIRECTION('',(-1.671865260612E-14,-1.,0.));
#12715 = FACE_BOUND('',#12716,.F.);
#12716 = EDGE_LOOP('',(#12717));
#12717 = ORIENTED_EDGE('',*,*,#12718,.T.);
#12718 = EDGE_CURVE('',#12719,#12719,#12721,.T.);
#12719 = VERTEX_POINT('',#12720);
#12720 = CARTESIAN_POINT('',(-37.3965,28.503401,0.));
#12721 = CIRCLE('',#12722,0.425);
#12722 = AXIS2_PLACEMENT_3D('',#12723,#12724,#12725);
#12723 = CARTESIAN_POINT('',(-37.3965,28.928401,0.));
#12724 = DIRECTION('',(-0.,0.,-1.));
#12725 = DIRECTION('',(-0.,-1.,0.));
#12726 = FACE_BOUND('',#12727,.F.);
#12727 = EDGE_LOOP('',(#12728));
#12728 = ORIENTED_EDGE('',*,*,#12729,.T.);
#12729 = EDGE_CURVE('',#12730,#12730,#12732,.T.);
#12730 = VERTEX_POINT('',#12731);
#12731 = CARTESIAN_POINT('',(-34.8565,28.503401,0.));
#12732 = CIRCLE('',#12733,0.425);
#12733 = AXIS2_PLACEMENT_3D('',#12734,#12735,#12736);
#12734 = CARTESIAN_POINT('',(-34.8565,28.928401,0.));
#12735 = DIRECTION('',(-0.,0.,-1.));
#12736 = DIRECTION('',(-0.,-1.,0.));
#12737 = FACE_BOUND('',#12738,.F.);
#12738 = EDGE_LOOP('',(#12739));
#12739 = ORIENTED_EDGE('',*,*,#12740,.T.);
#12740 = EDGE_CURVE('',#12741,#12741,#12743,.T.);
#12741 = VERTEX_POINT('',#12742);
#12742 = CARTESIAN_POINT('',(-32.3165,28.503401,0.));
#12743 = CIRCLE('',#12744,0.425);
#12744 = AXIS2_PLACEMENT_3D('',#12745,#12746,#12747);
#12745 = CARTESIAN_POINT('',(-32.3165,28.928401,0.));
#12746 = DIRECTION('',(-0.,0.,-1.));
#12747 = DIRECTION('',(1.671865260612E-14,-1.,-0.));
#12748 = FACE_BOUND('',#12749,.F.);
#12749 = EDGE_LOOP('',(#12750));
#12750 = ORIENTED_EDGE('',*,*,#12751,.T.);
#12751 = EDGE_CURVE('',#12752,#12752,#12754,.T.);
#12752 = VERTEX_POINT('',#12753);
#12753 = CARTESIAN_POINT('',(-24.747056,28.052945,0.));
#12754 = CIRCLE('',#12755,0.25);
#12755 = AXIS2_PLACEMENT_3D('',#12756,#12757,#12758);
#12756 = CARTESIAN_POINT('',(-24.747056,28.302945,0.));
#12757 = DIRECTION('',(-0.,0.,-1.));
#12758 = DIRECTION('',(-0.,-1.,0.));
#12759 = FACE_BOUND('',#12760,.F.);
#12760 = EDGE_LOOP('',(#12761));
#12761 = ORIENTED_EDGE('',*,*,#12762,.T.);
#12762 = EDGE_CURVE('',#12763,#12763,#12765,.T.);
#12763 = VERTEX_POINT('',#12764);
#12764 = CARTESIAN_POINT('',(-23.05,27.350001,0.));
#12765 = CIRCLE('',#12766,0.25);
#12766 = AXIS2_PLACEMENT_3D('',#12767,#12768,#12769);
#12767 = CARTESIAN_POINT('',(-23.05,27.600001,0.));
#12768 = DIRECTION('',(-0.,0.,-1.));
#12769 = DIRECTION('',(-0.,-1.,0.));
#12770 = FACE_BOUND('',#12771,.F.);
#12771 = EDGE_LOOP('',(#12772));
#12772 = ORIENTED_EDGE('',*,*,#12773,.T.);
#12773 = EDGE_CURVE('',#12774,#12774,#12776,.T.);
#12774 = VERTEX_POINT('',#12775);
#12775 = CARTESIAN_POINT('',(-21.352944,28.052945,0.));
#12776 = CIRCLE('',#12777,0.25);
#12777 = AXIS2_PLACEMENT_3D('',#12778,#12779,#12780);
#12778 = CARTESIAN_POINT('',(-21.352944,28.302945,0.));
#12779 = DIRECTION('',(-0.,0.,-1.));
#12780 = DIRECTION('',(-0.,-1.,0.));
#12781 = FACE_BOUND('',#12782,.F.);
#12782 = EDGE_LOOP('',(#12783));
#12783 = ORIENTED_EDGE('',*,*,#12784,.T.);
#12784 = EDGE_CURVE('',#12785,#12785,#12787,.T.);
#12785 = VERTEX_POINT('',#12786);
#12786 = CARTESIAN_POINT('',(-25.45,29.750001,0.));
#12787 = CIRCLE('',#12788,0.25);
#12788 = AXIS2_PLACEMENT_3D('',#12789,#12790,#12791);
#12789 = CARTESIAN_POINT('',(-25.45,30.000001,0.));
#12790 = DIRECTION('',(-0.,0.,-1.));
#12791 = DIRECTION('',(-0.,-1.,0.));
#12792 = FACE_BOUND('',#12793,.F.);
#12793 = EDGE_LOOP('',(#12794));
#12794 = ORIENTED_EDGE('',*,*,#12795,.T.);
#12795 = EDGE_CURVE('',#12796,#12796,#12798,.T.);
#12796 = VERTEX_POINT('',#12797);
#12797 = CARTESIAN_POINT('',(-24.747056,31.447057,0.));
#12798 = CIRCLE('',#12799,0.25);
#12799 = AXIS2_PLACEMENT_3D('',#12800,#12801,#12802);
#12800 = CARTESIAN_POINT('',(-24.747056,31.697057,0.));
#12801 = DIRECTION('',(-0.,0.,-1.));
#12802 = DIRECTION('',(-0.,-1.,0.));
#12803 = FACE_BOUND('',#12804,.F.);
#12804 = EDGE_LOOP('',(#12805));
#12805 = ORIENTED_EDGE('',*,*,#12806,.T.);
#12806 = EDGE_CURVE('',#12807,#12807,#12809,.T.);
#12807 = VERTEX_POINT('',#12808);
#12808 = CARTESIAN_POINT('',(-23.05,28.400001,0.));
#12809 = CIRCLE('',#12810,1.6);
#12810 = AXIS2_PLACEMENT_3D('',#12811,#12812,#12813);
#12811 = CARTESIAN_POINT('',(-23.05,30.000001,0.));
#12812 = DIRECTION('',(-0.,0.,-1.));
#12813 = DIRECTION('',(-2.22044604925E-15,-1.,0.));
#12814 = FACE_BOUND('',#12815,.F.);
#12815 = EDGE_LOOP('',(#12816));
#12816 = ORIENTED_EDGE('',*,*,#12817,.T.);
#12817 = EDGE_CURVE('',#12818,#12818,#12820,.T.);
#12818 = VERTEX_POINT('',#12819);
#12819 = CARTESIAN_POINT('',(-20.65,29.750001,0.));
#12820 = CIRCLE('',#12821,0.25);
#12821 = AXIS2_PLACEMENT_3D('',#12822,#12823,#12824);
#12822 = CARTESIAN_POINT('',(-20.65,30.000001,0.));
#12823 = DIRECTION('',(-0.,0.,-1.));
#12824 = DIRECTION('',(-0.,-1.,0.));
#12825 = FACE_BOUND('',#12826,.F.);
#12826 = EDGE_LOOP('',(#12827));
#12827 = ORIENTED_EDGE('',*,*,#12828,.T.);
#12828 = EDGE_CURVE('',#12829,#12829,#12831,.T.);
#12829 = VERTEX_POINT('',#12830);
#12830 = CARTESIAN_POINT('',(-21.352944,31.447057,0.));
#12831 = CIRCLE('',#12832,0.25);
#12832 = AXIS2_PLACEMENT_3D('',#12833,#12834,#12835);
#12833 = CARTESIAN_POINT('',(-21.352944,31.697057,0.));
#12834 = DIRECTION('',(-0.,0.,-1.));
#12835 = DIRECTION('',(-0.,-1.,0.));
#12836 = FACE_BOUND('',#12837,.F.);
#12837 = EDGE_LOOP('',(#12838));
#12838 = ORIENTED_EDGE('',*,*,#12839,.T.);
#12839 = EDGE_CURVE('',#12840,#12840,#12842,.T.);
#12840 = VERTEX_POINT('',#12841);
#12841 = CARTESIAN_POINT('',(-23.05,32.150001,0.));
#12842 = CIRCLE('',#12843,0.25);
#12843 = AXIS2_PLACEMENT_3D('',#12844,#12845,#12846);
#12844 = CARTESIAN_POINT('',(-23.05,32.400001,0.));
#12845 = DIRECTION('',(-0.,0.,-1.));
#12846 = DIRECTION('',(-0.,-1.,0.));
#12847 = FACE_BOUND('',#12848,.F.);
#12848 = EDGE_LOOP('',(#12849));
#12849 = ORIENTED_EDGE('',*,*,#12850,.T.);
#12850 = EDGE_CURVE('',#12851,#12851,#12853,.T.);
#12851 = VERTEX_POINT('',#12852);
#12852 = CARTESIAN_POINT('',(-10.1722,28.948401,0.));
#12853 = CIRCLE('',#12854,1.25);
#12854 = AXIS2_PLACEMENT_3D('',#12855,#12856,#12857);
#12855 = CARTESIAN_POINT('',(-10.1722,30.198401,0.));
#12856 = DIRECTION('',(-0.,0.,-1.));
#12857 = DIRECTION('',(-0.,-1.,0.));
#12858 = FACE_BOUND('',#12859,.F.);
#12859 = EDGE_LOOP('',(#12860));
#12860 = ORIENTED_EDGE('',*,*,#12861,.T.);
#12861 = EDGE_CURVE('',#12862,#12862,#12864,.T.);
#12862 = VERTEX_POINT('',#12863);
#12863 = CARTESIAN_POINT('',(-6.3622,29.698401,0.));
#12864 = CIRCLE('',#12865,0.5);
#12865 = AXIS2_PLACEMENT_3D('',#12866,#12867,#12868);
#12866 = CARTESIAN_POINT('',(-6.3622,30.198401,0.));
#12867 = DIRECTION('',(-0.,0.,-1.));
#12868 = DIRECTION('',(-0.,-1.,0.));
#12869 = FACE_BOUND('',#12870,.F.);
#12870 = EDGE_LOOP('',(#12871));
#12871 = ORIENTED_EDGE('',*,*,#12872,.T.);
#12872 = EDGE_CURVE('',#12873,#12873,#12875,.T.);
#12873 = VERTEX_POINT('',#12874);
#12874 = CARTESIAN_POINT('',(-3.8222,29.698401,0.));
#12875 = CIRCLE('',#12876,0.5);
#12876 = AXIS2_PLACEMENT_3D('',#12877,#12878,#12879);
#12877 = CARTESIAN_POINT('',(-3.8222,30.198401,0.));
#12878 = DIRECTION('',(-0.,0.,-1.));
#12879 = DIRECTION('',(-8.881784197001E-16,-1.,0.));
#12880 = FACE_BOUND('',#12881,.F.);
#12881 = EDGE_LOOP('',(#12882));
#12882 = ORIENTED_EDGE('',*,*,#12883,.T.);
#12883 = EDGE_CURVE('',#12884,#12884,#12886,.T.);
#12884 = VERTEX_POINT('',#12885);
#12885 = CARTESIAN_POINT('',(-1.2822,11.918401,0.));
#12886 = CIRCLE('',#12887,0.5);
#12887 = AXIS2_PLACEMENT_3D('',#12888,#12889,#12890);
#12888 = CARTESIAN_POINT('',(-1.2822,12.418401,0.));
#12889 = DIRECTION('',(-0.,0.,-1.));
#12890 = DIRECTION('',(-0.,-1.,0.));
#12891 = FACE_BOUND('',#12892,.F.);
#12892 = EDGE_LOOP('',(#12893));
#12893 = ORIENTED_EDGE('',*,*,#12894,.T.);
#12894 = EDGE_CURVE('',#12895,#12895,#12897,.T.);
#12895 = VERTEX_POINT('',#12896);
#12896 = CARTESIAN_POINT('',(1.2578,11.918401,0.));
#12897 = CIRCLE('',#12898,0.5);
#12898 = AXIS2_PLACEMENT_3D('',#12899,#12900,#12901);
#12899 = CARTESIAN_POINT('',(1.2578,12.418401,0.));
#12900 = DIRECTION('',(-0.,0.,-1.));
#12901 = DIRECTION('',(-0.,-1.,0.));
#12902 = FACE_BOUND('',#12903,.F.);
#12903 = EDGE_LOOP('',(#12904));
#12904 = ORIENTED_EDGE('',*,*,#12905,.T.);
#12905 = EDGE_CURVE('',#12906,#12906,#12908,.T.);
#12906 = VERTEX_POINT('',#12907);
#12907 = CARTESIAN_POINT('',(3.7978,11.918401,0.));
#12908 = CIRCLE('',#12909,0.5);
#12909 = AXIS2_PLACEMENT_3D('',#12910,#12911,#12912);
#12910 = CARTESIAN_POINT('',(3.7978,12.418401,0.));
#12911 = DIRECTION('',(-0.,0.,-1.));
#12912 = DIRECTION('',(8.881784197001E-16,-1.,-0.));
#12913 = FACE_BOUND('',#12914,.F.);
#12914 = EDGE_LOOP('',(#12915));
#12915 = ORIENTED_EDGE('',*,*,#12916,.T.);
#12916 = EDGE_CURVE('',#12917,#12917,#12919,.T.);
#12917 = VERTEX_POINT('',#12918);
#12918 = CARTESIAN_POINT('',(6.3378,11.918401,0.));
#12919 = CIRCLE('',#12920,0.5);
#12920 = AXIS2_PLACEMENT_3D('',#12921,#12922,#12923);
#12921 = CARTESIAN_POINT('',(6.3378,12.418401,0.));
#12922 = DIRECTION('',(-0.,0.,-1.));
#12923 = DIRECTION('',(-0.,-1.,0.));
#12924 = FACE_BOUND('',#12925,.F.);
#12925 = EDGE_LOOP('',(#12926));
#12926 = ORIENTED_EDGE('',*,*,#12927,.T.);
#12927 = EDGE_CURVE('',#12928,#12928,#12930,.T.);
#12928 = VERTEX_POINT('',#12929);
#12929 = CARTESIAN_POINT('',(14.478,3.239001,0.));
#12930 = CIRCLE('',#12931,1.85);
#12931 = AXIS2_PLACEMENT_3D('',#12932,#12933,#12934);
#12932 = CARTESIAN_POINT('',(14.478,5.089001,0.));
#12933 = DIRECTION('',(-0.,0.,-1.));
#12934 = DIRECTION('',(-0.,-1.,0.));
#12935 = FACE_BOUND('',#12936,.F.);
#12936 = EDGE_LOOP('',(#12937));
#12937 = ORIENTED_EDGE('',*,*,#12938,.T.);
#12938 = EDGE_CURVE('',#12939,#12939,#12941,.T.);
#12939 = VERTEX_POINT('',#12940);
#12940 = CARTESIAN_POINT('',(10.1478,11.168401,0.));
#12941 = CIRCLE('',#12942,1.25);
#12942 = AXIS2_PLACEMENT_3D('',#12943,#12944,#12945);
#12943 = CARTESIAN_POINT('',(10.1478,12.418401,0.));
#12944 = DIRECTION('',(-0.,0.,-1.));
#12945 = DIRECTION('',(-0.,-1.,0.));
#12946 = FACE_BOUND('',#12947,.F.);
#12947 = EDGE_LOOP('',(#12948));
#12948 = ORIENTED_EDGE('',*,*,#12949,.T.);
#12949 = EDGE_CURVE('',#12950,#12950,#12952,.T.);
#12950 = VERTEX_POINT('',#12951);
#12951 = CARTESIAN_POINT('',(23.362944,5.552945,0.));
#12952 = CIRCLE('',#12953,0.25);
#12953 = AXIS2_PLACEMENT_3D('',#12954,#12955,#12956);
#12954 = CARTESIAN_POINT('',(23.362944,5.802945,0.));
#12955 = DIRECTION('',(-0.,0.,-1.));
#12956 = DIRECTION('',(-0.,-1.,0.));
#12957 = FACE_BOUND('',#12958,.F.);
#12958 = EDGE_LOOP('',(#12959));
#12959 = ORIENTED_EDGE('',*,*,#12960,.T.);
#12960 = EDGE_CURVE('',#12961,#12961,#12963,.T.);
#12961 = VERTEX_POINT('',#12962);
#12962 = CARTESIAN_POINT('',(25.06,4.850001,0.));
#12963 = CIRCLE('',#12964,0.25);
#12964 = AXIS2_PLACEMENT_3D('',#12965,#12966,#12967);
#12965 = CARTESIAN_POINT('',(25.06,5.100001,0.));
#12966 = DIRECTION('',(-0.,0.,-1.));
#12967 = DIRECTION('',(-0.,-1.,0.));
#12968 = FACE_BOUND('',#12969,.F.);
#12969 = EDGE_LOOP('',(#12970));
#12970 = ORIENTED_EDGE('',*,*,#12971,.T.);
#12971 = EDGE_CURVE('',#12972,#12972,#12974,.T.);
#12972 = VERTEX_POINT('',#12973);
#12973 = CARTESIAN_POINT('',(26.757056,5.552945,0.));
#12974 = CIRCLE('',#12975,0.25);
#12975 = AXIS2_PLACEMENT_3D('',#12976,#12977,#12978);
#12976 = CARTESIAN_POINT('',(26.757056,5.802945,0.));
#12977 = DIRECTION('',(-0.,0.,-1.));
#12978 = DIRECTION('',(-0.,-1.,0.));
#12979 = FACE_BOUND('',#12980,.F.);
#12980 = EDGE_LOOP('',(#12981));
#12981 = ORIENTED_EDGE('',*,*,#12982,.T.);
#12982 = EDGE_CURVE('',#12983,#12983,#12985,.T.);
#12983 = VERTEX_POINT('',#12984);
#12984 = CARTESIAN_POINT('',(22.66,7.250001,0.));
#12985 = CIRCLE('',#12986,0.25);
#12986 = AXIS2_PLACEMENT_3D('',#12987,#12988,#12989);
#12987 = CARTESIAN_POINT('',(22.66,7.500001,0.));
#12988 = DIRECTION('',(-0.,0.,-1.));
#12989 = DIRECTION('',(-0.,-1.,0.));
#12990 = FACE_BOUND('',#12991,.F.);
#12991 = EDGE_LOOP('',(#12992));
#12992 = ORIENTED_EDGE('',*,*,#12993,.T.);
#12993 = EDGE_CURVE('',#12994,#12994,#12996,.T.);
#12994 = VERTEX_POINT('',#12995);
#12995 = CARTESIAN_POINT('',(23.362944,8.947057,0.));
#12996 = CIRCLE('',#12997,0.25);
#12997 = AXIS2_PLACEMENT_3D('',#12998,#12999,#13000);
#12998 = CARTESIAN_POINT('',(23.362944,9.197057,0.));
#12999 = DIRECTION('',(-0.,0.,-1.));
#13000 = DIRECTION('',(-0.,-1.,0.));
#13001 = FACE_BOUND('',#13002,.F.);
#13002 = EDGE_LOOP('',(#13003));
#13003 = ORIENTED_EDGE('',*,*,#13004,.T.);
#13004 = EDGE_CURVE('',#13005,#13005,#13007,.T.);
#13005 = VERTEX_POINT('',#13006);
#13006 = CARTESIAN_POINT('',(25.06,5.900001,0.));
#13007 = CIRCLE('',#13008,1.6);
#13008 = AXIS2_PLACEMENT_3D('',#13009,#13010,#13011);
#13009 = CARTESIAN_POINT('',(25.06,7.500001,0.));
#13010 = DIRECTION('',(-0.,0.,-1.));
#13011 = DIRECTION('',(-2.22044604925E-15,-1.,0.));
#13012 = FACE_BOUND('',#13013,.F.);
#13013 = EDGE_LOOP('',(#13014));
#13014 = ORIENTED_EDGE('',*,*,#13015,.T.);
#13015 = EDGE_CURVE('',#13016,#13016,#13018,.T.);
#13016 = VERTEX_POINT('',#13017);
#13017 = CARTESIAN_POINT('',(27.46,7.250001,0.));
#13018 = CIRCLE('',#13019,0.25);
#13019 = AXIS2_PLACEMENT_3D('',#13020,#13021,#13022);
#13020 = CARTESIAN_POINT('',(27.46,7.500001,0.));
#13021 = DIRECTION('',(-0.,0.,-1.));
#13022 = DIRECTION('',(-0.,-1.,0.));
#13023 = FACE_BOUND('',#13024,.F.);
#13024 = EDGE_LOOP('',(#13025));
#13025 = ORIENTED_EDGE('',*,*,#13026,.T.);
#13026 = EDGE_CURVE('',#13027,#13027,#13029,.T.);
#13027 = VERTEX_POINT('',#13028);
#13028 = CARTESIAN_POINT('',(26.757056,8.947057,0.));
#13029 = CIRCLE('',#13030,0.25);
#13030 = AXIS2_PLACEMENT_3D('',#13031,#13032,#13033);
#13031 = CARTESIAN_POINT('',(26.757056,9.197057,0.));
#13032 = DIRECTION('',(-0.,0.,-1.));
#13033 = DIRECTION('',(-0.,-1.,0.));
#13034 = FACE_BOUND('',#13035,.F.);
#13035 = EDGE_LOOP('',(#13036));
#13036 = ORIENTED_EDGE('',*,*,#13037,.T.);
#13037 = EDGE_CURVE('',#13038,#13038,#13040,.T.);
#13038 = VERTEX_POINT('',#13039);
#13039 = CARTESIAN_POINT('',(25.06,9.650001,0.));
#13040 = CIRCLE('',#13041,0.25);
#13041 = AXIS2_PLACEMENT_3D('',#13042,#13043,#13044);
#13042 = CARTESIAN_POINT('',(25.06,9.900001,0.));
#13043 = DIRECTION('',(-0.,0.,-1.));
#13044 = DIRECTION('',(-0.,-1.,0.));
#13045 = FACE_BOUND('',#13046,.F.);
#13046 = EDGE_LOOP('',(#13047));
#13047 = ORIENTED_EDGE('',*,*,#13048,.T.);
#13048 = EDGE_CURVE('',#13049,#13049,#13051,.T.);
#13049 = VERTEX_POINT('',#13050);
#13050 = CARTESIAN_POINT('',(34.25,0.770001,0.));
#13051 = CIRCLE('',#13052,0.5);
#13052 = AXIS2_PLACEMENT_3D('',#13053,#13054,#13055);
#13053 = CARTESIAN_POINT('',(34.25,1.270001,0.));
#13054 = DIRECTION('',(-0.,0.,-1.));
#13055 = DIRECTION('',(-0.,-1.,0.));
#13056 = FACE_BOUND('',#13057,.F.);
#13057 = EDGE_LOOP('',(#13058));
#13058 = ORIENTED_EDGE('',*,*,#13059,.T.);
#13059 = EDGE_CURVE('',#13060,#13060,#13062,.T.);
#13060 = VERTEX_POINT('',#13061);
#13061 = CARTESIAN_POINT('',(34.25,3.310001,0.));
#13062 = CIRCLE('',#13063,0.5);
#13063 = AXIS2_PLACEMENT_3D('',#13064,#13065,#13066);
#13064 = CARTESIAN_POINT('',(34.25,3.810001,0.));
#13065 = DIRECTION('',(-0.,0.,-1.));
#13066 = DIRECTION('',(-0.,-1.,0.));
#13067 = FACE_BOUND('',#13068,.F.);
#13068 = EDGE_LOOP('',(#13069));
#13069 = ORIENTED_EDGE('',*,*,#13070,.T.);
#13070 = EDGE_CURVE('',#13071,#13071,#13073,.T.);
#13071 = VERTEX_POINT('',#13072);
#13072 = CARTESIAN_POINT('',(34.25,5.850001,0.));
#13073 = CIRCLE('',#13074,0.5);
#13074 = AXIS2_PLACEMENT_3D('',#13075,#13076,#13077);
#13075 = CARTESIAN_POINT('',(34.25,6.350001,0.));
#13076 = DIRECTION('',(-0.,0.,-1.));
#13077 = DIRECTION('',(-0.,-1.,0.));
#13078 = FACE_BOUND('',#13079,.F.);
#13079 = EDGE_LOOP('',(#13080));
#13080 = ORIENTED_EDGE('',*,*,#13081,.T.);
#13081 = EDGE_CURVE('',#13082,#13082,#13084,.T.);
#13082 = VERTEX_POINT('',#13083);
#13083 = CARTESIAN_POINT('',(40.,2.525,0.));
#13084 = CIRCLE('',#13085,0.475);
#13085 = AXIS2_PLACEMENT_3D('',#13086,#13087,#13088);
#13086 = CARTESIAN_POINT('',(40.,3.,0.));
#13087 = DIRECTION('',(-0.,0.,-1.));
#13088 = DIRECTION('',(-0.,-1.,0.));
#13089 = FACE_BOUND('',#13090,.F.);
#13090 = EDGE_LOOP('',(#13091));
#13091 = ORIENTED_EDGE('',*,*,#13092,.T.);
#13092 = EDGE_CURVE('',#13093,#13093,#13095,.T.);
#13093 = VERTEX_POINT('',#13094);
#13094 = CARTESIAN_POINT('',(40.,5.025,0.));
#13095 = CIRCLE('',#13096,0.475);
#13096 = AXIS2_PLACEMENT_3D('',#13097,#13098,#13099);
#13097 = CARTESIAN_POINT('',(40.,5.5,0.));
#13098 = DIRECTION('',(-0.,0.,-1.));
#13099 = DIRECTION('',(-0.,-1.,0.));
#13100 = FACE_BOUND('',#13101,.F.);
#13101 = EDGE_LOOP('',(#13102));
#13102 = ORIENTED_EDGE('',*,*,#13103,.T.);
#13103 = EDGE_CURVE('',#13104,#13104,#13106,.T.);
#13104 = VERTEX_POINT('',#13105);
#13105 = CARTESIAN_POINT('',(40.,7.525,0.));
#13106 = CIRCLE('',#13107,0.475);
#13107 = AXIS2_PLACEMENT_3D('',#13108,#13109,#13110);
#13108 = CARTESIAN_POINT('',(40.,8.,0.));
#13109 = DIRECTION('',(-0.,0.,-1.));
#13110 = DIRECTION('',(-0.,-1.,0.));
#13111 = FACE_BOUND('',#13112,.F.);
#13112 = EDGE_LOOP('',(#13113));
#13113 = ORIENTED_EDGE('',*,*,#13114,.T.);
#13114 = EDGE_CURVE('',#13115,#13115,#13117,.T.);
#13115 = VERTEX_POINT('',#13116);
#13116 = CARTESIAN_POINT('',(40.,10.025,0.));
#13117 = CIRCLE('',#13118,0.475);
#13118 = AXIS2_PLACEMENT_3D('',#13119,#13120,#13121);
#13119 = CARTESIAN_POINT('',(40.,10.5,0.));
#13120 = DIRECTION('',(-0.,0.,-1.));
#13121 = DIRECTION('',(-0.,-1.,0.));
#13122 = FACE_BOUND('',#13123,.F.);
#13123 = EDGE_LOOP('',(#13124));
#13124 = ORIENTED_EDGE('',*,*,#13125,.T.);
#13125 = EDGE_CURVE('',#13126,#13126,#13128,.T.);
#13126 = VERTEX_POINT('',#13127);
#13127 = CARTESIAN_POINT('',(40.,12.525,0.));
#13128 = CIRCLE('',#13129,0.475);
#13129 = AXIS2_PLACEMENT_3D('',#13130,#13131,#13132);
#13130 = CARTESIAN_POINT('',(40.,13.,0.));
#13131 = DIRECTION('',(-0.,0.,-1.));
#13132 = DIRECTION('',(-0.,-1.,0.));
#13133 = FACE_BOUND('',#13134,.F.);
#13134 = EDGE_LOOP('',(#13135));
#13135 = ORIENTED_EDGE('',*,*,#13136,.T.);
#13136 = EDGE_CURVE('',#13137,#13137,#13139,.T.);
#13137 = VERTEX_POINT('',#13138);
#13138 = CARTESIAN_POINT('',(40.,15.025,0.));
#13139 = CIRCLE('',#13140,0.475);
#13140 = AXIS2_PLACEMENT_3D('',#13141,#13142,#13143);
#13141 = CARTESIAN_POINT('',(40.,15.5,0.));
#13142 = DIRECTION('',(-0.,0.,-1.));
#13143 = DIRECTION('',(-0.,-1.,0.));
#13144 = FACE_BOUND('',#13145,.F.);
#13145 = EDGE_LOOP('',(#13146));
#13146 = ORIENTED_EDGE('',*,*,#13147,.T.);
#13147 = EDGE_CURVE('',#13148,#13148,#13150,.T.);
#13148 = VERTEX_POINT('',#13149);
#13149 = CARTESIAN_POINT('',(40.,17.525,0.));
#13150 = CIRCLE('',#13151,0.475);
#13151 = AXIS2_PLACEMENT_3D('',#13152,#13153,#13154);
#13152 = CARTESIAN_POINT('',(40.,18.,0.));
#13153 = DIRECTION('',(-0.,0.,-1.));
#13154 = DIRECTION('',(-0.,-1.,0.));
#13155 = FACE_BOUND('',#13156,.F.);
#13156 = EDGE_LOOP('',(#13157));
#13157 = ORIENTED_EDGE('',*,*,#13158,.T.);
#13158 = EDGE_CURVE('',#13159,#13159,#13161,.T.);
#13159 = VERTEX_POINT('',#13160);
#13160 = CARTESIAN_POINT('',(40.,20.025,0.));
#13161 = CIRCLE('',#13162,0.475);
#13162 = AXIS2_PLACEMENT_3D('',#13163,#13164,#13165);
#13163 = CARTESIAN_POINT('',(40.,20.5,0.));
#13164 = DIRECTION('',(-0.,0.,-1.));
#13165 = DIRECTION('',(-0.,-1.,0.));
#13166 = FACE_BOUND('',#13167,.F.);
#13167 = EDGE_LOOP('',(#13168));
#13168 = ORIENTED_EDGE('',*,*,#13169,.T.);
#13169 = EDGE_CURVE('',#13170,#13170,#13172,.T.);
#13170 = VERTEX_POINT('',#13171);
#13171 = CARTESIAN_POINT('',(-1.2822,29.698401,0.));
#13172 = CIRCLE('',#13173,0.5);
#13173 = AXIS2_PLACEMENT_3D('',#13174,#13175,#13176);
#13174 = CARTESIAN_POINT('',(-1.2822,30.198401,0.));
#13175 = DIRECTION('',(-0.,0.,-1.));
#13176 = DIRECTION('',(-0.,-1.,0.));
#13177 = FACE_BOUND('',#13178,.F.);
#13178 = EDGE_LOOP('',(#13179));
#13179 = ORIENTED_EDGE('',*,*,#13180,.T.);
#13180 = EDGE_CURVE('',#13181,#13181,#13183,.T.);
#13181 = VERTEX_POINT('',#13182);
#13182 = CARTESIAN_POINT('',(1.2578,29.698401,0.));
#13183 = CIRCLE('',#13184,0.5);
#13184 = AXIS2_PLACEMENT_3D('',#13185,#13186,#13187);
#13185 = CARTESIAN_POINT('',(1.2578,30.198401,0.));
#13186 = DIRECTION('',(-0.,0.,-1.));
#13187 = DIRECTION('',(-0.,-1.,0.));
#13188 = FACE_BOUND('',#13189,.F.);
#13189 = EDGE_LOOP('',(#13190));
#13190 = ORIENTED_EDGE('',*,*,#13191,.T.);
#13191 = EDGE_CURVE('',#13192,#13192,#13194,.T.);
#13192 = VERTEX_POINT('',#13193);
#13193 = CARTESIAN_POINT('',(3.7978,29.698401,0.));
#13194 = CIRCLE('',#13195,0.5);
#13195 = AXIS2_PLACEMENT_3D('',#13196,#13197,#13198);
#13196 = CARTESIAN_POINT('',(3.7978,30.198401,0.));
#13197 = DIRECTION('',(-0.,0.,-1.));
#13198 = DIRECTION('',(8.881784197001E-16,-1.,-0.));
#13199 = FACE_BOUND('',#13200,.F.);
#13200 = EDGE_LOOP('',(#13201));
#13201 = ORIENTED_EDGE('',*,*,#13202,.T.);
#13202 = EDGE_CURVE('',#13203,#13203,#13205,.T.);
#13203 = VERTEX_POINT('',#13204);
#13204 = CARTESIAN_POINT('',(6.3378,29.698401,0.));
#13205 = CIRCLE('',#13206,0.5);
#13206 = AXIS2_PLACEMENT_3D('',#13207,#13208,#13209);
#13207 = CARTESIAN_POINT('',(6.3378,30.198401,0.));
#13208 = DIRECTION('',(-0.,0.,-1.));
#13209 = DIRECTION('',(-0.,-1.,0.));
#13210 = FACE_BOUND('',#13211,.F.);
#13211 = EDGE_LOOP('',(#13212));
#13212 = ORIENTED_EDGE('',*,*,#13213,.T.);
#13213 = EDGE_CURVE('',#13214,#13214,#13216,.T.);
#13214 = VERTEX_POINT('',#13215);
#13215 = CARTESIAN_POINT('',(10.1478,28.948401,0.));
#13216 = CIRCLE('',#13217,1.25);
#13217 = AXIS2_PLACEMENT_3D('',#13218,#13219,#13220);
#13218 = CARTESIAN_POINT('',(10.1478,30.198401,0.));
#13219 = DIRECTION('',(-0.,0.,-1.));
#13220 = DIRECTION('',(-0.,-1.,0.));
#13221 = FACE_BOUND('',#13222,.F.);
#13222 = EDGE_LOOP('',(#13223));
#13223 = ORIENTED_EDGE('',*,*,#13224,.T.);
#13224 = EDGE_CURVE('',#13225,#13225,#13227,.T.);
#13225 = VERTEX_POINT('',#13226);
#13226 = CARTESIAN_POINT('',(3.302944,40.062945,0.));
#13227 = CIRCLE('',#13228,0.25);
#13228 = AXIS2_PLACEMENT_3D('',#13229,#13230,#13231);
#13229 = CARTESIAN_POINT('',(3.302944,40.312945,0.));
#13230 = DIRECTION('',(-0.,0.,-1.));
#13231 = DIRECTION('',(-0.,-1.,0.));
#13232 = FACE_BOUND('',#13233,.F.);
#13233 = EDGE_LOOP('',(#13234));
#13234 = ORIENTED_EDGE('',*,*,#13235,.T.);
#13235 = EDGE_CURVE('',#13236,#13236,#13238,.T.);
#13236 = VERTEX_POINT('',#13237);
#13237 = CARTESIAN_POINT('',(5.,39.360001,0.));
#13238 = CIRCLE('',#13239,0.25);
#13239 = AXIS2_PLACEMENT_3D('',#13240,#13241,#13242);
#13240 = CARTESIAN_POINT('',(5.,39.610001,0.));
#13241 = DIRECTION('',(-0.,0.,-1.));
#13242 = DIRECTION('',(-0.,-1.,0.));
#13243 = FACE_BOUND('',#13244,.F.);
#13244 = EDGE_LOOP('',(#13245));
#13245 = ORIENTED_EDGE('',*,*,#13246,.T.);
#13246 = EDGE_CURVE('',#13247,#13247,#13249,.T.);
#13247 = VERTEX_POINT('',#13248);
#13248 = CARTESIAN_POINT('',(6.697056,40.062945,0.));
#13249 = CIRCLE('',#13250,0.25);
#13250 = AXIS2_PLACEMENT_3D('',#13251,#13252,#13253);
#13251 = CARTESIAN_POINT('',(6.697056,40.312945,0.));
#13252 = DIRECTION('',(-0.,0.,-1.));
#13253 = DIRECTION('',(-0.,-1.,0.));
#13254 = FACE_BOUND('',#13255,.F.);
#13255 = EDGE_LOOP('',(#13256));
#13256 = ORIENTED_EDGE('',*,*,#13257,.T.);
#13257 = EDGE_CURVE('',#13258,#13258,#13260,.T.);
#13258 = VERTEX_POINT('',#13259);
#13259 = CARTESIAN_POINT('',(2.6,41.760001,0.));
#13260 = CIRCLE('',#13261,0.25);
#13261 = AXIS2_PLACEMENT_3D('',#13262,#13263,#13264);
#13262 = CARTESIAN_POINT('',(2.6,42.010001,0.));
#13263 = DIRECTION('',(-0.,0.,-1.));
#13264 = DIRECTION('',(-0.,-1.,0.));
#13265 = FACE_BOUND('',#13266,.F.);
#13266 = EDGE_LOOP('',(#13267));
#13267 = ORIENTED_EDGE('',*,*,#13268,.T.);
#13268 = EDGE_CURVE('',#13269,#13269,#13271,.T.);
#13269 = VERTEX_POINT('',#13270);
#13270 = CARTESIAN_POINT('',(3.302944,43.457057,0.));
#13271 = CIRCLE('',#13272,0.25);
#13272 = AXIS2_PLACEMENT_3D('',#13273,#13274,#13275);
#13273 = CARTESIAN_POINT('',(3.302944,43.707057,0.));
#13274 = DIRECTION('',(-0.,0.,-1.));
#13275 = DIRECTION('',(-0.,-1.,0.));
#13276 = FACE_BOUND('',#13277,.F.);
#13277 = EDGE_LOOP('',(#13278));
#13278 = ORIENTED_EDGE('',*,*,#13279,.T.);
#13279 = EDGE_CURVE('',#13280,#13280,#13282,.T.);
#13280 = VERTEX_POINT('',#13281);
#13281 = CARTESIAN_POINT('',(5.,40.410001,0.));
#13282 = CIRCLE('',#13283,1.6);
#13283 = AXIS2_PLACEMENT_3D('',#13284,#13285,#13286);
#13284 = CARTESIAN_POINT('',(5.,42.010001,0.));
#13285 = DIRECTION('',(-0.,0.,-1.));
#13286 = DIRECTION('',(-0.,-1.,0.));
#13287 = FACE_BOUND('',#13288,.F.);
#13288 = EDGE_LOOP('',(#13289));
#13289 = ORIENTED_EDGE('',*,*,#13290,.T.);
#13290 = EDGE_CURVE('',#13291,#13291,#13293,.T.);
#13291 = VERTEX_POINT('',#13292);
#13292 = CARTESIAN_POINT('',(5.,44.160001,0.));
#13293 = CIRCLE('',#13294,0.25);
#13294 = AXIS2_PLACEMENT_3D('',#13295,#13296,#13297);
#13295 = CARTESIAN_POINT('',(5.,44.410001,0.));
#13296 = DIRECTION('',(-0.,0.,-1.));
#13297 = DIRECTION('',(-0.,-1.,0.));
#13298 = FACE_BOUND('',#13299,.F.);
#13299 = EDGE_LOOP('',(#13300));
#13300 = ORIENTED_EDGE('',*,*,#13301,.T.);
#13301 = EDGE_CURVE('',#13302,#13302,#13304,.T.);
#13302 = VERTEX_POINT('',#13303);
#13303 = CARTESIAN_POINT('',(6.697056,43.457057,0.));
#13304 = CIRCLE('',#13305,0.25);
#13305 = AXIS2_PLACEMENT_3D('',#13306,#13307,#13308);
#13306 = CARTESIAN_POINT('',(6.697056,43.707057,0.));
#13307 = DIRECTION('',(-0.,0.,-1.));
#13308 = DIRECTION('',(-0.,-1.,0.));
#13309 = FACE_BOUND('',#13310,.F.);
#13310 = EDGE_LOOP('',(#13311));
#13311 = ORIENTED_EDGE('',*,*,#13312,.T.);
#13312 = EDGE_CURVE('',#13313,#13313,#13315,.T.);
#13313 = VERTEX_POINT('',#13314);
#13314 = CARTESIAN_POINT('',(6.15,50.700001,0.));
#13315 = CIRCLE('',#13316,0.5);
#13316 = AXIS2_PLACEMENT_3D('',#13317,#13318,#13319);
#13317 = CARTESIAN_POINT('',(6.15,51.200001,0.));
#13318 = DIRECTION('',(-0.,0.,-1.));
#13319 = DIRECTION('',(-0.,-1.,0.));
#13320 = FACE_BOUND('',#13321,.F.);
#13321 = EDGE_LOOP('',(#13322));
#13322 = ORIENTED_EDGE('',*,*,#13323,.T.);
#13323 = EDGE_CURVE('',#13324,#13324,#13326,.T.);
#13324 = VERTEX_POINT('',#13325);
#13325 = CARTESIAN_POINT('',(7.4,41.760001,0.));
#13326 = CIRCLE('',#13327,0.25);
#13327 = AXIS2_PLACEMENT_3D('',#13328,#13329,#13330);
#13328 = CARTESIAN_POINT('',(7.4,42.010001,0.));
#13329 = DIRECTION('',(-0.,0.,-1.));
#13330 = DIRECTION('',(-0.,-1.,0.));
#13331 = FACE_BOUND('',#13332,.F.);
#13332 = EDGE_LOOP('',(#13333));
#13333 = ORIENTED_EDGE('',*,*,#13334,.T.);
#13334 = EDGE_CURVE('',#13335,#13335,#13337,.T.);
#13335 = VERTEX_POINT('',#13336);
#13336 = CARTESIAN_POINT('',(18.302944,40.062945,0.));
#13337 = CIRCLE('',#13338,0.25);
#13338 = AXIS2_PLACEMENT_3D('',#13339,#13340,#13341);
#13339 = CARTESIAN_POINT('',(18.302944,40.312945,0.));
#13340 = DIRECTION('',(-0.,0.,-1.));
#13341 = DIRECTION('',(-0.,-1.,0.));
#13342 = FACE_BOUND('',#13343,.F.);
#13343 = EDGE_LOOP('',(#13344));
#13344 = ORIENTED_EDGE('',*,*,#13345,.T.);
#13345 = EDGE_CURVE('',#13346,#13346,#13348,.T.);
#13346 = VERTEX_POINT('',#13347);
#13347 = CARTESIAN_POINT('',(17.6,41.760001,0.));
#13348 = CIRCLE('',#13349,0.25);
#13349 = AXIS2_PLACEMENT_3D('',#13350,#13351,#13352);
#13350 = CARTESIAN_POINT('',(17.6,42.010001,0.));
#13351 = DIRECTION('',(-0.,0.,-1.));
#13352 = DIRECTION('',(-0.,-1.,0.));
#13353 = FACE_BOUND('',#13354,.F.);
#13354 = EDGE_LOOP('',(#13355));
#13355 = ORIENTED_EDGE('',*,*,#13356,.T.);
#13356 = EDGE_CURVE('',#13357,#13357,#13359,.T.);
#13357 = VERTEX_POINT('',#13358);
#13358 = CARTESIAN_POINT('',(18.302944,43.457057,0.));
#13359 = CIRCLE('',#13360,0.25);
#13360 = AXIS2_PLACEMENT_3D('',#13361,#13362,#13363);
#13361 = CARTESIAN_POINT('',(18.302944,43.707057,0.));
#13362 = DIRECTION('',(-0.,0.,-1.));
#13363 = DIRECTION('',(-0.,-1.,0.));
#13364 = FACE_BOUND('',#13365,.F.);
#13365 = EDGE_LOOP('',(#13366));
#13366 = ORIENTED_EDGE('',*,*,#13367,.T.);
#13367 = EDGE_CURVE('',#13368,#13368,#13370,.T.);
#13368 = VERTEX_POINT('',#13369);
#13369 = CARTESIAN_POINT('',(8.69,50.700001,0.));
#13370 = CIRCLE('',#13371,0.5);
#13371 = AXIS2_PLACEMENT_3D('',#13372,#13373,#13374);
#13372 = CARTESIAN_POINT('',(8.69,51.200001,0.));
#13373 = DIRECTION('',(-0.,0.,-1.));
#13374 = DIRECTION('',(-0.,-1.,0.));
#13375 = FACE_BOUND('',#13376,.F.);
#13376 = EDGE_LOOP('',(#13377));
#13377 = ORIENTED_EDGE('',*,*,#13378,.T.);
#13378 = EDGE_CURVE('',#13379,#13379,#13381,.T.);
#13379 = VERTEX_POINT('',#13380);
#13380 = CARTESIAN_POINT('',(11.23,50.700001,0.));
#13381 = CIRCLE('',#13382,0.5);
#13382 = AXIS2_PLACEMENT_3D('',#13383,#13384,#13385);
#13383 = CARTESIAN_POINT('',(11.23,51.200001,0.));
#13384 = DIRECTION('',(-0.,0.,-1.));
#13385 = DIRECTION('',(-0.,-1.,0.));
#13386 = FACE_BOUND('',#13387,.F.);
#13387 = EDGE_LOOP('',(#13388));
#13388 = ORIENTED_EDGE('',*,*,#13389,.T.);
#13389 = EDGE_CURVE('',#13390,#13390,#13392,.T.);
#13390 = VERTEX_POINT('',#13391);
#13391 = CARTESIAN_POINT('',(13.77,50.700001,0.));
#13392 = CIRCLE('',#13393,0.5);
#13393 = AXIS2_PLACEMENT_3D('',#13394,#13395,#13396);
#13394 = CARTESIAN_POINT('',(13.77,51.200001,0.));
#13395 = DIRECTION('',(-0.,0.,-1.));
#13396 = DIRECTION('',(-0.,-1.,0.));
#13397 = FACE_BOUND('',#13398,.F.);
#13398 = EDGE_LOOP('',(#13399));
#13399 = ORIENTED_EDGE('',*,*,#13400,.T.);
#13400 = EDGE_CURVE('',#13401,#13401,#13403,.T.);
#13401 = VERTEX_POINT('',#13402);
#13402 = CARTESIAN_POINT('',(16.31,50.700001,0.));
#13403 = CIRCLE('',#13404,0.5);
#13404 = AXIS2_PLACEMENT_3D('',#13405,#13406,#13407);
#13405 = CARTESIAN_POINT('',(16.31,51.200001,0.));
#13406 = DIRECTION('',(-0.,0.,-1.));
#13407 = DIRECTION('',(-0.,-1.,0.));
#13408 = FACE_BOUND('',#13409,.F.);
#13409 = EDGE_LOOP('',(#13410));
#13410 = ORIENTED_EDGE('',*,*,#13411,.T.);
#13411 = EDGE_CURVE('',#13412,#13412,#13414,.T.);
#13412 = VERTEX_POINT('',#13413);
#13413 = CARTESIAN_POINT('',(21.352944,28.052945,0.));
#13414 = CIRCLE('',#13415,0.25);
#13415 = AXIS2_PLACEMENT_3D('',#13416,#13417,#13418);
#13416 = CARTESIAN_POINT('',(21.352944,28.302945,0.));
#13417 = DIRECTION('',(-0.,0.,-1.));
#13418 = DIRECTION('',(-0.,-1.,0.));
#13419 = FACE_BOUND('',#13420,.F.);
#13420 = EDGE_LOOP('',(#13421));
#13421 = ORIENTED_EDGE('',*,*,#13422,.T.);
#13422 = EDGE_CURVE('',#13423,#13423,#13425,.T.);
#13423 = VERTEX_POINT('',#13424);
#13424 = CARTESIAN_POINT('',(23.05,27.350001,0.));
#13425 = CIRCLE('',#13426,0.25);
#13426 = AXIS2_PLACEMENT_3D('',#13427,#13428,#13429);
#13427 = CARTESIAN_POINT('',(23.05,27.600001,0.));
#13428 = DIRECTION('',(-0.,0.,-1.));
#13429 = DIRECTION('',(-0.,-1.,0.));
#13430 = FACE_BOUND('',#13431,.F.);
#13431 = EDGE_LOOP('',(#13432));
#13432 = ORIENTED_EDGE('',*,*,#13433,.T.);
#13433 = EDGE_CURVE('',#13434,#13434,#13436,.T.);
#13434 = VERTEX_POINT('',#13435);
#13435 = CARTESIAN_POINT('',(20.65,29.750001,0.));
#13436 = CIRCLE('',#13437,0.25);
#13437 = AXIS2_PLACEMENT_3D('',#13438,#13439,#13440);
#13438 = CARTESIAN_POINT('',(20.65,30.000001,0.));
#13439 = DIRECTION('',(-0.,0.,-1.));
#13440 = DIRECTION('',(-0.,-1.,0.));
#13441 = FACE_BOUND('',#13442,.F.);
#13442 = EDGE_LOOP('',(#13443));
#13443 = ORIENTED_EDGE('',*,*,#13444,.T.);
#13444 = EDGE_CURVE('',#13445,#13445,#13447,.T.);
#13445 = VERTEX_POINT('',#13446);
#13446 = CARTESIAN_POINT('',(23.05,28.400001,0.));
#13447 = CIRCLE('',#13448,1.6);
#13448 = AXIS2_PLACEMENT_3D('',#13449,#13450,#13451);
#13449 = CARTESIAN_POINT('',(23.05,30.000001,0.));
#13450 = DIRECTION('',(-0.,0.,-1.));
#13451 = DIRECTION('',(2.22044604925E-15,-1.,-0.));
#13452 = FACE_BOUND('',#13453,.F.);
#13453 = EDGE_LOOP('',(#13454));
#13454 = ORIENTED_EDGE('',*,*,#13455,.T.);
#13455 = EDGE_CURVE('',#13456,#13456,#13458,.T.);
#13456 = VERTEX_POINT('',#13457);
#13457 = CARTESIAN_POINT('',(21.352944,31.447057,0.));
#13458 = CIRCLE('',#13459,0.25);
#13459 = AXIS2_PLACEMENT_3D('',#13460,#13461,#13462);
#13460 = CARTESIAN_POINT('',(21.352944,31.697057,0.));
#13461 = DIRECTION('',(-0.,0.,-1.));
#13462 = DIRECTION('',(-0.,-1.,0.));
#13463 = FACE_BOUND('',#13464,.F.);
#13464 = EDGE_LOOP('',(#13465));
#13465 = ORIENTED_EDGE('',*,*,#13466,.T.);
#13466 = EDGE_CURVE('',#13467,#13467,#13469,.T.);
#13467 = VERTEX_POINT('',#13468);
#13468 = CARTESIAN_POINT('',(24.747056,28.052945,0.));
#13469 = CIRCLE('',#13470,0.25);
#13470 = AXIS2_PLACEMENT_3D('',#13471,#13472,#13473);
#13471 = CARTESIAN_POINT('',(24.747056,28.302945,0.));
#13472 = DIRECTION('',(-0.,0.,-1.));
#13473 = DIRECTION('',(-0.,-1.,0.));
#13474 = FACE_BOUND('',#13475,.F.);
#13475 = EDGE_LOOP('',(#13476));
#13476 = ORIENTED_EDGE('',*,*,#13477,.T.);
#13477 = EDGE_CURVE('',#13478,#13478,#13480,.T.);
#13478 = VERTEX_POINT('',#13479);
#13479 = CARTESIAN_POINT('',(25.45,29.750001,0.));
#13480 = CIRCLE('',#13481,0.25);
#13481 = AXIS2_PLACEMENT_3D('',#13482,#13483,#13484);
#13482 = CARTESIAN_POINT('',(25.45,30.000001,0.));
#13483 = DIRECTION('',(-0.,0.,-1.));
#13484 = DIRECTION('',(-0.,-1.,0.));
#13485 = FACE_BOUND('',#13486,.F.);
#13486 = EDGE_LOOP('',(#13487));
#13487 = ORIENTED_EDGE('',*,*,#13488,.T.);
#13488 = EDGE_CURVE('',#13489,#13489,#13491,.T.);
#13489 = VERTEX_POINT('',#13490);
#13490 = CARTESIAN_POINT('',(24.747056,31.447057,0.));
#13491 = CIRCLE('',#13492,0.25);
#13492 = AXIS2_PLACEMENT_3D('',#13493,#13494,#13495);
#13493 = CARTESIAN_POINT('',(24.747056,31.697057,0.));
#13494 = DIRECTION('',(-0.,0.,-1.));
#13495 = DIRECTION('',(-0.,-1.,0.));
#13496 = FACE_BOUND('',#13497,.F.);
#13497 = EDGE_LOOP('',(#13498));
#13498 = ORIENTED_EDGE('',*,*,#13499,.T.);
#13499 = EDGE_CURVE('',#13500,#13500,#13502,.T.);
#13500 = VERTEX_POINT('',#13501);
#13501 = CARTESIAN_POINT('',(23.05,32.150001,0.));
#13502 = CIRCLE('',#13503,0.25);
#13503 = AXIS2_PLACEMENT_3D('',#13504,#13505,#13506);
#13504 = CARTESIAN_POINT('',(23.05,32.400001,0.));
#13505 = DIRECTION('',(-0.,0.,-1.));
#13506 = DIRECTION('',(-0.,-1.,0.));
#13507 = FACE_BOUND('',#13508,.F.);
#13508 = EDGE_LOOP('',(#13509));
#13509 = ORIENTED_EDGE('',*,*,#13510,.T.);
#13510 = EDGE_CURVE('',#13511,#13511,#13513,.T.);
#13511 = VERTEX_POINT('',#13512);
#13512 = CARTESIAN_POINT('',(20.,39.360001,0.));
#13513 = CIRCLE('',#13514,0.25);
#13514 = AXIS2_PLACEMENT_3D('',#13515,#13516,#13517);
#13515 = CARTESIAN_POINT('',(20.,39.610001,0.));
#13516 = DIRECTION('',(-0.,0.,-1.));
#13517 = DIRECTION('',(-0.,-1.,0.));
#13518 = FACE_BOUND('',#13519,.F.);
#13519 = EDGE_LOOP('',(#13520));
#13520 = ORIENTED_EDGE('',*,*,#13521,.T.);
#13521 = EDGE_CURVE('',#13522,#13522,#13524,.T.);
#13522 = VERTEX_POINT('',#13523);
#13523 = CARTESIAN_POINT('',(21.697056,40.062945,0.));
#13524 = CIRCLE('',#13525,0.25);
#13525 = AXIS2_PLACEMENT_3D('',#13526,#13527,#13528);
#13526 = CARTESIAN_POINT('',(21.697056,40.312945,0.));
#13527 = DIRECTION('',(-0.,0.,-1.));
#13528 = DIRECTION('',(-0.,-1.,0.));
#13529 = FACE_BOUND('',#13530,.F.);
#13530 = EDGE_LOOP('',(#13531));
#13531 = ORIENTED_EDGE('',*,*,#13532,.T.);
#13532 = EDGE_CURVE('',#13533,#13533,#13535,.T.);
#13533 = VERTEX_POINT('',#13534);
#13534 = CARTESIAN_POINT('',(20.,40.410001,0.));
#13535 = CIRCLE('',#13536,1.6);
#13536 = AXIS2_PLACEMENT_3D('',#13537,#13538,#13539);
#13537 = CARTESIAN_POINT('',(20.,42.010001,0.));
#13538 = DIRECTION('',(-0.,0.,-1.));
#13539 = DIRECTION('',(-0.,-1.,0.));
#13540 = FACE_BOUND('',#13541,.F.);
#13541 = EDGE_LOOP('',(#13542));
#13542 = ORIENTED_EDGE('',*,*,#13543,.T.);
#13543 = EDGE_CURVE('',#13544,#13544,#13546,.T.);
#13544 = VERTEX_POINT('',#13545);
#13545 = CARTESIAN_POINT('',(20.,44.160001,0.));
#13546 = CIRCLE('',#13547,0.25);
#13547 = AXIS2_PLACEMENT_3D('',#13548,#13549,#13550);
#13548 = CARTESIAN_POINT('',(20.,44.410001,0.));
#13549 = DIRECTION('',(-0.,0.,-1.));
#13550 = DIRECTION('',(-0.,-1.,0.));
#13551 = FACE_BOUND('',#13552,.F.);
#13552 = EDGE_LOOP('',(#13553));
#13553 = ORIENTED_EDGE('',*,*,#13554,.T.);
#13554 = EDGE_CURVE('',#13555,#13555,#13557,.T.);
#13555 = VERTEX_POINT('',#13556);
#13556 = CARTESIAN_POINT('',(22.4,41.760001,0.));
#13557 = CIRCLE('',#13558,0.25);
#13558 = AXIS2_PLACEMENT_3D('',#13559,#13560,#13561);
#13559 = CARTESIAN_POINT('',(22.4,42.010001,0.));
#13560 = DIRECTION('',(-0.,0.,-1.));
#13561 = DIRECTION('',(-0.,-1.,0.));
#13562 = FACE_BOUND('',#13563,.F.);
#13563 = EDGE_LOOP('',(#13564));
#13564 = ORIENTED_EDGE('',*,*,#13565,.T.);
#13565 = EDGE_CURVE('',#13566,#13566,#13568,.T.);
#13566 = VERTEX_POINT('',#13567);
#13567 = CARTESIAN_POINT('',(21.697056,43.457057,0.));
#13568 = CIRCLE('',#13569,0.25);
#13569 = AXIS2_PLACEMENT_3D('',#13570,#13571,#13572);
#13570 = CARTESIAN_POINT('',(21.697056,43.707057,0.));
#13571 = DIRECTION('',(-0.,0.,-1.));
#13572 = DIRECTION('',(-0.,-1.,0.));
#13573 = FACE_BOUND('',#13574,.F.);
#13574 = EDGE_LOOP('',(#13575));
#13575 = ORIENTED_EDGE('',*,*,#13576,.T.);
#13576 = EDGE_CURVE('',#13577,#13577,#13579,.T.);
#13577 = VERTEX_POINT('',#13578);
#13578 = CARTESIAN_POINT('',(18.85,50.700001,0.));
#13579 = CIRCLE('',#13580,0.5);
#13580 = AXIS2_PLACEMENT_3D('',#13581,#13582,#13583);
#13581 = CARTESIAN_POINT('',(18.85,51.200001,0.));
#13582 = DIRECTION('',(-0.,0.,-1.));
#13583 = DIRECTION('',(-0.,-1.,0.));
#13584 = PLANE('',#13585);
#13585 = AXIS2_PLACEMENT_3D('',#13586,#13587,#13588);
#13586 = CARTESIAN_POINT('',(0.,0.,0.));
#13587 = DIRECTION('',(0.,0.,1.));
#13588 = DIRECTION('',(1.,0.,-0.));
#13589 = ADVANCED_FACE('',(#13590,#13678,#13689,#13700,#13711,#13722,
    #13733,#13744,#13755,#13766,#13777,#13788,#13799,#13810,#13821,
    #13832,#13843,#13854,#13865,#13876,#13887,#13898,#13909,#13920,
    #13931,#13942,#13953,#13964,#13975,#13986,#13997,#14008,#14019,
    #14030,#14041,#14052,#14063,#14074,#14085,#14096,#14107,#14118,
    #14129,#14140,#14151,#14162,#14173,#14184,#14195,#14206,#14217,
    #14228,#14239,#14250,#14261,#14272,#14283,#14294,#14305,#14316,
    #14327,#14338,#14349,#14360,#14371,#14382,#14393,#14404,#14415,
    #14426,#14437,#14448,#14459,#14470,#14481,#14492,#14503,#14514,
    #14525,#14536,#14547,#14558,#14569,#14580,#14591,#14602,#14613,
    #14624,#14635,#14646,#14657,#14668,#14679,#14690,#14701,#14712,
    #14723,#14734,#14745,#14756,#14767,#14778,#14789,#14800,#14811,
    #14822,#14833,#14844,#14855,#14866,#14877,#14888,#14899,#14910,
    #14921,#14932,#14943,#14954,#14965,#14976,#14987,#14998,#15009,
    #15020,#15031,#15042,#15053,#15064,#15075,#15086,#15097,#15108,
    #15119,#15130,#15141,#15152,#15163,#15174,#15185,#15196,#15207,
    #15218,#15229,#15240,#15251,#15262,#15273,#15284,#15295,#15306,
    #15317,#15328,#15339,#15350,#15361,#15372,#15383,#15394,#15405,
    #15416,#15427,#15438,#15449,#15460,#15471,#15482,#15493,#15504,
    #15515,#15526,#15537,#15548,#15559,#15570,#15581,#15592,#15603,
    #15614,#15625,#15636,#15647,#15658,#15669,#15680,#15691,#15702,
    #15713,#15724,#15735),#15746,.T.);
#13590 = FACE_BOUND('',#13591,.T.);
#13591 = EDGE_LOOP('',(#13592,#13593,#13594,#13602,#13611,#13619,#13628,
    #13636,#13645,#13653,#13661,#13670,#13677));
#13592 = ORIENTED_EDGE('',*,*,#11337,.F.);
#13593 = ORIENTED_EDGE('',*,*,#11379,.F.);
#13594 = ORIENTED_EDGE('',*,*,#13595,.F.);
#13595 = EDGE_CURVE('',#13596,#11372,#13598,.T.);
#13596 = VERTEX_POINT('',#13597);
#13597 = CARTESIAN_POINT('',(-33.258627,54.997843,1.6));
#13598 = LINE('',#13599,#13600);
#13599 = CARTESIAN_POINT('',(-33.258627,54.997843,1.6));
#13600 = VECTOR('',#13601,1.);
#13601 = DIRECTION('',(0.999946506993,1.034326603021E-02,0.));
#13602 = ORIENTED_EDGE('',*,*,#13603,.F.);
#13603 = EDGE_CURVE('',#13604,#13596,#13606,.T.);
#13604 = VERTEX_POINT('',#13605);
#13605 = CARTESIAN_POINT('',(-35.807116,54.171129,1.6));
#13606 = CIRCLE('',#13607,4.972319393319);
#13607 = AXIS2_PLACEMENT_3D('',#13608,#13609,#13610);
#13608 = CARTESIAN_POINT('',(-33.05532127278,50.02968167709,1.6));
#13609 = DIRECTION('',(0.,0.,-1.));
#13610 = DIRECTION('',(-0.553422760999,0.832900502827,0.));
#13611 = ORIENTED_EDGE('',*,*,#13612,.F.);
#13612 = EDGE_CURVE('',#13613,#13604,#13615,.T.);
#13613 = VERTEX_POINT('',#13614);
#13614 = CARTESIAN_POINT('',(-36.473922,53.727426,1.6));
#13615 = LINE('',#13616,#13617);
#13616 = CARTESIAN_POINT('',(-36.473922,53.727426,1.6));
#13617 = VECTOR('',#13618,1.);
#13618 = DIRECTION('',(0.832530763896,0.553978814727,0.));
#13619 = ORIENTED_EDGE('',*,*,#13620,.F.);
#13620 = EDGE_CURVE('',#13621,#13613,#13623,.T.);
#13621 = VERTEX_POINT('',#13622);
#13622 = CARTESIAN_POINT('',(-35.807116,-54.171127,1.6));
#13623 = CIRCLE('',#13624,64.935502967024);
#13624 = AXIS2_PLACEMENT_3D('',#13625,#13626,#13627);
#13625 = CARTESIAN_POINT('',(-2.80909129685E-03,1.478183503131E-03,1.6)
  );
#13626 = DIRECTION('',(0.,0.,-1.));
#13627 = DIRECTION('',(-0.551382606937,-0.834252492215,-0.));
#13628 = ORIENTED_EDGE('',*,*,#13629,.F.);
#13629 = EDGE_CURVE('',#13630,#13621,#13632,.T.);
#13630 = VERTEX_POINT('',#13631);
#13631 = CARTESIAN_POINT('',(-35.631884,-54.284369,1.6));
#13632 = LINE('',#13633,#13634);
#13633 = CARTESIAN_POINT('',(-35.631884,-54.284369,1.6));
#13634 = VECTOR('',#13635,1.);
#13635 = DIRECTION('',(-0.83988352502,0.542766675837,0.));
#13636 = ORIENTED_EDGE('',*,*,#13637,.F.);
#13637 = EDGE_CURVE('',#13638,#13630,#13640,.T.);
#13638 = VERTEX_POINT('',#13639);
#13639 = CARTESIAN_POINT('',(-33.05,-54.999999,1.6));
#13640 = CIRCLE('',#13641,4.9723568118);
#13641 = AXIS2_PLACEMENT_3D('',#13642,#13643,#13644);
#13642 = CARTESIAN_POINT('',(-33.06191694025,-50.02765646851,1.6));
#13643 = DIRECTION('',(0.,0.,-1.));
#13644 = DIRECTION('',(2.396638195116E-03,-0.999997128059,0.));
#13645 = ORIENTED_EDGE('',*,*,#13646,.F.);
#13646 = EDGE_CURVE('',#13647,#13638,#13649,.T.);
#13647 = VERTEX_POINT('',#13648);
#13648 = CARTESIAN_POINT('',(33.05,-54.999999,1.6));
#13649 = LINE('',#13650,#13651);
#13650 = CARTESIAN_POINT('',(33.05,-54.999999,1.6));
#13651 = VECTOR('',#13652,1.);
#13652 = DIRECTION('',(-1.,0.,0.));
#13653 = ORIENTED_EDGE('',*,*,#13654,.F.);
#13654 = EDGE_CURVE('',#13655,#13647,#13657,.T.);
#13655 = VERTEX_POINT('',#13656);
#13656 = CARTESIAN_POINT('',(33.258627,-54.99784,1.6));
#13657 = LINE('',#13658,#13659);
#13658 = CARTESIAN_POINT('',(33.258627,-54.99784,1.6));
#13659 = VECTOR('',#13660,1.);
#13660 = DIRECTION('',(-0.999946457409,-1.034805850418E-02,0.));
#13661 = ORIENTED_EDGE('',*,*,#13662,.F.);
#13662 = EDGE_CURVE('',#13663,#13655,#13665,.T.);
#13663 = VERTEX_POINT('',#13664);
#13664 = CARTESIAN_POINT('',(35.807116,-54.171127,1.6));
#13665 = CIRCLE('',#13666,4.972363468792);
#13666 = AXIS2_PLACEMENT_3D('',#13667,#13668,#13669);
#13667 = CARTESIAN_POINT('',(33.055308754268,-50.02963507701,1.6));
#13668 = DIRECTION('',(0.,0.,-1.));
#13669 = DIRECTION('',(0.553420373028,-0.832902089514,0.));
#13670 = ORIENTED_EDGE('',*,*,#13671,.F.);
#13671 = EDGE_CURVE('',#11402,#13663,#13672,.T.);
#13672 = CIRCLE('',#13673,64.935819072349);
#13673 = AXIS2_PLACEMENT_3D('',#13674,#13675,#13676);
#13674 = CARTESIAN_POINT('',(9.276513033285E-07,9.999999992516E-07,1.6)
  );
#13675 = DIRECTION('',(0.,0.,-1.));
#13676 = DIRECTION('',(0.551423168043,0.834225682741,0.));
#13677 = ORIENTED_EDGE('',*,*,#11401,.F.);
#13678 = FACE_BOUND('',#13679,.T.);
#13679 = EDGE_LOOP('',(#13680));
#13680 = ORIENTED_EDGE('',*,*,#13681,.T.);
#13681 = EDGE_CURVE('',#13682,#13682,#13684,.T.);
#13682 = VERTEX_POINT('',#13683);
#13683 = CARTESIAN_POINT('',(-18.85,-51.699999,1.6));
#13684 = CIRCLE('',#13685,0.5);
#13685 = AXIS2_PLACEMENT_3D('',#13686,#13687,#13688);
#13686 = CARTESIAN_POINT('',(-18.85,-51.199999,1.6));
#13687 = DIRECTION('',(-0.,0.,-1.));
#13688 = DIRECTION('',(-0.,-1.,0.));
#13689 = FACE_BOUND('',#13690,.T.);
#13690 = EDGE_LOOP('',(#13691));
#13691 = ORIENTED_EDGE('',*,*,#13692,.T.);
#13692 = EDGE_CURVE('',#13693,#13693,#13695,.T.);
#13693 = VERTEX_POINT('',#13694);
#13694 = CARTESIAN_POINT('',(-16.31,-51.699999,1.6));
#13695 = CIRCLE('',#13696,0.5);
#13696 = AXIS2_PLACEMENT_3D('',#13697,#13698,#13699);
#13697 = CARTESIAN_POINT('',(-16.31,-51.199999,1.6));
#13698 = DIRECTION('',(-0.,0.,-1.));
#13699 = DIRECTION('',(-0.,-1.,0.));
#13700 = FACE_BOUND('',#13701,.T.);
#13701 = EDGE_LOOP('',(#13702));
#13702 = ORIENTED_EDGE('',*,*,#13703,.T.);
#13703 = EDGE_CURVE('',#13704,#13704,#13706,.T.);
#13704 = VERTEX_POINT('',#13705);
#13705 = CARTESIAN_POINT('',(-21.697056,-43.957055,1.6));
#13706 = CIRCLE('',#13707,0.25);
#13707 = AXIS2_PLACEMENT_3D('',#13708,#13709,#13710);
#13708 = CARTESIAN_POINT('',(-21.697056,-43.707055,1.6));
#13709 = DIRECTION('',(-0.,0.,-1.));
#13710 = DIRECTION('',(-0.,-1.,0.));
#13711 = FACE_BOUND('',#13712,.T.);
#13712 = EDGE_LOOP('',(#13713));
#13713 = ORIENTED_EDGE('',*,*,#13714,.T.);
#13714 = EDGE_CURVE('',#13715,#13715,#13717,.T.);
#13715 = VERTEX_POINT('',#13716);
#13716 = CARTESIAN_POINT('',(-22.4,-42.259999,1.6));
#13717 = CIRCLE('',#13718,0.25);
#13718 = AXIS2_PLACEMENT_3D('',#13719,#13720,#13721);
#13719 = CARTESIAN_POINT('',(-22.4,-42.009999,1.6));
#13720 = DIRECTION('',(-0.,0.,-1.));
#13721 = DIRECTION('',(-0.,-1.,0.));
#13722 = FACE_BOUND('',#13723,.T.);
#13723 = EDGE_LOOP('',(#13724));
#13724 = ORIENTED_EDGE('',*,*,#13725,.T.);
#13725 = EDGE_CURVE('',#13726,#13726,#13728,.T.);
#13726 = VERTEX_POINT('',#13727);
#13727 = CARTESIAN_POINT('',(-21.697056,-40.562943,1.6));
#13728 = CIRCLE('',#13729,0.25);
#13729 = AXIS2_PLACEMENT_3D('',#13730,#13731,#13732);
#13730 = CARTESIAN_POINT('',(-21.697056,-40.312943,1.6));
#13731 = DIRECTION('',(-0.,0.,-1.));
#13732 = DIRECTION('',(-0.,-1.,0.));
#13733 = FACE_BOUND('',#13734,.T.);
#13734 = EDGE_LOOP('',(#13735));
#13735 = ORIENTED_EDGE('',*,*,#13736,.T.);
#13736 = EDGE_CURVE('',#13737,#13737,#13739,.T.);
#13737 = VERTEX_POINT('',#13738);
#13738 = CARTESIAN_POINT('',(-20.,-44.659999,1.6));
#13739 = CIRCLE('',#13740,0.25);
#13740 = AXIS2_PLACEMENT_3D('',#13741,#13742,#13743);
#13741 = CARTESIAN_POINT('',(-20.,-44.409999,1.6));
#13742 = DIRECTION('',(-0.,0.,-1.));
#13743 = DIRECTION('',(-0.,-1.,0.));
#13744 = FACE_BOUND('',#13745,.T.);
#13745 = EDGE_LOOP('',(#13746));
#13746 = ORIENTED_EDGE('',*,*,#13747,.T.);
#13747 = EDGE_CURVE('',#13748,#13748,#13750,.T.);
#13748 = VERTEX_POINT('',#13749);
#13749 = CARTESIAN_POINT('',(-18.302944,-43.957055,1.6));
#13750 = CIRCLE('',#13751,0.25);
#13751 = AXIS2_PLACEMENT_3D('',#13752,#13753,#13754);
#13752 = CARTESIAN_POINT('',(-18.302944,-43.707055,1.6));
#13753 = DIRECTION('',(-0.,0.,-1.));
#13754 = DIRECTION('',(-0.,-1.,0.));
#13755 = FACE_BOUND('',#13756,.T.);
#13756 = EDGE_LOOP('',(#13757));
#13757 = ORIENTED_EDGE('',*,*,#13758,.T.);
#13758 = EDGE_CURVE('',#13759,#13759,#13761,.T.);
#13759 = VERTEX_POINT('',#13760);
#13760 = CARTESIAN_POINT('',(-20.,-43.609999,1.6));
#13761 = CIRCLE('',#13762,1.6);
#13762 = AXIS2_PLACEMENT_3D('',#13763,#13764,#13765);
#13763 = CARTESIAN_POINT('',(-20.,-42.009999,1.6));
#13764 = DIRECTION('',(-0.,0.,-1.));
#13765 = DIRECTION('',(-0.,-1.,0.));
#13766 = FACE_BOUND('',#13767,.T.);
#13767 = EDGE_LOOP('',(#13768));
#13768 = ORIENTED_EDGE('',*,*,#13769,.T.);
#13769 = EDGE_CURVE('',#13770,#13770,#13772,.T.);
#13770 = VERTEX_POINT('',#13771);
#13771 = CARTESIAN_POINT('',(-17.6,-42.259999,1.6));
#13772 = CIRCLE('',#13773,0.25);
#13773 = AXIS2_PLACEMENT_3D('',#13774,#13775,#13776);
#13774 = CARTESIAN_POINT('',(-17.6,-42.009999,1.6));
#13775 = DIRECTION('',(-0.,0.,-1.));
#13776 = DIRECTION('',(-0.,-1.,0.));
#13777 = FACE_BOUND('',#13778,.T.);
#13778 = EDGE_LOOP('',(#13779));
#13779 = ORIENTED_EDGE('',*,*,#13780,.T.);
#13780 = EDGE_CURVE('',#13781,#13781,#13783,.T.);
#13781 = VERTEX_POINT('',#13782);
#13782 = CARTESIAN_POINT('',(-20.,-39.859999,1.6));
#13783 = CIRCLE('',#13784,0.25);
#13784 = AXIS2_PLACEMENT_3D('',#13785,#13786,#13787);
#13785 = CARTESIAN_POINT('',(-20.,-39.609999,1.6));
#13786 = DIRECTION('',(-0.,0.,-1.));
#13787 = DIRECTION('',(-0.,-1.,0.));
#13788 = FACE_BOUND('',#13789,.T.);
#13789 = EDGE_LOOP('',(#13790));
#13790 = ORIENTED_EDGE('',*,*,#13791,.T.);
#13791 = EDGE_CURVE('',#13792,#13792,#13794,.T.);
#13792 = VERTEX_POINT('',#13793);
#13793 = CARTESIAN_POINT('',(-18.302944,-40.562943,1.6));
#13794 = CIRCLE('',#13795,0.25);
#13795 = AXIS2_PLACEMENT_3D('',#13796,#13797,#13798);
#13796 = CARTESIAN_POINT('',(-18.302944,-40.312943,1.6));
#13797 = DIRECTION('',(-0.,0.,-1.));
#13798 = DIRECTION('',(-0.,-1.,0.));
#13799 = FACE_BOUND('',#13800,.T.);
#13800 = EDGE_LOOP('',(#13801));
#13801 = ORIENTED_EDGE('',*,*,#13802,.T.);
#13802 = EDGE_CURVE('',#13803,#13803,#13805,.T.);
#13803 = VERTEX_POINT('',#13804);
#13804 = CARTESIAN_POINT('',(-13.77,-51.699999,1.6));
#13805 = CIRCLE('',#13806,0.5);
#13806 = AXIS2_PLACEMENT_3D('',#13807,#13808,#13809);
#13807 = CARTESIAN_POINT('',(-13.77,-51.199999,1.6));
#13808 = DIRECTION('',(-0.,0.,-1.));
#13809 = DIRECTION('',(-0.,-1.,0.));
#13810 = FACE_BOUND('',#13811,.T.);
#13811 = EDGE_LOOP('',(#13812));
#13812 = ORIENTED_EDGE('',*,*,#13813,.T.);
#13813 = EDGE_CURVE('',#13814,#13814,#13816,.T.);
#13814 = VERTEX_POINT('',#13815);
#13815 = CARTESIAN_POINT('',(-11.23,-51.699999,1.6));
#13816 = CIRCLE('',#13817,0.5);
#13817 = AXIS2_PLACEMENT_3D('',#13818,#13819,#13820);
#13818 = CARTESIAN_POINT('',(-11.23,-51.199999,1.6));
#13819 = DIRECTION('',(-0.,0.,-1.));
#13820 = DIRECTION('',(-0.,-1.,0.));
#13821 = FACE_BOUND('',#13822,.T.);
#13822 = EDGE_LOOP('',(#13823));
#13823 = ORIENTED_EDGE('',*,*,#13824,.T.);
#13824 = EDGE_CURVE('',#13825,#13825,#13827,.T.);
#13825 = VERTEX_POINT('',#13826);
#13826 = CARTESIAN_POINT('',(-8.69,-51.699999,1.6));
#13827 = CIRCLE('',#13828,0.5);
#13828 = AXIS2_PLACEMENT_3D('',#13829,#13830,#13831);
#13829 = CARTESIAN_POINT('',(-8.69,-51.199999,1.6));
#13830 = DIRECTION('',(-0.,0.,-1.));
#13831 = DIRECTION('',(-0.,-1.,0.));
#13832 = FACE_BOUND('',#13833,.T.);
#13833 = EDGE_LOOP('',(#13834));
#13834 = ORIENTED_EDGE('',*,*,#13835,.T.);
#13835 = EDGE_CURVE('',#13836,#13836,#13838,.T.);
#13836 = VERTEX_POINT('',#13837);
#13837 = CARTESIAN_POINT('',(-6.15,-51.699999,1.6));
#13838 = CIRCLE('',#13839,0.5);
#13839 = AXIS2_PLACEMENT_3D('',#13840,#13841,#13842);
#13840 = CARTESIAN_POINT('',(-6.15,-51.199999,1.6));
#13841 = DIRECTION('',(-0.,0.,-1.));
#13842 = DIRECTION('',(-0.,-1.,0.));
#13843 = FACE_BOUND('',#13844,.T.);
#13844 = EDGE_LOOP('',(#13845));
#13845 = ORIENTED_EDGE('',*,*,#13846,.T.);
#13846 = EDGE_CURVE('',#13847,#13847,#13849,.T.);
#13847 = VERTEX_POINT('',#13848);
#13848 = CARTESIAN_POINT('',(-6.697056,-43.957055,1.6));
#13849 = CIRCLE('',#13850,0.25);
#13850 = AXIS2_PLACEMENT_3D('',#13851,#13852,#13853);
#13851 = CARTESIAN_POINT('',(-6.697056,-43.707055,1.6));
#13852 = DIRECTION('',(-0.,0.,-1.));
#13853 = DIRECTION('',(-0.,-1.,0.));
#13854 = FACE_BOUND('',#13855,.T.);
#13855 = EDGE_LOOP('',(#13856));
#13856 = ORIENTED_EDGE('',*,*,#13857,.T.);
#13857 = EDGE_CURVE('',#13858,#13858,#13860,.T.);
#13858 = VERTEX_POINT('',#13859);
#13859 = CARTESIAN_POINT('',(-7.4,-42.259999,1.6));
#13860 = CIRCLE('',#13861,0.25);
#13861 = AXIS2_PLACEMENT_3D('',#13862,#13863,#13864);
#13862 = CARTESIAN_POINT('',(-7.4,-42.009999,1.6));
#13863 = DIRECTION('',(-0.,0.,-1.));
#13864 = DIRECTION('',(-0.,-1.,0.));
#13865 = FACE_BOUND('',#13866,.T.);
#13866 = EDGE_LOOP('',(#13867));
#13867 = ORIENTED_EDGE('',*,*,#13868,.T.);
#13868 = EDGE_CURVE('',#13869,#13869,#13871,.T.);
#13869 = VERTEX_POINT('',#13870);
#13870 = CARTESIAN_POINT('',(-5.,-44.659999,1.6));
#13871 = CIRCLE('',#13872,0.25);
#13872 = AXIS2_PLACEMENT_3D('',#13873,#13874,#13875);
#13873 = CARTESIAN_POINT('',(-5.,-44.409999,1.6));
#13874 = DIRECTION('',(-0.,0.,-1.));
#13875 = DIRECTION('',(-0.,-1.,0.));
#13876 = FACE_BOUND('',#13877,.T.);
#13877 = EDGE_LOOP('',(#13878));
#13878 = ORIENTED_EDGE('',*,*,#13879,.T.);
#13879 = EDGE_CURVE('',#13880,#13880,#13882,.T.);
#13880 = VERTEX_POINT('',#13881);
#13881 = CARTESIAN_POINT('',(-5.,-43.609999,1.6));
#13882 = CIRCLE('',#13883,1.6);
#13883 = AXIS2_PLACEMENT_3D('',#13884,#13885,#13886);
#13884 = CARTESIAN_POINT('',(-5.,-42.009999,1.6));
#13885 = DIRECTION('',(-0.,0.,-1.));
#13886 = DIRECTION('',(-0.,-1.,0.));
#13887 = FACE_BOUND('',#13888,.T.);
#13888 = EDGE_LOOP('',(#13889));
#13889 = ORIENTED_EDGE('',*,*,#13890,.T.);
#13890 = EDGE_CURVE('',#13891,#13891,#13893,.T.);
#13891 = VERTEX_POINT('',#13892);
#13892 = CARTESIAN_POINT('',(-6.697056,-40.562943,1.6));
#13893 = CIRCLE('',#13894,0.25);
#13894 = AXIS2_PLACEMENT_3D('',#13895,#13896,#13897);
#13895 = CARTESIAN_POINT('',(-6.697056,-40.312943,1.6));
#13896 = DIRECTION('',(-0.,0.,-1.));
#13897 = DIRECTION('',(-0.,-1.,0.));
#13898 = FACE_BOUND('',#13899,.T.);
#13899 = EDGE_LOOP('',(#13900));
#13900 = ORIENTED_EDGE('',*,*,#13901,.T.);
#13901 = EDGE_CURVE('',#13902,#13902,#13904,.T.);
#13902 = VERTEX_POINT('',#13903);
#13903 = CARTESIAN_POINT('',(-5.,-39.859999,1.6));
#13904 = CIRCLE('',#13905,0.25);
#13905 = AXIS2_PLACEMENT_3D('',#13906,#13907,#13908);
#13906 = CARTESIAN_POINT('',(-5.,-39.609999,1.6));
#13907 = DIRECTION('',(-0.,0.,-1.));
#13908 = DIRECTION('',(-0.,-1.,0.));
#13909 = FACE_BOUND('',#13910,.T.);
#13910 = EDGE_LOOP('',(#13911));
#13911 = ORIENTED_EDGE('',*,*,#13912,.T.);
#13912 = EDGE_CURVE('',#13913,#13913,#13915,.T.);
#13913 = VERTEX_POINT('',#13914);
#13914 = CARTESIAN_POINT('',(-23.05,-32.649999,1.6));
#13915 = CIRCLE('',#13916,0.25);
#13916 = AXIS2_PLACEMENT_3D('',#13917,#13918,#13919);
#13917 = CARTESIAN_POINT('',(-23.05,-32.399999,1.6));
#13918 = DIRECTION('',(-0.,0.,-1.));
#13919 = DIRECTION('',(-0.,-1.,0.));
#13920 = FACE_BOUND('',#13921,.T.);
#13921 = EDGE_LOOP('',(#13922));
#13922 = ORIENTED_EDGE('',*,*,#13923,.T.);
#13923 = EDGE_CURVE('',#13924,#13924,#13926,.T.);
#13924 = VERTEX_POINT('',#13925);
#13925 = CARTESIAN_POINT('',(-15.98,-34.788999,1.6));
#13926 = CIRCLE('',#13927,0.5);
#13927 = AXIS2_PLACEMENT_3D('',#13928,#13929,#13930);
#13928 = CARTESIAN_POINT('',(-15.98,-34.288999,1.6));
#13929 = DIRECTION('',(-0.,0.,-1.));
#13930 = DIRECTION('',(-0.,-1.,0.));
#13931 = FACE_BOUND('',#13932,.T.);
#13932 = EDGE_LOOP('',(#13933));
#13933 = ORIENTED_EDGE('',*,*,#13934,.T.);
#13934 = EDGE_CURVE('',#13935,#13935,#13937,.T.);
#13935 = VERTEX_POINT('',#13936);
#13936 = CARTESIAN_POINT('',(-24.747056,-31.947055,1.6));
#13937 = CIRCLE('',#13938,0.25);
#13938 = AXIS2_PLACEMENT_3D('',#13939,#13940,#13941);
#13939 = CARTESIAN_POINT('',(-24.747056,-31.697055,1.6));
#13940 = DIRECTION('',(-0.,0.,-1.));
#13941 = DIRECTION('',(-0.,-1.,0.));
#13942 = FACE_BOUND('',#13943,.T.);
#13943 = EDGE_LOOP('',(#13944));
#13944 = ORIENTED_EDGE('',*,*,#13945,.T.);
#13945 = EDGE_CURVE('',#13946,#13946,#13948,.T.);
#13946 = VERTEX_POINT('',#13947);
#13947 = CARTESIAN_POINT('',(-25.45,-30.249999,1.6));
#13948 = CIRCLE('',#13949,0.25);
#13949 = AXIS2_PLACEMENT_3D('',#13950,#13951,#13952);
#13950 = CARTESIAN_POINT('',(-25.45,-29.999999,1.6));
#13951 = DIRECTION('',(-0.,0.,-1.));
#13952 = DIRECTION('',(-0.,-1.,0.));
#13953 = FACE_BOUND('',#13954,.T.);
#13954 = EDGE_LOOP('',(#13955));
#13955 = ORIENTED_EDGE('',*,*,#13956,.T.);
#13956 = EDGE_CURVE('',#13957,#13957,#13959,.T.);
#13957 = VERTEX_POINT('',#13958);
#13958 = CARTESIAN_POINT('',(-21.352944,-31.947055,1.6));
#13959 = CIRCLE('',#13960,0.25);
#13960 = AXIS2_PLACEMENT_3D('',#13961,#13962,#13963);
#13961 = CARTESIAN_POINT('',(-21.352944,-31.697055,1.6));
#13962 = DIRECTION('',(-0.,0.,-1.));
#13963 = DIRECTION('',(-0.,-1.,0.));
#13964 = FACE_BOUND('',#13965,.T.);
#13965 = EDGE_LOOP('',(#13966));
#13966 = ORIENTED_EDGE('',*,*,#13967,.T.);
#13967 = EDGE_CURVE('',#13968,#13968,#13970,.T.);
#13968 = VERTEX_POINT('',#13969);
#13969 = CARTESIAN_POINT('',(-23.05,-31.599999,1.6));
#13970 = CIRCLE('',#13971,1.6);
#13971 = AXIS2_PLACEMENT_3D('',#13972,#13973,#13974);
#13972 = CARTESIAN_POINT('',(-23.05,-29.999999,1.6));
#13973 = DIRECTION('',(-0.,0.,-1.));
#13974 = DIRECTION('',(-2.22044604925E-15,-1.,0.));
#13975 = FACE_BOUND('',#13976,.T.);
#13976 = EDGE_LOOP('',(#13977));
#13977 = ORIENTED_EDGE('',*,*,#13978,.T.);
#13978 = EDGE_CURVE('',#13979,#13979,#13981,.T.);
#13979 = VERTEX_POINT('',#13980);
#13980 = CARTESIAN_POINT('',(-20.65,-30.249999,1.6));
#13981 = CIRCLE('',#13982,0.25);
#13982 = AXIS2_PLACEMENT_3D('',#13983,#13984,#13985);
#13983 = CARTESIAN_POINT('',(-20.65,-29.999999,1.6));
#13984 = DIRECTION('',(-0.,0.,-1.));
#13985 = DIRECTION('',(-0.,-1.,0.));
#13986 = FACE_BOUND('',#13987,.T.);
#13987 = EDGE_LOOP('',(#13988));
#13988 = ORIENTED_EDGE('',*,*,#13989,.T.);
#13989 = EDGE_CURVE('',#13990,#13990,#13992,.T.);
#13990 = VERTEX_POINT('',#13991);
#13991 = CARTESIAN_POINT('',(-24.747056,-28.552943,1.6));
#13992 = CIRCLE('',#13993,0.25);
#13993 = AXIS2_PLACEMENT_3D('',#13994,#13995,#13996);
#13994 = CARTESIAN_POINT('',(-24.747056,-28.302943,1.6));
#13995 = DIRECTION('',(-0.,0.,-1.));
#13996 = DIRECTION('',(-0.,-1.,0.));
#13997 = FACE_BOUND('',#13998,.T.);
#13998 = EDGE_LOOP('',(#13999));
#13999 = ORIENTED_EDGE('',*,*,#14000,.T.);
#14000 = EDGE_CURVE('',#14001,#14001,#14003,.T.);
#14001 = VERTEX_POINT('',#14002);
#14002 = CARTESIAN_POINT('',(-23.05,-27.849999,1.6));
#14003 = CIRCLE('',#14004,0.25);
#14004 = AXIS2_PLACEMENT_3D('',#14005,#14006,#14007);
#14005 = CARTESIAN_POINT('',(-23.05,-27.599999,1.6));
#14006 = DIRECTION('',(-0.,0.,-1.));
#14007 = DIRECTION('',(-0.,-1.,0.));
#14008 = FACE_BOUND('',#14009,.T.);
#14009 = EDGE_LOOP('',(#14010));
#14010 = ORIENTED_EDGE('',*,*,#14011,.T.);
#14011 = EDGE_CURVE('',#14012,#14012,#14014,.T.);
#14012 = VERTEX_POINT('',#14013);
#14013 = CARTESIAN_POINT('',(-21.352944,-28.552943,1.6));
#14014 = CIRCLE('',#14015,0.25);
#14015 = AXIS2_PLACEMENT_3D('',#14016,#14017,#14018);
#14016 = CARTESIAN_POINT('',(-21.352944,-28.302943,1.6));
#14017 = DIRECTION('',(-0.,0.,-1.));
#14018 = DIRECTION('',(-0.,-1.,0.));
#14019 = FACE_BOUND('',#14020,.T.);
#14020 = EDGE_LOOP('',(#14021));
#14021 = ORIENTED_EDGE('',*,*,#14022,.T.);
#14022 = EDGE_CURVE('',#14023,#14023,#14025,.T.);
#14023 = VERTEX_POINT('',#14024);
#14024 = CARTESIAN_POINT('',(-15.98,-32.248999,1.6));
#14025 = CIRCLE('',#14026,0.5);
#14026 = AXIS2_PLACEMENT_3D('',#14027,#14028,#14029);
#14027 = CARTESIAN_POINT('',(-15.98,-31.748999,1.6));
#14028 = DIRECTION('',(-0.,0.,-1.));
#14029 = DIRECTION('',(-0.,-1.,0.));
#14030 = FACE_BOUND('',#14031,.T.);
#14031 = EDGE_LOOP('',(#14032));
#14032 = ORIENTED_EDGE('',*,*,#14033,.T.);
#14033 = EDGE_CURVE('',#14034,#14034,#14036,.T.);
#14034 = VERTEX_POINT('',#14035);
#14035 = CARTESIAN_POINT('',(-15.98,-29.708999,1.6));
#14036 = CIRCLE('',#14037,0.5);
#14037 = AXIS2_PLACEMENT_3D('',#14038,#14039,#14040);
#14038 = CARTESIAN_POINT('',(-15.98,-29.208999,1.6));
#14039 = DIRECTION('',(-0.,0.,-1.));
#14040 = DIRECTION('',(-0.,-1.,0.));
#14041 = FACE_BOUND('',#14042,.T.);
#14042 = EDGE_LOOP('',(#14043));
#14043 = ORIENTED_EDGE('',*,*,#14044,.T.);
#14044 = EDGE_CURVE('',#14045,#14045,#14047,.T.);
#14045 = VERTEX_POINT('',#14046);
#14046 = CARTESIAN_POINT('',(-15.98,-27.168999,1.6));
#14047 = CIRCLE('',#14048,0.5);
#14048 = AXIS2_PLACEMENT_3D('',#14049,#14050,#14051);
#14049 = CARTESIAN_POINT('',(-15.98,-26.668999,1.6));
#14050 = DIRECTION('',(-0.,0.,-1.));
#14051 = DIRECTION('',(-0.,-1.,0.));
#14052 = FACE_BOUND('',#14053,.T.);
#14053 = EDGE_LOOP('',(#14054));
#14054 = ORIENTED_EDGE('',*,*,#14055,.T.);
#14055 = EDGE_CURVE('',#14056,#14056,#14058,.T.);
#14056 = VERTEX_POINT('',#14057);
#14057 = CARTESIAN_POINT('',(-26.757056,-9.447055,1.6));
#14058 = CIRCLE('',#14059,0.25);
#14059 = AXIS2_PLACEMENT_3D('',#14060,#14061,#14062);
#14060 = CARTESIAN_POINT('',(-26.757056,-9.197055,1.6));
#14061 = DIRECTION('',(-0.,0.,-1.));
#14062 = DIRECTION('',(-0.,-1.,0.));
#14063 = FACE_BOUND('',#14064,.T.);
#14064 = EDGE_LOOP('',(#14065));
#14065 = ORIENTED_EDGE('',*,*,#14066,.T.);
#14066 = EDGE_CURVE('',#14067,#14067,#14069,.T.);
#14067 = VERTEX_POINT('',#14068);
#14068 = CARTESIAN_POINT('',(-27.46,-7.749999,1.6));
#14069 = CIRCLE('',#14070,0.25);
#14070 = AXIS2_PLACEMENT_3D('',#14071,#14072,#14073);
#14071 = CARTESIAN_POINT('',(-27.46,-7.499999,1.6));
#14072 = DIRECTION('',(-0.,0.,-1.));
#14073 = DIRECTION('',(-0.,-1.,0.));
#14074 = FACE_BOUND('',#14075,.T.);
#14075 = EDGE_LOOP('',(#14076));
#14076 = ORIENTED_EDGE('',*,*,#14077,.T.);
#14077 = EDGE_CURVE('',#14078,#14078,#14080,.T.);
#14078 = VERTEX_POINT('',#14079);
#14079 = CARTESIAN_POINT('',(-34.25,-6.849999,1.6));
#14080 = CIRCLE('',#14081,0.5);
#14081 = AXIS2_PLACEMENT_3D('',#14082,#14083,#14084);
#14082 = CARTESIAN_POINT('',(-34.25,-6.349999,1.6));
#14083 = DIRECTION('',(-0.,0.,-1.));
#14084 = DIRECTION('',(-0.,-1.,0.));
#14085 = FACE_BOUND('',#14086,.T.);
#14086 = EDGE_LOOP('',(#14087));
#14087 = ORIENTED_EDGE('',*,*,#14088,.T.);
#14088 = EDGE_CURVE('',#14089,#14089,#14091,.T.);
#14089 = VERTEX_POINT('',#14090);
#14090 = CARTESIAN_POINT('',(-34.25,-4.309999,1.6));
#14091 = CIRCLE('',#14092,0.5);
#14092 = AXIS2_PLACEMENT_3D('',#14093,#14094,#14095);
#14093 = CARTESIAN_POINT('',(-34.25,-3.809999,1.6));
#14094 = DIRECTION('',(-0.,0.,-1.));
#14095 = DIRECTION('',(-0.,-1.,0.));
#14096 = FACE_BOUND('',#14097,.T.);
#14097 = EDGE_LOOP('',(#14098));
#14098 = ORIENTED_EDGE('',*,*,#14099,.T.);
#14099 = EDGE_CURVE('',#14100,#14100,#14102,.T.);
#14100 = VERTEX_POINT('',#14101);
#14101 = CARTESIAN_POINT('',(-34.25,-1.769999,1.6));
#14102 = CIRCLE('',#14103,0.5);
#14103 = AXIS2_PLACEMENT_3D('',#14104,#14105,#14106);
#14104 = CARTESIAN_POINT('',(-34.25,-1.269999,1.6));
#14105 = DIRECTION('',(-0.,0.,-1.));
#14106 = DIRECTION('',(-0.,-1.,0.));
#14107 = FACE_BOUND('',#14108,.T.);
#14108 = EDGE_LOOP('',(#14109));
#14109 = ORIENTED_EDGE('',*,*,#14110,.T.);
#14110 = EDGE_CURVE('',#14111,#14111,#14113,.T.);
#14111 = VERTEX_POINT('',#14112);
#14112 = CARTESIAN_POINT('',(-26.757056,-6.052943,1.6));
#14113 = CIRCLE('',#14114,0.25);
#14114 = AXIS2_PLACEMENT_3D('',#14115,#14116,#14117);
#14115 = CARTESIAN_POINT('',(-26.757056,-5.802943,1.6));
#14116 = DIRECTION('',(-0.,0.,-1.));
#14117 = DIRECTION('',(-0.,-1.,0.));
#14118 = FACE_BOUND('',#14119,.T.);
#14119 = EDGE_LOOP('',(#14120));
#14120 = ORIENTED_EDGE('',*,*,#14121,.T.);
#14121 = EDGE_CURVE('',#14122,#14122,#14124,.T.);
#14122 = VERTEX_POINT('',#14123);
#14123 = CARTESIAN_POINT('',(-15.98,-24.628999,1.6));
#14124 = CIRCLE('',#14125,0.5);
#14125 = AXIS2_PLACEMENT_3D('',#14126,#14127,#14128);
#14126 = CARTESIAN_POINT('',(-15.98,-24.128999,1.6));
#14127 = DIRECTION('',(-0.,0.,-1.));
#14128 = DIRECTION('',(-0.,-1.,0.));
#14129 = FACE_BOUND('',#14130,.T.);
#14130 = EDGE_LOOP('',(#14131));
#14131 = ORIENTED_EDGE('',*,*,#14132,.T.);
#14132 = EDGE_CURVE('',#14133,#14133,#14135,.T.);
#14133 = VERTEX_POINT('',#14134);
#14134 = CARTESIAN_POINT('',(-15.98,-22.088999,1.6));
#14135 = CIRCLE('',#14136,0.5);
#14136 = AXIS2_PLACEMENT_3D('',#14137,#14138,#14139);
#14137 = CARTESIAN_POINT('',(-15.98,-21.588999,1.6));
#14138 = DIRECTION('',(-0.,0.,-1.));
#14139 = DIRECTION('',(-0.,-1.,0.));
#14140 = FACE_BOUND('',#14141,.T.);
#14141 = EDGE_LOOP('',(#14142));
#14142 = ORIENTED_EDGE('',*,*,#14143,.T.);
#14143 = EDGE_CURVE('',#14144,#14144,#14146,.T.);
#14144 = VERTEX_POINT('',#14145);
#14145 = CARTESIAN_POINT('',(-15.98,-19.548999,1.6));
#14146 = CIRCLE('',#14147,0.5);
#14147 = AXIS2_PLACEMENT_3D('',#14148,#14149,#14150);
#14148 = CARTESIAN_POINT('',(-15.98,-19.048999,1.6));
#14149 = DIRECTION('',(-0.,0.,-1.));
#14150 = DIRECTION('',(-0.,-1.,0.));
#14151 = FACE_BOUND('',#14152,.T.);
#14152 = EDGE_LOOP('',(#14153));
#14153 = ORIENTED_EDGE('',*,*,#14154,.T.);
#14154 = EDGE_CURVE('',#14155,#14155,#14157,.T.);
#14155 = VERTEX_POINT('',#14156);
#14156 = CARTESIAN_POINT('',(-15.98,-17.008999,1.6));
#14157 = CIRCLE('',#14158,0.5);
#14158 = AXIS2_PLACEMENT_3D('',#14159,#14160,#14161);
#14159 = CARTESIAN_POINT('',(-15.98,-16.508999,1.6));
#14160 = DIRECTION('',(-0.,0.,-1.));
#14161 = DIRECTION('',(-0.,-1.,0.));
#14162 = FACE_BOUND('',#14163,.T.);
#14163 = EDGE_LOOP('',(#14164));
#14164 = ORIENTED_EDGE('',*,*,#14165,.T.);
#14165 = EDGE_CURVE('',#14166,#14166,#14168,.T.);
#14166 = VERTEX_POINT('',#14167);
#14167 = CARTESIAN_POINT('',(-25.06,-10.149999,1.6));
#14168 = CIRCLE('',#14169,0.25);
#14169 = AXIS2_PLACEMENT_3D('',#14170,#14171,#14172);
#14170 = CARTESIAN_POINT('',(-25.06,-9.899999,1.6));
#14171 = DIRECTION('',(-0.,0.,-1.));
#14172 = DIRECTION('',(-0.,-1.,0.));
#14173 = FACE_BOUND('',#14174,.T.);
#14174 = EDGE_LOOP('',(#14175));
#14175 = ORIENTED_EDGE('',*,*,#14176,.T.);
#14176 = EDGE_CURVE('',#14177,#14177,#14179,.T.);
#14177 = VERTEX_POINT('',#14178);
#14178 = CARTESIAN_POINT('',(-23.362944,-9.447055,1.6));
#14179 = CIRCLE('',#14180,0.25);
#14180 = AXIS2_PLACEMENT_3D('',#14181,#14182,#14183);
#14181 = CARTESIAN_POINT('',(-23.362944,-9.197055,1.6));
#14182 = DIRECTION('',(-0.,0.,-1.));
#14183 = DIRECTION('',(-0.,-1.,0.));
#14184 = FACE_BOUND('',#14185,.T.);
#14185 = EDGE_LOOP('',(#14186));
#14186 = ORIENTED_EDGE('',*,*,#14187,.T.);
#14187 = EDGE_CURVE('',#14188,#14188,#14190,.T.);
#14188 = VERTEX_POINT('',#14189);
#14189 = CARTESIAN_POINT('',(-25.06,-9.099999,1.6));
#14190 = CIRCLE('',#14191,1.6);
#14191 = AXIS2_PLACEMENT_3D('',#14192,#14193,#14194);
#14192 = CARTESIAN_POINT('',(-25.06,-7.499999,1.6));
#14193 = DIRECTION('',(-0.,0.,-1.));
#14194 = DIRECTION('',(2.22044604925E-15,-1.,-0.));
#14195 = FACE_BOUND('',#14196,.T.);
#14196 = EDGE_LOOP('',(#14197));
#14197 = ORIENTED_EDGE('',*,*,#14198,.T.);
#14198 = EDGE_CURVE('',#14199,#14199,#14201,.T.);
#14199 = VERTEX_POINT('',#14200);
#14200 = CARTESIAN_POINT('',(-22.66,-7.749999,1.6));
#14201 = CIRCLE('',#14202,0.25);
#14202 = AXIS2_PLACEMENT_3D('',#14203,#14204,#14205);
#14203 = CARTESIAN_POINT('',(-22.66,-7.499999,1.6));
#14204 = DIRECTION('',(-0.,0.,-1.));
#14205 = DIRECTION('',(-0.,-1.,0.));
#14206 = FACE_BOUND('',#14207,.T.);
#14207 = EDGE_LOOP('',(#14208));
#14208 = ORIENTED_EDGE('',*,*,#14209,.T.);
#14209 = EDGE_CURVE('',#14210,#14210,#14212,.T.);
#14210 = VERTEX_POINT('',#14211);
#14211 = CARTESIAN_POINT('',(-25.06,-5.349999,1.6));
#14212 = CIRCLE('',#14213,0.25);
#14213 = AXIS2_PLACEMENT_3D('',#14214,#14215,#14216);
#14214 = CARTESIAN_POINT('',(-25.06,-5.099999,1.6));
#14215 = DIRECTION('',(-0.,0.,-1.));
#14216 = DIRECTION('',(-0.,-1.,0.));
#14217 = FACE_BOUND('',#14218,.T.);
#14218 = EDGE_LOOP('',(#14219));
#14219 = ORIENTED_EDGE('',*,*,#14220,.T.);
#14220 = EDGE_CURVE('',#14221,#14221,#14223,.T.);
#14221 = VERTEX_POINT('',#14222);
#14222 = CARTESIAN_POINT('',(-23.362944,-6.052943,1.6));
#14223 = CIRCLE('',#14224,0.25);
#14224 = AXIS2_PLACEMENT_3D('',#14225,#14226,#14227);
#14225 = CARTESIAN_POINT('',(-23.362944,-5.802943,1.6));
#14226 = DIRECTION('',(-0.,0.,-1.));
#14227 = DIRECTION('',(-0.,-1.,0.));
#14228 = FACE_BOUND('',#14229,.T.);
#14229 = EDGE_LOOP('',(#14230));
#14230 = ORIENTED_EDGE('',*,*,#14231,.T.);
#14231 = EDGE_CURVE('',#14232,#14232,#14234,.T.);
#14232 = VERTEX_POINT('',#14233);
#14233 = CARTESIAN_POINT('',(-3.302944,-43.957055,1.6));
#14234 = CIRCLE('',#14235,0.25);
#14235 = AXIS2_PLACEMENT_3D('',#14236,#14237,#14238);
#14236 = CARTESIAN_POINT('',(-3.302944,-43.707055,1.6));
#14237 = DIRECTION('',(-0.,0.,-1.));
#14238 = DIRECTION('',(-0.,-1.,0.));
#14239 = FACE_BOUND('',#14240,.T.);
#14240 = EDGE_LOOP('',(#14241));
#14241 = ORIENTED_EDGE('',*,*,#14242,.T.);
#14242 = EDGE_CURVE('',#14243,#14243,#14245,.T.);
#14243 = VERTEX_POINT('',#14244);
#14244 = CARTESIAN_POINT('',(-2.6,-42.259999,1.6));
#14245 = CIRCLE('',#14246,0.25);
#14246 = AXIS2_PLACEMENT_3D('',#14247,#14248,#14249);
#14247 = CARTESIAN_POINT('',(-2.6,-42.009999,1.6));
#14248 = DIRECTION('',(-0.,0.,-1.));
#14249 = DIRECTION('',(-0.,-1.,0.));
#14250 = FACE_BOUND('',#14251,.T.);
#14251 = EDGE_LOOP('',(#14252));
#14252 = ORIENTED_EDGE('',*,*,#14253,.T.);
#14253 = EDGE_CURVE('',#14254,#14254,#14256,.T.);
#14254 = VERTEX_POINT('',#14255);
#14255 = CARTESIAN_POINT('',(-3.302944,-40.562943,1.6));
#14256 = CIRCLE('',#14257,0.25);
#14257 = AXIS2_PLACEMENT_3D('',#14258,#14259,#14260);
#14258 = CARTESIAN_POINT('',(-3.302944,-40.312943,1.6));
#14259 = DIRECTION('',(-0.,0.,-1.));
#14260 = DIRECTION('',(-0.,-1.,0.));
#14261 = FACE_BOUND('',#14262,.T.);
#14262 = EDGE_LOOP('',(#14263));
#14263 = ORIENTED_EDGE('',*,*,#14264,.T.);
#14264 = EDGE_CURVE('',#14265,#14265,#14267,.T.);
#14265 = VERTEX_POINT('',#14266);
#14266 = CARTESIAN_POINT('',(15.98,-34.788999,1.6));
#14267 = CIRCLE('',#14268,0.5);
#14268 = AXIS2_PLACEMENT_3D('',#14269,#14270,#14271);
#14269 = CARTESIAN_POINT('',(15.98,-34.288999,1.6));
#14270 = DIRECTION('',(-0.,0.,-1.));
#14271 = DIRECTION('',(-0.,-1.,0.));
#14272 = FACE_BOUND('',#14273,.T.);
#14273 = EDGE_LOOP('',(#14274));
#14274 = ORIENTED_EDGE('',*,*,#14275,.T.);
#14275 = EDGE_CURVE('',#14276,#14276,#14278,.T.);
#14276 = VERTEX_POINT('',#14277);
#14277 = CARTESIAN_POINT('',(15.98,-32.248999,1.6));
#14278 = CIRCLE('',#14279,0.5);
#14279 = AXIS2_PLACEMENT_3D('',#14280,#14281,#14282);
#14280 = CARTESIAN_POINT('',(15.98,-31.748999,1.6));
#14281 = DIRECTION('',(-0.,0.,-1.));
#14282 = DIRECTION('',(-0.,-1.,0.));
#14283 = FACE_BOUND('',#14284,.T.);
#14284 = EDGE_LOOP('',(#14285));
#14285 = ORIENTED_EDGE('',*,*,#14286,.T.);
#14286 = EDGE_CURVE('',#14287,#14287,#14289,.T.);
#14287 = VERTEX_POINT('',#14288);
#14288 = CARTESIAN_POINT('',(15.98,-29.708999,1.6));
#14289 = CIRCLE('',#14290,0.5);
#14290 = AXIS2_PLACEMENT_3D('',#14291,#14292,#14293);
#14291 = CARTESIAN_POINT('',(15.98,-29.208999,1.6));
#14292 = DIRECTION('',(-0.,0.,-1.));
#14293 = DIRECTION('',(-0.,-1.,0.));
#14294 = FACE_BOUND('',#14295,.T.);
#14295 = EDGE_LOOP('',(#14296));
#14296 = ORIENTED_EDGE('',*,*,#14297,.T.);
#14297 = EDGE_CURVE('',#14298,#14298,#14300,.T.);
#14298 = VERTEX_POINT('',#14299);
#14299 = CARTESIAN_POINT('',(15.98,-27.168999,1.6));
#14300 = CIRCLE('',#14301,0.5);
#14301 = AXIS2_PLACEMENT_3D('',#14302,#14303,#14304);
#14302 = CARTESIAN_POINT('',(15.98,-26.668999,1.6));
#14303 = DIRECTION('',(-0.,0.,-1.));
#14304 = DIRECTION('',(-0.,-1.,0.));
#14305 = FACE_BOUND('',#14306,.T.);
#14306 = EDGE_LOOP('',(#14307));
#14307 = ORIENTED_EDGE('',*,*,#14308,.T.);
#14308 = EDGE_CURVE('',#14309,#14309,#14311,.T.);
#14309 = VERTEX_POINT('',#14310);
#14310 = CARTESIAN_POINT('',(23.05,-32.649999,1.6));
#14311 = CIRCLE('',#14312,0.25);
#14312 = AXIS2_PLACEMENT_3D('',#14313,#14314,#14315);
#14313 = CARTESIAN_POINT('',(23.05,-32.399999,1.6));
#14314 = DIRECTION('',(-0.,0.,-1.));
#14315 = DIRECTION('',(-0.,-1.,0.));
#14316 = FACE_BOUND('',#14317,.T.);
#14317 = EDGE_LOOP('',(#14318));
#14318 = ORIENTED_EDGE('',*,*,#14319,.T.);
#14319 = EDGE_CURVE('',#14320,#14320,#14322,.T.);
#14320 = VERTEX_POINT('',#14321);
#14321 = CARTESIAN_POINT('',(20.65,-30.249999,1.6));
#14322 = CIRCLE('',#14323,0.25);
#14323 = AXIS2_PLACEMENT_3D('',#14324,#14325,#14326);
#14324 = CARTESIAN_POINT('',(20.65,-29.999999,1.6));
#14325 = DIRECTION('',(-0.,0.,-1.));
#14326 = DIRECTION('',(-0.,-1.,0.));
#14327 = FACE_BOUND('',#14328,.T.);
#14328 = EDGE_LOOP('',(#14329));
#14329 = ORIENTED_EDGE('',*,*,#14330,.T.);
#14330 = EDGE_CURVE('',#14331,#14331,#14333,.T.);
#14331 = VERTEX_POINT('',#14332);
#14332 = CARTESIAN_POINT('',(21.352944,-31.947055,1.6));
#14333 = CIRCLE('',#14334,0.25);
#14334 = AXIS2_PLACEMENT_3D('',#14335,#14336,#14337);
#14335 = CARTESIAN_POINT('',(21.352944,-31.697055,1.6));
#14336 = DIRECTION('',(-0.,0.,-1.));
#14337 = DIRECTION('',(-0.,-1.,0.));
#14338 = FACE_BOUND('',#14339,.T.);
#14339 = EDGE_LOOP('',(#14340));
#14340 = ORIENTED_EDGE('',*,*,#14341,.T.);
#14341 = EDGE_CURVE('',#14342,#14342,#14344,.T.);
#14342 = VERTEX_POINT('',#14343);
#14343 = CARTESIAN_POINT('',(23.05,-31.599999,1.6));
#14344 = CIRCLE('',#14345,1.6);
#14345 = AXIS2_PLACEMENT_3D('',#14346,#14347,#14348);
#14346 = CARTESIAN_POINT('',(23.05,-29.999999,1.6));
#14347 = DIRECTION('',(-0.,0.,-1.));
#14348 = DIRECTION('',(2.22044604925E-15,-1.,-0.));
#14349 = FACE_BOUND('',#14350,.T.);
#14350 = EDGE_LOOP('',(#14351));
#14351 = ORIENTED_EDGE('',*,*,#14352,.T.);
#14352 = EDGE_CURVE('',#14353,#14353,#14355,.T.);
#14353 = VERTEX_POINT('',#14354);
#14354 = CARTESIAN_POINT('',(21.352944,-28.552943,1.6));
#14355 = CIRCLE('',#14356,0.25);
#14356 = AXIS2_PLACEMENT_3D('',#14357,#14358,#14359);
#14357 = CARTESIAN_POINT('',(21.352944,-28.302943,1.6));
#14358 = DIRECTION('',(-0.,0.,-1.));
#14359 = DIRECTION('',(-0.,-1.,0.));
#14360 = FACE_BOUND('',#14361,.T.);
#14361 = EDGE_LOOP('',(#14362));
#14362 = ORIENTED_EDGE('',*,*,#14363,.T.);
#14363 = EDGE_CURVE('',#14364,#14364,#14366,.T.);
#14364 = VERTEX_POINT('',#14365);
#14365 = CARTESIAN_POINT('',(23.05,-27.849999,1.6));
#14366 = CIRCLE('',#14367,0.25);
#14367 = AXIS2_PLACEMENT_3D('',#14368,#14369,#14370);
#14368 = CARTESIAN_POINT('',(23.05,-27.599999,1.6));
#14369 = DIRECTION('',(-0.,0.,-1.));
#14370 = DIRECTION('',(-0.,-1.,0.));
#14371 = FACE_BOUND('',#14372,.T.);
#14372 = EDGE_LOOP('',(#14373));
#14373 = ORIENTED_EDGE('',*,*,#14374,.T.);
#14374 = EDGE_CURVE('',#14375,#14375,#14377,.T.);
#14375 = VERTEX_POINT('',#14376);
#14376 = CARTESIAN_POINT('',(24.747056,-31.947055,1.6));
#14377 = CIRCLE('',#14378,0.25);
#14378 = AXIS2_PLACEMENT_3D('',#14379,#14380,#14381);
#14379 = CARTESIAN_POINT('',(24.747056,-31.697055,1.6));
#14380 = DIRECTION('',(-0.,0.,-1.));
#14381 = DIRECTION('',(-0.,-1.,0.));
#14382 = FACE_BOUND('',#14383,.T.);
#14383 = EDGE_LOOP('',(#14384));
#14384 = ORIENTED_EDGE('',*,*,#14385,.T.);
#14385 = EDGE_CURVE('',#14386,#14386,#14388,.T.);
#14386 = VERTEX_POINT('',#14387);
#14387 = CARTESIAN_POINT('',(25.45,-30.249999,1.6));
#14388 = CIRCLE('',#14389,0.25);
#14389 = AXIS2_PLACEMENT_3D('',#14390,#14391,#14392);
#14390 = CARTESIAN_POINT('',(25.45,-29.999999,1.6));
#14391 = DIRECTION('',(-0.,0.,-1.));
#14392 = DIRECTION('',(-0.,-1.,0.));
#14393 = FACE_BOUND('',#14394,.T.);
#14394 = EDGE_LOOP('',(#14395));
#14395 = ORIENTED_EDGE('',*,*,#14396,.T.);
#14396 = EDGE_CURVE('',#14397,#14397,#14399,.T.);
#14397 = VERTEX_POINT('',#14398);
#14398 = CARTESIAN_POINT('',(24.747056,-28.552943,1.6));
#14399 = CIRCLE('',#14400,0.25);
#14400 = AXIS2_PLACEMENT_3D('',#14401,#14402,#14403);
#14401 = CARTESIAN_POINT('',(24.747056,-28.302943,1.6));
#14402 = DIRECTION('',(-0.,0.,-1.));
#14403 = DIRECTION('',(-0.,-1.,0.));
#14404 = FACE_BOUND('',#14405,.T.);
#14405 = EDGE_LOOP('',(#14406));
#14406 = ORIENTED_EDGE('',*,*,#14407,.T.);
#14407 = EDGE_CURVE('',#14408,#14408,#14410,.T.);
#14408 = VERTEX_POINT('',#14409);
#14409 = CARTESIAN_POINT('',(15.98,-24.628999,1.6));
#14410 = CIRCLE('',#14411,0.5);
#14411 = AXIS2_PLACEMENT_3D('',#14412,#14413,#14414);
#14412 = CARTESIAN_POINT('',(15.98,-24.128999,1.6));
#14413 = DIRECTION('',(-0.,0.,-1.));
#14414 = DIRECTION('',(-0.,-1.,0.));
#14415 = FACE_BOUND('',#14416,.T.);
#14416 = EDGE_LOOP('',(#14417));
#14417 = ORIENTED_EDGE('',*,*,#14418,.T.);
#14418 = EDGE_CURVE('',#14419,#14419,#14421,.T.);
#14419 = VERTEX_POINT('',#14420);
#14420 = CARTESIAN_POINT('',(15.98,-22.088999,1.6));
#14421 = CIRCLE('',#14422,0.5);
#14422 = AXIS2_PLACEMENT_3D('',#14423,#14424,#14425);
#14423 = CARTESIAN_POINT('',(15.98,-21.588999,1.6));
#14424 = DIRECTION('',(-0.,0.,-1.));
#14425 = DIRECTION('',(-0.,-1.,0.));
#14426 = FACE_BOUND('',#14427,.T.);
#14427 = EDGE_LOOP('',(#14428));
#14428 = ORIENTED_EDGE('',*,*,#14429,.T.);
#14429 = EDGE_CURVE('',#14430,#14430,#14432,.T.);
#14430 = VERTEX_POINT('',#14431);
#14431 = CARTESIAN_POINT('',(15.98,-19.548999,1.6));
#14432 = CIRCLE('',#14433,0.5);
#14433 = AXIS2_PLACEMENT_3D('',#14434,#14435,#14436);
#14434 = CARTESIAN_POINT('',(15.98,-19.048999,1.6));
#14435 = DIRECTION('',(-0.,0.,-1.));
#14436 = DIRECTION('',(-0.,-1.,0.));
#14437 = FACE_BOUND('',#14438,.T.);
#14438 = EDGE_LOOP('',(#14439));
#14439 = ORIENTED_EDGE('',*,*,#14440,.T.);
#14440 = EDGE_CURVE('',#14441,#14441,#14443,.T.);
#14441 = VERTEX_POINT('',#14442);
#14442 = CARTESIAN_POINT('',(15.98,-17.008999,1.6));
#14443 = CIRCLE('',#14444,0.5);
#14444 = AXIS2_PLACEMENT_3D('',#14445,#14446,#14447);
#14445 = CARTESIAN_POINT('',(15.98,-16.508999,1.6));
#14446 = DIRECTION('',(-0.,0.,-1.));
#14447 = DIRECTION('',(-0.,-1.,0.));
#14448 = FACE_BOUND('',#14449,.T.);
#14449 = EDGE_LOOP('',(#14450));
#14450 = ORIENTED_EDGE('',*,*,#14451,.T.);
#14451 = EDGE_CURVE('',#14452,#14452,#14454,.T.);
#14452 = VERTEX_POINT('',#14453);
#14453 = CARTESIAN_POINT('',(23.362944,-9.447055,1.6));
#14454 = CIRCLE('',#14455,0.25);
#14455 = AXIS2_PLACEMENT_3D('',#14456,#14457,#14458);
#14456 = CARTESIAN_POINT('',(23.362944,-9.197055,1.6));
#14457 = DIRECTION('',(-0.,0.,-1.));
#14458 = DIRECTION('',(-0.,-1.,0.));
#14459 = FACE_BOUND('',#14460,.T.);
#14460 = EDGE_LOOP('',(#14461));
#14461 = ORIENTED_EDGE('',*,*,#14462,.T.);
#14462 = EDGE_CURVE('',#14463,#14463,#14465,.T.);
#14463 = VERTEX_POINT('',#14464);
#14464 = CARTESIAN_POINT('',(22.66,-7.749999,1.6));
#14465 = CIRCLE('',#14466,0.25);
#14466 = AXIS2_PLACEMENT_3D('',#14467,#14468,#14469);
#14467 = CARTESIAN_POINT('',(22.66,-7.499999,1.6));
#14468 = DIRECTION('',(-0.,0.,-1.));
#14469 = DIRECTION('',(-0.,-1.,0.));
#14470 = FACE_BOUND('',#14471,.T.);
#14471 = EDGE_LOOP('',(#14472));
#14472 = ORIENTED_EDGE('',*,*,#14473,.T.);
#14473 = EDGE_CURVE('',#14474,#14474,#14476,.T.);
#14474 = VERTEX_POINT('',#14475);
#14475 = CARTESIAN_POINT('',(25.06,-10.149999,1.6));
#14476 = CIRCLE('',#14477,0.25);
#14477 = AXIS2_PLACEMENT_3D('',#14478,#14479,#14480);
#14478 = CARTESIAN_POINT('',(25.06,-9.899999,1.6));
#14479 = DIRECTION('',(-0.,0.,-1.));
#14480 = DIRECTION('',(-0.,-1.,0.));
#14481 = FACE_BOUND('',#14482,.T.);
#14482 = EDGE_LOOP('',(#14483));
#14483 = ORIENTED_EDGE('',*,*,#14484,.T.);
#14484 = EDGE_CURVE('',#14485,#14485,#14487,.T.);
#14485 = VERTEX_POINT('',#14486);
#14486 = CARTESIAN_POINT('',(25.06,-9.099999,1.6));
#14487 = CIRCLE('',#14488,1.6);
#14488 = AXIS2_PLACEMENT_3D('',#14489,#14490,#14491);
#14489 = CARTESIAN_POINT('',(25.06,-7.499999,1.6));
#14490 = DIRECTION('',(-0.,0.,-1.));
#14491 = DIRECTION('',(-2.22044604925E-15,-1.,0.));
#14492 = FACE_BOUND('',#14493,.T.);
#14493 = EDGE_LOOP('',(#14494));
#14494 = ORIENTED_EDGE('',*,*,#14495,.T.);
#14495 = EDGE_CURVE('',#14496,#14496,#14498,.T.);
#14496 = VERTEX_POINT('',#14497);
#14497 = CARTESIAN_POINT('',(26.757056,-9.447055,1.6));
#14498 = CIRCLE('',#14499,0.25);
#14499 = AXIS2_PLACEMENT_3D('',#14500,#14501,#14502);
#14500 = CARTESIAN_POINT('',(26.757056,-9.197055,1.6));
#14501 = DIRECTION('',(-0.,0.,-1.));
#14502 = DIRECTION('',(-0.,-1.,0.));
#14503 = FACE_BOUND('',#14504,.T.);
#14504 = EDGE_LOOP('',(#14505));
#14505 = ORIENTED_EDGE('',*,*,#14506,.T.);
#14506 = EDGE_CURVE('',#14507,#14507,#14509,.T.);
#14507 = VERTEX_POINT('',#14508);
#14508 = CARTESIAN_POINT('',(27.46,-7.749999,1.6));
#14509 = CIRCLE('',#14510,0.25);
#14510 = AXIS2_PLACEMENT_3D('',#14511,#14512,#14513);
#14511 = CARTESIAN_POINT('',(27.46,-7.499999,1.6));
#14512 = DIRECTION('',(-0.,0.,-1.));
#14513 = DIRECTION('',(-0.,-1.,0.));
#14514 = FACE_BOUND('',#14515,.T.);
#14515 = EDGE_LOOP('',(#14516));
#14516 = ORIENTED_EDGE('',*,*,#14517,.T.);
#14517 = EDGE_CURVE('',#14518,#14518,#14520,.T.);
#14518 = VERTEX_POINT('',#14519);
#14519 = CARTESIAN_POINT('',(23.362944,-6.052943,1.6));
#14520 = CIRCLE('',#14521,0.25);
#14521 = AXIS2_PLACEMENT_3D('',#14522,#14523,#14524);
#14522 = CARTESIAN_POINT('',(23.362944,-5.802943,1.6));
#14523 = DIRECTION('',(-0.,0.,-1.));
#14524 = DIRECTION('',(-0.,-1.,0.));
#14525 = FACE_BOUND('',#14526,.T.);
#14526 = EDGE_LOOP('',(#14527));
#14527 = ORIENTED_EDGE('',*,*,#14528,.T.);
#14528 = EDGE_CURVE('',#14529,#14529,#14531,.T.);
#14529 = VERTEX_POINT('',#14530);
#14530 = CARTESIAN_POINT('',(25.06,-5.349999,1.6));
#14531 = CIRCLE('',#14532,0.25);
#14532 = AXIS2_PLACEMENT_3D('',#14533,#14534,#14535);
#14533 = CARTESIAN_POINT('',(25.06,-5.099999,1.6));
#14534 = DIRECTION('',(-0.,0.,-1.));
#14535 = DIRECTION('',(-0.,-1.,0.));
#14536 = FACE_BOUND('',#14537,.T.);
#14537 = EDGE_LOOP('',(#14538));
#14538 = ORIENTED_EDGE('',*,*,#14539,.T.);
#14539 = EDGE_CURVE('',#14540,#14540,#14542,.T.);
#14540 = VERTEX_POINT('',#14541);
#14541 = CARTESIAN_POINT('',(26.757056,-6.052943,1.6));
#14542 = CIRCLE('',#14543,0.25);
#14543 = AXIS2_PLACEMENT_3D('',#14544,#14545,#14546);
#14544 = CARTESIAN_POINT('',(26.757056,-5.802943,1.6));
#14545 = DIRECTION('',(-0.,0.,-1.));
#14546 = DIRECTION('',(-0.,-1.,0.));
#14547 = FACE_BOUND('',#14548,.T.);
#14548 = EDGE_LOOP('',(#14549));
#14549 = ORIENTED_EDGE('',*,*,#14550,.T.);
#14550 = EDGE_CURVE('',#14551,#14551,#14553,.T.);
#14551 = VERTEX_POINT('',#14552);
#14552 = CARTESIAN_POINT('',(34.25,-6.849999,1.6));
#14553 = CIRCLE('',#14554,0.5);
#14554 = AXIS2_PLACEMENT_3D('',#14555,#14556,#14557);
#14555 = CARTESIAN_POINT('',(34.25,-6.349999,1.6));
#14556 = DIRECTION('',(-0.,0.,-1.));
#14557 = DIRECTION('',(-0.,-1.,0.));
#14558 = FACE_BOUND('',#14559,.T.);
#14559 = EDGE_LOOP('',(#14560));
#14560 = ORIENTED_EDGE('',*,*,#14561,.T.);
#14561 = EDGE_CURVE('',#14562,#14562,#14564,.T.);
#14562 = VERTEX_POINT('',#14563);
#14563 = CARTESIAN_POINT('',(34.25,-4.309999,1.6));
#14564 = CIRCLE('',#14565,0.5);
#14565 = AXIS2_PLACEMENT_3D('',#14566,#14567,#14568);
#14566 = CARTESIAN_POINT('',(34.25,-3.809999,1.6));
#14567 = DIRECTION('',(-0.,0.,-1.));
#14568 = DIRECTION('',(-0.,-1.,0.));
#14569 = FACE_BOUND('',#14570,.T.);
#14570 = EDGE_LOOP('',(#14571));
#14571 = ORIENTED_EDGE('',*,*,#14572,.T.);
#14572 = EDGE_CURVE('',#14573,#14573,#14575,.T.);
#14573 = VERTEX_POINT('',#14574);
#14574 = CARTESIAN_POINT('',(34.25,-1.769999,1.6));
#14575 = CIRCLE('',#14576,0.5);
#14576 = AXIS2_PLACEMENT_3D('',#14577,#14578,#14579);
#14577 = CARTESIAN_POINT('',(34.25,-1.269999,1.6));
#14578 = DIRECTION('',(-0.,0.,-1.));
#14579 = DIRECTION('',(-0.,-1.,0.));
#14580 = FACE_BOUND('',#14581,.T.);
#14581 = EDGE_LOOP('',(#14582));
#14582 = ORIENTED_EDGE('',*,*,#14583,.T.);
#14583 = EDGE_CURVE('',#14584,#14584,#14586,.T.);
#14584 = VERTEX_POINT('',#14585);
#14585 = CARTESIAN_POINT('',(-34.25,0.770001,1.6));
#14586 = CIRCLE('',#14587,0.5);
#14587 = AXIS2_PLACEMENT_3D('',#14588,#14589,#14590);
#14588 = CARTESIAN_POINT('',(-34.25,1.270001,1.6));
#14589 = DIRECTION('',(-0.,0.,-1.));
#14590 = DIRECTION('',(-0.,-1.,0.));
#14591 = FACE_BOUND('',#14592,.T.);
#14592 = EDGE_LOOP('',(#14593));
#14593 = ORIENTED_EDGE('',*,*,#14594,.T.);
#14594 = EDGE_CURVE('',#14595,#14595,#14597,.T.);
#14595 = VERTEX_POINT('',#14596);
#14596 = CARTESIAN_POINT('',(-34.25,3.310001,1.6));
#14597 = CIRCLE('',#14598,0.5);
#14598 = AXIS2_PLACEMENT_3D('',#14599,#14600,#14601);
#14599 = CARTESIAN_POINT('',(-34.25,3.810001,1.6));
#14600 = DIRECTION('',(-0.,0.,-1.));
#14601 = DIRECTION('',(-0.,-1.,0.));
#14602 = FACE_BOUND('',#14603,.T.);
#14603 = EDGE_LOOP('',(#14604));
#14604 = ORIENTED_EDGE('',*,*,#14605,.T.);
#14605 = EDGE_CURVE('',#14606,#14606,#14608,.T.);
#14606 = VERTEX_POINT('',#14607);
#14607 = CARTESIAN_POINT('',(-34.25,5.850001,1.6));
#14608 = CIRCLE('',#14609,0.5);
#14609 = AXIS2_PLACEMENT_3D('',#14610,#14611,#14612);
#14610 = CARTESIAN_POINT('',(-34.25,6.350001,1.6));
#14611 = DIRECTION('',(-0.,0.,-1.));
#14612 = DIRECTION('',(-0.,-1.,0.));
#14613 = FACE_BOUND('',#14614,.T.);
#14614 = EDGE_LOOP('',(#14615));
#14615 = ORIENTED_EDGE('',*,*,#14616,.T.);
#14616 = EDGE_CURVE('',#14617,#14617,#14619,.T.);
#14617 = VERTEX_POINT('',#14618);
#14618 = CARTESIAN_POINT('',(-26.757056,5.552945,1.6));
#14619 = CIRCLE('',#14620,0.25);
#14620 = AXIS2_PLACEMENT_3D('',#14621,#14622,#14623);
#14621 = CARTESIAN_POINT('',(-26.757056,5.802945,1.6));
#14622 = DIRECTION('',(-0.,0.,-1.));
#14623 = DIRECTION('',(-0.,-1.,0.));
#14624 = FACE_BOUND('',#14625,.T.);
#14625 = EDGE_LOOP('',(#14626));
#14626 = ORIENTED_EDGE('',*,*,#14627,.T.);
#14627 = EDGE_CURVE('',#14628,#14628,#14630,.T.);
#14628 = VERTEX_POINT('',#14629);
#14629 = CARTESIAN_POINT('',(-27.46,7.250001,1.6));
#14630 = CIRCLE('',#14631,0.25);
#14631 = AXIS2_PLACEMENT_3D('',#14632,#14633,#14634);
#14632 = CARTESIAN_POINT('',(-27.46,7.500001,1.6));
#14633 = DIRECTION('',(-0.,0.,-1.));
#14634 = DIRECTION('',(-0.,-1.,0.));
#14635 = FACE_BOUND('',#14636,.T.);
#14636 = EDGE_LOOP('',(#14637));
#14637 = ORIENTED_EDGE('',*,*,#14638,.T.);
#14638 = EDGE_CURVE('',#14639,#14639,#14641,.T.);
#14639 = VERTEX_POINT('',#14640);
#14640 = CARTESIAN_POINT('',(-26.757056,8.947057,1.6));
#14641 = CIRCLE('',#14642,0.25);
#14642 = AXIS2_PLACEMENT_3D('',#14643,#14644,#14645);
#14643 = CARTESIAN_POINT('',(-26.757056,9.197057,1.6));
#14644 = DIRECTION('',(-0.,0.,-1.));
#14645 = DIRECTION('',(-0.,-1.,0.));
#14646 = FACE_BOUND('',#14647,.T.);
#14647 = EDGE_LOOP('',(#14648));
#14648 = ORIENTED_EDGE('',*,*,#14649,.T.);
#14649 = EDGE_CURVE('',#14650,#14650,#14652,.T.);
#14650 = VERTEX_POINT('',#14651);
#14651 = CARTESIAN_POINT('',(-47.5565,13.263401,1.6));
#14652 = CIRCLE('',#14653,0.425);
#14653 = AXIS2_PLACEMENT_3D('',#14654,#14655,#14656);
#14654 = CARTESIAN_POINT('',(-47.5565,13.688401,1.6));
#14655 = DIRECTION('',(-0.,0.,-1.));
#14656 = DIRECTION('',(-0.,-1.,0.));
#14657 = FACE_BOUND('',#14658,.T.);
#14658 = EDGE_LOOP('',(#14659));
#14659 = ORIENTED_EDGE('',*,*,#14660,.T.);
#14660 = EDGE_CURVE('',#14661,#14661,#14663,.T.);
#14661 = VERTEX_POINT('',#14662);
#14662 = CARTESIAN_POINT('',(-45.0165,13.263401,1.6));
#14663 = CIRCLE('',#14664,0.425);
#14664 = AXIS2_PLACEMENT_3D('',#14665,#14666,#14667);
#14665 = CARTESIAN_POINT('',(-45.0165,13.688401,1.6));
#14666 = DIRECTION('',(-0.,0.,-1.));
#14667 = DIRECTION('',(-0.,-1.,0.));
#14668 = FACE_BOUND('',#14669,.T.);
#14669 = EDGE_LOOP('',(#14670));
#14670 = ORIENTED_EDGE('',*,*,#14671,.T.);
#14671 = EDGE_CURVE('',#14672,#14672,#14674,.T.);
#14672 = VERTEX_POINT('',#14673);
#14673 = CARTESIAN_POINT('',(-42.4765,13.263401,1.6));
#14674 = CIRCLE('',#14675,0.425);
#14675 = AXIS2_PLACEMENT_3D('',#14676,#14677,#14678);
#14676 = CARTESIAN_POINT('',(-42.4765,13.688401,1.6));
#14677 = DIRECTION('',(-0.,0.,-1.));
#14678 = DIRECTION('',(-0.,-1.,0.));
#14679 = FACE_BOUND('',#14680,.T.);
#14680 = EDGE_LOOP('',(#14681));
#14681 = ORIENTED_EDGE('',*,*,#14682,.T.);
#14682 = EDGE_CURVE('',#14683,#14683,#14685,.T.);
#14683 = VERTEX_POINT('',#14684);
#14684 = CARTESIAN_POINT('',(-39.9365,13.263401,1.6));
#14685 = CIRCLE('',#14686,0.425);
#14686 = AXIS2_PLACEMENT_3D('',#14687,#14688,#14689);
#14687 = CARTESIAN_POINT('',(-39.9365,13.688401,1.6));
#14688 = DIRECTION('',(-0.,0.,-1.));
#14689 = DIRECTION('',(-1.671865260612E-14,-1.,0.));
#14690 = FACE_BOUND('',#14691,.T.);
#14691 = EDGE_LOOP('',(#14692));
#14692 = ORIENTED_EDGE('',*,*,#14693,.T.);
#14693 = EDGE_CURVE('',#14694,#14694,#14696,.T.);
#14694 = VERTEX_POINT('',#14695);
#14695 = CARTESIAN_POINT('',(-37.3965,13.263401,1.6));
#14696 = CIRCLE('',#14697,0.425);
#14697 = AXIS2_PLACEMENT_3D('',#14698,#14699,#14700);
#14698 = CARTESIAN_POINT('',(-37.3965,13.688401,1.6));
#14699 = DIRECTION('',(-0.,0.,-1.));
#14700 = DIRECTION('',(-0.,-1.,0.));
#14701 = FACE_BOUND('',#14702,.T.);
#14702 = EDGE_LOOP('',(#14703));
#14703 = ORIENTED_EDGE('',*,*,#14704,.T.);
#14704 = EDGE_CURVE('',#14705,#14705,#14707,.T.);
#14705 = VERTEX_POINT('',#14706);
#14706 = CARTESIAN_POINT('',(-34.8565,13.263401,1.6));
#14707 = CIRCLE('',#14708,0.425);
#14708 = AXIS2_PLACEMENT_3D('',#14709,#14710,#14711);
#14709 = CARTESIAN_POINT('',(-34.8565,13.688401,1.6));
#14710 = DIRECTION('',(-0.,0.,-1.));
#14711 = DIRECTION('',(-0.,-1.,0.));
#14712 = FACE_BOUND('',#14713,.T.);
#14713 = EDGE_LOOP('',(#14714));
#14714 = ORIENTED_EDGE('',*,*,#14715,.T.);
#14715 = EDGE_CURVE('',#14716,#14716,#14718,.T.);
#14716 = VERTEX_POINT('',#14717);
#14717 = CARTESIAN_POINT('',(-32.3165,13.263401,1.6));
#14718 = CIRCLE('',#14719,0.425);
#14719 = AXIS2_PLACEMENT_3D('',#14720,#14721,#14722);
#14720 = CARTESIAN_POINT('',(-32.3165,13.688401,1.6));
#14721 = DIRECTION('',(-0.,0.,-1.));
#14722 = DIRECTION('',(1.671865260612E-14,-1.,-0.));
#14723 = FACE_BOUND('',#14724,.T.);
#14724 = EDGE_LOOP('',(#14725));
#14725 = ORIENTED_EDGE('',*,*,#14726,.T.);
#14726 = EDGE_CURVE('',#14727,#14727,#14729,.T.);
#14727 = VERTEX_POINT('',#14728);
#14728 = CARTESIAN_POINT('',(-25.06,4.850001,1.6));
#14729 = CIRCLE('',#14730,0.25);
#14730 = AXIS2_PLACEMENT_3D('',#14731,#14732,#14733);
#14731 = CARTESIAN_POINT('',(-25.06,5.100001,1.6));
#14732 = DIRECTION('',(-0.,0.,-1.));
#14733 = DIRECTION('',(-0.,-1.,0.));
#14734 = FACE_BOUND('',#14735,.T.);
#14735 = EDGE_LOOP('',(#14736));
#14736 = ORIENTED_EDGE('',*,*,#14737,.T.);
#14737 = EDGE_CURVE('',#14738,#14738,#14740,.T.);
#14738 = VERTEX_POINT('',#14739);
#14739 = CARTESIAN_POINT('',(-23.362944,5.552945,1.6));
#14740 = CIRCLE('',#14741,0.25);
#14741 = AXIS2_PLACEMENT_3D('',#14742,#14743,#14744);
#14742 = CARTESIAN_POINT('',(-23.362944,5.802945,1.6));
#14743 = DIRECTION('',(-0.,0.,-1.));
#14744 = DIRECTION('',(-0.,-1.,0.));
#14745 = FACE_BOUND('',#14746,.T.);
#14746 = EDGE_LOOP('',(#14747));
#14747 = ORIENTED_EDGE('',*,*,#14748,.T.);
#14748 = EDGE_CURVE('',#14749,#14749,#14751,.T.);
#14749 = VERTEX_POINT('',#14750);
#14750 = CARTESIAN_POINT('',(-25.06,5.900001,1.6));
#14751 = CIRCLE('',#14752,1.6);
#14752 = AXIS2_PLACEMENT_3D('',#14753,#14754,#14755);
#14753 = CARTESIAN_POINT('',(-25.06,7.500001,1.6));
#14754 = DIRECTION('',(-0.,0.,-1.));
#14755 = DIRECTION('',(2.22044604925E-15,-1.,-0.));
#14756 = FACE_BOUND('',#14757,.T.);
#14757 = EDGE_LOOP('',(#14758));
#14758 = ORIENTED_EDGE('',*,*,#14759,.T.);
#14759 = EDGE_CURVE('',#14760,#14760,#14762,.T.);
#14760 = VERTEX_POINT('',#14761);
#14761 = CARTESIAN_POINT('',(-23.362944,8.947057,1.6));
#14762 = CIRCLE('',#14763,0.25);
#14763 = AXIS2_PLACEMENT_3D('',#14764,#14765,#14766);
#14764 = CARTESIAN_POINT('',(-23.362944,9.197057,1.6));
#14765 = DIRECTION('',(-0.,0.,-1.));
#14766 = DIRECTION('',(-0.,-1.,0.));
#14767 = FACE_BOUND('',#14768,.T.);
#14768 = EDGE_LOOP('',(#14769));
#14769 = ORIENTED_EDGE('',*,*,#14770,.T.);
#14770 = EDGE_CURVE('',#14771,#14771,#14773,.T.);
#14771 = VERTEX_POINT('',#14772);
#14772 = CARTESIAN_POINT('',(-22.66,7.250001,1.6));
#14773 = CIRCLE('',#14774,0.25);
#14774 = AXIS2_PLACEMENT_3D('',#14775,#14776,#14777);
#14775 = CARTESIAN_POINT('',(-22.66,7.500001,1.6));
#14776 = DIRECTION('',(-0.,0.,-1.));
#14777 = DIRECTION('',(-0.,-1.,0.));
#14778 = FACE_BOUND('',#14779,.T.);
#14779 = EDGE_LOOP('',(#14780));
#14780 = ORIENTED_EDGE('',*,*,#14781,.T.);
#14781 = EDGE_CURVE('',#14782,#14782,#14784,.T.);
#14782 = VERTEX_POINT('',#14783);
#14783 = CARTESIAN_POINT('',(-25.06,9.650001,1.6));
#14784 = CIRCLE('',#14785,0.25);
#14785 = AXIS2_PLACEMENT_3D('',#14786,#14787,#14788);
#14786 = CARTESIAN_POINT('',(-25.06,9.900001,1.6));
#14787 = DIRECTION('',(-0.,0.,-1.));
#14788 = DIRECTION('',(-0.,-1.,0.));
#14789 = FACE_BOUND('',#14790,.T.);
#14790 = EDGE_LOOP('',(#14791));
#14791 = ORIENTED_EDGE('',*,*,#14792,.T.);
#14792 = EDGE_CURVE('',#14793,#14793,#14795,.T.);
#14793 = VERTEX_POINT('',#14794);
#14794 = CARTESIAN_POINT('',(-14.478,3.239001,1.6));
#14795 = CIRCLE('',#14796,1.85);
#14796 = AXIS2_PLACEMENT_3D('',#14797,#14798,#14799);
#14797 = CARTESIAN_POINT('',(-14.478,5.089001,1.6));
#14798 = DIRECTION('',(-0.,0.,-1.));
#14799 = DIRECTION('',(-0.,-1.,0.));
#14800 = FACE_BOUND('',#14801,.T.);
#14801 = EDGE_LOOP('',(#14802));
#14802 = ORIENTED_EDGE('',*,*,#14803,.T.);
#14803 = EDGE_CURVE('',#14804,#14804,#14806,.T.);
#14804 = VERTEX_POINT('',#14805);
#14805 = CARTESIAN_POINT('',(-10.1722,11.168401,1.6));
#14806 = CIRCLE('',#14807,1.25);
#14807 = AXIS2_PLACEMENT_3D('',#14808,#14809,#14810);
#14808 = CARTESIAN_POINT('',(-10.1722,12.418401,1.6));
#14809 = DIRECTION('',(-0.,0.,-1.));
#14810 = DIRECTION('',(-0.,-1.,0.));
#14811 = FACE_BOUND('',#14812,.T.);
#14812 = EDGE_LOOP('',(#14813));
#14813 = ORIENTED_EDGE('',*,*,#14814,.T.);
#14814 = EDGE_CURVE('',#14815,#14815,#14817,.T.);
#14815 = VERTEX_POINT('',#14816);
#14816 = CARTESIAN_POINT('',(-6.3622,11.918401,1.6));
#14817 = CIRCLE('',#14818,0.5);
#14818 = AXIS2_PLACEMENT_3D('',#14819,#14820,#14821);
#14819 = CARTESIAN_POINT('',(-6.3622,12.418401,1.6));
#14820 = DIRECTION('',(-0.,0.,-1.));
#14821 = DIRECTION('',(-0.,-1.,0.));
#14822 = FACE_BOUND('',#14823,.T.);
#14823 = EDGE_LOOP('',(#14824));
#14824 = ORIENTED_EDGE('',*,*,#14825,.T.);
#14825 = EDGE_CURVE('',#14826,#14826,#14828,.T.);
#14826 = VERTEX_POINT('',#14827);
#14827 = CARTESIAN_POINT('',(-3.8222,11.918401,1.6));
#14828 = CIRCLE('',#14829,0.5);
#14829 = AXIS2_PLACEMENT_3D('',#14830,#14831,#14832);
#14830 = CARTESIAN_POINT('',(-3.8222,12.418401,1.6));
#14831 = DIRECTION('',(-0.,0.,-1.));
#14832 = DIRECTION('',(-8.881784197001E-16,-1.,0.));
#14833 = FACE_BOUND('',#14834,.T.);
#14834 = EDGE_LOOP('',(#14835));
#14835 = ORIENTED_EDGE('',*,*,#14836,.T.);
#14836 = EDGE_CURVE('',#14837,#14837,#14839,.T.);
#14837 = VERTEX_POINT('',#14838);
#14838 = CARTESIAN_POINT('',(-47.5565,28.503401,1.6));
#14839 = CIRCLE('',#14840,0.425);
#14840 = AXIS2_PLACEMENT_3D('',#14841,#14842,#14843);
#14841 = CARTESIAN_POINT('',(-47.5565,28.928401,1.6));
#14842 = DIRECTION('',(-0.,0.,-1.));
#14843 = DIRECTION('',(-0.,-1.,0.));
#14844 = FACE_BOUND('',#14845,.T.);
#14845 = EDGE_LOOP('',(#14846));
#14846 = ORIENTED_EDGE('',*,*,#14847,.T.);
#14847 = EDGE_CURVE('',#14848,#14848,#14850,.T.);
#14848 = VERTEX_POINT('',#14849);
#14849 = CARTESIAN_POINT('',(-45.0165,28.503401,1.6));
#14850 = CIRCLE('',#14851,0.425);
#14851 = AXIS2_PLACEMENT_3D('',#14852,#14853,#14854);
#14852 = CARTESIAN_POINT('',(-45.0165,28.928401,1.6));
#14853 = DIRECTION('',(-0.,0.,-1.));
#14854 = DIRECTION('',(-0.,-1.,0.));
#14855 = FACE_BOUND('',#14856,.T.);
#14856 = EDGE_LOOP('',(#14857));
#14857 = ORIENTED_EDGE('',*,*,#14858,.T.);
#14858 = EDGE_CURVE('',#14859,#14859,#14861,.T.);
#14859 = VERTEX_POINT('',#14860);
#14860 = CARTESIAN_POINT('',(-42.4765,28.503401,1.6));
#14861 = CIRCLE('',#14862,0.425);
#14862 = AXIS2_PLACEMENT_3D('',#14863,#14864,#14865);
#14863 = CARTESIAN_POINT('',(-42.4765,28.928401,1.6));
#14864 = DIRECTION('',(-0.,0.,-1.));
#14865 = DIRECTION('',(-0.,-1.,0.));
#14866 = FACE_BOUND('',#14867,.T.);
#14867 = EDGE_LOOP('',(#14868));
#14868 = ORIENTED_EDGE('',*,*,#14869,.T.);
#14869 = EDGE_CURVE('',#14870,#14870,#14872,.T.);
#14870 = VERTEX_POINT('',#14871);
#14871 = CARTESIAN_POINT('',(-39.9365,28.503401,1.6));
#14872 = CIRCLE('',#14873,0.425);
#14873 = AXIS2_PLACEMENT_3D('',#14874,#14875,#14876);
#14874 = CARTESIAN_POINT('',(-39.9365,28.928401,1.6));
#14875 = DIRECTION('',(-0.,0.,-1.));
#14876 = DIRECTION('',(-1.671865260612E-14,-1.,0.));
#14877 = FACE_BOUND('',#14878,.T.);
#14878 = EDGE_LOOP('',(#14879));
#14879 = ORIENTED_EDGE('',*,*,#14880,.T.);
#14880 = EDGE_CURVE('',#14881,#14881,#14883,.T.);
#14881 = VERTEX_POINT('',#14882);
#14882 = CARTESIAN_POINT('',(-37.3965,28.503401,1.6));
#14883 = CIRCLE('',#14884,0.425);
#14884 = AXIS2_PLACEMENT_3D('',#14885,#14886,#14887);
#14885 = CARTESIAN_POINT('',(-37.3965,28.928401,1.6));
#14886 = DIRECTION('',(-0.,0.,-1.));
#14887 = DIRECTION('',(-0.,-1.,0.));
#14888 = FACE_BOUND('',#14889,.T.);
#14889 = EDGE_LOOP('',(#14890));
#14890 = ORIENTED_EDGE('',*,*,#14891,.T.);
#14891 = EDGE_CURVE('',#14892,#14892,#14894,.T.);
#14892 = VERTEX_POINT('',#14893);
#14893 = CARTESIAN_POINT('',(-34.8565,28.503401,1.6));
#14894 = CIRCLE('',#14895,0.425);
#14895 = AXIS2_PLACEMENT_3D('',#14896,#14897,#14898);
#14896 = CARTESIAN_POINT('',(-34.8565,28.928401,1.6));
#14897 = DIRECTION('',(-0.,0.,-1.));
#14898 = DIRECTION('',(-0.,-1.,0.));
#14899 = FACE_BOUND('',#14900,.T.);
#14900 = EDGE_LOOP('',(#14901));
#14901 = ORIENTED_EDGE('',*,*,#14902,.T.);
#14902 = EDGE_CURVE('',#14903,#14903,#14905,.T.);
#14903 = VERTEX_POINT('',#14904);
#14904 = CARTESIAN_POINT('',(-32.3165,28.503401,1.6));
#14905 = CIRCLE('',#14906,0.425);
#14906 = AXIS2_PLACEMENT_3D('',#14907,#14908,#14909);
#14907 = CARTESIAN_POINT('',(-32.3165,28.928401,1.6));
#14908 = DIRECTION('',(-0.,0.,-1.));
#14909 = DIRECTION('',(1.671865260612E-14,-1.,-0.));
#14910 = FACE_BOUND('',#14911,.T.);
#14911 = EDGE_LOOP('',(#14912));
#14912 = ORIENTED_EDGE('',*,*,#14913,.T.);
#14913 = EDGE_CURVE('',#14914,#14914,#14916,.T.);
#14914 = VERTEX_POINT('',#14915);
#14915 = CARTESIAN_POINT('',(-24.747056,28.052945,1.6));
#14916 = CIRCLE('',#14917,0.25);
#14917 = AXIS2_PLACEMENT_3D('',#14918,#14919,#14920);
#14918 = CARTESIAN_POINT('',(-24.747056,28.302945,1.6));
#14919 = DIRECTION('',(-0.,0.,-1.));
#14920 = DIRECTION('',(-0.,-1.,0.));
#14921 = FACE_BOUND('',#14922,.T.);
#14922 = EDGE_LOOP('',(#14923));
#14923 = ORIENTED_EDGE('',*,*,#14924,.T.);
#14924 = EDGE_CURVE('',#14925,#14925,#14927,.T.);
#14925 = VERTEX_POINT('',#14926);
#14926 = CARTESIAN_POINT('',(-23.05,27.350001,1.6));
#14927 = CIRCLE('',#14928,0.25);
#14928 = AXIS2_PLACEMENT_3D('',#14929,#14930,#14931);
#14929 = CARTESIAN_POINT('',(-23.05,27.600001,1.6));
#14930 = DIRECTION('',(-0.,0.,-1.));
#14931 = DIRECTION('',(-0.,-1.,0.));
#14932 = FACE_BOUND('',#14933,.T.);
#14933 = EDGE_LOOP('',(#14934));
#14934 = ORIENTED_EDGE('',*,*,#14935,.T.);
#14935 = EDGE_CURVE('',#14936,#14936,#14938,.T.);
#14936 = VERTEX_POINT('',#14937);
#14937 = CARTESIAN_POINT('',(-21.352944,28.052945,1.6));
#14938 = CIRCLE('',#14939,0.25);
#14939 = AXIS2_PLACEMENT_3D('',#14940,#14941,#14942);
#14940 = CARTESIAN_POINT('',(-21.352944,28.302945,1.6));
#14941 = DIRECTION('',(-0.,0.,-1.));
#14942 = DIRECTION('',(-0.,-1.,0.));
#14943 = FACE_BOUND('',#14944,.T.);
#14944 = EDGE_LOOP('',(#14945));
#14945 = ORIENTED_EDGE('',*,*,#14946,.T.);
#14946 = EDGE_CURVE('',#14947,#14947,#14949,.T.);
#14947 = VERTEX_POINT('',#14948);
#14948 = CARTESIAN_POINT('',(-25.45,29.750001,1.6));
#14949 = CIRCLE('',#14950,0.25);
#14950 = AXIS2_PLACEMENT_3D('',#14951,#14952,#14953);
#14951 = CARTESIAN_POINT('',(-25.45,30.000001,1.6));
#14952 = DIRECTION('',(-0.,0.,-1.));
#14953 = DIRECTION('',(-0.,-1.,0.));
#14954 = FACE_BOUND('',#14955,.T.);
#14955 = EDGE_LOOP('',(#14956));
#14956 = ORIENTED_EDGE('',*,*,#14957,.T.);
#14957 = EDGE_CURVE('',#14958,#14958,#14960,.T.);
#14958 = VERTEX_POINT('',#14959);
#14959 = CARTESIAN_POINT('',(-24.747056,31.447057,1.6));
#14960 = CIRCLE('',#14961,0.25);
#14961 = AXIS2_PLACEMENT_3D('',#14962,#14963,#14964);
#14962 = CARTESIAN_POINT('',(-24.747056,31.697057,1.6));
#14963 = DIRECTION('',(-0.,0.,-1.));
#14964 = DIRECTION('',(-0.,-1.,0.));
#14965 = FACE_BOUND('',#14966,.T.);
#14966 = EDGE_LOOP('',(#14967));
#14967 = ORIENTED_EDGE('',*,*,#14968,.T.);
#14968 = EDGE_CURVE('',#14969,#14969,#14971,.T.);
#14969 = VERTEX_POINT('',#14970);
#14970 = CARTESIAN_POINT('',(-23.05,28.400001,1.6));
#14971 = CIRCLE('',#14972,1.6);
#14972 = AXIS2_PLACEMENT_3D('',#14973,#14974,#14975);
#14973 = CARTESIAN_POINT('',(-23.05,30.000001,1.6));
#14974 = DIRECTION('',(-0.,0.,-1.));
#14975 = DIRECTION('',(-2.22044604925E-15,-1.,0.));
#14976 = FACE_BOUND('',#14977,.T.);
#14977 = EDGE_LOOP('',(#14978));
#14978 = ORIENTED_EDGE('',*,*,#14979,.T.);
#14979 = EDGE_CURVE('',#14980,#14980,#14982,.T.);
#14980 = VERTEX_POINT('',#14981);
#14981 = CARTESIAN_POINT('',(-20.65,29.750001,1.6));
#14982 = CIRCLE('',#14983,0.25);
#14983 = AXIS2_PLACEMENT_3D('',#14984,#14985,#14986);
#14984 = CARTESIAN_POINT('',(-20.65,30.000001,1.6));
#14985 = DIRECTION('',(-0.,0.,-1.));
#14986 = DIRECTION('',(-0.,-1.,0.));
#14987 = FACE_BOUND('',#14988,.T.);
#14988 = EDGE_LOOP('',(#14989));
#14989 = ORIENTED_EDGE('',*,*,#14990,.T.);
#14990 = EDGE_CURVE('',#14991,#14991,#14993,.T.);
#14991 = VERTEX_POINT('',#14992);
#14992 = CARTESIAN_POINT('',(-21.352944,31.447057,1.6));
#14993 = CIRCLE('',#14994,0.25);
#14994 = AXIS2_PLACEMENT_3D('',#14995,#14996,#14997);
#14995 = CARTESIAN_POINT('',(-21.352944,31.697057,1.6));
#14996 = DIRECTION('',(-0.,0.,-1.));
#14997 = DIRECTION('',(-0.,-1.,0.));
#14998 = FACE_BOUND('',#14999,.T.);
#14999 = EDGE_LOOP('',(#15000));
#15000 = ORIENTED_EDGE('',*,*,#15001,.T.);
#15001 = EDGE_CURVE('',#15002,#15002,#15004,.T.);
#15002 = VERTEX_POINT('',#15003);
#15003 = CARTESIAN_POINT('',(-23.05,32.150001,1.6));
#15004 = CIRCLE('',#15005,0.25);
#15005 = AXIS2_PLACEMENT_3D('',#15006,#15007,#15008);
#15006 = CARTESIAN_POINT('',(-23.05,32.400001,1.6));
#15007 = DIRECTION('',(-0.,0.,-1.));
#15008 = DIRECTION('',(-0.,-1.,0.));
#15009 = FACE_BOUND('',#15010,.T.);
#15010 = EDGE_LOOP('',(#15011));
#15011 = ORIENTED_EDGE('',*,*,#15012,.T.);
#15012 = EDGE_CURVE('',#15013,#15013,#15015,.T.);
#15013 = VERTEX_POINT('',#15014);
#15014 = CARTESIAN_POINT('',(-10.1722,28.948401,1.6));
#15015 = CIRCLE('',#15016,1.25);
#15016 = AXIS2_PLACEMENT_3D('',#15017,#15018,#15019);
#15017 = CARTESIAN_POINT('',(-10.1722,30.198401,1.6));
#15018 = DIRECTION('',(-0.,0.,-1.));
#15019 = DIRECTION('',(-0.,-1.,0.));
#15020 = FACE_BOUND('',#15021,.T.);
#15021 = EDGE_LOOP('',(#15022));
#15022 = ORIENTED_EDGE('',*,*,#15023,.T.);
#15023 = EDGE_CURVE('',#15024,#15024,#15026,.T.);
#15024 = VERTEX_POINT('',#15025);
#15025 = CARTESIAN_POINT('',(-6.3622,29.698401,1.6));
#15026 = CIRCLE('',#15027,0.5);
#15027 = AXIS2_PLACEMENT_3D('',#15028,#15029,#15030);
#15028 = CARTESIAN_POINT('',(-6.3622,30.198401,1.6));
#15029 = DIRECTION('',(-0.,0.,-1.));
#15030 = DIRECTION('',(-0.,-1.,0.));
#15031 = FACE_BOUND('',#15032,.T.);
#15032 = EDGE_LOOP('',(#15033));
#15033 = ORIENTED_EDGE('',*,*,#15034,.T.);
#15034 = EDGE_CURVE('',#15035,#15035,#15037,.T.);
#15035 = VERTEX_POINT('',#15036);
#15036 = CARTESIAN_POINT('',(-3.8222,29.698401,1.6));
#15037 = CIRCLE('',#15038,0.5);
#15038 = AXIS2_PLACEMENT_3D('',#15039,#15040,#15041);
#15039 = CARTESIAN_POINT('',(-3.8222,30.198401,1.6));
#15040 = DIRECTION('',(-0.,0.,-1.));
#15041 = DIRECTION('',(-8.881784197001E-16,-1.,0.));
#15042 = FACE_BOUND('',#15043,.T.);
#15043 = EDGE_LOOP('',(#15044));
#15044 = ORIENTED_EDGE('',*,*,#15045,.T.);
#15045 = EDGE_CURVE('',#15046,#15046,#15048,.T.);
#15046 = VERTEX_POINT('',#15047);
#15047 = CARTESIAN_POINT('',(-1.2822,11.918401,1.6));
#15048 = CIRCLE('',#15049,0.5);
#15049 = AXIS2_PLACEMENT_3D('',#15050,#15051,#15052);
#15050 = CARTESIAN_POINT('',(-1.2822,12.418401,1.6));
#15051 = DIRECTION('',(-0.,0.,-1.));
#15052 = DIRECTION('',(-0.,-1.,0.));
#15053 = FACE_BOUND('',#15054,.T.);
#15054 = EDGE_LOOP('',(#15055));
#15055 = ORIENTED_EDGE('',*,*,#15056,.T.);
#15056 = EDGE_CURVE('',#15057,#15057,#15059,.T.);
#15057 = VERTEX_POINT('',#15058);
#15058 = CARTESIAN_POINT('',(1.2578,11.918401,1.6));
#15059 = CIRCLE('',#15060,0.5);
#15060 = AXIS2_PLACEMENT_3D('',#15061,#15062,#15063);
#15061 = CARTESIAN_POINT('',(1.2578,12.418401,1.6));
#15062 = DIRECTION('',(-0.,0.,-1.));
#15063 = DIRECTION('',(-0.,-1.,0.));
#15064 = FACE_BOUND('',#15065,.T.);
#15065 = EDGE_LOOP('',(#15066));
#15066 = ORIENTED_EDGE('',*,*,#15067,.T.);
#15067 = EDGE_CURVE('',#15068,#15068,#15070,.T.);
#15068 = VERTEX_POINT('',#15069);
#15069 = CARTESIAN_POINT('',(3.7978,11.918401,1.6));
#15070 = CIRCLE('',#15071,0.5);
#15071 = AXIS2_PLACEMENT_3D('',#15072,#15073,#15074);
#15072 = CARTESIAN_POINT('',(3.7978,12.418401,1.6));
#15073 = DIRECTION('',(-0.,0.,-1.));
#15074 = DIRECTION('',(8.881784197001E-16,-1.,-0.));
#15075 = FACE_BOUND('',#15076,.T.);
#15076 = EDGE_LOOP('',(#15077));
#15077 = ORIENTED_EDGE('',*,*,#15078,.T.);
#15078 = EDGE_CURVE('',#15079,#15079,#15081,.T.);
#15079 = VERTEX_POINT('',#15080);
#15080 = CARTESIAN_POINT('',(6.3378,11.918401,1.6));
#15081 = CIRCLE('',#15082,0.5);
#15082 = AXIS2_PLACEMENT_3D('',#15083,#15084,#15085);
#15083 = CARTESIAN_POINT('',(6.3378,12.418401,1.6));
#15084 = DIRECTION('',(-0.,0.,-1.));
#15085 = DIRECTION('',(-0.,-1.,0.));
#15086 = FACE_BOUND('',#15087,.T.);
#15087 = EDGE_LOOP('',(#15088));
#15088 = ORIENTED_EDGE('',*,*,#15089,.T.);
#15089 = EDGE_CURVE('',#15090,#15090,#15092,.T.);
#15090 = VERTEX_POINT('',#15091);
#15091 = CARTESIAN_POINT('',(14.478,3.239001,1.6));
#15092 = CIRCLE('',#15093,1.85);
#15093 = AXIS2_PLACEMENT_3D('',#15094,#15095,#15096);
#15094 = CARTESIAN_POINT('',(14.478,5.089001,1.6));
#15095 = DIRECTION('',(-0.,0.,-1.));
#15096 = DIRECTION('',(-0.,-1.,0.));
#15097 = FACE_BOUND('',#15098,.T.);
#15098 = EDGE_LOOP('',(#15099));
#15099 = ORIENTED_EDGE('',*,*,#15100,.T.);
#15100 = EDGE_CURVE('',#15101,#15101,#15103,.T.);
#15101 = VERTEX_POINT('',#15102);
#15102 = CARTESIAN_POINT('',(10.1478,11.168401,1.6));
#15103 = CIRCLE('',#15104,1.25);
#15104 = AXIS2_PLACEMENT_3D('',#15105,#15106,#15107);
#15105 = CARTESIAN_POINT('',(10.1478,12.418401,1.6));
#15106 = DIRECTION('',(-0.,0.,-1.));
#15107 = DIRECTION('',(-0.,-1.,0.));
#15108 = FACE_BOUND('',#15109,.T.);
#15109 = EDGE_LOOP('',(#15110));
#15110 = ORIENTED_EDGE('',*,*,#15111,.T.);
#15111 = EDGE_CURVE('',#15112,#15112,#15114,.T.);
#15112 = VERTEX_POINT('',#15113);
#15113 = CARTESIAN_POINT('',(23.362944,5.552945,1.6));
#15114 = CIRCLE('',#15115,0.25);
#15115 = AXIS2_PLACEMENT_3D('',#15116,#15117,#15118);
#15116 = CARTESIAN_POINT('',(23.362944,5.802945,1.6));
#15117 = DIRECTION('',(-0.,0.,-1.));
#15118 = DIRECTION('',(-0.,-1.,0.));
#15119 = FACE_BOUND('',#15120,.T.);
#15120 = EDGE_LOOP('',(#15121));
#15121 = ORIENTED_EDGE('',*,*,#15122,.T.);
#15122 = EDGE_CURVE('',#15123,#15123,#15125,.T.);
#15123 = VERTEX_POINT('',#15124);
#15124 = CARTESIAN_POINT('',(25.06,4.850001,1.6));
#15125 = CIRCLE('',#15126,0.25);
#15126 = AXIS2_PLACEMENT_3D('',#15127,#15128,#15129);
#15127 = CARTESIAN_POINT('',(25.06,5.100001,1.6));
#15128 = DIRECTION('',(-0.,0.,-1.));
#15129 = DIRECTION('',(-0.,-1.,0.));
#15130 = FACE_BOUND('',#15131,.T.);
#15131 = EDGE_LOOP('',(#15132));
#15132 = ORIENTED_EDGE('',*,*,#15133,.T.);
#15133 = EDGE_CURVE('',#15134,#15134,#15136,.T.);
#15134 = VERTEX_POINT('',#15135);
#15135 = CARTESIAN_POINT('',(26.757056,5.552945,1.6));
#15136 = CIRCLE('',#15137,0.25);
#15137 = AXIS2_PLACEMENT_3D('',#15138,#15139,#15140);
#15138 = CARTESIAN_POINT('',(26.757056,5.802945,1.6));
#15139 = DIRECTION('',(-0.,0.,-1.));
#15140 = DIRECTION('',(-0.,-1.,0.));
#15141 = FACE_BOUND('',#15142,.T.);
#15142 = EDGE_LOOP('',(#15143));
#15143 = ORIENTED_EDGE('',*,*,#15144,.T.);
#15144 = EDGE_CURVE('',#15145,#15145,#15147,.T.);
#15145 = VERTEX_POINT('',#15146);
#15146 = CARTESIAN_POINT('',(22.66,7.250001,1.6));
#15147 = CIRCLE('',#15148,0.25);
#15148 = AXIS2_PLACEMENT_3D('',#15149,#15150,#15151);
#15149 = CARTESIAN_POINT('',(22.66,7.500001,1.6));
#15150 = DIRECTION('',(-0.,0.,-1.));
#15151 = DIRECTION('',(-0.,-1.,0.));
#15152 = FACE_BOUND('',#15153,.T.);
#15153 = EDGE_LOOP('',(#15154));
#15154 = ORIENTED_EDGE('',*,*,#15155,.T.);
#15155 = EDGE_CURVE('',#15156,#15156,#15158,.T.);
#15156 = VERTEX_POINT('',#15157);
#15157 = CARTESIAN_POINT('',(23.362944,8.947057,1.6));
#15158 = CIRCLE('',#15159,0.25);
#15159 = AXIS2_PLACEMENT_3D('',#15160,#15161,#15162);
#15160 = CARTESIAN_POINT('',(23.362944,9.197057,1.6));
#15161 = DIRECTION('',(-0.,0.,-1.));
#15162 = DIRECTION('',(-0.,-1.,0.));
#15163 = FACE_BOUND('',#15164,.T.);
#15164 = EDGE_LOOP('',(#15165));
#15165 = ORIENTED_EDGE('',*,*,#15166,.T.);
#15166 = EDGE_CURVE('',#15167,#15167,#15169,.T.);
#15167 = VERTEX_POINT('',#15168);
#15168 = CARTESIAN_POINT('',(25.06,5.900001,1.6));
#15169 = CIRCLE('',#15170,1.6);
#15170 = AXIS2_PLACEMENT_3D('',#15171,#15172,#15173);
#15171 = CARTESIAN_POINT('',(25.06,7.500001,1.6));
#15172 = DIRECTION('',(-0.,0.,-1.));
#15173 = DIRECTION('',(-2.22044604925E-15,-1.,0.));
#15174 = FACE_BOUND('',#15175,.T.);
#15175 = EDGE_LOOP('',(#15176));
#15176 = ORIENTED_EDGE('',*,*,#15177,.T.);
#15177 = EDGE_CURVE('',#15178,#15178,#15180,.T.);
#15178 = VERTEX_POINT('',#15179);
#15179 = CARTESIAN_POINT('',(27.46,7.250001,1.6));
#15180 = CIRCLE('',#15181,0.25);
#15181 = AXIS2_PLACEMENT_3D('',#15182,#15183,#15184);
#15182 = CARTESIAN_POINT('',(27.46,7.500001,1.6));
#15183 = DIRECTION('',(-0.,0.,-1.));
#15184 = DIRECTION('',(-0.,-1.,0.));
#15185 = FACE_BOUND('',#15186,.T.);
#15186 = EDGE_LOOP('',(#15187));
#15187 = ORIENTED_EDGE('',*,*,#15188,.T.);
#15188 = EDGE_CURVE('',#15189,#15189,#15191,.T.);
#15189 = VERTEX_POINT('',#15190);
#15190 = CARTESIAN_POINT('',(26.757056,8.947057,1.6));
#15191 = CIRCLE('',#15192,0.25);
#15192 = AXIS2_PLACEMENT_3D('',#15193,#15194,#15195);
#15193 = CARTESIAN_POINT('',(26.757056,9.197057,1.6));
#15194 = DIRECTION('',(-0.,0.,-1.));
#15195 = DIRECTION('',(-0.,-1.,0.));
#15196 = FACE_BOUND('',#15197,.T.);
#15197 = EDGE_LOOP('',(#15198));
#15198 = ORIENTED_EDGE('',*,*,#15199,.T.);
#15199 = EDGE_CURVE('',#15200,#15200,#15202,.T.);
#15200 = VERTEX_POINT('',#15201);
#15201 = CARTESIAN_POINT('',(25.06,9.650001,1.6));
#15202 = CIRCLE('',#15203,0.25);
#15203 = AXIS2_PLACEMENT_3D('',#15204,#15205,#15206);
#15204 = CARTESIAN_POINT('',(25.06,9.900001,1.6));
#15205 = DIRECTION('',(-0.,0.,-1.));
#15206 = DIRECTION('',(-0.,-1.,0.));
#15207 = FACE_BOUND('',#15208,.T.);
#15208 = EDGE_LOOP('',(#15209));
#15209 = ORIENTED_EDGE('',*,*,#15210,.T.);
#15210 = EDGE_CURVE('',#15211,#15211,#15213,.T.);
#15211 = VERTEX_POINT('',#15212);
#15212 = CARTESIAN_POINT('',(34.25,0.770001,1.6));
#15213 = CIRCLE('',#15214,0.5);
#15214 = AXIS2_PLACEMENT_3D('',#15215,#15216,#15217);
#15215 = CARTESIAN_POINT('',(34.25,1.270001,1.6));
#15216 = DIRECTION('',(-0.,0.,-1.));
#15217 = DIRECTION('',(-0.,-1.,0.));
#15218 = FACE_BOUND('',#15219,.T.);
#15219 = EDGE_LOOP('',(#15220));
#15220 = ORIENTED_EDGE('',*,*,#15221,.T.);
#15221 = EDGE_CURVE('',#15222,#15222,#15224,.T.);
#15222 = VERTEX_POINT('',#15223);
#15223 = CARTESIAN_POINT('',(34.25,3.310001,1.6));
#15224 = CIRCLE('',#15225,0.5);
#15225 = AXIS2_PLACEMENT_3D('',#15226,#15227,#15228);
#15226 = CARTESIAN_POINT('',(34.25,3.810001,1.6));
#15227 = DIRECTION('',(-0.,0.,-1.));
#15228 = DIRECTION('',(-0.,-1.,0.));
#15229 = FACE_BOUND('',#15230,.T.);
#15230 = EDGE_LOOP('',(#15231));
#15231 = ORIENTED_EDGE('',*,*,#15232,.T.);
#15232 = EDGE_CURVE('',#15233,#15233,#15235,.T.);
#15233 = VERTEX_POINT('',#15234);
#15234 = CARTESIAN_POINT('',(34.25,5.850001,1.6));
#15235 = CIRCLE('',#15236,0.5);
#15236 = AXIS2_PLACEMENT_3D('',#15237,#15238,#15239);
#15237 = CARTESIAN_POINT('',(34.25,6.350001,1.6));
#15238 = DIRECTION('',(-0.,0.,-1.));
#15239 = DIRECTION('',(-0.,-1.,0.));
#15240 = FACE_BOUND('',#15241,.T.);
#15241 = EDGE_LOOP('',(#15242));
#15242 = ORIENTED_EDGE('',*,*,#15243,.T.);
#15243 = EDGE_CURVE('',#15244,#15244,#15246,.T.);
#15244 = VERTEX_POINT('',#15245);
#15245 = CARTESIAN_POINT('',(40.,2.525,1.6));
#15246 = CIRCLE('',#15247,0.475);
#15247 = AXIS2_PLACEMENT_3D('',#15248,#15249,#15250);
#15248 = CARTESIAN_POINT('',(40.,3.,1.6));
#15249 = DIRECTION('',(-0.,0.,-1.));
#15250 = DIRECTION('',(-0.,-1.,0.));
#15251 = FACE_BOUND('',#15252,.T.);
#15252 = EDGE_LOOP('',(#15253));
#15253 = ORIENTED_EDGE('',*,*,#15254,.T.);
#15254 = EDGE_CURVE('',#15255,#15255,#15257,.T.);
#15255 = VERTEX_POINT('',#15256);
#15256 = CARTESIAN_POINT('',(40.,5.025,1.6));
#15257 = CIRCLE('',#15258,0.475);
#15258 = AXIS2_PLACEMENT_3D('',#15259,#15260,#15261);
#15259 = CARTESIAN_POINT('',(40.,5.5,1.6));
#15260 = DIRECTION('',(-0.,0.,-1.));
#15261 = DIRECTION('',(-0.,-1.,0.));
#15262 = FACE_BOUND('',#15263,.T.);
#15263 = EDGE_LOOP('',(#15264));
#15264 = ORIENTED_EDGE('',*,*,#15265,.T.);
#15265 = EDGE_CURVE('',#15266,#15266,#15268,.T.);
#15266 = VERTEX_POINT('',#15267);
#15267 = CARTESIAN_POINT('',(40.,7.525,1.6));
#15268 = CIRCLE('',#15269,0.475);
#15269 = AXIS2_PLACEMENT_3D('',#15270,#15271,#15272);
#15270 = CARTESIAN_POINT('',(40.,8.,1.6));
#15271 = DIRECTION('',(-0.,0.,-1.));
#15272 = DIRECTION('',(-0.,-1.,0.));
#15273 = FACE_BOUND('',#15274,.T.);
#15274 = EDGE_LOOP('',(#15275));
#15275 = ORIENTED_EDGE('',*,*,#15276,.T.);
#15276 = EDGE_CURVE('',#15277,#15277,#15279,.T.);
#15277 = VERTEX_POINT('',#15278);
#15278 = CARTESIAN_POINT('',(40.,10.025,1.6));
#15279 = CIRCLE('',#15280,0.475);
#15280 = AXIS2_PLACEMENT_3D('',#15281,#15282,#15283);
#15281 = CARTESIAN_POINT('',(40.,10.5,1.6));
#15282 = DIRECTION('',(-0.,0.,-1.));
#15283 = DIRECTION('',(-0.,-1.,0.));
#15284 = FACE_BOUND('',#15285,.T.);
#15285 = EDGE_LOOP('',(#15286));
#15286 = ORIENTED_EDGE('',*,*,#15287,.T.);
#15287 = EDGE_CURVE('',#15288,#15288,#15290,.T.);
#15288 = VERTEX_POINT('',#15289);
#15289 = CARTESIAN_POINT('',(40.,12.525,1.6));
#15290 = CIRCLE('',#15291,0.475);
#15291 = AXIS2_PLACEMENT_3D('',#15292,#15293,#15294);
#15292 = CARTESIAN_POINT('',(40.,13.,1.6));
#15293 = DIRECTION('',(-0.,0.,-1.));
#15294 = DIRECTION('',(-0.,-1.,0.));
#15295 = FACE_BOUND('',#15296,.T.);
#15296 = EDGE_LOOP('',(#15297));
#15297 = ORIENTED_EDGE('',*,*,#15298,.T.);
#15298 = EDGE_CURVE('',#15299,#15299,#15301,.T.);
#15299 = VERTEX_POINT('',#15300);
#15300 = CARTESIAN_POINT('',(40.,15.025,1.6));
#15301 = CIRCLE('',#15302,0.475);
#15302 = AXIS2_PLACEMENT_3D('',#15303,#15304,#15305);
#15303 = CARTESIAN_POINT('',(40.,15.5,1.6));
#15304 = DIRECTION('',(-0.,0.,-1.));
#15305 = DIRECTION('',(-0.,-1.,0.));
#15306 = FACE_BOUND('',#15307,.T.);
#15307 = EDGE_LOOP('',(#15308));
#15308 = ORIENTED_EDGE('',*,*,#15309,.T.);
#15309 = EDGE_CURVE('',#15310,#15310,#15312,.T.);
#15310 = VERTEX_POINT('',#15311);
#15311 = CARTESIAN_POINT('',(40.,17.525,1.6));
#15312 = CIRCLE('',#15313,0.475);
#15313 = AXIS2_PLACEMENT_3D('',#15314,#15315,#15316);
#15314 = CARTESIAN_POINT('',(40.,18.,1.6));
#15315 = DIRECTION('',(-0.,0.,-1.));
#15316 = DIRECTION('',(-0.,-1.,0.));
#15317 = FACE_BOUND('',#15318,.T.);
#15318 = EDGE_LOOP('',(#15319));
#15319 = ORIENTED_EDGE('',*,*,#15320,.T.);
#15320 = EDGE_CURVE('',#15321,#15321,#15323,.T.);
#15321 = VERTEX_POINT('',#15322);
#15322 = CARTESIAN_POINT('',(40.,20.025,1.6));
#15323 = CIRCLE('',#15324,0.475);
#15324 = AXIS2_PLACEMENT_3D('',#15325,#15326,#15327);
#15325 = CARTESIAN_POINT('',(40.,20.5,1.6));
#15326 = DIRECTION('',(-0.,0.,-1.));
#15327 = DIRECTION('',(-0.,-1.,0.));
#15328 = FACE_BOUND('',#15329,.T.);
#15329 = EDGE_LOOP('',(#15330));
#15330 = ORIENTED_EDGE('',*,*,#15331,.T.);
#15331 = EDGE_CURVE('',#15332,#15332,#15334,.T.);
#15332 = VERTEX_POINT('',#15333);
#15333 = CARTESIAN_POINT('',(-1.2822,29.698401,1.6));
#15334 = CIRCLE('',#15335,0.5);
#15335 = AXIS2_PLACEMENT_3D('',#15336,#15337,#15338);
#15336 = CARTESIAN_POINT('',(-1.2822,30.198401,1.6));
#15337 = DIRECTION('',(-0.,0.,-1.));
#15338 = DIRECTION('',(-0.,-1.,0.));
#15339 = FACE_BOUND('',#15340,.T.);
#15340 = EDGE_LOOP('',(#15341));
#15341 = ORIENTED_EDGE('',*,*,#15342,.T.);
#15342 = EDGE_CURVE('',#15343,#15343,#15345,.T.);
#15343 = VERTEX_POINT('',#15344);
#15344 = CARTESIAN_POINT('',(1.2578,29.698401,1.6));
#15345 = CIRCLE('',#15346,0.5);
#15346 = AXIS2_PLACEMENT_3D('',#15347,#15348,#15349);
#15347 = CARTESIAN_POINT('',(1.2578,30.198401,1.6));
#15348 = DIRECTION('',(-0.,0.,-1.));
#15349 = DIRECTION('',(-0.,-1.,0.));
#15350 = FACE_BOUND('',#15351,.T.);
#15351 = EDGE_LOOP('',(#15352));
#15352 = ORIENTED_EDGE('',*,*,#15353,.T.);
#15353 = EDGE_CURVE('',#15354,#15354,#15356,.T.);
#15354 = VERTEX_POINT('',#15355);
#15355 = CARTESIAN_POINT('',(3.7978,29.698401,1.6));
#15356 = CIRCLE('',#15357,0.5);
#15357 = AXIS2_PLACEMENT_3D('',#15358,#15359,#15360);
#15358 = CARTESIAN_POINT('',(3.7978,30.198401,1.6));
#15359 = DIRECTION('',(-0.,0.,-1.));
#15360 = DIRECTION('',(8.881784197001E-16,-1.,-0.));
#15361 = FACE_BOUND('',#15362,.T.);
#15362 = EDGE_LOOP('',(#15363));
#15363 = ORIENTED_EDGE('',*,*,#15364,.T.);
#15364 = EDGE_CURVE('',#15365,#15365,#15367,.T.);
#15365 = VERTEX_POINT('',#15366);
#15366 = CARTESIAN_POINT('',(6.3378,29.698401,1.6));
#15367 = CIRCLE('',#15368,0.5);
#15368 = AXIS2_PLACEMENT_3D('',#15369,#15370,#15371);
#15369 = CARTESIAN_POINT('',(6.3378,30.198401,1.6));
#15370 = DIRECTION('',(-0.,0.,-1.));
#15371 = DIRECTION('',(-0.,-1.,0.));
#15372 = FACE_BOUND('',#15373,.T.);
#15373 = EDGE_LOOP('',(#15374));
#15374 = ORIENTED_EDGE('',*,*,#15375,.T.);
#15375 = EDGE_CURVE('',#15376,#15376,#15378,.T.);
#15376 = VERTEX_POINT('',#15377);
#15377 = CARTESIAN_POINT('',(10.1478,28.948401,1.6));
#15378 = CIRCLE('',#15379,1.25);
#15379 = AXIS2_PLACEMENT_3D('',#15380,#15381,#15382);
#15380 = CARTESIAN_POINT('',(10.1478,30.198401,1.6));
#15381 = DIRECTION('',(-0.,0.,-1.));
#15382 = DIRECTION('',(-0.,-1.,0.));
#15383 = FACE_BOUND('',#15384,.T.);
#15384 = EDGE_LOOP('',(#15385));
#15385 = ORIENTED_EDGE('',*,*,#15386,.T.);
#15386 = EDGE_CURVE('',#15387,#15387,#15389,.T.);
#15387 = VERTEX_POINT('',#15388);
#15388 = CARTESIAN_POINT('',(3.302944,40.062945,1.6));
#15389 = CIRCLE('',#15390,0.25);
#15390 = AXIS2_PLACEMENT_3D('',#15391,#15392,#15393);
#15391 = CARTESIAN_POINT('',(3.302944,40.312945,1.6));
#15392 = DIRECTION('',(-0.,0.,-1.));
#15393 = DIRECTION('',(-0.,-1.,0.));
#15394 = FACE_BOUND('',#15395,.T.);
#15395 = EDGE_LOOP('',(#15396));
#15396 = ORIENTED_EDGE('',*,*,#15397,.T.);
#15397 = EDGE_CURVE('',#15398,#15398,#15400,.T.);
#15398 = VERTEX_POINT('',#15399);
#15399 = CARTESIAN_POINT('',(5.,39.360001,1.6));
#15400 = CIRCLE('',#15401,0.25);
#15401 = AXIS2_PLACEMENT_3D('',#15402,#15403,#15404);
#15402 = CARTESIAN_POINT('',(5.,39.610001,1.6));
#15403 = DIRECTION('',(-0.,0.,-1.));
#15404 = DIRECTION('',(-0.,-1.,0.));
#15405 = FACE_BOUND('',#15406,.T.);
#15406 = EDGE_LOOP('',(#15407));
#15407 = ORIENTED_EDGE('',*,*,#15408,.T.);
#15408 = EDGE_CURVE('',#15409,#15409,#15411,.T.);
#15409 = VERTEX_POINT('',#15410);
#15410 = CARTESIAN_POINT('',(6.697056,40.062945,1.6));
#15411 = CIRCLE('',#15412,0.25);
#15412 = AXIS2_PLACEMENT_3D('',#15413,#15414,#15415);
#15413 = CARTESIAN_POINT('',(6.697056,40.312945,1.6));
#15414 = DIRECTION('',(-0.,0.,-1.));
#15415 = DIRECTION('',(-0.,-1.,0.));
#15416 = FACE_BOUND('',#15417,.T.);
#15417 = EDGE_LOOP('',(#15418));
#15418 = ORIENTED_EDGE('',*,*,#15419,.T.);
#15419 = EDGE_CURVE('',#15420,#15420,#15422,.T.);
#15420 = VERTEX_POINT('',#15421);
#15421 = CARTESIAN_POINT('',(2.6,41.760001,1.6));
#15422 = CIRCLE('',#15423,0.25);
#15423 = AXIS2_PLACEMENT_3D('',#15424,#15425,#15426);
#15424 = CARTESIAN_POINT('',(2.6,42.010001,1.6));
#15425 = DIRECTION('',(-0.,0.,-1.));
#15426 = DIRECTION('',(-0.,-1.,0.));
#15427 = FACE_BOUND('',#15428,.T.);
#15428 = EDGE_LOOP('',(#15429));
#15429 = ORIENTED_EDGE('',*,*,#15430,.T.);
#15430 = EDGE_CURVE('',#15431,#15431,#15433,.T.);
#15431 = VERTEX_POINT('',#15432);
#15432 = CARTESIAN_POINT('',(3.302944,43.457057,1.6));
#15433 = CIRCLE('',#15434,0.25);
#15434 = AXIS2_PLACEMENT_3D('',#15435,#15436,#15437);
#15435 = CARTESIAN_POINT('',(3.302944,43.707057,1.6));
#15436 = DIRECTION('',(-0.,0.,-1.));
#15437 = DIRECTION('',(-0.,-1.,0.));
#15438 = FACE_BOUND('',#15439,.T.);
#15439 = EDGE_LOOP('',(#15440));
#15440 = ORIENTED_EDGE('',*,*,#15441,.T.);
#15441 = EDGE_CURVE('',#15442,#15442,#15444,.T.);
#15442 = VERTEX_POINT('',#15443);
#15443 = CARTESIAN_POINT('',(5.,40.410001,1.6));
#15444 = CIRCLE('',#15445,1.6);
#15445 = AXIS2_PLACEMENT_3D('',#15446,#15447,#15448);
#15446 = CARTESIAN_POINT('',(5.,42.010001,1.6));
#15447 = DIRECTION('',(-0.,0.,-1.));
#15448 = DIRECTION('',(-0.,-1.,0.));
#15449 = FACE_BOUND('',#15450,.T.);
#15450 = EDGE_LOOP('',(#15451));
#15451 = ORIENTED_EDGE('',*,*,#15452,.T.);
#15452 = EDGE_CURVE('',#15453,#15453,#15455,.T.);
#15453 = VERTEX_POINT('',#15454);
#15454 = CARTESIAN_POINT('',(5.,44.160001,1.6));
#15455 = CIRCLE('',#15456,0.25);
#15456 = AXIS2_PLACEMENT_3D('',#15457,#15458,#15459);
#15457 = CARTESIAN_POINT('',(5.,44.410001,1.6));
#15458 = DIRECTION('',(-0.,0.,-1.));
#15459 = DIRECTION('',(-0.,-1.,0.));
#15460 = FACE_BOUND('',#15461,.T.);
#15461 = EDGE_LOOP('',(#15462));
#15462 = ORIENTED_EDGE('',*,*,#15463,.T.);
#15463 = EDGE_CURVE('',#15464,#15464,#15466,.T.);
#15464 = VERTEX_POINT('',#15465);
#15465 = CARTESIAN_POINT('',(6.697056,43.457057,1.6));
#15466 = CIRCLE('',#15467,0.25);
#15467 = AXIS2_PLACEMENT_3D('',#15468,#15469,#15470);
#15468 = CARTESIAN_POINT('',(6.697056,43.707057,1.6));
#15469 = DIRECTION('',(-0.,0.,-1.));
#15470 = DIRECTION('',(-0.,-1.,0.));
#15471 = FACE_BOUND('',#15472,.T.);
#15472 = EDGE_LOOP('',(#15473));
#15473 = ORIENTED_EDGE('',*,*,#15474,.T.);
#15474 = EDGE_CURVE('',#15475,#15475,#15477,.T.);
#15475 = VERTEX_POINT('',#15476);
#15476 = CARTESIAN_POINT('',(6.15,50.700001,1.6));
#15477 = CIRCLE('',#15478,0.5);
#15478 = AXIS2_PLACEMENT_3D('',#15479,#15480,#15481);
#15479 = CARTESIAN_POINT('',(6.15,51.200001,1.6));
#15480 = DIRECTION('',(-0.,0.,-1.));
#15481 = DIRECTION('',(-0.,-1.,0.));
#15482 = FACE_BOUND('',#15483,.T.);
#15483 = EDGE_LOOP('',(#15484));
#15484 = ORIENTED_EDGE('',*,*,#15485,.T.);
#15485 = EDGE_CURVE('',#15486,#15486,#15488,.T.);
#15486 = VERTEX_POINT('',#15487);
#15487 = CARTESIAN_POINT('',(7.4,41.760001,1.6));
#15488 = CIRCLE('',#15489,0.25);
#15489 = AXIS2_PLACEMENT_3D('',#15490,#15491,#15492);
#15490 = CARTESIAN_POINT('',(7.4,42.010001,1.6));
#15491 = DIRECTION('',(-0.,0.,-1.));
#15492 = DIRECTION('',(-0.,-1.,0.));
#15493 = FACE_BOUND('',#15494,.T.);
#15494 = EDGE_LOOP('',(#15495));
#15495 = ORIENTED_EDGE('',*,*,#15496,.T.);
#15496 = EDGE_CURVE('',#15497,#15497,#15499,.T.);
#15497 = VERTEX_POINT('',#15498);
#15498 = CARTESIAN_POINT('',(18.302944,40.062945,1.6));
#15499 = CIRCLE('',#15500,0.25);
#15500 = AXIS2_PLACEMENT_3D('',#15501,#15502,#15503);
#15501 = CARTESIAN_POINT('',(18.302944,40.312945,1.6));
#15502 = DIRECTION('',(-0.,0.,-1.));
#15503 = DIRECTION('',(-0.,-1.,0.));
#15504 = FACE_BOUND('',#15505,.T.);
#15505 = EDGE_LOOP('',(#15506));
#15506 = ORIENTED_EDGE('',*,*,#15507,.T.);
#15507 = EDGE_CURVE('',#15508,#15508,#15510,.T.);
#15508 = VERTEX_POINT('',#15509);
#15509 = CARTESIAN_POINT('',(17.6,41.760001,1.6));
#15510 = CIRCLE('',#15511,0.25);
#15511 = AXIS2_PLACEMENT_3D('',#15512,#15513,#15514);
#15512 = CARTESIAN_POINT('',(17.6,42.010001,1.6));
#15513 = DIRECTION('',(-0.,0.,-1.));
#15514 = DIRECTION('',(-0.,-1.,0.));
#15515 = FACE_BOUND('',#15516,.T.);
#15516 = EDGE_LOOP('',(#15517));
#15517 = ORIENTED_EDGE('',*,*,#15518,.T.);
#15518 = EDGE_CURVE('',#15519,#15519,#15521,.T.);
#15519 = VERTEX_POINT('',#15520);
#15520 = CARTESIAN_POINT('',(18.302944,43.457057,1.6));
#15521 = CIRCLE('',#15522,0.25);
#15522 = AXIS2_PLACEMENT_3D('',#15523,#15524,#15525);
#15523 = CARTESIAN_POINT('',(18.302944,43.707057,1.6));
#15524 = DIRECTION('',(-0.,0.,-1.));
#15525 = DIRECTION('',(-0.,-1.,0.));
#15526 = FACE_BOUND('',#15527,.T.);
#15527 = EDGE_LOOP('',(#15528));
#15528 = ORIENTED_EDGE('',*,*,#15529,.T.);
#15529 = EDGE_CURVE('',#15530,#15530,#15532,.T.);
#15530 = VERTEX_POINT('',#15531);
#15531 = CARTESIAN_POINT('',(8.69,50.700001,1.6));
#15532 = CIRCLE('',#15533,0.5);
#15533 = AXIS2_PLACEMENT_3D('',#15534,#15535,#15536);
#15534 = CARTESIAN_POINT('',(8.69,51.200001,1.6));
#15535 = DIRECTION('',(-0.,0.,-1.));
#15536 = DIRECTION('',(-0.,-1.,0.));
#15537 = FACE_BOUND('',#15538,.T.);
#15538 = EDGE_LOOP('',(#15539));
#15539 = ORIENTED_EDGE('',*,*,#15540,.T.);
#15540 = EDGE_CURVE('',#15541,#15541,#15543,.T.);
#15541 = VERTEX_POINT('',#15542);
#15542 = CARTESIAN_POINT('',(11.23,50.700001,1.6));
#15543 = CIRCLE('',#15544,0.5);
#15544 = AXIS2_PLACEMENT_3D('',#15545,#15546,#15547);
#15545 = CARTESIAN_POINT('',(11.23,51.200001,1.6));
#15546 = DIRECTION('',(-0.,0.,-1.));
#15547 = DIRECTION('',(-0.,-1.,0.));
#15548 = FACE_BOUND('',#15549,.T.);
#15549 = EDGE_LOOP('',(#15550));
#15550 = ORIENTED_EDGE('',*,*,#15551,.T.);
#15551 = EDGE_CURVE('',#15552,#15552,#15554,.T.);
#15552 = VERTEX_POINT('',#15553);
#15553 = CARTESIAN_POINT('',(13.77,50.700001,1.6));
#15554 = CIRCLE('',#15555,0.5);
#15555 = AXIS2_PLACEMENT_3D('',#15556,#15557,#15558);
#15556 = CARTESIAN_POINT('',(13.77,51.200001,1.6));
#15557 = DIRECTION('',(-0.,0.,-1.));
#15558 = DIRECTION('',(-0.,-1.,0.));
#15559 = FACE_BOUND('',#15560,.T.);
#15560 = EDGE_LOOP('',(#15561));
#15561 = ORIENTED_EDGE('',*,*,#15562,.T.);
#15562 = EDGE_CURVE('',#15563,#15563,#15565,.T.);
#15563 = VERTEX_POINT('',#15564);
#15564 = CARTESIAN_POINT('',(16.31,50.700001,1.6));
#15565 = CIRCLE('',#15566,0.5);
#15566 = AXIS2_PLACEMENT_3D('',#15567,#15568,#15569);
#15567 = CARTESIAN_POINT('',(16.31,51.200001,1.6));
#15568 = DIRECTION('',(-0.,0.,-1.));
#15569 = DIRECTION('',(-0.,-1.,0.));
#15570 = FACE_BOUND('',#15571,.T.);
#15571 = EDGE_LOOP('',(#15572));
#15572 = ORIENTED_EDGE('',*,*,#15573,.T.);
#15573 = EDGE_CURVE('',#15574,#15574,#15576,.T.);
#15574 = VERTEX_POINT('',#15575);
#15575 = CARTESIAN_POINT('',(21.352944,28.052945,1.6));
#15576 = CIRCLE('',#15577,0.25);
#15577 = AXIS2_PLACEMENT_3D('',#15578,#15579,#15580);
#15578 = CARTESIAN_POINT('',(21.352944,28.302945,1.6));
#15579 = DIRECTION('',(-0.,0.,-1.));
#15580 = DIRECTION('',(-0.,-1.,0.));
#15581 = FACE_BOUND('',#15582,.T.);
#15582 = EDGE_LOOP('',(#15583));
#15583 = ORIENTED_EDGE('',*,*,#15584,.T.);
#15584 = EDGE_CURVE('',#15585,#15585,#15587,.T.);
#15585 = VERTEX_POINT('',#15586);
#15586 = CARTESIAN_POINT('',(23.05,27.350001,1.6));
#15587 = CIRCLE('',#15588,0.25);
#15588 = AXIS2_PLACEMENT_3D('',#15589,#15590,#15591);
#15589 = CARTESIAN_POINT('',(23.05,27.600001,1.6));
#15590 = DIRECTION('',(-0.,0.,-1.));
#15591 = DIRECTION('',(-0.,-1.,0.));
#15592 = FACE_BOUND('',#15593,.T.);
#15593 = EDGE_LOOP('',(#15594));
#15594 = ORIENTED_EDGE('',*,*,#15595,.T.);
#15595 = EDGE_CURVE('',#15596,#15596,#15598,.T.);
#15596 = VERTEX_POINT('',#15597);
#15597 = CARTESIAN_POINT('',(20.65,29.750001,1.6));
#15598 = CIRCLE('',#15599,0.25);
#15599 = AXIS2_PLACEMENT_3D('',#15600,#15601,#15602);
#15600 = CARTESIAN_POINT('',(20.65,30.000001,1.6));
#15601 = DIRECTION('',(-0.,0.,-1.));
#15602 = DIRECTION('',(-0.,-1.,0.));
#15603 = FACE_BOUND('',#15604,.T.);
#15604 = EDGE_LOOP('',(#15605));
#15605 = ORIENTED_EDGE('',*,*,#15606,.T.);
#15606 = EDGE_CURVE('',#15607,#15607,#15609,.T.);
#15607 = VERTEX_POINT('',#15608);
#15608 = CARTESIAN_POINT('',(23.05,28.400001,1.6));
#15609 = CIRCLE('',#15610,1.6);
#15610 = AXIS2_PLACEMENT_3D('',#15611,#15612,#15613);
#15611 = CARTESIAN_POINT('',(23.05,30.000001,1.6));
#15612 = DIRECTION('',(-0.,0.,-1.));
#15613 = DIRECTION('',(2.22044604925E-15,-1.,-0.));
#15614 = FACE_BOUND('',#15615,.T.);
#15615 = EDGE_LOOP('',(#15616));
#15616 = ORIENTED_EDGE('',*,*,#15617,.T.);
#15617 = EDGE_CURVE('',#15618,#15618,#15620,.T.);
#15618 = VERTEX_POINT('',#15619);
#15619 = CARTESIAN_POINT('',(21.352944,31.447057,1.6));
#15620 = CIRCLE('',#15621,0.25);
#15621 = AXIS2_PLACEMENT_3D('',#15622,#15623,#15624);
#15622 = CARTESIAN_POINT('',(21.352944,31.697057,1.6));
#15623 = DIRECTION('',(-0.,0.,-1.));
#15624 = DIRECTION('',(-0.,-1.,0.));
#15625 = FACE_BOUND('',#15626,.T.);
#15626 = EDGE_LOOP('',(#15627));
#15627 = ORIENTED_EDGE('',*,*,#15628,.T.);
#15628 = EDGE_CURVE('',#15629,#15629,#15631,.T.);
#15629 = VERTEX_POINT('',#15630);
#15630 = CARTESIAN_POINT('',(24.747056,28.052945,1.6));
#15631 = CIRCLE('',#15632,0.25);
#15632 = AXIS2_PLACEMENT_3D('',#15633,#15634,#15635);
#15633 = CARTESIAN_POINT('',(24.747056,28.302945,1.6));
#15634 = DIRECTION('',(-0.,0.,-1.));
#15635 = DIRECTION('',(-0.,-1.,0.));
#15636 = FACE_BOUND('',#15637,.T.);
#15637 = EDGE_LOOP('',(#15638));
#15638 = ORIENTED_EDGE('',*,*,#15639,.T.);
#15639 = EDGE_CURVE('',#15640,#15640,#15642,.T.);
#15640 = VERTEX_POINT('',#15641);
#15641 = CARTESIAN_POINT('',(25.45,29.750001,1.6));
#15642 = CIRCLE('',#15643,0.25);
#15643 = AXIS2_PLACEMENT_3D('',#15644,#15645,#15646);
#15644 = CARTESIAN_POINT('',(25.45,30.000001,1.6));
#15645 = DIRECTION('',(-0.,0.,-1.));
#15646 = DIRECTION('',(-0.,-1.,0.));
#15647 = FACE_BOUND('',#15648,.T.);
#15648 = EDGE_LOOP('',(#15649));
#15649 = ORIENTED_EDGE('',*,*,#15650,.T.);
#15650 = EDGE_CURVE('',#15651,#15651,#15653,.T.);
#15651 = VERTEX_POINT('',#15652);
#15652 = CARTESIAN_POINT('',(24.747056,31.447057,1.6));
#15653 = CIRCLE('',#15654,0.25);
#15654 = AXIS2_PLACEMENT_3D('',#15655,#15656,#15657);
#15655 = CARTESIAN_POINT('',(24.747056,31.697057,1.6));
#15656 = DIRECTION('',(-0.,0.,-1.));
#15657 = DIRECTION('',(-0.,-1.,0.));
#15658 = FACE_BOUND('',#15659,.T.);
#15659 = EDGE_LOOP('',(#15660));
#15660 = ORIENTED_EDGE('',*,*,#15661,.T.);
#15661 = EDGE_CURVE('',#15662,#15662,#15664,.T.);
#15662 = VERTEX_POINT('',#15663);
#15663 = CARTESIAN_POINT('',(23.05,32.150001,1.6));
#15664 = CIRCLE('',#15665,0.25);
#15665 = AXIS2_PLACEMENT_3D('',#15666,#15667,#15668);
#15666 = CARTESIAN_POINT('',(23.05,32.400001,1.6));
#15667 = DIRECTION('',(-0.,0.,-1.));
#15668 = DIRECTION('',(-0.,-1.,0.));
#15669 = FACE_BOUND('',#15670,.T.);
#15670 = EDGE_LOOP('',(#15671));
#15671 = ORIENTED_EDGE('',*,*,#15672,.T.);
#15672 = EDGE_CURVE('',#15673,#15673,#15675,.T.);
#15673 = VERTEX_POINT('',#15674);
#15674 = CARTESIAN_POINT('',(20.,39.360001,1.6));
#15675 = CIRCLE('',#15676,0.25);
#15676 = AXIS2_PLACEMENT_3D('',#15677,#15678,#15679);
#15677 = CARTESIAN_POINT('',(20.,39.610001,1.6));
#15678 = DIRECTION('',(-0.,0.,-1.));
#15679 = DIRECTION('',(-0.,-1.,0.));
#15680 = FACE_BOUND('',#15681,.T.);
#15681 = EDGE_LOOP('',(#15682));
#15682 = ORIENTED_EDGE('',*,*,#15683,.T.);
#15683 = EDGE_CURVE('',#15684,#15684,#15686,.T.);
#15684 = VERTEX_POINT('',#15685);
#15685 = CARTESIAN_POINT('',(21.697056,40.062945,1.6));
#15686 = CIRCLE('',#15687,0.25);
#15687 = AXIS2_PLACEMENT_3D('',#15688,#15689,#15690);
#15688 = CARTESIAN_POINT('',(21.697056,40.312945,1.6));
#15689 = DIRECTION('',(-0.,0.,-1.));
#15690 = DIRECTION('',(-0.,-1.,0.));
#15691 = FACE_BOUND('',#15692,.T.);
#15692 = EDGE_LOOP('',(#15693));
#15693 = ORIENTED_EDGE('',*,*,#15694,.T.);
#15694 = EDGE_CURVE('',#15695,#15695,#15697,.T.);
#15695 = VERTEX_POINT('',#15696);
#15696 = CARTESIAN_POINT('',(20.,40.410001,1.6));
#15697 = CIRCLE('',#15698,1.6);
#15698 = AXIS2_PLACEMENT_3D('',#15699,#15700,#15701);
#15699 = CARTESIAN_POINT('',(20.,42.010001,1.6));
#15700 = DIRECTION('',(-0.,0.,-1.));
#15701 = DIRECTION('',(-0.,-1.,0.));
#15702 = FACE_BOUND('',#15703,.T.);
#15703 = EDGE_LOOP('',(#15704));
#15704 = ORIENTED_EDGE('',*,*,#15705,.T.);
#15705 = EDGE_CURVE('',#15706,#15706,#15708,.T.);
#15706 = VERTEX_POINT('',#15707);
#15707 = CARTESIAN_POINT('',(20.,44.160001,1.6));
#15708 = CIRCLE('',#15709,0.25);
#15709 = AXIS2_PLACEMENT_3D('',#15710,#15711,#15712);
#15710 = CARTESIAN_POINT('',(20.,44.410001,1.6));
#15711 = DIRECTION('',(-0.,0.,-1.));
#15712 = DIRECTION('',(-0.,-1.,0.));
#15713 = FACE_BOUND('',#15714,.T.);
#15714 = EDGE_LOOP('',(#15715));
#15715 = ORIENTED_EDGE('',*,*,#15716,.T.);
#15716 = EDGE_CURVE('',#15717,#15717,#15719,.T.);
#15717 = VERTEX_POINT('',#15718);
#15718 = CARTESIAN_POINT('',(22.4,41.760001,1.6));
#15719 = CIRCLE('',#15720,0.25);
#15720 = AXIS2_PLACEMENT_3D('',#15721,#15722,#15723);
#15721 = CARTESIAN_POINT('',(22.4,42.010001,1.6));
#15722 = DIRECTION('',(-0.,0.,-1.));
#15723 = DIRECTION('',(-0.,-1.,0.));
#15724 = FACE_BOUND('',#15725,.T.);
#15725 = EDGE_LOOP('',(#15726));
#15726 = ORIENTED_EDGE('',*,*,#15727,.T.);
#15727 = EDGE_CURVE('',#15728,#15728,#15730,.T.);
#15728 = VERTEX_POINT('',#15729);
#15729 = CARTESIAN_POINT('',(21.697056,43.457057,1.6));
#15730 = CIRCLE('',#15731,0.25);
#15731 = AXIS2_PLACEMENT_3D('',#15732,#15733,#15734);
#15732 = CARTESIAN_POINT('',(21.697056,43.707057,1.6));
#15733 = DIRECTION('',(-0.,0.,-1.));
#15734 = DIRECTION('',(-0.,-1.,0.));
#15735 = FACE_BOUND('',#15736,.T.);
#15736 = EDGE_LOOP('',(#15737));
#15737 = ORIENTED_EDGE('',*,*,#15738,.T.);
#15738 = EDGE_CURVE('',#15739,#15739,#15741,.T.);
#15739 = VERTEX_POINT('',#15740);
#15740 = CARTESIAN_POINT('',(18.85,50.700001,1.6));
#15741 = CIRCLE('',#15742,0.5);
#15742 = AXIS2_PLACEMENT_3D('',#15743,#15744,#15745);
#15743 = CARTESIAN_POINT('',(18.85,51.200001,1.6));
#15744 = DIRECTION('',(-0.,0.,-1.));
#15745 = DIRECTION('',(-0.,-1.,0.));
#15746 = PLANE('',#15747);
#15747 = AXIS2_PLACEMENT_3D('',#15748,#15749,#15750);
#15748 = CARTESIAN_POINT('',(0.,0.,1.6));
#15749 = DIRECTION('',(0.,0.,1.));
#15750 = DIRECTION('',(1.,0.,-0.));
#15751 = ADVANCED_FACE('',(#15752),#15763,.T.);
#15752 = FACE_BOUND('',#15753,.T.);
#15753 = EDGE_LOOP('',(#15754,#15760,#15761,#15762));
#15754 = ORIENTED_EDGE('',*,*,#15755,.T.);
#15755 = EDGE_CURVE('',#11434,#13596,#15756,.T.);
#15756 = LINE('',#15757,#15758);
#15757 = CARTESIAN_POINT('',(-33.258627,54.997843,0.));
#15758 = VECTOR('',#15759,1.);
#15759 = DIRECTION('',(0.,0.,1.));
#15760 = ORIENTED_EDGE('',*,*,#13595,.T.);
#15761 = ORIENTED_EDGE('',*,*,#11369,.F.);
#15762 = ORIENTED_EDGE('',*,*,#11433,.F.);
#15763 = PLANE('',#15764);
#15764 = AXIS2_PLACEMENT_3D('',#15765,#15766,#15767);
#15765 = CARTESIAN_POINT('',(-33.258627,54.997843,0.));
#15766 = DIRECTION('',(-1.034326603021E-02,0.999946506993,0.));
#15767 = DIRECTION('',(0.999946506993,1.034326603021E-02,0.));
#15768 = ADVANCED_FACE('',(#15769),#15780,.T.);
#15769 = FACE_BOUND('',#15770,.T.);
#15770 = EDGE_LOOP('',(#15771,#15772,#15773,#15779));
#15771 = ORIENTED_EDGE('',*,*,#11409,.T.);
#15772 = ORIENTED_EDGE('',*,*,#13671,.T.);
#15773 = ORIENTED_EDGE('',*,*,#15774,.F.);
#15774 = EDGE_CURVE('',#11501,#13663,#15775,.T.);
#15775 = LINE('',#15776,#15777);
#15776 = CARTESIAN_POINT('',(35.807116,-54.171127,0.));
#15777 = VECTOR('',#15778,1.);
#15778 = DIRECTION('',(0.,0.,1.));
#15779 = ORIENTED_EDGE('',*,*,#11509,.F.);
#15780 = CYLINDRICAL_SURFACE('',#15781,64.935819072349);
#15781 = AXIS2_PLACEMENT_3D('',#15782,#15783,#15784);
#15782 = CARTESIAN_POINT('',(9.276513033285E-07,9.999999992516E-07,0.));
#15783 = DIRECTION('',(0.,0.,-1.));
#15784 = DIRECTION('',(0.551423168043,0.834225682741,0.));
#15785 = ADVANCED_FACE('',(#15786),#15797,.T.);
#15786 = FACE_BOUND('',#15787,.T.);
#15787 = EDGE_LOOP('',(#15788,#15794,#15795,#15796));
#15788 = ORIENTED_EDGE('',*,*,#15789,.T.);
#15789 = EDGE_CURVE('',#11442,#13604,#15790,.T.);
#15790 = LINE('',#15791,#15792);
#15791 = CARTESIAN_POINT('',(-35.807116,54.171129,0.));
#15792 = VECTOR('',#15793,1.);
#15793 = DIRECTION('',(0.,0.,1.));
#15794 = ORIENTED_EDGE('',*,*,#13603,.T.);
#15795 = ORIENTED_EDGE('',*,*,#15755,.F.);
#15796 = ORIENTED_EDGE('',*,*,#11441,.F.);
#15797 = CYLINDRICAL_SURFACE('',#15798,4.972319393319);
#15798 = AXIS2_PLACEMENT_3D('',#15799,#15800,#15801);
#15799 = CARTESIAN_POINT('',(-33.05532127278,50.02968167709,0.));
#15800 = DIRECTION('',(0.,0.,-1.));
#15801 = DIRECTION('',(-0.553422760999,0.832900502827,0.));
#15802 = ADVANCED_FACE('',(#15803),#15814,.T.);
#15803 = FACE_BOUND('',#15804,.T.);
#15804 = EDGE_LOOP('',(#15805,#15806,#15807,#15813));
#15805 = ORIENTED_EDGE('',*,*,#15774,.T.);
#15806 = ORIENTED_EDGE('',*,*,#13662,.T.);
#15807 = ORIENTED_EDGE('',*,*,#15808,.F.);
#15808 = EDGE_CURVE('',#11493,#13655,#15809,.T.);
#15809 = LINE('',#15810,#15811);
#15810 = CARTESIAN_POINT('',(33.258627,-54.99784,0.));
#15811 = VECTOR('',#15812,1.);
#15812 = DIRECTION('',(0.,0.,1.));
#15813 = ORIENTED_EDGE('',*,*,#11500,.F.);
#15814 = CYLINDRICAL_SURFACE('',#15815,4.972363468792);
#15815 = AXIS2_PLACEMENT_3D('',#15816,#15817,#15818);
#15816 = CARTESIAN_POINT('',(33.055308754268,-50.02963507701,0.));
#15817 = DIRECTION('',(0.,0.,-1.));
#15818 = DIRECTION('',(0.553420373028,-0.832902089514,0.));
#15819 = ADVANCED_FACE('',(#15820),#15831,.T.);
#15820 = FACE_BOUND('',#15821,.T.);
#15821 = EDGE_LOOP('',(#15822,#15828,#15829,#15830));
#15822 = ORIENTED_EDGE('',*,*,#15823,.T.);
#15823 = EDGE_CURVE('',#11451,#13613,#15824,.T.);
#15824 = LINE('',#15825,#15826);
#15825 = CARTESIAN_POINT('',(-36.473922,53.727426,0.));
#15826 = VECTOR('',#15827,1.);
#15827 = DIRECTION('',(0.,0.,1.));
#15828 = ORIENTED_EDGE('',*,*,#13612,.T.);
#15829 = ORIENTED_EDGE('',*,*,#15789,.F.);
#15830 = ORIENTED_EDGE('',*,*,#11450,.F.);
#15831 = PLANE('',#15832);
#15832 = AXIS2_PLACEMENT_3D('',#15833,#15834,#15835);
#15833 = CARTESIAN_POINT('',(-36.473922,53.727426,0.));
#15834 = DIRECTION('',(-0.553978814727,0.832530763896,0.));
#15835 = DIRECTION('',(0.832530763896,0.553978814727,0.));
#15836 = ADVANCED_FACE('',(#15837),#15848,.T.);
#15837 = FACE_BOUND('',#15838,.T.);
#15838 = EDGE_LOOP('',(#15839,#15840,#15841,#15847));
#15839 = ORIENTED_EDGE('',*,*,#15808,.T.);
#15840 = ORIENTED_EDGE('',*,*,#13654,.T.);
#15841 = ORIENTED_EDGE('',*,*,#15842,.F.);
#15842 = EDGE_CURVE('',#11485,#13647,#15843,.T.);
#15843 = LINE('',#15844,#15845);
#15844 = CARTESIAN_POINT('',(33.05,-54.999999,0.));
#15845 = VECTOR('',#15846,1.);
#15846 = DIRECTION('',(0.,0.,1.));
#15847 = ORIENTED_EDGE('',*,*,#11492,.F.);
#15848 = PLANE('',#15849);
#15849 = AXIS2_PLACEMENT_3D('',#15850,#15851,#15852);
#15850 = CARTESIAN_POINT('',(33.258627,-54.99784,0.));
#15851 = DIRECTION('',(1.034805850418E-02,-0.999946457409,0.));
#15852 = DIRECTION('',(-0.999946457409,-1.034805850418E-02,0.));
#15853 = ADVANCED_FACE('',(#15854),#15865,.T.);
#15854 = FACE_BOUND('',#15855,.T.);
#15855 = EDGE_LOOP('',(#15856,#15862,#15863,#15864));
#15856 = ORIENTED_EDGE('',*,*,#15857,.T.);
#15857 = EDGE_CURVE('',#11459,#13621,#15858,.T.);
#15858 = LINE('',#15859,#15860);
#15859 = CARTESIAN_POINT('',(-35.807116,-54.171127,0.));
#15860 = VECTOR('',#15861,1.);
#15861 = DIRECTION('',(0.,0.,1.));
#15862 = ORIENTED_EDGE('',*,*,#13620,.T.);
#15863 = ORIENTED_EDGE('',*,*,#15823,.F.);
#15864 = ORIENTED_EDGE('',*,*,#11458,.F.);
#15865 = CYLINDRICAL_SURFACE('',#15866,64.935502967024);
#15866 = AXIS2_PLACEMENT_3D('',#15867,#15868,#15869);
#15867 = CARTESIAN_POINT('',(-2.80909129685E-03,1.478183503131E-03,0.));
#15868 = DIRECTION('',(0.,0.,-1.));
#15869 = DIRECTION('',(-0.551382606937,-0.834252492215,-0.));
#15870 = ADVANCED_FACE('',(#15871),#15882,.T.);
#15871 = FACE_BOUND('',#15872,.T.);
#15872 = EDGE_LOOP('',(#15873,#15874,#15875,#15881));
#15873 = ORIENTED_EDGE('',*,*,#15842,.T.);
#15874 = ORIENTED_EDGE('',*,*,#13646,.T.);
#15875 = ORIENTED_EDGE('',*,*,#15876,.F.);
#15876 = EDGE_CURVE('',#11476,#13638,#15877,.T.);
#15877 = LINE('',#15878,#15879);
#15878 = CARTESIAN_POINT('',(-33.05,-54.999999,0.));
#15879 = VECTOR('',#15880,1.);
#15880 = DIRECTION('',(0.,0.,1.));
#15881 = ORIENTED_EDGE('',*,*,#11484,.F.);
#15882 = PLANE('',#15883);
#15883 = AXIS2_PLACEMENT_3D('',#15884,#15885,#15886);
#15884 = CARTESIAN_POINT('',(33.05,-54.999999,0.));
#15885 = DIRECTION('',(0.,-1.,0.));
#15886 = DIRECTION('',(-1.,0.,0.));
#15887 = ADVANCED_FACE('',(#15888),#15899,.T.);
#15888 = FACE_BOUND('',#15889,.T.);
#15889 = EDGE_LOOP('',(#15890,#15896,#15897,#15898));
#15890 = ORIENTED_EDGE('',*,*,#15891,.T.);
#15891 = EDGE_CURVE('',#11468,#13630,#15892,.T.);
#15892 = LINE('',#15893,#15894);
#15893 = CARTESIAN_POINT('',(-35.631884,-54.284369,0.));
#15894 = VECTOR('',#15895,1.);
#15895 = DIRECTION('',(0.,0.,1.));
#15896 = ORIENTED_EDGE('',*,*,#13629,.T.);
#15897 = ORIENTED_EDGE('',*,*,#15857,.F.);
#15898 = ORIENTED_EDGE('',*,*,#11467,.F.);
#15899 = PLANE('',#15900);
#15900 = AXIS2_PLACEMENT_3D('',#15901,#15902,#15903);
#15901 = CARTESIAN_POINT('',(-35.631884,-54.284369,0.));
#15902 = DIRECTION('',(-0.542766675837,-0.83988352502,0.));
#15903 = DIRECTION('',(-0.83988352502,0.542766675837,0.));
#15904 = ADVANCED_FACE('',(#15905),#15911,.T.);
#15905 = FACE_BOUND('',#15906,.T.);
#15906 = EDGE_LOOP('',(#15907,#15908,#15909,#15910));
#15907 = ORIENTED_EDGE('',*,*,#15876,.T.);
#15908 = ORIENTED_EDGE('',*,*,#13637,.T.);
#15909 = ORIENTED_EDGE('',*,*,#15891,.F.);
#15910 = ORIENTED_EDGE('',*,*,#11475,.F.);
#15911 = CYLINDRICAL_SURFACE('',#15912,4.9723568118);
#15912 = AXIS2_PLACEMENT_3D('',#15913,#15914,#15915);
#15913 = CARTESIAN_POINT('',(-33.06191694025,-50.02765646851,0.));
#15914 = DIRECTION('',(0.,0.,-1.));
#15915 = DIRECTION('',(2.396638195116E-03,-0.999997128059,0.));
#15916 = ADVANCED_FACE('',(#15917),#15928,.F.);
#15917 = FACE_BOUND('',#15918,.T.);
#15918 = EDGE_LOOP('',(#15919,#15920,#15926,#15927));
#15919 = ORIENTED_EDGE('',*,*,#11519,.T.);
#15920 = ORIENTED_EDGE('',*,*,#15921,.T.);
#15921 = EDGE_CURVE('',#11520,#13682,#15922,.T.);
#15922 = LINE('',#15923,#15924);
#15923 = CARTESIAN_POINT('',(-18.85,-51.699999,-4.5E-02));
#15924 = VECTOR('',#15925,1.);
#15925 = DIRECTION('',(0.,0.,1.));
#15926 = ORIENTED_EDGE('',*,*,#13681,.F.);
#15927 = ORIENTED_EDGE('',*,*,#15921,.F.);
#15928 = CYLINDRICAL_SURFACE('',#15929,0.5);
#15929 = AXIS2_PLACEMENT_3D('',#15930,#15931,#15932);
#15930 = CARTESIAN_POINT('',(-18.85,-51.199999,-4.5E-02));
#15931 = DIRECTION('',(-0.,-0.,-1.));
#15932 = DIRECTION('',(-0.,-1.,0.));
#15933 = ADVANCED_FACE('',(#15934),#15945,.F.);
#15934 = FACE_BOUND('',#15935,.T.);
#15935 = EDGE_LOOP('',(#15936,#15937,#15943,#15944));
#15936 = ORIENTED_EDGE('',*,*,#11530,.T.);
#15937 = ORIENTED_EDGE('',*,*,#15938,.T.);
#15938 = EDGE_CURVE('',#11531,#13693,#15939,.T.);
#15939 = LINE('',#15940,#15941);
#15940 = CARTESIAN_POINT('',(-16.31,-51.699999,-4.5E-02));
#15941 = VECTOR('',#15942,1.);
#15942 = DIRECTION('',(0.,0.,1.));
#15943 = ORIENTED_EDGE('',*,*,#13692,.F.);
#15944 = ORIENTED_EDGE('',*,*,#15938,.F.);
#15945 = CYLINDRICAL_SURFACE('',#15946,0.5);
#15946 = AXIS2_PLACEMENT_3D('',#15947,#15948,#15949);
#15947 = CARTESIAN_POINT('',(-16.31,-51.199999,-4.5E-02));
#15948 = DIRECTION('',(-0.,-0.,-1.));
#15949 = DIRECTION('',(-0.,-1.,0.));
#15950 = ADVANCED_FACE('',(#15951),#15962,.F.);
#15951 = FACE_BOUND('',#15952,.T.);
#15952 = EDGE_LOOP('',(#15953,#15954,#15960,#15961));
#15953 = ORIENTED_EDGE('',*,*,#11541,.T.);
#15954 = ORIENTED_EDGE('',*,*,#15955,.T.);
#15955 = EDGE_CURVE('',#11542,#13704,#15956,.T.);
#15956 = LINE('',#15957,#15958);
#15957 = CARTESIAN_POINT('',(-21.697056,-43.957055,-4.5E-02));
#15958 = VECTOR('',#15959,1.);
#15959 = DIRECTION('',(0.,0.,1.));
#15960 = ORIENTED_EDGE('',*,*,#13703,.F.);
#15961 = ORIENTED_EDGE('',*,*,#15955,.F.);
#15962 = CYLINDRICAL_SURFACE('',#15963,0.25);
#15963 = AXIS2_PLACEMENT_3D('',#15964,#15965,#15966);
#15964 = CARTESIAN_POINT('',(-21.697056,-43.707055,-4.5E-02));
#15965 = DIRECTION('',(-0.,-0.,-1.));
#15966 = DIRECTION('',(-0.,-1.,0.));
#15967 = ADVANCED_FACE('',(#15968),#15979,.F.);
#15968 = FACE_BOUND('',#15969,.T.);
#15969 = EDGE_LOOP('',(#15970,#15971,#15977,#15978));
#15970 = ORIENTED_EDGE('',*,*,#11552,.T.);
#15971 = ORIENTED_EDGE('',*,*,#15972,.T.);
#15972 = EDGE_CURVE('',#11553,#13715,#15973,.T.);
#15973 = LINE('',#15974,#15975);
#15974 = CARTESIAN_POINT('',(-22.4,-42.259999,-4.5E-02));
#15975 = VECTOR('',#15976,1.);
#15976 = DIRECTION('',(0.,0.,1.));
#15977 = ORIENTED_EDGE('',*,*,#13714,.F.);
#15978 = ORIENTED_EDGE('',*,*,#15972,.F.);
#15979 = CYLINDRICAL_SURFACE('',#15980,0.25);
#15980 = AXIS2_PLACEMENT_3D('',#15981,#15982,#15983);
#15981 = CARTESIAN_POINT('',(-22.4,-42.009999,-4.5E-02));
#15982 = DIRECTION('',(-0.,-0.,-1.));
#15983 = DIRECTION('',(-0.,-1.,0.));
#15984 = ADVANCED_FACE('',(#15985),#15996,.F.);
#15985 = FACE_BOUND('',#15986,.T.);
#15986 = EDGE_LOOP('',(#15987,#15988,#15994,#15995));
#15987 = ORIENTED_EDGE('',*,*,#11563,.T.);
#15988 = ORIENTED_EDGE('',*,*,#15989,.T.);
#15989 = EDGE_CURVE('',#11564,#13726,#15990,.T.);
#15990 = LINE('',#15991,#15992);
#15991 = CARTESIAN_POINT('',(-21.697056,-40.562943,-4.5E-02));
#15992 = VECTOR('',#15993,1.);
#15993 = DIRECTION('',(0.,0.,1.));
#15994 = ORIENTED_EDGE('',*,*,#13725,.F.);
#15995 = ORIENTED_EDGE('',*,*,#15989,.F.);
#15996 = CYLINDRICAL_SURFACE('',#15997,0.25);
#15997 = AXIS2_PLACEMENT_3D('',#15998,#15999,#16000);
#15998 = CARTESIAN_POINT('',(-21.697056,-40.312943,-4.5E-02));
#15999 = DIRECTION('',(-0.,-0.,-1.));
#16000 = DIRECTION('',(-0.,-1.,0.));
#16001 = ADVANCED_FACE('',(#16002),#16013,.F.);
#16002 = FACE_BOUND('',#16003,.T.);
#16003 = EDGE_LOOP('',(#16004,#16005,#16011,#16012));
#16004 = ORIENTED_EDGE('',*,*,#11574,.T.);
#16005 = ORIENTED_EDGE('',*,*,#16006,.T.);
#16006 = EDGE_CURVE('',#11575,#13737,#16007,.T.);
#16007 = LINE('',#16008,#16009);
#16008 = CARTESIAN_POINT('',(-20.,-44.659999,-4.5E-02));
#16009 = VECTOR('',#16010,1.);
#16010 = DIRECTION('',(0.,0.,1.));
#16011 = ORIENTED_EDGE('',*,*,#13736,.F.);
#16012 = ORIENTED_EDGE('',*,*,#16006,.F.);
#16013 = CYLINDRICAL_SURFACE('',#16014,0.25);
#16014 = AXIS2_PLACEMENT_3D('',#16015,#16016,#16017);
#16015 = CARTESIAN_POINT('',(-20.,-44.409999,-4.5E-02));
#16016 = DIRECTION('',(-0.,-0.,-1.));
#16017 = DIRECTION('',(-0.,-1.,0.));
#16018 = ADVANCED_FACE('',(#16019),#16030,.F.);
#16019 = FACE_BOUND('',#16020,.T.);
#16020 = EDGE_LOOP('',(#16021,#16022,#16028,#16029));
#16021 = ORIENTED_EDGE('',*,*,#11585,.T.);
#16022 = ORIENTED_EDGE('',*,*,#16023,.T.);
#16023 = EDGE_CURVE('',#11586,#13748,#16024,.T.);
#16024 = LINE('',#16025,#16026);
#16025 = CARTESIAN_POINT('',(-18.302944,-43.957055,-4.5E-02));
#16026 = VECTOR('',#16027,1.);
#16027 = DIRECTION('',(0.,0.,1.));
#16028 = ORIENTED_EDGE('',*,*,#13747,.F.);
#16029 = ORIENTED_EDGE('',*,*,#16023,.F.);
#16030 = CYLINDRICAL_SURFACE('',#16031,0.25);
#16031 = AXIS2_PLACEMENT_3D('',#16032,#16033,#16034);
#16032 = CARTESIAN_POINT('',(-18.302944,-43.707055,-4.5E-02));
#16033 = DIRECTION('',(-0.,-0.,-1.));
#16034 = DIRECTION('',(-0.,-1.,0.));
#16035 = ADVANCED_FACE('',(#16036),#16047,.F.);
#16036 = FACE_BOUND('',#16037,.T.);
#16037 = EDGE_LOOP('',(#16038,#16039,#16045,#16046));
#16038 = ORIENTED_EDGE('',*,*,#11596,.T.);
#16039 = ORIENTED_EDGE('',*,*,#16040,.T.);
#16040 = EDGE_CURVE('',#11597,#13759,#16041,.T.);
#16041 = LINE('',#16042,#16043);
#16042 = CARTESIAN_POINT('',(-20.,-43.609999,-4.5E-02));
#16043 = VECTOR('',#16044,1.);
#16044 = DIRECTION('',(0.,0.,1.));
#16045 = ORIENTED_EDGE('',*,*,#13758,.F.);
#16046 = ORIENTED_EDGE('',*,*,#16040,.F.);
#16047 = CYLINDRICAL_SURFACE('',#16048,1.6);
#16048 = AXIS2_PLACEMENT_3D('',#16049,#16050,#16051);
#16049 = CARTESIAN_POINT('',(-20.,-42.009999,-4.5E-02));
#16050 = DIRECTION('',(-0.,-0.,-1.));
#16051 = DIRECTION('',(-0.,-1.,0.));
#16052 = ADVANCED_FACE('',(#16053),#16064,.F.);
#16053 = FACE_BOUND('',#16054,.T.);
#16054 = EDGE_LOOP('',(#16055,#16056,#16062,#16063));
#16055 = ORIENTED_EDGE('',*,*,#11607,.T.);
#16056 = ORIENTED_EDGE('',*,*,#16057,.T.);
#16057 = EDGE_CURVE('',#11608,#13770,#16058,.T.);
#16058 = LINE('',#16059,#16060);
#16059 = CARTESIAN_POINT('',(-17.6,-42.259999,-4.5E-02));
#16060 = VECTOR('',#16061,1.);
#16061 = DIRECTION('',(0.,0.,1.));
#16062 = ORIENTED_EDGE('',*,*,#13769,.F.);
#16063 = ORIENTED_EDGE('',*,*,#16057,.F.);
#16064 = CYLINDRICAL_SURFACE('',#16065,0.25);
#16065 = AXIS2_PLACEMENT_3D('',#16066,#16067,#16068);
#16066 = CARTESIAN_POINT('',(-17.6,-42.009999,-4.5E-02));
#16067 = DIRECTION('',(-0.,-0.,-1.));
#16068 = DIRECTION('',(-0.,-1.,0.));
#16069 = ADVANCED_FACE('',(#16070),#16081,.F.);
#16070 = FACE_BOUND('',#16071,.T.);
#16071 = EDGE_LOOP('',(#16072,#16073,#16079,#16080));
#16072 = ORIENTED_EDGE('',*,*,#11618,.T.);
#16073 = ORIENTED_EDGE('',*,*,#16074,.T.);
#16074 = EDGE_CURVE('',#11619,#13781,#16075,.T.);
#16075 = LINE('',#16076,#16077);
#16076 = CARTESIAN_POINT('',(-20.,-39.859999,-4.5E-02));
#16077 = VECTOR('',#16078,1.);
#16078 = DIRECTION('',(0.,0.,1.));
#16079 = ORIENTED_EDGE('',*,*,#13780,.F.);
#16080 = ORIENTED_EDGE('',*,*,#16074,.F.);
#16081 = CYLINDRICAL_SURFACE('',#16082,0.25);
#16082 = AXIS2_PLACEMENT_3D('',#16083,#16084,#16085);
#16083 = CARTESIAN_POINT('',(-20.,-39.609999,-4.5E-02));
#16084 = DIRECTION('',(-0.,-0.,-1.));
#16085 = DIRECTION('',(-0.,-1.,0.));
#16086 = ADVANCED_FACE('',(#16087),#16098,.F.);
#16087 = FACE_BOUND('',#16088,.T.);
#16088 = EDGE_LOOP('',(#16089,#16090,#16096,#16097));
#16089 = ORIENTED_EDGE('',*,*,#11629,.T.);
#16090 = ORIENTED_EDGE('',*,*,#16091,.T.);
#16091 = EDGE_CURVE('',#11630,#13792,#16092,.T.);
#16092 = LINE('',#16093,#16094);
#16093 = CARTESIAN_POINT('',(-18.302944,-40.562943,-4.5E-02));
#16094 = VECTOR('',#16095,1.);
#16095 = DIRECTION('',(0.,0.,1.));
#16096 = ORIENTED_EDGE('',*,*,#13791,.F.);
#16097 = ORIENTED_EDGE('',*,*,#16091,.F.);
#16098 = CYLINDRICAL_SURFACE('',#16099,0.25);
#16099 = AXIS2_PLACEMENT_3D('',#16100,#16101,#16102);
#16100 = CARTESIAN_POINT('',(-18.302944,-40.312943,-4.5E-02));
#16101 = DIRECTION('',(-0.,-0.,-1.));
#16102 = DIRECTION('',(-0.,-1.,0.));
#16103 = ADVANCED_FACE('',(#16104),#16115,.F.);
#16104 = FACE_BOUND('',#16105,.T.);
#16105 = EDGE_LOOP('',(#16106,#16107,#16113,#16114));
#16106 = ORIENTED_EDGE('',*,*,#11640,.T.);
#16107 = ORIENTED_EDGE('',*,*,#16108,.T.);
#16108 = EDGE_CURVE('',#11641,#13803,#16109,.T.);
#16109 = LINE('',#16110,#16111);
#16110 = CARTESIAN_POINT('',(-13.77,-51.699999,-4.5E-02));
#16111 = VECTOR('',#16112,1.);
#16112 = DIRECTION('',(0.,0.,1.));
#16113 = ORIENTED_EDGE('',*,*,#13802,.F.);
#16114 = ORIENTED_EDGE('',*,*,#16108,.F.);
#16115 = CYLINDRICAL_SURFACE('',#16116,0.5);
#16116 = AXIS2_PLACEMENT_3D('',#16117,#16118,#16119);
#16117 = CARTESIAN_POINT('',(-13.77,-51.199999,-4.5E-02));
#16118 = DIRECTION('',(-0.,-0.,-1.));
#16119 = DIRECTION('',(-0.,-1.,0.));
#16120 = ADVANCED_FACE('',(#16121),#16132,.F.);
#16121 = FACE_BOUND('',#16122,.T.);
#16122 = EDGE_LOOP('',(#16123,#16124,#16130,#16131));
#16123 = ORIENTED_EDGE('',*,*,#11651,.T.);
#16124 = ORIENTED_EDGE('',*,*,#16125,.T.);
#16125 = EDGE_CURVE('',#11652,#13814,#16126,.T.);
#16126 = LINE('',#16127,#16128);
#16127 = CARTESIAN_POINT('',(-11.23,-51.699999,-4.5E-02));
#16128 = VECTOR('',#16129,1.);
#16129 = DIRECTION('',(0.,0.,1.));
#16130 = ORIENTED_EDGE('',*,*,#13813,.F.);
#16131 = ORIENTED_EDGE('',*,*,#16125,.F.);
#16132 = CYLINDRICAL_SURFACE('',#16133,0.5);
#16133 = AXIS2_PLACEMENT_3D('',#16134,#16135,#16136);
#16134 = CARTESIAN_POINT('',(-11.23,-51.199999,-4.5E-02));
#16135 = DIRECTION('',(-0.,-0.,-1.));
#16136 = DIRECTION('',(-0.,-1.,0.));
#16137 = ADVANCED_FACE('',(#16138),#16149,.F.);
#16138 = FACE_BOUND('',#16139,.T.);
#16139 = EDGE_LOOP('',(#16140,#16141,#16147,#16148));
#16140 = ORIENTED_EDGE('',*,*,#11662,.T.);
#16141 = ORIENTED_EDGE('',*,*,#16142,.T.);
#16142 = EDGE_CURVE('',#11663,#13825,#16143,.T.);
#16143 = LINE('',#16144,#16145);
#16144 = CARTESIAN_POINT('',(-8.69,-51.699999,-4.5E-02));
#16145 = VECTOR('',#16146,1.);
#16146 = DIRECTION('',(0.,0.,1.));
#16147 = ORIENTED_EDGE('',*,*,#13824,.F.);
#16148 = ORIENTED_EDGE('',*,*,#16142,.F.);
#16149 = CYLINDRICAL_SURFACE('',#16150,0.5);
#16150 = AXIS2_PLACEMENT_3D('',#16151,#16152,#16153);
#16151 = CARTESIAN_POINT('',(-8.69,-51.199999,-4.5E-02));
#16152 = DIRECTION('',(-0.,-0.,-1.));
#16153 = DIRECTION('',(-0.,-1.,0.));
#16154 = ADVANCED_FACE('',(#16155),#16166,.F.);
#16155 = FACE_BOUND('',#16156,.T.);
#16156 = EDGE_LOOP('',(#16157,#16158,#16164,#16165));
#16157 = ORIENTED_EDGE('',*,*,#11673,.T.);
#16158 = ORIENTED_EDGE('',*,*,#16159,.T.);
#16159 = EDGE_CURVE('',#11674,#13836,#16160,.T.);
#16160 = LINE('',#16161,#16162);
#16161 = CARTESIAN_POINT('',(-6.15,-51.699999,-4.5E-02));
#16162 = VECTOR('',#16163,1.);
#16163 = DIRECTION('',(0.,0.,1.));
#16164 = ORIENTED_EDGE('',*,*,#13835,.F.);
#16165 = ORIENTED_EDGE('',*,*,#16159,.F.);
#16166 = CYLINDRICAL_SURFACE('',#16167,0.5);
#16167 = AXIS2_PLACEMENT_3D('',#16168,#16169,#16170);
#16168 = CARTESIAN_POINT('',(-6.15,-51.199999,-4.5E-02));
#16169 = DIRECTION('',(-0.,-0.,-1.));
#16170 = DIRECTION('',(-0.,-1.,0.));
#16171 = ADVANCED_FACE('',(#16172),#16183,.F.);
#16172 = FACE_BOUND('',#16173,.T.);
#16173 = EDGE_LOOP('',(#16174,#16175,#16181,#16182));
#16174 = ORIENTED_EDGE('',*,*,#11684,.T.);
#16175 = ORIENTED_EDGE('',*,*,#16176,.T.);
#16176 = EDGE_CURVE('',#11685,#13847,#16177,.T.);
#16177 = LINE('',#16178,#16179);
#16178 = CARTESIAN_POINT('',(-6.697056,-43.957055,-4.5E-02));
#16179 = VECTOR('',#16180,1.);
#16180 = DIRECTION('',(0.,0.,1.));
#16181 = ORIENTED_EDGE('',*,*,#13846,.F.);
#16182 = ORIENTED_EDGE('',*,*,#16176,.F.);
#16183 = CYLINDRICAL_SURFACE('',#16184,0.25);
#16184 = AXIS2_PLACEMENT_3D('',#16185,#16186,#16187);
#16185 = CARTESIAN_POINT('',(-6.697056,-43.707055,-4.5E-02));
#16186 = DIRECTION('',(-0.,-0.,-1.));
#16187 = DIRECTION('',(-0.,-1.,0.));
#16188 = ADVANCED_FACE('',(#16189),#16200,.F.);
#16189 = FACE_BOUND('',#16190,.T.);
#16190 = EDGE_LOOP('',(#16191,#16192,#16198,#16199));
#16191 = ORIENTED_EDGE('',*,*,#11695,.T.);
#16192 = ORIENTED_EDGE('',*,*,#16193,.T.);
#16193 = EDGE_CURVE('',#11696,#13858,#16194,.T.);
#16194 = LINE('',#16195,#16196);
#16195 = CARTESIAN_POINT('',(-7.4,-42.259999,-4.5E-02));
#16196 = VECTOR('',#16197,1.);
#16197 = DIRECTION('',(0.,0.,1.));
#16198 = ORIENTED_EDGE('',*,*,#13857,.F.);
#16199 = ORIENTED_EDGE('',*,*,#16193,.F.);
#16200 = CYLINDRICAL_SURFACE('',#16201,0.25);
#16201 = AXIS2_PLACEMENT_3D('',#16202,#16203,#16204);
#16202 = CARTESIAN_POINT('',(-7.4,-42.009999,-4.5E-02));
#16203 = DIRECTION('',(-0.,-0.,-1.));
#16204 = DIRECTION('',(-0.,-1.,0.));
#16205 = ADVANCED_FACE('',(#16206),#16217,.F.);
#16206 = FACE_BOUND('',#16207,.T.);
#16207 = EDGE_LOOP('',(#16208,#16209,#16215,#16216));
#16208 = ORIENTED_EDGE('',*,*,#11706,.T.);
#16209 = ORIENTED_EDGE('',*,*,#16210,.T.);
#16210 = EDGE_CURVE('',#11707,#13869,#16211,.T.);
#16211 = LINE('',#16212,#16213);
#16212 = CARTESIAN_POINT('',(-5.,-44.659999,-4.5E-02));
#16213 = VECTOR('',#16214,1.);
#16214 = DIRECTION('',(0.,0.,1.));
#16215 = ORIENTED_EDGE('',*,*,#13868,.F.);
#16216 = ORIENTED_EDGE('',*,*,#16210,.F.);
#16217 = CYLINDRICAL_SURFACE('',#16218,0.25);
#16218 = AXIS2_PLACEMENT_3D('',#16219,#16220,#16221);
#16219 = CARTESIAN_POINT('',(-5.,-44.409999,-4.5E-02));
#16220 = DIRECTION('',(-0.,-0.,-1.));
#16221 = DIRECTION('',(-0.,-1.,0.));
#16222 = ADVANCED_FACE('',(#16223),#16234,.F.);
#16223 = FACE_BOUND('',#16224,.T.);
#16224 = EDGE_LOOP('',(#16225,#16226,#16232,#16233));
#16225 = ORIENTED_EDGE('',*,*,#11717,.T.);
#16226 = ORIENTED_EDGE('',*,*,#16227,.T.);
#16227 = EDGE_CURVE('',#11718,#13880,#16228,.T.);
#16228 = LINE('',#16229,#16230);
#16229 = CARTESIAN_POINT('',(-5.,-43.609999,-4.5E-02));
#16230 = VECTOR('',#16231,1.);
#16231 = DIRECTION('',(0.,0.,1.));
#16232 = ORIENTED_EDGE('',*,*,#13879,.F.);
#16233 = ORIENTED_EDGE('',*,*,#16227,.F.);
#16234 = CYLINDRICAL_SURFACE('',#16235,1.6);
#16235 = AXIS2_PLACEMENT_3D('',#16236,#16237,#16238);
#16236 = CARTESIAN_POINT('',(-5.,-42.009999,-4.5E-02));
#16237 = DIRECTION('',(-0.,-0.,-1.));
#16238 = DIRECTION('',(-0.,-1.,0.));
#16239 = ADVANCED_FACE('',(#16240),#16251,.F.);
#16240 = FACE_BOUND('',#16241,.T.);
#16241 = EDGE_LOOP('',(#16242,#16243,#16249,#16250));
#16242 = ORIENTED_EDGE('',*,*,#11728,.T.);
#16243 = ORIENTED_EDGE('',*,*,#16244,.T.);
#16244 = EDGE_CURVE('',#11729,#13891,#16245,.T.);
#16245 = LINE('',#16246,#16247);
#16246 = CARTESIAN_POINT('',(-6.697056,-40.562943,-4.5E-02));
#16247 = VECTOR('',#16248,1.);
#16248 = DIRECTION('',(0.,0.,1.));
#16249 = ORIENTED_EDGE('',*,*,#13890,.F.);
#16250 = ORIENTED_EDGE('',*,*,#16244,.F.);
#16251 = CYLINDRICAL_SURFACE('',#16252,0.25);
#16252 = AXIS2_PLACEMENT_3D('',#16253,#16254,#16255);
#16253 = CARTESIAN_POINT('',(-6.697056,-40.312943,-4.5E-02));
#16254 = DIRECTION('',(-0.,-0.,-1.));
#16255 = DIRECTION('',(-0.,-1.,0.));
#16256 = ADVANCED_FACE('',(#16257),#16268,.F.);
#16257 = FACE_BOUND('',#16258,.T.);
#16258 = EDGE_LOOP('',(#16259,#16260,#16266,#16267));
#16259 = ORIENTED_EDGE('',*,*,#11739,.T.);
#16260 = ORIENTED_EDGE('',*,*,#16261,.T.);
#16261 = EDGE_CURVE('',#11740,#13902,#16262,.T.);
#16262 = LINE('',#16263,#16264);
#16263 = CARTESIAN_POINT('',(-5.,-39.859999,-4.5E-02));
#16264 = VECTOR('',#16265,1.);
#16265 = DIRECTION('',(0.,0.,1.));
#16266 = ORIENTED_EDGE('',*,*,#13901,.F.);
#16267 = ORIENTED_EDGE('',*,*,#16261,.F.);
#16268 = CYLINDRICAL_SURFACE('',#16269,0.25);
#16269 = AXIS2_PLACEMENT_3D('',#16270,#16271,#16272);
#16270 = CARTESIAN_POINT('',(-5.,-39.609999,-4.5E-02));
#16271 = DIRECTION('',(-0.,-0.,-1.));
#16272 = DIRECTION('',(-0.,-1.,0.));
#16273 = ADVANCED_FACE('',(#16274),#16285,.F.);
#16274 = FACE_BOUND('',#16275,.T.);
#16275 = EDGE_LOOP('',(#16276,#16277,#16283,#16284));
#16276 = ORIENTED_EDGE('',*,*,#11750,.T.);
#16277 = ORIENTED_EDGE('',*,*,#16278,.T.);
#16278 = EDGE_CURVE('',#11751,#13913,#16279,.T.);
#16279 = LINE('',#16280,#16281);
#16280 = CARTESIAN_POINT('',(-23.05,-32.649999,-4.5E-02));
#16281 = VECTOR('',#16282,1.);
#16282 = DIRECTION('',(0.,0.,1.));
#16283 = ORIENTED_EDGE('',*,*,#13912,.F.);
#16284 = ORIENTED_EDGE('',*,*,#16278,.F.);
#16285 = CYLINDRICAL_SURFACE('',#16286,0.25);
#16286 = AXIS2_PLACEMENT_3D('',#16287,#16288,#16289);
#16287 = CARTESIAN_POINT('',(-23.05,-32.399999,-4.5E-02));
#16288 = DIRECTION('',(-0.,-0.,-1.));
#16289 = DIRECTION('',(-0.,-1.,0.));
#16290 = ADVANCED_FACE('',(#16291),#16302,.F.);
#16291 = FACE_BOUND('',#16292,.T.);
#16292 = EDGE_LOOP('',(#16293,#16294,#16300,#16301));
#16293 = ORIENTED_EDGE('',*,*,#11761,.T.);
#16294 = ORIENTED_EDGE('',*,*,#16295,.T.);
#16295 = EDGE_CURVE('',#11762,#13924,#16296,.T.);
#16296 = LINE('',#16297,#16298);
#16297 = CARTESIAN_POINT('',(-15.98,-34.788999,-4.5E-02));
#16298 = VECTOR('',#16299,1.);
#16299 = DIRECTION('',(0.,0.,1.));
#16300 = ORIENTED_EDGE('',*,*,#13923,.F.);
#16301 = ORIENTED_EDGE('',*,*,#16295,.F.);
#16302 = CYLINDRICAL_SURFACE('',#16303,0.5);
#16303 = AXIS2_PLACEMENT_3D('',#16304,#16305,#16306);
#16304 = CARTESIAN_POINT('',(-15.98,-34.288999,-4.5E-02));
#16305 = DIRECTION('',(-0.,-0.,-1.));
#16306 = DIRECTION('',(-0.,-1.,0.));
#16307 = ADVANCED_FACE('',(#16308),#16319,.F.);
#16308 = FACE_BOUND('',#16309,.T.);
#16309 = EDGE_LOOP('',(#16310,#16311,#16317,#16318));
#16310 = ORIENTED_EDGE('',*,*,#11772,.T.);
#16311 = ORIENTED_EDGE('',*,*,#16312,.T.);
#16312 = EDGE_CURVE('',#11773,#13935,#16313,.T.);
#16313 = LINE('',#16314,#16315);
#16314 = CARTESIAN_POINT('',(-24.747056,-31.947055,-4.5E-02));
#16315 = VECTOR('',#16316,1.);
#16316 = DIRECTION('',(0.,0.,1.));
#16317 = ORIENTED_EDGE('',*,*,#13934,.F.);
#16318 = ORIENTED_EDGE('',*,*,#16312,.F.);
#16319 = CYLINDRICAL_SURFACE('',#16320,0.25);
#16320 = AXIS2_PLACEMENT_3D('',#16321,#16322,#16323);
#16321 = CARTESIAN_POINT('',(-24.747056,-31.697055,-4.5E-02));
#16322 = DIRECTION('',(-0.,-0.,-1.));
#16323 = DIRECTION('',(-0.,-1.,0.));
#16324 = ADVANCED_FACE('',(#16325),#16336,.F.);
#16325 = FACE_BOUND('',#16326,.T.);
#16326 = EDGE_LOOP('',(#16327,#16328,#16334,#16335));
#16327 = ORIENTED_EDGE('',*,*,#11783,.T.);
#16328 = ORIENTED_EDGE('',*,*,#16329,.T.);
#16329 = EDGE_CURVE('',#11784,#13946,#16330,.T.);
#16330 = LINE('',#16331,#16332);
#16331 = CARTESIAN_POINT('',(-25.45,-30.249999,-4.5E-02));
#16332 = VECTOR('',#16333,1.);
#16333 = DIRECTION('',(0.,0.,1.));
#16334 = ORIENTED_EDGE('',*,*,#13945,.F.);
#16335 = ORIENTED_EDGE('',*,*,#16329,.F.);
#16336 = CYLINDRICAL_SURFACE('',#16337,0.25);
#16337 = AXIS2_PLACEMENT_3D('',#16338,#16339,#16340);
#16338 = CARTESIAN_POINT('',(-25.45,-29.999999,-4.5E-02));
#16339 = DIRECTION('',(-0.,-0.,-1.));
#16340 = DIRECTION('',(-0.,-1.,0.));
#16341 = ADVANCED_FACE('',(#16342),#16353,.F.);
#16342 = FACE_BOUND('',#16343,.T.);
#16343 = EDGE_LOOP('',(#16344,#16345,#16351,#16352));
#16344 = ORIENTED_EDGE('',*,*,#11794,.T.);
#16345 = ORIENTED_EDGE('',*,*,#16346,.T.);
#16346 = EDGE_CURVE('',#11795,#13957,#16347,.T.);
#16347 = LINE('',#16348,#16349);
#16348 = CARTESIAN_POINT('',(-21.352944,-31.947055,-4.5E-02));
#16349 = VECTOR('',#16350,1.);
#16350 = DIRECTION('',(0.,0.,1.));
#16351 = ORIENTED_EDGE('',*,*,#13956,.F.);
#16352 = ORIENTED_EDGE('',*,*,#16346,.F.);
#16353 = CYLINDRICAL_SURFACE('',#16354,0.25);
#16354 = AXIS2_PLACEMENT_3D('',#16355,#16356,#16357);
#16355 = CARTESIAN_POINT('',(-21.352944,-31.697055,-4.5E-02));
#16356 = DIRECTION('',(-0.,-0.,-1.));
#16357 = DIRECTION('',(-0.,-1.,0.));
#16358 = ADVANCED_FACE('',(#16359),#16370,.F.);
#16359 = FACE_BOUND('',#16360,.T.);
#16360 = EDGE_LOOP('',(#16361,#16362,#16368,#16369));
#16361 = ORIENTED_EDGE('',*,*,#11805,.T.);
#16362 = ORIENTED_EDGE('',*,*,#16363,.T.);
#16363 = EDGE_CURVE('',#11806,#13968,#16364,.T.);
#16364 = LINE('',#16365,#16366);
#16365 = CARTESIAN_POINT('',(-23.05,-31.599999,-4.5E-02));
#16366 = VECTOR('',#16367,1.);
#16367 = DIRECTION('',(0.,0.,1.));
#16368 = ORIENTED_EDGE('',*,*,#13967,.F.);
#16369 = ORIENTED_EDGE('',*,*,#16363,.F.);
#16370 = CYLINDRICAL_SURFACE('',#16371,1.6);
#16371 = AXIS2_PLACEMENT_3D('',#16372,#16373,#16374);
#16372 = CARTESIAN_POINT('',(-23.05,-29.999999,-4.5E-02));
#16373 = DIRECTION('',(-0.,-0.,-1.));
#16374 = DIRECTION('',(-2.22044604925E-15,-1.,0.));
#16375 = ADVANCED_FACE('',(#16376),#16387,.F.);
#16376 = FACE_BOUND('',#16377,.T.);
#16377 = EDGE_LOOP('',(#16378,#16379,#16385,#16386));
#16378 = ORIENTED_EDGE('',*,*,#11816,.T.);
#16379 = ORIENTED_EDGE('',*,*,#16380,.T.);
#16380 = EDGE_CURVE('',#11817,#13979,#16381,.T.);
#16381 = LINE('',#16382,#16383);
#16382 = CARTESIAN_POINT('',(-20.65,-30.249999,-4.5E-02));
#16383 = VECTOR('',#16384,1.);
#16384 = DIRECTION('',(0.,0.,1.));
#16385 = ORIENTED_EDGE('',*,*,#13978,.F.);
#16386 = ORIENTED_EDGE('',*,*,#16380,.F.);
#16387 = CYLINDRICAL_SURFACE('',#16388,0.25);
#16388 = AXIS2_PLACEMENT_3D('',#16389,#16390,#16391);
#16389 = CARTESIAN_POINT('',(-20.65,-29.999999,-4.5E-02));
#16390 = DIRECTION('',(-0.,-0.,-1.));
#16391 = DIRECTION('',(-0.,-1.,0.));
#16392 = ADVANCED_FACE('',(#16393),#16404,.F.);
#16393 = FACE_BOUND('',#16394,.T.);
#16394 = EDGE_LOOP('',(#16395,#16396,#16402,#16403));
#16395 = ORIENTED_EDGE('',*,*,#11827,.T.);
#16396 = ORIENTED_EDGE('',*,*,#16397,.T.);
#16397 = EDGE_CURVE('',#11828,#13990,#16398,.T.);
#16398 = LINE('',#16399,#16400);
#16399 = CARTESIAN_POINT('',(-24.747056,-28.552943,-4.5E-02));
#16400 = VECTOR('',#16401,1.);
#16401 = DIRECTION('',(0.,0.,1.));
#16402 = ORIENTED_EDGE('',*,*,#13989,.F.);
#16403 = ORIENTED_EDGE('',*,*,#16397,.F.);
#16404 = CYLINDRICAL_SURFACE('',#16405,0.25);
#16405 = AXIS2_PLACEMENT_3D('',#16406,#16407,#16408);
#16406 = CARTESIAN_POINT('',(-24.747056,-28.302943,-4.5E-02));
#16407 = DIRECTION('',(-0.,-0.,-1.));
#16408 = DIRECTION('',(-0.,-1.,0.));
#16409 = ADVANCED_FACE('',(#16410),#16421,.F.);
#16410 = FACE_BOUND('',#16411,.T.);
#16411 = EDGE_LOOP('',(#16412,#16413,#16419,#16420));
#16412 = ORIENTED_EDGE('',*,*,#11838,.T.);
#16413 = ORIENTED_EDGE('',*,*,#16414,.T.);
#16414 = EDGE_CURVE('',#11839,#14001,#16415,.T.);
#16415 = LINE('',#16416,#16417);
#16416 = CARTESIAN_POINT('',(-23.05,-27.849999,-4.5E-02));
#16417 = VECTOR('',#16418,1.);
#16418 = DIRECTION('',(0.,0.,1.));
#16419 = ORIENTED_EDGE('',*,*,#14000,.F.);
#16420 = ORIENTED_EDGE('',*,*,#16414,.F.);
#16421 = CYLINDRICAL_SURFACE('',#16422,0.25);
#16422 = AXIS2_PLACEMENT_3D('',#16423,#16424,#16425);
#16423 = CARTESIAN_POINT('',(-23.05,-27.599999,-4.5E-02));
#16424 = DIRECTION('',(-0.,-0.,-1.));
#16425 = DIRECTION('',(-0.,-1.,0.));
#16426 = ADVANCED_FACE('',(#16427),#16438,.F.);
#16427 = FACE_BOUND('',#16428,.T.);
#16428 = EDGE_LOOP('',(#16429,#16430,#16436,#16437));
#16429 = ORIENTED_EDGE('',*,*,#11849,.T.);
#16430 = ORIENTED_EDGE('',*,*,#16431,.T.);
#16431 = EDGE_CURVE('',#11850,#14012,#16432,.T.);
#16432 = LINE('',#16433,#16434);
#16433 = CARTESIAN_POINT('',(-21.352944,-28.552943,-4.5E-02));
#16434 = VECTOR('',#16435,1.);
#16435 = DIRECTION('',(0.,0.,1.));
#16436 = ORIENTED_EDGE('',*,*,#14011,.F.);
#16437 = ORIENTED_EDGE('',*,*,#16431,.F.);
#16438 = CYLINDRICAL_SURFACE('',#16439,0.25);
#16439 = AXIS2_PLACEMENT_3D('',#16440,#16441,#16442);
#16440 = CARTESIAN_POINT('',(-21.352944,-28.302943,-4.5E-02));
#16441 = DIRECTION('',(-0.,-0.,-1.));
#16442 = DIRECTION('',(-0.,-1.,0.));
#16443 = ADVANCED_FACE('',(#16444),#16455,.F.);
#16444 = FACE_BOUND('',#16445,.T.);
#16445 = EDGE_LOOP('',(#16446,#16447,#16453,#16454));
#16446 = ORIENTED_EDGE('',*,*,#11860,.T.);
#16447 = ORIENTED_EDGE('',*,*,#16448,.T.);
#16448 = EDGE_CURVE('',#11861,#14023,#16449,.T.);
#16449 = LINE('',#16450,#16451);
#16450 = CARTESIAN_POINT('',(-15.98,-32.248999,-4.5E-02));
#16451 = VECTOR('',#16452,1.);
#16452 = DIRECTION('',(0.,0.,1.));
#16453 = ORIENTED_EDGE('',*,*,#14022,.F.);
#16454 = ORIENTED_EDGE('',*,*,#16448,.F.);
#16455 = CYLINDRICAL_SURFACE('',#16456,0.5);
#16456 = AXIS2_PLACEMENT_3D('',#16457,#16458,#16459);
#16457 = CARTESIAN_POINT('',(-15.98,-31.748999,-4.5E-02));
#16458 = DIRECTION('',(-0.,-0.,-1.));
#16459 = DIRECTION('',(-0.,-1.,0.));
#16460 = ADVANCED_FACE('',(#16461),#16472,.F.);
#16461 = FACE_BOUND('',#16462,.T.);
#16462 = EDGE_LOOP('',(#16463,#16464,#16470,#16471));
#16463 = ORIENTED_EDGE('',*,*,#11871,.T.);
#16464 = ORIENTED_EDGE('',*,*,#16465,.T.);
#16465 = EDGE_CURVE('',#11872,#14034,#16466,.T.);
#16466 = LINE('',#16467,#16468);
#16467 = CARTESIAN_POINT('',(-15.98,-29.708999,-4.5E-02));
#16468 = VECTOR('',#16469,1.);
#16469 = DIRECTION('',(0.,0.,1.));
#16470 = ORIENTED_EDGE('',*,*,#14033,.F.);
#16471 = ORIENTED_EDGE('',*,*,#16465,.F.);
#16472 = CYLINDRICAL_SURFACE('',#16473,0.5);
#16473 = AXIS2_PLACEMENT_3D('',#16474,#16475,#16476);
#16474 = CARTESIAN_POINT('',(-15.98,-29.208999,-4.5E-02));
#16475 = DIRECTION('',(-0.,-0.,-1.));
#16476 = DIRECTION('',(-0.,-1.,0.));
#16477 = ADVANCED_FACE('',(#16478),#16489,.F.);
#16478 = FACE_BOUND('',#16479,.T.);
#16479 = EDGE_LOOP('',(#16480,#16481,#16487,#16488));
#16480 = ORIENTED_EDGE('',*,*,#11882,.T.);
#16481 = ORIENTED_EDGE('',*,*,#16482,.T.);
#16482 = EDGE_CURVE('',#11883,#14045,#16483,.T.);
#16483 = LINE('',#16484,#16485);
#16484 = CARTESIAN_POINT('',(-15.98,-27.168999,-4.5E-02));
#16485 = VECTOR('',#16486,1.);
#16486 = DIRECTION('',(0.,0.,1.));
#16487 = ORIENTED_EDGE('',*,*,#14044,.F.);
#16488 = ORIENTED_EDGE('',*,*,#16482,.F.);
#16489 = CYLINDRICAL_SURFACE('',#16490,0.5);
#16490 = AXIS2_PLACEMENT_3D('',#16491,#16492,#16493);
#16491 = CARTESIAN_POINT('',(-15.98,-26.668999,-4.5E-02));
#16492 = DIRECTION('',(-0.,-0.,-1.));
#16493 = DIRECTION('',(-0.,-1.,0.));
#16494 = ADVANCED_FACE('',(#16495),#16506,.F.);
#16495 = FACE_BOUND('',#16496,.T.);
#16496 = EDGE_LOOP('',(#16497,#16498,#16504,#16505));
#16497 = ORIENTED_EDGE('',*,*,#11893,.T.);
#16498 = ORIENTED_EDGE('',*,*,#16499,.T.);
#16499 = EDGE_CURVE('',#11894,#14056,#16500,.T.);
#16500 = LINE('',#16501,#16502);
#16501 = CARTESIAN_POINT('',(-26.757056,-9.447055,-4.5E-02));
#16502 = VECTOR('',#16503,1.);
#16503 = DIRECTION('',(0.,0.,1.));
#16504 = ORIENTED_EDGE('',*,*,#14055,.F.);
#16505 = ORIENTED_EDGE('',*,*,#16499,.F.);
#16506 = CYLINDRICAL_SURFACE('',#16507,0.25);
#16507 = AXIS2_PLACEMENT_3D('',#16508,#16509,#16510);
#16508 = CARTESIAN_POINT('',(-26.757056,-9.197055,-4.5E-02));
#16509 = DIRECTION('',(-0.,-0.,-1.));
#16510 = DIRECTION('',(-0.,-1.,0.));
#16511 = ADVANCED_FACE('',(#16512),#16523,.F.);
#16512 = FACE_BOUND('',#16513,.T.);
#16513 = EDGE_LOOP('',(#16514,#16515,#16521,#16522));
#16514 = ORIENTED_EDGE('',*,*,#11904,.T.);
#16515 = ORIENTED_EDGE('',*,*,#16516,.T.);
#16516 = EDGE_CURVE('',#11905,#14067,#16517,.T.);
#16517 = LINE('',#16518,#16519);
#16518 = CARTESIAN_POINT('',(-27.46,-7.749999,-4.5E-02));
#16519 = VECTOR('',#16520,1.);
#16520 = DIRECTION('',(0.,0.,1.));
#16521 = ORIENTED_EDGE('',*,*,#14066,.F.);
#16522 = ORIENTED_EDGE('',*,*,#16516,.F.);
#16523 = CYLINDRICAL_SURFACE('',#16524,0.25);
#16524 = AXIS2_PLACEMENT_3D('',#16525,#16526,#16527);
#16525 = CARTESIAN_POINT('',(-27.46,-7.499999,-4.5E-02));
#16526 = DIRECTION('',(-0.,-0.,-1.));
#16527 = DIRECTION('',(-0.,-1.,0.));
#16528 = ADVANCED_FACE('',(#16529),#16540,.F.);
#16529 = FACE_BOUND('',#16530,.T.);
#16530 = EDGE_LOOP('',(#16531,#16532,#16538,#16539));
#16531 = ORIENTED_EDGE('',*,*,#11915,.T.);
#16532 = ORIENTED_EDGE('',*,*,#16533,.T.);
#16533 = EDGE_CURVE('',#11916,#14078,#16534,.T.);
#16534 = LINE('',#16535,#16536);
#16535 = CARTESIAN_POINT('',(-34.25,-6.849999,-4.5E-02));
#16536 = VECTOR('',#16537,1.);
#16537 = DIRECTION('',(0.,0.,1.));
#16538 = ORIENTED_EDGE('',*,*,#14077,.F.);
#16539 = ORIENTED_EDGE('',*,*,#16533,.F.);
#16540 = CYLINDRICAL_SURFACE('',#16541,0.5);
#16541 = AXIS2_PLACEMENT_3D('',#16542,#16543,#16544);
#16542 = CARTESIAN_POINT('',(-34.25,-6.349999,-4.5E-02));
#16543 = DIRECTION('',(-0.,-0.,-1.));
#16544 = DIRECTION('',(-0.,-1.,0.));
#16545 = ADVANCED_FACE('',(#16546),#16557,.F.);
#16546 = FACE_BOUND('',#16547,.T.);
#16547 = EDGE_LOOP('',(#16548,#16549,#16555,#16556));
#16548 = ORIENTED_EDGE('',*,*,#11926,.T.);
#16549 = ORIENTED_EDGE('',*,*,#16550,.T.);
#16550 = EDGE_CURVE('',#11927,#14089,#16551,.T.);
#16551 = LINE('',#16552,#16553);
#16552 = CARTESIAN_POINT('',(-34.25,-4.309999,-4.5E-02));
#16553 = VECTOR('',#16554,1.);
#16554 = DIRECTION('',(0.,0.,1.));
#16555 = ORIENTED_EDGE('',*,*,#14088,.F.);
#16556 = ORIENTED_EDGE('',*,*,#16550,.F.);
#16557 = CYLINDRICAL_SURFACE('',#16558,0.5);
#16558 = AXIS2_PLACEMENT_3D('',#16559,#16560,#16561);
#16559 = CARTESIAN_POINT('',(-34.25,-3.809999,-4.5E-02));
#16560 = DIRECTION('',(-0.,-0.,-1.));
#16561 = DIRECTION('',(-0.,-1.,0.));
#16562 = ADVANCED_FACE('',(#16563),#16574,.F.);
#16563 = FACE_BOUND('',#16564,.T.);
#16564 = EDGE_LOOP('',(#16565,#16566,#16572,#16573));
#16565 = ORIENTED_EDGE('',*,*,#11937,.T.);
#16566 = ORIENTED_EDGE('',*,*,#16567,.T.);
#16567 = EDGE_CURVE('',#11938,#14100,#16568,.T.);
#16568 = LINE('',#16569,#16570);
#16569 = CARTESIAN_POINT('',(-34.25,-1.769999,-4.5E-02));
#16570 = VECTOR('',#16571,1.);
#16571 = DIRECTION('',(0.,0.,1.));
#16572 = ORIENTED_EDGE('',*,*,#14099,.F.);
#16573 = ORIENTED_EDGE('',*,*,#16567,.F.);
#16574 = CYLINDRICAL_SURFACE('',#16575,0.5);
#16575 = AXIS2_PLACEMENT_3D('',#16576,#16577,#16578);
#16576 = CARTESIAN_POINT('',(-34.25,-1.269999,-4.5E-02));
#16577 = DIRECTION('',(-0.,-0.,-1.));
#16578 = DIRECTION('',(-0.,-1.,0.));
#16579 = ADVANCED_FACE('',(#16580),#16591,.F.);
#16580 = FACE_BOUND('',#16581,.T.);
#16581 = EDGE_LOOP('',(#16582,#16583,#16589,#16590));
#16582 = ORIENTED_EDGE('',*,*,#11948,.T.);
#16583 = ORIENTED_EDGE('',*,*,#16584,.T.);
#16584 = EDGE_CURVE('',#11949,#14111,#16585,.T.);
#16585 = LINE('',#16586,#16587);
#16586 = CARTESIAN_POINT('',(-26.757056,-6.052943,-4.5E-02));
#16587 = VECTOR('',#16588,1.);
#16588 = DIRECTION('',(0.,0.,1.));
#16589 = ORIENTED_EDGE('',*,*,#14110,.F.);
#16590 = ORIENTED_EDGE('',*,*,#16584,.F.);
#16591 = CYLINDRICAL_SURFACE('',#16592,0.25);
#16592 = AXIS2_PLACEMENT_3D('',#16593,#16594,#16595);
#16593 = CARTESIAN_POINT('',(-26.757056,-5.802943,-4.5E-02));
#16594 = DIRECTION('',(-0.,-0.,-1.));
#16595 = DIRECTION('',(-0.,-1.,0.));
#16596 = ADVANCED_FACE('',(#16597),#16608,.F.);
#16597 = FACE_BOUND('',#16598,.T.);
#16598 = EDGE_LOOP('',(#16599,#16600,#16606,#16607));
#16599 = ORIENTED_EDGE('',*,*,#11959,.T.);
#16600 = ORIENTED_EDGE('',*,*,#16601,.T.);
#16601 = EDGE_CURVE('',#11960,#14122,#16602,.T.);
#16602 = LINE('',#16603,#16604);
#16603 = CARTESIAN_POINT('',(-15.98,-24.628999,-4.5E-02));
#16604 = VECTOR('',#16605,1.);
#16605 = DIRECTION('',(0.,0.,1.));
#16606 = ORIENTED_EDGE('',*,*,#14121,.F.);
#16607 = ORIENTED_EDGE('',*,*,#16601,.F.);
#16608 = CYLINDRICAL_SURFACE('',#16609,0.5);
#16609 = AXIS2_PLACEMENT_3D('',#16610,#16611,#16612);
#16610 = CARTESIAN_POINT('',(-15.98,-24.128999,-4.5E-02));
#16611 = DIRECTION('',(-0.,-0.,-1.));
#16612 = DIRECTION('',(-0.,-1.,0.));
#16613 = ADVANCED_FACE('',(#16614),#16625,.F.);
#16614 = FACE_BOUND('',#16615,.T.);
#16615 = EDGE_LOOP('',(#16616,#16617,#16623,#16624));
#16616 = ORIENTED_EDGE('',*,*,#11970,.T.);
#16617 = ORIENTED_EDGE('',*,*,#16618,.T.);
#16618 = EDGE_CURVE('',#11971,#14133,#16619,.T.);
#16619 = LINE('',#16620,#16621);
#16620 = CARTESIAN_POINT('',(-15.98,-22.088999,-4.5E-02));
#16621 = VECTOR('',#16622,1.);
#16622 = DIRECTION('',(0.,0.,1.));
#16623 = ORIENTED_EDGE('',*,*,#14132,.F.);
#16624 = ORIENTED_EDGE('',*,*,#16618,.F.);
#16625 = CYLINDRICAL_SURFACE('',#16626,0.5);
#16626 = AXIS2_PLACEMENT_3D('',#16627,#16628,#16629);
#16627 = CARTESIAN_POINT('',(-15.98,-21.588999,-4.5E-02));
#16628 = DIRECTION('',(-0.,-0.,-1.));
#16629 = DIRECTION('',(-0.,-1.,0.));
#16630 = ADVANCED_FACE('',(#16631),#16642,.F.);
#16631 = FACE_BOUND('',#16632,.T.);
#16632 = EDGE_LOOP('',(#16633,#16634,#16640,#16641));
#16633 = ORIENTED_EDGE('',*,*,#11981,.T.);
#16634 = ORIENTED_EDGE('',*,*,#16635,.T.);
#16635 = EDGE_CURVE('',#11982,#14144,#16636,.T.);
#16636 = LINE('',#16637,#16638);
#16637 = CARTESIAN_POINT('',(-15.98,-19.548999,-4.5E-02));
#16638 = VECTOR('',#16639,1.);
#16639 = DIRECTION('',(0.,0.,1.));
#16640 = ORIENTED_EDGE('',*,*,#14143,.F.);
#16641 = ORIENTED_EDGE('',*,*,#16635,.F.);
#16642 = CYLINDRICAL_SURFACE('',#16643,0.5);
#16643 = AXIS2_PLACEMENT_3D('',#16644,#16645,#16646);
#16644 = CARTESIAN_POINT('',(-15.98,-19.048999,-4.5E-02));
#16645 = DIRECTION('',(-0.,-0.,-1.));
#16646 = DIRECTION('',(-0.,-1.,0.));
#16647 = ADVANCED_FACE('',(#16648),#16659,.F.);
#16648 = FACE_BOUND('',#16649,.T.);
#16649 = EDGE_LOOP('',(#16650,#16651,#16657,#16658));
#16650 = ORIENTED_EDGE('',*,*,#11992,.T.);
#16651 = ORIENTED_EDGE('',*,*,#16652,.T.);
#16652 = EDGE_CURVE('',#11993,#14155,#16653,.T.);
#16653 = LINE('',#16654,#16655);
#16654 = CARTESIAN_POINT('',(-15.98,-17.008999,-4.5E-02));
#16655 = VECTOR('',#16656,1.);
#16656 = DIRECTION('',(0.,0.,1.));
#16657 = ORIENTED_EDGE('',*,*,#14154,.F.);
#16658 = ORIENTED_EDGE('',*,*,#16652,.F.);
#16659 = CYLINDRICAL_SURFACE('',#16660,0.5);
#16660 = AXIS2_PLACEMENT_3D('',#16661,#16662,#16663);
#16661 = CARTESIAN_POINT('',(-15.98,-16.508999,-4.5E-02));
#16662 = DIRECTION('',(-0.,-0.,-1.));
#16663 = DIRECTION('',(-0.,-1.,0.));
#16664 = ADVANCED_FACE('',(#16665),#16676,.F.);
#16665 = FACE_BOUND('',#16666,.T.);
#16666 = EDGE_LOOP('',(#16667,#16668,#16674,#16675));
#16667 = ORIENTED_EDGE('',*,*,#12003,.T.);
#16668 = ORIENTED_EDGE('',*,*,#16669,.T.);
#16669 = EDGE_CURVE('',#12004,#14166,#16670,.T.);
#16670 = LINE('',#16671,#16672);
#16671 = CARTESIAN_POINT('',(-25.06,-10.149999,-4.5E-02));
#16672 = VECTOR('',#16673,1.);
#16673 = DIRECTION('',(0.,0.,1.));
#16674 = ORIENTED_EDGE('',*,*,#14165,.F.);
#16675 = ORIENTED_EDGE('',*,*,#16669,.F.);
#16676 = CYLINDRICAL_SURFACE('',#16677,0.25);
#16677 = AXIS2_PLACEMENT_3D('',#16678,#16679,#16680);
#16678 = CARTESIAN_POINT('',(-25.06,-9.899999,-4.5E-02));
#16679 = DIRECTION('',(-0.,-0.,-1.));
#16680 = DIRECTION('',(-0.,-1.,0.));
#16681 = ADVANCED_FACE('',(#16682),#16693,.F.);
#16682 = FACE_BOUND('',#16683,.T.);
#16683 = EDGE_LOOP('',(#16684,#16685,#16691,#16692));
#16684 = ORIENTED_EDGE('',*,*,#12014,.T.);
#16685 = ORIENTED_EDGE('',*,*,#16686,.T.);
#16686 = EDGE_CURVE('',#12015,#14177,#16687,.T.);
#16687 = LINE('',#16688,#16689);
#16688 = CARTESIAN_POINT('',(-23.362944,-9.447055,-4.5E-02));
#16689 = VECTOR('',#16690,1.);
#16690 = DIRECTION('',(0.,0.,1.));
#16691 = ORIENTED_EDGE('',*,*,#14176,.F.);
#16692 = ORIENTED_EDGE('',*,*,#16686,.F.);
#16693 = CYLINDRICAL_SURFACE('',#16694,0.25);
#16694 = AXIS2_PLACEMENT_3D('',#16695,#16696,#16697);
#16695 = CARTESIAN_POINT('',(-23.362944,-9.197055,-4.5E-02));
#16696 = DIRECTION('',(-0.,-0.,-1.));
#16697 = DIRECTION('',(-0.,-1.,0.));
#16698 = ADVANCED_FACE('',(#16699),#16710,.F.);
#16699 = FACE_BOUND('',#16700,.T.);
#16700 = EDGE_LOOP('',(#16701,#16702,#16708,#16709));
#16701 = ORIENTED_EDGE('',*,*,#12025,.T.);
#16702 = ORIENTED_EDGE('',*,*,#16703,.T.);
#16703 = EDGE_CURVE('',#12026,#14188,#16704,.T.);
#16704 = LINE('',#16705,#16706);
#16705 = CARTESIAN_POINT('',(-25.06,-9.099999,-4.5E-02));
#16706 = VECTOR('',#16707,1.);
#16707 = DIRECTION('',(0.,0.,1.));
#16708 = ORIENTED_EDGE('',*,*,#14187,.F.);
#16709 = ORIENTED_EDGE('',*,*,#16703,.F.);
#16710 = CYLINDRICAL_SURFACE('',#16711,1.6);
#16711 = AXIS2_PLACEMENT_3D('',#16712,#16713,#16714);
#16712 = CARTESIAN_POINT('',(-25.06,-7.499999,-4.5E-02));
#16713 = DIRECTION('',(-0.,0.,-1.));
#16714 = DIRECTION('',(2.22044604925E-15,-1.,-0.));
#16715 = ADVANCED_FACE('',(#16716),#16727,.F.);
#16716 = FACE_BOUND('',#16717,.T.);
#16717 = EDGE_LOOP('',(#16718,#16719,#16725,#16726));
#16718 = ORIENTED_EDGE('',*,*,#12036,.T.);
#16719 = ORIENTED_EDGE('',*,*,#16720,.T.);
#16720 = EDGE_CURVE('',#12037,#14199,#16721,.T.);
#16721 = LINE('',#16722,#16723);
#16722 = CARTESIAN_POINT('',(-22.66,-7.749999,-4.5E-02));
#16723 = VECTOR('',#16724,1.);
#16724 = DIRECTION('',(0.,0.,1.));
#16725 = ORIENTED_EDGE('',*,*,#14198,.F.);
#16726 = ORIENTED_EDGE('',*,*,#16720,.F.);
#16727 = CYLINDRICAL_SURFACE('',#16728,0.25);
#16728 = AXIS2_PLACEMENT_3D('',#16729,#16730,#16731);
#16729 = CARTESIAN_POINT('',(-22.66,-7.499999,-4.5E-02));
#16730 = DIRECTION('',(-0.,-0.,-1.));
#16731 = DIRECTION('',(-0.,-1.,0.));
#16732 = ADVANCED_FACE('',(#16733),#16744,.F.);
#16733 = FACE_BOUND('',#16734,.T.);
#16734 = EDGE_LOOP('',(#16735,#16736,#16742,#16743));
#16735 = ORIENTED_EDGE('',*,*,#12047,.T.);
#16736 = ORIENTED_EDGE('',*,*,#16737,.T.);
#16737 = EDGE_CURVE('',#12048,#14210,#16738,.T.);
#16738 = LINE('',#16739,#16740);
#16739 = CARTESIAN_POINT('',(-25.06,-5.349999,-4.5E-02));
#16740 = VECTOR('',#16741,1.);
#16741 = DIRECTION('',(0.,0.,1.));
#16742 = ORIENTED_EDGE('',*,*,#14209,.F.);
#16743 = ORIENTED_EDGE('',*,*,#16737,.F.);
#16744 = CYLINDRICAL_SURFACE('',#16745,0.25);
#16745 = AXIS2_PLACEMENT_3D('',#16746,#16747,#16748);
#16746 = CARTESIAN_POINT('',(-25.06,-5.099999,-4.5E-02));
#16747 = DIRECTION('',(-0.,-0.,-1.));
#16748 = DIRECTION('',(-0.,-1.,0.));
#16749 = ADVANCED_FACE('',(#16750),#16761,.F.);
#16750 = FACE_BOUND('',#16751,.T.);
#16751 = EDGE_LOOP('',(#16752,#16753,#16759,#16760));
#16752 = ORIENTED_EDGE('',*,*,#12058,.T.);
#16753 = ORIENTED_EDGE('',*,*,#16754,.T.);
#16754 = EDGE_CURVE('',#12059,#14221,#16755,.T.);
#16755 = LINE('',#16756,#16757);
#16756 = CARTESIAN_POINT('',(-23.362944,-6.052943,-4.5E-02));
#16757 = VECTOR('',#16758,1.);
#16758 = DIRECTION('',(0.,0.,1.));
#16759 = ORIENTED_EDGE('',*,*,#14220,.F.);
#16760 = ORIENTED_EDGE('',*,*,#16754,.F.);
#16761 = CYLINDRICAL_SURFACE('',#16762,0.25);
#16762 = AXIS2_PLACEMENT_3D('',#16763,#16764,#16765);
#16763 = CARTESIAN_POINT('',(-23.362944,-5.802943,-4.5E-02));
#16764 = DIRECTION('',(-0.,-0.,-1.));
#16765 = DIRECTION('',(-0.,-1.,0.));
#16766 = ADVANCED_FACE('',(#16767),#16778,.F.);
#16767 = FACE_BOUND('',#16768,.T.);
#16768 = EDGE_LOOP('',(#16769,#16770,#16776,#16777));
#16769 = ORIENTED_EDGE('',*,*,#12069,.T.);
#16770 = ORIENTED_EDGE('',*,*,#16771,.T.);
#16771 = EDGE_CURVE('',#12070,#14232,#16772,.T.);
#16772 = LINE('',#16773,#16774);
#16773 = CARTESIAN_POINT('',(-3.302944,-43.957055,-4.5E-02));
#16774 = VECTOR('',#16775,1.);
#16775 = DIRECTION('',(0.,0.,1.));
#16776 = ORIENTED_EDGE('',*,*,#14231,.F.);
#16777 = ORIENTED_EDGE('',*,*,#16771,.F.);
#16778 = CYLINDRICAL_SURFACE('',#16779,0.25);
#16779 = AXIS2_PLACEMENT_3D('',#16780,#16781,#16782);
#16780 = CARTESIAN_POINT('',(-3.302944,-43.707055,-4.5E-02));
#16781 = DIRECTION('',(-0.,-0.,-1.));
#16782 = DIRECTION('',(-0.,-1.,0.));
#16783 = ADVANCED_FACE('',(#16784),#16795,.F.);
#16784 = FACE_BOUND('',#16785,.T.);
#16785 = EDGE_LOOP('',(#16786,#16787,#16793,#16794));
#16786 = ORIENTED_EDGE('',*,*,#12080,.T.);
#16787 = ORIENTED_EDGE('',*,*,#16788,.T.);
#16788 = EDGE_CURVE('',#12081,#14243,#16789,.T.);
#16789 = LINE('',#16790,#16791);
#16790 = CARTESIAN_POINT('',(-2.6,-42.259999,-4.5E-02));
#16791 = VECTOR('',#16792,1.);
#16792 = DIRECTION('',(0.,0.,1.));
#16793 = ORIENTED_EDGE('',*,*,#14242,.F.);
#16794 = ORIENTED_EDGE('',*,*,#16788,.F.);
#16795 = CYLINDRICAL_SURFACE('',#16796,0.25);
#16796 = AXIS2_PLACEMENT_3D('',#16797,#16798,#16799);
#16797 = CARTESIAN_POINT('',(-2.6,-42.009999,-4.5E-02));
#16798 = DIRECTION('',(-0.,-0.,-1.));
#16799 = DIRECTION('',(-0.,-1.,0.));
#16800 = ADVANCED_FACE('',(#16801),#16812,.F.);
#16801 = FACE_BOUND('',#16802,.T.);
#16802 = EDGE_LOOP('',(#16803,#16804,#16810,#16811));
#16803 = ORIENTED_EDGE('',*,*,#12091,.T.);
#16804 = ORIENTED_EDGE('',*,*,#16805,.T.);
#16805 = EDGE_CURVE('',#12092,#14254,#16806,.T.);
#16806 = LINE('',#16807,#16808);
#16807 = CARTESIAN_POINT('',(-3.302944,-40.562943,-4.5E-02));
#16808 = VECTOR('',#16809,1.);
#16809 = DIRECTION('',(0.,0.,1.));
#16810 = ORIENTED_EDGE('',*,*,#14253,.F.);
#16811 = ORIENTED_EDGE('',*,*,#16805,.F.);
#16812 = CYLINDRICAL_SURFACE('',#16813,0.25);
#16813 = AXIS2_PLACEMENT_3D('',#16814,#16815,#16816);
#16814 = CARTESIAN_POINT('',(-3.302944,-40.312943,-4.5E-02));
#16815 = DIRECTION('',(-0.,-0.,-1.));
#16816 = DIRECTION('',(-0.,-1.,0.));
#16817 = ADVANCED_FACE('',(#16818),#16829,.F.);
#16818 = FACE_BOUND('',#16819,.T.);
#16819 = EDGE_LOOP('',(#16820,#16821,#16827,#16828));
#16820 = ORIENTED_EDGE('',*,*,#12102,.T.);
#16821 = ORIENTED_EDGE('',*,*,#16822,.T.);
#16822 = EDGE_CURVE('',#12103,#14265,#16823,.T.);
#16823 = LINE('',#16824,#16825);
#16824 = CARTESIAN_POINT('',(15.98,-34.788999,-4.5E-02));
#16825 = VECTOR('',#16826,1.);
#16826 = DIRECTION('',(0.,0.,1.));
#16827 = ORIENTED_EDGE('',*,*,#14264,.F.);
#16828 = ORIENTED_EDGE('',*,*,#16822,.F.);
#16829 = CYLINDRICAL_SURFACE('',#16830,0.5);
#16830 = AXIS2_PLACEMENT_3D('',#16831,#16832,#16833);
#16831 = CARTESIAN_POINT('',(15.98,-34.288999,-4.5E-02));
#16832 = DIRECTION('',(-0.,-0.,-1.));
#16833 = DIRECTION('',(-0.,-1.,0.));
#16834 = ADVANCED_FACE('',(#16835),#16846,.F.);
#16835 = FACE_BOUND('',#16836,.T.);
#16836 = EDGE_LOOP('',(#16837,#16838,#16844,#16845));
#16837 = ORIENTED_EDGE('',*,*,#12113,.T.);
#16838 = ORIENTED_EDGE('',*,*,#16839,.T.);
#16839 = EDGE_CURVE('',#12114,#14276,#16840,.T.);
#16840 = LINE('',#16841,#16842);
#16841 = CARTESIAN_POINT('',(15.98,-32.248999,-4.5E-02));
#16842 = VECTOR('',#16843,1.);
#16843 = DIRECTION('',(0.,0.,1.));
#16844 = ORIENTED_EDGE('',*,*,#14275,.F.);
#16845 = ORIENTED_EDGE('',*,*,#16839,.F.);
#16846 = CYLINDRICAL_SURFACE('',#16847,0.5);
#16847 = AXIS2_PLACEMENT_3D('',#16848,#16849,#16850);
#16848 = CARTESIAN_POINT('',(15.98,-31.748999,-4.5E-02));
#16849 = DIRECTION('',(-0.,-0.,-1.));
#16850 = DIRECTION('',(-0.,-1.,0.));
#16851 = ADVANCED_FACE('',(#16852),#16863,.F.);
#16852 = FACE_BOUND('',#16853,.T.);
#16853 = EDGE_LOOP('',(#16854,#16855,#16861,#16862));
#16854 = ORIENTED_EDGE('',*,*,#12124,.T.);
#16855 = ORIENTED_EDGE('',*,*,#16856,.T.);
#16856 = EDGE_CURVE('',#12125,#14287,#16857,.T.);
#16857 = LINE('',#16858,#16859);
#16858 = CARTESIAN_POINT('',(15.98,-29.708999,-4.5E-02));
#16859 = VECTOR('',#16860,1.);
#16860 = DIRECTION('',(0.,0.,1.));
#16861 = ORIENTED_EDGE('',*,*,#14286,.F.);
#16862 = ORIENTED_EDGE('',*,*,#16856,.F.);
#16863 = CYLINDRICAL_SURFACE('',#16864,0.5);
#16864 = AXIS2_PLACEMENT_3D('',#16865,#16866,#16867);
#16865 = CARTESIAN_POINT('',(15.98,-29.208999,-4.5E-02));
#16866 = DIRECTION('',(-0.,-0.,-1.));
#16867 = DIRECTION('',(-0.,-1.,0.));
#16868 = ADVANCED_FACE('',(#16869),#16880,.F.);
#16869 = FACE_BOUND('',#16870,.T.);
#16870 = EDGE_LOOP('',(#16871,#16872,#16878,#16879));
#16871 = ORIENTED_EDGE('',*,*,#12135,.T.);
#16872 = ORIENTED_EDGE('',*,*,#16873,.T.);
#16873 = EDGE_CURVE('',#12136,#14298,#16874,.T.);
#16874 = LINE('',#16875,#16876);
#16875 = CARTESIAN_POINT('',(15.98,-27.168999,-4.5E-02));
#16876 = VECTOR('',#16877,1.);
#16877 = DIRECTION('',(0.,0.,1.));
#16878 = ORIENTED_EDGE('',*,*,#14297,.F.);
#16879 = ORIENTED_EDGE('',*,*,#16873,.F.);
#16880 = CYLINDRICAL_SURFACE('',#16881,0.5);
#16881 = AXIS2_PLACEMENT_3D('',#16882,#16883,#16884);
#16882 = CARTESIAN_POINT('',(15.98,-26.668999,-4.5E-02));
#16883 = DIRECTION('',(-0.,-0.,-1.));
#16884 = DIRECTION('',(-0.,-1.,0.));
#16885 = ADVANCED_FACE('',(#16886),#16897,.F.);
#16886 = FACE_BOUND('',#16887,.T.);
#16887 = EDGE_LOOP('',(#16888,#16889,#16895,#16896));
#16888 = ORIENTED_EDGE('',*,*,#12146,.T.);
#16889 = ORIENTED_EDGE('',*,*,#16890,.T.);
#16890 = EDGE_CURVE('',#12147,#14309,#16891,.T.);
#16891 = LINE('',#16892,#16893);
#16892 = CARTESIAN_POINT('',(23.05,-32.649999,-4.5E-02));
#16893 = VECTOR('',#16894,1.);
#16894 = DIRECTION('',(0.,0.,1.));
#16895 = ORIENTED_EDGE('',*,*,#14308,.F.);
#16896 = ORIENTED_EDGE('',*,*,#16890,.F.);
#16897 = CYLINDRICAL_SURFACE('',#16898,0.25);
#16898 = AXIS2_PLACEMENT_3D('',#16899,#16900,#16901);
#16899 = CARTESIAN_POINT('',(23.05,-32.399999,-4.5E-02));
#16900 = DIRECTION('',(-0.,-0.,-1.));
#16901 = DIRECTION('',(-0.,-1.,0.));
#16902 = ADVANCED_FACE('',(#16903),#16914,.F.);
#16903 = FACE_BOUND('',#16904,.T.);
#16904 = EDGE_LOOP('',(#16905,#16906,#16912,#16913));
#16905 = ORIENTED_EDGE('',*,*,#12157,.T.);
#16906 = ORIENTED_EDGE('',*,*,#16907,.T.);
#16907 = EDGE_CURVE('',#12158,#14320,#16908,.T.);
#16908 = LINE('',#16909,#16910);
#16909 = CARTESIAN_POINT('',(20.65,-30.249999,-4.5E-02));
#16910 = VECTOR('',#16911,1.);
#16911 = DIRECTION('',(0.,0.,1.));
#16912 = ORIENTED_EDGE('',*,*,#14319,.F.);
#16913 = ORIENTED_EDGE('',*,*,#16907,.F.);
#16914 = CYLINDRICAL_SURFACE('',#16915,0.25);
#16915 = AXIS2_PLACEMENT_3D('',#16916,#16917,#16918);
#16916 = CARTESIAN_POINT('',(20.65,-29.999999,-4.5E-02));
#16917 = DIRECTION('',(-0.,-0.,-1.));
#16918 = DIRECTION('',(-0.,-1.,0.));
#16919 = ADVANCED_FACE('',(#16920),#16931,.F.);
#16920 = FACE_BOUND('',#16921,.T.);
#16921 = EDGE_LOOP('',(#16922,#16923,#16929,#16930));
#16922 = ORIENTED_EDGE('',*,*,#12168,.T.);
#16923 = ORIENTED_EDGE('',*,*,#16924,.T.);
#16924 = EDGE_CURVE('',#12169,#14331,#16925,.T.);
#16925 = LINE('',#16926,#16927);
#16926 = CARTESIAN_POINT('',(21.352944,-31.947055,-4.5E-02));
#16927 = VECTOR('',#16928,1.);
#16928 = DIRECTION('',(0.,0.,1.));
#16929 = ORIENTED_EDGE('',*,*,#14330,.F.);
#16930 = ORIENTED_EDGE('',*,*,#16924,.F.);
#16931 = CYLINDRICAL_SURFACE('',#16932,0.25);
#16932 = AXIS2_PLACEMENT_3D('',#16933,#16934,#16935);
#16933 = CARTESIAN_POINT('',(21.352944,-31.697055,-4.5E-02));
#16934 = DIRECTION('',(-0.,-0.,-1.));
#16935 = DIRECTION('',(-0.,-1.,0.));
#16936 = ADVANCED_FACE('',(#16937),#16948,.F.);
#16937 = FACE_BOUND('',#16938,.T.);
#16938 = EDGE_LOOP('',(#16939,#16940,#16946,#16947));
#16939 = ORIENTED_EDGE('',*,*,#12179,.T.);
#16940 = ORIENTED_EDGE('',*,*,#16941,.T.);
#16941 = EDGE_CURVE('',#12180,#14342,#16942,.T.);
#16942 = LINE('',#16943,#16944);
#16943 = CARTESIAN_POINT('',(23.05,-31.599999,-4.5E-02));
#16944 = VECTOR('',#16945,1.);
#16945 = DIRECTION('',(0.,0.,1.));
#16946 = ORIENTED_EDGE('',*,*,#14341,.F.);
#16947 = ORIENTED_EDGE('',*,*,#16941,.F.);
#16948 = CYLINDRICAL_SURFACE('',#16949,1.6);
#16949 = AXIS2_PLACEMENT_3D('',#16950,#16951,#16952);
#16950 = CARTESIAN_POINT('',(23.05,-29.999999,-4.5E-02));
#16951 = DIRECTION('',(-0.,0.,-1.));
#16952 = DIRECTION('',(2.22044604925E-15,-1.,-0.));
#16953 = ADVANCED_FACE('',(#16954),#16965,.F.);
#16954 = FACE_BOUND('',#16955,.T.);
#16955 = EDGE_LOOP('',(#16956,#16957,#16963,#16964));
#16956 = ORIENTED_EDGE('',*,*,#12190,.T.);
#16957 = ORIENTED_EDGE('',*,*,#16958,.T.);
#16958 = EDGE_CURVE('',#12191,#14353,#16959,.T.);
#16959 = LINE('',#16960,#16961);
#16960 = CARTESIAN_POINT('',(21.352944,-28.552943,-4.5E-02));
#16961 = VECTOR('',#16962,1.);
#16962 = DIRECTION('',(0.,0.,1.));
#16963 = ORIENTED_EDGE('',*,*,#14352,.F.);
#16964 = ORIENTED_EDGE('',*,*,#16958,.F.);
#16965 = CYLINDRICAL_SURFACE('',#16966,0.25);
#16966 = AXIS2_PLACEMENT_3D('',#16967,#16968,#16969);
#16967 = CARTESIAN_POINT('',(21.352944,-28.302943,-4.5E-02));
#16968 = DIRECTION('',(-0.,-0.,-1.));
#16969 = DIRECTION('',(-0.,-1.,0.));
#16970 = ADVANCED_FACE('',(#16971),#16982,.F.);
#16971 = FACE_BOUND('',#16972,.T.);
#16972 = EDGE_LOOP('',(#16973,#16974,#16980,#16981));
#16973 = ORIENTED_EDGE('',*,*,#12201,.T.);
#16974 = ORIENTED_EDGE('',*,*,#16975,.T.);
#16975 = EDGE_CURVE('',#12202,#14364,#16976,.T.);
#16976 = LINE('',#16977,#16978);
#16977 = CARTESIAN_POINT('',(23.05,-27.849999,-4.5E-02));
#16978 = VECTOR('',#16979,1.);
#16979 = DIRECTION('',(0.,0.,1.));
#16980 = ORIENTED_EDGE('',*,*,#14363,.F.);
#16981 = ORIENTED_EDGE('',*,*,#16975,.F.);
#16982 = CYLINDRICAL_SURFACE('',#16983,0.25);
#16983 = AXIS2_PLACEMENT_3D('',#16984,#16985,#16986);
#16984 = CARTESIAN_POINT('',(23.05,-27.599999,-4.5E-02));
#16985 = DIRECTION('',(-0.,-0.,-1.));
#16986 = DIRECTION('',(-0.,-1.,0.));
#16987 = ADVANCED_FACE('',(#16988),#16999,.F.);
#16988 = FACE_BOUND('',#16989,.T.);
#16989 = EDGE_LOOP('',(#16990,#16991,#16997,#16998));
#16990 = ORIENTED_EDGE('',*,*,#12212,.T.);
#16991 = ORIENTED_EDGE('',*,*,#16992,.T.);
#16992 = EDGE_CURVE('',#12213,#14375,#16993,.T.);
#16993 = LINE('',#16994,#16995);
#16994 = CARTESIAN_POINT('',(24.747056,-31.947055,-4.5E-02));
#16995 = VECTOR('',#16996,1.);
#16996 = DIRECTION('',(0.,0.,1.));
#16997 = ORIENTED_EDGE('',*,*,#14374,.F.);
#16998 = ORIENTED_EDGE('',*,*,#16992,.F.);
#16999 = CYLINDRICAL_SURFACE('',#17000,0.25);
#17000 = AXIS2_PLACEMENT_3D('',#17001,#17002,#17003);
#17001 = CARTESIAN_POINT('',(24.747056,-31.697055,-4.5E-02));
#17002 = DIRECTION('',(-0.,-0.,-1.));
#17003 = DIRECTION('',(-0.,-1.,0.));
#17004 = ADVANCED_FACE('',(#17005),#17016,.F.);
#17005 = FACE_BOUND('',#17006,.T.);
#17006 = EDGE_LOOP('',(#17007,#17008,#17014,#17015));
#17007 = ORIENTED_EDGE('',*,*,#12223,.T.);
#17008 = ORIENTED_EDGE('',*,*,#17009,.T.);
#17009 = EDGE_CURVE('',#12224,#14386,#17010,.T.);
#17010 = LINE('',#17011,#17012);
#17011 = CARTESIAN_POINT('',(25.45,-30.249999,-4.5E-02));
#17012 = VECTOR('',#17013,1.);
#17013 = DIRECTION('',(0.,0.,1.));
#17014 = ORIENTED_EDGE('',*,*,#14385,.F.);
#17015 = ORIENTED_EDGE('',*,*,#17009,.F.);
#17016 = CYLINDRICAL_SURFACE('',#17017,0.25);
#17017 = AXIS2_PLACEMENT_3D('',#17018,#17019,#17020);
#17018 = CARTESIAN_POINT('',(25.45,-29.999999,-4.5E-02));
#17019 = DIRECTION('',(-0.,-0.,-1.));
#17020 = DIRECTION('',(-0.,-1.,0.));
#17021 = ADVANCED_FACE('',(#17022),#17033,.F.);
#17022 = FACE_BOUND('',#17023,.T.);
#17023 = EDGE_LOOP('',(#17024,#17025,#17031,#17032));
#17024 = ORIENTED_EDGE('',*,*,#12234,.T.);
#17025 = ORIENTED_EDGE('',*,*,#17026,.T.);
#17026 = EDGE_CURVE('',#12235,#14397,#17027,.T.);
#17027 = LINE('',#17028,#17029);
#17028 = CARTESIAN_POINT('',(24.747056,-28.552943,-4.5E-02));
#17029 = VECTOR('',#17030,1.);
#17030 = DIRECTION('',(0.,0.,1.));
#17031 = ORIENTED_EDGE('',*,*,#14396,.F.);
#17032 = ORIENTED_EDGE('',*,*,#17026,.F.);
#17033 = CYLINDRICAL_SURFACE('',#17034,0.25);
#17034 = AXIS2_PLACEMENT_3D('',#17035,#17036,#17037);
#17035 = CARTESIAN_POINT('',(24.747056,-28.302943,-4.5E-02));
#17036 = DIRECTION('',(-0.,-0.,-1.));
#17037 = DIRECTION('',(-0.,-1.,0.));
#17038 = ADVANCED_FACE('',(#17039),#17050,.F.);
#17039 = FACE_BOUND('',#17040,.T.);
#17040 = EDGE_LOOP('',(#17041,#17042,#17048,#17049));
#17041 = ORIENTED_EDGE('',*,*,#12245,.T.);
#17042 = ORIENTED_EDGE('',*,*,#17043,.T.);
#17043 = EDGE_CURVE('',#12246,#14408,#17044,.T.);
#17044 = LINE('',#17045,#17046);
#17045 = CARTESIAN_POINT('',(15.98,-24.628999,-4.5E-02));
#17046 = VECTOR('',#17047,1.);
#17047 = DIRECTION('',(0.,0.,1.));
#17048 = ORIENTED_EDGE('',*,*,#14407,.F.);
#17049 = ORIENTED_EDGE('',*,*,#17043,.F.);
#17050 = CYLINDRICAL_SURFACE('',#17051,0.5);
#17051 = AXIS2_PLACEMENT_3D('',#17052,#17053,#17054);
#17052 = CARTESIAN_POINT('',(15.98,-24.128999,-4.5E-02));
#17053 = DIRECTION('',(-0.,-0.,-1.));
#17054 = DIRECTION('',(-0.,-1.,0.));
#17055 = ADVANCED_FACE('',(#17056),#17067,.F.);
#17056 = FACE_BOUND('',#17057,.T.);
#17057 = EDGE_LOOP('',(#17058,#17059,#17065,#17066));
#17058 = ORIENTED_EDGE('',*,*,#12256,.T.);
#17059 = ORIENTED_EDGE('',*,*,#17060,.T.);
#17060 = EDGE_CURVE('',#12257,#14419,#17061,.T.);
#17061 = LINE('',#17062,#17063);
#17062 = CARTESIAN_POINT('',(15.98,-22.088999,-4.5E-02));
#17063 = VECTOR('',#17064,1.);
#17064 = DIRECTION('',(0.,0.,1.));
#17065 = ORIENTED_EDGE('',*,*,#14418,.F.);
#17066 = ORIENTED_EDGE('',*,*,#17060,.F.);
#17067 = CYLINDRICAL_SURFACE('',#17068,0.5);
#17068 = AXIS2_PLACEMENT_3D('',#17069,#17070,#17071);
#17069 = CARTESIAN_POINT('',(15.98,-21.588999,-4.5E-02));
#17070 = DIRECTION('',(-0.,-0.,-1.));
#17071 = DIRECTION('',(-0.,-1.,0.));
#17072 = ADVANCED_FACE('',(#17073),#17084,.F.);
#17073 = FACE_BOUND('',#17074,.T.);
#17074 = EDGE_LOOP('',(#17075,#17076,#17082,#17083));
#17075 = ORIENTED_EDGE('',*,*,#12267,.T.);
#17076 = ORIENTED_EDGE('',*,*,#17077,.T.);
#17077 = EDGE_CURVE('',#12268,#14430,#17078,.T.);
#17078 = LINE('',#17079,#17080);
#17079 = CARTESIAN_POINT('',(15.98,-19.548999,-4.5E-02));
#17080 = VECTOR('',#17081,1.);
#17081 = DIRECTION('',(0.,0.,1.));
#17082 = ORIENTED_EDGE('',*,*,#14429,.F.);
#17083 = ORIENTED_EDGE('',*,*,#17077,.F.);
#17084 = CYLINDRICAL_SURFACE('',#17085,0.5);
#17085 = AXIS2_PLACEMENT_3D('',#17086,#17087,#17088);
#17086 = CARTESIAN_POINT('',(15.98,-19.048999,-4.5E-02));
#17087 = DIRECTION('',(-0.,-0.,-1.));
#17088 = DIRECTION('',(-0.,-1.,0.));
#17089 = ADVANCED_FACE('',(#17090),#17101,.F.);
#17090 = FACE_BOUND('',#17091,.T.);
#17091 = EDGE_LOOP('',(#17092,#17093,#17099,#17100));
#17092 = ORIENTED_EDGE('',*,*,#12278,.T.);
#17093 = ORIENTED_EDGE('',*,*,#17094,.T.);
#17094 = EDGE_CURVE('',#12279,#14441,#17095,.T.);
#17095 = LINE('',#17096,#17097);
#17096 = CARTESIAN_POINT('',(15.98,-17.008999,-4.5E-02));
#17097 = VECTOR('',#17098,1.);
#17098 = DIRECTION('',(0.,0.,1.));
#17099 = ORIENTED_EDGE('',*,*,#14440,.F.);
#17100 = ORIENTED_EDGE('',*,*,#17094,.F.);
#17101 = CYLINDRICAL_SURFACE('',#17102,0.5);
#17102 = AXIS2_PLACEMENT_3D('',#17103,#17104,#17105);
#17103 = CARTESIAN_POINT('',(15.98,-16.508999,-4.5E-02));
#17104 = DIRECTION('',(-0.,-0.,-1.));
#17105 = DIRECTION('',(-0.,-1.,0.));
#17106 = ADVANCED_FACE('',(#17107),#17118,.F.);
#17107 = FACE_BOUND('',#17108,.T.);
#17108 = EDGE_LOOP('',(#17109,#17110,#17116,#17117));
#17109 = ORIENTED_EDGE('',*,*,#12289,.T.);
#17110 = ORIENTED_EDGE('',*,*,#17111,.T.);
#17111 = EDGE_CURVE('',#12290,#14452,#17112,.T.);
#17112 = LINE('',#17113,#17114);
#17113 = CARTESIAN_POINT('',(23.362944,-9.447055,-4.5E-02));
#17114 = VECTOR('',#17115,1.);
#17115 = DIRECTION('',(0.,0.,1.));
#17116 = ORIENTED_EDGE('',*,*,#14451,.F.);
#17117 = ORIENTED_EDGE('',*,*,#17111,.F.);
#17118 = CYLINDRICAL_SURFACE('',#17119,0.25);
#17119 = AXIS2_PLACEMENT_3D('',#17120,#17121,#17122);
#17120 = CARTESIAN_POINT('',(23.362944,-9.197055,-4.5E-02));
#17121 = DIRECTION('',(-0.,-0.,-1.));
#17122 = DIRECTION('',(-0.,-1.,0.));
#17123 = ADVANCED_FACE('',(#17124),#17135,.F.);
#17124 = FACE_BOUND('',#17125,.T.);
#17125 = EDGE_LOOP('',(#17126,#17127,#17133,#17134));
#17126 = ORIENTED_EDGE('',*,*,#12300,.T.);
#17127 = ORIENTED_EDGE('',*,*,#17128,.T.);
#17128 = EDGE_CURVE('',#12301,#14463,#17129,.T.);
#17129 = LINE('',#17130,#17131);
#17130 = CARTESIAN_POINT('',(22.66,-7.749999,-4.5E-02));
#17131 = VECTOR('',#17132,1.);
#17132 = DIRECTION('',(0.,0.,1.));
#17133 = ORIENTED_EDGE('',*,*,#14462,.F.);
#17134 = ORIENTED_EDGE('',*,*,#17128,.F.);
#17135 = CYLINDRICAL_SURFACE('',#17136,0.25);
#17136 = AXIS2_PLACEMENT_3D('',#17137,#17138,#17139);
#17137 = CARTESIAN_POINT('',(22.66,-7.499999,-4.5E-02));
#17138 = DIRECTION('',(-0.,-0.,-1.));
#17139 = DIRECTION('',(-0.,-1.,0.));
#17140 = ADVANCED_FACE('',(#17141),#17152,.F.);
#17141 = FACE_BOUND('',#17142,.T.);
#17142 = EDGE_LOOP('',(#17143,#17144,#17150,#17151));
#17143 = ORIENTED_EDGE('',*,*,#12311,.T.);
#17144 = ORIENTED_EDGE('',*,*,#17145,.T.);
#17145 = EDGE_CURVE('',#12312,#14474,#17146,.T.);
#17146 = LINE('',#17147,#17148);
#17147 = CARTESIAN_POINT('',(25.06,-10.149999,-4.5E-02));
#17148 = VECTOR('',#17149,1.);
#17149 = DIRECTION('',(0.,0.,1.));
#17150 = ORIENTED_EDGE('',*,*,#14473,.F.);
#17151 = ORIENTED_EDGE('',*,*,#17145,.F.);
#17152 = CYLINDRICAL_SURFACE('',#17153,0.25);
#17153 = AXIS2_PLACEMENT_3D('',#17154,#17155,#17156);
#17154 = CARTESIAN_POINT('',(25.06,-9.899999,-4.5E-02));
#17155 = DIRECTION('',(-0.,-0.,-1.));
#17156 = DIRECTION('',(-0.,-1.,0.));
#17157 = ADVANCED_FACE('',(#17158),#17169,.F.);
#17158 = FACE_BOUND('',#17159,.T.);
#17159 = EDGE_LOOP('',(#17160,#17161,#17167,#17168));
#17160 = ORIENTED_EDGE('',*,*,#12322,.T.);
#17161 = ORIENTED_EDGE('',*,*,#17162,.T.);
#17162 = EDGE_CURVE('',#12323,#14485,#17163,.T.);
#17163 = LINE('',#17164,#17165);
#17164 = CARTESIAN_POINT('',(25.06,-9.099999,-4.5E-02));
#17165 = VECTOR('',#17166,1.);
#17166 = DIRECTION('',(0.,0.,1.));
#17167 = ORIENTED_EDGE('',*,*,#14484,.F.);
#17168 = ORIENTED_EDGE('',*,*,#17162,.F.);
#17169 = CYLINDRICAL_SURFACE('',#17170,1.6);
#17170 = AXIS2_PLACEMENT_3D('',#17171,#17172,#17173);
#17171 = CARTESIAN_POINT('',(25.06,-7.499999,-4.5E-02));
#17172 = DIRECTION('',(-0.,-0.,-1.));
#17173 = DIRECTION('',(-2.22044604925E-15,-1.,0.));
#17174 = ADVANCED_FACE('',(#17175),#17186,.F.);
#17175 = FACE_BOUND('',#17176,.T.);
#17176 = EDGE_LOOP('',(#17177,#17178,#17184,#17185));
#17177 = ORIENTED_EDGE('',*,*,#12333,.T.);
#17178 = ORIENTED_EDGE('',*,*,#17179,.T.);
#17179 = EDGE_CURVE('',#12334,#14496,#17180,.T.);
#17180 = LINE('',#17181,#17182);
#17181 = CARTESIAN_POINT('',(26.757056,-9.447055,-4.5E-02));
#17182 = VECTOR('',#17183,1.);
#17183 = DIRECTION('',(0.,0.,1.));
#17184 = ORIENTED_EDGE('',*,*,#14495,.F.);
#17185 = ORIENTED_EDGE('',*,*,#17179,.F.);
#17186 = CYLINDRICAL_SURFACE('',#17187,0.25);
#17187 = AXIS2_PLACEMENT_3D('',#17188,#17189,#17190);
#17188 = CARTESIAN_POINT('',(26.757056,-9.197055,-4.5E-02));
#17189 = DIRECTION('',(-0.,-0.,-1.));
#17190 = DIRECTION('',(-0.,-1.,0.));
#17191 = ADVANCED_FACE('',(#17192),#17203,.F.);
#17192 = FACE_BOUND('',#17193,.T.);
#17193 = EDGE_LOOP('',(#17194,#17195,#17201,#17202));
#17194 = ORIENTED_EDGE('',*,*,#12344,.T.);
#17195 = ORIENTED_EDGE('',*,*,#17196,.T.);
#17196 = EDGE_CURVE('',#12345,#14507,#17197,.T.);
#17197 = LINE('',#17198,#17199);
#17198 = CARTESIAN_POINT('',(27.46,-7.749999,-4.5E-02));
#17199 = VECTOR('',#17200,1.);
#17200 = DIRECTION('',(0.,0.,1.));
#17201 = ORIENTED_EDGE('',*,*,#14506,.F.);
#17202 = ORIENTED_EDGE('',*,*,#17196,.F.);
#17203 = CYLINDRICAL_SURFACE('',#17204,0.25);
#17204 = AXIS2_PLACEMENT_3D('',#17205,#17206,#17207);
#17205 = CARTESIAN_POINT('',(27.46,-7.499999,-4.5E-02));
#17206 = DIRECTION('',(-0.,-0.,-1.));
#17207 = DIRECTION('',(-0.,-1.,0.));
#17208 = ADVANCED_FACE('',(#17209),#17220,.F.);
#17209 = FACE_BOUND('',#17210,.T.);
#17210 = EDGE_LOOP('',(#17211,#17212,#17218,#17219));
#17211 = ORIENTED_EDGE('',*,*,#12355,.T.);
#17212 = ORIENTED_EDGE('',*,*,#17213,.T.);
#17213 = EDGE_CURVE('',#12356,#14518,#17214,.T.);
#17214 = LINE('',#17215,#17216);
#17215 = CARTESIAN_POINT('',(23.362944,-6.052943,-4.5E-02));
#17216 = VECTOR('',#17217,1.);
#17217 = DIRECTION('',(0.,0.,1.));
#17218 = ORIENTED_EDGE('',*,*,#14517,.F.);
#17219 = ORIENTED_EDGE('',*,*,#17213,.F.);
#17220 = CYLINDRICAL_SURFACE('',#17221,0.25);
#17221 = AXIS2_PLACEMENT_3D('',#17222,#17223,#17224);
#17222 = CARTESIAN_POINT('',(23.362944,-5.802943,-4.5E-02));
#17223 = DIRECTION('',(-0.,-0.,-1.));
#17224 = DIRECTION('',(-0.,-1.,0.));
#17225 = ADVANCED_FACE('',(#17226),#17237,.F.);
#17226 = FACE_BOUND('',#17227,.T.);
#17227 = EDGE_LOOP('',(#17228,#17229,#17235,#17236));
#17228 = ORIENTED_EDGE('',*,*,#12366,.T.);
#17229 = ORIENTED_EDGE('',*,*,#17230,.T.);
#17230 = EDGE_CURVE('',#12367,#14529,#17231,.T.);
#17231 = LINE('',#17232,#17233);
#17232 = CARTESIAN_POINT('',(25.06,-5.349999,-4.5E-02));
#17233 = VECTOR('',#17234,1.);
#17234 = DIRECTION('',(0.,0.,1.));
#17235 = ORIENTED_EDGE('',*,*,#14528,.F.);
#17236 = ORIENTED_EDGE('',*,*,#17230,.F.);
#17237 = CYLINDRICAL_SURFACE('',#17238,0.25);
#17238 = AXIS2_PLACEMENT_3D('',#17239,#17240,#17241);
#17239 = CARTESIAN_POINT('',(25.06,-5.099999,-4.5E-02));
#17240 = DIRECTION('',(-0.,-0.,-1.));
#17241 = DIRECTION('',(-0.,-1.,0.));
#17242 = ADVANCED_FACE('',(#17243),#17254,.F.);
#17243 = FACE_BOUND('',#17244,.T.);
#17244 = EDGE_LOOP('',(#17245,#17246,#17252,#17253));
#17245 = ORIENTED_EDGE('',*,*,#12377,.T.);
#17246 = ORIENTED_EDGE('',*,*,#17247,.T.);
#17247 = EDGE_CURVE('',#12378,#14540,#17248,.T.);
#17248 = LINE('',#17249,#17250);
#17249 = CARTESIAN_POINT('',(26.757056,-6.052943,-4.5E-02));
#17250 = VECTOR('',#17251,1.);
#17251 = DIRECTION('',(0.,0.,1.));
#17252 = ORIENTED_EDGE('',*,*,#14539,.F.);
#17253 = ORIENTED_EDGE('',*,*,#17247,.F.);
#17254 = CYLINDRICAL_SURFACE('',#17255,0.25);
#17255 = AXIS2_PLACEMENT_3D('',#17256,#17257,#17258);
#17256 = CARTESIAN_POINT('',(26.757056,-5.802943,-4.5E-02));
#17257 = DIRECTION('',(-0.,-0.,-1.));
#17258 = DIRECTION('',(-0.,-1.,0.));
#17259 = ADVANCED_FACE('',(#17260),#17271,.F.);
#17260 = FACE_BOUND('',#17261,.T.);
#17261 = EDGE_LOOP('',(#17262,#17263,#17269,#17270));
#17262 = ORIENTED_EDGE('',*,*,#12388,.T.);
#17263 = ORIENTED_EDGE('',*,*,#17264,.T.);
#17264 = EDGE_CURVE('',#12389,#14551,#17265,.T.);
#17265 = LINE('',#17266,#17267);
#17266 = CARTESIAN_POINT('',(34.25,-6.849999,-4.5E-02));
#17267 = VECTOR('',#17268,1.);
#17268 = DIRECTION('',(0.,0.,1.));
#17269 = ORIENTED_EDGE('',*,*,#14550,.F.);
#17270 = ORIENTED_EDGE('',*,*,#17264,.F.);
#17271 = CYLINDRICAL_SURFACE('',#17272,0.5);
#17272 = AXIS2_PLACEMENT_3D('',#17273,#17274,#17275);
#17273 = CARTESIAN_POINT('',(34.25,-6.349999,-4.5E-02));
#17274 = DIRECTION('',(-0.,-0.,-1.));
#17275 = DIRECTION('',(-0.,-1.,0.));
#17276 = ADVANCED_FACE('',(#17277),#17288,.F.);
#17277 = FACE_BOUND('',#17278,.T.);
#17278 = EDGE_LOOP('',(#17279,#17280,#17286,#17287));
#17279 = ORIENTED_EDGE('',*,*,#12399,.T.);
#17280 = ORIENTED_EDGE('',*,*,#17281,.T.);
#17281 = EDGE_CURVE('',#12400,#14562,#17282,.T.);
#17282 = LINE('',#17283,#17284);
#17283 = CARTESIAN_POINT('',(34.25,-4.309999,-4.5E-02));
#17284 = VECTOR('',#17285,1.);
#17285 = DIRECTION('',(0.,0.,1.));
#17286 = ORIENTED_EDGE('',*,*,#14561,.F.);
#17287 = ORIENTED_EDGE('',*,*,#17281,.F.);
#17288 = CYLINDRICAL_SURFACE('',#17289,0.5);
#17289 = AXIS2_PLACEMENT_3D('',#17290,#17291,#17292);
#17290 = CARTESIAN_POINT('',(34.25,-3.809999,-4.5E-02));
#17291 = DIRECTION('',(-0.,-0.,-1.));
#17292 = DIRECTION('',(-0.,-1.,0.));
#17293 = ADVANCED_FACE('',(#17294),#17305,.F.);
#17294 = FACE_BOUND('',#17295,.T.);
#17295 = EDGE_LOOP('',(#17296,#17297,#17303,#17304));
#17296 = ORIENTED_EDGE('',*,*,#12410,.T.);
#17297 = ORIENTED_EDGE('',*,*,#17298,.T.);
#17298 = EDGE_CURVE('',#12411,#14573,#17299,.T.);
#17299 = LINE('',#17300,#17301);
#17300 = CARTESIAN_POINT('',(34.25,-1.769999,-4.5E-02));
#17301 = VECTOR('',#17302,1.);
#17302 = DIRECTION('',(0.,0.,1.));
#17303 = ORIENTED_EDGE('',*,*,#14572,.F.);
#17304 = ORIENTED_EDGE('',*,*,#17298,.F.);
#17305 = CYLINDRICAL_SURFACE('',#17306,0.5);
#17306 = AXIS2_PLACEMENT_3D('',#17307,#17308,#17309);
#17307 = CARTESIAN_POINT('',(34.25,-1.269999,-4.5E-02));
#17308 = DIRECTION('',(-0.,-0.,-1.));
#17309 = DIRECTION('',(-0.,-1.,0.));
#17310 = ADVANCED_FACE('',(#17311),#17322,.F.);
#17311 = FACE_BOUND('',#17312,.T.);
#17312 = EDGE_LOOP('',(#17313,#17314,#17320,#17321));
#17313 = ORIENTED_EDGE('',*,*,#12421,.T.);
#17314 = ORIENTED_EDGE('',*,*,#17315,.T.);
#17315 = EDGE_CURVE('',#12422,#14584,#17316,.T.);
#17316 = LINE('',#17317,#17318);
#17317 = CARTESIAN_POINT('',(-34.25,0.770001,-4.5E-02));
#17318 = VECTOR('',#17319,1.);
#17319 = DIRECTION('',(0.,0.,1.));
#17320 = ORIENTED_EDGE('',*,*,#14583,.F.);
#17321 = ORIENTED_EDGE('',*,*,#17315,.F.);
#17322 = CYLINDRICAL_SURFACE('',#17323,0.5);
#17323 = AXIS2_PLACEMENT_3D('',#17324,#17325,#17326);
#17324 = CARTESIAN_POINT('',(-34.25,1.270001,-4.5E-02));
#17325 = DIRECTION('',(-0.,-0.,-1.));
#17326 = DIRECTION('',(-0.,-1.,0.));
#17327 = ADVANCED_FACE('',(#17328),#17339,.F.);
#17328 = FACE_BOUND('',#17329,.T.);
#17329 = EDGE_LOOP('',(#17330,#17331,#17337,#17338));
#17330 = ORIENTED_EDGE('',*,*,#12432,.T.);
#17331 = ORIENTED_EDGE('',*,*,#17332,.T.);
#17332 = EDGE_CURVE('',#12433,#14595,#17333,.T.);
#17333 = LINE('',#17334,#17335);
#17334 = CARTESIAN_POINT('',(-34.25,3.310001,-4.5E-02));
#17335 = VECTOR('',#17336,1.);
#17336 = DIRECTION('',(0.,0.,1.));
#17337 = ORIENTED_EDGE('',*,*,#14594,.F.);
#17338 = ORIENTED_EDGE('',*,*,#17332,.F.);
#17339 = CYLINDRICAL_SURFACE('',#17340,0.5);
#17340 = AXIS2_PLACEMENT_3D('',#17341,#17342,#17343);
#17341 = CARTESIAN_POINT('',(-34.25,3.810001,-4.5E-02));
#17342 = DIRECTION('',(-0.,-0.,-1.));
#17343 = DIRECTION('',(-0.,-1.,0.));
#17344 = ADVANCED_FACE('',(#17345),#17356,.F.);
#17345 = FACE_BOUND('',#17346,.T.);
#17346 = EDGE_LOOP('',(#17347,#17348,#17354,#17355));
#17347 = ORIENTED_EDGE('',*,*,#12443,.T.);
#17348 = ORIENTED_EDGE('',*,*,#17349,.T.);
#17349 = EDGE_CURVE('',#12444,#14606,#17350,.T.);
#17350 = LINE('',#17351,#17352);
#17351 = CARTESIAN_POINT('',(-34.25,5.850001,-4.5E-02));
#17352 = VECTOR('',#17353,1.);
#17353 = DIRECTION('',(0.,0.,1.));
#17354 = ORIENTED_EDGE('',*,*,#14605,.F.);
#17355 = ORIENTED_EDGE('',*,*,#17349,.F.);
#17356 = CYLINDRICAL_SURFACE('',#17357,0.5);
#17357 = AXIS2_PLACEMENT_3D('',#17358,#17359,#17360);
#17358 = CARTESIAN_POINT('',(-34.25,6.350001,-4.5E-02));
#17359 = DIRECTION('',(-0.,-0.,-1.));
#17360 = DIRECTION('',(-0.,-1.,0.));
#17361 = ADVANCED_FACE('',(#17362),#17373,.F.);
#17362 = FACE_BOUND('',#17363,.T.);
#17363 = EDGE_LOOP('',(#17364,#17365,#17371,#17372));
#17364 = ORIENTED_EDGE('',*,*,#12454,.T.);
#17365 = ORIENTED_EDGE('',*,*,#17366,.T.);
#17366 = EDGE_CURVE('',#12455,#14617,#17367,.T.);
#17367 = LINE('',#17368,#17369);
#17368 = CARTESIAN_POINT('',(-26.757056,5.552945,-4.5E-02));
#17369 = VECTOR('',#17370,1.);
#17370 = DIRECTION('',(0.,0.,1.));
#17371 = ORIENTED_EDGE('',*,*,#14616,.F.);
#17372 = ORIENTED_EDGE('',*,*,#17366,.F.);
#17373 = CYLINDRICAL_SURFACE('',#17374,0.25);
#17374 = AXIS2_PLACEMENT_3D('',#17375,#17376,#17377);
#17375 = CARTESIAN_POINT('',(-26.757056,5.802945,-4.5E-02));
#17376 = DIRECTION('',(-0.,-0.,-1.));
#17377 = DIRECTION('',(-0.,-1.,0.));
#17378 = ADVANCED_FACE('',(#17379),#17390,.F.);
#17379 = FACE_BOUND('',#17380,.T.);
#17380 = EDGE_LOOP('',(#17381,#17382,#17388,#17389));
#17381 = ORIENTED_EDGE('',*,*,#12465,.T.);
#17382 = ORIENTED_EDGE('',*,*,#17383,.T.);
#17383 = EDGE_CURVE('',#12466,#14628,#17384,.T.);
#17384 = LINE('',#17385,#17386);
#17385 = CARTESIAN_POINT('',(-27.46,7.250001,-4.5E-02));
#17386 = VECTOR('',#17387,1.);
#17387 = DIRECTION('',(0.,0.,1.));
#17388 = ORIENTED_EDGE('',*,*,#14627,.F.);
#17389 = ORIENTED_EDGE('',*,*,#17383,.F.);
#17390 = CYLINDRICAL_SURFACE('',#17391,0.25);
#17391 = AXIS2_PLACEMENT_3D('',#17392,#17393,#17394);
#17392 = CARTESIAN_POINT('',(-27.46,7.500001,-4.5E-02));
#17393 = DIRECTION('',(-0.,-0.,-1.));
#17394 = DIRECTION('',(-0.,-1.,0.));
#17395 = ADVANCED_FACE('',(#17396),#17407,.F.);
#17396 = FACE_BOUND('',#17397,.T.);
#17397 = EDGE_LOOP('',(#17398,#17399,#17405,#17406));
#17398 = ORIENTED_EDGE('',*,*,#12476,.T.);
#17399 = ORIENTED_EDGE('',*,*,#17400,.T.);
#17400 = EDGE_CURVE('',#12477,#14639,#17401,.T.);
#17401 = LINE('',#17402,#17403);
#17402 = CARTESIAN_POINT('',(-26.757056,8.947057,-4.5E-02));
#17403 = VECTOR('',#17404,1.);
#17404 = DIRECTION('',(0.,0.,1.));
#17405 = ORIENTED_EDGE('',*,*,#14638,.F.);
#17406 = ORIENTED_EDGE('',*,*,#17400,.F.);
#17407 = CYLINDRICAL_SURFACE('',#17408,0.25);
#17408 = AXIS2_PLACEMENT_3D('',#17409,#17410,#17411);
#17409 = CARTESIAN_POINT('',(-26.757056,9.197057,-4.5E-02));
#17410 = DIRECTION('',(-0.,-0.,-1.));
#17411 = DIRECTION('',(-0.,-1.,0.));
#17412 = ADVANCED_FACE('',(#17413),#17424,.F.);
#17413 = FACE_BOUND('',#17414,.T.);
#17414 = EDGE_LOOP('',(#17415,#17416,#17422,#17423));
#17415 = ORIENTED_EDGE('',*,*,#12487,.T.);
#17416 = ORIENTED_EDGE('',*,*,#17417,.T.);
#17417 = EDGE_CURVE('',#12488,#14650,#17418,.T.);
#17418 = LINE('',#17419,#17420);
#17419 = CARTESIAN_POINT('',(-47.5565,13.263401,-4.5E-02));
#17420 = VECTOR('',#17421,1.);
#17421 = DIRECTION('',(0.,0.,1.));
#17422 = ORIENTED_EDGE('',*,*,#14649,.F.);
#17423 = ORIENTED_EDGE('',*,*,#17417,.F.);
#17424 = CYLINDRICAL_SURFACE('',#17425,0.425);
#17425 = AXIS2_PLACEMENT_3D('',#17426,#17427,#17428);
#17426 = CARTESIAN_POINT('',(-47.5565,13.688401,-4.5E-02));
#17427 = DIRECTION('',(-0.,-0.,-1.));
#17428 = DIRECTION('',(-0.,-1.,0.));
#17429 = ADVANCED_FACE('',(#17430),#17441,.F.);
#17430 = FACE_BOUND('',#17431,.T.);
#17431 = EDGE_LOOP('',(#17432,#17433,#17439,#17440));
#17432 = ORIENTED_EDGE('',*,*,#12498,.T.);
#17433 = ORIENTED_EDGE('',*,*,#17434,.T.);
#17434 = EDGE_CURVE('',#12499,#14661,#17435,.T.);
#17435 = LINE('',#17436,#17437);
#17436 = CARTESIAN_POINT('',(-45.0165,13.263401,-4.5E-02));
#17437 = VECTOR('',#17438,1.);
#17438 = DIRECTION('',(0.,0.,1.));
#17439 = ORIENTED_EDGE('',*,*,#14660,.F.);
#17440 = ORIENTED_EDGE('',*,*,#17434,.F.);
#17441 = CYLINDRICAL_SURFACE('',#17442,0.425);
#17442 = AXIS2_PLACEMENT_3D('',#17443,#17444,#17445);
#17443 = CARTESIAN_POINT('',(-45.0165,13.688401,-4.5E-02));
#17444 = DIRECTION('',(-0.,-0.,-1.));
#17445 = DIRECTION('',(-0.,-1.,0.));
#17446 = ADVANCED_FACE('',(#17447),#17458,.F.);
#17447 = FACE_BOUND('',#17448,.T.);
#17448 = EDGE_LOOP('',(#17449,#17450,#17456,#17457));
#17449 = ORIENTED_EDGE('',*,*,#12509,.T.);
#17450 = ORIENTED_EDGE('',*,*,#17451,.T.);
#17451 = EDGE_CURVE('',#12510,#14672,#17452,.T.);
#17452 = LINE('',#17453,#17454);
#17453 = CARTESIAN_POINT('',(-42.4765,13.263401,-4.5E-02));
#17454 = VECTOR('',#17455,1.);
#17455 = DIRECTION('',(0.,0.,1.));
#17456 = ORIENTED_EDGE('',*,*,#14671,.F.);
#17457 = ORIENTED_EDGE('',*,*,#17451,.F.);
#17458 = CYLINDRICAL_SURFACE('',#17459,0.425);
#17459 = AXIS2_PLACEMENT_3D('',#17460,#17461,#17462);
#17460 = CARTESIAN_POINT('',(-42.4765,13.688401,-4.5E-02));
#17461 = DIRECTION('',(-0.,-0.,-1.));
#17462 = DIRECTION('',(-0.,-1.,0.));
#17463 = ADVANCED_FACE('',(#17464),#17475,.F.);
#17464 = FACE_BOUND('',#17465,.T.);
#17465 = EDGE_LOOP('',(#17466,#17467,#17473,#17474));
#17466 = ORIENTED_EDGE('',*,*,#12520,.T.);
#17467 = ORIENTED_EDGE('',*,*,#17468,.T.);
#17468 = EDGE_CURVE('',#12521,#14683,#17469,.T.);
#17469 = LINE('',#17470,#17471);
#17470 = CARTESIAN_POINT('',(-39.9365,13.263401,-4.5E-02));
#17471 = VECTOR('',#17472,1.);
#17472 = DIRECTION('',(0.,0.,1.));
#17473 = ORIENTED_EDGE('',*,*,#14682,.F.);
#17474 = ORIENTED_EDGE('',*,*,#17468,.F.);
#17475 = CYLINDRICAL_SURFACE('',#17476,0.425);
#17476 = AXIS2_PLACEMENT_3D('',#17477,#17478,#17479);
#17477 = CARTESIAN_POINT('',(-39.9365,13.688401,-4.5E-02));
#17478 = DIRECTION('',(-0.,-0.,-1.));
#17479 = DIRECTION('',(-1.671865260612E-14,-1.,0.));
#17480 = ADVANCED_FACE('',(#17481),#17492,.F.);
#17481 = FACE_BOUND('',#17482,.T.);
#17482 = EDGE_LOOP('',(#17483,#17484,#17490,#17491));
#17483 = ORIENTED_EDGE('',*,*,#12531,.T.);
#17484 = ORIENTED_EDGE('',*,*,#17485,.T.);
#17485 = EDGE_CURVE('',#12532,#14694,#17486,.T.);
#17486 = LINE('',#17487,#17488);
#17487 = CARTESIAN_POINT('',(-37.3965,13.263401,-4.5E-02));
#17488 = VECTOR('',#17489,1.);
#17489 = DIRECTION('',(0.,0.,1.));
#17490 = ORIENTED_EDGE('',*,*,#14693,.F.);
#17491 = ORIENTED_EDGE('',*,*,#17485,.F.);
#17492 = CYLINDRICAL_SURFACE('',#17493,0.425);
#17493 = AXIS2_PLACEMENT_3D('',#17494,#17495,#17496);
#17494 = CARTESIAN_POINT('',(-37.3965,13.688401,-4.5E-02));
#17495 = DIRECTION('',(-0.,-0.,-1.));
#17496 = DIRECTION('',(-0.,-1.,0.));
#17497 = ADVANCED_FACE('',(#17498),#17509,.F.);
#17498 = FACE_BOUND('',#17499,.T.);
#17499 = EDGE_LOOP('',(#17500,#17501,#17507,#17508));
#17500 = ORIENTED_EDGE('',*,*,#12542,.T.);
#17501 = ORIENTED_EDGE('',*,*,#17502,.T.);
#17502 = EDGE_CURVE('',#12543,#14705,#17503,.T.);
#17503 = LINE('',#17504,#17505);
#17504 = CARTESIAN_POINT('',(-34.8565,13.263401,-4.5E-02));
#17505 = VECTOR('',#17506,1.);
#17506 = DIRECTION('',(0.,0.,1.));
#17507 = ORIENTED_EDGE('',*,*,#14704,.F.);
#17508 = ORIENTED_EDGE('',*,*,#17502,.F.);
#17509 = CYLINDRICAL_SURFACE('',#17510,0.425);
#17510 = AXIS2_PLACEMENT_3D('',#17511,#17512,#17513);
#17511 = CARTESIAN_POINT('',(-34.8565,13.688401,-4.5E-02));
#17512 = DIRECTION('',(-0.,-0.,-1.));
#17513 = DIRECTION('',(-0.,-1.,0.));
#17514 = ADVANCED_FACE('',(#17515),#17526,.F.);
#17515 = FACE_BOUND('',#17516,.T.);
#17516 = EDGE_LOOP('',(#17517,#17518,#17524,#17525));
#17517 = ORIENTED_EDGE('',*,*,#12553,.T.);
#17518 = ORIENTED_EDGE('',*,*,#17519,.T.);
#17519 = EDGE_CURVE('',#12554,#14716,#17520,.T.);
#17520 = LINE('',#17521,#17522);
#17521 = CARTESIAN_POINT('',(-32.3165,13.263401,-4.5E-02));
#17522 = VECTOR('',#17523,1.);
#17523 = DIRECTION('',(0.,0.,1.));
#17524 = ORIENTED_EDGE('',*,*,#14715,.F.);
#17525 = ORIENTED_EDGE('',*,*,#17519,.F.);
#17526 = CYLINDRICAL_SURFACE('',#17527,0.425);
#17527 = AXIS2_PLACEMENT_3D('',#17528,#17529,#17530);
#17528 = CARTESIAN_POINT('',(-32.3165,13.688401,-4.5E-02));
#17529 = DIRECTION('',(-0.,0.,-1.));
#17530 = DIRECTION('',(1.671865260612E-14,-1.,-0.));
#17531 = ADVANCED_FACE('',(#17532),#17543,.F.);
#17532 = FACE_BOUND('',#17533,.T.);
#17533 = EDGE_LOOP('',(#17534,#17535,#17541,#17542));
#17534 = ORIENTED_EDGE('',*,*,#12564,.T.);
#17535 = ORIENTED_EDGE('',*,*,#17536,.T.);
#17536 = EDGE_CURVE('',#12565,#14727,#17537,.T.);
#17537 = LINE('',#17538,#17539);
#17538 = CARTESIAN_POINT('',(-25.06,4.850001,-4.5E-02));
#17539 = VECTOR('',#17540,1.);
#17540 = DIRECTION('',(0.,0.,1.));
#17541 = ORIENTED_EDGE('',*,*,#14726,.F.);
#17542 = ORIENTED_EDGE('',*,*,#17536,.F.);
#17543 = CYLINDRICAL_SURFACE('',#17544,0.25);
#17544 = AXIS2_PLACEMENT_3D('',#17545,#17546,#17547);
#17545 = CARTESIAN_POINT('',(-25.06,5.100001,-4.5E-02));
#17546 = DIRECTION('',(-0.,-0.,-1.));
#17547 = DIRECTION('',(-0.,-1.,0.));
#17548 = ADVANCED_FACE('',(#17549),#17560,.F.);
#17549 = FACE_BOUND('',#17550,.T.);
#17550 = EDGE_LOOP('',(#17551,#17552,#17558,#17559));
#17551 = ORIENTED_EDGE('',*,*,#12575,.T.);
#17552 = ORIENTED_EDGE('',*,*,#17553,.T.);
#17553 = EDGE_CURVE('',#12576,#14738,#17554,.T.);
#17554 = LINE('',#17555,#17556);
#17555 = CARTESIAN_POINT('',(-23.362944,5.552945,-4.5E-02));
#17556 = VECTOR('',#17557,1.);
#17557 = DIRECTION('',(0.,0.,1.));
#17558 = ORIENTED_EDGE('',*,*,#14737,.F.);
#17559 = ORIENTED_EDGE('',*,*,#17553,.F.);
#17560 = CYLINDRICAL_SURFACE('',#17561,0.25);
#17561 = AXIS2_PLACEMENT_3D('',#17562,#17563,#17564);
#17562 = CARTESIAN_POINT('',(-23.362944,5.802945,-4.5E-02));
#17563 = DIRECTION('',(-0.,-0.,-1.));
#17564 = DIRECTION('',(-0.,-1.,0.));
#17565 = ADVANCED_FACE('',(#17566),#17577,.F.);
#17566 = FACE_BOUND('',#17567,.T.);
#17567 = EDGE_LOOP('',(#17568,#17569,#17575,#17576));
#17568 = ORIENTED_EDGE('',*,*,#12586,.T.);
#17569 = ORIENTED_EDGE('',*,*,#17570,.T.);
#17570 = EDGE_CURVE('',#12587,#14749,#17571,.T.);
#17571 = LINE('',#17572,#17573);
#17572 = CARTESIAN_POINT('',(-25.06,5.900001,-4.5E-02));
#17573 = VECTOR('',#17574,1.);
#17574 = DIRECTION('',(0.,0.,1.));
#17575 = ORIENTED_EDGE('',*,*,#14748,.F.);
#17576 = ORIENTED_EDGE('',*,*,#17570,.F.);
#17577 = CYLINDRICAL_SURFACE('',#17578,1.6);
#17578 = AXIS2_PLACEMENT_3D('',#17579,#17580,#17581);
#17579 = CARTESIAN_POINT('',(-25.06,7.500001,-4.5E-02));
#17580 = DIRECTION('',(-0.,0.,-1.));
#17581 = DIRECTION('',(2.22044604925E-15,-1.,-0.));
#17582 = ADVANCED_FACE('',(#17583),#17594,.F.);
#17583 = FACE_BOUND('',#17584,.T.);
#17584 = EDGE_LOOP('',(#17585,#17586,#17592,#17593));
#17585 = ORIENTED_EDGE('',*,*,#12597,.T.);
#17586 = ORIENTED_EDGE('',*,*,#17587,.T.);
#17587 = EDGE_CURVE('',#12598,#14760,#17588,.T.);
#17588 = LINE('',#17589,#17590);
#17589 = CARTESIAN_POINT('',(-23.362944,8.947057,-4.5E-02));
#17590 = VECTOR('',#17591,1.);
#17591 = DIRECTION('',(0.,0.,1.));
#17592 = ORIENTED_EDGE('',*,*,#14759,.F.);
#17593 = ORIENTED_EDGE('',*,*,#17587,.F.);
#17594 = CYLINDRICAL_SURFACE('',#17595,0.25);
#17595 = AXIS2_PLACEMENT_3D('',#17596,#17597,#17598);
#17596 = CARTESIAN_POINT('',(-23.362944,9.197057,-4.5E-02));
#17597 = DIRECTION('',(-0.,-0.,-1.));
#17598 = DIRECTION('',(-0.,-1.,0.));
#17599 = ADVANCED_FACE('',(#17600),#17611,.F.);
#17600 = FACE_BOUND('',#17601,.T.);
#17601 = EDGE_LOOP('',(#17602,#17603,#17609,#17610));
#17602 = ORIENTED_EDGE('',*,*,#12608,.T.);
#17603 = ORIENTED_EDGE('',*,*,#17604,.T.);
#17604 = EDGE_CURVE('',#12609,#14771,#17605,.T.);
#17605 = LINE('',#17606,#17607);
#17606 = CARTESIAN_POINT('',(-22.66,7.250001,-4.5E-02));
#17607 = VECTOR('',#17608,1.);
#17608 = DIRECTION('',(0.,0.,1.));
#17609 = ORIENTED_EDGE('',*,*,#14770,.F.);
#17610 = ORIENTED_EDGE('',*,*,#17604,.F.);
#17611 = CYLINDRICAL_SURFACE('',#17612,0.25);
#17612 = AXIS2_PLACEMENT_3D('',#17613,#17614,#17615);
#17613 = CARTESIAN_POINT('',(-22.66,7.500001,-4.5E-02));
#17614 = DIRECTION('',(-0.,-0.,-1.));
#17615 = DIRECTION('',(-0.,-1.,0.));
#17616 = ADVANCED_FACE('',(#17617),#17628,.F.);
#17617 = FACE_BOUND('',#17618,.T.);
#17618 = EDGE_LOOP('',(#17619,#17620,#17626,#17627));
#17619 = ORIENTED_EDGE('',*,*,#12619,.T.);
#17620 = ORIENTED_EDGE('',*,*,#17621,.T.);
#17621 = EDGE_CURVE('',#12620,#14782,#17622,.T.);
#17622 = LINE('',#17623,#17624);
#17623 = CARTESIAN_POINT('',(-25.06,9.650001,-4.5E-02));
#17624 = VECTOR('',#17625,1.);
#17625 = DIRECTION('',(0.,0.,1.));
#17626 = ORIENTED_EDGE('',*,*,#14781,.F.);
#17627 = ORIENTED_EDGE('',*,*,#17621,.F.);
#17628 = CYLINDRICAL_SURFACE('',#17629,0.25);
#17629 = AXIS2_PLACEMENT_3D('',#17630,#17631,#17632);
#17630 = CARTESIAN_POINT('',(-25.06,9.900001,-4.5E-02));
#17631 = DIRECTION('',(-0.,-0.,-1.));
#17632 = DIRECTION('',(-0.,-1.,0.));
#17633 = ADVANCED_FACE('',(#17634),#17645,.F.);
#17634 = FACE_BOUND('',#17635,.T.);
#17635 = EDGE_LOOP('',(#17636,#17637,#17643,#17644));
#17636 = ORIENTED_EDGE('',*,*,#12630,.T.);
#17637 = ORIENTED_EDGE('',*,*,#17638,.T.);
#17638 = EDGE_CURVE('',#12631,#14793,#17639,.T.);
#17639 = LINE('',#17640,#17641);
#17640 = CARTESIAN_POINT('',(-14.478,3.239001,-4.5E-02));
#17641 = VECTOR('',#17642,1.);
#17642 = DIRECTION('',(0.,0.,1.));
#17643 = ORIENTED_EDGE('',*,*,#14792,.F.);
#17644 = ORIENTED_EDGE('',*,*,#17638,.F.);
#17645 = CYLINDRICAL_SURFACE('',#17646,1.85);
#17646 = AXIS2_PLACEMENT_3D('',#17647,#17648,#17649);
#17647 = CARTESIAN_POINT('',(-14.478,5.089001,-4.5E-02));
#17648 = DIRECTION('',(-0.,-0.,-1.));
#17649 = DIRECTION('',(-0.,-1.,0.));
#17650 = ADVANCED_FACE('',(#17651),#17662,.F.);
#17651 = FACE_BOUND('',#17652,.T.);
#17652 = EDGE_LOOP('',(#17653,#17654,#17660,#17661));
#17653 = ORIENTED_EDGE('',*,*,#12641,.T.);
#17654 = ORIENTED_EDGE('',*,*,#17655,.T.);
#17655 = EDGE_CURVE('',#12642,#14804,#17656,.T.);
#17656 = LINE('',#17657,#17658);
#17657 = CARTESIAN_POINT('',(-10.1722,11.168401,-4.5E-02));
#17658 = VECTOR('',#17659,1.);
#17659 = DIRECTION('',(0.,0.,1.));
#17660 = ORIENTED_EDGE('',*,*,#14803,.F.);
#17661 = ORIENTED_EDGE('',*,*,#17655,.F.);
#17662 = CYLINDRICAL_SURFACE('',#17663,1.25);
#17663 = AXIS2_PLACEMENT_3D('',#17664,#17665,#17666);
#17664 = CARTESIAN_POINT('',(-10.1722,12.418401,-4.5E-02));
#17665 = DIRECTION('',(-0.,-0.,-1.));
#17666 = DIRECTION('',(-0.,-1.,0.));
#17667 = ADVANCED_FACE('',(#17668),#17679,.F.);
#17668 = FACE_BOUND('',#17669,.T.);
#17669 = EDGE_LOOP('',(#17670,#17671,#17677,#17678));
#17670 = ORIENTED_EDGE('',*,*,#12652,.T.);
#17671 = ORIENTED_EDGE('',*,*,#17672,.T.);
#17672 = EDGE_CURVE('',#12653,#14815,#17673,.T.);
#17673 = LINE('',#17674,#17675);
#17674 = CARTESIAN_POINT('',(-6.3622,11.918401,-4.5E-02));
#17675 = VECTOR('',#17676,1.);
#17676 = DIRECTION('',(0.,0.,1.));
#17677 = ORIENTED_EDGE('',*,*,#14814,.F.);
#17678 = ORIENTED_EDGE('',*,*,#17672,.F.);
#17679 = CYLINDRICAL_SURFACE('',#17680,0.5);
#17680 = AXIS2_PLACEMENT_3D('',#17681,#17682,#17683);
#17681 = CARTESIAN_POINT('',(-6.3622,12.418401,-4.5E-02));
#17682 = DIRECTION('',(-0.,-0.,-1.));
#17683 = DIRECTION('',(-0.,-1.,0.));
#17684 = ADVANCED_FACE('',(#17685),#17696,.F.);
#17685 = FACE_BOUND('',#17686,.T.);
#17686 = EDGE_LOOP('',(#17687,#17688,#17694,#17695));
#17687 = ORIENTED_EDGE('',*,*,#12663,.T.);
#17688 = ORIENTED_EDGE('',*,*,#17689,.T.);
#17689 = EDGE_CURVE('',#12664,#14826,#17690,.T.);
#17690 = LINE('',#17691,#17692);
#17691 = CARTESIAN_POINT('',(-3.8222,11.918401,-4.5E-02));
#17692 = VECTOR('',#17693,1.);
#17693 = DIRECTION('',(0.,0.,1.));
#17694 = ORIENTED_EDGE('',*,*,#14825,.F.);
#17695 = ORIENTED_EDGE('',*,*,#17689,.F.);
#17696 = CYLINDRICAL_SURFACE('',#17697,0.5);
#17697 = AXIS2_PLACEMENT_3D('',#17698,#17699,#17700);
#17698 = CARTESIAN_POINT('',(-3.8222,12.418401,-4.5E-02));
#17699 = DIRECTION('',(-0.,-0.,-1.));
#17700 = DIRECTION('',(-8.881784197001E-16,-1.,0.));
#17701 = ADVANCED_FACE('',(#17702),#17713,.F.);
#17702 = FACE_BOUND('',#17703,.T.);
#17703 = EDGE_LOOP('',(#17704,#17705,#17711,#17712));
#17704 = ORIENTED_EDGE('',*,*,#12674,.T.);
#17705 = ORIENTED_EDGE('',*,*,#17706,.T.);
#17706 = EDGE_CURVE('',#12675,#14837,#17707,.T.);
#17707 = LINE('',#17708,#17709);
#17708 = CARTESIAN_POINT('',(-47.5565,28.503401,-4.5E-02));
#17709 = VECTOR('',#17710,1.);
#17710 = DIRECTION('',(0.,0.,1.));
#17711 = ORIENTED_EDGE('',*,*,#14836,.F.);
#17712 = ORIENTED_EDGE('',*,*,#17706,.F.);
#17713 = CYLINDRICAL_SURFACE('',#17714,0.425);
#17714 = AXIS2_PLACEMENT_3D('',#17715,#17716,#17717);
#17715 = CARTESIAN_POINT('',(-47.5565,28.928401,-4.5E-02));
#17716 = DIRECTION('',(-0.,-0.,-1.));
#17717 = DIRECTION('',(-0.,-1.,0.));
#17718 = ADVANCED_FACE('',(#17719),#17730,.F.);
#17719 = FACE_BOUND('',#17720,.T.);
#17720 = EDGE_LOOP('',(#17721,#17722,#17728,#17729));
#17721 = ORIENTED_EDGE('',*,*,#12685,.T.);
#17722 = ORIENTED_EDGE('',*,*,#17723,.T.);
#17723 = EDGE_CURVE('',#12686,#14848,#17724,.T.);
#17724 = LINE('',#17725,#17726);
#17725 = CARTESIAN_POINT('',(-45.0165,28.503401,-4.5E-02));
#17726 = VECTOR('',#17727,1.);
#17727 = DIRECTION('',(0.,0.,1.));
#17728 = ORIENTED_EDGE('',*,*,#14847,.F.);
#17729 = ORIENTED_EDGE('',*,*,#17723,.F.);
#17730 = CYLINDRICAL_SURFACE('',#17731,0.425);
#17731 = AXIS2_PLACEMENT_3D('',#17732,#17733,#17734);
#17732 = CARTESIAN_POINT('',(-45.0165,28.928401,-4.5E-02));
#17733 = DIRECTION('',(-0.,-0.,-1.));
#17734 = DIRECTION('',(-0.,-1.,0.));
#17735 = ADVANCED_FACE('',(#17736),#17747,.F.);
#17736 = FACE_BOUND('',#17737,.T.);
#17737 = EDGE_LOOP('',(#17738,#17739,#17745,#17746));
#17738 = ORIENTED_EDGE('',*,*,#12696,.T.);
#17739 = ORIENTED_EDGE('',*,*,#17740,.T.);
#17740 = EDGE_CURVE('',#12697,#14859,#17741,.T.);
#17741 = LINE('',#17742,#17743);
#17742 = CARTESIAN_POINT('',(-42.4765,28.503401,-4.5E-02));
#17743 = VECTOR('',#17744,1.);
#17744 = DIRECTION('',(0.,0.,1.));
#17745 = ORIENTED_EDGE('',*,*,#14858,.F.);
#17746 = ORIENTED_EDGE('',*,*,#17740,.F.);
#17747 = CYLINDRICAL_SURFACE('',#17748,0.425);
#17748 = AXIS2_PLACEMENT_3D('',#17749,#17750,#17751);
#17749 = CARTESIAN_POINT('',(-42.4765,28.928401,-4.5E-02));
#17750 = DIRECTION('',(-0.,-0.,-1.));
#17751 = DIRECTION('',(-0.,-1.,0.));
#17752 = ADVANCED_FACE('',(#17753),#17764,.F.);
#17753 = FACE_BOUND('',#17754,.T.);
#17754 = EDGE_LOOP('',(#17755,#17756,#17762,#17763));
#17755 = ORIENTED_EDGE('',*,*,#12707,.T.);
#17756 = ORIENTED_EDGE('',*,*,#17757,.T.);
#17757 = EDGE_CURVE('',#12708,#14870,#17758,.T.);
#17758 = LINE('',#17759,#17760);
#17759 = CARTESIAN_POINT('',(-39.9365,28.503401,-4.5E-02));
#17760 = VECTOR('',#17761,1.);
#17761 = DIRECTION('',(0.,0.,1.));
#17762 = ORIENTED_EDGE('',*,*,#14869,.F.);
#17763 = ORIENTED_EDGE('',*,*,#17757,.F.);
#17764 = CYLINDRICAL_SURFACE('',#17765,0.425);
#17765 = AXIS2_PLACEMENT_3D('',#17766,#17767,#17768);
#17766 = CARTESIAN_POINT('',(-39.9365,28.928401,-4.5E-02));
#17767 = DIRECTION('',(-0.,-0.,-1.));
#17768 = DIRECTION('',(-1.671865260612E-14,-1.,0.));
#17769 = ADVANCED_FACE('',(#17770),#17781,.F.);
#17770 = FACE_BOUND('',#17771,.T.);
#17771 = EDGE_LOOP('',(#17772,#17773,#17779,#17780));
#17772 = ORIENTED_EDGE('',*,*,#12718,.T.);
#17773 = ORIENTED_EDGE('',*,*,#17774,.T.);
#17774 = EDGE_CURVE('',#12719,#14881,#17775,.T.);
#17775 = LINE('',#17776,#17777);
#17776 = CARTESIAN_POINT('',(-37.3965,28.503401,-4.5E-02));
#17777 = VECTOR('',#17778,1.);
#17778 = DIRECTION('',(0.,0.,1.));
#17779 = ORIENTED_EDGE('',*,*,#14880,.F.);
#17780 = ORIENTED_EDGE('',*,*,#17774,.F.);
#17781 = CYLINDRICAL_SURFACE('',#17782,0.425);
#17782 = AXIS2_PLACEMENT_3D('',#17783,#17784,#17785);
#17783 = CARTESIAN_POINT('',(-37.3965,28.928401,-4.5E-02));
#17784 = DIRECTION('',(-0.,-0.,-1.));
#17785 = DIRECTION('',(-0.,-1.,0.));
#17786 = ADVANCED_FACE('',(#17787),#17798,.F.);
#17787 = FACE_BOUND('',#17788,.T.);
#17788 = EDGE_LOOP('',(#17789,#17790,#17796,#17797));
#17789 = ORIENTED_EDGE('',*,*,#12729,.T.);
#17790 = ORIENTED_EDGE('',*,*,#17791,.T.);
#17791 = EDGE_CURVE('',#12730,#14892,#17792,.T.);
#17792 = LINE('',#17793,#17794);
#17793 = CARTESIAN_POINT('',(-34.8565,28.503401,-4.5E-02));
#17794 = VECTOR('',#17795,1.);
#17795 = DIRECTION('',(0.,0.,1.));
#17796 = ORIENTED_EDGE('',*,*,#14891,.F.);
#17797 = ORIENTED_EDGE('',*,*,#17791,.F.);
#17798 = CYLINDRICAL_SURFACE('',#17799,0.425);
#17799 = AXIS2_PLACEMENT_3D('',#17800,#17801,#17802);
#17800 = CARTESIAN_POINT('',(-34.8565,28.928401,-4.5E-02));
#17801 = DIRECTION('',(-0.,-0.,-1.));
#17802 = DIRECTION('',(-0.,-1.,0.));
#17803 = ADVANCED_FACE('',(#17804),#17815,.F.);
#17804 = FACE_BOUND('',#17805,.T.);
#17805 = EDGE_LOOP('',(#17806,#17807,#17813,#17814));
#17806 = ORIENTED_EDGE('',*,*,#12740,.T.);
#17807 = ORIENTED_EDGE('',*,*,#17808,.T.);
#17808 = EDGE_CURVE('',#12741,#14903,#17809,.T.);
#17809 = LINE('',#17810,#17811);
#17810 = CARTESIAN_POINT('',(-32.3165,28.503401,-4.5E-02));
#17811 = VECTOR('',#17812,1.);
#17812 = DIRECTION('',(0.,0.,1.));
#17813 = ORIENTED_EDGE('',*,*,#14902,.F.);
#17814 = ORIENTED_EDGE('',*,*,#17808,.F.);
#17815 = CYLINDRICAL_SURFACE('',#17816,0.425);
#17816 = AXIS2_PLACEMENT_3D('',#17817,#17818,#17819);
#17817 = CARTESIAN_POINT('',(-32.3165,28.928401,-4.5E-02));
#17818 = DIRECTION('',(-0.,0.,-1.));
#17819 = DIRECTION('',(1.671865260612E-14,-1.,-0.));
#17820 = ADVANCED_FACE('',(#17821),#17832,.F.);
#17821 = FACE_BOUND('',#17822,.T.);
#17822 = EDGE_LOOP('',(#17823,#17824,#17830,#17831));
#17823 = ORIENTED_EDGE('',*,*,#12751,.T.);
#17824 = ORIENTED_EDGE('',*,*,#17825,.T.);
#17825 = EDGE_CURVE('',#12752,#14914,#17826,.T.);
#17826 = LINE('',#17827,#17828);
#17827 = CARTESIAN_POINT('',(-24.747056,28.052945,-4.5E-02));
#17828 = VECTOR('',#17829,1.);
#17829 = DIRECTION('',(0.,0.,1.));
#17830 = ORIENTED_EDGE('',*,*,#14913,.F.);
#17831 = ORIENTED_EDGE('',*,*,#17825,.F.);
#17832 = CYLINDRICAL_SURFACE('',#17833,0.25);
#17833 = AXIS2_PLACEMENT_3D('',#17834,#17835,#17836);
#17834 = CARTESIAN_POINT('',(-24.747056,28.302945,-4.5E-02));
#17835 = DIRECTION('',(-0.,-0.,-1.));
#17836 = DIRECTION('',(-0.,-1.,0.));
#17837 = ADVANCED_FACE('',(#17838),#17849,.F.);
#17838 = FACE_BOUND('',#17839,.T.);
#17839 = EDGE_LOOP('',(#17840,#17841,#17847,#17848));
#17840 = ORIENTED_EDGE('',*,*,#12762,.T.);
#17841 = ORIENTED_EDGE('',*,*,#17842,.T.);
#17842 = EDGE_CURVE('',#12763,#14925,#17843,.T.);
#17843 = LINE('',#17844,#17845);
#17844 = CARTESIAN_POINT('',(-23.05,27.350001,-4.5E-02));
#17845 = VECTOR('',#17846,1.);
#17846 = DIRECTION('',(0.,0.,1.));
#17847 = ORIENTED_EDGE('',*,*,#14924,.F.);
#17848 = ORIENTED_EDGE('',*,*,#17842,.F.);
#17849 = CYLINDRICAL_SURFACE('',#17850,0.25);
#17850 = AXIS2_PLACEMENT_3D('',#17851,#17852,#17853);
#17851 = CARTESIAN_POINT('',(-23.05,27.600001,-4.5E-02));
#17852 = DIRECTION('',(-0.,-0.,-1.));
#17853 = DIRECTION('',(-0.,-1.,0.));
#17854 = ADVANCED_FACE('',(#17855),#17866,.F.);
#17855 = FACE_BOUND('',#17856,.T.);
#17856 = EDGE_LOOP('',(#17857,#17858,#17864,#17865));
#17857 = ORIENTED_EDGE('',*,*,#12773,.T.);
#17858 = ORIENTED_EDGE('',*,*,#17859,.T.);
#17859 = EDGE_CURVE('',#12774,#14936,#17860,.T.);
#17860 = LINE('',#17861,#17862);
#17861 = CARTESIAN_POINT('',(-21.352944,28.052945,-4.5E-02));
#17862 = VECTOR('',#17863,1.);
#17863 = DIRECTION('',(0.,0.,1.));
#17864 = ORIENTED_EDGE('',*,*,#14935,.F.);
#17865 = ORIENTED_EDGE('',*,*,#17859,.F.);
#17866 = CYLINDRICAL_SURFACE('',#17867,0.25);
#17867 = AXIS2_PLACEMENT_3D('',#17868,#17869,#17870);
#17868 = CARTESIAN_POINT('',(-21.352944,28.302945,-4.5E-02));
#17869 = DIRECTION('',(-0.,-0.,-1.));
#17870 = DIRECTION('',(-0.,-1.,0.));
#17871 = ADVANCED_FACE('',(#17872),#17883,.F.);
#17872 = FACE_BOUND('',#17873,.T.);
#17873 = EDGE_LOOP('',(#17874,#17875,#17881,#17882));
#17874 = ORIENTED_EDGE('',*,*,#12784,.T.);
#17875 = ORIENTED_EDGE('',*,*,#17876,.T.);
#17876 = EDGE_CURVE('',#12785,#14947,#17877,.T.);
#17877 = LINE('',#17878,#17879);
#17878 = CARTESIAN_POINT('',(-25.45,29.750001,-4.5E-02));
#17879 = VECTOR('',#17880,1.);
#17880 = DIRECTION('',(0.,0.,1.));
#17881 = ORIENTED_EDGE('',*,*,#14946,.F.);
#17882 = ORIENTED_EDGE('',*,*,#17876,.F.);
#17883 = CYLINDRICAL_SURFACE('',#17884,0.25);
#17884 = AXIS2_PLACEMENT_3D('',#17885,#17886,#17887);
#17885 = CARTESIAN_POINT('',(-25.45,30.000001,-4.5E-02));
#17886 = DIRECTION('',(-0.,-0.,-1.));
#17887 = DIRECTION('',(-0.,-1.,0.));
#17888 = ADVANCED_FACE('',(#17889),#17900,.F.);
#17889 = FACE_BOUND('',#17890,.T.);
#17890 = EDGE_LOOP('',(#17891,#17892,#17898,#17899));
#17891 = ORIENTED_EDGE('',*,*,#12795,.T.);
#17892 = ORIENTED_EDGE('',*,*,#17893,.T.);
#17893 = EDGE_CURVE('',#12796,#14958,#17894,.T.);
#17894 = LINE('',#17895,#17896);
#17895 = CARTESIAN_POINT('',(-24.747056,31.447057,-4.5E-02));
#17896 = VECTOR('',#17897,1.);
#17897 = DIRECTION('',(0.,0.,1.));
#17898 = ORIENTED_EDGE('',*,*,#14957,.F.);
#17899 = ORIENTED_EDGE('',*,*,#17893,.F.);
#17900 = CYLINDRICAL_SURFACE('',#17901,0.25);
#17901 = AXIS2_PLACEMENT_3D('',#17902,#17903,#17904);
#17902 = CARTESIAN_POINT('',(-24.747056,31.697057,-4.5E-02));
#17903 = DIRECTION('',(-0.,-0.,-1.));
#17904 = DIRECTION('',(-0.,-1.,0.));
#17905 = ADVANCED_FACE('',(#17906),#17917,.F.);
#17906 = FACE_BOUND('',#17907,.T.);
#17907 = EDGE_LOOP('',(#17908,#17909,#17915,#17916));
#17908 = ORIENTED_EDGE('',*,*,#12806,.T.);
#17909 = ORIENTED_EDGE('',*,*,#17910,.T.);
#17910 = EDGE_CURVE('',#12807,#14969,#17911,.T.);
#17911 = LINE('',#17912,#17913);
#17912 = CARTESIAN_POINT('',(-23.05,28.400001,-4.5E-02));
#17913 = VECTOR('',#17914,1.);
#17914 = DIRECTION('',(0.,0.,1.));
#17915 = ORIENTED_EDGE('',*,*,#14968,.F.);
#17916 = ORIENTED_EDGE('',*,*,#17910,.F.);
#17917 = CYLINDRICAL_SURFACE('',#17918,1.6);
#17918 = AXIS2_PLACEMENT_3D('',#17919,#17920,#17921);
#17919 = CARTESIAN_POINT('',(-23.05,30.000001,-4.5E-02));
#17920 = DIRECTION('',(-0.,-0.,-1.));
#17921 = DIRECTION('',(-2.22044604925E-15,-1.,0.));
#17922 = ADVANCED_FACE('',(#17923),#17934,.F.);
#17923 = FACE_BOUND('',#17924,.T.);
#17924 = EDGE_LOOP('',(#17925,#17926,#17932,#17933));
#17925 = ORIENTED_EDGE('',*,*,#12817,.T.);
#17926 = ORIENTED_EDGE('',*,*,#17927,.T.);
#17927 = EDGE_CURVE('',#12818,#14980,#17928,.T.);
#17928 = LINE('',#17929,#17930);
#17929 = CARTESIAN_POINT('',(-20.65,29.750001,-4.5E-02));
#17930 = VECTOR('',#17931,1.);
#17931 = DIRECTION('',(0.,0.,1.));
#17932 = ORIENTED_EDGE('',*,*,#14979,.F.);
#17933 = ORIENTED_EDGE('',*,*,#17927,.F.);
#17934 = CYLINDRICAL_SURFACE('',#17935,0.25);
#17935 = AXIS2_PLACEMENT_3D('',#17936,#17937,#17938);
#17936 = CARTESIAN_POINT('',(-20.65,30.000001,-4.5E-02));
#17937 = DIRECTION('',(-0.,-0.,-1.));
#17938 = DIRECTION('',(-0.,-1.,0.));
#17939 = ADVANCED_FACE('',(#17940),#17951,.F.);
#17940 = FACE_BOUND('',#17941,.T.);
#17941 = EDGE_LOOP('',(#17942,#17943,#17949,#17950));
#17942 = ORIENTED_EDGE('',*,*,#12828,.T.);
#17943 = ORIENTED_EDGE('',*,*,#17944,.T.);
#17944 = EDGE_CURVE('',#12829,#14991,#17945,.T.);
#17945 = LINE('',#17946,#17947);
#17946 = CARTESIAN_POINT('',(-21.352944,31.447057,-4.5E-02));
#17947 = VECTOR('',#17948,1.);
#17948 = DIRECTION('',(0.,0.,1.));
#17949 = ORIENTED_EDGE('',*,*,#14990,.F.);
#17950 = ORIENTED_EDGE('',*,*,#17944,.F.);
#17951 = CYLINDRICAL_SURFACE('',#17952,0.25);
#17952 = AXIS2_PLACEMENT_3D('',#17953,#17954,#17955);
#17953 = CARTESIAN_POINT('',(-21.352944,31.697057,-4.5E-02));
#17954 = DIRECTION('',(-0.,-0.,-1.));
#17955 = DIRECTION('',(-0.,-1.,0.));
#17956 = ADVANCED_FACE('',(#17957),#17968,.F.);
#17957 = FACE_BOUND('',#17958,.T.);
#17958 = EDGE_LOOP('',(#17959,#17960,#17966,#17967));
#17959 = ORIENTED_EDGE('',*,*,#12839,.T.);
#17960 = ORIENTED_EDGE('',*,*,#17961,.T.);
#17961 = EDGE_CURVE('',#12840,#15002,#17962,.T.);
#17962 = LINE('',#17963,#17964);
#17963 = CARTESIAN_POINT('',(-23.05,32.150001,-4.5E-02));
#17964 = VECTOR('',#17965,1.);
#17965 = DIRECTION('',(0.,0.,1.));
#17966 = ORIENTED_EDGE('',*,*,#15001,.F.);
#17967 = ORIENTED_EDGE('',*,*,#17961,.F.);
#17968 = CYLINDRICAL_SURFACE('',#17969,0.25);
#17969 = AXIS2_PLACEMENT_3D('',#17970,#17971,#17972);
#17970 = CARTESIAN_POINT('',(-23.05,32.400001,-4.5E-02));
#17971 = DIRECTION('',(-0.,-0.,-1.));
#17972 = DIRECTION('',(-0.,-1.,0.));
#17973 = ADVANCED_FACE('',(#17974),#17985,.F.);
#17974 = FACE_BOUND('',#17975,.T.);
#17975 = EDGE_LOOP('',(#17976,#17977,#17983,#17984));
#17976 = ORIENTED_EDGE('',*,*,#12850,.T.);
#17977 = ORIENTED_EDGE('',*,*,#17978,.T.);
#17978 = EDGE_CURVE('',#12851,#15013,#17979,.T.);
#17979 = LINE('',#17980,#17981);
#17980 = CARTESIAN_POINT('',(-10.1722,28.948401,-4.5E-02));
#17981 = VECTOR('',#17982,1.);
#17982 = DIRECTION('',(0.,0.,1.));
#17983 = ORIENTED_EDGE('',*,*,#15012,.F.);
#17984 = ORIENTED_EDGE('',*,*,#17978,.F.);
#17985 = CYLINDRICAL_SURFACE('',#17986,1.25);
#17986 = AXIS2_PLACEMENT_3D('',#17987,#17988,#17989);
#17987 = CARTESIAN_POINT('',(-10.1722,30.198401,-4.5E-02));
#17988 = DIRECTION('',(-0.,-0.,-1.));
#17989 = DIRECTION('',(-0.,-1.,0.));
#17990 = ADVANCED_FACE('',(#17991),#18002,.F.);
#17991 = FACE_BOUND('',#17992,.T.);
#17992 = EDGE_LOOP('',(#17993,#17994,#18000,#18001));
#17993 = ORIENTED_EDGE('',*,*,#12861,.T.);
#17994 = ORIENTED_EDGE('',*,*,#17995,.T.);
#17995 = EDGE_CURVE('',#12862,#15024,#17996,.T.);
#17996 = LINE('',#17997,#17998);
#17997 = CARTESIAN_POINT('',(-6.3622,29.698401,-4.5E-02));
#17998 = VECTOR('',#17999,1.);
#17999 = DIRECTION('',(0.,0.,1.));
#18000 = ORIENTED_EDGE('',*,*,#15023,.F.);
#18001 = ORIENTED_EDGE('',*,*,#17995,.F.);
#18002 = CYLINDRICAL_SURFACE('',#18003,0.5);
#18003 = AXIS2_PLACEMENT_3D('',#18004,#18005,#18006);
#18004 = CARTESIAN_POINT('',(-6.3622,30.198401,-4.5E-02));
#18005 = DIRECTION('',(-0.,-0.,-1.));
#18006 = DIRECTION('',(-0.,-1.,0.));
#18007 = ADVANCED_FACE('',(#18008),#18019,.F.);
#18008 = FACE_BOUND('',#18009,.T.);
#18009 = EDGE_LOOP('',(#18010,#18011,#18017,#18018));
#18010 = ORIENTED_EDGE('',*,*,#12872,.T.);
#18011 = ORIENTED_EDGE('',*,*,#18012,.T.);
#18012 = EDGE_CURVE('',#12873,#15035,#18013,.T.);
#18013 = LINE('',#18014,#18015);
#18014 = CARTESIAN_POINT('',(-3.8222,29.698401,-4.5E-02));
#18015 = VECTOR('',#18016,1.);
#18016 = DIRECTION('',(0.,0.,1.));
#18017 = ORIENTED_EDGE('',*,*,#15034,.F.);
#18018 = ORIENTED_EDGE('',*,*,#18012,.F.);
#18019 = CYLINDRICAL_SURFACE('',#18020,0.5);
#18020 = AXIS2_PLACEMENT_3D('',#18021,#18022,#18023);
#18021 = CARTESIAN_POINT('',(-3.8222,30.198401,-4.5E-02));
#18022 = DIRECTION('',(-0.,-0.,-1.));
#18023 = DIRECTION('',(-8.881784197001E-16,-1.,0.));
#18024 = ADVANCED_FACE('',(#18025),#18036,.F.);
#18025 = FACE_BOUND('',#18026,.T.);
#18026 = EDGE_LOOP('',(#18027,#18028,#18034,#18035));
#18027 = ORIENTED_EDGE('',*,*,#12883,.T.);
#18028 = ORIENTED_EDGE('',*,*,#18029,.T.);
#18029 = EDGE_CURVE('',#12884,#15046,#18030,.T.);
#18030 = LINE('',#18031,#18032);
#18031 = CARTESIAN_POINT('',(-1.2822,11.918401,-4.5E-02));
#18032 = VECTOR('',#18033,1.);
#18033 = DIRECTION('',(0.,0.,1.));
#18034 = ORIENTED_EDGE('',*,*,#15045,.F.);
#18035 = ORIENTED_EDGE('',*,*,#18029,.F.);
#18036 = CYLINDRICAL_SURFACE('',#18037,0.5);
#18037 = AXIS2_PLACEMENT_3D('',#18038,#18039,#18040);
#18038 = CARTESIAN_POINT('',(-1.2822,12.418401,-4.5E-02));
#18039 = DIRECTION('',(-0.,-0.,-1.));
#18040 = DIRECTION('',(-0.,-1.,0.));
#18041 = ADVANCED_FACE('',(#18042),#18053,.F.);
#18042 = FACE_BOUND('',#18043,.T.);
#18043 = EDGE_LOOP('',(#18044,#18045,#18051,#18052));
#18044 = ORIENTED_EDGE('',*,*,#12894,.T.);
#18045 = ORIENTED_EDGE('',*,*,#18046,.T.);
#18046 = EDGE_CURVE('',#12895,#15057,#18047,.T.);
#18047 = LINE('',#18048,#18049);
#18048 = CARTESIAN_POINT('',(1.2578,11.918401,-4.5E-02));
#18049 = VECTOR('',#18050,1.);
#18050 = DIRECTION('',(0.,0.,1.));
#18051 = ORIENTED_EDGE('',*,*,#15056,.F.);
#18052 = ORIENTED_EDGE('',*,*,#18046,.F.);
#18053 = CYLINDRICAL_SURFACE('',#18054,0.5);
#18054 = AXIS2_PLACEMENT_3D('',#18055,#18056,#18057);
#18055 = CARTESIAN_POINT('',(1.2578,12.418401,-4.5E-02));
#18056 = DIRECTION('',(-0.,-0.,-1.));
#18057 = DIRECTION('',(-0.,-1.,0.));
#18058 = ADVANCED_FACE('',(#18059),#18070,.F.);
#18059 = FACE_BOUND('',#18060,.T.);
#18060 = EDGE_LOOP('',(#18061,#18062,#18068,#18069));
#18061 = ORIENTED_EDGE('',*,*,#12905,.T.);
#18062 = ORIENTED_EDGE('',*,*,#18063,.T.);
#18063 = EDGE_CURVE('',#12906,#15068,#18064,.T.);
#18064 = LINE('',#18065,#18066);
#18065 = CARTESIAN_POINT('',(3.7978,11.918401,-4.5E-02));
#18066 = VECTOR('',#18067,1.);
#18067 = DIRECTION('',(0.,0.,1.));
#18068 = ORIENTED_EDGE('',*,*,#15067,.F.);
#18069 = ORIENTED_EDGE('',*,*,#18063,.F.);
#18070 = CYLINDRICAL_SURFACE('',#18071,0.5);
#18071 = AXIS2_PLACEMENT_3D('',#18072,#18073,#18074);
#18072 = CARTESIAN_POINT('',(3.7978,12.418401,-4.5E-02));
#18073 = DIRECTION('',(-0.,0.,-1.));
#18074 = DIRECTION('',(8.881784197001E-16,-1.,-0.));
#18075 = ADVANCED_FACE('',(#18076),#18087,.F.);
#18076 = FACE_BOUND('',#18077,.T.);
#18077 = EDGE_LOOP('',(#18078,#18079,#18085,#18086));
#18078 = ORIENTED_EDGE('',*,*,#12916,.T.);
#18079 = ORIENTED_EDGE('',*,*,#18080,.T.);
#18080 = EDGE_CURVE('',#12917,#15079,#18081,.T.);
#18081 = LINE('',#18082,#18083);
#18082 = CARTESIAN_POINT('',(6.3378,11.918401,-4.5E-02));
#18083 = VECTOR('',#18084,1.);
#18084 = DIRECTION('',(0.,0.,1.));
#18085 = ORIENTED_EDGE('',*,*,#15078,.F.);
#18086 = ORIENTED_EDGE('',*,*,#18080,.F.);
#18087 = CYLINDRICAL_SURFACE('',#18088,0.5);
#18088 = AXIS2_PLACEMENT_3D('',#18089,#18090,#18091);
#18089 = CARTESIAN_POINT('',(6.3378,12.418401,-4.5E-02));
#18090 = DIRECTION('',(-0.,-0.,-1.));
#18091 = DIRECTION('',(-0.,-1.,0.));
#18092 = ADVANCED_FACE('',(#18093),#18104,.F.);
#18093 = FACE_BOUND('',#18094,.T.);
#18094 = EDGE_LOOP('',(#18095,#18096,#18102,#18103));
#18095 = ORIENTED_EDGE('',*,*,#12927,.T.);
#18096 = ORIENTED_EDGE('',*,*,#18097,.T.);
#18097 = EDGE_CURVE('',#12928,#15090,#18098,.T.);
#18098 = LINE('',#18099,#18100);
#18099 = CARTESIAN_POINT('',(14.478,3.239001,-4.5E-02));
#18100 = VECTOR('',#18101,1.);
#18101 = DIRECTION('',(0.,0.,1.));
#18102 = ORIENTED_EDGE('',*,*,#15089,.F.);
#18103 = ORIENTED_EDGE('',*,*,#18097,.F.);
#18104 = CYLINDRICAL_SURFACE('',#18105,1.85);
#18105 = AXIS2_PLACEMENT_3D('',#18106,#18107,#18108);
#18106 = CARTESIAN_POINT('',(14.478,5.089001,-4.5E-02));
#18107 = DIRECTION('',(-0.,-0.,-1.));
#18108 = DIRECTION('',(-0.,-1.,0.));
#18109 = ADVANCED_FACE('',(#18110),#18121,.F.);
#18110 = FACE_BOUND('',#18111,.T.);
#18111 = EDGE_LOOP('',(#18112,#18113,#18119,#18120));
#18112 = ORIENTED_EDGE('',*,*,#12938,.T.);
#18113 = ORIENTED_EDGE('',*,*,#18114,.T.);
#18114 = EDGE_CURVE('',#12939,#15101,#18115,.T.);
#18115 = LINE('',#18116,#18117);
#18116 = CARTESIAN_POINT('',(10.1478,11.168401,-4.5E-02));
#18117 = VECTOR('',#18118,1.);
#18118 = DIRECTION('',(0.,0.,1.));
#18119 = ORIENTED_EDGE('',*,*,#15100,.F.);
#18120 = ORIENTED_EDGE('',*,*,#18114,.F.);
#18121 = CYLINDRICAL_SURFACE('',#18122,1.25);
#18122 = AXIS2_PLACEMENT_3D('',#18123,#18124,#18125);
#18123 = CARTESIAN_POINT('',(10.1478,12.418401,-4.5E-02));
#18124 = DIRECTION('',(-0.,-0.,-1.));
#18125 = DIRECTION('',(-0.,-1.,0.));
#18126 = ADVANCED_FACE('',(#18127),#18138,.F.);
#18127 = FACE_BOUND('',#18128,.T.);
#18128 = EDGE_LOOP('',(#18129,#18130,#18136,#18137));
#18129 = ORIENTED_EDGE('',*,*,#12949,.T.);
#18130 = ORIENTED_EDGE('',*,*,#18131,.T.);
#18131 = EDGE_CURVE('',#12950,#15112,#18132,.T.);
#18132 = LINE('',#18133,#18134);
#18133 = CARTESIAN_POINT('',(23.362944,5.552945,-4.5E-02));
#18134 = VECTOR('',#18135,1.);
#18135 = DIRECTION('',(0.,0.,1.));
#18136 = ORIENTED_EDGE('',*,*,#15111,.F.);
#18137 = ORIENTED_EDGE('',*,*,#18131,.F.);
#18138 = CYLINDRICAL_SURFACE('',#18139,0.25);
#18139 = AXIS2_PLACEMENT_3D('',#18140,#18141,#18142);
#18140 = CARTESIAN_POINT('',(23.362944,5.802945,-4.5E-02));
#18141 = DIRECTION('',(-0.,-0.,-1.));
#18142 = DIRECTION('',(-0.,-1.,0.));
#18143 = ADVANCED_FACE('',(#18144),#18155,.F.);
#18144 = FACE_BOUND('',#18145,.T.);
#18145 = EDGE_LOOP('',(#18146,#18147,#18153,#18154));
#18146 = ORIENTED_EDGE('',*,*,#12960,.T.);
#18147 = ORIENTED_EDGE('',*,*,#18148,.T.);
#18148 = EDGE_CURVE('',#12961,#15123,#18149,.T.);
#18149 = LINE('',#18150,#18151);
#18150 = CARTESIAN_POINT('',(25.06,4.850001,-4.5E-02));
#18151 = VECTOR('',#18152,1.);
#18152 = DIRECTION('',(0.,0.,1.));
#18153 = ORIENTED_EDGE('',*,*,#15122,.F.);
#18154 = ORIENTED_EDGE('',*,*,#18148,.F.);
#18155 = CYLINDRICAL_SURFACE('',#18156,0.25);
#18156 = AXIS2_PLACEMENT_3D('',#18157,#18158,#18159);
#18157 = CARTESIAN_POINT('',(25.06,5.100001,-4.5E-02));
#18158 = DIRECTION('',(-0.,-0.,-1.));
#18159 = DIRECTION('',(-0.,-1.,0.));
#18160 = ADVANCED_FACE('',(#18161),#18172,.F.);
#18161 = FACE_BOUND('',#18162,.T.);
#18162 = EDGE_LOOP('',(#18163,#18164,#18170,#18171));
#18163 = ORIENTED_EDGE('',*,*,#12971,.T.);
#18164 = ORIENTED_EDGE('',*,*,#18165,.T.);
#18165 = EDGE_CURVE('',#12972,#15134,#18166,.T.);
#18166 = LINE('',#18167,#18168);
#18167 = CARTESIAN_POINT('',(26.757056,5.552945,-4.5E-02));
#18168 = VECTOR('',#18169,1.);
#18169 = DIRECTION('',(0.,0.,1.));
#18170 = ORIENTED_EDGE('',*,*,#15133,.F.);
#18171 = ORIENTED_EDGE('',*,*,#18165,.F.);
#18172 = CYLINDRICAL_SURFACE('',#18173,0.25);
#18173 = AXIS2_PLACEMENT_3D('',#18174,#18175,#18176);
#18174 = CARTESIAN_POINT('',(26.757056,5.802945,-4.5E-02));
#18175 = DIRECTION('',(-0.,-0.,-1.));
#18176 = DIRECTION('',(-0.,-1.,0.));
#18177 = ADVANCED_FACE('',(#18178),#18189,.F.);
#18178 = FACE_BOUND('',#18179,.T.);
#18179 = EDGE_LOOP('',(#18180,#18181,#18187,#18188));
#18180 = ORIENTED_EDGE('',*,*,#12982,.T.);
#18181 = ORIENTED_EDGE('',*,*,#18182,.T.);
#18182 = EDGE_CURVE('',#12983,#15145,#18183,.T.);
#18183 = LINE('',#18184,#18185);
#18184 = CARTESIAN_POINT('',(22.66,7.250001,-4.5E-02));
#18185 = VECTOR('',#18186,1.);
#18186 = DIRECTION('',(0.,0.,1.));
#18187 = ORIENTED_EDGE('',*,*,#15144,.F.);
#18188 = ORIENTED_EDGE('',*,*,#18182,.F.);
#18189 = CYLINDRICAL_SURFACE('',#18190,0.25);
#18190 = AXIS2_PLACEMENT_3D('',#18191,#18192,#18193);
#18191 = CARTESIAN_POINT('',(22.66,7.500001,-4.5E-02));
#18192 = DIRECTION('',(-0.,-0.,-1.));
#18193 = DIRECTION('',(-0.,-1.,0.));
#18194 = ADVANCED_FACE('',(#18195),#18206,.F.);
#18195 = FACE_BOUND('',#18196,.T.);
#18196 = EDGE_LOOP('',(#18197,#18198,#18204,#18205));
#18197 = ORIENTED_EDGE('',*,*,#12993,.T.);
#18198 = ORIENTED_EDGE('',*,*,#18199,.T.);
#18199 = EDGE_CURVE('',#12994,#15156,#18200,.T.);
#18200 = LINE('',#18201,#18202);
#18201 = CARTESIAN_POINT('',(23.362944,8.947057,-4.5E-02));
#18202 = VECTOR('',#18203,1.);
#18203 = DIRECTION('',(0.,0.,1.));
#18204 = ORIENTED_EDGE('',*,*,#15155,.F.);
#18205 = ORIENTED_EDGE('',*,*,#18199,.F.);
#18206 = CYLINDRICAL_SURFACE('',#18207,0.25);
#18207 = AXIS2_PLACEMENT_3D('',#18208,#18209,#18210);
#18208 = CARTESIAN_POINT('',(23.362944,9.197057,-4.5E-02));
#18209 = DIRECTION('',(-0.,-0.,-1.));
#18210 = DIRECTION('',(-0.,-1.,0.));
#18211 = ADVANCED_FACE('',(#18212),#18223,.F.);
#18212 = FACE_BOUND('',#18213,.T.);
#18213 = EDGE_LOOP('',(#18214,#18215,#18221,#18222));
#18214 = ORIENTED_EDGE('',*,*,#13004,.T.);
#18215 = ORIENTED_EDGE('',*,*,#18216,.T.);
#18216 = EDGE_CURVE('',#13005,#15167,#18217,.T.);
#18217 = LINE('',#18218,#18219);
#18218 = CARTESIAN_POINT('',(25.06,5.900001,-4.5E-02));
#18219 = VECTOR('',#18220,1.);
#18220 = DIRECTION('',(0.,0.,1.));
#18221 = ORIENTED_EDGE('',*,*,#15166,.F.);
#18222 = ORIENTED_EDGE('',*,*,#18216,.F.);
#18223 = CYLINDRICAL_SURFACE('',#18224,1.6);
#18224 = AXIS2_PLACEMENT_3D('',#18225,#18226,#18227);
#18225 = CARTESIAN_POINT('',(25.06,7.500001,-4.5E-02));
#18226 = DIRECTION('',(-0.,-0.,-1.));
#18227 = DIRECTION('',(-2.22044604925E-15,-1.,0.));
#18228 = ADVANCED_FACE('',(#18229),#18240,.F.);
#18229 = FACE_BOUND('',#18230,.T.);
#18230 = EDGE_LOOP('',(#18231,#18232,#18238,#18239));
#18231 = ORIENTED_EDGE('',*,*,#13015,.T.);
#18232 = ORIENTED_EDGE('',*,*,#18233,.T.);
#18233 = EDGE_CURVE('',#13016,#15178,#18234,.T.);
#18234 = LINE('',#18235,#18236);
#18235 = CARTESIAN_POINT('',(27.46,7.250001,-4.5E-02));
#18236 = VECTOR('',#18237,1.);
#18237 = DIRECTION('',(0.,0.,1.));
#18238 = ORIENTED_EDGE('',*,*,#15177,.F.);
#18239 = ORIENTED_EDGE('',*,*,#18233,.F.);
#18240 = CYLINDRICAL_SURFACE('',#18241,0.25);
#18241 = AXIS2_PLACEMENT_3D('',#18242,#18243,#18244);
#18242 = CARTESIAN_POINT('',(27.46,7.500001,-4.5E-02));
#18243 = DIRECTION('',(-0.,-0.,-1.));
#18244 = DIRECTION('',(-0.,-1.,0.));
#18245 = ADVANCED_FACE('',(#18246),#18257,.F.);
#18246 = FACE_BOUND('',#18247,.T.);
#18247 = EDGE_LOOP('',(#18248,#18249,#18255,#18256));
#18248 = ORIENTED_EDGE('',*,*,#13026,.T.);
#18249 = ORIENTED_EDGE('',*,*,#18250,.T.);
#18250 = EDGE_CURVE('',#13027,#15189,#18251,.T.);
#18251 = LINE('',#18252,#18253);
#18252 = CARTESIAN_POINT('',(26.757056,8.947057,-4.5E-02));
#18253 = VECTOR('',#18254,1.);
#18254 = DIRECTION('',(0.,0.,1.));
#18255 = ORIENTED_EDGE('',*,*,#15188,.F.);
#18256 = ORIENTED_EDGE('',*,*,#18250,.F.);
#18257 = CYLINDRICAL_SURFACE('',#18258,0.25);
#18258 = AXIS2_PLACEMENT_3D('',#18259,#18260,#18261);
#18259 = CARTESIAN_POINT('',(26.757056,9.197057,-4.5E-02));
#18260 = DIRECTION('',(-0.,-0.,-1.));
#18261 = DIRECTION('',(-0.,-1.,0.));
#18262 = ADVANCED_FACE('',(#18263),#18274,.F.);
#18263 = FACE_BOUND('',#18264,.T.);
#18264 = EDGE_LOOP('',(#18265,#18266,#18272,#18273));
#18265 = ORIENTED_EDGE('',*,*,#13037,.T.);
#18266 = ORIENTED_EDGE('',*,*,#18267,.T.);
#18267 = EDGE_CURVE('',#13038,#15200,#18268,.T.);
#18268 = LINE('',#18269,#18270);
#18269 = CARTESIAN_POINT('',(25.06,9.650001,-4.5E-02));
#18270 = VECTOR('',#18271,1.);
#18271 = DIRECTION('',(0.,0.,1.));
#18272 = ORIENTED_EDGE('',*,*,#15199,.F.);
#18273 = ORIENTED_EDGE('',*,*,#18267,.F.);
#18274 = CYLINDRICAL_SURFACE('',#18275,0.25);
#18275 = AXIS2_PLACEMENT_3D('',#18276,#18277,#18278);
#18276 = CARTESIAN_POINT('',(25.06,9.900001,-4.5E-02));
#18277 = DIRECTION('',(-0.,-0.,-1.));
#18278 = DIRECTION('',(-0.,-1.,0.));
#18279 = ADVANCED_FACE('',(#18280),#18291,.F.);
#18280 = FACE_BOUND('',#18281,.T.);
#18281 = EDGE_LOOP('',(#18282,#18283,#18289,#18290));
#18282 = ORIENTED_EDGE('',*,*,#13048,.T.);
#18283 = ORIENTED_EDGE('',*,*,#18284,.T.);
#18284 = EDGE_CURVE('',#13049,#15211,#18285,.T.);
#18285 = LINE('',#18286,#18287);
#18286 = CARTESIAN_POINT('',(34.25,0.770001,-4.5E-02));
#18287 = VECTOR('',#18288,1.);
#18288 = DIRECTION('',(0.,0.,1.));
#18289 = ORIENTED_EDGE('',*,*,#15210,.F.);
#18290 = ORIENTED_EDGE('',*,*,#18284,.F.);
#18291 = CYLINDRICAL_SURFACE('',#18292,0.5);
#18292 = AXIS2_PLACEMENT_3D('',#18293,#18294,#18295);
#18293 = CARTESIAN_POINT('',(34.25,1.270001,-4.5E-02));
#18294 = DIRECTION('',(-0.,-0.,-1.));
#18295 = DIRECTION('',(-0.,-1.,0.));
#18296 = ADVANCED_FACE('',(#18297),#18308,.F.);
#18297 = FACE_BOUND('',#18298,.T.);
#18298 = EDGE_LOOP('',(#18299,#18300,#18306,#18307));
#18299 = ORIENTED_EDGE('',*,*,#13059,.T.);
#18300 = ORIENTED_EDGE('',*,*,#18301,.T.);
#18301 = EDGE_CURVE('',#13060,#15222,#18302,.T.);
#18302 = LINE('',#18303,#18304);
#18303 = CARTESIAN_POINT('',(34.25,3.310001,-4.5E-02));
#18304 = VECTOR('',#18305,1.);
#18305 = DIRECTION('',(0.,0.,1.));
#18306 = ORIENTED_EDGE('',*,*,#15221,.F.);
#18307 = ORIENTED_EDGE('',*,*,#18301,.F.);
#18308 = CYLINDRICAL_SURFACE('',#18309,0.5);
#18309 = AXIS2_PLACEMENT_3D('',#18310,#18311,#18312);
#18310 = CARTESIAN_POINT('',(34.25,3.810001,-4.5E-02));
#18311 = DIRECTION('',(-0.,-0.,-1.));
#18312 = DIRECTION('',(-0.,-1.,0.));
#18313 = ADVANCED_FACE('',(#18314),#18325,.F.);
#18314 = FACE_BOUND('',#18315,.T.);
#18315 = EDGE_LOOP('',(#18316,#18317,#18323,#18324));
#18316 = ORIENTED_EDGE('',*,*,#13070,.T.);
#18317 = ORIENTED_EDGE('',*,*,#18318,.T.);
#18318 = EDGE_CURVE('',#13071,#15233,#18319,.T.);
#18319 = LINE('',#18320,#18321);
#18320 = CARTESIAN_POINT('',(34.25,5.850001,-4.5E-02));
#18321 = VECTOR('',#18322,1.);
#18322 = DIRECTION('',(0.,0.,1.));
#18323 = ORIENTED_EDGE('',*,*,#15232,.F.);
#18324 = ORIENTED_EDGE('',*,*,#18318,.F.);
#18325 = CYLINDRICAL_SURFACE('',#18326,0.5);
#18326 = AXIS2_PLACEMENT_3D('',#18327,#18328,#18329);
#18327 = CARTESIAN_POINT('',(34.25,6.350001,-4.5E-02));
#18328 = DIRECTION('',(-0.,-0.,-1.));
#18329 = DIRECTION('',(-0.,-1.,0.));
#18330 = ADVANCED_FACE('',(#18331),#18342,.F.);
#18331 = FACE_BOUND('',#18332,.T.);
#18332 = EDGE_LOOP('',(#18333,#18334,#18340,#18341));
#18333 = ORIENTED_EDGE('',*,*,#13081,.T.);
#18334 = ORIENTED_EDGE('',*,*,#18335,.T.);
#18335 = EDGE_CURVE('',#13082,#15244,#18336,.T.);
#18336 = LINE('',#18337,#18338);
#18337 = CARTESIAN_POINT('',(40.,2.525,-4.5E-02));
#18338 = VECTOR('',#18339,1.);
#18339 = DIRECTION('',(0.,0.,1.));
#18340 = ORIENTED_EDGE('',*,*,#15243,.F.);
#18341 = ORIENTED_EDGE('',*,*,#18335,.F.);
#18342 = CYLINDRICAL_SURFACE('',#18343,0.475);
#18343 = AXIS2_PLACEMENT_3D('',#18344,#18345,#18346);
#18344 = CARTESIAN_POINT('',(40.,3.,-4.5E-02));
#18345 = DIRECTION('',(-0.,-0.,-1.));
#18346 = DIRECTION('',(-0.,-1.,0.));
#18347 = ADVANCED_FACE('',(#18348),#18359,.F.);
#18348 = FACE_BOUND('',#18349,.T.);
#18349 = EDGE_LOOP('',(#18350,#18351,#18357,#18358));
#18350 = ORIENTED_EDGE('',*,*,#13092,.T.);
#18351 = ORIENTED_EDGE('',*,*,#18352,.T.);
#18352 = EDGE_CURVE('',#13093,#15255,#18353,.T.);
#18353 = LINE('',#18354,#18355);
#18354 = CARTESIAN_POINT('',(40.,5.025,-4.5E-02));
#18355 = VECTOR('',#18356,1.);
#18356 = DIRECTION('',(0.,0.,1.));
#18357 = ORIENTED_EDGE('',*,*,#15254,.F.);
#18358 = ORIENTED_EDGE('',*,*,#18352,.F.);
#18359 = CYLINDRICAL_SURFACE('',#18360,0.475);
#18360 = AXIS2_PLACEMENT_3D('',#18361,#18362,#18363);
#18361 = CARTESIAN_POINT('',(40.,5.5,-4.5E-02));
#18362 = DIRECTION('',(-0.,-0.,-1.));
#18363 = DIRECTION('',(-0.,-1.,0.));
#18364 = ADVANCED_FACE('',(#18365),#18376,.F.);
#18365 = FACE_BOUND('',#18366,.T.);
#18366 = EDGE_LOOP('',(#18367,#18368,#18374,#18375));
#18367 = ORIENTED_EDGE('',*,*,#13103,.T.);
#18368 = ORIENTED_EDGE('',*,*,#18369,.T.);
#18369 = EDGE_CURVE('',#13104,#15266,#18370,.T.);
#18370 = LINE('',#18371,#18372);
#18371 = CARTESIAN_POINT('',(40.,7.525,-4.5E-02));
#18372 = VECTOR('',#18373,1.);
#18373 = DIRECTION('',(0.,0.,1.));
#18374 = ORIENTED_EDGE('',*,*,#15265,.F.);
#18375 = ORIENTED_EDGE('',*,*,#18369,.F.);
#18376 = CYLINDRICAL_SURFACE('',#18377,0.475);
#18377 = AXIS2_PLACEMENT_3D('',#18378,#18379,#18380);
#18378 = CARTESIAN_POINT('',(40.,8.,-4.5E-02));
#18379 = DIRECTION('',(-0.,-0.,-1.));
#18380 = DIRECTION('',(-0.,-1.,0.));
#18381 = ADVANCED_FACE('',(#18382),#18393,.F.);
#18382 = FACE_BOUND('',#18383,.T.);
#18383 = EDGE_LOOP('',(#18384,#18385,#18391,#18392));
#18384 = ORIENTED_EDGE('',*,*,#13114,.T.);
#18385 = ORIENTED_EDGE('',*,*,#18386,.T.);
#18386 = EDGE_CURVE('',#13115,#15277,#18387,.T.);
#18387 = LINE('',#18388,#18389);
#18388 = CARTESIAN_POINT('',(40.,10.025,-4.5E-02));
#18389 = VECTOR('',#18390,1.);
#18390 = DIRECTION('',(0.,0.,1.));
#18391 = ORIENTED_EDGE('',*,*,#15276,.F.);
#18392 = ORIENTED_EDGE('',*,*,#18386,.F.);
#18393 = CYLINDRICAL_SURFACE('',#18394,0.475);
#18394 = AXIS2_PLACEMENT_3D('',#18395,#18396,#18397);
#18395 = CARTESIAN_POINT('',(40.,10.5,-4.5E-02));
#18396 = DIRECTION('',(-0.,-0.,-1.));
#18397 = DIRECTION('',(-0.,-1.,0.));
#18398 = ADVANCED_FACE('',(#18399),#18410,.F.);
#18399 = FACE_BOUND('',#18400,.T.);
#18400 = EDGE_LOOP('',(#18401,#18402,#18408,#18409));
#18401 = ORIENTED_EDGE('',*,*,#13125,.T.);
#18402 = ORIENTED_EDGE('',*,*,#18403,.T.);
#18403 = EDGE_CURVE('',#13126,#15288,#18404,.T.);
#18404 = LINE('',#18405,#18406);
#18405 = CARTESIAN_POINT('',(40.,12.525,-4.5E-02));
#18406 = VECTOR('',#18407,1.);
#18407 = DIRECTION('',(0.,0.,1.));
#18408 = ORIENTED_EDGE('',*,*,#15287,.F.);
#18409 = ORIENTED_EDGE('',*,*,#18403,.F.);
#18410 = CYLINDRICAL_SURFACE('',#18411,0.475);
#18411 = AXIS2_PLACEMENT_3D('',#18412,#18413,#18414);
#18412 = CARTESIAN_POINT('',(40.,13.,-4.5E-02));
#18413 = DIRECTION('',(-0.,-0.,-1.));
#18414 = DIRECTION('',(-0.,-1.,0.));
#18415 = ADVANCED_FACE('',(#18416),#18427,.F.);
#18416 = FACE_BOUND('',#18417,.T.);
#18417 = EDGE_LOOP('',(#18418,#18419,#18425,#18426));
#18418 = ORIENTED_EDGE('',*,*,#13136,.T.);
#18419 = ORIENTED_EDGE('',*,*,#18420,.T.);
#18420 = EDGE_CURVE('',#13137,#15299,#18421,.T.);
#18421 = LINE('',#18422,#18423);
#18422 = CARTESIAN_POINT('',(40.,15.025,-4.5E-02));
#18423 = VECTOR('',#18424,1.);
#18424 = DIRECTION('',(0.,0.,1.));
#18425 = ORIENTED_EDGE('',*,*,#15298,.F.);
#18426 = ORIENTED_EDGE('',*,*,#18420,.F.);
#18427 = CYLINDRICAL_SURFACE('',#18428,0.475);
#18428 = AXIS2_PLACEMENT_3D('',#18429,#18430,#18431);
#18429 = CARTESIAN_POINT('',(40.,15.5,-4.5E-02));
#18430 = DIRECTION('',(-0.,-0.,-1.));
#18431 = DIRECTION('',(-0.,-1.,0.));
#18432 = ADVANCED_FACE('',(#18433),#18444,.F.);
#18433 = FACE_BOUND('',#18434,.T.);
#18434 = EDGE_LOOP('',(#18435,#18436,#18442,#18443));
#18435 = ORIENTED_EDGE('',*,*,#13147,.T.);
#18436 = ORIENTED_EDGE('',*,*,#18437,.T.);
#18437 = EDGE_CURVE('',#13148,#15310,#18438,.T.);
#18438 = LINE('',#18439,#18440);
#18439 = CARTESIAN_POINT('',(40.,17.525,-4.5E-02));
#18440 = VECTOR('',#18441,1.);
#18441 = DIRECTION('',(0.,0.,1.));
#18442 = ORIENTED_EDGE('',*,*,#15309,.F.);
#18443 = ORIENTED_EDGE('',*,*,#18437,.F.);
#18444 = CYLINDRICAL_SURFACE('',#18445,0.475);
#18445 = AXIS2_PLACEMENT_3D('',#18446,#18447,#18448);
#18446 = CARTESIAN_POINT('',(40.,18.,-4.5E-02));
#18447 = DIRECTION('',(-0.,-0.,-1.));
#18448 = DIRECTION('',(-0.,-1.,0.));
#18449 = ADVANCED_FACE('',(#18450),#18461,.F.);
#18450 = FACE_BOUND('',#18451,.T.);
#18451 = EDGE_LOOP('',(#18452,#18453,#18459,#18460));
#18452 = ORIENTED_EDGE('',*,*,#13158,.T.);
#18453 = ORIENTED_EDGE('',*,*,#18454,.T.);
#18454 = EDGE_CURVE('',#13159,#15321,#18455,.T.);
#18455 = LINE('',#18456,#18457);
#18456 = CARTESIAN_POINT('',(40.,20.025,-4.5E-02));
#18457 = VECTOR('',#18458,1.);
#18458 = DIRECTION('',(0.,0.,1.));
#18459 = ORIENTED_EDGE('',*,*,#15320,.F.);
#18460 = ORIENTED_EDGE('',*,*,#18454,.F.);
#18461 = CYLINDRICAL_SURFACE('',#18462,0.475);
#18462 = AXIS2_PLACEMENT_3D('',#18463,#18464,#18465);
#18463 = CARTESIAN_POINT('',(40.,20.5,-4.5E-02));
#18464 = DIRECTION('',(-0.,-0.,-1.));
#18465 = DIRECTION('',(-0.,-1.,0.));
#18466 = ADVANCED_FACE('',(#18467),#18478,.F.);
#18467 = FACE_BOUND('',#18468,.T.);
#18468 = EDGE_LOOP('',(#18469,#18470,#18476,#18477));
#18469 = ORIENTED_EDGE('',*,*,#13169,.T.);
#18470 = ORIENTED_EDGE('',*,*,#18471,.T.);
#18471 = EDGE_CURVE('',#13170,#15332,#18472,.T.);
#18472 = LINE('',#18473,#18474);
#18473 = CARTESIAN_POINT('',(-1.2822,29.698401,-4.5E-02));
#18474 = VECTOR('',#18475,1.);
#18475 = DIRECTION('',(0.,0.,1.));
#18476 = ORIENTED_EDGE('',*,*,#15331,.F.);
#18477 = ORIENTED_EDGE('',*,*,#18471,.F.);
#18478 = CYLINDRICAL_SURFACE('',#18479,0.5);
#18479 = AXIS2_PLACEMENT_3D('',#18480,#18481,#18482);
#18480 = CARTESIAN_POINT('',(-1.2822,30.198401,-4.5E-02));
#18481 = DIRECTION('',(-0.,-0.,-1.));
#18482 = DIRECTION('',(-0.,-1.,0.));
#18483 = ADVANCED_FACE('',(#18484),#18495,.F.);
#18484 = FACE_BOUND('',#18485,.T.);
#18485 = EDGE_LOOP('',(#18486,#18487,#18493,#18494));
#18486 = ORIENTED_EDGE('',*,*,#13180,.T.);
#18487 = ORIENTED_EDGE('',*,*,#18488,.T.);
#18488 = EDGE_CURVE('',#13181,#15343,#18489,.T.);
#18489 = LINE('',#18490,#18491);
#18490 = CARTESIAN_POINT('',(1.2578,29.698401,-4.5E-02));
#18491 = VECTOR('',#18492,1.);
#18492 = DIRECTION('',(0.,0.,1.));
#18493 = ORIENTED_EDGE('',*,*,#15342,.F.);
#18494 = ORIENTED_EDGE('',*,*,#18488,.F.);
#18495 = CYLINDRICAL_SURFACE('',#18496,0.5);
#18496 = AXIS2_PLACEMENT_3D('',#18497,#18498,#18499);
#18497 = CARTESIAN_POINT('',(1.2578,30.198401,-4.5E-02));
#18498 = DIRECTION('',(-0.,-0.,-1.));
#18499 = DIRECTION('',(-0.,-1.,0.));
#18500 = ADVANCED_FACE('',(#18501),#18512,.F.);
#18501 = FACE_BOUND('',#18502,.T.);
#18502 = EDGE_LOOP('',(#18503,#18504,#18510,#18511));
#18503 = ORIENTED_EDGE('',*,*,#13191,.T.);
#18504 = ORIENTED_EDGE('',*,*,#18505,.T.);
#18505 = EDGE_CURVE('',#13192,#15354,#18506,.T.);
#18506 = LINE('',#18507,#18508);
#18507 = CARTESIAN_POINT('',(3.7978,29.698401,-4.5E-02));
#18508 = VECTOR('',#18509,1.);
#18509 = DIRECTION('',(0.,0.,1.));
#18510 = ORIENTED_EDGE('',*,*,#15353,.F.);
#18511 = ORIENTED_EDGE('',*,*,#18505,.F.);
#18512 = CYLINDRICAL_SURFACE('',#18513,0.5);
#18513 = AXIS2_PLACEMENT_3D('',#18514,#18515,#18516);
#18514 = CARTESIAN_POINT('',(3.7978,30.198401,-4.5E-02));
#18515 = DIRECTION('',(-0.,0.,-1.));
#18516 = DIRECTION('',(8.881784197001E-16,-1.,-0.));
#18517 = ADVANCED_FACE('',(#18518),#18529,.F.);
#18518 = FACE_BOUND('',#18519,.T.);
#18519 = EDGE_LOOP('',(#18520,#18521,#18527,#18528));
#18520 = ORIENTED_EDGE('',*,*,#13202,.T.);
#18521 = ORIENTED_EDGE('',*,*,#18522,.T.);
#18522 = EDGE_CURVE('',#13203,#15365,#18523,.T.);
#18523 = LINE('',#18524,#18525);
#18524 = CARTESIAN_POINT('',(6.3378,29.698401,-4.5E-02));
#18525 = VECTOR('',#18526,1.);
#18526 = DIRECTION('',(0.,0.,1.));
#18527 = ORIENTED_EDGE('',*,*,#15364,.F.);
#18528 = ORIENTED_EDGE('',*,*,#18522,.F.);
#18529 = CYLINDRICAL_SURFACE('',#18530,0.5);
#18530 = AXIS2_PLACEMENT_3D('',#18531,#18532,#18533);
#18531 = CARTESIAN_POINT('',(6.3378,30.198401,-4.5E-02));
#18532 = DIRECTION('',(-0.,-0.,-1.));
#18533 = DIRECTION('',(-0.,-1.,0.));
#18534 = ADVANCED_FACE('',(#18535),#18546,.F.);
#18535 = FACE_BOUND('',#18536,.T.);
#18536 = EDGE_LOOP('',(#18537,#18538,#18544,#18545));
#18537 = ORIENTED_EDGE('',*,*,#13213,.T.);
#18538 = ORIENTED_EDGE('',*,*,#18539,.T.);
#18539 = EDGE_CURVE('',#13214,#15376,#18540,.T.);
#18540 = LINE('',#18541,#18542);
#18541 = CARTESIAN_POINT('',(10.1478,28.948401,-4.5E-02));
#18542 = VECTOR('',#18543,1.);
#18543 = DIRECTION('',(0.,0.,1.));
#18544 = ORIENTED_EDGE('',*,*,#15375,.F.);
#18545 = ORIENTED_EDGE('',*,*,#18539,.F.);
#18546 = CYLINDRICAL_SURFACE('',#18547,1.25);
#18547 = AXIS2_PLACEMENT_3D('',#18548,#18549,#18550);
#18548 = CARTESIAN_POINT('',(10.1478,30.198401,-4.5E-02));
#18549 = DIRECTION('',(-0.,-0.,-1.));
#18550 = DIRECTION('',(-0.,-1.,0.));
#18551 = ADVANCED_FACE('',(#18552),#18563,.F.);
#18552 = FACE_BOUND('',#18553,.T.);
#18553 = EDGE_LOOP('',(#18554,#18555,#18561,#18562));
#18554 = ORIENTED_EDGE('',*,*,#13224,.T.);
#18555 = ORIENTED_EDGE('',*,*,#18556,.T.);
#18556 = EDGE_CURVE('',#13225,#15387,#18557,.T.);
#18557 = LINE('',#18558,#18559);
#18558 = CARTESIAN_POINT('',(3.302944,40.062945,-4.5E-02));
#18559 = VECTOR('',#18560,1.);
#18560 = DIRECTION('',(0.,0.,1.));
#18561 = ORIENTED_EDGE('',*,*,#15386,.F.);
#18562 = ORIENTED_EDGE('',*,*,#18556,.F.);
#18563 = CYLINDRICAL_SURFACE('',#18564,0.25);
#18564 = AXIS2_PLACEMENT_3D('',#18565,#18566,#18567);
#18565 = CARTESIAN_POINT('',(3.302944,40.312945,-4.5E-02));
#18566 = DIRECTION('',(-0.,-0.,-1.));
#18567 = DIRECTION('',(-0.,-1.,0.));
#18568 = ADVANCED_FACE('',(#18569),#18580,.F.);
#18569 = FACE_BOUND('',#18570,.T.);
#18570 = EDGE_LOOP('',(#18571,#18572,#18578,#18579));
#18571 = ORIENTED_EDGE('',*,*,#13235,.T.);
#18572 = ORIENTED_EDGE('',*,*,#18573,.T.);
#18573 = EDGE_CURVE('',#13236,#15398,#18574,.T.);
#18574 = LINE('',#18575,#18576);
#18575 = CARTESIAN_POINT('',(5.,39.360001,-4.5E-02));
#18576 = VECTOR('',#18577,1.);
#18577 = DIRECTION('',(0.,0.,1.));
#18578 = ORIENTED_EDGE('',*,*,#15397,.F.);
#18579 = ORIENTED_EDGE('',*,*,#18573,.F.);
#18580 = CYLINDRICAL_SURFACE('',#18581,0.25);
#18581 = AXIS2_PLACEMENT_3D('',#18582,#18583,#18584);
#18582 = CARTESIAN_POINT('',(5.,39.610001,-4.5E-02));
#18583 = DIRECTION('',(-0.,-0.,-1.));
#18584 = DIRECTION('',(-0.,-1.,0.));
#18585 = ADVANCED_FACE('',(#18586),#18597,.F.);
#18586 = FACE_BOUND('',#18587,.T.);
#18587 = EDGE_LOOP('',(#18588,#18589,#18595,#18596));
#18588 = ORIENTED_EDGE('',*,*,#13246,.T.);
#18589 = ORIENTED_EDGE('',*,*,#18590,.T.);
#18590 = EDGE_CURVE('',#13247,#15409,#18591,.T.);
#18591 = LINE('',#18592,#18593);
#18592 = CARTESIAN_POINT('',(6.697056,40.062945,-4.5E-02));
#18593 = VECTOR('',#18594,1.);
#18594 = DIRECTION('',(0.,0.,1.));
#18595 = ORIENTED_EDGE('',*,*,#15408,.F.);
#18596 = ORIENTED_EDGE('',*,*,#18590,.F.);
#18597 = CYLINDRICAL_SURFACE('',#18598,0.25);
#18598 = AXIS2_PLACEMENT_3D('',#18599,#18600,#18601);
#18599 = CARTESIAN_POINT('',(6.697056,40.312945,-4.5E-02));
#18600 = DIRECTION('',(-0.,-0.,-1.));
#18601 = DIRECTION('',(-0.,-1.,0.));
#18602 = ADVANCED_FACE('',(#18603),#18614,.F.);
#18603 = FACE_BOUND('',#18604,.T.);
#18604 = EDGE_LOOP('',(#18605,#18606,#18612,#18613));
#18605 = ORIENTED_EDGE('',*,*,#13257,.T.);
#18606 = ORIENTED_EDGE('',*,*,#18607,.T.);
#18607 = EDGE_CURVE('',#13258,#15420,#18608,.T.);
#18608 = LINE('',#18609,#18610);
#18609 = CARTESIAN_POINT('',(2.6,41.760001,-4.5E-02));
#18610 = VECTOR('',#18611,1.);
#18611 = DIRECTION('',(0.,0.,1.));
#18612 = ORIENTED_EDGE('',*,*,#15419,.F.);
#18613 = ORIENTED_EDGE('',*,*,#18607,.F.);
#18614 = CYLINDRICAL_SURFACE('',#18615,0.25);
#18615 = AXIS2_PLACEMENT_3D('',#18616,#18617,#18618);
#18616 = CARTESIAN_POINT('',(2.6,42.010001,-4.5E-02));
#18617 = DIRECTION('',(-0.,-0.,-1.));
#18618 = DIRECTION('',(-0.,-1.,0.));
#18619 = ADVANCED_FACE('',(#18620),#18631,.F.);
#18620 = FACE_BOUND('',#18621,.T.);
#18621 = EDGE_LOOP('',(#18622,#18623,#18629,#18630));
#18622 = ORIENTED_EDGE('',*,*,#13268,.T.);
#18623 = ORIENTED_EDGE('',*,*,#18624,.T.);
#18624 = EDGE_CURVE('',#13269,#15431,#18625,.T.);
#18625 = LINE('',#18626,#18627);
#18626 = CARTESIAN_POINT('',(3.302944,43.457057,-4.5E-02));
#18627 = VECTOR('',#18628,1.);
#18628 = DIRECTION('',(0.,0.,1.));
#18629 = ORIENTED_EDGE('',*,*,#15430,.F.);
#18630 = ORIENTED_EDGE('',*,*,#18624,.F.);
#18631 = CYLINDRICAL_SURFACE('',#18632,0.25);
#18632 = AXIS2_PLACEMENT_3D('',#18633,#18634,#18635);
#18633 = CARTESIAN_POINT('',(3.302944,43.707057,-4.5E-02));
#18634 = DIRECTION('',(-0.,-0.,-1.));
#18635 = DIRECTION('',(-0.,-1.,0.));
#18636 = ADVANCED_FACE('',(#18637),#18648,.F.);
#18637 = FACE_BOUND('',#18638,.T.);
#18638 = EDGE_LOOP('',(#18639,#18640,#18646,#18647));
#18639 = ORIENTED_EDGE('',*,*,#13279,.T.);
#18640 = ORIENTED_EDGE('',*,*,#18641,.T.);
#18641 = EDGE_CURVE('',#13280,#15442,#18642,.T.);
#18642 = LINE('',#18643,#18644);
#18643 = CARTESIAN_POINT('',(5.,40.410001,-4.5E-02));
#18644 = VECTOR('',#18645,1.);
#18645 = DIRECTION('',(0.,0.,1.));
#18646 = ORIENTED_EDGE('',*,*,#15441,.F.);
#18647 = ORIENTED_EDGE('',*,*,#18641,.F.);
#18648 = CYLINDRICAL_SURFACE('',#18649,1.6);
#18649 = AXIS2_PLACEMENT_3D('',#18650,#18651,#18652);
#18650 = CARTESIAN_POINT('',(5.,42.010001,-4.5E-02));
#18651 = DIRECTION('',(-0.,-0.,-1.));
#18652 = DIRECTION('',(-0.,-1.,0.));
#18653 = ADVANCED_FACE('',(#18654),#18665,.F.);
#18654 = FACE_BOUND('',#18655,.T.);
#18655 = EDGE_LOOP('',(#18656,#18657,#18663,#18664));
#18656 = ORIENTED_EDGE('',*,*,#13290,.T.);
#18657 = ORIENTED_EDGE('',*,*,#18658,.T.);
#18658 = EDGE_CURVE('',#13291,#15453,#18659,.T.);
#18659 = LINE('',#18660,#18661);
#18660 = CARTESIAN_POINT('',(5.,44.160001,-4.5E-02));
#18661 = VECTOR('',#18662,1.);
#18662 = DIRECTION('',(0.,0.,1.));
#18663 = ORIENTED_EDGE('',*,*,#15452,.F.);
#18664 = ORIENTED_EDGE('',*,*,#18658,.F.);
#18665 = CYLINDRICAL_SURFACE('',#18666,0.25);
#18666 = AXIS2_PLACEMENT_3D('',#18667,#18668,#18669);
#18667 = CARTESIAN_POINT('',(5.,44.410001,-4.5E-02));
#18668 = DIRECTION('',(-0.,-0.,-1.));
#18669 = DIRECTION('',(-0.,-1.,0.));
#18670 = ADVANCED_FACE('',(#18671),#18682,.F.);
#18671 = FACE_BOUND('',#18672,.T.);
#18672 = EDGE_LOOP('',(#18673,#18674,#18680,#18681));
#18673 = ORIENTED_EDGE('',*,*,#13301,.T.);
#18674 = ORIENTED_EDGE('',*,*,#18675,.T.);
#18675 = EDGE_CURVE('',#13302,#15464,#18676,.T.);
#18676 = LINE('',#18677,#18678);
#18677 = CARTESIAN_POINT('',(6.697056,43.457057,-4.5E-02));
#18678 = VECTOR('',#18679,1.);
#18679 = DIRECTION('',(0.,0.,1.));
#18680 = ORIENTED_EDGE('',*,*,#15463,.F.);
#18681 = ORIENTED_EDGE('',*,*,#18675,.F.);
#18682 = CYLINDRICAL_SURFACE('',#18683,0.25);
#18683 = AXIS2_PLACEMENT_3D('',#18684,#18685,#18686);
#18684 = CARTESIAN_POINT('',(6.697056,43.707057,-4.5E-02));
#18685 = DIRECTION('',(-0.,-0.,-1.));
#18686 = DIRECTION('',(-0.,-1.,0.));
#18687 = ADVANCED_FACE('',(#18688),#18699,.F.);
#18688 = FACE_BOUND('',#18689,.T.);
#18689 = EDGE_LOOP('',(#18690,#18691,#18697,#18698));
#18690 = ORIENTED_EDGE('',*,*,#13312,.T.);
#18691 = ORIENTED_EDGE('',*,*,#18692,.T.);
#18692 = EDGE_CURVE('',#13313,#15475,#18693,.T.);
#18693 = LINE('',#18694,#18695);
#18694 = CARTESIAN_POINT('',(6.15,50.700001,-4.5E-02));
#18695 = VECTOR('',#18696,1.);
#18696 = DIRECTION('',(0.,0.,1.));
#18697 = ORIENTED_EDGE('',*,*,#15474,.F.);
#18698 = ORIENTED_EDGE('',*,*,#18692,.F.);
#18699 = CYLINDRICAL_SURFACE('',#18700,0.5);
#18700 = AXIS2_PLACEMENT_3D('',#18701,#18702,#18703);
#18701 = CARTESIAN_POINT('',(6.15,51.200001,-4.5E-02));
#18702 = DIRECTION('',(-0.,-0.,-1.));
#18703 = DIRECTION('',(-0.,-1.,0.));
#18704 = ADVANCED_FACE('',(#18705),#18716,.F.);
#18705 = FACE_BOUND('',#18706,.T.);
#18706 = EDGE_LOOP('',(#18707,#18708,#18714,#18715));
#18707 = ORIENTED_EDGE('',*,*,#13323,.T.);
#18708 = ORIENTED_EDGE('',*,*,#18709,.T.);
#18709 = EDGE_CURVE('',#13324,#15486,#18710,.T.);
#18710 = LINE('',#18711,#18712);
#18711 = CARTESIAN_POINT('',(7.4,41.760001,-4.5E-02));
#18712 = VECTOR('',#18713,1.);
#18713 = DIRECTION('',(0.,0.,1.));
#18714 = ORIENTED_EDGE('',*,*,#15485,.F.);
#18715 = ORIENTED_EDGE('',*,*,#18709,.F.);
#18716 = CYLINDRICAL_SURFACE('',#18717,0.25);
#18717 = AXIS2_PLACEMENT_3D('',#18718,#18719,#18720);
#18718 = CARTESIAN_POINT('',(7.4,42.010001,-4.5E-02));
#18719 = DIRECTION('',(-0.,-0.,-1.));
#18720 = DIRECTION('',(-0.,-1.,0.));
#18721 = ADVANCED_FACE('',(#18722),#18733,.F.);
#18722 = FACE_BOUND('',#18723,.T.);
#18723 = EDGE_LOOP('',(#18724,#18725,#18731,#18732));
#18724 = ORIENTED_EDGE('',*,*,#13334,.T.);
#18725 = ORIENTED_EDGE('',*,*,#18726,.T.);
#18726 = EDGE_CURVE('',#13335,#15497,#18727,.T.);
#18727 = LINE('',#18728,#18729);
#18728 = CARTESIAN_POINT('',(18.302944,40.062945,-4.5E-02));
#18729 = VECTOR('',#18730,1.);
#18730 = DIRECTION('',(0.,0.,1.));
#18731 = ORIENTED_EDGE('',*,*,#15496,.F.);
#18732 = ORIENTED_EDGE('',*,*,#18726,.F.);
#18733 = CYLINDRICAL_SURFACE('',#18734,0.25);
#18734 = AXIS2_PLACEMENT_3D('',#18735,#18736,#18737);
#18735 = CARTESIAN_POINT('',(18.302944,40.312945,-4.5E-02));
#18736 = DIRECTION('',(-0.,-0.,-1.));
#18737 = DIRECTION('',(-0.,-1.,0.));
#18738 = ADVANCED_FACE('',(#18739),#18750,.F.);
#18739 = FACE_BOUND('',#18740,.T.);
#18740 = EDGE_LOOP('',(#18741,#18742,#18748,#18749));
#18741 = ORIENTED_EDGE('',*,*,#13345,.T.);
#18742 = ORIENTED_EDGE('',*,*,#18743,.T.);
#18743 = EDGE_CURVE('',#13346,#15508,#18744,.T.);
#18744 = LINE('',#18745,#18746);
#18745 = CARTESIAN_POINT('',(17.6,41.760001,-4.5E-02));
#18746 = VECTOR('',#18747,1.);
#18747 = DIRECTION('',(0.,0.,1.));
#18748 = ORIENTED_EDGE('',*,*,#15507,.F.);
#18749 = ORIENTED_EDGE('',*,*,#18743,.F.);
#18750 = CYLINDRICAL_SURFACE('',#18751,0.25);
#18751 = AXIS2_PLACEMENT_3D('',#18752,#18753,#18754);
#18752 = CARTESIAN_POINT('',(17.6,42.010001,-4.5E-02));
#18753 = DIRECTION('',(-0.,-0.,-1.));
#18754 = DIRECTION('',(-0.,-1.,0.));
#18755 = ADVANCED_FACE('',(#18756),#18767,.F.);
#18756 = FACE_BOUND('',#18757,.T.);
#18757 = EDGE_LOOP('',(#18758,#18759,#18765,#18766));
#18758 = ORIENTED_EDGE('',*,*,#13356,.T.);
#18759 = ORIENTED_EDGE('',*,*,#18760,.T.);
#18760 = EDGE_CURVE('',#13357,#15519,#18761,.T.);
#18761 = LINE('',#18762,#18763);
#18762 = CARTESIAN_POINT('',(18.302944,43.457057,-4.5E-02));
#18763 = VECTOR('',#18764,1.);
#18764 = DIRECTION('',(0.,0.,1.));
#18765 = ORIENTED_EDGE('',*,*,#15518,.F.);
#18766 = ORIENTED_EDGE('',*,*,#18760,.F.);
#18767 = CYLINDRICAL_SURFACE('',#18768,0.25);
#18768 = AXIS2_PLACEMENT_3D('',#18769,#18770,#18771);
#18769 = CARTESIAN_POINT('',(18.302944,43.707057,-4.5E-02));
#18770 = DIRECTION('',(-0.,-0.,-1.));
#18771 = DIRECTION('',(-0.,-1.,0.));
#18772 = ADVANCED_FACE('',(#18773),#18784,.F.);
#18773 = FACE_BOUND('',#18774,.T.);
#18774 = EDGE_LOOP('',(#18775,#18776,#18782,#18783));
#18775 = ORIENTED_EDGE('',*,*,#13367,.T.);
#18776 = ORIENTED_EDGE('',*,*,#18777,.T.);
#18777 = EDGE_CURVE('',#13368,#15530,#18778,.T.);
#18778 = LINE('',#18779,#18780);
#18779 = CARTESIAN_POINT('',(8.69,50.700001,-4.5E-02));
#18780 = VECTOR('',#18781,1.);
#18781 = DIRECTION('',(0.,0.,1.));
#18782 = ORIENTED_EDGE('',*,*,#15529,.F.);
#18783 = ORIENTED_EDGE('',*,*,#18777,.F.);
#18784 = CYLINDRICAL_SURFACE('',#18785,0.5);
#18785 = AXIS2_PLACEMENT_3D('',#18786,#18787,#18788);
#18786 = CARTESIAN_POINT('',(8.69,51.200001,-4.5E-02));
#18787 = DIRECTION('',(-0.,-0.,-1.));
#18788 = DIRECTION('',(-0.,-1.,0.));
#18789 = ADVANCED_FACE('',(#18790),#18801,.F.);
#18790 = FACE_BOUND('',#18791,.T.);
#18791 = EDGE_LOOP('',(#18792,#18793,#18799,#18800));
#18792 = ORIENTED_EDGE('',*,*,#13378,.T.);
#18793 = ORIENTED_EDGE('',*,*,#18794,.T.);
#18794 = EDGE_CURVE('',#13379,#15541,#18795,.T.);
#18795 = LINE('',#18796,#18797);
#18796 = CARTESIAN_POINT('',(11.23,50.700001,-4.5E-02));
#18797 = VECTOR('',#18798,1.);
#18798 = DIRECTION('',(0.,0.,1.));
#18799 = ORIENTED_EDGE('',*,*,#15540,.F.);
#18800 = ORIENTED_EDGE('',*,*,#18794,.F.);
#18801 = CYLINDRICAL_SURFACE('',#18802,0.5);
#18802 = AXIS2_PLACEMENT_3D('',#18803,#18804,#18805);
#18803 = CARTESIAN_POINT('',(11.23,51.200001,-4.5E-02));
#18804 = DIRECTION('',(-0.,-0.,-1.));
#18805 = DIRECTION('',(-0.,-1.,0.));
#18806 = ADVANCED_FACE('',(#18807),#18818,.F.);
#18807 = FACE_BOUND('',#18808,.T.);
#18808 = EDGE_LOOP('',(#18809,#18810,#18816,#18817));
#18809 = ORIENTED_EDGE('',*,*,#13389,.T.);
#18810 = ORIENTED_EDGE('',*,*,#18811,.T.);
#18811 = EDGE_CURVE('',#13390,#15552,#18812,.T.);
#18812 = LINE('',#18813,#18814);
#18813 = CARTESIAN_POINT('',(13.77,50.700001,-4.5E-02));
#18814 = VECTOR('',#18815,1.);
#18815 = DIRECTION('',(0.,0.,1.));
#18816 = ORIENTED_EDGE('',*,*,#15551,.F.);
#18817 = ORIENTED_EDGE('',*,*,#18811,.F.);
#18818 = CYLINDRICAL_SURFACE('',#18819,0.5);
#18819 = AXIS2_PLACEMENT_3D('',#18820,#18821,#18822);
#18820 = CARTESIAN_POINT('',(13.77,51.200001,-4.5E-02));
#18821 = DIRECTION('',(-0.,-0.,-1.));
#18822 = DIRECTION('',(-0.,-1.,0.));
#18823 = ADVANCED_FACE('',(#18824),#18835,.F.);
#18824 = FACE_BOUND('',#18825,.T.);
#18825 = EDGE_LOOP('',(#18826,#18827,#18833,#18834));
#18826 = ORIENTED_EDGE('',*,*,#13400,.T.);
#18827 = ORIENTED_EDGE('',*,*,#18828,.T.);
#18828 = EDGE_CURVE('',#13401,#15563,#18829,.T.);
#18829 = LINE('',#18830,#18831);
#18830 = CARTESIAN_POINT('',(16.31,50.700001,-4.5E-02));
#18831 = VECTOR('',#18832,1.);
#18832 = DIRECTION('',(0.,0.,1.));
#18833 = ORIENTED_EDGE('',*,*,#15562,.F.);
#18834 = ORIENTED_EDGE('',*,*,#18828,.F.);
#18835 = CYLINDRICAL_SURFACE('',#18836,0.5);
#18836 = AXIS2_PLACEMENT_3D('',#18837,#18838,#18839);
#18837 = CARTESIAN_POINT('',(16.31,51.200001,-4.5E-02));
#18838 = DIRECTION('',(-0.,-0.,-1.));
#18839 = DIRECTION('',(-0.,-1.,0.));
#18840 = ADVANCED_FACE('',(#18841),#18852,.F.);
#18841 = FACE_BOUND('',#18842,.T.);
#18842 = EDGE_LOOP('',(#18843,#18844,#18850,#18851));
#18843 = ORIENTED_EDGE('',*,*,#13411,.T.);
#18844 = ORIENTED_EDGE('',*,*,#18845,.T.);
#18845 = EDGE_CURVE('',#13412,#15574,#18846,.T.);
#18846 = LINE('',#18847,#18848);
#18847 = CARTESIAN_POINT('',(21.352944,28.052945,-4.5E-02));
#18848 = VECTOR('',#18849,1.);
#18849 = DIRECTION('',(0.,0.,1.));
#18850 = ORIENTED_EDGE('',*,*,#15573,.F.);
#18851 = ORIENTED_EDGE('',*,*,#18845,.F.);
#18852 = CYLINDRICAL_SURFACE('',#18853,0.25);
#18853 = AXIS2_PLACEMENT_3D('',#18854,#18855,#18856);
#18854 = CARTESIAN_POINT('',(21.352944,28.302945,-4.5E-02));
#18855 = DIRECTION('',(-0.,-0.,-1.));
#18856 = DIRECTION('',(-0.,-1.,0.));
#18857 = ADVANCED_FACE('',(#18858),#18869,.F.);
#18858 = FACE_BOUND('',#18859,.T.);
#18859 = EDGE_LOOP('',(#18860,#18861,#18867,#18868));
#18860 = ORIENTED_EDGE('',*,*,#13422,.T.);
#18861 = ORIENTED_EDGE('',*,*,#18862,.T.);
#18862 = EDGE_CURVE('',#13423,#15585,#18863,.T.);
#18863 = LINE('',#18864,#18865);
#18864 = CARTESIAN_POINT('',(23.05,27.350001,-4.5E-02));
#18865 = VECTOR('',#18866,1.);
#18866 = DIRECTION('',(0.,0.,1.));
#18867 = ORIENTED_EDGE('',*,*,#15584,.F.);
#18868 = ORIENTED_EDGE('',*,*,#18862,.F.);
#18869 = CYLINDRICAL_SURFACE('',#18870,0.25);
#18870 = AXIS2_PLACEMENT_3D('',#18871,#18872,#18873);
#18871 = CARTESIAN_POINT('',(23.05,27.600001,-4.5E-02));
#18872 = DIRECTION('',(-0.,-0.,-1.));
#18873 = DIRECTION('',(-0.,-1.,0.));
#18874 = ADVANCED_FACE('',(#18875),#18886,.F.);
#18875 = FACE_BOUND('',#18876,.T.);
#18876 = EDGE_LOOP('',(#18877,#18878,#18884,#18885));
#18877 = ORIENTED_EDGE('',*,*,#13433,.T.);
#18878 = ORIENTED_EDGE('',*,*,#18879,.T.);
#18879 = EDGE_CURVE('',#13434,#15596,#18880,.T.);
#18880 = LINE('',#18881,#18882);
#18881 = CARTESIAN_POINT('',(20.65,29.750001,-4.5E-02));
#18882 = VECTOR('',#18883,1.);
#18883 = DIRECTION('',(0.,0.,1.));
#18884 = ORIENTED_EDGE('',*,*,#15595,.F.);
#18885 = ORIENTED_EDGE('',*,*,#18879,.F.);
#18886 = CYLINDRICAL_SURFACE('',#18887,0.25);
#18887 = AXIS2_PLACEMENT_3D('',#18888,#18889,#18890);
#18888 = CARTESIAN_POINT('',(20.65,30.000001,-4.5E-02));
#18889 = DIRECTION('',(-0.,-0.,-1.));
#18890 = DIRECTION('',(-0.,-1.,0.));
#18891 = ADVANCED_FACE('',(#18892),#18903,.F.);
#18892 = FACE_BOUND('',#18893,.T.);
#18893 = EDGE_LOOP('',(#18894,#18895,#18901,#18902));
#18894 = ORIENTED_EDGE('',*,*,#13444,.T.);
#18895 = ORIENTED_EDGE('',*,*,#18896,.T.);
#18896 = EDGE_CURVE('',#13445,#15607,#18897,.T.);
#18897 = LINE('',#18898,#18899);
#18898 = CARTESIAN_POINT('',(23.05,28.400001,-4.5E-02));
#18899 = VECTOR('',#18900,1.);
#18900 = DIRECTION('',(0.,0.,1.));
#18901 = ORIENTED_EDGE('',*,*,#15606,.F.);
#18902 = ORIENTED_EDGE('',*,*,#18896,.F.);
#18903 = CYLINDRICAL_SURFACE('',#18904,1.6);
#18904 = AXIS2_PLACEMENT_3D('',#18905,#18906,#18907);
#18905 = CARTESIAN_POINT('',(23.05,30.000001,-4.5E-02));
#18906 = DIRECTION('',(-0.,0.,-1.));
#18907 = DIRECTION('',(2.22044604925E-15,-1.,-0.));
#18908 = ADVANCED_FACE('',(#18909),#18920,.F.);
#18909 = FACE_BOUND('',#18910,.T.);
#18910 = EDGE_LOOP('',(#18911,#18912,#18918,#18919));
#18911 = ORIENTED_EDGE('',*,*,#13455,.T.);
#18912 = ORIENTED_EDGE('',*,*,#18913,.T.);
#18913 = EDGE_CURVE('',#13456,#15618,#18914,.T.);
#18914 = LINE('',#18915,#18916);
#18915 = CARTESIAN_POINT('',(21.352944,31.447057,-4.5E-02));
#18916 = VECTOR('',#18917,1.);
#18917 = DIRECTION('',(0.,0.,1.));
#18918 = ORIENTED_EDGE('',*,*,#15617,.F.);
#18919 = ORIENTED_EDGE('',*,*,#18913,.F.);
#18920 = CYLINDRICAL_SURFACE('',#18921,0.25);
#18921 = AXIS2_PLACEMENT_3D('',#18922,#18923,#18924);
#18922 = CARTESIAN_POINT('',(21.352944,31.697057,-4.5E-02));
#18923 = DIRECTION('',(-0.,-0.,-1.));
#18924 = DIRECTION('',(-0.,-1.,0.));
#18925 = ADVANCED_FACE('',(#18926),#18937,.F.);
#18926 = FACE_BOUND('',#18927,.T.);
#18927 = EDGE_LOOP('',(#18928,#18929,#18935,#18936));
#18928 = ORIENTED_EDGE('',*,*,#13466,.T.);
#18929 = ORIENTED_EDGE('',*,*,#18930,.T.);
#18930 = EDGE_CURVE('',#13467,#15629,#18931,.T.);
#18931 = LINE('',#18932,#18933);
#18932 = CARTESIAN_POINT('',(24.747056,28.052945,-4.5E-02));
#18933 = VECTOR('',#18934,1.);
#18934 = DIRECTION('',(0.,0.,1.));
#18935 = ORIENTED_EDGE('',*,*,#15628,.F.);
#18936 = ORIENTED_EDGE('',*,*,#18930,.F.);
#18937 = CYLINDRICAL_SURFACE('',#18938,0.25);
#18938 = AXIS2_PLACEMENT_3D('',#18939,#18940,#18941);
#18939 = CARTESIAN_POINT('',(24.747056,28.302945,-4.5E-02));
#18940 = DIRECTION('',(-0.,-0.,-1.));
#18941 = DIRECTION('',(-0.,-1.,0.));
#18942 = ADVANCED_FACE('',(#18943),#18954,.F.);
#18943 = FACE_BOUND('',#18944,.T.);
#18944 = EDGE_LOOP('',(#18945,#18946,#18952,#18953));
#18945 = ORIENTED_EDGE('',*,*,#13477,.T.);
#18946 = ORIENTED_EDGE('',*,*,#18947,.T.);
#18947 = EDGE_CURVE('',#13478,#15640,#18948,.T.);
#18948 = LINE('',#18949,#18950);
#18949 = CARTESIAN_POINT('',(25.45,29.750001,-4.5E-02));
#18950 = VECTOR('',#18951,1.);
#18951 = DIRECTION('',(0.,0.,1.));
#18952 = ORIENTED_EDGE('',*,*,#15639,.F.);
#18953 = ORIENTED_EDGE('',*,*,#18947,.F.);
#18954 = CYLINDRICAL_SURFACE('',#18955,0.25);
#18955 = AXIS2_PLACEMENT_3D('',#18956,#18957,#18958);
#18956 = CARTESIAN_POINT('',(25.45,30.000001,-4.5E-02));
#18957 = DIRECTION('',(-0.,-0.,-1.));
#18958 = DIRECTION('',(-0.,-1.,0.));
#18959 = ADVANCED_FACE('',(#18960),#18971,.F.);
#18960 = FACE_BOUND('',#18961,.T.);
#18961 = EDGE_LOOP('',(#18962,#18963,#18969,#18970));
#18962 = ORIENTED_EDGE('',*,*,#13488,.T.);
#18963 = ORIENTED_EDGE('',*,*,#18964,.T.);
#18964 = EDGE_CURVE('',#13489,#15651,#18965,.T.);
#18965 = LINE('',#18966,#18967);
#18966 = CARTESIAN_POINT('',(24.747056,31.447057,-4.5E-02));
#18967 = VECTOR('',#18968,1.);
#18968 = DIRECTION('',(0.,0.,1.));
#18969 = ORIENTED_EDGE('',*,*,#15650,.F.);
#18970 = ORIENTED_EDGE('',*,*,#18964,.F.);
#18971 = CYLINDRICAL_SURFACE('',#18972,0.25);
#18972 = AXIS2_PLACEMENT_3D('',#18973,#18974,#18975);
#18973 = CARTESIAN_POINT('',(24.747056,31.697057,-4.5E-02));
#18974 = DIRECTION('',(-0.,-0.,-1.));
#18975 = DIRECTION('',(-0.,-1.,0.));
#18976 = ADVANCED_FACE('',(#18977),#18988,.F.);
#18977 = FACE_BOUND('',#18978,.T.);
#18978 = EDGE_LOOP('',(#18979,#18980,#18986,#18987));
#18979 = ORIENTED_EDGE('',*,*,#13499,.T.);
#18980 = ORIENTED_EDGE('',*,*,#18981,.T.);
#18981 = EDGE_CURVE('',#13500,#15662,#18982,.T.);
#18982 = LINE('',#18983,#18984);
#18983 = CARTESIAN_POINT('',(23.05,32.150001,-4.5E-02));
#18984 = VECTOR('',#18985,1.);
#18985 = DIRECTION('',(0.,0.,1.));
#18986 = ORIENTED_EDGE('',*,*,#15661,.F.);
#18987 = ORIENTED_EDGE('',*,*,#18981,.F.);
#18988 = CYLINDRICAL_SURFACE('',#18989,0.25);
#18989 = AXIS2_PLACEMENT_3D('',#18990,#18991,#18992);
#18990 = CARTESIAN_POINT('',(23.05,32.400001,-4.5E-02));
#18991 = DIRECTION('',(-0.,-0.,-1.));
#18992 = DIRECTION('',(-0.,-1.,0.));
#18993 = ADVANCED_FACE('',(#18994),#19005,.F.);
#18994 = FACE_BOUND('',#18995,.T.);
#18995 = EDGE_LOOP('',(#18996,#18997,#19003,#19004));
#18996 = ORIENTED_EDGE('',*,*,#13510,.T.);
#18997 = ORIENTED_EDGE('',*,*,#18998,.T.);
#18998 = EDGE_CURVE('',#13511,#15673,#18999,.T.);
#18999 = LINE('',#19000,#19001);
#19000 = CARTESIAN_POINT('',(20.,39.360001,-4.5E-02));
#19001 = VECTOR('',#19002,1.);
#19002 = DIRECTION('',(0.,0.,1.));
#19003 = ORIENTED_EDGE('',*,*,#15672,.F.);
#19004 = ORIENTED_EDGE('',*,*,#18998,.F.);
#19005 = CYLINDRICAL_SURFACE('',#19006,0.25);
#19006 = AXIS2_PLACEMENT_3D('',#19007,#19008,#19009);
#19007 = CARTESIAN_POINT('',(20.,39.610001,-4.5E-02));
#19008 = DIRECTION('',(-0.,-0.,-1.));
#19009 = DIRECTION('',(-0.,-1.,0.));
#19010 = ADVANCED_FACE('',(#19011),#19022,.F.);
#19011 = FACE_BOUND('',#19012,.T.);
#19012 = EDGE_LOOP('',(#19013,#19014,#19020,#19021));
#19013 = ORIENTED_EDGE('',*,*,#13521,.T.);
#19014 = ORIENTED_EDGE('',*,*,#19015,.T.);
#19015 = EDGE_CURVE('',#13522,#15684,#19016,.T.);
#19016 = LINE('',#19017,#19018);
#19017 = CARTESIAN_POINT('',(21.697056,40.062945,-4.5E-02));
#19018 = VECTOR('',#19019,1.);
#19019 = DIRECTION('',(0.,0.,1.));
#19020 = ORIENTED_EDGE('',*,*,#15683,.F.);
#19021 = ORIENTED_EDGE('',*,*,#19015,.F.);
#19022 = CYLINDRICAL_SURFACE('',#19023,0.25);
#19023 = AXIS2_PLACEMENT_3D('',#19024,#19025,#19026);
#19024 = CARTESIAN_POINT('',(21.697056,40.312945,-4.5E-02));
#19025 = DIRECTION('',(-0.,-0.,-1.));
#19026 = DIRECTION('',(-0.,-1.,0.));
#19027 = ADVANCED_FACE('',(#19028),#19039,.F.);
#19028 = FACE_BOUND('',#19029,.T.);
#19029 = EDGE_LOOP('',(#19030,#19031,#19037,#19038));
#19030 = ORIENTED_EDGE('',*,*,#13532,.T.);
#19031 = ORIENTED_EDGE('',*,*,#19032,.T.);
#19032 = EDGE_CURVE('',#13533,#15695,#19033,.T.);
#19033 = LINE('',#19034,#19035);
#19034 = CARTESIAN_POINT('',(20.,40.410001,-4.5E-02));
#19035 = VECTOR('',#19036,1.);
#19036 = DIRECTION('',(0.,0.,1.));
#19037 = ORIENTED_EDGE('',*,*,#15694,.F.);
#19038 = ORIENTED_EDGE('',*,*,#19032,.F.);
#19039 = CYLINDRICAL_SURFACE('',#19040,1.6);
#19040 = AXIS2_PLACEMENT_3D('',#19041,#19042,#19043);
#19041 = CARTESIAN_POINT('',(20.,42.010001,-4.5E-02));
#19042 = DIRECTION('',(-0.,-0.,-1.));
#19043 = DIRECTION('',(-0.,-1.,0.));
#19044 = ADVANCED_FACE('',(#19045),#19056,.F.);
#19045 = FACE_BOUND('',#19046,.T.);
#19046 = EDGE_LOOP('',(#19047,#19048,#19054,#19055));
#19047 = ORIENTED_EDGE('',*,*,#13543,.T.);
#19048 = ORIENTED_EDGE('',*,*,#19049,.T.);
#19049 = EDGE_CURVE('',#13544,#15706,#19050,.T.);
#19050 = LINE('',#19051,#19052);
#19051 = CARTESIAN_POINT('',(20.,44.160001,-4.5E-02));
#19052 = VECTOR('',#19053,1.);
#19053 = DIRECTION('',(0.,0.,1.));
#19054 = ORIENTED_EDGE('',*,*,#15705,.F.);
#19055 = ORIENTED_EDGE('',*,*,#19049,.F.);
#19056 = CYLINDRICAL_SURFACE('',#19057,0.25);
#19057 = AXIS2_PLACEMENT_3D('',#19058,#19059,#19060);
#19058 = CARTESIAN_POINT('',(20.,44.410001,-4.5E-02));
#19059 = DIRECTION('',(-0.,-0.,-1.));
#19060 = DIRECTION('',(-0.,-1.,0.));
#19061 = ADVANCED_FACE('',(#19062),#19073,.F.);
#19062 = FACE_BOUND('',#19063,.T.);
#19063 = EDGE_LOOP('',(#19064,#19065,#19071,#19072));
#19064 = ORIENTED_EDGE('',*,*,#13554,.T.);
#19065 = ORIENTED_EDGE('',*,*,#19066,.T.);
#19066 = EDGE_CURVE('',#13555,#15717,#19067,.T.);
#19067 = LINE('',#19068,#19069);
#19068 = CARTESIAN_POINT('',(22.4,41.760001,-4.5E-02));
#19069 = VECTOR('',#19070,1.);
#19070 = DIRECTION('',(0.,0.,1.));
#19071 = ORIENTED_EDGE('',*,*,#15716,.F.);
#19072 = ORIENTED_EDGE('',*,*,#19066,.F.);
#19073 = CYLINDRICAL_SURFACE('',#19074,0.25);
#19074 = AXIS2_PLACEMENT_3D('',#19075,#19076,#19077);
#19075 = CARTESIAN_POINT('',(22.4,42.010001,-4.5E-02));
#19076 = DIRECTION('',(-0.,-0.,-1.));
#19077 = DIRECTION('',(-0.,-1.,0.));
#19078 = ADVANCED_FACE('',(#19079),#19090,.F.);
#19079 = FACE_BOUND('',#19080,.T.);
#19080 = EDGE_LOOP('',(#19081,#19082,#19088,#19089));
#19081 = ORIENTED_EDGE('',*,*,#13565,.T.);
#19082 = ORIENTED_EDGE('',*,*,#19083,.T.);
#19083 = EDGE_CURVE('',#13566,#15728,#19084,.T.);
#19084 = LINE('',#19085,#19086);
#19085 = CARTESIAN_POINT('',(21.697056,43.457057,-4.5E-02));
#19086 = VECTOR('',#19087,1.);
#19087 = DIRECTION('',(0.,0.,1.));
#19088 = ORIENTED_EDGE('',*,*,#15727,.F.);
#19089 = ORIENTED_EDGE('',*,*,#19083,.F.);
#19090 = CYLINDRICAL_SURFACE('',#19091,0.25);
#19091 = AXIS2_PLACEMENT_3D('',#19092,#19093,#19094);
#19092 = CARTESIAN_POINT('',(21.697056,43.707057,-4.5E-02));
#19093 = DIRECTION('',(-0.,-0.,-1.));
#19094 = DIRECTION('',(-0.,-1.,0.));
#19095 = ADVANCED_FACE('',(#19096),#19107,.F.);
#19096 = FACE_BOUND('',#19097,.T.);
#19097 = EDGE_LOOP('',(#19098,#19099,#19105,#19106));
#19098 = ORIENTED_EDGE('',*,*,#13576,.T.);
#19099 = ORIENTED_EDGE('',*,*,#19100,.T.);
#19100 = EDGE_CURVE('',#13577,#15739,#19101,.T.);
#19101 = LINE('',#19102,#19103);
#19102 = CARTESIAN_POINT('',(18.85,50.700001,-4.5E-02));
#19103 = VECTOR('',#19104,1.);
#19104 = DIRECTION('',(0.,0.,1.));
#19105 = ORIENTED_EDGE('',*,*,#15738,.F.);
#19106 = ORIENTED_EDGE('',*,*,#19100,.F.);
#19107 = CYLINDRICAL_SURFACE('',#19108,0.5);
#19108 = AXIS2_PLACEMENT_3D('',#19109,#19110,#19111);
#19109 = CARTESIAN_POINT('',(18.85,51.200001,-4.5E-02));
#19110 = DIRECTION('',(-0.,-0.,-1.));
#19111 = DIRECTION('',(-0.,-1.,0.));
#19112 = ( GEOMETRIC_REPRESENTATION_CONTEXT(3) 
GLOBAL_UNCERTAINTY_ASSIGNED_CONTEXT((#19116)) 
GLOBAL_UNIT_ASSIGNED_CONTEXT((#19113,#19114,#19115)) 
REPRESENTATION_CONTEXT('Context #1',
  '3D Context with UNIT and UNCERTAINTY') );
#19113 = ( LENGTH_UNIT() NAMED_UNIT(*) SI_UNIT(.MILLI.,.METRE.) );
#19114 = ( NAMED_UNIT(*) PLANE_ANGLE_UNIT() SI_UNIT($,.RADIAN.) );
#19115 = ( NAMED_UNIT(*) SI_UNIT($,.STERADIAN.) SOLID_ANGLE_UNIT() );
#19116 = UNCERTAINTY_MEASURE_WITH_UNIT(LENGTH_MEASURE(1.E-07),#19113,
  'distance_accuracy_value','confusion accuracy');
#19117 = CONTEXT_DEPENDENT_SHAPE_REPRESENTATION(#19118,#19120);
#19118 = ( REPRESENTATION_RELATIONSHIP('','',#11320,#10) 
REPRESENTATION_RELATIONSHIP_WITH_TRANSFORMATION(#19119) 
SHAPE_REPRESENTATION_RELATIONSHIP() );
#19119 = ITEM_DEFINED_TRANSFORMATION('','',#11,#67);
#19120 = PRODUCT_DEFINITION_SHAPE('Placement','Placement of an item',
  #19121);
#19121 = NEXT_ASSEMBLY_USAGE_OCCURRENCE('17','=>[0:1:1:8]','',#5,#11315,
  $);
#19122 = PRODUCT_RELATED_PRODUCT_CATEGORY('part',$,(#11317));
#19123 = MECHANICAL_DESIGN_GEOMETRIC_PRESENTATION_REPRESENTATION('',(
    #19124,#19132,#19139,#19146,#19153,#19160,#19167,#19174,#19181,
    #19188,#19195,#19202,#19209,#19216,#19223,#19230,#19237,#19244,
    #19251,#19258,#19265,#19272,#19279,#19286,#19293,#19300,#19307,
    #19314,#19321,#19328,#19335,#19342,#19349,#19356,#19363,#19370,
    #19377,#19384,#19391,#19398,#19405,#19413,#19420,#19427,#19434,
    #19441,#19448,#19455,#19462,#19469,#19476,#19483,#19490,#19497,
    #19504,#19511,#19518,#19525,#19532,#19539,#19546,#19553,#19560,
    #19567,#19574,#19581,#19588,#19595,#19602,#19609,#19616,#19623,
    #19630,#19637,#19644,#19651,#19658,#19665,#19672,#19679,#19686,
    #19693,#19700,#19707,#19714,#19721,#19728,#19735,#19742,#19749,
    #19756,#19763,#19770,#19777,#19784,#19791,#19798,#19805,#19812,
    #19819,#19826,#19833,#19840,#19847,#19854,#19861,#19868,#19875,
    #19882,#19889,#19896,#19903,#19910,#19917,#19924,#19931,#19938,
    #19945,#19952,#19959,#19966,#19973,#19980,#19987,#19994,#20001,
    #20008,#20015,#20022,#20029,#20036,#20043,#20050,#20057,#20064,
    #20071,#20078,#20085,#20092,#20099,#20106,#20113,#20120,#20127,
    #20134,#20141,#20148,#20155),#5068);
#19124 = STYLED_ITEM('color',(#19125),#942);
#19125 = PRESENTATION_STYLE_ASSIGNMENT((#19126));
#19126 = SURFACE_STYLE_USAGE(.BOTH.,#19127);
#19127 = SURFACE_SIDE_STYLE('',(#19128));
#19128 = SURFACE_STYLE_FILL_AREA(#19129);
#19129 = FILL_AREA_STYLE('',(#19130));
#19130 = FILL_AREA_STYLE_COLOUR('',#19131);
#19131 = COLOUR_RGB('',0.147999998088,0.144999993226,0.144999993226);
#19132 = STYLED_ITEM('color',(#19133),#982);
#19133 = PRESENTATION_STYLE_ASSIGNMENT((#19134));
#19134 = SURFACE_STYLE_USAGE(.BOTH.,#19135);
#19135 = SURFACE_SIDE_STYLE('',(#19136));
#19136 = SURFACE_STYLE_FILL_AREA(#19137);
#19137 = FILL_AREA_STYLE('',(#19138));
#19138 = FILL_AREA_STYLE_COLOUR('',#19131);
#19139 = STYLED_ITEM('color',(#19140),#1013);
#19140 = PRESENTATION_STYLE_ASSIGNMENT((#19141));
#19141 = SURFACE_STYLE_USAGE(.BOTH.,#19142);
#19142 = SURFACE_SIDE_STYLE('',(#19143));
#19143 = SURFACE_STYLE_FILL_AREA(#19144);
#19144 = FILL_AREA_STYLE('',(#19145));
#19145 = FILL_AREA_STYLE_COLOUR('',#19131);
#19146 = STYLED_ITEM('color',(#19147),#1044);
#19147 = PRESENTATION_STYLE_ASSIGNMENT((#19148));
#19148 = SURFACE_STYLE_USAGE(.BOTH.,#19149);
#19149 = SURFACE_SIDE_STYLE('',(#19150));
#19150 = SURFACE_STYLE_FILL_AREA(#19151);
#19151 = FILL_AREA_STYLE('',(#19152));
#19152 = FILL_AREA_STYLE_COLOUR('',#19131);
#19153 = STYLED_ITEM('color',(#19154),#1537);
#19154 = PRESENTATION_STYLE_ASSIGNMENT((#19155));
#19155 = SURFACE_STYLE_USAGE(.BOTH.,#19156);
#19156 = SURFACE_SIDE_STYLE('',(#19157));
#19157 = SURFACE_STYLE_FILL_AREA(#19158);
#19158 = FILL_AREA_STYLE('',(#19159));
#19159 = FILL_AREA_STYLE_COLOUR('',#19131);
#19160 = STYLED_ITEM('color',(#19161),#2030);
#19161 = PRESENTATION_STYLE_ASSIGNMENT((#19162));
#19162 = SURFACE_STYLE_USAGE(.BOTH.,#19163);
#19163 = SURFACE_SIDE_STYLE('',(#19164));
#19164 = SURFACE_STYLE_FILL_AREA(#19165);
#19165 = FILL_AREA_STYLE('',(#19166));
#19166 = FILL_AREA_STYLE_COLOUR('',#19131);
#19167 = STYLED_ITEM('color',(#19168),#2047);
#19168 = PRESENTATION_STYLE_ASSIGNMENT((#19169));
#19169 = SURFACE_STYLE_USAGE(.BOTH.,#19170);
#19170 = SURFACE_SIDE_STYLE('',(#19171));
#19171 = SURFACE_STYLE_FILL_AREA(#19172);
#19172 = FILL_AREA_STYLE('',(#19173));
#19173 = FILL_AREA_STYLE_COLOUR('',#19131);
#19174 = STYLED_ITEM('color',(#19175),#2064);
#19175 = PRESENTATION_STYLE_ASSIGNMENT((#19176));
#19176 = SURFACE_STYLE_USAGE(.BOTH.,#19177);
#19177 = SURFACE_SIDE_STYLE('',(#19178));
#19178 = SURFACE_STYLE_FILL_AREA(#19179);
#19179 = FILL_AREA_STYLE('',(#19180));
#19180 = FILL_AREA_STYLE_COLOUR('',#19131);
#19181 = STYLED_ITEM('color',(#19182),#2081);
#19182 = PRESENTATION_STYLE_ASSIGNMENT((#19183));
#19183 = SURFACE_STYLE_USAGE(.BOTH.,#19184);
#19184 = SURFACE_SIDE_STYLE('',(#19185));
#19185 = SURFACE_STYLE_FILL_AREA(#19186);
#19186 = FILL_AREA_STYLE('',(#19187));
#19187 = FILL_AREA_STYLE_COLOUR('',#19131);
#19188 = STYLED_ITEM('color',(#19189),#2098);
#19189 = PRESENTATION_STYLE_ASSIGNMENT((#19190));
#19190 = SURFACE_STYLE_USAGE(.BOTH.,#19191);
#19191 = SURFACE_SIDE_STYLE('',(#19192));
#19192 = SURFACE_STYLE_FILL_AREA(#19193);
#19193 = FILL_AREA_STYLE('',(#19194));
#19194 = FILL_AREA_STYLE_COLOUR('',#19131);
#19195 = STYLED_ITEM('color',(#19196),#2115);
#19196 = PRESENTATION_STYLE_ASSIGNMENT((#19197));
#19197 = SURFACE_STYLE_USAGE(.BOTH.,#19198);
#19198 = SURFACE_SIDE_STYLE('',(#19199));
#19199 = SURFACE_STYLE_FILL_AREA(#19200);
#19200 = FILL_AREA_STYLE('',(#19201));
#19201 = FILL_AREA_STYLE_COLOUR('',#19131);
#19202 = STYLED_ITEM('color',(#19203),#2132);
#19203 = PRESENTATION_STYLE_ASSIGNMENT((#19204));
#19204 = SURFACE_STYLE_USAGE(.BOTH.,#19205);
#19205 = SURFACE_SIDE_STYLE('',(#19206));
#19206 = SURFACE_STYLE_FILL_AREA(#19207);
#19207 = FILL_AREA_STYLE('',(#19208));
#19208 = FILL_AREA_STYLE_COLOUR('',#19131);
#19209 = STYLED_ITEM('color',(#19210),#2149);
#19210 = PRESENTATION_STYLE_ASSIGNMENT((#19211));
#19211 = SURFACE_STYLE_USAGE(.BOTH.,#19212);
#19212 = SURFACE_SIDE_STYLE('',(#19213));
#19213 = SURFACE_STYLE_FILL_AREA(#19214);
#19214 = FILL_AREA_STYLE('',(#19215));
#19215 = FILL_AREA_STYLE_COLOUR('',#19131);
#19216 = STYLED_ITEM('color',(#19217),#2166);
#19217 = PRESENTATION_STYLE_ASSIGNMENT((#19218));
#19218 = SURFACE_STYLE_USAGE(.BOTH.,#19219);
#19219 = SURFACE_SIDE_STYLE('',(#19220));
#19220 = SURFACE_STYLE_FILL_AREA(#19221);
#19221 = FILL_AREA_STYLE('',(#19222));
#19222 = FILL_AREA_STYLE_COLOUR('',#19131);
#19223 = STYLED_ITEM('color',(#19224),#2183);
#19224 = PRESENTATION_STYLE_ASSIGNMENT((#19225));
#19225 = SURFACE_STYLE_USAGE(.BOTH.,#19226);
#19226 = SURFACE_SIDE_STYLE('',(#19227));
#19227 = SURFACE_STYLE_FILL_AREA(#19228);
#19228 = FILL_AREA_STYLE('',(#19229));
#19229 = FILL_AREA_STYLE_COLOUR('',#19131);
#19230 = STYLED_ITEM('color',(#19231),#2200);
#19231 = PRESENTATION_STYLE_ASSIGNMENT((#19232));
#19232 = SURFACE_STYLE_USAGE(.BOTH.,#19233);
#19233 = SURFACE_SIDE_STYLE('',(#19234));
#19234 = SURFACE_STYLE_FILL_AREA(#19235);
#19235 = FILL_AREA_STYLE('',(#19236));
#19236 = FILL_AREA_STYLE_COLOUR('',#19131);
#19237 = STYLED_ITEM('color',(#19238),#2217);
#19238 = PRESENTATION_STYLE_ASSIGNMENT((#19239));
#19239 = SURFACE_STYLE_USAGE(.BOTH.,#19240);
#19240 = SURFACE_SIDE_STYLE('',(#19241));
#19241 = SURFACE_STYLE_FILL_AREA(#19242);
#19242 = FILL_AREA_STYLE('',(#19243));
#19243 = FILL_AREA_STYLE_COLOUR('',#19131);
#19244 = STYLED_ITEM('color',(#19245),#2234);
#19245 = PRESENTATION_STYLE_ASSIGNMENT((#19246));
#19246 = SURFACE_STYLE_USAGE(.BOTH.,#19247);
#19247 = SURFACE_SIDE_STYLE('',(#19248));
#19248 = SURFACE_STYLE_FILL_AREA(#19249);
#19249 = FILL_AREA_STYLE('',(#19250));
#19250 = FILL_AREA_STYLE_COLOUR('',#19131);
#19251 = STYLED_ITEM('color',(#19252),#2251);
#19252 = PRESENTATION_STYLE_ASSIGNMENT((#19253));
#19253 = SURFACE_STYLE_USAGE(.BOTH.,#19254);
#19254 = SURFACE_SIDE_STYLE('',(#19255));
#19255 = SURFACE_STYLE_FILL_AREA(#19256);
#19256 = FILL_AREA_STYLE('',(#19257));
#19257 = FILL_AREA_STYLE_COLOUR('',#19131);
#19258 = STYLED_ITEM('color',(#19259),#2268);
#19259 = PRESENTATION_STYLE_ASSIGNMENT((#19260));
#19260 = SURFACE_STYLE_USAGE(.BOTH.,#19261);
#19261 = SURFACE_SIDE_STYLE('',(#19262));
#19262 = SURFACE_STYLE_FILL_AREA(#19263);
#19263 = FILL_AREA_STYLE('',(#19264));
#19264 = FILL_AREA_STYLE_COLOUR('',#19131);
#19265 = STYLED_ITEM('color',(#19266),#2285);
#19266 = PRESENTATION_STYLE_ASSIGNMENT((#19267));
#19267 = SURFACE_STYLE_USAGE(.BOTH.,#19268);
#19268 = SURFACE_SIDE_STYLE('',(#19269));
#19269 = SURFACE_STYLE_FILL_AREA(#19270);
#19270 = FILL_AREA_STYLE('',(#19271));
#19271 = FILL_AREA_STYLE_COLOUR('',#19131);
#19272 = STYLED_ITEM('color',(#19273),#2302);
#19273 = PRESENTATION_STYLE_ASSIGNMENT((#19274));
#19274 = SURFACE_STYLE_USAGE(.BOTH.,#19275);
#19275 = SURFACE_SIDE_STYLE('',(#19276));
#19276 = SURFACE_STYLE_FILL_AREA(#19277);
#19277 = FILL_AREA_STYLE('',(#19278));
#19278 = FILL_AREA_STYLE_COLOUR('',#19131);
#19279 = STYLED_ITEM('color',(#19280),#2319);
#19280 = PRESENTATION_STYLE_ASSIGNMENT((#19281));
#19281 = SURFACE_STYLE_USAGE(.BOTH.,#19282);
#19282 = SURFACE_SIDE_STYLE('',(#19283));
#19283 = SURFACE_STYLE_FILL_AREA(#19284);
#19284 = FILL_AREA_STYLE('',(#19285));
#19285 = FILL_AREA_STYLE_COLOUR('',#19131);
#19286 = STYLED_ITEM('color',(#19287),#2336);
#19287 = PRESENTATION_STYLE_ASSIGNMENT((#19288));
#19288 = SURFACE_STYLE_USAGE(.BOTH.,#19289);
#19289 = SURFACE_SIDE_STYLE('',(#19290));
#19290 = SURFACE_STYLE_FILL_AREA(#19291);
#19291 = FILL_AREA_STYLE('',(#19292));
#19292 = FILL_AREA_STYLE_COLOUR('',#19131);
#19293 = STYLED_ITEM('color',(#19294),#2353);
#19294 = PRESENTATION_STYLE_ASSIGNMENT((#19295));
#19295 = SURFACE_STYLE_USAGE(.BOTH.,#19296);
#19296 = SURFACE_SIDE_STYLE('',(#19297));
#19297 = SURFACE_STYLE_FILL_AREA(#19298);
#19298 = FILL_AREA_STYLE('',(#19299));
#19299 = FILL_AREA_STYLE_COLOUR('',#19131);
#19300 = STYLED_ITEM('color',(#19301),#2370);
#19301 = PRESENTATION_STYLE_ASSIGNMENT((#19302));
#19302 = SURFACE_STYLE_USAGE(.BOTH.,#19303);
#19303 = SURFACE_SIDE_STYLE('',(#19304));
#19304 = SURFACE_STYLE_FILL_AREA(#19305);
#19305 = FILL_AREA_STYLE('',(#19306));
#19306 = FILL_AREA_STYLE_COLOUR('',#19131);
#19307 = STYLED_ITEM('color',(#19308),#2387);
#19308 = PRESENTATION_STYLE_ASSIGNMENT((#19309));
#19309 = SURFACE_STYLE_USAGE(.BOTH.,#19310);
#19310 = SURFACE_SIDE_STYLE('',(#19311));
#19311 = SURFACE_STYLE_FILL_AREA(#19312);
#19312 = FILL_AREA_STYLE('',(#19313));
#19313 = FILL_AREA_STYLE_COLOUR('',#19131);
#19314 = STYLED_ITEM('color',(#19315),#2404);
#19315 = PRESENTATION_STYLE_ASSIGNMENT((#19316));
#19316 = SURFACE_STYLE_USAGE(.BOTH.,#19317);
#19317 = SURFACE_SIDE_STYLE('',(#19318));
#19318 = SURFACE_STYLE_FILL_AREA(#19319);
#19319 = FILL_AREA_STYLE('',(#19320));
#19320 = FILL_AREA_STYLE_COLOUR('',#19131);
#19321 = STYLED_ITEM('color',(#19322),#2421);
#19322 = PRESENTATION_STYLE_ASSIGNMENT((#19323));
#19323 = SURFACE_STYLE_USAGE(.BOTH.,#19324);
#19324 = SURFACE_SIDE_STYLE('',(#19325));
#19325 = SURFACE_STYLE_FILL_AREA(#19326);
#19326 = FILL_AREA_STYLE('',(#19327));
#19327 = FILL_AREA_STYLE_COLOUR('',#19131);
#19328 = STYLED_ITEM('color',(#19329),#2438);
#19329 = PRESENTATION_STYLE_ASSIGNMENT((#19330));
#19330 = SURFACE_STYLE_USAGE(.BOTH.,#19331);
#19331 = SURFACE_SIDE_STYLE('',(#19332));
#19332 = SURFACE_STYLE_FILL_AREA(#19333);
#19333 = FILL_AREA_STYLE('',(#19334));
#19334 = FILL_AREA_STYLE_COLOUR('',#19131);
#19335 = STYLED_ITEM('color',(#19336),#2455);
#19336 = PRESENTATION_STYLE_ASSIGNMENT((#19337));
#19337 = SURFACE_STYLE_USAGE(.BOTH.,#19338);
#19338 = SURFACE_SIDE_STYLE('',(#19339));
#19339 = SURFACE_STYLE_FILL_AREA(#19340);
#19340 = FILL_AREA_STYLE('',(#19341));
#19341 = FILL_AREA_STYLE_COLOUR('',#19131);
#19342 = STYLED_ITEM('color',(#19343),#2472);
#19343 = PRESENTATION_STYLE_ASSIGNMENT((#19344));
#19344 = SURFACE_STYLE_USAGE(.BOTH.,#19345);
#19345 = SURFACE_SIDE_STYLE('',(#19346));
#19346 = SURFACE_STYLE_FILL_AREA(#19347);
#19347 = FILL_AREA_STYLE('',(#19348));
#19348 = FILL_AREA_STYLE_COLOUR('',#19131);
#19349 = STYLED_ITEM('color',(#19350),#2489);
#19350 = PRESENTATION_STYLE_ASSIGNMENT((#19351));
#19351 = SURFACE_STYLE_USAGE(.BOTH.,#19352);
#19352 = SURFACE_SIDE_STYLE('',(#19353));
#19353 = SURFACE_STYLE_FILL_AREA(#19354);
#19354 = FILL_AREA_STYLE('',(#19355));
#19355 = FILL_AREA_STYLE_COLOUR('',#19131);
#19356 = STYLED_ITEM('color',(#19357),#2506);
#19357 = PRESENTATION_STYLE_ASSIGNMENT((#19358));
#19358 = SURFACE_STYLE_USAGE(.BOTH.,#19359);
#19359 = SURFACE_SIDE_STYLE('',(#19360));
#19360 = SURFACE_STYLE_FILL_AREA(#19361);
#19361 = FILL_AREA_STYLE('',(#19362));
#19362 = FILL_AREA_STYLE_COLOUR('',#19131);
#19363 = STYLED_ITEM('color',(#19364),#2523);
#19364 = PRESENTATION_STYLE_ASSIGNMENT((#19365));
#19365 = SURFACE_STYLE_USAGE(.BOTH.,#19366);
#19366 = SURFACE_SIDE_STYLE('',(#19367));
#19367 = SURFACE_STYLE_FILL_AREA(#19368);
#19368 = FILL_AREA_STYLE('',(#19369));
#19369 = FILL_AREA_STYLE_COLOUR('',#19131);
#19370 = STYLED_ITEM('color',(#19371),#2540);
#19371 = PRESENTATION_STYLE_ASSIGNMENT((#19372));
#19372 = SURFACE_STYLE_USAGE(.BOTH.,#19373);
#19373 = SURFACE_SIDE_STYLE('',(#19374));
#19374 = SURFACE_STYLE_FILL_AREA(#19375);
#19375 = FILL_AREA_STYLE('',(#19376));
#19376 = FILL_AREA_STYLE_COLOUR('',#19131);
#19377 = STYLED_ITEM('color',(#19378),#2557);
#19378 = PRESENTATION_STYLE_ASSIGNMENT((#19379));
#19379 = SURFACE_STYLE_USAGE(.BOTH.,#19380);
#19380 = SURFACE_SIDE_STYLE('',(#19381));
#19381 = SURFACE_STYLE_FILL_AREA(#19382);
#19382 = FILL_AREA_STYLE('',(#19383));
#19383 = FILL_AREA_STYLE_COLOUR('',#19131);
#19384 = STYLED_ITEM('color',(#19385),#2574);
#19385 = PRESENTATION_STYLE_ASSIGNMENT((#19386));
#19386 = SURFACE_STYLE_USAGE(.BOTH.,#19387);
#19387 = SURFACE_SIDE_STYLE('',(#19388));
#19388 = SURFACE_STYLE_FILL_AREA(#19389);
#19389 = FILL_AREA_STYLE('',(#19390));
#19390 = FILL_AREA_STYLE_COLOUR('',#19131);
#19391 = STYLED_ITEM('color',(#19392),#2591);
#19392 = PRESENTATION_STYLE_ASSIGNMENT((#19393));
#19393 = SURFACE_STYLE_USAGE(.BOTH.,#19394);
#19394 = SURFACE_SIDE_STYLE('',(#19395));
#19395 = SURFACE_STYLE_FILL_AREA(#19396);
#19396 = FILL_AREA_STYLE('',(#19397));
#19397 = FILL_AREA_STYLE_COLOUR('',#19131);
#19398 = STYLED_ITEM('color',(#19399),#2608);
#19399 = PRESENTATION_STYLE_ASSIGNMENT((#19400));
#19400 = SURFACE_STYLE_USAGE(.BOTH.,#19401);
#19401 = SURFACE_SIDE_STYLE('',(#19402));
#19402 = SURFACE_STYLE_FILL_AREA(#19403);
#19403 = FILL_AREA_STYLE('',(#19404));
#19404 = FILL_AREA_STYLE_COLOUR('',#19131);
#19405 = STYLED_ITEM('color',(#19406),#2620);
#19406 = PRESENTATION_STYLE_ASSIGNMENT((#19407));
#19407 = SURFACE_STYLE_USAGE(.BOTH.,#19408);
#19408 = SURFACE_SIDE_STYLE('',(#19409));
#19409 = SURFACE_STYLE_FILL_AREA(#19410);
#19410 = FILL_AREA_STYLE('',(#19411));
#19411 = FILL_AREA_STYLE_COLOUR('',#19412);
#19412 = COLOUR_RGB('',0.859000020776,0.737999965183,0.495999988746);
#19413 = STYLED_ITEM('color',(#19414),#2651);
#19414 = PRESENTATION_STYLE_ASSIGNMENT((#19415));
#19415 = SURFACE_STYLE_USAGE(.BOTH.,#19416);
#19416 = SURFACE_SIDE_STYLE('',(#19417));
#19417 = SURFACE_STYLE_FILL_AREA(#19418);
#19418 = FILL_AREA_STYLE('',(#19419));
#19419 = FILL_AREA_STYLE_COLOUR('',#19412);
#19420 = STYLED_ITEM('color',(#19421),#2675);
#19421 = PRESENTATION_STYLE_ASSIGNMENT((#19422));
#19422 = SURFACE_STYLE_USAGE(.BOTH.,#19423);
#19423 = SURFACE_SIDE_STYLE('',(#19424));
#19424 = SURFACE_STYLE_FILL_AREA(#19425);
#19425 = FILL_AREA_STYLE('',(#19426));
#19426 = FILL_AREA_STYLE_COLOUR('',#19412);
#19427 = STYLED_ITEM('color',(#19428),#2699);
#19428 = PRESENTATION_STYLE_ASSIGNMENT((#19429));
#19429 = SURFACE_STYLE_USAGE(.BOTH.,#19430);
#19430 = SURFACE_SIDE_STYLE('',(#19431));
#19431 = SURFACE_STYLE_FILL_AREA(#19432);
#19432 = FILL_AREA_STYLE('',(#19433));
#19433 = FILL_AREA_STYLE_COLOUR('',#19412);
#19434 = STYLED_ITEM('color',(#19435),#2716);
#19435 = PRESENTATION_STYLE_ASSIGNMENT((#19436));
#19436 = SURFACE_STYLE_USAGE(.BOTH.,#19437);
#19437 = SURFACE_SIDE_STYLE('',(#19438));
#19438 = SURFACE_STYLE_FILL_AREA(#19439);
#19439 = FILL_AREA_STYLE('',(#19440));
#19440 = FILL_AREA_STYLE_COLOUR('',#19412);
#19441 = STYLED_ITEM('color',(#19442),#2747);
#19442 = PRESENTATION_STYLE_ASSIGNMENT((#19443));
#19443 = SURFACE_STYLE_USAGE(.BOTH.,#19444);
#19444 = SURFACE_SIDE_STYLE('',(#19445));
#19445 = SURFACE_STYLE_FILL_AREA(#19446);
#19446 = FILL_AREA_STYLE('',(#19447));
#19447 = FILL_AREA_STYLE_COLOUR('',#19412);
#19448 = STYLED_ITEM('color',(#19449),#2771);
#19449 = PRESENTATION_STYLE_ASSIGNMENT((#19450));
#19450 = SURFACE_STYLE_USAGE(.BOTH.,#19451);
#19451 = SURFACE_SIDE_STYLE('',(#19452));
#19452 = SURFACE_STYLE_FILL_AREA(#19453);
#19453 = FILL_AREA_STYLE('',(#19454));
#19454 = FILL_AREA_STYLE_COLOUR('',#19412);
#19455 = STYLED_ITEM('color',(#19456),#2795);
#19456 = PRESENTATION_STYLE_ASSIGNMENT((#19457));
#19457 = SURFACE_STYLE_USAGE(.BOTH.,#19458);
#19458 = SURFACE_SIDE_STYLE('',(#19459));
#19459 = SURFACE_STYLE_FILL_AREA(#19460);
#19460 = FILL_AREA_STYLE('',(#19461));
#19461 = FILL_AREA_STYLE_COLOUR('',#19412);
#19462 = STYLED_ITEM('color',(#19463),#2812);
#19463 = PRESENTATION_STYLE_ASSIGNMENT((#19464));
#19464 = SURFACE_STYLE_USAGE(.BOTH.,#19465);
#19465 = SURFACE_SIDE_STYLE('',(#19466));
#19466 = SURFACE_STYLE_FILL_AREA(#19467);
#19467 = FILL_AREA_STYLE('',(#19468));
#19468 = FILL_AREA_STYLE_COLOUR('',#19412);
#19469 = STYLED_ITEM('color',(#19470),#2843);
#19470 = PRESENTATION_STYLE_ASSIGNMENT((#19471));
#19471 = SURFACE_STYLE_USAGE(.BOTH.,#19472);
#19472 = SURFACE_SIDE_STYLE('',(#19473));
#19473 = SURFACE_STYLE_FILL_AREA(#19474);
#19474 = FILL_AREA_STYLE('',(#19475));
#19475 = FILL_AREA_STYLE_COLOUR('',#19412);
#19476 = STYLED_ITEM('color',(#19477),#2867);
#19477 = PRESENTATION_STYLE_ASSIGNMENT((#19478));
#19478 = SURFACE_STYLE_USAGE(.BOTH.,#19479);
#19479 = SURFACE_SIDE_STYLE('',(#19480));
#19480 = SURFACE_STYLE_FILL_AREA(#19481);
#19481 = FILL_AREA_STYLE('',(#19482));
#19482 = FILL_AREA_STYLE_COLOUR('',#19412);
#19483 = STYLED_ITEM('color',(#19484),#2891);
#19484 = PRESENTATION_STYLE_ASSIGNMENT((#19485));
#19485 = SURFACE_STYLE_USAGE(.BOTH.,#19486);
#19486 = SURFACE_SIDE_STYLE('',(#19487));
#19487 = SURFACE_STYLE_FILL_AREA(#19488);
#19488 = FILL_AREA_STYLE('',(#19489));
#19489 = FILL_AREA_STYLE_COLOUR('',#19412);
#19490 = STYLED_ITEM('color',(#19491),#2908);
#19491 = PRESENTATION_STYLE_ASSIGNMENT((#19492));
#19492 = SURFACE_STYLE_USAGE(.BOTH.,#19493);
#19493 = SURFACE_SIDE_STYLE('',(#19494));
#19494 = SURFACE_STYLE_FILL_AREA(#19495);
#19495 = FILL_AREA_STYLE('',(#19496));
#19496 = FILL_AREA_STYLE_COLOUR('',#19412);
#19497 = STYLED_ITEM('color',(#19498),#2939);
#19498 = PRESENTATION_STYLE_ASSIGNMENT((#19499));
#19499 = SURFACE_STYLE_USAGE(.BOTH.,#19500);
#19500 = SURFACE_SIDE_STYLE('',(#19501));
#19501 = SURFACE_STYLE_FILL_AREA(#19502);
#19502 = FILL_AREA_STYLE('',(#19503));
#19503 = FILL_AREA_STYLE_COLOUR('',#19412);
#19504 = STYLED_ITEM('color',(#19505),#2963);
#19505 = PRESENTATION_STYLE_ASSIGNMENT((#19506));
#19506 = SURFACE_STYLE_USAGE(.BOTH.,#19507);
#19507 = SURFACE_SIDE_STYLE('',(#19508));
#19508 = SURFACE_STYLE_FILL_AREA(#19509);
#19509 = FILL_AREA_STYLE('',(#19510));
#19510 = FILL_AREA_STYLE_COLOUR('',#19412);
#19511 = STYLED_ITEM('color',(#19512),#2987);
#19512 = PRESENTATION_STYLE_ASSIGNMENT((#19513));
#19513 = SURFACE_STYLE_USAGE(.BOTH.,#19514);
#19514 = SURFACE_SIDE_STYLE('',(#19515));
#19515 = SURFACE_STYLE_FILL_AREA(#19516);
#19516 = FILL_AREA_STYLE('',(#19517));
#19517 = FILL_AREA_STYLE_COLOUR('',#19412);
#19518 = STYLED_ITEM('color',(#19519),#3004);
#19519 = PRESENTATION_STYLE_ASSIGNMENT((#19520));
#19520 = SURFACE_STYLE_USAGE(.BOTH.,#19521);
#19521 = SURFACE_SIDE_STYLE('',(#19522));
#19522 = SURFACE_STYLE_FILL_AREA(#19523);
#19523 = FILL_AREA_STYLE('',(#19524));
#19524 = FILL_AREA_STYLE_COLOUR('',#19412);
#19525 = STYLED_ITEM('color',(#19526),#3035);
#19526 = PRESENTATION_STYLE_ASSIGNMENT((#19527));
#19527 = SURFACE_STYLE_USAGE(.BOTH.,#19528);
#19528 = SURFACE_SIDE_STYLE('',(#19529));
#19529 = SURFACE_STYLE_FILL_AREA(#19530);
#19530 = FILL_AREA_STYLE('',(#19531));
#19531 = FILL_AREA_STYLE_COLOUR('',#19412);
#19532 = STYLED_ITEM('color',(#19533),#3059);
#19533 = PRESENTATION_STYLE_ASSIGNMENT((#19534));
#19534 = SURFACE_STYLE_USAGE(.BOTH.,#19535);
#19535 = SURFACE_SIDE_STYLE('',(#19536));
#19536 = SURFACE_STYLE_FILL_AREA(#19537);
#19537 = FILL_AREA_STYLE('',(#19538));
#19538 = FILL_AREA_STYLE_COLOUR('',#19412);
#19539 = STYLED_ITEM('color',(#19540),#3083);
#19540 = PRESENTATION_STYLE_ASSIGNMENT((#19541));
#19541 = SURFACE_STYLE_USAGE(.BOTH.,#19542);
#19542 = SURFACE_SIDE_STYLE('',(#19543));
#19543 = SURFACE_STYLE_FILL_AREA(#19544);
#19544 = FILL_AREA_STYLE('',(#19545));
#19545 = FILL_AREA_STYLE_COLOUR('',#19412);
#19546 = STYLED_ITEM('color',(#19547),#3100);
#19547 = PRESENTATION_STYLE_ASSIGNMENT((#19548));
#19548 = SURFACE_STYLE_USAGE(.BOTH.,#19549);
#19549 = SURFACE_SIDE_STYLE('',(#19550));
#19550 = SURFACE_STYLE_FILL_AREA(#19551);
#19551 = FILL_AREA_STYLE('',(#19552));
#19552 = FILL_AREA_STYLE_COLOUR('',#19412);
#19553 = STYLED_ITEM('color',(#19554),#3131);
#19554 = PRESENTATION_STYLE_ASSIGNMENT((#19555));
#19555 = SURFACE_STYLE_USAGE(.BOTH.,#19556);
#19556 = SURFACE_SIDE_STYLE('',(#19557));
#19557 = SURFACE_STYLE_FILL_AREA(#19558);
#19558 = FILL_AREA_STYLE('',(#19559));
#19559 = FILL_AREA_STYLE_COLOUR('',#19412);
#19560 = STYLED_ITEM('color',(#19561),#3155);
#19561 = PRESENTATION_STYLE_ASSIGNMENT((#19562));
#19562 = SURFACE_STYLE_USAGE(.BOTH.,#19563);
#19563 = SURFACE_SIDE_STYLE('',(#19564));
#19564 = SURFACE_STYLE_FILL_AREA(#19565);
#19565 = FILL_AREA_STYLE('',(#19566));
#19566 = FILL_AREA_STYLE_COLOUR('',#19412);
#19567 = STYLED_ITEM('color',(#19568),#3179);
#19568 = PRESENTATION_STYLE_ASSIGNMENT((#19569));
#19569 = SURFACE_STYLE_USAGE(.BOTH.,#19570);
#19570 = SURFACE_SIDE_STYLE('',(#19571));
#19571 = SURFACE_STYLE_FILL_AREA(#19572);
#19572 = FILL_AREA_STYLE('',(#19573));
#19573 = FILL_AREA_STYLE_COLOUR('',#19412);
#19574 = STYLED_ITEM('color',(#19575),#3196);
#19575 = PRESENTATION_STYLE_ASSIGNMENT((#19576));
#19576 = SURFACE_STYLE_USAGE(.BOTH.,#19577);
#19577 = SURFACE_SIDE_STYLE('',(#19578));
#19578 = SURFACE_STYLE_FILL_AREA(#19579);
#19579 = FILL_AREA_STYLE('',(#19580));
#19580 = FILL_AREA_STYLE_COLOUR('',#19412);
#19581 = STYLED_ITEM('color',(#19582),#3227);
#19582 = PRESENTATION_STYLE_ASSIGNMENT((#19583));
#19583 = SURFACE_STYLE_USAGE(.BOTH.,#19584);
#19584 = SURFACE_SIDE_STYLE('',(#19585));
#19585 = SURFACE_STYLE_FILL_AREA(#19586);
#19586 = FILL_AREA_STYLE('',(#19587));
#19587 = FILL_AREA_STYLE_COLOUR('',#19412);
#19588 = STYLED_ITEM('color',(#19589),#3251);
#19589 = PRESENTATION_STYLE_ASSIGNMENT((#19590));
#19590 = SURFACE_STYLE_USAGE(.BOTH.,#19591);
#19591 = SURFACE_SIDE_STYLE('',(#19592));
#19592 = SURFACE_STYLE_FILL_AREA(#19593);
#19593 = FILL_AREA_STYLE('',(#19594));
#19594 = FILL_AREA_STYLE_COLOUR('',#19412);
#19595 = STYLED_ITEM('color',(#19596),#3275);
#19596 = PRESENTATION_STYLE_ASSIGNMENT((#19597));
#19597 = SURFACE_STYLE_USAGE(.BOTH.,#19598);
#19598 = SURFACE_SIDE_STYLE('',(#19599));
#19599 = SURFACE_STYLE_FILL_AREA(#19600);
#19600 = FILL_AREA_STYLE('',(#19601));
#19601 = FILL_AREA_STYLE_COLOUR('',#19412);
#19602 = STYLED_ITEM('color',(#19603),#3292);
#19603 = PRESENTATION_STYLE_ASSIGNMENT((#19604));
#19604 = SURFACE_STYLE_USAGE(.BOTH.,#19605);
#19605 = SURFACE_SIDE_STYLE('',(#19606));
#19606 = SURFACE_STYLE_FILL_AREA(#19607);
#19607 = FILL_AREA_STYLE('',(#19608));
#19608 = FILL_AREA_STYLE_COLOUR('',#19412);
#19609 = STYLED_ITEM('color',(#19610),#3323);
#19610 = PRESENTATION_STYLE_ASSIGNMENT((#19611));
#19611 = SURFACE_STYLE_USAGE(.BOTH.,#19612);
#19612 = SURFACE_SIDE_STYLE('',(#19613));
#19613 = SURFACE_STYLE_FILL_AREA(#19614);
#19614 = FILL_AREA_STYLE('',(#19615));
#19615 = FILL_AREA_STYLE_COLOUR('',#19412);
#19616 = STYLED_ITEM('color',(#19617),#3347);
#19617 = PRESENTATION_STYLE_ASSIGNMENT((#19618));
#19618 = SURFACE_STYLE_USAGE(.BOTH.,#19619);
#19619 = SURFACE_SIDE_STYLE('',(#19620));
#19620 = SURFACE_STYLE_FILL_AREA(#19621);
#19621 = FILL_AREA_STYLE('',(#19622));
#19622 = FILL_AREA_STYLE_COLOUR('',#19412);
#19623 = STYLED_ITEM('color',(#19624),#3371);
#19624 = PRESENTATION_STYLE_ASSIGNMENT((#19625));
#19625 = SURFACE_STYLE_USAGE(.BOTH.,#19626);
#19626 = SURFACE_SIDE_STYLE('',(#19627));
#19627 = SURFACE_STYLE_FILL_AREA(#19628);
#19628 = FILL_AREA_STYLE('',(#19629));
#19629 = FILL_AREA_STYLE_COLOUR('',#19412);
#19630 = STYLED_ITEM('color',(#19631),#3388);
#19631 = PRESENTATION_STYLE_ASSIGNMENT((#19632));
#19632 = SURFACE_STYLE_USAGE(.BOTH.,#19633);
#19633 = SURFACE_SIDE_STYLE('',(#19634));
#19634 = SURFACE_STYLE_FILL_AREA(#19635);
#19635 = FILL_AREA_STYLE('',(#19636));
#19636 = FILL_AREA_STYLE_COLOUR('',#19412);
#19637 = STYLED_ITEM('color',(#19638),#3419);
#19638 = PRESENTATION_STYLE_ASSIGNMENT((#19639));
#19639 = SURFACE_STYLE_USAGE(.BOTH.,#19640);
#19640 = SURFACE_SIDE_STYLE('',(#19641));
#19641 = SURFACE_STYLE_FILL_AREA(#19642);
#19642 = FILL_AREA_STYLE('',(#19643));
#19643 = FILL_AREA_STYLE_COLOUR('',#19412);
#19644 = STYLED_ITEM('color',(#19645),#3443);
#19645 = PRESENTATION_STYLE_ASSIGNMENT((#19646));
#19646 = SURFACE_STYLE_USAGE(.BOTH.,#19647);
#19647 = SURFACE_SIDE_STYLE('',(#19648));
#19648 = SURFACE_STYLE_FILL_AREA(#19649);
#19649 = FILL_AREA_STYLE('',(#19650));
#19650 = FILL_AREA_STYLE_COLOUR('',#19412);
#19651 = STYLED_ITEM('color',(#19652),#3467);
#19652 = PRESENTATION_STYLE_ASSIGNMENT((#19653));
#19653 = SURFACE_STYLE_USAGE(.BOTH.,#19654);
#19654 = SURFACE_SIDE_STYLE('',(#19655));
#19655 = SURFACE_STYLE_FILL_AREA(#19656);
#19656 = FILL_AREA_STYLE('',(#19657));
#19657 = FILL_AREA_STYLE_COLOUR('',#19412);
#19658 = STYLED_ITEM('color',(#19659),#3484);
#19659 = PRESENTATION_STYLE_ASSIGNMENT((#19660));
#19660 = SURFACE_STYLE_USAGE(.BOTH.,#19661);
#19661 = SURFACE_SIDE_STYLE('',(#19662));
#19662 = SURFACE_STYLE_FILL_AREA(#19663);
#19663 = FILL_AREA_STYLE('',(#19664));
#19664 = FILL_AREA_STYLE_COLOUR('',#19412);
#19665 = STYLED_ITEM('color',(#19666),#3515);
#19666 = PRESENTATION_STYLE_ASSIGNMENT((#19667));
#19667 = SURFACE_STYLE_USAGE(.BOTH.,#19668);
#19668 = SURFACE_SIDE_STYLE('',(#19669));
#19669 = SURFACE_STYLE_FILL_AREA(#19670);
#19670 = FILL_AREA_STYLE('',(#19671));
#19671 = FILL_AREA_STYLE_COLOUR('',#19412);
#19672 = STYLED_ITEM('color',(#19673),#3539);
#19673 = PRESENTATION_STYLE_ASSIGNMENT((#19674));
#19674 = SURFACE_STYLE_USAGE(.BOTH.,#19675);
#19675 = SURFACE_SIDE_STYLE('',(#19676));
#19676 = SURFACE_STYLE_FILL_AREA(#19677);
#19677 = FILL_AREA_STYLE('',(#19678));
#19678 = FILL_AREA_STYLE_COLOUR('',#19412);
#19679 = STYLED_ITEM('color',(#19680),#3563);
#19680 = PRESENTATION_STYLE_ASSIGNMENT((#19681));
#19681 = SURFACE_STYLE_USAGE(.BOTH.,#19682);
#19682 = SURFACE_SIDE_STYLE('',(#19683));
#19683 = SURFACE_STYLE_FILL_AREA(#19684);
#19684 = FILL_AREA_STYLE('',(#19685));
#19685 = FILL_AREA_STYLE_COLOUR('',#19412);
#19686 = STYLED_ITEM('color',(#19687),#3580);
#19687 = PRESENTATION_STYLE_ASSIGNMENT((#19688));
#19688 = SURFACE_STYLE_USAGE(.BOTH.,#19689);
#19689 = SURFACE_SIDE_STYLE('',(#19690));
#19690 = SURFACE_STYLE_FILL_AREA(#19691);
#19691 = FILL_AREA_STYLE('',(#19692));
#19692 = FILL_AREA_STYLE_COLOUR('',#19412);
#19693 = STYLED_ITEM('color',(#19694),#3611);
#19694 = PRESENTATION_STYLE_ASSIGNMENT((#19695));
#19695 = SURFACE_STYLE_USAGE(.BOTH.,#19696);
#19696 = SURFACE_SIDE_STYLE('',(#19697));
#19697 = SURFACE_STYLE_FILL_AREA(#19698);
#19698 = FILL_AREA_STYLE('',(#19699));
#19699 = FILL_AREA_STYLE_COLOUR('',#19412);
#19700 = STYLED_ITEM('color',(#19701),#3635);
#19701 = PRESENTATION_STYLE_ASSIGNMENT((#19702));
#19702 = SURFACE_STYLE_USAGE(.BOTH.,#19703);
#19703 = SURFACE_SIDE_STYLE('',(#19704));
#19704 = SURFACE_STYLE_FILL_AREA(#19705);
#19705 = FILL_AREA_STYLE('',(#19706));
#19706 = FILL_AREA_STYLE_COLOUR('',#19412);
#19707 = STYLED_ITEM('color',(#19708),#3659);
#19708 = PRESENTATION_STYLE_ASSIGNMENT((#19709));
#19709 = SURFACE_STYLE_USAGE(.BOTH.,#19710);
#19710 = SURFACE_SIDE_STYLE('',(#19711));
#19711 = SURFACE_STYLE_FILL_AREA(#19712);
#19712 = FILL_AREA_STYLE('',(#19713));
#19713 = FILL_AREA_STYLE_COLOUR('',#19412);
#19714 = STYLED_ITEM('color',(#19715),#3676);
#19715 = PRESENTATION_STYLE_ASSIGNMENT((#19716));
#19716 = SURFACE_STYLE_USAGE(.BOTH.,#19717);
#19717 = SURFACE_SIDE_STYLE('',(#19718));
#19718 = SURFACE_STYLE_FILL_AREA(#19719);
#19719 = FILL_AREA_STYLE('',(#19720));
#19720 = FILL_AREA_STYLE_COLOUR('',#19412);
#19721 = STYLED_ITEM('color',(#19722),#3707);
#19722 = PRESENTATION_STYLE_ASSIGNMENT((#19723));
#19723 = SURFACE_STYLE_USAGE(.BOTH.,#19724);
#19724 = SURFACE_SIDE_STYLE('',(#19725));
#19725 = SURFACE_STYLE_FILL_AREA(#19726);
#19726 = FILL_AREA_STYLE('',(#19727));
#19727 = FILL_AREA_STYLE_COLOUR('',#19412);
#19728 = STYLED_ITEM('color',(#19729),#3731);
#19729 = PRESENTATION_STYLE_ASSIGNMENT((#19730));
#19730 = SURFACE_STYLE_USAGE(.BOTH.,#19731);
#19731 = SURFACE_SIDE_STYLE('',(#19732));
#19732 = SURFACE_STYLE_FILL_AREA(#19733);
#19733 = FILL_AREA_STYLE('',(#19734));
#19734 = FILL_AREA_STYLE_COLOUR('',#19412);
#19735 = STYLED_ITEM('color',(#19736),#3755);
#19736 = PRESENTATION_STYLE_ASSIGNMENT((#19737));
#19737 = SURFACE_STYLE_USAGE(.BOTH.,#19738);
#19738 = SURFACE_SIDE_STYLE('',(#19739));
#19739 = SURFACE_STYLE_FILL_AREA(#19740);
#19740 = FILL_AREA_STYLE('',(#19741));
#19741 = FILL_AREA_STYLE_COLOUR('',#19412);
#19742 = STYLED_ITEM('color',(#19743),#3772);
#19743 = PRESENTATION_STYLE_ASSIGNMENT((#19744));
#19744 = SURFACE_STYLE_USAGE(.BOTH.,#19745);
#19745 = SURFACE_SIDE_STYLE('',(#19746));
#19746 = SURFACE_STYLE_FILL_AREA(#19747);
#19747 = FILL_AREA_STYLE('',(#19748));
#19748 = FILL_AREA_STYLE_COLOUR('',#19412);
#19749 = STYLED_ITEM('color',(#19750),#3803);
#19750 = PRESENTATION_STYLE_ASSIGNMENT((#19751));
#19751 = SURFACE_STYLE_USAGE(.BOTH.,#19752);
#19752 = SURFACE_SIDE_STYLE('',(#19753));
#19753 = SURFACE_STYLE_FILL_AREA(#19754);
#19754 = FILL_AREA_STYLE('',(#19755));
#19755 = FILL_AREA_STYLE_COLOUR('',#19412);
#19756 = STYLED_ITEM('color',(#19757),#3827);
#19757 = PRESENTATION_STYLE_ASSIGNMENT((#19758));
#19758 = SURFACE_STYLE_USAGE(.BOTH.,#19759);
#19759 = SURFACE_SIDE_STYLE('',(#19760));
#19760 = SURFACE_STYLE_FILL_AREA(#19761);
#19761 = FILL_AREA_STYLE('',(#19762));
#19762 = FILL_AREA_STYLE_COLOUR('',#19412);
#19763 = STYLED_ITEM('color',(#19764),#3851);
#19764 = PRESENTATION_STYLE_ASSIGNMENT((#19765));
#19765 = SURFACE_STYLE_USAGE(.BOTH.,#19766);
#19766 = SURFACE_SIDE_STYLE('',(#19767));
#19767 = SURFACE_STYLE_FILL_AREA(#19768);
#19768 = FILL_AREA_STYLE('',(#19769));
#19769 = FILL_AREA_STYLE_COLOUR('',#19412);
#19770 = STYLED_ITEM('color',(#19771),#3868);
#19771 = PRESENTATION_STYLE_ASSIGNMENT((#19772));
#19772 = SURFACE_STYLE_USAGE(.BOTH.,#19773);
#19773 = SURFACE_SIDE_STYLE('',(#19774));
#19774 = SURFACE_STYLE_FILL_AREA(#19775);
#19775 = FILL_AREA_STYLE('',(#19776));
#19776 = FILL_AREA_STYLE_COLOUR('',#19412);
#19777 = STYLED_ITEM('color',(#19778),#3899);
#19778 = PRESENTATION_STYLE_ASSIGNMENT((#19779));
#19779 = SURFACE_STYLE_USAGE(.BOTH.,#19780);
#19780 = SURFACE_SIDE_STYLE('',(#19781));
#19781 = SURFACE_STYLE_FILL_AREA(#19782);
#19782 = FILL_AREA_STYLE('',(#19783));
#19783 = FILL_AREA_STYLE_COLOUR('',#19412);
#19784 = STYLED_ITEM('color',(#19785),#3923);
#19785 = PRESENTATION_STYLE_ASSIGNMENT((#19786));
#19786 = SURFACE_STYLE_USAGE(.BOTH.,#19787);
#19787 = SURFACE_SIDE_STYLE('',(#19788));
#19788 = SURFACE_STYLE_FILL_AREA(#19789);
#19789 = FILL_AREA_STYLE('',(#19790));
#19790 = FILL_AREA_STYLE_COLOUR('',#19412);
#19791 = STYLED_ITEM('color',(#19792),#3947);
#19792 = PRESENTATION_STYLE_ASSIGNMENT((#19793));
#19793 = SURFACE_STYLE_USAGE(.BOTH.,#19794);
#19794 = SURFACE_SIDE_STYLE('',(#19795));
#19795 = SURFACE_STYLE_FILL_AREA(#19796);
#19796 = FILL_AREA_STYLE('',(#19797));
#19797 = FILL_AREA_STYLE_COLOUR('',#19412);
#19798 = STYLED_ITEM('color',(#19799),#3964);
#19799 = PRESENTATION_STYLE_ASSIGNMENT((#19800));
#19800 = SURFACE_STYLE_USAGE(.BOTH.,#19801);
#19801 = SURFACE_SIDE_STYLE('',(#19802));
#19802 = SURFACE_STYLE_FILL_AREA(#19803);
#19803 = FILL_AREA_STYLE('',(#19804));
#19804 = FILL_AREA_STYLE_COLOUR('',#19412);
#19805 = STYLED_ITEM('color',(#19806),#3995);
#19806 = PRESENTATION_STYLE_ASSIGNMENT((#19807));
#19807 = SURFACE_STYLE_USAGE(.BOTH.,#19808);
#19808 = SURFACE_SIDE_STYLE('',(#19809));
#19809 = SURFACE_STYLE_FILL_AREA(#19810);
#19810 = FILL_AREA_STYLE('',(#19811));
#19811 = FILL_AREA_STYLE_COLOUR('',#19412);
#19812 = STYLED_ITEM('color',(#19813),#4019);
#19813 = PRESENTATION_STYLE_ASSIGNMENT((#19814));
#19814 = SURFACE_STYLE_USAGE(.BOTH.,#19815);
#19815 = SURFACE_SIDE_STYLE('',(#19816));
#19816 = SURFACE_STYLE_FILL_AREA(#19817);
#19817 = FILL_AREA_STYLE('',(#19818));
#19818 = FILL_AREA_STYLE_COLOUR('',#19412);
#19819 = STYLED_ITEM('color',(#19820),#4043);
#19820 = PRESENTATION_STYLE_ASSIGNMENT((#19821));
#19821 = SURFACE_STYLE_USAGE(.BOTH.,#19822);
#19822 = SURFACE_SIDE_STYLE('',(#19823));
#19823 = SURFACE_STYLE_FILL_AREA(#19824);
#19824 = FILL_AREA_STYLE('',(#19825));
#19825 = FILL_AREA_STYLE_COLOUR('',#19412);
#19826 = STYLED_ITEM('color',(#19827),#4060);
#19827 = PRESENTATION_STYLE_ASSIGNMENT((#19828));
#19828 = SURFACE_STYLE_USAGE(.BOTH.,#19829);
#19829 = SURFACE_SIDE_STYLE('',(#19830));
#19830 = SURFACE_STYLE_FILL_AREA(#19831);
#19831 = FILL_AREA_STYLE('',(#19832));
#19832 = FILL_AREA_STYLE_COLOUR('',#19412);
#19833 = STYLED_ITEM('color',(#19834),#4091);
#19834 = PRESENTATION_STYLE_ASSIGNMENT((#19835));
#19835 = SURFACE_STYLE_USAGE(.BOTH.,#19836);
#19836 = SURFACE_SIDE_STYLE('',(#19837));
#19837 = SURFACE_STYLE_FILL_AREA(#19838);
#19838 = FILL_AREA_STYLE('',(#19839));
#19839 = FILL_AREA_STYLE_COLOUR('',#19412);
#19840 = STYLED_ITEM('color',(#19841),#4115);
#19841 = PRESENTATION_STYLE_ASSIGNMENT((#19842));
#19842 = SURFACE_STYLE_USAGE(.BOTH.,#19843);
#19843 = SURFACE_SIDE_STYLE('',(#19844));
#19844 = SURFACE_STYLE_FILL_AREA(#19845);
#19845 = FILL_AREA_STYLE('',(#19846));
#19846 = FILL_AREA_STYLE_COLOUR('',#19412);
#19847 = STYLED_ITEM('color',(#19848),#4139);
#19848 = PRESENTATION_STYLE_ASSIGNMENT((#19849));
#19849 = SURFACE_STYLE_USAGE(.BOTH.,#19850);
#19850 = SURFACE_SIDE_STYLE('',(#19851));
#19851 = SURFACE_STYLE_FILL_AREA(#19852);
#19852 = FILL_AREA_STYLE('',(#19853));
#19853 = FILL_AREA_STYLE_COLOUR('',#19412);
#19854 = STYLED_ITEM('color',(#19855),#4156);
#19855 = PRESENTATION_STYLE_ASSIGNMENT((#19856));
#19856 = SURFACE_STYLE_USAGE(.BOTH.,#19857);
#19857 = SURFACE_SIDE_STYLE('',(#19858));
#19858 = SURFACE_STYLE_FILL_AREA(#19859);
#19859 = FILL_AREA_STYLE('',(#19860));
#19860 = FILL_AREA_STYLE_COLOUR('',#19412);
#19861 = STYLED_ITEM('color',(#19862),#4187);
#19862 = PRESENTATION_STYLE_ASSIGNMENT((#19863));
#19863 = SURFACE_STYLE_USAGE(.BOTH.,#19864);
#19864 = SURFACE_SIDE_STYLE('',(#19865));
#19865 = SURFACE_STYLE_FILL_AREA(#19866);
#19866 = FILL_AREA_STYLE('',(#19867));
#19867 = FILL_AREA_STYLE_COLOUR('',#19412);
#19868 = STYLED_ITEM('color',(#19869),#4211);
#19869 = PRESENTATION_STYLE_ASSIGNMENT((#19870));
#19870 = SURFACE_STYLE_USAGE(.BOTH.,#19871);
#19871 = SURFACE_SIDE_STYLE('',(#19872));
#19872 = SURFACE_STYLE_FILL_AREA(#19873);
#19873 = FILL_AREA_STYLE('',(#19874));
#19874 = FILL_AREA_STYLE_COLOUR('',#19412);
#19875 = STYLED_ITEM('color',(#19876),#4235);
#19876 = PRESENTATION_STYLE_ASSIGNMENT((#19877));
#19877 = SURFACE_STYLE_USAGE(.BOTH.,#19878);
#19878 = SURFACE_SIDE_STYLE('',(#19879));
#19879 = SURFACE_STYLE_FILL_AREA(#19880);
#19880 = FILL_AREA_STYLE('',(#19881));
#19881 = FILL_AREA_STYLE_COLOUR('',#19412);
#19882 = STYLED_ITEM('color',(#19883),#4252);
#19883 = PRESENTATION_STYLE_ASSIGNMENT((#19884));
#19884 = SURFACE_STYLE_USAGE(.BOTH.,#19885);
#19885 = SURFACE_SIDE_STYLE('',(#19886));
#19886 = SURFACE_STYLE_FILL_AREA(#19887);
#19887 = FILL_AREA_STYLE('',(#19888));
#19888 = FILL_AREA_STYLE_COLOUR('',#19412);
#19889 = STYLED_ITEM('color',(#19890),#4283);
#19890 = PRESENTATION_STYLE_ASSIGNMENT((#19891));
#19891 = SURFACE_STYLE_USAGE(.BOTH.,#19892);
#19892 = SURFACE_SIDE_STYLE('',(#19893));
#19893 = SURFACE_STYLE_FILL_AREA(#19894);
#19894 = FILL_AREA_STYLE('',(#19895));
#19895 = FILL_AREA_STYLE_COLOUR('',#19412);
#19896 = STYLED_ITEM('color',(#19897),#4307);
#19897 = PRESENTATION_STYLE_ASSIGNMENT((#19898));
#19898 = SURFACE_STYLE_USAGE(.BOTH.,#19899);
#19899 = SURFACE_SIDE_STYLE('',(#19900));
#19900 = SURFACE_STYLE_FILL_AREA(#19901);
#19901 = FILL_AREA_STYLE('',(#19902));
#19902 = FILL_AREA_STYLE_COLOUR('',#19412);
#19903 = STYLED_ITEM('color',(#19904),#4331);
#19904 = PRESENTATION_STYLE_ASSIGNMENT((#19905));
#19905 = SURFACE_STYLE_USAGE(.BOTH.,#19906);
#19906 = SURFACE_SIDE_STYLE('',(#19907));
#19907 = SURFACE_STYLE_FILL_AREA(#19908);
#19908 = FILL_AREA_STYLE('',(#19909));
#19909 = FILL_AREA_STYLE_COLOUR('',#19412);
#19910 = STYLED_ITEM('color',(#19911),#4348);
#19911 = PRESENTATION_STYLE_ASSIGNMENT((#19912));
#19912 = SURFACE_STYLE_USAGE(.BOTH.,#19913);
#19913 = SURFACE_SIDE_STYLE('',(#19914));
#19914 = SURFACE_STYLE_FILL_AREA(#19915);
#19915 = FILL_AREA_STYLE('',(#19916));
#19916 = FILL_AREA_STYLE_COLOUR('',#19412);
#19917 = STYLED_ITEM('color',(#19918),#4379);
#19918 = PRESENTATION_STYLE_ASSIGNMENT((#19919));
#19919 = SURFACE_STYLE_USAGE(.BOTH.,#19920);
#19920 = SURFACE_SIDE_STYLE('',(#19921));
#19921 = SURFACE_STYLE_FILL_AREA(#19922);
#19922 = FILL_AREA_STYLE('',(#19923));
#19923 = FILL_AREA_STYLE_COLOUR('',#19412);
#19924 = STYLED_ITEM('color',(#19925),#4403);
#19925 = PRESENTATION_STYLE_ASSIGNMENT((#19926));
#19926 = SURFACE_STYLE_USAGE(.BOTH.,#19927);
#19927 = SURFACE_SIDE_STYLE('',(#19928));
#19928 = SURFACE_STYLE_FILL_AREA(#19929);
#19929 = FILL_AREA_STYLE('',(#19930));
#19930 = FILL_AREA_STYLE_COLOUR('',#19412);
#19931 = STYLED_ITEM('color',(#19932),#4427);
#19932 = PRESENTATION_STYLE_ASSIGNMENT((#19933));
#19933 = SURFACE_STYLE_USAGE(.BOTH.,#19934);
#19934 = SURFACE_SIDE_STYLE('',(#19935));
#19935 = SURFACE_STYLE_FILL_AREA(#19936);
#19936 = FILL_AREA_STYLE('',(#19937));
#19937 = FILL_AREA_STYLE_COLOUR('',#19412);
#19938 = STYLED_ITEM('color',(#19939),#4444);
#19939 = PRESENTATION_STYLE_ASSIGNMENT((#19940));
#19940 = SURFACE_STYLE_USAGE(.BOTH.,#19941);
#19941 = SURFACE_SIDE_STYLE('',(#19942));
#19942 = SURFACE_STYLE_FILL_AREA(#19943);
#19943 = FILL_AREA_STYLE('',(#19944));
#19944 = FILL_AREA_STYLE_COLOUR('',#19412);
#19945 = STYLED_ITEM('color',(#19946),#4475);
#19946 = PRESENTATION_STYLE_ASSIGNMENT((#19947));
#19947 = SURFACE_STYLE_USAGE(.BOTH.,#19948);
#19948 = SURFACE_SIDE_STYLE('',(#19949));
#19949 = SURFACE_STYLE_FILL_AREA(#19950);
#19950 = FILL_AREA_STYLE('',(#19951));
#19951 = FILL_AREA_STYLE_COLOUR('',#19412);
#19952 = STYLED_ITEM('color',(#19953),#4499);
#19953 = PRESENTATION_STYLE_ASSIGNMENT((#19954));
#19954 = SURFACE_STYLE_USAGE(.BOTH.,#19955);
#19955 = SURFACE_SIDE_STYLE('',(#19956));
#19956 = SURFACE_STYLE_FILL_AREA(#19957);
#19957 = FILL_AREA_STYLE('',(#19958));
#19958 = FILL_AREA_STYLE_COLOUR('',#19412);
#19959 = STYLED_ITEM('color',(#19960),#4523);
#19960 = PRESENTATION_STYLE_ASSIGNMENT((#19961));
#19961 = SURFACE_STYLE_USAGE(.BOTH.,#19962);
#19962 = SURFACE_SIDE_STYLE('',(#19963));
#19963 = SURFACE_STYLE_FILL_AREA(#19964);
#19964 = FILL_AREA_STYLE('',(#19965));
#19965 = FILL_AREA_STYLE_COLOUR('',#19412);
#19966 = STYLED_ITEM('color',(#19967),#4540);
#19967 = PRESENTATION_STYLE_ASSIGNMENT((#19968));
#19968 = SURFACE_STYLE_USAGE(.BOTH.,#19969);
#19969 = SURFACE_SIDE_STYLE('',(#19970));
#19970 = SURFACE_STYLE_FILL_AREA(#19971);
#19971 = FILL_AREA_STYLE('',(#19972));
#19972 = FILL_AREA_STYLE_COLOUR('',#19412);
#19973 = STYLED_ITEM('color',(#19974),#4571);
#19974 = PRESENTATION_STYLE_ASSIGNMENT((#19975));
#19975 = SURFACE_STYLE_USAGE(.BOTH.,#19976);
#19976 = SURFACE_SIDE_STYLE('',(#19977));
#19977 = SURFACE_STYLE_FILL_AREA(#19978);
#19978 = FILL_AREA_STYLE('',(#19979));
#19979 = FILL_AREA_STYLE_COLOUR('',#19412);
#19980 = STYLED_ITEM('color',(#19981),#4595);
#19981 = PRESENTATION_STYLE_ASSIGNMENT((#19982));
#19982 = SURFACE_STYLE_USAGE(.BOTH.,#19983);
#19983 = SURFACE_SIDE_STYLE('',(#19984));
#19984 = SURFACE_STYLE_FILL_AREA(#19985);
#19985 = FILL_AREA_STYLE('',(#19986));
#19986 = FILL_AREA_STYLE_COLOUR('',#19412);
#19987 = STYLED_ITEM('color',(#19988),#4619);
#19988 = PRESENTATION_STYLE_ASSIGNMENT((#19989));
#19989 = SURFACE_STYLE_USAGE(.BOTH.,#19990);
#19990 = SURFACE_SIDE_STYLE('',(#19991));
#19991 = SURFACE_STYLE_FILL_AREA(#19992);
#19992 = FILL_AREA_STYLE('',(#19993));
#19993 = FILL_AREA_STYLE_COLOUR('',#19412);
#19994 = STYLED_ITEM('color',(#19995),#4636);
#19995 = PRESENTATION_STYLE_ASSIGNMENT((#19996));
#19996 = SURFACE_STYLE_USAGE(.BOTH.,#19997);
#19997 = SURFACE_SIDE_STYLE('',(#19998));
#19998 = SURFACE_STYLE_FILL_AREA(#19999);
#19999 = FILL_AREA_STYLE('',(#20000));
#20000 = FILL_AREA_STYLE_COLOUR('',#19412);
#20001 = STYLED_ITEM('color',(#20002),#4667);
#20002 = PRESENTATION_STYLE_ASSIGNMENT((#20003));
#20003 = SURFACE_STYLE_USAGE(.BOTH.,#20004);
#20004 = SURFACE_SIDE_STYLE('',(#20005));
#20005 = SURFACE_STYLE_FILL_AREA(#20006);
#20006 = FILL_AREA_STYLE('',(#20007));
#20007 = FILL_AREA_STYLE_COLOUR('',#19412);
#20008 = STYLED_ITEM('color',(#20009),#4691);
#20009 = PRESENTATION_STYLE_ASSIGNMENT((#20010));
#20010 = SURFACE_STYLE_USAGE(.BOTH.,#20011);
#20011 = SURFACE_SIDE_STYLE('',(#20012));
#20012 = SURFACE_STYLE_FILL_AREA(#20013);
#20013 = FILL_AREA_STYLE('',(#20014));
#20014 = FILL_AREA_STYLE_COLOUR('',#19412);
#20015 = STYLED_ITEM('color',(#20016),#4715);
#20016 = PRESENTATION_STYLE_ASSIGNMENT((#20017));
#20017 = SURFACE_STYLE_USAGE(.BOTH.,#20018);
#20018 = SURFACE_SIDE_STYLE('',(#20019));
#20019 = SURFACE_STYLE_FILL_AREA(#20020);
#20020 = FILL_AREA_STYLE('',(#20021));
#20021 = FILL_AREA_STYLE_COLOUR('',#19412);
#20022 = STYLED_ITEM('color',(#20023),#4732);
#20023 = PRESENTATION_STYLE_ASSIGNMENT((#20024));
#20024 = SURFACE_STYLE_USAGE(.BOTH.,#20025);
#20025 = SURFACE_SIDE_STYLE('',(#20026));
#20026 = SURFACE_STYLE_FILL_AREA(#20027);
#20027 = FILL_AREA_STYLE('',(#20028));
#20028 = FILL_AREA_STYLE_COLOUR('',#19412);
#20029 = STYLED_ITEM('color',(#20030),#4763);
#20030 = PRESENTATION_STYLE_ASSIGNMENT((#20031));
#20031 = SURFACE_STYLE_USAGE(.BOTH.,#20032);
#20032 = SURFACE_SIDE_STYLE('',(#20033));
#20033 = SURFACE_STYLE_FILL_AREA(#20034);
#20034 = FILL_AREA_STYLE('',(#20035));
#20035 = FILL_AREA_STYLE_COLOUR('',#19412);
#20036 = STYLED_ITEM('color',(#20037),#4787);
#20037 = PRESENTATION_STYLE_ASSIGNMENT((#20038));
#20038 = SURFACE_STYLE_USAGE(.BOTH.,#20039);
#20039 = SURFACE_SIDE_STYLE('',(#20040));
#20040 = SURFACE_STYLE_FILL_AREA(#20041);
#20041 = FILL_AREA_STYLE('',(#20042));
#20042 = FILL_AREA_STYLE_COLOUR('',#19412);
#20043 = STYLED_ITEM('color',(#20044),#4811);
#20044 = PRESENTATION_STYLE_ASSIGNMENT((#20045));
#20045 = SURFACE_STYLE_USAGE(.BOTH.,#20046);
#20046 = SURFACE_SIDE_STYLE('',(#20047));
#20047 = SURFACE_STYLE_FILL_AREA(#20048);
#20048 = FILL_AREA_STYLE('',(#20049));
#20049 = FILL_AREA_STYLE_COLOUR('',#19412);
#20050 = STYLED_ITEM('color',(#20051),#4828);
#20051 = PRESENTATION_STYLE_ASSIGNMENT((#20052));
#20052 = SURFACE_STYLE_USAGE(.BOTH.,#20053);
#20053 = SURFACE_SIDE_STYLE('',(#20054));
#20054 = SURFACE_STYLE_FILL_AREA(#20055);
#20055 = FILL_AREA_STYLE('',(#20056));
#20056 = FILL_AREA_STYLE_COLOUR('',#19412);
#20057 = STYLED_ITEM('color',(#20058),#4859);
#20058 = PRESENTATION_STYLE_ASSIGNMENT((#20059));
#20059 = SURFACE_STYLE_USAGE(.BOTH.,#20060);
#20060 = SURFACE_SIDE_STYLE('',(#20061));
#20061 = SURFACE_STYLE_FILL_AREA(#20062);
#20062 = FILL_AREA_STYLE('',(#20063));
#20063 = FILL_AREA_STYLE_COLOUR('',#19412);
#20064 = STYLED_ITEM('color',(#20065),#4883);
#20065 = PRESENTATION_STYLE_ASSIGNMENT((#20066));
#20066 = SURFACE_STYLE_USAGE(.BOTH.,#20067);
#20067 = SURFACE_SIDE_STYLE('',(#20068));
#20068 = SURFACE_STYLE_FILL_AREA(#20069);
#20069 = FILL_AREA_STYLE('',(#20070));
#20070 = FILL_AREA_STYLE_COLOUR('',#19412);
#20071 = STYLED_ITEM('color',(#20072),#4907);
#20072 = PRESENTATION_STYLE_ASSIGNMENT((#20073));
#20073 = SURFACE_STYLE_USAGE(.BOTH.,#20074);
#20074 = SURFACE_SIDE_STYLE('',(#20075));
#20075 = SURFACE_STYLE_FILL_AREA(#20076);
#20076 = FILL_AREA_STYLE('',(#20077));
#20077 = FILL_AREA_STYLE_COLOUR('',#19412);
#20078 = STYLED_ITEM('color',(#20079),#4924);
#20079 = PRESENTATION_STYLE_ASSIGNMENT((#20080));
#20080 = SURFACE_STYLE_USAGE(.BOTH.,#20081);
#20081 = SURFACE_SIDE_STYLE('',(#20082));
#20082 = SURFACE_STYLE_FILL_AREA(#20083);
#20083 = FILL_AREA_STYLE('',(#20084));
#20084 = FILL_AREA_STYLE_COLOUR('',#19412);
#20085 = STYLED_ITEM('color',(#20086),#4936);
#20086 = PRESENTATION_STYLE_ASSIGNMENT((#20087));
#20087 = SURFACE_STYLE_USAGE(.BOTH.,#20088);
#20088 = SURFACE_SIDE_STYLE('',(#20089));
#20089 = SURFACE_STYLE_FILL_AREA(#20090);
#20090 = FILL_AREA_STYLE('',(#20091));
#20091 = FILL_AREA_STYLE_COLOUR('',#19412);
#20092 = STYLED_ITEM('color',(#20093),#4948);
#20093 = PRESENTATION_STYLE_ASSIGNMENT((#20094));
#20094 = SURFACE_STYLE_USAGE(.BOTH.,#20095);
#20095 = SURFACE_SIDE_STYLE('',(#20096));
#20096 = SURFACE_STYLE_FILL_AREA(#20097);
#20097 = FILL_AREA_STYLE('',(#20098));
#20098 = FILL_AREA_STYLE_COLOUR('',#19412);
#20099 = STYLED_ITEM('color',(#20100),#4960);
#20100 = PRESENTATION_STYLE_ASSIGNMENT((#20101));
#20101 = SURFACE_STYLE_USAGE(.BOTH.,#20102);
#20102 = SURFACE_SIDE_STYLE('',(#20103));
#20103 = SURFACE_STYLE_FILL_AREA(#20104);
#20104 = FILL_AREA_STYLE('',(#20105));
#20105 = FILL_AREA_STYLE_COLOUR('',#19412);
#20106 = STYLED_ITEM('color',(#20107),#4972);
#20107 = PRESENTATION_STYLE_ASSIGNMENT((#20108));
#20108 = SURFACE_STYLE_USAGE(.BOTH.,#20109);
#20109 = SURFACE_SIDE_STYLE('',(#20110));
#20110 = SURFACE_STYLE_FILL_AREA(#20111);
#20111 = FILL_AREA_STYLE('',(#20112));
#20112 = FILL_AREA_STYLE_COLOUR('',#19412);
#20113 = STYLED_ITEM('color',(#20114),#4984);
#20114 = PRESENTATION_STYLE_ASSIGNMENT((#20115));
#20115 = SURFACE_STYLE_USAGE(.BOTH.,#20116);
#20116 = SURFACE_SIDE_STYLE('',(#20117));
#20117 = SURFACE_STYLE_FILL_AREA(#20118);
#20118 = FILL_AREA_STYLE('',(#20119));
#20119 = FILL_AREA_STYLE_COLOUR('',#19412);
#20120 = STYLED_ITEM('color',(#20121),#4996);
#20121 = PRESENTATION_STYLE_ASSIGNMENT((#20122));
#20122 = SURFACE_STYLE_USAGE(.BOTH.,#20123);
#20123 = SURFACE_SIDE_STYLE('',(#20124));
#20124 = SURFACE_STYLE_FILL_AREA(#20125);
#20125 = FILL_AREA_STYLE('',(#20126));
#20126 = FILL_AREA_STYLE_COLOUR('',#19412);
#20127 = STYLED_ITEM('color',(#20128),#5008);
#20128 = PRESENTATION_STYLE_ASSIGNMENT((#20129));
#20129 = SURFACE_STYLE_USAGE(.BOTH.,#20130);
#20130 = SURFACE_SIDE_STYLE('',(#20131));
#20131 = SURFACE_STYLE_FILL_AREA(#20132);
#20132 = FILL_AREA_STYLE('',(#20133));
#20133 = FILL_AREA_STYLE_COLOUR('',#19412);
#20134 = STYLED_ITEM('color',(#20135),#5020);
#20135 = PRESENTATION_STYLE_ASSIGNMENT((#20136));
#20136 = SURFACE_STYLE_USAGE(.BOTH.,#20137);
#20137 = SURFACE_SIDE_STYLE('',(#20138));
#20138 = SURFACE_STYLE_FILL_AREA(#20139);
#20139 = FILL_AREA_STYLE('',(#20140));
#20140 = FILL_AREA_STYLE_COLOUR('',#19412);
#20141 = STYLED_ITEM('color',(#20142),#5032);
#20142 = PRESENTATION_STYLE_ASSIGNMENT((#20143));
#20143 = SURFACE_STYLE_USAGE(.BOTH.,#20144);
#20144 = SURFACE_SIDE_STYLE('',(#20145));
#20145 = SURFACE_STYLE_FILL_AREA(#20146);
#20146 = FILL_AREA_STYLE('',(#20147));
#20147 = FILL_AREA_STYLE_COLOUR('',#19412);
#20148 = STYLED_ITEM('color',(#20149),#5044);
#20149 = PRESENTATION_STYLE_ASSIGNMENT((#20150));
#20150 = SURFACE_STYLE_USAGE(.BOTH.,#20151);
#20151 = SURFACE_SIDE_STYLE('',(#20152));
#20152 = SURFACE_STYLE_FILL_AREA(#20153);
#20153 = FILL_AREA_STYLE('',(#20154));
#20154 = FILL_AREA_STYLE_COLOUR('',#19412);
#20155 = STYLED_ITEM('color',(#20156),#5056);
#20156 = PRESENTATION_STYLE_ASSIGNMENT((#20157));
#20157 = SURFACE_STYLE_USAGE(.BOTH.,#20158);
#20158 = SURFACE_SIDE_STYLE('',(#20159));
#20159 = SURFACE_STYLE_FILL_AREA(#20160);
#20160 = FILL_AREA_STYLE('',(#20161));
#20161 = FILL_AREA_STYLE_COLOUR('',#19412);
#20162 = MECHANICAL_DESIGN_GEOMETRIC_PRESENTATION_REPRESENTATION('',(
    #20163),#19112);
#20163 = STYLED_ITEM('color',(#20164),#11321);
#20164 = PRESENTATION_STYLE_ASSIGNMENT((#20165));
#20165 = SURFACE_STYLE_USAGE(.BOTH.,#20166);
#20166 = SURFACE_SIDE_STYLE('',(#20167));
#20167 = SURFACE_STYLE_FILL_AREA(#20168);
#20168 = FILL_AREA_STYLE('',(#20169));
#20169 = FILL_AREA_STYLE_COLOUR('',#20170);
#20170 = COLOUR_RGB('',0.313304153717,0.484529207832,0.410020903123);
#20171 = MECHANICAL_DESIGN_GEOMETRIC_PRESENTATION_REPRESENTATION('',(
    #20172,#20180,#20187,#20194,#20201,#20208,#20215,#20222,#20229,
    #20236,#20243,#20250,#20257,#20264,#20271,#20278,#20285,#20292,
    #20299,#20306,#20313,#20320,#20327,#20334,#20341,#20348,#20355,
    #20362,#20369,#20376,#20383,#20390,#20397,#20404,#20411,#20418,
    #20425,#20432,#20439,#20446,#20453,#20460,#20467,#20475,#20482,
    #20489,#20496,#20503,#20510,#20517,#20524,#20531,#20538,#20545,
    #20552,#20559,#20566,#20573,#20580,#20587,#20594,#20601,#20608,
    #20615,#20622,#20629,#20636,#20643,#20650,#20657,#20664,#20671,
    #20678,#20685,#20692,#20699,#20706,#20713,#20720,#20727,#20734,
    #20741,#20748,#20755,#20762,#20769,#20776,#20783,#20790,#20797,
    #20804,#20811,#20818,#20825,#20832,#20839,#20846,#20853,#20860,
    #20867,#20874,#20881,#20888,#20895,#20902,#20909,#20916,#20923,
    #20930,#20937,#20944,#20951,#20958,#20965,#20972,#20979,#20986,
    #20993,#21000,#21007,#21014,#21021,#21028,#21035,#21042,#21049,
    #21056,#21063,#21070,#21077,#21084,#21091,#21098,#21105,#21112,
    #21119,#21126,#21133,#21140,#21147,#21154,#21161,#21168,#21175,
    #21182,#21189,#21196,#21203,#21210,#21217,#21224,#21231,#21238,
    #21245,#21252,#21259,#21266,#21273,#21280,#21287,#21294,#21301,
    #21308,#21315,#21322,#21329,#21336,#21343,#21350,#21357,#21364,
    #21371,#21378,#21385,#21392,#21399,#21406,#21413,#21420,#21427,
    #21434,#21441,#21448,#21455,#21462,#21469,#21476,#21483,#21490,
    #21497,#21504,#21511,#21518,#21525,#21532,#21539,#21546,#21553,
    #21560,#21567,#21574,#21581,#21588,#21595,#21602,#21609,#21616,
    #21623,#21630,#21637,#21644,#21651,#21658,#21665),#11267);
#20172 = STYLED_ITEM('color',(#20173),#5127);
#20173 = PRESENTATION_STYLE_ASSIGNMENT((#20174));
#20174 = SURFACE_STYLE_USAGE(.BOTH.,#20175);
#20175 = SURFACE_SIDE_STYLE('',(#20176));
#20176 = SURFACE_STYLE_FILL_AREA(#20177);
#20177 = FILL_AREA_STYLE('',(#20178));
#20178 = FILL_AREA_STYLE_COLOUR('',#20179);
#20179 = COLOUR_RGB('',0.894117649055,0.890196087049,0.811764731185);
#20180 = STYLED_ITEM('color',(#20181),#5455);
#20181 = PRESENTATION_STYLE_ASSIGNMENT((#20182));
#20182 = SURFACE_STYLE_USAGE(.BOTH.,#20183);
#20183 = SURFACE_SIDE_STYLE('',(#20184));
#20184 = SURFACE_STYLE_FILL_AREA(#20185);
#20185 = FILL_AREA_STYLE('',(#20186));
#20186 = FILL_AREA_STYLE_COLOUR('',#20179);
#20187 = STYLED_ITEM('color',(#20188),#5486);
#20188 = PRESENTATION_STYLE_ASSIGNMENT((#20189));
#20189 = SURFACE_STYLE_USAGE(.BOTH.,#20190);
#20190 = SURFACE_SIDE_STYLE('',(#20191));
#20191 = SURFACE_STYLE_FILL_AREA(#20192);
#20192 = FILL_AREA_STYLE('',(#20193));
#20193 = FILL_AREA_STYLE_COLOUR('',#20179);
#20194 = STYLED_ITEM('color',(#20195),#5510);
#20195 = PRESENTATION_STYLE_ASSIGNMENT((#20196));
#20196 = SURFACE_STYLE_USAGE(.BOTH.,#20197);
#20197 = SURFACE_SIDE_STYLE('',(#20198));
#20198 = SURFACE_STYLE_FILL_AREA(#20199);
#20199 = FILL_AREA_STYLE('',(#20200));
#20200 = FILL_AREA_STYLE_COLOUR('',#20179);
#20201 = STYLED_ITEM('color',(#20202),#5568);
#20202 = PRESENTATION_STYLE_ASSIGNMENT((#20203));
#20203 = SURFACE_STYLE_USAGE(.BOTH.,#20204);
#20204 = SURFACE_SIDE_STYLE('',(#20205));
#20205 = SURFACE_STYLE_FILL_AREA(#20206);
#20206 = FILL_AREA_STYLE('',(#20207));
#20207 = FILL_AREA_STYLE_COLOUR('',#20179);
#20208 = STYLED_ITEM('color',(#20209),#5592);
#20209 = PRESENTATION_STYLE_ASSIGNMENT((#20210));
#20210 = SURFACE_STYLE_USAGE(.BOTH.,#20211);
#20211 = SURFACE_SIDE_STYLE('',(#20212));
#20212 = SURFACE_STYLE_FILL_AREA(#20213);
#20213 = FILL_AREA_STYLE('',(#20214));
#20214 = FILL_AREA_STYLE_COLOUR('',#20179);
#20215 = STYLED_ITEM('color',(#20216),#5616);
#20216 = PRESENTATION_STYLE_ASSIGNMENT((#20217));
#20217 = SURFACE_STYLE_USAGE(.BOTH.,#20218);
#20218 = SURFACE_SIDE_STYLE('',(#20219));
#20219 = SURFACE_STYLE_FILL_AREA(#20220);
#20220 = FILL_AREA_STYLE('',(#20221));
#20221 = FILL_AREA_STYLE_COLOUR('',#20179);
#20222 = STYLED_ITEM('color',(#20223),#5640);
#20223 = PRESENTATION_STYLE_ASSIGNMENT((#20224));
#20224 = SURFACE_STYLE_USAGE(.BOTH.,#20225);
#20225 = SURFACE_SIDE_STYLE('',(#20226));
#20226 = SURFACE_STYLE_FILL_AREA(#20227);
#20227 = FILL_AREA_STYLE('',(#20228));
#20228 = FILL_AREA_STYLE_COLOUR('',#20179);
#20229 = STYLED_ITEM('color',(#20230),#5698);
#20230 = PRESENTATION_STYLE_ASSIGNMENT((#20231));
#20231 = SURFACE_STYLE_USAGE(.BOTH.,#20232);
#20232 = SURFACE_SIDE_STYLE('',(#20233));
#20233 = SURFACE_STYLE_FILL_AREA(#20234);
#20234 = FILL_AREA_STYLE('',(#20235));
#20235 = FILL_AREA_STYLE_COLOUR('',#20179);
#20236 = STYLED_ITEM('color',(#20237),#5722);
#20237 = PRESENTATION_STYLE_ASSIGNMENT((#20238));
#20238 = SURFACE_STYLE_USAGE(.BOTH.,#20239);
#20239 = SURFACE_SIDE_STYLE('',(#20240));
#20240 = SURFACE_STYLE_FILL_AREA(#20241);
#20241 = FILL_AREA_STYLE('',(#20242));
#20242 = FILL_AREA_STYLE_COLOUR('',#20179);
#20243 = STYLED_ITEM('color',(#20244),#5746);
#20244 = PRESENTATION_STYLE_ASSIGNMENT((#20245));
#20245 = SURFACE_STYLE_USAGE(.BOTH.,#20246);
#20246 = SURFACE_SIDE_STYLE('',(#20247));
#20247 = SURFACE_STYLE_FILL_AREA(#20248);
#20248 = FILL_AREA_STYLE('',(#20249));
#20249 = FILL_AREA_STYLE_COLOUR('',#20179);
#20250 = STYLED_ITEM('color',(#20251),#5770);
#20251 = PRESENTATION_STYLE_ASSIGNMENT((#20252));
#20252 = SURFACE_STYLE_USAGE(.BOTH.,#20253);
#20253 = SURFACE_SIDE_STYLE('',(#20254));
#20254 = SURFACE_STYLE_FILL_AREA(#20255);
#20255 = FILL_AREA_STYLE('',(#20256));
#20256 = FILL_AREA_STYLE_COLOUR('',#20179);
#20257 = STYLED_ITEM('color',(#20258),#5828);
#20258 = PRESENTATION_STYLE_ASSIGNMENT((#20259));
#20259 = SURFACE_STYLE_USAGE(.BOTH.,#20260);
#20260 = SURFACE_SIDE_STYLE('',(#20261));
#20261 = SURFACE_STYLE_FILL_AREA(#20262);
#20262 = FILL_AREA_STYLE('',(#20263));
#20263 = FILL_AREA_STYLE_COLOUR('',#20179);
#20264 = STYLED_ITEM('color',(#20265),#5852);
#20265 = PRESENTATION_STYLE_ASSIGNMENT((#20266));
#20266 = SURFACE_STYLE_USAGE(.BOTH.,#20267);
#20267 = SURFACE_SIDE_STYLE('',(#20268));
#20268 = SURFACE_STYLE_FILL_AREA(#20269);
#20269 = FILL_AREA_STYLE('',(#20270));
#20270 = FILL_AREA_STYLE_COLOUR('',#20179);
#20271 = STYLED_ITEM('color',(#20272),#5876);
#20272 = PRESENTATION_STYLE_ASSIGNMENT((#20273));
#20273 = SURFACE_STYLE_USAGE(.BOTH.,#20274);
#20274 = SURFACE_SIDE_STYLE('',(#20275));
#20275 = SURFACE_STYLE_FILL_AREA(#20276);
#20276 = FILL_AREA_STYLE('',(#20277));
#20277 = FILL_AREA_STYLE_COLOUR('',#20179);
#20278 = STYLED_ITEM('color',(#20279),#5900);
#20279 = PRESENTATION_STYLE_ASSIGNMENT((#20280));
#20280 = SURFACE_STYLE_USAGE(.BOTH.,#20281);
#20281 = SURFACE_SIDE_STYLE('',(#20282));
#20282 = SURFACE_STYLE_FILL_AREA(#20283);
#20283 = FILL_AREA_STYLE('',(#20284));
#20284 = FILL_AREA_STYLE_COLOUR('',#20179);
#20285 = STYLED_ITEM('color',(#20286),#5958);
#20286 = PRESENTATION_STYLE_ASSIGNMENT((#20287));
#20287 = SURFACE_STYLE_USAGE(.BOTH.,#20288);
#20288 = SURFACE_SIDE_STYLE('',(#20289));
#20289 = SURFACE_STYLE_FILL_AREA(#20290);
#20290 = FILL_AREA_STYLE('',(#20291));
#20291 = FILL_AREA_STYLE_COLOUR('',#20179);
#20292 = STYLED_ITEM('color',(#20293),#5982);
#20293 = PRESENTATION_STYLE_ASSIGNMENT((#20294));
#20294 = SURFACE_STYLE_USAGE(.BOTH.,#20295);
#20295 = SURFACE_SIDE_STYLE('',(#20296));
#20296 = SURFACE_STYLE_FILL_AREA(#20297);
#20297 = FILL_AREA_STYLE('',(#20298));
#20298 = FILL_AREA_STYLE_COLOUR('',#20179);
#20299 = STYLED_ITEM('color',(#20300),#6006);
#20300 = PRESENTATION_STYLE_ASSIGNMENT((#20301));
#20301 = SURFACE_STYLE_USAGE(.BOTH.,#20302);
#20302 = SURFACE_SIDE_STYLE('',(#20303));
#20303 = SURFACE_STYLE_FILL_AREA(#20304);
#20304 = FILL_AREA_STYLE('',(#20305));
#20305 = FILL_AREA_STYLE_COLOUR('',#20179);
#20306 = STYLED_ITEM('color',(#20307),#6030);
#20307 = PRESENTATION_STYLE_ASSIGNMENT((#20308));
#20308 = SURFACE_STYLE_USAGE(.BOTH.,#20309);
#20309 = SURFACE_SIDE_STYLE('',(#20310));
#20310 = SURFACE_STYLE_FILL_AREA(#20311);
#20311 = FILL_AREA_STYLE('',(#20312));
#20312 = FILL_AREA_STYLE_COLOUR('',#20179);
#20313 = STYLED_ITEM('color',(#20314),#6088);
#20314 = PRESENTATION_STYLE_ASSIGNMENT((#20315));
#20315 = SURFACE_STYLE_USAGE(.BOTH.,#20316);
#20316 = SURFACE_SIDE_STYLE('',(#20317));
#20317 = SURFACE_STYLE_FILL_AREA(#20318);
#20318 = FILL_AREA_STYLE('',(#20319));
#20319 = FILL_AREA_STYLE_COLOUR('',#20179);
#20320 = STYLED_ITEM('color',(#20321),#6112);
#20321 = PRESENTATION_STYLE_ASSIGNMENT((#20322));
#20322 = SURFACE_STYLE_USAGE(.BOTH.,#20323);
#20323 = SURFACE_SIDE_STYLE('',(#20324));
#20324 = SURFACE_STYLE_FILL_AREA(#20325);
#20325 = FILL_AREA_STYLE('',(#20326));
#20326 = FILL_AREA_STYLE_COLOUR('',#20179);
#20327 = STYLED_ITEM('color',(#20328),#6136);
#20328 = PRESENTATION_STYLE_ASSIGNMENT((#20329));
#20329 = SURFACE_STYLE_USAGE(.BOTH.,#20330);
#20330 = SURFACE_SIDE_STYLE('',(#20331));
#20331 = SURFACE_STYLE_FILL_AREA(#20332);
#20332 = FILL_AREA_STYLE('',(#20333));
#20333 = FILL_AREA_STYLE_COLOUR('',#20179);
#20334 = STYLED_ITEM('color',(#20335),#6160);
#20335 = PRESENTATION_STYLE_ASSIGNMENT((#20336));
#20336 = SURFACE_STYLE_USAGE(.BOTH.,#20337);
#20337 = SURFACE_SIDE_STYLE('',(#20338));
#20338 = SURFACE_STYLE_FILL_AREA(#20339);
#20339 = FILL_AREA_STYLE('',(#20340));
#20340 = FILL_AREA_STYLE_COLOUR('',#20179);
#20341 = STYLED_ITEM('color',(#20342),#6218);
#20342 = PRESENTATION_STYLE_ASSIGNMENT((#20343));
#20343 = SURFACE_STYLE_USAGE(.BOTH.,#20344);
#20344 = SURFACE_SIDE_STYLE('',(#20345));
#20345 = SURFACE_STYLE_FILL_AREA(#20346);
#20346 = FILL_AREA_STYLE('',(#20347));
#20347 = FILL_AREA_STYLE_COLOUR('',#20179);
#20348 = STYLED_ITEM('color',(#20349),#6242);
#20349 = PRESENTATION_STYLE_ASSIGNMENT((#20350));
#20350 = SURFACE_STYLE_USAGE(.BOTH.,#20351);
#20351 = SURFACE_SIDE_STYLE('',(#20352));
#20352 = SURFACE_STYLE_FILL_AREA(#20353);
#20353 = FILL_AREA_STYLE('',(#20354));
#20354 = FILL_AREA_STYLE_COLOUR('',#20179);
#20355 = STYLED_ITEM('color',(#20356),#6266);
#20356 = PRESENTATION_STYLE_ASSIGNMENT((#20357));
#20357 = SURFACE_STYLE_USAGE(.BOTH.,#20358);
#20358 = SURFACE_SIDE_STYLE('',(#20359));
#20359 = SURFACE_STYLE_FILL_AREA(#20360);
#20360 = FILL_AREA_STYLE('',(#20361));
#20361 = FILL_AREA_STYLE_COLOUR('',#20179);
#20362 = STYLED_ITEM('color',(#20363),#6290);
#20363 = PRESENTATION_STYLE_ASSIGNMENT((#20364));
#20364 = SURFACE_STYLE_USAGE(.BOTH.,#20365);
#20365 = SURFACE_SIDE_STYLE('',(#20366));
#20366 = SURFACE_STYLE_FILL_AREA(#20367);
#20367 = FILL_AREA_STYLE('',(#20368));
#20368 = FILL_AREA_STYLE_COLOUR('',#20179);
#20369 = STYLED_ITEM('color',(#20370),#6348);
#20370 = PRESENTATION_STYLE_ASSIGNMENT((#20371));
#20371 = SURFACE_STYLE_USAGE(.BOTH.,#20372);
#20372 = SURFACE_SIDE_STYLE('',(#20373));
#20373 = SURFACE_STYLE_FILL_AREA(#20374);
#20374 = FILL_AREA_STYLE('',(#20375));
#20375 = FILL_AREA_STYLE_COLOUR('',#20179);
#20376 = STYLED_ITEM('color',(#20377),#6372);
#20377 = PRESENTATION_STYLE_ASSIGNMENT((#20378));
#20378 = SURFACE_STYLE_USAGE(.BOTH.,#20379);
#20379 = SURFACE_SIDE_STYLE('',(#20380));
#20380 = SURFACE_STYLE_FILL_AREA(#20381);
#20381 = FILL_AREA_STYLE('',(#20382));
#20382 = FILL_AREA_STYLE_COLOUR('',#20179);
#20383 = STYLED_ITEM('color',(#20384),#6396);
#20384 = PRESENTATION_STYLE_ASSIGNMENT((#20385));
#20385 = SURFACE_STYLE_USAGE(.BOTH.,#20386);
#20386 = SURFACE_SIDE_STYLE('',(#20387));
#20387 = SURFACE_STYLE_FILL_AREA(#20388);
#20388 = FILL_AREA_STYLE('',(#20389));
#20389 = FILL_AREA_STYLE_COLOUR('',#20179);
#20390 = STYLED_ITEM('color',(#20391),#6420);
#20391 = PRESENTATION_STYLE_ASSIGNMENT((#20392));
#20392 = SURFACE_STYLE_USAGE(.BOTH.,#20393);
#20393 = SURFACE_SIDE_STYLE('',(#20394));
#20394 = SURFACE_STYLE_FILL_AREA(#20395);
#20395 = FILL_AREA_STYLE('',(#20396));
#20396 = FILL_AREA_STYLE_COLOUR('',#20179);
#20397 = STYLED_ITEM('color',(#20398),#6478);
#20398 = PRESENTATION_STYLE_ASSIGNMENT((#20399));
#20399 = SURFACE_STYLE_USAGE(.BOTH.,#20400);
#20400 = SURFACE_SIDE_STYLE('',(#20401));
#20401 = SURFACE_STYLE_FILL_AREA(#20402);
#20402 = FILL_AREA_STYLE('',(#20403));
#20403 = FILL_AREA_STYLE_COLOUR('',#20179);
#20404 = STYLED_ITEM('color',(#20405),#6502);
#20405 = PRESENTATION_STYLE_ASSIGNMENT((#20406));
#20406 = SURFACE_STYLE_USAGE(.BOTH.,#20407);
#20407 = SURFACE_SIDE_STYLE('',(#20408));
#20408 = SURFACE_STYLE_FILL_AREA(#20409);
#20409 = FILL_AREA_STYLE('',(#20410));
#20410 = FILL_AREA_STYLE_COLOUR('',#20179);
#20411 = STYLED_ITEM('color',(#20412),#6526);
#20412 = PRESENTATION_STYLE_ASSIGNMENT((#20413));
#20413 = SURFACE_STYLE_USAGE(.BOTH.,#20414);
#20414 = SURFACE_SIDE_STYLE('',(#20415));
#20415 = SURFACE_STYLE_FILL_AREA(#20416);
#20416 = FILL_AREA_STYLE('',(#20417));
#20417 = FILL_AREA_STYLE_COLOUR('',#20179);
#20418 = STYLED_ITEM('color',(#20419),#6606);
#20419 = PRESENTATION_STYLE_ASSIGNMENT((#20420));
#20420 = SURFACE_STYLE_USAGE(.BOTH.,#20421);
#20421 = SURFACE_SIDE_STYLE('',(#20422));
#20422 = SURFACE_STYLE_FILL_AREA(#20423);
#20423 = FILL_AREA_STYLE('',(#20424));
#20424 = FILL_AREA_STYLE_COLOUR('',#20179);
#20425 = STYLED_ITEM('color',(#20426),#6630);
#20426 = PRESENTATION_STYLE_ASSIGNMENT((#20427));
#20427 = SURFACE_STYLE_USAGE(.BOTH.,#20428);
#20428 = SURFACE_SIDE_STYLE('',(#20429));
#20429 = SURFACE_STYLE_FILL_AREA(#20430);
#20430 = FILL_AREA_STYLE('',(#20431));
#20431 = FILL_AREA_STYLE_COLOUR('',#20179);
#20432 = STYLED_ITEM('color',(#20433),#6694);
#20433 = PRESENTATION_STYLE_ASSIGNMENT((#20434));
#20434 = SURFACE_STYLE_USAGE(.BOTH.,#20435);
#20435 = SURFACE_SIDE_STYLE('',(#20436));
#20436 = SURFACE_STYLE_FILL_AREA(#20437);
#20437 = FILL_AREA_STYLE('',(#20438));
#20438 = FILL_AREA_STYLE_COLOUR('',#20179);
#20439 = STYLED_ITEM('color',(#20440),#6718);
#20440 = PRESENTATION_STYLE_ASSIGNMENT((#20441));
#20441 = SURFACE_STYLE_USAGE(.BOTH.,#20442);
#20442 = SURFACE_SIDE_STYLE('',(#20443));
#20443 = SURFACE_STYLE_FILL_AREA(#20444);
#20444 = FILL_AREA_STYLE('',(#20445));
#20445 = FILL_AREA_STYLE_COLOUR('',#20179);
#20446 = STYLED_ITEM('color',(#20447),#6782);
#20447 = PRESENTATION_STYLE_ASSIGNMENT((#20448));
#20448 = SURFACE_STYLE_USAGE(.BOTH.,#20449);
#20449 = SURFACE_SIDE_STYLE('',(#20450));
#20450 = SURFACE_STYLE_FILL_AREA(#20451);
#20451 = FILL_AREA_STYLE('',(#20452));
#20452 = FILL_AREA_STYLE_COLOUR('',#20179);
#20453 = STYLED_ITEM('color',(#20454),#6806);
#20454 = PRESENTATION_STYLE_ASSIGNMENT((#20455));
#20455 = SURFACE_STYLE_USAGE(.BOTH.,#20456);
#20456 = SURFACE_SIDE_STYLE('',(#20457));
#20457 = SURFACE_STYLE_FILL_AREA(#20458);
#20458 = FILL_AREA_STYLE('',(#20459));
#20459 = FILL_AREA_STYLE_COLOUR('',#20179);
#20460 = STYLED_ITEM('color',(#20461),#6879);
#20461 = PRESENTATION_STYLE_ASSIGNMENT((#20462));
#20462 = SURFACE_STYLE_USAGE(.BOTH.,#20463);
#20463 = SURFACE_SIDE_STYLE('',(#20464));
#20464 = SURFACE_STYLE_FILL_AREA(#20465);
#20465 = FILL_AREA_STYLE('',(#20466));
#20466 = FILL_AREA_STYLE_COLOUR('',#20179);
#20467 = STYLED_ITEM('color',(#20468),#6928);
#20468 = PRESENTATION_STYLE_ASSIGNMENT((#20469));
#20469 = SURFACE_STYLE_USAGE(.BOTH.,#20470);
#20470 = SURFACE_SIDE_STYLE('',(#20471));
#20471 = SURFACE_STYLE_FILL_AREA(#20472);
#20472 = FILL_AREA_STYLE('',(#20473));
#20473 = FILL_AREA_STYLE_COLOUR('',#20474);
#20474 = COLOUR_RGB('',0.823529417451,0.819607860991,0.780392170416);
#20475 = STYLED_ITEM('color',(#20476),#6991);
#20476 = PRESENTATION_STYLE_ASSIGNMENT((#20477));
#20477 = SURFACE_STYLE_USAGE(.BOTH.,#20478);
#20478 = SURFACE_SIDE_STYLE('',(#20479));
#20479 = SURFACE_STYLE_FILL_AREA(#20480);
#20480 = FILL_AREA_STYLE('',(#20481));
#20481 = FILL_AREA_STYLE_COLOUR('',#20474);
#20482 = STYLED_ITEM('color',(#20483),#7015);
#20483 = PRESENTATION_STYLE_ASSIGNMENT((#20484));
#20484 = SURFACE_STYLE_USAGE(.BOTH.,#20485);
#20485 = SURFACE_SIDE_STYLE('',(#20486));
#20486 = SURFACE_STYLE_FILL_AREA(#20487);
#20487 = FILL_AREA_STYLE('',(#20488));
#20488 = FILL_AREA_STYLE_COLOUR('',#20474);
#20489 = STYLED_ITEM('color',(#20490),#7071);
#20490 = PRESENTATION_STYLE_ASSIGNMENT((#20491));
#20491 = SURFACE_STYLE_USAGE(.BOTH.,#20492);
#20492 = SURFACE_SIDE_STYLE('',(#20493));
#20493 = SURFACE_STYLE_FILL_AREA(#20494);
#20494 = FILL_AREA_STYLE('',(#20495));
#20495 = FILL_AREA_STYLE_COLOUR('',#20474);
#20496 = STYLED_ITEM('color',(#20497),#7088);
#20497 = PRESENTATION_STYLE_ASSIGNMENT((#20498));
#20498 = SURFACE_STYLE_USAGE(.BOTH.,#20499);
#20499 = SURFACE_SIDE_STYLE('',(#20500));
#20500 = SURFACE_STYLE_FILL_AREA(#20501);
#20501 = FILL_AREA_STYLE('',(#20502));
#20502 = FILL_AREA_STYLE_COLOUR('',#20474);
#20503 = STYLED_ITEM('color',(#20504),#7119);
#20504 = PRESENTATION_STYLE_ASSIGNMENT((#20505));
#20505 = SURFACE_STYLE_USAGE(.BOTH.,#20506);
#20506 = SURFACE_SIDE_STYLE('',(#20507));
#20507 = SURFACE_STYLE_FILL_AREA(#20508);
#20508 = FILL_AREA_STYLE('',(#20509));
#20509 = FILL_AREA_STYLE_COLOUR('',#20474);
#20510 = STYLED_ITEM('color',(#20511),#7143);
#20511 = PRESENTATION_STYLE_ASSIGNMENT((#20512));
#20512 = SURFACE_STYLE_USAGE(.BOTH.,#20513);
#20513 = SURFACE_SIDE_STYLE('',(#20514));
#20514 = SURFACE_STYLE_FILL_AREA(#20515);
#20515 = FILL_AREA_STYLE('',(#20516));
#20516 = FILL_AREA_STYLE_COLOUR('',#20474);
#20517 = STYLED_ITEM('color',(#20518),#7167);
#20518 = PRESENTATION_STYLE_ASSIGNMENT((#20519));
#20519 = SURFACE_STYLE_USAGE(.BOTH.,#20520);
#20520 = SURFACE_SIDE_STYLE('',(#20521));
#20521 = SURFACE_STYLE_FILL_AREA(#20522);
#20522 = FILL_AREA_STYLE('',(#20523));
#20523 = FILL_AREA_STYLE_COLOUR('',#20474);
#20524 = STYLED_ITEM('color',(#20525),#7184);
#20525 = PRESENTATION_STYLE_ASSIGNMENT((#20526));
#20526 = SURFACE_STYLE_USAGE(.BOTH.,#20527);
#20527 = SURFACE_SIDE_STYLE('',(#20528));
#20528 = SURFACE_STYLE_FILL_AREA(#20529);
#20529 = FILL_AREA_STYLE('',(#20530));
#20530 = FILL_AREA_STYLE_COLOUR('',#20474);
#20531 = STYLED_ITEM('color',(#20532),#7215);
#20532 = PRESENTATION_STYLE_ASSIGNMENT((#20533));
#20533 = SURFACE_STYLE_USAGE(.BOTH.,#20534);
#20534 = SURFACE_SIDE_STYLE('',(#20535));
#20535 = SURFACE_STYLE_FILL_AREA(#20536);
#20536 = FILL_AREA_STYLE('',(#20537));
#20537 = FILL_AREA_STYLE_COLOUR('',#20474);
#20538 = STYLED_ITEM('color',(#20539),#7239);
#20539 = PRESENTATION_STYLE_ASSIGNMENT((#20540));
#20540 = SURFACE_STYLE_USAGE(.BOTH.,#20541);
#20541 = SURFACE_SIDE_STYLE('',(#20542));
#20542 = SURFACE_STYLE_FILL_AREA(#20543);
#20543 = FILL_AREA_STYLE('',(#20544));
#20544 = FILL_AREA_STYLE_COLOUR('',#20474);
#20545 = STYLED_ITEM('color',(#20546),#7263);
#20546 = PRESENTATION_STYLE_ASSIGNMENT((#20547));
#20547 = SURFACE_STYLE_USAGE(.BOTH.,#20548);
#20548 = SURFACE_SIDE_STYLE('',(#20549));
#20549 = SURFACE_STYLE_FILL_AREA(#20550);
#20550 = FILL_AREA_STYLE('',(#20551));
#20551 = FILL_AREA_STYLE_COLOUR('',#20474);
#20552 = STYLED_ITEM('color',(#20553),#7280);
#20553 = PRESENTATION_STYLE_ASSIGNMENT((#20554));
#20554 = SURFACE_STYLE_USAGE(.BOTH.,#20555);
#20555 = SURFACE_SIDE_STYLE('',(#20556));
#20556 = SURFACE_STYLE_FILL_AREA(#20557);
#20557 = FILL_AREA_STYLE('',(#20558));
#20558 = FILL_AREA_STYLE_COLOUR('',#20474);
#20559 = STYLED_ITEM('color',(#20560),#7311);
#20560 = PRESENTATION_STYLE_ASSIGNMENT((#20561));
#20561 = SURFACE_STYLE_USAGE(.BOTH.,#20562);
#20562 = SURFACE_SIDE_STYLE('',(#20563));
#20563 = SURFACE_STYLE_FILL_AREA(#20564);
#20564 = FILL_AREA_STYLE('',(#20565));
#20565 = FILL_AREA_STYLE_COLOUR('',#20474);
#20566 = STYLED_ITEM('color',(#20567),#7335);
#20567 = PRESENTATION_STYLE_ASSIGNMENT((#20568));
#20568 = SURFACE_STYLE_USAGE(.BOTH.,#20569);
#20569 = SURFACE_SIDE_STYLE('',(#20570));
#20570 = SURFACE_STYLE_FILL_AREA(#20571);
#20571 = FILL_AREA_STYLE('',(#20572));
#20572 = FILL_AREA_STYLE_COLOUR('',#20474);
#20573 = STYLED_ITEM('color',(#20574),#7359);
#20574 = PRESENTATION_STYLE_ASSIGNMENT((#20575));
#20575 = SURFACE_STYLE_USAGE(.BOTH.,#20576);
#20576 = SURFACE_SIDE_STYLE('',(#20577));
#20577 = SURFACE_STYLE_FILL_AREA(#20578);
#20578 = FILL_AREA_STYLE('',(#20579));
#20579 = FILL_AREA_STYLE_COLOUR('',#20474);
#20580 = STYLED_ITEM('color',(#20581),#7376);
#20581 = PRESENTATION_STYLE_ASSIGNMENT((#20582));
#20582 = SURFACE_STYLE_USAGE(.BOTH.,#20583);
#20583 = SURFACE_SIDE_STYLE('',(#20584));
#20584 = SURFACE_STYLE_FILL_AREA(#20585);
#20585 = FILL_AREA_STYLE('',(#20586));
#20586 = FILL_AREA_STYLE_COLOUR('',#20474);
#20587 = STYLED_ITEM('color',(#20588),#7407);
#20588 = PRESENTATION_STYLE_ASSIGNMENT((#20589));
#20589 = SURFACE_STYLE_USAGE(.BOTH.,#20590);
#20590 = SURFACE_SIDE_STYLE('',(#20591));
#20591 = SURFACE_STYLE_FILL_AREA(#20592);
#20592 = FILL_AREA_STYLE('',(#20593));
#20593 = FILL_AREA_STYLE_COLOUR('',#20474);
#20594 = STYLED_ITEM('color',(#20595),#7431);
#20595 = PRESENTATION_STYLE_ASSIGNMENT((#20596));
#20596 = SURFACE_STYLE_USAGE(.BOTH.,#20597);
#20597 = SURFACE_SIDE_STYLE('',(#20598));
#20598 = SURFACE_STYLE_FILL_AREA(#20599);
#20599 = FILL_AREA_STYLE('',(#20600));
#20600 = FILL_AREA_STYLE_COLOUR('',#20474);
#20601 = STYLED_ITEM('color',(#20602),#7455);
#20602 = PRESENTATION_STYLE_ASSIGNMENT((#20603));
#20603 = SURFACE_STYLE_USAGE(.BOTH.,#20604);
#20604 = SURFACE_SIDE_STYLE('',(#20605));
#20605 = SURFACE_STYLE_FILL_AREA(#20606);
#20606 = FILL_AREA_STYLE('',(#20607));
#20607 = FILL_AREA_STYLE_COLOUR('',#20474);
#20608 = STYLED_ITEM('color',(#20609),#7472);
#20609 = PRESENTATION_STYLE_ASSIGNMENT((#20610));
#20610 = SURFACE_STYLE_USAGE(.BOTH.,#20611);
#20611 = SURFACE_SIDE_STYLE('',(#20612));
#20612 = SURFACE_STYLE_FILL_AREA(#20613);
#20613 = FILL_AREA_STYLE('',(#20614));
#20614 = FILL_AREA_STYLE_COLOUR('',#20474);
#20615 = STYLED_ITEM('color',(#20616),#7503);
#20616 = PRESENTATION_STYLE_ASSIGNMENT((#20617));
#20617 = SURFACE_STYLE_USAGE(.BOTH.,#20618);
#20618 = SURFACE_SIDE_STYLE('',(#20619));
#20619 = SURFACE_STYLE_FILL_AREA(#20620);
#20620 = FILL_AREA_STYLE('',(#20621));
#20621 = FILL_AREA_STYLE_COLOUR('',#20474);
#20622 = STYLED_ITEM('color',(#20623),#7527);
#20623 = PRESENTATION_STYLE_ASSIGNMENT((#20624));
#20624 = SURFACE_STYLE_USAGE(.BOTH.,#20625);
#20625 = SURFACE_SIDE_STYLE('',(#20626));
#20626 = SURFACE_STYLE_FILL_AREA(#20627);
#20627 = FILL_AREA_STYLE('',(#20628));
#20628 = FILL_AREA_STYLE_COLOUR('',#20474);
#20629 = STYLED_ITEM('color',(#20630),#7551);
#20630 = PRESENTATION_STYLE_ASSIGNMENT((#20631));
#20631 = SURFACE_STYLE_USAGE(.BOTH.,#20632);
#20632 = SURFACE_SIDE_STYLE('',(#20633));
#20633 = SURFACE_STYLE_FILL_AREA(#20634);
#20634 = FILL_AREA_STYLE('',(#20635));
#20635 = FILL_AREA_STYLE_COLOUR('',#20474);
#20636 = STYLED_ITEM('color',(#20637),#7568);
#20637 = PRESENTATION_STYLE_ASSIGNMENT((#20638));
#20638 = SURFACE_STYLE_USAGE(.BOTH.,#20639);
#20639 = SURFACE_SIDE_STYLE('',(#20640));
#20640 = SURFACE_STYLE_FILL_AREA(#20641);
#20641 = FILL_AREA_STYLE('',(#20642));
#20642 = FILL_AREA_STYLE_COLOUR('',#20474);
#20643 = STYLED_ITEM('color',(#20644),#7599);
#20644 = PRESENTATION_STYLE_ASSIGNMENT((#20645));
#20645 = SURFACE_STYLE_USAGE(.BOTH.,#20646);
#20646 = SURFACE_SIDE_STYLE('',(#20647));
#20647 = SURFACE_STYLE_FILL_AREA(#20648);
#20648 = FILL_AREA_STYLE('',(#20649));
#20649 = FILL_AREA_STYLE_COLOUR('',#20474);
#20650 = STYLED_ITEM('color',(#20651),#7623);
#20651 = PRESENTATION_STYLE_ASSIGNMENT((#20652));
#20652 = SURFACE_STYLE_USAGE(.BOTH.,#20653);
#20653 = SURFACE_SIDE_STYLE('',(#20654));
#20654 = SURFACE_STYLE_FILL_AREA(#20655);
#20655 = FILL_AREA_STYLE('',(#20656));
#20656 = FILL_AREA_STYLE_COLOUR('',#20474);
#20657 = STYLED_ITEM('color',(#20658),#7647);
#20658 = PRESENTATION_STYLE_ASSIGNMENT((#20659));
#20659 = SURFACE_STYLE_USAGE(.BOTH.,#20660);
#20660 = SURFACE_SIDE_STYLE('',(#20661));
#20661 = SURFACE_STYLE_FILL_AREA(#20662);
#20662 = FILL_AREA_STYLE('',(#20663));
#20663 = FILL_AREA_STYLE_COLOUR('',#20474);
#20664 = STYLED_ITEM('color',(#20665),#7664);
#20665 = PRESENTATION_STYLE_ASSIGNMENT((#20666));
#20666 = SURFACE_STYLE_USAGE(.BOTH.,#20667);
#20667 = SURFACE_SIDE_STYLE('',(#20668));
#20668 = SURFACE_STYLE_FILL_AREA(#20669);
#20669 = FILL_AREA_STYLE('',(#20670));
#20670 = FILL_AREA_STYLE_COLOUR('',#20474);
#20671 = STYLED_ITEM('color',(#20672),#7727);
#20672 = PRESENTATION_STYLE_ASSIGNMENT((#20673));
#20673 = SURFACE_STYLE_USAGE(.BOTH.,#20674);
#20674 = SURFACE_SIDE_STYLE('',(#20675));
#20675 = SURFACE_STYLE_FILL_AREA(#20676);
#20676 = FILL_AREA_STYLE('',(#20677));
#20677 = FILL_AREA_STYLE_COLOUR('',#20474);
#20678 = STYLED_ITEM('color',(#20679),#7751);
#20679 = PRESENTATION_STYLE_ASSIGNMENT((#20680));
#20680 = SURFACE_STYLE_USAGE(.BOTH.,#20681);
#20681 = SURFACE_SIDE_STYLE('',(#20682));
#20682 = SURFACE_STYLE_FILL_AREA(#20683);
#20683 = FILL_AREA_STYLE('',(#20684));
#20684 = FILL_AREA_STYLE_COLOUR('',#20474);
#20685 = STYLED_ITEM('color',(#20686),#7807);
#20686 = PRESENTATION_STYLE_ASSIGNMENT((#20687));
#20687 = SURFACE_STYLE_USAGE(.BOTH.,#20688);
#20688 = SURFACE_SIDE_STYLE('',(#20689));
#20689 = SURFACE_STYLE_FILL_AREA(#20690);
#20690 = FILL_AREA_STYLE('',(#20691));
#20691 = FILL_AREA_STYLE_COLOUR('',#20474);
#20692 = STYLED_ITEM('color',(#20693),#7824);
#20693 = PRESENTATION_STYLE_ASSIGNMENT((#20694));
#20694 = SURFACE_STYLE_USAGE(.BOTH.,#20695);
#20695 = SURFACE_SIDE_STYLE('',(#20696));
#20696 = SURFACE_STYLE_FILL_AREA(#20697);
#20697 = FILL_AREA_STYLE('',(#20698));
#20698 = FILL_AREA_STYLE_COLOUR('',#20179);
#20699 = STYLED_ITEM('color',(#20700),#7905);
#20700 = PRESENTATION_STYLE_ASSIGNMENT((#20701));
#20701 = SURFACE_STYLE_USAGE(.BOTH.,#20702);
#20702 = SURFACE_SIDE_STYLE('',(#20703));
#20703 = SURFACE_STYLE_FILL_AREA(#20704);
#20704 = FILL_AREA_STYLE('',(#20705));
#20705 = FILL_AREA_STYLE_COLOUR('',#20179);
#20706 = STYLED_ITEM('color',(#20707),#7929);
#20707 = PRESENTATION_STYLE_ASSIGNMENT((#20708));
#20708 = SURFACE_STYLE_USAGE(.BOTH.,#20709);
#20709 = SURFACE_SIDE_STYLE('',(#20710));
#20710 = SURFACE_STYLE_FILL_AREA(#20711);
#20711 = FILL_AREA_STYLE('',(#20712));
#20712 = FILL_AREA_STYLE_COLOUR('',#20179);
#20713 = STYLED_ITEM('color',(#20714),#8294);
#20714 = PRESENTATION_STYLE_ASSIGNMENT((#20715));
#20715 = SURFACE_STYLE_USAGE(.BOTH.,#20716);
#20716 = SURFACE_SIDE_STYLE('',(#20717));
#20717 = SURFACE_STYLE_FILL_AREA(#20718);
#20718 = FILL_AREA_STYLE('',(#20719));
#20719 = FILL_AREA_STYLE_COLOUR('',#20179);
#20720 = STYLED_ITEM('color',(#20721),#8311);
#20721 = PRESENTATION_STYLE_ASSIGNMENT((#20722));
#20722 = SURFACE_STYLE_USAGE(.BOTH.,#20723);
#20723 = SURFACE_SIDE_STYLE('',(#20724));
#20724 = SURFACE_STYLE_FILL_AREA(#20725);
#20725 = FILL_AREA_STYLE('',(#20726));
#20726 = FILL_AREA_STYLE_COLOUR('',#20179);
#20727 = STYLED_ITEM('color',(#20728),#8328);
#20728 = PRESENTATION_STYLE_ASSIGNMENT((#20729));
#20729 = SURFACE_STYLE_USAGE(.BOTH.,#20730);
#20730 = SURFACE_SIDE_STYLE('',(#20731));
#20731 = SURFACE_STYLE_FILL_AREA(#20732);
#20732 = FILL_AREA_STYLE('',(#20733));
#20733 = FILL_AREA_STYLE_COLOUR('',#20179);
#20734 = STYLED_ITEM('color',(#20735),#8345);
#20735 = PRESENTATION_STYLE_ASSIGNMENT((#20736));
#20736 = SURFACE_STYLE_USAGE(.BOTH.,#20737);
#20737 = SURFACE_SIDE_STYLE('',(#20738));
#20738 = SURFACE_STYLE_FILL_AREA(#20739);
#20739 = FILL_AREA_STYLE('',(#20740));
#20740 = FILL_AREA_STYLE_COLOUR('',#20179);
#20741 = STYLED_ITEM('color',(#20742),#8357);
#20742 = PRESENTATION_STYLE_ASSIGNMENT((#20743));
#20743 = SURFACE_STYLE_USAGE(.BOTH.,#20744);
#20744 = SURFACE_SIDE_STYLE('',(#20745));
#20745 = SURFACE_STYLE_FILL_AREA(#20746);
#20746 = FILL_AREA_STYLE('',(#20747));
#20747 = FILL_AREA_STYLE_COLOUR('',#20179);
#20748 = STYLED_ITEM('color',(#20749),#8369);
#20749 = PRESENTATION_STYLE_ASSIGNMENT((#20750));
#20750 = SURFACE_STYLE_USAGE(.BOTH.,#20751);
#20751 = SURFACE_SIDE_STYLE('',(#20752));
#20752 = SURFACE_STYLE_FILL_AREA(#20753);
#20753 = FILL_AREA_STYLE('',(#20754));
#20754 = FILL_AREA_STYLE_COLOUR('',#20179);
#20755 = STYLED_ITEM('color',(#20756),#8386);
#20756 = PRESENTATION_STYLE_ASSIGNMENT((#20757));
#20757 = SURFACE_STYLE_USAGE(.BOTH.,#20758);
#20758 = SURFACE_SIDE_STYLE('',(#20759));
#20759 = SURFACE_STYLE_FILL_AREA(#20760);
#20760 = FILL_AREA_STYLE('',(#20761));
#20761 = FILL_AREA_STYLE_COLOUR('',#20179);
#20762 = STYLED_ITEM('color',(#20763),#8403);
#20763 = PRESENTATION_STYLE_ASSIGNMENT((#20764));
#20764 = SURFACE_STYLE_USAGE(.BOTH.,#20765);
#20765 = SURFACE_SIDE_STYLE('',(#20766));
#20766 = SURFACE_STYLE_FILL_AREA(#20767);
#20767 = FILL_AREA_STYLE('',(#20768));
#20768 = FILL_AREA_STYLE_COLOUR('',#20179);
#20769 = STYLED_ITEM('color',(#20770),#8420);
#20770 = PRESENTATION_STYLE_ASSIGNMENT((#20771));
#20771 = SURFACE_STYLE_USAGE(.BOTH.,#20772);
#20772 = SURFACE_SIDE_STYLE('',(#20773));
#20773 = SURFACE_STYLE_FILL_AREA(#20774);
#20774 = FILL_AREA_STYLE('',(#20775));
#20775 = FILL_AREA_STYLE_COLOUR('',#20179);
#20776 = STYLED_ITEM('color',(#20777),#8432);
#20777 = PRESENTATION_STYLE_ASSIGNMENT((#20778));
#20778 = SURFACE_STYLE_USAGE(.BOTH.,#20779);
#20779 = SURFACE_SIDE_STYLE('',(#20780));
#20780 = SURFACE_STYLE_FILL_AREA(#20781);
#20781 = FILL_AREA_STYLE('',(#20782));
#20782 = FILL_AREA_STYLE_COLOUR('',#20179);
#20783 = STYLED_ITEM('color',(#20784),#8449);
#20784 = PRESENTATION_STYLE_ASSIGNMENT((#20785));
#20785 = SURFACE_STYLE_USAGE(.BOTH.,#20786);
#20786 = SURFACE_SIDE_STYLE('',(#20787));
#20787 = SURFACE_STYLE_FILL_AREA(#20788);
#20788 = FILL_AREA_STYLE('',(#20789));
#20789 = FILL_AREA_STYLE_COLOUR('',#20474);
#20790 = STYLED_ITEM('color',(#20791),#8496);
#20791 = PRESENTATION_STYLE_ASSIGNMENT((#20792));
#20792 = SURFACE_STYLE_USAGE(.BOTH.,#20793);
#20793 = SURFACE_SIDE_STYLE('',(#20794));
#20794 = SURFACE_STYLE_FILL_AREA(#20795);
#20795 = FILL_AREA_STYLE('',(#20796));
#20796 = FILL_AREA_STYLE_COLOUR('',#20474);
#20797 = STYLED_ITEM('color',(#20798),#8527);
#20798 = PRESENTATION_STYLE_ASSIGNMENT((#20799));
#20799 = SURFACE_STYLE_USAGE(.BOTH.,#20800);
#20800 = SURFACE_SIDE_STYLE('',(#20801));
#20801 = SURFACE_STYLE_FILL_AREA(#20802);
#20802 = FILL_AREA_STYLE('',(#20803));
#20803 = FILL_AREA_STYLE_COLOUR('',#20474);
#20804 = STYLED_ITEM('color',(#20805),#8539);
#20805 = PRESENTATION_STYLE_ASSIGNMENT((#20806));
#20806 = SURFACE_STYLE_USAGE(.BOTH.,#20807);
#20807 = SURFACE_SIDE_STYLE('',(#20808));
#20808 = SURFACE_STYLE_FILL_AREA(#20809);
#20809 = FILL_AREA_STYLE('',(#20810));
#20810 = FILL_AREA_STYLE_COLOUR('',#20474);
#20811 = STYLED_ITEM('color',(#20812),#8556);
#20812 = PRESENTATION_STYLE_ASSIGNMENT((#20813));
#20813 = SURFACE_STYLE_USAGE(.BOTH.,#20814);
#20814 = SURFACE_SIDE_STYLE('',(#20815));
#20815 = SURFACE_STYLE_FILL_AREA(#20816);
#20816 = FILL_AREA_STYLE('',(#20817));
#20817 = FILL_AREA_STYLE_COLOUR('',#20474);
#20818 = STYLED_ITEM('color',(#20819),#8582);
#20819 = PRESENTATION_STYLE_ASSIGNMENT((#20820));
#20820 = SURFACE_STYLE_USAGE(.BOTH.,#20821);
#20821 = SURFACE_SIDE_STYLE('',(#20822));
#20822 = SURFACE_STYLE_FILL_AREA(#20823);
#20823 = FILL_AREA_STYLE('',(#20824));
#20824 = FILL_AREA_STYLE_COLOUR('',#20474);
#20825 = STYLED_ITEM('color',(#20826),#8615);
#20826 = PRESENTATION_STYLE_ASSIGNMENT((#20827));
#20827 = SURFACE_STYLE_USAGE(.BOTH.,#20828);
#20828 = SURFACE_SIDE_STYLE('',(#20829));
#20829 = SURFACE_STYLE_FILL_AREA(#20830);
#20830 = FILL_AREA_STYLE('',(#20831));
#20831 = FILL_AREA_STYLE_COLOUR('',#20474);
#20832 = STYLED_ITEM('color',(#20833),#8646);
#20833 = PRESENTATION_STYLE_ASSIGNMENT((#20834));
#20834 = SURFACE_STYLE_USAGE(.BOTH.,#20835);
#20835 = SURFACE_SIDE_STYLE('',(#20836));
#20836 = SURFACE_STYLE_FILL_AREA(#20837);
#20837 = FILL_AREA_STYLE('',(#20838));
#20838 = FILL_AREA_STYLE_COLOUR('',#20474);
#20839 = STYLED_ITEM('color',(#20840),#8670);
#20840 = PRESENTATION_STYLE_ASSIGNMENT((#20841));
#20841 = SURFACE_STYLE_USAGE(.BOTH.,#20842);
#20842 = SURFACE_SIDE_STYLE('',(#20843));
#20843 = SURFACE_STYLE_FILL_AREA(#20844);
#20844 = FILL_AREA_STYLE('',(#20845));
#20845 = FILL_AREA_STYLE_COLOUR('',#20474);
#20846 = STYLED_ITEM('color',(#20847),#8694);
#20847 = PRESENTATION_STYLE_ASSIGNMENT((#20848));
#20848 = SURFACE_STYLE_USAGE(.BOTH.,#20849);
#20849 = SURFACE_SIDE_STYLE('',(#20850));
#20850 = SURFACE_STYLE_FILL_AREA(#20851);
#20851 = FILL_AREA_STYLE('',(#20852));
#20852 = FILL_AREA_STYLE_COLOUR('',#20474);
#20853 = STYLED_ITEM('color',(#20854),#8711);
#20854 = PRESENTATION_STYLE_ASSIGNMENT((#20855));
#20855 = SURFACE_STYLE_USAGE(.BOTH.,#20856);
#20856 = SURFACE_SIDE_STYLE('',(#20857));
#20857 = SURFACE_STYLE_FILL_AREA(#20858);
#20858 = FILL_AREA_STYLE('',(#20859));
#20859 = FILL_AREA_STYLE_COLOUR('',#20474);
#20860 = STYLED_ITEM('color',(#20861),#8742);
#20861 = PRESENTATION_STYLE_ASSIGNMENT((#20862));
#20862 = SURFACE_STYLE_USAGE(.BOTH.,#20863);
#20863 = SURFACE_SIDE_STYLE('',(#20864));
#20864 = SURFACE_STYLE_FILL_AREA(#20865);
#20865 = FILL_AREA_STYLE('',(#20866));
#20866 = FILL_AREA_STYLE_COLOUR('',#20474);
#20867 = STYLED_ITEM('color',(#20868),#8766);
#20868 = PRESENTATION_STYLE_ASSIGNMENT((#20869));
#20869 = SURFACE_STYLE_USAGE(.BOTH.,#20870);
#20870 = SURFACE_SIDE_STYLE('',(#20871));
#20871 = SURFACE_STYLE_FILL_AREA(#20872);
#20872 = FILL_AREA_STYLE('',(#20873));
#20873 = FILL_AREA_STYLE_COLOUR('',#20474);
#20874 = STYLED_ITEM('color',(#20875),#8790);
#20875 = PRESENTATION_STYLE_ASSIGNMENT((#20876));
#20876 = SURFACE_STYLE_USAGE(.BOTH.,#20877);
#20877 = SURFACE_SIDE_STYLE('',(#20878));
#20878 = SURFACE_STYLE_FILL_AREA(#20879);
#20879 = FILL_AREA_STYLE('',(#20880));
#20880 = FILL_AREA_STYLE_COLOUR('',#20474);
#20881 = STYLED_ITEM('color',(#20882),#8807);
#20882 = PRESENTATION_STYLE_ASSIGNMENT((#20883));
#20883 = SURFACE_STYLE_USAGE(.BOTH.,#20884);
#20884 = SURFACE_SIDE_STYLE('',(#20885));
#20885 = SURFACE_STYLE_FILL_AREA(#20886);
#20886 = FILL_AREA_STYLE('',(#20887));
#20887 = FILL_AREA_STYLE_COLOUR('',#20474);
#20888 = STYLED_ITEM('color',(#20889),#8838);
#20889 = PRESENTATION_STYLE_ASSIGNMENT((#20890));
#20890 = SURFACE_STYLE_USAGE(.BOTH.,#20891);
#20891 = SURFACE_SIDE_STYLE('',(#20892));
#20892 = SURFACE_STYLE_FILL_AREA(#20893);
#20893 = FILL_AREA_STYLE('',(#20894));
#20894 = FILL_AREA_STYLE_COLOUR('',#20474);
#20895 = STYLED_ITEM('color',(#20896),#8862);
#20896 = PRESENTATION_STYLE_ASSIGNMENT((#20897));
#20897 = SURFACE_STYLE_USAGE(.BOTH.,#20898);
#20898 = SURFACE_SIDE_STYLE('',(#20899));
#20899 = SURFACE_STYLE_FILL_AREA(#20900);
#20900 = FILL_AREA_STYLE('',(#20901));
#20901 = FILL_AREA_STYLE_COLOUR('',#20474);
#20902 = STYLED_ITEM('color',(#20903),#8886);
#20903 = PRESENTATION_STYLE_ASSIGNMENT((#20904));
#20904 = SURFACE_STYLE_USAGE(.BOTH.,#20905);
#20905 = SURFACE_SIDE_STYLE('',(#20906));
#20906 = SURFACE_STYLE_FILL_AREA(#20907);
#20907 = FILL_AREA_STYLE('',(#20908));
#20908 = FILL_AREA_STYLE_COLOUR('',#20474);
#20909 = STYLED_ITEM('color',(#20910),#8903);
#20910 = PRESENTATION_STYLE_ASSIGNMENT((#20911));
#20911 = SURFACE_STYLE_USAGE(.BOTH.,#20912);
#20912 = SURFACE_SIDE_STYLE('',(#20913));
#20913 = SURFACE_STYLE_FILL_AREA(#20914);
#20914 = FILL_AREA_STYLE('',(#20915));
#20915 = FILL_AREA_STYLE_COLOUR('',#20474);
#20916 = STYLED_ITEM('color',(#20917),#8934);
#20917 = PRESENTATION_STYLE_ASSIGNMENT((#20918));
#20918 = SURFACE_STYLE_USAGE(.BOTH.,#20919);
#20919 = SURFACE_SIDE_STYLE('',(#20920));
#20920 = SURFACE_STYLE_FILL_AREA(#20921);
#20921 = FILL_AREA_STYLE('',(#20922));
#20922 = FILL_AREA_STYLE_COLOUR('',#20474);
#20923 = STYLED_ITEM('color',(#20924),#8958);
#20924 = PRESENTATION_STYLE_ASSIGNMENT((#20925));
#20925 = SURFACE_STYLE_USAGE(.BOTH.,#20926);
#20926 = SURFACE_SIDE_STYLE('',(#20927));
#20927 = SURFACE_STYLE_FILL_AREA(#20928);
#20928 = FILL_AREA_STYLE('',(#20929));
#20929 = FILL_AREA_STYLE_COLOUR('',#20474);
#20930 = STYLED_ITEM('color',(#20931),#8982);
#20931 = PRESENTATION_STYLE_ASSIGNMENT((#20932));
#20932 = SURFACE_STYLE_USAGE(.BOTH.,#20933);
#20933 = SURFACE_SIDE_STYLE('',(#20934));
#20934 = SURFACE_STYLE_FILL_AREA(#20935);
#20935 = FILL_AREA_STYLE('',(#20936));
#20936 = FILL_AREA_STYLE_COLOUR('',#20474);
#20937 = STYLED_ITEM('color',(#20938),#8999);
#20938 = PRESENTATION_STYLE_ASSIGNMENT((#20939));
#20939 = SURFACE_STYLE_USAGE(.BOTH.,#20940);
#20940 = SURFACE_SIDE_STYLE('',(#20941));
#20941 = SURFACE_STYLE_FILL_AREA(#20942);
#20942 = FILL_AREA_STYLE('',(#20943));
#20943 = FILL_AREA_STYLE_COLOUR('',#20474);
#20944 = STYLED_ITEM('color',(#20945),#9030);
#20945 = PRESENTATION_STYLE_ASSIGNMENT((#20946));
#20946 = SURFACE_STYLE_USAGE(.BOTH.,#20947);
#20947 = SURFACE_SIDE_STYLE('',(#20948));
#20948 = SURFACE_STYLE_FILL_AREA(#20949);
#20949 = FILL_AREA_STYLE('',(#20950));
#20950 = FILL_AREA_STYLE_COLOUR('',#20474);
#20951 = STYLED_ITEM('color',(#20952),#9054);
#20952 = PRESENTATION_STYLE_ASSIGNMENT((#20953));
#20953 = SURFACE_STYLE_USAGE(.BOTH.,#20954);
#20954 = SURFACE_SIDE_STYLE('',(#20955));
#20955 = SURFACE_STYLE_FILL_AREA(#20956);
#20956 = FILL_AREA_STYLE('',(#20957));
#20957 = FILL_AREA_STYLE_COLOUR('',#20474);
#20958 = STYLED_ITEM('color',(#20959),#9078);
#20959 = PRESENTATION_STYLE_ASSIGNMENT((#20960));
#20960 = SURFACE_STYLE_USAGE(.BOTH.,#20961);
#20961 = SURFACE_SIDE_STYLE('',(#20962));
#20962 = SURFACE_STYLE_FILL_AREA(#20963);
#20963 = FILL_AREA_STYLE('',(#20964));
#20964 = FILL_AREA_STYLE_COLOUR('',#20474);
#20965 = STYLED_ITEM('color',(#20966),#9095);
#20966 = PRESENTATION_STYLE_ASSIGNMENT((#20967));
#20967 = SURFACE_STYLE_USAGE(.BOTH.,#20968);
#20968 = SURFACE_SIDE_STYLE('',(#20969));
#20969 = SURFACE_STYLE_FILL_AREA(#20970);
#20970 = FILL_AREA_STYLE('',(#20971));
#20971 = FILL_AREA_STYLE_COLOUR('',#20474);
#20972 = STYLED_ITEM('color',(#20973),#9126);
#20973 = PRESENTATION_STYLE_ASSIGNMENT((#20974));
#20974 = SURFACE_STYLE_USAGE(.BOTH.,#20975);
#20975 = SURFACE_SIDE_STYLE('',(#20976));
#20976 = SURFACE_STYLE_FILL_AREA(#20977);
#20977 = FILL_AREA_STYLE('',(#20978));
#20978 = FILL_AREA_STYLE_COLOUR('',#20474);
#20979 = STYLED_ITEM('color',(#20980),#9150);
#20980 = PRESENTATION_STYLE_ASSIGNMENT((#20981));
#20981 = SURFACE_STYLE_USAGE(.BOTH.,#20982);
#20982 = SURFACE_SIDE_STYLE('',(#20983));
#20983 = SURFACE_STYLE_FILL_AREA(#20984);
#20984 = FILL_AREA_STYLE('',(#20985));
#20985 = FILL_AREA_STYLE_COLOUR('',#20474);
#20986 = STYLED_ITEM('color',(#20987),#9174);
#20987 = PRESENTATION_STYLE_ASSIGNMENT((#20988));
#20988 = SURFACE_STYLE_USAGE(.BOTH.,#20989);
#20989 = SURFACE_SIDE_STYLE('',(#20990));
#20990 = SURFACE_STYLE_FILL_AREA(#20991);
#20991 = FILL_AREA_STYLE('',(#20992));
#20992 = FILL_AREA_STYLE_COLOUR('',#20474);
#20993 = STYLED_ITEM('color',(#20994),#9191);
#20994 = PRESENTATION_STYLE_ASSIGNMENT((#20995));
#20995 = SURFACE_STYLE_USAGE(.BOTH.,#20996);
#20996 = SURFACE_SIDE_STYLE('',(#20997));
#20997 = SURFACE_STYLE_FILL_AREA(#20998);
#20998 = FILL_AREA_STYLE('',(#20999));
#20999 = FILL_AREA_STYLE_COLOUR('',#20474);
#21000 = STYLED_ITEM('color',(#21001),#9238);
#21001 = PRESENTATION_STYLE_ASSIGNMENT((#21002));
#21002 = SURFACE_STYLE_USAGE(.BOTH.,#21003);
#21003 = SURFACE_SIDE_STYLE('',(#21004));
#21004 = SURFACE_STYLE_FILL_AREA(#21005);
#21005 = FILL_AREA_STYLE('',(#21006));
#21006 = FILL_AREA_STYLE_COLOUR('',#20474);
#21007 = STYLED_ITEM('color',(#21008),#9269);
#21008 = PRESENTATION_STYLE_ASSIGNMENT((#21009));
#21009 = SURFACE_STYLE_USAGE(.BOTH.,#21010);
#21010 = SURFACE_SIDE_STYLE('',(#21011));
#21011 = SURFACE_STYLE_FILL_AREA(#21012);
#21012 = FILL_AREA_STYLE('',(#21013));
#21013 = FILL_AREA_STYLE_COLOUR('',#20474);
#21014 = STYLED_ITEM('color',(#21015),#9281);
#21015 = PRESENTATION_STYLE_ASSIGNMENT((#21016));
#21016 = SURFACE_STYLE_USAGE(.BOTH.,#21017);
#21017 = SURFACE_SIDE_STYLE('',(#21018));
#21018 = SURFACE_STYLE_FILL_AREA(#21019);
#21019 = FILL_AREA_STYLE('',(#21020));
#21020 = FILL_AREA_STYLE_COLOUR('',#20474);
#21021 = STYLED_ITEM('color',(#21022),#9298);
#21022 = PRESENTATION_STYLE_ASSIGNMENT((#21023));
#21023 = SURFACE_STYLE_USAGE(.BOTH.,#21024);
#21024 = SURFACE_SIDE_STYLE('',(#21025));
#21025 = SURFACE_STYLE_FILL_AREA(#21026);
#21026 = FILL_AREA_STYLE('',(#21027));
#21027 = FILL_AREA_STYLE_COLOUR('',#20474);
#21028 = STYLED_ITEM('color',(#21029),#9324);
#21029 = PRESENTATION_STYLE_ASSIGNMENT((#21030));
#21030 = SURFACE_STYLE_USAGE(.BOTH.,#21031);
#21031 = SURFACE_SIDE_STYLE('',(#21032));
#21032 = SURFACE_STYLE_FILL_AREA(#21033);
#21033 = FILL_AREA_STYLE('',(#21034));
#21034 = FILL_AREA_STYLE_COLOUR('',#20474);
#21035 = STYLED_ITEM('color',(#21036),#9357);
#21036 = PRESENTATION_STYLE_ASSIGNMENT((#21037));
#21037 = SURFACE_STYLE_USAGE(.BOTH.,#21038);
#21038 = SURFACE_SIDE_STYLE('',(#21039));
#21039 = SURFACE_STYLE_FILL_AREA(#21040);
#21040 = FILL_AREA_STYLE('',(#21041));
#21041 = FILL_AREA_STYLE_COLOUR('',#20179);
#21042 = STYLED_ITEM('color',(#21043),#9374);
#21043 = PRESENTATION_STYLE_ASSIGNMENT((#21044));
#21044 = SURFACE_STYLE_USAGE(.BOTH.,#21045);
#21045 = SURFACE_SIDE_STYLE('',(#21046));
#21046 = SURFACE_STYLE_FILL_AREA(#21047);
#21047 = FILL_AREA_STYLE('',(#21048));
#21048 = FILL_AREA_STYLE_COLOUR('',#20179);
#21049 = STYLED_ITEM('color',(#21050),#9391);
#21050 = PRESENTATION_STYLE_ASSIGNMENT((#21051));
#21051 = SURFACE_STYLE_USAGE(.BOTH.,#21052);
#21052 = SURFACE_SIDE_STYLE('',(#21053));
#21053 = SURFACE_STYLE_FILL_AREA(#21054);
#21054 = FILL_AREA_STYLE('',(#21055));
#21055 = FILL_AREA_STYLE_COLOUR('',#20179);
#21056 = STYLED_ITEM('color',(#21057),#9408);
#21057 = PRESENTATION_STYLE_ASSIGNMENT((#21058));
#21058 = SURFACE_STYLE_USAGE(.BOTH.,#21059);
#21059 = SURFACE_SIDE_STYLE('',(#21060));
#21060 = SURFACE_STYLE_FILL_AREA(#21061);
#21061 = FILL_AREA_STYLE('',(#21062));
#21062 = FILL_AREA_STYLE_COLOUR('',#20179);
#21063 = STYLED_ITEM('color',(#21064),#9425);
#21064 = PRESENTATION_STYLE_ASSIGNMENT((#21065));
#21065 = SURFACE_STYLE_USAGE(.BOTH.,#21066);
#21066 = SURFACE_SIDE_STYLE('',(#21067));
#21067 = SURFACE_STYLE_FILL_AREA(#21068);
#21068 = FILL_AREA_STYLE('',(#21069));
#21069 = FILL_AREA_STYLE_COLOUR('',#20179);
#21070 = STYLED_ITEM('color',(#21071),#9442);
#21071 = PRESENTATION_STYLE_ASSIGNMENT((#21072));
#21072 = SURFACE_STYLE_USAGE(.BOTH.,#21073);
#21073 = SURFACE_SIDE_STYLE('',(#21074));
#21074 = SURFACE_STYLE_FILL_AREA(#21075);
#21075 = FILL_AREA_STYLE('',(#21076));
#21076 = FILL_AREA_STYLE_COLOUR('',#20179);
#21077 = STYLED_ITEM('color',(#21078),#9459);
#21078 = PRESENTATION_STYLE_ASSIGNMENT((#21079));
#21079 = SURFACE_STYLE_USAGE(.BOTH.,#21080);
#21080 = SURFACE_SIDE_STYLE('',(#21081));
#21081 = SURFACE_STYLE_FILL_AREA(#21082);
#21082 = FILL_AREA_STYLE('',(#21083));
#21083 = FILL_AREA_STYLE_COLOUR('',#20179);
#21084 = STYLED_ITEM('color',(#21085),#9471);
#21085 = PRESENTATION_STYLE_ASSIGNMENT((#21086));
#21086 = SURFACE_STYLE_USAGE(.BOTH.,#21087);
#21087 = SURFACE_SIDE_STYLE('',(#21088));
#21088 = SURFACE_STYLE_FILL_AREA(#21089);
#21089 = FILL_AREA_STYLE('',(#21090));
#21090 = FILL_AREA_STYLE_COLOUR('',#20474);
#21091 = STYLED_ITEM('color',(#21092),#9502);
#21092 = PRESENTATION_STYLE_ASSIGNMENT((#21093));
#21093 = SURFACE_STYLE_USAGE(.BOTH.,#21094);
#21094 = SURFACE_SIDE_STYLE('',(#21095));
#21095 = SURFACE_STYLE_FILL_AREA(#21096);
#21096 = FILL_AREA_STYLE('',(#21097));
#21097 = FILL_AREA_STYLE_COLOUR('',#20474);
#21098 = STYLED_ITEM('color',(#21099),#9526);
#21099 = PRESENTATION_STYLE_ASSIGNMENT((#21100));
#21100 = SURFACE_STYLE_USAGE(.BOTH.,#21101);
#21101 = SURFACE_SIDE_STYLE('',(#21102));
#21102 = SURFACE_STYLE_FILL_AREA(#21103);
#21103 = FILL_AREA_STYLE('',(#21104));
#21104 = FILL_AREA_STYLE_COLOUR('',#20474);
#21105 = STYLED_ITEM('color',(#21106),#9550);
#21106 = PRESENTATION_STYLE_ASSIGNMENT((#21107));
#21107 = SURFACE_STYLE_USAGE(.BOTH.,#21108);
#21108 = SURFACE_SIDE_STYLE('',(#21109));
#21109 = SURFACE_STYLE_FILL_AREA(#21110);
#21110 = FILL_AREA_STYLE('',(#21111));
#21111 = FILL_AREA_STYLE_COLOUR('',#20474);
#21112 = STYLED_ITEM('color',(#21113),#9567);
#21113 = PRESENTATION_STYLE_ASSIGNMENT((#21114));
#21114 = SURFACE_STYLE_USAGE(.BOTH.,#21115);
#21115 = SURFACE_SIDE_STYLE('',(#21116));
#21116 = SURFACE_STYLE_FILL_AREA(#21117);
#21117 = FILL_AREA_STYLE('',(#21118));
#21118 = FILL_AREA_STYLE_COLOUR('',#20474);
#21119 = STYLED_ITEM('color',(#21120),#9598);
#21120 = PRESENTATION_STYLE_ASSIGNMENT((#21121));
#21121 = SURFACE_STYLE_USAGE(.BOTH.,#21122);
#21122 = SURFACE_SIDE_STYLE('',(#21123));
#21123 = SURFACE_STYLE_FILL_AREA(#21124);
#21124 = FILL_AREA_STYLE('',(#21125));
#21125 = FILL_AREA_STYLE_COLOUR('',#20474);
#21126 = STYLED_ITEM('color',(#21127),#9622);
#21127 = PRESENTATION_STYLE_ASSIGNMENT((#21128));
#21128 = SURFACE_STYLE_USAGE(.BOTH.,#21129);
#21129 = SURFACE_SIDE_STYLE('',(#21130));
#21130 = SURFACE_STYLE_FILL_AREA(#21131);
#21131 = FILL_AREA_STYLE('',(#21132));
#21132 = FILL_AREA_STYLE_COLOUR('',#20474);
#21133 = STYLED_ITEM('color',(#21134),#9646);
#21134 = PRESENTATION_STYLE_ASSIGNMENT((#21135));
#21135 = SURFACE_STYLE_USAGE(.BOTH.,#21136);
#21136 = SURFACE_SIDE_STYLE('',(#21137));
#21137 = SURFACE_STYLE_FILL_AREA(#21138);
#21138 = FILL_AREA_STYLE('',(#21139));
#21139 = FILL_AREA_STYLE_COLOUR('',#20474);
#21140 = STYLED_ITEM('color',(#21141),#9663);
#21141 = PRESENTATION_STYLE_ASSIGNMENT((#21142));
#21142 = SURFACE_STYLE_USAGE(.BOTH.,#21143);
#21143 = SURFACE_SIDE_STYLE('',(#21144));
#21144 = SURFACE_STYLE_FILL_AREA(#21145);
#21145 = FILL_AREA_STYLE('',(#21146));
#21146 = FILL_AREA_STYLE_COLOUR('',#20474);
#21147 = STYLED_ITEM('color',(#21148),#9694);
#21148 = PRESENTATION_STYLE_ASSIGNMENT((#21149));
#21149 = SURFACE_STYLE_USAGE(.BOTH.,#21150);
#21150 = SURFACE_SIDE_STYLE('',(#21151));
#21151 = SURFACE_STYLE_FILL_AREA(#21152);
#21152 = FILL_AREA_STYLE('',(#21153));
#21153 = FILL_AREA_STYLE_COLOUR('',#20474);
#21154 = STYLED_ITEM('color',(#21155),#9718);
#21155 = PRESENTATION_STYLE_ASSIGNMENT((#21156));
#21156 = SURFACE_STYLE_USAGE(.BOTH.,#21157);
#21157 = SURFACE_SIDE_STYLE('',(#21158));
#21158 = SURFACE_STYLE_FILL_AREA(#21159);
#21159 = FILL_AREA_STYLE('',(#21160));
#21160 = FILL_AREA_STYLE_COLOUR('',#20474);
#21161 = STYLED_ITEM('color',(#21162),#9742);
#21162 = PRESENTATION_STYLE_ASSIGNMENT((#21163));
#21163 = SURFACE_STYLE_USAGE(.BOTH.,#21164);
#21164 = SURFACE_SIDE_STYLE('',(#21165));
#21165 = SURFACE_STYLE_FILL_AREA(#21166);
#21166 = FILL_AREA_STYLE('',(#21167));
#21167 = FILL_AREA_STYLE_COLOUR('',#20474);
#21168 = STYLED_ITEM('color',(#21169),#9759);
#21169 = PRESENTATION_STYLE_ASSIGNMENT((#21170));
#21170 = SURFACE_STYLE_USAGE(.BOTH.,#21171);
#21171 = SURFACE_SIDE_STYLE('',(#21172));
#21172 = SURFACE_STYLE_FILL_AREA(#21173);
#21173 = FILL_AREA_STYLE('',(#21174));
#21174 = FILL_AREA_STYLE_COLOUR('',#20474);
#21175 = STYLED_ITEM('color',(#21176),#9790);
#21176 = PRESENTATION_STYLE_ASSIGNMENT((#21177));
#21177 = SURFACE_STYLE_USAGE(.BOTH.,#21178);
#21178 = SURFACE_SIDE_STYLE('',(#21179));
#21179 = SURFACE_STYLE_FILL_AREA(#21180);
#21180 = FILL_AREA_STYLE('',(#21181));
#21181 = FILL_AREA_STYLE_COLOUR('',#20474);
#21182 = STYLED_ITEM('color',(#21183),#9814);
#21183 = PRESENTATION_STYLE_ASSIGNMENT((#21184));
#21184 = SURFACE_STYLE_USAGE(.BOTH.,#21185);
#21185 = SURFACE_SIDE_STYLE('',(#21186));
#21186 = SURFACE_STYLE_FILL_AREA(#21187);
#21187 = FILL_AREA_STYLE('',(#21188));
#21188 = FILL_AREA_STYLE_COLOUR('',#20474);
#21189 = STYLED_ITEM('color',(#21190),#9838);
#21190 = PRESENTATION_STYLE_ASSIGNMENT((#21191));
#21191 = SURFACE_STYLE_USAGE(.BOTH.,#21192);
#21192 = SURFACE_SIDE_STYLE('',(#21193));
#21193 = SURFACE_STYLE_FILL_AREA(#21194);
#21194 = FILL_AREA_STYLE('',(#21195));
#21195 = FILL_AREA_STYLE_COLOUR('',#20474);
#21196 = STYLED_ITEM('color',(#21197),#9855);
#21197 = PRESENTATION_STYLE_ASSIGNMENT((#21198));
#21198 = SURFACE_STYLE_USAGE(.BOTH.,#21199);
#21199 = SURFACE_SIDE_STYLE('',(#21200));
#21200 = SURFACE_STYLE_FILL_AREA(#21201);
#21201 = FILL_AREA_STYLE('',(#21202));
#21202 = FILL_AREA_STYLE_COLOUR('',#20474);
#21203 = STYLED_ITEM('color',(#21204),#9886);
#21204 = PRESENTATION_STYLE_ASSIGNMENT((#21205));
#21205 = SURFACE_STYLE_USAGE(.BOTH.,#21206);
#21206 = SURFACE_SIDE_STYLE('',(#21207));
#21207 = SURFACE_STYLE_FILL_AREA(#21208);
#21208 = FILL_AREA_STYLE('',(#21209));
#21209 = FILL_AREA_STYLE_COLOUR('',#20474);
#21210 = STYLED_ITEM('color',(#21211),#9910);
#21211 = PRESENTATION_STYLE_ASSIGNMENT((#21212));
#21212 = SURFACE_STYLE_USAGE(.BOTH.,#21213);
#21213 = SURFACE_SIDE_STYLE('',(#21214));
#21214 = SURFACE_STYLE_FILL_AREA(#21215);
#21215 = FILL_AREA_STYLE('',(#21216));
#21216 = FILL_AREA_STYLE_COLOUR('',#20474);
#21217 = STYLED_ITEM('color',(#21218),#9934);
#21218 = PRESENTATION_STYLE_ASSIGNMENT((#21219));
#21219 = SURFACE_STYLE_USAGE(.BOTH.,#21220);
#21220 = SURFACE_SIDE_STYLE('',(#21221));
#21221 = SURFACE_STYLE_FILL_AREA(#21222);
#21222 = FILL_AREA_STYLE('',(#21223));
#21223 = FILL_AREA_STYLE_COLOUR('',#20474);
#21224 = STYLED_ITEM('color',(#21225),#9951);
#21225 = PRESENTATION_STYLE_ASSIGNMENT((#21226));
#21226 = SURFACE_STYLE_USAGE(.BOTH.,#21227);
#21227 = SURFACE_SIDE_STYLE('',(#21228));
#21228 = SURFACE_STYLE_FILL_AREA(#21229);
#21229 = FILL_AREA_STYLE('',(#21230));
#21230 = FILL_AREA_STYLE_COLOUR('',#20474);
#21231 = STYLED_ITEM('color',(#21232),#9982);
#21232 = PRESENTATION_STYLE_ASSIGNMENT((#21233));
#21233 = SURFACE_STYLE_USAGE(.BOTH.,#21234);
#21234 = SURFACE_SIDE_STYLE('',(#21235));
#21235 = SURFACE_STYLE_FILL_AREA(#21236);
#21236 = FILL_AREA_STYLE('',(#21237));
#21237 = FILL_AREA_STYLE_COLOUR('',#20474);
#21238 = STYLED_ITEM('color',(#21239),#10006);
#21239 = PRESENTATION_STYLE_ASSIGNMENT((#21240));
#21240 = SURFACE_STYLE_USAGE(.BOTH.,#21241);
#21241 = SURFACE_SIDE_STYLE('',(#21242));
#21242 = SURFACE_STYLE_FILL_AREA(#21243);
#21243 = FILL_AREA_STYLE('',(#21244));
#21244 = FILL_AREA_STYLE_COLOUR('',#20474);
#21245 = STYLED_ITEM('color',(#21246),#10030);
#21246 = PRESENTATION_STYLE_ASSIGNMENT((#21247));
#21247 = SURFACE_STYLE_USAGE(.BOTH.,#21248);
#21248 = SURFACE_SIDE_STYLE('',(#21249));
#21249 = SURFACE_STYLE_FILL_AREA(#21250);
#21250 = FILL_AREA_STYLE('',(#21251));
#21251 = FILL_AREA_STYLE_COLOUR('',#20474);
#21252 = STYLED_ITEM('color',(#21253),#10047);
#21253 = PRESENTATION_STYLE_ASSIGNMENT((#21254));
#21254 = SURFACE_STYLE_USAGE(.BOTH.,#21255);
#21255 = SURFACE_SIDE_STYLE('',(#21256));
#21256 = SURFACE_STYLE_FILL_AREA(#21257);
#21257 = FILL_AREA_STYLE('',(#21258));
#21258 = FILL_AREA_STYLE_COLOUR('',#20474);
#21259 = STYLED_ITEM('color',(#21260),#10078);
#21260 = PRESENTATION_STYLE_ASSIGNMENT((#21261));
#21261 = SURFACE_STYLE_USAGE(.BOTH.,#21262);
#21262 = SURFACE_SIDE_STYLE('',(#21263));
#21263 = SURFACE_STYLE_FILL_AREA(#21264);
#21264 = FILL_AREA_STYLE('',(#21265));
#21265 = FILL_AREA_STYLE_COLOUR('',#20474);
#21266 = STYLED_ITEM('color',(#21267),#10102);
#21267 = PRESENTATION_STYLE_ASSIGNMENT((#21268));
#21268 = SURFACE_STYLE_USAGE(.BOTH.,#21269);
#21269 = SURFACE_SIDE_STYLE('',(#21270));
#21270 = SURFACE_STYLE_FILL_AREA(#21271);
#21271 = FILL_AREA_STYLE('',(#21272));
#21272 = FILL_AREA_STYLE_COLOUR('',#20474);
#21273 = STYLED_ITEM('color',(#21274),#10126);
#21274 = PRESENTATION_STYLE_ASSIGNMENT((#21275));
#21275 = SURFACE_STYLE_USAGE(.BOTH.,#21276);
#21276 = SURFACE_SIDE_STYLE('',(#21277));
#21277 = SURFACE_STYLE_FILL_AREA(#21278);
#21278 = FILL_AREA_STYLE('',(#21279));
#21279 = FILL_AREA_STYLE_COLOUR('',#20474);
#21280 = STYLED_ITEM('color',(#21281),#10143);
#21281 = PRESENTATION_STYLE_ASSIGNMENT((#21282));
#21282 = SURFACE_STYLE_USAGE(.BOTH.,#21283);
#21283 = SURFACE_SIDE_STYLE('',(#21284));
#21284 = SURFACE_STYLE_FILL_AREA(#21285);
#21285 = FILL_AREA_STYLE('',(#21286));
#21286 = FILL_AREA_STYLE_COLOUR('',#20474);
#21287 = STYLED_ITEM('color',(#21288),#10174);
#21288 = PRESENTATION_STYLE_ASSIGNMENT((#21289));
#21289 = SURFACE_STYLE_USAGE(.BOTH.,#21290);
#21290 = SURFACE_SIDE_STYLE('',(#21291));
#21291 = SURFACE_STYLE_FILL_AREA(#21292);
#21292 = FILL_AREA_STYLE('',(#21293));
#21293 = FILL_AREA_STYLE_COLOUR('',#20474);
#21294 = STYLED_ITEM('color',(#21295),#10198);
#21295 = PRESENTATION_STYLE_ASSIGNMENT((#21296));
#21296 = SURFACE_STYLE_USAGE(.BOTH.,#21297);
#21297 = SURFACE_SIDE_STYLE('',(#21298));
#21298 = SURFACE_STYLE_FILL_AREA(#21299);
#21299 = FILL_AREA_STYLE('',(#21300));
#21300 = FILL_AREA_STYLE_COLOUR('',#20474);
#21301 = STYLED_ITEM('color',(#21302),#10222);
#21302 = PRESENTATION_STYLE_ASSIGNMENT((#21303));
#21303 = SURFACE_STYLE_USAGE(.BOTH.,#21304);
#21304 = SURFACE_SIDE_STYLE('',(#21305));
#21305 = SURFACE_STYLE_FILL_AREA(#21306);
#21306 = FILL_AREA_STYLE('',(#21307));
#21307 = FILL_AREA_STYLE_COLOUR('',#20474);
#21308 = STYLED_ITEM('color',(#21309),#10239);
#21309 = PRESENTATION_STYLE_ASSIGNMENT((#21310));
#21310 = SURFACE_STYLE_USAGE(.BOTH.,#21311);
#21311 = SURFACE_SIDE_STYLE('',(#21312));
#21312 = SURFACE_STYLE_FILL_AREA(#21313);
#21313 = FILL_AREA_STYLE('',(#21314));
#21314 = FILL_AREA_STYLE_COLOUR('',#20474);
#21315 = STYLED_ITEM('color',(#21316),#10256);
#21316 = PRESENTATION_STYLE_ASSIGNMENT((#21317));
#21317 = SURFACE_STYLE_USAGE(.BOTH.,#21318);
#21318 = SURFACE_SIDE_STYLE('',(#21319));
#21319 = SURFACE_STYLE_FILL_AREA(#21320);
#21320 = FILL_AREA_STYLE('',(#21321));
#21321 = FILL_AREA_STYLE_COLOUR('',#20474);
#21322 = STYLED_ITEM('color',(#21323),#10273);
#21323 = PRESENTATION_STYLE_ASSIGNMENT((#21324));
#21324 = SURFACE_STYLE_USAGE(.BOTH.,#21325);
#21325 = SURFACE_SIDE_STYLE('',(#21326));
#21326 = SURFACE_STYLE_FILL_AREA(#21327);
#21327 = FILL_AREA_STYLE('',(#21328));
#21328 = FILL_AREA_STYLE_COLOUR('',#20474);
#21329 = STYLED_ITEM('color',(#21330),#10285);
#21330 = PRESENTATION_STYLE_ASSIGNMENT((#21331));
#21331 = SURFACE_STYLE_USAGE(.BOTH.,#21332);
#21332 = SURFACE_SIDE_STYLE('',(#21333));
#21333 = SURFACE_STYLE_FILL_AREA(#21334);
#21334 = FILL_AREA_STYLE('',(#21335));
#21335 = FILL_AREA_STYLE_COLOUR('',#20474);
#21336 = STYLED_ITEM('color',(#21337),#10297);
#21337 = PRESENTATION_STYLE_ASSIGNMENT((#21338));
#21338 = SURFACE_STYLE_USAGE(.BOTH.,#21339);
#21339 = SURFACE_SIDE_STYLE('',(#21340));
#21340 = SURFACE_STYLE_FILL_AREA(#21341);
#21341 = FILL_AREA_STYLE('',(#21342));
#21342 = FILL_AREA_STYLE_COLOUR('',#20474);
#21343 = STYLED_ITEM('color',(#21344),#10309);
#21344 = PRESENTATION_STYLE_ASSIGNMENT((#21345));
#21345 = SURFACE_STYLE_USAGE(.BOTH.,#21346);
#21346 = SURFACE_SIDE_STYLE('',(#21347));
#21347 = SURFACE_STYLE_FILL_AREA(#21348);
#21348 = FILL_AREA_STYLE('',(#21349));
#21349 = FILL_AREA_STYLE_COLOUR('',#20474);
#21350 = STYLED_ITEM('color',(#21351),#10321);
#21351 = PRESENTATION_STYLE_ASSIGNMENT((#21352));
#21352 = SURFACE_STYLE_USAGE(.BOTH.,#21353);
#21353 = SURFACE_SIDE_STYLE('',(#21354));
#21354 = SURFACE_STYLE_FILL_AREA(#21355);
#21355 = FILL_AREA_STYLE('',(#21356));
#21356 = FILL_AREA_STYLE_COLOUR('',#20474);
#21357 = STYLED_ITEM('color',(#21358),#10333);
#21358 = PRESENTATION_STYLE_ASSIGNMENT((#21359));
#21359 = SURFACE_STYLE_USAGE(.BOTH.,#21360);
#21360 = SURFACE_SIDE_STYLE('',(#21361));
#21361 = SURFACE_STYLE_FILL_AREA(#21362);
#21362 = FILL_AREA_STYLE('',(#21363));
#21363 = FILL_AREA_STYLE_COLOUR('',#20474);
#21364 = STYLED_ITEM('color',(#21365),#10345);
#21365 = PRESENTATION_STYLE_ASSIGNMENT((#21366));
#21366 = SURFACE_STYLE_USAGE(.BOTH.,#21367);
#21367 = SURFACE_SIDE_STYLE('',(#21368));
#21368 = SURFACE_STYLE_FILL_AREA(#21369);
#21369 = FILL_AREA_STYLE('',(#21370));
#21370 = FILL_AREA_STYLE_COLOUR('',#20474);
#21371 = STYLED_ITEM('color',(#21372),#10357);
#21372 = PRESENTATION_STYLE_ASSIGNMENT((#21373));
#21373 = SURFACE_STYLE_USAGE(.BOTH.,#21374);
#21374 = SURFACE_SIDE_STYLE('',(#21375));
#21375 = SURFACE_STYLE_FILL_AREA(#21376);
#21376 = FILL_AREA_STYLE('',(#21377));
#21377 = FILL_AREA_STYLE_COLOUR('',#20474);
#21378 = STYLED_ITEM('color',(#21379),#10374);
#21379 = PRESENTATION_STYLE_ASSIGNMENT((#21380));
#21380 = SURFACE_STYLE_USAGE(.BOTH.,#21381);
#21381 = SURFACE_SIDE_STYLE('',(#21382));
#21382 = SURFACE_STYLE_FILL_AREA(#21383);
#21383 = FILL_AREA_STYLE('',(#21384));
#21384 = FILL_AREA_STYLE_COLOUR('',#20474);
#21385 = STYLED_ITEM('color',(#21386),#10391);
#21386 = PRESENTATION_STYLE_ASSIGNMENT((#21387));
#21387 = SURFACE_STYLE_USAGE(.BOTH.,#21388);
#21388 = SURFACE_SIDE_STYLE('',(#21389));
#21389 = SURFACE_STYLE_FILL_AREA(#21390);
#21390 = FILL_AREA_STYLE('',(#21391));
#21391 = FILL_AREA_STYLE_COLOUR('',#20474);
#21392 = STYLED_ITEM('color',(#21393),#10403);
#21393 = PRESENTATION_STYLE_ASSIGNMENT((#21394));
#21394 = SURFACE_STYLE_USAGE(.BOTH.,#21395);
#21395 = SURFACE_SIDE_STYLE('',(#21396));
#21396 = SURFACE_STYLE_FILL_AREA(#21397);
#21397 = FILL_AREA_STYLE('',(#21398));
#21398 = FILL_AREA_STYLE_COLOUR('',#20474);
#21399 = STYLED_ITEM('color',(#21400),#10434);
#21400 = PRESENTATION_STYLE_ASSIGNMENT((#21401));
#21401 = SURFACE_STYLE_USAGE(.BOTH.,#21402);
#21402 = SURFACE_SIDE_STYLE('',(#21403));
#21403 = SURFACE_STYLE_FILL_AREA(#21404);
#21404 = FILL_AREA_STYLE('',(#21405));
#21405 = FILL_AREA_STYLE_COLOUR('',#20474);
#21406 = STYLED_ITEM('color',(#21407),#10458);
#21407 = PRESENTATION_STYLE_ASSIGNMENT((#21408));
#21408 = SURFACE_STYLE_USAGE(.BOTH.,#21409);
#21409 = SURFACE_SIDE_STYLE('',(#21410));
#21410 = SURFACE_STYLE_FILL_AREA(#21411);
#21411 = FILL_AREA_STYLE('',(#21412));
#21412 = FILL_AREA_STYLE_COLOUR('',#20474);
#21413 = STYLED_ITEM('color',(#21414),#10482);
#21414 = PRESENTATION_STYLE_ASSIGNMENT((#21415));
#21415 = SURFACE_STYLE_USAGE(.BOTH.,#21416);
#21416 = SURFACE_SIDE_STYLE('',(#21417));
#21417 = SURFACE_STYLE_FILL_AREA(#21418);
#21418 = FILL_AREA_STYLE('',(#21419));
#21419 = FILL_AREA_STYLE_COLOUR('',#20474);
#21420 = STYLED_ITEM('color',(#21421),#10499);
#21421 = PRESENTATION_STYLE_ASSIGNMENT((#21422));
#21422 = SURFACE_STYLE_USAGE(.BOTH.,#21423);
#21423 = SURFACE_SIDE_STYLE('',(#21424));
#21424 = SURFACE_STYLE_FILL_AREA(#21425);
#21425 = FILL_AREA_STYLE('',(#21426));
#21426 = FILL_AREA_STYLE_COLOUR('',#20474);
#21427 = STYLED_ITEM('color',(#21428),#10530);
#21428 = PRESENTATION_STYLE_ASSIGNMENT((#21429));
#21429 = SURFACE_STYLE_USAGE(.BOTH.,#21430);
#21430 = SURFACE_SIDE_STYLE('',(#21431));
#21431 = SURFACE_STYLE_FILL_AREA(#21432);
#21432 = FILL_AREA_STYLE('',(#21433));
#21433 = FILL_AREA_STYLE_COLOUR('',#20474);
#21434 = STYLED_ITEM('color',(#21435),#10554);
#21435 = PRESENTATION_STYLE_ASSIGNMENT((#21436));
#21436 = SURFACE_STYLE_USAGE(.BOTH.,#21437);
#21437 = SURFACE_SIDE_STYLE('',(#21438));
#21438 = SURFACE_STYLE_FILL_AREA(#21439);
#21439 = FILL_AREA_STYLE('',(#21440));
#21440 = FILL_AREA_STYLE_COLOUR('',#20474);
#21441 = STYLED_ITEM('color',(#21442),#10578);
#21442 = PRESENTATION_STYLE_ASSIGNMENT((#21443));
#21443 = SURFACE_STYLE_USAGE(.BOTH.,#21444);
#21444 = SURFACE_SIDE_STYLE('',(#21445));
#21445 = SURFACE_STYLE_FILL_AREA(#21446);
#21446 = FILL_AREA_STYLE('',(#21447));
#21447 = FILL_AREA_STYLE_COLOUR('',#20474);
#21448 = STYLED_ITEM('color',(#21449),#10595);
#21449 = PRESENTATION_STYLE_ASSIGNMENT((#21450));
#21450 = SURFACE_STYLE_USAGE(.BOTH.,#21451);
#21451 = SURFACE_SIDE_STYLE('',(#21452));
#21452 = SURFACE_STYLE_FILL_AREA(#21453);
#21453 = FILL_AREA_STYLE('',(#21454));
#21454 = FILL_AREA_STYLE_COLOUR('',#20474);
#21455 = STYLED_ITEM('color',(#21456),#10626);
#21456 = PRESENTATION_STYLE_ASSIGNMENT((#21457));
#21457 = SURFACE_STYLE_USAGE(.BOTH.,#21458);
#21458 = SURFACE_SIDE_STYLE('',(#21459));
#21459 = SURFACE_STYLE_FILL_AREA(#21460);
#21460 = FILL_AREA_STYLE('',(#21461));
#21461 = FILL_AREA_STYLE_COLOUR('',#20474);
#21462 = STYLED_ITEM('color',(#21463),#10650);
#21463 = PRESENTATION_STYLE_ASSIGNMENT((#21464));
#21464 = SURFACE_STYLE_USAGE(.BOTH.,#21465);
#21465 = SURFACE_SIDE_STYLE('',(#21466));
#21466 = SURFACE_STYLE_FILL_AREA(#21467);
#21467 = FILL_AREA_STYLE('',(#21468));
#21468 = FILL_AREA_STYLE_COLOUR('',#20474);
#21469 = STYLED_ITEM('color',(#21470),#10674);
#21470 = PRESENTATION_STYLE_ASSIGNMENT((#21471));
#21471 = SURFACE_STYLE_USAGE(.BOTH.,#21472);
#21472 = SURFACE_SIDE_STYLE('',(#21473));
#21473 = SURFACE_STYLE_FILL_AREA(#21474);
#21474 = FILL_AREA_STYLE('',(#21475));
#21475 = FILL_AREA_STYLE_COLOUR('',#20474);
#21476 = STYLED_ITEM('color',(#21477),#10691);
#21477 = PRESENTATION_STYLE_ASSIGNMENT((#21478));
#21478 = SURFACE_STYLE_USAGE(.BOTH.,#21479);
#21479 = SURFACE_SIDE_STYLE('',(#21480));
#21480 = SURFACE_STYLE_FILL_AREA(#21481);
#21481 = FILL_AREA_STYLE('',(#21482));
#21482 = FILL_AREA_STYLE_COLOUR('',#20474);
#21483 = STYLED_ITEM('color',(#21484),#10722);
#21484 = PRESENTATION_STYLE_ASSIGNMENT((#21485));
#21485 = SURFACE_STYLE_USAGE(.BOTH.,#21486);
#21486 = SURFACE_SIDE_STYLE('',(#21487));
#21487 = SURFACE_STYLE_FILL_AREA(#21488);
#21488 = FILL_AREA_STYLE('',(#21489));
#21489 = FILL_AREA_STYLE_COLOUR('',#20474);
#21490 = STYLED_ITEM('color',(#21491),#10746);
#21491 = PRESENTATION_STYLE_ASSIGNMENT((#21492));
#21492 = SURFACE_STYLE_USAGE(.BOTH.,#21493);
#21493 = SURFACE_SIDE_STYLE('',(#21494));
#21494 = SURFACE_STYLE_FILL_AREA(#21495);
#21495 = FILL_AREA_STYLE('',(#21496));
#21496 = FILL_AREA_STYLE_COLOUR('',#20474);
#21497 = STYLED_ITEM('color',(#21498),#10770);
#21498 = PRESENTATION_STYLE_ASSIGNMENT((#21499));
#21499 = SURFACE_STYLE_USAGE(.BOTH.,#21500);
#21500 = SURFACE_SIDE_STYLE('',(#21501));
#21501 = SURFACE_STYLE_FILL_AREA(#21502);
#21502 = FILL_AREA_STYLE('',(#21503));
#21503 = FILL_AREA_STYLE_COLOUR('',#20474);
#21504 = STYLED_ITEM('color',(#21505),#10787);
#21505 = PRESENTATION_STYLE_ASSIGNMENT((#21506));
#21506 = SURFACE_STYLE_USAGE(.BOTH.,#21507);
#21507 = SURFACE_SIDE_STYLE('',(#21508));
#21508 = SURFACE_STYLE_FILL_AREA(#21509);
#21509 = FILL_AREA_STYLE('',(#21510));
#21510 = FILL_AREA_STYLE_COLOUR('',#20474);
#21511 = STYLED_ITEM('color',(#21512),#10818);
#21512 = PRESENTATION_STYLE_ASSIGNMENT((#21513));
#21513 = SURFACE_STYLE_USAGE(.BOTH.,#21514);
#21514 = SURFACE_SIDE_STYLE('',(#21515));
#21515 = SURFACE_STYLE_FILL_AREA(#21516);
#21516 = FILL_AREA_STYLE('',(#21517));
#21517 = FILL_AREA_STYLE_COLOUR('',#20474);
#21518 = STYLED_ITEM('color',(#21519),#10842);
#21519 = PRESENTATION_STYLE_ASSIGNMENT((#21520));
#21520 = SURFACE_STYLE_USAGE(.BOTH.,#21521);
#21521 = SURFACE_SIDE_STYLE('',(#21522));
#21522 = SURFACE_STYLE_FILL_AREA(#21523);
#21523 = FILL_AREA_STYLE('',(#21524));
#21524 = FILL_AREA_STYLE_COLOUR('',#20474);
#21525 = STYLED_ITEM('color',(#21526),#10866);
#21526 = PRESENTATION_STYLE_ASSIGNMENT((#21527));
#21527 = SURFACE_STYLE_USAGE(.BOTH.,#21528);
#21528 = SURFACE_SIDE_STYLE('',(#21529));
#21529 = SURFACE_STYLE_FILL_AREA(#21530);
#21530 = FILL_AREA_STYLE('',(#21531));
#21531 = FILL_AREA_STYLE_COLOUR('',#20474);
#21532 = STYLED_ITEM('color',(#21533),#10883);
#21533 = PRESENTATION_STYLE_ASSIGNMENT((#21534));
#21534 = SURFACE_STYLE_USAGE(.BOTH.,#21535);
#21535 = SURFACE_SIDE_STYLE('',(#21536));
#21536 = SURFACE_STYLE_FILL_AREA(#21537);
#21537 = FILL_AREA_STYLE('',(#21538));
#21538 = FILL_AREA_STYLE_COLOUR('',#20474);
#21539 = STYLED_ITEM('color',(#21540),#10914);
#21540 = PRESENTATION_STYLE_ASSIGNMENT((#21541));
#21541 = SURFACE_STYLE_USAGE(.BOTH.,#21542);
#21542 = SURFACE_SIDE_STYLE('',(#21543));
#21543 = SURFACE_STYLE_FILL_AREA(#21544);
#21544 = FILL_AREA_STYLE('',(#21545));
#21545 = FILL_AREA_STYLE_COLOUR('',#20474);
#21546 = STYLED_ITEM('color',(#21547),#10938);
#21547 = PRESENTATION_STYLE_ASSIGNMENT((#21548));
#21548 = SURFACE_STYLE_USAGE(.BOTH.,#21549);
#21549 = SURFACE_SIDE_STYLE('',(#21550));
#21550 = SURFACE_STYLE_FILL_AREA(#21551);
#21551 = FILL_AREA_STYLE('',(#21552));
#21552 = FILL_AREA_STYLE_COLOUR('',#20474);
#21553 = STYLED_ITEM('color',(#21554),#10962);
#21554 = PRESENTATION_STYLE_ASSIGNMENT((#21555));
#21555 = SURFACE_STYLE_USAGE(.BOTH.,#21556);
#21556 = SURFACE_SIDE_STYLE('',(#21557));
#21557 = SURFACE_STYLE_FILL_AREA(#21558);
#21558 = FILL_AREA_STYLE('',(#21559));
#21559 = FILL_AREA_STYLE_COLOUR('',#20474);
#21560 = STYLED_ITEM('color',(#21561),#10979);
#21561 = PRESENTATION_STYLE_ASSIGNMENT((#21562));
#21562 = SURFACE_STYLE_USAGE(.BOTH.,#21563);
#21563 = SURFACE_SIDE_STYLE('',(#21564));
#21564 = SURFACE_STYLE_FILL_AREA(#21565);
#21565 = FILL_AREA_STYLE('',(#21566));
#21566 = FILL_AREA_STYLE_COLOUR('',#20474);
#21567 = STYLED_ITEM('color',(#21568),#11010);
#21568 = PRESENTATION_STYLE_ASSIGNMENT((#21569));
#21569 = SURFACE_STYLE_USAGE(.BOTH.,#21570);
#21570 = SURFACE_SIDE_STYLE('',(#21571));
#21571 = SURFACE_STYLE_FILL_AREA(#21572);
#21572 = FILL_AREA_STYLE('',(#21573));
#21573 = FILL_AREA_STYLE_COLOUR('',#20474);
#21574 = STYLED_ITEM('color',(#21575),#11034);
#21575 = PRESENTATION_STYLE_ASSIGNMENT((#21576));
#21576 = SURFACE_STYLE_USAGE(.BOTH.,#21577);
#21577 = SURFACE_SIDE_STYLE('',(#21578));
#21578 = SURFACE_STYLE_FILL_AREA(#21579);
#21579 = FILL_AREA_STYLE('',(#21580));
#21580 = FILL_AREA_STYLE_COLOUR('',#20474);
#21581 = STYLED_ITEM('color',(#21582),#11058);
#21582 = PRESENTATION_STYLE_ASSIGNMENT((#21583));
#21583 = SURFACE_STYLE_USAGE(.BOTH.,#21584);
#21584 = SURFACE_SIDE_STYLE('',(#21585));
#21585 = SURFACE_STYLE_FILL_AREA(#21586);
#21586 = FILL_AREA_STYLE('',(#21587));
#21587 = FILL_AREA_STYLE_COLOUR('',#20474);
#21588 = STYLED_ITEM('color',(#21589),#11075);
#21589 = PRESENTATION_STYLE_ASSIGNMENT((#21590));
#21590 = SURFACE_STYLE_USAGE(.BOTH.,#21591);
#21591 = SURFACE_SIDE_STYLE('',(#21592));
#21592 = SURFACE_STYLE_FILL_AREA(#21593);
#21593 = FILL_AREA_STYLE('',(#21594));
#21594 = FILL_AREA_STYLE_COLOUR('',#20474);
#21595 = STYLED_ITEM('color',(#21596),#11106);
#21596 = PRESENTATION_STYLE_ASSIGNMENT((#21597));
#21597 = SURFACE_STYLE_USAGE(.BOTH.,#21598);
#21598 = SURFACE_SIDE_STYLE('',(#21599));
#21599 = SURFACE_STYLE_FILL_AREA(#21600);
#21600 = FILL_AREA_STYLE('',(#21601));
#21601 = FILL_AREA_STYLE_COLOUR('',#20474);
#21602 = STYLED_ITEM('color',(#21603),#11130);
#21603 = PRESENTATION_STYLE_ASSIGNMENT((#21604));
#21604 = SURFACE_STYLE_USAGE(.BOTH.,#21605);
#21605 = SURFACE_SIDE_STYLE('',(#21606));
#21606 = SURFACE_STYLE_FILL_AREA(#21607);
#21607 = FILL_AREA_STYLE('',(#21608));
#21608 = FILL_AREA_STYLE_COLOUR('',#20474);
#21609 = STYLED_ITEM('color',(#21610),#11154);
#21610 = PRESENTATION_STYLE_ASSIGNMENT((#21611));
#21611 = SURFACE_STYLE_USAGE(.BOTH.,#21612);
#21612 = SURFACE_SIDE_STYLE('',(#21613));
#21613 = SURFACE_STYLE_FILL_AREA(#21614);
#21614 = FILL_AREA_STYLE('',(#21615));
#21615 = FILL_AREA_STYLE_COLOUR('',#20474);
#21616 = STYLED_ITEM('color',(#21617),#11171);
#21617 = PRESENTATION_STYLE_ASSIGNMENT((#21618));
#21618 = SURFACE_STYLE_USAGE(.BOTH.,#21619);
#21619 = SURFACE_SIDE_STYLE('',(#21620));
#21620 = SURFACE_STYLE_FILL_AREA(#21621);
#21621 = FILL_AREA_STYLE('',(#21622));
#21622 = FILL_AREA_STYLE_COLOUR('',#20474);
#21623 = STYLED_ITEM('color',(#21624),#11183);
#21624 = PRESENTATION_STYLE_ASSIGNMENT((#21625));
#21625 = SURFACE_STYLE_USAGE(.BOTH.,#21626);
#21626 = SURFACE_SIDE_STYLE('',(#21627));
#21627 = SURFACE_STYLE_FILL_AREA(#21628);
#21628 = FILL_AREA_STYLE('',(#21629));
#21629 = FILL_AREA_STYLE_COLOUR('',#20474);
#21630 = STYLED_ITEM('color',(#21631),#11195);
#21631 = PRESENTATION_STYLE_ASSIGNMENT((#21632));
#21632 = SURFACE_STYLE_USAGE(.BOTH.,#21633);
#21633 = SURFACE_SIDE_STYLE('',(#21634));
#21634 = SURFACE_STYLE_FILL_AREA(#21635);
#21635 = FILL_AREA_STYLE('',(#21636));
#21636 = FILL_AREA_STYLE_COLOUR('',#20474);
#21637 = STYLED_ITEM('color',(#21638),#11207);
#21638 = PRESENTATION_STYLE_ASSIGNMENT((#21639));
#21639 = SURFACE_STYLE_USAGE(.BOTH.,#21640);
#21640 = SURFACE_SIDE_STYLE('',(#21641));
#21641 = SURFACE_STYLE_FILL_AREA(#21642);
#21642 = FILL_AREA_STYLE('',(#21643));
#21643 = FILL_AREA_STYLE_COLOUR('',#20474);
#21644 = STYLED_ITEM('color',(#21645),#11219);
#21645 = PRESENTATION_STYLE_ASSIGNMENT((#21646));
#21646 = SURFACE_STYLE_USAGE(.BOTH.,#21647);
#21647 = SURFACE_SIDE_STYLE('',(#21648));
#21648 = SURFACE_STYLE_FILL_AREA(#21649);
#21649 = FILL_AREA_STYLE('',(#21650));
#21650 = FILL_AREA_STYLE_COLOUR('',#20474);
#21651 = STYLED_ITEM('color',(#21652),#11231);
#21652 = PRESENTATION_STYLE_ASSIGNMENT((#21653));
#21653 = SURFACE_STYLE_USAGE(.BOTH.,#21654);
#21654 = SURFACE_SIDE_STYLE('',(#21655));
#21655 = SURFACE_STYLE_FILL_AREA(#21656);
#21656 = FILL_AREA_STYLE('',(#21657));
#21657 = FILL_AREA_STYLE_COLOUR('',#20474);
#21658 = STYLED_ITEM('color',(#21659),#11243);
#21659 = PRESENTATION_STYLE_ASSIGNMENT((#21660));
#21660 = SURFACE_STYLE_USAGE(.BOTH.,#21661);
#21661 = SURFACE_SIDE_STYLE('',(#21662));
#21662 = SURFACE_STYLE_FILL_AREA(#21663);
#21663 = FILL_AREA_STYLE('',(#21664));
#21664 = FILL_AREA_STYLE_COLOUR('',#20474);
#21665 = STYLED_ITEM('color',(#21666),#11255);
#21666 = PRESENTATION_STYLE_ASSIGNMENT((#21667));
#21667 = SURFACE_STYLE_USAGE(.BOTH.,#21668);
#21668 = SURFACE_SIDE_STYLE('',(#21669));
#21669 = SURFACE_STYLE_FILL_AREA(#21670);
#21670 = FILL_AREA_STYLE('',(#21671));
#21671 = FILL_AREA_STYLE_COLOUR('',#20474);
#21672 = MECHANICAL_DESIGN_GEOMETRIC_PRESENTATION_REPRESENTATION('',(
    #21673,#21681,#21688,#21695,#21702,#21709,#21716,#21723,#21731,
    #21738,#21745,#21752,#21759,#21766,#21774,#21781,#21788,#21795,
    #21802,#21809,#21816,#21823,#21830,#21837,#21844,#21851),#898);
#21673 = STYLED_ITEM('color',(#21674),#110);
#21674 = PRESENTATION_STYLE_ASSIGNMENT((#21675));
#21675 = SURFACE_STYLE_USAGE(.BOTH.,#21676);
#21676 = SURFACE_SIDE_STYLE('',(#21677));
#21677 = SURFACE_STYLE_FILL_AREA(#21678);
#21678 = FILL_AREA_STYLE('',(#21679));
#21679 = FILL_AREA_STYLE_COLOUR('',#21680);
#21680 = COLOUR_RGB('',0.823999987314,0.819999987296,0.781000009244);
#21681 = STYLED_ITEM('color',(#21682),#150);
#21682 = PRESENTATION_STYLE_ASSIGNMENT((#21683));
#21683 = SURFACE_STYLE_USAGE(.BOTH.,#21684);
#21684 = SURFACE_SIDE_STYLE('',(#21685));
#21685 = SURFACE_STYLE_FILL_AREA(#21686);
#21686 = FILL_AREA_STYLE('',(#21687));
#21687 = FILL_AREA_STYLE_COLOUR('',#21680);
#21688 = STYLED_ITEM('color',(#21689),#233);
#21689 = PRESENTATION_STYLE_ASSIGNMENT((#21690));
#21690 = SURFACE_STYLE_USAGE(.BOTH.,#21691);
#21691 = SURFACE_SIDE_STYLE('',(#21692));
#21692 = SURFACE_STYLE_FILL_AREA(#21693);
#21693 = FILL_AREA_STYLE('',(#21694));
#21694 = FILL_AREA_STYLE_COLOUR('',#21680);
#21695 = STYLED_ITEM('color',(#21696),#258);
#21696 = PRESENTATION_STYLE_ASSIGNMENT((#21697));
#21697 = SURFACE_STYLE_USAGE(.BOTH.,#21698);
#21698 = SURFACE_SIDE_STYLE('',(#21699));
#21699 = SURFACE_STYLE_FILL_AREA(#21700);
#21700 = FILL_AREA_STYLE('',(#21701));
#21701 = FILL_AREA_STYLE_COLOUR('',#21680);
#21702 = STYLED_ITEM('color',(#21703),#283);
#21703 = PRESENTATION_STYLE_ASSIGNMENT((#21704));
#21704 = SURFACE_STYLE_USAGE(.BOTH.,#21705);
#21705 = SURFACE_SIDE_STYLE('',(#21706));
#21706 = SURFACE_STYLE_FILL_AREA(#21707);
#21707 = FILL_AREA_STYLE('',(#21708));
#21708 = FILL_AREA_STYLE_COLOUR('',#21680);
#21709 = STYLED_ITEM('color',(#21710),#350);
#21710 = PRESENTATION_STYLE_ASSIGNMENT((#21711));
#21711 = SURFACE_STYLE_USAGE(.BOTH.,#21712);
#21712 = SURFACE_SIDE_STYLE('',(#21713));
#21713 = SURFACE_STYLE_FILL_AREA(#21714);
#21714 = FILL_AREA_STYLE('',(#21715));
#21715 = FILL_AREA_STYLE_COLOUR('',#21680);
#21716 = STYLED_ITEM('color',(#21717),#367);
#21717 = PRESENTATION_STYLE_ASSIGNMENT((#21718));
#21718 = SURFACE_STYLE_USAGE(.BOTH.,#21719);
#21719 = SURFACE_SIDE_STYLE('',(#21720));
#21720 = SURFACE_STYLE_FILL_AREA(#21721);
#21721 = FILL_AREA_STYLE('',(#21722));
#21722 = FILL_AREA_STYLE_COLOUR('',#21680);
#21723 = STYLED_ITEM('color',(#21724),#384);
#21724 = PRESENTATION_STYLE_ASSIGNMENT((#21725));
#21725 = SURFACE_STYLE_USAGE(.BOTH.,#21726);
#21726 = SURFACE_SIDE_STYLE('',(#21727));
#21727 = SURFACE_STYLE_FILL_AREA(#21728);
#21728 = FILL_AREA_STYLE('',(#21729));
#21729 = FILL_AREA_STYLE_COLOUR('',#21730);
#21730 = COLOUR_RGB('',0.894999966383,0.890999961016,0.813000030345);
#21731 = STYLED_ITEM('color',(#21732),#433);
#21732 = PRESENTATION_STYLE_ASSIGNMENT((#21733));
#21733 = SURFACE_STYLE_USAGE(.BOTH.,#21734);
#21734 = SURFACE_SIDE_STYLE('',(#21735));
#21735 = SURFACE_STYLE_FILL_AREA(#21736);
#21736 = FILL_AREA_STYLE('',(#21737));
#21737 = FILL_AREA_STYLE_COLOUR('',#21680);
#21738 = STYLED_ITEM('color',(#21739),#450);
#21739 = PRESENTATION_STYLE_ASSIGNMENT((#21740));
#21740 = SURFACE_STYLE_USAGE(.BOTH.,#21741);
#21741 = SURFACE_SIDE_STYLE('',(#21742));
#21742 = SURFACE_STYLE_FILL_AREA(#21743);
#21743 = FILL_AREA_STYLE('',(#21744));
#21744 = FILL_AREA_STYLE_COLOUR('',#21680);
#21745 = STYLED_ITEM('color',(#21746),#467);
#21746 = PRESENTATION_STYLE_ASSIGNMENT((#21747));
#21747 = SURFACE_STYLE_USAGE(.BOTH.,#21748);
#21748 = SURFACE_SIDE_STYLE('',(#21749));
#21749 = SURFACE_STYLE_FILL_AREA(#21750);
#21750 = FILL_AREA_STYLE('',(#21751));
#21751 = FILL_AREA_STYLE_COLOUR('',#21730);
#21752 = STYLED_ITEM('color',(#21753),#516);
#21753 = PRESENTATION_STYLE_ASSIGNMENT((#21754));
#21754 = SURFACE_STYLE_USAGE(.BOTH.,#21755);
#21755 = SURFACE_SIDE_STYLE('',(#21756));
#21756 = SURFACE_STYLE_FILL_AREA(#21757);
#21757 = FILL_AREA_STYLE('',(#21758));
#21758 = FILL_AREA_STYLE_COLOUR('',#21730);
#21759 = STYLED_ITEM('color',(#21760),#533);
#21760 = PRESENTATION_STYLE_ASSIGNMENT((#21761));
#21761 = SURFACE_STYLE_USAGE(.BOTH.,#21762);
#21762 = SURFACE_SIDE_STYLE('',(#21763));
#21763 = SURFACE_STYLE_FILL_AREA(#21764);
#21764 = FILL_AREA_STYLE('',(#21765));
#21765 = FILL_AREA_STYLE_COLOUR('',#21680);
#21766 = STYLED_ITEM('color',(#21767),#602);
#21767 = PRESENTATION_STYLE_ASSIGNMENT((#21768));
#21768 = SURFACE_STYLE_USAGE(.BOTH.,#21769);
#21769 = SURFACE_SIDE_STYLE('',(#21770));
#21770 = SURFACE_STYLE_FILL_AREA(#21771);
#21771 = FILL_AREA_STYLE('',(#21772));
#21772 = FILL_AREA_STYLE_COLOUR('',#21773);
#21773 = COLOUR_RGB('',8.200000279077E-02,8.600000121357E-02,
  9.399999706163E-02);
#21774 = STYLED_ITEM('color',(#21775),#633);
#21775 = PRESENTATION_STYLE_ASSIGNMENT((#21776));
#21776 = SURFACE_STYLE_USAGE(.BOTH.,#21777);
#21777 = SURFACE_SIDE_STYLE('',(#21778));
#21778 = SURFACE_STYLE_FILL_AREA(#21779);
#21779 = FILL_AREA_STYLE('',(#21780));
#21780 = FILL_AREA_STYLE_COLOUR('',#21773);
#21781 = STYLED_ITEM('color',(#21782),#657);
#21782 = PRESENTATION_STYLE_ASSIGNMENT((#21783));
#21783 = SURFACE_STYLE_USAGE(.BOTH.,#21784);
#21784 = SURFACE_SIDE_STYLE('',(#21785));
#21785 = SURFACE_STYLE_FILL_AREA(#21786);
#21786 = FILL_AREA_STYLE('',(#21787));
#21787 = FILL_AREA_STYLE_COLOUR('',#21680);
#21788 = STYLED_ITEM('color',(#21789),#726);
#21789 = PRESENTATION_STYLE_ASSIGNMENT((#21790));
#21790 = SURFACE_STYLE_USAGE(.BOTH.,#21791);
#21791 = SURFACE_SIDE_STYLE('',(#21792));
#21792 = SURFACE_STYLE_FILL_AREA(#21793);
#21793 = FILL_AREA_STYLE('',(#21794));
#21794 = FILL_AREA_STYLE_COLOUR('',#21773);
#21795 = STYLED_ITEM('color',(#21796),#750);
#21796 = PRESENTATION_STYLE_ASSIGNMENT((#21797));
#21797 = SURFACE_STYLE_USAGE(.BOTH.,#21798);
#21798 = SURFACE_SIDE_STYLE('',(#21799));
#21799 = SURFACE_STYLE_FILL_AREA(#21800);
#21800 = FILL_AREA_STYLE('',(#21801));
#21801 = FILL_AREA_STYLE_COLOUR('',#21680);
#21802 = STYLED_ITEM('color',(#21803),#767);
#21803 = PRESENTATION_STYLE_ASSIGNMENT((#21804));
#21804 = SURFACE_STYLE_USAGE(.BOTH.,#21805);
#21805 = SURFACE_SIDE_STYLE('',(#21806));
#21806 = SURFACE_STYLE_FILL_AREA(#21807);
#21807 = FILL_AREA_STYLE('',(#21808));
#21808 = FILL_AREA_STYLE_COLOUR('',#21680);
#21809 = STYLED_ITEM('color',(#21810),#784);
#21810 = PRESENTATION_STYLE_ASSIGNMENT((#21811));
#21811 = SURFACE_STYLE_USAGE(.BOTH.,#21812);
#21812 = SURFACE_SIDE_STYLE('',(#21813));
#21813 = SURFACE_STYLE_FILL_AREA(#21814);
#21814 = FILL_AREA_STYLE('',(#21815));
#21815 = FILL_AREA_STYLE_COLOUR('',#21680);
#21816 = STYLED_ITEM('color',(#21817),#801);
#21817 = PRESENTATION_STYLE_ASSIGNMENT((#21818));
#21818 = SURFACE_STYLE_USAGE(.BOTH.,#21819);
#21819 = SURFACE_SIDE_STYLE('',(#21820));
#21820 = SURFACE_STYLE_FILL_AREA(#21821);
#21821 = FILL_AREA_STYLE('',(#21822));
#21822 = FILL_AREA_STYLE_COLOUR('',#21680);
#21823 = STYLED_ITEM('color',(#21824),#818);
#21824 = PRESENTATION_STYLE_ASSIGNMENT((#21825));
#21825 = SURFACE_STYLE_USAGE(.BOTH.,#21826);
#21826 = SURFACE_SIDE_STYLE('',(#21827));
#21827 = SURFACE_STYLE_FILL_AREA(#21828);
#21828 = FILL_AREA_STYLE('',(#21829));
#21829 = FILL_AREA_STYLE_COLOUR('',#21680);
#21830 = STYLED_ITEM('color',(#21831),#835);
#21831 = PRESENTATION_STYLE_ASSIGNMENT((#21832));
#21832 = SURFACE_STYLE_USAGE(.BOTH.,#21833);
#21833 = SURFACE_SIDE_STYLE('',(#21834));
#21834 = SURFACE_STYLE_FILL_AREA(#21835);
#21835 = FILL_AREA_STYLE('',(#21836));
#21836 = FILL_AREA_STYLE_COLOUR('',#21680);
#21837 = STYLED_ITEM('color',(#21838),#852);
#21838 = PRESENTATION_STYLE_ASSIGNMENT((#21839));
#21839 = SURFACE_STYLE_USAGE(.BOTH.,#21840);
#21840 = SURFACE_SIDE_STYLE('',(#21841));
#21841 = SURFACE_STYLE_FILL_AREA(#21842);
#21842 = FILL_AREA_STYLE('',(#21843));
#21843 = FILL_AREA_STYLE_COLOUR('',#21680);
#21844 = STYLED_ITEM('color',(#21845),#869);
#21845 = PRESENTATION_STYLE_ASSIGNMENT((#21846));
#21846 = SURFACE_STYLE_USAGE(.BOTH.,#21847);
#21847 = SURFACE_SIDE_STYLE('',(#21848));
#21848 = SURFACE_STYLE_FILL_AREA(#21849);
#21849 = FILL_AREA_STYLE('',(#21850));
#21850 = FILL_AREA_STYLE_COLOUR('',#21773);
#21851 = STYLED_ITEM('color',(#21852),#886);
#21852 = PRESENTATION_STYLE_ASSIGNMENT((#21853));
#21853 = SURFACE_STYLE_USAGE(.BOTH.,#21854);
#21854 = SURFACE_SIDE_STYLE('',(#21855));
#21855 = SURFACE_STYLE_FILL_AREA(#21856);
#21856 = FILL_AREA_STYLE('',(#21857));
#21857 = FILL_AREA_STYLE_COLOUR('',#21773);
ENDSEC;
END-ISO-10303-21;
