ISO-10303-21;
HEADER;
/* Generated by software containing ST-Developer
 * from STEP Tools, Inc. (www.steptools.com) 
 */

FILE_DESCRIPTION(
/* description */ (''),
/* implementation_level */ '2;1');

FILE_NAME(
/* name */ 'KICKER ALL.step',
/* time_stamp */ '2025-03-28T22:04:03+08:00',
/* author */ (''),
/* organization */ (''),
/* preprocessor_version */ 'ST-DEVELOPER v20.1',
/* originating_system */ 'Autodesk Translation Framework v14.4.0.0',
/* authorisation */ '');

FILE_SCHEMA (('AUTOMOTIVE_DESIGN { 1 0 10303 214 3 1 1 }'));
ENDSEC;

DATA;
#10=MECHANICAL_DESIGN_GEOMETRIC_PRESENTATION_REPRESENTATION('',(#23,#24),
#8835);
#11=ITEM_DEFINED_TRANSFORMATION($,$,#5219,#5707);
#12=ITEM_DEFINED_TRANSFORMATION($,$,#5549,#5708);
#13=(
REPRESENTATION_RELATIONSHIP($,$,#8849,#8848)
REPRESENTATION_RELATIONSHIP_WITH_TRANSFORMATION(#11)
SHAPE_REPRESENTATION_RELATIONSHIP()
);
#14=(
REPRESENTATION_RELATIONSHIP($,$,#8850,#8848)
REPRESENTATION_RELATIONSHIP_WITH_TRANSFORMATION(#12)
SHAPE_REPRESENTATION_RELATIONSHIP()
);
#15=CONTEXT_DEPENDENT_SHAPE_REPRESENTATION(#13,#8846);
#16=CONTEXT_DEPENDENT_SHAPE_REPRESENTATION(#14,#8847);
#17=NEXT_ASSEMBLY_USAGE_OCCURRENCE('Outer Layer:1','Outer Layer:1',
'Outer Layer:1',#8852,#8853,'Outer Layer:1');
#18=NEXT_ASSEMBLY_USAGE_OCCURRENCE('Inner Layer:1','Inner Layer:1',
'Inner Layer:1',#8852,#8854,'Inner Layer:1');
#19=SHAPE_REPRESENTATION_RELATIONSHIP('SRR','None',#8849,#21);
#20=SHAPE_REPRESENTATION_RELATIONSHIP('SRR','None',#8850,#22);
#21=ADVANCED_BREP_SHAPE_REPRESENTATION('',(#25),#8833);
#22=ADVANCED_BREP_SHAPE_REPRESENTATION('',(#26),#8834);
#23=STYLED_ITEM('',(#8869),#25);
#24=STYLED_ITEM('',(#8869),#26);
#25=MANIFOLD_SOLID_BREP('Body1',#5193);
#26=MANIFOLD_SOLID_BREP('Body1',#5194);
#27=CYLINDRICAL_SURFACE('',#5264,21.4999999999951);
#28=CYLINDRICAL_SURFACE('',#5294,21.4999999999951);
#29=CYLINDRICAL_SURFACE('',#5296,21.4999999999951);
#30=CYLINDRICAL_SURFACE('',#5298,21.4999999999951);
#31=CYLINDRICAL_SURFACE('',#5300,21.4999999999951);
#32=CYLINDRICAL_SURFACE('',#5302,21.4999999999951);
#33=CYLINDRICAL_SURFACE('',#5304,21.4999999999951);
#34=CYLINDRICAL_SURFACE('',#5306,21.4999999999951);
#35=CYLINDRICAL_SURFACE('',#5310,21.4999999999951);
#36=CYLINDRICAL_SURFACE('',#5312,21.4999999999951);
#37=CYLINDRICAL_SURFACE('',#5332,21.4999999999951);
#38=CYLINDRICAL_SURFACE('',#5348,2.2);
#39=CYLINDRICAL_SURFACE('',#5352,2.85);
#40=CYLINDRICAL_SURFACE('',#5356,2.85);
#41=CYLINDRICAL_SURFACE('',#5360,2.85);
#42=CYLINDRICAL_SURFACE('',#5364,2.85);
#43=CYLINDRICAL_SURFACE('',#5374,1.45);
#44=CYLINDRICAL_SURFACE('',#5376,1.45);
#45=CYLINDRICAL_SURFACE('',#5378,1.45);
#46=CYLINDRICAL_SURFACE('',#5380,1.45);
#47=CYLINDRICAL_SURFACE('',#5386,1.24999999999992);
#48=CYLINDRICAL_SURFACE('',#5391,1.24999999999992);
#49=CYLINDRICAL_SURFACE('',#5412,1.24999999999992);
#50=CYLINDRICAL_SURFACE('',#5417,1.24999999999992);
#51=CYLINDRICAL_SURFACE('',#5422,1.24999999999992);
#52=CYLINDRICAL_SURFACE('',#5427,1.24999999999992);
#53=CYLINDRICAL_SURFACE('',#5432,1.24999999999992);
#54=CYLINDRICAL_SURFACE('',#5437,1.24999999999992);
#55=CYLINDRICAL_SURFACE('',#5443,1.24999999999992);
#56=CYLINDRICAL_SURFACE('',#5448,1.24999999999992);
#57=CYLINDRICAL_SURFACE('',#5454,1.24999999999992);
#58=CYLINDRICAL_SURFACE('',#5459,1.24999999999992);
#59=CYLINDRICAL_SURFACE('',#5465,1.24999999999992);
#60=CYLINDRICAL_SURFACE('',#5470,1.24999999999992);
#61=CYLINDRICAL_SURFACE('',#5475,1.24999999999992);
#62=CYLINDRICAL_SURFACE('',#5480,1.24999999999992);
#63=CYLINDRICAL_SURFACE('',#5485,1.24999999999992);
#64=CYLINDRICAL_SURFACE('',#5490,1.24999999999992);
#65=CYLINDRICAL_SURFACE('',#5495,1.24999999999992);
#66=CYLINDRICAL_SURFACE('',#5500,1.24999999999992);
#67=CYLINDRICAL_SURFACE('',#5505,1.24999999999992);
#68=CYLINDRICAL_SURFACE('',#5510,1.24999999999992);
#69=CYLINDRICAL_SURFACE('',#5515,1.24999999999992);
#70=CYLINDRICAL_SURFACE('',#5520,1.24999999999992);
#71=CYLINDRICAL_SURFACE('',#5525,1.24999999999992);
#72=CYLINDRICAL_SURFACE('',#5530,1.24999999999992);
#73=CYLINDRICAL_SURFACE('',#5531,2.00000000002529);
#74=CYLINDRICAL_SURFACE('',#5532,2.00000000002529);
#75=CYLINDRICAL_SURFACE('',#5533,2.00000000002529);
#76=CYLINDRICAL_SURFACE('',#5534,2.00000000002529);
#77=CYLINDRICAL_SURFACE('',#5536,2.00000000002529);
#78=CYLINDRICAL_SURFACE('',#5537,21.4999999999951);
#79=CYLINDRICAL_SURFACE('',#5538,2.00000000002529);
#80=CYLINDRICAL_SURFACE('',#5540,21.4999999999951);
#81=CYLINDRICAL_SURFACE('',#5541,2.00000000002529);
#82=CYLINDRICAL_SURFACE('',#5543,2.00000000002529);
#83=CYLINDRICAL_SURFACE('',#5544,2.00000000002529);
#84=CYLINDRICAL_SURFACE('',#5545,2.00000000002529);
#85=CYLINDRICAL_SURFACE('',#5546,2.00000000002529);
#86=CYLINDRICAL_SURFACE('',#5547,2.00000000002529);
#87=CYLINDRICAL_SURFACE('',#5548,2.00000000002529);
#88=CYLINDRICAL_SURFACE('',#5591,21.4999999999951);
#89=CYLINDRICAL_SURFACE('',#5614,21.4999999999951);
#90=CYLINDRICAL_SURFACE('',#5617,21.4999999999951);
#91=CYLINDRICAL_SURFACE('',#5619,21.4999999999951);
#92=CYLINDRICAL_SURFACE('',#5621,21.4999999999951);
#93=CYLINDRICAL_SURFACE('',#5623,21.4999999999951);
#94=CYLINDRICAL_SURFACE('',#5625,21.4999999999951);
#95=CYLINDRICAL_SURFACE('',#5627,21.4999999999951);
#96=CYLINDRICAL_SURFACE('',#5629,21.4999999999951);
#97=CYLINDRICAL_SURFACE('',#5631,21.4999999999951);
#98=CYLINDRICAL_SURFACE('',#5636,21.4999999999951);
#99=CYLINDRICAL_SURFACE('',#5655,1.45);
#100=CYLINDRICAL_SURFACE('',#5659,1.45);
#101=CYLINDRICAL_SURFACE('',#5663,1.45);
#102=CYLINDRICAL_SURFACE('',#5667,2.2);
#103=CYLINDRICAL_SURFACE('',#5671,1.45);
#104=CYLINDRICAL_SURFACE('',#5673,2.00000000002529);
#105=CYLINDRICAL_SURFACE('',#5675,2.00000000002529);
#106=CYLINDRICAL_SURFACE('',#5677,2.00000000002529);
#107=CYLINDRICAL_SURFACE('',#5679,2.00000000002529);
#108=CYLINDRICAL_SURFACE('',#5682,2.00000000002529);
#109=CYLINDRICAL_SURFACE('',#5684,21.4999999999951);
#110=CYLINDRICAL_SURFACE('',#5687,2.00000000002529);
#111=CYLINDRICAL_SURFACE('',#5689,21.4999999999951);
#112=CYLINDRICAL_SURFACE('',#5692,2.00000000002529);
#113=CYLINDRICAL_SURFACE('',#5694,2.00000000002529);
#114=CYLINDRICAL_SURFACE('',#5696,2.00000000002529);
#115=CYLINDRICAL_SURFACE('',#5698,2.00000000002529);
#116=CYLINDRICAL_SURFACE('',#5700,2.00000000002529);
#117=CYLINDRICAL_SURFACE('',#5702,2.00000000002529);
#118=CYLINDRICAL_SURFACE('',#5704,2.00000000002529);
#119=FACE_BOUND('',#1533,.T.);
#120=FACE_BOUND('',#1534,.T.);
#121=FACE_BOUND('',#1535,.T.);
#122=FACE_BOUND('',#1536,.T.);
#123=FACE_BOUND('',#1537,.T.);
#124=FACE_BOUND('',#1595,.T.);
#125=FACE_BOUND('',#1597,.T.);
#126=FACE_BOUND('',#1599,.T.);
#127=FACE_BOUND('',#1601,.T.);
#128=FACE_BOUND('',#1615,.T.);
#129=FACE_BOUND('',#1616,.T.);
#130=FACE_BOUND('',#1617,.T.);
#131=FACE_BOUND('',#1618,.T.);
#132=FACE_BOUND('',#1619,.T.);
#133=FACE_BOUND('',#1736,.T.);
#134=FACE_BOUND('',#1737,.T.);
#135=FACE_BOUND('',#1738,.T.);
#136=FACE_BOUND('',#1739,.T.);
#137=FACE_BOUND('',#1740,.T.);
#138=FACE_BOUND('',#1816,.T.);
#139=FACE_BOUND('',#1817,.T.);
#140=FACE_BOUND('',#1818,.T.);
#141=FACE_BOUND('',#1819,.T.);
#142=FACE_BOUND('',#1820,.T.);
#143=LINE('',#7200,#635);
#144=LINE('',#7204,#636);
#145=LINE('',#7208,#637);
#146=LINE('',#7212,#638);
#147=LINE('',#7216,#639);
#148=LINE('',#7220,#640);
#149=LINE('',#7224,#641);
#150=LINE('',#7228,#642);
#151=LINE('',#7232,#643);
#152=LINE('',#7236,#644);
#153=LINE('',#7240,#645);
#154=LINE('',#7244,#646);
#155=LINE('',#7248,#647);
#156=LINE('',#7252,#648);
#157=LINE('',#7256,#649);
#158=LINE('',#7260,#650);
#159=LINE('',#7264,#651);
#160=LINE('',#7268,#652);
#161=LINE('',#7272,#653);
#162=LINE('',#7276,#654);
#163=LINE('',#7280,#655);
#164=LINE('',#7284,#656);
#165=LINE('',#7288,#657);
#166=LINE('',#7292,#658);
#167=LINE('',#7296,#659);
#168=LINE('',#7299,#660);
#169=LINE('',#7312,#661);
#170=LINE('',#7314,#662);
#171=LINE('',#7316,#663);
#172=LINE('',#7320,#664);
#173=LINE('',#7322,#665);
#174=LINE('',#7323,#666);
#175=LINE('',#7336,#667);
#176=LINE('',#7338,#668);
#177=LINE('',#7340,#669);
#178=LINE('',#7344,#670);
#179=LINE('',#7346,#671);
#180=LINE('',#7347,#672);
#181=LINE('',#7360,#673);
#182=LINE('',#7362,#674);
#183=LINE('',#7364,#675);
#184=LINE('',#7368,#676);
#185=LINE('',#7370,#677);
#186=LINE('',#7371,#678);
#187=LINE('',#7375,#679);
#188=LINE('',#7388,#680);
#189=LINE('',#7390,#681);
#190=LINE('',#7392,#682);
#191=LINE('',#7396,#683);
#192=LINE('',#7398,#684);
#193=LINE('',#7399,#685);
#194=LINE('',#7412,#686);
#195=LINE('',#7414,#687);
#196=LINE('',#7416,#688);
#197=LINE('',#7420,#689);
#198=LINE('',#7422,#690);
#199=LINE('',#7423,#691);
#200=LINE('',#7436,#692);
#201=LINE('',#7438,#693);
#202=LINE('',#7440,#694);
#203=LINE('',#7444,#695);
#204=LINE('',#7446,#696);
#205=LINE('',#7447,#697);
#206=LINE('',#7460,#698);
#207=LINE('',#7462,#699);
#208=LINE('',#7464,#700);
#209=LINE('',#7468,#701);
#210=LINE('',#7470,#702);
#211=LINE('',#7471,#703);
#212=LINE('',#7484,#704);
#213=LINE('',#7486,#705);
#214=LINE('',#7488,#706);
#215=LINE('',#7492,#707);
#216=LINE('',#7494,#708);
#217=LINE('',#7495,#709);
#218=LINE('',#7508,#710);
#219=LINE('',#7510,#711);
#220=LINE('',#7512,#712);
#221=LINE('',#7516,#713);
#222=LINE('',#7518,#714);
#223=LINE('',#7519,#715);
#224=LINE('',#7522,#716);
#225=LINE('',#7524,#717);
#226=LINE('',#7528,#718);
#227=LINE('',#7530,#719);
#228=LINE('',#7531,#720);
#229=LINE('',#7544,#721);
#230=LINE('',#7548,#722);
#231=LINE('',#7552,#723);
#232=LINE('',#7556,#724);
#233=LINE('',#7560,#725);
#234=LINE('',#7564,#726);
#235=LINE('',#7568,#727);
#236=LINE('',#7572,#728);
#237=LINE('',#7574,#729);
#238=LINE('',#7576,#730);
#239=LINE('',#7580,#731);
#240=LINE('',#7582,#732);
#241=LINE('',#7583,#733);
#242=LINE('',#7586,#734);
#243=LINE('',#7590,#735);
#244=LINE('',#7604,#736);
#245=LINE('',#7606,#737);
#246=LINE('',#7608,#738);
#247=LINE('',#7612,#739);
#248=LINE('',#7613,#740);
#249=LINE('',#7616,#741);
#250=LINE('',#7618,#742);
#251=LINE('',#7620,#743);
#252=LINE('',#7624,#744);
#253=LINE('',#7625,#745);
#254=LINE('',#7628,#746);
#255=LINE('',#7630,#747);
#256=LINE('',#7632,#748);
#257=LINE('',#7636,#749);
#258=LINE('',#7637,#750);
#259=LINE('',#7640,#751);
#260=LINE('',#7642,#752);
#261=LINE('',#7644,#753);
#262=LINE('',#7648,#754);
#263=LINE('',#7649,#755);
#264=LINE('',#7652,#756);
#265=LINE('',#7654,#757);
#266=LINE('',#7656,#758);
#267=LINE('',#7660,#759);
#268=LINE('',#7661,#760);
#269=LINE('',#7664,#761);
#270=LINE('',#7666,#762);
#271=LINE('',#7668,#763);
#272=LINE('',#7672,#764);
#273=LINE('',#7673,#765);
#274=LINE('',#7676,#766);
#275=LINE('',#7678,#767);
#276=LINE('',#7680,#768);
#277=LINE('',#7684,#769);
#278=LINE('',#7685,#770);
#279=LINE('',#7688,#771);
#280=LINE('',#7690,#772);
#281=LINE('',#7692,#773);
#282=LINE('',#7696,#774);
#283=LINE('',#7697,#775);
#284=LINE('',#7700,#776);
#285=LINE('',#7703,#777);
#286=LINE('',#7706,#778);
#287=LINE('',#7708,#779);
#288=LINE('',#7710,#780);
#289=LINE('',#7714,#781);
#290=LINE('',#7715,#782);
#291=LINE('',#7718,#783);
#292=LINE('',#7720,#784);
#293=LINE('',#7722,#785);
#294=LINE('',#7726,#786);
#295=LINE('',#7727,#787);
#296=LINE('',#7740,#788);
#297=LINE('',#7742,#789);
#298=LINE('',#7744,#790);
#299=LINE('',#7748,#791);
#300=LINE('',#7750,#792);
#301=LINE('',#7751,#793);
#302=LINE('',#7764,#794);
#303=LINE('',#7766,#795);
#304=LINE('',#7768,#796);
#305=LINE('',#7772,#797);
#306=LINE('',#7774,#798);
#307=LINE('',#7775,#799);
#308=LINE('',#7778,#800);
#309=LINE('',#7783,#801);
#310=LINE('',#7786,#802);
#311=LINE('',#7790,#803);
#312=LINE('',#7794,#804);
#313=LINE('',#7798,#805);
#314=LINE('',#7802,#806);
#315=LINE('',#7806,#807);
#316=LINE('',#7810,#808);
#317=LINE('',#7814,#809);
#318=LINE('',#7831,#810);
#319=LINE('',#7835,#811);
#320=LINE('',#7839,#812);
#321=LINE('',#7843,#813);
#322=LINE('',#7847,#814);
#323=LINE('',#7849,#815);
#324=LINE('',#7852,#816);
#325=LINE('',#7855,#817);
#326=LINE('',#7857,#818);
#327=LINE('',#7858,#819);
#328=LINE('',#7860,#820);
#329=LINE('',#7861,#821);
#330=LINE('',#7865,#822);
#331=LINE('',#7868,#823);
#332=LINE('',#7869,#824);
#333=LINE('',#7871,#825);
#334=LINE('',#7872,#826);
#335=LINE('',#7874,#827);
#336=LINE('',#7878,#828);
#337=LINE('',#7880,#829);
#338=LINE('',#7881,#830);
#339=LINE('',#7884,#831);
#340=LINE('',#7886,#832);
#341=LINE('',#7887,#833);
#342=LINE('',#7889,#834);
#343=LINE('',#7891,#835);
#344=LINE('',#7892,#836);
#345=LINE('',#7895,#837);
#346=LINE('',#7897,#838);
#347=LINE('',#7898,#839);
#348=LINE('',#7900,#840);
#349=LINE('',#7902,#841);
#350=LINE('',#7903,#842);
#351=LINE('',#7907,#843);
#352=LINE('',#7909,#844);
#353=LINE('',#7911,#845);
#354=LINE('',#7913,#846);
#355=LINE('',#7914,#847);
#356=LINE('',#7916,#848);
#357=LINE('',#7918,#849);
#358=LINE('',#7919,#850);
#359=LINE('',#7923,#851);
#360=LINE('',#7925,#852);
#361=LINE('',#7927,#853);
#362=LINE('',#7929,#854);
#363=LINE('',#7931,#855);
#364=LINE('',#7934,#856);
#365=LINE('',#7936,#857);
#366=LINE('',#7937,#858);
#367=LINE('',#7941,#859);
#368=LINE('',#7943,#860);
#369=LINE('',#7945,#861);
#370=LINE('',#7947,#862);
#371=LINE('',#7949,#863);
#372=LINE('',#7952,#864);
#373=LINE('',#7954,#865);
#374=LINE('',#7955,#866);
#375=LINE('',#7958,#867);
#376=LINE('',#7960,#868);
#377=LINE('',#7961,#869);
#378=LINE('',#7963,#870);
#379=LINE('',#7965,#871);
#380=LINE('',#7966,#872);
#381=LINE('',#7969,#873);
#382=LINE('',#7971,#874);
#383=LINE('',#7972,#875);
#384=LINE('',#7974,#876);
#385=LINE('',#7976,#877);
#386=LINE('',#7977,#878);
#387=LINE('',#7980,#879);
#388=LINE('',#7982,#880);
#389=LINE('',#7983,#881);
#390=LINE('',#7985,#882);
#391=LINE('',#7987,#883);
#392=LINE('',#7988,#884);
#393=LINE('',#7991,#885);
#394=LINE('',#7993,#886);
#395=LINE('',#7994,#887);
#396=LINE('',#7996,#888);
#397=LINE('',#7998,#889);
#398=LINE('',#7999,#890);
#399=LINE('',#8002,#891);
#400=LINE('',#8004,#892);
#401=LINE('',#8005,#893);
#402=LINE('',#8007,#894);
#403=LINE('',#8009,#895);
#404=LINE('',#8010,#896);
#405=LINE('',#8013,#897);
#406=LINE('',#8015,#898);
#407=LINE('',#8016,#899);
#408=LINE('',#8018,#900);
#409=LINE('',#8020,#901);
#410=LINE('',#8021,#902);
#411=LINE('',#8024,#903);
#412=LINE('',#8026,#904);
#413=LINE('',#8027,#905);
#414=LINE('',#8031,#906);
#415=LINE('',#8034,#907);
#416=LINE('',#8037,#908);
#417=LINE('',#8038,#909);
#418=LINE('',#8040,#910);
#419=LINE('',#8044,#911);
#420=LINE('',#8046,#912);
#421=LINE('',#8048,#913);
#422=LINE('',#8053,#914);
#423=LINE('',#8056,#915);
#424=LINE('',#8059,#916);
#425=LINE('',#8060,#917);
#426=LINE('',#8062,#918);
#427=LINE('',#8066,#919);
#428=LINE('',#8068,#920);
#429=LINE('',#8070,#921);
#430=LINE('',#8075,#922);
#431=LINE('',#8078,#923);
#432=LINE('',#8081,#924);
#433=LINE('',#8082,#925);
#434=LINE('',#8085,#926);
#435=LINE('',#8086,#927);
#436=LINE('',#8090,#928);
#437=LINE('',#8092,#929);
#438=LINE('',#8095,#930);
#439=LINE('',#8096,#931);
#440=LINE('',#8102,#932);
#441=LINE('',#8105,#933);
#442=LINE('',#8108,#934);
#443=LINE('',#8109,#935);
#444=LINE('',#8112,#936);
#445=LINE('',#8113,#937);
#446=LINE('',#8117,#938);
#447=LINE('',#8119,#939);
#448=LINE('',#8122,#940);
#449=LINE('',#8123,#941);
#450=LINE('',#8129,#942);
#451=LINE('',#8132,#943);
#452=LINE('',#8135,#944);
#453=LINE('',#8136,#945);
#454=LINE('',#8139,#946);
#455=LINE('',#8140,#947);
#456=LINE('',#8144,#948);
#457=LINE('',#8146,#949);
#458=LINE('',#8149,#950);
#459=LINE('',#8150,#951);
#460=LINE('',#8156,#952);
#461=LINE('',#8159,#953);
#462=LINE('',#8162,#954);
#463=LINE('',#8163,#955);
#464=LINE('',#8165,#956);
#465=LINE('',#8169,#957);
#466=LINE('',#8171,#958);
#467=LINE('',#8173,#959);
#468=LINE('',#8178,#960);
#469=LINE('',#8181,#961);
#470=LINE('',#8184,#962);
#471=LINE('',#8185,#963);
#472=LINE('',#8187,#964);
#473=LINE('',#8191,#965);
#474=LINE('',#8193,#966);
#475=LINE('',#8195,#967);
#476=LINE('',#8200,#968);
#477=LINE('',#8203,#969);
#478=LINE('',#8206,#970);
#479=LINE('',#8207,#971);
#480=LINE('',#8209,#972);
#481=LINE('',#8213,#973);
#482=LINE('',#8215,#974);
#483=LINE('',#8217,#975);
#484=LINE('',#8222,#976);
#485=LINE('',#8225,#977);
#486=LINE('',#8228,#978);
#487=LINE('',#8229,#979);
#488=LINE('',#8231,#980);
#489=LINE('',#8235,#981);
#490=LINE('',#8237,#982);
#491=LINE('',#8239,#983);
#492=LINE('',#8244,#984);
#493=LINE('',#8247,#985);
#494=LINE('',#8250,#986);
#495=LINE('',#8251,#987);
#496=LINE('',#8253,#988);
#497=LINE('',#8257,#989);
#498=LINE('',#8259,#990);
#499=LINE('',#8261,#991);
#500=LINE('',#8266,#992);
#501=LINE('',#8269,#993);
#502=LINE('',#8272,#994);
#503=LINE('',#8273,#995);
#504=LINE('',#8275,#996);
#505=LINE('',#8279,#997);
#506=LINE('',#8281,#998);
#507=LINE('',#8283,#999);
#508=LINE('',#8288,#1000);
#509=LINE('',#8291,#1001);
#510=LINE('',#8294,#1002);
#511=LINE('',#8295,#1003);
#512=LINE('',#8297,#1004);
#513=LINE('',#8301,#1005);
#514=LINE('',#8303,#1006);
#515=LINE('',#8305,#1007);
#516=LINE('',#8312,#1008);
#517=LINE('',#8316,#1009);
#518=LINE('',#8318,#1010);
#519=LINE('',#8320,#1011);
#520=LINE('',#8323,#1012);
#521=LINE('',#8347,#1013);
#522=LINE('',#8351,#1014);
#523=LINE('',#8355,#1015);
#524=LINE('',#8359,#1016);
#525=LINE('',#8363,#1017);
#526=LINE('',#8367,#1018);
#527=LINE('',#8371,#1019);
#528=LINE('',#8375,#1020);
#529=LINE('',#8379,#1021);
#530=LINE('',#8383,#1022);
#531=LINE('',#8387,#1023);
#532=LINE('',#8391,#1024);
#533=LINE('',#8395,#1025);
#534=LINE('',#8399,#1026);
#535=LINE('',#8403,#1027);
#536=LINE('',#8407,#1028);
#537=LINE('',#8411,#1029);
#538=LINE('',#8415,#1030);
#539=LINE('',#8419,#1031);
#540=LINE('',#8423,#1032);
#541=LINE('',#8427,#1033);
#542=LINE('',#8431,#1034);
#543=LINE('',#8435,#1035);
#544=LINE('',#8439,#1036);
#545=LINE('',#8443,#1037);
#546=LINE('',#8446,#1038);
#547=LINE('',#8459,#1039);
#548=LINE('',#8461,#1040);
#549=LINE('',#8462,#1041);
#550=LINE('',#8475,#1042);
#551=LINE('',#8477,#1043);
#552=LINE('',#8478,#1044);
#553=LINE('',#8491,#1045);
#554=LINE('',#8493,#1046);
#555=LINE('',#8494,#1047);
#556=LINE('',#8498,#1048);
#557=LINE('',#8511,#1049);
#558=LINE('',#8513,#1050);
#559=LINE('',#8514,#1051);
#560=LINE('',#8527,#1052);
#561=LINE('',#8529,#1053);
#562=LINE('',#8530,#1054);
#563=LINE('',#8543,#1055);
#564=LINE('',#8545,#1056);
#565=LINE('',#8546,#1057);
#566=LINE('',#8559,#1058);
#567=LINE('',#8561,#1059);
#568=LINE('',#8562,#1060);
#569=LINE('',#8575,#1061);
#570=LINE('',#8577,#1062);
#571=LINE('',#8578,#1063);
#572=LINE('',#8591,#1064);
#573=LINE('',#8593,#1065);
#574=LINE('',#8594,#1066);
#575=LINE('',#8597,#1067);
#576=LINE('',#8598,#1068);
#577=LINE('',#8611,#1069);
#578=LINE('',#8615,#1070);
#579=LINE('',#8617,#1071);
#580=LINE('',#8618,#1072);
#581=LINE('',#8621,#1073);
#582=LINE('',#8625,#1074);
#583=LINE('',#8629,#1075);
#584=LINE('',#8633,#1076);
#585=LINE('',#8637,#1077);
#586=LINE('',#8641,#1078);
#587=LINE('',#8645,#1079);
#588=LINE('',#8649,#1080);
#589=LINE('',#8663,#1081);
#590=LINE('',#8664,#1082);
#591=LINE('',#8667,#1083);
#592=LINE('',#8670,#1084);
#593=LINE('',#8673,#1085);
#594=LINE('',#8674,#1086);
#595=LINE('',#8677,#1087);
#596=LINE('',#8678,#1088);
#597=LINE('',#8681,#1089);
#598=LINE('',#8682,#1090);
#599=LINE('',#8685,#1091);
#600=LINE('',#8686,#1092);
#601=LINE('',#8689,#1093);
#602=LINE('',#8690,#1094);
#603=LINE('',#8693,#1095);
#604=LINE('',#8694,#1096);
#605=LINE('',#8697,#1097);
#606=LINE('',#8698,#1098);
#607=LINE('',#8701,#1099);
#608=LINE('',#8702,#1100);
#609=LINE('',#8705,#1101);
#610=LINE('',#8706,#1102);
#611=LINE('',#8719,#1103);
#612=LINE('',#8721,#1104);
#613=LINE('',#8722,#1105);
#614=LINE('',#8735,#1106);
#615=LINE('',#8737,#1107);
#616=LINE('',#8738,#1108);
#617=LINE('',#8741,#1109);
#618=LINE('',#8745,#1110);
#619=LINE('',#8749,#1111);
#620=LINE('',#8753,#1112);
#621=LINE('',#8757,#1113);
#622=LINE('',#8761,#1114);
#623=LINE('',#8765,#1115);
#624=LINE('',#8769,#1116);
#625=LINE('',#8773,#1117);
#626=LINE('',#8777,#1118);
#627=LINE('',#8789,#1119);
#628=LINE('',#8791,#1120);
#629=LINE('',#8792,#1121);
#630=LINE('',#8799,#1122);
#631=LINE('',#8800,#1123);
#632=LINE('',#8806,#1124);
#633=LINE('',#8809,#1125);
#634=LINE('',#8810,#1126);
#635=VECTOR('',#5721,10.);
#636=VECTOR('',#5724,10.);
#637=VECTOR('',#5727,10.);
#638=VECTOR('',#5730,10.);
#639=VECTOR('',#5733,10.);
#640=VECTOR('',#5736,10.);
#641=VECTOR('',#5739,10.);
#642=VECTOR('',#5742,10.);
#643=VECTOR('',#5745,10.);
#644=VECTOR('',#5748,10.);
#645=VECTOR('',#5751,10.);
#646=VECTOR('',#5754,10.);
#647=VECTOR('',#5757,10.);
#648=VECTOR('',#5760,10.);
#649=VECTOR('',#5763,10.);
#650=VECTOR('',#5766,10.);
#651=VECTOR('',#5769,10.);
#652=VECTOR('',#5772,10.);
#653=VECTOR('',#5775,10.);
#654=VECTOR('',#5778,10.);
#655=VECTOR('',#5781,10.);
#656=VECTOR('',#5784,10.);
#657=VECTOR('',#5787,10.);
#658=VECTOR('',#5790,10.);
#659=VECTOR('',#5793,10.);
#660=VECTOR('',#5796,10.);
#661=VECTOR('',#5809,10.);
#662=VECTOR('',#5810,10.);
#663=VECTOR('',#5811,10.);
#664=VECTOR('',#5814,10.);
#665=VECTOR('',#5815,10.);
#666=VECTOR('',#5816,10.);
#667=VECTOR('',#5823,10.);
#668=VECTOR('',#5824,10.);
#669=VECTOR('',#5825,10.);
#670=VECTOR('',#5828,10.);
#671=VECTOR('',#5829,10.);
#672=VECTOR('',#5830,10.);
#673=VECTOR('',#5837,10.);
#674=VECTOR('',#5838,10.);
#675=VECTOR('',#5839,10.);
#676=VECTOR('',#5842,10.);
#677=VECTOR('',#5843,10.);
#678=VECTOR('',#5844,10.);
#679=VECTOR('',#5849,10.);
#680=VECTOR('',#5856,10.);
#681=VECTOR('',#5857,10.);
#682=VECTOR('',#5858,10.);
#683=VECTOR('',#5861,10.);
#684=VECTOR('',#5862,10.);
#685=VECTOR('',#5863,10.);
#686=VECTOR('',#5870,10.);
#687=VECTOR('',#5871,10.);
#688=VECTOR('',#5872,10.);
#689=VECTOR('',#5875,10.);
#690=VECTOR('',#5876,10.);
#691=VECTOR('',#5877,10.);
#692=VECTOR('',#5884,10.);
#693=VECTOR('',#5885,10.);
#694=VECTOR('',#5886,10.);
#695=VECTOR('',#5889,10.);
#696=VECTOR('',#5890,10.);
#697=VECTOR('',#5891,10.);
#698=VECTOR('',#5898,10.);
#699=VECTOR('',#5899,10.);
#700=VECTOR('',#5900,10.);
#701=VECTOR('',#5903,10.);
#702=VECTOR('',#5904,10.);
#703=VECTOR('',#5905,10.);
#704=VECTOR('',#5912,10.);
#705=VECTOR('',#5913,10.);
#706=VECTOR('',#5914,10.);
#707=VECTOR('',#5917,10.);
#708=VECTOR('',#5918,10.);
#709=VECTOR('',#5919,10.);
#710=VECTOR('',#5926,10.);
#711=VECTOR('',#5927,10.);
#712=VECTOR('',#5928,10.);
#713=VECTOR('',#5931,10.);
#714=VECTOR('',#5932,10.);
#715=VECTOR('',#5933,10.);
#716=VECTOR('',#5936,10.);
#717=VECTOR('',#5937,10.);
#718=VECTOR('',#5940,10.);
#719=VECTOR('',#5941,10.);
#720=VECTOR('',#5942,10.);
#721=VECTOR('',#5949,10.);
#722=VECTOR('',#5954,10.);
#723=VECTOR('',#5959,10.);
#724=VECTOR('',#5964,10.);
#725=VECTOR('',#5969,10.);
#726=VECTOR('',#5974,10.);
#727=VECTOR('',#5979,10.);
#728=VECTOR('',#5984,10.);
#729=VECTOR('',#5985,10.);
#730=VECTOR('',#5986,10.);
#731=VECTOR('',#5989,10.);
#732=VECTOR('',#5990,10.);
#733=VECTOR('',#5991,10.);
#734=VECTOR('',#5994,10.);
#735=VECTOR('',#5999,10.);
#736=VECTOR('',#6008,10.);
#737=VECTOR('',#6009,10.);
#738=VECTOR('',#6010,10.);
#739=VECTOR('',#6013,10.);
#740=VECTOR('',#6014,10.);
#741=VECTOR('',#6017,10.);
#742=VECTOR('',#6018,10.);
#743=VECTOR('',#6019,10.);
#744=VECTOR('',#6022,10.);
#745=VECTOR('',#6023,10.);
#746=VECTOR('',#6026,10.);
#747=VECTOR('',#6027,10.);
#748=VECTOR('',#6028,10.);
#749=VECTOR('',#6031,10.);
#750=VECTOR('',#6032,10.);
#751=VECTOR('',#6035,10.);
#752=VECTOR('',#6036,10.);
#753=VECTOR('',#6037,10.);
#754=VECTOR('',#6040,10.);
#755=VECTOR('',#6041,10.);
#756=VECTOR('',#6044,10.);
#757=VECTOR('',#6045,10.);
#758=VECTOR('',#6046,10.);
#759=VECTOR('',#6049,10.);
#760=VECTOR('',#6050,10.);
#761=VECTOR('',#6053,10.);
#762=VECTOR('',#6054,10.);
#763=VECTOR('',#6055,10.);
#764=VECTOR('',#6058,10.);
#765=VECTOR('',#6059,10.);
#766=VECTOR('',#6062,10.);
#767=VECTOR('',#6063,10.);
#768=VECTOR('',#6064,10.);
#769=VECTOR('',#6067,10.);
#770=VECTOR('',#6068,10.);
#771=VECTOR('',#6071,10.);
#772=VECTOR('',#6072,10.);
#773=VECTOR('',#6073,10.);
#774=VECTOR('',#6076,10.);
#775=VECTOR('',#6077,10.);
#776=VECTOR('',#6080,10.);
#777=VECTOR('',#6083,10.);
#778=VECTOR('',#6086,10.);
#779=VECTOR('',#6087,10.);
#780=VECTOR('',#6088,10.);
#781=VECTOR('',#6091,10.);
#782=VECTOR('',#6092,10.);
#783=VECTOR('',#6095,10.);
#784=VECTOR('',#6096,10.);
#785=VECTOR('',#6097,10.);
#786=VECTOR('',#6100,10.);
#787=VECTOR('',#6101,10.);
#788=VECTOR('',#6108,10.);
#789=VECTOR('',#6109,10.);
#790=VECTOR('',#6110,10.);
#791=VECTOR('',#6113,10.);
#792=VECTOR('',#6114,10.);
#793=VECTOR('',#6115,10.);
#794=VECTOR('',#6122,10.);
#795=VECTOR('',#6123,10.);
#796=VECTOR('',#6124,10.);
#797=VECTOR('',#6127,10.);
#798=VECTOR('',#6128,10.);
#799=VECTOR('',#6129,10.);
#800=VECTOR('',#6132,2.45);
#801=VECTOR('',#6139,2.2);
#802=VECTOR('',#6142,3.1);
#803=VECTOR('',#6147,2.85);
#804=VECTOR('',#6152,3.1);
#805=VECTOR('',#6157,2.85);
#806=VECTOR('',#6162,3.1);
#807=VECTOR('',#6167,2.85);
#808=VECTOR('',#6172,3.1);
#809=VECTOR('',#6177,2.85);
#810=VECTOR('',#6200,1.45);
#811=VECTOR('',#6205,1.45);
#812=VECTOR('',#6210,1.45);
#813=VECTOR('',#6215,1.45);
#814=VECTOR('',#6218,10.);
#815=VECTOR('',#6219,10.);
#816=VECTOR('',#6222,10.);
#817=VECTOR('',#6225,10.);
#818=VECTOR('',#6226,10.);
#819=VECTOR('',#6227,10.);
#820=VECTOR('',#6230,10.);
#821=VECTOR('',#6231,10.);
#822=VECTOR('',#6236,10.);
#823=VECTOR('',#6239,10.);
#824=VECTOR('',#6240,10.);
#825=VECTOR('',#6243,10.);
#826=VECTOR('',#6244,10.);
#827=VECTOR('',#6247,10.);
#828=VECTOR('',#6252,10.);
#829=VECTOR('',#6253,10.);
#830=VECTOR('',#6254,10.);
#831=VECTOR('',#6257,10.);
#832=VECTOR('',#6258,10.);
#833=VECTOR('',#6259,10.);
#834=VECTOR('',#6260,10.);
#835=VECTOR('',#6261,10.);
#836=VECTOR('',#6262,10.);
#837=VECTOR('',#6265,10.);
#838=VECTOR('',#6266,10.);
#839=VECTOR('',#6267,10.);
#840=VECTOR('',#6268,10.);
#841=VECTOR('',#6269,10.);
#842=VECTOR('',#6270,10.);
#843=VECTOR('',#6273,10.);
#844=VECTOR('',#6274,10.);
#845=VECTOR('',#6275,10.);
#846=VECTOR('',#6276,10.);
#847=VECTOR('',#6277,10.);
#848=VECTOR('',#6278,10.);
#849=VECTOR('',#6279,10.);
#850=VECTOR('',#6280,10.);
#851=VECTOR('',#6283,10.);
#852=VECTOR('',#6284,10.);
#853=VECTOR('',#6285,10.);
#854=VECTOR('',#6286,10.);
#855=VECTOR('',#6287,10.);
#856=VECTOR('',#6290,10.);
#857=VECTOR('',#6291,10.);
#858=VECTOR('',#6292,10.);
#859=VECTOR('',#6295,10.);
#860=VECTOR('',#6296,10.);
#861=VECTOR('',#6297,10.);
#862=VECTOR('',#6298,10.);
#863=VECTOR('',#6299,10.);
#864=VECTOR('',#6302,10.);
#865=VECTOR('',#6303,10.);
#866=VECTOR('',#6304,10.);
#867=VECTOR('',#6307,10.);
#868=VECTOR('',#6308,10.);
#869=VECTOR('',#6309,10.);
#870=VECTOR('',#6310,10.);
#871=VECTOR('',#6311,10.);
#872=VECTOR('',#6312,10.);
#873=VECTOR('',#6315,10.);
#874=VECTOR('',#6316,10.);
#875=VECTOR('',#6317,10.);
#876=VECTOR('',#6318,10.);
#877=VECTOR('',#6319,10.);
#878=VECTOR('',#6320,10.);
#879=VECTOR('',#6323,10.);
#880=VECTOR('',#6324,10.);
#881=VECTOR('',#6325,10.);
#882=VECTOR('',#6326,10.);
#883=VECTOR('',#6327,10.);
#884=VECTOR('',#6328,10.);
#885=VECTOR('',#6331,10.);
#886=VECTOR('',#6332,10.);
#887=VECTOR('',#6333,10.);
#888=VECTOR('',#6334,10.);
#889=VECTOR('',#6335,10.);
#890=VECTOR('',#6336,10.);
#891=VECTOR('',#6339,10.);
#892=VECTOR('',#6340,10.);
#893=VECTOR('',#6341,10.);
#894=VECTOR('',#6342,10.);
#895=VECTOR('',#6343,10.);
#896=VECTOR('',#6344,10.);
#897=VECTOR('',#6347,10.);
#898=VECTOR('',#6348,10.);
#899=VECTOR('',#6349,10.);
#900=VECTOR('',#6350,10.);
#901=VECTOR('',#6351,10.);
#902=VECTOR('',#6352,10.);
#903=VECTOR('',#6355,10.);
#904=VECTOR('',#6356,10.);
#905=VECTOR('',#6357,10.);
#906=VECTOR('',#6362,10.);
#907=VECTOR('',#6365,10.);
#908=VECTOR('',#6368,10.);
#909=VECTOR('',#6369,10.);
#910=VECTOR('',#6372,10.);
#911=VECTOR('',#6377,10.);
#912=VECTOR('',#6380,10.);
#913=VECTOR('',#6383,10.);
#914=VECTOR('',#6390,10.);
#915=VECTOR('',#6393,10.);
#916=VECTOR('',#6396,10.);
#917=VECTOR('',#6397,10.);
#918=VECTOR('',#6400,10.);
#919=VECTOR('',#6405,10.);
#920=VECTOR('',#6408,10.);
#921=VECTOR('',#6411,10.);
#922=VECTOR('',#6418,10.);
#923=VECTOR('',#6421,10.);
#924=VECTOR('',#6424,10.);
#925=VECTOR('',#6425,10.);
#926=VECTOR('',#6428,10.);
#927=VECTOR('',#6429,10.);
#928=VECTOR('',#6434,10.);
#929=VECTOR('',#6437,10.);
#930=VECTOR('',#6440,10.);
#931=VECTOR('',#6441,10.);
#932=VECTOR('',#6450,10.);
#933=VECTOR('',#6453,10.);
#934=VECTOR('',#6456,10.);
#935=VECTOR('',#6457,10.);
#936=VECTOR('',#6460,10.);
#937=VECTOR('',#6461,10.);
#938=VECTOR('',#6466,10.);
#939=VECTOR('',#6469,10.);
#940=VECTOR('',#6472,10.);
#941=VECTOR('',#6473,10.);
#942=VECTOR('',#6482,10.);
#943=VECTOR('',#6485,10.);
#944=VECTOR('',#6488,10.);
#945=VECTOR('',#6489,10.);
#946=VECTOR('',#6492,10.);
#947=VECTOR('',#6493,10.);
#948=VECTOR('',#6498,10.);
#949=VECTOR('',#6501,10.);
#950=VECTOR('',#6504,10.);
#951=VECTOR('',#6505,10.);
#952=VECTOR('',#6514,10.);
#953=VECTOR('',#6517,10.);
#954=VECTOR('',#6520,10.);
#955=VECTOR('',#6521,10.);
#956=VECTOR('',#6524,10.);
#957=VECTOR('',#6529,10.);
#958=VECTOR('',#6532,10.);
#959=VECTOR('',#6535,10.);
#960=VECTOR('',#6542,10.);
#961=VECTOR('',#6545,10.);
#962=VECTOR('',#6548,10.);
#963=VECTOR('',#6549,10.);
#964=VECTOR('',#6552,10.);
#965=VECTOR('',#6557,10.);
#966=VECTOR('',#6560,10.);
#967=VECTOR('',#6563,10.);
#968=VECTOR('',#6570,10.);
#969=VECTOR('',#6573,10.);
#970=VECTOR('',#6576,10.);
#971=VECTOR('',#6577,10.);
#972=VECTOR('',#6580,10.);
#973=VECTOR('',#6585,10.);
#974=VECTOR('',#6588,10.);
#975=VECTOR('',#6591,10.);
#976=VECTOR('',#6598,10.);
#977=VECTOR('',#6601,10.);
#978=VECTOR('',#6604,10.);
#979=VECTOR('',#6605,10.);
#980=VECTOR('',#6608,10.);
#981=VECTOR('',#6613,10.);
#982=VECTOR('',#6616,10.);
#983=VECTOR('',#6619,10.);
#984=VECTOR('',#6626,10.);
#985=VECTOR('',#6629,10.);
#986=VECTOR('',#6632,10.);
#987=VECTOR('',#6633,10.);
#988=VECTOR('',#6636,10.);
#989=VECTOR('',#6641,10.);
#990=VECTOR('',#6644,10.);
#991=VECTOR('',#6647,10.);
#992=VECTOR('',#6654,10.);
#993=VECTOR('',#6657,10.);
#994=VECTOR('',#6660,10.);
#995=VECTOR('',#6661,10.);
#996=VECTOR('',#6664,10.);
#997=VECTOR('',#6669,10.);
#998=VECTOR('',#6672,10.);
#999=VECTOR('',#6675,10.);
#1000=VECTOR('',#6682,10.);
#1001=VECTOR('',#6685,10.);
#1002=VECTOR('',#6688,10.);
#1003=VECTOR('',#6689,10.);
#1004=VECTOR('',#6692,10.);
#1005=VECTOR('',#6697,10.);
#1006=VECTOR('',#6700,10.);
#1007=VECTOR('',#6703,10.);
#1008=VECTOR('',#6716,10.);
#1009=VECTOR('',#6723,10.);
#1010=VECTOR('',#6726,10.);
#1011=VECTOR('',#6729,10.);
#1012=VECTOR('',#6734,10.);
#1013=VECTOR('',#6759,10.);
#1014=VECTOR('',#6762,10.);
#1015=VECTOR('',#6765,10.);
#1016=VECTOR('',#6768,10.);
#1017=VECTOR('',#6771,10.);
#1018=VECTOR('',#6774,10.);
#1019=VECTOR('',#6777,10.);
#1020=VECTOR('',#6780,10.);
#1021=VECTOR('',#6783,10.);
#1022=VECTOR('',#6786,10.);
#1023=VECTOR('',#6789,10.);
#1024=VECTOR('',#6792,10.);
#1025=VECTOR('',#6795,10.);
#1026=VECTOR('',#6798,10.);
#1027=VECTOR('',#6801,10.);
#1028=VECTOR('',#6804,10.);
#1029=VECTOR('',#6807,10.);
#1030=VECTOR('',#6810,10.);
#1031=VECTOR('',#6813,10.);
#1032=VECTOR('',#6816,10.);
#1033=VECTOR('',#6819,10.);
#1034=VECTOR('',#6822,10.);
#1035=VECTOR('',#6825,10.);
#1036=VECTOR('',#6828,10.);
#1037=VECTOR('',#6831,10.);
#1038=VECTOR('',#6834,10.);
#1039=VECTOR('',#6847,10.);
#1040=VECTOR('',#6848,10.);
#1041=VECTOR('',#6849,10.);
#1042=VECTOR('',#6856,10.);
#1043=VECTOR('',#6857,10.);
#1044=VECTOR('',#6858,10.);
#1045=VECTOR('',#6865,10.);
#1046=VECTOR('',#6866,10.);
#1047=VECTOR('',#6867,10.);
#1048=VECTOR('',#6872,10.);
#1049=VECTOR('',#6879,10.);
#1050=VECTOR('',#6880,10.);
#1051=VECTOR('',#6881,10.);
#1052=VECTOR('',#6888,10.);
#1053=VECTOR('',#6889,10.);
#1054=VECTOR('',#6890,10.);
#1055=VECTOR('',#6897,10.);
#1056=VECTOR('',#6898,10.);
#1057=VECTOR('',#6899,10.);
#1058=VECTOR('',#6906,10.);
#1059=VECTOR('',#6907,10.);
#1060=VECTOR('',#6908,10.);
#1061=VECTOR('',#6915,10.);
#1062=VECTOR('',#6916,10.);
#1063=VECTOR('',#6917,10.);
#1064=VECTOR('',#6924,10.);
#1065=VECTOR('',#6925,10.);
#1066=VECTOR('',#6926,10.);
#1067=VECTOR('',#6929,10.);
#1068=VECTOR('',#6930,10.);
#1069=VECTOR('',#6937,10.);
#1070=VECTOR('',#6942,10.);
#1071=VECTOR('',#6943,10.);
#1072=VECTOR('',#6944,10.);
#1073=VECTOR('',#6947,10.);
#1074=VECTOR('',#6952,10.);
#1075=VECTOR('',#6957,10.);
#1076=VECTOR('',#6962,10.);
#1077=VECTOR('',#6967,10.);
#1078=VECTOR('',#6972,10.);
#1079=VECTOR('',#6977,10.);
#1080=VECTOR('',#6982,10.);
#1081=VECTOR('',#6991,10.);
#1082=VECTOR('',#6992,10.);
#1083=VECTOR('',#6995,10.);
#1084=VECTOR('',#6998,10.);
#1085=VECTOR('',#7001,10.);
#1086=VECTOR('',#7002,10.);
#1087=VECTOR('',#7005,10.);
#1088=VECTOR('',#7006,10.);
#1089=VECTOR('',#7009,10.);
#1090=VECTOR('',#7010,10.);
#1091=VECTOR('',#7013,10.);
#1092=VECTOR('',#7014,10.);
#1093=VECTOR('',#7017,10.);
#1094=VECTOR('',#7018,10.);
#1095=VECTOR('',#7021,10.);
#1096=VECTOR('',#7022,10.);
#1097=VECTOR('',#7025,10.);
#1098=VECTOR('',#7026,10.);
#1099=VECTOR('',#7029,10.);
#1100=VECTOR('',#7030,10.);
#1101=VECTOR('',#7033,10.);
#1102=VECTOR('',#7034,10.);
#1103=VECTOR('',#7041,10.);
#1104=VECTOR('',#7042,10.);
#1105=VECTOR('',#7043,10.);
#1106=VECTOR('',#7050,10.);
#1107=VECTOR('',#7051,10.);
#1108=VECTOR('',#7052,10.);
#1109=VECTOR('',#7055,1.7);
#1110=VECTOR('',#7060,1.45);
#1111=VECTOR('',#7065,1.7);
#1112=VECTOR('',#7070,1.45);
#1113=VECTOR('',#7075,1.7);
#1114=VECTOR('',#7080,1.45);
#1115=VECTOR('',#7085,2.45);
#1116=VECTOR('',#7090,2.2);
#1117=VECTOR('',#7095,1.7);
#1118=VECTOR('',#7100,1.45);
#1119=VECTOR('',#7121,10.);
#1120=VECTOR('',#7122,10.);
#1121=VECTOR('',#7123,10.);
#1122=VECTOR('',#7134,10.);
#1123=VECTOR('',#7135,10.);
#1124=VECTOR('',#7144,10.);
#1125=VECTOR('',#7147,10.);
#1126=VECTOR('',#7148,10.);
#1127=PLANE('',#5223);
#1128=PLANE('',#5254);
#1129=PLANE('',#5258);
#1130=PLANE('',#5262);
#1131=PLANE('',#5268);
#1132=PLANE('',#5272);
#1133=PLANE('',#5276);
#1134=PLANE('',#5280);
#1135=PLANE('',#5284);
#1136=PLANE('',#5288);
#1137=PLANE('',#5290);
#1138=PLANE('',#5308);
#1139=PLANE('',#5316);
#1140=PLANE('',#5318);
#1141=PLANE('',#5320);
#1142=PLANE('',#5322);
#1143=PLANE('',#5324);
#1144=PLANE('',#5326);
#1145=PLANE('',#5328);
#1146=PLANE('',#5330);
#1147=PLANE('',#5334);
#1148=PLANE('',#5336);
#1149=PLANE('',#5340);
#1150=PLANE('',#5344);
#1151=PLANE('',#5366);
#1152=PLANE('',#5368);
#1153=PLANE('',#5370);
#1154=PLANE('',#5372);
#1155=PLANE('',#5382);
#1156=PLANE('',#5384);
#1157=PLANE('',#5385);
#1158=PLANE('',#5388);
#1159=PLANE('',#5389);
#1160=PLANE('',#5390);
#1161=PLANE('',#5392);
#1162=PLANE('',#5408);
#1163=PLANE('',#5410);
#1164=PLANE('',#5411);
#1165=PLANE('',#5414);
#1166=PLANE('',#5415);
#1167=PLANE('',#5416);
#1168=PLANE('',#5418);
#1169=PLANE('',#5420);
#1170=PLANE('',#5421);
#1171=PLANE('',#5424);
#1172=PLANE('',#5425);
#1173=PLANE('',#5426);
#1174=PLANE('',#5428);
#1175=PLANE('',#5430);
#1176=PLANE('',#5431);
#1177=PLANE('',#5434);
#1178=PLANE('',#5435);
#1179=PLANE('',#5436);
#1180=PLANE('',#5439);
#1181=PLANE('',#5441);
#1182=PLANE('',#5442);
#1183=PLANE('',#5445);
#1184=PLANE('',#5446);
#1185=PLANE('',#5447);
#1186=PLANE('',#5450);
#1187=PLANE('',#5452);
#1188=PLANE('',#5453);
#1189=PLANE('',#5456);
#1190=PLANE('',#5457);
#1191=PLANE('',#5458);
#1192=PLANE('',#5461);
#1193=PLANE('',#5463);
#1194=PLANE('',#5464);
#1195=PLANE('',#5467);
#1196=PLANE('',#5468);
#1197=PLANE('',#5469);
#1198=PLANE('',#5471);
#1199=PLANE('',#5473);
#1200=PLANE('',#5474);
#1201=PLANE('',#5477);
#1202=PLANE('',#5478);
#1203=PLANE('',#5479);
#1204=PLANE('',#5481);
#1205=PLANE('',#5483);
#1206=PLANE('',#5484);
#1207=PLANE('',#5487);
#1208=PLANE('',#5488);
#1209=PLANE('',#5489);
#1210=PLANE('',#5491);
#1211=PLANE('',#5493);
#1212=PLANE('',#5494);
#1213=PLANE('',#5497);
#1214=PLANE('',#5498);
#1215=PLANE('',#5499);
#1216=PLANE('',#5501);
#1217=PLANE('',#5503);
#1218=PLANE('',#5504);
#1219=PLANE('',#5507);
#1220=PLANE('',#5508);
#1221=PLANE('',#5509);
#1222=PLANE('',#5511);
#1223=PLANE('',#5513);
#1224=PLANE('',#5514);
#1225=PLANE('',#5517);
#1226=PLANE('',#5518);
#1227=PLANE('',#5519);
#1228=PLANE('',#5521);
#1229=PLANE('',#5523);
#1230=PLANE('',#5524);
#1231=PLANE('',#5527);
#1232=PLANE('',#5528);
#1233=PLANE('',#5529);
#1234=PLANE('',#5535);
#1235=PLANE('',#5539);
#1236=PLANE('',#5542);
#1237=PLANE('',#5553);
#1238=PLANE('',#5584);
#1239=PLANE('',#5587);
#1240=PLANE('',#5590);
#1241=PLANE('',#5595);
#1242=PLANE('',#5598);
#1243=PLANE('',#5601);
#1244=PLANE('',#5604);
#1245=PLANE('',#5607);
#1246=PLANE('',#5610);
#1247=PLANE('',#5611);
#1248=PLANE('',#5616);
#1249=PLANE('',#5635);
#1250=PLANE('',#5638);
#1251=PLANE('',#5639);
#1252=PLANE('',#5640);
#1253=PLANE('',#5641);
#1254=PLANE('',#5642);
#1255=PLANE('',#5643);
#1256=PLANE('',#5644);
#1257=PLANE('',#5645);
#1258=PLANE('',#5646);
#1259=PLANE('',#5649);
#1260=PLANE('',#5652);
#1261=PLANE('',#5681);
#1262=PLANE('',#5686);
#1263=PLANE('',#5691);
#1264=PLANE('',#5706);
#1265=FACE_OUTER_BOUND('',#1531,.T.);
#1266=FACE_OUTER_BOUND('',#1532,.T.);
#1267=FACE_OUTER_BOUND('',#1538,.T.);
#1268=FACE_OUTER_BOUND('',#1539,.T.);
#1269=FACE_OUTER_BOUND('',#1540,.T.);
#1270=FACE_OUTER_BOUND('',#1541,.T.);
#1271=FACE_OUTER_BOUND('',#1542,.T.);
#1272=FACE_OUTER_BOUND('',#1543,.T.);
#1273=FACE_OUTER_BOUND('',#1544,.T.);
#1274=FACE_OUTER_BOUND('',#1545,.T.);
#1275=FACE_OUTER_BOUND('',#1546,.T.);
#1276=FACE_OUTER_BOUND('',#1547,.T.);
#1277=FACE_OUTER_BOUND('',#1548,.T.);
#1278=FACE_OUTER_BOUND('',#1549,.T.);
#1279=FACE_OUTER_BOUND('',#1550,.T.);
#1280=FACE_OUTER_BOUND('',#1551,.T.);
#1281=FACE_OUTER_BOUND('',#1552,.T.);
#1282=FACE_OUTER_BOUND('',#1553,.T.);
#1283=FACE_OUTER_BOUND('',#1554,.T.);
#1284=FACE_OUTER_BOUND('',#1555,.T.);
#1285=FACE_OUTER_BOUND('',#1556,.T.);
#1286=FACE_OUTER_BOUND('',#1557,.T.);
#1287=FACE_OUTER_BOUND('',#1558,.T.);
#1288=FACE_OUTER_BOUND('',#1559,.T.);
#1289=FACE_OUTER_BOUND('',#1560,.T.);
#1290=FACE_OUTER_BOUND('',#1561,.T.);
#1291=FACE_OUTER_BOUND('',#1562,.T.);
#1292=FACE_OUTER_BOUND('',#1563,.T.);
#1293=FACE_OUTER_BOUND('',#1564,.T.);
#1294=FACE_OUTER_BOUND('',#1565,.T.);
#1295=FACE_OUTER_BOUND('',#1566,.T.);
#1296=FACE_OUTER_BOUND('',#1567,.T.);
#1297=FACE_OUTER_BOUND('',#1568,.T.);
#1298=FACE_OUTER_BOUND('',#1569,.T.);
#1299=FACE_OUTER_BOUND('',#1570,.T.);
#1300=FACE_OUTER_BOUND('',#1571,.T.);
#1301=FACE_OUTER_BOUND('',#1572,.T.);
#1302=FACE_OUTER_BOUND('',#1573,.T.);
#1303=FACE_OUTER_BOUND('',#1574,.T.);
#1304=FACE_OUTER_BOUND('',#1575,.T.);
#1305=FACE_OUTER_BOUND('',#1576,.T.);
#1306=FACE_OUTER_BOUND('',#1577,.T.);
#1307=FACE_OUTER_BOUND('',#1578,.T.);
#1308=FACE_OUTER_BOUND('',#1579,.T.);
#1309=FACE_OUTER_BOUND('',#1580,.T.);
#1310=FACE_OUTER_BOUND('',#1581,.T.);
#1311=FACE_OUTER_BOUND('',#1582,.T.);
#1312=FACE_OUTER_BOUND('',#1583,.T.);
#1313=FACE_OUTER_BOUND('',#1584,.T.);
#1314=FACE_OUTER_BOUND('',#1585,.T.);
#1315=FACE_OUTER_BOUND('',#1586,.T.);
#1316=FACE_OUTER_BOUND('',#1587,.T.);
#1317=FACE_OUTER_BOUND('',#1588,.T.);
#1318=FACE_OUTER_BOUND('',#1589,.T.);
#1319=FACE_OUTER_BOUND('',#1590,.T.);
#1320=FACE_OUTER_BOUND('',#1591,.T.);
#1321=FACE_OUTER_BOUND('',#1592,.T.);
#1322=FACE_OUTER_BOUND('',#1593,.T.);
#1323=FACE_OUTER_BOUND('',#1594,.T.);
#1324=FACE_OUTER_BOUND('',#1596,.T.);
#1325=FACE_OUTER_BOUND('',#1598,.T.);
#1326=FACE_OUTER_BOUND('',#1600,.T.);
#1327=FACE_OUTER_BOUND('',#1602,.T.);
#1328=FACE_OUTER_BOUND('',#1603,.T.);
#1329=FACE_OUTER_BOUND('',#1604,.T.);
#1330=FACE_OUTER_BOUND('',#1605,.T.);
#1331=FACE_OUTER_BOUND('',#1606,.T.);
#1332=FACE_OUTER_BOUND('',#1607,.T.);
#1333=FACE_OUTER_BOUND('',#1608,.T.);
#1334=FACE_OUTER_BOUND('',#1609,.T.);
#1335=FACE_OUTER_BOUND('',#1610,.T.);
#1336=FACE_OUTER_BOUND('',#1611,.T.);
#1337=FACE_OUTER_BOUND('',#1612,.T.);
#1338=FACE_OUTER_BOUND('',#1613,.T.);
#1339=FACE_OUTER_BOUND('',#1614,.T.);
#1340=FACE_OUTER_BOUND('',#1620,.T.);
#1341=FACE_OUTER_BOUND('',#1621,.T.);
#1342=FACE_OUTER_BOUND('',#1622,.T.);
#1343=FACE_OUTER_BOUND('',#1623,.T.);
#1344=FACE_OUTER_BOUND('',#1624,.T.);
#1345=FACE_OUTER_BOUND('',#1625,.T.);
#1346=FACE_OUTER_BOUND('',#1626,.T.);
#1347=FACE_OUTER_BOUND('',#1627,.T.);
#1348=FACE_OUTER_BOUND('',#1628,.T.);
#1349=FACE_OUTER_BOUND('',#1629,.T.);
#1350=FACE_OUTER_BOUND('',#1630,.T.);
#1351=FACE_OUTER_BOUND('',#1631,.T.);
#1352=FACE_OUTER_BOUND('',#1632,.T.);
#1353=FACE_OUTER_BOUND('',#1633,.T.);
#1354=FACE_OUTER_BOUND('',#1634,.T.);
#1355=FACE_OUTER_BOUND('',#1635,.T.);
#1356=FACE_OUTER_BOUND('',#1636,.T.);
#1357=FACE_OUTER_BOUND('',#1637,.T.);
#1358=FACE_OUTER_BOUND('',#1638,.T.);
#1359=FACE_OUTER_BOUND('',#1639,.T.);
#1360=FACE_OUTER_BOUND('',#1640,.T.);
#1361=FACE_OUTER_BOUND('',#1641,.T.);
#1362=FACE_OUTER_BOUND('',#1642,.T.);
#1363=FACE_OUTER_BOUND('',#1643,.T.);
#1364=FACE_OUTER_BOUND('',#1644,.T.);
#1365=FACE_OUTER_BOUND('',#1645,.T.);
#1366=FACE_OUTER_BOUND('',#1646,.T.);
#1367=FACE_OUTER_BOUND('',#1647,.T.);
#1368=FACE_OUTER_BOUND('',#1648,.T.);
#1369=FACE_OUTER_BOUND('',#1649,.T.);
#1370=FACE_OUTER_BOUND('',#1650,.T.);
#1371=FACE_OUTER_BOUND('',#1651,.T.);
#1372=FACE_OUTER_BOUND('',#1652,.T.);
#1373=FACE_OUTER_BOUND('',#1653,.T.);
#1374=FACE_OUTER_BOUND('',#1654,.T.);
#1375=FACE_OUTER_BOUND('',#1655,.T.);
#1376=FACE_OUTER_BOUND('',#1656,.T.);
#1377=FACE_OUTER_BOUND('',#1657,.T.);
#1378=FACE_OUTER_BOUND('',#1658,.T.);
#1379=FACE_OUTER_BOUND('',#1659,.T.);
#1380=FACE_OUTER_BOUND('',#1660,.T.);
#1381=FACE_OUTER_BOUND('',#1661,.T.);
#1382=FACE_OUTER_BOUND('',#1662,.T.);
#1383=FACE_OUTER_BOUND('',#1663,.T.);
#1384=FACE_OUTER_BOUND('',#1664,.T.);
#1385=FACE_OUTER_BOUND('',#1665,.T.);
#1386=FACE_OUTER_BOUND('',#1666,.T.);
#1387=FACE_OUTER_BOUND('',#1667,.T.);
#1388=FACE_OUTER_BOUND('',#1668,.T.);
#1389=FACE_OUTER_BOUND('',#1669,.T.);
#1390=FACE_OUTER_BOUND('',#1670,.T.);
#1391=FACE_OUTER_BOUND('',#1671,.T.);
#1392=FACE_OUTER_BOUND('',#1672,.T.);
#1393=FACE_OUTER_BOUND('',#1673,.T.);
#1394=FACE_OUTER_BOUND('',#1674,.T.);
#1395=FACE_OUTER_BOUND('',#1675,.T.);
#1396=FACE_OUTER_BOUND('',#1676,.T.);
#1397=FACE_OUTER_BOUND('',#1677,.T.);
#1398=FACE_OUTER_BOUND('',#1678,.T.);
#1399=FACE_OUTER_BOUND('',#1679,.T.);
#1400=FACE_OUTER_BOUND('',#1680,.T.);
#1401=FACE_OUTER_BOUND('',#1681,.T.);
#1402=FACE_OUTER_BOUND('',#1682,.T.);
#1403=FACE_OUTER_BOUND('',#1683,.T.);
#1404=FACE_OUTER_BOUND('',#1684,.T.);
#1405=FACE_OUTER_BOUND('',#1685,.T.);
#1406=FACE_OUTER_BOUND('',#1686,.T.);
#1407=FACE_OUTER_BOUND('',#1687,.T.);
#1408=FACE_OUTER_BOUND('',#1688,.T.);
#1409=FACE_OUTER_BOUND('',#1689,.T.);
#1410=FACE_OUTER_BOUND('',#1690,.T.);
#1411=FACE_OUTER_BOUND('',#1691,.T.);
#1412=FACE_OUTER_BOUND('',#1692,.T.);
#1413=FACE_OUTER_BOUND('',#1693,.T.);
#1414=FACE_OUTER_BOUND('',#1694,.T.);
#1415=FACE_OUTER_BOUND('',#1695,.T.);
#1416=FACE_OUTER_BOUND('',#1696,.T.);
#1417=FACE_OUTER_BOUND('',#1697,.T.);
#1418=FACE_OUTER_BOUND('',#1698,.T.);
#1419=FACE_OUTER_BOUND('',#1699,.T.);
#1420=FACE_OUTER_BOUND('',#1700,.T.);
#1421=FACE_OUTER_BOUND('',#1701,.T.);
#1422=FACE_OUTER_BOUND('',#1702,.T.);
#1423=FACE_OUTER_BOUND('',#1703,.T.);
#1424=FACE_OUTER_BOUND('',#1704,.T.);
#1425=FACE_OUTER_BOUND('',#1705,.T.);
#1426=FACE_OUTER_BOUND('',#1706,.T.);
#1427=FACE_OUTER_BOUND('',#1707,.T.);
#1428=FACE_OUTER_BOUND('',#1708,.T.);
#1429=FACE_OUTER_BOUND('',#1709,.T.);
#1430=FACE_OUTER_BOUND('',#1710,.T.);
#1431=FACE_OUTER_BOUND('',#1711,.T.);
#1432=FACE_OUTER_BOUND('',#1712,.T.);
#1433=FACE_OUTER_BOUND('',#1713,.T.);
#1434=FACE_OUTER_BOUND('',#1714,.T.);
#1435=FACE_OUTER_BOUND('',#1715,.T.);
#1436=FACE_OUTER_BOUND('',#1716,.T.);
#1437=FACE_OUTER_BOUND('',#1717,.T.);
#1438=FACE_OUTER_BOUND('',#1718,.T.);
#1439=FACE_OUTER_BOUND('',#1719,.T.);
#1440=FACE_OUTER_BOUND('',#1720,.T.);
#1441=FACE_OUTER_BOUND('',#1721,.T.);
#1442=FACE_OUTER_BOUND('',#1722,.T.);
#1443=FACE_OUTER_BOUND('',#1723,.T.);
#1444=FACE_OUTER_BOUND('',#1724,.T.);
#1445=FACE_OUTER_BOUND('',#1725,.T.);
#1446=FACE_OUTER_BOUND('',#1726,.T.);
#1447=FACE_OUTER_BOUND('',#1727,.T.);
#1448=FACE_OUTER_BOUND('',#1728,.T.);
#1449=FACE_OUTER_BOUND('',#1729,.T.);
#1450=FACE_OUTER_BOUND('',#1730,.T.);
#1451=FACE_OUTER_BOUND('',#1731,.T.);
#1452=FACE_OUTER_BOUND('',#1732,.T.);
#1453=FACE_OUTER_BOUND('',#1733,.T.);
#1454=FACE_OUTER_BOUND('',#1734,.T.);
#1455=FACE_OUTER_BOUND('',#1735,.T.);
#1456=FACE_OUTER_BOUND('',#1741,.T.);
#1457=FACE_OUTER_BOUND('',#1742,.T.);
#1458=FACE_OUTER_BOUND('',#1743,.T.);
#1459=FACE_OUTER_BOUND('',#1744,.T.);
#1460=FACE_OUTER_BOUND('',#1745,.T.);
#1461=FACE_OUTER_BOUND('',#1746,.T.);
#1462=FACE_OUTER_BOUND('',#1747,.T.);
#1463=FACE_OUTER_BOUND('',#1748,.T.);
#1464=FACE_OUTER_BOUND('',#1749,.T.);
#1465=FACE_OUTER_BOUND('',#1750,.T.);
#1466=FACE_OUTER_BOUND('',#1751,.T.);
#1467=FACE_OUTER_BOUND('',#1752,.T.);
#1468=FACE_OUTER_BOUND('',#1753,.T.);
#1469=FACE_OUTER_BOUND('',#1754,.T.);
#1470=FACE_OUTER_BOUND('',#1755,.T.);
#1471=FACE_OUTER_BOUND('',#1756,.T.);
#1472=FACE_OUTER_BOUND('',#1757,.T.);
#1473=FACE_OUTER_BOUND('',#1758,.T.);
#1474=FACE_OUTER_BOUND('',#1759,.T.);
#1475=FACE_OUTER_BOUND('',#1760,.T.);
#1476=FACE_OUTER_BOUND('',#1761,.T.);
#1477=FACE_OUTER_BOUND('',#1762,.T.);
#1478=FACE_OUTER_BOUND('',#1763,.T.);
#1479=FACE_OUTER_BOUND('',#1764,.T.);
#1480=FACE_OUTER_BOUND('',#1765,.T.);
#1481=FACE_OUTER_BOUND('',#1766,.T.);
#1482=FACE_OUTER_BOUND('',#1767,.T.);
#1483=FACE_OUTER_BOUND('',#1768,.T.);
#1484=FACE_OUTER_BOUND('',#1769,.T.);
#1485=FACE_OUTER_BOUND('',#1770,.T.);
#1486=FACE_OUTER_BOUND('',#1771,.T.);
#1487=FACE_OUTER_BOUND('',#1772,.T.);
#1488=FACE_OUTER_BOUND('',#1773,.T.);
#1489=FACE_OUTER_BOUND('',#1774,.T.);
#1490=FACE_OUTER_BOUND('',#1775,.T.);
#1491=FACE_OUTER_BOUND('',#1776,.T.);
#1492=FACE_OUTER_BOUND('',#1777,.T.);
#1493=FACE_OUTER_BOUND('',#1778,.T.);
#1494=FACE_OUTER_BOUND('',#1779,.T.);
#1495=FACE_OUTER_BOUND('',#1780,.T.);
#1496=FACE_OUTER_BOUND('',#1781,.T.);
#1497=FACE_OUTER_BOUND('',#1782,.T.);
#1498=FACE_OUTER_BOUND('',#1783,.T.);
#1499=FACE_OUTER_BOUND('',#1784,.T.);
#1500=FACE_OUTER_BOUND('',#1785,.T.);
#1501=FACE_OUTER_BOUND('',#1786,.T.);
#1502=FACE_OUTER_BOUND('',#1787,.T.);
#1503=FACE_OUTER_BOUND('',#1788,.T.);
#1504=FACE_OUTER_BOUND('',#1789,.T.);
#1505=FACE_OUTER_BOUND('',#1790,.T.);
#1506=FACE_OUTER_BOUND('',#1791,.T.);
#1507=FACE_OUTER_BOUND('',#1792,.T.);
#1508=FACE_OUTER_BOUND('',#1793,.T.);
#1509=FACE_OUTER_BOUND('',#1794,.T.);
#1510=FACE_OUTER_BOUND('',#1795,.T.);
#1511=FACE_OUTER_BOUND('',#1796,.T.);
#1512=FACE_OUTER_BOUND('',#1797,.T.);
#1513=FACE_OUTER_BOUND('',#1798,.T.);
#1514=FACE_OUTER_BOUND('',#1799,.T.);
#1515=FACE_OUTER_BOUND('',#1800,.T.);
#1516=FACE_OUTER_BOUND('',#1801,.T.);
#1517=FACE_OUTER_BOUND('',#1802,.T.);
#1518=FACE_OUTER_BOUND('',#1803,.T.);
#1519=FACE_OUTER_BOUND('',#1804,.T.);
#1520=FACE_OUTER_BOUND('',#1805,.T.);
#1521=FACE_OUTER_BOUND('',#1806,.T.);
#1522=FACE_OUTER_BOUND('',#1807,.T.);
#1523=FACE_OUTER_BOUND('',#1808,.T.);
#1524=FACE_OUTER_BOUND('',#1809,.T.);
#1525=FACE_OUTER_BOUND('',#1810,.T.);
#1526=FACE_OUTER_BOUND('',#1811,.T.);
#1527=FACE_OUTER_BOUND('',#1812,.T.);
#1528=FACE_OUTER_BOUND('',#1813,.T.);
#1529=FACE_OUTER_BOUND('',#1814,.T.);
#1530=FACE_OUTER_BOUND('',#1815,.T.);
#1531=EDGE_LOOP('',(#3363,#3364,#3365,#3366));
#1532=EDGE_LOOP('',(#3367,#3368,#3369,#3370,#3371,#3372,#3373,#3374,#3375,
#3376,#3377,#3378,#3379,#3380,#3381,#3382,#3383,#3384,#3385,#3386,#3387,
#3388,#3389,#3390,#3391,#3392,#3393,#3394,#3395,#3396,#3397,#3398,#3399,
#3400,#3401,#3402,#3403,#3404,#3405,#3406,#3407,#3408,#3409,#3410,#3411,
#3412,#3413,#3414,#3415,#3416,#3417,#3418));
#1533=EDGE_LOOP('',(#3419));
#1534=EDGE_LOOP('',(#3420));
#1535=EDGE_LOOP('',(#3421));
#1536=EDGE_LOOP('',(#3422));
#1537=EDGE_LOOP('',(#3423));
#1538=EDGE_LOOP('',(#3424,#3425,#3426,#3427,#3428,#3429,#3430,#3431,#3432));
#1539=EDGE_LOOP('',(#3433,#3434,#3435,#3436));
#1540=EDGE_LOOP('',(#3437,#3438,#3439,#3440,#3441,#3442,#3443,#3444,#3445));
#1541=EDGE_LOOP('',(#3446,#3447,#3448,#3449));
#1542=EDGE_LOOP('',(#3450,#3451,#3452,#3453,#3454,#3455,#3456,#3457,#3458));
#1543=EDGE_LOOP('',(#3459,#3460,#3461,#3462));
#1544=EDGE_LOOP('',(#3463,#3464,#3465,#3466));
#1545=EDGE_LOOP('',(#3467,#3468,#3469,#3470,#3471,#3472,#3473,#3474,#3475));
#1546=EDGE_LOOP('',(#3476,#3477,#3478,#3479));
#1547=EDGE_LOOP('',(#3480,#3481,#3482,#3483,#3484,#3485,#3486,#3487,#3488));
#1548=EDGE_LOOP('',(#3489,#3490,#3491,#3492));
#1549=EDGE_LOOP('',(#3493,#3494,#3495,#3496,#3497,#3498,#3499,#3500,#3501));
#1550=EDGE_LOOP('',(#3502,#3503,#3504,#3505));
#1551=EDGE_LOOP('',(#3506,#3507,#3508,#3509,#3510,#3511,#3512,#3513,#3514));
#1552=EDGE_LOOP('',(#3515,#3516,#3517,#3518));
#1553=EDGE_LOOP('',(#3519,#3520,#3521,#3522,#3523,#3524,#3525,#3526,#3527));
#1554=EDGE_LOOP('',(#3528,#3529,#3530,#3531));
#1555=EDGE_LOOP('',(#3532,#3533,#3534,#3535,#3536,#3537,#3538,#3539,#3540));
#1556=EDGE_LOOP('',(#3541,#3542,#3543,#3544,#3545,#3546,#3547,#3548,#3549));
#1557=EDGE_LOOP('',(#3550,#3551,#3552,#3553));
#1558=EDGE_LOOP('',(#3554,#3555,#3556,#3557));
#1559=EDGE_LOOP('',(#3558,#3559,#3560,#3561));
#1560=EDGE_LOOP('',(#3562,#3563,#3564,#3565));
#1561=EDGE_LOOP('',(#3566,#3567,#3568,#3569));
#1562=EDGE_LOOP('',(#3570,#3571,#3572,#3573));
#1563=EDGE_LOOP('',(#3574,#3575,#3576,#3577));
#1564=EDGE_LOOP('',(#3578,#3579,#3580,#3581));
#1565=EDGE_LOOP('',(#3582,#3583,#3584,#3585,#3586,#3587,#3588,#3589,#3590));
#1566=EDGE_LOOP('',(#3591,#3592,#3593,#3594));
#1567=EDGE_LOOP('',(#3595,#3596,#3597,#3598));
#1568=EDGE_LOOP('',(#3599,#3600,#3601,#3602));
#1569=EDGE_LOOP('',(#3603,#3604,#3605,#3606,#3607,#3608,#3609,#3610,#3611));
#1570=EDGE_LOOP('',(#3612,#3613,#3614,#3615,#3616,#3617,#3618,#3619,#3620));
#1571=EDGE_LOOP('',(#3621,#3622,#3623,#3624,#3625,#3626,#3627,#3628,#3629));
#1572=EDGE_LOOP('',(#3630,#3631,#3632,#3633,#3634,#3635,#3636,#3637,#3638));
#1573=EDGE_LOOP('',(#3639,#3640,#3641,#3642,#3643,#3644,#3645,#3646,#3647));
#1574=EDGE_LOOP('',(#3648,#3649,#3650,#3651,#3652,#3653,#3654,#3655,#3656));
#1575=EDGE_LOOP('',(#3657,#3658,#3659,#3660,#3661,#3662,#3663,#3664,#3665));
#1576=EDGE_LOOP('',(#3666,#3667,#3668,#3669,#3670,#3671,#3672,#3673,#3674));
#1577=EDGE_LOOP('',(#3675,#3676,#3677,#3678));
#1578=EDGE_LOOP('',(#3679,#3680,#3681,#3682,#3683,#3684,#3685,#3686,#3687));
#1579=EDGE_LOOP('',(#3688,#3689,#3690,#3691,#3692,#3693,#3694,#3695,#3696));
#1580=EDGE_LOOP('',(#3697,#3698,#3699,#3700));
#1581=EDGE_LOOP('',(#3701,#3702,#3703,#3704,#3705,#3706,#3707,#3708,#3709));
#1582=EDGE_LOOP('',(#3710,#3711,#3712,#3713));
#1583=EDGE_LOOP('',(#3714,#3715,#3716,#3717,#3718,#3719,#3720,#3721,#3722));
#1584=EDGE_LOOP('',(#3723,#3724,#3725,#3726));
#1585=EDGE_LOOP('',(#3727,#3728,#3729,#3730));
#1586=EDGE_LOOP('',(#3731,#3732,#3733,#3734));
#1587=EDGE_LOOP('',(#3735,#3736,#3737,#3738));
#1588=EDGE_LOOP('',(#3739,#3740,#3741,#3742));
#1589=EDGE_LOOP('',(#3743,#3744,#3745,#3746));
#1590=EDGE_LOOP('',(#3747,#3748,#3749,#3750));
#1591=EDGE_LOOP('',(#3751,#3752,#3753,#3754));
#1592=EDGE_LOOP('',(#3755,#3756,#3757,#3758));
#1593=EDGE_LOOP('',(#3759,#3760,#3761,#3762));
#1594=EDGE_LOOP('',(#3763));
#1595=EDGE_LOOP('',(#3764));
#1596=EDGE_LOOP('',(#3765));
#1597=EDGE_LOOP('',(#3766));
#1598=EDGE_LOOP('',(#3767));
#1599=EDGE_LOOP('',(#3768));
#1600=EDGE_LOOP('',(#3769));
#1601=EDGE_LOOP('',(#3770));
#1602=EDGE_LOOP('',(#3771,#3772,#3773,#3774));
#1603=EDGE_LOOP('',(#3775,#3776,#3777,#3778));
#1604=EDGE_LOOP('',(#3779,#3780,#3781,#3782));
#1605=EDGE_LOOP('',(#3783,#3784,#3785,#3786));
#1606=EDGE_LOOP('',(#3787,#3788,#3789,#3790));
#1607=EDGE_LOOP('',(#3791,#3792,#3793,#3794));
#1608=EDGE_LOOP('',(#3795,#3796,#3797,#3798));
#1609=EDGE_LOOP('',(#3799,#3800,#3801,#3802));
#1610=EDGE_LOOP('',(#3803,#3804,#3805,#3806));
#1611=EDGE_LOOP('',(#3807,#3808,#3809,#3810));
#1612=EDGE_LOOP('',(#3811,#3812,#3813,#3814));
#1613=EDGE_LOOP('',(#3815,#3816,#3817,#3818));
#1614=EDGE_LOOP('',(#3819,#3820,#3821,#3822,#3823,#3824,#3825,#3826,#3827,
#3828,#3829,#3830,#3831,#3832,#3833,#3834,#3835,#3836,#3837,#3838,#3839,
#3840,#3841,#3842,#3843,#3844,#3845,#3846,#3847,#3848,#3849,#3850,#3851,
#3852,#3853,#3854,#3855,#3856,#3857,#3858,#3859,#3860,#3861,#3862,#3863,
#3864,#3865,#3866,#3867,#3868,#3869,#3870,#3871,#3872,#3873,#3874,#3875,
#3876,#3877,#3878,#3879,#3880,#3881,#3882,#3883,#3884,#3885,#3886,#3887,
#3888,#3889,#3890,#3891,#3892,#3893,#3894,#3895,#3896,#3897,#3898,#3899,
#3900,#3901,#3902,#3903,#3904,#3905,#3906,#3907,#3908,#3909,#3910,#3911,
#3912,#3913,#3914,#3915,#3916,#3917,#3918,#3919,#3920,#3921,#3922,#3923,
#3924,#3925,#3926,#3927,#3928,#3929,#3930,#3931,#3932,#3933,#3934,#3935,
#3936,#3937,#3938,#3939,#3940,#3941,#3942,#3943,#3944,#3945,#3946,#3947,
#3948,#3949,#3950,#3951,#3952,#3953,#3954,#3955,#3956,#3957,#3958,#3959,
#3960,#3961,#3962,#3963,#3964,#3965,#3966,#3967,#3968,#3969,#3970,#3971,
#3972,#3973,#3974));
#1615=EDGE_LOOP('',(#3975));
#1616=EDGE_LOOP('',(#3976));
#1617=EDGE_LOOP('',(#3977));
#1618=EDGE_LOOP('',(#3978));
#1619=EDGE_LOOP('',(#3979));
#1620=EDGE_LOOP('',(#3980,#3981,#3982,#3983));
#1621=EDGE_LOOP('',(#3984,#3985,#3986,#3987));
#1622=EDGE_LOOP('',(#3988,#3989,#3990,#3991));
#1623=EDGE_LOOP('',(#3992,#3993,#3994,#3995));
#1624=EDGE_LOOP('',(#3996,#3997,#3998,#3999));
#1625=EDGE_LOOP('',(#4000,#4001,#4002,#4003));
#1626=EDGE_LOOP('',(#4004,#4005,#4006,#4007));
#1627=EDGE_LOOP('',(#4008,#4009,#4010,#4011));
#1628=EDGE_LOOP('',(#4012,#4013,#4014,#4015));
#1629=EDGE_LOOP('',(#4016,#4017,#4018,#4019));
#1630=EDGE_LOOP('',(#4020,#4021,#4022,#4023));
#1631=EDGE_LOOP('',(#4024,#4025,#4026,#4027));
#1632=EDGE_LOOP('',(#4028,#4029,#4030,#4031));
#1633=EDGE_LOOP('',(#4032,#4033,#4034,#4035));
#1634=EDGE_LOOP('',(#4036,#4037,#4038,#4039));
#1635=EDGE_LOOP('',(#4040,#4041,#4042,#4043));
#1636=EDGE_LOOP('',(#4044,#4045,#4046,#4047));
#1637=EDGE_LOOP('',(#4048,#4049,#4050,#4051));
#1638=EDGE_LOOP('',(#4052,#4053,#4054,#4055));
#1639=EDGE_LOOP('',(#4056,#4057,#4058,#4059));
#1640=EDGE_LOOP('',(#4060,#4061,#4062,#4063));
#1641=EDGE_LOOP('',(#4064,#4065,#4066,#4067));
#1642=EDGE_LOOP('',(#4068,#4069,#4070,#4071));
#1643=EDGE_LOOP('',(#4072,#4073,#4074,#4075));
#1644=EDGE_LOOP('',(#4076,#4077,#4078,#4079));
#1645=EDGE_LOOP('',(#4080,#4081,#4082,#4083));
#1646=EDGE_LOOP('',(#4084,#4085,#4086,#4087));
#1647=EDGE_LOOP('',(#4088,#4089,#4090,#4091));
#1648=EDGE_LOOP('',(#4092,#4093,#4094,#4095));
#1649=EDGE_LOOP('',(#4096,#4097,#4098,#4099));
#1650=EDGE_LOOP('',(#4100,#4101,#4102,#4103));
#1651=EDGE_LOOP('',(#4104,#4105,#4106,#4107));
#1652=EDGE_LOOP('',(#4108,#4109,#4110,#4111));
#1653=EDGE_LOOP('',(#4112,#4113,#4114,#4115));
#1654=EDGE_LOOP('',(#4116,#4117,#4118,#4119));
#1655=EDGE_LOOP('',(#4120,#4121,#4122,#4123));
#1656=EDGE_LOOP('',(#4124,#4125,#4126,#4127));
#1657=EDGE_LOOP('',(#4128,#4129,#4130,#4131));
#1658=EDGE_LOOP('',(#4132,#4133,#4134,#4135));
#1659=EDGE_LOOP('',(#4136,#4137,#4138,#4139));
#1660=EDGE_LOOP('',(#4140,#4141,#4142,#4143));
#1661=EDGE_LOOP('',(#4144,#4145,#4146,#4147));
#1662=EDGE_LOOP('',(#4148,#4149,#4150,#4151));
#1663=EDGE_LOOP('',(#4152,#4153,#4154,#4155));
#1664=EDGE_LOOP('',(#4156,#4157,#4158,#4159));
#1665=EDGE_LOOP('',(#4160,#4161,#4162,#4163));
#1666=EDGE_LOOP('',(#4164,#4165,#4166,#4167));
#1667=EDGE_LOOP('',(#4168,#4169,#4170,#4171));
#1668=EDGE_LOOP('',(#4172,#4173,#4174,#4175));
#1669=EDGE_LOOP('',(#4176,#4177,#4178,#4179));
#1670=EDGE_LOOP('',(#4180,#4181,#4182,#4183));
#1671=EDGE_LOOP('',(#4184,#4185,#4186,#4187));
#1672=EDGE_LOOP('',(#4188,#4189,#4190,#4191));
#1673=EDGE_LOOP('',(#4192,#4193,#4194,#4195));
#1674=EDGE_LOOP('',(#4196,#4197,#4198,#4199));
#1675=EDGE_LOOP('',(#4200,#4201,#4202,#4203));
#1676=EDGE_LOOP('',(#4204,#4205,#4206,#4207));
#1677=EDGE_LOOP('',(#4208,#4209,#4210,#4211));
#1678=EDGE_LOOP('',(#4212,#4213,#4214,#4215));
#1679=EDGE_LOOP('',(#4216,#4217,#4218,#4219));
#1680=EDGE_LOOP('',(#4220,#4221,#4222,#4223));
#1681=EDGE_LOOP('',(#4224,#4225,#4226,#4227));
#1682=EDGE_LOOP('',(#4228,#4229,#4230,#4231));
#1683=EDGE_LOOP('',(#4232,#4233,#4234,#4235));
#1684=EDGE_LOOP('',(#4236,#4237,#4238,#4239));
#1685=EDGE_LOOP('',(#4240,#4241,#4242,#4243));
#1686=EDGE_LOOP('',(#4244,#4245,#4246,#4247));
#1687=EDGE_LOOP('',(#4248,#4249,#4250,#4251));
#1688=EDGE_LOOP('',(#4252,#4253,#4254,#4255));
#1689=EDGE_LOOP('',(#4256,#4257,#4258,#4259));
#1690=EDGE_LOOP('',(#4260,#4261,#4262,#4263));
#1691=EDGE_LOOP('',(#4264,#4265,#4266,#4267));
#1692=EDGE_LOOP('',(#4268,#4269,#4270,#4271));
#1693=EDGE_LOOP('',(#4272,#4273,#4274,#4275));
#1694=EDGE_LOOP('',(#4276,#4277,#4278,#4279));
#1695=EDGE_LOOP('',(#4280,#4281,#4282,#4283));
#1696=EDGE_LOOP('',(#4284,#4285,#4286,#4287));
#1697=EDGE_LOOP('',(#4288,#4289,#4290,#4291));
#1698=EDGE_LOOP('',(#4292,#4293,#4294,#4295));
#1699=EDGE_LOOP('',(#4296,#4297,#4298,#4299));
#1700=EDGE_LOOP('',(#4300,#4301,#4302,#4303));
#1701=EDGE_LOOP('',(#4304,#4305,#4306,#4307));
#1702=EDGE_LOOP('',(#4308,#4309,#4310,#4311));
#1703=EDGE_LOOP('',(#4312,#4313,#4314,#4315));
#1704=EDGE_LOOP('',(#4316,#4317,#4318,#4319));
#1705=EDGE_LOOP('',(#4320,#4321,#4322,#4323));
#1706=EDGE_LOOP('',(#4324,#4325,#4326,#4327));
#1707=EDGE_LOOP('',(#4328,#4329,#4330,#4331));
#1708=EDGE_LOOP('',(#4332,#4333,#4334,#4335));
#1709=EDGE_LOOP('',(#4336,#4337,#4338,#4339));
#1710=EDGE_LOOP('',(#4340,#4341,#4342,#4343));
#1711=EDGE_LOOP('',(#4344,#4345,#4346,#4347));
#1712=EDGE_LOOP('',(#4348,#4349,#4350,#4351));
#1713=EDGE_LOOP('',(#4352,#4353,#4354,#4355));
#1714=EDGE_LOOP('',(#4356,#4357,#4358,#4359));
#1715=EDGE_LOOP('',(#4360,#4361,#4362,#4363));
#1716=EDGE_LOOP('',(#4364,#4365,#4366,#4367));
#1717=EDGE_LOOP('',(#4368,#4369,#4370,#4371));
#1718=EDGE_LOOP('',(#4372,#4373,#4374,#4375));
#1719=EDGE_LOOP('',(#4376,#4377,#4378,#4379));
#1720=EDGE_LOOP('',(#4380,#4381,#4382,#4383,#4384,#4385,#4386,#4387,#4388));
#1721=EDGE_LOOP('',(#4389,#4390,#4391,#4392));
#1722=EDGE_LOOP('',(#4393,#4394,#4395,#4396));
#1723=EDGE_LOOP('',(#4397,#4398,#4399,#4400));
#1724=EDGE_LOOP('',(#4401,#4402,#4403,#4404,#4405,#4406,#4407,#4408,#4409));
#1725=EDGE_LOOP('',(#4410,#4411,#4412,#4413));
#1726=EDGE_LOOP('',(#4414,#4415,#4416,#4417));
#1727=EDGE_LOOP('',(#4418,#4419,#4420,#4421,#4422,#4423,#4424,#4425,#4426));
#1728=EDGE_LOOP('',(#4427,#4428,#4429,#4430));
#1729=EDGE_LOOP('',(#4431,#4432,#4433,#4434));
#1730=EDGE_LOOP('',(#4435,#4436,#4437,#4438));
#1731=EDGE_LOOP('',(#4439,#4440,#4441,#4442));
#1732=EDGE_LOOP('',(#4443,#4444,#4445,#4446));
#1733=EDGE_LOOP('',(#4447,#4448,#4449,#4450));
#1734=EDGE_LOOP('',(#4451,#4452,#4453,#4454));
#1735=EDGE_LOOP('',(#4455,#4456,#4457,#4458,#4459,#4460,#4461,#4462,#4463,
#4464,#4465,#4466,#4467,#4468,#4469,#4470,#4471,#4472,#4473,#4474,#4475,
#4476,#4477,#4478,#4479,#4480,#4481,#4482,#4483,#4484,#4485,#4486,#4487,
#4488,#4489,#4490,#4491,#4492,#4493,#4494,#4495,#4496,#4497,#4498,#4499,
#4500,#4501,#4502,#4503,#4504,#4505,#4506));
#1736=EDGE_LOOP('',(#4507));
#1737=EDGE_LOOP('',(#4508));
#1738=EDGE_LOOP('',(#4509));
#1739=EDGE_LOOP('',(#4510));
#1740=EDGE_LOOP('',(#4511));
#1741=EDGE_LOOP('',(#4512,#4513,#4514,#4515,#4516));
#1742=EDGE_LOOP('',(#4517,#4518,#4519,#4520));
#1743=EDGE_LOOP('',(#4521,#4522,#4523,#4524,#4525));
#1744=EDGE_LOOP('',(#4526,#4527,#4528,#4529));
#1745=EDGE_LOOP('',(#4530,#4531,#4532,#4533,#4534));
#1746=EDGE_LOOP('',(#4535,#4536,#4537,#4538));
#1747=EDGE_LOOP('',(#4539,#4540,#4541,#4542));
#1748=EDGE_LOOP('',(#4543,#4544,#4545,#4546,#4547));
#1749=EDGE_LOOP('',(#4548,#4549,#4550,#4551));
#1750=EDGE_LOOP('',(#4552,#4553,#4554,#4555,#4556));
#1751=EDGE_LOOP('',(#4557,#4558,#4559,#4560));
#1752=EDGE_LOOP('',(#4561,#4562,#4563,#4564,#4565));
#1753=EDGE_LOOP('',(#4566,#4567,#4568,#4569));
#1754=EDGE_LOOP('',(#4570,#4571,#4572,#4573,#4574));
#1755=EDGE_LOOP('',(#4575,#4576,#4577,#4578));
#1756=EDGE_LOOP('',(#4579,#4580,#4581,#4582,#4583));
#1757=EDGE_LOOP('',(#4584,#4585,#4586,#4587));
#1758=EDGE_LOOP('',(#4588,#4589,#4590,#4591,#4592));
#1759=EDGE_LOOP('',(#4593,#4594,#4595,#4596,#4597));
#1760=EDGE_LOOP('',(#4598,#4599,#4600,#4601));
#1761=EDGE_LOOP('',(#4602,#4603,#4604,#4605));
#1762=EDGE_LOOP('',(#4606,#4607,#4608,#4609,#4610));
#1763=EDGE_LOOP('',(#4611,#4612,#4613,#4614));
#1764=EDGE_LOOP('',(#4615,#4616,#4617,#4618));
#1765=EDGE_LOOP('',(#4619,#4620,#4621,#4622));
#1766=EDGE_LOOP('',(#4623,#4624,#4625,#4626));
#1767=EDGE_LOOP('',(#4627,#4628,#4629,#4630));
#1768=EDGE_LOOP('',(#4631,#4632,#4633,#4634));
#1769=EDGE_LOOP('',(#4635,#4636,#4637,#4638));
#1770=EDGE_LOOP('',(#4639,#4640,#4641,#4642));
#1771=EDGE_LOOP('',(#4643,#4644,#4645,#4646));
#1772=EDGE_LOOP('',(#4647,#4648,#4649,#4650,#4651));
#1773=EDGE_LOOP('',(#4652,#4653,#4654,#4655));
#1774=EDGE_LOOP('',(#4656,#4657,#4658,#4659,#4660));
#1775=EDGE_LOOP('',(#4661,#4662,#4663,#4664,#4665));
#1776=EDGE_LOOP('',(#4666,#4667,#4668,#4669,#4670));
#1777=EDGE_LOOP('',(#4671,#4672,#4673,#4674,#4675));
#1778=EDGE_LOOP('',(#4676,#4677,#4678,#4679,#4680));
#1779=EDGE_LOOP('',(#4681,#4682,#4683,#4684,#4685));
#1780=EDGE_LOOP('',(#4686,#4687,#4688,#4689,#4690));
#1781=EDGE_LOOP('',(#4691,#4692,#4693,#4694,#4695));
#1782=EDGE_LOOP('',(#4696,#4697,#4698,#4699,#4700));
#1783=EDGE_LOOP('',(#4701,#4702,#4703,#4704));
#1784=EDGE_LOOP('',(#4705,#4706,#4707,#4708,#4709));
#1785=EDGE_LOOP('',(#4710,#4711,#4712,#4713));
#1786=EDGE_LOOP('',(#4714,#4715,#4716,#4717,#4718));
#1787=EDGE_LOOP('',(#4719,#4720,#4721,#4722));
#1788=EDGE_LOOP('',(#4723,#4724,#4725,#4726));
#1789=EDGE_LOOP('',(#4727,#4728,#4729,#4730));
#1790=EDGE_LOOP('',(#4731,#4732,#4733,#4734));
#1791=EDGE_LOOP('',(#4735,#4736,#4737,#4738));
#1792=EDGE_LOOP('',(#4739,#4740,#4741,#4742));
#1793=EDGE_LOOP('',(#4743,#4744,#4745,#4746));
#1794=EDGE_LOOP('',(#4747,#4748,#4749,#4750));
#1795=EDGE_LOOP('',(#4751,#4752,#4753,#4754));
#1796=EDGE_LOOP('',(#4755,#4756,#4757,#4758));
#1797=EDGE_LOOP('',(#4759,#4760,#4761,#4762));
#1798=EDGE_LOOP('',(#4763,#4764,#4765,#4766));
#1799=EDGE_LOOP('',(#4767,#4768,#4769,#4770));
#1800=EDGE_LOOP('',(#4771,#4772,#4773,#4774));
#1801=EDGE_LOOP('',(#4775,#4776,#4777,#4778,#4779));
#1802=EDGE_LOOP('',(#4780,#4781,#4782,#4783));
#1803=EDGE_LOOP('',(#4784,#4785,#4786,#4787));
#1804=EDGE_LOOP('',(#4788,#4789,#4790,#4791,#4792));
#1805=EDGE_LOOP('',(#4793,#4794,#4795,#4796));
#1806=EDGE_LOOP('',(#4797,#4798,#4799,#4800));
#1807=EDGE_LOOP('',(#4801,#4802,#4803,#4804,#4805));
#1808=EDGE_LOOP('',(#4806,#4807,#4808,#4809));
#1809=EDGE_LOOP('',(#4810,#4811,#4812,#4813));
#1810=EDGE_LOOP('',(#4814,#4815,#4816,#4817));
#1811=EDGE_LOOP('',(#4818,#4819,#4820,#4821));
#1812=EDGE_LOOP('',(#4822,#4823,#4824,#4825));
#1813=EDGE_LOOP('',(#4826,#4827,#4828,#4829));
#1814=EDGE_LOOP('',(#4830,#4831,#4832,#4833));
#1815=EDGE_LOOP('',(#4834,#4835,#4836,#4837,#4838,#4839,#4840,#4841,#4842,
#4843,#4844,#4845,#4846,#4847,#4848,#4849,#4850,#4851,#4852,#4853,#4854,
#4855,#4856,#4857,#4858,#4859,#4860,#4861,#4862,#4863,#4864,#4865,#4866,
#4867,#4868,#4869,#4870,#4871,#4872,#4873,#4874,#4875,#4876,#4877,#4878,
#4879,#4880,#4881,#4882,#4883,#4884,#4885));
#1816=EDGE_LOOP('',(#4886));
#1817=EDGE_LOOP('',(#4887));
#1818=EDGE_LOOP('',(#4888));
#1819=EDGE_LOOP('',(#4889));
#1820=EDGE_LOOP('',(#4890));
#1821=CIRCLE('',#5221,18.4999999999951);
#1822=CIRCLE('',#5222,21.4999999999951);
#1823=CIRCLE('',#5224,2.00000000002529);
#1824=CIRCLE('',#5225,18.4999999999951);
#1825=CIRCLE('',#5226,2.00000000002529);
#1826=CIRCLE('',#5227,18.4999999999951);
#1827=CIRCLE('',#5228,2.00000000002529);
#1828=CIRCLE('',#5229,18.4999999999951);
#1829=CIRCLE('',#5230,2.00000000002529);
#1830=CIRCLE('',#5231,18.4999999999951);
#1831=CIRCLE('',#5232,2.00000000002529);
#1832=CIRCLE('',#5233,18.4999999999951);
#1833=CIRCLE('',#5234,2.00000000002529);
#1834=CIRCLE('',#5235,18.4999999999951);
#1835=CIRCLE('',#5236,2.00000000002529);
#1836=CIRCLE('',#5237,18.4999999999951);
#1837=CIRCLE('',#5238,2.00000000002529);
#1838=CIRCLE('',#5239,18.4999999999951);
#1839=CIRCLE('',#5240,2.00000000002529);
#1840=CIRCLE('',#5241,18.4999999999951);
#1841=CIRCLE('',#5242,2.00000000002529);
#1842=CIRCLE('',#5243,18.4999999999951);
#1843=CIRCLE('',#5244,2.00000000002529);
#1844=CIRCLE('',#5245,18.4999999999951);
#1845=CIRCLE('',#5246,2.00000000002529);
#1846=CIRCLE('',#5247,18.4999999999951);
#1847=CIRCLE('',#5248,2.00000000002529);
#1848=CIRCLE('',#5249,2.7);
#1849=CIRCLE('',#5250,3.35);
#1850=CIRCLE('',#5251,3.35);
#1851=CIRCLE('',#5252,3.35);
#1852=CIRCLE('',#5253,3.35);
#1853=CIRCLE('',#5255,1.24999999999992);
#1854=CIRCLE('',#5257,21.4999999999951);
#1855=CIRCLE('',#5259,1.24999999999992);
#1856=CIRCLE('',#5261,21.4999999999951);
#1857=CIRCLE('',#5263,1.24999999999992);
#1858=CIRCLE('',#5265,21.4999999999951);
#1859=CIRCLE('',#5267,21.4999999999951);
#1860=CIRCLE('',#5269,1.24999999999992);
#1861=CIRCLE('',#5271,21.4999999999951);
#1862=CIRCLE('',#5273,1.24999999999992);
#1863=CIRCLE('',#5275,21.4999999999951);
#1864=CIRCLE('',#5277,1.24999999999992);
#1865=CIRCLE('',#5279,21.4999999999951);
#1866=CIRCLE('',#5281,1.24999999999992);
#1867=CIRCLE('',#5283,21.4999999999951);
#1868=CIRCLE('',#5285,1.24999999999992);
#1869=CIRCLE('',#5287,21.4999999999951);
#1870=CIRCLE('',#5289,1.24999999999992);
#1871=CIRCLE('',#5291,1.24999999999992);
#1872=CIRCLE('',#5293,21.4999999999951);
#1873=CIRCLE('',#5295,21.4999999999951);
#1874=CIRCLE('',#5297,21.4999999999951);
#1875=CIRCLE('',#5299,21.4999999999951);
#1876=CIRCLE('',#5301,21.4999999999951);
#1877=CIRCLE('',#5303,21.4999999999951);
#1878=CIRCLE('',#5305,21.4999999999951);
#1879=CIRCLE('',#5307,21.4999999999951);
#1880=CIRCLE('',#5309,1.24999999999992);
#1881=CIRCLE('',#5311,21.4999999999951);
#1882=CIRCLE('',#5313,21.4999999999951);
#1883=CIRCLE('',#5315,21.4999999999951);
#1884=CIRCLE('',#5317,1.24999999999992);
#1885=CIRCLE('',#5319,1.24999999999992);
#1886=CIRCLE('',#5321,1.24999999999992);
#1887=CIRCLE('',#5323,1.24999999999992);
#1888=CIRCLE('',#5325,1.24999999999992);
#1889=CIRCLE('',#5327,1.24999999999992);
#1890=CIRCLE('',#5329,1.24999999999992);
#1891=CIRCLE('',#5331,1.24999999999992);
#1892=CIRCLE('',#5333,21.4999999999951);
#1893=CIRCLE('',#5335,1.24999999999992);
#1894=CIRCLE('',#5337,1.24999999999992);
#1895=CIRCLE('',#5339,21.4999999999951);
#1896=CIRCLE('',#5341,1.24999999999992);
#1897=CIRCLE('',#5343,21.4999999999951);
#1898=CIRCLE('',#5345,1.24999999999992);
#1899=CIRCLE('',#5347,2.2);
#1900=CIRCLE('',#5349,2.2);
#1901=CIRCLE('',#5351,2.85);
#1902=CIRCLE('',#5353,2.85);
#1903=CIRCLE('',#5355,2.85);
#1904=CIRCLE('',#5357,2.85);
#1905=CIRCLE('',#5359,2.85);
#1906=CIRCLE('',#5361,2.85);
#1907=CIRCLE('',#5363,2.85);
#1908=CIRCLE('',#5365,2.85);
#1909=CIRCLE('',#5367,1.45);
#1910=CIRCLE('',#5369,1.45);
#1911=CIRCLE('',#5371,1.45);
#1912=CIRCLE('',#5373,1.45);
#1913=CIRCLE('',#5375,1.45);
#1914=CIRCLE('',#5377,1.45);
#1915=CIRCLE('',#5379,1.45);
#1916=CIRCLE('',#5381,1.45);
#1917=CIRCLE('',#5383,1.24999999999992);
#1918=CIRCLE('',#5387,1.24999999999992);
#1919=CIRCLE('',#5393,2.00000000002529);
#1920=CIRCLE('',#5394,2.00000000002529);
#1921=CIRCLE('',#5395,2.00000000002529);
#1922=CIRCLE('',#5396,2.00000000002529);
#1923=CIRCLE('',#5397,21.4999999999951);
#1924=CIRCLE('',#5398,2.00000000002529);
#1925=CIRCLE('',#5399,21.4999999999951);
#1926=CIRCLE('',#5400,2.00000000002529);
#1927=CIRCLE('',#5401,2.00000000002529);
#1928=CIRCLE('',#5402,2.00000000002529);
#1929=CIRCLE('',#5403,2.00000000002529);
#1930=CIRCLE('',#5404,2.00000000002529);
#1931=CIRCLE('',#5405,2.00000000002529);
#1932=CIRCLE('',#5406,2.00000000002529);
#1933=CIRCLE('',#5407,2.00000000002529);
#1934=CIRCLE('',#5409,1.24999999999992);
#1935=CIRCLE('',#5413,1.24999999999992);
#1936=CIRCLE('',#5419,1.24999999999992);
#1937=CIRCLE('',#5423,1.24999999999992);
#1938=CIRCLE('',#5429,1.24999999999992);
#1939=CIRCLE('',#5433,1.24999999999992);
#1940=CIRCLE('',#5438,1.24999999999992);
#1941=CIRCLE('',#5440,1.24999999999992);
#1942=CIRCLE('',#5444,1.24999999999992);
#1943=CIRCLE('',#5449,1.24999999999992);
#1944=CIRCLE('',#5451,1.24999999999992);
#1945=CIRCLE('',#5455,1.24999999999992);
#1946=CIRCLE('',#5460,1.24999999999992);
#1947=CIRCLE('',#5462,1.24999999999992);
#1948=CIRCLE('',#5466,1.24999999999992);
#1949=CIRCLE('',#5472,1.24999999999992);
#1950=CIRCLE('',#5476,1.24999999999992);
#1951=CIRCLE('',#5482,1.24999999999992);
#1952=CIRCLE('',#5486,1.24999999999992);
#1953=CIRCLE('',#5492,1.24999999999992);
#1954=CIRCLE('',#5496,1.24999999999992);
#1955=CIRCLE('',#5502,1.24999999999992);
#1956=CIRCLE('',#5506,1.24999999999992);
#1957=CIRCLE('',#5512,1.24999999999992);
#1958=CIRCLE('',#5516,1.24999999999992);
#1959=CIRCLE('',#5522,1.24999999999992);
#1960=CIRCLE('',#5526,1.24999999999992);
#1961=CIRCLE('',#5551,18.4999999999951);
#1962=CIRCLE('',#5552,21.4999999999951);
#1963=CIRCLE('',#5554,2.00000000002529);
#1964=CIRCLE('',#5555,18.4999999999951);
#1965=CIRCLE('',#5556,2.00000000002529);
#1966=CIRCLE('',#5557,18.4999999999951);
#1967=CIRCLE('',#5558,2.00000000002529);
#1968=CIRCLE('',#5559,18.4999999999951);
#1969=CIRCLE('',#5560,2.00000000002529);
#1970=CIRCLE('',#5561,18.4999999999951);
#1971=CIRCLE('',#5562,2.00000000002529);
#1972=CIRCLE('',#5563,18.4999999999951);
#1973=CIRCLE('',#5564,2.00000000002529);
#1974=CIRCLE('',#5565,18.4999999999951);
#1975=CIRCLE('',#5566,2.00000000002529);
#1976=CIRCLE('',#5567,18.4999999999951);
#1977=CIRCLE('',#5568,2.00000000002529);
#1978=CIRCLE('',#5569,18.4999999999951);
#1979=CIRCLE('',#5570,2.00000000002529);
#1980=CIRCLE('',#5571,18.4999999999951);
#1981=CIRCLE('',#5572,2.00000000002529);
#1982=CIRCLE('',#5573,18.4999999999951);
#1983=CIRCLE('',#5574,2.00000000002529);
#1984=CIRCLE('',#5575,18.4999999999951);
#1985=CIRCLE('',#5576,2.00000000002529);
#1986=CIRCLE('',#5577,18.4999999999951);
#1987=CIRCLE('',#5578,2.00000000002529);
#1988=CIRCLE('',#5579,1.95);
#1989=CIRCLE('',#5580,1.95);
#1990=CIRCLE('',#5581,1.95);
#1991=CIRCLE('',#5582,2.7);
#1992=CIRCLE('',#5583,1.95);
#1993=CIRCLE('',#5586,21.4999999999951);
#1994=CIRCLE('',#5589,21.4999999999951);
#1995=CIRCLE('',#5592,21.4999999999951);
#1996=CIRCLE('',#5594,21.4999999999951);
#1997=CIRCLE('',#5597,21.4999999999951);
#1998=CIRCLE('',#5600,21.4999999999951);
#1999=CIRCLE('',#5603,21.4999999999951);
#2000=CIRCLE('',#5606,21.4999999999951);
#2001=CIRCLE('',#5609,21.4999999999951);
#2002=CIRCLE('',#5613,21.4999999999951);
#2003=CIRCLE('',#5615,21.4999999999951);
#2004=CIRCLE('',#5618,21.4999999999951);
#2005=CIRCLE('',#5620,21.4999999999951);
#2006=CIRCLE('',#5622,21.4999999999951);
#2007=CIRCLE('',#5624,21.4999999999951);
#2008=CIRCLE('',#5626,21.4999999999951);
#2009=CIRCLE('',#5628,21.4999999999951);
#2010=CIRCLE('',#5630,21.4999999999951);
#2011=CIRCLE('',#5632,21.4999999999951);
#2012=CIRCLE('',#5634,21.4999999999951);
#2013=CIRCLE('',#5637,21.4999999999951);
#2014=CIRCLE('',#5648,21.4999999999951);
#2015=CIRCLE('',#5651,21.4999999999951);
#2016=CIRCLE('',#5654,1.45);
#2017=CIRCLE('',#5656,1.45);
#2018=CIRCLE('',#5658,1.45);
#2019=CIRCLE('',#5660,1.45);
#2020=CIRCLE('',#5662,1.45);
#2021=CIRCLE('',#5664,1.45);
#2022=CIRCLE('',#5666,2.2);
#2023=CIRCLE('',#5668,2.2);
#2024=CIRCLE('',#5670,1.45);
#2025=CIRCLE('',#5672,1.45);
#2026=CIRCLE('',#5674,2.00000000002529);
#2027=CIRCLE('',#5676,2.00000000002529);
#2028=CIRCLE('',#5678,2.00000000002529);
#2029=CIRCLE('',#5680,2.00000000002529);
#2030=CIRCLE('',#5683,2.00000000002529);
#2031=CIRCLE('',#5685,21.4999999999951);
#2032=CIRCLE('',#5688,2.00000000002529);
#2033=CIRCLE('',#5690,21.4999999999951);
#2034=CIRCLE('',#5693,2.00000000002529);
#2035=CIRCLE('',#5695,2.00000000002529);
#2036=CIRCLE('',#5697,2.00000000002529);
#2037=CIRCLE('',#5699,2.00000000002529);
#2038=CIRCLE('',#5701,2.00000000002529);
#2039=CIRCLE('',#5703,2.00000000002529);
#2040=CIRCLE('',#5705,2.00000000002529);
#2041=(
BOUNDED_CURVE()
B_SPLINE_CURVE(2,(#7188,#7189,#7190),.UNSPECIFIED.,.F.,.F.)
B_SPLINE_CURVE_WITH_KNOTS((3,3),(0.395130643561311,0.850415183907255),
 .UNSPECIFIED.)
CURVE()
GEOMETRIC_REPRESENTATION_ITEM()
RATIONAL_B_SPLINE_CURVE((1.00495945777088,1.00533696672357,1.))
REPRESENTATION_ITEM('')
);
#2042=(
BOUNDED_CURVE()
B_SPLINE_CURVE(2,(#7194,#7195,#7196),.UNSPECIFIED.,.F.,.F.)
B_SPLINE_CURVE_WITH_KNOTS((3,3),(0.,0.455284540313575),.UNSPECIFIED.)
CURVE()
GEOMETRIC_REPRESENTATION_ITEM()
RATIONAL_B_SPLINE_CURVE((1.,1.0053369666992,1.00495945774863))
REPRESENTATION_ITEM('')
);
#2043=(
BOUNDED_CURVE()
B_SPLINE_CURVE(2,(#7326,#7327,#7328),.UNSPECIFIED.,.F.,.F.)
B_SPLINE_CURVE_WITH_KNOTS((3,3),(0.395130643555068,0.850415183907255),
 .UNSPECIFIED.)
CURVE()
GEOMETRIC_REPRESENTATION_ITEM()
RATIONAL_B_SPLINE_CURVE((1.00495945777191,1.00533696672476,1.))
REPRESENTATION_ITEM('')
);
#2044=(
BOUNDED_CURVE()
B_SPLINE_CURVE(2,(#7330,#7331,#7332),.UNSPECIFIED.,.F.,.F.)
B_SPLINE_CURVE_WITH_KNOTS((3,3),(0.,0.455284540361596),.UNSPECIFIED.)
CURVE()
GEOMETRIC_REPRESENTATION_ITEM()
RATIONAL_B_SPLINE_CURVE((1.,1.00533696673289,1.00495945777934))
REPRESENTATION_ITEM('')
);
#2045=(
BOUNDED_CURVE()
B_SPLINE_CURVE(2,(#7350,#7351,#7352),.UNSPECIFIED.,.F.,.F.)
B_SPLINE_CURVE_WITH_KNOTS((3,3),(0.395130643570653,0.850415183907255),
 .UNSPECIFIED.)
CURVE()
GEOMETRIC_REPRESENTATION_ITEM()
RATIONAL_B_SPLINE_CURVE((1.0049594577627,1.00533696671465,1.))
REPRESENTATION_ITEM('')
);
#2046=(
BOUNDED_CURVE()
B_SPLINE_CURVE(2,(#7354,#7355,#7356),.UNSPECIFIED.,.F.,.F.)
B_SPLINE_CURVE_WITH_KNOTS((3,3),(0.,0.455284540324918),.UNSPECIFIED.)
CURVE()
GEOMETRIC_REPRESENTATION_ITEM()
RATIONAL_B_SPLINE_CURVE((1.,1.00533696670536,1.00495945775421))
REPRESENTATION_ITEM('')
);
#2047=(
BOUNDED_CURVE()
B_SPLINE_CURVE(2,(#7378,#7379,#7380),.UNSPECIFIED.,.F.,.F.)
B_SPLINE_CURVE_WITH_KNOTS((3,3),(0.395130643580974,0.850415183907255),
 .UNSPECIFIED.)
CURVE()
GEOMETRIC_REPRESENTATION_ITEM()
RATIONAL_B_SPLINE_CURVE((1.00495945775628,1.00533696670759,1.))
REPRESENTATION_ITEM('')
);
#2048=(
BOUNDED_CURVE()
B_SPLINE_CURVE(2,(#7382,#7383,#7384),.UNSPECIFIED.,.F.,.F.)
B_SPLINE_CURVE_WITH_KNOTS((3,3),(0.,0.455284540289864),.UNSPECIFIED.)
CURVE()
GEOMETRIC_REPRESENTATION_ITEM()
RATIONAL_B_SPLINE_CURVE((1.,1.00533696668038,1.00495945773144))
REPRESENTATION_ITEM('')
);
#2049=(
BOUNDED_CURVE()
B_SPLINE_CURVE(2,(#7402,#7403,#7404),.UNSPECIFIED.,.F.,.F.)
B_SPLINE_CURVE_WITH_KNOTS((3,3),(0.395130643570896,0.850415183907255),
 .UNSPECIFIED.)
CURVE()
GEOMETRIC_REPRESENTATION_ITEM()
RATIONAL_B_SPLINE_CURVE((1.0049594577626,1.00533696671453,1.))
REPRESENTATION_ITEM('')
);
#2050=(
BOUNDED_CURVE()
B_SPLINE_CURVE(2,(#7406,#7407,#7408),.UNSPECIFIED.,.F.,.F.)
B_SPLINE_CURVE_WITH_KNOTS((3,3),(0.,0.455284540380771),.UNSPECIFIED.)
CURVE()
GEOMETRIC_REPRESENTATION_ITEM()
RATIONAL_B_SPLINE_CURVE((1.,1.00533696674787,1.00495945779302))
REPRESENTATION_ITEM('')
);
#2051=(
BOUNDED_CURVE()
B_SPLINE_CURVE(2,(#7426,#7427,#7428),.UNSPECIFIED.,.F.,.F.)
B_SPLINE_CURVE_WITH_KNOTS((3,3),(0.395130643574994,0.850415183907255),
 .UNSPECIFIED.)
CURVE()
GEOMETRIC_REPRESENTATION_ITEM()
RATIONAL_B_SPLINE_CURVE((1.00495945776087,1.00533696671262,1.))
REPRESENTATION_ITEM('')
);
#2052=(
BOUNDED_CURVE()
B_SPLINE_CURVE(2,(#7430,#7431,#7432),.UNSPECIFIED.,.F.,.F.)
B_SPLINE_CURVE_WITH_KNOTS((3,3),(0.,0.45528454034486),.UNSPECIFIED.)
CURVE()
GEOMETRIC_REPRESENTATION_ITEM()
RATIONAL_B_SPLINE_CURVE((1.,1.00533696672146,1.00495945776893))
REPRESENTATION_ITEM('')
);
#2053=(
BOUNDED_CURVE()
B_SPLINE_CURVE(2,(#7450,#7451,#7452),.UNSPECIFIED.,.F.,.F.)
B_SPLINE_CURVE_WITH_KNOTS((3,3),(0.395130643616058,0.850415183907255),
 .UNSPECIFIED.)
CURVE()
GEOMETRIC_REPRESENTATION_ITEM()
RATIONAL_B_SPLINE_CURVE((1.00495945773482,1.00533696668403,1.))
REPRESENTATION_ITEM('')
);
#2054=(
BOUNDED_CURVE()
B_SPLINE_CURVE(2,(#7454,#7455,#7456),.UNSPECIFIED.,.F.,.F.)
B_SPLINE_CURVE_WITH_KNOTS((3,3),(0.,0.455284540362589),.UNSPECIFIED.)
CURVE()
GEOMETRIC_REPRESENTATION_ITEM()
RATIONAL_B_SPLINE_CURVE((1.,1.00533696673631,1.00495945778251))
REPRESENTATION_ITEM('')
);
#2055=(
BOUNDED_CURVE()
B_SPLINE_CURVE(2,(#7474,#7475,#7476),.UNSPECIFIED.,.F.,.F.)
B_SPLINE_CURVE_WITH_KNOTS((3,3),(0.395130643607243,0.850415183907255),
 .UNSPECIFIED.)
CURVE()
GEOMETRIC_REPRESENTATION_ITEM()
RATIONAL_B_SPLINE_CURVE((1.0049594577396,1.00533696668929,1.))
REPRESENTATION_ITEM('')
);
#2056=(
BOUNDED_CURVE()
B_SPLINE_CURVE(2,(#7478,#7479,#7480),.UNSPECIFIED.,.F.,.F.)
B_SPLINE_CURVE_WITH_KNOTS((3,3),(0.,0.455284540347911),.UNSPECIFIED.)
CURVE()
GEOMETRIC_REPRESENTATION_ITEM()
RATIONAL_B_SPLINE_CURVE((1.,1.00533696672446,1.00495945777167))
REPRESENTATION_ITEM('')
);
#2057=(
BOUNDED_CURVE()
B_SPLINE_CURVE(2,(#7498,#7499,#7500),.UNSPECIFIED.,.F.,.F.)
B_SPLINE_CURVE_WITH_KNOTS((3,3),(0.395130643574709,0.850415183907255),
 .UNSPECIFIED.)
CURVE()
GEOMETRIC_REPRESENTATION_ITEM()
RATIONAL_B_SPLINE_CURVE((1.00495945775894,1.00533696671054,1.))
REPRESENTATION_ITEM('')
);
#2058=(
BOUNDED_CURVE()
B_SPLINE_CURVE(2,(#7502,#7503,#7504),.UNSPECIFIED.,.F.,.F.)
B_SPLINE_CURVE_WITH_KNOTS((3,3),(0.,0.455284540324641),.UNSPECIFIED.)
CURVE()
GEOMETRIC_REPRESENTATION_ITEM()
RATIONAL_B_SPLINE_CURVE((1.,1.00533696670456,1.00495945775348))
REPRESENTATION_ITEM('')
);
#2059=(
BOUNDED_CURVE()
B_SPLINE_CURVE(2,(#7534,#7535,#7536),.UNSPECIFIED.,.F.,.F.)
B_SPLINE_CURVE_WITH_KNOTS((3,3),(0.39513064354666,0.850415183907255),
 .UNSPECIFIED.)
CURVE()
GEOMETRIC_REPRESENTATION_ITEM()
RATIONAL_B_SPLINE_CURVE((1.00495945777896,1.00533696673247,1.))
REPRESENTATION_ITEM('')
);
#2060=(
BOUNDED_CURVE()
B_SPLINE_CURVE(2,(#7538,#7539,#7540),.UNSPECIFIED.,.F.,.F.)
B_SPLINE_CURVE_WITH_KNOTS((3,3),(0.,0.455284540336444),.UNSPECIFIED.)
CURVE()
GEOMETRIC_REPRESENTATION_ITEM()
RATIONAL_B_SPLINE_CURVE((1.,1.00533696671478,1.00495945776283))
REPRESENTATION_ITEM('')
);
#2061=(
BOUNDED_CURVE()
B_SPLINE_CURVE(2,(#7594,#7595,#7596),.UNSPECIFIED.,.F.,.F.)
B_SPLINE_CURVE_WITH_KNOTS((3,3),(0.395130643598309,0.850415183907255),
 .UNSPECIFIED.)
CURVE()
GEOMETRIC_REPRESENTATION_ITEM()
RATIONAL_B_SPLINE_CURVE((1.00495945774595,1.00533696669625,1.))
REPRESENTATION_ITEM('')
);
#2062=(
BOUNDED_CURVE()
B_SPLINE_CURVE(2,(#7598,#7599,#7600),.UNSPECIFIED.,.F.,.F.)
B_SPLINE_CURVE_WITH_KNOTS((3,3),(0.,0.455284540333205),.UNSPECIFIED.)
CURVE()
GEOMETRIC_REPRESENTATION_ITEM()
RATIONAL_B_SPLINE_CURVE((1.,1.00533696671018,1.00495945775859))
REPRESENTATION_ITEM('')
);
#2063=(
BOUNDED_CURVE()
B_SPLINE_CURVE(2,(#7730,#7731,#7732),.UNSPECIFIED.,.F.,.F.)
B_SPLINE_CURVE_WITH_KNOTS((3,3),(0.395130643556506,0.850415183907255),
 .UNSPECIFIED.)
CURVE()
GEOMETRIC_REPRESENTATION_ITEM()
RATIONAL_B_SPLINE_CURVE((1.00495945777145,1.00533696672425,1.))
REPRESENTATION_ITEM('')
);
#2064=(
BOUNDED_CURVE()
B_SPLINE_CURVE(2,(#7734,#7735,#7736),.UNSPECIFIED.,.F.,.F.)
B_SPLINE_CURVE_WITH_KNOTS((3,3),(0.,0.455284540323281),.UNSPECIFIED.)
CURVE()
GEOMETRIC_REPRESENTATION_ITEM()
RATIONAL_B_SPLINE_CURVE((1.,1.00533696670604,1.00495945775487))
REPRESENTATION_ITEM('')
);
#2065=(
BOUNDED_CURVE()
B_SPLINE_CURVE(2,(#7754,#7755,#7756),.UNSPECIFIED.,.F.,.F.)
B_SPLINE_CURVE_WITH_KNOTS((3,3),(0.395130643612597,0.850415183907255),
 .UNSPECIFIED.)
CURVE()
GEOMETRIC_REPRESENTATION_ITEM()
RATIONAL_B_SPLINE_CURVE((1.00495945773651,1.0053369666859,1.))
REPRESENTATION_ITEM('')
);
#2066=(
BOUNDED_CURVE()
B_SPLINE_CURVE(2,(#7758,#7759,#7760),.UNSPECIFIED.,.F.,.F.)
B_SPLINE_CURVE_WITH_KNOTS((3,3),(0.,0.455284540349478),.UNSPECIFIED.)
CURVE()
GEOMETRIC_REPRESENTATION_ITEM()
RATIONAL_B_SPLINE_CURVE((1.,1.0053369667243,1.00495945777151))
REPRESENTATION_ITEM('')
);
#2067=(
BOUNDED_CURVE()
B_SPLINE_CURVE(2,(#8335,#8336,#8337),.UNSPECIFIED.,.F.,.F.)
B_SPLINE_CURVE_WITH_KNOTS((3,3),(0.1315205190678,0.567056099835414),
 .UNSPECIFIED.)
CURVE()
GEOMETRIC_REPRESENTATION_ITEM()
RATIONAL_B_SPLINE_CURVE((1.00172446966162,1.00371756075605,1.))
REPRESENTATION_ITEM('')
);
#2068=(
BOUNDED_CURVE()
B_SPLINE_CURVE(2,(#8341,#8342,#8343),.UNSPECIFIED.,.F.,.F.)
B_SPLINE_CURVE_WITH_KNOTS((3,3),(0.,0.435535580804895),.UNSPECIFIED.)
CURVE()
GEOMETRIC_REPRESENTATION_ITEM()
RATIONAL_B_SPLINE_CURVE((1.,1.00371756081416,1.00172446968809))
REPRESENTATION_ITEM('')
);
#2069=(
BOUNDED_CURVE()
B_SPLINE_CURVE(2,(#8465,#8466,#8467),.UNSPECIFIED.,.F.,.F.)
B_SPLINE_CURVE_WITH_KNOTS((3,3),(0.131520519032959,0.567056099835414),
 .UNSPECIFIED.)
CURVE()
GEOMETRIC_REPRESENTATION_ITEM()
RATIONAL_B_SPLINE_CURVE((1.00172446968398,1.00371756080524,1.))
REPRESENTATION_ITEM('')
);
#2070=(
BOUNDED_CURVE()
B_SPLINE_CURVE(2,(#8469,#8470,#8471),.UNSPECIFIED.,.F.,.F.)
B_SPLINE_CURVE_WITH_KNOTS((3,3),(0.,0.435535580805189),.UNSPECIFIED.)
CURVE()
GEOMETRIC_REPRESENTATION_ITEM()
RATIONAL_B_SPLINE_CURVE((1.,1.00371756081274,1.00172446968743))
REPRESENTATION_ITEM('')
);
#2071=(
BOUNDED_CURVE()
B_SPLINE_CURVE(2,(#8481,#8482,#8483),.UNSPECIFIED.,.F.,.F.)
B_SPLINE_CURVE_WITH_KNOTS((3,3),(0.131520519024814,0.567056099835414),
 .UNSPECIFIED.)
CURVE()
GEOMETRIC_REPRESENTATION_ITEM()
RATIONAL_B_SPLINE_CURVE((1.00172446969109,1.00371756082079,1.))
REPRESENTATION_ITEM('')
);
#2072=(
BOUNDED_CURVE()
B_SPLINE_CURVE(2,(#8485,#8486,#8487),.UNSPECIFIED.,.F.,.F.)
B_SPLINE_CURVE_WITH_KNOTS((3,3),(0.,0.435535580796697),.UNSPECIFIED.)
CURVE()
GEOMETRIC_REPRESENTATION_ITEM()
RATIONAL_B_SPLINE_CURVE((1.,1.00371756080313,1.00172446968308))
REPRESENTATION_ITEM('')
);
#2073=(
BOUNDED_CURVE()
B_SPLINE_CURVE(2,(#8501,#8502,#8503),.UNSPECIFIED.,.F.,.F.)
B_SPLINE_CURVE_WITH_KNOTS((3,3),(0.1315205190582,0.567056099835414),
 .UNSPECIFIED.)
CURVE()
GEOMETRIC_REPRESENTATION_ITEM()
RATIONAL_B_SPLINE_CURVE((1.00172446967027,1.00371756077496,1.))
REPRESENTATION_ITEM('')
);
#2074=(
BOUNDED_CURVE()
B_SPLINE_CURVE(2,(#8505,#8506,#8507),.UNSPECIFIED.,.F.,.F.)
B_SPLINE_CURVE_WITH_KNOTS((3,3),(0.,0.435535580774772),.UNSPECIFIED.)
CURVE()
GEOMETRIC_REPRESENTATION_ITEM()
RATIONAL_B_SPLINE_CURVE((1.,1.00371756076856,1.00172446966733))
REPRESENTATION_ITEM('')
);
#2075=(
BOUNDED_CURVE()
B_SPLINE_CURVE(2,(#8517,#8518,#8519),.UNSPECIFIED.,.F.,.F.)
B_SPLINE_CURVE_WITH_KNOTS((3,3),(0.131520519015656,0.567056099835414),
 .UNSPECIFIED.)
CURVE()
GEOMETRIC_REPRESENTATION_ITEM()
RATIONAL_B_SPLINE_CURVE((1.00172446969981,1.00371756083985,1.))
REPRESENTATION_ITEM('')
);
#2076=(
BOUNDED_CURVE()
B_SPLINE_CURVE(2,(#8521,#8522,#8523),.UNSPECIFIED.,.F.,.F.)
B_SPLINE_CURVE_WITH_KNOTS((3,3),(0.,0.435535580769695),.UNSPECIFIED.)
CURVE()
GEOMETRIC_REPRESENTATION_ITEM()
RATIONAL_B_SPLINE_CURVE((1.,1.00371756075638,1.00172446966174))
REPRESENTATION_ITEM('')
);
#2077=(
BOUNDED_CURVE()
B_SPLINE_CURVE(2,(#8533,#8534,#8535),.UNSPECIFIED.,.F.,.F.)
B_SPLINE_CURVE_WITH_KNOTS((3,3),(0.13152051904309,0.567056099835414),
 .UNSPECIFIED.)
CURVE()
GEOMETRIC_REPRESENTATION_ITEM()
RATIONAL_B_SPLINE_CURVE((1.00172446967734,1.00371756079063,1.))
REPRESENTATION_ITEM('')
);
#2078=(
BOUNDED_CURVE()
B_SPLINE_CURVE(2,(#8537,#8538,#8539),.UNSPECIFIED.,.F.,.F.)
B_SPLINE_CURVE_WITH_KNOTS((3,3),(0.,0.435535580792691),.UNSPECIFIED.)
CURVE()
GEOMETRIC_REPRESENTATION_ITEM()
RATIONAL_B_SPLINE_CURVE((1.,1.00371756079857,1.00172446968102))
REPRESENTATION_ITEM('')
);
#2079=(
BOUNDED_CURVE()
B_SPLINE_CURVE(2,(#8549,#8550,#8551),.UNSPECIFIED.,.F.,.F.)
B_SPLINE_CURVE_WITH_KNOTS((3,3),(0.131520519017906,0.567056099835414),
 .UNSPECIFIED.)
CURVE()
GEOMETRIC_REPRESENTATION_ITEM()
RATIONAL_B_SPLINE_CURVE((1.00172446969925,1.00371756083859,1.))
REPRESENTATION_ITEM('')
);
#2080=(
BOUNDED_CURVE()
B_SPLINE_CURVE(2,(#8553,#8554,#8555),.UNSPECIFIED.,.F.,.F.)
B_SPLINE_CURVE_WITH_KNOTS((3,3),(0.,0.435535580796387),.UNSPECIFIED.)
CURVE()
GEOMETRIC_REPRESENTATION_ITEM()
RATIONAL_B_SPLINE_CURVE((1.,1.00371756080165,1.0017244696824))
REPRESENTATION_ITEM('')
);
#2081=(
BOUNDED_CURVE()
B_SPLINE_CURVE(2,(#8565,#8566,#8567),.UNSPECIFIED.,.F.,.F.)
B_SPLINE_CURVE_WITH_KNOTS((3,3),(0.1315205190514,0.567056099835414),
 .UNSPECIFIED.)
CURVE()
GEOMETRIC_REPRESENTATION_ITEM()
RATIONAL_B_SPLINE_CURVE((1.0017244696726,1.00371756078019,1.))
REPRESENTATION_ITEM('')
);
#2082=(
BOUNDED_CURVE()
B_SPLINE_CURVE(2,(#8569,#8570,#8571),.UNSPECIFIED.,.F.,.F.)
B_SPLINE_CURVE_WITH_KNOTS((3,3),(0.,0.435535580797246),.UNSPECIFIED.)
CURVE()
GEOMETRIC_REPRESENTATION_ITEM()
RATIONAL_B_SPLINE_CURVE((1.,1.00371756079997,1.00172446968161))
REPRESENTATION_ITEM('')
);
#2083=(
BOUNDED_CURVE()
B_SPLINE_CURVE(2,(#8581,#8582,#8583),.UNSPECIFIED.,.F.,.F.)
B_SPLINE_CURVE_WITH_KNOTS((3,3),(0.131520519042855,0.567056099835414),
 .UNSPECIFIED.)
CURVE()
GEOMETRIC_REPRESENTATION_ITEM()
RATIONAL_B_SPLINE_CURVE((1.00172446968222,1.00371756080116,1.))
REPRESENTATION_ITEM('')
);
#2084=(
BOUNDED_CURVE()
B_SPLINE_CURVE(2,(#8585,#8586,#8587),.UNSPECIFIED.,.F.,.F.)
B_SPLINE_CURVE_WITH_KNOTS((3,3),(0.,0.43553558080899),.UNSPECIFIED.)
CURVE()
GEOMETRIC_REPRESENTATION_ITEM()
RATIONAL_B_SPLINE_CURVE((1.,1.00371756082208,1.00172446969171))
REPRESENTATION_ITEM('')
);
#2085=(
BOUNDED_CURVE()
B_SPLINE_CURVE(2,(#8601,#8602,#8603),.UNSPECIFIED.,.F.,.F.)
B_SPLINE_CURVE_WITH_KNOTS((3,3),(0.13152051907714,0.567056099835414),
 .UNSPECIFIED.)
CURVE()
GEOMETRIC_REPRESENTATION_ITEM()
RATIONAL_B_SPLINE_CURVE((1.00172446966014,1.0037175607526,1.))
REPRESENTATION_ITEM('')
);
#2086=(
BOUNDED_CURVE()
B_SPLINE_CURVE(2,(#8605,#8606,#8607),.UNSPECIFIED.,.F.,.F.)
B_SPLINE_CURVE_WITH_KNOTS((3,3),(0.,0.435535580808795),.UNSPECIFIED.)
CURVE()
GEOMETRIC_REPRESENTATION_ITEM()
RATIONAL_B_SPLINE_CURVE((1.,1.00371756082112,1.00172446969127))
REPRESENTATION_ITEM('')
);
#2087=(
BOUNDED_CURVE()
B_SPLINE_CURVE(2,(#8653,#8654,#8655),.UNSPECIFIED.,.F.,.F.)
B_SPLINE_CURVE_WITH_KNOTS((3,3),(0.13152051906789,0.567056099835414),
 .UNSPECIFIED.)
CURVE()
GEOMETRIC_REPRESENTATION_ITEM()
RATIONAL_B_SPLINE_CURVE((1.00172446966198,1.00371756075682,1.))
REPRESENTATION_ITEM('')
);
#2088=(
BOUNDED_CURVE()
B_SPLINE_CURVE(2,(#8657,#8658,#8659),.UNSPECIFIED.,.F.,.F.)
B_SPLINE_CURVE_WITH_KNOTS((3,3),(0.,0.435535580810818),.UNSPECIFIED.)
CURVE()
GEOMETRIC_REPRESENTATION_ITEM()
RATIONAL_B_SPLINE_CURVE((1.,1.00371756082129,1.00172446969132))
REPRESENTATION_ITEM('')
);
#2089=(
BOUNDED_CURVE()
B_SPLINE_CURVE(2,(#8709,#8710,#8711),.UNSPECIFIED.,.F.,.F.)
B_SPLINE_CURVE_WITH_KNOTS((3,3),(0.131520519061324,0.567056099835414),
 .UNSPECIFIED.)
CURVE()
GEOMETRIC_REPRESENTATION_ITEM()
RATIONAL_B_SPLINE_CURVE((1.00172446966789,1.00371756076975,1.))
REPRESENTATION_ITEM('')
);
#2090=(
BOUNDED_CURVE()
B_SPLINE_CURVE(2,(#8713,#8714,#8715),.UNSPECIFIED.,.F.,.F.)
B_SPLINE_CURVE_WITH_KNOTS((3,3),(0.,0.43553558078458),.UNSPECIFIED.)
CURVE()
GEOMETRIC_REPRESENTATION_ITEM()
RATIONAL_B_SPLINE_CURVE((1.,1.00371756077987,1.00172446967245))
REPRESENTATION_ITEM('')
);
#2091=(
BOUNDED_CURVE()
B_SPLINE_CURVE(2,(#8725,#8726,#8727),.UNSPECIFIED.,.F.,.F.)
B_SPLINE_CURVE_WITH_KNOTS((3,3),(0.131520519037752,0.567056099835414),
 .UNSPECIFIED.)
CURVE()
GEOMETRIC_REPRESENTATION_ITEM()
RATIONAL_B_SPLINE_CURVE((1.00172446968367,1.00371756080443,1.))
REPRESENTATION_ITEM('')
);
#2092=(
BOUNDED_CURVE()
B_SPLINE_CURVE(2,(#8729,#8730,#8731),.UNSPECIFIED.,.F.,.F.)
B_SPLINE_CURVE_WITH_KNOTS((3,3),(0.,0.435535580780339),.UNSPECIFIED.)
CURVE()
GEOMETRIC_REPRESENTATION_ITEM()
RATIONAL_B_SPLINE_CURVE((1.,1.00371756078389,1.00172446967437))
REPRESENTATION_ITEM('')
);
#2093=VERTEX_POINT('',#7186);
#2094=VERTEX_POINT('',#7187);
#2095=VERTEX_POINT('',#7191);
#2096=VERTEX_POINT('',#7193);
#2097=VERTEX_POINT('',#7199);
#2098=VERTEX_POINT('',#7201);
#2099=VERTEX_POINT('',#7203);
#2100=VERTEX_POINT('',#7205);
#2101=VERTEX_POINT('',#7207);
#2102=VERTEX_POINT('',#7209);
#2103=VERTEX_POINT('',#7211);
#2104=VERTEX_POINT('',#7213);
#2105=VERTEX_POINT('',#7215);
#2106=VERTEX_POINT('',#7217);
#2107=VERTEX_POINT('',#7219);
#2108=VERTEX_POINT('',#7221);
#2109=VERTEX_POINT('',#7223);
#2110=VERTEX_POINT('',#7225);
#2111=VERTEX_POINT('',#7227);
#2112=VERTEX_POINT('',#7229);
#2113=VERTEX_POINT('',#7231);
#2114=VERTEX_POINT('',#7233);
#2115=VERTEX_POINT('',#7235);
#2116=VERTEX_POINT('',#7237);
#2117=VERTEX_POINT('',#7239);
#2118=VERTEX_POINT('',#7241);
#2119=VERTEX_POINT('',#7243);
#2120=VERTEX_POINT('',#7245);
#2121=VERTEX_POINT('',#7247);
#2122=VERTEX_POINT('',#7249);
#2123=VERTEX_POINT('',#7251);
#2124=VERTEX_POINT('',#7253);
#2125=VERTEX_POINT('',#7255);
#2126=VERTEX_POINT('',#7257);
#2127=VERTEX_POINT('',#7259);
#2128=VERTEX_POINT('',#7261);
#2129=VERTEX_POINT('',#7263);
#2130=VERTEX_POINT('',#7265);
#2131=VERTEX_POINT('',#7267);
#2132=VERTEX_POINT('',#7269);
#2133=VERTEX_POINT('',#7271);
#2134=VERTEX_POINT('',#7273);
#2135=VERTEX_POINT('',#7275);
#2136=VERTEX_POINT('',#7277);
#2137=VERTEX_POINT('',#7279);
#2138=VERTEX_POINT('',#7281);
#2139=VERTEX_POINT('',#7283);
#2140=VERTEX_POINT('',#7285);
#2141=VERTEX_POINT('',#7287);
#2142=VERTEX_POINT('',#7289);
#2143=VERTEX_POINT('',#7291);
#2144=VERTEX_POINT('',#7293);
#2145=VERTEX_POINT('',#7295);
#2146=VERTEX_POINT('',#7297);
#2147=VERTEX_POINT('',#7300);
#2148=VERTEX_POINT('',#7302);
#2149=VERTEX_POINT('',#7304);
#2150=VERTEX_POINT('',#7306);
#2151=VERTEX_POINT('',#7308);
#2152=VERTEX_POINT('',#7311);
#2153=VERTEX_POINT('',#7313);
#2154=VERTEX_POINT('',#7315);
#2155=VERTEX_POINT('',#7317);
#2156=VERTEX_POINT('',#7319);
#2157=VERTEX_POINT('',#7321);
#2158=VERTEX_POINT('',#7325);
#2159=VERTEX_POINT('',#7329);
#2160=VERTEX_POINT('',#7335);
#2161=VERTEX_POINT('',#7337);
#2162=VERTEX_POINT('',#7339);
#2163=VERTEX_POINT('',#7341);
#2164=VERTEX_POINT('',#7343);
#2165=VERTEX_POINT('',#7345);
#2166=VERTEX_POINT('',#7349);
#2167=VERTEX_POINT('',#7353);
#2168=VERTEX_POINT('',#7359);
#2169=VERTEX_POINT('',#7361);
#2170=VERTEX_POINT('',#7363);
#2171=VERTEX_POINT('',#7365);
#2172=VERTEX_POINT('',#7367);
#2173=VERTEX_POINT('',#7369);
#2174=VERTEX_POINT('',#7373);
#2175=VERTEX_POINT('',#7377);
#2176=VERTEX_POINT('',#7381);
#2177=VERTEX_POINT('',#7387);
#2178=VERTEX_POINT('',#7389);
#2179=VERTEX_POINT('',#7391);
#2180=VERTEX_POINT('',#7393);
#2181=VERTEX_POINT('',#7395);
#2182=VERTEX_POINT('',#7397);
#2183=VERTEX_POINT('',#7401);
#2184=VERTEX_POINT('',#7405);
#2185=VERTEX_POINT('',#7411);
#2186=VERTEX_POINT('',#7413);
#2187=VERTEX_POINT('',#7415);
#2188=VERTEX_POINT('',#7417);
#2189=VERTEX_POINT('',#7419);
#2190=VERTEX_POINT('',#7421);
#2191=VERTEX_POINT('',#7425);
#2192=VERTEX_POINT('',#7429);
#2193=VERTEX_POINT('',#7435);
#2194=VERTEX_POINT('',#7437);
#2195=VERTEX_POINT('',#7439);
#2196=VERTEX_POINT('',#7441);
#2197=VERTEX_POINT('',#7443);
#2198=VERTEX_POINT('',#7445);
#2199=VERTEX_POINT('',#7449);
#2200=VERTEX_POINT('',#7453);
#2201=VERTEX_POINT('',#7459);
#2202=VERTEX_POINT('',#7461);
#2203=VERTEX_POINT('',#7463);
#2204=VERTEX_POINT('',#7465);
#2205=VERTEX_POINT('',#7467);
#2206=VERTEX_POINT('',#7469);
#2207=VERTEX_POINT('',#7473);
#2208=VERTEX_POINT('',#7477);
#2209=VERTEX_POINT('',#7483);
#2210=VERTEX_POINT('',#7485);
#2211=VERTEX_POINT('',#7487);
#2212=VERTEX_POINT('',#7489);
#2213=VERTEX_POINT('',#7491);
#2214=VERTEX_POINT('',#7493);
#2215=VERTEX_POINT('',#7497);
#2216=VERTEX_POINT('',#7501);
#2217=VERTEX_POINT('',#7507);
#2218=VERTEX_POINT('',#7509);
#2219=VERTEX_POINT('',#7511);
#2220=VERTEX_POINT('',#7513);
#2221=VERTEX_POINT('',#7515);
#2222=VERTEX_POINT('',#7517);
#2223=VERTEX_POINT('',#7521);
#2224=VERTEX_POINT('',#7523);
#2225=VERTEX_POINT('',#7525);
#2226=VERTEX_POINT('',#7527);
#2227=VERTEX_POINT('',#7529);
#2228=VERTEX_POINT('',#7533);
#2229=VERTEX_POINT('',#7537);
#2230=VERTEX_POINT('',#7543);
#2231=VERTEX_POINT('',#7547);
#2232=VERTEX_POINT('',#7551);
#2233=VERTEX_POINT('',#7555);
#2234=VERTEX_POINT('',#7559);
#2235=VERTEX_POINT('',#7563);
#2236=VERTEX_POINT('',#7567);
#2237=VERTEX_POINT('',#7571);
#2238=VERTEX_POINT('',#7573);
#2239=VERTEX_POINT('',#7575);
#2240=VERTEX_POINT('',#7577);
#2241=VERTEX_POINT('',#7579);
#2242=VERTEX_POINT('',#7581);
#2243=VERTEX_POINT('',#7585);
#2244=VERTEX_POINT('',#7589);
#2245=VERTEX_POINT('',#7593);
#2246=VERTEX_POINT('',#7597);
#2247=VERTEX_POINT('',#7603);
#2248=VERTEX_POINT('',#7605);
#2249=VERTEX_POINT('',#7607);
#2250=VERTEX_POINT('',#7609);
#2251=VERTEX_POINT('',#7611);
#2252=VERTEX_POINT('',#7615);
#2253=VERTEX_POINT('',#7617);
#2254=VERTEX_POINT('',#7619);
#2255=VERTEX_POINT('',#7621);
#2256=VERTEX_POINT('',#7623);
#2257=VERTEX_POINT('',#7627);
#2258=VERTEX_POINT('',#7629);
#2259=VERTEX_POINT('',#7631);
#2260=VERTEX_POINT('',#7633);
#2261=VERTEX_POINT('',#7635);
#2262=VERTEX_POINT('',#7639);
#2263=VERTEX_POINT('',#7641);
#2264=VERTEX_POINT('',#7643);
#2265=VERTEX_POINT('',#7645);
#2266=VERTEX_POINT('',#7647);
#2267=VERTEX_POINT('',#7651);
#2268=VERTEX_POINT('',#7653);
#2269=VERTEX_POINT('',#7655);
#2270=VERTEX_POINT('',#7657);
#2271=VERTEX_POINT('',#7659);
#2272=VERTEX_POINT('',#7663);
#2273=VERTEX_POINT('',#7665);
#2274=VERTEX_POINT('',#7667);
#2275=VERTEX_POINT('',#7669);
#2276=VERTEX_POINT('',#7671);
#2277=VERTEX_POINT('',#7675);
#2278=VERTEX_POINT('',#7677);
#2279=VERTEX_POINT('',#7679);
#2280=VERTEX_POINT('',#7681);
#2281=VERTEX_POINT('',#7683);
#2282=VERTEX_POINT('',#7687);
#2283=VERTEX_POINT('',#7689);
#2284=VERTEX_POINT('',#7691);
#2285=VERTEX_POINT('',#7693);
#2286=VERTEX_POINT('',#7695);
#2287=VERTEX_POINT('',#7699);
#2288=VERTEX_POINT('',#7701);
#2289=VERTEX_POINT('',#7705);
#2290=VERTEX_POINT('',#7707);
#2291=VERTEX_POINT('',#7709);
#2292=VERTEX_POINT('',#7711);
#2293=VERTEX_POINT('',#7713);
#2294=VERTEX_POINT('',#7717);
#2295=VERTEX_POINT('',#7719);
#2296=VERTEX_POINT('',#7721);
#2297=VERTEX_POINT('',#7723);
#2298=VERTEX_POINT('',#7725);
#2299=VERTEX_POINT('',#7729);
#2300=VERTEX_POINT('',#7733);
#2301=VERTEX_POINT('',#7739);
#2302=VERTEX_POINT('',#7741);
#2303=VERTEX_POINT('',#7743);
#2304=VERTEX_POINT('',#7745);
#2305=VERTEX_POINT('',#7747);
#2306=VERTEX_POINT('',#7749);
#2307=VERTEX_POINT('',#7753);
#2308=VERTEX_POINT('',#7757);
#2309=VERTEX_POINT('',#7763);
#2310=VERTEX_POINT('',#7765);
#2311=VERTEX_POINT('',#7767);
#2312=VERTEX_POINT('',#7769);
#2313=VERTEX_POINT('',#7771);
#2314=VERTEX_POINT('',#7773);
#2315=VERTEX_POINT('',#7777);
#2316=VERTEX_POINT('',#7781);
#2317=VERTEX_POINT('',#7785);
#2318=VERTEX_POINT('',#7789);
#2319=VERTEX_POINT('',#7793);
#2320=VERTEX_POINT('',#7797);
#2321=VERTEX_POINT('',#7801);
#2322=VERTEX_POINT('',#7805);
#2323=VERTEX_POINT('',#7809);
#2324=VERTEX_POINT('',#7813);
#2325=VERTEX_POINT('',#7817);
#2326=VERTEX_POINT('',#7820);
#2327=VERTEX_POINT('',#7823);
#2328=VERTEX_POINT('',#7826);
#2329=VERTEX_POINT('',#7829);
#2330=VERTEX_POINT('',#7833);
#2331=VERTEX_POINT('',#7837);
#2332=VERTEX_POINT('',#7841);
#2333=VERTEX_POINT('',#7845);
#2334=VERTEX_POINT('',#7846);
#2335=VERTEX_POINT('',#7848);
#2336=VERTEX_POINT('',#7850);
#2337=VERTEX_POINT('',#7854);
#2338=VERTEX_POINT('',#7856);
#2339=VERTEX_POINT('',#7863);
#2340=VERTEX_POINT('',#7867);
#2341=VERTEX_POINT('',#7877);
#2342=VERTEX_POINT('',#7879);
#2343=VERTEX_POINT('',#7883);
#2344=VERTEX_POINT('',#7885);
#2345=VERTEX_POINT('',#7888);
#2346=VERTEX_POINT('',#7890);
#2347=VERTEX_POINT('',#7894);
#2348=VERTEX_POINT('',#7896);
#2349=VERTEX_POINT('',#7899);
#2350=VERTEX_POINT('',#7901);
#2351=VERTEX_POINT('',#7904);
#2352=VERTEX_POINT('',#7906);
#2353=VERTEX_POINT('',#7908);
#2354=VERTEX_POINT('',#7910);
#2355=VERTEX_POINT('',#7912);
#2356=VERTEX_POINT('',#7915);
#2357=VERTEX_POINT('',#7917);
#2358=VERTEX_POINT('',#7920);
#2359=VERTEX_POINT('',#7922);
#2360=VERTEX_POINT('',#7924);
#2361=VERTEX_POINT('',#7926);
#2362=VERTEX_POINT('',#7928);
#2363=VERTEX_POINT('',#7930);
#2364=VERTEX_POINT('',#7933);
#2365=VERTEX_POINT('',#7935);
#2366=VERTEX_POINT('',#7938);
#2367=VERTEX_POINT('',#7940);
#2368=VERTEX_POINT('',#7942);
#2369=VERTEX_POINT('',#7944);
#2370=VERTEX_POINT('',#7946);
#2371=VERTEX_POINT('',#7948);
#2372=VERTEX_POINT('',#7951);
#2373=VERTEX_POINT('',#7953);
#2374=VERTEX_POINT('',#7957);
#2375=VERTEX_POINT('',#7959);
#2376=VERTEX_POINT('',#7962);
#2377=VERTEX_POINT('',#7964);
#2378=VERTEX_POINT('',#7968);
#2379=VERTEX_POINT('',#7970);
#2380=VERTEX_POINT('',#7973);
#2381=VERTEX_POINT('',#7975);
#2382=VERTEX_POINT('',#7979);
#2383=VERTEX_POINT('',#7981);
#2384=VERTEX_POINT('',#7984);
#2385=VERTEX_POINT('',#7986);
#2386=VERTEX_POINT('',#7990);
#2387=VERTEX_POINT('',#7992);
#2388=VERTEX_POINT('',#7995);
#2389=VERTEX_POINT('',#7997);
#2390=VERTEX_POINT('',#8001);
#2391=VERTEX_POINT('',#8003);
#2392=VERTEX_POINT('',#8006);
#2393=VERTEX_POINT('',#8008);
#2394=VERTEX_POINT('',#8012);
#2395=VERTEX_POINT('',#8014);
#2396=VERTEX_POINT('',#8017);
#2397=VERTEX_POINT('',#8019);
#2398=VERTEX_POINT('',#8023);
#2399=VERTEX_POINT('',#8025);
#2400=VERTEX_POINT('',#8030);
#2401=VERTEX_POINT('',#8032);
#2402=VERTEX_POINT('',#8036);
#2403=VERTEX_POINT('',#8042);
#2404=VERTEX_POINT('',#8052);
#2405=VERTEX_POINT('',#8054);
#2406=VERTEX_POINT('',#8058);
#2407=VERTEX_POINT('',#8064);
#2408=VERTEX_POINT('',#8074);
#2409=VERTEX_POINT('',#8076);
#2410=VERTEX_POINT('',#8080);
#2411=VERTEX_POINT('',#8084);
#2412=VERTEX_POINT('',#8088);
#2413=VERTEX_POINT('',#8094);
#2414=VERTEX_POINT('',#8101);
#2415=VERTEX_POINT('',#8103);
#2416=VERTEX_POINT('',#8107);
#2417=VERTEX_POINT('',#8111);
#2418=VERTEX_POINT('',#8115);
#2419=VERTEX_POINT('',#8121);
#2420=VERTEX_POINT('',#8128);
#2421=VERTEX_POINT('',#8130);
#2422=VERTEX_POINT('',#8134);
#2423=VERTEX_POINT('',#8138);
#2424=VERTEX_POINT('',#8142);
#2425=VERTEX_POINT('',#8148);
#2426=VERTEX_POINT('',#8155);
#2427=VERTEX_POINT('',#8157);
#2428=VERTEX_POINT('',#8161);
#2429=VERTEX_POINT('',#8167);
#2430=VERTEX_POINT('',#8177);
#2431=VERTEX_POINT('',#8179);
#2432=VERTEX_POINT('',#8183);
#2433=VERTEX_POINT('',#8189);
#2434=VERTEX_POINT('',#8199);
#2435=VERTEX_POINT('',#8201);
#2436=VERTEX_POINT('',#8205);
#2437=VERTEX_POINT('',#8211);
#2438=VERTEX_POINT('',#8221);
#2439=VERTEX_POINT('',#8223);
#2440=VERTEX_POINT('',#8227);
#2441=VERTEX_POINT('',#8233);
#2442=VERTEX_POINT('',#8243);
#2443=VERTEX_POINT('',#8245);
#2444=VERTEX_POINT('',#8249);
#2445=VERTEX_POINT('',#8255);
#2446=VERTEX_POINT('',#8265);
#2447=VERTEX_POINT('',#8267);
#2448=VERTEX_POINT('',#8271);
#2449=VERTEX_POINT('',#8277);
#2450=VERTEX_POINT('',#8287);
#2451=VERTEX_POINT('',#8289);
#2452=VERTEX_POINT('',#8293);
#2453=VERTEX_POINT('',#8299);
#2454=VERTEX_POINT('',#8333);
#2455=VERTEX_POINT('',#8334);
#2456=VERTEX_POINT('',#8338);
#2457=VERTEX_POINT('',#8340);
#2458=VERTEX_POINT('',#8346);
#2459=VERTEX_POINT('',#8348);
#2460=VERTEX_POINT('',#8350);
#2461=VERTEX_POINT('',#8352);
#2462=VERTEX_POINT('',#8354);
#2463=VERTEX_POINT('',#8356);
#2464=VERTEX_POINT('',#8358);
#2465=VERTEX_POINT('',#8360);
#2466=VERTEX_POINT('',#8362);
#2467=VERTEX_POINT('',#8364);
#2468=VERTEX_POINT('',#8366);
#2469=VERTEX_POINT('',#8368);
#2470=VERTEX_POINT('',#8370);
#2471=VERTEX_POINT('',#8372);
#2472=VERTEX_POINT('',#8374);
#2473=VERTEX_POINT('',#8376);
#2474=VERTEX_POINT('',#8378);
#2475=VERTEX_POINT('',#8380);
#2476=VERTEX_POINT('',#8382);
#2477=VERTEX_POINT('',#8384);
#2478=VERTEX_POINT('',#8386);
#2479=VERTEX_POINT('',#8388);
#2480=VERTEX_POINT('',#8390);
#2481=VERTEX_POINT('',#8392);
#2482=VERTEX_POINT('',#8394);
#2483=VERTEX_POINT('',#8396);
#2484=VERTEX_POINT('',#8398);
#2485=VERTEX_POINT('',#8400);
#2486=VERTEX_POINT('',#8402);
#2487=VERTEX_POINT('',#8404);
#2488=VERTEX_POINT('',#8406);
#2489=VERTEX_POINT('',#8408);
#2490=VERTEX_POINT('',#8410);
#2491=VERTEX_POINT('',#8412);
#2492=VERTEX_POINT('',#8414);
#2493=VERTEX_POINT('',#8416);
#2494=VERTEX_POINT('',#8418);
#2495=VERTEX_POINT('',#8420);
#2496=VERTEX_POINT('',#8422);
#2497=VERTEX_POINT('',#8424);
#2498=VERTEX_POINT('',#8426);
#2499=VERTEX_POINT('',#8428);
#2500=VERTEX_POINT('',#8430);
#2501=VERTEX_POINT('',#8432);
#2502=VERTEX_POINT('',#8434);
#2503=VERTEX_POINT('',#8436);
#2504=VERTEX_POINT('',#8438);
#2505=VERTEX_POINT('',#8440);
#2506=VERTEX_POINT('',#8442);
#2507=VERTEX_POINT('',#8444);
#2508=VERTEX_POINT('',#8447);
#2509=VERTEX_POINT('',#8449);
#2510=VERTEX_POINT('',#8451);
#2511=VERTEX_POINT('',#8453);
#2512=VERTEX_POINT('',#8455);
#2513=VERTEX_POINT('',#8458);
#2514=VERTEX_POINT('',#8460);
#2515=VERTEX_POINT('',#8464);
#2516=VERTEX_POINT('',#8468);
#2517=VERTEX_POINT('',#8474);
#2518=VERTEX_POINT('',#8476);
#2519=VERTEX_POINT('',#8480);
#2520=VERTEX_POINT('',#8484);
#2521=VERTEX_POINT('',#8490);
#2522=VERTEX_POINT('',#8492);
#2523=VERTEX_POINT('',#8496);
#2524=VERTEX_POINT('',#8500);
#2525=VERTEX_POINT('',#8504);
#2526=VERTEX_POINT('',#8510);
#2527=VERTEX_POINT('',#8512);
#2528=VERTEX_POINT('',#8516);
#2529=VERTEX_POINT('',#8520);
#2530=VERTEX_POINT('',#8526);
#2531=VERTEX_POINT('',#8528);
#2532=VERTEX_POINT('',#8532);
#2533=VERTEX_POINT('',#8536);
#2534=VERTEX_POINT('',#8542);
#2535=VERTEX_POINT('',#8544);
#2536=VERTEX_POINT('',#8548);
#2537=VERTEX_POINT('',#8552);
#2538=VERTEX_POINT('',#8558);
#2539=VERTEX_POINT('',#8560);
#2540=VERTEX_POINT('',#8564);
#2541=VERTEX_POINT('',#8568);
#2542=VERTEX_POINT('',#8574);
#2543=VERTEX_POINT('',#8576);
#2544=VERTEX_POINT('',#8580);
#2545=VERTEX_POINT('',#8584);
#2546=VERTEX_POINT('',#8590);
#2547=VERTEX_POINT('',#8592);
#2548=VERTEX_POINT('',#8596);
#2549=VERTEX_POINT('',#8600);
#2550=VERTEX_POINT('',#8604);
#2551=VERTEX_POINT('',#8610);
#2552=VERTEX_POINT('',#8614);
#2553=VERTEX_POINT('',#8616);
#2554=VERTEX_POINT('',#8620);
#2555=VERTEX_POINT('',#8624);
#2556=VERTEX_POINT('',#8628);
#2557=VERTEX_POINT('',#8632);
#2558=VERTEX_POINT('',#8636);
#2559=VERTEX_POINT('',#8640);
#2560=VERTEX_POINT('',#8644);
#2561=VERTEX_POINT('',#8648);
#2562=VERTEX_POINT('',#8652);
#2563=VERTEX_POINT('',#8656);
#2564=VERTEX_POINT('',#8662);
#2565=VERTEX_POINT('',#8666);
#2566=VERTEX_POINT('',#8668);
#2567=VERTEX_POINT('',#8672);
#2568=VERTEX_POINT('',#8676);
#2569=VERTEX_POINT('',#8680);
#2570=VERTEX_POINT('',#8684);
#2571=VERTEX_POINT('',#8688);
#2572=VERTEX_POINT('',#8692);
#2573=VERTEX_POINT('',#8696);
#2574=VERTEX_POINT('',#8700);
#2575=VERTEX_POINT('',#8704);
#2576=VERTEX_POINT('',#8708);
#2577=VERTEX_POINT('',#8712);
#2578=VERTEX_POINT('',#8718);
#2579=VERTEX_POINT('',#8720);
#2580=VERTEX_POINT('',#8724);
#2581=VERTEX_POINT('',#8728);
#2582=VERTEX_POINT('',#8734);
#2583=VERTEX_POINT('',#8736);
#2584=VERTEX_POINT('',#8740);
#2585=VERTEX_POINT('',#8744);
#2586=VERTEX_POINT('',#8748);
#2587=VERTEX_POINT('',#8752);
#2588=VERTEX_POINT('',#8756);
#2589=VERTEX_POINT('',#8760);
#2590=VERTEX_POINT('',#8764);
#2591=VERTEX_POINT('',#8768);
#2592=VERTEX_POINT('',#8772);
#2593=VERTEX_POINT('',#8776);
#2594=VERTEX_POINT('',#8788);
#2595=VERTEX_POINT('',#8790);
#2596=VERTEX_POINT('',#8798);
#2597=VERTEX_POINT('',#8804);
#2598=VERTEX_POINT('',#8808);
#2599=EDGE_CURVE('',#2093,#2094,#2041,.T.);
#2600=EDGE_CURVE('',#2094,#2095,#1821,.T.);
#2601=EDGE_CURVE('',#2095,#2096,#2042,.T.);
#2602=EDGE_CURVE('',#2096,#2093,#1822,.T.);
#2603=EDGE_CURVE('',#2094,#2097,#143,.T.);
#2604=EDGE_CURVE('',#2097,#2098,#1823,.T.);
#2605=EDGE_CURVE('',#2098,#2099,#144,.T.);
#2606=EDGE_CURVE('',#2100,#2099,#1824,.T.);
#2607=EDGE_CURVE('',#2100,#2101,#145,.T.);
#2608=EDGE_CURVE('',#2101,#2102,#1825,.T.);
#2609=EDGE_CURVE('',#2102,#2103,#146,.T.);
#2610=EDGE_CURVE('',#2104,#2103,#1826,.T.);
#2611=EDGE_CURVE('',#2104,#2105,#147,.T.);
#2612=EDGE_CURVE('',#2105,#2106,#1827,.T.);
#2613=EDGE_CURVE('',#2106,#2107,#148,.T.);
#2614=EDGE_CURVE('',#2108,#2107,#1828,.T.);
#2615=EDGE_CURVE('',#2108,#2109,#149,.T.);
#2616=EDGE_CURVE('',#2109,#2110,#1829,.T.);
#2617=EDGE_CURVE('',#2110,#2111,#150,.T.);
#2618=EDGE_CURVE('',#2112,#2111,#1830,.T.);
#2619=EDGE_CURVE('',#2112,#2113,#151,.T.);
#2620=EDGE_CURVE('',#2113,#2114,#1831,.T.);
#2621=EDGE_CURVE('',#2114,#2115,#152,.T.);
#2622=EDGE_CURVE('',#2116,#2115,#1832,.T.);
#2623=EDGE_CURVE('',#2116,#2117,#153,.T.);
#2624=EDGE_CURVE('',#2117,#2118,#1833,.T.);
#2625=EDGE_CURVE('',#2118,#2119,#154,.T.);
#2626=EDGE_CURVE('',#2120,#2119,#1834,.T.);
#2627=EDGE_CURVE('',#2120,#2121,#155,.T.);
#2628=EDGE_CURVE('',#2121,#2122,#1835,.T.);
#2629=EDGE_CURVE('',#2122,#2123,#156,.T.);
#2630=EDGE_CURVE('',#2124,#2123,#1836,.T.);
#2631=EDGE_CURVE('',#2124,#2125,#157,.T.);
#2632=EDGE_CURVE('',#2125,#2126,#1837,.T.);
#2633=EDGE_CURVE('',#2126,#2127,#158,.T.);
#2634=EDGE_CURVE('',#2128,#2127,#1838,.T.);
#2635=EDGE_CURVE('',#2128,#2129,#159,.T.);
#2636=EDGE_CURVE('',#2129,#2130,#1839,.T.);
#2637=EDGE_CURVE('',#2130,#2131,#160,.T.);
#2638=EDGE_CURVE('',#2132,#2131,#1840,.T.);
#2639=EDGE_CURVE('',#2132,#2133,#161,.T.);
#2640=EDGE_CURVE('',#2133,#2134,#1841,.T.);
#2641=EDGE_CURVE('',#2134,#2135,#162,.T.);
#2642=EDGE_CURVE('',#2136,#2135,#1842,.T.);
#2643=EDGE_CURVE('',#2136,#2137,#163,.T.);
#2644=EDGE_CURVE('',#2137,#2138,#1843,.T.);
#2645=EDGE_CURVE('',#2138,#2139,#164,.T.);
#2646=EDGE_CURVE('',#2140,#2139,#1844,.T.);
#2647=EDGE_CURVE('',#2140,#2141,#165,.T.);
#2648=EDGE_CURVE('',#2141,#2142,#1845,.T.);
#2649=EDGE_CURVE('',#2142,#2143,#166,.T.);
#2650=EDGE_CURVE('',#2144,#2143,#1846,.T.);
#2651=EDGE_CURVE('',#2144,#2145,#167,.T.);
#2652=EDGE_CURVE('',#2145,#2146,#1847,.T.);
#2653=EDGE_CURVE('',#2146,#2095,#168,.T.);
#2654=EDGE_CURVE('',#2147,#2147,#1848,.T.);
#2655=EDGE_CURVE('',#2148,#2148,#1849,.T.);
#2656=EDGE_CURVE('',#2149,#2149,#1850,.T.);
#2657=EDGE_CURVE('',#2150,#2150,#1851,.T.);
#2658=EDGE_CURVE('',#2151,#2151,#1852,.T.);
#2659=EDGE_CURVE('',#2152,#2093,#169,.T.);
#2660=EDGE_CURVE('',#2153,#2152,#170,.T.);
#2661=EDGE_CURVE('',#2153,#2154,#171,.T.);
#2662=EDGE_CURVE('',#2154,#2155,#1853,.T.);
#2663=EDGE_CURVE('',#2155,#2156,#172,.T.);
#2664=EDGE_CURVE('',#2157,#2156,#173,.T.);
#2665=EDGE_CURVE('',#2157,#2097,#174,.T.);
#2666=EDGE_CURVE('',#2158,#2144,#2043,.T.);
#2667=EDGE_CURVE('',#2143,#2159,#2044,.T.);
#2668=EDGE_CURVE('',#2159,#2158,#1854,.T.);
#2669=EDGE_CURVE('',#2142,#2160,#175,.T.);
#2670=EDGE_CURVE('',#2161,#2160,#176,.T.);
#2671=EDGE_CURVE('',#2161,#2162,#177,.T.);
#2672=EDGE_CURVE('',#2162,#2163,#1855,.T.);
#2673=EDGE_CURVE('',#2163,#2164,#178,.T.);
#2674=EDGE_CURVE('',#2165,#2164,#179,.T.);
#2675=EDGE_CURVE('',#2159,#2165,#180,.T.);
#2676=EDGE_CURVE('',#2166,#2140,#2045,.T.);
#2677=EDGE_CURVE('',#2139,#2167,#2046,.T.);
#2678=EDGE_CURVE('',#2167,#2166,#1856,.T.);
#2679=EDGE_CURVE('',#2168,#2166,#181,.T.);
#2680=EDGE_CURVE('',#2169,#2168,#182,.T.);
#2681=EDGE_CURVE('',#2169,#2170,#183,.T.);
#2682=EDGE_CURVE('',#2170,#2171,#1857,.T.);
#2683=EDGE_CURVE('',#2171,#2172,#184,.T.);
#2684=EDGE_CURVE('',#2173,#2172,#185,.T.);
#2685=EDGE_CURVE('',#2173,#2141,#186,.T.);
#2686=EDGE_CURVE('',#2174,#2165,#1858,.T.);
#2687=EDGE_CURVE('',#2174,#2158,#187,.T.);
#2688=EDGE_CURVE('',#2175,#2136,#2047,.T.);
#2689=EDGE_CURVE('',#2135,#2176,#2048,.T.);
#2690=EDGE_CURVE('',#2176,#2175,#1859,.T.);
#2691=EDGE_CURVE('',#2177,#2175,#188,.T.);
#2692=EDGE_CURVE('',#2178,#2177,#189,.T.);
#2693=EDGE_CURVE('',#2178,#2179,#190,.T.);
#2694=EDGE_CURVE('',#2179,#2180,#1860,.T.);
#2695=EDGE_CURVE('',#2180,#2181,#191,.T.);
#2696=EDGE_CURVE('',#2182,#2181,#192,.T.);
#2697=EDGE_CURVE('',#2182,#2137,#193,.T.);
#2698=EDGE_CURVE('',#2183,#2132,#2049,.T.);
#2699=EDGE_CURVE('',#2131,#2184,#2050,.T.);
#2700=EDGE_CURVE('',#2184,#2183,#1861,.T.);
#2701=EDGE_CURVE('',#2185,#2183,#194,.T.);
#2702=EDGE_CURVE('',#2186,#2185,#195,.T.);
#2703=EDGE_CURVE('',#2186,#2187,#196,.T.);
#2704=EDGE_CURVE('',#2187,#2188,#1862,.T.);
#2705=EDGE_CURVE('',#2188,#2189,#197,.T.);
#2706=EDGE_CURVE('',#2190,#2189,#198,.T.);
#2707=EDGE_CURVE('',#2190,#2133,#199,.T.);
#2708=EDGE_CURVE('',#2191,#2128,#2051,.T.);
#2709=EDGE_CURVE('',#2127,#2192,#2052,.T.);
#2710=EDGE_CURVE('',#2192,#2191,#1863,.T.);
#2711=EDGE_CURVE('',#2193,#2191,#200,.T.);
#2712=EDGE_CURVE('',#2194,#2193,#201,.T.);
#2713=EDGE_CURVE('',#2194,#2195,#202,.T.);
#2714=EDGE_CURVE('',#2195,#2196,#1864,.T.);
#2715=EDGE_CURVE('',#2196,#2197,#203,.T.);
#2716=EDGE_CURVE('',#2198,#2197,#204,.T.);
#2717=EDGE_CURVE('',#2198,#2129,#205,.T.);
#2718=EDGE_CURVE('',#2199,#2124,#2053,.T.);
#2719=EDGE_CURVE('',#2123,#2200,#2054,.T.);
#2720=EDGE_CURVE('',#2200,#2199,#1865,.T.);
#2721=EDGE_CURVE('',#2201,#2199,#206,.T.);
#2722=EDGE_CURVE('',#2202,#2201,#207,.T.);
#2723=EDGE_CURVE('',#2202,#2203,#208,.T.);
#2724=EDGE_CURVE('',#2203,#2204,#1866,.T.);
#2725=EDGE_CURVE('',#2204,#2205,#209,.T.);
#2726=EDGE_CURVE('',#2206,#2205,#210,.T.);
#2727=EDGE_CURVE('',#2206,#2125,#211,.T.);
#2728=EDGE_CURVE('',#2207,#2120,#2055,.T.);
#2729=EDGE_CURVE('',#2119,#2208,#2056,.T.);
#2730=EDGE_CURVE('',#2208,#2207,#1867,.T.);
#2731=EDGE_CURVE('',#2209,#2207,#212,.T.);
#2732=EDGE_CURVE('',#2210,#2209,#213,.T.);
#2733=EDGE_CURVE('',#2210,#2211,#214,.T.);
#2734=EDGE_CURVE('',#2211,#2212,#1868,.T.);
#2735=EDGE_CURVE('',#2212,#2213,#215,.T.);
#2736=EDGE_CURVE('',#2214,#2213,#216,.T.);
#2737=EDGE_CURVE('',#2214,#2121,#217,.T.);
#2738=EDGE_CURVE('',#2215,#2116,#2057,.T.);
#2739=EDGE_CURVE('',#2115,#2216,#2058,.T.);
#2740=EDGE_CURVE('',#2216,#2215,#1869,.T.);
#2741=EDGE_CURVE('',#2217,#2215,#218,.T.);
#2742=EDGE_CURVE('',#2218,#2217,#219,.T.);
#2743=EDGE_CURVE('',#2218,#2219,#220,.T.);
#2744=EDGE_CURVE('',#2219,#2220,#1870,.T.);
#2745=EDGE_CURVE('',#2220,#2221,#221,.T.);
#2746=EDGE_CURVE('',#2222,#2221,#222,.T.);
#2747=EDGE_CURVE('',#2222,#2117,#223,.T.);
#2748=EDGE_CURVE('',#2223,#2174,#224,.T.);
#2749=EDGE_CURVE('',#2223,#2224,#225,.T.);
#2750=EDGE_CURVE('',#2224,#2225,#1871,.T.);
#2751=EDGE_CURVE('',#2225,#2226,#226,.T.);
#2752=EDGE_CURVE('',#2227,#2226,#227,.T.);
#2753=EDGE_CURVE('',#2227,#2145,#228,.T.);
#2754=EDGE_CURVE('',#2228,#2112,#2059,.T.);
#2755=EDGE_CURVE('',#2111,#2229,#2060,.T.);
#2756=EDGE_CURVE('',#2229,#2228,#1872,.T.);
#2757=EDGE_CURVE('',#2167,#2230,#229,.T.);
#2758=EDGE_CURVE('',#2168,#2230,#1873,.T.);
#2759=EDGE_CURVE('',#2176,#2231,#230,.T.);
#2760=EDGE_CURVE('',#2177,#2231,#1874,.T.);
#2761=EDGE_CURVE('',#2184,#2232,#231,.T.);
#2762=EDGE_CURVE('',#2185,#2232,#1875,.T.);
#2763=EDGE_CURVE('',#2192,#2233,#232,.T.);
#2764=EDGE_CURVE('',#2193,#2233,#1876,.T.);
#2765=EDGE_CURVE('',#2200,#2234,#233,.T.);
#2766=EDGE_CURVE('',#2201,#2234,#1877,.T.);
#2767=EDGE_CURVE('',#2208,#2235,#234,.T.);
#2768=EDGE_CURVE('',#2209,#2235,#1878,.T.);
#2769=EDGE_CURVE('',#2216,#2236,#235,.T.);
#2770=EDGE_CURVE('',#2217,#2236,#1879,.T.);
#2771=EDGE_CURVE('',#2237,#2228,#236,.T.);
#2772=EDGE_CURVE('',#2238,#2237,#237,.T.);
#2773=EDGE_CURVE('',#2238,#2239,#238,.T.);
#2774=EDGE_CURVE('',#2239,#2240,#1880,.T.);
#2775=EDGE_CURVE('',#2240,#2241,#239,.T.);
#2776=EDGE_CURVE('',#2242,#2241,#240,.T.);
#2777=EDGE_CURVE('',#2242,#2113,#241,.T.);
#2778=EDGE_CURVE('',#2229,#2243,#242,.T.);
#2779=EDGE_CURVE('',#2237,#2243,#1881,.T.);
#2780=EDGE_CURVE('',#2096,#2244,#243,.T.);
#2781=EDGE_CURVE('',#2152,#2244,#1882,.T.);
#2782=EDGE_CURVE('',#2245,#2108,#2061,.T.);
#2783=EDGE_CURVE('',#2107,#2246,#2062,.T.);
#2784=EDGE_CURVE('',#2246,#2245,#1883,.T.);
#2785=EDGE_CURVE('',#2138,#2247,#244,.T.);
#2786=EDGE_CURVE('',#2248,#2247,#245,.T.);
#2787=EDGE_CURVE('',#2248,#2249,#246,.T.);
#2788=EDGE_CURVE('',#2249,#2250,#1884,.T.);
#2789=EDGE_CURVE('',#2250,#2251,#247,.T.);
#2790=EDGE_CURVE('',#2230,#2251,#248,.T.);
#2791=EDGE_CURVE('',#2134,#2252,#249,.T.);
#2792=EDGE_CURVE('',#2253,#2252,#250,.T.);
#2793=EDGE_CURVE('',#2253,#2254,#251,.T.);
#2794=EDGE_CURVE('',#2254,#2255,#1885,.T.);
#2795=EDGE_CURVE('',#2255,#2256,#252,.T.);
#2796=EDGE_CURVE('',#2231,#2256,#253,.T.);
#2797=EDGE_CURVE('',#2130,#2257,#254,.T.);
#2798=EDGE_CURVE('',#2258,#2257,#255,.T.);
#2799=EDGE_CURVE('',#2258,#2259,#256,.T.);
#2800=EDGE_CURVE('',#2259,#2260,#1886,.T.);
#2801=EDGE_CURVE('',#2260,#2261,#257,.T.);
#2802=EDGE_CURVE('',#2232,#2261,#258,.T.);
#2803=EDGE_CURVE('',#2126,#2262,#259,.T.);
#2804=EDGE_CURVE('',#2263,#2262,#260,.T.);
#2805=EDGE_CURVE('',#2263,#2264,#261,.T.);
#2806=EDGE_CURVE('',#2264,#2265,#1887,.T.);
#2807=EDGE_CURVE('',#2265,#2266,#262,.T.);
#2808=EDGE_CURVE('',#2233,#2266,#263,.T.);
#2809=EDGE_CURVE('',#2122,#2267,#264,.T.);
#2810=EDGE_CURVE('',#2268,#2267,#265,.T.);
#2811=EDGE_CURVE('',#2268,#2269,#266,.T.);
#2812=EDGE_CURVE('',#2269,#2270,#1888,.T.);
#2813=EDGE_CURVE('',#2270,#2271,#267,.T.);
#2814=EDGE_CURVE('',#2234,#2271,#268,.T.);
#2815=EDGE_CURVE('',#2118,#2272,#269,.T.);
#2816=EDGE_CURVE('',#2273,#2272,#270,.T.);
#2817=EDGE_CURVE('',#2273,#2274,#271,.T.);
#2818=EDGE_CURVE('',#2274,#2275,#1889,.T.);
#2819=EDGE_CURVE('',#2275,#2276,#272,.T.);
#2820=EDGE_CURVE('',#2235,#2276,#273,.T.);
#2821=EDGE_CURVE('',#2114,#2277,#274,.T.);
#2822=EDGE_CURVE('',#2278,#2277,#275,.T.);
#2823=EDGE_CURVE('',#2278,#2279,#276,.T.);
#2824=EDGE_CURVE('',#2279,#2280,#1890,.T.);
#2825=EDGE_CURVE('',#2280,#2281,#277,.T.);
#2826=EDGE_CURVE('',#2236,#2281,#278,.T.);
#2827=EDGE_CURVE('',#2110,#2282,#279,.T.);
#2828=EDGE_CURVE('',#2283,#2282,#280,.T.);
#2829=EDGE_CURVE('',#2283,#2284,#281,.T.);
#2830=EDGE_CURVE('',#2284,#2285,#1891,.T.);
#2831=EDGE_CURVE('',#2285,#2286,#282,.T.);
#2832=EDGE_CURVE('',#2243,#2286,#283,.T.);
#2833=EDGE_CURVE('',#2246,#2287,#284,.T.);
#2834=EDGE_CURVE('',#2288,#2287,#1892,.T.);
#2835=EDGE_CURVE('',#2288,#2245,#285,.T.);
#2836=EDGE_CURVE('',#2106,#2289,#286,.T.);
#2837=EDGE_CURVE('',#2290,#2289,#287,.T.);
#2838=EDGE_CURVE('',#2290,#2291,#288,.T.);
#2839=EDGE_CURVE('',#2291,#2292,#1893,.T.);
#2840=EDGE_CURVE('',#2292,#2293,#289,.T.);
#2841=EDGE_CURVE('',#2287,#2293,#290,.T.);
#2842=EDGE_CURVE('',#2146,#2294,#291,.T.);
#2843=EDGE_CURVE('',#2295,#2294,#292,.T.);
#2844=EDGE_CURVE('',#2295,#2296,#293,.T.);
#2845=EDGE_CURVE('',#2296,#2297,#1894,.T.);
#2846=EDGE_CURVE('',#2297,#2298,#294,.T.);
#2847=EDGE_CURVE('',#2244,#2298,#295,.T.);
#2848=EDGE_CURVE('',#2299,#2104,#2063,.T.);
#2849=EDGE_CURVE('',#2103,#2300,#2064,.T.);
#2850=EDGE_CURVE('',#2300,#2299,#1895,.T.);
#2851=EDGE_CURVE('',#2102,#2301,#296,.T.);
#2852=EDGE_CURVE('',#2302,#2301,#297,.T.);
#2853=EDGE_CURVE('',#2302,#2303,#298,.T.);
#2854=EDGE_CURVE('',#2303,#2304,#1896,.T.);
#2855=EDGE_CURVE('',#2304,#2305,#299,.T.);
#2856=EDGE_CURVE('',#2306,#2305,#300,.T.);
#2857=EDGE_CURVE('',#2300,#2306,#301,.T.);
#2858=EDGE_CURVE('',#2307,#2100,#2065,.T.);
#2859=EDGE_CURVE('',#2099,#2308,#2066,.T.);
#2860=EDGE_CURVE('',#2308,#2307,#1897,.T.);
#2861=EDGE_CURVE('',#2098,#2309,#302,.T.);
#2862=EDGE_CURVE('',#2310,#2309,#303,.T.);
#2863=EDGE_CURVE('',#2310,#2311,#304,.T.);
#2864=EDGE_CURVE('',#2311,#2312,#1898,.T.);
#2865=EDGE_CURVE('',#2312,#2313,#305,.T.);
#2866=EDGE_CURVE('',#2314,#2313,#306,.T.);
#2867=EDGE_CURVE('',#2308,#2314,#307,.T.);
#2868=EDGE_CURVE('',#2147,#2315,#308,.T.);
#2869=EDGE_CURVE('',#2315,#2315,#1899,.T.);
#2870=EDGE_CURVE('',#2316,#2316,#1900,.T.);
#2871=EDGE_CURVE('',#2316,#2315,#309,.T.);
#2872=EDGE_CURVE('',#2151,#2317,#310,.T.);
#2873=EDGE_CURVE('',#2317,#2317,#1901,.T.);
#2874=EDGE_CURVE('',#2317,#2318,#311,.T.);
#2875=EDGE_CURVE('',#2318,#2318,#1902,.T.);
#2876=EDGE_CURVE('',#2148,#2319,#312,.T.);
#2877=EDGE_CURVE('',#2319,#2319,#1903,.T.);
#2878=EDGE_CURVE('',#2319,#2320,#313,.T.);
#2879=EDGE_CURVE('',#2320,#2320,#1904,.T.);
#2880=EDGE_CURVE('',#2150,#2321,#314,.T.);
#2881=EDGE_CURVE('',#2321,#2321,#1905,.T.);
#2882=EDGE_CURVE('',#2321,#2322,#315,.T.);
#2883=EDGE_CURVE('',#2322,#2322,#1906,.T.);
#2884=EDGE_CURVE('',#2149,#2323,#316,.T.);
#2885=EDGE_CURVE('',#2323,#2323,#1907,.T.);
#2886=EDGE_CURVE('',#2323,#2324,#317,.T.);
#2887=EDGE_CURVE('',#2324,#2324,#1908,.T.);
#2888=EDGE_CURVE('',#2325,#2325,#1909,.T.);
#2889=EDGE_CURVE('',#2326,#2326,#1910,.T.);
#2890=EDGE_CURVE('',#2327,#2327,#1911,.T.);
#2891=EDGE_CURVE('',#2328,#2328,#1912,.T.);
#2892=EDGE_CURVE('',#2329,#2329,#1913,.T.);
#2893=EDGE_CURVE('',#2329,#2327,#318,.T.);
#2894=EDGE_CURVE('',#2330,#2330,#1914,.T.);
#2895=EDGE_CURVE('',#2330,#2328,#319,.T.);
#2896=EDGE_CURVE('',#2331,#2331,#1915,.T.);
#2897=EDGE_CURVE('',#2331,#2325,#320,.T.);
#2898=EDGE_CURVE('',#2332,#2332,#1916,.T.);
#2899=EDGE_CURVE('',#2332,#2326,#321,.T.);
#2900=EDGE_CURVE('',#2333,#2334,#322,.T.);
#2901=EDGE_CURVE('',#2333,#2335,#323,.T.);
#2902=EDGE_CURVE('',#2336,#2335,#1917,.T.);
#2903=EDGE_CURVE('',#2336,#2334,#324,.T.);
#2904=EDGE_CURVE('',#2337,#2268,#325,.T.);
#2905=EDGE_CURVE('',#2337,#2338,#326,.T.);
#2906=EDGE_CURVE('',#2338,#2269,#327,.T.);
#2907=EDGE_CURVE('',#2212,#2335,#328,.T.);
#2908=EDGE_CURVE('',#2213,#2333,#329,.T.);
#2909=EDGE_CURVE('',#2339,#2338,#1918,.T.);
#2910=EDGE_CURVE('',#2339,#2270,#330,.T.);
#2911=EDGE_CURVE('',#2339,#2340,#331,.T.);
#2912=EDGE_CURVE('',#2271,#2340,#332,.T.);
#2913=EDGE_CURVE('',#2334,#2210,#333,.T.);
#2914=EDGE_CURVE('',#2211,#2336,#334,.T.);
#2915=EDGE_CURVE('',#2340,#2337,#335,.T.);
#2916=EDGE_CURVE('',#2276,#2341,#336,.T.);
#2917=EDGE_CURVE('',#2341,#2342,#337,.T.);
#2918=EDGE_CURVE('',#2342,#2273,#338,.T.);
#2919=EDGE_CURVE('',#2272,#2222,#1919,.T.);
#2920=EDGE_CURVE('',#2221,#2343,#339,.T.);
#2921=EDGE_CURVE('',#2343,#2344,#340,.T.);
#2922=EDGE_CURVE('',#2344,#2218,#341,.T.);
#2923=EDGE_CURVE('',#2281,#2345,#342,.T.);
#2924=EDGE_CURVE('',#2345,#2346,#343,.T.);
#2925=EDGE_CURVE('',#2346,#2278,#344,.T.);
#2926=EDGE_CURVE('',#2277,#2242,#1920,.T.);
#2927=EDGE_CURVE('',#2241,#2347,#345,.T.);
#2928=EDGE_CURVE('',#2347,#2348,#346,.T.);
#2929=EDGE_CURVE('',#2348,#2238,#347,.T.);
#2930=EDGE_CURVE('',#2286,#2349,#348,.T.);
#2931=EDGE_CURVE('',#2349,#2350,#349,.T.);
#2932=EDGE_CURVE('',#2350,#2283,#350,.T.);
#2933=EDGE_CURVE('',#2282,#2351,#1921,.T.);
#2934=EDGE_CURVE('',#2351,#2352,#351,.T.);
#2935=EDGE_CURVE('',#2352,#2353,#352,.T.);
#2936=EDGE_CURVE('',#2353,#2354,#353,.T.);
#2937=EDGE_CURVE('',#2354,#2355,#354,.T.);
#2938=EDGE_CURVE('',#2355,#2288,#355,.T.);
#2939=EDGE_CURVE('',#2293,#2356,#356,.T.);
#2940=EDGE_CURVE('',#2356,#2357,#357,.T.);
#2941=EDGE_CURVE('',#2357,#2290,#358,.T.);
#2942=EDGE_CURVE('',#2289,#2358,#1922,.T.);
#2943=EDGE_CURVE('',#2358,#2359,#359,.T.);
#2944=EDGE_CURVE('',#2359,#2360,#360,.T.);
#2945=EDGE_CURVE('',#2360,#2361,#361,.T.);
#2946=EDGE_CURVE('',#2361,#2362,#362,.T.);
#2947=EDGE_CURVE('',#2362,#2363,#363,.T.);
#2948=EDGE_CURVE('',#2363,#2306,#1923,.T.);
#2949=EDGE_CURVE('',#2305,#2364,#364,.T.);
#2950=EDGE_CURVE('',#2364,#2365,#365,.T.);
#2951=EDGE_CURVE('',#2365,#2302,#366,.T.);
#2952=EDGE_CURVE('',#2301,#2366,#1924,.T.);
#2953=EDGE_CURVE('',#2366,#2367,#367,.T.);
#2954=EDGE_CURVE('',#2367,#2368,#368,.T.);
#2955=EDGE_CURVE('',#2368,#2369,#369,.T.);
#2956=EDGE_CURVE('',#2369,#2370,#370,.T.);
#2957=EDGE_CURVE('',#2370,#2371,#371,.T.);
#2958=EDGE_CURVE('',#2371,#2314,#1925,.T.);
#2959=EDGE_CURVE('',#2313,#2372,#372,.T.);
#2960=EDGE_CURVE('',#2372,#2373,#373,.T.);
#2961=EDGE_CURVE('',#2373,#2310,#374,.T.);
#2962=EDGE_CURVE('',#2309,#2157,#1926,.T.);
#2963=EDGE_CURVE('',#2156,#2374,#375,.T.);
#2964=EDGE_CURVE('',#2374,#2375,#376,.T.);
#2965=EDGE_CURVE('',#2375,#2153,#377,.T.);
#2966=EDGE_CURVE('',#2298,#2376,#378,.T.);
#2967=EDGE_CURVE('',#2376,#2377,#379,.T.);
#2968=EDGE_CURVE('',#2377,#2295,#380,.T.);
#2969=EDGE_CURVE('',#2294,#2227,#1927,.T.);
#2970=EDGE_CURVE('',#2226,#2378,#381,.T.);
#2971=EDGE_CURVE('',#2378,#2379,#382,.T.);
#2972=EDGE_CURVE('',#2379,#2223,#383,.T.);
#2973=EDGE_CURVE('',#2164,#2380,#384,.T.);
#2974=EDGE_CURVE('',#2380,#2381,#385,.T.);
#2975=EDGE_CURVE('',#2381,#2161,#386,.T.);
#2976=EDGE_CURVE('',#2160,#2173,#1928,.T.);
#2977=EDGE_CURVE('',#2172,#2382,#387,.T.);
#2978=EDGE_CURVE('',#2382,#2383,#388,.T.);
#2979=EDGE_CURVE('',#2383,#2169,#389,.T.);
#2980=EDGE_CURVE('',#2251,#2384,#390,.T.);
#2981=EDGE_CURVE('',#2384,#2385,#391,.T.);
#2982=EDGE_CURVE('',#2385,#2248,#392,.T.);
#2983=EDGE_CURVE('',#2247,#2182,#1929,.T.);
#2984=EDGE_CURVE('',#2181,#2386,#393,.T.);
#2985=EDGE_CURVE('',#2386,#2387,#394,.T.);
#2986=EDGE_CURVE('',#2387,#2178,#395,.T.);
#2987=EDGE_CURVE('',#2256,#2388,#396,.T.);
#2988=EDGE_CURVE('',#2388,#2389,#397,.T.);
#2989=EDGE_CURVE('',#2389,#2253,#398,.T.);
#2990=EDGE_CURVE('',#2252,#2190,#1930,.T.);
#2991=EDGE_CURVE('',#2189,#2390,#399,.T.);
#2992=EDGE_CURVE('',#2390,#2391,#400,.T.);
#2993=EDGE_CURVE('',#2391,#2186,#401,.T.);
#2994=EDGE_CURVE('',#2261,#2392,#402,.T.);
#2995=EDGE_CURVE('',#2392,#2393,#403,.T.);
#2996=EDGE_CURVE('',#2393,#2258,#404,.T.);
#2997=EDGE_CURVE('',#2257,#2198,#1931,.T.);
#2998=EDGE_CURVE('',#2197,#2394,#405,.T.);
#2999=EDGE_CURVE('',#2394,#2395,#406,.T.);
#3000=EDGE_CURVE('',#2395,#2194,#407,.T.);
#3001=EDGE_CURVE('',#2266,#2396,#408,.T.);
#3002=EDGE_CURVE('',#2396,#2397,#409,.T.);
#3003=EDGE_CURVE('',#2397,#2263,#410,.T.);
#3004=EDGE_CURVE('',#2262,#2206,#1932,.T.);
#3005=EDGE_CURVE('',#2205,#2398,#411,.T.);
#3006=EDGE_CURVE('',#2398,#2399,#412,.T.);
#3007=EDGE_CURVE('',#2399,#2202,#413,.T.);
#3008=EDGE_CURVE('',#2267,#2214,#1933,.T.);
#3009=EDGE_CURVE('',#2347,#2400,#414,.T.);
#3010=EDGE_CURVE('',#2401,#2400,#1934,.T.);
#3011=EDGE_CURVE('',#2401,#2348,#415,.T.);
#3012=EDGE_CURVE('',#2346,#2402,#416,.T.);
#3013=EDGE_CURVE('',#2402,#2279,#417,.T.);
#3014=EDGE_CURVE('',#2240,#2400,#418,.T.);
#3015=EDGE_CURVE('',#2403,#2402,#1935,.T.);
#3016=EDGE_CURVE('',#2403,#2280,#419,.T.);
#3017=EDGE_CURVE('',#2403,#2345,#420,.T.);
#3018=EDGE_CURVE('',#2239,#2401,#421,.T.);
#3019=EDGE_CURVE('',#2343,#2404,#422,.T.);
#3020=EDGE_CURVE('',#2405,#2404,#1936,.T.);
#3021=EDGE_CURVE('',#2405,#2344,#423,.T.);
#3022=EDGE_CURVE('',#2342,#2406,#424,.T.);
#3023=EDGE_CURVE('',#2406,#2274,#425,.T.);
#3024=EDGE_CURVE('',#2220,#2404,#426,.T.);
#3025=EDGE_CURVE('',#2407,#2406,#1937,.T.);
#3026=EDGE_CURVE('',#2407,#2275,#427,.T.);
#3027=EDGE_CURVE('',#2407,#2341,#428,.T.);
#3028=EDGE_CURVE('',#2219,#2405,#429,.T.);
#3029=EDGE_CURVE('',#2353,#2408,#430,.T.);
#3030=EDGE_CURVE('',#2409,#2408,#1938,.T.);
#3031=EDGE_CURVE('',#2409,#2354,#431,.T.);
#3032=EDGE_CURVE('',#2350,#2410,#432,.T.);
#3033=EDGE_CURVE('',#2410,#2284,#433,.T.);
#3034=EDGE_CURVE('',#2411,#2352,#434,.T.);
#3035=EDGE_CURVE('',#2411,#2408,#435,.T.);
#3036=EDGE_CURVE('',#2412,#2410,#1939,.T.);
#3037=EDGE_CURVE('',#2412,#2285,#436,.T.);
#3038=EDGE_CURVE('',#2412,#2349,#437,.T.);
#3039=EDGE_CURVE('',#2355,#2413,#438,.T.);
#3040=EDGE_CURVE('',#2413,#2409,#439,.T.);
#3041=EDGE_CURVE('',#2413,#2411,#1940,.T.);
#3042=EDGE_CURVE('',#2360,#2414,#440,.T.);
#3043=EDGE_CURVE('',#2415,#2414,#1941,.T.);
#3044=EDGE_CURVE('',#2415,#2361,#441,.T.);
#3045=EDGE_CURVE('',#2357,#2416,#442,.T.);
#3046=EDGE_CURVE('',#2416,#2291,#443,.T.);
#3047=EDGE_CURVE('',#2417,#2359,#444,.T.);
#3048=EDGE_CURVE('',#2417,#2414,#445,.T.);
#3049=EDGE_CURVE('',#2418,#2416,#1942,.T.);
#3050=EDGE_CURVE('',#2418,#2292,#446,.T.);
#3051=EDGE_CURVE('',#2418,#2356,#447,.T.);
#3052=EDGE_CURVE('',#2362,#2419,#448,.T.);
#3053=EDGE_CURVE('',#2419,#2415,#449,.T.);
#3054=EDGE_CURVE('',#2419,#2417,#1943,.T.);
#3055=EDGE_CURVE('',#2368,#2420,#450,.T.);
#3056=EDGE_CURVE('',#2421,#2420,#1944,.T.);
#3057=EDGE_CURVE('',#2421,#2369,#451,.T.);
#3058=EDGE_CURVE('',#2365,#2422,#452,.T.);
#3059=EDGE_CURVE('',#2422,#2303,#453,.T.);
#3060=EDGE_CURVE('',#2423,#2367,#454,.T.);
#3061=EDGE_CURVE('',#2423,#2420,#455,.T.);
#3062=EDGE_CURVE('',#2424,#2422,#1945,.T.);
#3063=EDGE_CURVE('',#2424,#2304,#456,.T.);
#3064=EDGE_CURVE('',#2424,#2364,#457,.T.);
#3065=EDGE_CURVE('',#2370,#2425,#458,.T.);
#3066=EDGE_CURVE('',#2425,#2421,#459,.T.);
#3067=EDGE_CURVE('',#2425,#2423,#1946,.T.);
#3068=EDGE_CURVE('',#2374,#2426,#460,.T.);
#3069=EDGE_CURVE('',#2427,#2426,#1947,.T.);
#3070=EDGE_CURVE('',#2427,#2375,#461,.T.);
#3071=EDGE_CURVE('',#2373,#2428,#462,.T.);
#3072=EDGE_CURVE('',#2428,#2311,#463,.T.);
#3073=EDGE_CURVE('',#2155,#2426,#464,.T.);
#3074=EDGE_CURVE('',#2429,#2428,#1948,.T.);
#3075=EDGE_CURVE('',#2429,#2312,#465,.T.);
#3076=EDGE_CURVE('',#2429,#2372,#466,.T.);
#3077=EDGE_CURVE('',#2154,#2427,#467,.T.);
#3078=EDGE_CURVE('',#2378,#2430,#468,.T.);
#3079=EDGE_CURVE('',#2431,#2430,#1949,.T.);
#3080=EDGE_CURVE('',#2431,#2379,#469,.T.);
#3081=EDGE_CURVE('',#2377,#2432,#470,.T.);
#3082=EDGE_CURVE('',#2432,#2296,#471,.T.);
#3083=EDGE_CURVE('',#2225,#2430,#472,.T.);
#3084=EDGE_CURVE('',#2433,#2432,#1950,.T.);
#3085=EDGE_CURVE('',#2433,#2297,#473,.T.);
#3086=EDGE_CURVE('',#2433,#2376,#474,.T.);
#3087=EDGE_CURVE('',#2224,#2431,#475,.T.);
#3088=EDGE_CURVE('',#2382,#2434,#476,.T.);
#3089=EDGE_CURVE('',#2435,#2434,#1951,.T.);
#3090=EDGE_CURVE('',#2435,#2383,#477,.T.);
#3091=EDGE_CURVE('',#2381,#2436,#478,.T.);
#3092=EDGE_CURVE('',#2436,#2162,#479,.T.);
#3093=EDGE_CURVE('',#2171,#2434,#480,.T.);
#3094=EDGE_CURVE('',#2437,#2436,#1952,.T.);
#3095=EDGE_CURVE('',#2437,#2163,#481,.T.);
#3096=EDGE_CURVE('',#2437,#2380,#482,.T.);
#3097=EDGE_CURVE('',#2170,#2435,#483,.T.);
#3098=EDGE_CURVE('',#2386,#2438,#484,.T.);
#3099=EDGE_CURVE('',#2439,#2438,#1953,.T.);
#3100=EDGE_CURVE('',#2439,#2387,#485,.T.);
#3101=EDGE_CURVE('',#2385,#2440,#486,.T.);
#3102=EDGE_CURVE('',#2440,#2249,#487,.T.);
#3103=EDGE_CURVE('',#2180,#2438,#488,.T.);
#3104=EDGE_CURVE('',#2441,#2440,#1954,.T.);
#3105=EDGE_CURVE('',#2441,#2250,#489,.T.);
#3106=EDGE_CURVE('',#2441,#2384,#490,.T.);
#3107=EDGE_CURVE('',#2179,#2439,#491,.T.);
#3108=EDGE_CURVE('',#2394,#2442,#492,.T.);
#3109=EDGE_CURVE('',#2443,#2442,#1955,.T.);
#3110=EDGE_CURVE('',#2443,#2395,#493,.T.);
#3111=EDGE_CURVE('',#2393,#2444,#494,.T.);
#3112=EDGE_CURVE('',#2444,#2259,#495,.T.);
#3113=EDGE_CURVE('',#2196,#2442,#496,.T.);
#3114=EDGE_CURVE('',#2445,#2444,#1956,.T.);
#3115=EDGE_CURVE('',#2445,#2260,#497,.T.);
#3116=EDGE_CURVE('',#2445,#2392,#498,.T.);
#3117=EDGE_CURVE('',#2195,#2443,#499,.T.);
#3118=EDGE_CURVE('',#2390,#2446,#500,.T.);
#3119=EDGE_CURVE('',#2447,#2446,#1957,.T.);
#3120=EDGE_CURVE('',#2447,#2391,#501,.T.);
#3121=EDGE_CURVE('',#2389,#2448,#502,.T.);
#3122=EDGE_CURVE('',#2448,#2254,#503,.T.);
#3123=EDGE_CURVE('',#2188,#2446,#504,.T.);
#3124=EDGE_CURVE('',#2449,#2448,#1958,.T.);
#3125=EDGE_CURVE('',#2449,#2255,#505,.T.);
#3126=EDGE_CURVE('',#2449,#2388,#506,.T.);
#3127=EDGE_CURVE('',#2187,#2447,#507,.T.);
#3128=EDGE_CURVE('',#2398,#2450,#508,.T.);
#3129=EDGE_CURVE('',#2451,#2450,#1959,.T.);
#3130=EDGE_CURVE('',#2451,#2399,#509,.T.);
#3131=EDGE_CURVE('',#2397,#2452,#510,.T.);
#3132=EDGE_CURVE('',#2452,#2264,#511,.T.);
#3133=EDGE_CURVE('',#2204,#2450,#512,.T.);
#3134=EDGE_CURVE('',#2453,#2452,#1960,.T.);
#3135=EDGE_CURVE('',#2453,#2265,#513,.T.);
#3136=EDGE_CURVE('',#2453,#2396,#514,.T.);
#3137=EDGE_CURVE('',#2203,#2451,#515,.T.);
#3138=EDGE_CURVE('',#2351,#2109,#516,.T.);
#3139=EDGE_CURVE('',#2371,#2307,#517,.T.);
#3140=EDGE_CURVE('',#2358,#2105,#518,.T.);
#3141=EDGE_CURVE('',#2363,#2299,#519,.T.);
#3142=EDGE_CURVE('',#2366,#2101,#520,.T.);
#3143=EDGE_CURVE('',#2454,#2455,#2067,.T.);
#3144=EDGE_CURVE('',#2455,#2456,#1961,.T.);
#3145=EDGE_CURVE('',#2456,#2457,#2068,.T.);
#3146=EDGE_CURVE('',#2457,#2454,#1962,.T.);
#3147=EDGE_CURVE('',#2455,#2458,#521,.T.);
#3148=EDGE_CURVE('',#2458,#2459,#1963,.T.);
#3149=EDGE_CURVE('',#2459,#2460,#522,.T.);
#3150=EDGE_CURVE('',#2461,#2460,#1964,.T.);
#3151=EDGE_CURVE('',#2461,#2462,#523,.T.);
#3152=EDGE_CURVE('',#2462,#2463,#1965,.T.);
#3153=EDGE_CURVE('',#2463,#2464,#524,.T.);
#3154=EDGE_CURVE('',#2465,#2464,#1966,.T.);
#3155=EDGE_CURVE('',#2465,#2466,#525,.T.);
#3156=EDGE_CURVE('',#2466,#2467,#1967,.T.);
#3157=EDGE_CURVE('',#2467,#2468,#526,.T.);
#3158=EDGE_CURVE('',#2469,#2468,#1968,.T.);
#3159=EDGE_CURVE('',#2469,#2470,#527,.T.);
#3160=EDGE_CURVE('',#2470,#2471,#1969,.T.);
#3161=EDGE_CURVE('',#2471,#2472,#528,.T.);
#3162=EDGE_CURVE('',#2473,#2472,#1970,.T.);
#3163=EDGE_CURVE('',#2473,#2474,#529,.T.);
#3164=EDGE_CURVE('',#2474,#2475,#1971,.T.);
#3165=EDGE_CURVE('',#2475,#2476,#530,.T.);
#3166=EDGE_CURVE('',#2477,#2476,#1972,.T.);
#3167=EDGE_CURVE('',#2477,#2478,#531,.T.);
#3168=EDGE_CURVE('',#2478,#2479,#1973,.T.);
#3169=EDGE_CURVE('',#2479,#2480,#532,.T.);
#3170=EDGE_CURVE('',#2481,#2480,#1974,.T.);
#3171=EDGE_CURVE('',#2481,#2482,#533,.T.);
#3172=EDGE_CURVE('',#2482,#2483,#1975,.T.);
#3173=EDGE_CURVE('',#2483,#2484,#534,.T.);
#3174=EDGE_CURVE('',#2485,#2484,#1976,.T.);
#3175=EDGE_CURVE('',#2485,#2486,#535,.T.);
#3176=EDGE_CURVE('',#2486,#2487,#1977,.T.);
#3177=EDGE_CURVE('',#2487,#2488,#536,.T.);
#3178=EDGE_CURVE('',#2489,#2488,#1978,.T.);
#3179=EDGE_CURVE('',#2489,#2490,#537,.T.);
#3180=EDGE_CURVE('',#2490,#2491,#1979,.T.);
#3181=EDGE_CURVE('',#2491,#2492,#538,.T.);
#3182=EDGE_CURVE('',#2493,#2492,#1980,.T.);
#3183=EDGE_CURVE('',#2493,#2494,#539,.T.);
#3184=EDGE_CURVE('',#2494,#2495,#1981,.T.);
#3185=EDGE_CURVE('',#2495,#2496,#540,.T.);
#3186=EDGE_CURVE('',#2497,#2496,#1982,.T.);
#3187=EDGE_CURVE('',#2497,#2498,#541,.T.);
#3188=EDGE_CURVE('',#2498,#2499,#1983,.T.);
#3189=EDGE_CURVE('',#2499,#2500,#542,.T.);
#3190=EDGE_CURVE('',#2501,#2500,#1984,.T.);
#3191=EDGE_CURVE('',#2501,#2502,#543,.T.);
#3192=EDGE_CURVE('',#2502,#2503,#1985,.T.);
#3193=EDGE_CURVE('',#2503,#2504,#544,.T.);
#3194=EDGE_CURVE('',#2505,#2504,#1986,.T.);
#3195=EDGE_CURVE('',#2505,#2506,#545,.T.);
#3196=EDGE_CURVE('',#2506,#2507,#1987,.T.);
#3197=EDGE_CURVE('',#2507,#2456,#546,.T.);
#3198=EDGE_CURVE('',#2508,#2508,#1988,.T.);
#3199=EDGE_CURVE('',#2509,#2509,#1989,.T.);
#3200=EDGE_CURVE('',#2510,#2510,#1990,.T.);
#3201=EDGE_CURVE('',#2511,#2511,#1991,.T.);
#3202=EDGE_CURVE('',#2512,#2512,#1992,.T.);
#3203=EDGE_CURVE('',#2513,#2454,#547,.T.);
#3204=EDGE_CURVE('',#2514,#2513,#548,.T.);
#3205=EDGE_CURVE('',#2514,#2458,#549,.T.);
#3206=EDGE_CURVE('',#2515,#2461,#2069,.T.);
#3207=EDGE_CURVE('',#2460,#2516,#2070,.T.);
#3208=EDGE_CURVE('',#2516,#2515,#1993,.T.);
#3209=EDGE_CURVE('',#2459,#2517,#550,.T.);
#3210=EDGE_CURVE('',#2518,#2517,#551,.T.);
#3211=EDGE_CURVE('',#2516,#2518,#552,.T.);
#3212=EDGE_CURVE('',#2519,#2465,#2071,.T.);
#3213=EDGE_CURVE('',#2464,#2520,#2072,.T.);
#3214=EDGE_CURVE('',#2520,#2519,#1994,.T.);
#3215=EDGE_CURVE('',#2521,#2519,#553,.T.);
#3216=EDGE_CURVE('',#2522,#2521,#554,.T.);
#3217=EDGE_CURVE('',#2522,#2466,#555,.T.);
#3218=EDGE_CURVE('',#2518,#2523,#1995,.T.);
#3219=EDGE_CURVE('',#2523,#2515,#556,.T.);
#3220=EDGE_CURVE('',#2524,#2469,#2073,.T.);
#3221=EDGE_CURVE('',#2468,#2525,#2074,.T.);
#3222=EDGE_CURVE('',#2525,#2524,#1996,.T.);
#3223=EDGE_CURVE('',#2526,#2524,#557,.T.);
#3224=EDGE_CURVE('',#2527,#2526,#558,.T.);
#3225=EDGE_CURVE('',#2527,#2470,#559,.T.);
#3226=EDGE_CURVE('',#2528,#2473,#2075,.T.);
#3227=EDGE_CURVE('',#2472,#2529,#2076,.T.);
#3228=EDGE_CURVE('',#2529,#2528,#1997,.T.);
#3229=EDGE_CURVE('',#2530,#2528,#560,.T.);
#3230=EDGE_CURVE('',#2531,#2530,#561,.T.);
#3231=EDGE_CURVE('',#2531,#2474,#562,.T.);
#3232=EDGE_CURVE('',#2532,#2477,#2077,.T.);
#3233=EDGE_CURVE('',#2476,#2533,#2078,.T.);
#3234=EDGE_CURVE('',#2533,#2532,#1998,.T.);
#3235=EDGE_CURVE('',#2534,#2532,#563,.T.);
#3236=EDGE_CURVE('',#2535,#2534,#564,.T.);
#3237=EDGE_CURVE('',#2535,#2478,#565,.T.);
#3238=EDGE_CURVE('',#2536,#2481,#2079,.T.);
#3239=EDGE_CURVE('',#2480,#2537,#2080,.T.);
#3240=EDGE_CURVE('',#2537,#2536,#1999,.T.);
#3241=EDGE_CURVE('',#2538,#2536,#566,.T.);
#3242=EDGE_CURVE('',#2539,#2538,#567,.T.);
#3243=EDGE_CURVE('',#2539,#2482,#568,.T.);
#3244=EDGE_CURVE('',#2540,#2485,#2081,.T.);
#3245=EDGE_CURVE('',#2484,#2541,#2082,.T.);
#3246=EDGE_CURVE('',#2541,#2540,#2000,.T.);
#3247=EDGE_CURVE('',#2542,#2540,#569,.T.);
#3248=EDGE_CURVE('',#2543,#2542,#570,.T.);
#3249=EDGE_CURVE('',#2543,#2486,#571,.T.);
#3250=EDGE_CURVE('',#2544,#2489,#2083,.T.);
#3251=EDGE_CURVE('',#2488,#2545,#2084,.T.);
#3252=EDGE_CURVE('',#2545,#2544,#2001,.T.);
#3253=EDGE_CURVE('',#2546,#2544,#572,.T.);
#3254=EDGE_CURVE('',#2547,#2546,#573,.T.);
#3255=EDGE_CURVE('',#2547,#2490,#574,.T.);
#3256=EDGE_CURVE('',#2548,#2523,#575,.T.);
#3257=EDGE_CURVE('',#2548,#2462,#576,.T.);
#3258=EDGE_CURVE('',#2549,#2493,#2085,.T.);
#3259=EDGE_CURVE('',#2492,#2550,#2086,.T.);
#3260=EDGE_CURVE('',#2550,#2549,#2002,.T.);
#3261=EDGE_CURVE('',#2457,#2551,#577,.T.);
#3262=EDGE_CURVE('',#2551,#2513,#2003,.T.);
#3263=EDGE_CURVE('',#2552,#2549,#578,.T.);
#3264=EDGE_CURVE('',#2553,#2552,#579,.T.);
#3265=EDGE_CURVE('',#2553,#2494,#580,.T.);
#3266=EDGE_CURVE('',#2550,#2554,#581,.T.);
#3267=EDGE_CURVE('',#2554,#2552,#2004,.T.);
#3268=EDGE_CURVE('',#2545,#2555,#582,.T.);
#3269=EDGE_CURVE('',#2555,#2546,#2005,.T.);
#3270=EDGE_CURVE('',#2541,#2556,#583,.T.);
#3271=EDGE_CURVE('',#2556,#2542,#2006,.T.);
#3272=EDGE_CURVE('',#2537,#2557,#584,.T.);
#3273=EDGE_CURVE('',#2557,#2538,#2007,.T.);
#3274=EDGE_CURVE('',#2533,#2558,#585,.T.);
#3275=EDGE_CURVE('',#2558,#2534,#2008,.T.);
#3276=EDGE_CURVE('',#2529,#2559,#586,.T.);
#3277=EDGE_CURVE('',#2559,#2530,#2009,.T.);
#3278=EDGE_CURVE('',#2525,#2560,#587,.T.);
#3279=EDGE_CURVE('',#2560,#2526,#2010,.T.);
#3280=EDGE_CURVE('',#2520,#2561,#588,.T.);
#3281=EDGE_CURVE('',#2561,#2521,#2011,.T.);
#3282=EDGE_CURVE('',#2562,#2497,#2087,.T.);
#3283=EDGE_CURVE('',#2496,#2563,#2088,.T.);
#3284=EDGE_CURVE('',#2563,#2562,#2012,.T.);
#3285=EDGE_CURVE('',#2507,#2564,#589,.T.);
#3286=EDGE_CURVE('',#2551,#2564,#590,.T.);
#3287=EDGE_CURVE('',#2563,#2565,#591,.T.);
#3288=EDGE_CURVE('',#2565,#2566,#2013,.T.);
#3289=EDGE_CURVE('',#2566,#2562,#592,.T.);
#3290=EDGE_CURVE('',#2495,#2567,#593,.T.);
#3291=EDGE_CURVE('',#2565,#2567,#594,.T.);
#3292=EDGE_CURVE('',#2491,#2568,#595,.T.);
#3293=EDGE_CURVE('',#2554,#2568,#596,.T.);
#3294=EDGE_CURVE('',#2487,#2569,#597,.T.);
#3295=EDGE_CURVE('',#2555,#2569,#598,.T.);
#3296=EDGE_CURVE('',#2483,#2570,#599,.T.);
#3297=EDGE_CURVE('',#2556,#2570,#600,.T.);
#3298=EDGE_CURVE('',#2479,#2571,#601,.T.);
#3299=EDGE_CURVE('',#2557,#2571,#602,.T.);
#3300=EDGE_CURVE('',#2475,#2572,#603,.T.);
#3301=EDGE_CURVE('',#2558,#2572,#604,.T.);
#3302=EDGE_CURVE('',#2471,#2573,#605,.T.);
#3303=EDGE_CURVE('',#2559,#2573,#606,.T.);
#3304=EDGE_CURVE('',#2467,#2574,#607,.T.);
#3305=EDGE_CURVE('',#2560,#2574,#608,.T.);
#3306=EDGE_CURVE('',#2463,#2575,#609,.T.);
#3307=EDGE_CURVE('',#2561,#2575,#610,.T.);
#3308=EDGE_CURVE('',#2576,#2501,#2089,.T.);
#3309=EDGE_CURVE('',#2500,#2577,#2090,.T.);
#3310=EDGE_CURVE('',#2577,#2576,#2014,.T.);
#3311=EDGE_CURVE('',#2499,#2578,#611,.T.);
#3312=EDGE_CURVE('',#2579,#2578,#612,.T.);
#3313=EDGE_CURVE('',#2577,#2579,#613,.T.);
#3314=EDGE_CURVE('',#2580,#2505,#2091,.T.);
#3315=EDGE_CURVE('',#2504,#2581,#2092,.T.);
#3316=EDGE_CURVE('',#2581,#2580,#2015,.T.);
#3317=EDGE_CURVE('',#2503,#2582,#614,.T.);
#3318=EDGE_CURVE('',#2583,#2582,#615,.T.);
#3319=EDGE_CURVE('',#2581,#2583,#616,.T.);
#3320=EDGE_CURVE('',#2508,#2584,#617,.T.);
#3321=EDGE_CURVE('',#2584,#2584,#2016,.T.);
#3322=EDGE_CURVE('',#2584,#2585,#618,.T.);
#3323=EDGE_CURVE('',#2585,#2585,#2017,.T.);
#3324=EDGE_CURVE('',#2512,#2586,#619,.T.);
#3325=EDGE_CURVE('',#2586,#2586,#2018,.T.);
#3326=EDGE_CURVE('',#2586,#2587,#620,.T.);
#3327=EDGE_CURVE('',#2587,#2587,#2019,.T.);
#3328=EDGE_CURVE('',#2509,#2588,#621,.T.);
#3329=EDGE_CURVE('',#2588,#2588,#2020,.T.);
#3330=EDGE_CURVE('',#2588,#2589,#622,.T.);
#3331=EDGE_CURVE('',#2589,#2589,#2021,.T.);
#3332=EDGE_CURVE('',#2511,#2590,#623,.T.);
#3333=EDGE_CURVE('',#2590,#2590,#2022,.T.);
#3334=EDGE_CURVE('',#2590,#2591,#624,.T.);
#3335=EDGE_CURVE('',#2591,#2591,#2023,.T.);
#3336=EDGE_CURVE('',#2510,#2592,#625,.T.);
#3337=EDGE_CURVE('',#2592,#2592,#2024,.T.);
#3338=EDGE_CURVE('',#2592,#2593,#626,.T.);
#3339=EDGE_CURVE('',#2593,#2593,#2025,.T.);
#3340=EDGE_CURVE('',#2570,#2539,#2026,.T.);
#3341=EDGE_CURVE('',#2569,#2543,#2027,.T.);
#3342=EDGE_CURVE('',#2568,#2547,#2028,.T.);
#3343=EDGE_CURVE('',#2567,#2553,#2029,.T.);
#3344=EDGE_CURVE('',#2594,#2580,#627,.T.);
#3345=EDGE_CURVE('',#2595,#2594,#628,.T.);
#3346=EDGE_CURVE('',#2595,#2506,#629,.T.);
#3347=EDGE_CURVE('',#2564,#2595,#2030,.T.);
#3348=EDGE_CURVE('',#2583,#2594,#2031,.T.);
#3349=EDGE_CURVE('',#2596,#2566,#630,.T.);
#3350=EDGE_CURVE('',#2596,#2498,#631,.T.);
#3351=EDGE_CURVE('',#2578,#2596,#2032,.T.);
#3352=EDGE_CURVE('',#2579,#2597,#2033,.T.);
#3353=EDGE_CURVE('',#2597,#2576,#632,.T.);
#3354=EDGE_CURVE('',#2598,#2597,#633,.T.);
#3355=EDGE_CURVE('',#2598,#2502,#634,.T.);
#3356=EDGE_CURVE('',#2582,#2598,#2034,.T.);
#3357=EDGE_CURVE('',#2517,#2514,#2035,.T.);
#3358=EDGE_CURVE('',#2575,#2548,#2036,.T.);
#3359=EDGE_CURVE('',#2573,#2527,#2037,.T.);
#3360=EDGE_CURVE('',#2572,#2531,#2038,.T.);
#3361=EDGE_CURVE('',#2574,#2522,#2039,.T.);
#3362=EDGE_CURVE('',#2571,#2535,#2040,.T.);
#3363=ORIENTED_EDGE('',*,*,#2599,.T.);
#3364=ORIENTED_EDGE('',*,*,#2600,.T.);
#3365=ORIENTED_EDGE('',*,*,#2601,.T.);
#3366=ORIENTED_EDGE('',*,*,#2602,.T.);
#3367=ORIENTED_EDGE('',*,*,#2600,.F.);
#3368=ORIENTED_EDGE('',*,*,#2603,.T.);
#3369=ORIENTED_EDGE('',*,*,#2604,.T.);
#3370=ORIENTED_EDGE('',*,*,#2605,.T.);
#3371=ORIENTED_EDGE('',*,*,#2606,.F.);
#3372=ORIENTED_EDGE('',*,*,#2607,.T.);
#3373=ORIENTED_EDGE('',*,*,#2608,.T.);
#3374=ORIENTED_EDGE('',*,*,#2609,.T.);
#3375=ORIENTED_EDGE('',*,*,#2610,.F.);
#3376=ORIENTED_EDGE('',*,*,#2611,.T.);
#3377=ORIENTED_EDGE('',*,*,#2612,.T.);
#3378=ORIENTED_EDGE('',*,*,#2613,.T.);
#3379=ORIENTED_EDGE('',*,*,#2614,.F.);
#3380=ORIENTED_EDGE('',*,*,#2615,.T.);
#3381=ORIENTED_EDGE('',*,*,#2616,.T.);
#3382=ORIENTED_EDGE('',*,*,#2617,.T.);
#3383=ORIENTED_EDGE('',*,*,#2618,.F.);
#3384=ORIENTED_EDGE('',*,*,#2619,.T.);
#3385=ORIENTED_EDGE('',*,*,#2620,.T.);
#3386=ORIENTED_EDGE('',*,*,#2621,.T.);
#3387=ORIENTED_EDGE('',*,*,#2622,.F.);
#3388=ORIENTED_EDGE('',*,*,#2623,.T.);
#3389=ORIENTED_EDGE('',*,*,#2624,.T.);
#3390=ORIENTED_EDGE('',*,*,#2625,.T.);
#3391=ORIENTED_EDGE('',*,*,#2626,.F.);
#3392=ORIENTED_EDGE('',*,*,#2627,.T.);
#3393=ORIENTED_EDGE('',*,*,#2628,.T.);
#3394=ORIENTED_EDGE('',*,*,#2629,.T.);
#3395=ORIENTED_EDGE('',*,*,#2630,.F.);
#3396=ORIENTED_EDGE('',*,*,#2631,.T.);
#3397=ORIENTED_EDGE('',*,*,#2632,.T.);
#3398=ORIENTED_EDGE('',*,*,#2633,.T.);
#3399=ORIENTED_EDGE('',*,*,#2634,.F.);
#3400=ORIENTED_EDGE('',*,*,#2635,.T.);
#3401=ORIENTED_EDGE('',*,*,#2636,.T.);
#3402=ORIENTED_EDGE('',*,*,#2637,.T.);
#3403=ORIENTED_EDGE('',*,*,#2638,.F.);
#3404=ORIENTED_EDGE('',*,*,#2639,.T.);
#3405=ORIENTED_EDGE('',*,*,#2640,.T.);
#3406=ORIENTED_EDGE('',*,*,#2641,.T.);
#3407=ORIENTED_EDGE('',*,*,#2642,.F.);
#3408=ORIENTED_EDGE('',*,*,#2643,.T.);
#3409=ORIENTED_EDGE('',*,*,#2644,.T.);
#3410=ORIENTED_EDGE('',*,*,#2645,.T.);
#3411=ORIENTED_EDGE('',*,*,#2646,.F.);
#3412=ORIENTED_EDGE('',*,*,#2647,.T.);
#3413=ORIENTED_EDGE('',*,*,#2648,.T.);
#3414=ORIENTED_EDGE('',*,*,#2649,.T.);
#3415=ORIENTED_EDGE('',*,*,#2650,.F.);
#3416=ORIENTED_EDGE('',*,*,#2651,.T.);
#3417=ORIENTED_EDGE('',*,*,#2652,.T.);
#3418=ORIENTED_EDGE('',*,*,#2653,.T.);
#3419=ORIENTED_EDGE('',*,*,#2654,.F.);
#3420=ORIENTED_EDGE('',*,*,#2655,.F.);
#3421=ORIENTED_EDGE('',*,*,#2656,.F.);
#3422=ORIENTED_EDGE('',*,*,#2657,.F.);
#3423=ORIENTED_EDGE('',*,*,#2658,.F.);
#3424=ORIENTED_EDGE('',*,*,#2599,.F.);
#3425=ORIENTED_EDGE('',*,*,#2659,.F.);
#3426=ORIENTED_EDGE('',*,*,#2660,.F.);
#3427=ORIENTED_EDGE('',*,*,#2661,.T.);
#3428=ORIENTED_EDGE('',*,*,#2662,.T.);
#3429=ORIENTED_EDGE('',*,*,#2663,.T.);
#3430=ORIENTED_EDGE('',*,*,#2664,.F.);
#3431=ORIENTED_EDGE('',*,*,#2665,.T.);
#3432=ORIENTED_EDGE('',*,*,#2603,.F.);
#3433=ORIENTED_EDGE('',*,*,#2666,.T.);
#3434=ORIENTED_EDGE('',*,*,#2650,.T.);
#3435=ORIENTED_EDGE('',*,*,#2667,.T.);
#3436=ORIENTED_EDGE('',*,*,#2668,.T.);
#3437=ORIENTED_EDGE('',*,*,#2667,.F.);
#3438=ORIENTED_EDGE('',*,*,#2649,.F.);
#3439=ORIENTED_EDGE('',*,*,#2669,.T.);
#3440=ORIENTED_EDGE('',*,*,#2670,.F.);
#3441=ORIENTED_EDGE('',*,*,#2671,.T.);
#3442=ORIENTED_EDGE('',*,*,#2672,.T.);
#3443=ORIENTED_EDGE('',*,*,#2673,.T.);
#3444=ORIENTED_EDGE('',*,*,#2674,.F.);
#3445=ORIENTED_EDGE('',*,*,#2675,.F.);
#3446=ORIENTED_EDGE('',*,*,#2676,.T.);
#3447=ORIENTED_EDGE('',*,*,#2646,.T.);
#3448=ORIENTED_EDGE('',*,*,#2677,.T.);
#3449=ORIENTED_EDGE('',*,*,#2678,.T.);
#3450=ORIENTED_EDGE('',*,*,#2676,.F.);
#3451=ORIENTED_EDGE('',*,*,#2679,.F.);
#3452=ORIENTED_EDGE('',*,*,#2680,.F.);
#3453=ORIENTED_EDGE('',*,*,#2681,.T.);
#3454=ORIENTED_EDGE('',*,*,#2682,.T.);
#3455=ORIENTED_EDGE('',*,*,#2683,.T.);
#3456=ORIENTED_EDGE('',*,*,#2684,.F.);
#3457=ORIENTED_EDGE('',*,*,#2685,.T.);
#3458=ORIENTED_EDGE('',*,*,#2647,.F.);
#3459=ORIENTED_EDGE('',*,*,#2668,.F.);
#3460=ORIENTED_EDGE('',*,*,#2675,.T.);
#3461=ORIENTED_EDGE('',*,*,#2686,.F.);
#3462=ORIENTED_EDGE('',*,*,#2687,.T.);
#3463=ORIENTED_EDGE('',*,*,#2688,.T.);
#3464=ORIENTED_EDGE('',*,*,#2642,.T.);
#3465=ORIENTED_EDGE('',*,*,#2689,.T.);
#3466=ORIENTED_EDGE('',*,*,#2690,.T.);
#3467=ORIENTED_EDGE('',*,*,#2688,.F.);
#3468=ORIENTED_EDGE('',*,*,#2691,.F.);
#3469=ORIENTED_EDGE('',*,*,#2692,.F.);
#3470=ORIENTED_EDGE('',*,*,#2693,.T.);
#3471=ORIENTED_EDGE('',*,*,#2694,.T.);
#3472=ORIENTED_EDGE('',*,*,#2695,.T.);
#3473=ORIENTED_EDGE('',*,*,#2696,.F.);
#3474=ORIENTED_EDGE('',*,*,#2697,.T.);
#3475=ORIENTED_EDGE('',*,*,#2643,.F.);
#3476=ORIENTED_EDGE('',*,*,#2698,.T.);
#3477=ORIENTED_EDGE('',*,*,#2638,.T.);
#3478=ORIENTED_EDGE('',*,*,#2699,.T.);
#3479=ORIENTED_EDGE('',*,*,#2700,.T.);
#3480=ORIENTED_EDGE('',*,*,#2698,.F.);
#3481=ORIENTED_EDGE('',*,*,#2701,.F.);
#3482=ORIENTED_EDGE('',*,*,#2702,.F.);
#3483=ORIENTED_EDGE('',*,*,#2703,.T.);
#3484=ORIENTED_EDGE('',*,*,#2704,.T.);
#3485=ORIENTED_EDGE('',*,*,#2705,.T.);
#3486=ORIENTED_EDGE('',*,*,#2706,.F.);
#3487=ORIENTED_EDGE('',*,*,#2707,.T.);
#3488=ORIENTED_EDGE('',*,*,#2639,.F.);
#3489=ORIENTED_EDGE('',*,*,#2708,.T.);
#3490=ORIENTED_EDGE('',*,*,#2634,.T.);
#3491=ORIENTED_EDGE('',*,*,#2709,.T.);
#3492=ORIENTED_EDGE('',*,*,#2710,.T.);
#3493=ORIENTED_EDGE('',*,*,#2708,.F.);
#3494=ORIENTED_EDGE('',*,*,#2711,.F.);
#3495=ORIENTED_EDGE('',*,*,#2712,.F.);
#3496=ORIENTED_EDGE('',*,*,#2713,.T.);
#3497=ORIENTED_EDGE('',*,*,#2714,.T.);
#3498=ORIENTED_EDGE('',*,*,#2715,.T.);
#3499=ORIENTED_EDGE('',*,*,#2716,.F.);
#3500=ORIENTED_EDGE('',*,*,#2717,.T.);
#3501=ORIENTED_EDGE('',*,*,#2635,.F.);
#3502=ORIENTED_EDGE('',*,*,#2718,.T.);
#3503=ORIENTED_EDGE('',*,*,#2630,.T.);
#3504=ORIENTED_EDGE('',*,*,#2719,.T.);
#3505=ORIENTED_EDGE('',*,*,#2720,.T.);
#3506=ORIENTED_EDGE('',*,*,#2718,.F.);
#3507=ORIENTED_EDGE('',*,*,#2721,.F.);
#3508=ORIENTED_EDGE('',*,*,#2722,.F.);
#3509=ORIENTED_EDGE('',*,*,#2723,.T.);
#3510=ORIENTED_EDGE('',*,*,#2724,.T.);
#3511=ORIENTED_EDGE('',*,*,#2725,.T.);
#3512=ORIENTED_EDGE('',*,*,#2726,.F.);
#3513=ORIENTED_EDGE('',*,*,#2727,.T.);
#3514=ORIENTED_EDGE('',*,*,#2631,.F.);
#3515=ORIENTED_EDGE('',*,*,#2728,.T.);
#3516=ORIENTED_EDGE('',*,*,#2626,.T.);
#3517=ORIENTED_EDGE('',*,*,#2729,.T.);
#3518=ORIENTED_EDGE('',*,*,#2730,.T.);
#3519=ORIENTED_EDGE('',*,*,#2728,.F.);
#3520=ORIENTED_EDGE('',*,*,#2731,.F.);
#3521=ORIENTED_EDGE('',*,*,#2732,.F.);
#3522=ORIENTED_EDGE('',*,*,#2733,.T.);
#3523=ORIENTED_EDGE('',*,*,#2734,.T.);
#3524=ORIENTED_EDGE('',*,*,#2735,.T.);
#3525=ORIENTED_EDGE('',*,*,#2736,.F.);
#3526=ORIENTED_EDGE('',*,*,#2737,.T.);
#3527=ORIENTED_EDGE('',*,*,#2627,.F.);
#3528=ORIENTED_EDGE('',*,*,#2738,.T.);
#3529=ORIENTED_EDGE('',*,*,#2622,.T.);
#3530=ORIENTED_EDGE('',*,*,#2739,.T.);
#3531=ORIENTED_EDGE('',*,*,#2740,.T.);
#3532=ORIENTED_EDGE('',*,*,#2738,.F.);
#3533=ORIENTED_EDGE('',*,*,#2741,.F.);
#3534=ORIENTED_EDGE('',*,*,#2742,.F.);
#3535=ORIENTED_EDGE('',*,*,#2743,.T.);
#3536=ORIENTED_EDGE('',*,*,#2744,.T.);
#3537=ORIENTED_EDGE('',*,*,#2745,.T.);
#3538=ORIENTED_EDGE('',*,*,#2746,.F.);
#3539=ORIENTED_EDGE('',*,*,#2747,.T.);
#3540=ORIENTED_EDGE('',*,*,#2623,.F.);
#3541=ORIENTED_EDGE('',*,*,#2666,.F.);
#3542=ORIENTED_EDGE('',*,*,#2687,.F.);
#3543=ORIENTED_EDGE('',*,*,#2748,.F.);
#3544=ORIENTED_EDGE('',*,*,#2749,.T.);
#3545=ORIENTED_EDGE('',*,*,#2750,.T.);
#3546=ORIENTED_EDGE('',*,*,#2751,.T.);
#3547=ORIENTED_EDGE('',*,*,#2752,.F.);
#3548=ORIENTED_EDGE('',*,*,#2753,.T.);
#3549=ORIENTED_EDGE('',*,*,#2651,.F.);
#3550=ORIENTED_EDGE('',*,*,#2754,.T.);
#3551=ORIENTED_EDGE('',*,*,#2618,.T.);
#3552=ORIENTED_EDGE('',*,*,#2755,.T.);
#3553=ORIENTED_EDGE('',*,*,#2756,.T.);
#3554=ORIENTED_EDGE('',*,*,#2678,.F.);
#3555=ORIENTED_EDGE('',*,*,#2757,.T.);
#3556=ORIENTED_EDGE('',*,*,#2758,.F.);
#3557=ORIENTED_EDGE('',*,*,#2679,.T.);
#3558=ORIENTED_EDGE('',*,*,#2690,.F.);
#3559=ORIENTED_EDGE('',*,*,#2759,.T.);
#3560=ORIENTED_EDGE('',*,*,#2760,.F.);
#3561=ORIENTED_EDGE('',*,*,#2691,.T.);
#3562=ORIENTED_EDGE('',*,*,#2700,.F.);
#3563=ORIENTED_EDGE('',*,*,#2761,.T.);
#3564=ORIENTED_EDGE('',*,*,#2762,.F.);
#3565=ORIENTED_EDGE('',*,*,#2701,.T.);
#3566=ORIENTED_EDGE('',*,*,#2710,.F.);
#3567=ORIENTED_EDGE('',*,*,#2763,.T.);
#3568=ORIENTED_EDGE('',*,*,#2764,.F.);
#3569=ORIENTED_EDGE('',*,*,#2711,.T.);
#3570=ORIENTED_EDGE('',*,*,#2720,.F.);
#3571=ORIENTED_EDGE('',*,*,#2765,.T.);
#3572=ORIENTED_EDGE('',*,*,#2766,.F.);
#3573=ORIENTED_EDGE('',*,*,#2721,.T.);
#3574=ORIENTED_EDGE('',*,*,#2730,.F.);
#3575=ORIENTED_EDGE('',*,*,#2767,.T.);
#3576=ORIENTED_EDGE('',*,*,#2768,.F.);
#3577=ORIENTED_EDGE('',*,*,#2731,.T.);
#3578=ORIENTED_EDGE('',*,*,#2740,.F.);
#3579=ORIENTED_EDGE('',*,*,#2769,.T.);
#3580=ORIENTED_EDGE('',*,*,#2770,.F.);
#3581=ORIENTED_EDGE('',*,*,#2741,.T.);
#3582=ORIENTED_EDGE('',*,*,#2754,.F.);
#3583=ORIENTED_EDGE('',*,*,#2771,.F.);
#3584=ORIENTED_EDGE('',*,*,#2772,.F.);
#3585=ORIENTED_EDGE('',*,*,#2773,.T.);
#3586=ORIENTED_EDGE('',*,*,#2774,.T.);
#3587=ORIENTED_EDGE('',*,*,#2775,.T.);
#3588=ORIENTED_EDGE('',*,*,#2776,.F.);
#3589=ORIENTED_EDGE('',*,*,#2777,.T.);
#3590=ORIENTED_EDGE('',*,*,#2619,.F.);
#3591=ORIENTED_EDGE('',*,*,#2756,.F.);
#3592=ORIENTED_EDGE('',*,*,#2778,.T.);
#3593=ORIENTED_EDGE('',*,*,#2779,.F.);
#3594=ORIENTED_EDGE('',*,*,#2771,.T.);
#3595=ORIENTED_EDGE('',*,*,#2602,.F.);
#3596=ORIENTED_EDGE('',*,*,#2780,.T.);
#3597=ORIENTED_EDGE('',*,*,#2781,.F.);
#3598=ORIENTED_EDGE('',*,*,#2659,.T.);
#3599=ORIENTED_EDGE('',*,*,#2782,.T.);
#3600=ORIENTED_EDGE('',*,*,#2614,.T.);
#3601=ORIENTED_EDGE('',*,*,#2783,.T.);
#3602=ORIENTED_EDGE('',*,*,#2784,.T.);
#3603=ORIENTED_EDGE('',*,*,#2677,.F.);
#3604=ORIENTED_EDGE('',*,*,#2645,.F.);
#3605=ORIENTED_EDGE('',*,*,#2785,.T.);
#3606=ORIENTED_EDGE('',*,*,#2786,.F.);
#3607=ORIENTED_EDGE('',*,*,#2787,.T.);
#3608=ORIENTED_EDGE('',*,*,#2788,.T.);
#3609=ORIENTED_EDGE('',*,*,#2789,.T.);
#3610=ORIENTED_EDGE('',*,*,#2790,.F.);
#3611=ORIENTED_EDGE('',*,*,#2757,.F.);
#3612=ORIENTED_EDGE('',*,*,#2689,.F.);
#3613=ORIENTED_EDGE('',*,*,#2641,.F.);
#3614=ORIENTED_EDGE('',*,*,#2791,.T.);
#3615=ORIENTED_EDGE('',*,*,#2792,.F.);
#3616=ORIENTED_EDGE('',*,*,#2793,.T.);
#3617=ORIENTED_EDGE('',*,*,#2794,.T.);
#3618=ORIENTED_EDGE('',*,*,#2795,.T.);
#3619=ORIENTED_EDGE('',*,*,#2796,.F.);
#3620=ORIENTED_EDGE('',*,*,#2759,.F.);
#3621=ORIENTED_EDGE('',*,*,#2699,.F.);
#3622=ORIENTED_EDGE('',*,*,#2637,.F.);
#3623=ORIENTED_EDGE('',*,*,#2797,.T.);
#3624=ORIENTED_EDGE('',*,*,#2798,.F.);
#3625=ORIENTED_EDGE('',*,*,#2799,.T.);
#3626=ORIENTED_EDGE('',*,*,#2800,.T.);
#3627=ORIENTED_EDGE('',*,*,#2801,.T.);
#3628=ORIENTED_EDGE('',*,*,#2802,.F.);
#3629=ORIENTED_EDGE('',*,*,#2761,.F.);
#3630=ORIENTED_EDGE('',*,*,#2709,.F.);
#3631=ORIENTED_EDGE('',*,*,#2633,.F.);
#3632=ORIENTED_EDGE('',*,*,#2803,.T.);
#3633=ORIENTED_EDGE('',*,*,#2804,.F.);
#3634=ORIENTED_EDGE('',*,*,#2805,.T.);
#3635=ORIENTED_EDGE('',*,*,#2806,.T.);
#3636=ORIENTED_EDGE('',*,*,#2807,.T.);
#3637=ORIENTED_EDGE('',*,*,#2808,.F.);
#3638=ORIENTED_EDGE('',*,*,#2763,.F.);
#3639=ORIENTED_EDGE('',*,*,#2719,.F.);
#3640=ORIENTED_EDGE('',*,*,#2629,.F.);
#3641=ORIENTED_EDGE('',*,*,#2809,.T.);
#3642=ORIENTED_EDGE('',*,*,#2810,.F.);
#3643=ORIENTED_EDGE('',*,*,#2811,.T.);
#3644=ORIENTED_EDGE('',*,*,#2812,.T.);
#3645=ORIENTED_EDGE('',*,*,#2813,.T.);
#3646=ORIENTED_EDGE('',*,*,#2814,.F.);
#3647=ORIENTED_EDGE('',*,*,#2765,.F.);
#3648=ORIENTED_EDGE('',*,*,#2729,.F.);
#3649=ORIENTED_EDGE('',*,*,#2625,.F.);
#3650=ORIENTED_EDGE('',*,*,#2815,.T.);
#3651=ORIENTED_EDGE('',*,*,#2816,.F.);
#3652=ORIENTED_EDGE('',*,*,#2817,.T.);
#3653=ORIENTED_EDGE('',*,*,#2818,.T.);
#3654=ORIENTED_EDGE('',*,*,#2819,.T.);
#3655=ORIENTED_EDGE('',*,*,#2820,.F.);
#3656=ORIENTED_EDGE('',*,*,#2767,.F.);
#3657=ORIENTED_EDGE('',*,*,#2739,.F.);
#3658=ORIENTED_EDGE('',*,*,#2621,.F.);
#3659=ORIENTED_EDGE('',*,*,#2821,.T.);
#3660=ORIENTED_EDGE('',*,*,#2822,.F.);
#3661=ORIENTED_EDGE('',*,*,#2823,.T.);
#3662=ORIENTED_EDGE('',*,*,#2824,.T.);
#3663=ORIENTED_EDGE('',*,*,#2825,.T.);
#3664=ORIENTED_EDGE('',*,*,#2826,.F.);
#3665=ORIENTED_EDGE('',*,*,#2769,.F.);
#3666=ORIENTED_EDGE('',*,*,#2755,.F.);
#3667=ORIENTED_EDGE('',*,*,#2617,.F.);
#3668=ORIENTED_EDGE('',*,*,#2827,.T.);
#3669=ORIENTED_EDGE('',*,*,#2828,.F.);
#3670=ORIENTED_EDGE('',*,*,#2829,.T.);
#3671=ORIENTED_EDGE('',*,*,#2830,.T.);
#3672=ORIENTED_EDGE('',*,*,#2831,.T.);
#3673=ORIENTED_EDGE('',*,*,#2832,.F.);
#3674=ORIENTED_EDGE('',*,*,#2778,.F.);
#3675=ORIENTED_EDGE('',*,*,#2784,.F.);
#3676=ORIENTED_EDGE('',*,*,#2833,.T.);
#3677=ORIENTED_EDGE('',*,*,#2834,.F.);
#3678=ORIENTED_EDGE('',*,*,#2835,.T.);
#3679=ORIENTED_EDGE('',*,*,#2783,.F.);
#3680=ORIENTED_EDGE('',*,*,#2613,.F.);
#3681=ORIENTED_EDGE('',*,*,#2836,.T.);
#3682=ORIENTED_EDGE('',*,*,#2837,.F.);
#3683=ORIENTED_EDGE('',*,*,#2838,.T.);
#3684=ORIENTED_EDGE('',*,*,#2839,.T.);
#3685=ORIENTED_EDGE('',*,*,#2840,.T.);
#3686=ORIENTED_EDGE('',*,*,#2841,.F.);
#3687=ORIENTED_EDGE('',*,*,#2833,.F.);
#3688=ORIENTED_EDGE('',*,*,#2601,.F.);
#3689=ORIENTED_EDGE('',*,*,#2653,.F.);
#3690=ORIENTED_EDGE('',*,*,#2842,.T.);
#3691=ORIENTED_EDGE('',*,*,#2843,.F.);
#3692=ORIENTED_EDGE('',*,*,#2844,.T.);
#3693=ORIENTED_EDGE('',*,*,#2845,.T.);
#3694=ORIENTED_EDGE('',*,*,#2846,.T.);
#3695=ORIENTED_EDGE('',*,*,#2847,.F.);
#3696=ORIENTED_EDGE('',*,*,#2780,.F.);
#3697=ORIENTED_EDGE('',*,*,#2848,.T.);
#3698=ORIENTED_EDGE('',*,*,#2610,.T.);
#3699=ORIENTED_EDGE('',*,*,#2849,.T.);
#3700=ORIENTED_EDGE('',*,*,#2850,.T.);
#3701=ORIENTED_EDGE('',*,*,#2849,.F.);
#3702=ORIENTED_EDGE('',*,*,#2609,.F.);
#3703=ORIENTED_EDGE('',*,*,#2851,.T.);
#3704=ORIENTED_EDGE('',*,*,#2852,.F.);
#3705=ORIENTED_EDGE('',*,*,#2853,.T.);
#3706=ORIENTED_EDGE('',*,*,#2854,.T.);
#3707=ORIENTED_EDGE('',*,*,#2855,.T.);
#3708=ORIENTED_EDGE('',*,*,#2856,.F.);
#3709=ORIENTED_EDGE('',*,*,#2857,.F.);
#3710=ORIENTED_EDGE('',*,*,#2858,.T.);
#3711=ORIENTED_EDGE('',*,*,#2606,.T.);
#3712=ORIENTED_EDGE('',*,*,#2859,.T.);
#3713=ORIENTED_EDGE('',*,*,#2860,.T.);
#3714=ORIENTED_EDGE('',*,*,#2859,.F.);
#3715=ORIENTED_EDGE('',*,*,#2605,.F.);
#3716=ORIENTED_EDGE('',*,*,#2861,.T.);
#3717=ORIENTED_EDGE('',*,*,#2862,.F.);
#3718=ORIENTED_EDGE('',*,*,#2863,.T.);
#3719=ORIENTED_EDGE('',*,*,#2864,.T.);
#3720=ORIENTED_EDGE('',*,*,#2865,.T.);
#3721=ORIENTED_EDGE('',*,*,#2866,.F.);
#3722=ORIENTED_EDGE('',*,*,#2867,.F.);
#3723=ORIENTED_EDGE('',*,*,#2654,.T.);
#3724=ORIENTED_EDGE('',*,*,#2868,.T.);
#3725=ORIENTED_EDGE('',*,*,#2869,.T.);
#3726=ORIENTED_EDGE('',*,*,#2868,.F.);
#3727=ORIENTED_EDGE('',*,*,#2870,.F.);
#3728=ORIENTED_EDGE('',*,*,#2871,.T.);
#3729=ORIENTED_EDGE('',*,*,#2869,.F.);
#3730=ORIENTED_EDGE('',*,*,#2871,.F.);
#3731=ORIENTED_EDGE('',*,*,#2658,.T.);
#3732=ORIENTED_EDGE('',*,*,#2872,.T.);
#3733=ORIENTED_EDGE('',*,*,#2873,.T.);
#3734=ORIENTED_EDGE('',*,*,#2872,.F.);
#3735=ORIENTED_EDGE('',*,*,#2873,.F.);
#3736=ORIENTED_EDGE('',*,*,#2874,.T.);
#3737=ORIENTED_EDGE('',*,*,#2875,.T.);
#3738=ORIENTED_EDGE('',*,*,#2874,.F.);
#3739=ORIENTED_EDGE('',*,*,#2655,.T.);
#3740=ORIENTED_EDGE('',*,*,#2876,.T.);
#3741=ORIENTED_EDGE('',*,*,#2877,.T.);
#3742=ORIENTED_EDGE('',*,*,#2876,.F.);
#3743=ORIENTED_EDGE('',*,*,#2877,.F.);
#3744=ORIENTED_EDGE('',*,*,#2878,.T.);
#3745=ORIENTED_EDGE('',*,*,#2879,.T.);
#3746=ORIENTED_EDGE('',*,*,#2878,.F.);
#3747=ORIENTED_EDGE('',*,*,#2657,.T.);
#3748=ORIENTED_EDGE('',*,*,#2880,.T.);
#3749=ORIENTED_EDGE('',*,*,#2881,.T.);
#3750=ORIENTED_EDGE('',*,*,#2880,.F.);
#3751=ORIENTED_EDGE('',*,*,#2881,.F.);
#3752=ORIENTED_EDGE('',*,*,#2882,.T.);
#3753=ORIENTED_EDGE('',*,*,#2883,.T.);
#3754=ORIENTED_EDGE('',*,*,#2882,.F.);
#3755=ORIENTED_EDGE('',*,*,#2656,.T.);
#3756=ORIENTED_EDGE('',*,*,#2884,.T.);
#3757=ORIENTED_EDGE('',*,*,#2885,.T.);
#3758=ORIENTED_EDGE('',*,*,#2884,.F.);
#3759=ORIENTED_EDGE('',*,*,#2885,.F.);
#3760=ORIENTED_EDGE('',*,*,#2886,.T.);
#3761=ORIENTED_EDGE('',*,*,#2887,.T.);
#3762=ORIENTED_EDGE('',*,*,#2886,.F.);
#3763=ORIENTED_EDGE('',*,*,#2883,.F.);
#3764=ORIENTED_EDGE('',*,*,#2888,.F.);
#3765=ORIENTED_EDGE('',*,*,#2875,.F.);
#3766=ORIENTED_EDGE('',*,*,#2889,.F.);
#3767=ORIENTED_EDGE('',*,*,#2887,.F.);
#3768=ORIENTED_EDGE('',*,*,#2890,.F.);
#3769=ORIENTED_EDGE('',*,*,#2879,.F.);
#3770=ORIENTED_EDGE('',*,*,#2891,.F.);
#3771=ORIENTED_EDGE('',*,*,#2892,.F.);
#3772=ORIENTED_EDGE('',*,*,#2893,.T.);
#3773=ORIENTED_EDGE('',*,*,#2890,.T.);
#3774=ORIENTED_EDGE('',*,*,#2893,.F.);
#3775=ORIENTED_EDGE('',*,*,#2894,.F.);
#3776=ORIENTED_EDGE('',*,*,#2895,.T.);
#3777=ORIENTED_EDGE('',*,*,#2891,.T.);
#3778=ORIENTED_EDGE('',*,*,#2895,.F.);
#3779=ORIENTED_EDGE('',*,*,#2896,.F.);
#3780=ORIENTED_EDGE('',*,*,#2897,.T.);
#3781=ORIENTED_EDGE('',*,*,#2888,.T.);
#3782=ORIENTED_EDGE('',*,*,#2897,.F.);
#3783=ORIENTED_EDGE('',*,*,#2898,.F.);
#3784=ORIENTED_EDGE('',*,*,#2899,.T.);
#3785=ORIENTED_EDGE('',*,*,#2889,.T.);
#3786=ORIENTED_EDGE('',*,*,#2899,.F.);
#3787=ORIENTED_EDGE('',*,*,#2900,.F.);
#3788=ORIENTED_EDGE('',*,*,#2901,.T.);
#3789=ORIENTED_EDGE('',*,*,#2902,.F.);
#3790=ORIENTED_EDGE('',*,*,#2903,.T.);
#3791=ORIENTED_EDGE('',*,*,#2811,.F.);
#3792=ORIENTED_EDGE('',*,*,#2904,.F.);
#3793=ORIENTED_EDGE('',*,*,#2905,.T.);
#3794=ORIENTED_EDGE('',*,*,#2906,.T.);
#3795=ORIENTED_EDGE('',*,*,#2735,.F.);
#3796=ORIENTED_EDGE('',*,*,#2907,.T.);
#3797=ORIENTED_EDGE('',*,*,#2901,.F.);
#3798=ORIENTED_EDGE('',*,*,#2908,.F.);
#3799=ORIENTED_EDGE('',*,*,#2812,.F.);
#3800=ORIENTED_EDGE('',*,*,#2906,.F.);
#3801=ORIENTED_EDGE('',*,*,#2909,.F.);
#3802=ORIENTED_EDGE('',*,*,#2910,.T.);
#3803=ORIENTED_EDGE('',*,*,#2813,.F.);
#3804=ORIENTED_EDGE('',*,*,#2910,.F.);
#3805=ORIENTED_EDGE('',*,*,#2911,.T.);
#3806=ORIENTED_EDGE('',*,*,#2912,.F.);
#3807=ORIENTED_EDGE('',*,*,#2733,.F.);
#3808=ORIENTED_EDGE('',*,*,#2913,.F.);
#3809=ORIENTED_EDGE('',*,*,#2903,.F.);
#3810=ORIENTED_EDGE('',*,*,#2914,.F.);
#3811=ORIENTED_EDGE('',*,*,#2915,.F.);
#3812=ORIENTED_EDGE('',*,*,#2911,.F.);
#3813=ORIENTED_EDGE('',*,*,#2909,.T.);
#3814=ORIENTED_EDGE('',*,*,#2905,.F.);
#3815=ORIENTED_EDGE('',*,*,#2734,.F.);
#3816=ORIENTED_EDGE('',*,*,#2914,.T.);
#3817=ORIENTED_EDGE('',*,*,#2902,.T.);
#3818=ORIENTED_EDGE('',*,*,#2907,.F.);
#3819=ORIENTED_EDGE('',*,*,#2908,.T.);
#3820=ORIENTED_EDGE('',*,*,#2900,.T.);
#3821=ORIENTED_EDGE('',*,*,#2913,.T.);
#3822=ORIENTED_EDGE('',*,*,#2732,.T.);
#3823=ORIENTED_EDGE('',*,*,#2768,.T.);
#3824=ORIENTED_EDGE('',*,*,#2820,.T.);
#3825=ORIENTED_EDGE('',*,*,#2916,.T.);
#3826=ORIENTED_EDGE('',*,*,#2917,.T.);
#3827=ORIENTED_EDGE('',*,*,#2918,.T.);
#3828=ORIENTED_EDGE('',*,*,#2816,.T.);
#3829=ORIENTED_EDGE('',*,*,#2919,.T.);
#3830=ORIENTED_EDGE('',*,*,#2746,.T.);
#3831=ORIENTED_EDGE('',*,*,#2920,.T.);
#3832=ORIENTED_EDGE('',*,*,#2921,.T.);
#3833=ORIENTED_EDGE('',*,*,#2922,.T.);
#3834=ORIENTED_EDGE('',*,*,#2742,.T.);
#3835=ORIENTED_EDGE('',*,*,#2770,.T.);
#3836=ORIENTED_EDGE('',*,*,#2826,.T.);
#3837=ORIENTED_EDGE('',*,*,#2923,.T.);
#3838=ORIENTED_EDGE('',*,*,#2924,.T.);
#3839=ORIENTED_EDGE('',*,*,#2925,.T.);
#3840=ORIENTED_EDGE('',*,*,#2822,.T.);
#3841=ORIENTED_EDGE('',*,*,#2926,.T.);
#3842=ORIENTED_EDGE('',*,*,#2776,.T.);
#3843=ORIENTED_EDGE('',*,*,#2927,.T.);
#3844=ORIENTED_EDGE('',*,*,#2928,.T.);
#3845=ORIENTED_EDGE('',*,*,#2929,.T.);
#3846=ORIENTED_EDGE('',*,*,#2772,.T.);
#3847=ORIENTED_EDGE('',*,*,#2779,.T.);
#3848=ORIENTED_EDGE('',*,*,#2832,.T.);
#3849=ORIENTED_EDGE('',*,*,#2930,.T.);
#3850=ORIENTED_EDGE('',*,*,#2931,.T.);
#3851=ORIENTED_EDGE('',*,*,#2932,.T.);
#3852=ORIENTED_EDGE('',*,*,#2828,.T.);
#3853=ORIENTED_EDGE('',*,*,#2933,.T.);
#3854=ORIENTED_EDGE('',*,*,#2934,.T.);
#3855=ORIENTED_EDGE('',*,*,#2935,.T.);
#3856=ORIENTED_EDGE('',*,*,#2936,.T.);
#3857=ORIENTED_EDGE('',*,*,#2937,.T.);
#3858=ORIENTED_EDGE('',*,*,#2938,.T.);
#3859=ORIENTED_EDGE('',*,*,#2834,.T.);
#3860=ORIENTED_EDGE('',*,*,#2841,.T.);
#3861=ORIENTED_EDGE('',*,*,#2939,.T.);
#3862=ORIENTED_EDGE('',*,*,#2940,.T.);
#3863=ORIENTED_EDGE('',*,*,#2941,.T.);
#3864=ORIENTED_EDGE('',*,*,#2837,.T.);
#3865=ORIENTED_EDGE('',*,*,#2942,.T.);
#3866=ORIENTED_EDGE('',*,*,#2943,.T.);
#3867=ORIENTED_EDGE('',*,*,#2944,.T.);
#3868=ORIENTED_EDGE('',*,*,#2945,.T.);
#3869=ORIENTED_EDGE('',*,*,#2946,.T.);
#3870=ORIENTED_EDGE('',*,*,#2947,.T.);
#3871=ORIENTED_EDGE('',*,*,#2948,.T.);
#3872=ORIENTED_EDGE('',*,*,#2856,.T.);
#3873=ORIENTED_EDGE('',*,*,#2949,.T.);
#3874=ORIENTED_EDGE('',*,*,#2950,.T.);
#3875=ORIENTED_EDGE('',*,*,#2951,.T.);
#3876=ORIENTED_EDGE('',*,*,#2852,.T.);
#3877=ORIENTED_EDGE('',*,*,#2952,.T.);
#3878=ORIENTED_EDGE('',*,*,#2953,.T.);
#3879=ORIENTED_EDGE('',*,*,#2954,.T.);
#3880=ORIENTED_EDGE('',*,*,#2955,.T.);
#3881=ORIENTED_EDGE('',*,*,#2956,.T.);
#3882=ORIENTED_EDGE('',*,*,#2957,.T.);
#3883=ORIENTED_EDGE('',*,*,#2958,.T.);
#3884=ORIENTED_EDGE('',*,*,#2866,.T.);
#3885=ORIENTED_EDGE('',*,*,#2959,.T.);
#3886=ORIENTED_EDGE('',*,*,#2960,.T.);
#3887=ORIENTED_EDGE('',*,*,#2961,.T.);
#3888=ORIENTED_EDGE('',*,*,#2862,.T.);
#3889=ORIENTED_EDGE('',*,*,#2962,.T.);
#3890=ORIENTED_EDGE('',*,*,#2664,.T.);
#3891=ORIENTED_EDGE('',*,*,#2963,.T.);
#3892=ORIENTED_EDGE('',*,*,#2964,.T.);
#3893=ORIENTED_EDGE('',*,*,#2965,.T.);
#3894=ORIENTED_EDGE('',*,*,#2660,.T.);
#3895=ORIENTED_EDGE('',*,*,#2781,.T.);
#3896=ORIENTED_EDGE('',*,*,#2847,.T.);
#3897=ORIENTED_EDGE('',*,*,#2966,.T.);
#3898=ORIENTED_EDGE('',*,*,#2967,.T.);
#3899=ORIENTED_EDGE('',*,*,#2968,.T.);
#3900=ORIENTED_EDGE('',*,*,#2843,.T.);
#3901=ORIENTED_EDGE('',*,*,#2969,.T.);
#3902=ORIENTED_EDGE('',*,*,#2752,.T.);
#3903=ORIENTED_EDGE('',*,*,#2970,.T.);
#3904=ORIENTED_EDGE('',*,*,#2971,.T.);
#3905=ORIENTED_EDGE('',*,*,#2972,.T.);
#3906=ORIENTED_EDGE('',*,*,#2748,.T.);
#3907=ORIENTED_EDGE('',*,*,#2686,.T.);
#3908=ORIENTED_EDGE('',*,*,#2674,.T.);
#3909=ORIENTED_EDGE('',*,*,#2973,.T.);
#3910=ORIENTED_EDGE('',*,*,#2974,.T.);
#3911=ORIENTED_EDGE('',*,*,#2975,.T.);
#3912=ORIENTED_EDGE('',*,*,#2670,.T.);
#3913=ORIENTED_EDGE('',*,*,#2976,.T.);
#3914=ORIENTED_EDGE('',*,*,#2684,.T.);
#3915=ORIENTED_EDGE('',*,*,#2977,.T.);
#3916=ORIENTED_EDGE('',*,*,#2978,.T.);
#3917=ORIENTED_EDGE('',*,*,#2979,.T.);
#3918=ORIENTED_EDGE('',*,*,#2680,.T.);
#3919=ORIENTED_EDGE('',*,*,#2758,.T.);
#3920=ORIENTED_EDGE('',*,*,#2790,.T.);
#3921=ORIENTED_EDGE('',*,*,#2980,.T.);
#3922=ORIENTED_EDGE('',*,*,#2981,.T.);
#3923=ORIENTED_EDGE('',*,*,#2982,.T.);
#3924=ORIENTED_EDGE('',*,*,#2786,.T.);
#3925=ORIENTED_EDGE('',*,*,#2983,.T.);
#3926=ORIENTED_EDGE('',*,*,#2696,.T.);
#3927=ORIENTED_EDGE('',*,*,#2984,.T.);
#3928=ORIENTED_EDGE('',*,*,#2985,.T.);
#3929=ORIENTED_EDGE('',*,*,#2986,.T.);
#3930=ORIENTED_EDGE('',*,*,#2692,.T.);
#3931=ORIENTED_EDGE('',*,*,#2760,.T.);
#3932=ORIENTED_EDGE('',*,*,#2796,.T.);
#3933=ORIENTED_EDGE('',*,*,#2987,.T.);
#3934=ORIENTED_EDGE('',*,*,#2988,.T.);
#3935=ORIENTED_EDGE('',*,*,#2989,.T.);
#3936=ORIENTED_EDGE('',*,*,#2792,.T.);
#3937=ORIENTED_EDGE('',*,*,#2990,.T.);
#3938=ORIENTED_EDGE('',*,*,#2706,.T.);
#3939=ORIENTED_EDGE('',*,*,#2991,.T.);
#3940=ORIENTED_EDGE('',*,*,#2992,.T.);
#3941=ORIENTED_EDGE('',*,*,#2993,.T.);
#3942=ORIENTED_EDGE('',*,*,#2702,.T.);
#3943=ORIENTED_EDGE('',*,*,#2762,.T.);
#3944=ORIENTED_EDGE('',*,*,#2802,.T.);
#3945=ORIENTED_EDGE('',*,*,#2994,.T.);
#3946=ORIENTED_EDGE('',*,*,#2995,.T.);
#3947=ORIENTED_EDGE('',*,*,#2996,.T.);
#3948=ORIENTED_EDGE('',*,*,#2798,.T.);
#3949=ORIENTED_EDGE('',*,*,#2997,.T.);
#3950=ORIENTED_EDGE('',*,*,#2716,.T.);
#3951=ORIENTED_EDGE('',*,*,#2998,.T.);
#3952=ORIENTED_EDGE('',*,*,#2999,.T.);
#3953=ORIENTED_EDGE('',*,*,#3000,.T.);
#3954=ORIENTED_EDGE('',*,*,#2712,.T.);
#3955=ORIENTED_EDGE('',*,*,#2764,.T.);
#3956=ORIENTED_EDGE('',*,*,#2808,.T.);
#3957=ORIENTED_EDGE('',*,*,#3001,.T.);
#3958=ORIENTED_EDGE('',*,*,#3002,.T.);
#3959=ORIENTED_EDGE('',*,*,#3003,.T.);
#3960=ORIENTED_EDGE('',*,*,#2804,.T.);
#3961=ORIENTED_EDGE('',*,*,#3004,.T.);
#3962=ORIENTED_EDGE('',*,*,#2726,.T.);
#3963=ORIENTED_EDGE('',*,*,#3005,.T.);
#3964=ORIENTED_EDGE('',*,*,#3006,.T.);
#3965=ORIENTED_EDGE('',*,*,#3007,.T.);
#3966=ORIENTED_EDGE('',*,*,#2722,.T.);
#3967=ORIENTED_EDGE('',*,*,#2766,.T.);
#3968=ORIENTED_EDGE('',*,*,#2814,.T.);
#3969=ORIENTED_EDGE('',*,*,#2912,.T.);
#3970=ORIENTED_EDGE('',*,*,#2915,.T.);
#3971=ORIENTED_EDGE('',*,*,#2904,.T.);
#3972=ORIENTED_EDGE('',*,*,#2810,.T.);
#3973=ORIENTED_EDGE('',*,*,#3008,.T.);
#3974=ORIENTED_EDGE('',*,*,#2736,.T.);
#3975=ORIENTED_EDGE('',*,*,#2892,.T.);
#3976=ORIENTED_EDGE('',*,*,#2870,.T.);
#3977=ORIENTED_EDGE('',*,*,#2894,.T.);
#3978=ORIENTED_EDGE('',*,*,#2896,.T.);
#3979=ORIENTED_EDGE('',*,*,#2898,.T.);
#3980=ORIENTED_EDGE('',*,*,#2928,.F.);
#3981=ORIENTED_EDGE('',*,*,#3009,.T.);
#3982=ORIENTED_EDGE('',*,*,#3010,.F.);
#3983=ORIENTED_EDGE('',*,*,#3011,.T.);
#3984=ORIENTED_EDGE('',*,*,#2823,.F.);
#3985=ORIENTED_EDGE('',*,*,#2925,.F.);
#3986=ORIENTED_EDGE('',*,*,#3012,.T.);
#3987=ORIENTED_EDGE('',*,*,#3013,.T.);
#3988=ORIENTED_EDGE('',*,*,#2775,.F.);
#3989=ORIENTED_EDGE('',*,*,#3014,.T.);
#3990=ORIENTED_EDGE('',*,*,#3009,.F.);
#3991=ORIENTED_EDGE('',*,*,#2927,.F.);
#3992=ORIENTED_EDGE('',*,*,#2824,.F.);
#3993=ORIENTED_EDGE('',*,*,#3013,.F.);
#3994=ORIENTED_EDGE('',*,*,#3015,.F.);
#3995=ORIENTED_EDGE('',*,*,#3016,.T.);
#3996=ORIENTED_EDGE('',*,*,#2825,.F.);
#3997=ORIENTED_EDGE('',*,*,#3016,.F.);
#3998=ORIENTED_EDGE('',*,*,#3017,.T.);
#3999=ORIENTED_EDGE('',*,*,#2923,.F.);
#4000=ORIENTED_EDGE('',*,*,#2773,.F.);
#4001=ORIENTED_EDGE('',*,*,#2929,.F.);
#4002=ORIENTED_EDGE('',*,*,#3011,.F.);
#4003=ORIENTED_EDGE('',*,*,#3018,.F.);
#4004=ORIENTED_EDGE('',*,*,#2924,.F.);
#4005=ORIENTED_EDGE('',*,*,#3017,.F.);
#4006=ORIENTED_EDGE('',*,*,#3015,.T.);
#4007=ORIENTED_EDGE('',*,*,#3012,.F.);
#4008=ORIENTED_EDGE('',*,*,#2774,.F.);
#4009=ORIENTED_EDGE('',*,*,#3018,.T.);
#4010=ORIENTED_EDGE('',*,*,#3010,.T.);
#4011=ORIENTED_EDGE('',*,*,#3014,.F.);
#4012=ORIENTED_EDGE('',*,*,#2921,.F.);
#4013=ORIENTED_EDGE('',*,*,#3019,.T.);
#4014=ORIENTED_EDGE('',*,*,#3020,.F.);
#4015=ORIENTED_EDGE('',*,*,#3021,.T.);
#4016=ORIENTED_EDGE('',*,*,#2817,.F.);
#4017=ORIENTED_EDGE('',*,*,#2918,.F.);
#4018=ORIENTED_EDGE('',*,*,#3022,.T.);
#4019=ORIENTED_EDGE('',*,*,#3023,.T.);
#4020=ORIENTED_EDGE('',*,*,#2745,.F.);
#4021=ORIENTED_EDGE('',*,*,#3024,.T.);
#4022=ORIENTED_EDGE('',*,*,#3019,.F.);
#4023=ORIENTED_EDGE('',*,*,#2920,.F.);
#4024=ORIENTED_EDGE('',*,*,#2818,.F.);
#4025=ORIENTED_EDGE('',*,*,#3023,.F.);
#4026=ORIENTED_EDGE('',*,*,#3025,.F.);
#4027=ORIENTED_EDGE('',*,*,#3026,.T.);
#4028=ORIENTED_EDGE('',*,*,#2819,.F.);
#4029=ORIENTED_EDGE('',*,*,#3026,.F.);
#4030=ORIENTED_EDGE('',*,*,#3027,.T.);
#4031=ORIENTED_EDGE('',*,*,#2916,.F.);
#4032=ORIENTED_EDGE('',*,*,#2743,.F.);
#4033=ORIENTED_EDGE('',*,*,#2922,.F.);
#4034=ORIENTED_EDGE('',*,*,#3021,.F.);
#4035=ORIENTED_EDGE('',*,*,#3028,.F.);
#4036=ORIENTED_EDGE('',*,*,#2917,.F.);
#4037=ORIENTED_EDGE('',*,*,#3027,.F.);
#4038=ORIENTED_EDGE('',*,*,#3025,.T.);
#4039=ORIENTED_EDGE('',*,*,#3022,.F.);
#4040=ORIENTED_EDGE('',*,*,#2744,.F.);
#4041=ORIENTED_EDGE('',*,*,#3028,.T.);
#4042=ORIENTED_EDGE('',*,*,#3020,.T.);
#4043=ORIENTED_EDGE('',*,*,#3024,.F.);
#4044=ORIENTED_EDGE('',*,*,#2936,.F.);
#4045=ORIENTED_EDGE('',*,*,#3029,.T.);
#4046=ORIENTED_EDGE('',*,*,#3030,.F.);
#4047=ORIENTED_EDGE('',*,*,#3031,.T.);
#4048=ORIENTED_EDGE('',*,*,#2829,.F.);
#4049=ORIENTED_EDGE('',*,*,#2932,.F.);
#4050=ORIENTED_EDGE('',*,*,#3032,.T.);
#4051=ORIENTED_EDGE('',*,*,#3033,.T.);
#4052=ORIENTED_EDGE('',*,*,#3034,.F.);
#4053=ORIENTED_EDGE('',*,*,#3035,.T.);
#4054=ORIENTED_EDGE('',*,*,#3029,.F.);
#4055=ORIENTED_EDGE('',*,*,#2935,.F.);
#4056=ORIENTED_EDGE('',*,*,#2830,.F.);
#4057=ORIENTED_EDGE('',*,*,#3033,.F.);
#4058=ORIENTED_EDGE('',*,*,#3036,.F.);
#4059=ORIENTED_EDGE('',*,*,#3037,.T.);
#4060=ORIENTED_EDGE('',*,*,#2831,.F.);
#4061=ORIENTED_EDGE('',*,*,#3037,.F.);
#4062=ORIENTED_EDGE('',*,*,#3038,.T.);
#4063=ORIENTED_EDGE('',*,*,#2930,.F.);
#4064=ORIENTED_EDGE('',*,*,#3039,.F.);
#4065=ORIENTED_EDGE('',*,*,#2937,.F.);
#4066=ORIENTED_EDGE('',*,*,#3031,.F.);
#4067=ORIENTED_EDGE('',*,*,#3040,.F.);
#4068=ORIENTED_EDGE('',*,*,#2931,.F.);
#4069=ORIENTED_EDGE('',*,*,#3038,.F.);
#4070=ORIENTED_EDGE('',*,*,#3036,.T.);
#4071=ORIENTED_EDGE('',*,*,#3032,.F.);
#4072=ORIENTED_EDGE('',*,*,#3041,.F.);
#4073=ORIENTED_EDGE('',*,*,#3040,.T.);
#4074=ORIENTED_EDGE('',*,*,#3030,.T.);
#4075=ORIENTED_EDGE('',*,*,#3035,.F.);
#4076=ORIENTED_EDGE('',*,*,#2945,.F.);
#4077=ORIENTED_EDGE('',*,*,#3042,.T.);
#4078=ORIENTED_EDGE('',*,*,#3043,.F.);
#4079=ORIENTED_EDGE('',*,*,#3044,.T.);
#4080=ORIENTED_EDGE('',*,*,#2838,.F.);
#4081=ORIENTED_EDGE('',*,*,#2941,.F.);
#4082=ORIENTED_EDGE('',*,*,#3045,.T.);
#4083=ORIENTED_EDGE('',*,*,#3046,.T.);
#4084=ORIENTED_EDGE('',*,*,#3047,.F.);
#4085=ORIENTED_EDGE('',*,*,#3048,.T.);
#4086=ORIENTED_EDGE('',*,*,#3042,.F.);
#4087=ORIENTED_EDGE('',*,*,#2944,.F.);
#4088=ORIENTED_EDGE('',*,*,#2839,.F.);
#4089=ORIENTED_EDGE('',*,*,#3046,.F.);
#4090=ORIENTED_EDGE('',*,*,#3049,.F.);
#4091=ORIENTED_EDGE('',*,*,#3050,.T.);
#4092=ORIENTED_EDGE('',*,*,#2840,.F.);
#4093=ORIENTED_EDGE('',*,*,#3050,.F.);
#4094=ORIENTED_EDGE('',*,*,#3051,.T.);
#4095=ORIENTED_EDGE('',*,*,#2939,.F.);
#4096=ORIENTED_EDGE('',*,*,#3052,.F.);
#4097=ORIENTED_EDGE('',*,*,#2946,.F.);
#4098=ORIENTED_EDGE('',*,*,#3044,.F.);
#4099=ORIENTED_EDGE('',*,*,#3053,.F.);
#4100=ORIENTED_EDGE('',*,*,#2940,.F.);
#4101=ORIENTED_EDGE('',*,*,#3051,.F.);
#4102=ORIENTED_EDGE('',*,*,#3049,.T.);
#4103=ORIENTED_EDGE('',*,*,#3045,.F.);
#4104=ORIENTED_EDGE('',*,*,#3054,.F.);
#4105=ORIENTED_EDGE('',*,*,#3053,.T.);
#4106=ORIENTED_EDGE('',*,*,#3043,.T.);
#4107=ORIENTED_EDGE('',*,*,#3048,.F.);
#4108=ORIENTED_EDGE('',*,*,#2955,.F.);
#4109=ORIENTED_EDGE('',*,*,#3055,.T.);
#4110=ORIENTED_EDGE('',*,*,#3056,.F.);
#4111=ORIENTED_EDGE('',*,*,#3057,.T.);
#4112=ORIENTED_EDGE('',*,*,#2853,.F.);
#4113=ORIENTED_EDGE('',*,*,#2951,.F.);
#4114=ORIENTED_EDGE('',*,*,#3058,.T.);
#4115=ORIENTED_EDGE('',*,*,#3059,.T.);
#4116=ORIENTED_EDGE('',*,*,#3060,.F.);
#4117=ORIENTED_EDGE('',*,*,#3061,.T.);
#4118=ORIENTED_EDGE('',*,*,#3055,.F.);
#4119=ORIENTED_EDGE('',*,*,#2954,.F.);
#4120=ORIENTED_EDGE('',*,*,#2854,.F.);
#4121=ORIENTED_EDGE('',*,*,#3059,.F.);
#4122=ORIENTED_EDGE('',*,*,#3062,.F.);
#4123=ORIENTED_EDGE('',*,*,#3063,.T.);
#4124=ORIENTED_EDGE('',*,*,#2855,.F.);
#4125=ORIENTED_EDGE('',*,*,#3063,.F.);
#4126=ORIENTED_EDGE('',*,*,#3064,.T.);
#4127=ORIENTED_EDGE('',*,*,#2949,.F.);
#4128=ORIENTED_EDGE('',*,*,#3065,.F.);
#4129=ORIENTED_EDGE('',*,*,#2956,.F.);
#4130=ORIENTED_EDGE('',*,*,#3057,.F.);
#4131=ORIENTED_EDGE('',*,*,#3066,.F.);
#4132=ORIENTED_EDGE('',*,*,#2950,.F.);
#4133=ORIENTED_EDGE('',*,*,#3064,.F.);
#4134=ORIENTED_EDGE('',*,*,#3062,.T.);
#4135=ORIENTED_EDGE('',*,*,#3058,.F.);
#4136=ORIENTED_EDGE('',*,*,#3067,.F.);
#4137=ORIENTED_EDGE('',*,*,#3066,.T.);
#4138=ORIENTED_EDGE('',*,*,#3056,.T.);
#4139=ORIENTED_EDGE('',*,*,#3061,.F.);
#4140=ORIENTED_EDGE('',*,*,#2964,.F.);
#4141=ORIENTED_EDGE('',*,*,#3068,.T.);
#4142=ORIENTED_EDGE('',*,*,#3069,.F.);
#4143=ORIENTED_EDGE('',*,*,#3070,.T.);
#4144=ORIENTED_EDGE('',*,*,#2863,.F.);
#4145=ORIENTED_EDGE('',*,*,#2961,.F.);
#4146=ORIENTED_EDGE('',*,*,#3071,.T.);
#4147=ORIENTED_EDGE('',*,*,#3072,.T.);
#4148=ORIENTED_EDGE('',*,*,#2663,.F.);
#4149=ORIENTED_EDGE('',*,*,#3073,.T.);
#4150=ORIENTED_EDGE('',*,*,#3068,.F.);
#4151=ORIENTED_EDGE('',*,*,#2963,.F.);
#4152=ORIENTED_EDGE('',*,*,#2864,.F.);
#4153=ORIENTED_EDGE('',*,*,#3072,.F.);
#4154=ORIENTED_EDGE('',*,*,#3074,.F.);
#4155=ORIENTED_EDGE('',*,*,#3075,.T.);
#4156=ORIENTED_EDGE('',*,*,#2865,.F.);
#4157=ORIENTED_EDGE('',*,*,#3075,.F.);
#4158=ORIENTED_EDGE('',*,*,#3076,.T.);
#4159=ORIENTED_EDGE('',*,*,#2959,.F.);
#4160=ORIENTED_EDGE('',*,*,#2661,.F.);
#4161=ORIENTED_EDGE('',*,*,#2965,.F.);
#4162=ORIENTED_EDGE('',*,*,#3070,.F.);
#4163=ORIENTED_EDGE('',*,*,#3077,.F.);
#4164=ORIENTED_EDGE('',*,*,#2960,.F.);
#4165=ORIENTED_EDGE('',*,*,#3076,.F.);
#4166=ORIENTED_EDGE('',*,*,#3074,.T.);
#4167=ORIENTED_EDGE('',*,*,#3071,.F.);
#4168=ORIENTED_EDGE('',*,*,#2662,.F.);
#4169=ORIENTED_EDGE('',*,*,#3077,.T.);
#4170=ORIENTED_EDGE('',*,*,#3069,.T.);
#4171=ORIENTED_EDGE('',*,*,#3073,.F.);
#4172=ORIENTED_EDGE('',*,*,#2971,.F.);
#4173=ORIENTED_EDGE('',*,*,#3078,.T.);
#4174=ORIENTED_EDGE('',*,*,#3079,.F.);
#4175=ORIENTED_EDGE('',*,*,#3080,.T.);
#4176=ORIENTED_EDGE('',*,*,#2844,.F.);
#4177=ORIENTED_EDGE('',*,*,#2968,.F.);
#4178=ORIENTED_EDGE('',*,*,#3081,.T.);
#4179=ORIENTED_EDGE('',*,*,#3082,.T.);
#4180=ORIENTED_EDGE('',*,*,#2751,.F.);
#4181=ORIENTED_EDGE('',*,*,#3083,.T.);
#4182=ORIENTED_EDGE('',*,*,#3078,.F.);
#4183=ORIENTED_EDGE('',*,*,#2970,.F.);
#4184=ORIENTED_EDGE('',*,*,#2845,.F.);
#4185=ORIENTED_EDGE('',*,*,#3082,.F.);
#4186=ORIENTED_EDGE('',*,*,#3084,.F.);
#4187=ORIENTED_EDGE('',*,*,#3085,.T.);
#4188=ORIENTED_EDGE('',*,*,#2846,.F.);
#4189=ORIENTED_EDGE('',*,*,#3085,.F.);
#4190=ORIENTED_EDGE('',*,*,#3086,.T.);
#4191=ORIENTED_EDGE('',*,*,#2966,.F.);
#4192=ORIENTED_EDGE('',*,*,#2749,.F.);
#4193=ORIENTED_EDGE('',*,*,#2972,.F.);
#4194=ORIENTED_EDGE('',*,*,#3080,.F.);
#4195=ORIENTED_EDGE('',*,*,#3087,.F.);
#4196=ORIENTED_EDGE('',*,*,#2967,.F.);
#4197=ORIENTED_EDGE('',*,*,#3086,.F.);
#4198=ORIENTED_EDGE('',*,*,#3084,.T.);
#4199=ORIENTED_EDGE('',*,*,#3081,.F.);
#4200=ORIENTED_EDGE('',*,*,#2750,.F.);
#4201=ORIENTED_EDGE('',*,*,#3087,.T.);
#4202=ORIENTED_EDGE('',*,*,#3079,.T.);
#4203=ORIENTED_EDGE('',*,*,#3083,.F.);
#4204=ORIENTED_EDGE('',*,*,#2978,.F.);
#4205=ORIENTED_EDGE('',*,*,#3088,.T.);
#4206=ORIENTED_EDGE('',*,*,#3089,.F.);
#4207=ORIENTED_EDGE('',*,*,#3090,.T.);
#4208=ORIENTED_EDGE('',*,*,#2671,.F.);
#4209=ORIENTED_EDGE('',*,*,#2975,.F.);
#4210=ORIENTED_EDGE('',*,*,#3091,.T.);
#4211=ORIENTED_EDGE('',*,*,#3092,.T.);
#4212=ORIENTED_EDGE('',*,*,#2683,.F.);
#4213=ORIENTED_EDGE('',*,*,#3093,.T.);
#4214=ORIENTED_EDGE('',*,*,#3088,.F.);
#4215=ORIENTED_EDGE('',*,*,#2977,.F.);
#4216=ORIENTED_EDGE('',*,*,#2672,.F.);
#4217=ORIENTED_EDGE('',*,*,#3092,.F.);
#4218=ORIENTED_EDGE('',*,*,#3094,.F.);
#4219=ORIENTED_EDGE('',*,*,#3095,.T.);
#4220=ORIENTED_EDGE('',*,*,#2673,.F.);
#4221=ORIENTED_EDGE('',*,*,#3095,.F.);
#4222=ORIENTED_EDGE('',*,*,#3096,.T.);
#4223=ORIENTED_EDGE('',*,*,#2973,.F.);
#4224=ORIENTED_EDGE('',*,*,#2681,.F.);
#4225=ORIENTED_EDGE('',*,*,#2979,.F.);
#4226=ORIENTED_EDGE('',*,*,#3090,.F.);
#4227=ORIENTED_EDGE('',*,*,#3097,.F.);
#4228=ORIENTED_EDGE('',*,*,#2974,.F.);
#4229=ORIENTED_EDGE('',*,*,#3096,.F.);
#4230=ORIENTED_EDGE('',*,*,#3094,.T.);
#4231=ORIENTED_EDGE('',*,*,#3091,.F.);
#4232=ORIENTED_EDGE('',*,*,#2682,.F.);
#4233=ORIENTED_EDGE('',*,*,#3097,.T.);
#4234=ORIENTED_EDGE('',*,*,#3089,.T.);
#4235=ORIENTED_EDGE('',*,*,#3093,.F.);
#4236=ORIENTED_EDGE('',*,*,#2985,.F.);
#4237=ORIENTED_EDGE('',*,*,#3098,.T.);
#4238=ORIENTED_EDGE('',*,*,#3099,.F.);
#4239=ORIENTED_EDGE('',*,*,#3100,.T.);
#4240=ORIENTED_EDGE('',*,*,#2787,.F.);
#4241=ORIENTED_EDGE('',*,*,#2982,.F.);
#4242=ORIENTED_EDGE('',*,*,#3101,.T.);
#4243=ORIENTED_EDGE('',*,*,#3102,.T.);
#4244=ORIENTED_EDGE('',*,*,#2695,.F.);
#4245=ORIENTED_EDGE('',*,*,#3103,.T.);
#4246=ORIENTED_EDGE('',*,*,#3098,.F.);
#4247=ORIENTED_EDGE('',*,*,#2984,.F.);
#4248=ORIENTED_EDGE('',*,*,#2788,.F.);
#4249=ORIENTED_EDGE('',*,*,#3102,.F.);
#4250=ORIENTED_EDGE('',*,*,#3104,.F.);
#4251=ORIENTED_EDGE('',*,*,#3105,.T.);
#4252=ORIENTED_EDGE('',*,*,#2789,.F.);
#4253=ORIENTED_EDGE('',*,*,#3105,.F.);
#4254=ORIENTED_EDGE('',*,*,#3106,.T.);
#4255=ORIENTED_EDGE('',*,*,#2980,.F.);
#4256=ORIENTED_EDGE('',*,*,#2693,.F.);
#4257=ORIENTED_EDGE('',*,*,#2986,.F.);
#4258=ORIENTED_EDGE('',*,*,#3100,.F.);
#4259=ORIENTED_EDGE('',*,*,#3107,.F.);
#4260=ORIENTED_EDGE('',*,*,#2981,.F.);
#4261=ORIENTED_EDGE('',*,*,#3106,.F.);
#4262=ORIENTED_EDGE('',*,*,#3104,.T.);
#4263=ORIENTED_EDGE('',*,*,#3101,.F.);
#4264=ORIENTED_EDGE('',*,*,#2694,.F.);
#4265=ORIENTED_EDGE('',*,*,#3107,.T.);
#4266=ORIENTED_EDGE('',*,*,#3099,.T.);
#4267=ORIENTED_EDGE('',*,*,#3103,.F.);
#4268=ORIENTED_EDGE('',*,*,#2999,.F.);
#4269=ORIENTED_EDGE('',*,*,#3108,.T.);
#4270=ORIENTED_EDGE('',*,*,#3109,.F.);
#4271=ORIENTED_EDGE('',*,*,#3110,.T.);
#4272=ORIENTED_EDGE('',*,*,#2799,.F.);
#4273=ORIENTED_EDGE('',*,*,#2996,.F.);
#4274=ORIENTED_EDGE('',*,*,#3111,.T.);
#4275=ORIENTED_EDGE('',*,*,#3112,.T.);
#4276=ORIENTED_EDGE('',*,*,#2715,.F.);
#4277=ORIENTED_EDGE('',*,*,#3113,.T.);
#4278=ORIENTED_EDGE('',*,*,#3108,.F.);
#4279=ORIENTED_EDGE('',*,*,#2998,.F.);
#4280=ORIENTED_EDGE('',*,*,#2800,.F.);
#4281=ORIENTED_EDGE('',*,*,#3112,.F.);
#4282=ORIENTED_EDGE('',*,*,#3114,.F.);
#4283=ORIENTED_EDGE('',*,*,#3115,.T.);
#4284=ORIENTED_EDGE('',*,*,#2801,.F.);
#4285=ORIENTED_EDGE('',*,*,#3115,.F.);
#4286=ORIENTED_EDGE('',*,*,#3116,.T.);
#4287=ORIENTED_EDGE('',*,*,#2994,.F.);
#4288=ORIENTED_EDGE('',*,*,#2713,.F.);
#4289=ORIENTED_EDGE('',*,*,#3000,.F.);
#4290=ORIENTED_EDGE('',*,*,#3110,.F.);
#4291=ORIENTED_EDGE('',*,*,#3117,.F.);
#4292=ORIENTED_EDGE('',*,*,#2995,.F.);
#4293=ORIENTED_EDGE('',*,*,#3116,.F.);
#4294=ORIENTED_EDGE('',*,*,#3114,.T.);
#4295=ORIENTED_EDGE('',*,*,#3111,.F.);
#4296=ORIENTED_EDGE('',*,*,#2714,.F.);
#4297=ORIENTED_EDGE('',*,*,#3117,.T.);
#4298=ORIENTED_EDGE('',*,*,#3109,.T.);
#4299=ORIENTED_EDGE('',*,*,#3113,.F.);
#4300=ORIENTED_EDGE('',*,*,#2992,.F.);
#4301=ORIENTED_EDGE('',*,*,#3118,.T.);
#4302=ORIENTED_EDGE('',*,*,#3119,.F.);
#4303=ORIENTED_EDGE('',*,*,#3120,.T.);
#4304=ORIENTED_EDGE('',*,*,#2793,.F.);
#4305=ORIENTED_EDGE('',*,*,#2989,.F.);
#4306=ORIENTED_EDGE('',*,*,#3121,.T.);
#4307=ORIENTED_EDGE('',*,*,#3122,.T.);
#4308=ORIENTED_EDGE('',*,*,#2705,.F.);
#4309=ORIENTED_EDGE('',*,*,#3123,.T.);
#4310=ORIENTED_EDGE('',*,*,#3118,.F.);
#4311=ORIENTED_EDGE('',*,*,#2991,.F.);
#4312=ORIENTED_EDGE('',*,*,#2794,.F.);
#4313=ORIENTED_EDGE('',*,*,#3122,.F.);
#4314=ORIENTED_EDGE('',*,*,#3124,.F.);
#4315=ORIENTED_EDGE('',*,*,#3125,.T.);
#4316=ORIENTED_EDGE('',*,*,#2795,.F.);
#4317=ORIENTED_EDGE('',*,*,#3125,.F.);
#4318=ORIENTED_EDGE('',*,*,#3126,.T.);
#4319=ORIENTED_EDGE('',*,*,#2987,.F.);
#4320=ORIENTED_EDGE('',*,*,#2703,.F.);
#4321=ORIENTED_EDGE('',*,*,#2993,.F.);
#4322=ORIENTED_EDGE('',*,*,#3120,.F.);
#4323=ORIENTED_EDGE('',*,*,#3127,.F.);
#4324=ORIENTED_EDGE('',*,*,#2988,.F.);
#4325=ORIENTED_EDGE('',*,*,#3126,.F.);
#4326=ORIENTED_EDGE('',*,*,#3124,.T.);
#4327=ORIENTED_EDGE('',*,*,#3121,.F.);
#4328=ORIENTED_EDGE('',*,*,#2704,.F.);
#4329=ORIENTED_EDGE('',*,*,#3127,.T.);
#4330=ORIENTED_EDGE('',*,*,#3119,.T.);
#4331=ORIENTED_EDGE('',*,*,#3123,.F.);
#4332=ORIENTED_EDGE('',*,*,#3006,.F.);
#4333=ORIENTED_EDGE('',*,*,#3128,.T.);
#4334=ORIENTED_EDGE('',*,*,#3129,.F.);
#4335=ORIENTED_EDGE('',*,*,#3130,.T.);
#4336=ORIENTED_EDGE('',*,*,#2805,.F.);
#4337=ORIENTED_EDGE('',*,*,#3003,.F.);
#4338=ORIENTED_EDGE('',*,*,#3131,.T.);
#4339=ORIENTED_EDGE('',*,*,#3132,.T.);
#4340=ORIENTED_EDGE('',*,*,#2725,.F.);
#4341=ORIENTED_EDGE('',*,*,#3133,.T.);
#4342=ORIENTED_EDGE('',*,*,#3128,.F.);
#4343=ORIENTED_EDGE('',*,*,#3005,.F.);
#4344=ORIENTED_EDGE('',*,*,#2806,.F.);
#4345=ORIENTED_EDGE('',*,*,#3132,.F.);
#4346=ORIENTED_EDGE('',*,*,#3134,.F.);
#4347=ORIENTED_EDGE('',*,*,#3135,.T.);
#4348=ORIENTED_EDGE('',*,*,#2807,.F.);
#4349=ORIENTED_EDGE('',*,*,#3135,.F.);
#4350=ORIENTED_EDGE('',*,*,#3136,.T.);
#4351=ORIENTED_EDGE('',*,*,#3001,.F.);
#4352=ORIENTED_EDGE('',*,*,#2723,.F.);
#4353=ORIENTED_EDGE('',*,*,#3007,.F.);
#4354=ORIENTED_EDGE('',*,*,#3130,.F.);
#4355=ORIENTED_EDGE('',*,*,#3137,.F.);
#4356=ORIENTED_EDGE('',*,*,#3002,.F.);
#4357=ORIENTED_EDGE('',*,*,#3136,.F.);
#4358=ORIENTED_EDGE('',*,*,#3134,.T.);
#4359=ORIENTED_EDGE('',*,*,#3131,.F.);
#4360=ORIENTED_EDGE('',*,*,#2724,.F.);
#4361=ORIENTED_EDGE('',*,*,#3137,.T.);
#4362=ORIENTED_EDGE('',*,*,#3129,.T.);
#4363=ORIENTED_EDGE('',*,*,#3133,.F.);
#4364=ORIENTED_EDGE('',*,*,#3008,.F.);
#4365=ORIENTED_EDGE('',*,*,#2809,.F.);
#4366=ORIENTED_EDGE('',*,*,#2628,.F.);
#4367=ORIENTED_EDGE('',*,*,#2737,.F.);
#4368=ORIENTED_EDGE('',*,*,#2919,.F.);
#4369=ORIENTED_EDGE('',*,*,#2815,.F.);
#4370=ORIENTED_EDGE('',*,*,#2624,.F.);
#4371=ORIENTED_EDGE('',*,*,#2747,.F.);
#4372=ORIENTED_EDGE('',*,*,#2926,.F.);
#4373=ORIENTED_EDGE('',*,*,#2821,.F.);
#4374=ORIENTED_EDGE('',*,*,#2620,.F.);
#4375=ORIENTED_EDGE('',*,*,#2777,.F.);
#4376=ORIENTED_EDGE('',*,*,#2933,.F.);
#4377=ORIENTED_EDGE('',*,*,#2827,.F.);
#4378=ORIENTED_EDGE('',*,*,#2616,.F.);
#4379=ORIENTED_EDGE('',*,*,#3138,.F.);
#4380=ORIENTED_EDGE('',*,*,#2782,.F.);
#4381=ORIENTED_EDGE('',*,*,#2835,.F.);
#4382=ORIENTED_EDGE('',*,*,#2938,.F.);
#4383=ORIENTED_EDGE('',*,*,#3039,.T.);
#4384=ORIENTED_EDGE('',*,*,#3041,.T.);
#4385=ORIENTED_EDGE('',*,*,#3034,.T.);
#4386=ORIENTED_EDGE('',*,*,#2934,.F.);
#4387=ORIENTED_EDGE('',*,*,#3138,.T.);
#4388=ORIENTED_EDGE('',*,*,#2615,.F.);
#4389=ORIENTED_EDGE('',*,*,#2962,.F.);
#4390=ORIENTED_EDGE('',*,*,#2861,.F.);
#4391=ORIENTED_EDGE('',*,*,#2604,.F.);
#4392=ORIENTED_EDGE('',*,*,#2665,.F.);
#4393=ORIENTED_EDGE('',*,*,#2860,.F.);
#4394=ORIENTED_EDGE('',*,*,#2867,.T.);
#4395=ORIENTED_EDGE('',*,*,#2958,.F.);
#4396=ORIENTED_EDGE('',*,*,#3139,.T.);
#4397=ORIENTED_EDGE('',*,*,#2942,.F.);
#4398=ORIENTED_EDGE('',*,*,#2836,.F.);
#4399=ORIENTED_EDGE('',*,*,#2612,.F.);
#4400=ORIENTED_EDGE('',*,*,#3140,.F.);
#4401=ORIENTED_EDGE('',*,*,#2848,.F.);
#4402=ORIENTED_EDGE('',*,*,#3141,.F.);
#4403=ORIENTED_EDGE('',*,*,#2947,.F.);
#4404=ORIENTED_EDGE('',*,*,#3052,.T.);
#4405=ORIENTED_EDGE('',*,*,#3054,.T.);
#4406=ORIENTED_EDGE('',*,*,#3047,.T.);
#4407=ORIENTED_EDGE('',*,*,#2943,.F.);
#4408=ORIENTED_EDGE('',*,*,#3140,.T.);
#4409=ORIENTED_EDGE('',*,*,#2611,.F.);
#4410=ORIENTED_EDGE('',*,*,#2850,.F.);
#4411=ORIENTED_EDGE('',*,*,#2857,.T.);
#4412=ORIENTED_EDGE('',*,*,#2948,.F.);
#4413=ORIENTED_EDGE('',*,*,#3141,.T.);
#4414=ORIENTED_EDGE('',*,*,#2952,.F.);
#4415=ORIENTED_EDGE('',*,*,#2851,.F.);
#4416=ORIENTED_EDGE('',*,*,#2608,.F.);
#4417=ORIENTED_EDGE('',*,*,#3142,.F.);
#4418=ORIENTED_EDGE('',*,*,#2858,.F.);
#4419=ORIENTED_EDGE('',*,*,#3139,.F.);
#4420=ORIENTED_EDGE('',*,*,#2957,.F.);
#4421=ORIENTED_EDGE('',*,*,#3065,.T.);
#4422=ORIENTED_EDGE('',*,*,#3067,.T.);
#4423=ORIENTED_EDGE('',*,*,#3060,.T.);
#4424=ORIENTED_EDGE('',*,*,#2953,.F.);
#4425=ORIENTED_EDGE('',*,*,#3142,.T.);
#4426=ORIENTED_EDGE('',*,*,#2607,.F.);
#4427=ORIENTED_EDGE('',*,*,#2969,.F.);
#4428=ORIENTED_EDGE('',*,*,#2842,.F.);
#4429=ORIENTED_EDGE('',*,*,#2652,.F.);
#4430=ORIENTED_EDGE('',*,*,#2753,.F.);
#4431=ORIENTED_EDGE('',*,*,#2976,.F.);
#4432=ORIENTED_EDGE('',*,*,#2669,.F.);
#4433=ORIENTED_EDGE('',*,*,#2648,.F.);
#4434=ORIENTED_EDGE('',*,*,#2685,.F.);
#4435=ORIENTED_EDGE('',*,*,#2990,.F.);
#4436=ORIENTED_EDGE('',*,*,#2791,.F.);
#4437=ORIENTED_EDGE('',*,*,#2640,.F.);
#4438=ORIENTED_EDGE('',*,*,#2707,.F.);
#4439=ORIENTED_EDGE('',*,*,#2997,.F.);
#4440=ORIENTED_EDGE('',*,*,#2797,.F.);
#4441=ORIENTED_EDGE('',*,*,#2636,.F.);
#4442=ORIENTED_EDGE('',*,*,#2717,.F.);
#4443=ORIENTED_EDGE('',*,*,#2983,.F.);
#4444=ORIENTED_EDGE('',*,*,#2785,.F.);
#4445=ORIENTED_EDGE('',*,*,#2644,.F.);
#4446=ORIENTED_EDGE('',*,*,#2697,.F.);
#4447=ORIENTED_EDGE('',*,*,#3004,.F.);
#4448=ORIENTED_EDGE('',*,*,#2803,.F.);
#4449=ORIENTED_EDGE('',*,*,#2632,.F.);
#4450=ORIENTED_EDGE('',*,*,#2727,.F.);
#4451=ORIENTED_EDGE('',*,*,#3143,.T.);
#4452=ORIENTED_EDGE('',*,*,#3144,.T.);
#4453=ORIENTED_EDGE('',*,*,#3145,.T.);
#4454=ORIENTED_EDGE('',*,*,#3146,.T.);
#4455=ORIENTED_EDGE('',*,*,#3144,.F.);
#4456=ORIENTED_EDGE('',*,*,#3147,.T.);
#4457=ORIENTED_EDGE('',*,*,#3148,.T.);
#4458=ORIENTED_EDGE('',*,*,#3149,.T.);
#4459=ORIENTED_EDGE('',*,*,#3150,.F.);
#4460=ORIENTED_EDGE('',*,*,#3151,.T.);
#4461=ORIENTED_EDGE('',*,*,#3152,.T.);
#4462=ORIENTED_EDGE('',*,*,#3153,.T.);
#4463=ORIENTED_EDGE('',*,*,#3154,.F.);
#4464=ORIENTED_EDGE('',*,*,#3155,.T.);
#4465=ORIENTED_EDGE('',*,*,#3156,.T.);
#4466=ORIENTED_EDGE('',*,*,#3157,.T.);
#4467=ORIENTED_EDGE('',*,*,#3158,.F.);
#4468=ORIENTED_EDGE('',*,*,#3159,.T.);
#4469=ORIENTED_EDGE('',*,*,#3160,.T.);
#4470=ORIENTED_EDGE('',*,*,#3161,.T.);
#4471=ORIENTED_EDGE('',*,*,#3162,.F.);
#4472=ORIENTED_EDGE('',*,*,#3163,.T.);
#4473=ORIENTED_EDGE('',*,*,#3164,.T.);
#4474=ORIENTED_EDGE('',*,*,#3165,.T.);
#4475=ORIENTED_EDGE('',*,*,#3166,.F.);
#4476=ORIENTED_EDGE('',*,*,#3167,.T.);
#4477=ORIENTED_EDGE('',*,*,#3168,.T.);
#4478=ORIENTED_EDGE('',*,*,#3169,.T.);
#4479=ORIENTED_EDGE('',*,*,#3170,.F.);
#4480=ORIENTED_EDGE('',*,*,#3171,.T.);
#4481=ORIENTED_EDGE('',*,*,#3172,.T.);
#4482=ORIENTED_EDGE('',*,*,#3173,.T.);
#4483=ORIENTED_EDGE('',*,*,#3174,.F.);
#4484=ORIENTED_EDGE('',*,*,#3175,.T.);
#4485=ORIENTED_EDGE('',*,*,#3176,.T.);
#4486=ORIENTED_EDGE('',*,*,#3177,.T.);
#4487=ORIENTED_EDGE('',*,*,#3178,.F.);
#4488=ORIENTED_EDGE('',*,*,#3179,.T.);
#4489=ORIENTED_EDGE('',*,*,#3180,.T.);
#4490=ORIENTED_EDGE('',*,*,#3181,.T.);
#4491=ORIENTED_EDGE('',*,*,#3182,.F.);
#4492=ORIENTED_EDGE('',*,*,#3183,.T.);
#4493=ORIENTED_EDGE('',*,*,#3184,.T.);
#4494=ORIENTED_EDGE('',*,*,#3185,.T.);
#4495=ORIENTED_EDGE('',*,*,#3186,.F.);
#4496=ORIENTED_EDGE('',*,*,#3187,.T.);
#4497=ORIENTED_EDGE('',*,*,#3188,.T.);
#4498=ORIENTED_EDGE('',*,*,#3189,.T.);
#4499=ORIENTED_EDGE('',*,*,#3190,.F.);
#4500=ORIENTED_EDGE('',*,*,#3191,.T.);
#4501=ORIENTED_EDGE('',*,*,#3192,.T.);
#4502=ORIENTED_EDGE('',*,*,#3193,.T.);
#4503=ORIENTED_EDGE('',*,*,#3194,.F.);
#4504=ORIENTED_EDGE('',*,*,#3195,.T.);
#4505=ORIENTED_EDGE('',*,*,#3196,.T.);
#4506=ORIENTED_EDGE('',*,*,#3197,.T.);
#4507=ORIENTED_EDGE('',*,*,#3198,.F.);
#4508=ORIENTED_EDGE('',*,*,#3199,.F.);
#4509=ORIENTED_EDGE('',*,*,#3200,.F.);
#4510=ORIENTED_EDGE('',*,*,#3201,.F.);
#4511=ORIENTED_EDGE('',*,*,#3202,.F.);
#4512=ORIENTED_EDGE('',*,*,#3143,.F.);
#4513=ORIENTED_EDGE('',*,*,#3203,.F.);
#4514=ORIENTED_EDGE('',*,*,#3204,.F.);
#4515=ORIENTED_EDGE('',*,*,#3205,.T.);
#4516=ORIENTED_EDGE('',*,*,#3147,.F.);
#4517=ORIENTED_EDGE('',*,*,#3206,.T.);
#4518=ORIENTED_EDGE('',*,*,#3150,.T.);
#4519=ORIENTED_EDGE('',*,*,#3207,.T.);
#4520=ORIENTED_EDGE('',*,*,#3208,.T.);
#4521=ORIENTED_EDGE('',*,*,#3207,.F.);
#4522=ORIENTED_EDGE('',*,*,#3149,.F.);
#4523=ORIENTED_EDGE('',*,*,#3209,.T.);
#4524=ORIENTED_EDGE('',*,*,#3210,.F.);
#4525=ORIENTED_EDGE('',*,*,#3211,.F.);
#4526=ORIENTED_EDGE('',*,*,#3212,.T.);
#4527=ORIENTED_EDGE('',*,*,#3154,.T.);
#4528=ORIENTED_EDGE('',*,*,#3213,.T.);
#4529=ORIENTED_EDGE('',*,*,#3214,.T.);
#4530=ORIENTED_EDGE('',*,*,#3212,.F.);
#4531=ORIENTED_EDGE('',*,*,#3215,.F.);
#4532=ORIENTED_EDGE('',*,*,#3216,.F.);
#4533=ORIENTED_EDGE('',*,*,#3217,.T.);
#4534=ORIENTED_EDGE('',*,*,#3155,.F.);
#4535=ORIENTED_EDGE('',*,*,#3208,.F.);
#4536=ORIENTED_EDGE('',*,*,#3211,.T.);
#4537=ORIENTED_EDGE('',*,*,#3218,.T.);
#4538=ORIENTED_EDGE('',*,*,#3219,.T.);
#4539=ORIENTED_EDGE('',*,*,#3220,.T.);
#4540=ORIENTED_EDGE('',*,*,#3158,.T.);
#4541=ORIENTED_EDGE('',*,*,#3221,.T.);
#4542=ORIENTED_EDGE('',*,*,#3222,.T.);
#4543=ORIENTED_EDGE('',*,*,#3220,.F.);
#4544=ORIENTED_EDGE('',*,*,#3223,.F.);
#4545=ORIENTED_EDGE('',*,*,#3224,.F.);
#4546=ORIENTED_EDGE('',*,*,#3225,.T.);
#4547=ORIENTED_EDGE('',*,*,#3159,.F.);
#4548=ORIENTED_EDGE('',*,*,#3226,.T.);
#4549=ORIENTED_EDGE('',*,*,#3162,.T.);
#4550=ORIENTED_EDGE('',*,*,#3227,.T.);
#4551=ORIENTED_EDGE('',*,*,#3228,.T.);
#4552=ORIENTED_EDGE('',*,*,#3226,.F.);
#4553=ORIENTED_EDGE('',*,*,#3229,.F.);
#4554=ORIENTED_EDGE('',*,*,#3230,.F.);
#4555=ORIENTED_EDGE('',*,*,#3231,.T.);
#4556=ORIENTED_EDGE('',*,*,#3163,.F.);
#4557=ORIENTED_EDGE('',*,*,#3232,.T.);
#4558=ORIENTED_EDGE('',*,*,#3166,.T.);
#4559=ORIENTED_EDGE('',*,*,#3233,.T.);
#4560=ORIENTED_EDGE('',*,*,#3234,.T.);
#4561=ORIENTED_EDGE('',*,*,#3232,.F.);
#4562=ORIENTED_EDGE('',*,*,#3235,.F.);
#4563=ORIENTED_EDGE('',*,*,#3236,.F.);
#4564=ORIENTED_EDGE('',*,*,#3237,.T.);
#4565=ORIENTED_EDGE('',*,*,#3167,.F.);
#4566=ORIENTED_EDGE('',*,*,#3238,.T.);
#4567=ORIENTED_EDGE('',*,*,#3170,.T.);
#4568=ORIENTED_EDGE('',*,*,#3239,.T.);
#4569=ORIENTED_EDGE('',*,*,#3240,.T.);
#4570=ORIENTED_EDGE('',*,*,#3238,.F.);
#4571=ORIENTED_EDGE('',*,*,#3241,.F.);
#4572=ORIENTED_EDGE('',*,*,#3242,.F.);
#4573=ORIENTED_EDGE('',*,*,#3243,.T.);
#4574=ORIENTED_EDGE('',*,*,#3171,.F.);
#4575=ORIENTED_EDGE('',*,*,#3244,.T.);
#4576=ORIENTED_EDGE('',*,*,#3174,.T.);
#4577=ORIENTED_EDGE('',*,*,#3245,.T.);
#4578=ORIENTED_EDGE('',*,*,#3246,.T.);
#4579=ORIENTED_EDGE('',*,*,#3244,.F.);
#4580=ORIENTED_EDGE('',*,*,#3247,.F.);
#4581=ORIENTED_EDGE('',*,*,#3248,.F.);
#4582=ORIENTED_EDGE('',*,*,#3249,.T.);
#4583=ORIENTED_EDGE('',*,*,#3175,.F.);
#4584=ORIENTED_EDGE('',*,*,#3250,.T.);
#4585=ORIENTED_EDGE('',*,*,#3178,.T.);
#4586=ORIENTED_EDGE('',*,*,#3251,.T.);
#4587=ORIENTED_EDGE('',*,*,#3252,.T.);
#4588=ORIENTED_EDGE('',*,*,#3250,.F.);
#4589=ORIENTED_EDGE('',*,*,#3253,.F.);
#4590=ORIENTED_EDGE('',*,*,#3254,.F.);
#4591=ORIENTED_EDGE('',*,*,#3255,.T.);
#4592=ORIENTED_EDGE('',*,*,#3179,.F.);
#4593=ORIENTED_EDGE('',*,*,#3206,.F.);
#4594=ORIENTED_EDGE('',*,*,#3219,.F.);
#4595=ORIENTED_EDGE('',*,*,#3256,.F.);
#4596=ORIENTED_EDGE('',*,*,#3257,.T.);
#4597=ORIENTED_EDGE('',*,*,#3151,.F.);
#4598=ORIENTED_EDGE('',*,*,#3258,.T.);
#4599=ORIENTED_EDGE('',*,*,#3182,.T.);
#4600=ORIENTED_EDGE('',*,*,#3259,.T.);
#4601=ORIENTED_EDGE('',*,*,#3260,.T.);
#4602=ORIENTED_EDGE('',*,*,#3146,.F.);
#4603=ORIENTED_EDGE('',*,*,#3261,.T.);
#4604=ORIENTED_EDGE('',*,*,#3262,.T.);
#4605=ORIENTED_EDGE('',*,*,#3203,.T.);
#4606=ORIENTED_EDGE('',*,*,#3258,.F.);
#4607=ORIENTED_EDGE('',*,*,#3263,.F.);
#4608=ORIENTED_EDGE('',*,*,#3264,.F.);
#4609=ORIENTED_EDGE('',*,*,#3265,.T.);
#4610=ORIENTED_EDGE('',*,*,#3183,.F.);
#4611=ORIENTED_EDGE('',*,*,#3260,.F.);
#4612=ORIENTED_EDGE('',*,*,#3266,.T.);
#4613=ORIENTED_EDGE('',*,*,#3267,.T.);
#4614=ORIENTED_EDGE('',*,*,#3263,.T.);
#4615=ORIENTED_EDGE('',*,*,#3252,.F.);
#4616=ORIENTED_EDGE('',*,*,#3268,.T.);
#4617=ORIENTED_EDGE('',*,*,#3269,.T.);
#4618=ORIENTED_EDGE('',*,*,#3253,.T.);
#4619=ORIENTED_EDGE('',*,*,#3246,.F.);
#4620=ORIENTED_EDGE('',*,*,#3270,.T.);
#4621=ORIENTED_EDGE('',*,*,#3271,.T.);
#4622=ORIENTED_EDGE('',*,*,#3247,.T.);
#4623=ORIENTED_EDGE('',*,*,#3240,.F.);
#4624=ORIENTED_EDGE('',*,*,#3272,.T.);
#4625=ORIENTED_EDGE('',*,*,#3273,.T.);
#4626=ORIENTED_EDGE('',*,*,#3241,.T.);
#4627=ORIENTED_EDGE('',*,*,#3234,.F.);
#4628=ORIENTED_EDGE('',*,*,#3274,.T.);
#4629=ORIENTED_EDGE('',*,*,#3275,.T.);
#4630=ORIENTED_EDGE('',*,*,#3235,.T.);
#4631=ORIENTED_EDGE('',*,*,#3228,.F.);
#4632=ORIENTED_EDGE('',*,*,#3276,.T.);
#4633=ORIENTED_EDGE('',*,*,#3277,.T.);
#4634=ORIENTED_EDGE('',*,*,#3229,.T.);
#4635=ORIENTED_EDGE('',*,*,#3222,.F.);
#4636=ORIENTED_EDGE('',*,*,#3278,.T.);
#4637=ORIENTED_EDGE('',*,*,#3279,.T.);
#4638=ORIENTED_EDGE('',*,*,#3223,.T.);
#4639=ORIENTED_EDGE('',*,*,#3214,.F.);
#4640=ORIENTED_EDGE('',*,*,#3280,.T.);
#4641=ORIENTED_EDGE('',*,*,#3281,.T.);
#4642=ORIENTED_EDGE('',*,*,#3215,.T.);
#4643=ORIENTED_EDGE('',*,*,#3282,.T.);
#4644=ORIENTED_EDGE('',*,*,#3186,.T.);
#4645=ORIENTED_EDGE('',*,*,#3283,.T.);
#4646=ORIENTED_EDGE('',*,*,#3284,.T.);
#4647=ORIENTED_EDGE('',*,*,#3145,.F.);
#4648=ORIENTED_EDGE('',*,*,#3197,.F.);
#4649=ORIENTED_EDGE('',*,*,#3285,.T.);
#4650=ORIENTED_EDGE('',*,*,#3286,.F.);
#4651=ORIENTED_EDGE('',*,*,#3261,.F.);
#4652=ORIENTED_EDGE('',*,*,#3284,.F.);
#4653=ORIENTED_EDGE('',*,*,#3287,.T.);
#4654=ORIENTED_EDGE('',*,*,#3288,.T.);
#4655=ORIENTED_EDGE('',*,*,#3289,.T.);
#4656=ORIENTED_EDGE('',*,*,#3283,.F.);
#4657=ORIENTED_EDGE('',*,*,#3185,.F.);
#4658=ORIENTED_EDGE('',*,*,#3290,.T.);
#4659=ORIENTED_EDGE('',*,*,#3291,.F.);
#4660=ORIENTED_EDGE('',*,*,#3287,.F.);
#4661=ORIENTED_EDGE('',*,*,#3259,.F.);
#4662=ORIENTED_EDGE('',*,*,#3181,.F.);
#4663=ORIENTED_EDGE('',*,*,#3292,.T.);
#4664=ORIENTED_EDGE('',*,*,#3293,.F.);
#4665=ORIENTED_EDGE('',*,*,#3266,.F.);
#4666=ORIENTED_EDGE('',*,*,#3251,.F.);
#4667=ORIENTED_EDGE('',*,*,#3177,.F.);
#4668=ORIENTED_EDGE('',*,*,#3294,.T.);
#4669=ORIENTED_EDGE('',*,*,#3295,.F.);
#4670=ORIENTED_EDGE('',*,*,#3268,.F.);
#4671=ORIENTED_EDGE('',*,*,#3245,.F.);
#4672=ORIENTED_EDGE('',*,*,#3173,.F.);
#4673=ORIENTED_EDGE('',*,*,#3296,.T.);
#4674=ORIENTED_EDGE('',*,*,#3297,.F.);
#4675=ORIENTED_EDGE('',*,*,#3270,.F.);
#4676=ORIENTED_EDGE('',*,*,#3239,.F.);
#4677=ORIENTED_EDGE('',*,*,#3169,.F.);
#4678=ORIENTED_EDGE('',*,*,#3298,.T.);
#4679=ORIENTED_EDGE('',*,*,#3299,.F.);
#4680=ORIENTED_EDGE('',*,*,#3272,.F.);
#4681=ORIENTED_EDGE('',*,*,#3233,.F.);
#4682=ORIENTED_EDGE('',*,*,#3165,.F.);
#4683=ORIENTED_EDGE('',*,*,#3300,.T.);
#4684=ORIENTED_EDGE('',*,*,#3301,.F.);
#4685=ORIENTED_EDGE('',*,*,#3274,.F.);
#4686=ORIENTED_EDGE('',*,*,#3227,.F.);
#4687=ORIENTED_EDGE('',*,*,#3161,.F.);
#4688=ORIENTED_EDGE('',*,*,#3302,.T.);
#4689=ORIENTED_EDGE('',*,*,#3303,.F.);
#4690=ORIENTED_EDGE('',*,*,#3276,.F.);
#4691=ORIENTED_EDGE('',*,*,#3221,.F.);
#4692=ORIENTED_EDGE('',*,*,#3157,.F.);
#4693=ORIENTED_EDGE('',*,*,#3304,.T.);
#4694=ORIENTED_EDGE('',*,*,#3305,.F.);
#4695=ORIENTED_EDGE('',*,*,#3278,.F.);
#4696=ORIENTED_EDGE('',*,*,#3213,.F.);
#4697=ORIENTED_EDGE('',*,*,#3153,.F.);
#4698=ORIENTED_EDGE('',*,*,#3306,.T.);
#4699=ORIENTED_EDGE('',*,*,#3307,.F.);
#4700=ORIENTED_EDGE('',*,*,#3280,.F.);
#4701=ORIENTED_EDGE('',*,*,#3308,.T.);
#4702=ORIENTED_EDGE('',*,*,#3190,.T.);
#4703=ORIENTED_EDGE('',*,*,#3309,.T.);
#4704=ORIENTED_EDGE('',*,*,#3310,.T.);
#4705=ORIENTED_EDGE('',*,*,#3309,.F.);
#4706=ORIENTED_EDGE('',*,*,#3189,.F.);
#4707=ORIENTED_EDGE('',*,*,#3311,.T.);
#4708=ORIENTED_EDGE('',*,*,#3312,.F.);
#4709=ORIENTED_EDGE('',*,*,#3313,.F.);
#4710=ORIENTED_EDGE('',*,*,#3314,.T.);
#4711=ORIENTED_EDGE('',*,*,#3194,.T.);
#4712=ORIENTED_EDGE('',*,*,#3315,.T.);
#4713=ORIENTED_EDGE('',*,*,#3316,.T.);
#4714=ORIENTED_EDGE('',*,*,#3315,.F.);
#4715=ORIENTED_EDGE('',*,*,#3193,.F.);
#4716=ORIENTED_EDGE('',*,*,#3317,.T.);
#4717=ORIENTED_EDGE('',*,*,#3318,.F.);
#4718=ORIENTED_EDGE('',*,*,#3319,.F.);
#4719=ORIENTED_EDGE('',*,*,#3198,.T.);
#4720=ORIENTED_EDGE('',*,*,#3320,.T.);
#4721=ORIENTED_EDGE('',*,*,#3321,.T.);
#4722=ORIENTED_EDGE('',*,*,#3320,.F.);
#4723=ORIENTED_EDGE('',*,*,#3321,.F.);
#4724=ORIENTED_EDGE('',*,*,#3322,.T.);
#4725=ORIENTED_EDGE('',*,*,#3323,.F.);
#4726=ORIENTED_EDGE('',*,*,#3322,.F.);
#4727=ORIENTED_EDGE('',*,*,#3202,.T.);
#4728=ORIENTED_EDGE('',*,*,#3324,.T.);
#4729=ORIENTED_EDGE('',*,*,#3325,.T.);
#4730=ORIENTED_EDGE('',*,*,#3324,.F.);
#4731=ORIENTED_EDGE('',*,*,#3325,.F.);
#4732=ORIENTED_EDGE('',*,*,#3326,.T.);
#4733=ORIENTED_EDGE('',*,*,#3327,.F.);
#4734=ORIENTED_EDGE('',*,*,#3326,.F.);
#4735=ORIENTED_EDGE('',*,*,#3199,.T.);
#4736=ORIENTED_EDGE('',*,*,#3328,.T.);
#4737=ORIENTED_EDGE('',*,*,#3329,.T.);
#4738=ORIENTED_EDGE('',*,*,#3328,.F.);
#4739=ORIENTED_EDGE('',*,*,#3329,.F.);
#4740=ORIENTED_EDGE('',*,*,#3330,.T.);
#4741=ORIENTED_EDGE('',*,*,#3331,.F.);
#4742=ORIENTED_EDGE('',*,*,#3330,.F.);
#4743=ORIENTED_EDGE('',*,*,#3201,.T.);
#4744=ORIENTED_EDGE('',*,*,#3332,.T.);
#4745=ORIENTED_EDGE('',*,*,#3333,.T.);
#4746=ORIENTED_EDGE('',*,*,#3332,.F.);
#4747=ORIENTED_EDGE('',*,*,#3333,.F.);
#4748=ORIENTED_EDGE('',*,*,#3334,.T.);
#4749=ORIENTED_EDGE('',*,*,#3335,.F.);
#4750=ORIENTED_EDGE('',*,*,#3334,.F.);
#4751=ORIENTED_EDGE('',*,*,#3200,.T.);
#4752=ORIENTED_EDGE('',*,*,#3336,.T.);
#4753=ORIENTED_EDGE('',*,*,#3337,.T.);
#4754=ORIENTED_EDGE('',*,*,#3336,.F.);
#4755=ORIENTED_EDGE('',*,*,#3337,.F.);
#4756=ORIENTED_EDGE('',*,*,#3338,.T.);
#4757=ORIENTED_EDGE('',*,*,#3339,.F.);
#4758=ORIENTED_EDGE('',*,*,#3338,.F.);
#4759=ORIENTED_EDGE('',*,*,#3340,.F.);
#4760=ORIENTED_EDGE('',*,*,#3296,.F.);
#4761=ORIENTED_EDGE('',*,*,#3172,.F.);
#4762=ORIENTED_EDGE('',*,*,#3243,.F.);
#4763=ORIENTED_EDGE('',*,*,#3341,.F.);
#4764=ORIENTED_EDGE('',*,*,#3294,.F.);
#4765=ORIENTED_EDGE('',*,*,#3176,.F.);
#4766=ORIENTED_EDGE('',*,*,#3249,.F.);
#4767=ORIENTED_EDGE('',*,*,#3342,.F.);
#4768=ORIENTED_EDGE('',*,*,#3292,.F.);
#4769=ORIENTED_EDGE('',*,*,#3180,.F.);
#4770=ORIENTED_EDGE('',*,*,#3255,.F.);
#4771=ORIENTED_EDGE('',*,*,#3343,.F.);
#4772=ORIENTED_EDGE('',*,*,#3290,.F.);
#4773=ORIENTED_EDGE('',*,*,#3184,.F.);
#4774=ORIENTED_EDGE('',*,*,#3265,.F.);
#4775=ORIENTED_EDGE('',*,*,#3314,.F.);
#4776=ORIENTED_EDGE('',*,*,#3344,.F.);
#4777=ORIENTED_EDGE('',*,*,#3345,.F.);
#4778=ORIENTED_EDGE('',*,*,#3346,.T.);
#4779=ORIENTED_EDGE('',*,*,#3195,.F.);
#4780=ORIENTED_EDGE('',*,*,#3347,.F.);
#4781=ORIENTED_EDGE('',*,*,#3285,.F.);
#4782=ORIENTED_EDGE('',*,*,#3196,.F.);
#4783=ORIENTED_EDGE('',*,*,#3346,.F.);
#4784=ORIENTED_EDGE('',*,*,#3316,.F.);
#4785=ORIENTED_EDGE('',*,*,#3319,.T.);
#4786=ORIENTED_EDGE('',*,*,#3348,.T.);
#4787=ORIENTED_EDGE('',*,*,#3344,.T.);
#4788=ORIENTED_EDGE('',*,*,#3282,.F.);
#4789=ORIENTED_EDGE('',*,*,#3289,.F.);
#4790=ORIENTED_EDGE('',*,*,#3349,.F.);
#4791=ORIENTED_EDGE('',*,*,#3350,.T.);
#4792=ORIENTED_EDGE('',*,*,#3187,.F.);
#4793=ORIENTED_EDGE('',*,*,#3351,.F.);
#4794=ORIENTED_EDGE('',*,*,#3311,.F.);
#4795=ORIENTED_EDGE('',*,*,#3188,.F.);
#4796=ORIENTED_EDGE('',*,*,#3350,.F.);
#4797=ORIENTED_EDGE('',*,*,#3310,.F.);
#4798=ORIENTED_EDGE('',*,*,#3313,.T.);
#4799=ORIENTED_EDGE('',*,*,#3352,.T.);
#4800=ORIENTED_EDGE('',*,*,#3353,.T.);
#4801=ORIENTED_EDGE('',*,*,#3308,.F.);
#4802=ORIENTED_EDGE('',*,*,#3353,.F.);
#4803=ORIENTED_EDGE('',*,*,#3354,.F.);
#4804=ORIENTED_EDGE('',*,*,#3355,.T.);
#4805=ORIENTED_EDGE('',*,*,#3191,.F.);
#4806=ORIENTED_EDGE('',*,*,#3356,.F.);
#4807=ORIENTED_EDGE('',*,*,#3317,.F.);
#4808=ORIENTED_EDGE('',*,*,#3192,.F.);
#4809=ORIENTED_EDGE('',*,*,#3355,.F.);
#4810=ORIENTED_EDGE('',*,*,#3357,.F.);
#4811=ORIENTED_EDGE('',*,*,#3209,.F.);
#4812=ORIENTED_EDGE('',*,*,#3148,.F.);
#4813=ORIENTED_EDGE('',*,*,#3205,.F.);
#4814=ORIENTED_EDGE('',*,*,#3358,.F.);
#4815=ORIENTED_EDGE('',*,*,#3306,.F.);
#4816=ORIENTED_EDGE('',*,*,#3152,.F.);
#4817=ORIENTED_EDGE('',*,*,#3257,.F.);
#4818=ORIENTED_EDGE('',*,*,#3359,.F.);
#4819=ORIENTED_EDGE('',*,*,#3302,.F.);
#4820=ORIENTED_EDGE('',*,*,#3160,.F.);
#4821=ORIENTED_EDGE('',*,*,#3225,.F.);
#4822=ORIENTED_EDGE('',*,*,#3360,.F.);
#4823=ORIENTED_EDGE('',*,*,#3300,.F.);
#4824=ORIENTED_EDGE('',*,*,#3164,.F.);
#4825=ORIENTED_EDGE('',*,*,#3231,.F.);
#4826=ORIENTED_EDGE('',*,*,#3361,.F.);
#4827=ORIENTED_EDGE('',*,*,#3304,.F.);
#4828=ORIENTED_EDGE('',*,*,#3156,.F.);
#4829=ORIENTED_EDGE('',*,*,#3217,.F.);
#4830=ORIENTED_EDGE('',*,*,#3362,.F.);
#4831=ORIENTED_EDGE('',*,*,#3298,.F.);
#4832=ORIENTED_EDGE('',*,*,#3168,.F.);
#4833=ORIENTED_EDGE('',*,*,#3237,.F.);
#4834=ORIENTED_EDGE('',*,*,#3242,.T.);
#4835=ORIENTED_EDGE('',*,*,#3273,.F.);
#4836=ORIENTED_EDGE('',*,*,#3299,.T.);
#4837=ORIENTED_EDGE('',*,*,#3362,.T.);
#4838=ORIENTED_EDGE('',*,*,#3236,.T.);
#4839=ORIENTED_EDGE('',*,*,#3275,.F.);
#4840=ORIENTED_EDGE('',*,*,#3301,.T.);
#4841=ORIENTED_EDGE('',*,*,#3360,.T.);
#4842=ORIENTED_EDGE('',*,*,#3230,.T.);
#4843=ORIENTED_EDGE('',*,*,#3277,.F.);
#4844=ORIENTED_EDGE('',*,*,#3303,.T.);
#4845=ORIENTED_EDGE('',*,*,#3359,.T.);
#4846=ORIENTED_EDGE('',*,*,#3224,.T.);
#4847=ORIENTED_EDGE('',*,*,#3279,.F.);
#4848=ORIENTED_EDGE('',*,*,#3305,.T.);
#4849=ORIENTED_EDGE('',*,*,#3361,.T.);
#4850=ORIENTED_EDGE('',*,*,#3216,.T.);
#4851=ORIENTED_EDGE('',*,*,#3281,.F.);
#4852=ORIENTED_EDGE('',*,*,#3307,.T.);
#4853=ORIENTED_EDGE('',*,*,#3358,.T.);
#4854=ORIENTED_EDGE('',*,*,#3256,.T.);
#4855=ORIENTED_EDGE('',*,*,#3218,.F.);
#4856=ORIENTED_EDGE('',*,*,#3210,.T.);
#4857=ORIENTED_EDGE('',*,*,#3357,.T.);
#4858=ORIENTED_EDGE('',*,*,#3204,.T.);
#4859=ORIENTED_EDGE('',*,*,#3262,.F.);
#4860=ORIENTED_EDGE('',*,*,#3286,.T.);
#4861=ORIENTED_EDGE('',*,*,#3347,.T.);
#4862=ORIENTED_EDGE('',*,*,#3345,.T.);
#4863=ORIENTED_EDGE('',*,*,#3348,.F.);
#4864=ORIENTED_EDGE('',*,*,#3318,.T.);
#4865=ORIENTED_EDGE('',*,*,#3356,.T.);
#4866=ORIENTED_EDGE('',*,*,#3354,.T.);
#4867=ORIENTED_EDGE('',*,*,#3352,.F.);
#4868=ORIENTED_EDGE('',*,*,#3312,.T.);
#4869=ORIENTED_EDGE('',*,*,#3351,.T.);
#4870=ORIENTED_EDGE('',*,*,#3349,.T.);
#4871=ORIENTED_EDGE('',*,*,#3288,.F.);
#4872=ORIENTED_EDGE('',*,*,#3291,.T.);
#4873=ORIENTED_EDGE('',*,*,#3343,.T.);
#4874=ORIENTED_EDGE('',*,*,#3264,.T.);
#4875=ORIENTED_EDGE('',*,*,#3267,.F.);
#4876=ORIENTED_EDGE('',*,*,#3293,.T.);
#4877=ORIENTED_EDGE('',*,*,#3342,.T.);
#4878=ORIENTED_EDGE('',*,*,#3254,.T.);
#4879=ORIENTED_EDGE('',*,*,#3269,.F.);
#4880=ORIENTED_EDGE('',*,*,#3295,.T.);
#4881=ORIENTED_EDGE('',*,*,#3341,.T.);
#4882=ORIENTED_EDGE('',*,*,#3248,.T.);
#4883=ORIENTED_EDGE('',*,*,#3271,.F.);
#4884=ORIENTED_EDGE('',*,*,#3297,.T.);
#4885=ORIENTED_EDGE('',*,*,#3340,.T.);
#4886=ORIENTED_EDGE('',*,*,#3331,.T.);
#4887=ORIENTED_EDGE('',*,*,#3335,.T.);
#4888=ORIENTED_EDGE('',*,*,#3327,.T.);
#4889=ORIENTED_EDGE('',*,*,#3339,.T.);
#4890=ORIENTED_EDGE('',*,*,#3323,.T.);
#4891=CONICAL_SURFACE('',#5220,19.9999999999951,0.785398163397448);
#4892=CONICAL_SURFACE('',#5256,19.9999999999951,0.785398163397448);
#4893=CONICAL_SURFACE('',#5260,19.9999999999951,0.785398163397448);
#4894=CONICAL_SURFACE('',#5266,19.9999999999951,0.785398163397448);
#4895=CONICAL_SURFACE('',#5270,19.9999999999951,0.785398163397448);
#4896=CONICAL_SURFACE('',#5274,19.9999999999951,0.785398163397448);
#4897=CONICAL_SURFACE('',#5278,19.9999999999951,0.785398163397448);
#4898=CONICAL_SURFACE('',#5282,19.9999999999951,0.785398163397448);
#4899=CONICAL_SURFACE('',#5286,19.9999999999951,0.785398163397448);
#4900=CONICAL_SURFACE('',#5292,19.9999999999951,0.785398163397448);
#4901=CONICAL_SURFACE('',#5314,19.9999999999951,0.785398163397448);
#4902=CONICAL_SURFACE('',#5338,19.9999999999951,0.785398163397448);
#4903=CONICAL_SURFACE('',#5342,19.9999999999951,0.785398163397448);
#4904=CONICAL_SURFACE('',#5346,2.45,0.785398163397448);
#4905=CONICAL_SURFACE('',#5350,3.1,0.785398163397449);
#4906=CONICAL_SURFACE('',#5354,3.1,0.785398163397448);
#4907=CONICAL_SURFACE('',#5358,3.1,0.785398163397449);
#4908=CONICAL_SURFACE('',#5362,3.1,0.785398163397448);
#4909=CONICAL_SURFACE('',#5550,19.9999999999951,0.785398163397448);
#4910=CONICAL_SURFACE('',#5585,19.9999999999951,0.785398163397448);
#4911=CONICAL_SURFACE('',#5588,19.9999999999951,0.785398163397448);
#4912=CONICAL_SURFACE('',#5593,19.9999999999951,0.785398163397448);
#4913=CONICAL_SURFACE('',#5596,19.9999999999951,0.785398163397448);
#4914=CONICAL_SURFACE('',#5599,19.9999999999951,0.785398163397448);
#4915=CONICAL_SURFACE('',#5602,19.9999999999951,0.785398163397448);
#4916=CONICAL_SURFACE('',#5605,19.9999999999951,0.785398163397448);
#4917=CONICAL_SURFACE('',#5608,19.9999999999951,0.785398163397448);
#4918=CONICAL_SURFACE('',#5612,19.9999999999951,0.785398163397448);
#4919=CONICAL_SURFACE('',#5633,19.9999999999951,0.785398163397448);
#4920=CONICAL_SURFACE('',#5647,19.9999999999951,0.785398163397448);
#4921=CONICAL_SURFACE('',#5650,19.9999999999951,0.785398163397448);
#4922=CONICAL_SURFACE('',#5653,1.7,0.785398163397541);
#4923=CONICAL_SURFACE('',#5657,1.7,0.785398163397542);
#4924=CONICAL_SURFACE('',#5661,1.7,0.785398163397355);
#4925=CONICAL_SURFACE('',#5665,2.45,0.785398163397448);
#4926=CONICAL_SURFACE('',#5669,1.7,0.785398163397354);
#4927=ADVANCED_FACE('',(#1265),#4891,.T.);
#4928=ADVANCED_FACE('',(#1266,#119,#120,#121,#122,#123),#1127,.T.);
#4929=ADVANCED_FACE('',(#1267),#1128,.F.);
#4930=ADVANCED_FACE('',(#1268),#4892,.T.);
#4931=ADVANCED_FACE('',(#1269),#1129,.F.);
#4932=ADVANCED_FACE('',(#1270),#4893,.T.);
#4933=ADVANCED_FACE('',(#1271),#1130,.F.);
#4934=ADVANCED_FACE('',(#1272),#27,.T.);
#4935=ADVANCED_FACE('',(#1273),#4894,.T.);
#4936=ADVANCED_FACE('',(#1274),#1131,.F.);
#4937=ADVANCED_FACE('',(#1275),#4895,.T.);
#4938=ADVANCED_FACE('',(#1276),#1132,.F.);
#4939=ADVANCED_FACE('',(#1277),#4896,.T.);
#4940=ADVANCED_FACE('',(#1278),#1133,.F.);
#4941=ADVANCED_FACE('',(#1279),#4897,.T.);
#4942=ADVANCED_FACE('',(#1280),#1134,.F.);
#4943=ADVANCED_FACE('',(#1281),#4898,.T.);
#4944=ADVANCED_FACE('',(#1282),#1135,.F.);
#4945=ADVANCED_FACE('',(#1283),#4899,.T.);
#4946=ADVANCED_FACE('',(#1284),#1136,.F.);
#4947=ADVANCED_FACE('',(#1285),#1137,.F.);
#4948=ADVANCED_FACE('',(#1286),#4900,.T.);
#4949=ADVANCED_FACE('',(#1287),#28,.T.);
#4950=ADVANCED_FACE('',(#1288),#29,.T.);
#4951=ADVANCED_FACE('',(#1289),#30,.T.);
#4952=ADVANCED_FACE('',(#1290),#31,.T.);
#4953=ADVANCED_FACE('',(#1291),#32,.T.);
#4954=ADVANCED_FACE('',(#1292),#33,.T.);
#4955=ADVANCED_FACE('',(#1293),#34,.T.);
#4956=ADVANCED_FACE('',(#1294),#1138,.F.);
#4957=ADVANCED_FACE('',(#1295),#35,.T.);
#4958=ADVANCED_FACE('',(#1296),#36,.T.);
#4959=ADVANCED_FACE('',(#1297),#4901,.T.);
#4960=ADVANCED_FACE('',(#1298),#1139,.F.);
#4961=ADVANCED_FACE('',(#1299),#1140,.F.);
#4962=ADVANCED_FACE('',(#1300),#1141,.F.);
#4963=ADVANCED_FACE('',(#1301),#1142,.F.);
#4964=ADVANCED_FACE('',(#1302),#1143,.F.);
#4965=ADVANCED_FACE('',(#1303),#1144,.F.);
#4966=ADVANCED_FACE('',(#1304),#1145,.F.);
#4967=ADVANCED_FACE('',(#1305),#1146,.F.);
#4968=ADVANCED_FACE('',(#1306),#37,.T.);
#4969=ADVANCED_FACE('',(#1307),#1147,.F.);
#4970=ADVANCED_FACE('',(#1308),#1148,.F.);
#4971=ADVANCED_FACE('',(#1309),#4902,.T.);
#4972=ADVANCED_FACE('',(#1310),#1149,.F.);
#4973=ADVANCED_FACE('',(#1311),#4903,.T.);
#4974=ADVANCED_FACE('',(#1312),#1150,.F.);
#4975=ADVANCED_FACE('',(#1313),#4904,.F.);
#4976=ADVANCED_FACE('',(#1314),#38,.F.);
#4977=ADVANCED_FACE('',(#1315),#4905,.F.);
#4978=ADVANCED_FACE('',(#1316),#39,.F.);
#4979=ADVANCED_FACE('',(#1317),#4906,.F.);
#4980=ADVANCED_FACE('',(#1318),#40,.F.);
#4981=ADVANCED_FACE('',(#1319),#4907,.F.);
#4982=ADVANCED_FACE('',(#1320),#41,.F.);
#4983=ADVANCED_FACE('',(#1321),#4908,.F.);
#4984=ADVANCED_FACE('',(#1322),#42,.F.);
#4985=ADVANCED_FACE('',(#1323,#124),#1151,.T.);
#4986=ADVANCED_FACE('',(#1324,#125),#1152,.T.);
#4987=ADVANCED_FACE('',(#1325,#126),#1153,.T.);
#4988=ADVANCED_FACE('',(#1326,#127),#1154,.T.);
#4989=ADVANCED_FACE('',(#1327),#43,.F.);
#4990=ADVANCED_FACE('',(#1328),#44,.F.);
#4991=ADVANCED_FACE('',(#1329),#45,.F.);
#4992=ADVANCED_FACE('',(#1330),#46,.F.);
#4993=ADVANCED_FACE('',(#1331),#1155,.F.);
#4994=ADVANCED_FACE('',(#1332),#1156,.F.);
#4995=ADVANCED_FACE('',(#1333),#1157,.F.);
#4996=ADVANCED_FACE('',(#1334),#47,.F.);
#4997=ADVANCED_FACE('',(#1335),#1158,.F.);
#4998=ADVANCED_FACE('',(#1336),#1159,.F.);
#4999=ADVANCED_FACE('',(#1337),#1160,.F.);
#5000=ADVANCED_FACE('',(#1338),#48,.F.);
#5001=ADVANCED_FACE('',(#1339,#128,#129,#130,#131,#132),#1161,.F.);
#5002=ADVANCED_FACE('',(#1340),#1162,.F.);
#5003=ADVANCED_FACE('',(#1341),#1163,.F.);
#5004=ADVANCED_FACE('',(#1342),#1164,.F.);
#5005=ADVANCED_FACE('',(#1343),#49,.F.);
#5006=ADVANCED_FACE('',(#1344),#1165,.F.);
#5007=ADVANCED_FACE('',(#1345),#1166,.F.);
#5008=ADVANCED_FACE('',(#1346),#1167,.F.);
#5009=ADVANCED_FACE('',(#1347),#50,.F.);
#5010=ADVANCED_FACE('',(#1348),#1168,.F.);
#5011=ADVANCED_FACE('',(#1349),#1169,.F.);
#5012=ADVANCED_FACE('',(#1350),#1170,.F.);
#5013=ADVANCED_FACE('',(#1351),#51,.F.);
#5014=ADVANCED_FACE('',(#1352),#1171,.F.);
#5015=ADVANCED_FACE('',(#1353),#1172,.F.);
#5016=ADVANCED_FACE('',(#1354),#1173,.F.);
#5017=ADVANCED_FACE('',(#1355),#52,.F.);
#5018=ADVANCED_FACE('',(#1356),#1174,.F.);
#5019=ADVANCED_FACE('',(#1357),#1175,.F.);
#5020=ADVANCED_FACE('',(#1358),#1176,.F.);
#5021=ADVANCED_FACE('',(#1359),#53,.F.);
#5022=ADVANCED_FACE('',(#1360),#1177,.F.);
#5023=ADVANCED_FACE('',(#1361),#1178,.F.);
#5024=ADVANCED_FACE('',(#1362),#1179,.F.);
#5025=ADVANCED_FACE('',(#1363),#54,.F.);
#5026=ADVANCED_FACE('',(#1364),#1180,.F.);
#5027=ADVANCED_FACE('',(#1365),#1181,.F.);
#5028=ADVANCED_FACE('',(#1366),#1182,.F.);
#5029=ADVANCED_FACE('',(#1367),#55,.F.);
#5030=ADVANCED_FACE('',(#1368),#1183,.F.);
#5031=ADVANCED_FACE('',(#1369),#1184,.F.);
#5032=ADVANCED_FACE('',(#1370),#1185,.F.);
#5033=ADVANCED_FACE('',(#1371),#56,.F.);
#5034=ADVANCED_FACE('',(#1372),#1186,.F.);
#5035=ADVANCED_FACE('',(#1373),#1187,.F.);
#5036=ADVANCED_FACE('',(#1374),#1188,.F.);
#5037=ADVANCED_FACE('',(#1375),#57,.F.);
#5038=ADVANCED_FACE('',(#1376),#1189,.F.);
#5039=ADVANCED_FACE('',(#1377),#1190,.F.);
#5040=ADVANCED_FACE('',(#1378),#1191,.F.);
#5041=ADVANCED_FACE('',(#1379),#58,.F.);
#5042=ADVANCED_FACE('',(#1380),#1192,.F.);
#5043=ADVANCED_FACE('',(#1381),#1193,.F.);
#5044=ADVANCED_FACE('',(#1382),#1194,.F.);
#5045=ADVANCED_FACE('',(#1383),#59,.F.);
#5046=ADVANCED_FACE('',(#1384),#1195,.F.);
#5047=ADVANCED_FACE('',(#1385),#1196,.F.);
#5048=ADVANCED_FACE('',(#1386),#1197,.F.);
#5049=ADVANCED_FACE('',(#1387),#60,.F.);
#5050=ADVANCED_FACE('',(#1388),#1198,.F.);
#5051=ADVANCED_FACE('',(#1389),#1199,.F.);
#5052=ADVANCED_FACE('',(#1390),#1200,.F.);
#5053=ADVANCED_FACE('',(#1391),#61,.F.);
#5054=ADVANCED_FACE('',(#1392),#1201,.F.);
#5055=ADVANCED_FACE('',(#1393),#1202,.F.);
#5056=ADVANCED_FACE('',(#1394),#1203,.F.);
#5057=ADVANCED_FACE('',(#1395),#62,.F.);
#5058=ADVANCED_FACE('',(#1396),#1204,.F.);
#5059=ADVANCED_FACE('',(#1397),#1205,.F.);
#5060=ADVANCED_FACE('',(#1398),#1206,.F.);
#5061=ADVANCED_FACE('',(#1399),#63,.F.);
#5062=ADVANCED_FACE('',(#1400),#1207,.F.);
#5063=ADVANCED_FACE('',(#1401),#1208,.F.);
#5064=ADVANCED_FACE('',(#1402),#1209,.F.);
#5065=ADVANCED_FACE('',(#1403),#64,.F.);
#5066=ADVANCED_FACE('',(#1404),#1210,.F.);
#5067=ADVANCED_FACE('',(#1405),#1211,.F.);
#5068=ADVANCED_FACE('',(#1406),#1212,.F.);
#5069=ADVANCED_FACE('',(#1407),#65,.F.);
#5070=ADVANCED_FACE('',(#1408),#1213,.F.);
#5071=ADVANCED_FACE('',(#1409),#1214,.F.);
#5072=ADVANCED_FACE('',(#1410),#1215,.F.);
#5073=ADVANCED_FACE('',(#1411),#66,.F.);
#5074=ADVANCED_FACE('',(#1412),#1216,.F.);
#5075=ADVANCED_FACE('',(#1413),#1217,.F.);
#5076=ADVANCED_FACE('',(#1414),#1218,.F.);
#5077=ADVANCED_FACE('',(#1415),#67,.F.);
#5078=ADVANCED_FACE('',(#1416),#1219,.F.);
#5079=ADVANCED_FACE('',(#1417),#1220,.F.);
#5080=ADVANCED_FACE('',(#1418),#1221,.F.);
#5081=ADVANCED_FACE('',(#1419),#68,.F.);
#5082=ADVANCED_FACE('',(#1420),#1222,.F.);
#5083=ADVANCED_FACE('',(#1421),#1223,.F.);
#5084=ADVANCED_FACE('',(#1422),#1224,.F.);
#5085=ADVANCED_FACE('',(#1423),#69,.F.);
#5086=ADVANCED_FACE('',(#1424),#1225,.F.);
#5087=ADVANCED_FACE('',(#1425),#1226,.F.);
#5088=ADVANCED_FACE('',(#1426),#1227,.F.);
#5089=ADVANCED_FACE('',(#1427),#70,.F.);
#5090=ADVANCED_FACE('',(#1428),#1228,.F.);
#5091=ADVANCED_FACE('',(#1429),#1229,.F.);
#5092=ADVANCED_FACE('',(#1430),#1230,.F.);
#5093=ADVANCED_FACE('',(#1431),#71,.F.);
#5094=ADVANCED_FACE('',(#1432),#1231,.F.);
#5095=ADVANCED_FACE('',(#1433),#1232,.F.);
#5096=ADVANCED_FACE('',(#1434),#1233,.F.);
#5097=ADVANCED_FACE('',(#1435),#72,.F.);
#5098=ADVANCED_FACE('',(#1436),#73,.F.);
#5099=ADVANCED_FACE('',(#1437),#74,.F.);
#5100=ADVANCED_FACE('',(#1438),#75,.F.);
#5101=ADVANCED_FACE('',(#1439),#76,.F.);
#5102=ADVANCED_FACE('',(#1440),#1234,.F.);
#5103=ADVANCED_FACE('',(#1441),#77,.F.);
#5104=ADVANCED_FACE('',(#1442),#78,.T.);
#5105=ADVANCED_FACE('',(#1443),#79,.F.);
#5106=ADVANCED_FACE('',(#1444),#1235,.F.);
#5107=ADVANCED_FACE('',(#1445),#80,.T.);
#5108=ADVANCED_FACE('',(#1446),#81,.F.);
#5109=ADVANCED_FACE('',(#1447),#1236,.F.);
#5110=ADVANCED_FACE('',(#1448),#82,.F.);
#5111=ADVANCED_FACE('',(#1449),#83,.F.);
#5112=ADVANCED_FACE('',(#1450),#84,.F.);
#5113=ADVANCED_FACE('',(#1451),#85,.F.);
#5114=ADVANCED_FACE('',(#1452),#86,.F.);
#5115=ADVANCED_FACE('',(#1453),#87,.F.);
#5116=ADVANCED_FACE('',(#1454),#4909,.T.);
#5117=ADVANCED_FACE('',(#1455,#133,#134,#135,#136,#137),#1237,.F.);
#5118=ADVANCED_FACE('',(#1456),#1238,.F.);
#5119=ADVANCED_FACE('',(#1457),#4910,.T.);
#5120=ADVANCED_FACE('',(#1458),#1239,.F.);
#5121=ADVANCED_FACE('',(#1459),#4911,.T.);
#5122=ADVANCED_FACE('',(#1460),#1240,.F.);
#5123=ADVANCED_FACE('',(#1461),#88,.T.);
#5124=ADVANCED_FACE('',(#1462),#4912,.T.);
#5125=ADVANCED_FACE('',(#1463),#1241,.F.);
#5126=ADVANCED_FACE('',(#1464),#4913,.T.);
#5127=ADVANCED_FACE('',(#1465),#1242,.F.);
#5128=ADVANCED_FACE('',(#1466),#4914,.T.);
#5129=ADVANCED_FACE('',(#1467),#1243,.F.);
#5130=ADVANCED_FACE('',(#1468),#4915,.T.);
#5131=ADVANCED_FACE('',(#1469),#1244,.F.);
#5132=ADVANCED_FACE('',(#1470),#4916,.T.);
#5133=ADVANCED_FACE('',(#1471),#1245,.F.);
#5134=ADVANCED_FACE('',(#1472),#4917,.T.);
#5135=ADVANCED_FACE('',(#1473),#1246,.F.);
#5136=ADVANCED_FACE('',(#1474),#1247,.F.);
#5137=ADVANCED_FACE('',(#1475),#4918,.T.);
#5138=ADVANCED_FACE('',(#1476),#89,.T.);
#5139=ADVANCED_FACE('',(#1477),#1248,.F.);
#5140=ADVANCED_FACE('',(#1478),#90,.T.);
#5141=ADVANCED_FACE('',(#1479),#91,.T.);
#5142=ADVANCED_FACE('',(#1480),#92,.T.);
#5143=ADVANCED_FACE('',(#1481),#93,.T.);
#5144=ADVANCED_FACE('',(#1482),#94,.T.);
#5145=ADVANCED_FACE('',(#1483),#95,.T.);
#5146=ADVANCED_FACE('',(#1484),#96,.T.);
#5147=ADVANCED_FACE('',(#1485),#97,.T.);
#5148=ADVANCED_FACE('',(#1486),#4919,.T.);
#5149=ADVANCED_FACE('',(#1487),#1249,.F.);
#5150=ADVANCED_FACE('',(#1488),#98,.T.);
#5151=ADVANCED_FACE('',(#1489),#1250,.F.);
#5152=ADVANCED_FACE('',(#1490),#1251,.F.);
#5153=ADVANCED_FACE('',(#1491),#1252,.F.);
#5154=ADVANCED_FACE('',(#1492),#1253,.F.);
#5155=ADVANCED_FACE('',(#1493),#1254,.F.);
#5156=ADVANCED_FACE('',(#1494),#1255,.F.);
#5157=ADVANCED_FACE('',(#1495),#1256,.F.);
#5158=ADVANCED_FACE('',(#1496),#1257,.F.);
#5159=ADVANCED_FACE('',(#1497),#1258,.F.);
#5160=ADVANCED_FACE('',(#1498),#4920,.T.);
#5161=ADVANCED_FACE('',(#1499),#1259,.F.);
#5162=ADVANCED_FACE('',(#1500),#4921,.T.);
#5163=ADVANCED_FACE('',(#1501),#1260,.F.);
#5164=ADVANCED_FACE('',(#1502),#4922,.F.);
#5165=ADVANCED_FACE('',(#1503),#99,.F.);
#5166=ADVANCED_FACE('',(#1504),#4923,.F.);
#5167=ADVANCED_FACE('',(#1505),#100,.F.);
#5168=ADVANCED_FACE('',(#1506),#4924,.F.);
#5169=ADVANCED_FACE('',(#1507),#101,.F.);
#5170=ADVANCED_FACE('',(#1508),#4925,.F.);
#5171=ADVANCED_FACE('',(#1509),#102,.F.);
#5172=ADVANCED_FACE('',(#1510),#4926,.F.);
#5173=ADVANCED_FACE('',(#1511),#103,.F.);
#5174=ADVANCED_FACE('',(#1512),#104,.F.);
#5175=ADVANCED_FACE('',(#1513),#105,.F.);
#5176=ADVANCED_FACE('',(#1514),#106,.F.);
#5177=ADVANCED_FACE('',(#1515),#107,.F.);
#5178=ADVANCED_FACE('',(#1516),#1261,.F.);
#5179=ADVANCED_FACE('',(#1517),#108,.F.);
#5180=ADVANCED_FACE('',(#1518),#109,.T.);
#5181=ADVANCED_FACE('',(#1519),#1262,.F.);
#5182=ADVANCED_FACE('',(#1520),#110,.F.);
#5183=ADVANCED_FACE('',(#1521),#111,.T.);
#5184=ADVANCED_FACE('',(#1522),#1263,.F.);
#5185=ADVANCED_FACE('',(#1523),#112,.F.);
#5186=ADVANCED_FACE('',(#1524),#113,.F.);
#5187=ADVANCED_FACE('',(#1525),#114,.F.);
#5188=ADVANCED_FACE('',(#1526),#115,.F.);
#5189=ADVANCED_FACE('',(#1527),#116,.F.);
#5190=ADVANCED_FACE('',(#1528),#117,.F.);
#5191=ADVANCED_FACE('',(#1529),#118,.F.);
#5192=ADVANCED_FACE('',(#1530,#138,#139,#140,#141,#142),#1264,.T.);
#5193=CLOSED_SHELL('',(#4927,#4928,#4929,#4930,#4931,#4932,#4933,#4934,
#4935,#4936,#4937,#4938,#4939,#4940,#4941,#4942,#4943,#4944,#4945,#4946,
#4947,#4948,#4949,#4950,#4951,#4952,#4953,#4954,#4955,#4956,#4957,#4958,
#4959,#4960,#4961,#4962,#4963,#4964,#4965,#4966,#4967,#4968,#4969,#4970,
#4971,#4972,#4973,#4974,#4975,#4976,#4977,#4978,#4979,#4980,#4981,#4982,
#4983,#4984,#4985,#4986,#4987,#4988,#4989,#4990,#4991,#4992,#4993,#4994,
#4995,#4996,#4997,#4998,#4999,#5000,#5001,#5002,#5003,#5004,#5005,#5006,
#5007,#5008,#5009,#5010,#5011,#5012,#5013,#5014,#5015,#5016,#5017,#5018,
#5019,#5020,#5021,#5022,#5023,#5024,#5025,#5026,#5027,#5028,#5029,#5030,
#5031,#5032,#5033,#5034,#5035,#5036,#5037,#5038,#5039,#5040,#5041,#5042,
#5043,#5044,#5045,#5046,#5047,#5048,#5049,#5050,#5051,#5052,#5053,#5054,
#5055,#5056,#5057,#5058,#5059,#5060,#5061,#5062,#5063,#5064,#5065,#5066,
#5067,#5068,#5069,#5070,#5071,#5072,#5073,#5074,#5075,#5076,#5077,#5078,
#5079,#5080,#5081,#5082,#5083,#5084,#5085,#5086,#5087,#5088,#5089,#5090,
#5091,#5092,#5093,#5094,#5095,#5096,#5097,#5098,#5099,#5100,#5101,#5102,
#5103,#5104,#5105,#5106,#5107,#5108,#5109,#5110,#5111,#5112,#5113,#5114,
#5115));
#5194=CLOSED_SHELL('',(#5116,#5117,#5118,#5119,#5120,#5121,#5122,#5123,
#5124,#5125,#5126,#5127,#5128,#5129,#5130,#5131,#5132,#5133,#5134,#5135,
#5136,#5137,#5138,#5139,#5140,#5141,#5142,#5143,#5144,#5145,#5146,#5147,
#5148,#5149,#5150,#5151,#5152,#5153,#5154,#5155,#5156,#5157,#5158,#5159,
#5160,#5161,#5162,#5163,#5164,#5165,#5166,#5167,#5168,#5169,#5170,#5171,
#5172,#5173,#5174,#5175,#5176,#5177,#5178,#5179,#5180,#5181,#5182,#5183,
#5184,#5185,#5186,#5187,#5188,#5189,#5190,#5191,#5192));
#5195=DERIVED_UNIT_ELEMENT(#5199,1.);
#5196=DERIVED_UNIT_ELEMENT(#8837,-3.);
#5197=DERIVED_UNIT_ELEMENT(#5199,1.);
#5198=DERIVED_UNIT_ELEMENT(#8837,-3.);
#5199=(
MASS_UNIT()
NAMED_UNIT(*)
SI_UNIT(.KILO.,.GRAM.)
);
#5200=DERIVED_UNIT((#5195,#5196));
#5201=DERIVED_UNIT((#5197,#5198));
#5202=MEASURE_REPRESENTATION_ITEM('density measure',
POSITIVE_RATIO_MEASURE(7850.),#5200);
#5203=MEASURE_REPRESENTATION_ITEM('density measure',
POSITIVE_RATIO_MEASURE(7850.),#5201);
#5204=PROPERTY_DEFINITION_REPRESENTATION(#5214,#5208);
#5205=PROPERTY_DEFINITION_REPRESENTATION(#5215,#5209);
#5206=PROPERTY_DEFINITION_REPRESENTATION(#5216,#5210);
#5207=PROPERTY_DEFINITION_REPRESENTATION(#5217,#5211);
#5208=REPRESENTATION('material name',(#5212),#8833);
#5209=REPRESENTATION('density',(#5202),#8833);
#5210=REPRESENTATION('material name',(#5213),#8834);
#5211=REPRESENTATION('density',(#5203),#8834);
#5212=DESCRIPTIVE_REPRESENTATION_ITEM('Steel','Steel');
#5213=DESCRIPTIVE_REPRESENTATION_ITEM('Steel','Steel');
#5214=PROPERTY_DEFINITION('material property','material name',#8853);
#5215=PROPERTY_DEFINITION('material property','density of part',#8853);
#5216=PROPERTY_DEFINITION('material property','material name',#8854);
#5217=PROPERTY_DEFINITION('material property','density of part',#8854);
#5218=AXIS2_PLACEMENT_3D('',#7183,#5709,#5710);
#5219=AXIS2_PLACEMENT_3D('',#7184,#5711,#5712);
#5220=AXIS2_PLACEMENT_3D('',#7185,#5713,#5714);
#5221=AXIS2_PLACEMENT_3D('',#7192,#5715,#5716);
#5222=AXIS2_PLACEMENT_3D('',#7197,#5717,#5718);
#5223=AXIS2_PLACEMENT_3D('',#7198,#5719,#5720);
#5224=AXIS2_PLACEMENT_3D('',#7202,#5722,#5723);
#5225=AXIS2_PLACEMENT_3D('',#7206,#5725,#5726);
#5226=AXIS2_PLACEMENT_3D('',#7210,#5728,#5729);
#5227=AXIS2_PLACEMENT_3D('',#7214,#5731,#5732);
#5228=AXIS2_PLACEMENT_3D('',#7218,#5734,#5735);
#5229=AXIS2_PLACEMENT_3D('',#7222,#5737,#5738);
#5230=AXIS2_PLACEMENT_3D('',#7226,#5740,#5741);
#5231=AXIS2_PLACEMENT_3D('',#7230,#5743,#5744);
#5232=AXIS2_PLACEMENT_3D('',#7234,#5746,#5747);
#5233=AXIS2_PLACEMENT_3D('',#7238,#5749,#5750);
#5234=AXIS2_PLACEMENT_3D('',#7242,#5752,#5753);
#5235=AXIS2_PLACEMENT_3D('',#7246,#5755,#5756);
#5236=AXIS2_PLACEMENT_3D('',#7250,#5758,#5759);
#5237=AXIS2_PLACEMENT_3D('',#7254,#5761,#5762);
#5238=AXIS2_PLACEMENT_3D('',#7258,#5764,#5765);
#5239=AXIS2_PLACEMENT_3D('',#7262,#5767,#5768);
#5240=AXIS2_PLACEMENT_3D('',#7266,#5770,#5771);
#5241=AXIS2_PLACEMENT_3D('',#7270,#5773,#5774);
#5242=AXIS2_PLACEMENT_3D('',#7274,#5776,#5777);
#5243=AXIS2_PLACEMENT_3D('',#7278,#5779,#5780);
#5244=AXIS2_PLACEMENT_3D('',#7282,#5782,#5783);
#5245=AXIS2_PLACEMENT_3D('',#7286,#5785,#5786);
#5246=AXIS2_PLACEMENT_3D('',#7290,#5788,#5789);
#5247=AXIS2_PLACEMENT_3D('',#7294,#5791,#5792);
#5248=AXIS2_PLACEMENT_3D('',#7298,#5794,#5795);
#5249=AXIS2_PLACEMENT_3D('',#7301,#5797,#5798);
#5250=AXIS2_PLACEMENT_3D('',#7303,#5799,#5800);
#5251=AXIS2_PLACEMENT_3D('',#7305,#5801,#5802);
#5252=AXIS2_PLACEMENT_3D('',#7307,#5803,#5804);
#5253=AXIS2_PLACEMENT_3D('',#7309,#5805,#5806);
#5254=AXIS2_PLACEMENT_3D('',#7310,#5807,#5808);
#5255=AXIS2_PLACEMENT_3D('',#7318,#5812,#5813);
#5256=AXIS2_PLACEMENT_3D('',#7324,#5817,#5818);
#5257=AXIS2_PLACEMENT_3D('',#7333,#5819,#5820);
#5258=AXIS2_PLACEMENT_3D('',#7334,#5821,#5822);
#5259=AXIS2_PLACEMENT_3D('',#7342,#5826,#5827);
#5260=AXIS2_PLACEMENT_3D('',#7348,#5831,#5832);
#5261=AXIS2_PLACEMENT_3D('',#7357,#5833,#5834);
#5262=AXIS2_PLACEMENT_3D('',#7358,#5835,#5836);
#5263=AXIS2_PLACEMENT_3D('',#7366,#5840,#5841);
#5264=AXIS2_PLACEMENT_3D('',#7372,#5845,#5846);
#5265=AXIS2_PLACEMENT_3D('',#7374,#5847,#5848);
#5266=AXIS2_PLACEMENT_3D('',#7376,#5850,#5851);
#5267=AXIS2_PLACEMENT_3D('',#7385,#5852,#5853);
#5268=AXIS2_PLACEMENT_3D('',#7386,#5854,#5855);
#5269=AXIS2_PLACEMENT_3D('',#7394,#5859,#5860);
#5270=AXIS2_PLACEMENT_3D('',#7400,#5864,#5865);
#5271=AXIS2_PLACEMENT_3D('',#7409,#5866,#5867);
#5272=AXIS2_PLACEMENT_3D('',#7410,#5868,#5869);
#5273=AXIS2_PLACEMENT_3D('',#7418,#5873,#5874);
#5274=AXIS2_PLACEMENT_3D('',#7424,#5878,#5879);
#5275=AXIS2_PLACEMENT_3D('',#7433,#5880,#5881);
#5276=AXIS2_PLACEMENT_3D('',#7434,#5882,#5883);
#5277=AXIS2_PLACEMENT_3D('',#7442,#5887,#5888);
#5278=AXIS2_PLACEMENT_3D('',#7448,#5892,#5893);
#5279=AXIS2_PLACEMENT_3D('',#7457,#5894,#5895);
#5280=AXIS2_PLACEMENT_3D('',#7458,#5896,#5897);
#5281=AXIS2_PLACEMENT_3D('',#7466,#5901,#5902);
#5282=AXIS2_PLACEMENT_3D('',#7472,#5906,#5907);
#5283=AXIS2_PLACEMENT_3D('',#7481,#5908,#5909);
#5284=AXIS2_PLACEMENT_3D('',#7482,#5910,#5911);
#5285=AXIS2_PLACEMENT_3D('',#7490,#5915,#5916);
#5286=AXIS2_PLACEMENT_3D('',#7496,#5920,#5921);
#5287=AXIS2_PLACEMENT_3D('',#7505,#5922,#5923);
#5288=AXIS2_PLACEMENT_3D('',#7506,#5924,#5925);
#5289=AXIS2_PLACEMENT_3D('',#7514,#5929,#5930);
#5290=AXIS2_PLACEMENT_3D('',#7520,#5934,#5935);
#5291=AXIS2_PLACEMENT_3D('',#7526,#5938,#5939);
#5292=AXIS2_PLACEMENT_3D('',#7532,#5943,#5944);
#5293=AXIS2_PLACEMENT_3D('',#7541,#5945,#5946);
#5294=AXIS2_PLACEMENT_3D('',#7542,#5947,#5948);
#5295=AXIS2_PLACEMENT_3D('',#7545,#5950,#5951);
#5296=AXIS2_PLACEMENT_3D('',#7546,#5952,#5953);
#5297=AXIS2_PLACEMENT_3D('',#7549,#5955,#5956);
#5298=AXIS2_PLACEMENT_3D('',#7550,#5957,#5958);
#5299=AXIS2_PLACEMENT_3D('',#7553,#5960,#5961);
#5300=AXIS2_PLACEMENT_3D('',#7554,#5962,#5963);
#5301=AXIS2_PLACEMENT_3D('',#7557,#5965,#5966);
#5302=AXIS2_PLACEMENT_3D('',#7558,#5967,#5968);
#5303=AXIS2_PLACEMENT_3D('',#7561,#5970,#5971);
#5304=AXIS2_PLACEMENT_3D('',#7562,#5972,#5973);
#5305=AXIS2_PLACEMENT_3D('',#7565,#5975,#5976);
#5306=AXIS2_PLACEMENT_3D('',#7566,#5977,#5978);
#5307=AXIS2_PLACEMENT_3D('',#7569,#5980,#5981);
#5308=AXIS2_PLACEMENT_3D('',#7570,#5982,#5983);
#5309=AXIS2_PLACEMENT_3D('',#7578,#5987,#5988);
#5310=AXIS2_PLACEMENT_3D('',#7584,#5992,#5993);
#5311=AXIS2_PLACEMENT_3D('',#7587,#5995,#5996);
#5312=AXIS2_PLACEMENT_3D('',#7588,#5997,#5998);
#5313=AXIS2_PLACEMENT_3D('',#7591,#6000,#6001);
#5314=AXIS2_PLACEMENT_3D('',#7592,#6002,#6003);
#5315=AXIS2_PLACEMENT_3D('',#7601,#6004,#6005);
#5316=AXIS2_PLACEMENT_3D('',#7602,#6006,#6007);
#5317=AXIS2_PLACEMENT_3D('',#7610,#6011,#6012);
#5318=AXIS2_PLACEMENT_3D('',#7614,#6015,#6016);
#5319=AXIS2_PLACEMENT_3D('',#7622,#6020,#6021);
#5320=AXIS2_PLACEMENT_3D('',#7626,#6024,#6025);
#5321=AXIS2_PLACEMENT_3D('',#7634,#6029,#6030);
#5322=AXIS2_PLACEMENT_3D('',#7638,#6033,#6034);
#5323=AXIS2_PLACEMENT_3D('',#7646,#6038,#6039);
#5324=AXIS2_PLACEMENT_3D('',#7650,#6042,#6043);
#5325=AXIS2_PLACEMENT_3D('',#7658,#6047,#6048);
#5326=AXIS2_PLACEMENT_3D('',#7662,#6051,#6052);
#5327=AXIS2_PLACEMENT_3D('',#7670,#6056,#6057);
#5328=AXIS2_PLACEMENT_3D('',#7674,#6060,#6061);
#5329=AXIS2_PLACEMENT_3D('',#7682,#6065,#6066);
#5330=AXIS2_PLACEMENT_3D('',#7686,#6069,#6070);
#5331=AXIS2_PLACEMENT_3D('',#7694,#6074,#6075);
#5332=AXIS2_PLACEMENT_3D('',#7698,#6078,#6079);
#5333=AXIS2_PLACEMENT_3D('',#7702,#6081,#6082);
#5334=AXIS2_PLACEMENT_3D('',#7704,#6084,#6085);
#5335=AXIS2_PLACEMENT_3D('',#7712,#6089,#6090);
#5336=AXIS2_PLACEMENT_3D('',#7716,#6093,#6094);
#5337=AXIS2_PLACEMENT_3D('',#7724,#6098,#6099);
#5338=AXIS2_PLACEMENT_3D('',#7728,#6102,#6103);
#5339=AXIS2_PLACEMENT_3D('',#7737,#6104,#6105);
#5340=AXIS2_PLACEMENT_3D('',#7738,#6106,#6107);
#5341=AXIS2_PLACEMENT_3D('',#7746,#6111,#6112);
#5342=AXIS2_PLACEMENT_3D('',#7752,#6116,#6117);
#5343=AXIS2_PLACEMENT_3D('',#7761,#6118,#6119);
#5344=AXIS2_PLACEMENT_3D('',#7762,#6120,#6121);
#5345=AXIS2_PLACEMENT_3D('',#7770,#6125,#6126);
#5346=AXIS2_PLACEMENT_3D('',#7776,#6130,#6131);
#5347=AXIS2_PLACEMENT_3D('',#7779,#6133,#6134);
#5348=AXIS2_PLACEMENT_3D('',#7780,#6135,#6136);
#5349=AXIS2_PLACEMENT_3D('',#7782,#6137,#6138);
#5350=AXIS2_PLACEMENT_3D('',#7784,#6140,#6141);
#5351=AXIS2_PLACEMENT_3D('',#7787,#6143,#6144);
#5352=AXIS2_PLACEMENT_3D('',#7788,#6145,#6146);
#5353=AXIS2_PLACEMENT_3D('',#7791,#6148,#6149);
#5354=AXIS2_PLACEMENT_3D('',#7792,#6150,#6151);
#5355=AXIS2_PLACEMENT_3D('',#7795,#6153,#6154);
#5356=AXIS2_PLACEMENT_3D('',#7796,#6155,#6156);
#5357=AXIS2_PLACEMENT_3D('',#7799,#6158,#6159);
#5358=AXIS2_PLACEMENT_3D('',#7800,#6160,#6161);
#5359=AXIS2_PLACEMENT_3D('',#7803,#6163,#6164);
#5360=AXIS2_PLACEMENT_3D('',#7804,#6165,#6166);
#5361=AXIS2_PLACEMENT_3D('',#7807,#6168,#6169);
#5362=AXIS2_PLACEMENT_3D('',#7808,#6170,#6171);
#5363=AXIS2_PLACEMENT_3D('',#7811,#6173,#6174);
#5364=AXIS2_PLACEMENT_3D('',#7812,#6175,#6176);
#5365=AXIS2_PLACEMENT_3D('',#7815,#6178,#6179);
#5366=AXIS2_PLACEMENT_3D('',#7816,#6180,#6181);
#5367=AXIS2_PLACEMENT_3D('',#7818,#6182,#6183);
#5368=AXIS2_PLACEMENT_3D('',#7819,#6184,#6185);
#5369=AXIS2_PLACEMENT_3D('',#7821,#6186,#6187);
#5370=AXIS2_PLACEMENT_3D('',#7822,#6188,#6189);
#5371=AXIS2_PLACEMENT_3D('',#7824,#6190,#6191);
#5372=AXIS2_PLACEMENT_3D('',#7825,#6192,#6193);
#5373=AXIS2_PLACEMENT_3D('',#7827,#6194,#6195);
#5374=AXIS2_PLACEMENT_3D('',#7828,#6196,#6197);
#5375=AXIS2_PLACEMENT_3D('',#7830,#6198,#6199);
#5376=AXIS2_PLACEMENT_3D('',#7832,#6201,#6202);
#5377=AXIS2_PLACEMENT_3D('',#7834,#6203,#6204);
#5378=AXIS2_PLACEMENT_3D('',#7836,#6206,#6207);
#5379=AXIS2_PLACEMENT_3D('',#7838,#6208,#6209);
#5380=AXIS2_PLACEMENT_3D('',#7840,#6211,#6212);
#5381=AXIS2_PLACEMENT_3D('',#7842,#6213,#6214);
#5382=AXIS2_PLACEMENT_3D('',#7844,#6216,#6217);
#5383=AXIS2_PLACEMENT_3D('',#7851,#6220,#6221);
#5384=AXIS2_PLACEMENT_3D('',#7853,#6223,#6224);
#5385=AXIS2_PLACEMENT_3D('',#7859,#6228,#6229);
#5386=AXIS2_PLACEMENT_3D('',#7862,#6232,#6233);
#5387=AXIS2_PLACEMENT_3D('',#7864,#6234,#6235);
#5388=AXIS2_PLACEMENT_3D('',#7866,#6237,#6238);
#5389=AXIS2_PLACEMENT_3D('',#7870,#6241,#6242);
#5390=AXIS2_PLACEMENT_3D('',#7873,#6245,#6246);
#5391=AXIS2_PLACEMENT_3D('',#7875,#6248,#6249);
#5392=AXIS2_PLACEMENT_3D('',#7876,#6250,#6251);
#5393=AXIS2_PLACEMENT_3D('',#7882,#6255,#6256);
#5394=AXIS2_PLACEMENT_3D('',#7893,#6263,#6264);
#5395=AXIS2_PLACEMENT_3D('',#7905,#6271,#6272);
#5396=AXIS2_PLACEMENT_3D('',#7921,#6281,#6282);
#5397=AXIS2_PLACEMENT_3D('',#7932,#6288,#6289);
#5398=AXIS2_PLACEMENT_3D('',#7939,#6293,#6294);
#5399=AXIS2_PLACEMENT_3D('',#7950,#6300,#6301);
#5400=AXIS2_PLACEMENT_3D('',#7956,#6305,#6306);
#5401=AXIS2_PLACEMENT_3D('',#7967,#6313,#6314);
#5402=AXIS2_PLACEMENT_3D('',#7978,#6321,#6322);
#5403=AXIS2_PLACEMENT_3D('',#7989,#6329,#6330);
#5404=AXIS2_PLACEMENT_3D('',#8000,#6337,#6338);
#5405=AXIS2_PLACEMENT_3D('',#8011,#6345,#6346);
#5406=AXIS2_PLACEMENT_3D('',#8022,#6353,#6354);
#5407=AXIS2_PLACEMENT_3D('',#8028,#6358,#6359);
#5408=AXIS2_PLACEMENT_3D('',#8029,#6360,#6361);
#5409=AXIS2_PLACEMENT_3D('',#8033,#6363,#6364);
#5410=AXIS2_PLACEMENT_3D('',#8035,#6366,#6367);
#5411=AXIS2_PLACEMENT_3D('',#8039,#6370,#6371);
#5412=AXIS2_PLACEMENT_3D('',#8041,#6373,#6374);
#5413=AXIS2_PLACEMENT_3D('',#8043,#6375,#6376);
#5414=AXIS2_PLACEMENT_3D('',#8045,#6378,#6379);
#5415=AXIS2_PLACEMENT_3D('',#8047,#6381,#6382);
#5416=AXIS2_PLACEMENT_3D('',#8049,#6384,#6385);
#5417=AXIS2_PLACEMENT_3D('',#8050,#6386,#6387);
#5418=AXIS2_PLACEMENT_3D('',#8051,#6388,#6389);
#5419=AXIS2_PLACEMENT_3D('',#8055,#6391,#6392);
#5420=AXIS2_PLACEMENT_3D('',#8057,#6394,#6395);
#5421=AXIS2_PLACEMENT_3D('',#8061,#6398,#6399);
#5422=AXIS2_PLACEMENT_3D('',#8063,#6401,#6402);
#5423=AXIS2_PLACEMENT_3D('',#8065,#6403,#6404);
#5424=AXIS2_PLACEMENT_3D('',#8067,#6406,#6407);
#5425=AXIS2_PLACEMENT_3D('',#8069,#6409,#6410);
#5426=AXIS2_PLACEMENT_3D('',#8071,#6412,#6413);
#5427=AXIS2_PLACEMENT_3D('',#8072,#6414,#6415);
#5428=AXIS2_PLACEMENT_3D('',#8073,#6416,#6417);
#5429=AXIS2_PLACEMENT_3D('',#8077,#6419,#6420);
#5430=AXIS2_PLACEMENT_3D('',#8079,#6422,#6423);
#5431=AXIS2_PLACEMENT_3D('',#8083,#6426,#6427);
#5432=AXIS2_PLACEMENT_3D('',#8087,#6430,#6431);
#5433=AXIS2_PLACEMENT_3D('',#8089,#6432,#6433);
#5434=AXIS2_PLACEMENT_3D('',#8091,#6435,#6436);
#5435=AXIS2_PLACEMENT_3D('',#8093,#6438,#6439);
#5436=AXIS2_PLACEMENT_3D('',#8097,#6442,#6443);
#5437=AXIS2_PLACEMENT_3D('',#8098,#6444,#6445);
#5438=AXIS2_PLACEMENT_3D('',#8099,#6446,#6447);
#5439=AXIS2_PLACEMENT_3D('',#8100,#6448,#6449);
#5440=AXIS2_PLACEMENT_3D('',#8104,#6451,#6452);
#5441=AXIS2_PLACEMENT_3D('',#8106,#6454,#6455);
#5442=AXIS2_PLACEMENT_3D('',#8110,#6458,#6459);
#5443=AXIS2_PLACEMENT_3D('',#8114,#6462,#6463);
#5444=AXIS2_PLACEMENT_3D('',#8116,#6464,#6465);
#5445=AXIS2_PLACEMENT_3D('',#8118,#6467,#6468);
#5446=AXIS2_PLACEMENT_3D('',#8120,#6470,#6471);
#5447=AXIS2_PLACEMENT_3D('',#8124,#6474,#6475);
#5448=AXIS2_PLACEMENT_3D('',#8125,#6476,#6477);
#5449=AXIS2_PLACEMENT_3D('',#8126,#6478,#6479);
#5450=AXIS2_PLACEMENT_3D('',#8127,#6480,#6481);
#5451=AXIS2_PLACEMENT_3D('',#8131,#6483,#6484);
#5452=AXIS2_PLACEMENT_3D('',#8133,#6486,#6487);
#5453=AXIS2_PLACEMENT_3D('',#8137,#6490,#6491);
#5454=AXIS2_PLACEMENT_3D('',#8141,#6494,#6495);
#5455=AXIS2_PLACEMENT_3D('',#8143,#6496,#6497);
#5456=AXIS2_PLACEMENT_3D('',#8145,#6499,#6500);
#5457=AXIS2_PLACEMENT_3D('',#8147,#6502,#6503);
#5458=AXIS2_PLACEMENT_3D('',#8151,#6506,#6507);
#5459=AXIS2_PLACEMENT_3D('',#8152,#6508,#6509);
#5460=AXIS2_PLACEMENT_3D('',#8153,#6510,#6511);
#5461=AXIS2_PLACEMENT_3D('',#8154,#6512,#6513);
#5462=AXIS2_PLACEMENT_3D('',#8158,#6515,#6516);
#5463=AXIS2_PLACEMENT_3D('',#8160,#6518,#6519);
#5464=AXIS2_PLACEMENT_3D('',#8164,#6522,#6523);
#5465=AXIS2_PLACEMENT_3D('',#8166,#6525,#6526);
#5466=AXIS2_PLACEMENT_3D('',#8168,#6527,#6528);
#5467=AXIS2_PLACEMENT_3D('',#8170,#6530,#6531);
#5468=AXIS2_PLACEMENT_3D('',#8172,#6533,#6534);
#5469=AXIS2_PLACEMENT_3D('',#8174,#6536,#6537);
#5470=AXIS2_PLACEMENT_3D('',#8175,#6538,#6539);
#5471=AXIS2_PLACEMENT_3D('',#8176,#6540,#6541);
#5472=AXIS2_PLACEMENT_3D('',#8180,#6543,#6544);
#5473=AXIS2_PLACEMENT_3D('',#8182,#6546,#6547);
#5474=AXIS2_PLACEMENT_3D('',#8186,#6550,#6551);
#5475=AXIS2_PLACEMENT_3D('',#8188,#6553,#6554);
#5476=AXIS2_PLACEMENT_3D('',#8190,#6555,#6556);
#5477=AXIS2_PLACEMENT_3D('',#8192,#6558,#6559);
#5478=AXIS2_PLACEMENT_3D('',#8194,#6561,#6562);
#5479=AXIS2_PLACEMENT_3D('',#8196,#6564,#6565);
#5480=AXIS2_PLACEMENT_3D('',#8197,#6566,#6567);
#5481=AXIS2_PLACEMENT_3D('',#8198,#6568,#6569);
#5482=AXIS2_PLACEMENT_3D('',#8202,#6571,#6572);
#5483=AXIS2_PLACEMENT_3D('',#8204,#6574,#6575);
#5484=AXIS2_PLACEMENT_3D('',#8208,#6578,#6579);
#5485=AXIS2_PLACEMENT_3D('',#8210,#6581,#6582);
#5486=AXIS2_PLACEMENT_3D('',#8212,#6583,#6584);
#5487=AXIS2_PLACEMENT_3D('',#8214,#6586,#6587);
#5488=AXIS2_PLACEMENT_3D('',#8216,#6589,#6590);
#5489=AXIS2_PLACEMENT_3D('',#8218,#6592,#6593);
#5490=AXIS2_PLACEMENT_3D('',#8219,#6594,#6595);
#5491=AXIS2_PLACEMENT_3D('',#8220,#6596,#6597);
#5492=AXIS2_PLACEMENT_3D('',#8224,#6599,#6600);
#5493=AXIS2_PLACEMENT_3D('',#8226,#6602,#6603);
#5494=AXIS2_PLACEMENT_3D('',#8230,#6606,#6607);
#5495=AXIS2_PLACEMENT_3D('',#8232,#6609,#6610);
#5496=AXIS2_PLACEMENT_3D('',#8234,#6611,#6612);
#5497=AXIS2_PLACEMENT_3D('',#8236,#6614,#6615);
#5498=AXIS2_PLACEMENT_3D('',#8238,#6617,#6618);
#5499=AXIS2_PLACEMENT_3D('',#8240,#6620,#6621);
#5500=AXIS2_PLACEMENT_3D('',#8241,#6622,#6623);
#5501=AXIS2_PLACEMENT_3D('',#8242,#6624,#6625);
#5502=AXIS2_PLACEMENT_3D('',#8246,#6627,#6628);
#5503=AXIS2_PLACEMENT_3D('',#8248,#6630,#6631);
#5504=AXIS2_PLACEMENT_3D('',#8252,#6634,#6635);
#5505=AXIS2_PLACEMENT_3D('',#8254,#6637,#6638);
#5506=AXIS2_PLACEMENT_3D('',#8256,#6639,#6640);
#5507=AXIS2_PLACEMENT_3D('',#8258,#6642,#6643);
#5508=AXIS2_PLACEMENT_3D('',#8260,#6645,#6646);
#5509=AXIS2_PLACEMENT_3D('',#8262,#6648,#6649);
#5510=AXIS2_PLACEMENT_3D('',#8263,#6650,#6651);
#5511=AXIS2_PLACEMENT_3D('',#8264,#6652,#6653);
#5512=AXIS2_PLACEMENT_3D('',#8268,#6655,#6656);
#5513=AXIS2_PLACEMENT_3D('',#8270,#6658,#6659);
#5514=AXIS2_PLACEMENT_3D('',#8274,#6662,#6663);
#5515=AXIS2_PLACEMENT_3D('',#8276,#6665,#6666);
#5516=AXIS2_PLACEMENT_3D('',#8278,#6667,#6668);
#5517=AXIS2_PLACEMENT_3D('',#8280,#6670,#6671);
#5518=AXIS2_PLACEMENT_3D('',#8282,#6673,#6674);
#5519=AXIS2_PLACEMENT_3D('',#8284,#6676,#6677);
#5520=AXIS2_PLACEMENT_3D('',#8285,#6678,#6679);
#5521=AXIS2_PLACEMENT_3D('',#8286,#6680,#6681);
#5522=AXIS2_PLACEMENT_3D('',#8290,#6683,#6684);
#5523=AXIS2_PLACEMENT_3D('',#8292,#6686,#6687);
#5524=AXIS2_PLACEMENT_3D('',#8296,#6690,#6691);
#5525=AXIS2_PLACEMENT_3D('',#8298,#6693,#6694);
#5526=AXIS2_PLACEMENT_3D('',#8300,#6695,#6696);
#5527=AXIS2_PLACEMENT_3D('',#8302,#6698,#6699);
#5528=AXIS2_PLACEMENT_3D('',#8304,#6701,#6702);
#5529=AXIS2_PLACEMENT_3D('',#8306,#6704,#6705);
#5530=AXIS2_PLACEMENT_3D('',#8307,#6706,#6707);
#5531=AXIS2_PLACEMENT_3D('',#8308,#6708,#6709);
#5532=AXIS2_PLACEMENT_3D('',#8309,#6710,#6711);
#5533=AXIS2_PLACEMENT_3D('',#8310,#6712,#6713);
#5534=AXIS2_PLACEMENT_3D('',#8311,#6714,#6715);
#5535=AXIS2_PLACEMENT_3D('',#8313,#6717,#6718);
#5536=AXIS2_PLACEMENT_3D('',#8314,#6719,#6720);
#5537=AXIS2_PLACEMENT_3D('',#8315,#6721,#6722);
#5538=AXIS2_PLACEMENT_3D('',#8317,#6724,#6725);
#5539=AXIS2_PLACEMENT_3D('',#8319,#6727,#6728);
#5540=AXIS2_PLACEMENT_3D('',#8321,#6730,#6731);
#5541=AXIS2_PLACEMENT_3D('',#8322,#6732,#6733);
#5542=AXIS2_PLACEMENT_3D('',#8324,#6735,#6736);
#5543=AXIS2_PLACEMENT_3D('',#8325,#6737,#6738);
#5544=AXIS2_PLACEMENT_3D('',#8326,#6739,#6740);
#5545=AXIS2_PLACEMENT_3D('',#8327,#6741,#6742);
#5546=AXIS2_PLACEMENT_3D('',#8328,#6743,#6744);
#5547=AXIS2_PLACEMENT_3D('',#8329,#6745,#6746);
#5548=AXIS2_PLACEMENT_3D('',#8330,#6747,#6748);
#5549=AXIS2_PLACEMENT_3D('',#8331,#6749,#6750);
#5550=AXIS2_PLACEMENT_3D('',#8332,#6751,#6752);
#5551=AXIS2_PLACEMENT_3D('',#8339,#6753,#6754);
#5552=AXIS2_PLACEMENT_3D('',#8344,#6755,#6756);
#5553=AXIS2_PLACEMENT_3D('',#8345,#6757,#6758);
#5554=AXIS2_PLACEMENT_3D('',#8349,#6760,#6761);
#5555=AXIS2_PLACEMENT_3D('',#8353,#6763,#6764);
#5556=AXIS2_PLACEMENT_3D('',#8357,#6766,#6767);
#5557=AXIS2_PLACEMENT_3D('',#8361,#6769,#6770);
#5558=AXIS2_PLACEMENT_3D('',#8365,#6772,#6773);
#5559=AXIS2_PLACEMENT_3D('',#8369,#6775,#6776);
#5560=AXIS2_PLACEMENT_3D('',#8373,#6778,#6779);
#5561=AXIS2_PLACEMENT_3D('',#8377,#6781,#6782);
#5562=AXIS2_PLACEMENT_3D('',#8381,#6784,#6785);
#5563=AXIS2_PLACEMENT_3D('',#8385,#6787,#6788);
#5564=AXIS2_PLACEMENT_3D('',#8389,#6790,#6791);
#5565=AXIS2_PLACEMENT_3D('',#8393,#6793,#6794);
#5566=AXIS2_PLACEMENT_3D('',#8397,#6796,#6797);
#5567=AXIS2_PLACEMENT_3D('',#8401,#6799,#6800);
#5568=AXIS2_PLACEMENT_3D('',#8405,#6802,#6803);
#5569=AXIS2_PLACEMENT_3D('',#8409,#6805,#6806);
#5570=AXIS2_PLACEMENT_3D('',#8413,#6808,#6809);
#5571=AXIS2_PLACEMENT_3D('',#8417,#6811,#6812);
#5572=AXIS2_PLACEMENT_3D('',#8421,#6814,#6815);
#5573=AXIS2_PLACEMENT_3D('',#8425,#6817,#6818);
#5574=AXIS2_PLACEMENT_3D('',#8429,#6820,#6821);
#5575=AXIS2_PLACEMENT_3D('',#8433,#6823,#6824);
#5576=AXIS2_PLACEMENT_3D('',#8437,#6826,#6827);
#5577=AXIS2_PLACEMENT_3D('',#8441,#6829,#6830);
#5578=AXIS2_PLACEMENT_3D('',#8445,#6832,#6833);
#5579=AXIS2_PLACEMENT_3D('',#8448,#6835,#6836);
#5580=AXIS2_PLACEMENT_3D('',#8450,#6837,#6838);
#5581=AXIS2_PLACEMENT_3D('',#8452,#6839,#6840);
#5582=AXIS2_PLACEMENT_3D('',#8454,#6841,#6842);
#5583=AXIS2_PLACEMENT_3D('',#8456,#6843,#6844);
#5584=AXIS2_PLACEMENT_3D('',#8457,#6845,#6846);
#5585=AXIS2_PLACEMENT_3D('',#8463,#6850,#6851);
#5586=AXIS2_PLACEMENT_3D('',#8472,#6852,#6853);
#5587=AXIS2_PLACEMENT_3D('',#8473,#6854,#6855);
#5588=AXIS2_PLACEMENT_3D('',#8479,#6859,#6860);
#5589=AXIS2_PLACEMENT_3D('',#8488,#6861,#6862);
#5590=AXIS2_PLACEMENT_3D('',#8489,#6863,#6864);
#5591=AXIS2_PLACEMENT_3D('',#8495,#6868,#6869);
#5592=AXIS2_PLACEMENT_3D('',#8497,#6870,#6871);
#5593=AXIS2_PLACEMENT_3D('',#8499,#6873,#6874);
#5594=AXIS2_PLACEMENT_3D('',#8508,#6875,#6876);
#5595=AXIS2_PLACEMENT_3D('',#8509,#6877,#6878);
#5596=AXIS2_PLACEMENT_3D('',#8515,#6882,#6883);
#5597=AXIS2_PLACEMENT_3D('',#8524,#6884,#6885);
#5598=AXIS2_PLACEMENT_3D('',#8525,#6886,#6887);
#5599=AXIS2_PLACEMENT_3D('',#8531,#6891,#6892);
#5600=AXIS2_PLACEMENT_3D('',#8540,#6893,#6894);
#5601=AXIS2_PLACEMENT_3D('',#8541,#6895,#6896);
#5602=AXIS2_PLACEMENT_3D('',#8547,#6900,#6901);
#5603=AXIS2_PLACEMENT_3D('',#8556,#6902,#6903);
#5604=AXIS2_PLACEMENT_3D('',#8557,#6904,#6905);
#5605=AXIS2_PLACEMENT_3D('',#8563,#6909,#6910);
#5606=AXIS2_PLACEMENT_3D('',#8572,#6911,#6912);
#5607=AXIS2_PLACEMENT_3D('',#8573,#6913,#6914);
#5608=AXIS2_PLACEMENT_3D('',#8579,#6918,#6919);
#5609=AXIS2_PLACEMENT_3D('',#8588,#6920,#6921);
#5610=AXIS2_PLACEMENT_3D('',#8589,#6922,#6923);
#5611=AXIS2_PLACEMENT_3D('',#8595,#6927,#6928);
#5612=AXIS2_PLACEMENT_3D('',#8599,#6931,#6932);
#5613=AXIS2_PLACEMENT_3D('',#8608,#6933,#6934);
#5614=AXIS2_PLACEMENT_3D('',#8609,#6935,#6936);
#5615=AXIS2_PLACEMENT_3D('',#8612,#6938,#6939);
#5616=AXIS2_PLACEMENT_3D('',#8613,#6940,#6941);
#5617=AXIS2_PLACEMENT_3D('',#8619,#6945,#6946);
#5618=AXIS2_PLACEMENT_3D('',#8622,#6948,#6949);
#5619=AXIS2_PLACEMENT_3D('',#8623,#6950,#6951);
#5620=AXIS2_PLACEMENT_3D('',#8626,#6953,#6954);
#5621=AXIS2_PLACEMENT_3D('',#8627,#6955,#6956);
#5622=AXIS2_PLACEMENT_3D('',#8630,#6958,#6959);
#5623=AXIS2_PLACEMENT_3D('',#8631,#6960,#6961);
#5624=AXIS2_PLACEMENT_3D('',#8634,#6963,#6964);
#5625=AXIS2_PLACEMENT_3D('',#8635,#6965,#6966);
#5626=AXIS2_PLACEMENT_3D('',#8638,#6968,#6969);
#5627=AXIS2_PLACEMENT_3D('',#8639,#6970,#6971);
#5628=AXIS2_PLACEMENT_3D('',#8642,#6973,#6974);
#5629=AXIS2_PLACEMENT_3D('',#8643,#6975,#6976);
#5630=AXIS2_PLACEMENT_3D('',#8646,#6978,#6979);
#5631=AXIS2_PLACEMENT_3D('',#8647,#6980,#6981);
#5632=AXIS2_PLACEMENT_3D('',#8650,#6983,#6984);
#5633=AXIS2_PLACEMENT_3D('',#8651,#6985,#6986);
#5634=AXIS2_PLACEMENT_3D('',#8660,#6987,#6988);
#5635=AXIS2_PLACEMENT_3D('',#8661,#6989,#6990);
#5636=AXIS2_PLACEMENT_3D('',#8665,#6993,#6994);
#5637=AXIS2_PLACEMENT_3D('',#8669,#6996,#6997);
#5638=AXIS2_PLACEMENT_3D('',#8671,#6999,#7000);
#5639=AXIS2_PLACEMENT_3D('',#8675,#7003,#7004);
#5640=AXIS2_PLACEMENT_3D('',#8679,#7007,#7008);
#5641=AXIS2_PLACEMENT_3D('',#8683,#7011,#7012);
#5642=AXIS2_PLACEMENT_3D('',#8687,#7015,#7016);
#5643=AXIS2_PLACEMENT_3D('',#8691,#7019,#7020);
#5644=AXIS2_PLACEMENT_3D('',#8695,#7023,#7024);
#5645=AXIS2_PLACEMENT_3D('',#8699,#7027,#7028);
#5646=AXIS2_PLACEMENT_3D('',#8703,#7031,#7032);
#5647=AXIS2_PLACEMENT_3D('',#8707,#7035,#7036);
#5648=AXIS2_PLACEMENT_3D('',#8716,#7037,#7038);
#5649=AXIS2_PLACEMENT_3D('',#8717,#7039,#7040);
#5650=AXIS2_PLACEMENT_3D('',#8723,#7044,#7045);
#5651=AXIS2_PLACEMENT_3D('',#8732,#7046,#7047);
#5652=AXIS2_PLACEMENT_3D('',#8733,#7048,#7049);
#5653=AXIS2_PLACEMENT_3D('',#8739,#7053,#7054);
#5654=AXIS2_PLACEMENT_3D('',#8742,#7056,#7057);
#5655=AXIS2_PLACEMENT_3D('',#8743,#7058,#7059);
#5656=AXIS2_PLACEMENT_3D('',#8746,#7061,#7062);
#5657=AXIS2_PLACEMENT_3D('',#8747,#7063,#7064);
#5658=AXIS2_PLACEMENT_3D('',#8750,#7066,#7067);
#5659=AXIS2_PLACEMENT_3D('',#8751,#7068,#7069);
#5660=AXIS2_PLACEMENT_3D('',#8754,#7071,#7072);
#5661=AXIS2_PLACEMENT_3D('',#8755,#7073,#7074);
#5662=AXIS2_PLACEMENT_3D('',#8758,#7076,#7077);
#5663=AXIS2_PLACEMENT_3D('',#8759,#7078,#7079);
#5664=AXIS2_PLACEMENT_3D('',#8762,#7081,#7082);
#5665=AXIS2_PLACEMENT_3D('',#8763,#7083,#7084);
#5666=AXIS2_PLACEMENT_3D('',#8766,#7086,#7087);
#5667=AXIS2_PLACEMENT_3D('',#8767,#7088,#7089);
#5668=AXIS2_PLACEMENT_3D('',#8770,#7091,#7092);
#5669=AXIS2_PLACEMENT_3D('',#8771,#7093,#7094);
#5670=AXIS2_PLACEMENT_3D('',#8774,#7096,#7097);
#5671=AXIS2_PLACEMENT_3D('',#8775,#7098,#7099);
#5672=AXIS2_PLACEMENT_3D('',#8778,#7101,#7102);
#5673=AXIS2_PLACEMENT_3D('',#8779,#7103,#7104);
#5674=AXIS2_PLACEMENT_3D('',#8780,#7105,#7106);
#5675=AXIS2_PLACEMENT_3D('',#8781,#7107,#7108);
#5676=AXIS2_PLACEMENT_3D('',#8782,#7109,#7110);
#5677=AXIS2_PLACEMENT_3D('',#8783,#7111,#7112);
#5678=AXIS2_PLACEMENT_3D('',#8784,#7113,#7114);
#5679=AXIS2_PLACEMENT_3D('',#8785,#7115,#7116);
#5680=AXIS2_PLACEMENT_3D('',#8786,#7117,#7118);
#5681=AXIS2_PLACEMENT_3D('',#8787,#7119,#7120);
#5682=AXIS2_PLACEMENT_3D('',#8793,#7124,#7125);
#5683=AXIS2_PLACEMENT_3D('',#8794,#7126,#7127);
#5684=AXIS2_PLACEMENT_3D('',#8795,#7128,#7129);
#5685=AXIS2_PLACEMENT_3D('',#8796,#7130,#7131);
#5686=AXIS2_PLACEMENT_3D('',#8797,#7132,#7133);
#5687=AXIS2_PLACEMENT_3D('',#8801,#7136,#7137);
#5688=AXIS2_PLACEMENT_3D('',#8802,#7138,#7139);
#5689=AXIS2_PLACEMENT_3D('',#8803,#7140,#7141);
#5690=AXIS2_PLACEMENT_3D('',#8805,#7142,#7143);
#5691=AXIS2_PLACEMENT_3D('',#8807,#7145,#7146);
#5692=AXIS2_PLACEMENT_3D('',#8811,#7149,#7150);
#5693=AXIS2_PLACEMENT_3D('',#8812,#7151,#7152);
#5694=AXIS2_PLACEMENT_3D('',#8813,#7153,#7154);
#5695=AXIS2_PLACEMENT_3D('',#8814,#7155,#7156);
#5696=AXIS2_PLACEMENT_3D('',#8815,#7157,#7158);
#5697=AXIS2_PLACEMENT_3D('',#8816,#7159,#7160);
#5698=AXIS2_PLACEMENT_3D('',#8817,#7161,#7162);
#5699=AXIS2_PLACEMENT_3D('',#8818,#7163,#7164);
#5700=AXIS2_PLACEMENT_3D('',#8819,#7165,#7166);
#5701=AXIS2_PLACEMENT_3D('',#8820,#7167,#7168);
#5702=AXIS2_PLACEMENT_3D('',#8821,#7169,#7170);
#5703=AXIS2_PLACEMENT_3D('',#8822,#7171,#7172);
#5704=AXIS2_PLACEMENT_3D('',#8823,#7173,#7174);
#5705=AXIS2_PLACEMENT_3D('',#8824,#7175,#7176);
#5706=AXIS2_PLACEMENT_3D('',#8825,#7177,#7178);
#5707=AXIS2_PLACEMENT_3D('',#8826,#7179,#7180);
#5708=AXIS2_PLACEMENT_3D('',#8827,#7181,#7182);
#5709=DIRECTION('axis',(0.,0.,1.));
#5710=DIRECTION('refdir',(1.,0.,0.));
#5711=DIRECTION('axis',(0.,0.,1.));
#5712=DIRECTION('refdir',(1.,0.,0.));
#5713=DIRECTION('center_axis',(0.,0.,-1.));
#5714=DIRECTION('ref_axis',(0.885456025653209,-0.464723172043769,0.));
#5715=DIRECTION('center_axis',(0.,0.,-1.));
#5716=DIRECTION('ref_axis',(0.88545602565321,-0.464723172043769,0.));
#5717=DIRECTION('center_axis',(0.,0.,1.));
#5718=DIRECTION('ref_axis',(1.,0.,0.));
#5719=DIRECTION('center_axis',(0.,0.,1.));
#5720=DIRECTION('ref_axis',(1.,0.,0.));
#5721=DIRECTION('',(0.239315664287351,0.970941817426103,0.));
#5722=DIRECTION('center_axis',(0.,0.,-1.));
#5723=DIRECTION('ref_axis',(0.970940713681108,-0.239320142312388,0.));
#5724=DIRECTION('',(-0.239315664289442,-0.970941817425587,0.));
#5725=DIRECTION('center_axis',(0.,0.,-1.));
#5726=DIRECTION('ref_axis',(1.,0.,0.));
#5727=DIRECTION('',(-0.239315664287764,0.970941817426001,0.));
#5728=DIRECTION('center_axis',(0.,0.,-1.));
#5729=DIRECTION('ref_axis',(0.970942921150344,0.239311186257637,0.));
#5730=DIRECTION('',(0.239315664285673,-0.970941817426517,0.));
#5731=DIRECTION('center_axis',(0.,0.,-1.));
#5732=DIRECTION('ref_axis',(0.88545602565321,0.464723172043769,0.));
#5733=DIRECTION('',(-0.663122658240954,0.74851074817096,0.));
#5734=DIRECTION('center_axis',(0.,0.,-1.));
#5735=DIRECTION('ref_axis',(0.748513806514695,0.663119206068473,0.));
#5736=DIRECTION('',(0.663122658239342,-0.748510748172388,0.));
#5737=DIRECTION('center_axis',(0.,0.,-1.));
#5738=DIRECTION('ref_axis',(0.568064746731156,0.822983865893656,0.));
#5739=DIRECTION('',(-0.93501624268549,0.354604887042337,0.));
#5740=DIRECTION('center_axis',(0.,0.,-1.));
#5741=DIRECTION('ref_axis',(0.354609199375772,0.935014607221767,0.));
#5742=DIRECTION('',(0.935016242684726,-0.354604887044351,0.));
#5743=DIRECTION('center_axis',(0.,0.,-1.));
#5744=DIRECTION('ref_axis',(0.120536680255323,0.992708874098054,0.));
#5745=DIRECTION('',(-0.992708874098028,-0.120536680255534,0.));
#5746=DIRECTION('center_axis',(0.,0.,-1.));
#5747=DIRECTION('ref_axis',(-0.12053210183602,0.992709430008092,0.));
#5748=DIRECTION('',(0.992708874098288,0.120536680253396,0.));
#5749=DIRECTION('center_axis',(0.,0.,-1.));
#5750=DIRECTION('ref_axis',(-0.354604887042536,0.935016242685415,0.));
#5751=DIRECTION('',(-0.822983865893536,-0.568064746731331,0.));
#5752=DIRECTION('center_axis',(0.,0.,-1.));
#5753=DIRECTION('ref_axis',(-0.568060951086473,0.822986485825091,0.));
#5754=DIRECTION('',(0.822983865894759,0.568064746729558,0.));
#5755=DIRECTION('center_axis',(0.,0.,-1.));
#5756=DIRECTION('ref_axis',(-0.748510748171101,0.663122658240796,0.));
#5757=DIRECTION('',(-0.464723172043581,-0.885456025653308,0.));
#5758=DIRECTION('center_axis',(0.,0.,-1.));
#5759=DIRECTION('ref_axis',(-0.8854538823196,0.464727255801881,0.));
#5760=DIRECTION('',(0.464723172045488,0.885456025652308,0.));
#5761=DIRECTION('center_axis',(0.,0.,-1.));
#5762=DIRECTION('ref_axis',(-0.970941817426052,0.239315664287558,0.));
#5763=DIRECTION('',(2.12885402475718E-13,-1.,0.));
#5764=DIRECTION('center_axis',(0.,0.,-1.));
#5765=DIRECTION('ref_axis',(-0.999999999989365,4.61204502138765E-6,0.));
#5766=DIRECTION('',(1.9407841096328E-12,1.,0.));
#5767=DIRECTION('center_axis',(0.,0.,-1.));
#5768=DIRECTION('ref_axis',(-0.970941817426052,-0.239315664287557,0.));
#5769=DIRECTION('',(0.464723172043957,-0.885456025653111,0.));
#5770=DIRECTION('center_axis',(0.,0.,-1.));
#5771=DIRECTION('ref_axis',(-0.885458168967985,-0.464719088275771,0.));
#5772=DIRECTION('',(-0.46472317204205,0.885456025654112,0.));
#5773=DIRECTION('center_axis',(0.,0.,-1.));
#5774=DIRECTION('ref_axis',(-0.748510748171101,-0.663122658240795,0.));
#5775=DIRECTION('',(0.822983865893777,-0.568064746730981,0.));
#5776=DIRECTION('center_axis',(0.,0.,-1.));
#5777=DIRECTION('ref_axis',(-0.568068542363756,-0.822981245944717,0.));
#5778=DIRECTION('',(-0.822983865892554,0.568064746732753,0.));
#5779=DIRECTION('center_axis',(0.,0.,-1.));
#5780=DIRECTION('ref_axis',(-0.354604887042536,-0.935016242685415,0.));
#5781=DIRECTION('',(0.99270887409808,-0.120536680255112,0.));
#5782=DIRECTION('center_axis',(0.,0.,-1.));
#5783=DIRECTION('ref_axis',(-0.120541258672062,-0.9927083181669,0.));
#5784=DIRECTION('',(-0.99270887409782,0.12053668025725,0.));
#5785=DIRECTION('center_axis',(0.,0.,-1.));
#5786=DIRECTION('ref_axis',(0.120536680255322,-0.992708874098054,0.));
#5787=DIRECTION('',(0.935016242685339,0.354604887042735,0.));
#5788=DIRECTION('center_axis',(0.,0.,-1.));
#5789=DIRECTION('ref_axis',(0.354600574701757,-0.935017878129175,0.));
#5790=DIRECTION('',(-0.935016242686103,-0.354604887040721,0.));
#5791=DIRECTION('center_axis',(0.,0.,-1.));
#5792=DIRECTION('ref_axis',(0.568064746731156,-0.822983865893657,0.));
#5793=DIRECTION('',(0.663122658240636,0.748510748171242,0.));
#5794=DIRECTION('center_axis',(0.,0.,-1.));
#5795=DIRECTION('ref_axis',(0.748507689811586,-0.663126110399012,0.));
#5796=DIRECTION('',(-0.663122658242248,-0.748510748169814,0.));
#5797=DIRECTION('center_axis',(0.,0.,1.));
#5798=DIRECTION('ref_axis',(-1.,5.34378146472726E-24,0.));
#5799=DIRECTION('center_axis',(0.,0.,1.));
#5800=DIRECTION('ref_axis',(1.,0.,0.));
#5801=DIRECTION('center_axis',(0.,0.,1.));
#5802=DIRECTION('ref_axis',(1.,0.,0.));
#5803=DIRECTION('center_axis',(0.,0.,1.));
#5804=DIRECTION('ref_axis',(1.,0.,0.));
#5805=DIRECTION('center_axis',(0.,0.,1.));
#5806=DIRECTION('ref_axis',(1.,0.,0.));
#5807=DIRECTION('center_axis',(-0.970941817426103,0.239315664287351,0.));
#5808=DIRECTION('ref_axis',(-0.239315664287351,-0.970941817426103,0.));
#5809=DIRECTION('',(0.,0.,1.));
#5810=DIRECTION('',(-0.239315664287351,-0.970941817426103,0.));
#5811=DIRECTION('',(0.,0.,1.));
#5812=DIRECTION('center_axis',(-0.970941817426103,0.239315664287351,0.));
#5813=DIRECTION('ref_axis',(-0.239315664287558,-0.970941817426052,0.));
#5814=DIRECTION('',(-4.2511001703248E-16,-1.72473913804468E-15,-1.));
#5815=DIRECTION('',(-0.239315664287351,-0.970941817426103,0.));
#5816=DIRECTION('',(0.,0.,1.));
#5817=DIRECTION('center_axis',(0.,0.,-1.));
#5818=DIRECTION('ref_axis',(0.568064746731156,-0.822983865893656,0.));
#5819=DIRECTION('center_axis',(0.,0.,1.));
#5820=DIRECTION('ref_axis',(1.,0.,0.));
#5821=DIRECTION('center_axis',(0.354604887040721,-0.935016242686103,0.));
#5822=DIRECTION('ref_axis',(0.935016242686103,0.354604887040721,0.));
#5823=DIRECTION('',(0.,0.,-1.));
#5824=DIRECTION('',(0.935016242686103,0.354604887040721,0.));
#5825=DIRECTION('',(1.6609224976459E-15,6.2990481637958E-16,1.));
#5826=DIRECTION('center_axis',(0.354604887040721,-0.935016242686103,0.));
#5827=DIRECTION('ref_axis',(-0.935016242685415,-0.354604887042535,0.));
#5828=DIRECTION('',(0.,0.,-1.));
#5829=DIRECTION('',(0.935016242686103,0.354604887040721,0.));
#5830=DIRECTION('',(0.,0.,-1.));
#5831=DIRECTION('center_axis',(0.,0.,-1.));
#5832=DIRECTION('ref_axis',(0.120536680255322,-0.992708874098054,0.));
#5833=DIRECTION('center_axis',(0.,0.,1.));
#5834=DIRECTION('ref_axis',(1.,0.,0.));
#5835=DIRECTION('center_axis',(-0.354604887042735,0.935016242685339,0.));
#5836=DIRECTION('ref_axis',(-0.935016242685339,-0.354604887042735,0.));
#5837=DIRECTION('',(0.,0.,1.));
#5838=DIRECTION('',(-0.935016242685339,-0.354604887042735,0.));
#5839=DIRECTION('',(0.,0.,1.));
#5840=DIRECTION('center_axis',(-0.354604887042735,0.935016242685339,0.));
#5841=DIRECTION('ref_axis',(-0.935016242685415,-0.354604887042535,0.));
#5842=DIRECTION('',(-1.66092249764454E-15,-6.29904816383158E-16,-1.));
#5843=DIRECTION('',(-0.935016242685339,-0.354604887042735,0.));
#5844=DIRECTION('',(0.,0.,1.));
#5845=DIRECTION('center_axis',(0.,0.,1.));
#5846=DIRECTION('ref_axis',(1.,0.,0.));
#5847=DIRECTION('center_axis',(0.,0.,-1.));
#5848=DIRECTION('ref_axis',(1.,0.,0.));
#5849=DIRECTION('',(0.,0.,1.));
#5850=DIRECTION('center_axis',(0.,0.,-1.));
#5851=DIRECTION('ref_axis',(-0.354604887042536,-0.935016242685415,0.));
#5852=DIRECTION('center_axis',(0.,0.,1.));
#5853=DIRECTION('ref_axis',(1.,0.,0.));
#5854=DIRECTION('center_axis',(0.120536680255112,0.99270887409808,0.));
#5855=DIRECTION('ref_axis',(-0.99270887409808,0.120536680255112,0.));
#5856=DIRECTION('',(0.,0.,1.));
#5857=DIRECTION('',(-0.99270887409808,0.120536680255112,0.));
#5858=DIRECTION('',(0.,0.,1.));
#5859=DIRECTION('center_axis',(0.120536680255112,0.99270887409808,0.));
#5860=DIRECTION('ref_axis',(-0.992708874098054,0.120536680255323,0.));
#5861=DIRECTION('',(-1.76340519803757E-15,2.14116156369784E-16,-1.));
#5862=DIRECTION('',(-0.99270887409808,0.120536680255112,0.));
#5863=DIRECTION('',(0.,0.,1.));
#5864=DIRECTION('center_axis',(0.,0.,-1.));
#5865=DIRECTION('ref_axis',(-0.748510748171101,-0.663122658240795,0.));
#5866=DIRECTION('center_axis',(0.,0.,1.));
#5867=DIRECTION('ref_axis',(1.,0.,0.));
#5868=DIRECTION('center_axis',(0.568064746730981,0.822983865893777,0.));
#5869=DIRECTION('ref_axis',(-0.822983865893777,0.568064746730981,0.));
#5870=DIRECTION('',(0.,0.,1.));
#5871=DIRECTION('',(-0.822983865893777,0.568064746730981,0.));
#5872=DIRECTION('',(0.,0.,1.));
#5873=DIRECTION('center_axis',(0.568064746730981,0.822983865893777,0.));
#5874=DIRECTION('ref_axis',(-0.822983865893656,0.568064746731156,0.));
#5875=DIRECTION('',(-1.46191301889657E-15,1.00908569807782E-15,-1.));
#5876=DIRECTION('',(-0.822983865893777,0.568064746730981,0.));
#5877=DIRECTION('',(0.,0.,1.));
#5878=DIRECTION('center_axis',(0.,0.,-1.));
#5879=DIRECTION('ref_axis',(-0.970941817426052,-0.239315664287557,0.));
#5880=DIRECTION('center_axis',(0.,0.,1.));
#5881=DIRECTION('ref_axis',(1.,0.,0.));
#5882=DIRECTION('center_axis',(0.885456025653111,0.464723172043957,0.));
#5883=DIRECTION('ref_axis',(-0.464723172043957,0.885456025653111,0.));
#5884=DIRECTION('',(0.,0.,1.));
#5885=DIRECTION('',(-0.464723172043957,0.885456025653111,0.));
#5886=DIRECTION('',(0.,0.,1.));
#5887=DIRECTION('center_axis',(0.885456025653111,0.464723172043957,0.));
#5888=DIRECTION('ref_axis',(-0.464723172043769,0.88545602565321,0.));
#5889=DIRECTION('',(-8.25514185088118E-16,1.57288586715717E-15,-1.));
#5890=DIRECTION('',(-0.464723172043957,0.885456025653111,0.));
#5891=DIRECTION('',(0.,0.,1.));
#5892=DIRECTION('center_axis',(0.,0.,-1.));
#5893=DIRECTION('ref_axis',(-0.970941817426052,0.239315664287558,0.));
#5894=DIRECTION('center_axis',(0.,0.,1.));
#5895=DIRECTION('ref_axis',(1.,0.,0.));
#5896=DIRECTION('center_axis',(1.,2.12885402475718E-13,0.));
#5897=DIRECTION('ref_axis',(-2.12885402475718E-13,1.,0.));
#5898=DIRECTION('',(0.,0.,1.));
#5899=DIRECTION('',(-2.12885402475718E-13,1.,0.));
#5900=DIRECTION('',(0.,0.,1.));
#5901=DIRECTION('center_axis',(1.,2.12885402475718E-13,0.));
#5902=DIRECTION('ref_axis',(0.,1.,0.));
#5903=DIRECTION('',(-3.78160440696242E-28,1.77635683940037E-15,-1.));
#5904=DIRECTION('',(-2.12885402475718E-13,1.,0.));
#5905=DIRECTION('',(0.,0.,1.));
#5906=DIRECTION('center_axis',(0.,0.,-1.));
#5907=DIRECTION('ref_axis',(-0.748510748171101,0.663122658240796,0.));
#5908=DIRECTION('center_axis',(0.,0.,1.));
#5909=DIRECTION('ref_axis',(1.,0.,0.));
#5910=DIRECTION('center_axis',(0.885456025653308,-0.464723172043581,0.));
#5911=DIRECTION('ref_axis',(0.464723172043581,0.885456025653309,0.));
#5912=DIRECTION('',(0.,0.,1.));
#5913=DIRECTION('',(0.464723172043581,0.885456025653309,0.));
#5914=DIRECTION('',(0.,0.,1.));
#5915=DIRECTION('center_axis',(0.885456025653308,-0.464723172043581,0.));
#5916=DIRECTION('ref_axis',(0.464723172043769,0.88545602565321,0.));
#5917=DIRECTION('',(8.25514185087449E-16,1.57288586715752E-15,-1.));
#5918=DIRECTION('',(0.464723172043581,0.885456025653309,0.));
#5919=DIRECTION('',(0.,0.,1.));
#5920=DIRECTION('center_axis',(0.,0.,-1.));
#5921=DIRECTION('ref_axis',(-0.354604887042536,0.935016242685415,0.));
#5922=DIRECTION('center_axis',(0.,0.,1.));
#5923=DIRECTION('ref_axis',(1.,0.,0.));
#5924=DIRECTION('center_axis',(0.568064746731331,-0.822983865893536,0.));
#5925=DIRECTION('ref_axis',(0.822983865893536,0.568064746731331,0.));
#5926=DIRECTION('',(0.,0.,1.));
#5927=DIRECTION('',(0.822983865893536,0.568064746731331,0.));
#5928=DIRECTION('',(0.,0.,1.));
#5929=DIRECTION('center_axis',(0.568064746731331,-0.822983865893536,0.));
#5930=DIRECTION('ref_axis',(0.822983865893656,0.568064746731156,0.));
#5931=DIRECTION('',(1.46191301889614E-15,1.00908569807844E-15,-1.));
#5932=DIRECTION('',(0.822983865893536,0.568064746731331,0.));
#5933=DIRECTION('',(0.,0.,1.));
#5934=DIRECTION('center_axis',(-0.748510748171242,0.663122658240636,0.));
#5935=DIRECTION('ref_axis',(-0.663122658240636,-0.748510748171242,0.));
#5936=DIRECTION('',(-0.663122658240636,-0.748510748171242,0.));
#5937=DIRECTION('',(0.,0.,1.));
#5938=DIRECTION('center_axis',(-0.748510748171242,0.663122658240636,0.));
#5939=DIRECTION('ref_axis',(-0.663122658240796,-0.748510748171101,0.));
#5940=DIRECTION('',(-1.17794246932711E-15,-1.32962218687867E-15,-1.));
#5941=DIRECTION('',(-0.663122658240636,-0.748510748171242,0.));
#5942=DIRECTION('',(0.,0.,1.));
#5943=DIRECTION('center_axis',(0.,0.,-1.));
#5944=DIRECTION('ref_axis',(0.120536680255323,0.992708874098054,0.));
#5945=DIRECTION('center_axis',(0.,0.,1.));
#5946=DIRECTION('ref_axis',(1.,0.,0.));
#5947=DIRECTION('center_axis',(0.,0.,1.));
#5948=DIRECTION('ref_axis',(-0.99270887409806,-0.120536680255271,0.));
#5949=DIRECTION('',(0.,0.,-1.));
#5950=DIRECTION('center_axis',(0.,0.,-1.));
#5951=DIRECTION('ref_axis',(1.,0.,0.));
#5952=DIRECTION('center_axis',(0.,0.,1.));
#5953=DIRECTION('ref_axis',(1.,0.,0.));
#5954=DIRECTION('',(0.,0.,-1.));
#5955=DIRECTION('center_axis',(0.,0.,-1.));
#5956=DIRECTION('ref_axis',(1.,0.,0.));
#5957=DIRECTION('center_axis',(0.,0.,1.));
#5958=DIRECTION('ref_axis',(1.,0.,0.));
#5959=DIRECTION('',(0.,0.,-1.));
#5960=DIRECTION('center_axis',(0.,0.,-1.));
#5961=DIRECTION('ref_axis',(1.,0.,0.));
#5962=DIRECTION('center_axis',(0.,0.,1.));
#5963=DIRECTION('ref_axis',(1.,0.,0.));
#5964=DIRECTION('',(0.,0.,-1.));
#5965=DIRECTION('center_axis',(0.,0.,-1.));
#5966=DIRECTION('ref_axis',(1.,0.,0.));
#5967=DIRECTION('center_axis',(0.,0.,1.));
#5968=DIRECTION('ref_axis',(1.,0.,0.));
#5969=DIRECTION('',(0.,0.,-1.));
#5970=DIRECTION('center_axis',(0.,0.,-1.));
#5971=DIRECTION('ref_axis',(1.,0.,0.));
#5972=DIRECTION('center_axis',(0.,0.,1.));
#5973=DIRECTION('ref_axis',(1.,0.,0.));
#5974=DIRECTION('',(0.,0.,-1.));
#5975=DIRECTION('center_axis',(0.,0.,-1.));
#5976=DIRECTION('ref_axis',(1.,0.,0.));
#5977=DIRECTION('center_axis',(0.,0.,1.));
#5978=DIRECTION('ref_axis',(1.,0.,0.));
#5979=DIRECTION('',(0.,0.,-1.));
#5980=DIRECTION('center_axis',(0.,0.,-1.));
#5981=DIRECTION('ref_axis',(1.,0.,0.));
#5982=DIRECTION('center_axis',(0.120536680255534,-0.992708874098028,0.));
#5983=DIRECTION('ref_axis',(0.992708874098028,0.120536680255534,0.));
#5984=DIRECTION('',(0.,0.,1.));
#5985=DIRECTION('',(0.992708874098028,0.120536680255534,0.));
#5986=DIRECTION('',(0.,0.,1.));
#5987=DIRECTION('center_axis',(0.120536680255534,-0.992708874098028,0.));
#5988=DIRECTION('ref_axis',(0.992708874098054,0.120536680255322,0.));
#5989=DIRECTION('',(1.76340519803747E-15,2.14116156370533E-16,-1.));
#5990=DIRECTION('',(0.992708874098028,0.120536680255534,0.));
#5991=DIRECTION('',(0.,0.,1.));
#5992=DIRECTION('center_axis',(0.,0.,1.));
#5993=DIRECTION('ref_axis',(1.,0.,0.));
#5994=DIRECTION('',(0.,0.,-1.));
#5995=DIRECTION('center_axis',(0.,0.,-1.));
#5996=DIRECTION('ref_axis',(1.,0.,0.));
#5997=DIRECTION('center_axis',(0.,0.,1.));
#5998=DIRECTION('ref_axis',(1.,0.,0.));
#5999=DIRECTION('',(0.,0.,-1.));
#6000=DIRECTION('center_axis',(0.,0.,-1.));
#6001=DIRECTION('ref_axis',(1.,0.,0.));
#6002=DIRECTION('center_axis',(0.,0.,-1.));
#6003=DIRECTION('ref_axis',(0.568064746731156,0.822983865893656,0.));
#6004=DIRECTION('center_axis',(0.,0.,1.));
#6005=DIRECTION('ref_axis',(1.,0.,0.));
#6006=DIRECTION('center_axis',(-0.12053668025725,-0.99270887409782,0.));
#6007=DIRECTION('ref_axis',(0.99270887409782,-0.12053668025725,0.));
#6008=DIRECTION('',(0.,0.,-1.));
#6009=DIRECTION('',(0.99270887409782,-0.12053668025725,0.));
#6010=DIRECTION('',(1.7634051980371E-15,-2.14116156373581E-16,1.));
#6011=DIRECTION('center_axis',(-0.12053668025725,-0.99270887409782,0.));
#6012=DIRECTION('ref_axis',(-0.992708874098054,0.120536680255323,0.));
#6013=DIRECTION('',(0.,0.,-1.));
#6014=DIRECTION('',(0.99270887409782,-0.12053668025725,0.));
#6015=DIRECTION('center_axis',(-0.568064746732753,-0.822983865892554,0.));
#6016=DIRECTION('ref_axis',(0.822983865892554,-0.568064746732753,0.));
#6017=DIRECTION('',(0.,0.,-1.));
#6018=DIRECTION('',(0.822983865892554,-0.568064746732753,0.));
#6019=DIRECTION('',(1.4619130188944E-15,-1.00908569808097E-15,1.));
#6020=DIRECTION('center_axis',(-0.568064746732753,-0.822983865892554,0.));
#6021=DIRECTION('ref_axis',(-0.822983865893656,0.568064746731156,0.));
#6022=DIRECTION('',(0.,0.,-1.));
#6023=DIRECTION('',(0.822983865892554,-0.568064746732753,0.));
#6024=DIRECTION('center_axis',(-0.885456025654112,-0.46472317204205,0.));
#6025=DIRECTION('ref_axis',(0.46472317204205,-0.885456025654112,0.));
#6026=DIRECTION('',(0.,0.,-1.));
#6027=DIRECTION('',(0.46472317204205,-0.885456025654112,0.));
#6028=DIRECTION('',(8.25514185084731E-16,-1.57288586715895E-15,1.));
#6029=DIRECTION('center_axis',(-0.885456025654112,-0.46472317204205,0.));
#6030=DIRECTION('ref_axis',(-0.464723172043769,0.88545602565321,0.));
#6031=DIRECTION('',(0.,0.,-1.));
#6032=DIRECTION('',(0.46472317204205,-0.885456025654112,0.));
#6033=DIRECTION('center_axis',(-1.,1.9407841096328E-12,0.));
#6034=DIRECTION('ref_axis',(-1.9407841096328E-12,-1.,0.));
#6035=DIRECTION('',(0.,0.,-1.));
#6036=DIRECTION('',(-1.9407841096328E-12,-1.,0.));
#6037=DIRECTION('',(-3.44752512694579E-27,-1.77635683940037E-15,1.));
#6038=DIRECTION('center_axis',(-1.,1.9407841096328E-12,0.));
#6039=DIRECTION('ref_axis',(0.,1.,0.));
#6040=DIRECTION('',(0.,0.,-1.));
#6041=DIRECTION('',(-1.9407841096328E-12,-1.,0.));
#6042=DIRECTION('center_axis',(-0.885456025652308,0.464723172045488,0.));
#6043=DIRECTION('ref_axis',(-0.464723172045488,-0.885456025652308,0.));
#6044=DIRECTION('',(0.,0.,-1.));
#6045=DIRECTION('',(-0.464723172045488,-0.885456025652308,0.));
#6046=DIRECTION('',(-8.25514185090837E-16,-1.57288586715575E-15,1.));
#6047=DIRECTION('center_axis',(-0.885456025652308,0.464723172045488,0.));
#6048=DIRECTION('ref_axis',(0.464723172043769,0.88545602565321,0.));
#6049=DIRECTION('',(0.,0.,-1.));
#6050=DIRECTION('',(-0.464723172045488,-0.885456025652308,0.));
#6051=DIRECTION('center_axis',(-0.568064746729558,0.822983865894759,0.));
#6052=DIRECTION('ref_axis',(-0.822983865894759,-0.568064746729558,0.));
#6053=DIRECTION('',(0.,0.,-1.));
#6054=DIRECTION('',(-0.822983865894759,-0.568064746729558,0.));
#6055=DIRECTION('',(-1.46191301889831E-15,-1.00908569807529E-15,1.));
#6056=DIRECTION('center_axis',(-0.568064746729558,0.822983865894759,0.));
#6057=DIRECTION('ref_axis',(0.822983865893656,0.568064746731156,0.));
#6058=DIRECTION('',(0.,0.,-1.));
#6059=DIRECTION('',(-0.822983865894759,-0.568064746729558,0.));
#6060=DIRECTION('center_axis',(-0.120536680253396,0.992708874098288,0.));
#6061=DIRECTION('ref_axis',(-0.992708874098288,-0.120536680253396,0.));
#6062=DIRECTION('',(0.,0.,-1.));
#6063=DIRECTION('',(-0.992708874098288,-0.120536680253396,0.));
#6064=DIRECTION('',(-1.76340519803794E-15,-2.14116156366735E-16,1.));
#6065=DIRECTION('center_axis',(-0.120536680253396,0.992708874098288,0.));
#6066=DIRECTION('ref_axis',(0.992708874098054,0.120536680255322,0.));
#6067=DIRECTION('',(0.,0.,-1.));
#6068=DIRECTION('',(-0.992708874098288,-0.120536680253396,0.));
#6069=DIRECTION('center_axis',(0.354604887044351,0.935016242684726,0.));
#6070=DIRECTION('ref_axis',(-0.935016242684726,0.354604887044351,0.));
#6071=DIRECTION('',(0.,0.,-1.));
#6072=DIRECTION('',(-0.935016242684726,0.354604887044351,0.));
#6073=DIRECTION('',(-1.66092249764345E-15,6.29904816386028E-16,1.));
#6074=DIRECTION('center_axis',(0.354604887044351,0.935016242684726,0.));
#6075=DIRECTION('ref_axis',(0.935016242685415,-0.354604887042536,0.));
#6076=DIRECTION('',(0.,0.,-1.));
#6077=DIRECTION('',(-0.935016242684726,0.354604887044351,0.));
#6078=DIRECTION('center_axis',(0.,0.,1.));
#6079=DIRECTION('ref_axis',(1.,0.,0.));
#6080=DIRECTION('',(0.,0.,-1.));
#6081=DIRECTION('center_axis',(0.,0.,-1.));
#6082=DIRECTION('ref_axis',(1.,0.,0.));
#6083=DIRECTION('',(0.,0.,1.));
#6084=DIRECTION('center_axis',(0.748510748172388,0.663122658239342,0.));
#6085=DIRECTION('ref_axis',(-0.663122658239342,0.748510748172388,0.));
#6086=DIRECTION('',(0.,0.,-1.));
#6087=DIRECTION('',(-0.663122658239342,0.748510748172388,0.));
#6088=DIRECTION('',(-1.17794246932481E-15,1.32962218688071E-15,1.));
#6089=DIRECTION('center_axis',(0.748510748172388,0.663122658239342,0.));
#6090=DIRECTION('ref_axis',(0.663122658240795,-0.748510748171101,0.));
#6091=DIRECTION('',(0.,0.,-1.));
#6092=DIRECTION('',(-0.663122658239342,0.748510748172388,0.));
#6093=DIRECTION('center_axis',(0.748510748169814,-0.663122658242248,0.));
#6094=DIRECTION('ref_axis',(0.663122658242248,0.748510748169814,0.));
#6095=DIRECTION('',(0.,0.,-1.));
#6096=DIRECTION('',(0.663122658242248,0.748510748169814,0.));
#6097=DIRECTION('',(1.17794246932997E-15,1.32962218687614E-15,1.));
#6098=DIRECTION('center_axis',(0.748510748169814,-0.663122658242248,0.));
#6099=DIRECTION('ref_axis',(-0.663122658240796,-0.748510748171101,0.));
#6100=DIRECTION('',(0.,0.,-1.));
#6101=DIRECTION('',(0.663122658242248,0.748510748169814,0.));
#6102=DIRECTION('center_axis',(0.,0.,-1.));
#6103=DIRECTION('ref_axis',(0.88545602565321,0.464723172043769,0.));
#6104=DIRECTION('center_axis',(0.,0.,1.));
#6105=DIRECTION('ref_axis',(1.,0.,0.));
#6106=DIRECTION('center_axis',(0.970941817426517,0.239315664285673,0.));
#6107=DIRECTION('ref_axis',(-0.239315664285673,0.970941817426517,0.));
#6108=DIRECTION('',(0.,0.,-1.));
#6109=DIRECTION('',(-0.239315664285673,0.970941817426517,0.));
#6110=DIRECTION('',(-4.25110017029498E-16,1.72473913804542E-15,1.));
#6111=DIRECTION('center_axis',(0.970941817426517,0.239315664285673,0.));
#6112=DIRECTION('ref_axis',(0.239315664287557,-0.970941817426052,0.));
#6113=DIRECTION('',(0.,0.,-1.));
#6114=DIRECTION('',(-0.239315664285673,0.970941817426517,0.));
#6115=DIRECTION('',(0.,0.,-1.));
#6116=DIRECTION('center_axis',(0.,0.,-1.));
#6117=DIRECTION('ref_axis',(1.,0.,0.));
#6118=DIRECTION('center_axis',(0.,0.,1.));
#6119=DIRECTION('ref_axis',(1.,0.,0.));
#6120=DIRECTION('center_axis',(0.970941817425588,-0.239315664289443,0.));
#6121=DIRECTION('ref_axis',(0.239315664289442,0.970941817425587,0.));
#6122=DIRECTION('',(0.,0.,-1.));
#6123=DIRECTION('',(0.239315664289442,0.970941817425587,0.));
#6124=DIRECTION('',(4.25110017036194E-16,1.72473913804377E-15,1.));
#6125=DIRECTION('center_axis',(0.970941817425588,-0.239315664289443,0.));
#6126=DIRECTION('ref_axis',(-0.239315664287558,-0.970941817426052,0.));
#6127=DIRECTION('',(0.,0.,-1.));
#6128=DIRECTION('',(0.239315664289442,0.970941817425587,0.));
#6129=DIRECTION('',(0.,0.,-1.));
#6130=DIRECTION('center_axis',(0.,0.,1.));
#6131=DIRECTION('ref_axis',(-1.,5.34378146472726E-24,2.51307971119397E-38));
#6132=DIRECTION('',(-0.707106781186547,-8.65956018449252E-17,-0.707106781186548));
#6133=DIRECTION('center_axis',(0.,0.,-1.));
#6134=DIRECTION('ref_axis',(-1.,5.34378146472726E-24,5.59731390220476E-38));
#6135=DIRECTION('center_axis',(0.,-1.04744438789613E-14,1.));
#6136=DIRECTION('ref_axis',(-1.,5.34378146472726E-24,5.59731390220476E-38));
#6137=DIRECTION('center_axis',(0.,0.,1.));
#6138=DIRECTION('ref_axis',(-1.,5.34378146472726E-24,5.59731390220476E-38));
#6139=DIRECTION('',(0.,-1.04744438789613E-14,1.));
#6140=DIRECTION('center_axis',(0.,0.,1.));
#6141=DIRECTION('ref_axis',(1.,0.,0.));
#6142=DIRECTION('',(0.707106781186548,8.65956056235494E-17,-0.707106781186547));
#6143=DIRECTION('center_axis',(0.,0.,-1.));
#6144=DIRECTION('ref_axis',(1.,0.,0.));
#6145=DIRECTION('center_axis',(0.,0.,-1.));
#6146=DIRECTION('ref_axis',(1.,0.,0.));
#6147=DIRECTION('',(0.,0.,-1.));
#6148=DIRECTION('center_axis',(0.,0.,-1.));
#6149=DIRECTION('ref_axis',(1.,0.,0.));
#6150=DIRECTION('center_axis',(0.,0.,1.));
#6151=DIRECTION('ref_axis',(1.,0.,0.));
#6152=DIRECTION('',(0.707106781186548,8.65956056235494E-17,-0.707106781186548));
#6153=DIRECTION('center_axis',(0.,0.,-1.));
#6154=DIRECTION('ref_axis',(1.,0.,0.));
#6155=DIRECTION('center_axis',(0.,0.,-1.));
#6156=DIRECTION('ref_axis',(1.,0.,0.));
#6157=DIRECTION('',(0.,0.,-1.));
#6158=DIRECTION('center_axis',(0.,0.,-1.));
#6159=DIRECTION('ref_axis',(1.,0.,0.));
#6160=DIRECTION('center_axis',(0.,0.,1.));
#6161=DIRECTION('ref_axis',(1.,0.,0.));
#6162=DIRECTION('',(0.707106781186548,8.65956056235494E-17,-0.707106781186547));
#6163=DIRECTION('center_axis',(0.,0.,-1.));
#6164=DIRECTION('ref_axis',(1.,0.,0.));
#6165=DIRECTION('center_axis',(0.,0.,-1.));
#6166=DIRECTION('ref_axis',(1.,0.,0.));
#6167=DIRECTION('',(0.,0.,-1.));
#6168=DIRECTION('center_axis',(0.,0.,-1.));
#6169=DIRECTION('ref_axis',(1.,0.,0.));
#6170=DIRECTION('center_axis',(0.,0.,1.));
#6171=DIRECTION('ref_axis',(1.,0.,0.));
#6172=DIRECTION('',(0.707106781186548,8.65956056235494E-17,-0.707106781186548));
#6173=DIRECTION('center_axis',(0.,0.,-1.));
#6174=DIRECTION('ref_axis',(1.,0.,0.));
#6175=DIRECTION('center_axis',(0.,0.,-1.));
#6176=DIRECTION('ref_axis',(1.,0.,0.));
#6177=DIRECTION('',(0.,0.,-1.));
#6178=DIRECTION('center_axis',(0.,0.,-1.));
#6179=DIRECTION('ref_axis',(1.,0.,0.));
#6180=DIRECTION('center_axis',(0.,0.,1.));
#6181=DIRECTION('ref_axis',(1.,0.,0.));
#6182=DIRECTION('center_axis',(0.,0.,1.));
#6183=DIRECTION('ref_axis',(-1.,5.34378146472726E-24,5.59120438366582E-38));
#6184=DIRECTION('center_axis',(0.,0.,1.));
#6185=DIRECTION('ref_axis',(1.,0.,0.));
#6186=DIRECTION('center_axis',(0.,0.,1.));
#6187=DIRECTION('ref_axis',(-1.,5.34378146472726E-24,5.59120438366581E-38));
#6188=DIRECTION('center_axis',(0.,0.,1.));
#6189=DIRECTION('ref_axis',(1.,0.,0.));
#6190=DIRECTION('center_axis',(0.,0.,1.));
#6191=DIRECTION('ref_axis',(-1.,5.34378146472726E-24,5.59120438366582E-38));
#6192=DIRECTION('center_axis',(0.,0.,1.));
#6193=DIRECTION('ref_axis',(1.,0.,0.));
#6194=DIRECTION('center_axis',(0.,0.,1.));
#6195=DIRECTION('ref_axis',(-1.,5.34378146472726E-24,5.59120438366582E-38));
#6196=DIRECTION('center_axis',(0.,-1.04630109290431E-14,1.));
#6197=DIRECTION('ref_axis',(-1.,5.34378146472726E-24,5.59120438366582E-38));
#6198=DIRECTION('center_axis',(0.,0.,1.));
#6199=DIRECTION('ref_axis',(-1.,5.34378146472726E-24,5.59120438366582E-38));
#6200=DIRECTION('',(0.,-1.04630109290431E-14,1.));
#6201=DIRECTION('center_axis',(0.,-1.04630109290431E-14,1.));
#6202=DIRECTION('ref_axis',(-1.,5.34378146472726E-24,5.59120438366582E-38));
#6203=DIRECTION('center_axis',(0.,0.,1.));
#6204=DIRECTION('ref_axis',(-1.,5.34378146472726E-24,5.59120438366582E-38));
#6205=DIRECTION('',(0.,-1.04630109290431E-14,1.));
#6206=DIRECTION('center_axis',(0.,-1.04630109290431E-14,1.));
#6207=DIRECTION('ref_axis',(-1.,5.34378146472726E-24,5.59120438366582E-38));
#6208=DIRECTION('center_axis',(0.,0.,1.));
#6209=DIRECTION('ref_axis',(-1.,5.34378146472726E-24,5.59120438366582E-38));
#6210=DIRECTION('',(0.,-1.04630109290431E-14,1.));
#6211=DIRECTION('center_axis',(0.,-1.04630109290431E-14,1.));
#6212=DIRECTION('ref_axis',(-1.,5.34378146472726E-24,5.59120438366581E-38));
#6213=DIRECTION('center_axis',(0.,0.,1.));
#6214=DIRECTION('ref_axis',(-1.,5.34378146472726E-24,5.59120438366581E-38));
#6215=DIRECTION('',(0.,-1.04630109290431E-14,1.));
#6216=DIRECTION('center_axis',(0.88545602565321,-0.464723172043769,0.));
#6217=DIRECTION('ref_axis',(0.,0.,-1.));
#6218=DIRECTION('',(0.464723172043769,0.88545602565321,0.));
#6219=DIRECTION('',(-8.25514185087784E-16,-1.57288586715735E-15,1.));
#6220=DIRECTION('center_axis',(0.88545602565321,-0.464723172043769,0.));
#6221=DIRECTION('ref_axis',(0.,0.,-1.));
#6222=DIRECTION('',(0.,0.,-1.));
#6223=DIRECTION('center_axis',(-0.464723172043769,-0.88545602565321,-1.77635683940037E-15));
#6224=DIRECTION('ref_axis',(8.25514185087784E-16,1.57288586715735E-15,-1.));
#6225=DIRECTION('',(0.88545602565321,-0.464723172043769,0.));
#6226=DIRECTION('',(-8.25514185087784E-16,-1.57288586715735E-15,1.));
#6227=DIRECTION('',(0.88545602565321,-0.464723172043769,0.));
#6228=DIRECTION('center_axis',(-0.464723172043769,-0.88545602565321,-1.77635683940037E-15));
#6229=DIRECTION('ref_axis',(8.25514185087784E-16,1.57288586715735E-15,-1.));
#6230=DIRECTION('',(0.88545602565321,-0.464723172043769,0.));
#6231=DIRECTION('',(0.88545602565321,-0.464723172043769,0.));
#6232=DIRECTION('center_axis',(0.88545602565321,-0.464723172043769,0.));
#6233=DIRECTION('ref_axis',(0.464723172043769,0.88545602565321,0.));
#6234=DIRECTION('center_axis',(0.88545602565321,-0.464723172043769,0.));
#6235=DIRECTION('ref_axis',(0.,0.,-1.));
#6236=DIRECTION('',(0.88545602565321,-0.464723172043769,0.));
#6237=DIRECTION('center_axis',(0.464723172043769,0.88545602565321,0.));
#6238=DIRECTION('ref_axis',(0.,0.,1.));
#6239=DIRECTION('',(0.,0.,-1.));
#6240=DIRECTION('',(-0.88545602565321,0.464723172043769,0.));
#6241=DIRECTION('center_axis',(0.464723172043769,0.88545602565321,0.));
#6242=DIRECTION('ref_axis',(0.,0.,1.));
#6243=DIRECTION('',(-0.88545602565321,0.464723172043769,0.));
#6244=DIRECTION('',(0.88545602565321,-0.464723172043769,0.));
#6245=DIRECTION('center_axis',(-0.88545602565321,0.464723172043769,0.));
#6246=DIRECTION('ref_axis',(0.,0.,1.));
#6247=DIRECTION('',(-0.464723172043769,-0.88545602565321,0.));
#6248=DIRECTION('center_axis',(0.88545602565321,-0.464723172043769,0.));
#6249=DIRECTION('ref_axis',(0.464723172043769,0.88545602565321,0.));
#6250=DIRECTION('center_axis',(0.,0.,1.));
#6251=DIRECTION('ref_axis',(1.,0.,0.));
#6252=DIRECTION('',(-0.568064746731156,0.822983865893656,0.));
#6253=DIRECTION('',(-0.822983865893656,-0.568064746731156,0.));
#6254=DIRECTION('',(0.568064746731156,-0.822983865893656,0.));
#6255=DIRECTION('center_axis',(0.,0.,1.));
#6256=DIRECTION('ref_axis',(-0.568060951086473,0.822986485825091,0.));
#6257=DIRECTION('',(0.568064746731156,-0.822983865893656,0.));
#6258=DIRECTION('',(0.822983865893656,0.568064746731156,0.));
#6259=DIRECTION('',(-0.568064746731156,0.822983865893656,0.));
#6260=DIRECTION('',(-0.120536680255322,0.992708874098054,0.));
#6261=DIRECTION('',(-0.992708874098054,-0.120536680255322,0.));
#6262=DIRECTION('',(0.120536680255322,-0.992708874098054,0.));
#6263=DIRECTION('center_axis',(0.,0.,1.));
#6264=DIRECTION('ref_axis',(-0.12053210183602,0.992709430008092,0.));
#6265=DIRECTION('',(0.120536680255322,-0.992708874098054,0.));
#6266=DIRECTION('',(0.992708874098054,0.120536680255322,0.));
#6267=DIRECTION('',(-0.120536680255322,0.992708874098054,0.));
#6268=DIRECTION('',(0.354604887042536,0.935016242685415,0.));
#6269=DIRECTION('',(-0.935016242685415,0.354604887042536,0.));
#6270=DIRECTION('',(-0.354604887042536,-0.935016242685415,0.));
#6271=DIRECTION('center_axis',(0.,0.,1.));
#6272=DIRECTION('ref_axis',(0.354609199375772,0.935014607221767,0.));
#6273=DIRECTION('',(0.93501624268549,-0.354604887042337,0.));
#6274=DIRECTION('',(-0.354604887042536,-0.935016242685415,0.));
#6275=DIRECTION('',(0.935016242685415,-0.354604887042536,0.));
#6276=DIRECTION('',(0.354604887042536,0.935016242685415,0.));
#6277=DIRECTION('',(0.93501624268549,-0.354604887042337,0.));
#6278=DIRECTION('',(0.748510748171101,0.663122658240795,0.));
#6279=DIRECTION('',(-0.663122658240795,0.748510748171101,0.));
#6280=DIRECTION('',(-0.748510748171101,-0.663122658240795,0.));
#6281=DIRECTION('center_axis',(0.,0.,1.));
#6282=DIRECTION('ref_axis',(0.748513806514695,0.663119206068473,0.));
#6283=DIRECTION('',(0.663122658240954,-0.74851074817096,0.));
#6284=DIRECTION('',(-0.748510748171101,-0.663122658240795,0.));
#6285=DIRECTION('',(0.663122658240795,-0.748510748171101,0.));
#6286=DIRECTION('',(0.748510748171101,0.663122658240795,0.));
#6287=DIRECTION('',(0.663122658240954,-0.74851074817096,0.));
#6288=DIRECTION('center_axis',(0.,0.,-1.));
#6289=DIRECTION('ref_axis',(1.,0.,0.));
#6290=DIRECTION('',(0.970941817426052,0.239315664287557,0.));
#6291=DIRECTION('',(-0.239315664287557,0.970941817426052,0.));
#6292=DIRECTION('',(-0.970941817426052,-0.239315664287557,0.));
#6293=DIRECTION('center_axis',(0.,0.,1.));
#6294=DIRECTION('ref_axis',(0.970942921150344,0.239311186257637,0.));
#6295=DIRECTION('',(0.239315664287764,-0.970941817426001,0.));
#6296=DIRECTION('',(-0.970941817426052,-0.239315664287557,0.));
#6297=DIRECTION('',(0.239315664287557,-0.970941817426052,0.));
#6298=DIRECTION('',(0.970941817426052,0.239315664287557,0.));
#6299=DIRECTION('',(0.239315664287764,-0.970941817426001,0.));
#6300=DIRECTION('center_axis',(0.,0.,-1.));
#6301=DIRECTION('ref_axis',(1.,0.,0.));
#6302=DIRECTION('',(0.970941817426052,-0.239315664287558,0.));
#6303=DIRECTION('',(0.239315664287558,0.970941817426052,0.));
#6304=DIRECTION('',(-0.970941817426052,0.239315664287558,0.));
#6305=DIRECTION('center_axis',(0.,0.,1.));
#6306=DIRECTION('ref_axis',(0.970940713681108,-0.239320142312388,0.));
#6307=DIRECTION('',(-0.970941817426052,0.239315664287558,0.));
#6308=DIRECTION('',(-0.239315664287558,-0.970941817426052,0.));
#6309=DIRECTION('',(0.970941817426052,-0.239315664287558,0.));
#6310=DIRECTION('',(0.748510748171101,-0.663122658240796,0.));
#6311=DIRECTION('',(0.663122658240796,0.748510748171101,0.));
#6312=DIRECTION('',(-0.748510748171101,0.663122658240796,0.));
#6313=DIRECTION('center_axis',(0.,0.,1.));
#6314=DIRECTION('ref_axis',(0.748507689811586,-0.663126110399012,0.));
#6315=DIRECTION('',(-0.748510748171101,0.663122658240796,0.));
#6316=DIRECTION('',(-0.663122658240796,-0.748510748171101,0.));
#6317=DIRECTION('',(0.748510748171101,-0.663122658240796,0.));
#6318=DIRECTION('',(0.354604887042536,-0.935016242685415,0.));
#6319=DIRECTION('',(0.935016242685415,0.354604887042536,0.));
#6320=DIRECTION('',(-0.354604887042536,0.935016242685415,0.));
#6321=DIRECTION('center_axis',(0.,0.,1.));
#6322=DIRECTION('ref_axis',(0.354600574701757,-0.935017878129175,0.));
#6323=DIRECTION('',(-0.354604887042536,0.935016242685415,0.));
#6324=DIRECTION('',(-0.935016242685415,-0.354604887042536,0.));
#6325=DIRECTION('',(0.354604887042536,-0.935016242685415,0.));
#6326=DIRECTION('',(-0.120536680255323,-0.992708874098054,0.));
#6327=DIRECTION('',(0.992708874098054,-0.120536680255323,0.));
#6328=DIRECTION('',(0.120536680255323,0.992708874098054,0.));
#6329=DIRECTION('center_axis',(0.,0.,1.));
#6330=DIRECTION('ref_axis',(-0.120541258672062,-0.9927083181669,0.));
#6331=DIRECTION('',(0.120536680255323,0.992708874098054,0.));
#6332=DIRECTION('',(-0.992708874098054,0.120536680255323,0.));
#6333=DIRECTION('',(-0.120536680255323,-0.992708874098054,0.));
#6334=DIRECTION('',(-0.568064746731156,-0.822983865893656,0.));
#6335=DIRECTION('',(0.822983865893656,-0.568064746731156,0.));
#6336=DIRECTION('',(0.568064746731156,0.822983865893656,0.));
#6337=DIRECTION('center_axis',(0.,0.,1.));
#6338=DIRECTION('ref_axis',(-0.568068542363756,-0.822981245944717,0.));
#6339=DIRECTION('',(0.568064746731156,0.822983865893656,0.));
#6340=DIRECTION('',(-0.822983865893656,0.568064746731156,0.));
#6341=DIRECTION('',(-0.568064746731156,-0.822983865893656,0.));
#6342=DIRECTION('',(-0.88545602565321,-0.464723172043769,0.));
#6343=DIRECTION('',(0.464723172043769,-0.88545602565321,0.));
#6344=DIRECTION('',(0.88545602565321,0.464723172043769,0.));
#6345=DIRECTION('center_axis',(0.,0.,1.));
#6346=DIRECTION('ref_axis',(-0.885458168967985,-0.464719088275771,0.));
#6347=DIRECTION('',(0.88545602565321,0.464723172043769,0.));
#6348=DIRECTION('',(-0.464723172043769,0.88545602565321,0.));
#6349=DIRECTION('',(-0.88545602565321,-0.464723172043769,0.));
#6350=DIRECTION('',(-1.,0.,0.));
#6351=DIRECTION('',(0.,-1.,0.));
#6352=DIRECTION('',(1.,0.,0.));
#6353=DIRECTION('center_axis',(0.,0.,1.));
#6354=DIRECTION('ref_axis',(-0.999999999989365,4.61204502138765E-6,0.));
#6355=DIRECTION('',(1.,0.,0.));
#6356=DIRECTION('',(0.,1.,0.));
#6357=DIRECTION('',(-1.,0.,0.));
#6358=DIRECTION('center_axis',(0.,0.,1.));
#6359=DIRECTION('ref_axis',(-0.8854538823196,0.464727255801881,0.));
#6360=DIRECTION('center_axis',(0.120536680255322,-0.992708874098054,0.));
#6361=DIRECTION('ref_axis',(0.,0.,-1.));
#6362=DIRECTION('',(-1.76340519803752E-15,-2.14116156370157E-16,1.));
#6363=DIRECTION('center_axis',(0.120536680255322,-0.992708874098054,0.));
#6364=DIRECTION('ref_axis',(0.,0.,-1.));
#6365=DIRECTION('',(0.,0.,-1.));
#6366=DIRECTION('center_axis',(-0.992708874098054,-0.120536680255322,-1.77635683940037E-15));
#6367=DIRECTION('ref_axis',(1.76340519803752E-15,2.14116156370157E-16,-1.));
#6368=DIRECTION('',(-1.76340519803752E-15,-2.14116156370157E-16,1.));
#6369=DIRECTION('',(0.120536680255322,-0.992708874098054,0.));
#6370=DIRECTION('center_axis',(-0.992708874098054,-0.120536680255322,-1.77635683940037E-15));
#6371=DIRECTION('ref_axis',(1.76340519803752E-15,2.14116156370157E-16,-1.));
#6372=DIRECTION('',(0.120536680255322,-0.992708874098054,0.));
#6373=DIRECTION('center_axis',(0.120536680255322,-0.992708874098054,0.));
#6374=DIRECTION('ref_axis',(0.992708874098054,0.120536680255322,0.));
#6375=DIRECTION('center_axis',(0.120536680255322,-0.992708874098054,0.));
#6376=DIRECTION('ref_axis',(0.,0.,-1.));
#6377=DIRECTION('',(0.120536680255322,-0.992708874098054,0.));
#6378=DIRECTION('center_axis',(0.992708874098054,0.120536680255322,0.));
#6379=DIRECTION('ref_axis',(0.,0.,1.));
#6380=DIRECTION('',(0.,0.,-1.));
#6381=DIRECTION('center_axis',(0.992708874098054,0.120536680255322,0.));
#6382=DIRECTION('ref_axis',(0.,0.,1.));
#6383=DIRECTION('',(0.120536680255322,-0.992708874098054,0.));
#6384=DIRECTION('center_axis',(-0.120536680255322,0.992708874098054,0.));
#6385=DIRECTION('ref_axis',(0.,0.,1.));
#6386=DIRECTION('center_axis',(0.120536680255322,-0.992708874098054,0.));
#6387=DIRECTION('ref_axis',(0.992708874098054,0.120536680255322,0.));
#6388=DIRECTION('center_axis',(0.568064746731156,-0.822983865893657,0.));
#6389=DIRECTION('ref_axis',(0.,0.,-1.));
#6390=DIRECTION('',(-1.46191301889635E-15,-1.00908569807813E-15,1.));
#6391=DIRECTION('center_axis',(0.568064746731156,-0.822983865893657,0.));
#6392=DIRECTION('ref_axis',(0.,0.,-1.));
#6393=DIRECTION('',(0.,0.,-1.));
#6394=DIRECTION('center_axis',(-0.822983865893657,-0.568064746731156,-1.77635683940037E-15));
#6395=DIRECTION('ref_axis',(1.46191301889635E-15,1.00908569807813E-15,-1.));
#6396=DIRECTION('',(-1.46191301889635E-15,-1.00908569807813E-15,1.));
#6397=DIRECTION('',(0.568064746731156,-0.822983865893656,0.));
#6398=DIRECTION('center_axis',(-0.822983865893657,-0.568064746731156,-1.77635683940037E-15));
#6399=DIRECTION('ref_axis',(1.46191301889635E-15,1.00908569807813E-15,-1.));
#6400=DIRECTION('',(0.568064746731156,-0.822983865893656,0.));
#6401=DIRECTION('center_axis',(0.568064746731156,-0.822983865893657,0.));
#6402=DIRECTION('ref_axis',(0.822983865893656,0.568064746731156,0.));
#6403=DIRECTION('center_axis',(0.568064746731156,-0.822983865893657,0.));
#6404=DIRECTION('ref_axis',(0.,0.,-1.));
#6405=DIRECTION('',(0.568064746731156,-0.822983865893656,0.));
#6406=DIRECTION('center_axis',(0.822983865893657,0.568064746731156,0.));
#6407=DIRECTION('ref_axis',(0.,0.,1.));
#6408=DIRECTION('',(0.,0.,-1.));
#6409=DIRECTION('center_axis',(0.822983865893657,0.568064746731156,0.));
#6410=DIRECTION('ref_axis',(0.,0.,1.));
#6411=DIRECTION('',(0.568064746731156,-0.822983865893656,0.));
#6412=DIRECTION('center_axis',(-0.568064746731156,0.822983865893657,0.));
#6413=DIRECTION('ref_axis',(0.,0.,1.));
#6414=DIRECTION('center_axis',(0.568064746731156,-0.822983865893657,0.));
#6415=DIRECTION('ref_axis',(0.822983865893656,0.568064746731156,0.));
#6416=DIRECTION('center_axis',(-0.354604887042536,-0.935016242685415,0.));
#6417=DIRECTION('ref_axis',(0.,0.,-1.));
#6418=DIRECTION('',(-1.66092249764467E-15,6.29904816382804E-16,1.));
#6419=DIRECTION('center_axis',(-0.354604887042536,-0.935016242685415,0.));
#6420=DIRECTION('ref_axis',(0.,0.,-1.));
#6421=DIRECTION('',(0.,0.,-1.));
#6422=DIRECTION('center_axis',(-0.935016242685415,0.354604887042536,-1.77635683940037E-15));
#6423=DIRECTION('ref_axis',(1.66092249764467E-15,-6.29904816382804E-16,
-1.));
#6424=DIRECTION('',(-1.66092249764467E-15,6.29904816382804E-16,1.));
#6425=DIRECTION('',(-0.354604887042536,-0.935016242685415,0.));
#6426=DIRECTION('center_axis',(-0.935016242685415,0.354604887042536,-1.77635683940037E-15));
#6427=DIRECTION('ref_axis',(1.66092249764467E-15,-6.29904816382804E-16,
-1.));
#6428=DIRECTION('',(1.66092249764481E-15,-6.29904816382451E-16,-1.));
#6429=DIRECTION('',(-0.354604887042536,-0.935016242685415,0.));
#6430=DIRECTION('center_axis',(-0.354604887042536,-0.935016242685415,0.));
#6431=DIRECTION('ref_axis',(0.935016242685415,-0.354604887042536,0.));
#6432=DIRECTION('center_axis',(-0.354604887042536,-0.935016242685415,0.));
#6433=DIRECTION('ref_axis',(0.,0.,-1.));
#6434=DIRECTION('',(-0.354604887042536,-0.935016242685415,0.));
#6435=DIRECTION('center_axis',(0.935016242685415,-0.354604887042536,0.));
#6436=DIRECTION('ref_axis',(0.,0.,1.));
#6437=DIRECTION('',(0.,0.,-1.));
#6438=DIRECTION('center_axis',(0.935016242685415,-0.354604887042536,0.));
#6439=DIRECTION('ref_axis',(0.,0.,1.));
#6440=DIRECTION('',(0.,0.,1.));
#6441=DIRECTION('',(-0.354604887042536,-0.935016242685415,0.));
#6442=DIRECTION('center_axis',(0.354604887042536,0.935016242685415,0.));
#6443=DIRECTION('ref_axis',(0.,0.,1.));
#6444=DIRECTION('center_axis',(-0.354604887042536,-0.935016242685415,0.));
#6445=DIRECTION('ref_axis',(0.935016242685415,-0.354604887042536,0.));
#6446=DIRECTION('center_axis',(-0.354604887042337,-0.93501624268549,0.));
#6447=DIRECTION('ref_axis',(0.935016242685415,-0.354604887042536,0.));
#6448=DIRECTION('center_axis',(-0.748510748171101,-0.663122658240795,0.));
#6449=DIRECTION('ref_axis',(0.,0.,-1.));
#6450=DIRECTION('',(-1.17794246932739E-15,1.32962218687842E-15,1.));
#6451=DIRECTION('center_axis',(-0.748510748171101,-0.663122658240795,0.));
#6452=DIRECTION('ref_axis',(0.,0.,-1.));
#6453=DIRECTION('',(0.,0.,-1.));
#6454=DIRECTION('center_axis',(-0.663122658240795,0.748510748171101,-1.77635683940037E-15));
#6455=DIRECTION('ref_axis',(1.17794246932739E-15,-1.32962218687842E-15,
-1.));
#6456=DIRECTION('',(-1.17794246932739E-15,1.32962218687842E-15,1.));
#6457=DIRECTION('',(-0.748510748171101,-0.663122658240795,0.));
#6458=DIRECTION('center_axis',(-0.663122658240795,0.748510748171101,-1.77635683940037E-15));
#6459=DIRECTION('ref_axis',(1.17794246932739E-15,-1.32962218687842E-15,
-1.));
#6460=DIRECTION('',(1.17794246932767E-15,-1.32962218687817E-15,-1.));
#6461=DIRECTION('',(-0.748510748171101,-0.663122658240795,0.));
#6462=DIRECTION('center_axis',(-0.748510748171101,-0.663122658240795,0.));
#6463=DIRECTION('ref_axis',(0.663122658240795,-0.748510748171101,0.));
#6464=DIRECTION('center_axis',(-0.748510748171101,-0.663122658240795,0.));
#6465=DIRECTION('ref_axis',(0.,0.,-1.));
#6466=DIRECTION('',(-0.748510748171101,-0.663122658240795,0.));
#6467=DIRECTION('center_axis',(0.663122658240795,-0.748510748171101,0.));
#6468=DIRECTION('ref_axis',(0.,0.,1.));
#6469=DIRECTION('',(0.,0.,-1.));
#6470=DIRECTION('center_axis',(0.663122658240795,-0.748510748171101,0.));
#6471=DIRECTION('ref_axis',(0.,0.,1.));
#6472=DIRECTION('',(0.,0.,1.));
#6473=DIRECTION('',(-0.748510748171101,-0.663122658240795,0.));
#6474=DIRECTION('center_axis',(0.748510748171101,0.663122658240795,0.));
#6475=DIRECTION('ref_axis',(0.,0.,1.));
#6476=DIRECTION('center_axis',(-0.748510748171101,-0.663122658240795,0.));
#6477=DIRECTION('ref_axis',(0.663122658240795,-0.748510748171101,0.));
#6478=DIRECTION('center_axis',(-0.74851074817096,-0.663122658240954,0.));
#6479=DIRECTION('ref_axis',(0.663122658240795,-0.748510748171101,0.));
#6480=DIRECTION('center_axis',(-0.970941817426052,-0.239315664287557,0.));
#6481=DIRECTION('ref_axis',(0.,0.,-1.));
#6482=DIRECTION('',(-4.25110017032846E-16,1.72473913804459E-15,1.));
#6483=DIRECTION('center_axis',(-0.970941817426052,-0.239315664287557,0.));
#6484=DIRECTION('ref_axis',(0.,0.,-1.));
#6485=DIRECTION('',(0.,0.,-1.));
#6486=DIRECTION('center_axis',(-0.239315664287557,0.970941817426052,-1.77635683940037E-15));
#6487=DIRECTION('ref_axis',(4.25110017032846E-16,-1.72473913804459E-15,
-1.));
#6488=DIRECTION('',(-4.25110017032846E-16,1.72473913804459E-15,1.));
#6489=DIRECTION('',(-0.970941817426052,-0.239315664287557,0.));
#6490=DIRECTION('center_axis',(-0.239315664287557,0.970941817426052,-1.77635683940037E-15));
#6491=DIRECTION('ref_axis',(4.25110017032846E-16,-1.72473913804459E-15,
-1.));
#6492=DIRECTION('',(4.25110017033213E-16,-1.7247391380445E-15,-1.));
#6493=DIRECTION('',(-0.970941817426052,-0.239315664287557,0.));
#6494=DIRECTION('center_axis',(-0.970941817426052,-0.239315664287557,0.));
#6495=DIRECTION('ref_axis',(0.239315664287557,-0.970941817426052,0.));
#6496=DIRECTION('center_axis',(-0.970941817426052,-0.239315664287557,0.));
#6497=DIRECTION('ref_axis',(0.,0.,-1.));
#6498=DIRECTION('',(-0.970941817426052,-0.239315664287557,0.));
#6499=DIRECTION('center_axis',(0.239315664287557,-0.970941817426052,0.));
#6500=DIRECTION('ref_axis',(0.,0.,1.));
#6501=DIRECTION('',(0.,0.,-1.));
#6502=DIRECTION('center_axis',(0.239315664287557,-0.970941817426052,0.));
#6503=DIRECTION('ref_axis',(0.,0.,1.));
#6504=DIRECTION('',(0.,0.,1.));
#6505=DIRECTION('',(-0.970941817426052,-0.239315664287557,0.));
#6506=DIRECTION('center_axis',(0.970941817426052,0.239315664287557,0.));
#6507=DIRECTION('ref_axis',(0.,0.,1.));
#6508=DIRECTION('center_axis',(-0.970941817426052,-0.239315664287557,0.));
#6509=DIRECTION('ref_axis',(0.239315664287557,-0.970941817426052,0.));
#6510=DIRECTION('center_axis',(-0.970941817426001,-0.239315664287764,0.));
#6511=DIRECTION('ref_axis',(0.239315664287557,-0.970941817426052,0.));
#6512=DIRECTION('center_axis',(-0.970941817426052,0.239315664287558,0.));
#6513=DIRECTION('ref_axis',(0.,0.,-1.));
#6514=DIRECTION('',(4.25110017032847E-16,1.72473913804459E-15,1.));
#6515=DIRECTION('center_axis',(-0.970941817426052,0.239315664287558,0.));
#6516=DIRECTION('ref_axis',(0.,0.,-1.));
#6517=DIRECTION('',(0.,0.,-1.));
#6518=DIRECTION('center_axis',(0.239315664287558,0.970941817426052,-1.77635683940037E-15));
#6519=DIRECTION('ref_axis',(-4.25110017032847E-16,-1.72473913804459E-15,
-1.));
#6520=DIRECTION('',(4.25110017032847E-16,1.72473913804459E-15,1.));
#6521=DIRECTION('',(-0.970941817426052,0.239315664287558,0.));
#6522=DIRECTION('center_axis',(0.239315664287558,0.970941817426052,-1.77635683940037E-15));
#6523=DIRECTION('ref_axis',(-4.25110017032847E-16,-1.72473913804459E-15,
-1.));
#6524=DIRECTION('',(-0.970941817426052,0.239315664287558,0.));
#6525=DIRECTION('center_axis',(-0.970941817426052,0.239315664287558,0.));
#6526=DIRECTION('ref_axis',(-0.239315664287558,-0.970941817426052,0.));
#6527=DIRECTION('center_axis',(-0.970941817426052,0.239315664287558,0.));
#6528=DIRECTION('ref_axis',(0.,0.,-1.));
#6529=DIRECTION('',(-0.970941817426052,0.239315664287558,0.));
#6530=DIRECTION('center_axis',(-0.239315664287558,-0.970941817426052,0.));
#6531=DIRECTION('ref_axis',(0.,0.,1.));
#6532=DIRECTION('',(0.,0.,-1.));
#6533=DIRECTION('center_axis',(-0.239315664287558,-0.970941817426052,0.));
#6534=DIRECTION('ref_axis',(0.,0.,1.));
#6535=DIRECTION('',(-0.970941817426052,0.239315664287558,0.));
#6536=DIRECTION('center_axis',(0.970941817426052,-0.239315664287558,0.));
#6537=DIRECTION('ref_axis',(0.,0.,1.));
#6538=DIRECTION('center_axis',(-0.970941817426052,0.239315664287558,0.));
#6539=DIRECTION('ref_axis',(-0.239315664287558,-0.970941817426052,0.));
#6540=DIRECTION('center_axis',(-0.748510748171101,0.663122658240796,0.));
#6541=DIRECTION('ref_axis',(0.,0.,-1.));
#6542=DIRECTION('',(1.17794246932739E-15,1.32962218687842E-15,1.));
#6543=DIRECTION('center_axis',(-0.748510748171101,0.663122658240796,0.));
#6544=DIRECTION('ref_axis',(0.,0.,-1.));
#6545=DIRECTION('',(0.,0.,-1.));
#6546=DIRECTION('center_axis',(0.663122658240796,0.748510748171101,-1.77635683940037E-15));
#6547=DIRECTION('ref_axis',(-1.17794246932739E-15,-1.32962218687842E-15,
-1.));
#6548=DIRECTION('',(1.17794246932739E-15,1.32962218687842E-15,1.));
#6549=DIRECTION('',(-0.748510748171101,0.663122658240796,0.));
#6550=DIRECTION('center_axis',(0.663122658240796,0.748510748171101,-1.77635683940037E-15));
#6551=DIRECTION('ref_axis',(-1.17794246932739E-15,-1.32962218687842E-15,
-1.));
#6552=DIRECTION('',(-0.748510748171101,0.663122658240796,0.));
#6553=DIRECTION('center_axis',(-0.748510748171101,0.663122658240796,0.));
#6554=DIRECTION('ref_axis',(-0.663122658240796,-0.748510748171101,0.));
#6555=DIRECTION('center_axis',(-0.748510748171101,0.663122658240796,0.));
#6556=DIRECTION('ref_axis',(0.,0.,-1.));
#6557=DIRECTION('',(-0.748510748171101,0.663122658240796,0.));
#6558=DIRECTION('center_axis',(-0.663122658240796,-0.748510748171101,0.));
#6559=DIRECTION('ref_axis',(0.,0.,1.));
#6560=DIRECTION('',(0.,0.,-1.));
#6561=DIRECTION('center_axis',(-0.663122658240796,-0.748510748171101,0.));
#6562=DIRECTION('ref_axis',(0.,0.,1.));
#6563=DIRECTION('',(-0.748510748171101,0.663122658240796,0.));
#6564=DIRECTION('center_axis',(0.748510748171101,-0.663122658240796,0.));
#6565=DIRECTION('ref_axis',(0.,0.,1.));
#6566=DIRECTION('center_axis',(-0.748510748171101,0.663122658240796,0.));
#6567=DIRECTION('ref_axis',(-0.663122658240796,-0.748510748171101,0.));
#6568=DIRECTION('center_axis',(-0.354604887042536,0.935016242685415,0.));
#6569=DIRECTION('ref_axis',(0.,0.,-1.));
#6570=DIRECTION('',(1.66092249764467E-15,6.29904816382804E-16,1.));
#6571=DIRECTION('center_axis',(-0.354604887042536,0.935016242685415,0.));
#6572=DIRECTION('ref_axis',(0.,0.,-1.));
#6573=DIRECTION('',(0.,0.,-1.));
#6574=DIRECTION('center_axis',(0.935016242685415,0.354604887042536,-1.77635683940037E-15));
#6575=DIRECTION('ref_axis',(-1.66092249764467E-15,-6.29904816382804E-16,
-1.));
#6576=DIRECTION('',(1.66092249764467E-15,6.29904816382804E-16,1.));
#6577=DIRECTION('',(-0.354604887042536,0.935016242685415,0.));
#6578=DIRECTION('center_axis',(0.935016242685415,0.354604887042536,-1.77635683940037E-15));
#6579=DIRECTION('ref_axis',(-1.66092249764467E-15,-6.29904816382804E-16,
-1.));
#6580=DIRECTION('',(-0.354604887042536,0.935016242685415,0.));
#6581=DIRECTION('center_axis',(-0.354604887042536,0.935016242685415,0.));
#6582=DIRECTION('ref_axis',(-0.935016242685415,-0.354604887042535,0.));
#6583=DIRECTION('center_axis',(-0.354604887042536,0.935016242685415,0.));
#6584=DIRECTION('ref_axis',(0.,0.,-1.));
#6585=DIRECTION('',(-0.354604887042536,0.935016242685415,0.));
#6586=DIRECTION('center_axis',(-0.935016242685415,-0.354604887042536,0.));
#6587=DIRECTION('ref_axis',(0.,0.,1.));
#6588=DIRECTION('',(0.,0.,-1.));
#6589=DIRECTION('center_axis',(-0.935016242685415,-0.354604887042536,0.));
#6590=DIRECTION('ref_axis',(0.,0.,1.));
#6591=DIRECTION('',(-0.354604887042536,0.935016242685415,0.));
#6592=DIRECTION('center_axis',(0.354604887042536,-0.935016242685415,0.));
#6593=DIRECTION('ref_axis',(0.,0.,1.));
#6594=DIRECTION('center_axis',(-0.354604887042536,0.935016242685415,0.));
#6595=DIRECTION('ref_axis',(-0.935016242685415,-0.354604887042535,0.));
#6596=DIRECTION('center_axis',(0.120536680255323,0.992708874098054,0.));
#6597=DIRECTION('ref_axis',(0.,0.,-1.));
#6598=DIRECTION('',(1.76340519803752E-15,-2.14116156370159E-16,1.));
#6599=DIRECTION('center_axis',(0.120536680255323,0.992708874098054,0.));
#6600=DIRECTION('ref_axis',(0.,0.,-1.));
#6601=DIRECTION('',(0.,0.,-1.));
#6602=DIRECTION('center_axis',(0.992708874098054,-0.120536680255323,-1.77635683940037E-15));
#6603=DIRECTION('ref_axis',(-1.76340519803752E-15,2.14116156370159E-16,
-1.));
#6604=DIRECTION('',(1.76340519803752E-15,-2.14116156370159E-16,1.));
#6605=DIRECTION('',(0.120536680255323,0.992708874098054,0.));
#6606=DIRECTION('center_axis',(0.992708874098054,-0.120536680255323,-1.77635683940037E-15));
#6607=DIRECTION('ref_axis',(-1.76340519803752E-15,2.14116156370159E-16,
-1.));
#6608=DIRECTION('',(0.120536680255323,0.992708874098054,0.));
#6609=DIRECTION('center_axis',(0.120536680255323,0.992708874098054,0.));
#6610=DIRECTION('ref_axis',(-0.992708874098054,0.120536680255323,0.));
#6611=DIRECTION('center_axis',(0.120536680255323,0.992708874098054,0.));
#6612=DIRECTION('ref_axis',(0.,0.,-1.));
#6613=DIRECTION('',(0.120536680255323,0.992708874098054,0.));
#6614=DIRECTION('center_axis',(-0.992708874098054,0.120536680255323,0.));
#6615=DIRECTION('ref_axis',(0.,0.,1.));
#6616=DIRECTION('',(0.,0.,-1.));
#6617=DIRECTION('center_axis',(-0.992708874098054,0.120536680255323,0.));
#6618=DIRECTION('ref_axis',(0.,0.,1.));
#6619=DIRECTION('',(0.120536680255323,0.992708874098054,0.));
#6620=DIRECTION('center_axis',(-0.120536680255323,-0.992708874098054,0.));
#6621=DIRECTION('ref_axis',(0.,0.,1.));
#6622=DIRECTION('center_axis',(0.120536680255323,0.992708874098054,0.));
#6623=DIRECTION('ref_axis',(-0.992708874098054,0.120536680255323,0.));
#6624=DIRECTION('center_axis',(0.88545602565321,0.464723172043769,0.));
#6625=DIRECTION('ref_axis',(0.,0.,-1.));
#6626=DIRECTION('',(8.25514185087783E-16,-1.57288586715735E-15,1.));
#6627=DIRECTION('center_axis',(0.88545602565321,0.464723172043769,0.));
#6628=DIRECTION('ref_axis',(0.,0.,-1.));
#6629=DIRECTION('',(0.,0.,-1.));
#6630=DIRECTION('center_axis',(0.464723172043769,-0.88545602565321,-1.77635683940037E-15));
#6631=DIRECTION('ref_axis',(-8.25514185087783E-16,1.57288586715735E-15,
-1.));
#6632=DIRECTION('',(8.25514185087783E-16,-1.57288586715735E-15,1.));
#6633=DIRECTION('',(0.88545602565321,0.464723172043769,0.));
#6634=DIRECTION('center_axis',(0.464723172043769,-0.88545602565321,-1.77635683940037E-15));
#6635=DIRECTION('ref_axis',(-8.25514185087783E-16,1.57288586715735E-15,
-1.));
#6636=DIRECTION('',(0.88545602565321,0.464723172043769,0.));
#6637=DIRECTION('center_axis',(0.88545602565321,0.464723172043769,0.));
#6638=DIRECTION('ref_axis',(-0.464723172043769,0.88545602565321,0.));
#6639=DIRECTION('center_axis',(0.88545602565321,0.464723172043769,0.));
#6640=DIRECTION('ref_axis',(0.,0.,-1.));
#6641=DIRECTION('',(0.88545602565321,0.464723172043769,0.));
#6642=DIRECTION('center_axis',(-0.464723172043769,0.88545602565321,0.));
#6643=DIRECTION('ref_axis',(0.,0.,1.));
#6644=DIRECTION('',(0.,0.,-1.));
#6645=DIRECTION('center_axis',(-0.464723172043769,0.88545602565321,0.));
#6646=DIRECTION('ref_axis',(0.,0.,1.));
#6647=DIRECTION('',(0.88545602565321,0.464723172043769,0.));
#6648=DIRECTION('center_axis',(-0.88545602565321,-0.464723172043769,0.));
#6649=DIRECTION('ref_axis',(0.,0.,1.));
#6650=DIRECTION('center_axis',(0.88545602565321,0.464723172043769,0.));
#6651=DIRECTION('ref_axis',(-0.464723172043769,0.88545602565321,0.));
#6652=DIRECTION('center_axis',(0.568064746731156,0.822983865893656,0.));
#6653=DIRECTION('ref_axis',(0.,0.,-1.));
#6654=DIRECTION('',(1.46191301889635E-15,-1.00908569807813E-15,1.));
#6655=DIRECTION('center_axis',(0.568064746731156,0.822983865893656,0.));
#6656=DIRECTION('ref_axis',(0.,0.,-1.));
#6657=DIRECTION('',(0.,0.,-1.));
#6658=DIRECTION('center_axis',(0.822983865893656,-0.568064746731156,-1.77635683940037E-15));
#6659=DIRECTION('ref_axis',(-1.46191301889635E-15,1.00908569807813E-15,
-1.));
#6660=DIRECTION('',(1.46191301889635E-15,-1.00908569807813E-15,1.));
#6661=DIRECTION('',(0.568064746731156,0.822983865893656,0.));
#6662=DIRECTION('center_axis',(0.822983865893656,-0.568064746731156,-1.77635683940037E-15));
#6663=DIRECTION('ref_axis',(-1.46191301889635E-15,1.00908569807813E-15,
-1.));
#6664=DIRECTION('',(0.568064746731156,0.822983865893656,0.));
#6665=DIRECTION('center_axis',(0.568064746731156,0.822983865893656,0.));
#6666=DIRECTION('ref_axis',(-0.822983865893656,0.568064746731156,0.));
#6667=DIRECTION('center_axis',(0.568064746731156,0.822983865893656,0.));
#6668=DIRECTION('ref_axis',(0.,0.,-1.));
#6669=DIRECTION('',(0.568064746731156,0.822983865893656,0.));
#6670=DIRECTION('center_axis',(-0.822983865893656,0.568064746731156,0.));
#6671=DIRECTION('ref_axis',(0.,0.,1.));
#6672=DIRECTION('',(0.,0.,-1.));
#6673=DIRECTION('center_axis',(-0.822983865893656,0.568064746731156,0.));
#6674=DIRECTION('ref_axis',(0.,0.,1.));
#6675=DIRECTION('',(0.568064746731156,0.822983865893656,0.));
#6676=DIRECTION('center_axis',(-0.568064746731156,-0.822983865893656,0.));
#6677=DIRECTION('ref_axis',(0.,0.,1.));
#6678=DIRECTION('center_axis',(0.568064746731156,0.822983865893656,0.));
#6679=DIRECTION('ref_axis',(-0.822983865893656,0.568064746731156,0.));
#6680=DIRECTION('center_axis',(1.,0.,0.));
#6681=DIRECTION('ref_axis',(0.,0.,-1.));
#6682=DIRECTION('',(0.,-1.77635683940037E-15,1.));
#6683=DIRECTION('center_axis',(1.,0.,0.));
#6684=DIRECTION('ref_axis',(0.,0.,-1.));
#6685=DIRECTION('',(0.,0.,-1.));
#6686=DIRECTION('center_axis',(0.,-1.,-1.77635683940037E-15));
#6687=DIRECTION('ref_axis',(0.,1.77635683940037E-15,-1.));
#6688=DIRECTION('',(0.,-1.77635683940037E-15,1.));
#6689=DIRECTION('',(1.,0.,0.));
#6690=DIRECTION('center_axis',(0.,-1.,-1.77635683940037E-15));
#6691=DIRECTION('ref_axis',(0.,1.77635683940037E-15,-1.));
#6692=DIRECTION('',(1.,0.,0.));
#6693=DIRECTION('center_axis',(1.,0.,0.));
#6694=DIRECTION('ref_axis',(0.,1.,0.));
#6695=DIRECTION('center_axis',(1.,0.,0.));
#6696=DIRECTION('ref_axis',(0.,0.,-1.));
#6697=DIRECTION('',(1.,0.,0.));
#6698=DIRECTION('center_axis',(0.,1.,0.));
#6699=DIRECTION('ref_axis',(0.,0.,1.));
#6700=DIRECTION('',(0.,0.,-1.));
#6701=DIRECTION('center_axis',(0.,1.,0.));
#6702=DIRECTION('ref_axis',(0.,0.,1.));
#6703=DIRECTION('',(1.,0.,0.));
#6704=DIRECTION('center_axis',(-1.,0.,0.));
#6705=DIRECTION('ref_axis',(0.,0.,1.));
#6706=DIRECTION('center_axis',(1.,0.,0.));
#6707=DIRECTION('ref_axis',(0.,1.,0.));
#6708=DIRECTION('center_axis',(0.,0.,1.));
#6709=DIRECTION('ref_axis',(-0.46472507443857,-0.885455027196789,0.));
#6710=DIRECTION('center_axis',(0.,0.,1.));
#6711=DIRECTION('ref_axis',(-0.822985086374761,-0.568062978554955,0.));
#6712=DIRECTION('center_axis',(0.,0.,1.));
#6713=DIRECTION('ref_axis',(-0.992709133067949,-0.120534547427201,0.));
#6714=DIRECTION('center_axis',(0.,0.,1.));
#6715=DIRECTION('ref_axis',(-0.935015480817219,0.354606895917359,0.));
#6716=DIRECTION('',(0.,0.,1.));
#6717=DIRECTION('center_axis',(-0.354604887042337,-0.93501624268549,0.));
#6718=DIRECTION('ref_axis',(0.93501624268549,-0.354604887042337,0.));
#6719=DIRECTION('center_axis',(0.,0.,1.));
#6720=DIRECTION('ref_axis',(0.239317750348485,0.970941303255835,0.));
#6721=DIRECTION('center_axis',(0.,0.,1.));
#6722=DIRECTION('ref_axis',(1.,0.,0.));
#6723=DIRECTION('',(0.,0.,1.));
#6724=DIRECTION('center_axis',(0.,0.,1.));
#6725=DIRECTION('ref_axis',(-0.663121050069331,0.748512172883614,0.));
#6726=DIRECTION('',(0.,0.,1.));
#6727=DIRECTION('center_axis',(-0.74851074817096,-0.663122658240954,0.));
#6728=DIRECTION('ref_axis',(0.663122658240954,-0.74851074817096,0.));
#6729=DIRECTION('',(0.,0.,1.));
#6730=DIRECTION('center_axis',(0.,0.,1.));
#6731=DIRECTION('ref_axis',(1.,0.,0.));
#6732=DIRECTION('center_axis',(0.,0.,1.));
#6733=DIRECTION('ref_axis',(-0.239313578225526,0.970942331591787,0.));
#6734=DIRECTION('',(0.,0.,1.));
#6735=DIRECTION('center_axis',(-0.970941817426001,-0.239315664287764,0.));
#6736=DIRECTION('ref_axis',(0.239315664287764,-0.970941817426001,0.));
#6737=DIRECTION('center_axis',(0.,0.,1.));
#6738=DIRECTION('ref_axis',(0.663124266409199,0.748509323455133,0.));
#6739=DIRECTION('center_axis',(0.,0.,1.));
#6740=DIRECTION('ref_axis',(0.935017004549295,0.354602878166075,0.));
#6741=DIRECTION('center_axis',(0.,0.,1.));
#6742=DIRECTION('ref_axis',(0.822982645408753,-0.568066514904734,0.));
#6743=DIRECTION('center_axis',(0.,0.,1.));
#6744=DIRECTION('ref_axis',(0.464721269646822,-0.885457024105544,0.));
#6745=DIRECTION('center_axis',(0.,0.,1.));
#6746=DIRECTION('ref_axis',(0.992708615123576,-0.120538813082887,0.));
#6747=DIRECTION('center_axis',(0.,0.,1.));
#6748=DIRECTION('ref_axis',(-2.14849277437409E-6,-0.999999999997692,0.));
#6749=DIRECTION('axis',(0.,0.,1.));
#6750=DIRECTION('refdir',(1.,0.,0.));
#6751=DIRECTION('center_axis',(0.,0.,1.));
#6752=DIRECTION('ref_axis',(0.885456025653209,-0.464723172043769,0.));
#6753=DIRECTION('center_axis',(0.,0.,1.));
#6754=DIRECTION('ref_axis',(0.88545602565321,-0.464723172043769,0.));
#6755=DIRECTION('center_axis',(0.,0.,-1.));
#6756=DIRECTION('ref_axis',(1.,0.,0.));
#6757=DIRECTION('center_axis',(0.,0.,1.));
#6758=DIRECTION('ref_axis',(1.,0.,0.));
#6759=DIRECTION('',(0.663122658242248,0.748510748169814,0.));
#6760=DIRECTION('center_axis',(0.,0.,1.));
#6761=DIRECTION('ref_axis',(0.748507689811586,-0.663126110399012,0.));
#6762=DIRECTION('',(-0.663122658240636,-0.748510748171242,0.));
#6763=DIRECTION('center_axis',(0.,0.,1.));
#6764=DIRECTION('ref_axis',(0.568064746731156,-0.822983865893657,0.));
#6765=DIRECTION('',(0.935016242686103,0.354604887040721,0.));
#6766=DIRECTION('center_axis',(0.,0.,1.));
#6767=DIRECTION('ref_axis',(0.354600574701757,-0.935017878129175,0.));
#6768=DIRECTION('',(-0.935016242685339,-0.354604887042735,0.));
#6769=DIRECTION('center_axis',(0.,0.,1.));
#6770=DIRECTION('ref_axis',(0.120536680255322,-0.992708874098054,0.));
#6771=DIRECTION('',(0.99270887409782,-0.12053668025725,0.));
#6772=DIRECTION('center_axis',(0.,0.,1.));
#6773=DIRECTION('ref_axis',(-0.120541258672062,-0.9927083181669,0.));
#6774=DIRECTION('',(-0.99270887409808,0.120536680255112,0.));
#6775=DIRECTION('center_axis',(0.,0.,1.));
#6776=DIRECTION('ref_axis',(-0.354604887042536,-0.935016242685415,0.));
#6777=DIRECTION('',(0.822983865892554,-0.568064746732753,0.));
#6778=DIRECTION('center_axis',(0.,0.,1.));
#6779=DIRECTION('ref_axis',(-0.568068542363756,-0.822981245944717,0.));
#6780=DIRECTION('',(-0.822983865893777,0.568064746730981,0.));
#6781=DIRECTION('center_axis',(0.,0.,1.));
#6782=DIRECTION('ref_axis',(-0.748510748171101,-0.663122658240795,0.));
#6783=DIRECTION('',(0.46472317204205,-0.885456025654112,0.));
#6784=DIRECTION('center_axis',(0.,0.,1.));
#6785=DIRECTION('ref_axis',(-0.885458168967985,-0.464719088275771,0.));
#6786=DIRECTION('',(-0.464723172043957,0.885456025653111,0.));
#6787=DIRECTION('center_axis',(0.,0.,1.));
#6788=DIRECTION('ref_axis',(-0.970941817426052,-0.239315664287557,0.));
#6789=DIRECTION('',(-1.9407841096328E-12,-1.,0.));
#6790=DIRECTION('center_axis',(0.,0.,1.));
#6791=DIRECTION('ref_axis',(-0.999999999989365,4.61204502138765E-6,0.));
#6792=DIRECTION('',(-2.12885402475718E-13,1.,0.));
#6793=DIRECTION('center_axis',(0.,0.,1.));
#6794=DIRECTION('ref_axis',(-0.970941817426052,0.239315664287558,0.));
#6795=DIRECTION('',(-0.464723172045488,-0.885456025652308,0.));
#6796=DIRECTION('center_axis',(0.,0.,1.));
#6797=DIRECTION('ref_axis',(-0.8854538823196,0.464727255801881,0.));
#6798=DIRECTION('',(0.464723172043581,0.885456025653308,0.));
#6799=DIRECTION('center_axis',(0.,0.,1.));
#6800=DIRECTION('ref_axis',(-0.748510748171101,0.663122658240796,0.));
#6801=DIRECTION('',(-0.822983865894759,-0.568064746729558,0.));
#6802=DIRECTION('center_axis',(0.,0.,1.));
#6803=DIRECTION('ref_axis',(-0.568060951086473,0.822986485825091,0.));
#6804=DIRECTION('',(0.822983865893536,0.568064746731331,0.));
#6805=DIRECTION('center_axis',(0.,0.,1.));
#6806=DIRECTION('ref_axis',(-0.354604887042536,0.935016242685415,0.));
#6807=DIRECTION('',(-0.992708874098288,-0.120536680253396,0.));
#6808=DIRECTION('center_axis',(0.,0.,1.));
#6809=DIRECTION('ref_axis',(-0.12053210183602,0.992709430008092,0.));
#6810=DIRECTION('',(0.992708874098028,0.120536680255534,0.));
#6811=DIRECTION('center_axis',(0.,0.,1.));
#6812=DIRECTION('ref_axis',(0.120536680255323,0.992708874098054,0.));
#6813=DIRECTION('',(-0.935016242684726,0.354604887044351,0.));
#6814=DIRECTION('center_axis',(0.,0.,1.));
#6815=DIRECTION('ref_axis',(0.354609199375772,0.935014607221767,0.));
#6816=DIRECTION('',(0.93501624268549,-0.354604887042337,0.));
#6817=DIRECTION('center_axis',(0.,0.,1.));
#6818=DIRECTION('ref_axis',(0.568064746731156,0.822983865893656,0.));
#6819=DIRECTION('',(-0.663122658239342,0.748510748172388,0.));
#6820=DIRECTION('center_axis',(0.,0.,1.));
#6821=DIRECTION('ref_axis',(0.748513806514695,0.663119206068473,0.));
#6822=DIRECTION('',(0.663122658240954,-0.74851074817096,0.));
#6823=DIRECTION('center_axis',(0.,0.,1.));
#6824=DIRECTION('ref_axis',(0.88545602565321,0.464723172043769,0.));
#6825=DIRECTION('',(-0.239315664285673,0.970941817426517,0.));
#6826=DIRECTION('center_axis',(0.,0.,1.));
#6827=DIRECTION('ref_axis',(0.970942921150344,0.239311186257637,0.));
#6828=DIRECTION('',(0.239315664287764,-0.970941817426001,0.));
#6829=DIRECTION('center_axis',(0.,0.,1.));
#6830=DIRECTION('ref_axis',(1.,0.,0.));
#6831=DIRECTION('',(0.239315664289442,0.970941817425587,0.));
#6832=DIRECTION('center_axis',(0.,0.,1.));
#6833=DIRECTION('ref_axis',(0.970940713681108,-0.239320142312388,0.));
#6834=DIRECTION('',(-0.239315664287351,-0.970941817426103,0.));
#6835=DIRECTION('center_axis',(0.,0.,-1.));
#6836=DIRECTION('ref_axis',(-1.,5.34378146472726E-24,0.));
#6837=DIRECTION('center_axis',(0.,0.,-1.));
#6838=DIRECTION('ref_axis',(-1.,5.34378146472726E-24,0.));
#6839=DIRECTION('center_axis',(0.,0.,-1.));
#6840=DIRECTION('ref_axis',(-1.,5.34378146472726E-24,0.));
#6841=DIRECTION('center_axis',(0.,0.,-1.));
#6842=DIRECTION('ref_axis',(-1.,5.34378146472726E-24,0.));
#6843=DIRECTION('center_axis',(0.,0.,-1.));
#6844=DIRECTION('ref_axis',(-1.,5.34378146472726E-24,0.));
#6845=DIRECTION('center_axis',(0.748510748169814,-0.663122658242248,0.));
#6846=DIRECTION('ref_axis',(0.663122658242248,0.748510748169814,0.));
#6847=DIRECTION('',(0.,0.,-1.));
#6848=DIRECTION('',(-0.663122658242248,-0.748510748169814,0.));
#6849=DIRECTION('',(0.,0.,-1.));
#6850=DIRECTION('center_axis',(0.,0.,1.));
#6851=DIRECTION('ref_axis',(0.568064746731156,-0.822983865893656,0.));
#6852=DIRECTION('center_axis',(0.,0.,-1.));
#6853=DIRECTION('ref_axis',(1.,0.,0.));
#6854=DIRECTION('center_axis',(-0.748510748171242,0.663122658240636,0.));
#6855=DIRECTION('ref_axis',(-0.663122658240636,-0.748510748171242,0.));
#6856=DIRECTION('',(0.,0.,1.));
#6857=DIRECTION('',(0.663122658240636,0.748510748171242,0.));
#6858=DIRECTION('',(0.,0.,1.));
#6859=DIRECTION('center_axis',(0.,0.,1.));
#6860=DIRECTION('ref_axis',(0.120536680255322,-0.992708874098054,0.));
#6861=DIRECTION('center_axis',(0.,0.,-1.));
#6862=DIRECTION('ref_axis',(1.,0.,0.));
#6863=DIRECTION('center_axis',(-0.12053668025725,-0.99270887409782,0.));
#6864=DIRECTION('ref_axis',(0.99270887409782,-0.12053668025725,0.));
#6865=DIRECTION('',(0.,0.,-1.));
#6866=DIRECTION('',(-0.99270887409782,0.12053668025725,0.));
#6867=DIRECTION('',(0.,0.,-1.));
#6868=DIRECTION('center_axis',(0.,0.,-1.));
#6869=DIRECTION('ref_axis',(1.,0.,0.));
#6870=DIRECTION('center_axis',(0.,0.,-1.));
#6871=DIRECTION('ref_axis',(1.,0.,0.));
#6872=DIRECTION('',(0.,0.,-1.));
#6873=DIRECTION('center_axis',(0.,0.,1.));
#6874=DIRECTION('ref_axis',(-0.354604887042536,-0.935016242685415,0.));
#6875=DIRECTION('center_axis',(0.,0.,-1.));
#6876=DIRECTION('ref_axis',(1.,0.,0.));
#6877=DIRECTION('center_axis',(-0.568064746732753,-0.822983865892554,0.));
#6878=DIRECTION('ref_axis',(0.822983865892554,-0.568064746732753,0.));
#6879=DIRECTION('',(0.,0.,-1.));
#6880=DIRECTION('',(-0.822983865892554,0.568064746732753,0.));
#6881=DIRECTION('',(0.,0.,-1.));
#6882=DIRECTION('center_axis',(0.,0.,1.));
#6883=DIRECTION('ref_axis',(-0.748510748171101,-0.663122658240795,0.));
#6884=DIRECTION('center_axis',(0.,0.,-1.));
#6885=DIRECTION('ref_axis',(1.,0.,0.));
#6886=DIRECTION('center_axis',(-0.885456025654112,-0.46472317204205,0.));
#6887=DIRECTION('ref_axis',(0.46472317204205,-0.885456025654112,0.));
#6888=DIRECTION('',(0.,0.,-1.));
#6889=DIRECTION('',(-0.46472317204205,0.885456025654112,0.));
#6890=DIRECTION('',(0.,0.,-1.));
#6891=DIRECTION('center_axis',(0.,0.,1.));
#6892=DIRECTION('ref_axis',(-0.970941817426052,-0.239315664287557,0.));
#6893=DIRECTION('center_axis',(0.,0.,-1.));
#6894=DIRECTION('ref_axis',(1.,0.,0.));
#6895=DIRECTION('center_axis',(-1.,1.9407841096328E-12,0.));
#6896=DIRECTION('ref_axis',(-1.9407841096328E-12,-1.,0.));
#6897=DIRECTION('',(0.,0.,-1.));
#6898=DIRECTION('',(1.9407841096328E-12,1.,0.));
#6899=DIRECTION('',(0.,0.,-1.));
#6900=DIRECTION('center_axis',(0.,0.,1.));
#6901=DIRECTION('ref_axis',(-0.970941817426052,0.239315664287558,0.));
#6902=DIRECTION('center_axis',(0.,0.,-1.));
#6903=DIRECTION('ref_axis',(1.,0.,0.));
#6904=DIRECTION('center_axis',(-0.885456025652308,0.464723172045488,0.));
#6905=DIRECTION('ref_axis',(-0.464723172045488,-0.885456025652308,0.));
#6906=DIRECTION('',(0.,0.,-1.));
#6907=DIRECTION('',(0.464723172045488,0.885456025652308,0.));
#6908=DIRECTION('',(0.,0.,-1.));
#6909=DIRECTION('center_axis',(0.,0.,1.));
#6910=DIRECTION('ref_axis',(-0.748510748171101,0.663122658240796,0.));
#6911=DIRECTION('center_axis',(0.,0.,-1.));
#6912=DIRECTION('ref_axis',(1.,0.,0.));
#6913=DIRECTION('center_axis',(-0.568064746729558,0.822983865894759,0.));
#6914=DIRECTION('ref_axis',(-0.822983865894759,-0.568064746729558,0.));
#6915=DIRECTION('',(0.,0.,-1.));
#6916=DIRECTION('',(0.822983865894759,0.568064746729558,0.));
#6917=DIRECTION('',(0.,0.,-1.));
#6918=DIRECTION('center_axis',(0.,0.,1.));
#6919=DIRECTION('ref_axis',(-0.354604887042536,0.935016242685415,0.));
#6920=DIRECTION('center_axis',(0.,0.,-1.));
#6921=DIRECTION('ref_axis',(1.,0.,0.));
#6922=DIRECTION('center_axis',(-0.120536680253396,0.992708874098288,0.));
#6923=DIRECTION('ref_axis',(-0.992708874098288,-0.120536680253396,0.));
#6924=DIRECTION('',(0.,0.,-1.));
#6925=DIRECTION('',(0.992708874098288,0.120536680253396,0.));
#6926=DIRECTION('',(0.,0.,-1.));
#6927=DIRECTION('center_axis',(0.354604887040721,-0.935016242686103,0.));
#6928=DIRECTION('ref_axis',(0.935016242686103,0.354604887040721,0.));
#6929=DIRECTION('',(-0.935016242686103,-0.354604887040721,0.));
#6930=DIRECTION('',(0.,0.,-1.));
#6931=DIRECTION('center_axis',(0.,0.,1.));
#6932=DIRECTION('ref_axis',(0.120536680255323,0.992708874098054,0.));
#6933=DIRECTION('center_axis',(0.,0.,-1.));
#6934=DIRECTION('ref_axis',(1.,0.,0.));
#6935=DIRECTION('center_axis',(0.,0.,-1.));
#6936=DIRECTION('ref_axis',(1.,0.,0.));
#6937=DIRECTION('',(0.,0.,1.));
#6938=DIRECTION('center_axis',(0.,0.,-1.));
#6939=DIRECTION('ref_axis',(1.,0.,0.));
#6940=DIRECTION('center_axis',(0.354604887044351,0.935016242684726,0.));
#6941=DIRECTION('ref_axis',(-0.935016242684726,0.354604887044351,0.));
#6942=DIRECTION('',(0.,0.,-1.));
#6943=DIRECTION('',(0.935016242684726,-0.354604887044351,0.));
#6944=DIRECTION('',(0.,0.,-1.));
#6945=DIRECTION('center_axis',(0.,0.,-1.));
#6946=DIRECTION('ref_axis',(1.,0.,0.));
#6947=DIRECTION('',(0.,0.,1.));
#6948=DIRECTION('center_axis',(0.,0.,-1.));
#6949=DIRECTION('ref_axis',(1.,0.,0.));
#6950=DIRECTION('center_axis',(0.,0.,-1.));
#6951=DIRECTION('ref_axis',(1.,0.,0.));
#6952=DIRECTION('',(0.,0.,1.));
#6953=DIRECTION('center_axis',(0.,0.,-1.));
#6954=DIRECTION('ref_axis',(1.,0.,0.));
#6955=DIRECTION('center_axis',(0.,0.,-1.));
#6956=DIRECTION('ref_axis',(1.,0.,0.));
#6957=DIRECTION('',(0.,0.,1.));
#6958=DIRECTION('center_axis',(0.,0.,-1.));
#6959=DIRECTION('ref_axis',(1.,0.,0.));
#6960=DIRECTION('center_axis',(0.,0.,-1.));
#6961=DIRECTION('ref_axis',(1.,0.,0.));
#6962=DIRECTION('',(0.,0.,1.));
#6963=DIRECTION('center_axis',(0.,0.,-1.));
#6964=DIRECTION('ref_axis',(1.,0.,0.));
#6965=DIRECTION('center_axis',(0.,0.,-1.));
#6966=DIRECTION('ref_axis',(1.,0.,0.));
#6967=DIRECTION('',(0.,0.,1.));
#6968=DIRECTION('center_axis',(0.,0.,-1.));
#6969=DIRECTION('ref_axis',(1.,0.,0.));
#6970=DIRECTION('center_axis',(0.,0.,-1.));
#6971=DIRECTION('ref_axis',(1.,0.,0.));
#6972=DIRECTION('',(0.,0.,1.));
#6973=DIRECTION('center_axis',(0.,0.,-1.));
#6974=DIRECTION('ref_axis',(1.,0.,0.));
#6975=DIRECTION('center_axis',(0.,0.,-1.));
#6976=DIRECTION('ref_axis',(1.,0.,0.));
#6977=DIRECTION('',(0.,0.,1.));
#6978=DIRECTION('center_axis',(0.,0.,-1.));
#6979=DIRECTION('ref_axis',(1.,0.,0.));
#6980=DIRECTION('center_axis',(0.,0.,-1.));
#6981=DIRECTION('ref_axis',(-0.99270887409806,-0.120536680255271,0.));
#6982=DIRECTION('',(0.,0.,1.));
#6983=DIRECTION('center_axis',(0.,0.,-1.));
#6984=DIRECTION('ref_axis',(1.,0.,0.));
#6985=DIRECTION('center_axis',(0.,0.,1.));
#6986=DIRECTION('ref_axis',(0.568064746731156,0.822983865893656,0.));
#6987=DIRECTION('center_axis',(0.,0.,-1.));
#6988=DIRECTION('ref_axis',(1.,0.,0.));
#6989=DIRECTION('center_axis',(-0.970941817426103,0.239315664287351,0.));
#6990=DIRECTION('ref_axis',(-0.239315664287351,-0.970941817426103,0.));
#6991=DIRECTION('',(0.,0.,1.));
#6992=DIRECTION('',(0.239315664287351,0.970941817426103,0.));
#6993=DIRECTION('center_axis',(0.,0.,-1.));
#6994=DIRECTION('ref_axis',(1.,0.,0.));
#6995=DIRECTION('',(0.,0.,1.));
#6996=DIRECTION('center_axis',(0.,0.,-1.));
#6997=DIRECTION('ref_axis',(1.,0.,0.));
#6998=DIRECTION('',(0.,0.,-1.));
#6999=DIRECTION('center_axis',(-0.354604887042337,-0.93501624268549,0.));
#7000=DIRECTION('ref_axis',(0.93501624268549,-0.354604887042337,0.));
#7001=DIRECTION('',(0.,0.,1.));
#7002=DIRECTION('',(-0.93501624268549,0.354604887042337,0.));
#7003=DIRECTION('center_axis',(0.120536680255534,-0.992708874098028,0.));
#7004=DIRECTION('ref_axis',(0.992708874098028,0.120536680255534,0.));
#7005=DIRECTION('',(0.,0.,1.));
#7006=DIRECTION('',(-0.992708874098028,-0.120536680255534,0.));
#7007=DIRECTION('center_axis',(0.568064746731331,-0.822983865893536,0.));
#7008=DIRECTION('ref_axis',(0.822983865893536,0.568064746731331,0.));
#7009=DIRECTION('',(0.,0.,1.));
#7010=DIRECTION('',(-0.822983865893536,-0.568064746731331,0.));
#7011=DIRECTION('center_axis',(0.885456025653308,-0.464723172043581,0.));
#7012=DIRECTION('ref_axis',(0.464723172043581,0.885456025653309,0.));
#7013=DIRECTION('',(0.,0.,1.));
#7014=DIRECTION('',(-0.464723172043581,-0.885456025653309,0.));
#7015=DIRECTION('center_axis',(1.,2.12885402475718E-13,0.));
#7016=DIRECTION('ref_axis',(-2.12885402475718E-13,1.,0.));
#7017=DIRECTION('',(0.,0.,1.));
#7018=DIRECTION('',(2.12885402475718E-13,-1.,0.));
#7019=DIRECTION('center_axis',(0.885456025653111,0.464723172043957,0.));
#7020=DIRECTION('ref_axis',(-0.464723172043957,0.885456025653111,0.));
#7021=DIRECTION('',(0.,0.,1.));
#7022=DIRECTION('',(0.464723172043957,-0.885456025653111,0.));
#7023=DIRECTION('center_axis',(0.568064746730981,0.822983865893777,0.));
#7024=DIRECTION('ref_axis',(-0.822983865893777,0.568064746730981,0.));
#7025=DIRECTION('',(0.,0.,1.));
#7026=DIRECTION('',(0.822983865893777,-0.568064746730981,0.));
#7027=DIRECTION('center_axis',(0.120536680255112,0.99270887409808,0.));
#7028=DIRECTION('ref_axis',(-0.99270887409808,0.120536680255112,0.));
#7029=DIRECTION('',(0.,0.,1.));
#7030=DIRECTION('',(0.99270887409808,-0.120536680255112,0.));
#7031=DIRECTION('center_axis',(-0.354604887042735,0.935016242685339,0.));
#7032=DIRECTION('ref_axis',(-0.935016242685339,-0.354604887042735,0.));
#7033=DIRECTION('',(0.,0.,1.));
#7034=DIRECTION('',(0.935016242685339,0.354604887042735,0.));
#7035=DIRECTION('center_axis',(0.,0.,1.));
#7036=DIRECTION('ref_axis',(0.88545602565321,0.464723172043769,0.));
#7037=DIRECTION('center_axis',(0.,0.,-1.));
#7038=DIRECTION('ref_axis',(1.,0.,0.));
#7039=DIRECTION('center_axis',(-0.74851074817096,-0.663122658240954,0.));
#7040=DIRECTION('ref_axis',(0.663122658240954,-0.74851074817096,0.));
#7041=DIRECTION('',(0.,0.,1.));
#7042=DIRECTION('',(-0.663122658240954,0.74851074817096,0.));
#7043=DIRECTION('',(0.,0.,1.));
#7044=DIRECTION('center_axis',(0.,0.,1.));
#7045=DIRECTION('ref_axis',(1.,0.,0.));
#7046=DIRECTION('center_axis',(0.,0.,-1.));
#7047=DIRECTION('ref_axis',(1.,0.,0.));
#7048=DIRECTION('center_axis',(-0.970941817426001,-0.239315664287764,0.));
#7049=DIRECTION('ref_axis',(0.239315664287764,-0.970941817426001,0.));
#7050=DIRECTION('',(0.,0.,1.));
#7051=DIRECTION('',(-0.239315664287764,0.970941817426001,0.));
#7052=DIRECTION('',(0.,0.,1.));
#7053=DIRECTION('center_axis',(0.,0.,-1.));
#7054=DIRECTION('ref_axis',(-1.,5.34378146472726E-24,2.38448422244572E-38));
#7055=DIRECTION('',(-0.707106781186613,8.65956094021814E-17,0.707106781186482));
#7056=DIRECTION('center_axis',(0.,0.,1.));
#7057=DIRECTION('ref_axis',(-1.,5.34378146472726E-24,5.59120438366581E-38));
#7058=DIRECTION('center_axis',(0.,-1.04630109290431E-14,1.));
#7059=DIRECTION('ref_axis',(-1.,5.34378146472726E-24,5.59120438366581E-38));
#7060=DIRECTION('',(0.,-1.04630109290431E-14,1.));
#7061=DIRECTION('center_axis',(0.,0.,-1.));
#7062=DIRECTION('ref_axis',(-1.,5.34378146472726E-24,5.59120438366581E-38));
#7063=DIRECTION('center_axis',(0.,0.,-1.));
#7064=DIRECTION('ref_axis',(-1.,5.34378146472726E-24,2.38448422244572E-38));
#7065=DIRECTION('',(-0.707106781186613,8.65956094021815E-17,0.707106781186482));
#7066=DIRECTION('center_axis',(0.,0.,1.));
#7067=DIRECTION('ref_axis',(-1.,5.34378146472726E-24,5.59120438366582E-38));
#7068=DIRECTION('center_axis',(0.,-1.04630109290431E-14,1.));
#7069=DIRECTION('ref_axis',(-1.,5.34378146472726E-24,5.59120438366582E-38));
#7070=DIRECTION('',(0.,-1.04630109290431E-14,1.));
#7071=DIRECTION('center_axis',(0.,0.,-1.));
#7072=DIRECTION('ref_axis',(-1.,5.34378146472726E-24,5.59120438366582E-38));
#7073=DIRECTION('center_axis',(0.,0.,-1.));
#7074=DIRECTION('ref_axis',(-1.,5.34378146472726E-24,2.38448422244572E-38));
#7075=DIRECTION('',(-0.707106781186482,8.65956094021653E-17,0.707106781186614));
#7076=DIRECTION('center_axis',(0.,0.,1.));
#7077=DIRECTION('ref_axis',(-1.,5.34378146472726E-24,5.59120438366582E-38));
#7078=DIRECTION('center_axis',(0.,-1.04630109290431E-14,1.));
#7079=DIRECTION('ref_axis',(-1.,5.34378146472726E-24,5.59120438366582E-38));
#7080=DIRECTION('',(0.,-1.04630109290431E-14,1.));
#7081=DIRECTION('center_axis',(0.,0.,-1.));
#7082=DIRECTION('ref_axis',(-1.,5.34378146472726E-24,5.59120438366582E-38));
#7083=DIRECTION('center_axis',(0.,0.,-1.));
#7084=DIRECTION('ref_axis',(-1.,5.34378146472726E-24,2.51307971119397E-38));
#7085=DIRECTION('',(-0.707106781186547,8.65956094021734E-17,0.707106781186548));
#7086=DIRECTION('center_axis',(0.,0.,1.));
#7087=DIRECTION('ref_axis',(-1.,5.34378146472726E-24,5.59731390220476E-38));
#7088=DIRECTION('center_axis',(0.,-1.04744438789613E-14,1.));
#7089=DIRECTION('ref_axis',(-1.,5.34378146472726E-24,5.59731390220476E-38));
#7090=DIRECTION('',(0.,-1.04744438789613E-14,1.));
#7091=DIRECTION('center_axis',(0.,0.,-1.));
#7092=DIRECTION('ref_axis',(-1.,5.34378146472726E-24,5.59731390220476E-38));
#7093=DIRECTION('center_axis',(0.,0.,-1.));
#7094=DIRECTION('ref_axis',(-1.,5.34378146472726E-24,2.38448422244572E-38));
#7095=DIRECTION('',(-0.707106781186481,8.65956094021653E-17,0.707106781186614));
#7096=DIRECTION('center_axis',(0.,0.,1.));
#7097=DIRECTION('ref_axis',(-1.,5.34378146472726E-24,5.59120438366582E-38));
#7098=DIRECTION('center_axis',(0.,-1.04630109290431E-14,1.));
#7099=DIRECTION('ref_axis',(-1.,5.34378146472726E-24,5.59120438366582E-38));
#7100=DIRECTION('',(0.,-1.04630109290431E-14,1.));
#7101=DIRECTION('center_axis',(0.,0.,-1.));
#7102=DIRECTION('ref_axis',(-1.,5.34378146472726E-24,5.59120438366582E-38));
#7103=DIRECTION('center_axis',(0.,0.,1.));
#7104=DIRECTION('ref_axis',(-0.46472507443857,-0.885455027196789,0.));
#7105=DIRECTION('center_axis',(0.,0.,-1.));
#7106=DIRECTION('ref_axis',(-0.8854538823196,0.464727255801881,0.));
#7107=DIRECTION('center_axis',(0.,0.,1.));
#7108=DIRECTION('ref_axis',(-0.822985086374761,-0.568062978554955,0.));
#7109=DIRECTION('center_axis',(0.,0.,-1.));
#7110=DIRECTION('ref_axis',(-0.568060951086473,0.822986485825091,0.));
#7111=DIRECTION('center_axis',(0.,0.,1.));
#7112=DIRECTION('ref_axis',(-0.992709133067949,-0.120534547427201,0.));
#7113=DIRECTION('center_axis',(0.,0.,-1.));
#7114=DIRECTION('ref_axis',(-0.12053210183602,0.992709430008092,0.));
#7115=DIRECTION('center_axis',(0.,0.,1.));
#7116=DIRECTION('ref_axis',(-0.935015480817219,0.354606895917359,0.));
#7117=DIRECTION('center_axis',(0.,0.,-1.));
#7118=DIRECTION('ref_axis',(0.354609199375772,0.935014607221767,0.));
#7119=DIRECTION('center_axis',(0.970941817425588,-0.239315664289443,0.));
#7120=DIRECTION('ref_axis',(0.239315664289442,0.970941817425587,0.));
#7121=DIRECTION('',(0.,0.,-1.));
#7122=DIRECTION('',(-0.239315664289442,-0.970941817425587,0.));
#7123=DIRECTION('',(0.,0.,-1.));
#7124=DIRECTION('center_axis',(0.,0.,1.));
#7125=DIRECTION('ref_axis',(0.239317750348485,0.970941303255835,0.));
#7126=DIRECTION('center_axis',(0.,0.,-1.));
#7127=DIRECTION('ref_axis',(0.970940713681108,-0.239320142312388,0.));
#7128=DIRECTION('center_axis',(0.,0.,-1.));
#7129=DIRECTION('ref_axis',(1.,0.,0.));
#7130=DIRECTION('center_axis',(0.,0.,-1.));
#7131=DIRECTION('ref_axis',(1.,0.,0.));
#7132=DIRECTION('center_axis',(0.748510748172388,0.663122658239342,0.));
#7133=DIRECTION('ref_axis',(-0.663122658239342,0.748510748172388,0.));
#7134=DIRECTION('',(0.663122658239342,-0.748510748172388,0.));
#7135=DIRECTION('',(0.,0.,-1.));
#7136=DIRECTION('center_axis',(0.,0.,1.));
#7137=DIRECTION('ref_axis',(-0.663121050069331,0.748512172883614,0.));
#7138=DIRECTION('center_axis',(0.,0.,-1.));
#7139=DIRECTION('ref_axis',(0.748513806514695,0.663119206068473,0.));
#7140=DIRECTION('center_axis',(0.,0.,-1.));
#7141=DIRECTION('ref_axis',(1.,0.,0.));
#7142=DIRECTION('center_axis',(0.,0.,-1.));
#7143=DIRECTION('ref_axis',(1.,0.,0.));
#7144=DIRECTION('',(0.,0.,-1.));
#7145=DIRECTION('center_axis',(0.970941817426517,0.239315664285673,0.));
#7146=DIRECTION('ref_axis',(-0.239315664285673,0.970941817426517,0.));
#7147=DIRECTION('',(0.239315664285673,-0.970941817426517,0.));
#7148=DIRECTION('',(0.,0.,-1.));
#7149=DIRECTION('center_axis',(0.,0.,1.));
#7150=DIRECTION('ref_axis',(-0.239313578225526,0.970942331591787,0.));
#7151=DIRECTION('center_axis',(0.,0.,-1.));
#7152=DIRECTION('ref_axis',(0.970942921150344,0.239311186257637,0.));
#7153=DIRECTION('center_axis',(0.,0.,1.));
#7154=DIRECTION('ref_axis',(0.663124266409199,0.748509323455133,0.));
#7155=DIRECTION('center_axis',(0.,0.,-1.));
#7156=DIRECTION('ref_axis',(0.748507689811586,-0.663126110399012,0.));
#7157=DIRECTION('center_axis',(0.,0.,1.));
#7158=DIRECTION('ref_axis',(0.935017004549295,0.354602878166075,0.));
#7159=DIRECTION('center_axis',(0.,0.,-1.));
#7160=DIRECTION('ref_axis',(0.354600574701757,-0.935017878129175,0.));
#7161=DIRECTION('center_axis',(0.,0.,1.));
#7162=DIRECTION('ref_axis',(0.822982645408753,-0.568066514904734,0.));
#7163=DIRECTION('center_axis',(0.,0.,-1.));
#7164=DIRECTION('ref_axis',(-0.568068542363756,-0.822981245944717,0.));
#7165=DIRECTION('center_axis',(0.,0.,1.));
#7166=DIRECTION('ref_axis',(0.464721269646822,-0.885457024105544,0.));
#7167=DIRECTION('center_axis',(0.,0.,-1.));
#7168=DIRECTION('ref_axis',(-0.885458168967985,-0.464719088275771,0.));
#7169=DIRECTION('center_axis',(0.,0.,1.));
#7170=DIRECTION('ref_axis',(0.992708615123576,-0.120538813082887,0.));
#7171=DIRECTION('center_axis',(0.,0.,-1.));
#7172=DIRECTION('ref_axis',(-0.120541258672062,-0.9927083181669,0.));
#7173=DIRECTION('center_axis',(0.,0.,1.));
#7174=DIRECTION('ref_axis',(-2.14849277437409E-6,-0.999999999997692,0.));
#7175=DIRECTION('center_axis',(0.,0.,-1.));
#7176=DIRECTION('ref_axis',(-0.999999999989365,4.61204502138765E-6,0.));
#7177=DIRECTION('center_axis',(0.,0.,1.));
#7178=DIRECTION('ref_axis',(1.,0.,0.));
#7179=DIRECTION('',(0.,0.,1.));
#7180=DIRECTION('',(1.,0.,0.));
#7181=DIRECTION('',(0.,0.,1.));
#7182=DIRECTION('',(1.,0.,0.));
#7183=CARTESIAN_POINT('',(0.,0.,0.));
#7184=CARTESIAN_POINT('',(0.,0.,0.));
#7185=CARTESIAN_POINT('Origin',(0.,0.,3.5));
#7186=CARTESIAN_POINT('',(-7.06486012534381,-20.3061013345525,2.));
#7187=CARTESIAN_POINT('',(-6.34327542170087,-17.3785171094735,5.));
#7188=CARTESIAN_POINT('Ctrl Pts',(-7.06486012534381,-20.3061013345525,2.));
#7189=CARTESIAN_POINT('Ctrl Pts',(-6.67700834711586,-18.7325248134919,3.61364292357606));
#7190=CARTESIAN_POINT('Ctrl Pts',(-6.34327542170086,-17.3785171094735,5.));
#7191=CARTESIAN_POINT('',(-10.6988480483766,-15.0925362493374,5.));
#7192=CARTESIAN_POINT('Origin',(0.,0.,5.));
#7193=CARTESIAN_POINT('',(-12.6982957997457,-17.3494462096618,2.));
#7194=CARTESIAN_POINT('Ctrl Pts',(-10.6988480483766,-15.0925362493375,5.));
#7195=CARTESIAN_POINT('Ctrl Pts',(-11.6235926334033,-16.1363571060083,3.61364292346554));
#7196=CARTESIAN_POINT('Ctrl Pts',(-12.6982957997457,-17.3494462096618,2.));
#7197=CARTESIAN_POINT('Origin',(0.,0.,2.));
#7198=CARTESIAN_POINT('Origin',(0.,0.,5.));
#7199=CARTESIAN_POINT('',(-5.17264525355324,-12.6290838184784,5.));
#7200=CARTESIAN_POINT('',(-3.55726444418813,-6.07522624495547,5.));
#7201=CARTESIAN_POINT('',(-1.28888004049258,-13.5863548198816,5.));
#7202=CARTESIAN_POINT('Origin',(-3.23076146787935,-13.1077145352508,5.));
#7203=CARTESIAN_POINT('',(-2.45950815200551,-18.3357797666212,5.));
#7204=CARTESIAN_POINT('',(-0.870074526474259,-11.8871940560588,5.));
#7205=CARTESIAN_POINT('',(2.4595081520085,-18.3357797666208,5.));
#7206=CARTESIAN_POINT('Origin',(0.,0.,5.));
#7207=CARTESIAN_POINT('',(1.28887798380474,-13.5863464756396,5.));
#7208=CARTESIAN_POINT('',(-0.326502825509036,-7.03248890210396,5.));
#7209=CARTESIAN_POINT('',(5.1726473102092,-12.6290921627283,5.));
#7210=CARTESIAN_POINT('Origin',(3.23076146788396,-13.1077145352496,5.));
#7211=CARTESIAN_POINT('',(6.34327542170369,-17.3785171094725,5.));
#7212=CARTESIAN_POINT('',(4.75384179619748,-10.9299313989039,5.));
#7213=CARTESIAN_POINT('',(10.6988480483791,-15.0925362493357,5.));
#7214=CARTESIAN_POINT('Origin',(0.,0.,5.));
#7215=CARTESIAN_POINT('',(7.45513480773657,-11.4311408884562,5.));
#7216=CARTESIAN_POINT('',(2.97905665570858,-6.37869310245909,5.));
#7217=CARTESIAN_POINT('',(10.4491834992998,-8.7786566881534,5.));
#7218=CARTESIAN_POINT('Origin',(8.95215588625148,-10.1048951003071,5.));
#7219=CARTESIAN_POINT('',(13.6928910410564,-12.4400456163784,5.));
#7220=CARTESIAN_POINT('',(9.28871025336453,-7.46875317821252,5.));
#7221=CARTESIAN_POINT('',(16.4872107919622,-8.39177456210679,5.));
#7222=CARTESIAN_POINT('Origin',(0.,0.,5.));
#7223=CARTESIAN_POINT('',(11.9135100913299,-6.65719868390909,5.));
#7224=CARTESIAN_POINT('',(5.60215015862795,-4.26361558462598,5.));
#7225=CARTESIAN_POINT('',(13.331937675013,-2.91713676060427,5.));
#7226=CARTESIAN_POINT('Origin',(12.6227192762525,-4.78716597507145,5.));
#7227=CARTESIAN_POINT('',(17.9056303401288,-4.65170959137362,5.));
#7228=CARTESIAN_POINT('',(11.6956471325793,-2.29657361262579,5.));
#7229=CARTESIAN_POINT('',(18.498552235536,0.231441545454145,5.));
#7230=CARTESIAN_POINT('Origin',(0.,0.,5.));
#7231=CARTESIAN_POINT('',(13.6426437863602,-0.358172488819641,5.));
#7232=CARTESIAN_POINT('',(6.94185857343384,-1.17179511849292,5.));
#7233=CARTESIAN_POINT('',(13.1605055966468,3.61266404349031,5.));
#7234=CARTESIAN_POINT('Origin',(13.4015698003219,1.62724518344903,5.));
#7235=CARTESIAN_POINT('',(18.0164055145155,4.20227704183718,5.));
#7236=CARTESIAN_POINT('',(11.4232522015475,3.40172329090117,5.));
#7237=CARTESIAN_POINT('',(16.2720982936699,8.80163718412452,5.));
#7238=CARTESIAN_POINT('Origin',(0.,0.,5.));
#7239=CARTESIAN_POINT('',(12.2464122016161,6.02290670701199,5.));
#7240=CARTESIAN_POINT('',(6.69127084753082,2.18846948762483,5.));
#7241=CARTESIAN_POINT('',(9.97416028737441,9.31484705254266,5.));
#7242=CARTESIAN_POINT('Origin',(11.1102821895617,7.66887408087167,5.));
#7243=CARTESIAN_POINT('',(13.9998393067502,12.0935726476914,5.));
#7244=CARTESIAN_POINT('',(8.53392785625375,8.32072638369243,5.));
#7245=CARTESIAN_POINT('',(10.3179027327666,15.3554838151387,5.));
#7246=CARTESIAN_POINT('Origin',(0.,0.,5.));
#7247=CARTESIAN_POINT('',(8.04467516674764,11.0242105601614,5.));
#7248=CARTESIAN_POINT('',(4.90779360901382,5.04738210804412,5.));
#7249=CARTESIAN_POINT('',(4.50285505792645,12.8831108579336,5.));
#7250=CARTESIAN_POINT('Origin',(6.27376282258805,11.953656346318,5.));
#7251=CARTESIAN_POINT('',(6.77607863016174,17.2143765033092,5.));
#7252=CARTESIAN_POINT('',(3.68958348407185,11.333551337603,5.));
#7253=CARTESIAN_POINT('',(1.9999999999939,18.3915741577452,5.));
#7254=CARTESIAN_POINT('Origin',(0.,0.,5.));
#7255=CARTESIAN_POINT('',(2.00000000002281,13.5000006301174,5.));
#7256=CARTESIAN_POINT('',(1.99999999999637,6.7500003150589,5.));
#7257=CARTESIAN_POINT('',(-2.0000000000064,13.5000092240885,5.));
#7258=CARTESIAN_POINT('Origin',(-2.38142838782349E-12,13.4999999999984,
5.));
#7259=CARTESIAN_POINT('',(-1.99999999999689,18.3915741577449,5.));
#7260=CARTESIAN_POINT('',(-2.00000000000979,11.7499962641688,5.));
#7261=CARTESIAN_POINT('',(-6.77607863016454,17.2143765033081,5.));
#7262=CARTESIAN_POINT('Origin',(0.,0.,5.));
#7263=CARTESIAN_POINT('',(-4.50285106409441,12.8831032483577,5.));
#7264=CARTESIAN_POINT('',(-1.3659695064074,6.90627479621582,5.));
#7265=CARTESIAN_POINT('',(-8.04467916055061,11.0242181697525,5.));
#7266=CARTESIAN_POINT('Origin',(-6.27376282259225,11.9536563463158,5.));
#7267=CARTESIAN_POINT('',(-10.3179027327691,15.355483815137,5.));
#7268=CARTESIAN_POINT('',(-7.23140758670203,9.47465864941885,5.));
#7269=CARTESIAN_POINT('',(-13.9998393067522,12.0935726476891,5.));
#7270=CARTESIAN_POINT('Origin',(0.,0.,5.));
#7271=CARTESIAN_POINT('',(-9.97415321466553,9.31484217062416,5.));
#7272=CARTESIAN_POINT('',(-4.41901186061032,5.48040495119348,5.));
#7273=CARTESIAN_POINT('',(-12.2464192743063,6.02291158895751,5.));
#7274=CARTESIAN_POINT('Origin',(-11.1102821895644,7.66887408086775,5.));
#7275=CARTESIAN_POINT('',(-16.2720982936713,8.80163718412187,5.));
#7276=CARTESIAN_POINT('',(-10.8061868431895,5.02879092010168,5.));
#7277=CARTESIAN_POINT('',(-18.0164055145162,4.20227704183425,5.));
#7278=CARTESIAN_POINT('Origin',(0.,0.,5.));
#7279=CARTESIAN_POINT('',(-13.1604970653334,3.61266300761787,5.));
#7280=CARTESIAN_POINT('',(-6.45971185241342,2.79904037789209,5.));
#7281=CARTESIAN_POINT('',(-13.6426523176696,-0.358171452914593,5.));
#7282=CARTESIAN_POINT('Origin',(-13.4015698003225,1.62724518344431,5.));
#7283=CARTESIAN_POINT('',(-18.4985522355361,0.231441545451143,5.));
#7284=CARTESIAN_POINT('',(-11.9053989225711,-0.569112205510479,5.));
#7285=CARTESIAN_POINT('',(-17.905630340128,-4.65170959137652,5.));
#7286=CARTESIAN_POINT('Origin',(0.,0.,5.));
#7287=CARTESIAN_POINT('',(-13.3319296395162,-2.91713371312478,5.));
#7288=CARTESIAN_POINT('',(-7.02056970679553,-0.523550613891105,5.));
#7289=CARTESIAN_POINT('',(-11.9135181268383,-6.65720173135789,5.));
#7290=CARTESIAN_POINT('Origin',(-12.6227192762508,-4.7871659750759,5.));
#7291=CARTESIAN_POINT('',(-16.4872107919608,-8.39177456210947,5.));
#7292=CARTESIAN_POINT('',(-10.2772275844022,-6.03663858338576,5.));
#7293=CARTESIAN_POINT('',(-13.6928910410544,-12.4400456163806,5.));
#7294=CARTESIAN_POINT('Origin',(0.,0.,5.));
#7295=CARTESIAN_POINT('',(-10.4491778004551,-8.77865025546278,5.));
#7296=CARTESIAN_POINT('',(-5.97309964838755,-3.72620246950072,5.));
#7297=CARTESIAN_POINT('',(-7.45514050660582,-11.4311473211251,5.));
#7298=CARTESIAN_POINT('Origin',(-8.95215588624792,-10.1048951003103,5.));
#7299=CARTESIAN_POINT('',(-6.29466726066547,-10.1212438111887,5.));
#7300=CARTESIAN_POINT('',(2.69999999999999,-1.51478935286766E-13,5.));
#7301=CARTESIAN_POINT('Origin',(-4.44089209850063E-15,-1.51809589908108E-13,
5.));
#7302=CARTESIAN_POINT('',(-7.8401280605346,-4.49012806053471,5.));
#7303=CARTESIAN_POINT('Origin',(-4.4901280605346,-4.49012806053471,5.));
#7304=CARTESIAN_POINT('',(-7.8401280605346,4.49012806053439,5.));
#7305=CARTESIAN_POINT('Origin',(-4.4901280605346,4.49012806053439,5.));
#7306=CARTESIAN_POINT('',(1.14012806053459,4.4901280605344,5.));
#7307=CARTESIAN_POINT('Origin',(4.49012806053459,4.4901280605344,5.));
#7308=CARTESIAN_POINT('',(1.14012806053456,-4.49012806053474,5.));
#7309=CARTESIAN_POINT('Origin',(4.49012806053456,-4.49012806053474,5.));
#7310=CARTESIAN_POINT('Origin',(-5.17264525352618,-12.6290838184851,0.));
#7311=CARTESIAN_POINT('',(-7.0648601253438,-20.3061013345525,-1.));
#7312=CARTESIAN_POINT('',(-7.0648601253438,-20.3061013345525,0.));
#7313=CARTESIAN_POINT('',(-6.66836800452493,-18.69746956559,-1.));
#7314=CARTESIAN_POINT('',(-3.55726444418813,-6.07522624495547,-1.));
#7315=CARTESIAN_POINT('',(-6.66836800452493,-18.69746956559,0.));
#7316=CARTESIAN_POINT('',(-6.66836800452493,-18.69746956559,-0.624999999999958));
#7317=CARTESIAN_POINT('',(-6.07007884380659,-16.2701150220249,-2.22044604925031E-15));
#7318=CARTESIAN_POINT('Origin',(-6.36922342416679,-17.4837922938072,0.));
#7319=CARTESIAN_POINT('',(-6.07007884380659,-16.2701150220249,-1.));
#7320=CARTESIAN_POINT('',(-6.07007884380659,-16.2701150220249,3.33066851421727E-15));
#7321=CARTESIAN_POINT('',(-5.17264525355324,-12.6290838184784,-1.));
#7322=CARTESIAN_POINT('',(-3.55726444418813,-6.07522624495547,-1.));
#7323=CARTESIAN_POINT('',(-5.17264525355324,-12.6290838184784,0.));
#7324=CARTESIAN_POINT('Origin',(0.,0.,3.5));
#7325=CARTESIAN_POINT('',(-15.6923387924182,-14.6969555767089,2.));
#7326=CARTESIAN_POINT('Ctrl Pts',(-15.6923387924182,-14.6969555767089,2.));
#7327=CARTESIAN_POINT('Ctrl Pts',(-14.6176356259872,-13.4838664729501,3.61364292360298));
#7328=CARTESIAN_POINT('Ctrl Pts',(-13.6928910410544,-12.4400456163806,5.));
#7329=CARTESIAN_POINT('',(-19.3064722071684,-9.46097938448342,2.));
#7330=CARTESIAN_POINT('Ctrl Pts',(-16.4872107919608,-8.39177456210948,5.));
#7331=CARTESIAN_POINT('Ctrl Pts',(-17.7911191963632,-8.88628179240766,3.61364292363322));
#7332=CARTESIAN_POINT('Ctrl Pts',(-19.3064722071684,-9.46097938448342,2.));
#7333=CARTESIAN_POINT('Origin',(0.,0.,2.));
#7334=CARTESIAN_POINT('Origin',(-21.2636649428974,-10.2032446813688,0.));
#7335=CARTESIAN_POINT('',(-11.9135181268383,-6.65720173135789,-1.));
#7336=CARTESIAN_POINT('',(-11.9135181268383,-6.65720173135789,0.));
#7337=CARTESIAN_POINT('',(-15.4198204122379,-7.98696678685346,-1.));
#7338=CARTESIAN_POINT('',(-10.2772275844022,-6.03663858338576,-1.));
#7339=CARTESIAN_POINT('',(-15.4198204122379,-7.98696678685345,-2.22044604925031E-15));
#7340=CARTESIAN_POINT('',(-15.4198204122379,-7.98696678685345,-5.55110848695148E-15));
#7341=CARTESIAN_POINT('',(-17.757361018953,-8.87347900445519,0.));
#7342=CARTESIAN_POINT('Origin',(-16.5885907155989,-8.43022289564525,0.));
#7343=CARTESIAN_POINT('',(-17.757361018953,-8.87347900445519,-1.));
#7344=CARTESIAN_POINT('',(-17.757361018953,-8.87347900445519,-0.624999999999958));
#7345=CARTESIAN_POINT('',(-19.3064722071684,-9.46097938448343,-1.));
#7346=CARTESIAN_POINT('',(-10.2772275844022,-6.03663858338576,-1.));
#7347=CARTESIAN_POINT('',(-19.3064722071684,-9.46097938448343,0.));
#7348=CARTESIAN_POINT('Origin',(0.,0.,3.5));
#7349=CARTESIAN_POINT('',(-20.7248917553328,-5.72091441375636,2.));
#7350=CARTESIAN_POINT('Ctrl Pts',(-20.7248917553328,-5.72091441375636,2.));
#7351=CARTESIAN_POINT('Ctrl Pts',(-19.2095387446096,-5.14621682170801,3.61364292354724));
#7352=CARTESIAN_POINT('Ctrl Pts',(-17.905630340128,-4.65170959137654,5.));
#7353=CARTESIAN_POINT('',(-21.4917685001414,0.594883800518543,2.));
#7354=CARTESIAN_POINT('Ctrl Pts',(-18.4985522355361,0.231441545451126,5.));
#7355=CARTESIAN_POINT('Ctrl Pts',(-19.8829147579014,0.399533588418038,3.61364292350803));
#7356=CARTESIAN_POINT('Ctrl Pts',(-21.4917685001414,0.594883800518543,2.));
#7357=CARTESIAN_POINT('Origin',(0.,0.,2.));
#7358=CARTESIAN_POINT('Origin',(-13.3319296395064,-2.91713371315084,0.));
#7359=CARTESIAN_POINT('',(-20.7248917553328,-5.72091441375638,-1.));
#7360=CARTESIAN_POINT('',(-20.7248917553328,-5.72091441375638,0.));
#7361=CARTESIAN_POINT('',(-19.1757805671188,-5.13341403372488,-1.));
#7362=CARTESIAN_POINT('',(-7.02056970679553,-0.523550613891105,-1.));
#7363=CARTESIAN_POINT('',(-19.1757805671188,-5.13341403372488,0.));
#7364=CARTESIAN_POINT('',(-19.1757805671188,-5.13341403372488,-0.624999999999958));
#7365=CARTESIAN_POINT('',(-16.8382399604056,-4.2469018161181,-2.22044604925031E-15));
#7366=CARTESIAN_POINT('Origin',(-18.0070102637626,-4.69015792492049,0.));
#7367=CARTESIAN_POINT('',(-16.8382399604056,-4.2469018161181,-1.));
#7368=CARTESIAN_POINT('',(-16.8382399604056,-4.2469018161181,3.33066851421727E-15));
#7369=CARTESIAN_POINT('',(-13.3319296395162,-2.91713371312478,-1.));
#7370=CARTESIAN_POINT('',(-7.02056970679553,-0.523550613891105,-1.));
#7371=CARTESIAN_POINT('',(-13.3319296395162,-2.91713371312478,0.));
#7372=CARTESIAN_POINT('Origin',(0.,0.,0.));
#7373=CARTESIAN_POINT('',(-15.6923387924182,-14.6969555767089,-1.));
#7374=CARTESIAN_POINT('Origin',(0.,0.,-1.));
#7375=CARTESIAN_POINT('',(-15.6923387924182,-14.6969555767089,0.));
#7376=CARTESIAN_POINT('Origin',(0.,0.,3.5));
#7377=CARTESIAN_POINT('',(-21.0096217791218,4.56571929689514,2.));
#7378=CARTESIAN_POINT('Ctrl Pts',(-21.0096217791218,4.56571929689514,2.));
#7379=CARTESIAN_POINT('Ctrl Pts',(-19.4007680368787,4.37036908479778,3.61364292351091));
#7380=CARTESIAN_POINT('Ctrl Pts',(-18.0164055145162,4.20227704183424,5.));
#7381=CARTESIAN_POINT('',(-18.7535596336196,10.5144662759487,2.));
#7382=CARTESIAN_POINT('Ctrl Pts',(-16.2720982936713,8.80163718412186,5.));
#7383=CARTESIAN_POINT('Ctrl Pts',(-17.4197741634858,9.59382063915277,3.61364292338625));
#7384=CARTESIAN_POINT('Ctrl Pts',(-18.7535596336196,10.5144662759487,2.));
#7385=CARTESIAN_POINT('Origin',(0.,0.,2.));
#7386=CARTESIAN_POINT('Origin',(-13.1604970653368,3.6126630075902,0.));
#7387=CARTESIAN_POINT('',(-21.0096217791218,4.56571929689513,-1.));
#7388=CARTESIAN_POINT('',(-21.0096217791218,4.56571929689513,0.));
#7389=CARTESIAN_POINT('',(-19.3649269029257,4.36601718323227,-1.));
#7390=CARTESIAN_POINT('',(-6.45971185241342,2.79904037789209,-1.));
#7391=CARTESIAN_POINT('',(-19.3649269029257,4.36601718323227,0.));
#7392=CARTESIAN_POINT('',(-19.3649269029257,4.36601718323227,-0.624999999999958));
#7393=CARTESIAN_POINT('',(-16.8831547176807,4.06467548259451,-2.22044604925031E-15));
#7394=CARTESIAN_POINT('Origin',(-18.1240408103031,4.21534633291445,0.));
#7395=CARTESIAN_POINT('',(-16.8831547176807,4.06467548259451,-1.));
#7396=CARTESIAN_POINT('',(-16.8831547176807,4.06467548259451,3.33066851421727E-15));
#7397=CARTESIAN_POINT('',(-13.1604970653334,3.61266300761787,-1.));
#7398=CARTESIAN_POINT('',(-6.45971185241342,2.79904037789209,-1.));
#7399=CARTESIAN_POINT('',(-13.1604970653334,3.61266300761787,0.));
#7400=CARTESIAN_POINT('Origin',(0.,0.,3.5));
#7401=CARTESIAN_POINT('',(-16.4813006467037,13.8064017395102,2.));
#7402=CARTESIAN_POINT('Ctrl Pts',(-16.4813006467037,13.8064017395102,2.));
#7403=CARTESIAN_POINT('Ctrl Pts',(-15.147515176436,12.8857561026262,3.61364292354631));
#7404=CARTESIAN_POINT('Ctrl Pts',(-13.9998393067522,12.0935726476891,5.));
#7405=CARTESIAN_POINT('',(-11.7191362599292,18.0253112406139,2.));
#7406=CARTESIAN_POINT('Ctrl Pts',(-10.3179027327691,15.355483815137,5.));
#7407=CARTESIAN_POINT('Ctrl Pts',(-10.9659732389853,16.5902789992385,3.61364292369773));
#7408=CARTESIAN_POINT('Ctrl Pts',(-11.7191362599292,18.0253112406139,2.));
#7409=CARTESIAN_POINT('Origin',(0.,0.,2.));
#7410=CARTESIAN_POINT('Origin',(-9.97415321468136,9.31484217060121,0.));
#7411=CARTESIAN_POINT('',(-16.4813006467037,13.8064017395102,-1.));
#7412=CARTESIAN_POINT('',(-16.4813006467037,13.8064017395102,0.));
#7413=CARTESIAN_POINT('',(-15.1178018579402,12.8652464797218,-1.));
#7414=CARTESIAN_POINT('',(-4.41901186061032,5.48040495119348,-1.));
#7415=CARTESIAN_POINT('',(-15.1178018579402,12.8652464797218,0.));
#7416=CARTESIAN_POINT('',(-15.1178018579402,12.8652464797218,-0.624999999999958));
#7417=CARTESIAN_POINT('',(-13.0603421932059,11.4450846128945,-2.22044604925031E-15));
#7418=CARTESIAN_POINT('Origin',(-14.0890720255725,12.155165546309,0.));
#7419=CARTESIAN_POINT('',(-13.0603421932059,11.4450846128945,-1.));
#7420=CARTESIAN_POINT('',(-13.0603421932059,11.4450846128945,3.33066851421727E-15));
#7421=CARTESIAN_POINT('',(-9.97415321466553,9.31484217062416,-1.));
#7422=CARTESIAN_POINT('',(-4.41901186061032,5.48040495119348,-1.));
#7423=CARTESIAN_POINT('',(-9.97415321466553,9.31484217062416,0.));
#7424=CARTESIAN_POINT('Origin',(0.,0.,3.5));
#7425=CARTESIAN_POINT('',(-8.17731215733014,19.8842039287815,2.));
#7426=CARTESIAN_POINT('Ctrl Pts',(-8.17731215733014,19.8842039287815,2.));
#7427=CARTESIAN_POINT('Ctrl Pts',(-7.42414913646131,18.4491716875565,3.61364292353044));
#7428=CARTESIAN_POINT('Ctrl Pts',(-6.77607863016455,17.2143765033081,5.));
#7429=CARTESIAN_POINT('',(-1.99999999999104,21.4067746286035,2.));
#7430=CARTESIAN_POINT('Ctrl Pts',(-1.9999999999969,18.3915741577449,5.));
#7431=CARTESIAN_POINT('Ctrl Pts',(-1.99999999999418,19.7861043754358,3.61364292357428));
#7432=CARTESIAN_POINT('Ctrl Pts',(-1.99999999999104,21.4067746286035,2.));
#7433=CARTESIAN_POINT('Origin',(0.,0.,2.));
#7434=CARTESIAN_POINT('Origin',(-4.50285106411909,12.8831032483447,0.));
#7435=CARTESIAN_POINT('',(-8.17731215733016,19.8842039287815,-1.));
#7436=CARTESIAN_POINT('',(-8.17731215733016,19.8842039287815,0.));
#7437=CARTESIAN_POINT('',(-7.40737059656322,18.4172028507346,-1.));
#7438=CARTESIAN_POINT('',(-1.3659695064074,6.90627479621582,-1.));
#7439=CARTESIAN_POINT('',(-7.40737059656322,18.4172028507346,0.));
#7440=CARTESIAN_POINT('',(-7.40737059656322,18.4172028507346,-0.624999999999958));
#7441=CARTESIAN_POINT('',(-6.2455626664534,16.203562786602,-2.22044604925031E-15));
#7442=CARTESIAN_POINT('Origin',(-6.82646663150737,17.3103828186688,0.));
#7443=CARTESIAN_POINT('',(-6.2455626664534,16.203562786602,-1.));
#7444=CARTESIAN_POINT('',(-6.2455626664534,16.203562786602,3.33066851421727E-15));
#7445=CARTESIAN_POINT('',(-4.50285106409441,12.8831032483577,-1.));
#7446=CARTESIAN_POINT('',(-1.3659695064074,6.90627479621582,-1.));
#7447=CARTESIAN_POINT('',(-4.50285106409441,12.8831032483577,0.));
#7448=CARTESIAN_POINT('Origin',(0.,0.,3.5));
#7449=CARTESIAN_POINT('',(1.99999999999326,21.4067746286033,2.));
#7450=CARTESIAN_POINT('Ctrl Pts',(1.99999999999326,21.4067746286033,2.));
#7451=CARTESIAN_POINT('Ctrl Pts',(1.99999999999361,19.786104375624,3.6136429233867));
#7452=CARTESIAN_POINT('Ctrl Pts',(1.99999999999389,18.3915741577452,5.));
#7453=CARTESIAN_POINT('',(8.17731215733221,19.8842039287806,2.));
#7454=CARTESIAN_POINT('Ctrl Pts',(6.77607863016174,17.2143765033092,5.));
#7455=CARTESIAN_POINT('Ctrl Pts',(7.4241491364133,18.4491716874663,3.61364292363231));
#7456=CARTESIAN_POINT('Ctrl Pts',(8.17731215733221,19.8842039287806,2.));
#7457=CARTESIAN_POINT('Origin',(0.,0.,2.));
#7458=CARTESIAN_POINT('Origin',(1.99999999999493,13.5000006301174,0.));
#7459=CARTESIAN_POINT('',(1.99999999999325,21.4067746286033,-1.));
#7460=CARTESIAN_POINT('',(1.99999999999325,21.4067746286033,0.));
#7461=CARTESIAN_POINT('',(1.9999999999936,19.749999999999,-1.));
#7462=CARTESIAN_POINT('',(1.99999999999637,6.7500003150589,-1.));
#7463=CARTESIAN_POINT('',(1.9999999999936,19.749999999999,0.));
#7464=CARTESIAN_POINT('',(1.9999999999936,19.749999999999,-0.624999999999958));
#7465=CARTESIAN_POINT('',(1.99999999999413,17.2499999999992,-2.22044604925031E-15));
#7466=CARTESIAN_POINT('Origin',(1.99999999999493,18.4999999999991,0.));
#7467=CARTESIAN_POINT('',(1.99999999999413,17.2499999999992,-1.));
#7468=CARTESIAN_POINT('',(1.99999999999413,17.2499999999992,3.33066851421727E-15));
#7469=CARTESIAN_POINT('',(2.00000000002281,13.5000006301174,-1.));
#7470=CARTESIAN_POINT('',(1.99999999999637,6.7500003150589,-1.));
#7471=CARTESIAN_POINT('',(2.00000000002281,13.5000006301174,0.));
#7472=CARTESIAN_POINT('Origin',(0.,0.,3.5));
#7473=CARTESIAN_POINT('',(11.7191362599311,18.0253112406127,2.));
#7474=CARTESIAN_POINT('Ctrl Pts',(11.7191362599311,18.0253112406127,2.));
#7475=CARTESIAN_POINT('Ctrl Pts',(10.9659732391148,16.5902789994864,3.61364292341896));
#7476=CARTESIAN_POINT('Ctrl Pts',(10.3179027327666,15.3554838151387,5.));
#7477=CARTESIAN_POINT('',(16.4813006467052,13.8064017395085,2.));
#7478=CARTESIAN_POINT('Ctrl Pts',(13.9998393067502,12.0935726476914,5.));
#7479=CARTESIAN_POINT('Ctrl Pts',(15.1475151764049,12.8857561026054,3.61364292358356));
#7480=CARTESIAN_POINT('Ctrl Pts',(16.4813006467052,13.8064017395085,2.));
#7481=CARTESIAN_POINT('Origin',(0.,0.,2.));
#7482=CARTESIAN_POINT('Origin',(8.04467516672296,11.0242105601744,0.));
#7483=CARTESIAN_POINT('',(11.7191362599311,18.0253112406127,-1.));
#7484=CARTESIAN_POINT('',(11.7191362599311,18.0253112406127,0.));
#7485=CARTESIAN_POINT('',(10.9491946991647,16.5583101625655,-1.));
#7486=CARTESIAN_POINT('',(4.90779360901382,5.04738210804412,-1.));
#7487=CARTESIAN_POINT('',(10.9491946991647,16.5583101625655,0.));
#7488=CARTESIAN_POINT('',(10.9491946991647,16.5583101625655,-0.624999999999958));
#7489=CARTESIAN_POINT('',(9.78738676905586,14.3446700984323,-2.22044604925031E-15));
#7490=CARTESIAN_POINT('Origin',(10.3682907341112,15.4514901304984,0.));
#7491=CARTESIAN_POINT('',(9.78738676905586,14.3446700984323,-1.));
#7492=CARTESIAN_POINT('',(9.78738676905586,14.3446700984323,3.33066851421727E-15));
#7493=CARTESIAN_POINT('',(8.04467516674764,11.0242105601614,-1.));
#7494=CARTESIAN_POINT('',(4.90779360901382,5.04738210804412,-1.));
#7495=CARTESIAN_POINT('',(8.04467516674764,11.0242105601614,0.));
#7496=CARTESIAN_POINT('Origin',(0.,0.,3.5));
#7497=CARTESIAN_POINT('',(18.7535596336207,10.5144662759467,2.));
#7498=CARTESIAN_POINT('Ctrl Pts',(18.7535596336207,10.5144662759467,2.));
#7499=CARTESIAN_POINT('Ctrl Pts',(17.4197741633626,9.59382063906845,3.6136429235351));
#7500=CARTESIAN_POINT('Ctrl Pts',(16.2720982936699,8.80163718412452,5.));
#7501=CARTESIAN_POINT('',(21.0096217791222,4.56571929689296,2.));
#7502=CARTESIAN_POINT('Ctrl Pts',(18.0164055145155,4.20227704183718,5.));
#7503=CARTESIAN_POINT('Ctrl Pts',(19.4007680368815,4.3703690847987,3.61364292350803));
#7504=CARTESIAN_POINT('Ctrl Pts',(21.0096217791222,4.56571929689296,2.));
#7505=CARTESIAN_POINT('Origin',(0.,0.,2.));
#7506=CARTESIAN_POINT('Origin',(12.2464122016002,6.02290670703493,0.));
#7507=CARTESIAN_POINT('',(18.7535596336207,10.5144662759467,-1.));
#7508=CARTESIAN_POINT('',(18.7535596336207,10.5144662759467,0.));
#7509=CARTESIAN_POINT('',(17.3900608448576,9.57331101615772,-1.));
#7510=CARTESIAN_POINT('',(6.69127084753082,2.18846948762483,-1.));
#7511=CARTESIAN_POINT('',(17.3900608448576,9.57331101615772,0.));
#7512=CARTESIAN_POINT('',(17.3900608448576,9.57331101615772,-0.624999999999958));
#7513=CARTESIAN_POINT('',(15.3326011801239,8.15314914932948,-2.22044604925031E-15));
#7514=CARTESIAN_POINT('Origin',(16.3613310124913,8.86323008274272,0.));
#7515=CARTESIAN_POINT('',(15.3326011801239,8.15314914932949,-1.));
#7516=CARTESIAN_POINT('',(15.3326011801239,8.15314914932949,3.33066851421727E-15));
#7517=CARTESIAN_POINT('',(12.2464122016161,6.02290670701199,-1.));
#7518=CARTESIAN_POINT('',(6.69127084753082,2.18846948762483,-1.));
#7519=CARTESIAN_POINT('',(12.2464122016161,6.02290670701199,0.));
#7520=CARTESIAN_POINT('Origin',(-10.4491778004343,-8.77865025548126,0.));
#7521=CARTESIAN_POINT('',(-14.5936939965925,-13.4568419599012,-1.));
#7522=CARTESIAN_POINT('',(-5.97309964838755,-3.72620246950072,-1.));
#7523=CARTESIAN_POINT('',(-14.5936939965925,-13.4568419599012,0.));
#7524=CARTESIAN_POINT('',(-14.5936939965925,-13.4568419599012,-0.624999999999958));
#7525=CARTESIAN_POINT('',(-12.935887350991,-11.5855650894732,-2.22044604925031E-15));
#7526=CARTESIAN_POINT('Origin',(-13.7647906737925,-12.5212035246865,0.));
#7527=CARTESIAN_POINT('',(-12.935887350991,-11.5855650894732,-1.));
#7528=CARTESIAN_POINT('',(-12.935887350991,-11.5855650894732,3.33066851421727E-15));
#7529=CARTESIAN_POINT('',(-10.4491778004551,-8.77865025546278,-1.));
#7530=CARTESIAN_POINT('',(-5.97309964838755,-3.72620246950072,-1.));
#7531=CARTESIAN_POINT('',(-10.4491778004551,-8.77865025546278,0.));
#7532=CARTESIAN_POINT('Origin',(0.,0.,3.5));
#7533=CARTESIAN_POINT('',(21.4917685001414,0.594883800516303,2.));
#7534=CARTESIAN_POINT('Ctrl Pts',(21.4917685001414,0.594883800516303,2.));
#7535=CARTESIAN_POINT('Ctrl Pts',(19.8829147577805,0.399533588403932,3.61364292362944));
#7536=CARTESIAN_POINT('Ctrl Pts',(18.498552235536,0.231441545454141,5.));
#7537=CARTESIAN_POINT('',(20.7248917553322,-5.72091441375852,2.));
#7538=CARTESIAN_POINT('Ctrl Pts',(17.9056303401288,-4.65170959137362,5.));
#7539=CARTESIAN_POINT('Ctrl Pts',(19.2095387446108,-5.14621682170785,3.61364292354614));
#7540=CARTESIAN_POINT('Ctrl Pts',(20.7248917553322,-5.72091441375852,2.));
#7541=CARTESIAN_POINT('Origin',(0.,0.,2.));
#7542=CARTESIAN_POINT('Origin',(0.,0.,0.));
#7543=CARTESIAN_POINT('',(-21.4917685001414,0.594883800518523,-1.));
#7544=CARTESIAN_POINT('',(-21.4917685001414,0.594883800518523,0.));
#7545=CARTESIAN_POINT('Origin',(0.,0.,-1.));
#7546=CARTESIAN_POINT('Origin',(0.,0.,0.));
#7547=CARTESIAN_POINT('',(-18.7535596336196,10.5144662759486,-1.));
#7548=CARTESIAN_POINT('',(-18.7535596336196,10.5144662759486,0.));
#7549=CARTESIAN_POINT('Origin',(0.,0.,-1.));
#7550=CARTESIAN_POINT('Origin',(0.,0.,0.));
#7551=CARTESIAN_POINT('',(-11.7191362599292,18.0253112406139,-1.));
#7552=CARTESIAN_POINT('',(-11.7191362599292,18.0253112406139,0.));
#7553=CARTESIAN_POINT('Origin',(0.,0.,-1.));
#7554=CARTESIAN_POINT('Origin',(0.,0.,0.));
#7555=CARTESIAN_POINT('',(-1.99999999999105,21.4067746286035,-1.));
#7556=CARTESIAN_POINT('',(-1.99999999999105,21.4067746286035,0.));
#7557=CARTESIAN_POINT('Origin',(0.,0.,-1.));
#7558=CARTESIAN_POINT('Origin',(0.,0.,0.));
#7559=CARTESIAN_POINT('',(8.17731215733221,19.8842039287806,-1.));
#7560=CARTESIAN_POINT('',(8.17731215733221,19.8842039287806,0.));
#7561=CARTESIAN_POINT('Origin',(0.,0.,-1.));
#7562=CARTESIAN_POINT('Origin',(0.,0.,0.));
#7563=CARTESIAN_POINT('',(16.4813006467051,13.8064017395085,-1.));
#7564=CARTESIAN_POINT('',(16.4813006467051,13.8064017395085,0.));
#7565=CARTESIAN_POINT('Origin',(0.,0.,-1.));
#7566=CARTESIAN_POINT('Origin',(0.,0.,0.));
#7567=CARTESIAN_POINT('',(21.0096217791222,4.56571929689296,-1.));
#7568=CARTESIAN_POINT('',(21.0096217791222,4.56571929689296,0.));
#7569=CARTESIAN_POINT('Origin',(0.,0.,-1.));
#7570=CARTESIAN_POINT('Origin',(13.6426437863569,-0.358172488791969,0.));
#7571=CARTESIAN_POINT('',(21.4917685001414,0.594883800516298,-1.));
#7572=CARTESIAN_POINT('',(21.4917685001414,0.594883800516298,0.));
#7573=CARTESIAN_POINT('',(19.8470736239455,0.395181686852741,-1.));
#7574=CARTESIAN_POINT('',(6.94185857343384,-1.17179511849292,-1.));
#7575=CARTESIAN_POINT('',(19.8470736239455,0.395181686852741,0.));
#7576=CARTESIAN_POINT('',(19.8470736239455,0.395181686852741,-0.624999999999958));
#7577=CARTESIAN_POINT('',(17.3653014387006,0.0938399862139272,-2.22044604925031E-15));
#7578=CARTESIAN_POINT('Origin',(18.6061875313231,0.244510836532277,0.));
#7579=CARTESIAN_POINT('',(17.3653014387006,0.0938399862139273,-1.));
#7580=CARTESIAN_POINT('',(17.3653014387006,0.0938399862139278,3.33066851421727E-15));
#7581=CARTESIAN_POINT('',(13.6426437863602,-0.358172488819641,-1.));
#7582=CARTESIAN_POINT('',(6.94185857343384,-1.17179511849292,-1.));
#7583=CARTESIAN_POINT('',(13.6426437863602,-0.358172488819641,0.));
#7584=CARTESIAN_POINT('Origin',(0.,0.,0.));
#7585=CARTESIAN_POINT('',(20.7248917553322,-5.72091441375851,-1.));
#7586=CARTESIAN_POINT('',(20.7248917553322,-5.72091441375851,0.));
#7587=CARTESIAN_POINT('Origin',(0.,0.,-1.));
#7588=CARTESIAN_POINT('Origin',(0.,0.,0.));
#7589=CARTESIAN_POINT('',(-12.6982957997457,-17.3494462096618,-1.));
#7590=CARTESIAN_POINT('',(-12.6982957997457,-17.3494462096618,0.));
#7591=CARTESIAN_POINT('Origin',(0.,0.,-1.));
#7592=CARTESIAN_POINT('Origin',(0.,0.,3.5));
#7593=CARTESIAN_POINT('',(19.3064722071675,-9.46097938448542,2.));
#7594=CARTESIAN_POINT('Ctrl Pts',(19.3064722071675,-9.46097938448542,2.));
#7595=CARTESIAN_POINT('Ctrl Pts',(17.7911191965361,-8.88628179247264,3.61364292344905));
#7596=CARTESIAN_POINT('Ctrl Pts',(16.4872107919622,-8.39177456210679,5.));
#7597=CARTESIAN_POINT('',(15.6923387924167,-14.6969555767105,2.));
#7598=CARTESIAN_POINT('Ctrl Pts',(13.6928910410564,-12.4400456163784,5.));
#7599=CARTESIAN_POINT('Ctrl Pts',(14.6176356260304,-13.483866472998,3.61364292353857));
#7600=CARTESIAN_POINT('Ctrl Pts',(15.6923387924167,-14.6969555767105,2.));
#7601=CARTESIAN_POINT('Origin',(0.,0.,2.));
#7602=CARTESIAN_POINT('Origin',(-23.5697244846238,0.847193337207044,0.));
#7603=CARTESIAN_POINT('',(-13.6426523176696,-0.358171452914593,-1.));
#7604=CARTESIAN_POINT('',(-13.6426523176696,-0.358171452914593,0.));
#7605=CARTESIAN_POINT('',(-17.3653014387012,0.0938399862089927,-1.));
#7606=CARTESIAN_POINT('',(-11.9053989225711,-0.569112205510479,-1.));
#7607=CARTESIAN_POINT('',(-17.3653014387012,0.0938399862089923,-2.22044604925031E-15));
#7608=CARTESIAN_POINT('',(-17.3653014387012,0.0938399862089927,-5.55110848695148E-15));
#7609=CARTESIAN_POINT('',(-19.8470736239455,0.395181686852097,0.));
#7610=CARTESIAN_POINT('Origin',(-18.6061875313222,0.244510836540178,0.));
#7611=CARTESIAN_POINT('',(-19.8470736239455,0.395181686852096,-1.));
#7612=CARTESIAN_POINT('',(-19.8470736239455,0.395181686852097,-0.624999999999958));
#7613=CARTESIAN_POINT('',(-11.9053989225711,-0.569112205510479,-1.));
#7614=CARTESIAN_POINT('Origin',(-20.476244192895,11.7035495720153,0.));
#7615=CARTESIAN_POINT('',(-12.2464192743063,6.02291158895751,-1.));
#7616=CARTESIAN_POINT('',(-12.2464192743063,6.02291158895751,0.));
#7617=CARTESIAN_POINT('',(-15.3326011801267,8.15314914932539,-1.));
#7618=CARTESIAN_POINT('',(-10.8061868431895,5.02879092010168,-1.));
#7619=CARTESIAN_POINT('',(-15.3326011801267,8.15314914932539,-2.22044604925031E-15));
#7620=CARTESIAN_POINT('',(-15.3326011801267,8.15314914932539,-5.55110848695148E-15));
#7621=CARTESIAN_POINT('',(-17.390060844858,9.57331101615717,0.));
#7622=CARTESIAN_POINT('Origin',(-16.3613310124868,8.86323008274927,0.));
#7623=CARTESIAN_POINT('',(-17.390060844858,9.57331101615717,-1.));
#7624=CARTESIAN_POINT('',(-17.390060844858,9.57331101615717,-0.624999999999958));
#7625=CARTESIAN_POINT('',(-10.8061868431895,5.02879092010168,-1.));
#7626=CARTESIAN_POINT('Origin',(-12.691903122067,19.8787636429369,0.));
#7627=CARTESIAN_POINT('',(-8.04467916055061,11.0242181697525,-1.));
#7628=CARTESIAN_POINT('',(-8.04467916055061,11.0242181697525,0.));
#7629=CARTESIAN_POINT('',(-9.78738676906027,14.34467009843,-1.));
#7630=CARTESIAN_POINT('',(-7.23140758670203,9.47465864941885,-1.));
#7631=CARTESIAN_POINT('',(-9.78738676906027,14.34467009843,-2.22044604925031E-15));
#7632=CARTESIAN_POINT('',(-9.78738676906027,14.34467009843,-5.55110848695148E-15));
#7633=CARTESIAN_POINT('',(-10.9491946991653,16.5583101625651,0.));
#7634=CARTESIAN_POINT('Origin',(-10.3682907341042,15.4514901305021,0.));
#7635=CARTESIAN_POINT('',(-10.9491946991653,16.5583101625651,-1.));
#7636=CARTESIAN_POINT('',(-10.9491946991653,16.5583101625651,-0.624999999999958));
#7637=CARTESIAN_POINT('',(-7.23140758670203,9.47465864941885,-1.));
#7638=CARTESIAN_POINT('Origin',(-1.99999999998699,23.4999925283336,0.));
#7639=CARTESIAN_POINT('',(-2.0000000000064,13.5000092240885,-1.));
#7640=CARTESIAN_POINT('',(-2.0000000000064,13.5000092240885,0.));
#7641=CARTESIAN_POINT('',(-1.99999999999912,17.2499999999992,-1.));
#7642=CARTESIAN_POINT('',(-2.00000000000979,11.7499962641688,-1.));
#7643=CARTESIAN_POINT('',(-1.99999999999912,17.2499999999992,-2.22044604925031E-15));
#7644=CARTESIAN_POINT('',(-1.99999999999912,17.2499999999992,-5.55110848695148E-15));
#7645=CARTESIAN_POINT('',(-1.99999999999427,19.749999999999,0.));
#7646=CARTESIAN_POINT('Origin',(-1.99999999998699,18.4999999999991,0.));
#7647=CARTESIAN_POINT('',(-1.99999999999427,19.749999999999,-1.));
#7648=CARTESIAN_POINT('',(-1.99999999999427,19.749999999999,-0.624999999999958));
#7649=CARTESIAN_POINT('',(-2.00000000000979,11.7499962641688,-1.));
#7650=CARTESIAN_POINT('Origin',(9.15007901947718,21.7376563310999,0.));
#7651=CARTESIAN_POINT('',(4.50285505792645,12.8831108579336,-1.));
#7652=CARTESIAN_POINT('',(4.50285505792645,12.8831108579336,0.));
#7653=CARTESIAN_POINT('',(6.245562666449,16.2035627866043,-1.));
#7654=CARTESIAN_POINT('',(3.68958348407185,11.333551337603,-1.));
#7655=CARTESIAN_POINT('',(6.245562666449,16.2035627866043,-2.22044604925031E-15));
#7656=CARTESIAN_POINT('',(6.245562666449,16.2035627866043,-5.55110848695148E-15));
#7657=CARTESIAN_POINT('',(7.40737059656264,18.4172028507349,0.));
#7658=CARTESIAN_POINT('Origin',(6.82646663151441,17.3103828186651,0.));
#7659=CARTESIAN_POINT('',(7.40737059656264,18.4172028507349,-1.));
#7660=CARTESIAN_POINT('',(7.40737059656264,18.4172028507349,-0.624999999999958));
#7661=CARTESIAN_POINT('',(3.68958348407185,11.333551337603,-1.));
#7662=CARTESIAN_POINT('Origin',(18.2039852059851,14.9954850355685,0.));
#7663=CARTESIAN_POINT('',(9.97416028737441,9.31484705254266,-1.));
#7664=CARTESIAN_POINT('',(9.97416028737441,9.31484705254266,0.));
#7665=CARTESIAN_POINT('',(13.0603421932031,11.4450846128986,-1.));
#7666=CARTESIAN_POINT('',(8.53392785625375,8.32072638369243,-1.));
#7667=CARTESIAN_POINT('',(13.0603421932031,11.4450846128986,-2.22044604925031E-15));
#7668=CARTESIAN_POINT('',(13.0603421932031,11.4450846128986,-5.55110848695148E-15));
#7669=CARTESIAN_POINT('',(15.1178018579398,12.8652464797224,0.));
#7670=CARTESIAN_POINT('Origin',(14.089072025577,12.1551655463025,0.));
#7671=CARTESIAN_POINT('',(15.1178018579398,12.8652464797224,-1.));
#7672=CARTESIAN_POINT('',(15.1178018579399,12.8652464797224,-0.624999999999958));
#7673=CARTESIAN_POINT('',(8.53392785625375,8.32072638369243,-1.));
#7674=CARTESIAN_POINT('Origin',(23.0875777636057,4.81802883357341,0.));
#7675=CARTESIAN_POINT('',(13.1605055966468,3.61266404349031,-1.));
#7676=CARTESIAN_POINT('',(13.1605055966468,3.61266404349031,0.));
#7677=CARTESIAN_POINT('',(16.8831547176801,4.06467548259945,-1.));
#7678=CARTESIAN_POINT('',(11.4232522015475,3.40172329090117,-1.));
#7679=CARTESIAN_POINT('',(16.8831547176801,4.06467548259945,-2.22044604925031E-15));
#7680=CARTESIAN_POINT('',(16.8831547176801,4.06467548259945,-5.55110848695147E-15));
#7681=CARTESIAN_POINT('',(19.3649269029256,4.36601718323292,0.));
#7682=CARTESIAN_POINT('Origin',(18.124040810304,4.21534633290655,0.));
#7683=CARTESIAN_POINT('',(19.3649269029256,4.36601718323292,-1.));
#7684=CARTESIAN_POINT('',(19.3649269029256,4.36601718323292,-0.624999999999958));
#7685=CARTESIAN_POINT('',(11.4232522015475,3.40172329090117,-1.));
#7686=CARTESIAN_POINT('Origin',(22.6820844910583,-6.46317971065152,0.));
#7687=CARTESIAN_POINT('',(13.331937675013,-2.91713676060427,-1.));
#7688=CARTESIAN_POINT('',(13.331937675013,-2.91713676060427,0.));
#7689=CARTESIAN_POINT('',(16.8382399604074,-4.24690181611345,-1.));
#7690=CARTESIAN_POINT('',(11.6956471325793,-2.29657361262579,-1.));
#7691=CARTESIAN_POINT('',(16.8382399604074,-4.24690181611345,-2.22044604925031E-15));
#7692=CARTESIAN_POINT('',(16.8382399604074,-4.24690181611345,-5.55110848695147E-15));
#7693=CARTESIAN_POINT('',(19.1757805671191,-5.13341403372427,0.));
#7694=CARTESIAN_POINT('Origin',(18.0070102637598,-4.69015792492793,0.));
#7695=CARTESIAN_POINT('',(19.1757805671191,-5.13341403372427,-1.));
#7696=CARTESIAN_POINT('',(19.1757805671191,-5.13341403372427,-0.624999999999958));
#7697=CARTESIAN_POINT('',(11.6956471325793,-2.29657361262579,-1.));
#7698=CARTESIAN_POINT('Origin',(0.,0.,0.));
#7699=CARTESIAN_POINT('',(15.6923387924167,-14.6969555767105,-1.));
#7700=CARTESIAN_POINT('',(15.6923387924167,-14.6969555767105,0.));
#7701=CARTESIAN_POINT('',(19.3064722071675,-9.46097938448542,-1.));
#7702=CARTESIAN_POINT('Origin',(0.,0.,-1.));
#7703=CARTESIAN_POINT('',(19.3064722071675,-9.46097938448542,0.));
#7704=CARTESIAN_POINT('Origin',(17.0803990103599,-16.2637516729253,0.));
#7705=CARTESIAN_POINT('',(10.4491834992998,-8.7786566881534,-1.));
#7706=CARTESIAN_POINT('',(10.4491834992998,-8.7786566881534,0.));
#7707=CARTESIAN_POINT('',(12.9358873509947,-11.5855650894699,-1.));
#7708=CARTESIAN_POINT('',(9.28871025336453,-7.46875317821252,-1.));
#7709=CARTESIAN_POINT('',(12.9358873509947,-11.5855650894699,-2.22044604925031E-15));
#7710=CARTESIAN_POINT('',(12.9358873509947,-11.5855650894699,-5.55110848695147E-15));
#7711=CARTESIAN_POINT('',(14.593693996593,-13.4568419599007,0.));
#7712=CARTESIAN_POINT('Origin',(13.7647906737866,-12.5212035246917,0.));
#7713=CARTESIAN_POINT('',(14.593693996593,-13.4568419599007,-1.));
#7714=CARTESIAN_POINT('',(14.593693996593,-13.4568419599007,-0.624999999999958));
#7715=CARTESIAN_POINT('',(9.28871025336453,-7.46875317821252,-1.));
#7716=CARTESIAN_POINT('Origin',(-14.086356017695,-18.9162423058713,0.));
#7717=CARTESIAN_POINT('',(-7.45514050660582,-11.4311473211251,-1.));
#7718=CARTESIAN_POINT('',(-7.45514050660582,-11.4311473211251,0.));
#7719=CARTESIAN_POINT('',(-9.94184435831164,-14.2380557224319,-1.));
#7720=CARTESIAN_POINT('',(-6.29466726066547,-10.1212438111887,-1.));
#7721=CARTESIAN_POINT('',(-9.94184435831164,-14.2380557224319,-2.22044604925031E-15));
#7722=CARTESIAN_POINT('',(-9.94184435831164,-14.2380557224319,-5.55110848695148E-15));
#7723=CARTESIAN_POINT('',(-11.5996510039171,-16.1093325928563,0.));
#7724=CARTESIAN_POINT('Origin',(-10.7707476811217,-15.1736941576377,0.));
#7725=CARTESIAN_POINT('',(-11.5996510039171,-16.1093325928563,-1.));
#7726=CARTESIAN_POINT('',(-11.5996510039171,-16.1093325928563,-0.624999999999958));
#7727=CARTESIAN_POINT('',(-6.29466726066547,-10.1212438111887,-1.));
#7728=CARTESIAN_POINT('Origin',(0.,0.,3.5));
#7729=CARTESIAN_POINT('',(12.6982957997439,-17.3494462096631,2.));
#7730=CARTESIAN_POINT('Ctrl Pts',(12.6982957997439,-17.3494462096631,2.));
#7731=CARTESIAN_POINT('Ctrl Pts',(11.6235926333162,-16.1363571059092,3.61364292359716));
#7732=CARTESIAN_POINT('Ctrl Pts',(10.6988480483791,-15.0925362493357,5.));
#7733=CARTESIAN_POINT('',(7.0648601253417,-20.3061013345532,2.));
#7734=CARTESIAN_POINT('Ctrl Pts',(6.34327542170369,-17.3785171094725,5.));
#7735=CARTESIAN_POINT('Ctrl Pts',(6.67700834713482,-18.7325248135664,3.61364292349937));
#7736=CARTESIAN_POINT('Ctrl Pts',(7.0648601253417,-20.3061013345532,2.));
#7737=CARTESIAN_POINT('Origin',(0.,0.,2.));
#7738=CARTESIAN_POINT('Origin',(7.56579995751027,-22.3384941263869,0.));
#7739=CARTESIAN_POINT('',(5.1726473102092,-12.6290921627283,-1.));
#7740=CARTESIAN_POINT('',(5.1726473102092,-12.6290921627283,0.));
#7741=CARTESIAN_POINT('',(6.07007884381142,-16.2701150220237,-1.));
#7742=CARTESIAN_POINT('',(4.75384179619748,-10.9299313989039,-1.));
#7743=CARTESIAN_POINT('',(6.07007884381142,-16.2701150220237,-2.22044604925031E-15));
#7744=CARTESIAN_POINT('',(6.07007884381142,-16.2701150220237,-5.55110848695147E-15));
#7745=CARTESIAN_POINT('',(6.66836800452556,-18.6974695655898,0.));
#7746=CARTESIAN_POINT('Origin',(6.36922342415907,-17.4837922938091,0.));
#7747=CARTESIAN_POINT('',(6.66836800452556,-18.6974695655898,-1.));
#7748=CARTESIAN_POINT('',(6.66836800452556,-18.6974695655898,-0.624999999999958));
#7749=CARTESIAN_POINT('',(7.0648601253417,-20.3061013345532,-1.));
#7750=CARTESIAN_POINT('',(4.75384179619748,-10.9299313989039,-1.));
#7751=CARTESIAN_POINT('',(7.0648601253417,-20.3061013345532,0.));
#7752=CARTESIAN_POINT('Origin',(0.,0.,3.5));
#7753=CARTESIAN_POINT('',(3.18109285565268,-21.2633639916995,2.));
#7754=CARTESIAN_POINT('Ctrl Pts',(3.18109285565268,-21.2633639916995,2.));
#7755=CARTESIAN_POINT('Ctrl Pts',(2.7932410774664,-19.6897874708109,3.6136429233997));
#7756=CARTESIAN_POINT('Ctrl Pts',(2.4595081520085,-18.3357797666208,5.));
#7757=CARTESIAN_POINT('',(-3.18109285565488,-21.2633639916992,2.));
#7758=CARTESIAN_POINT('Ctrl Pts',(-2.45950815200551,-18.3357797666212,5.));
#7759=CARTESIAN_POINT('Ctrl Pts',(-2.79324107741988,-19.6897874706246,3.61364292359105));
#7760=CARTESIAN_POINT('Ctrl Pts',(-3.18109285565488,-21.2633639916992,2.));
#7761=CARTESIAN_POINT('Origin',(0.,0.,2.));
#7762=CARTESIAN_POINT('Origin',(-3.68203268783135,-23.2957567835309,0.));
#7763=CARTESIAN_POINT('',(-1.28888004049258,-13.5863548198816,-1.));
#7764=CARTESIAN_POINT('',(-1.28888004049258,-13.5863548198816,0.));
#7765=CARTESIAN_POINT('',(-2.18631157410893,-17.2273776791735,-1.));
#7766=CARTESIAN_POINT('',(-0.870074526474259,-11.8871940560588,-1.));
#7767=CARTESIAN_POINT('',(-2.18631157410893,-17.2273776791735,-2.22044604925031E-15));
#7768=CARTESIAN_POINT('',(-2.18631157410893,-17.2273776791735,-5.55110848695148E-15));
#7769=CARTESIAN_POINT('',(-2.7846007348325,-19.6547322227373,0.));
#7770=CARTESIAN_POINT('Origin',(-2.48545615448014,-18.4410549509531,0.));
#7771=CARTESIAN_POINT('',(-2.7846007348325,-19.6547322227373,-1.));
#7772=CARTESIAN_POINT('',(-2.7846007348325,-19.6547322227373,-0.624999999999958));
#7773=CARTESIAN_POINT('',(-3.18109285565488,-21.2633639916992,-1.));
#7774=CARTESIAN_POINT('',(-0.870074526474259,-11.8871940560588,-1.));
#7775=CARTESIAN_POINT('',(-3.18109285565488,-21.2633639916992,0.));
#7776=CARTESIAN_POINT('Origin',(-4.44089209850063E-15,-1.51809589908108E-13,
4.75));
#7777=CARTESIAN_POINT('',(2.19999999999999,-1.52079012215677E-13,4.5));
#7778=CARTESIAN_POINT('',(2.44999999999999,-1.51509551455409E-13,4.75));
#7779=CARTESIAN_POINT('Origin',(-4.44089209850063E-15,-1.51809589908108E-13,
4.5));
#7780=CARTESIAN_POINT('Origin',(-4.44089209850063E-15,6.98463368305896E-17,
-10.));
#7781=CARTESIAN_POINT('',(2.19999999999999,-9.39307262897649E-14,-1.));
#7782=CARTESIAN_POINT('Origin',(-4.44089209850063E-15,-9.4200148573821E-14,
-1.));
#7783=CARTESIAN_POINT('',(2.19999999999999,3.39268620886688E-16,-10.));
#7784=CARTESIAN_POINT('Origin',(4.49012806053456,-4.49012806053474,4.75));
#7785=CARTESIAN_POINT('',(1.64012806053456,-4.49012806053474,4.5));
#7786=CARTESIAN_POINT('',(1.39012806053456,-4.49012806053474,4.75));
#7787=CARTESIAN_POINT('Origin',(4.49012806053456,-4.49012806053474,4.5));
#7788=CARTESIAN_POINT('Origin',(4.49012806053456,-4.49012806053474,5.));
#7789=CARTESIAN_POINT('',(1.64012806053456,-4.49012806053474,1.5));
#7790=CARTESIAN_POINT('',(1.64012806053456,-4.49012806053474,5.));
#7791=CARTESIAN_POINT('Origin',(4.49012806053456,-4.49012806053474,1.5));
#7792=CARTESIAN_POINT('Origin',(-4.4901280605346,-4.49012806053471,4.75));
#7793=CARTESIAN_POINT('',(-7.3401280605346,-4.49012806053471,4.5));
#7794=CARTESIAN_POINT('',(-7.5901280605346,-4.49012806053471,4.75));
#7795=CARTESIAN_POINT('Origin',(-4.4901280605346,-4.49012806053471,4.5));
#7796=CARTESIAN_POINT('Origin',(-4.4901280605346,-4.49012806053471,5.));
#7797=CARTESIAN_POINT('',(-7.3401280605346,-4.49012806053471,1.5));
#7798=CARTESIAN_POINT('',(-7.3401280605346,-4.49012806053471,5.));
#7799=CARTESIAN_POINT('Origin',(-4.4901280605346,-4.49012806053471,1.5));
#7800=CARTESIAN_POINT('Origin',(4.49012806053459,4.4901280605344,4.75));
#7801=CARTESIAN_POINT('',(1.64012806053459,4.4901280605344,4.5));
#7802=CARTESIAN_POINT('',(1.39012806053459,4.4901280605344,4.75));
#7803=CARTESIAN_POINT('Origin',(4.49012806053459,4.4901280605344,4.5));
#7804=CARTESIAN_POINT('Origin',(4.49012806053459,4.4901280605344,5.));
#7805=CARTESIAN_POINT('',(1.64012806053459,4.4901280605344,1.5));
#7806=CARTESIAN_POINT('',(1.64012806053459,4.4901280605344,5.));
#7807=CARTESIAN_POINT('Origin',(4.49012806053459,4.4901280605344,1.5));
#7808=CARTESIAN_POINT('Origin',(-4.4901280605346,4.49012806053439,4.75));
#7809=CARTESIAN_POINT('',(-7.3401280605346,4.4901280605344,4.5));
#7810=CARTESIAN_POINT('',(-7.5901280605346,4.49012806053439,4.75));
#7811=CARTESIAN_POINT('Origin',(-4.4901280605346,4.49012806053439,4.5));
#7812=CARTESIAN_POINT('Origin',(-4.4901280605346,4.49012806053439,5.));
#7813=CARTESIAN_POINT('',(-7.3401280605346,4.49012806053439,1.5));
#7814=CARTESIAN_POINT('',(-7.3401280605346,4.4901280605344,5.));
#7815=CARTESIAN_POINT('Origin',(-4.4901280605346,4.49012806053439,1.5));
#7816=CARTESIAN_POINT('Origin',(4.49012806053459,4.4901280605344,1.5));
#7817=CARTESIAN_POINT('',(5.94012806053459,4.49012806053443,1.5));
#7818=CARTESIAN_POINT('Origin',(4.49012806053459,4.49012806053443,1.5));
#7819=CARTESIAN_POINT('Origin',(4.49012806053456,-4.49012806053474,1.5));
#7820=CARTESIAN_POINT('',(5.94012806053456,-4.4901280605347,1.5));
#7821=CARTESIAN_POINT('Origin',(4.49012806053456,-4.4901280605347,1.5));
#7822=CARTESIAN_POINT('Origin',(-4.49012806053461,4.49012806053439,1.5));
#7823=CARTESIAN_POINT('',(-3.04012806053461,4.49012806053443,1.5));
#7824=CARTESIAN_POINT('Origin',(-4.4901280605346,4.49012806053443,1.5));
#7825=CARTESIAN_POINT('Origin',(-4.4901280605346,-4.49012806053471,1.5));
#7826=CARTESIAN_POINT('',(-3.0401280605346,-4.49012806053467,1.5));
#7827=CARTESIAN_POINT('Origin',(-4.4901280605346,-4.49012806053467,1.5));
#7828=CARTESIAN_POINT('Origin',(-4.4901280605346,4.49012806053455,-9.99999999999996));
#7829=CARTESIAN_POINT('',(-3.04012806053461,4.49012806053446,-0.999999999999953));
#7830=CARTESIAN_POINT('Origin',(-4.4901280605346,4.49012806053446,-0.999999999999953));
#7831=CARTESIAN_POINT('',(-3.04012806053461,4.49012806053455,-9.99999999999996));
#7832=CARTESIAN_POINT('Origin',(-4.4901280605346,-4.49012806053455,-10.));
#7833=CARTESIAN_POINT('',(-3.0401280605346,-4.49012806053465,-1.00000000000005));
#7834=CARTESIAN_POINT('Origin',(-4.4901280605346,-4.49012806053465,-1.00000000000005));
#7835=CARTESIAN_POINT('',(-3.0401280605346,-4.49012806053455,-10.));
#7836=CARTESIAN_POINT('Origin',(4.49012806053459,4.49012806053455,-9.99999999999996));
#7837=CARTESIAN_POINT('',(5.94012806053459,4.49012806053446,-0.999999999999953));
#7838=CARTESIAN_POINT('Origin',(4.49012806053459,4.49012806053446,-0.999999999999953));
#7839=CARTESIAN_POINT('',(5.94012806053459,4.49012806053455,-9.99999999999996));
#7840=CARTESIAN_POINT('Origin',(4.49012806053456,-4.49012806053458,-10.));
#7841=CARTESIAN_POINT('',(5.94012806053456,-4.49012806053468,-1.00000000000005));
#7842=CARTESIAN_POINT('Origin',(4.49012806053456,-4.49012806053468,-1.00000000000005));
#7843=CARTESIAN_POINT('',(5.94012806053456,-4.49012806053458,-10.));
#7844=CARTESIAN_POINT('Origin',(11.6964747725955,14.7544053724304,0.));
#7845=CARTESIAN_POINT('',(11.1155708075409,13.6475853403639,-1.));
#7846=CARTESIAN_POINT('',(12.2773787376502,15.8612254044968,-1.));
#7847=CARTESIAN_POINT('',(7.39778543119089,6.5639371351386,-1.));
#7848=CARTESIAN_POINT('',(11.1155708075409,13.6475853403639,0.));
#7849=CARTESIAN_POINT('',(11.1155708075409,13.6475853403639,-0.31249999999998));
#7850=CARTESIAN_POINT('',(12.2773787376502,15.8612254044968,0.));
#7851=CARTESIAN_POINT('Origin',(11.6964747725955,14.7544053724304,0.));
#7852=CARTESIAN_POINT('',(12.2773787376502,15.8612254044968,-0.937499999999937));
#7853=CARTESIAN_POINT('Origin',(4.91737862796841,16.9006475446703,0.));
#7854=CARTESIAN_POINT('',(4.91737862796841,16.9006475446703,-1.));
#7855=CARTESIAN_POINT('',(6.46692667286152,16.0873819935937,-1.));
#7856=CARTESIAN_POINT('',(4.91737862796841,16.9006475446703,0.));
#7857=CARTESIAN_POINT('',(4.91737862796841,16.9006475446703,-1.24999999999992));
#7858=CARTESIAN_POINT('',(8.01647471775464,15.2741164425171,-2.22044604925031E-15));
#7859=CARTESIAN_POINT('Origin',(4.91737862796841,16.9006475446703,0.));
#7860=CARTESIAN_POINT('',(8.01647471775464,15.2741164425171,-2.22044604925031E-15));
#7861=CARTESIAN_POINT('',(6.46692667286152,16.0873819935937,-1.));
#7862=CARTESIAN_POINT('Origin',(8.59737868280931,16.3809364745836,0.));
#7863=CARTESIAN_POINT('',(6.07918655807775,19.1142876088032,0.));
#7864=CARTESIAN_POINT('Origin',(5.49828259302308,18.0074675767368,0.));
#7865=CARTESIAN_POINT('',(9.17828264786398,17.48775650665,0.));
#7866=CARTESIAN_POINT('Origin',(6.07918655807775,19.1142876088032,-1.24999999999992));
#7867=CARTESIAN_POINT('',(6.07918655807775,19.1142876088032,-1.));
#7868=CARTESIAN_POINT('',(6.07918655807775,19.1142876088032,0.));
#7869=CARTESIAN_POINT('',(7.62873460297087,18.3010220577266,-1.));
#7870=CARTESIAN_POINT('Origin',(6.07918655807775,19.1142876088032,-1.24999999999992));
#7871=CARTESIAN_POINT('',(7.62873460297087,18.3010220577266,-1.));
#7872=CARTESIAN_POINT('',(9.17828264786398,17.48775650665,0.));
#7873=CARTESIAN_POINT('Origin',(6.07918655807775,19.1142876088032,0.));
#7874=CARTESIAN_POINT('',(1.49004523414576,10.3704093554782,-1.));
#7875=CARTESIAN_POINT('Origin',(8.59737868280931,16.3809364745836,0.));
#7876=CARTESIAN_POINT('Origin',(0.,0.,-1.));
#7877=CARTESIAN_POINT('',(14.2657047378399,14.0997222785676,-1.));
#7878=CARTESIAN_POINT('',(15.2598180446194,12.6595005132537,-1.));
#7879=CARTESIAN_POINT('',(12.2082450731059,12.6795604117398,-1.));
#7880=CARTESIAN_POINT('',(6.13873906214041,8.49008290459768,-1.));
#7881=CARTESIAN_POINT('',(13.2023583798854,11.2393386464259,-1.));
#7882=CARTESIAN_POINT('Origin',(11.1102821895617,7.66887408087167,-1.));
#7883=CARTESIAN_POINT('',(16.1846983002239,6.91867335048417,-1.));
#7884=CARTESIAN_POINT('',(13.2023583798854,11.2393386464259,-1.));
#7885=CARTESIAN_POINT('',(18.242157964958,8.33883521731196,-1.));
#7886=CARTESIAN_POINT('',(9.600827373075,2.37415537663513,-1.));
#7887=CARTESIAN_POINT('',(15.2598180446194,12.6595005132537,-1.));
#7888=CARTESIAN_POINT('',(19.184121882542,5.85508049438569,-1.));
#7889=CARTESIAN_POINT('',(19.3950610729888,4.11783996471409,-1.));
#7890=CARTESIAN_POINT('',(16.702349697297,5.5537387937474,-1.));
#7891=CARTESIAN_POINT('',(9.38112175082417,4.66478077686444,-1.));
#7892=CARTESIAN_POINT('',(16.9132888877438,3.81649826407581,-1.));
#7893=CARTESIAN_POINT('Origin',(13.4015698003219,1.62724518344903,-1.));
#7894=CARTESIAN_POINT('',(17.5461064590843,-1.39522332493898,-1.));
#7895=CARTESIAN_POINT('',(16.9132888877438,3.81649826407581,-1.));
#7896=CARTESIAN_POINT('',(20.0278786443292,-1.09388162430069,-1.));
#7897=CARTESIAN_POINT('',(9.60443546630018,-2.35951676698151,-1.));
#7898=CARTESIAN_POINT('',(19.3950610729888,4.11783996471409,-1.));
#7899=CARTESIAN_POINT('',(19.7076878976849,-3.73088966969078,-1.));
#7900=CARTESIAN_POINT('',(19.0871293453605,-5.36716809439026,-1.));
#7901=CARTESIAN_POINT('',(17.3701472909715,-2.8443774520845,-1.));
#7902=CARTESIAN_POINT('',(10.4744025011669,-0.229166410145915,-1.));
#7903=CARTESIAN_POINT('',(16.7495887386471,-4.48065587678398,-1.));
#7904=CARTESIAN_POINT('',(11.9135100913299,-6.65719868390909,-1.));
#7905=CARTESIAN_POINT('Origin',(12.6227192762525,-4.78716597507145,-1.));
#7906=CARTESIAN_POINT('',(15.4198204122397,-7.9869667868488,-1.));
#7907=CARTESIAN_POINT('',(5.60215015862795,-4.26361558462598,-1.));
#7908=CARTESIAN_POINT('',(14.8879130816738,-9.38949115088241,-1.));
#7909=CARTESIAN_POINT('',(16.7495887386471,-4.48065587678398,-1.));
#7910=CARTESIAN_POINT('',(17.2254536883871,-10.2760033684887,-1.));
#7911=CARTESIAN_POINT('',(7.40778314019079,-6.55265205454225,-1.));
#7912=CARTESIAN_POINT('',(17.7573610189532,-8.87347900445458,-1.));
#7913=CARTESIAN_POINT('',(19.0871293453605,-5.36716809439026,-1.));
#7914=CARTESIAN_POINT('',(5.60215015862795,-4.26361558462598,-1.));
#7915=CARTESIAN_POINT('',(15.7164601188539,-12.4621579725357,-1.));
#7916=CARTESIAN_POINT('',(14.4065663095545,-13.6226226244571,-1.));
#7917=CARTESIAN_POINT('',(14.058653473252,-10.5908811021081,-1.));
#7918=CARTESIAN_POINT('',(9.16812386872638,-5.07061433434647,-1.));
#7919=CARTESIAN_POINT('',(12.7487596639526,-11.7513457540295,-1.));
#7920=CARTESIAN_POINT('',(7.45513480773657,-11.4311408884562,-1.));
#7921=CARTESIAN_POINT('Origin',(8.95215588625148,-10.1048951003071,-1.));
#7922=CARTESIAN_POINT('',(9.94184435831536,-14.2380557224286,-1.));
#7923=CARTESIAN_POINT('',(2.97905665570858,-6.37869310245909,-1.));
#7924=CARTESIAN_POINT('',(8.81907823605432,-15.2327397097937,-1.));
#7925=CARTESIAN_POINT('',(12.7487596639526,-11.7513457540295,-1.));
#7926=CARTESIAN_POINT('',(10.4768848816562,-17.1040165802213,-1.));
#7927=CARTESIAN_POINT('',(3.5140969701282,-9.24465372442513,-1.));
#7928=CARTESIAN_POINT('',(11.5996510039176,-16.1093325928559,-1.));
#7929=CARTESIAN_POINT('',(14.4065663095545,-13.6226226244571,-1.));
#7930=CARTESIAN_POINT('',(12.6982957997439,-17.3494462096631,-1.));
#7931=CARTESIAN_POINT('',(2.97905665570858,-6.37869310245909,-1.));
#7932=CARTESIAN_POINT('Origin',(0.,0.,-1.));
#7933=CARTESIAN_POINT('',(8.12478073067021,-18.3384960691571,-1.));
#7934=CARTESIAN_POINT('',(6.42563255017462,-18.7572984816603,-1.));
#7935=CARTESIAN_POINT('',(7.52649156995135,-15.9111415255922,-1.));
#7936=CARTESIAN_POINT('',(5.7615385458307,-8.75044562207534,-1.));
#7937=CARTESIAN_POINT('',(5.82734338945576,-16.3299439380954,-1.));
#7938=CARTESIAN_POINT('',(1.28887798380474,-13.5863464756396,-1.));
#7939=CARTESIAN_POINT('Origin',(3.23076146788396,-13.1077145352496,-1.));
#7940=CARTESIAN_POINT('',(2.18631157411376,-17.2273776791723,-1.));
#7941=CARTESIAN_POINT('',(-0.326502825509036,-7.03248890210396,-1.));
#7942=CARTESIAN_POINT('',(0.729898847968987,-17.5863511756051,-1.));
#7943=CARTESIAN_POINT('',(5.82734338945576,-16.3299439380954,-1.));
#7944=CARTESIAN_POINT('',(1.32818800868784,-20.01370571917,-1.));
#7945=CARTESIAN_POINT('',(-1.18462646633138,-9.818816636197,-1.));
#7946=CARTESIAN_POINT('',(2.78460073483313,-19.6547322227372,-1.));
#7947=CARTESIAN_POINT('',(6.42563255017462,-18.7572984816603,-1.));
#7948=CARTESIAN_POINT('',(3.18109285565268,-21.2633639916995,-1.));
#7949=CARTESIAN_POINT('',(-0.326502825509036,-7.03248890210396,-1.));
#7950=CARTESIAN_POINT('Origin',(0.,0.,-1.));
#7951=CARTESIAN_POINT('',(-1.32818800868785,-20.01370571917,-1.));
#7952=CARTESIAN_POINT('',(-3.02733618918345,-19.5949033066668,-1.));
#7953=CARTESIAN_POINT('',(-0.729898847969,-17.5863511756051,-1.));
#7954=CARTESIAN_POINT('',(1.03505417615166,-10.4256552720882,-1.));
#7955=CARTESIAN_POINT('',(-2.42904702846459,-17.1675487631018,-1.));
#7956=CARTESIAN_POINT('Origin',(-3.23076146787935,-13.1077145352508,-1.));
#7957=CARTESIAN_POINT('',(-7.52649156995137,-15.9111415255922,-1.));
#7958=CARTESIAN_POINT('',(-2.42904702846459,-17.1675487631018,-1.));
#7959=CARTESIAN_POINT('',(-8.12478073067022,-18.3384960691571,-1.));
#7960=CARTESIAN_POINT('',(-5.61196625565099,-8.14360698618409,-1.));
#7961=CARTESIAN_POINT('',(-3.02733618918345,-19.5949033066668,-1.));
#7962=CARTESIAN_POINT('',(-10.4768848816562,-17.1040165802213,-1.));
#7963=CARTESIAN_POINT('',(-11.7867786909556,-15.9435519282999,-1.));
#7964=CARTESIAN_POINT('',(-8.81907823605433,-15.2327397097937,-1.));
#7965=CARTESIAN_POINT('',(-3.92854863152867,-9.71247294203204,-1.));
#7966=CARTESIAN_POINT('',(-10.1289720453538,-14.0722750578723,-1.));
#7967=CARTESIAN_POINT('Origin',(-8.95215588624792,-10.1048951003103,-1.));
#7968=CARTESIAN_POINT('',(-14.058653473252,-10.5908811021081,-1.));
#7969=CARTESIAN_POINT('',(-10.1289720453538,-14.0722750578723,-1.));
#7970=CARTESIAN_POINT('',(-15.7164601188539,-12.4621579725357,-1.));
#7971=CARTESIAN_POINT('',(-8.75367220732591,-4.60279511673956,-1.));
#7972=CARTESIAN_POINT('',(-11.7867786909556,-15.9435519282999,-1.));
#7973=CARTESIAN_POINT('',(-17.2254536883871,-10.2760033684887,-1.));
#7974=CARTESIAN_POINT('',(-17.8460122407116,-8.6397249437892,-1.));
#7975=CARTESIAN_POINT('',(-14.8879130816738,-9.3894911508824,-1.));
#7976=CARTESIAN_POINT('',(-7.99216829186914,-6.77428010894382,-1.));
#7977=CARTESIAN_POINT('',(-15.5084716339982,-7.75321272618292,-1.));
#7978=CARTESIAN_POINT('Origin',(-12.6227192762508,-4.7871659750759,-1.));
#7979=CARTESIAN_POINT('',(-17.3701472909715,-2.84437745208449,-1.));
#7980=CARTESIAN_POINT('',(-15.5084716339982,-7.75321272618292,-1.));
#7981=CARTESIAN_POINT('',(-19.7076878976849,-3.73088966969077,-1.));
#7982=CARTESIAN_POINT('',(-9.89001734948854,-0.00753835574433981,-1.));
#7983=CARTESIAN_POINT('',(-17.8460122407116,-8.6397249437892,-1.));
#7984=CARTESIAN_POINT('',(-20.0278786443292,-1.09388162430067,-1.));
#7985=CARTESIAN_POINT('',(-19.8169394538824,0.64335890537092,-1.));
#7986=CARTESIAN_POINT('',(-17.5461064590843,-1.39522332493896,-1.));
#7987=CARTESIAN_POINT('',(-10.2248785126114,-2.28418134182193,-1.));
#7988=CARTESIAN_POINT('',(-17.3351672686374,0.342017204732633,-1.));
#7989=CARTESIAN_POINT('Origin',(-13.4015698003225,1.62724518344431,-1.));
#7990=CARTESIAN_POINT('',(-16.702349697297,5.55373879374742,-1.));
#7991=CARTESIAN_POINT('',(-17.3351672686374,0.342017204732633,-1.));
#7992=CARTESIAN_POINT('',(-19.184121882542,5.8550804943857,-1.));
#7993=CARTESIAN_POINT('',(-8.76067870451292,4.58944535170488,-1.));
#7994=CARTESIAN_POINT('',(-19.8169394538824,0.64335890537092,-1.));
#7995=CARTESIAN_POINT('',(-18.2421579649579,8.33883521731197,-1.));
#7996=CARTESIAN_POINT('',(-17.2480446581784,9.77905698262587,-1.));
#7997=CARTESIAN_POINT('',(-16.1846983002239,6.91867335048418,-1.));
#7998=CARTESIAN_POINT('',(-10.1151922892585,2.72919584334209,-1.));
#7999=CARTESIAN_POINT('',(-15.1905849934444,8.35889511579808,-1.));
#8000=CARTESIAN_POINT('Origin',(-11.1102821895644,7.66887408086775,-1.));
#8001=CARTESIAN_POINT('',(-12.2082450731059,12.6795604117398,-1.));
#8002=CARTESIAN_POINT('',(-15.1905849934444,8.35889511579808,-1.));
#8003=CARTESIAN_POINT('',(-14.2657047378399,14.0997222785676,-1.));
#8004=CARTESIAN_POINT('',(-5.6243741459569,8.13504243789074,-1.));
#8005=CARTESIAN_POINT('',(-17.2480446581784,9.77905698262587,-1.));
#8006=CARTESIAN_POINT('',(-12.2773787376502,15.8612254044968,-1.));
#8007=CARTESIAN_POINT('',(-10.7278306927571,16.6744909555734,-1.));
#8008=CARTESIAN_POINT('',(-11.1155708075409,13.647585340364,-1.));
#8009=CARTESIAN_POINT('',(-7.68823741371822,7.11734715117182,-1.));
#8010=CARTESIAN_POINT('',(-9.56602276264775,14.4608508914406,-1.));
#8011=CARTESIAN_POINT('Origin',(-6.27376282259225,11.9536563463158,-1.));
#8012=CARTESIAN_POINT('',(-4.91737862796839,16.9006475446703,-1.));
#8013=CARTESIAN_POINT('',(-9.56602276264775,14.4608508914406,-1.));
#8014=CARTESIAN_POINT('',(-6.07918655807773,19.1142876088032,-1.));
#8015=CARTESIAN_POINT('',(-1.19959325161841,9.81699933944498,-1.));
#8016=CARTESIAN_POINT('',(-10.7278306927571,16.6744909555734,-1.));
#8017=CARTESIAN_POINT('',(-3.5,19.749999999999,-1.));
#8018=CARTESIAN_POINT('',(-1.75,19.749999999999,-1.));
#8019=CARTESIAN_POINT('',(-3.5,17.2499999999992,-1.));
#8020=CARTESIAN_POINT('',(-3.5,9.87499999999951,-1.));
#8021=CARTESIAN_POINT('',(-1.75,17.2499999999992,-1.));
#8022=CARTESIAN_POINT('Origin',(-2.38142838782349E-12,13.4999999999984,
-1.));
#8023=CARTESIAN_POINT('',(3.5,17.2499999999992,-1.));
#8024=CARTESIAN_POINT('',(-1.75,17.2499999999992,-1.));
#8025=CARTESIAN_POINT('',(3.5,19.749999999999,-1.));
#8026=CARTESIAN_POINT('',(3.5,9.24999999999955,-1.));
#8027=CARTESIAN_POINT('',(-1.75,19.749999999999,-1.));
#8028=CARTESIAN_POINT('Origin',(6.27376282258805,11.953656346318,-1.));
#8029=CARTESIAN_POINT('Origin',(18.7869925517067,-1.24455247461984,0.));
#8030=CARTESIAN_POINT('',(17.5461064590842,-1.39522332493898,0.));
#8031=CARTESIAN_POINT('',(17.5461064590842,-1.39522332493898,-0.31249999999998));
#8032=CARTESIAN_POINT('',(20.0278786443292,-1.09388162430069,0.));
#8033=CARTESIAN_POINT('Origin',(18.7869925517067,-1.24455247461984,0.));
#8034=CARTESIAN_POINT('',(20.0278786443292,-1.09388162430069,-0.937499999999937));
#8035=CARTESIAN_POINT('Origin',(16.702349697297,5.5537387937474,0.));
#8036=CARTESIAN_POINT('',(16.702349697297,5.5537387937474,0.));
#8037=CARTESIAN_POINT('',(16.702349697297,5.5537387937474,-1.24999999999992));
#8038=CARTESIAN_POINT('',(17.1242280781906,2.07925773440421,-2.22044604925031E-15));
#8039=CARTESIAN_POINT('Origin',(16.702349697297,5.5537387937474,0.));
#8040=CARTESIAN_POINT('',(17.1242280781906,2.07925773440421,-2.22044604925031E-15));
#8041=CARTESIAN_POINT('Origin',(18.3651141708131,2.22992858472335,0.));
#8042=CARTESIAN_POINT('',(19.184121882542,5.85508049438569,0.));
#8043=CARTESIAN_POINT('Origin',(17.9432357899195,5.70440964406655,0.));
#8044=CARTESIAN_POINT('',(19.6060002634356,2.3805994350425,0.));
#8045=CARTESIAN_POINT('Origin',(19.184121882542,5.85508049438569,-1.24999999999992));
#8046=CARTESIAN_POINT('',(19.184121882542,5.85508049438569,0.));
#8047=CARTESIAN_POINT('Origin',(19.184121882542,5.85508049438569,-1.24999999999992));
#8048=CARTESIAN_POINT('',(19.6060002634356,2.3805994350425,0.));
#8049=CARTESIAN_POINT('Origin',(19.184121882542,5.85508049438569,0.));
#8050=CARTESIAN_POINT('Origin',(18.3651141708131,2.22992858472335,0.));
#8051=CARTESIAN_POINT('Origin',(17.213428132591,7.62875428389807,0.));
#8052=CARTESIAN_POINT('',(16.1846983002239,6.91867335048417,0.));
#8053=CARTESIAN_POINT('',(16.1846983002239,6.91867335048417,-0.31249999999998));
#8054=CARTESIAN_POINT('',(18.242157964958,8.33883521731196,0.));
#8055=CARTESIAN_POINT('Origin',(17.213428132591,7.62875428389807,0.));
#8056=CARTESIAN_POINT('',(18.242157964958,8.33883521731196,-0.937499999999937));
#8057=CARTESIAN_POINT('Origin',(12.2082450731059,12.6795604117398,0.));
#8058=CARTESIAN_POINT('',(12.2082450731059,12.6795604117398,0.));
#8059=CARTESIAN_POINT('',(12.2082450731059,12.6795604117398,-1.24999999999992));
#8060=CARTESIAN_POINT('',(14.1964716866649,9.79911688111197,-2.22044604925031E-15));
#8061=CARTESIAN_POINT('Origin',(12.2082450731059,12.6795604117398,0.));
#8062=CARTESIAN_POINT('',(14.1964716866649,9.79911688111197,-2.22044604925031E-15));
#8063=CARTESIAN_POINT('Origin',(15.2252015190319,10.5091978145259,0.));
#8064=CARTESIAN_POINT('',(14.2657047378399,14.0997222785676,0.));
#8065=CARTESIAN_POINT('Origin',(13.2369749054729,13.3896413451537,0.));
#8066=CARTESIAN_POINT('',(16.2539313513989,11.2192787479398,0.));
#8067=CARTESIAN_POINT('Origin',(14.2657047378399,14.0997222785676,-1.24999999999992));
#8068=CARTESIAN_POINT('',(14.2657047378399,14.0997222785676,0.));
#8069=CARTESIAN_POINT('Origin',(14.2657047378399,14.0997222785676,-1.24999999999992));
#8070=CARTESIAN_POINT('',(16.2539313513989,11.2192787479398,0.));
#8071=CARTESIAN_POINT('Origin',(14.2657047378399,14.0997222785676,0.));
#8072=CARTESIAN_POINT('Origin',(15.2252015190319,10.5091978145259,0.));
#8073=CARTESIAN_POINT('Origin',(16.0566833850305,-9.83274725968555,0.));
#8074=CARTESIAN_POINT('',(14.8879130816738,-9.38949115088241,0.));
#8075=CARTESIAN_POINT('',(14.8879130816738,-9.38949115088241,-0.31249999999998));
#8076=CARTESIAN_POINT('',(17.2254536883871,-10.2760033684887,0.));
#8077=CARTESIAN_POINT('Origin',(16.0566833850305,-9.83274725968555,0.));
#8078=CARTESIAN_POINT('',(17.2254536883871,-10.2760033684887,-0.937499999999937));
#8079=CARTESIAN_POINT('Origin',(17.3701472909715,-2.8443774520845,0.));
#8080=CARTESIAN_POINT('',(17.3701472909715,-2.8443774520845,0.));
#8081=CARTESIAN_POINT('',(17.3701472909715,-2.8443774520845,-1.24999999999992));
#8082=CARTESIAN_POINT('',(16.1290301863226,-6.11693430148345,-2.22044604925031E-15));
#8083=CARTESIAN_POINT('Origin',(17.3701472909715,-2.8443774520845,0.));
#8084=CARTESIAN_POINT('',(15.4198204122396,-7.9869667868488,-2.22044604925031E-15));
#8085=CARTESIAN_POINT('',(15.4198204122397,-7.9869667868488,3.33066851421728E-15));
#8086=CARTESIAN_POINT('',(16.1290301863226,-6.11693430148345,-2.22044604925031E-15));
#8087=CARTESIAN_POINT('Origin',(17.2978004896793,-6.56019041028659,0.));
#8088=CARTESIAN_POINT('',(19.7076878976849,-3.73088966969078,0.));
#8089=CARTESIAN_POINT('Origin',(18.5389175943282,-3.28763356088764,0.));
#8090=CARTESIAN_POINT('',(18.466570793036,-7.00344651908973,0.));
#8091=CARTESIAN_POINT('Origin',(19.7076878976849,-3.73088966969078,-1.24999999999992));
#8092=CARTESIAN_POINT('',(19.7076878976849,-3.73088966969078,0.));
#8093=CARTESIAN_POINT('Origin',(19.7076878976849,-3.73088966969078,-1.24999999999992));
#8094=CARTESIAN_POINT('',(17.7573610189532,-8.87347900445458,0.));
#8095=CARTESIAN_POINT('',(17.7573610189532,-8.87347900445458,-0.624999999999958));
#8096=CARTESIAN_POINT('',(18.466570793036,-7.00344651908973,0.));
#8097=CARTESIAN_POINT('Origin',(19.7076878976849,-3.73088966969078,0.));
#8098=CARTESIAN_POINT('Origin',(17.2978004896793,-6.56019041028659,0.));
#8099=CARTESIAN_POINT('Origin',(16.5885907155961,-8.43022289565269,0.));
#8100=CARTESIAN_POINT('Origin',(9.64798155885525,-16.1683781450075,0.));
#8101=CARTESIAN_POINT('',(8.81907823605432,-15.2327397097937,0.));
#8102=CARTESIAN_POINT('',(8.81907823605432,-15.2327397097937,-0.31249999999998));
#8103=CARTESIAN_POINT('',(10.4768848816562,-17.1040165802213,0.));
#8104=CARTESIAN_POINT('Origin',(9.64798155885525,-16.1683781450075,0.));
#8105=CARTESIAN_POINT('',(10.4768848816562,-17.1040165802213,-0.937499999999937));
#8106=CARTESIAN_POINT('Origin',(14.058653473252,-10.5908811021081,0.));
#8107=CARTESIAN_POINT('',(14.058653473252,-10.5908811021081,0.));
#8108=CARTESIAN_POINT('',(14.058653473252,-10.5908811021081,-1.24999999999992));
#8109=CARTESIAN_POINT('',(11.4388658546532,-12.9118104059509,-2.22044604925031E-15));
#8110=CARTESIAN_POINT('Origin',(14.058653473252,-10.5908811021081,0.));
#8111=CARTESIAN_POINT('',(9.94184435831536,-14.2380557224286,-2.22044604925031E-15));
#8112=CARTESIAN_POINT('',(9.94184435831536,-14.2380557224286,3.33066851421727E-15));
#8113=CARTESIAN_POINT('',(11.4388658546532,-12.9118104059509,-2.22044604925031E-15));
#8114=CARTESIAN_POINT('Origin',(12.2677691774541,-13.8474488411647,0.));
#8115=CARTESIAN_POINT('',(15.7164601188539,-12.4621579725357,0.));
#8116=CARTESIAN_POINT('Origin',(14.887556796053,-11.5265195373219,0.));
#8117=CARTESIAN_POINT('',(13.096672500255,-14.7830872763785,0.));
#8118=CARTESIAN_POINT('Origin',(15.7164601188539,-12.4621579725357,-1.24999999999992));
#8119=CARTESIAN_POINT('',(15.7164601188539,-12.4621579725357,0.));
#8120=CARTESIAN_POINT('Origin',(15.7164601188539,-12.4621579725357,-1.24999999999992));
#8121=CARTESIAN_POINT('',(11.5996510039176,-16.1093325928559,0.));
#8122=CARTESIAN_POINT('',(11.5996510039176,-16.1093325928559,-0.624999999999958));
#8123=CARTESIAN_POINT('',(13.096672500255,-14.7830872763785,0.));
#8124=CARTESIAN_POINT('Origin',(15.7164601188539,-12.4621579725357,0.));
#8125=CARTESIAN_POINT('Origin',(12.2677691774541,-13.8474488411647,0.));
#8126=CARTESIAN_POINT('Origin',(10.7707476811157,-15.1736941576429,0.));
#8127=CARTESIAN_POINT('Origin',(1.02904342832841,-18.8000284473875,0.));
#8128=CARTESIAN_POINT('',(0.729898847968987,-17.5863511756051,0.));
#8129=CARTESIAN_POINT('',(0.729898847968987,-17.5863511756051,-0.31249999999998));
#8130=CARTESIAN_POINT('',(1.32818800868784,-20.01370571917,0.));
#8131=CARTESIAN_POINT('Origin',(1.02904342832841,-18.8000284473875,0.));
#8132=CARTESIAN_POINT('',(1.32818800868784,-20.01370571917,-0.937499999999937));
#8133=CARTESIAN_POINT('Origin',(7.52649156995135,-15.9111415255922,0.));
#8134=CARTESIAN_POINT('',(7.52649156995135,-15.9111415255922,0.));
#8135=CARTESIAN_POINT('',(7.52649156995135,-15.9111415255922,-1.24999999999992));
#8136=CARTESIAN_POINT('',(4.12819520896017,-16.7487463505986,-2.22044604925031E-15));
#8137=CARTESIAN_POINT('Origin',(7.52649156995135,-15.9111415255922,0.));
#8138=CARTESIAN_POINT('',(2.18631157411376,-17.2273776791723,-2.22044604925031E-15));
#8139=CARTESIAN_POINT('',(2.18631157411376,-17.2273776791723,3.33066851421727E-15));
#8140=CARTESIAN_POINT('',(4.12819520896017,-16.7487463505986,-2.22044604925031E-15));
#8141=CARTESIAN_POINT('Origin',(4.4273397893196,-17.9624236223811,0.));
#8142=CARTESIAN_POINT('',(8.12478073067021,-18.3384960691571,0.));
#8143=CARTESIAN_POINT('Origin',(7.82563615031078,-17.1248187973746,0.));
#8144=CARTESIAN_POINT('',(4.72648436967902,-19.1761008941636,0.));
#8145=CARTESIAN_POINT('Origin',(8.12478073067021,-18.3384960691571,-1.24999999999992));
#8146=CARTESIAN_POINT('',(8.12478073067021,-18.3384960691571,0.));
#8147=CARTESIAN_POINT('Origin',(8.12478073067021,-18.3384960691571,-1.24999999999992));
#8148=CARTESIAN_POINT('',(2.78460073483313,-19.6547322227372,0.));
#8149=CARTESIAN_POINT('',(2.78460073483313,-19.6547322227372,-0.624999999999958));
#8150=CARTESIAN_POINT('',(4.72648436967902,-19.1761008941636,0.));
#8151=CARTESIAN_POINT('Origin',(8.12478073067021,-18.3384960691571,0.));
#8152=CARTESIAN_POINT('Origin',(4.4273397893196,-17.9624236223811,0.));
#8153=CARTESIAN_POINT('Origin',(2.48545615447241,-18.441054950955,0.));
#8154=CARTESIAN_POINT('Origin',(-7.82563615031079,-17.1248187973746,0.));
#8155=CARTESIAN_POINT('',(-7.52649156995137,-15.9111415255922,0.));
#8156=CARTESIAN_POINT('',(-7.52649156995137,-15.9111415255922,-0.31249999999998));
#8157=CARTESIAN_POINT('',(-8.12478073067022,-18.3384960691571,0.));
#8158=CARTESIAN_POINT('Origin',(-7.82563615031079,-17.1248187973746,0.));
#8159=CARTESIAN_POINT('',(-8.12478073067022,-18.3384960691571,-0.937499999999937));
#8160=CARTESIAN_POINT('Origin',(-0.729898847968999,-17.5863511756051,0.));
#8161=CARTESIAN_POINT('',(-0.729898847968999,-17.5863511756051,0.));
#8162=CARTESIAN_POINT('',(-0.729898847969,-17.5863511756051,-1.24999999999992));
#8163=CARTESIAN_POINT('',(-4.12819520896018,-16.7487463505986,-2.22044604925031E-15));
#8164=CARTESIAN_POINT('Origin',(-0.729898847968999,-17.5863511756051,0.));
#8165=CARTESIAN_POINT('',(-4.12819520896018,-16.7487463505986,-2.22044604925031E-15));
#8166=CARTESIAN_POINT('Origin',(-4.42733978931961,-17.9624236223811,0.));
#8167=CARTESIAN_POINT('',(-1.32818800868785,-20.01370571917,0.));
#8168=CARTESIAN_POINT('Origin',(-1.02904342832843,-18.8000284473875,0.));
#8169=CARTESIAN_POINT('',(-4.72648436967904,-19.1761008941636,0.));
#8170=CARTESIAN_POINT('Origin',(-1.32818800868785,-20.01370571917,-1.24999999999992));
#8171=CARTESIAN_POINT('',(-1.32818800868785,-20.01370571917,0.));
#8172=CARTESIAN_POINT('Origin',(-1.32818800868785,-20.01370571917,-1.24999999999992));
#8173=CARTESIAN_POINT('',(-4.72648436967904,-19.1761008941636,0.));
#8174=CARTESIAN_POINT('Origin',(-1.32818800868785,-20.01370571917,0.));
#8175=CARTESIAN_POINT('Origin',(-4.42733978931961,-17.9624236223811,0.));
#8176=CARTESIAN_POINT('Origin',(-14.887556796053,-11.5265195373219,0.));
#8177=CARTESIAN_POINT('',(-14.058653473252,-10.5908811021081,0.));
#8178=CARTESIAN_POINT('',(-14.058653473252,-10.5908811021081,-0.31249999999998));
#8179=CARTESIAN_POINT('',(-15.7164601188539,-12.4621579725357,0.));
#8180=CARTESIAN_POINT('Origin',(-14.887556796053,-11.5265195373219,0.));
#8181=CARTESIAN_POINT('',(-15.7164601188539,-12.4621579725357,-0.937499999999937));
#8182=CARTESIAN_POINT('Origin',(-8.81907823605433,-15.2327397097937,0.));
#8183=CARTESIAN_POINT('',(-8.81907823605433,-15.2327397097937,0.));
#8184=CARTESIAN_POINT('',(-8.81907823605433,-15.2327397097937,-1.24999999999992));
#8185=CARTESIAN_POINT('',(-11.4388658546532,-12.9118104059509,-2.22044604925031E-15));
#8186=CARTESIAN_POINT('Origin',(-8.81907823605433,-15.2327397097937,0.));
#8187=CARTESIAN_POINT('',(-11.4388658546532,-12.9118104059509,-2.22044604925031E-15));
#8188=CARTESIAN_POINT('Origin',(-12.2677691774541,-13.8474488411647,0.));
#8189=CARTESIAN_POINT('',(-10.4768848816562,-17.1040165802213,0.));
#8190=CARTESIAN_POINT('Origin',(-9.64798155885527,-16.1683781450075,0.));
#8191=CARTESIAN_POINT('',(-13.0966725002551,-14.7830872763785,0.));
#8192=CARTESIAN_POINT('Origin',(-10.4768848816562,-17.1040165802213,-1.24999999999992));
#8193=CARTESIAN_POINT('',(-10.4768848816562,-17.1040165802213,0.));
#8194=CARTESIAN_POINT('Origin',(-10.4768848816562,-17.1040165802213,-1.24999999999992));
#8195=CARTESIAN_POINT('',(-13.0966725002551,-14.7830872763785,0.));
#8196=CARTESIAN_POINT('Origin',(-10.4768848816562,-17.1040165802213,0.));
#8197=CARTESIAN_POINT('Origin',(-12.2677691774541,-13.8474488411647,0.));
#8198=CARTESIAN_POINT('Origin',(-18.5389175943282,-3.28763356088763,0.));
#8199=CARTESIAN_POINT('',(-17.3701472909715,-2.84437745208449,0.));
#8200=CARTESIAN_POINT('',(-17.3701472909715,-2.84437745208449,-0.31249999999998));
#8201=CARTESIAN_POINT('',(-19.7076878976849,-3.73088966969077,0.));
#8202=CARTESIAN_POINT('Origin',(-18.5389175943282,-3.28763356088763,0.));
#8203=CARTESIAN_POINT('',(-19.7076878976849,-3.73088966969077,-0.937499999999937));
#8204=CARTESIAN_POINT('Origin',(-14.8879130816738,-9.3894911508824,0.));
#8205=CARTESIAN_POINT('',(-14.8879130816738,-9.3894911508824,0.));
#8206=CARTESIAN_POINT('',(-14.8879130816738,-9.3894911508824,-1.24999999999992));
#8207=CARTESIAN_POINT('',(-16.1290301863226,-6.11693430148345,-2.22044604925031E-15));
#8208=CARTESIAN_POINT('Origin',(-14.8879130816738,-9.3894911508824,0.));
#8209=CARTESIAN_POINT('',(-16.1290301863226,-6.11693430148345,-2.22044604925031E-15));
#8210=CARTESIAN_POINT('Origin',(-17.2978004896793,-6.56019041028659,0.));
#8211=CARTESIAN_POINT('',(-17.2254536883871,-10.2760033684887,0.));
#8212=CARTESIAN_POINT('Origin',(-16.0566833850305,-9.83274725968554,0.));
#8213=CARTESIAN_POINT('',(-18.466570793036,-7.00344651908973,0.));
#8214=CARTESIAN_POINT('Origin',(-17.2254536883871,-10.2760033684887,-1.24999999999992));
#8215=CARTESIAN_POINT('',(-17.2254536883871,-10.2760033684887,0.));
#8216=CARTESIAN_POINT('Origin',(-17.2254536883871,-10.2760033684887,-1.24999999999992));
#8217=CARTESIAN_POINT('',(-18.466570793036,-7.00344651908973,0.));
#8218=CARTESIAN_POINT('Origin',(-17.2254536883871,-10.2760033684887,0.));
#8219=CARTESIAN_POINT('Origin',(-17.2978004896793,-6.56019041028659,0.));
#8220=CARTESIAN_POINT('Origin',(-17.9432357899195,5.70440964406656,0.));
#8221=CARTESIAN_POINT('',(-16.702349697297,5.55373879374742,0.));
#8222=CARTESIAN_POINT('',(-16.702349697297,5.55373879374742,-0.31249999999998));
#8223=CARTESIAN_POINT('',(-19.184121882542,5.8550804943857,0.));
#8224=CARTESIAN_POINT('Origin',(-17.9432357899195,5.70440964406656,0.));
#8225=CARTESIAN_POINT('',(-19.184121882542,5.8550804943857,-0.937499999999937));
#8226=CARTESIAN_POINT('Origin',(-17.5461064590843,-1.39522332493896,0.));
#8227=CARTESIAN_POINT('',(-17.5461064590843,-1.39522332493896,0.));
#8228=CARTESIAN_POINT('',(-17.5461064590843,-1.39522332493896,-1.24999999999992));
#8229=CARTESIAN_POINT('',(-17.1242280781906,2.07925773440423,-2.22044604925031E-15));
#8230=CARTESIAN_POINT('Origin',(-17.5461064590843,-1.39522332493896,0.));
#8231=CARTESIAN_POINT('',(-17.1242280781906,2.07925773440423,-2.22044604925031E-15));
#8232=CARTESIAN_POINT('Origin',(-18.3651141708131,2.22992858472337,0.));
#8233=CARTESIAN_POINT('',(-20.0278786443292,-1.09388162430067,0.));
#8234=CARTESIAN_POINT('Origin',(-18.7869925517067,-1.24455247461982,0.));
#8235=CARTESIAN_POINT('',(-19.6060002634356,2.38059943504252,0.));
#8236=CARTESIAN_POINT('Origin',(-20.0278786443292,-1.09388162430067,-1.24999999999992));
#8237=CARTESIAN_POINT('',(-20.0278786443292,-1.09388162430067,0.));
#8238=CARTESIAN_POINT('Origin',(-20.0278786443292,-1.09388162430067,-1.24999999999992));
#8239=CARTESIAN_POINT('',(-19.6060002634356,2.38059943504252,0.));
#8240=CARTESIAN_POINT('Origin',(-20.0278786443292,-1.09388162430067,0.));
#8241=CARTESIAN_POINT('Origin',(-18.3651141708131,2.22992858472337,0.));
#8242=CARTESIAN_POINT('Origin',(-5.49828259302306,18.0074675767368,0.));
#8243=CARTESIAN_POINT('',(-4.91737862796839,16.9006475446703,0.));
#8244=CARTESIAN_POINT('',(-4.91737862796839,16.9006475446703,-0.31249999999998));
#8245=CARTESIAN_POINT('',(-6.07918655807773,19.1142876088032,0.));
#8246=CARTESIAN_POINT('Origin',(-5.49828259302306,18.0074675767368,0.));
#8247=CARTESIAN_POINT('',(-6.07918655807773,19.1142876088032,-0.937499999999937));
#8248=CARTESIAN_POINT('Origin',(-11.1155708075409,13.647585340364,0.));
#8249=CARTESIAN_POINT('',(-11.1155708075409,13.647585340364,0.));
#8250=CARTESIAN_POINT('',(-11.1155708075409,13.647585340364,-1.24999999999992));
#8251=CARTESIAN_POINT('',(-8.01647471775463,15.2741164425171,-2.22044604925031E-15));
#8252=CARTESIAN_POINT('Origin',(-11.1155708075409,13.647585340364,0.));
#8253=CARTESIAN_POINT('',(-8.01647471775463,15.2741164425171,-2.22044604925031E-15));
#8254=CARTESIAN_POINT('Origin',(-8.5973786828093,16.3809364745836,0.));
#8255=CARTESIAN_POINT('',(-12.2773787376502,15.8612254044968,0.));
#8256=CARTESIAN_POINT('Origin',(-11.6964747725955,14.7544053724304,0.));
#8257=CARTESIAN_POINT('',(-9.17828264786397,17.48775650665,0.));
#8258=CARTESIAN_POINT('Origin',(-12.2773787376502,15.8612254044968,-1.24999999999992));
#8259=CARTESIAN_POINT('',(-12.2773787376502,15.8612254044968,0.));
#8260=CARTESIAN_POINT('Origin',(-12.2773787376502,15.8612254044968,-1.24999999999992));
#8261=CARTESIAN_POINT('',(-9.17828264786397,17.48775650665,0.));
#8262=CARTESIAN_POINT('Origin',(-12.2773787376502,15.8612254044968,0.));
#8263=CARTESIAN_POINT('Origin',(-8.5973786828093,16.3809364745836,0.));
#8264=CARTESIAN_POINT('Origin',(-13.2369749054729,13.3896413451537,0.));
#8265=CARTESIAN_POINT('',(-12.2082450731059,12.6795604117398,0.));
#8266=CARTESIAN_POINT('',(-12.2082450731059,12.6795604117398,-0.31249999999998));
#8267=CARTESIAN_POINT('',(-14.2657047378399,14.0997222785676,0.));
#8268=CARTESIAN_POINT('Origin',(-13.2369749054729,13.3896413451537,0.));
#8269=CARTESIAN_POINT('',(-14.2657047378399,14.0997222785676,-0.937499999999937));
#8270=CARTESIAN_POINT('Origin',(-16.1846983002239,6.91867335048418,0.));
#8271=CARTESIAN_POINT('',(-16.1846983002239,6.91867335048418,0.));
#8272=CARTESIAN_POINT('',(-16.1846983002239,6.91867335048418,-1.24999999999992));
#8273=CARTESIAN_POINT('',(-14.1964716866649,9.79911688111198,-2.22044604925031E-15));
#8274=CARTESIAN_POINT('Origin',(-16.1846983002239,6.91867335048418,0.));
#8275=CARTESIAN_POINT('',(-14.1964716866649,9.79911688111198,-2.22044604925031E-15));
#8276=CARTESIAN_POINT('Origin',(-15.2252015190319,10.5091978145259,0.));
#8277=CARTESIAN_POINT('',(-18.2421579649579,8.33883521731197,0.));
#8278=CARTESIAN_POINT('Origin',(-17.2134281325909,7.62875428389807,0.));
#8279=CARTESIAN_POINT('',(-16.2539313513989,11.2192787479398,0.));
#8280=CARTESIAN_POINT('Origin',(-18.2421579649579,8.33883521731197,-1.24999999999992));
#8281=CARTESIAN_POINT('',(-18.2421579649579,8.33883521731197,0.));
#8282=CARTESIAN_POINT('Origin',(-18.2421579649579,8.33883521731197,-1.24999999999992));
#8283=CARTESIAN_POINT('',(-16.2539313513989,11.2192787479398,0.));
#8284=CARTESIAN_POINT('Origin',(-18.2421579649579,8.33883521731197,0.));
#8285=CARTESIAN_POINT('Origin',(-15.2252015190319,10.5091978145259,0.));
#8286=CARTESIAN_POINT('Origin',(3.5,18.4999999999991,0.));
#8287=CARTESIAN_POINT('',(3.5,17.2499999999992,0.));
#8288=CARTESIAN_POINT('',(3.5,17.2499999999992,-0.31249999999998));
#8289=CARTESIAN_POINT('',(3.5,19.749999999999,0.));
#8290=CARTESIAN_POINT('Origin',(3.5,18.4999999999991,0.));
#8291=CARTESIAN_POINT('',(3.5,19.749999999999,-0.937499999999937));
#8292=CARTESIAN_POINT('Origin',(-3.5,17.2499999999992,0.));
#8293=CARTESIAN_POINT('',(-3.5,17.2499999999992,0.));
#8294=CARTESIAN_POINT('',(-3.5,17.2499999999992,-1.24999999999992));
#8295=CARTESIAN_POINT('',(0.,17.2499999999992,-2.22044604925031E-15));
#8296=CARTESIAN_POINT('Origin',(-3.5,17.2499999999992,0.));
#8297=CARTESIAN_POINT('',(0.,17.2499999999992,-2.22044604925031E-15));
#8298=CARTESIAN_POINT('Origin',(0.,18.4999999999991,0.));
#8299=CARTESIAN_POINT('',(-3.5,19.749999999999,0.));
#8300=CARTESIAN_POINT('Origin',(-3.5,18.4999999999991,0.));
#8301=CARTESIAN_POINT('',(0.,19.749999999999,0.));
#8302=CARTESIAN_POINT('Origin',(-3.5,19.749999999999,-1.24999999999992));
#8303=CARTESIAN_POINT('',(-3.5,19.749999999999,0.));
#8304=CARTESIAN_POINT('Origin',(-3.5,19.749999999999,-1.24999999999992));
#8305=CARTESIAN_POINT('',(0.,19.749999999999,0.));
#8306=CARTESIAN_POINT('Origin',(-3.5,19.749999999999,0.));
#8307=CARTESIAN_POINT('Origin',(0.,18.4999999999991,0.));
#8308=CARTESIAN_POINT('Origin',(6.27376282258805,11.953656346318,0.));
#8309=CARTESIAN_POINT('Origin',(11.1102821895617,7.66887408087167,0.));
#8310=CARTESIAN_POINT('Origin',(13.4015698003219,1.62724518344903,0.));
#8311=CARTESIAN_POINT('Origin',(12.6227192762525,-4.78716597507145,0.));
#8312=CARTESIAN_POINT('',(11.9135100913299,-6.65719868390909,0.));
#8313=CARTESIAN_POINT('Origin',(11.9135100913398,-6.65719868388303,0.));
#8314=CARTESIAN_POINT('Origin',(-3.23076146787935,-13.1077145352508,0.));
#8315=CARTESIAN_POINT('Origin',(0.,0.,0.));
#8316=CARTESIAN_POINT('',(3.18109285565268,-21.2633639916995,0.));
#8317=CARTESIAN_POINT('Origin',(8.95215588625148,-10.1048951003071,0.));
#8318=CARTESIAN_POINT('',(7.45513480773657,-11.4311408884562,0.));
#8319=CARTESIAN_POINT('Origin',(7.45513480775743,-11.4311408884377,0.));
#8320=CARTESIAN_POINT('',(12.6982957997439,-17.3494462096631,0.));
#8321=CARTESIAN_POINT('Origin',(0.,0.,0.));
#8322=CARTESIAN_POINT('Origin',(3.23076146788396,-13.1077145352496,0.));
#8323=CARTESIAN_POINT('',(1.28887798380474,-13.5863464756396,0.));
#8324=CARTESIAN_POINT('Origin',(1.2888779838318,-13.5863464756329,0.));
#8325=CARTESIAN_POINT('Origin',(-8.95215588624792,-10.1048951003103,0.));
#8326=CARTESIAN_POINT('Origin',(-12.6227192762508,-4.7871659750759,0.));
#8327=CARTESIAN_POINT('Origin',(-11.1102821895644,7.66887408086775,0.));
#8328=CARTESIAN_POINT('Origin',(-6.27376282259225,11.9536563463158,0.));
#8329=CARTESIAN_POINT('Origin',(-13.4015698003225,1.62724518344431,0.));
#8330=CARTESIAN_POINT('Origin',(-2.38142838782349E-12,13.4999999999984,
0.));
#8331=CARTESIAN_POINT('',(0.,0.,0.));
#8332=CARTESIAN_POINT('Origin',(0.,0.,-3.5));
#8333=CARTESIAN_POINT('',(-12.6982957997457,-17.3494462096618,-2.));
#8334=CARTESIAN_POINT('',(-10.6988480483766,-15.0925362493374,-5.));
#8335=CARTESIAN_POINT('Ctrl Pts',(-12.6982957997457,-17.3494462096618,-2.));
#8336=CARTESIAN_POINT('Ctrl Pts',(-11.6235926334995,-16.1363571061169,-3.61364292332117));
#8337=CARTESIAN_POINT('Ctrl Pts',(-10.6988480483766,-15.0925362493375,-5.));
#8338=CARTESIAN_POINT('',(-6.34327542170087,-17.3785171094735,-5.));
#8339=CARTESIAN_POINT('Origin',(0.,0.,-5.));
#8340=CARTESIAN_POINT('',(-7.06486012534381,-20.3061013345525,-2.));
#8341=CARTESIAN_POINT('Ctrl Pts',(-6.34327542170086,-17.3785171094735,-5.));
#8342=CARTESIAN_POINT('Ctrl Pts',(-6.67700834708461,-18.7325248133651,-3.61364292370597));
#8343=CARTESIAN_POINT('Ctrl Pts',(-7.06486012534381,-20.3061013345525,-2.));
#8344=CARTESIAN_POINT('Origin',(0.,0.,-2.));
#8345=CARTESIAN_POINT('Origin',(0.,0.,-5.));
#8346=CARTESIAN_POINT('',(-7.45514050660582,-11.4311473211251,-5.));
#8347=CARTESIAN_POINT('',(-6.29466726066547,-10.1212438111887,-5.));
#8348=CARTESIAN_POINT('',(-10.4491778004551,-8.77865025546278,-5.));
#8349=CARTESIAN_POINT('Origin',(-8.95215588624792,-10.1048951003103,-5.));
#8350=CARTESIAN_POINT('',(-13.6928910410544,-12.4400456163806,-5.));
#8351=CARTESIAN_POINT('',(-5.97309964838755,-3.72620246950072,-5.));
#8352=CARTESIAN_POINT('',(-16.4872107919608,-8.39177456210947,-5.));
#8353=CARTESIAN_POINT('Origin',(0.,0.,-5.));
#8354=CARTESIAN_POINT('',(-11.9135181268383,-6.65720173135789,-5.));
#8355=CARTESIAN_POINT('',(-10.2772275844022,-6.03663858338576,-5.));
#8356=CARTESIAN_POINT('',(-13.3319296395162,-2.91713371312478,-5.));
#8357=CARTESIAN_POINT('Origin',(-12.6227192762508,-4.7871659750759,-5.));
#8358=CARTESIAN_POINT('',(-17.905630340128,-4.65170959137652,-5.));
#8359=CARTESIAN_POINT('',(-7.02056970679553,-0.523550613891105,-5.));
#8360=CARTESIAN_POINT('',(-18.4985522355361,0.231441545451143,-5.));
#8361=CARTESIAN_POINT('Origin',(0.,0.,-5.));
#8362=CARTESIAN_POINT('',(-13.6426523176696,-0.358171452914593,-5.));
#8363=CARTESIAN_POINT('',(-11.9053989225711,-0.569112205510479,-5.));
#8364=CARTESIAN_POINT('',(-13.1604970653334,3.61266300761787,-5.));
#8365=CARTESIAN_POINT('Origin',(-13.4015698003225,1.62724518344431,-5.));
#8366=CARTESIAN_POINT('',(-18.0164055145162,4.20227704183425,-5.));
#8367=CARTESIAN_POINT('',(-6.45971185241342,2.79904037789209,-5.));
#8368=CARTESIAN_POINT('',(-16.2720982936713,8.80163718412187,-5.));
#8369=CARTESIAN_POINT('Origin',(0.,0.,-5.));
#8370=CARTESIAN_POINT('',(-12.2464192743063,6.02291158895751,-5.));
#8371=CARTESIAN_POINT('',(-10.8061868431895,5.02879092010168,-5.));
#8372=CARTESIAN_POINT('',(-9.97415321466553,9.31484217062416,-5.));
#8373=CARTESIAN_POINT('Origin',(-11.1102821895644,7.66887408086775,-5.));
#8374=CARTESIAN_POINT('',(-13.9998393067522,12.0935726476891,-5.));
#8375=CARTESIAN_POINT('',(-4.41901186061032,5.48040495119348,-5.));
#8376=CARTESIAN_POINT('',(-10.3179027327691,15.355483815137,-5.));
#8377=CARTESIAN_POINT('Origin',(0.,0.,-5.));
#8378=CARTESIAN_POINT('',(-8.04467916055061,11.0242181697525,-5.));
#8379=CARTESIAN_POINT('',(-7.23140758670203,9.47465864941885,-5.));
#8380=CARTESIAN_POINT('',(-4.50285106409441,12.8831032483577,-5.));
#8381=CARTESIAN_POINT('Origin',(-6.27376282259225,11.9536563463158,-5.));
#8382=CARTESIAN_POINT('',(-6.77607863016454,17.2143765033081,-5.));
#8383=CARTESIAN_POINT('',(-1.3659695064074,6.90627479621582,-5.));
#8384=CARTESIAN_POINT('',(-1.99999999999689,18.3915741577449,-5.));
#8385=CARTESIAN_POINT('Origin',(0.,0.,-5.));
#8386=CARTESIAN_POINT('',(-2.0000000000064,13.5000092240885,-5.));
#8387=CARTESIAN_POINT('',(-2.00000000000979,11.7499962641688,-5.));
#8388=CARTESIAN_POINT('',(2.00000000002281,13.5000006301174,-5.));
#8389=CARTESIAN_POINT('Origin',(-2.38142838782349E-12,13.4999999999984,
-5.));
#8390=CARTESIAN_POINT('',(1.9999999999939,18.3915741577452,-5.));
#8391=CARTESIAN_POINT('',(1.99999999999637,6.7500003150589,-5.));
#8392=CARTESIAN_POINT('',(6.77607863016174,17.2143765033092,-5.));
#8393=CARTESIAN_POINT('Origin',(0.,0.,-5.));
#8394=CARTESIAN_POINT('',(4.50285505792645,12.8831108579336,-5.));
#8395=CARTESIAN_POINT('',(3.68958348407185,11.333551337603,-5.));
#8396=CARTESIAN_POINT('',(8.04467516674764,11.0242105601614,-5.));
#8397=CARTESIAN_POINT('Origin',(6.27376282258805,11.953656346318,-5.));
#8398=CARTESIAN_POINT('',(10.3179027327666,15.3554838151387,-5.));
#8399=CARTESIAN_POINT('',(4.90779360901382,5.04738210804412,-5.));
#8400=CARTESIAN_POINT('',(13.9998393067502,12.0935726476914,-5.));
#8401=CARTESIAN_POINT('Origin',(0.,0.,-5.));
#8402=CARTESIAN_POINT('',(9.97416028737441,9.31484705254266,-5.));
#8403=CARTESIAN_POINT('',(8.53392785625375,8.32072638369243,-5.));
#8404=CARTESIAN_POINT('',(12.2464122016161,6.02290670701199,-5.));
#8405=CARTESIAN_POINT('Origin',(11.1102821895617,7.66887408087167,-5.));
#8406=CARTESIAN_POINT('',(16.2720982936699,8.80163718412452,-5.));
#8407=CARTESIAN_POINT('',(6.69127084753082,2.18846948762483,-5.));
#8408=CARTESIAN_POINT('',(18.0164055145155,4.20227704183718,-5.));
#8409=CARTESIAN_POINT('Origin',(0.,0.,-5.));
#8410=CARTESIAN_POINT('',(13.1605055966468,3.61266404349031,-5.));
#8411=CARTESIAN_POINT('',(11.4232522015475,3.40172329090117,-5.));
#8412=CARTESIAN_POINT('',(13.6426437863602,-0.358172488819641,-5.));
#8413=CARTESIAN_POINT('Origin',(13.4015698003219,1.62724518344903,-5.));
#8414=CARTESIAN_POINT('',(18.498552235536,0.231441545454145,-5.));
#8415=CARTESIAN_POINT('',(6.94185857343384,-1.17179511849292,-5.));
#8416=CARTESIAN_POINT('',(17.9056303401288,-4.65170959137362,-5.));
#8417=CARTESIAN_POINT('Origin',(0.,0.,-5.));
#8418=CARTESIAN_POINT('',(13.331937675013,-2.91713676060427,-5.));
#8419=CARTESIAN_POINT('',(11.6956471325793,-2.29657361262579,-5.));
#8420=CARTESIAN_POINT('',(11.9135100913299,-6.65719868390909,-5.));
#8421=CARTESIAN_POINT('Origin',(12.6227192762525,-4.78716597507145,-5.));
#8422=CARTESIAN_POINT('',(16.4872107919622,-8.39177456210679,-5.));
#8423=CARTESIAN_POINT('',(5.60215015862795,-4.26361558462598,-5.));
#8424=CARTESIAN_POINT('',(13.6928910410564,-12.4400456163784,-5.));
#8425=CARTESIAN_POINT('Origin',(0.,0.,-5.));
#8426=CARTESIAN_POINT('',(10.4491834992998,-8.7786566881534,-5.));
#8427=CARTESIAN_POINT('',(9.28871025336453,-7.46875317821252,-5.));
#8428=CARTESIAN_POINT('',(7.45513480773657,-11.4311408884562,-5.));
#8429=CARTESIAN_POINT('Origin',(8.95215588625148,-10.1048951003071,-5.));
#8430=CARTESIAN_POINT('',(10.6988480483791,-15.0925362493357,-5.));
#8431=CARTESIAN_POINT('',(2.97905665570858,-6.37869310245909,-5.));
#8432=CARTESIAN_POINT('',(6.34327542170369,-17.3785171094725,-5.));
#8433=CARTESIAN_POINT('Origin',(0.,0.,-5.));
#8434=CARTESIAN_POINT('',(5.1726473102092,-12.6290921627283,-5.));
#8435=CARTESIAN_POINT('',(4.75384179619748,-10.9299313989039,-5.));
#8436=CARTESIAN_POINT('',(1.28887798380474,-13.5863464756396,-5.));
#8437=CARTESIAN_POINT('Origin',(3.23076146788396,-13.1077145352496,-5.));
#8438=CARTESIAN_POINT('',(2.4595081520085,-18.3357797666208,-5.));
#8439=CARTESIAN_POINT('',(-0.326502825509036,-7.03248890210396,-5.));
#8440=CARTESIAN_POINT('',(-2.45950815200551,-18.3357797666212,-5.));
#8441=CARTESIAN_POINT('Origin',(0.,0.,-5.));
#8442=CARTESIAN_POINT('',(-1.28888004049258,-13.5863548198816,-5.));
#8443=CARTESIAN_POINT('',(-0.870074526474259,-11.8871940560588,-5.));
#8444=CARTESIAN_POINT('',(-5.17264525355324,-12.6290838184784,-5.));
#8445=CARTESIAN_POINT('Origin',(-3.23076146787935,-13.1077145352508,-5.));
#8446=CARTESIAN_POINT('',(-3.55726444418813,-6.07522624495547,-5.));
#8447=CARTESIAN_POINT('',(6.44012806053456,-4.49012806053464,-5.));
#8448=CARTESIAN_POINT('Origin',(4.49012806053456,-4.49012806053464,-5.));
#8449=CARTESIAN_POINT('',(-2.5401280605346,4.49012806053449,-5.));
#8450=CARTESIAN_POINT('Origin',(-4.4901280605346,4.49012806053449,-5.));
#8451=CARTESIAN_POINT('',(6.44012806053459,4.4901280605345,-5.));
#8452=CARTESIAN_POINT('Origin',(4.49012806053459,4.4901280605345,-5.));
#8453=CARTESIAN_POINT('',(2.69999999999999,-5.78702496476545E-14,-5.));
#8454=CARTESIAN_POINT('Origin',(-4.44089209850063E-15,-5.75395949974565E-14,
-5.));
#8455=CARTESIAN_POINT('',(-2.5401280605346,-4.49012806053461,-5.));
#8456=CARTESIAN_POINT('Origin',(-4.4901280605346,-4.49012806053461,-5.));
#8457=CARTESIAN_POINT('Origin',(-14.086356017695,-18.9162423058713,0.));
#8458=CARTESIAN_POINT('',(-12.6982957997457,-17.3494462096618,-1.));
#8459=CARTESIAN_POINT('',(-12.6982957997457,-17.3494462096618,-1.));
#8460=CARTESIAN_POINT('',(-7.45514050660582,-11.4311473211251,-1.));
#8461=CARTESIAN_POINT('',(-6.29466726066547,-10.1212438111887,-1.));
#8462=CARTESIAN_POINT('',(-7.45514050660582,-11.4311473211251,0.));
#8463=CARTESIAN_POINT('Origin',(0.,0.,-3.5));
#8464=CARTESIAN_POINT('',(-19.3064722071684,-9.46097938448342,-2.));
#8465=CARTESIAN_POINT('Ctrl Pts',(-19.3064722071684,-9.46097938448342,-2.));
#8466=CARTESIAN_POINT('Ctrl Pts',(-17.791119196311,-8.88628179238789,-3.61364292368857));
#8467=CARTESIAN_POINT('Ctrl Pts',(-16.4872107919608,-8.39177456210948,-5.));
#8468=CARTESIAN_POINT('',(-15.6923387924182,-14.6969555767089,-2.));
#8469=CARTESIAN_POINT('Ctrl Pts',(-13.6928910410544,-12.4400456163806,-5.));
#8470=CARTESIAN_POINT('Ctrl Pts',(-14.6176356259145,-13.483866472868,-3.61364292371202));
#8471=CARTESIAN_POINT('Ctrl Pts',(-15.6923387924182,-14.6969555767089,-2.));
#8472=CARTESIAN_POINT('Origin',(0.,0.,-2.));
#8473=CARTESIAN_POINT('Origin',(-10.4491778004343,-8.77865025548126,0.));
#8474=CARTESIAN_POINT('',(-10.4491778004551,-8.77865025546278,-1.));
#8475=CARTESIAN_POINT('',(-10.4491778004551,-8.77865025546278,0.));
#8476=CARTESIAN_POINT('',(-15.6923387924182,-14.6969555767089,-1.));
#8477=CARTESIAN_POINT('',(-5.97309964838755,-3.72620246950072,-1.));
#8478=CARTESIAN_POINT('',(-15.6923387924182,-14.6969555767089,-1.));
#8479=CARTESIAN_POINT('Origin',(0.,0.,-3.5));
#8480=CARTESIAN_POINT('',(-21.4917685001414,0.594883800518543,-2.));
#8481=CARTESIAN_POINT('Ctrl Pts',(-21.4917685001414,0.594883800518543,-2.));
#8482=CARTESIAN_POINT('Ctrl Pts',(-19.8829147576422,0.399533588386575,-3.61364292376794));
#8483=CARTESIAN_POINT('Ctrl Pts',(-18.4985522355361,0.231441545451126,-5.));
#8484=CARTESIAN_POINT('',(-20.7248917553328,-5.72091441375636,-2.));
#8485=CARTESIAN_POINT('Ctrl Pts',(-17.905630340128,-4.65170959137654,-5.));
#8486=CARTESIAN_POINT('Ctrl Pts',(-19.2095387445425,-5.14621682168256,-3.61364292361863));
#8487=CARTESIAN_POINT('Ctrl Pts',(-20.7248917553328,-5.72091441375636,-2.));
#8488=CARTESIAN_POINT('Origin',(0.,0.,-2.));
#8489=CARTESIAN_POINT('Origin',(-23.5697244846238,0.847193337207044,0.));
#8490=CARTESIAN_POINT('',(-21.4917685001414,0.594883800518523,-1.));
#8491=CARTESIAN_POINT('',(-21.4917685001414,0.594883800518523,-1.));
#8492=CARTESIAN_POINT('',(-13.6426523176696,-0.358171452914593,-1.));
#8493=CARTESIAN_POINT('',(-11.9053989225711,-0.569112205510479,-1.));
#8494=CARTESIAN_POINT('',(-13.6426523176696,-0.358171452914593,0.));
#8495=CARTESIAN_POINT('Origin',(0.,0.,-1.));
#8496=CARTESIAN_POINT('',(-19.3064722071684,-9.46097938448343,-1.));
#8497=CARTESIAN_POINT('Origin',(0.,0.,-1.));
#8498=CARTESIAN_POINT('',(-19.3064722071684,-9.46097938448343,-1.));
#8499=CARTESIAN_POINT('Origin',(0.,0.,-3.5));
#8500=CARTESIAN_POINT('',(-18.7535596336196,10.5144662759487,-2.));
#8501=CARTESIAN_POINT('Ctrl Pts',(-18.7535596336196,10.5144662759487,-2.));
#8502=CARTESIAN_POINT('Ctrl Pts',(-17.4197741634631,9.59382063913713,-3.6136429234138));
#8503=CARTESIAN_POINT('Ctrl Pts',(-16.2720982936713,8.80163718412186,-5.));
#8504=CARTESIAN_POINT('',(-21.0096217791218,4.56571929689514,-2.));
#8505=CARTESIAN_POINT('Ctrl Pts',(-18.0164055145162,4.20227704183424,-5.));
#8506=CARTESIAN_POINT('Ctrl Pts',(-19.400768036996,4.37036908481202,-3.61364292339326));
#8507=CARTESIAN_POINT('Ctrl Pts',(-21.0096217791217,4.56571929689514,-2.));
#8508=CARTESIAN_POINT('Origin',(0.,0.,-2.));
#8509=CARTESIAN_POINT('Origin',(-20.476244192895,11.7035495720153,0.));
#8510=CARTESIAN_POINT('',(-18.7535596336196,10.5144662759486,-1.));
#8511=CARTESIAN_POINT('',(-18.7535596336196,10.5144662759486,-1.));
#8512=CARTESIAN_POINT('',(-12.2464192743063,6.02291158895751,-1.));
#8513=CARTESIAN_POINT('',(-10.8061868431895,5.02879092010168,-1.));
#8514=CARTESIAN_POINT('',(-12.2464192743063,6.02291158895751,0.));
#8515=CARTESIAN_POINT('Origin',(0.,0.,-3.5));
#8516=CARTESIAN_POINT('',(-11.7191362599292,18.0253112406139,-2.));
#8517=CARTESIAN_POINT('Ctrl Pts',(-11.7191362599292,18.0253112406139,-2.));
#8518=CARTESIAN_POINT('Ctrl Pts',(-10.965973238912,16.5902789990988,-3.61364292385464));
#8519=CARTESIAN_POINT('Ctrl Pts',(-10.3179027327691,15.355483815137,-5.));
#8520=CARTESIAN_POINT('',(-16.4813006467037,13.8064017395102,-2.));
#8521=CARTESIAN_POINT('Ctrl Pts',(-13.9998393067522,12.0935726476891,-5.));
#8522=CARTESIAN_POINT('Ctrl Pts',(-15.1475151766,12.8857561027394,-3.61364292334778));
#8523=CARTESIAN_POINT('Ctrl Pts',(-16.4813006467037,13.8064017395102,-2.));
#8524=CARTESIAN_POINT('Origin',(0.,0.,-2.));
#8525=CARTESIAN_POINT('Origin',(-12.691903122067,19.8787636429369,0.));
#8526=CARTESIAN_POINT('',(-11.7191362599292,18.0253112406139,-1.));
#8527=CARTESIAN_POINT('',(-11.7191362599292,18.0253112406139,-1.));
#8528=CARTESIAN_POINT('',(-8.04467916055061,11.0242181697525,-1.));
#8529=CARTESIAN_POINT('',(-7.23140758670203,9.47465864941885,-1.));
#8530=CARTESIAN_POINT('',(-8.04467916055061,11.0242181697525,0.));
#8531=CARTESIAN_POINT('Origin',(0.,0.,-3.5));
#8532=CARTESIAN_POINT('',(-1.99999999999104,21.4067746286035,-2.));
#8533=CARTESIAN_POINT('Ctrl Pts',(-1.99999999999104,21.4067746286035,-2.));
#8534=CARTESIAN_POINT('Ctrl Pts',(-1.99999999999418,19.7861043754277,-3.61364292358223));
#8535=CARTESIAN_POINT('Ctrl Pts',(-1.9999999999969,18.3915741577449,-5.));
#8536=CARTESIAN_POINT('',(-8.17731215733014,19.8842039287815,-2.));
#8537=CARTESIAN_POINT('Ctrl Pts',(-6.77607863016455,17.2143765033081,-5.));
#8538=CARTESIAN_POINT('Ctrl Pts',(-7.42414913644066,18.4491716875172,-3.61364292357464));
#8539=CARTESIAN_POINT('Ctrl Pts',(-8.17731215733014,19.8842039287815,-2.));
#8540=CARTESIAN_POINT('Origin',(0.,0.,-2.));
#8541=CARTESIAN_POINT('Origin',(-1.99999999998699,23.4999925283336,0.));
#8542=CARTESIAN_POINT('',(-1.99999999999105,21.4067746286035,-1.));
#8543=CARTESIAN_POINT('',(-1.99999999999105,21.4067746286035,-1.));
#8544=CARTESIAN_POINT('',(-2.0000000000064,13.5000092240885,-1.));
#8545=CARTESIAN_POINT('',(-2.00000000000979,11.7499962641688,-1.));
#8546=CARTESIAN_POINT('',(-2.0000000000064,13.5000092240885,0.));
#8547=CARTESIAN_POINT('Origin',(0.,0.,-3.5));
#8548=CARTESIAN_POINT('',(8.17731215733221,19.8842039287806,-2.));
#8549=CARTESIAN_POINT('Ctrl Pts',(8.17731215733221,19.8842039287806,-2.));
#8550=CARTESIAN_POINT('Ctrl Pts',(7.42414913632196,18.4491716872922,-3.61364292382786));
#8551=CARTESIAN_POINT('Ctrl Pts',(6.77607863016174,17.2143765033092,-5.));
#8552=CARTESIAN_POINT('',(1.99999999999326,21.4067746286033,-2.));
#8553=CARTESIAN_POINT('Ctrl Pts',(1.99999999999389,18.3915741577452,-5.));
#8554=CARTESIAN_POINT('Ctrl Pts',(1.99999999999361,19.7861043753928,-3.61364292361706));
#8555=CARTESIAN_POINT('Ctrl Pts',(1.99999999999326,21.4067746286033,-2.));
#8556=CARTESIAN_POINT('Origin',(0.,0.,-2.));
#8557=CARTESIAN_POINT('Origin',(9.15007901947718,21.7376563310999,0.));
#8558=CARTESIAN_POINT('',(8.17731215733221,19.8842039287806,-1.));
#8559=CARTESIAN_POINT('',(8.17731215733221,19.8842039287806,-1.));
#8560=CARTESIAN_POINT('',(4.50285505792645,12.8831108579336,-1.));
#8561=CARTESIAN_POINT('',(3.68958348407185,11.333551337603,-1.));
#8562=CARTESIAN_POINT('',(4.50285505792645,12.8831108579336,0.));
#8563=CARTESIAN_POINT('Origin',(0.,0.,-3.5));
#8564=CARTESIAN_POINT('',(16.4813006467052,13.8064017395085,-2.));
#8565=CARTESIAN_POINT('Ctrl Pts',(16.4813006467052,13.8064017395085,-2.));
#8566=CARTESIAN_POINT('Ctrl Pts',(15.14751517648,12.8857561026573,-3.61364292349252));
#8567=CARTESIAN_POINT('Ctrl Pts',(13.9998393067502,12.0935726476914,-5.));
#8568=CARTESIAN_POINT('',(11.7191362599311,18.0253112406127,-2.));
#8569=CARTESIAN_POINT('Ctrl Pts',(10.3179027327666,15.3554838151387,-5.));
#8570=CARTESIAN_POINT('Ctrl Pts',(10.965973239016,16.5902789992981,-3.61364292363076));
#8571=CARTESIAN_POINT('Ctrl Pts',(11.7191362599311,18.0253112406127,-2.));
#8572=CARTESIAN_POINT('Origin',(0.,0.,-2.));
#8573=CARTESIAN_POINT('Origin',(18.2039852059851,14.9954850355685,0.));
#8574=CARTESIAN_POINT('',(16.4813006467051,13.8064017395085,-1.));
#8575=CARTESIAN_POINT('',(16.4813006467051,13.8064017395085,-1.));
#8576=CARTESIAN_POINT('',(9.97416028737441,9.31484705254266,-1.));
#8577=CARTESIAN_POINT('',(8.53392785625375,8.32072638369243,-1.));
#8578=CARTESIAN_POINT('',(9.97416028737441,9.31484705254266,0.));
#8579=CARTESIAN_POINT('Origin',(0.,0.,-3.5));
#8580=CARTESIAN_POINT('',(21.0096217791222,4.56571929689296,-2.));
#8581=CARTESIAN_POINT('Ctrl Pts',(21.0096217791222,4.56571929689296,-2.));
#8582=CARTESIAN_POINT('Ctrl Pts',(19.4007680368214,4.3703690847914,-3.61364292356832));
#8583=CARTESIAN_POINT('Ctrl Pts',(18.0164055145155,4.20227704183718,-5.));
#8584=CARTESIAN_POINT('',(18.7535596336207,10.5144662759467,-2.));
#8585=CARTESIAN_POINT('Ctrl Pts',(16.2720982936699,8.80163718412452,-5.));
#8586=CARTESIAN_POINT('Ctrl Pts',(17.4197741631885,9.59382063894828,-3.61364292374571));
#8587=CARTESIAN_POINT('Ctrl Pts',(18.7535596336207,10.5144662759467,-2.));
#8588=CARTESIAN_POINT('Origin',(0.,0.,-2.));
#8589=CARTESIAN_POINT('Origin',(23.0875777636057,4.81802883357341,0.));
#8590=CARTESIAN_POINT('',(21.0096217791222,4.56571929689296,-1.));
#8591=CARTESIAN_POINT('',(21.0096217791222,4.56571929689296,-1.));
#8592=CARTESIAN_POINT('',(13.1605055966468,3.61266404349031,-1.));
#8593=CARTESIAN_POINT('',(11.4232522015475,3.40172329090117,-1.));
#8594=CARTESIAN_POINT('',(13.1605055966468,3.61266404349031,0.));
#8595=CARTESIAN_POINT('Origin',(-21.2636649428974,-10.2032446813688,0.));
#8596=CARTESIAN_POINT('',(-11.9135181268383,-6.65720173135789,-1.));
#8597=CARTESIAN_POINT('',(-10.2772275844022,-6.03663858338576,-1.));
#8598=CARTESIAN_POINT('',(-11.9135181268383,-6.65720173135789,0.));
#8599=CARTESIAN_POINT('Origin',(0.,0.,-3.5));
#8600=CARTESIAN_POINT('',(20.7248917553322,-5.72091441375852,-2.));
#8601=CARTESIAN_POINT('Ctrl Pts',(20.7248917553322,-5.72091441375852,-2.));
#8602=CARTESIAN_POINT('Ctrl Pts',(19.2095387449292,-5.14621682182859,-3.61364292320705));
#8603=CARTESIAN_POINT('Ctrl Pts',(17.9056303401288,-4.65170959137362,-5.));
#8604=CARTESIAN_POINT('',(21.4917685001414,0.594883800516303,-2.));
#8605=CARTESIAN_POINT('Ctrl Pts',(18.498552235536,0.231441545454141,-5.));
#8606=CARTESIAN_POINT('Ctrl Pts',(19.8829147576653,0.399533588389954,-3.61364292374474));
#8607=CARTESIAN_POINT('Ctrl Pts',(21.4917685001414,0.594883800516303,-2.));
#8608=CARTESIAN_POINT('Origin',(0.,0.,-2.));
#8609=CARTESIAN_POINT('Origin',(0.,0.,-1.));
#8610=CARTESIAN_POINT('',(-7.0648601253438,-20.3061013345525,-1.));
#8611=CARTESIAN_POINT('',(-7.0648601253438,-20.3061013345525,-1.));
#8612=CARTESIAN_POINT('Origin',(0.,0.,-1.));
#8613=CARTESIAN_POINT('Origin',(22.6820844910583,-6.46317971065152,0.));
#8614=CARTESIAN_POINT('',(20.7248917553322,-5.72091441375851,-1.));
#8615=CARTESIAN_POINT('',(20.7248917553322,-5.72091441375851,-1.));
#8616=CARTESIAN_POINT('',(13.331937675013,-2.91713676060427,-1.));
#8617=CARTESIAN_POINT('',(11.6956471325793,-2.29657361262579,-1.));
#8618=CARTESIAN_POINT('',(13.331937675013,-2.91713676060427,0.));
#8619=CARTESIAN_POINT('Origin',(0.,0.,-1.));
#8620=CARTESIAN_POINT('',(21.4917685001414,0.594883800516298,-1.));
#8621=CARTESIAN_POINT('',(21.4917685001414,0.594883800516298,-1.));
#8622=CARTESIAN_POINT('Origin',(0.,0.,-1.));
#8623=CARTESIAN_POINT('Origin',(0.,0.,-1.));
#8624=CARTESIAN_POINT('',(18.7535596336207,10.5144662759467,-1.));
#8625=CARTESIAN_POINT('',(18.7535596336207,10.5144662759467,-1.));
#8626=CARTESIAN_POINT('Origin',(0.,0.,-1.));
#8627=CARTESIAN_POINT('Origin',(0.,0.,-1.));
#8628=CARTESIAN_POINT('',(11.7191362599311,18.0253112406127,-1.));
#8629=CARTESIAN_POINT('',(11.7191362599311,18.0253112406127,-1.));
#8630=CARTESIAN_POINT('Origin',(0.,0.,-1.));
#8631=CARTESIAN_POINT('Origin',(0.,0.,-1.));
#8632=CARTESIAN_POINT('',(1.99999999999325,21.4067746286033,-1.));
#8633=CARTESIAN_POINT('',(1.99999999999325,21.4067746286033,-1.));
#8634=CARTESIAN_POINT('Origin',(0.,0.,-1.));
#8635=CARTESIAN_POINT('Origin',(0.,0.,-1.));
#8636=CARTESIAN_POINT('',(-8.17731215733016,19.8842039287815,-1.));
#8637=CARTESIAN_POINT('',(-8.17731215733016,19.8842039287815,-1.));
#8638=CARTESIAN_POINT('Origin',(0.,0.,-1.));
#8639=CARTESIAN_POINT('Origin',(0.,0.,-1.));
#8640=CARTESIAN_POINT('',(-16.4813006467037,13.8064017395102,-1.));
#8641=CARTESIAN_POINT('',(-16.4813006467037,13.8064017395102,-1.));
#8642=CARTESIAN_POINT('Origin',(0.,0.,-1.));
#8643=CARTESIAN_POINT('Origin',(0.,0.,-1.));
#8644=CARTESIAN_POINT('',(-21.0096217791218,4.56571929689513,-1.));
#8645=CARTESIAN_POINT('',(-21.0096217791218,4.56571929689513,-1.));
#8646=CARTESIAN_POINT('Origin',(0.,0.,-1.));
#8647=CARTESIAN_POINT('Origin',(0.,0.,-1.));
#8648=CARTESIAN_POINT('',(-20.7248917553328,-5.72091441375638,-1.));
#8649=CARTESIAN_POINT('',(-20.7248917553328,-5.72091441375638,-1.));
#8650=CARTESIAN_POINT('Origin',(0.,0.,-1.));
#8651=CARTESIAN_POINT('Origin',(0.,0.,-3.5));
#8652=CARTESIAN_POINT('',(15.6923387924167,-14.6969555767105,-2.));
#8653=CARTESIAN_POINT('Ctrl Pts',(15.6923387924167,-14.6969555767105,-2.));
#8654=CARTESIAN_POINT('Ctrl Pts',(14.6176356261768,-13.4838664731632,-3.61364292331879));
#8655=CARTESIAN_POINT('Ctrl Pts',(13.6928910410564,-12.4400456163784,-5.));
#8656=CARTESIAN_POINT('',(19.3064722071675,-9.46097938448542,-2.));
#8657=CARTESIAN_POINT('Ctrl Pts',(16.4872107919622,-8.39177456210679,-5.));
#8658=CARTESIAN_POINT('Ctrl Pts',(17.7911191962344,-8.88628179235822,-3.6136429237704));
#8659=CARTESIAN_POINT('Ctrl Pts',(19.3064722071675,-9.46097938448542,-2.));
#8660=CARTESIAN_POINT('Origin',(0.,0.,-2.));
#8661=CARTESIAN_POINT('Origin',(-5.17264525352618,-12.6290838184851,0.));
#8662=CARTESIAN_POINT('',(-5.17264525355324,-12.6290838184784,-1.));
#8663=CARTESIAN_POINT('',(-5.17264525355324,-12.6290838184784,0.));
#8664=CARTESIAN_POINT('',(-3.55726444418813,-6.07522624495547,-1.));
#8665=CARTESIAN_POINT('Origin',(0.,0.,-1.));
#8666=CARTESIAN_POINT('',(19.3064722071675,-9.46097938448542,-1.));
#8667=CARTESIAN_POINT('',(19.3064722071675,-9.46097938448542,-1.));
#8668=CARTESIAN_POINT('',(15.6923387924167,-14.6969555767105,-1.));
#8669=CARTESIAN_POINT('Origin',(0.,0.,-1.));
#8670=CARTESIAN_POINT('',(15.6923387924167,-14.6969555767105,-1.));
#8671=CARTESIAN_POINT('Origin',(11.9135100913398,-6.65719868388303,0.));
#8672=CARTESIAN_POINT('',(11.9135100913299,-6.65719868390909,-1.));
#8673=CARTESIAN_POINT('',(11.9135100913299,-6.65719868390909,0.));
#8674=CARTESIAN_POINT('',(5.60215015862795,-4.26361558462598,-1.));
#8675=CARTESIAN_POINT('Origin',(13.6426437863569,-0.358172488791969,0.));
#8676=CARTESIAN_POINT('',(13.6426437863602,-0.358172488819641,-1.));
#8677=CARTESIAN_POINT('',(13.6426437863602,-0.358172488819641,0.));
#8678=CARTESIAN_POINT('',(6.94185857343384,-1.17179511849292,-1.));
#8679=CARTESIAN_POINT('Origin',(12.2464122016002,6.02290670703493,0.));
#8680=CARTESIAN_POINT('',(12.2464122016161,6.02290670701199,-1.));
#8681=CARTESIAN_POINT('',(12.2464122016161,6.02290670701199,0.));
#8682=CARTESIAN_POINT('',(6.69127084753082,2.18846948762483,-1.));
#8683=CARTESIAN_POINT('Origin',(8.04467516672296,11.0242105601744,0.));
#8684=CARTESIAN_POINT('',(8.04467516674764,11.0242105601614,-1.));
#8685=CARTESIAN_POINT('',(8.04467516674764,11.0242105601614,0.));
#8686=CARTESIAN_POINT('',(4.90779360901382,5.04738210804412,-1.));
#8687=CARTESIAN_POINT('Origin',(1.99999999999493,13.5000006301174,0.));
#8688=CARTESIAN_POINT('',(2.00000000002281,13.5000006301174,-1.));
#8689=CARTESIAN_POINT('',(2.00000000002281,13.5000006301174,0.));
#8690=CARTESIAN_POINT('',(1.99999999999637,6.7500003150589,-1.));
#8691=CARTESIAN_POINT('Origin',(-4.50285106411909,12.8831032483447,0.));
#8692=CARTESIAN_POINT('',(-4.50285106409441,12.8831032483577,-1.));
#8693=CARTESIAN_POINT('',(-4.50285106409441,12.8831032483577,0.));
#8694=CARTESIAN_POINT('',(-1.3659695064074,6.90627479621582,-1.));
#8695=CARTESIAN_POINT('Origin',(-9.97415321468136,9.31484217060121,0.));
#8696=CARTESIAN_POINT('',(-9.97415321466553,9.31484217062416,-1.));
#8697=CARTESIAN_POINT('',(-9.97415321466553,9.31484217062416,0.));
#8698=CARTESIAN_POINT('',(-4.41901186061032,5.48040495119348,-1.));
#8699=CARTESIAN_POINT('Origin',(-13.1604970653368,3.6126630075902,0.));
#8700=CARTESIAN_POINT('',(-13.1604970653334,3.61266300761787,-1.));
#8701=CARTESIAN_POINT('',(-13.1604970653334,3.61266300761787,0.));
#8702=CARTESIAN_POINT('',(-6.45971185241342,2.79904037789209,-1.));
#8703=CARTESIAN_POINT('Origin',(-13.3319296395064,-2.91713371315084,0.));
#8704=CARTESIAN_POINT('',(-13.3319296395162,-2.91713371312478,-1.));
#8705=CARTESIAN_POINT('',(-13.3319296395162,-2.91713371312478,0.));
#8706=CARTESIAN_POINT('',(-7.02056970679553,-0.523550613891105,-1.));
#8707=CARTESIAN_POINT('Origin',(0.,0.,-3.5));
#8708=CARTESIAN_POINT('',(7.0648601253417,-20.3061013345532,-2.));
#8709=CARTESIAN_POINT('Ctrl Pts',(7.0648601253417,-20.3061013345532,-2.));
#8710=CARTESIAN_POINT('Ctrl Pts',(6.67700834716299,-18.7325248136807,-3.61364292338214));
#8711=CARTESIAN_POINT('Ctrl Pts',(6.34327542170369,-17.3785171094725,-5.));
#8712=CARTESIAN_POINT('',(12.6982957997439,-17.3494462096631,-2.));
#8713=CARTESIAN_POINT('Ctrl Pts',(10.6988480483791,-15.0925362493357,-5.));
#8714=CARTESIAN_POINT('Ctrl Pts',(11.6235926333803,-16.1363571059815,-3.61364292350076));
#8715=CARTESIAN_POINT('Ctrl Pts',(12.6982957997439,-17.3494462096631,-2.));
#8716=CARTESIAN_POINT('Origin',(0.,0.,-2.));
#8717=CARTESIAN_POINT('Origin',(7.45513480775743,-11.4311408884377,0.));
#8718=CARTESIAN_POINT('',(7.45513480773657,-11.4311408884562,-1.));
#8719=CARTESIAN_POINT('',(7.45513480773657,-11.4311408884562,0.));
#8720=CARTESIAN_POINT('',(12.6982957997439,-17.3494462096631,-1.));
#8721=CARTESIAN_POINT('',(2.97905665570858,-6.37869310245909,-1.));
#8722=CARTESIAN_POINT('',(12.6982957997439,-17.3494462096631,-1.));
#8723=CARTESIAN_POINT('Origin',(0.,0.,-3.5));
#8724=CARTESIAN_POINT('',(-3.18109285565488,-21.2633639916992,-2.));
#8725=CARTESIAN_POINT('Ctrl Pts',(-3.18109285565488,-21.2633639916992,-2.));
#8726=CARTESIAN_POINT('Ctrl Pts',(-2.79324107741087,-19.689787470588,-3.61364292362846));
#8727=CARTESIAN_POINT('Ctrl Pts',(-2.45950815200551,-18.3357797666212,-5.));
#8728=CARTESIAN_POINT('',(3.18109285565268,-21.2633639916995,-2.));
#8729=CARTESIAN_POINT('Ctrl Pts',(2.4595081520085,-18.3357797666208,-5.));
#8730=CARTESIAN_POINT('Ctrl Pts',(2.79324107745675,-19.6897874707717,-3.61364292343997));
#8731=CARTESIAN_POINT('Ctrl Pts',(3.18109285565268,-21.2633639916995,-2.));
#8732=CARTESIAN_POINT('Origin',(0.,0.,-2.));
#8733=CARTESIAN_POINT('Origin',(1.2888779838318,-13.5863464756329,0.));
#8734=CARTESIAN_POINT('',(1.28887798380474,-13.5863464756396,-1.));
#8735=CARTESIAN_POINT('',(1.28887798380474,-13.5863464756396,0.));
#8736=CARTESIAN_POINT('',(3.18109285565268,-21.2633639916995,-1.));
#8737=CARTESIAN_POINT('',(-0.326502825509036,-7.03248890210396,-1.));
#8738=CARTESIAN_POINT('',(3.18109285565268,-21.2633639916995,-1.));
#8739=CARTESIAN_POINT('Origin',(4.49012806053456,-4.49012806053464,-4.75000000000005));
#8740=CARTESIAN_POINT('',(5.94012806053456,-4.49012806053464,-4.50000000000009));
#8741=CARTESIAN_POINT('',(6.19012806053456,-4.49012806053464,-4.75000000000005));
#8742=CARTESIAN_POINT('Origin',(4.49012806053456,-4.49012806053464,-4.50000000000009));
#8743=CARTESIAN_POINT('Origin',(4.49012806053456,-4.49012806053458,-10.));
#8744=CARTESIAN_POINT('',(5.94012806053456,-4.49012806053468,-1.00000000000005));
#8745=CARTESIAN_POINT('',(5.94012806053456,-4.49012806053458,-10.));
#8746=CARTESIAN_POINT('Origin',(4.49012806053456,-4.49012806053468,-1.00000000000005));
#8747=CARTESIAN_POINT('Origin',(-4.4901280605346,-4.49012806053461,-4.75000000000005));
#8748=CARTESIAN_POINT('',(-3.0401280605346,-4.49012806053461,-4.50000000000009));
#8749=CARTESIAN_POINT('',(-2.7901280605346,-4.49012806053461,-4.75000000000005));
#8750=CARTESIAN_POINT('Origin',(-4.4901280605346,-4.49012806053461,-4.50000000000009));
#8751=CARTESIAN_POINT('Origin',(-4.4901280605346,-4.49012806053455,-10.));
#8752=CARTESIAN_POINT('',(-3.0401280605346,-4.49012806053465,-1.00000000000005));
#8753=CARTESIAN_POINT('',(-3.0401280605346,-4.49012806053455,-10.));
#8754=CARTESIAN_POINT('Origin',(-4.4901280605346,-4.49012806053465,-1.00000000000005));
#8755=CARTESIAN_POINT('Origin',(-4.4901280605346,4.49012806053449,-4.74999999999995));
#8756=CARTESIAN_POINT('',(-3.04012806053461,4.49012806053449,-4.49999999999991));
#8757=CARTESIAN_POINT('',(-2.7901280605346,4.49012806053449,-4.74999999999995));
#8758=CARTESIAN_POINT('Origin',(-4.4901280605346,4.49012806053449,-4.49999999999991));
#8759=CARTESIAN_POINT('Origin',(-4.4901280605346,4.49012806053455,-9.99999999999996));
#8760=CARTESIAN_POINT('',(-3.04012806053461,4.49012806053446,-0.999999999999953));
#8761=CARTESIAN_POINT('',(-3.04012806053461,4.49012806053455,-9.99999999999996));
#8762=CARTESIAN_POINT('Origin',(-4.4901280605346,4.49012806053446,-0.999999999999953));
#8763=CARTESIAN_POINT('Origin',(-4.44089209850063E-15,-5.75395949974565E-14,
-4.75));
#8764=CARTESIAN_POINT('',(2.19999999999999,-5.72701727134004E-14,-4.5));
#8765=CARTESIAN_POINT('',(2.44999999999999,-5.78396334763399E-14,-4.75));
#8766=CARTESIAN_POINT('Origin',(-4.44089209850063E-15,-5.75395949974565E-14,
-4.5));
#8767=CARTESIAN_POINT('Origin',(-4.44089209850063E-15,6.98463368305896E-17,
-10.));
#8768=CARTESIAN_POINT('',(2.19999999999999,-9.44695708813897E-14,-1.));
#8769=CARTESIAN_POINT('',(2.19999999999999,3.39268620886688E-16,-10.));
#8770=CARTESIAN_POINT('Origin',(-4.44089209850063E-15,-9.4200148573821E-14,
-1.));
#8771=CARTESIAN_POINT('Origin',(4.49012806053459,4.4901280605345,-4.74999999999995));
#8772=CARTESIAN_POINT('',(5.94012806053459,4.4901280605345,-4.49999999999991));
#8773=CARTESIAN_POINT('',(6.19012806053459,4.4901280605345,-4.74999999999995));
#8774=CARTESIAN_POINT('Origin',(4.49012806053459,4.4901280605345,-4.49999999999991));
#8775=CARTESIAN_POINT('Origin',(4.49012806053459,4.49012806053455,-9.99999999999996));
#8776=CARTESIAN_POINT('',(5.94012806053459,4.49012806053446,-0.999999999999953));
#8777=CARTESIAN_POINT('',(5.94012806053459,4.49012806053455,-9.99999999999996));
#8778=CARTESIAN_POINT('Origin',(4.49012806053459,4.49012806053446,-0.999999999999953));
#8779=CARTESIAN_POINT('Origin',(6.27376282258805,11.953656346318,0.));
#8780=CARTESIAN_POINT('Origin',(6.27376282258805,11.953656346318,-1.));
#8781=CARTESIAN_POINT('Origin',(11.1102821895617,7.66887408087167,0.));
#8782=CARTESIAN_POINT('Origin',(11.1102821895617,7.66887408087167,-1.));
#8783=CARTESIAN_POINT('Origin',(13.4015698003219,1.62724518344903,0.));
#8784=CARTESIAN_POINT('Origin',(13.4015698003219,1.62724518344903,-1.));
#8785=CARTESIAN_POINT('Origin',(12.6227192762525,-4.78716597507145,0.));
#8786=CARTESIAN_POINT('Origin',(12.6227192762525,-4.78716597507145,-1.));
#8787=CARTESIAN_POINT('Origin',(-3.68203268783135,-23.2957567835309,0.));
#8788=CARTESIAN_POINT('',(-3.18109285565488,-21.2633639916992,-1.));
#8789=CARTESIAN_POINT('',(-3.18109285565488,-21.2633639916992,-1.));
#8790=CARTESIAN_POINT('',(-1.28888004049258,-13.5863548198816,-1.));
#8791=CARTESIAN_POINT('',(-0.870074526474259,-11.8871940560588,-1.));
#8792=CARTESIAN_POINT('',(-1.28888004049258,-13.5863548198816,0.));
#8793=CARTESIAN_POINT('Origin',(-3.23076146787935,-13.1077145352508,0.));
#8794=CARTESIAN_POINT('Origin',(-3.23076146787935,-13.1077145352508,-1.));
#8795=CARTESIAN_POINT('Origin',(0.,0.,-1.));
#8796=CARTESIAN_POINT('Origin',(0.,0.,-1.));
#8797=CARTESIAN_POINT('Origin',(17.0803990103599,-16.2637516729253,0.));
#8798=CARTESIAN_POINT('',(10.4491834992998,-8.7786566881534,-1.));
#8799=CARTESIAN_POINT('',(9.28871025336453,-7.46875317821252,-1.));
#8800=CARTESIAN_POINT('',(10.4491834992998,-8.7786566881534,0.));
#8801=CARTESIAN_POINT('Origin',(8.95215588625148,-10.1048951003071,0.));
#8802=CARTESIAN_POINT('Origin',(8.95215588625148,-10.1048951003071,-1.));
#8803=CARTESIAN_POINT('Origin',(0.,0.,-1.));
#8804=CARTESIAN_POINT('',(7.0648601253417,-20.3061013345532,-1.));
#8805=CARTESIAN_POINT('Origin',(0.,0.,-1.));
#8806=CARTESIAN_POINT('',(7.0648601253417,-20.3061013345532,-1.));
#8807=CARTESIAN_POINT('Origin',(7.56579995751027,-22.3384941263869,0.));
#8808=CARTESIAN_POINT('',(5.1726473102092,-12.6290921627283,-1.));
#8809=CARTESIAN_POINT('',(4.75384179619748,-10.9299313989039,-1.));
#8810=CARTESIAN_POINT('',(5.1726473102092,-12.6290921627283,0.));
#8811=CARTESIAN_POINT('Origin',(3.23076146788396,-13.1077145352496,0.));
#8812=CARTESIAN_POINT('Origin',(3.23076146788396,-13.1077145352496,-1.));
#8813=CARTESIAN_POINT('Origin',(-8.95215588624792,-10.1048951003103,0.));
#8814=CARTESIAN_POINT('Origin',(-8.95215588624792,-10.1048951003103,-1.));
#8815=CARTESIAN_POINT('Origin',(-12.6227192762508,-4.7871659750759,0.));
#8816=CARTESIAN_POINT('Origin',(-12.6227192762508,-4.7871659750759,-1.));
#8817=CARTESIAN_POINT('Origin',(-11.1102821895644,7.66887408086775,0.));
#8818=CARTESIAN_POINT('Origin',(-11.1102821895644,7.66887408086775,-1.));
#8819=CARTESIAN_POINT('Origin',(-6.27376282259225,11.9536563463158,0.));
#8820=CARTESIAN_POINT('Origin',(-6.27376282259225,11.9536563463158,-1.));
#8821=CARTESIAN_POINT('Origin',(-13.4015698003225,1.62724518344431,0.));
#8822=CARTESIAN_POINT('Origin',(-13.4015698003225,1.62724518344431,-1.));
#8823=CARTESIAN_POINT('Origin',(-2.38142838782349E-12,13.4999999999984,
0.));
#8824=CARTESIAN_POINT('Origin',(-2.38142838782349E-12,13.4999999999984,
-1.));
#8825=CARTESIAN_POINT('Origin',(0.,0.,-1.));
#8826=CARTESIAN_POINT('',(0.,0.,0.));
#8827=CARTESIAN_POINT('',(0.,0.,0.));
#8828=UNCERTAINTY_MEASURE_WITH_UNIT(LENGTH_MEASURE(0.01),#8836,
'DISTANCE_ACCURACY_VALUE',
'Maximum model space distance between geometric entities at asserted c
onnectivities');
#8829=UNCERTAINTY_MEASURE_WITH_UNIT(LENGTH_MEASURE(0.01),#8836,
'DISTANCE_ACCURACY_VALUE',
'Maximum model space distance between geometric entities at asserted c
onnectivities');
#8830=UNCERTAINTY_MEASURE_WITH_UNIT(LENGTH_MEASURE(0.01),#8836,
'DISTANCE_ACCURACY_VALUE',
'Maximum model space distance between geometric entities at asserted c
onnectivities');
#8831=UNCERTAINTY_MEASURE_WITH_UNIT(LENGTH_MEASURE(0.01),#8836,
'DISTANCE_ACCURACY_VALUE',
'Maximum model space distance between geometric entities at asserted c
onnectivities');
#8832=(
GEOMETRIC_REPRESENTATION_CONTEXT(3)
GLOBAL_UNCERTAINTY_ASSIGNED_CONTEXT((#8828))
GLOBAL_UNIT_ASSIGNED_CONTEXT((#8836,#8838,#8839))
REPRESENTATION_CONTEXT('','3D')
);
#8833=(
GEOMETRIC_REPRESENTATION_CONTEXT(3)
GLOBAL_UNCERTAINTY_ASSIGNED_CONTEXT((#8829))
GLOBAL_UNIT_ASSIGNED_CONTEXT((#8836,#8838,#8839))
REPRESENTATION_CONTEXT('','3D')
);
#8834=(
GEOMETRIC_REPRESENTATION_CONTEXT(3)
GLOBAL_UNCERTAINTY_ASSIGNED_CONTEXT((#8830))
GLOBAL_UNIT_ASSIGNED_CONTEXT((#8836,#8838,#8839))
REPRESENTATION_CONTEXT('','3D')
);
#8835=(
GEOMETRIC_REPRESENTATION_CONTEXT(3)
GLOBAL_UNCERTAINTY_ASSIGNED_CONTEXT((#8831))
GLOBAL_UNIT_ASSIGNED_CONTEXT((#8836,#8838,#8839))
REPRESENTATION_CONTEXT('','3D')
);
#8836=(
LENGTH_UNIT()
NAMED_UNIT(*)
SI_UNIT(.MILLI.,.METRE.)
);
#8837=(
LENGTH_UNIT()
NAMED_UNIT(*)
SI_UNIT($,.METRE.)
);
#8838=(
NAMED_UNIT(*)
PLANE_ANGLE_UNIT()
SI_UNIT($,.RADIAN.)
);
#8839=(
NAMED_UNIT(*)
SI_UNIT($,.STERADIAN.)
SOLID_ANGLE_UNIT()
);
#8840=SHAPE_DEFINITION_REPRESENTATION(#8843,#8848);
#8841=SHAPE_DEFINITION_REPRESENTATION(#8844,#8849);
#8842=SHAPE_DEFINITION_REPRESENTATION(#8845,#8850);
#8843=PRODUCT_DEFINITION_SHAPE('',$,#8852);
#8844=PRODUCT_DEFINITION_SHAPE('',$,#8853);
#8845=PRODUCT_DEFINITION_SHAPE('',$,#8854);
#8846=PRODUCT_DEFINITION_SHAPE($,$,#17);
#8847=PRODUCT_DEFINITION_SHAPE($,$,#18);
#8848=SHAPE_REPRESENTATION('',(#5218,#5707,#5708),#8832);
#8849=SHAPE_REPRESENTATION('',(#5219),#8833);
#8850=SHAPE_REPRESENTATION('',(#5549),#8834);
#8851=PRODUCT_DEFINITION_CONTEXT('part definition',#8862,'design');
#8852=PRODUCT_DEFINITION('Wheels','Wheels v8',#8855,#8851);
#8853=PRODUCT_DEFINITION('Outer Layer','Outer Layer',#8856,#8851);
#8854=PRODUCT_DEFINITION('Inner Layer','Inner Layer',#8857,#8851);
#8855=PRODUCT_DEFINITION_FORMATION('',$,#8864);
#8856=PRODUCT_DEFINITION_FORMATION('',$,#8865);
#8857=PRODUCT_DEFINITION_FORMATION('',$,#8866);
#8858=PRODUCT_RELATED_PRODUCT_CATEGORY('Wheels v8','Wheels v8',(#8864));
#8859=PRODUCT_RELATED_PRODUCT_CATEGORY('Outer Layer','Outer Layer',(#8865));
#8860=PRODUCT_RELATED_PRODUCT_CATEGORY('Inner Layer','Inner Layer',(#8866));
#8861=APPLICATION_PROTOCOL_DEFINITION('international standard',
'automotive_design',2009,#8862);
#8862=APPLICATION_CONTEXT(
'Core Data for Automotive Mechanical Design Process');
#8863=PRODUCT_CONTEXT('part definition',#8862,'mechanical');
#8864=PRODUCT('Wheels','Wheels v8',$,(#8863));
#8865=PRODUCT('Outer Layer','Outer Layer',$,(#8863));
#8866=PRODUCT('Inner Layer','Inner Layer',$,(#8863));
#8867=PRESENTATION_STYLE_ASSIGNMENT((#8871));
#8868=PRESENTATION_STYLE_ASSIGNMENT((#8872));
#8869=PRESENTATION_STYLE_ASSIGNMENT((#8873));
#8870=PRESENTATION_STYLE_ASSIGNMENT((#8874));
#8871=SURFACE_STYLE_USAGE(.BOTH.,#8875);
#8872=SURFACE_STYLE_USAGE(.BOTH.,#8876);
#8873=SURFACE_STYLE_USAGE(.BOTH.,#8877);
#8874=SURFACE_STYLE_USAGE(.BOTH.,#8878);
#8875=SURFACE_SIDE_STYLE('',(#8879));
#8876=SURFACE_SIDE_STYLE('',(#8880));
#8877=SURFACE_SIDE_STYLE('',(#8881));
#8878=SURFACE_SIDE_STYLE('',(#8882));
#8879=SURFACE_STYLE_FILL_AREA(#8883);
#8880=SURFACE_STYLE_FILL_AREA(#8884);
#8881=SURFACE_STYLE_FILL_AREA(#8885);
#8882=SURFACE_STYLE_FILL_AREA(#8886);
#8883=FILL_AREA_STYLE('Rubber - Hard',(#8887));
#8884=FILL_AREA_STYLE('ABS (White)',(#8888));
#8885=FILL_AREA_STYLE('Plastic - Matte (Black)',(#8889));
#8886=FILL_AREA_STYLE('Aluminum - Anodized Glossy (Grey)',(#8890));
#8887=FILL_AREA_STYLE_COLOUR('Rubber - Hard',#8891);
#8888=FILL_AREA_STYLE_COLOUR('ABS (White)',#8892);
#8889=FILL_AREA_STYLE_COLOUR('Plastic - Matte (Black)',#8893);
#8890=FILL_AREA_STYLE_COLOUR('Aluminum - Anodized Glossy (Grey)',#8894);
#8891=COLOUR_RGB('Rubber - Hard',0.152941176470588,0.152941176470588,0.152941176470588);
#8892=COLOUR_RGB('ABS (White)',0.964705882352941,0.964705882352941,0.952941176470588);
#8893=COLOUR_RGB('Plastic - Matte (Black)',0.0980392156862745,0.0980392156862745,
0.0980392156862745);
#8894=COLOUR_RGB('Aluminum - Anodized Glossy (Grey)',0.537254901960784,
0.537254901960784,0.537254901960784);
ENDSEC;
END-ISO-10303-21;
