ISO-10303-21;
HEADER;
/* Generated by software containing ST-Developer
 * from STEP Tools, Inc. (www.steptools.com) 
 */

FILE_DESCRIPTION(
/* description */ (''),
/* implementation_level */ '2;1');

FILE_NAME(
/* name */ 'Actual Motor Mount v4.step',
/* time_stamp */ '2025-04-03T22:02:47+08:00',
/* author */ (''),
/* organization */ (''),
/* preprocessor_version */ 'ST-DEVELOPER v20.1',
/* originating_system */ 'Autodesk Translation Framework v14.4.0.0',
/* authorisation */ '');

FILE_SCHEMA (('AUTOMOTIVE_DESIGN { 1 0 10303 214 3 1 1 }'));
ENDSEC;

DATA;
#10=MECHANICAL_DESIGN_GEOMETRIC_PRESENTATION_REPRESENTATION('',(#30,#31),
#3801);
#11=ITEM_DEFINED_TRANSFORMATION($,$,#2211,#2412);
#12=(
REPRESENTATION_RELATIONSHIP($,$,#3812,#3811)
REPRESENTATION_RELATIONSHIP_WITH_TRANSFORMATION(#11)
SHAPE_REPRESENTATION_RELATIONSHIP()
);
#13=CONTEXT_DEPENDENT_SHAPE_REPRESENTATION(#12,#3810);
#14=NEXT_ASSEMBLY_USAGE_OCCURRENCE('Motor Clamp:1','Motor Clamp:1',
'Motor Clamp:1',#3814,#3815,'Motor Clamp:1');
#15=(
BOUNDED_CURVE()
B_SPLINE_CURVE(2,(#3761,#3762,#3763),.UNSPECIFIED.,.F.,.F.)
B_SPLINE_CURVE_WITH_KNOTS((3,3),(0.802751386940868,2.12490809249731),
 .UNSPECIFIED.)
CURVE()
GEOMETRIC_REPRESENTATION_ITEM()
RATIONAL_B_SPLINE_CURVE((1.18156851212641,1.27460540284502,1.18156851212641))
REPRESENTATION_ITEM('')
);
#16=CONICAL_SURFACE('',#2389,12.2,0.785398163397445);
#17=B_SPLINE_CURVE_WITH_KNOTS('',3,(#3168,#3169,#3170,#3171,#3172,#3173,
#3174,#3175,#3176,#3177,#3178,#3179,#3180,#3181,#3182,#3183,#3184,#3185,
#3186,#3187,#3188,#3189),.UNSPECIFIED.,.F.,.F.,(4,2,2,2,2,2,2,2,2,2,4),
(-1.39684532854929,-1.11612374225215,-0.975762949103583,-0.835402155955014,
-0.766912410114829,-0.698422664274644,-0.629932918434458,-0.561443172594273,
-0.421082379445705,-0.280721586297137,0.),.UNSPECIFIED.);
#18=B_SPLINE_CURVE_WITH_KNOTS('',3,(#3200,#3201,#3202,#3203),
 .UNSPECIFIED.,.F.,.F.,(4,4),(-1.39684532854933,-1.1221532411844),
 .UNSPECIFIED.);
#19=B_SPLINE_CURVE_WITH_KNOTS('',3,(#3216,#3217,#3218,#3219,#3220,#3221,
#3222,#3223,#3224,#3225,#3226,#3227,#3228,#3229,#3230,#3231,#3232,#3233,
#3234,#3235,#3236,#3237),.UNSPECIFIED.,.F.,.F.,(4,2,2,2,2,2,2,2,2,2,4),
(-1.39684532854929,-1.11612374225215,-0.975762949103586,-0.835402155955017,
-0.766912410114831,-0.698422664274646,-0.629932918434462,-0.561443172594276,
-0.421082379445707,-0.280721586297138,0.),.UNSPECIFIED.);
#20=B_SPLINE_CURVE_WITH_KNOTS('',3,(#3248,#3249,#3250,#3251),
 .UNSPECIFIED.,.F.,.F.,(4,4),(-1.39684532854933,-1.1221532411844),
 .UNSPECIFIED.);
#21=B_SPLINE_CURVE_WITH_KNOTS('',3,(#3476,#3477,#3478,#3479,#3480,#3481,
#3482,#3483,#3484,#3485,#3486,#3487,#3488,#3489,#3490,#3491,#3492,#3493),
 .UNSPECIFIED.,.F.,.F.,(4,2,2,2,2,2,2,2,4),(0.406636714066833,0.450697799035748,
0.530797016183779,0.59807824411894,0.6653594720541,0.73264069998926,0.79992192792442,
0.880021145072451,0.924082230041366),.UNSPECIFIED.);
#22=B_SPLINE_CURVE_WITH_KNOTS('',3,(#3512,#3513,#3514,#3515,#3516,#3517,
#3518,#3519,#3520,#3521),.UNSPECIFIED.,.F.,.F.,(4,2,2,2,4),(0.665359472054099,
0.732640699989259,0.799921927924419,0.88002114507245,0.924082230041381),
 .UNSPECIFIED.);
#23=B_SPLINE_CURVE_WITH_KNOTS('',3,(#3523,#3524,#3525,#3526,#3527,#3528,
#3529,#3530,#3531,#3532),.UNSPECIFIED.,.F.,.F.,(4,2,2,2,4),(0.406636714066816,
0.450697799035748,0.530797016183779,0.598078244118939,0.665359472054099),
 .UNSPECIFIED.);
#24=B_SPLINE_CURVE_WITH_KNOTS('',3,(#3661,#3662,#3663,#3664,#3665,#3666,
#3667,#3668,#3669,#3670,#3671,#3672,#3673,#3674,#3675,#3676,#3677,#3678,
#3679,#3680,#3681,#3682),.UNSPECIFIED.,.F.,.F.,(4,2,2,2,2,2,2,2,2,2,4),
(-1.1221532411844,-1.11612374225218,-0.975762949103611,-0.835402155955038,
-0.766912410114851,-0.698422664274664,-0.629932918434477,-0.561443172594289,
-0.421082379445717,-0.280721586297144,0.),.UNSPECIFIED.);
#25=B_SPLINE_CURVE_WITH_KNOTS('',3,(#3694,#3695,#3696,#3697,#3698,#3699,
#3700,#3701,#3702,#3703,#3704,#3705,#3706,#3707,#3708,#3709,#3710,#3711,
#3712,#3713,#3714,#3715),.UNSPECIFIED.,.F.,.F.,(4,2,2,2,2,2,2,2,2,2,4),
(-1.1221532411844,-1.11612374225218,-0.975762949103611,-0.835402155955039,
-0.766912410114852,-0.698422664274664,-0.629932918434477,-0.56144317259429,
-0.421082379445717,-0.280721586297145,0.),.UNSPECIFIED.);
#26=SHAPE_REPRESENTATION_RELATIONSHIP('SRR','None',#3812,#28);
#27=SHAPE_REPRESENTATION_RELATIONSHIP('SRR','None',#3811,#29);
#28=ADVANCED_BREP_SHAPE_REPRESENTATION('',(#32),#3800);
#29=ADVANCED_BREP_SHAPE_REPRESENTATION('',(#33),#3799);
#30=STYLED_ITEM('',(#3829),#32);
#31=STYLED_ITEM('',(#3829),#33);
#32=MANIFOLD_SOLID_BREP('Body1',#2196);
#33=MANIFOLD_SOLID_BREP('Body1',#2197);
#34=FACE_BOUND('',#253,.T.);
#35=FACE_BOUND('',#254,.T.);
#36=FACE_BOUND('',#264,.T.);
#37=FACE_BOUND('',#271,.T.);
#38=FACE_BOUND('',#313,.T.);
#39=FACE_BOUND('',#316,.T.);
#40=FACE_BOUND('',#323,.T.);
#41=FACE_BOUND('',#324,.T.);
#42=FACE_BOUND('',#325,.T.);
#43=FACE_BOUND('',#326,.T.);
#44=FACE_BOUND('',#327,.T.);
#45=FACE_BOUND('',#328,.T.);
#46=FACE_BOUND('',#336,.T.);
#47=FACE_BOUND('',#341,.T.);
#48=FACE_BOUND('',#348,.T.);
#49=FACE_BOUND('',#351,.T.);
#50=FACE_BOUND('',#354,.T.);
#51=FACE_BOUND('',#357,.T.);
#52=FACE_BOUND('',#373,.T.);
#53=FACE_BOUND('',#374,.T.);
#54=FACE_BOUND('',#375,.T.);
#55=PLANE('',#2215);
#56=PLANE('',#2219);
#57=PLANE('',#2220);
#58=PLANE('',#2221);
#59=PLANE('',#2222);
#60=PLANE('',#2229);
#61=PLANE('',#2230);
#62=PLANE('',#2231);
#63=PLANE('',#2235);
#64=PLANE('',#2242);
#65=PLANE('',#2243);
#66=PLANE('',#2246);
#67=PLANE('',#2251);
#68=PLANE('',#2266);
#69=PLANE('',#2267);
#70=PLANE('',#2268);
#71=PLANE('',#2269);
#72=PLANE('',#2270);
#73=PLANE('',#2272);
#74=PLANE('',#2273);
#75=PLANE('',#2274);
#76=PLANE('',#2275);
#77=PLANE('',#2276);
#78=PLANE('',#2279);
#79=PLANE('',#2280);
#80=PLANE('',#2281);
#81=PLANE('',#2282);
#82=PLANE('',#2284);
#83=PLANE('',#2285);
#84=PLANE('',#2286);
#85=PLANE('',#2289);
#86=PLANE('',#2290);
#87=PLANE('',#2291);
#88=PLANE('',#2292);
#89=PLANE('',#2294);
#90=PLANE('',#2295);
#91=PLANE('',#2296);
#92=PLANE('',#2297);
#93=PLANE('',#2299);
#94=PLANE('',#2300);
#95=PLANE('',#2301);
#96=PLANE('',#2302);
#97=PLANE('',#2303);
#98=PLANE('',#2304);
#99=PLANE('',#2305);
#100=PLANE('',#2306);
#101=PLANE('',#2307);
#102=PLANE('',#2309);
#103=PLANE('',#2310);
#104=PLANE('',#2312);
#105=PLANE('',#2319);
#106=PLANE('',#2326);
#107=PLANE('',#2327);
#108=PLANE('',#2328);
#109=PLANE('',#2334);
#110=PLANE('',#2344);
#111=PLANE('',#2351);
#112=PLANE('',#2352);
#113=PLANE('',#2355);
#114=PLANE('',#2356);
#115=PLANE('',#2357);
#116=PLANE('',#2369);
#117=PLANE('',#2373);
#118=PLANE('',#2377);
#119=PLANE('',#2381);
#120=PLANE('',#2382);
#121=PLANE('',#2383);
#122=PLANE('',#2387);
#123=PLANE('',#2388);
#124=PLANE('',#2394);
#125=PLANE('',#2395);
#126=PLANE('',#2397);
#127=PLANE('',#2398);
#128=PLANE('',#2399);
#129=PLANE('',#2400);
#130=PLANE('',#2401);
#131=PLANE('',#2402);
#132=PLANE('',#2403);
#133=FACE_OUTER_BOUND('',#246,.T.);
#134=FACE_OUTER_BOUND('',#247,.T.);
#135=FACE_OUTER_BOUND('',#248,.T.);
#136=FACE_OUTER_BOUND('',#249,.T.);
#137=FACE_OUTER_BOUND('',#250,.T.);
#138=FACE_OUTER_BOUND('',#251,.T.);
#139=FACE_OUTER_BOUND('',#252,.T.);
#140=FACE_OUTER_BOUND('',#255,.T.);
#141=FACE_OUTER_BOUND('',#256,.T.);
#142=FACE_OUTER_BOUND('',#257,.T.);
#143=FACE_OUTER_BOUND('',#258,.T.);
#144=FACE_OUTER_BOUND('',#259,.T.);
#145=FACE_OUTER_BOUND('',#260,.T.);
#146=FACE_OUTER_BOUND('',#261,.T.);
#147=FACE_OUTER_BOUND('',#262,.T.);
#148=FACE_OUTER_BOUND('',#263,.T.);
#149=FACE_OUTER_BOUND('',#265,.T.);
#150=FACE_OUTER_BOUND('',#266,.T.);
#151=FACE_OUTER_BOUND('',#267,.T.);
#152=FACE_OUTER_BOUND('',#268,.T.);
#153=FACE_OUTER_BOUND('',#269,.T.);
#154=FACE_OUTER_BOUND('',#270,.T.);
#155=FACE_OUTER_BOUND('',#272,.T.);
#156=FACE_OUTER_BOUND('',#273,.T.);
#157=FACE_OUTER_BOUND('',#274,.T.);
#158=FACE_OUTER_BOUND('',#275,.T.);
#159=FACE_OUTER_BOUND('',#276,.T.);
#160=FACE_OUTER_BOUND('',#277,.T.);
#161=FACE_OUTER_BOUND('',#278,.T.);
#162=FACE_OUTER_BOUND('',#279,.T.);
#163=FACE_OUTER_BOUND('',#280,.T.);
#164=FACE_OUTER_BOUND('',#281,.T.);
#165=FACE_OUTER_BOUND('',#282,.T.);
#166=FACE_OUTER_BOUND('',#283,.T.);
#167=FACE_OUTER_BOUND('',#284,.T.);
#168=FACE_OUTER_BOUND('',#285,.T.);
#169=FACE_OUTER_BOUND('',#286,.T.);
#170=FACE_OUTER_BOUND('',#287,.T.);
#171=FACE_OUTER_BOUND('',#288,.T.);
#172=FACE_OUTER_BOUND('',#289,.T.);
#173=FACE_OUTER_BOUND('',#290,.T.);
#174=FACE_OUTER_BOUND('',#291,.T.);
#175=FACE_OUTER_BOUND('',#292,.T.);
#176=FACE_OUTER_BOUND('',#293,.T.);
#177=FACE_OUTER_BOUND('',#294,.T.);
#178=FACE_OUTER_BOUND('',#295,.T.);
#179=FACE_OUTER_BOUND('',#296,.T.);
#180=FACE_OUTER_BOUND('',#297,.T.);
#181=FACE_OUTER_BOUND('',#298,.T.);
#182=FACE_OUTER_BOUND('',#299,.T.);
#183=FACE_OUTER_BOUND('',#300,.T.);
#184=FACE_OUTER_BOUND('',#301,.T.);
#185=FACE_OUTER_BOUND('',#302,.T.);
#186=FACE_OUTER_BOUND('',#303,.T.);
#187=FACE_OUTER_BOUND('',#304,.T.);
#188=FACE_OUTER_BOUND('',#305,.T.);
#189=FACE_OUTER_BOUND('',#306,.T.);
#190=FACE_OUTER_BOUND('',#307,.T.);
#191=FACE_OUTER_BOUND('',#308,.T.);
#192=FACE_OUTER_BOUND('',#309,.T.);
#193=FACE_OUTER_BOUND('',#310,.T.);
#194=FACE_OUTER_BOUND('',#311,.T.);
#195=FACE_OUTER_BOUND('',#312,.T.);
#196=FACE_OUTER_BOUND('',#314,.T.);
#197=FACE_OUTER_BOUND('',#315,.T.);
#198=FACE_OUTER_BOUND('',#317,.T.);
#199=FACE_OUTER_BOUND('',#318,.T.);
#200=FACE_OUTER_BOUND('',#319,.T.);
#201=FACE_OUTER_BOUND('',#320,.T.);
#202=FACE_OUTER_BOUND('',#321,.T.);
#203=FACE_OUTER_BOUND('',#322,.T.);
#204=FACE_OUTER_BOUND('',#329,.T.);
#205=FACE_OUTER_BOUND('',#330,.T.);
#206=FACE_OUTER_BOUND('',#331,.T.);
#207=FACE_OUTER_BOUND('',#332,.T.);
#208=FACE_OUTER_BOUND('',#333,.T.);
#209=FACE_OUTER_BOUND('',#334,.T.);
#210=FACE_OUTER_BOUND('',#335,.T.);
#211=FACE_OUTER_BOUND('',#337,.T.);
#212=FACE_OUTER_BOUND('',#338,.T.);
#213=FACE_OUTER_BOUND('',#339,.T.);
#214=FACE_OUTER_BOUND('',#340,.T.);
#215=FACE_OUTER_BOUND('',#342,.T.);
#216=FACE_OUTER_BOUND('',#343,.T.);
#217=FACE_OUTER_BOUND('',#344,.T.);
#218=FACE_OUTER_BOUND('',#345,.T.);
#219=FACE_OUTER_BOUND('',#346,.T.);
#220=FACE_OUTER_BOUND('',#347,.T.);
#221=FACE_OUTER_BOUND('',#349,.T.);
#222=FACE_OUTER_BOUND('',#350,.T.);
#223=FACE_OUTER_BOUND('',#352,.T.);
#224=FACE_OUTER_BOUND('',#353,.T.);
#225=FACE_OUTER_BOUND('',#355,.T.);
#226=FACE_OUTER_BOUND('',#356,.T.);
#227=FACE_OUTER_BOUND('',#358,.T.);
#228=FACE_OUTER_BOUND('',#359,.T.);
#229=FACE_OUTER_BOUND('',#360,.T.);
#230=FACE_OUTER_BOUND('',#361,.T.);
#231=FACE_OUTER_BOUND('',#362,.T.);
#232=FACE_OUTER_BOUND('',#363,.T.);
#233=FACE_OUTER_BOUND('',#364,.T.);
#234=FACE_OUTER_BOUND('',#365,.T.);
#235=FACE_OUTER_BOUND('',#366,.T.);
#236=FACE_OUTER_BOUND('',#367,.T.);
#237=FACE_OUTER_BOUND('',#368,.T.);
#238=FACE_OUTER_BOUND('',#369,.T.);
#239=FACE_OUTER_BOUND('',#370,.T.);
#240=FACE_OUTER_BOUND('',#371,.T.);
#241=FACE_OUTER_BOUND('',#372,.T.);
#242=FACE_OUTER_BOUND('',#376,.T.);
#243=FACE_OUTER_BOUND('',#377,.T.);
#244=FACE_OUTER_BOUND('',#378,.T.);
#245=FACE_OUTER_BOUND('',#379,.T.);
#246=EDGE_LOOP('',(#1419,#1420,#1421,#1422));
#247=EDGE_LOOP('',(#1423,#1424,#1425,#1426));
#248=EDGE_LOOP('',(#1427,#1428,#1429,#1430));
#249=EDGE_LOOP('',(#1431,#1432,#1433,#1434));
#250=EDGE_LOOP('',(#1435,#1436,#1437,#1438));
#251=EDGE_LOOP('',(#1439,#1440,#1441,#1442));
#252=EDGE_LOOP('',(#1443,#1444,#1445,#1446,#1447,#1448));
#253=EDGE_LOOP('',(#1449));
#254=EDGE_LOOP('',(#1450));
#255=EDGE_LOOP('',(#1451,#1452,#1453,#1454));
#256=EDGE_LOOP('',(#1455,#1456,#1457,#1458));
#257=EDGE_LOOP('',(#1459,#1460,#1461,#1462));
#258=EDGE_LOOP('',(#1463,#1464,#1465,#1466));
#259=EDGE_LOOP('',(#1467,#1468,#1469,#1470));
#260=EDGE_LOOP('',(#1471,#1472,#1473,#1474));
#261=EDGE_LOOP('',(#1475,#1476,#1477,#1478));
#262=EDGE_LOOP('',(#1479,#1480,#1481,#1482));
#263=EDGE_LOOP('',(#1483,#1484,#1485,#1486,#1487));
#264=EDGE_LOOP('',(#1488));
#265=EDGE_LOOP('',(#1489,#1490,#1491,#1492,#1493,#1494,#1495,#1496,#1497,
#1498,#1499,#1500,#1501,#1502,#1503,#1504));
#266=EDGE_LOOP('',(#1505,#1506,#1507,#1508));
#267=EDGE_LOOP('',(#1509,#1510,#1511,#1512,#1513,#1514,#1515,#1516,#1517,
#1518,#1519,#1520,#1521,#1522,#1523,#1524));
#268=EDGE_LOOP('',(#1525,#1526,#1527,#1528));
#269=EDGE_LOOP('',(#1529,#1530,#1531,#1532));
#270=EDGE_LOOP('',(#1533,#1534,#1535,#1536,#1537));
#271=EDGE_LOOP('',(#1538));
#272=EDGE_LOOP('',(#1539,#1540,#1541,#1542,#1543,#1544));
#273=EDGE_LOOP('',(#1545,#1546,#1547,#1548,#1549));
#274=EDGE_LOOP('',(#1550,#1551,#1552,#1553,#1554,#1555));
#275=EDGE_LOOP('',(#1556,#1557,#1558,#1559,#1560));
#276=EDGE_LOOP('',(#1561,#1562,#1563,#1564,#1565));
#277=EDGE_LOOP('',(#1566,#1567,#1568,#1569));
#278=EDGE_LOOP('',(#1570,#1571,#1572,#1573,#1574,#1575,#1576,#1577));
#279=EDGE_LOOP('',(#1578,#1579,#1580,#1581));
#280=EDGE_LOOP('',(#1582,#1583,#1584,#1585));
#281=EDGE_LOOP('',(#1586,#1587,#1588,#1589,#1590,#1591,#1592,#1593));
#282=EDGE_LOOP('',(#1594,#1595,#1596,#1597,#1598));
#283=EDGE_LOOP('',(#1599,#1600,#1601,#1602));
#284=EDGE_LOOP('',(#1603,#1604,#1605,#1606,#1607,#1608,#1609,#1610));
#285=EDGE_LOOP('',(#1611,#1612,#1613,#1614,#1615));
#286=EDGE_LOOP('',(#1616,#1617,#1618,#1619,#1620,#1621,#1622,#1623));
#287=EDGE_LOOP('',(#1624,#1625,#1626,#1627,#1628));
#288=EDGE_LOOP('',(#1629,#1630,#1631));
#289=EDGE_LOOP('',(#1632,#1633,#1634,#1635));
#290=EDGE_LOOP('',(#1636,#1637,#1638,#1639,#1640));
#291=EDGE_LOOP('',(#1641,#1642,#1643));
#292=EDGE_LOOP('',(#1644,#1645,#1646,#1647,#1648));
#293=EDGE_LOOP('',(#1649,#1650,#1651,#1652,#1653));
#294=EDGE_LOOP('',(#1654,#1655,#1656,#1657));
#295=EDGE_LOOP('',(#1658,#1659,#1660,#1661,#1662,#1663,#1664,#1665));
#296=EDGE_LOOP('',(#1666,#1667,#1668,#1669));
#297=EDGE_LOOP('',(#1670,#1671,#1672,#1673));
#298=EDGE_LOOP('',(#1674,#1675,#1676,#1677,#1678));
#299=EDGE_LOOP('',(#1679,#1680,#1681));
#300=EDGE_LOOP('',(#1682,#1683,#1684,#1685));
#301=EDGE_LOOP('',(#1686,#1687,#1688,#1689,#1690,#1691,#1692,#1693));
#302=EDGE_LOOP('',(#1694,#1695,#1696,#1697,#1698));
#303=EDGE_LOOP('',(#1699,#1700,#1701,#1702));
#304=EDGE_LOOP('',(#1703,#1704,#1705,#1706,#1707,#1708,#1709,#1710));
#305=EDGE_LOOP('',(#1711,#1712,#1713,#1714));
#306=EDGE_LOOP('',(#1715,#1716,#1717,#1718,#1719));
#307=EDGE_LOOP('',(#1720,#1721,#1722));
#308=EDGE_LOOP('',(#1723,#1724,#1725,#1726,#1727,#1728,#1729,#1730));
#309=EDGE_LOOP('',(#1731,#1732,#1733,#1734));
#310=EDGE_LOOP('',(#1735,#1736,#1737,#1738));
#311=EDGE_LOOP('',(#1739,#1740,#1741,#1742));
#312=EDGE_LOOP('',(#1743,#1744,#1745));
#313=EDGE_LOOP('',(#1746));
#314=EDGE_LOOP('',(#1747,#1748,#1749,#1750,#1751,#1752));
#315=EDGE_LOOP('',(#1753,#1754,#1755));
#316=EDGE_LOOP('',(#1756));
#317=EDGE_LOOP('',(#1757,#1758,#1759,#1760,#1761,#1762,#1763));
#318=EDGE_LOOP('',(#1764,#1765,#1766,#1767,#1768,#1769));
#319=EDGE_LOOP('',(#1770,#1771,#1772,#1773,#1774,#1775));
#320=EDGE_LOOP('',(#1776,#1777,#1778,#1779,#1780));
#321=EDGE_LOOP('',(#1781,#1782,#1783,#1784));
#322=EDGE_LOOP('',(#1785,#1786,#1787,#1788,#1789,#1790,#1791,#1792,#1793,
#1794,#1795,#1796,#1797,#1798));
#323=EDGE_LOOP('',(#1799,#1800,#1801,#1802,#1803,#1804));
#324=EDGE_LOOP('',(#1805,#1806,#1807,#1808,#1809,#1810));
#325=EDGE_LOOP('',(#1811));
#326=EDGE_LOOP('',(#1812));
#327=EDGE_LOOP('',(#1813));
#328=EDGE_LOOP('',(#1814));
#329=EDGE_LOOP('',(#1815,#1816,#1817,#1818));
#330=EDGE_LOOP('',(#1819,#1820,#1821,#1822));
#331=EDGE_LOOP('',(#1823,#1824,#1825,#1826));
#332=EDGE_LOOP('',(#1827,#1828,#1829,#1830));
#333=EDGE_LOOP('',(#1831,#1832,#1833,#1834,#1835,#1836,#1837,#1838));
#334=EDGE_LOOP('',(#1839,#1840,#1841,#1842));
#335=EDGE_LOOP('',(#1843,#1844,#1845,#1846,#1847));
#336=EDGE_LOOP('',(#1848));
#337=EDGE_LOOP('',(#1849,#1850,#1851,#1852,#1853,#1854,#1855,#1856));
#338=EDGE_LOOP('',(#1857,#1858,#1859,#1860));
#339=EDGE_LOOP('',(#1861,#1862,#1863,#1864));
#340=EDGE_LOOP('',(#1865,#1866,#1867,#1868,#1869));
#341=EDGE_LOOP('',(#1870));
#342=EDGE_LOOP('',(#1871,#1872,#1873,#1874));
#343=EDGE_LOOP('',(#1875,#1876,#1877,#1878));
#344=EDGE_LOOP('',(#1879,#1880,#1881,#1882));
#345=EDGE_LOOP('',(#1883,#1884,#1885,#1886));
#346=EDGE_LOOP('',(#1887,#1888,#1889,#1890,#1891));
#347=EDGE_LOOP('',(#1892,#1893));
#348=EDGE_LOOP('',(#1894));
#349=EDGE_LOOP('',(#1895,#1896,#1897,#1898));
#350=EDGE_LOOP('',(#1899,#1900));
#351=EDGE_LOOP('',(#1901));
#352=EDGE_LOOP('',(#1902,#1903,#1904,#1905,#1906));
#353=EDGE_LOOP('',(#1907,#1908));
#354=EDGE_LOOP('',(#1909));
#355=EDGE_LOOP('',(#1910,#1911,#1912,#1913));
#356=EDGE_LOOP('',(#1914,#1915));
#357=EDGE_LOOP('',(#1916));
#358=EDGE_LOOP('',(#1917,#1918,#1919,#1920));
#359=EDGE_LOOP('',(#1921,#1922,#1923,#1924,#1925));
#360=EDGE_LOOP('',(#1926,#1927,#1928,#1929,#1930,#1931,#1932,#1933,#1934,
#1935,#1936,#1937,#1938,#1939));
#361=EDGE_LOOP('',(#1940,#1941,#1942,#1943,#1944,#1945));
#362=EDGE_LOOP('',(#1946,#1947,#1948,#1949));
#363=EDGE_LOOP('',(#1950,#1951,#1952,#1953,#1954,#1955,#1956,#1957,#1958,
#1959,#1960));
#364=EDGE_LOOP('',(#1961,#1962));
#365=EDGE_LOOP('',(#1963,#1964,#1965,#1966,#1967));
#366=EDGE_LOOP('',(#1968,#1969,#1970,#1971,#1972,#1973,#1974,#1975));
#367=EDGE_LOOP('',(#1976,#1977,#1978,#1979,#1980,#1981,#1982,#1983,#1984,
#1985,#1986,#1987,#1988,#1989));
#368=EDGE_LOOP('',(#1990,#1991,#1992,#1993));
#369=EDGE_LOOP('',(#1994,#1995,#1996,#1997,#1998));
#370=EDGE_LOOP('',(#1999,#2000,#2001,#2002,#2003,#2004,#2005,#2006,#2007,
#2008,#2009,#2010,#2011,#2012));
#371=EDGE_LOOP('',(#2013,#2014,#2015,#2016,#2017,#2018));
#372=EDGE_LOOP('',(#2019,#2020,#2021,#2022));
#373=EDGE_LOOP('',(#2023,#2024,#2025,#2026));
#374=EDGE_LOOP('',(#2027));
#375=EDGE_LOOP('',(#2028));
#376=EDGE_LOOP('',(#2029,#2030,#2031,#2032,#2033,#2034));
#377=EDGE_LOOP('',(#2035,#2036,#2037,#2038,#2039,#2040));
#378=EDGE_LOOP('',(#2041,#2042,#2043,#2044));
#379=EDGE_LOOP('',(#2045,#2046,#2047,#2048));
#380=LINE('',#3044,#598);
#381=LINE('',#3047,#599);
#382=LINE('',#3050,#600);
#383=LINE('',#3052,#601);
#384=LINE('',#3053,#602);
#385=LINE('',#3058,#603);
#386=LINE('',#3062,#604);
#387=LINE('',#3064,#605);
#388=LINE('',#3065,#606);
#389=LINE('',#3068,#607);
#390=LINE('',#3070,#608);
#391=LINE('',#3071,#609);
#392=LINE('',#3075,#610);
#393=LINE('',#3076,#611);
#394=LINE('',#3077,#612);
#395=LINE('',#3081,#613);
#396=LINE('',#3087,#614);
#397=LINE('',#3098,#615);
#398=LINE('',#3100,#616);
#399=LINE('',#3102,#617);
#400=LINE('',#3103,#618);
#401=LINE('',#3106,#619);
#402=LINE('',#3108,#620);
#403=LINE('',#3109,#621);
#404=LINE('',#3112,#622);
#405=LINE('',#3114,#623);
#406=LINE('',#3115,#624);
#407=LINE('',#3120,#625);
#408=LINE('',#3123,#626);
#409=LINE('',#3124,#627);
#410=LINE('',#3127,#628);
#411=LINE('',#3131,#629);
#412=LINE('',#3134,#630);
#413=LINE('',#3137,#631);
#414=LINE('',#3140,#632);
#415=LINE('',#3141,#633);
#416=LINE('',#3144,#634);
#417=LINE('',#3145,#635);
#418=LINE('',#3148,#636);
#419=LINE('',#3152,#637);
#420=LINE('',#3153,#638);
#421=LINE('',#3156,#639);
#422=LINE('',#3164,#640);
#423=LINE('',#3193,#641);
#424=LINE('',#3198,#642);
#425=LINE('',#3207,#643);
#426=LINE('',#3212,#644);
#427=LINE('',#3241,#645);
#428=LINE('',#3246,#646);
#429=LINE('',#3255,#647);
#430=LINE('',#3260,#648);
#431=LINE('',#3262,#649);
#432=LINE('',#3264,#650);
#433=LINE('',#3266,#651);
#434=LINE('',#3267,#652);
#435=LINE('',#3271,#653);
#436=LINE('',#3272,#654);
#437=LINE('',#3273,#655);
#438=LINE('',#3276,#656);
#439=LINE('',#3278,#657);
#440=LINE('',#3280,#658);
#441=LINE('',#3282,#659);
#442=LINE('',#3284,#660);
#443=LINE('',#3285,#661);
#444=LINE('',#3288,#662);
#445=LINE('',#3289,#663);
#446=LINE('',#3294,#664);
#447=LINE('',#3295,#665);
#448=LINE('',#3298,#666);
#449=LINE('',#3300,#667);
#450=LINE('',#3302,#668);
#451=LINE('',#3303,#669);
#452=LINE('',#3307,#670);
#453=LINE('',#3309,#671);
#454=LINE('',#3311,#672);
#455=LINE('',#3313,#673);
#456=LINE('',#3314,#674);
#457=LINE('',#3317,#675);
#458=LINE('',#3319,#676);
#459=LINE('',#3320,#677);
#460=LINE('',#3323,#678);
#461=LINE('',#3325,#679);
#462=LINE('',#3327,#680);
#463=LINE('',#3329,#681);
#464=LINE('',#3331,#682);
#465=LINE('',#3332,#683);
#466=LINE('',#3335,#684);
#467=LINE('',#3341,#685);
#468=LINE('',#3343,#686);
#469=LINE('',#3345,#687);
#470=LINE('',#3347,#688);
#471=LINE('',#3349,#689);
#472=LINE('',#3350,#690);
#473=LINE('',#3354,#691);
#474=LINE('',#3356,#692);
#475=LINE('',#3357,#693);
#476=LINE('',#3358,#694);
#477=LINE('',#3360,#695);
#478=LINE('',#3365,#696);
#479=LINE('',#3367,#697);
#480=LINE('',#3368,#698);
#481=LINE('',#3370,#699);
#482=LINE('',#3373,#700);
#483=LINE('',#3380,#701);
#484=LINE('',#3382,#702);
#485=LINE('',#3384,#703);
#486=LINE('',#3386,#704);
#487=LINE('',#3387,#705);
#488=LINE('',#3390,#706);
#489=LINE('',#3392,#707);
#490=LINE('',#3393,#708);
#491=LINE('',#3395,#709);
#492=LINE('',#3397,#710);
#493=LINE('',#3398,#711);
#494=LINE('',#3403,#712);
#495=LINE('',#3404,#713);
#496=LINE('',#3407,#714);
#497=LINE('',#3409,#715);
#498=LINE('',#3410,#716);
#499=LINE('',#3412,#717);
#500=LINE('',#3415,#718);
#501=LINE('',#3417,#719);
#502=LINE('',#3421,#720);
#503=LINE('',#3423,#721);
#504=LINE('',#3425,#722);
#505=LINE('',#3426,#723);
#506=LINE('',#3429,#724);
#507=LINE('',#3431,#725);
#508=LINE('',#3432,#726);
#509=LINE('',#3435,#727);
#510=LINE('',#3436,#728);
#511=LINE('',#3438,#729);
#512=LINE('',#3440,#730);
#513=LINE('',#3441,#731);
#514=LINE('',#3443,#732);
#515=LINE('',#3446,#733);
#516=LINE('',#3448,#734);
#517=LINE('',#3449,#735);
#518=LINE('',#3451,#736);
#519=LINE('',#3453,#737);
#520=LINE('',#3454,#738);
#521=LINE('',#3458,#739);
#522=LINE('',#3467,#740);
#523=LINE('',#3472,#741);
#524=LINE('',#3496,#742);
#525=LINE('',#3503,#743);
#526=LINE('',#3508,#744);
#527=LINE('',#3535,#745);
#528=LINE('',#3538,#746);
#529=LINE('',#3540,#747);
#530=LINE('',#3542,#748);
#531=LINE('',#3543,#749);
#532=LINE('',#3546,#750);
#533=LINE('',#3548,#751);
#534=LINE('',#3550,#752);
#535=LINE('',#3551,#753);
#536=LINE('',#3560,#754);
#537=LINE('',#3563,#755);
#538=LINE('',#3566,#756);
#539=LINE('',#3568,#757);
#540=LINE('',#3570,#758);
#541=LINE('',#3572,#759);
#542=LINE('',#3574,#760);
#543=LINE('',#3580,#761);
#544=LINE('',#3582,#762);
#545=LINE('',#3584,#763);
#546=LINE('',#3586,#764);
#547=LINE('',#3588,#765);
#548=LINE('',#3601,#766);
#549=LINE('',#3604,#767);
#550=LINE('',#3605,#768);
#551=LINE('',#3610,#769);
#552=LINE('',#3611,#770);
#553=LINE('',#3615,#771);
#554=LINE('',#3619,#772);
#555=LINE('',#3622,#773);
#556=LINE('',#3623,#774);
#557=LINE('',#3625,#775);
#558=LINE('',#3629,#776);
#559=LINE('',#3632,#777);
#560=LINE('',#3633,#778);
#561=LINE('',#3636,#779);
#562=LINE('',#3637,#780);
#563=LINE('',#3639,#781);
#564=LINE('',#3643,#782);
#565=LINE('',#3647,#783);
#566=LINE('',#3651,#784);
#567=LINE('',#3655,#785);
#568=LINE('',#3658,#786);
#569=LINE('',#3686,#787);
#570=LINE('',#3691,#788);
#571=LINE('',#3719,#789);
#572=LINE('',#3724,#790);
#573=LINE('',#3726,#791);
#574=LINE('',#3727,#792);
#575=LINE('',#3730,#793);
#576=LINE('',#3732,#794);
#577=LINE('',#3734,#795);
#578=LINE('',#3735,#796);
#579=LINE('',#3739,#797);
#580=LINE('',#3740,#798);
#581=LINE('',#3742,#799);
#582=LINE('',#3744,#800);
#583=LINE('',#3747,#801);
#584=LINE('',#3749,#802);
#585=LINE('',#3750,#803);
#586=LINE('',#3753,#804);
#587=LINE('',#3754,#805);
#588=LINE('',#3757,#806);
#589=LINE('',#3767,#807);
#590=LINE('',#3771,#808);
#591=LINE('',#3772,#809);
#592=LINE('',#3774,#810);
#593=LINE('',#3775,#811);
#594=LINE('',#3778,#812);
#595=LINE('',#3780,#813);
#596=LINE('',#3792,#814);
#597=LINE('',#3794,#815);
#598=VECTOR('',#2421,10.);
#599=VECTOR('',#2424,10.);
#600=VECTOR('',#2427,10.);
#601=VECTOR('',#2428,10.);
#602=VECTOR('',#2429,10.);
#603=VECTOR('',#2434,10.);
#604=VECTOR('',#2439,10.);
#605=VECTOR('',#2440,10.);
#606=VECTOR('',#2441,10.);
#607=VECTOR('',#2444,10.);
#608=VECTOR('',#2445,10.);
#609=VECTOR('',#2446,10.);
#610=VECTOR('',#2449,10.);
#611=VECTOR('',#2450,10.);
#612=VECTOR('',#2451,10.);
#613=VECTOR('',#2454,10.);
#614=VECTOR('',#2459,10.);
#615=VECTOR('',#2470,10.);
#616=VECTOR('',#2471,10.);
#617=VECTOR('',#2472,10.);
#618=VECTOR('',#2473,10.);
#619=VECTOR('',#2476,10.);
#620=VECTOR('',#2477,10.);
#621=VECTOR('',#2478,10.);
#622=VECTOR('',#2481,10.);
#623=VECTOR('',#2482,10.);
#624=VECTOR('',#2483,10.);
#625=VECTOR('',#2488,10.);
#626=VECTOR('',#2493,10.);
#627=VECTOR('',#2494,10.);
#628=VECTOR('',#2497,1.65);
#629=VECTOR('',#2502,10.);
#630=VECTOR('',#2505,10.);
#631=VECTOR('',#2508,10.);
#632=VECTOR('',#2513,10.);
#633=VECTOR('',#2514,10.);
#634=VECTOR('',#2517,10.);
#635=VECTOR('',#2518,10.);
#636=VECTOR('',#2521,1.65);
#637=VECTOR('',#2526,10.);
#638=VECTOR('',#2527,10.);
#639=VECTOR('',#2530,10.);
#640=VECTOR('',#2541,2.85);
#641=VECTOR('',#2546,10.);
#642=VECTOR('',#2551,2.85);
#643=VECTOR('',#2554,10.);
#644=VECTOR('',#2559,2.85);
#645=VECTOR('',#2564,10.);
#646=VECTOR('',#2569,2.85);
#647=VECTOR('',#2572,10.);
#648=VECTOR('',#2577,10.);
#649=VECTOR('',#2578,10.);
#650=VECTOR('',#2579,10.);
#651=VECTOR('',#2580,10.);
#652=VECTOR('',#2581,10.);
#653=VECTOR('',#2584,10.);
#654=VECTOR('',#2585,10.);
#655=VECTOR('',#2586,10.);
#656=VECTOR('',#2589,10.);
#657=VECTOR('',#2590,10.);
#658=VECTOR('',#2591,10.);
#659=VECTOR('',#2592,10.);
#660=VECTOR('',#2593,10.);
#661=VECTOR('',#2594,10.);
#662=VECTOR('',#2597,10.);
#663=VECTOR('',#2598,10.);
#664=VECTOR('',#2603,10.);
#665=VECTOR('',#2604,10.);
#666=VECTOR('',#2607,10.);
#667=VECTOR('',#2608,10.);
#668=VECTOR('',#2609,10.);
#669=VECTOR('',#2610,10.);
#670=VECTOR('',#2613,10.);
#671=VECTOR('',#2614,10.);
#672=VECTOR('',#2615,10.);
#673=VECTOR('',#2616,10.);
#674=VECTOR('',#2617,10.);
#675=VECTOR('',#2620,10.);
#676=VECTOR('',#2621,10.);
#677=VECTOR('',#2622,10.);
#678=VECTOR('',#2625,10.);
#679=VECTOR('',#2626,10.);
#680=VECTOR('',#2627,10.);
#681=VECTOR('',#2628,10.);
#682=VECTOR('',#2629,10.);
#683=VECTOR('',#2630,10.);
#684=VECTOR('',#2633,10.);
#685=VECTOR('',#2640,10.);
#686=VECTOR('',#2641,10.);
#687=VECTOR('',#2642,10.);
#688=VECTOR('',#2643,10.);
#689=VECTOR('',#2644,10.);
#690=VECTOR('',#2645,10.);
#691=VECTOR('',#2648,10.);
#692=VECTOR('',#2649,10.);
#693=VECTOR('',#2650,10.);
#694=VECTOR('',#2651,10.);
#695=VECTOR('',#2654,10.);
#696=VECTOR('',#2661,10.);
#697=VECTOR('',#2662,10.);
#698=VECTOR('',#2663,10.);
#699=VECTOR('',#2666,10.);
#700=VECTOR('',#2669,10.);
#701=VECTOR('',#2676,10.);
#702=VECTOR('',#2677,10.);
#703=VECTOR('',#2678,10.);
#704=VECTOR('',#2679,10.);
#705=VECTOR('',#2680,10.);
#706=VECTOR('',#2683,10.);
#707=VECTOR('',#2684,10.);
#708=VECTOR('',#2685,10.);
#709=VECTOR('',#2688,10.);
#710=VECTOR('',#2689,10.);
#711=VECTOR('',#2690,10.);
#712=VECTOR('',#2697,10.);
#713=VECTOR('',#2698,10.);
#714=VECTOR('',#2701,10.);
#715=VECTOR('',#2702,10.);
#716=VECTOR('',#2703,10.);
#717=VECTOR('',#2706,10.);
#718=VECTOR('',#2709,10.);
#719=VECTOR('',#2710,10.);
#720=VECTOR('',#2715,10.);
#721=VECTOR('',#2716,10.);
#722=VECTOR('',#2717,10.);
#723=VECTOR('',#2718,10.);
#724=VECTOR('',#2721,10.);
#725=VECTOR('',#2722,10.);
#726=VECTOR('',#2723,10.);
#727=VECTOR('',#2726,10.);
#728=VECTOR('',#2727,10.);
#729=VECTOR('',#2730,10.);
#730=VECTOR('',#2731,10.);
#731=VECTOR('',#2732,10.);
#732=VECTOR('',#2735,10.);
#733=VECTOR('',#2738,10.);
#734=VECTOR('',#2739,10.);
#735=VECTOR('',#2740,10.);
#736=VECTOR('',#2743,10.);
#737=VECTOR('',#2746,10.);
#738=VECTOR('',#2747,10.);
#739=VECTOR('',#2754,10.);
#740=VECTOR('',#2765,10.);
#741=VECTOR('',#2770,10.);
#742=VECTOR('',#2775,10.);
#743=VECTOR('',#2782,10.);
#744=VECTOR('',#2787,10.);
#745=VECTOR('',#2792,10.);
#746=VECTOR('',#2795,10.);
#747=VECTOR('',#2796,10.);
#748=VECTOR('',#2797,10.);
#749=VECTOR('',#2798,10.);
#750=VECTOR('',#2801,10.);
#751=VECTOR('',#2802,10.);
#752=VECTOR('',#2803,10.);
#753=VECTOR('',#2804,10.);
#754=VECTOR('',#2815,3.5);
#755=VECTOR('',#2818,10.);
#756=VECTOR('',#2821,10.);
#757=VECTOR('',#2822,10.);
#758=VECTOR('',#2823,10.);
#759=VECTOR('',#2824,10.);
#760=VECTOR('',#2825,10.);
#761=VECTOR('',#2830,10.);
#762=VECTOR('',#2831,10.);
#763=VECTOR('',#2832,10.);
#764=VECTOR('',#2833,10.);
#765=VECTOR('',#2834,10.);
#766=VECTOR('',#2849,10.);
#767=VECTOR('',#2852,10.);
#768=VECTOR('',#2853,10.);
#769=VECTOR('',#2858,3.5);
#770=VECTOR('',#2859,10.);
#771=VECTOR('',#2864,10.);
#772=VECTOR('',#2869,1.65);
#773=VECTOR('',#2872,10.);
#774=VECTOR('',#2873,10.);
#775=VECTOR('',#2876,10.);
#776=VECTOR('',#2881,1.65);
#777=VECTOR('',#2884,10.);
#778=VECTOR('',#2885,10.);
#779=VECTOR('',#2888,10.);
#780=VECTOR('',#2889,10.);
#781=VECTOR('',#2892,10.);
#782=VECTOR('',#2897,1.65);
#783=VECTOR('',#2902,1.65);
#784=VECTOR('',#2907,1.65);
#785=VECTOR('',#2912,1.65);
#786=VECTOR('',#2917,10.);
#787=VECTOR('',#2926,10.);
#788=VECTOR('',#2935,10.);
#789=VECTOR('',#2944,10.);
#790=VECTOR('',#2951,10.);
#791=VECTOR('',#2952,10.);
#792=VECTOR('',#2953,10.);
#793=VECTOR('',#2956,10.);
#794=VECTOR('',#2957,10.);
#795=VECTOR('',#2958,10.);
#796=VECTOR('',#2959,10.);
#797=VECTOR('',#2964,10.);
#798=VECTOR('',#2965,10.);
#799=VECTOR('',#2966,10.);
#800=VECTOR('',#2969,10.);
#801=VECTOR('',#2972,10.);
#802=VECTOR('',#2973,10.);
#803=VECTOR('',#2974,10.);
#804=VECTOR('',#2977,10.);
#805=VECTOR('',#2978,10.);
#806=VECTOR('',#2983,12.2);
#807=VECTOR('',#2992,10.);
#808=VECTOR('',#2999,10.);
#809=VECTOR('',#3000,10.);
#810=VECTOR('',#3003,10.);
#811=VECTOR('',#3004,10.);
#812=VECTOR('',#3009,10.);
#813=VECTOR('',#3012,10.);
#814=VECTOR('',#3031,1.);
#815=VECTOR('',#3034,1.);
#816=CIRCLE('',#2213,11.);
#817=CIRCLE('',#2214,11.);
#818=CIRCLE('',#2217,13.7);
#819=CIRCLE('',#2218,13.7);
#820=CIRCLE('',#2223,3.50000000000001);
#821=CIRCLE('',#2224,3.5);
#822=CIRCLE('',#2225,3.5);
#823=CIRCLE('',#2226,3.50000000000001);
#824=CIRCLE('',#2227,1.65);
#825=CIRCLE('',#2228,1.65);
#826=CIRCLE('',#2233,13.7);
#827=CIRCLE('',#2234,13.7);
#828=CIRCLE('',#2237,1.65);
#829=CIRCLE('',#2239,3.50000000000001);
#830=CIRCLE('',#2241,3.5);
#831=CIRCLE('',#2245,1.65);
#832=CIRCLE('',#2248,3.5);
#833=CIRCLE('',#2250,3.50000000000001);
#834=CIRCLE('',#2253,2.85);
#835=CIRCLE('',#2254,2.85);
#836=CIRCLE('',#2255,2.85);
#837=CIRCLE('',#2257,2.85);
#838=CIRCLE('',#2258,2.85);
#839=CIRCLE('',#2260,2.85);
#840=CIRCLE('',#2261,2.85);
#841=CIRCLE('',#2262,2.85);
#842=CIRCLE('',#2264,2.85);
#843=CIRCLE('',#2265,2.85);
#844=CIRCLE('',#2271,1.65);
#845=CIRCLE('',#2277,1.65);
#846=CIRCLE('',#2278,1.65);
#847=CIRCLE('',#2283,1.65);
#848=CIRCLE('',#2287,1.65);
#849=CIRCLE('',#2288,1.65);
#850=CIRCLE('',#2293,1.65);
#851=CIRCLE('',#2298,1.65);
#852=CIRCLE('',#2308,1.65);
#853=CIRCLE('',#2311,1.65);
#854=CIRCLE('',#2313,7.125);
#855=CIRCLE('',#2314,3.);
#856=CIRCLE('',#2315,1.);
#857=CIRCLE('',#2317,3.);
#858=CIRCLE('',#2318,3.);
#859=CIRCLE('',#2320,7.125);
#860=CIRCLE('',#2321,3.);
#861=CIRCLE('',#2322,1.);
#862=CIRCLE('',#2324,3.);
#863=CIRCLE('',#2325,3.);
#864=CIRCLE('',#2329,10.7);
#865=CIRCLE('',#2330,7.125);
#866=CIRCLE('',#2332,3.5);
#867=CIRCLE('',#2333,3.5);
#868=CIRCLE('',#2335,3.5);
#869=CIRCLE('',#2336,3.5);
#870=CIRCLE('',#2337,3.5);
#871=CIRCLE('',#2338,1.65);
#872=CIRCLE('',#2339,1.65);
#873=CIRCLE('',#2340,1.65);
#874=CIRCLE('',#2341,1.65);
#875=CIRCLE('',#2343,3.5);
#876=CIRCLE('',#2346,3.5);
#877=CIRCLE('',#2348,3.5);
#878=CIRCLE('',#2350,1.65);
#879=CIRCLE('',#2354,1.65);
#880=CIRCLE('',#2359,1.65);
#881=CIRCLE('',#2361,1.65);
#882=CIRCLE('',#2363,1.65);
#883=CIRCLE('',#2365,1.65);
#884=CIRCLE('',#2367,2.85);
#885=CIRCLE('',#2368,2.85);
#886=CIRCLE('',#2371,2.85);
#887=CIRCLE('',#2372,2.85);
#888=CIRCLE('',#2375,2.85);
#889=CIRCLE('',#2376,2.85);
#890=CIRCLE('',#2379,2.85);
#891=CIRCLE('',#2380,2.85);
#892=CIRCLE('',#2385,11.);
#893=CIRCLE('',#2386,11.);
#894=CIRCLE('',#2390,10.7);
#895=CIRCLE('',#2391,13.7);
#896=CIRCLE('',#2392,13.7);
#897=CIRCLE('',#2393,13.7);
#898=CIRCLE('',#2396,7.125);
#899=CIRCLE('',#2404,7.125);
#900=CIRCLE('',#2405,7.125);
#901=CIRCLE('',#2406,1.);
#902=CIRCLE('',#2407,1.);
#903=VERTEX_POINT('',#3040);
#904=VERTEX_POINT('',#3041);
#905=VERTEX_POINT('',#3043);
#906=VERTEX_POINT('',#3045);
#907=VERTEX_POINT('',#3049);
#908=VERTEX_POINT('',#3051);
#909=VERTEX_POINT('',#3055);
#910=VERTEX_POINT('',#3057);
#911=VERTEX_POINT('',#3061);
#912=VERTEX_POINT('',#3063);
#913=VERTEX_POINT('',#3067);
#914=VERTEX_POINT('',#3069);
#915=VERTEX_POINT('',#3073);
#916=VERTEX_POINT('',#3074);
#917=VERTEX_POINT('',#3079);
#918=VERTEX_POINT('',#3080);
#919=VERTEX_POINT('',#3082);
#920=VERTEX_POINT('',#3084);
#921=VERTEX_POINT('',#3086);
#922=VERTEX_POINT('',#3088);
#923=VERTEX_POINT('',#3091);
#924=VERTEX_POINT('',#3093);
#925=VERTEX_POINT('',#3096);
#926=VERTEX_POINT('',#3097);
#927=VERTEX_POINT('',#3099);
#928=VERTEX_POINT('',#3101);
#929=VERTEX_POINT('',#3105);
#930=VERTEX_POINT('',#3107);
#931=VERTEX_POINT('',#3111);
#932=VERTEX_POINT('',#3113);
#933=VERTEX_POINT('',#3117);
#934=VERTEX_POINT('',#3119);
#935=VERTEX_POINT('',#3126);
#936=VERTEX_POINT('',#3130);
#937=VERTEX_POINT('',#3132);
#938=VERTEX_POINT('',#3136);
#939=VERTEX_POINT('',#3143);
#940=VERTEX_POINT('',#3147);
#941=VERTEX_POINT('',#3151);
#942=VERTEX_POINT('',#3155);
#943=VERTEX_POINT('',#3162);
#944=VERTEX_POINT('',#3163);
#945=VERTEX_POINT('',#3165);
#946=VERTEX_POINT('',#3167);
#947=VERTEX_POINT('',#3190);
#948=VERTEX_POINT('',#3192);
#949=VERTEX_POINT('',#3196);
#950=VERTEX_POINT('',#3197);
#951=VERTEX_POINT('',#3199);
#952=VERTEX_POINT('',#3204);
#953=VERTEX_POINT('',#3206);
#954=VERTEX_POINT('',#3210);
#955=VERTEX_POINT('',#3211);
#956=VERTEX_POINT('',#3213);
#957=VERTEX_POINT('',#3215);
#958=VERTEX_POINT('',#3238);
#959=VERTEX_POINT('',#3240);
#960=VERTEX_POINT('',#3244);
#961=VERTEX_POINT('',#3245);
#962=VERTEX_POINT('',#3247);
#963=VERTEX_POINT('',#3252);
#964=VERTEX_POINT('',#3254);
#965=VERTEX_POINT('',#3258);
#966=VERTEX_POINT('',#3259);
#967=VERTEX_POINT('',#3261);
#968=VERTEX_POINT('',#3263);
#969=VERTEX_POINT('',#3265);
#970=VERTEX_POINT('',#3269);
#971=VERTEX_POINT('',#3270);
#972=VERTEX_POINT('',#3275);
#973=VERTEX_POINT('',#3277);
#974=VERTEX_POINT('',#3279);
#975=VERTEX_POINT('',#3281);
#976=VERTEX_POINT('',#3283);
#977=VERTEX_POINT('',#3287);
#978=VERTEX_POINT('',#3291);
#979=VERTEX_POINT('',#3293);
#980=VERTEX_POINT('',#3297);
#981=VERTEX_POINT('',#3299);
#982=VERTEX_POINT('',#3301);
#983=VERTEX_POINT('',#3305);
#984=VERTEX_POINT('',#3306);
#985=VERTEX_POINT('',#3308);
#986=VERTEX_POINT('',#3310);
#987=VERTEX_POINT('',#3312);
#988=VERTEX_POINT('',#3316);
#989=VERTEX_POINT('',#3318);
#990=VERTEX_POINT('',#3322);
#991=VERTEX_POINT('',#3324);
#992=VERTEX_POINT('',#3326);
#993=VERTEX_POINT('',#3328);
#994=VERTEX_POINT('',#3330);
#995=VERTEX_POINT('',#3334);
#996=VERTEX_POINT('',#3336);
#997=VERTEX_POINT('',#3340);
#998=VERTEX_POINT('',#3342);
#999=VERTEX_POINT('',#3344);
#1000=VERTEX_POINT('',#3346);
#1001=VERTEX_POINT('',#3348);
#1002=VERTEX_POINT('',#3352);
#1003=VERTEX_POINT('',#3353);
#1004=VERTEX_POINT('',#3355);
#1005=VERTEX_POINT('',#3364);
#1006=VERTEX_POINT('',#3366);
#1007=VERTEX_POINT('',#3372);
#1008=VERTEX_POINT('',#3374);
#1009=VERTEX_POINT('',#3378);
#1010=VERTEX_POINT('',#3379);
#1011=VERTEX_POINT('',#3381);
#1012=VERTEX_POINT('',#3383);
#1013=VERTEX_POINT('',#3385);
#1014=VERTEX_POINT('',#3389);
#1015=VERTEX_POINT('',#3391);
#1016=VERTEX_POINT('',#3396);
#1017=VERTEX_POINT('',#3402);
#1018=VERTEX_POINT('',#3406);
#1019=VERTEX_POINT('',#3408);
#1020=VERTEX_POINT('',#3414);
#1021=VERTEX_POINT('',#3416);
#1022=VERTEX_POINT('',#3420);
#1023=VERTEX_POINT('',#3422);
#1024=VERTEX_POINT('',#3424);
#1025=VERTEX_POINT('',#3428);
#1026=VERTEX_POINT('',#3430);
#1027=VERTEX_POINT('',#3434);
#1028=VERTEX_POINT('',#3439);
#1029=VERTEX_POINT('',#3445);
#1030=VERTEX_POINT('',#3447);
#1031=VERTEX_POINT('',#3462);
#1032=VERTEX_POINT('',#3463);
#1033=VERTEX_POINT('',#3465);
#1034=VERTEX_POINT('',#3468);
#1035=VERTEX_POINT('',#3471);
#1036=VERTEX_POINT('',#3473);
#1037=VERTEX_POINT('',#3475);
#1038=VERTEX_POINT('',#3494);
#1039=VERTEX_POINT('',#3498);
#1040=VERTEX_POINT('',#3499);
#1041=VERTEX_POINT('',#3501);
#1042=VERTEX_POINT('',#3504);
#1043=VERTEX_POINT('',#3507);
#1044=VERTEX_POINT('',#3509);
#1045=VERTEX_POINT('',#3511);
#1046=VERTEX_POINT('',#3522);
#1047=VERTEX_POINT('',#3533);
#1048=VERTEX_POINT('',#3537);
#1049=VERTEX_POINT('',#3539);
#1050=VERTEX_POINT('',#3541);
#1051=VERTEX_POINT('',#3545);
#1052=VERTEX_POINT('',#3547);
#1053=VERTEX_POINT('',#3549);
#1054=VERTEX_POINT('',#3556);
#1055=VERTEX_POINT('',#3557);
#1056=VERTEX_POINT('',#3559);
#1057=VERTEX_POINT('',#3561);
#1058=VERTEX_POINT('',#3565);
#1059=VERTEX_POINT('',#3567);
#1060=VERTEX_POINT('',#3569);
#1061=VERTEX_POINT('',#3571);
#1062=VERTEX_POINT('',#3573);
#1063=VERTEX_POINT('',#3575);
#1064=VERTEX_POINT('',#3577);
#1065=VERTEX_POINT('',#3579);
#1066=VERTEX_POINT('',#3581);
#1067=VERTEX_POINT('',#3583);
#1068=VERTEX_POINT('',#3585);
#1069=VERTEX_POINT('',#3587);
#1070=VERTEX_POINT('',#3590);
#1071=VERTEX_POINT('',#3592);
#1072=VERTEX_POINT('',#3594);
#1073=VERTEX_POINT('',#3596);
#1074=VERTEX_POINT('',#3599);
#1075=VERTEX_POINT('',#3603);
#1076=VERTEX_POINT('',#3607);
#1077=VERTEX_POINT('',#3608);
#1078=VERTEX_POINT('',#3613);
#1079=VERTEX_POINT('',#3617);
#1080=VERTEX_POINT('',#3621);
#1081=VERTEX_POINT('',#3627);
#1082=VERTEX_POINT('',#3631);
#1083=VERTEX_POINT('',#3635);
#1084=VERTEX_POINT('',#3641);
#1085=VERTEX_POINT('',#3645);
#1086=VERTEX_POINT('',#3649);
#1087=VERTEX_POINT('',#3653);
#1088=VERTEX_POINT('',#3659);
#1089=VERTEX_POINT('',#3692);
#1090=VERTEX_POINT('',#3723);
#1091=VERTEX_POINT('',#3725);
#1092=VERTEX_POINT('',#3729);
#1093=VERTEX_POINT('',#3731);
#1094=VERTEX_POINT('',#3733);
#1095=VERTEX_POINT('',#3737);
#1096=VERTEX_POINT('',#3741);
#1097=VERTEX_POINT('',#3746);
#1098=VERTEX_POINT('',#3748);
#1099=VERTEX_POINT('',#3752);
#1100=VERTEX_POINT('',#3758);
#1101=VERTEX_POINT('',#3760);
#1102=VERTEX_POINT('',#3785);
#1103=VERTEX_POINT('',#3787);
#1104=EDGE_CURVE('',#903,#904,#816,.T.);
#1105=EDGE_CURVE('',#905,#903,#380,.T.);
#1106=EDGE_CURVE('',#905,#906,#817,.T.);
#1107=EDGE_CURVE('',#906,#904,#381,.T.);
#1108=EDGE_CURVE('',#907,#903,#382,.T.);
#1109=EDGE_CURVE('',#908,#907,#383,.T.);
#1110=EDGE_CURVE('',#905,#908,#384,.T.);
#1111=EDGE_CURVE('',#909,#907,#818,.T.);
#1112=EDGE_CURVE('',#910,#909,#385,.T.);
#1113=EDGE_CURVE('',#910,#908,#819,.T.);
#1114=EDGE_CURVE('',#911,#909,#386,.T.);
#1115=EDGE_CURVE('',#912,#911,#387,.T.);
#1116=EDGE_CURVE('',#912,#910,#388,.T.);
#1117=EDGE_CURVE('',#913,#911,#389,.T.);
#1118=EDGE_CURVE('',#914,#913,#390,.T.);
#1119=EDGE_CURVE('',#912,#914,#391,.T.);
#1120=EDGE_CURVE('',#915,#916,#392,.T.);
#1121=EDGE_CURVE('',#914,#916,#393,.T.);
#1122=EDGE_CURVE('',#915,#913,#394,.T.);
#1123=EDGE_CURVE('',#917,#918,#395,.T.);
#1124=EDGE_CURVE('',#919,#917,#820,.T.);
#1125=EDGE_CURVE('',#920,#919,#821,.T.);
#1126=EDGE_CURVE('',#921,#920,#396,.T.);
#1127=EDGE_CURVE('',#922,#921,#822,.T.);
#1128=EDGE_CURVE('',#918,#922,#823,.T.);
#1129=EDGE_CURVE('',#923,#923,#824,.T.);
#1130=EDGE_CURVE('',#924,#924,#825,.T.);
#1131=EDGE_CURVE('',#925,#926,#397,.T.);
#1132=EDGE_CURVE('',#927,#926,#398,.T.);
#1133=EDGE_CURVE('',#928,#927,#399,.T.);
#1134=EDGE_CURVE('',#925,#928,#400,.T.);
#1135=EDGE_CURVE('',#929,#927,#401,.T.);
#1136=EDGE_CURVE('',#930,#929,#402,.T.);
#1137=EDGE_CURVE('',#928,#930,#403,.T.);
#1138=EDGE_CURVE('',#931,#929,#404,.T.);
#1139=EDGE_CURVE('',#932,#931,#405,.T.);
#1140=EDGE_CURVE('',#930,#932,#406,.T.);
#1141=EDGE_CURVE('',#933,#931,#826,.T.);
#1142=EDGE_CURVE('',#934,#933,#407,.T.);
#1143=EDGE_CURVE('',#934,#932,#827,.T.);
#1144=EDGE_CURVE('',#904,#933,#408,.T.);
#1145=EDGE_CURVE('',#934,#906,#409,.T.);
#1146=EDGE_CURVE('',#923,#935,#410,.T.);
#1147=EDGE_CURVE('',#935,#935,#828,.T.);
#1148=EDGE_CURVE('',#936,#922,#411,.T.);
#1149=EDGE_CURVE('',#936,#937,#829,.T.);
#1150=EDGE_CURVE('',#937,#918,#412,.T.);
#1151=EDGE_CURVE('',#938,#921,#413,.T.);
#1152=EDGE_CURVE('',#938,#936,#830,.T.);
#1153=EDGE_CURVE('',#937,#915,#414,.T.);
#1154=EDGE_CURVE('',#916,#938,#415,.T.);
#1155=EDGE_CURVE('',#939,#917,#416,.T.);
#1156=EDGE_CURVE('',#926,#939,#417,.T.);
#1157=EDGE_CURVE('',#924,#940,#418,.T.);
#1158=EDGE_CURVE('',#940,#940,#831,.T.);
#1159=EDGE_CURVE('',#941,#920,#419,.T.);
#1160=EDGE_CURVE('',#941,#925,#420,.T.);
#1161=EDGE_CURVE('',#942,#919,#421,.T.);
#1162=EDGE_CURVE('',#942,#941,#832,.T.);
#1163=EDGE_CURVE('',#939,#942,#833,.T.);
#1164=EDGE_CURVE('',#943,#944,#422,.T.);
#1165=EDGE_CURVE('',#945,#943,#834,.T.);
#1166=EDGE_CURVE('',#946,#945,#17,.T.);
#1167=EDGE_CURVE('',#947,#946,#835,.T.);
#1168=EDGE_CURVE('',#947,#948,#423,.T.);
#1169=EDGE_CURVE('',#948,#944,#836,.F.);
#1170=EDGE_CURVE('',#949,#950,#424,.T.);
#1171=EDGE_CURVE('',#951,#949,#18,.T.);
#1172=EDGE_CURVE('',#952,#951,#837,.T.);
#1173=EDGE_CURVE('',#952,#953,#425,.T.);
#1174=EDGE_CURVE('',#953,#950,#838,.F.);
#1175=EDGE_CURVE('',#954,#955,#426,.T.);
#1176=EDGE_CURVE('',#956,#954,#839,.T.);
#1177=EDGE_CURVE('',#957,#956,#19,.T.);
#1178=EDGE_CURVE('',#958,#957,#840,.T.);
#1179=EDGE_CURVE('',#958,#959,#427,.T.);
#1180=EDGE_CURVE('',#959,#955,#841,.F.);
#1181=EDGE_CURVE('',#960,#961,#428,.T.);
#1182=EDGE_CURVE('',#962,#960,#20,.T.);
#1183=EDGE_CURVE('',#963,#962,#842,.T.);
#1184=EDGE_CURVE('',#963,#964,#429,.T.);
#1185=EDGE_CURVE('',#964,#961,#843,.F.);
#1186=EDGE_CURVE('',#965,#966,#430,.T.);
#1187=EDGE_CURVE('',#967,#965,#431,.T.);
#1188=EDGE_CURVE('',#968,#967,#432,.T.);
#1189=EDGE_CURVE('',#969,#968,#433,.T.);
#1190=EDGE_CURVE('',#966,#969,#434,.T.);
#1191=EDGE_CURVE('',#970,#971,#435,.T.);
#1192=EDGE_CURVE('',#968,#970,#436,.T.);
#1193=EDGE_CURVE('',#971,#967,#437,.T.);
#1194=EDGE_CURVE('',#972,#970,#438,.T.);
#1195=EDGE_CURVE('',#973,#972,#439,.T.);
#1196=EDGE_CURVE('',#973,#974,#440,.T.);
#1197=EDGE_CURVE('',#974,#975,#441,.T.);
#1198=EDGE_CURVE('',#975,#976,#442,.T.);
#1199=EDGE_CURVE('',#976,#969,#443,.T.);
#1200=EDGE_CURVE('',#977,#971,#444,.T.);
#1201=EDGE_CURVE('',#972,#977,#445,.T.);
#1202=EDGE_CURVE('',#978,#966,#844,.T.);
#1203=EDGE_CURVE('',#978,#979,#446,.T.);
#1204=EDGE_CURVE('',#965,#979,#447,.T.);
#1205=EDGE_CURVE('',#979,#980,#448,.T.);
#1206=EDGE_CURVE('',#980,#981,#449,.T.);
#1207=EDGE_CURVE('',#982,#981,#450,.T.);
#1208=EDGE_CURVE('',#977,#982,#451,.T.);
#1209=EDGE_CURVE('',#983,#984,#452,.T.);
#1210=EDGE_CURVE('',#985,#983,#453,.T.);
#1211=EDGE_CURVE('',#986,#985,#454,.T.);
#1212=EDGE_CURVE('',#987,#986,#455,.T.);
#1213=EDGE_CURVE('',#984,#987,#456,.T.);
#1214=EDGE_CURVE('',#986,#988,#457,.T.);
#1215=EDGE_CURVE('',#989,#985,#458,.T.);
#1216=EDGE_CURVE('',#988,#989,#459,.T.);
#1217=EDGE_CURVE('',#990,#988,#460,.T.);
#1218=EDGE_CURVE('',#991,#990,#461,.T.);
#1219=EDGE_CURVE('',#991,#992,#462,.T.);
#1220=EDGE_CURVE('',#992,#993,#463,.T.);
#1221=EDGE_CURVE('',#993,#994,#464,.T.);
#1222=EDGE_CURVE('',#994,#987,#465,.T.);
#1223=EDGE_CURVE('',#994,#995,#466,.T.);
#1224=EDGE_CURVE('',#996,#995,#845,.T.);
#1225=EDGE_CURVE('',#984,#996,#846,.T.);
#1226=EDGE_CURVE('',#983,#997,#467,.T.);
#1227=EDGE_CURVE('',#997,#998,#468,.T.);
#1228=EDGE_CURVE('',#998,#999,#469,.T.);
#1229=EDGE_CURVE('',#1000,#999,#470,.T.);
#1230=EDGE_CURVE('',#1001,#1000,#471,.T.);
#1231=EDGE_CURVE('',#1001,#989,#472,.T.);
#1232=EDGE_CURVE('',#1002,#1003,#473,.T.);
#1233=EDGE_CURVE('',#1004,#1002,#474,.T.);
#1234=EDGE_CURVE('',#998,#1004,#475,.T.);
#1235=EDGE_CURVE('',#1003,#997,#476,.T.);
#1236=EDGE_CURVE('',#999,#1004,#477,.T.);
#1237=EDGE_CURVE('',#1003,#984,#847,.T.);
#1238=EDGE_CURVE('',#1005,#978,#478,.T.);
#1239=EDGE_CURVE('',#1006,#1005,#479,.T.);
#1240=EDGE_CURVE('',#980,#1006,#480,.T.);
#1241=EDGE_CURVE('',#981,#1006,#481,.T.);
#1242=EDGE_CURVE('',#976,#1007,#482,.T.);
#1243=EDGE_CURVE('',#1008,#1007,#848,.T.);
#1244=EDGE_CURVE('',#966,#1008,#849,.T.);
#1245=EDGE_CURVE('',#1009,#1010,#483,.T.);
#1246=EDGE_CURVE('',#1011,#1009,#484,.T.);
#1247=EDGE_CURVE('',#1012,#1011,#485,.T.);
#1248=EDGE_CURVE('',#1013,#1012,#486,.T.);
#1249=EDGE_CURVE('',#1010,#1013,#487,.T.);
#1250=EDGE_CURVE('',#1014,#1011,#488,.T.);
#1251=EDGE_CURVE('',#1015,#1014,#489,.T.);
#1252=EDGE_CURVE('',#1012,#1015,#490,.T.);
#1253=EDGE_CURVE('',#1005,#1013,#491,.T.);
#1254=EDGE_CURVE('',#1016,#1015,#492,.T.);
#1255=EDGE_CURVE('',#982,#1016,#493,.T.);
#1256=EDGE_CURVE('',#1010,#978,#850,.T.);
#1257=EDGE_CURVE('',#1017,#1014,#494,.T.);
#1258=EDGE_CURVE('',#1016,#1017,#495,.T.);
#1259=EDGE_CURVE('',#1018,#993,#496,.T.);
#1260=EDGE_CURVE('',#1019,#1018,#497,.T.);
#1261=EDGE_CURVE('',#995,#1019,#498,.T.);
#1262=EDGE_CURVE('',#1018,#992,#499,.T.);
#1263=EDGE_CURVE('',#1020,#1019,#500,.T.);
#1264=EDGE_CURVE('',#1020,#1021,#501,.T.);
#1265=EDGE_CURVE('',#995,#1021,#851,.T.);
#1266=EDGE_CURVE('',#1022,#991,#502,.T.);
#1267=EDGE_CURVE('',#1022,#1023,#503,.T.);
#1268=EDGE_CURVE('',#1023,#1024,#504,.T.);
#1269=EDGE_CURVE('',#1024,#1020,#505,.T.);
#1270=EDGE_CURVE('',#1025,#1024,#506,.T.);
#1271=EDGE_CURVE('',#1026,#1025,#507,.T.);
#1272=EDGE_CURVE('',#1021,#1026,#508,.T.);
#1273=EDGE_CURVE('',#1027,#1023,#509,.T.);
#1274=EDGE_CURVE('',#1025,#1027,#510,.T.);
#1275=EDGE_CURVE('',#1002,#1026,#511,.T.);
#1276=EDGE_CURVE('',#1028,#1027,#512,.T.);
#1277=EDGE_CURVE('',#1000,#1028,#513,.T.);
#1278=EDGE_CURVE('',#1028,#1022,#514,.T.);
#1279=EDGE_CURVE('',#1029,#975,#515,.T.);
#1280=EDGE_CURVE('',#1030,#1029,#516,.T.);
#1281=EDGE_CURVE('',#1007,#1030,#517,.T.);
#1282=EDGE_CURVE('',#1029,#974,#518,.T.);
#1283=EDGE_CURVE('',#1009,#1030,#519,.T.);
#1284=EDGE_CURVE('',#1017,#973,#520,.T.);
#1285=EDGE_CURVE('',#1007,#1010,#852,.T.);
#1286=EDGE_CURVE('',#990,#1001,#521,.T.);
#1287=EDGE_CURVE('',#1021,#1003,#853,.T.);
#1288=EDGE_CURVE('',#1031,#1032,#854,.T.);
#1289=EDGE_CURVE('',#1033,#1031,#855,.T.);
#1290=EDGE_CURVE('',#1032,#1033,#522,.T.);
#1291=EDGE_CURVE('',#1034,#1034,#856,.T.);
#1292=EDGE_CURVE('',#1035,#1031,#523,.T.);
#1293=EDGE_CURVE('',#1036,#1035,#857,.T.);
#1294=EDGE_CURVE('',#1037,#1036,#21,.T.);
#1295=EDGE_CURVE('',#1038,#1037,#858,.T.);
#1296=EDGE_CURVE('',#1033,#1038,#524,.T.);
#1297=EDGE_CURVE('',#1039,#1040,#859,.T.);
#1298=EDGE_CURVE('',#1041,#1039,#860,.T.);
#1299=EDGE_CURVE('',#1040,#1041,#525,.T.);
#1300=EDGE_CURVE('',#1042,#1042,#861,.T.);
#1301=EDGE_CURVE('',#1043,#1039,#526,.T.);
#1302=EDGE_CURVE('',#1044,#1043,#862,.T.);
#1303=EDGE_CURVE('',#1045,#1044,#22,.T.);
#1304=EDGE_CURVE('',#1046,#1045,#23,.T.);
#1305=EDGE_CURVE('',#1047,#1046,#863,.T.);
#1306=EDGE_CURVE('',#1041,#1047,#527,.T.);
#1307=EDGE_CURVE('',#1048,#1038,#528,.T.);
#1308=EDGE_CURVE('',#1049,#1048,#529,.T.);
#1309=EDGE_CURVE('',#1049,#1050,#530,.T.);
#1310=EDGE_CURVE('',#1050,#1032,#531,.T.);
#1311=EDGE_CURVE('',#1051,#1047,#532,.T.);
#1312=EDGE_CURVE('',#1052,#1051,#533,.T.);
#1313=EDGE_CURVE('',#1052,#1053,#534,.T.);
#1314=EDGE_CURVE('',#1053,#1040,#535,.T.);
#1315=EDGE_CURVE('',#1044,#1037,#864,.T.);
#1316=EDGE_CURVE('',#1043,#1048,#865,.T.);
#1317=EDGE_CURVE('',#1054,#1055,#866,.T.);
#1318=EDGE_CURVE('',#1055,#1056,#536,.T.);
#1319=EDGE_CURVE('',#1056,#1057,#867,.T.);
#1320=EDGE_CURVE('',#1054,#1057,#537,.T.);
#1321=EDGE_CURVE('',#1058,#1056,#538,.T.);
#1322=EDGE_CURVE('',#1058,#1059,#539,.T.);
#1323=EDGE_CURVE('',#1060,#1059,#540,.T.);
#1324=EDGE_CURVE('',#1061,#1060,#541,.T.);
#1325=EDGE_CURVE('',#1061,#1062,#542,.T.);
#1326=EDGE_CURVE('',#1063,#1062,#868,.T.);
#1327=EDGE_CURVE('',#1064,#1063,#869,.T.);
#1328=EDGE_CURVE('',#1064,#1065,#543,.T.);
#1329=EDGE_CURVE('',#1066,#1065,#544,.T.);
#1330=EDGE_CURVE('',#1067,#1066,#545,.T.);
#1331=EDGE_CURVE('',#1067,#1068,#546,.T.);
#1332=EDGE_CURVE('',#1069,#1068,#547,.T.);
#1333=EDGE_CURVE('',#1057,#1069,#870,.T.);
#1334=EDGE_CURVE('',#1070,#1070,#871,.T.);
#1335=EDGE_CURVE('',#1071,#1071,#872,.T.);
#1336=EDGE_CURVE('',#1072,#1072,#873,.T.);
#1337=EDGE_CURVE('',#1073,#1073,#874,.T.);
#1338=EDGE_CURVE('',#1074,#1054,#875,.T.);
#1339=EDGE_CURVE('',#1069,#1074,#548,.T.);
#1340=EDGE_CURVE('',#1075,#1068,#549,.T.);
#1341=EDGE_CURVE('',#1074,#1075,#550,.T.);
#1342=EDGE_CURVE('',#1076,#1077,#876,.T.);
#1343=EDGE_CURVE('',#1077,#1064,#551,.T.);
#1344=EDGE_CURVE('',#1076,#1063,#552,.T.);
#1345=EDGE_CURVE('',#1078,#1076,#877,.T.);
#1346=EDGE_CURVE('',#1062,#1078,#553,.T.);
#1347=EDGE_CURVE('',#1079,#1079,#878,.T.);
#1348=EDGE_CURVE('',#1079,#1008,#554,.T.);
#1349=EDGE_CURVE('',#1080,#1055,#555,.T.);
#1350=EDGE_CURVE('',#1058,#1080,#556,.T.);
#1351=EDGE_CURVE('',#1080,#1075,#557,.T.);
#1352=EDGE_CURVE('',#1081,#1081,#879,.T.);
#1353=EDGE_CURVE('',#1081,#996,#558,.T.);
#1354=EDGE_CURVE('',#1082,#1077,#559,.T.);
#1355=EDGE_CURVE('',#1065,#1082,#560,.T.);
#1356=EDGE_CURVE('',#1083,#1061,#561,.T.);
#1357=EDGE_CURVE('',#1078,#1083,#562,.T.);
#1358=EDGE_CURVE('',#1082,#1083,#563,.T.);
#1359=EDGE_CURVE('',#1084,#1084,#880,.T.);
#1360=EDGE_CURVE('',#1084,#1070,#564,.T.);
#1361=EDGE_CURVE('',#1085,#1085,#881,.T.);
#1362=EDGE_CURVE('',#1085,#1071,#565,.T.);
#1363=EDGE_CURVE('',#1086,#1086,#882,.T.);
#1364=EDGE_CURVE('',#1086,#1072,#566,.T.);
#1365=EDGE_CURVE('',#1087,#1087,#883,.T.);
#1366=EDGE_CURVE('',#1087,#1073,#567,.T.);
#1367=EDGE_CURVE('',#961,#964,#884,.F.);
#1368=EDGE_CURVE('',#963,#964,#568,.T.);
#1369=EDGE_CURVE('',#1088,#963,#885,.T.);
#1370=EDGE_CURVE('',#960,#1088,#24,.T.);
#1371=EDGE_CURVE('',#955,#959,#886,.F.);
#1372=EDGE_CURVE('',#958,#959,#569,.T.);
#1373=EDGE_CURVE('',#954,#958,#887,.T.);
#1374=EDGE_CURVE('',#950,#953,#888,.F.);
#1375=EDGE_CURVE('',#952,#953,#570,.T.);
#1376=EDGE_CURVE('',#1089,#952,#889,.T.);
#1377=EDGE_CURVE('',#949,#1089,#25,.T.);
#1378=EDGE_CURVE('',#944,#948,#890,.F.);
#1379=EDGE_CURVE('',#947,#948,#571,.T.);
#1380=EDGE_CURVE('',#943,#947,#891,.T.);
#1381=EDGE_CURVE('',#963,#1090,#572,.T.);
#1382=EDGE_CURVE('',#1091,#1090,#573,.T.);
#1383=EDGE_CURVE('',#1088,#1091,#574,.T.);
#1384=EDGE_CURVE('',#1092,#951,#575,.T.);
#1385=EDGE_CURVE('',#1093,#1092,#576,.T.);
#1386=EDGE_CURVE('',#1093,#1094,#577,.T.);
#1387=EDGE_CURVE('',#1094,#952,#578,.T.);
#1388=EDGE_CURVE('',#1095,#1091,#892,.T.);
#1389=EDGE_CURVE('',#946,#1095,#579,.T.);
#1390=EDGE_CURVE('',#957,#945,#580,.T.);
#1391=EDGE_CURVE('',#1096,#956,#581,.T.);
#1392=EDGE_CURVE('',#1092,#1096,#893,.T.);
#1393=EDGE_CURVE('',#1089,#962,#582,.T.);
#1394=EDGE_CURVE('',#1097,#958,#583,.T.);
#1395=EDGE_CURVE('',#1097,#1098,#584,.T.);
#1396=EDGE_CURVE('',#1096,#1098,#585,.T.);
#1397=EDGE_CURVE('',#1099,#1095,#586,.T.);
#1398=EDGE_CURVE('',#947,#1099,#587,.T.);
#1399=EDGE_CURVE('',#1036,#1046,#894,.T.);
#1400=EDGE_CURVE('',#1045,#1098,#588,.T.);
#1401=EDGE_CURVE('',#1098,#1100,#895,.T.);
#1402=EDGE_CURVE('',#1100,#1101,#15,.T.);
#1403=EDGE_CURVE('',#1101,#1093,#896,.T.);
#1404=EDGE_CURVE('',#1093,#1098,#897,.T.);
#1405=EDGE_CURVE('',#1100,#1101,#589,.T.);
#1406=EDGE_CURVE('',#1035,#1051,#898,.T.);
#1407=EDGE_CURVE('',#1097,#1067,#590,.T.);
#1408=EDGE_CURVE('',#1066,#1094,#591,.T.);
#1409=EDGE_CURVE('',#1090,#1060,#592,.T.);
#1410=EDGE_CURVE('',#952,#963,#593,.T.);
#1411=EDGE_CURVE('',#958,#947,#594,.T.);
#1412=EDGE_CURVE('',#1059,#1099,#595,.T.);
#1413=EDGE_CURVE('',#1053,#1049,#899,.T.);
#1414=EDGE_CURVE('',#1050,#1052,#900,.T.);
#1415=EDGE_CURVE('',#1102,#1102,#901,.T.);
#1416=EDGE_CURVE('',#1103,#1103,#902,.T.);
#1417=EDGE_CURVE('',#1034,#1102,#596,.T.);
#1418=EDGE_CURVE('',#1042,#1103,#597,.T.);
#1419=ORIENTED_EDGE('',*,*,#1104,.F.);
#1420=ORIENTED_EDGE('',*,*,#1105,.F.);
#1421=ORIENTED_EDGE('',*,*,#1106,.T.);
#1422=ORIENTED_EDGE('',*,*,#1107,.T.);
#1423=ORIENTED_EDGE('',*,*,#1108,.F.);
#1424=ORIENTED_EDGE('',*,*,#1109,.F.);
#1425=ORIENTED_EDGE('',*,*,#1110,.F.);
#1426=ORIENTED_EDGE('',*,*,#1105,.T.);
#1427=ORIENTED_EDGE('',*,*,#1111,.F.);
#1428=ORIENTED_EDGE('',*,*,#1112,.F.);
#1429=ORIENTED_EDGE('',*,*,#1113,.T.);
#1430=ORIENTED_EDGE('',*,*,#1109,.T.);
#1431=ORIENTED_EDGE('',*,*,#1114,.F.);
#1432=ORIENTED_EDGE('',*,*,#1115,.F.);
#1433=ORIENTED_EDGE('',*,*,#1116,.T.);
#1434=ORIENTED_EDGE('',*,*,#1112,.T.);
#1435=ORIENTED_EDGE('',*,*,#1117,.F.);
#1436=ORIENTED_EDGE('',*,*,#1118,.F.);
#1437=ORIENTED_EDGE('',*,*,#1119,.F.);
#1438=ORIENTED_EDGE('',*,*,#1115,.T.);
#1439=ORIENTED_EDGE('',*,*,#1120,.T.);
#1440=ORIENTED_EDGE('',*,*,#1121,.F.);
#1441=ORIENTED_EDGE('',*,*,#1118,.T.);
#1442=ORIENTED_EDGE('',*,*,#1122,.F.);
#1443=ORIENTED_EDGE('',*,*,#1123,.F.);
#1444=ORIENTED_EDGE('',*,*,#1124,.F.);
#1445=ORIENTED_EDGE('',*,*,#1125,.F.);
#1446=ORIENTED_EDGE('',*,*,#1126,.F.);
#1447=ORIENTED_EDGE('',*,*,#1127,.F.);
#1448=ORIENTED_EDGE('',*,*,#1128,.F.);
#1449=ORIENTED_EDGE('',*,*,#1129,.F.);
#1450=ORIENTED_EDGE('',*,*,#1130,.F.);
#1451=ORIENTED_EDGE('',*,*,#1131,.T.);
#1452=ORIENTED_EDGE('',*,*,#1132,.F.);
#1453=ORIENTED_EDGE('',*,*,#1133,.F.);
#1454=ORIENTED_EDGE('',*,*,#1134,.F.);
#1455=ORIENTED_EDGE('',*,*,#1135,.F.);
#1456=ORIENTED_EDGE('',*,*,#1136,.F.);
#1457=ORIENTED_EDGE('',*,*,#1137,.F.);
#1458=ORIENTED_EDGE('',*,*,#1133,.T.);
#1459=ORIENTED_EDGE('',*,*,#1138,.F.);
#1460=ORIENTED_EDGE('',*,*,#1139,.F.);
#1461=ORIENTED_EDGE('',*,*,#1140,.F.);
#1462=ORIENTED_EDGE('',*,*,#1136,.T.);
#1463=ORIENTED_EDGE('',*,*,#1141,.F.);
#1464=ORIENTED_EDGE('',*,*,#1142,.F.);
#1465=ORIENTED_EDGE('',*,*,#1143,.T.);
#1466=ORIENTED_EDGE('',*,*,#1139,.T.);
#1467=ORIENTED_EDGE('',*,*,#1144,.F.);
#1468=ORIENTED_EDGE('',*,*,#1107,.F.);
#1469=ORIENTED_EDGE('',*,*,#1145,.F.);
#1470=ORIENTED_EDGE('',*,*,#1142,.T.);
#1471=ORIENTED_EDGE('',*,*,#1129,.T.);
#1472=ORIENTED_EDGE('',*,*,#1146,.T.);
#1473=ORIENTED_EDGE('',*,*,#1147,.T.);
#1474=ORIENTED_EDGE('',*,*,#1146,.F.);
#1475=ORIENTED_EDGE('',*,*,#1148,.F.);
#1476=ORIENTED_EDGE('',*,*,#1149,.T.);
#1477=ORIENTED_EDGE('',*,*,#1150,.T.);
#1478=ORIENTED_EDGE('',*,*,#1128,.T.);
#1479=ORIENTED_EDGE('',*,*,#1151,.F.);
#1480=ORIENTED_EDGE('',*,*,#1152,.T.);
#1481=ORIENTED_EDGE('',*,*,#1148,.T.);
#1482=ORIENTED_EDGE('',*,*,#1127,.T.);
#1483=ORIENTED_EDGE('',*,*,#1120,.F.);
#1484=ORIENTED_EDGE('',*,*,#1153,.F.);
#1485=ORIENTED_EDGE('',*,*,#1149,.F.);
#1486=ORIENTED_EDGE('',*,*,#1152,.F.);
#1487=ORIENTED_EDGE('',*,*,#1154,.F.);
#1488=ORIENTED_EDGE('',*,*,#1147,.F.);
#1489=ORIENTED_EDGE('',*,*,#1155,.T.);
#1490=ORIENTED_EDGE('',*,*,#1123,.T.);
#1491=ORIENTED_EDGE('',*,*,#1150,.F.);
#1492=ORIENTED_EDGE('',*,*,#1153,.T.);
#1493=ORIENTED_EDGE('',*,*,#1122,.T.);
#1494=ORIENTED_EDGE('',*,*,#1117,.T.);
#1495=ORIENTED_EDGE('',*,*,#1114,.T.);
#1496=ORIENTED_EDGE('',*,*,#1111,.T.);
#1497=ORIENTED_EDGE('',*,*,#1108,.T.);
#1498=ORIENTED_EDGE('',*,*,#1104,.T.);
#1499=ORIENTED_EDGE('',*,*,#1144,.T.);
#1500=ORIENTED_EDGE('',*,*,#1141,.T.);
#1501=ORIENTED_EDGE('',*,*,#1138,.T.);
#1502=ORIENTED_EDGE('',*,*,#1135,.T.);
#1503=ORIENTED_EDGE('',*,*,#1132,.T.);
#1504=ORIENTED_EDGE('',*,*,#1156,.T.);
#1505=ORIENTED_EDGE('',*,*,#1130,.T.);
#1506=ORIENTED_EDGE('',*,*,#1157,.T.);
#1507=ORIENTED_EDGE('',*,*,#1158,.T.);
#1508=ORIENTED_EDGE('',*,*,#1157,.F.);
#1509=ORIENTED_EDGE('',*,*,#1159,.F.);
#1510=ORIENTED_EDGE('',*,*,#1160,.T.);
#1511=ORIENTED_EDGE('',*,*,#1134,.T.);
#1512=ORIENTED_EDGE('',*,*,#1137,.T.);
#1513=ORIENTED_EDGE('',*,*,#1140,.T.);
#1514=ORIENTED_EDGE('',*,*,#1143,.F.);
#1515=ORIENTED_EDGE('',*,*,#1145,.T.);
#1516=ORIENTED_EDGE('',*,*,#1106,.F.);
#1517=ORIENTED_EDGE('',*,*,#1110,.T.);
#1518=ORIENTED_EDGE('',*,*,#1113,.F.);
#1519=ORIENTED_EDGE('',*,*,#1116,.F.);
#1520=ORIENTED_EDGE('',*,*,#1119,.T.);
#1521=ORIENTED_EDGE('',*,*,#1121,.T.);
#1522=ORIENTED_EDGE('',*,*,#1154,.T.);
#1523=ORIENTED_EDGE('',*,*,#1151,.T.);
#1524=ORIENTED_EDGE('',*,*,#1126,.T.);
#1525=ORIENTED_EDGE('',*,*,#1161,.F.);
#1526=ORIENTED_EDGE('',*,*,#1162,.T.);
#1527=ORIENTED_EDGE('',*,*,#1159,.T.);
#1528=ORIENTED_EDGE('',*,*,#1125,.T.);
#1529=ORIENTED_EDGE('',*,*,#1155,.F.);
#1530=ORIENTED_EDGE('',*,*,#1163,.T.);
#1531=ORIENTED_EDGE('',*,*,#1161,.T.);
#1532=ORIENTED_EDGE('',*,*,#1124,.T.);
#1533=ORIENTED_EDGE('',*,*,#1131,.F.);
#1534=ORIENTED_EDGE('',*,*,#1160,.F.);
#1535=ORIENTED_EDGE('',*,*,#1162,.F.);
#1536=ORIENTED_EDGE('',*,*,#1163,.F.);
#1537=ORIENTED_EDGE('',*,*,#1156,.F.);
#1538=ORIENTED_EDGE('',*,*,#1158,.F.);
#1539=ORIENTED_EDGE('',*,*,#1164,.F.);
#1540=ORIENTED_EDGE('',*,*,#1165,.F.);
#1541=ORIENTED_EDGE('',*,*,#1166,.F.);
#1542=ORIENTED_EDGE('',*,*,#1167,.F.);
#1543=ORIENTED_EDGE('',*,*,#1168,.T.);
#1544=ORIENTED_EDGE('',*,*,#1169,.T.);
#1545=ORIENTED_EDGE('',*,*,#1170,.F.);
#1546=ORIENTED_EDGE('',*,*,#1171,.F.);
#1547=ORIENTED_EDGE('',*,*,#1172,.F.);
#1548=ORIENTED_EDGE('',*,*,#1173,.T.);
#1549=ORIENTED_EDGE('',*,*,#1174,.T.);
#1550=ORIENTED_EDGE('',*,*,#1175,.F.);
#1551=ORIENTED_EDGE('',*,*,#1176,.F.);
#1552=ORIENTED_EDGE('',*,*,#1177,.F.);
#1553=ORIENTED_EDGE('',*,*,#1178,.F.);
#1554=ORIENTED_EDGE('',*,*,#1179,.T.);
#1555=ORIENTED_EDGE('',*,*,#1180,.T.);
#1556=ORIENTED_EDGE('',*,*,#1181,.F.);
#1557=ORIENTED_EDGE('',*,*,#1182,.F.);
#1558=ORIENTED_EDGE('',*,*,#1183,.F.);
#1559=ORIENTED_EDGE('',*,*,#1184,.T.);
#1560=ORIENTED_EDGE('',*,*,#1185,.T.);
#1561=ORIENTED_EDGE('',*,*,#1186,.F.);
#1562=ORIENTED_EDGE('',*,*,#1187,.F.);
#1563=ORIENTED_EDGE('',*,*,#1188,.F.);
#1564=ORIENTED_EDGE('',*,*,#1189,.F.);
#1565=ORIENTED_EDGE('',*,*,#1190,.F.);
#1566=ORIENTED_EDGE('',*,*,#1191,.F.);
#1567=ORIENTED_EDGE('',*,*,#1192,.F.);
#1568=ORIENTED_EDGE('',*,*,#1188,.T.);
#1569=ORIENTED_EDGE('',*,*,#1193,.F.);
#1570=ORIENTED_EDGE('',*,*,#1189,.T.);
#1571=ORIENTED_EDGE('',*,*,#1192,.T.);
#1572=ORIENTED_EDGE('',*,*,#1194,.F.);
#1573=ORIENTED_EDGE('',*,*,#1195,.F.);
#1574=ORIENTED_EDGE('',*,*,#1196,.T.);
#1575=ORIENTED_EDGE('',*,*,#1197,.T.);
#1576=ORIENTED_EDGE('',*,*,#1198,.T.);
#1577=ORIENTED_EDGE('',*,*,#1199,.T.);
#1578=ORIENTED_EDGE('',*,*,#1191,.T.);
#1579=ORIENTED_EDGE('',*,*,#1200,.F.);
#1580=ORIENTED_EDGE('',*,*,#1201,.F.);
#1581=ORIENTED_EDGE('',*,*,#1194,.T.);
#1582=ORIENTED_EDGE('',*,*,#1186,.T.);
#1583=ORIENTED_EDGE('',*,*,#1202,.F.);
#1584=ORIENTED_EDGE('',*,*,#1203,.T.);
#1585=ORIENTED_EDGE('',*,*,#1204,.F.);
#1586=ORIENTED_EDGE('',*,*,#1193,.T.);
#1587=ORIENTED_EDGE('',*,*,#1187,.T.);
#1588=ORIENTED_EDGE('',*,*,#1204,.T.);
#1589=ORIENTED_EDGE('',*,*,#1205,.T.);
#1590=ORIENTED_EDGE('',*,*,#1206,.T.);
#1591=ORIENTED_EDGE('',*,*,#1207,.F.);
#1592=ORIENTED_EDGE('',*,*,#1208,.F.);
#1593=ORIENTED_EDGE('',*,*,#1200,.T.);
#1594=ORIENTED_EDGE('',*,*,#1209,.F.);
#1595=ORIENTED_EDGE('',*,*,#1210,.F.);
#1596=ORIENTED_EDGE('',*,*,#1211,.F.);
#1597=ORIENTED_EDGE('',*,*,#1212,.F.);
#1598=ORIENTED_EDGE('',*,*,#1213,.F.);
#1599=ORIENTED_EDGE('',*,*,#1214,.F.);
#1600=ORIENTED_EDGE('',*,*,#1211,.T.);
#1601=ORIENTED_EDGE('',*,*,#1215,.F.);
#1602=ORIENTED_EDGE('',*,*,#1216,.F.);
#1603=ORIENTED_EDGE('',*,*,#1212,.T.);
#1604=ORIENTED_EDGE('',*,*,#1214,.T.);
#1605=ORIENTED_EDGE('',*,*,#1217,.F.);
#1606=ORIENTED_EDGE('',*,*,#1218,.F.);
#1607=ORIENTED_EDGE('',*,*,#1219,.T.);
#1608=ORIENTED_EDGE('',*,*,#1220,.T.);
#1609=ORIENTED_EDGE('',*,*,#1221,.T.);
#1610=ORIENTED_EDGE('',*,*,#1222,.T.);
#1611=ORIENTED_EDGE('',*,*,#1213,.T.);
#1612=ORIENTED_EDGE('',*,*,#1222,.F.);
#1613=ORIENTED_EDGE('',*,*,#1223,.T.);
#1614=ORIENTED_EDGE('',*,*,#1224,.F.);
#1615=ORIENTED_EDGE('',*,*,#1225,.F.);
#1616=ORIENTED_EDGE('',*,*,#1215,.T.);
#1617=ORIENTED_EDGE('',*,*,#1210,.T.);
#1618=ORIENTED_EDGE('',*,*,#1226,.T.);
#1619=ORIENTED_EDGE('',*,*,#1227,.T.);
#1620=ORIENTED_EDGE('',*,*,#1228,.T.);
#1621=ORIENTED_EDGE('',*,*,#1229,.F.);
#1622=ORIENTED_EDGE('',*,*,#1230,.F.);
#1623=ORIENTED_EDGE('',*,*,#1231,.T.);
#1624=ORIENTED_EDGE('',*,*,#1232,.F.);
#1625=ORIENTED_EDGE('',*,*,#1233,.F.);
#1626=ORIENTED_EDGE('',*,*,#1234,.F.);
#1627=ORIENTED_EDGE('',*,*,#1227,.F.);
#1628=ORIENTED_EDGE('',*,*,#1235,.F.);
#1629=ORIENTED_EDGE('',*,*,#1234,.T.);
#1630=ORIENTED_EDGE('',*,*,#1236,.F.);
#1631=ORIENTED_EDGE('',*,*,#1228,.F.);
#1632=ORIENTED_EDGE('',*,*,#1209,.T.);
#1633=ORIENTED_EDGE('',*,*,#1237,.F.);
#1634=ORIENTED_EDGE('',*,*,#1235,.T.);
#1635=ORIENTED_EDGE('',*,*,#1226,.F.);
#1636=ORIENTED_EDGE('',*,*,#1238,.F.);
#1637=ORIENTED_EDGE('',*,*,#1239,.F.);
#1638=ORIENTED_EDGE('',*,*,#1240,.F.);
#1639=ORIENTED_EDGE('',*,*,#1205,.F.);
#1640=ORIENTED_EDGE('',*,*,#1203,.F.);
#1641=ORIENTED_EDGE('',*,*,#1241,.F.);
#1642=ORIENTED_EDGE('',*,*,#1206,.F.);
#1643=ORIENTED_EDGE('',*,*,#1240,.T.);
#1644=ORIENTED_EDGE('',*,*,#1190,.T.);
#1645=ORIENTED_EDGE('',*,*,#1199,.F.);
#1646=ORIENTED_EDGE('',*,*,#1242,.T.);
#1647=ORIENTED_EDGE('',*,*,#1243,.F.);
#1648=ORIENTED_EDGE('',*,*,#1244,.F.);
#1649=ORIENTED_EDGE('',*,*,#1245,.F.);
#1650=ORIENTED_EDGE('',*,*,#1246,.F.);
#1651=ORIENTED_EDGE('',*,*,#1247,.F.);
#1652=ORIENTED_EDGE('',*,*,#1248,.F.);
#1653=ORIENTED_EDGE('',*,*,#1249,.F.);
#1654=ORIENTED_EDGE('',*,*,#1247,.T.);
#1655=ORIENTED_EDGE('',*,*,#1250,.F.);
#1656=ORIENTED_EDGE('',*,*,#1251,.F.);
#1657=ORIENTED_EDGE('',*,*,#1252,.F.);
#1658=ORIENTED_EDGE('',*,*,#1239,.T.);
#1659=ORIENTED_EDGE('',*,*,#1253,.T.);
#1660=ORIENTED_EDGE('',*,*,#1248,.T.);
#1661=ORIENTED_EDGE('',*,*,#1252,.T.);
#1662=ORIENTED_EDGE('',*,*,#1254,.F.);
#1663=ORIENTED_EDGE('',*,*,#1255,.F.);
#1664=ORIENTED_EDGE('',*,*,#1207,.T.);
#1665=ORIENTED_EDGE('',*,*,#1241,.T.);
#1666=ORIENTED_EDGE('',*,*,#1238,.T.);
#1667=ORIENTED_EDGE('',*,*,#1256,.F.);
#1668=ORIENTED_EDGE('',*,*,#1249,.T.);
#1669=ORIENTED_EDGE('',*,*,#1253,.F.);
#1670=ORIENTED_EDGE('',*,*,#1251,.T.);
#1671=ORIENTED_EDGE('',*,*,#1257,.F.);
#1672=ORIENTED_EDGE('',*,*,#1258,.F.);
#1673=ORIENTED_EDGE('',*,*,#1254,.T.);
#1674=ORIENTED_EDGE('',*,*,#1223,.F.);
#1675=ORIENTED_EDGE('',*,*,#1221,.F.);
#1676=ORIENTED_EDGE('',*,*,#1259,.F.);
#1677=ORIENTED_EDGE('',*,*,#1260,.F.);
#1678=ORIENTED_EDGE('',*,*,#1261,.F.);
#1679=ORIENTED_EDGE('',*,*,#1259,.T.);
#1680=ORIENTED_EDGE('',*,*,#1220,.F.);
#1681=ORIENTED_EDGE('',*,*,#1262,.F.);
#1682=ORIENTED_EDGE('',*,*,#1261,.T.);
#1683=ORIENTED_EDGE('',*,*,#1263,.F.);
#1684=ORIENTED_EDGE('',*,*,#1264,.T.);
#1685=ORIENTED_EDGE('',*,*,#1265,.F.);
#1686=ORIENTED_EDGE('',*,*,#1260,.T.);
#1687=ORIENTED_EDGE('',*,*,#1262,.T.);
#1688=ORIENTED_EDGE('',*,*,#1219,.F.);
#1689=ORIENTED_EDGE('',*,*,#1266,.F.);
#1690=ORIENTED_EDGE('',*,*,#1267,.T.);
#1691=ORIENTED_EDGE('',*,*,#1268,.T.);
#1692=ORIENTED_EDGE('',*,*,#1269,.T.);
#1693=ORIENTED_EDGE('',*,*,#1263,.T.);
#1694=ORIENTED_EDGE('',*,*,#1264,.F.);
#1695=ORIENTED_EDGE('',*,*,#1269,.F.);
#1696=ORIENTED_EDGE('',*,*,#1270,.F.);
#1697=ORIENTED_EDGE('',*,*,#1271,.F.);
#1698=ORIENTED_EDGE('',*,*,#1272,.F.);
#1699=ORIENTED_EDGE('',*,*,#1268,.F.);
#1700=ORIENTED_EDGE('',*,*,#1273,.F.);
#1701=ORIENTED_EDGE('',*,*,#1274,.F.);
#1702=ORIENTED_EDGE('',*,*,#1270,.T.);
#1703=ORIENTED_EDGE('',*,*,#1233,.T.);
#1704=ORIENTED_EDGE('',*,*,#1275,.T.);
#1705=ORIENTED_EDGE('',*,*,#1271,.T.);
#1706=ORIENTED_EDGE('',*,*,#1274,.T.);
#1707=ORIENTED_EDGE('',*,*,#1276,.F.);
#1708=ORIENTED_EDGE('',*,*,#1277,.F.);
#1709=ORIENTED_EDGE('',*,*,#1229,.T.);
#1710=ORIENTED_EDGE('',*,*,#1236,.T.);
#1711=ORIENTED_EDGE('',*,*,#1273,.T.);
#1712=ORIENTED_EDGE('',*,*,#1267,.F.);
#1713=ORIENTED_EDGE('',*,*,#1278,.F.);
#1714=ORIENTED_EDGE('',*,*,#1276,.T.);
#1715=ORIENTED_EDGE('',*,*,#1242,.F.);
#1716=ORIENTED_EDGE('',*,*,#1198,.F.);
#1717=ORIENTED_EDGE('',*,*,#1279,.F.);
#1718=ORIENTED_EDGE('',*,*,#1280,.F.);
#1719=ORIENTED_EDGE('',*,*,#1281,.F.);
#1720=ORIENTED_EDGE('',*,*,#1197,.F.);
#1721=ORIENTED_EDGE('',*,*,#1282,.F.);
#1722=ORIENTED_EDGE('',*,*,#1279,.T.);
#1723=ORIENTED_EDGE('',*,*,#1246,.T.);
#1724=ORIENTED_EDGE('',*,*,#1283,.T.);
#1725=ORIENTED_EDGE('',*,*,#1280,.T.);
#1726=ORIENTED_EDGE('',*,*,#1282,.T.);
#1727=ORIENTED_EDGE('',*,*,#1196,.F.);
#1728=ORIENTED_EDGE('',*,*,#1284,.F.);
#1729=ORIENTED_EDGE('',*,*,#1257,.T.);
#1730=ORIENTED_EDGE('',*,*,#1250,.T.);
#1731=ORIENTED_EDGE('',*,*,#1245,.T.);
#1732=ORIENTED_EDGE('',*,*,#1285,.F.);
#1733=ORIENTED_EDGE('',*,*,#1281,.T.);
#1734=ORIENTED_EDGE('',*,*,#1283,.F.);
#1735=ORIENTED_EDGE('',*,*,#1216,.T.);
#1736=ORIENTED_EDGE('',*,*,#1231,.F.);
#1737=ORIENTED_EDGE('',*,*,#1286,.F.);
#1738=ORIENTED_EDGE('',*,*,#1217,.T.);
#1739=ORIENTED_EDGE('',*,*,#1232,.T.);
#1740=ORIENTED_EDGE('',*,*,#1287,.F.);
#1741=ORIENTED_EDGE('',*,*,#1272,.T.);
#1742=ORIENTED_EDGE('',*,*,#1275,.F.);
#1743=ORIENTED_EDGE('',*,*,#1288,.F.);
#1744=ORIENTED_EDGE('',*,*,#1289,.F.);
#1745=ORIENTED_EDGE('',*,*,#1290,.F.);
#1746=ORIENTED_EDGE('',*,*,#1291,.F.);
#1747=ORIENTED_EDGE('',*,*,#1292,.F.);
#1748=ORIENTED_EDGE('',*,*,#1293,.F.);
#1749=ORIENTED_EDGE('',*,*,#1294,.F.);
#1750=ORIENTED_EDGE('',*,*,#1295,.F.);
#1751=ORIENTED_EDGE('',*,*,#1296,.F.);
#1752=ORIENTED_EDGE('',*,*,#1289,.T.);
#1753=ORIENTED_EDGE('',*,*,#1297,.F.);
#1754=ORIENTED_EDGE('',*,*,#1298,.F.);
#1755=ORIENTED_EDGE('',*,*,#1299,.F.);
#1756=ORIENTED_EDGE('',*,*,#1300,.F.);
#1757=ORIENTED_EDGE('',*,*,#1301,.F.);
#1758=ORIENTED_EDGE('',*,*,#1302,.F.);
#1759=ORIENTED_EDGE('',*,*,#1303,.F.);
#1760=ORIENTED_EDGE('',*,*,#1304,.F.);
#1761=ORIENTED_EDGE('',*,*,#1305,.F.);
#1762=ORIENTED_EDGE('',*,*,#1306,.F.);
#1763=ORIENTED_EDGE('',*,*,#1298,.T.);
#1764=ORIENTED_EDGE('',*,*,#1290,.T.);
#1765=ORIENTED_EDGE('',*,*,#1296,.T.);
#1766=ORIENTED_EDGE('',*,*,#1307,.F.);
#1767=ORIENTED_EDGE('',*,*,#1308,.F.);
#1768=ORIENTED_EDGE('',*,*,#1309,.T.);
#1769=ORIENTED_EDGE('',*,*,#1310,.T.);
#1770=ORIENTED_EDGE('',*,*,#1299,.T.);
#1771=ORIENTED_EDGE('',*,*,#1306,.T.);
#1772=ORIENTED_EDGE('',*,*,#1311,.F.);
#1773=ORIENTED_EDGE('',*,*,#1312,.F.);
#1774=ORIENTED_EDGE('',*,*,#1313,.T.);
#1775=ORIENTED_EDGE('',*,*,#1314,.T.);
#1776=ORIENTED_EDGE('',*,*,#1295,.T.);
#1777=ORIENTED_EDGE('',*,*,#1315,.F.);
#1778=ORIENTED_EDGE('',*,*,#1302,.T.);
#1779=ORIENTED_EDGE('',*,*,#1316,.T.);
#1780=ORIENTED_EDGE('',*,*,#1307,.T.);
#1781=ORIENTED_EDGE('',*,*,#1317,.T.);
#1782=ORIENTED_EDGE('',*,*,#1318,.T.);
#1783=ORIENTED_EDGE('',*,*,#1319,.T.);
#1784=ORIENTED_EDGE('',*,*,#1320,.F.);
#1785=ORIENTED_EDGE('',*,*,#1319,.F.);
#1786=ORIENTED_EDGE('',*,*,#1321,.F.);
#1787=ORIENTED_EDGE('',*,*,#1322,.T.);
#1788=ORIENTED_EDGE('',*,*,#1323,.F.);
#1789=ORIENTED_EDGE('',*,*,#1324,.F.);
#1790=ORIENTED_EDGE('',*,*,#1325,.T.);
#1791=ORIENTED_EDGE('',*,*,#1326,.F.);
#1792=ORIENTED_EDGE('',*,*,#1327,.F.);
#1793=ORIENTED_EDGE('',*,*,#1328,.T.);
#1794=ORIENTED_EDGE('',*,*,#1329,.F.);
#1795=ORIENTED_EDGE('',*,*,#1330,.F.);
#1796=ORIENTED_EDGE('',*,*,#1331,.T.);
#1797=ORIENTED_EDGE('',*,*,#1332,.F.);
#1798=ORIENTED_EDGE('',*,*,#1333,.F.);
#1799=ORIENTED_EDGE('',*,*,#1284,.T.);
#1800=ORIENTED_EDGE('',*,*,#1195,.T.);
#1801=ORIENTED_EDGE('',*,*,#1201,.T.);
#1802=ORIENTED_EDGE('',*,*,#1208,.T.);
#1803=ORIENTED_EDGE('',*,*,#1255,.T.);
#1804=ORIENTED_EDGE('',*,*,#1258,.T.);
#1805=ORIENTED_EDGE('',*,*,#1286,.T.);
#1806=ORIENTED_EDGE('',*,*,#1230,.T.);
#1807=ORIENTED_EDGE('',*,*,#1277,.T.);
#1808=ORIENTED_EDGE('',*,*,#1278,.T.);
#1809=ORIENTED_EDGE('',*,*,#1266,.T.);
#1810=ORIENTED_EDGE('',*,*,#1218,.T.);
#1811=ORIENTED_EDGE('',*,*,#1334,.T.);
#1812=ORIENTED_EDGE('',*,*,#1335,.T.);
#1813=ORIENTED_EDGE('',*,*,#1336,.T.);
#1814=ORIENTED_EDGE('',*,*,#1337,.T.);
#1815=ORIENTED_EDGE('',*,*,#1338,.T.);
#1816=ORIENTED_EDGE('',*,*,#1320,.T.);
#1817=ORIENTED_EDGE('',*,*,#1333,.T.);
#1818=ORIENTED_EDGE('',*,*,#1339,.T.);
#1819=ORIENTED_EDGE('',*,*,#1339,.F.);
#1820=ORIENTED_EDGE('',*,*,#1332,.T.);
#1821=ORIENTED_EDGE('',*,*,#1340,.F.);
#1822=ORIENTED_EDGE('',*,*,#1341,.F.);
#1823=ORIENTED_EDGE('',*,*,#1342,.T.);
#1824=ORIENTED_EDGE('',*,*,#1343,.T.);
#1825=ORIENTED_EDGE('',*,*,#1327,.T.);
#1826=ORIENTED_EDGE('',*,*,#1344,.F.);
#1827=ORIENTED_EDGE('',*,*,#1345,.T.);
#1828=ORIENTED_EDGE('',*,*,#1344,.T.);
#1829=ORIENTED_EDGE('',*,*,#1326,.T.);
#1830=ORIENTED_EDGE('',*,*,#1346,.T.);
#1831=ORIENTED_EDGE('',*,*,#1347,.F.);
#1832=ORIENTED_EDGE('',*,*,#1348,.T.);
#1833=ORIENTED_EDGE('',*,*,#1243,.T.);
#1834=ORIENTED_EDGE('',*,*,#1285,.T.);
#1835=ORIENTED_EDGE('',*,*,#1256,.T.);
#1836=ORIENTED_EDGE('',*,*,#1202,.T.);
#1837=ORIENTED_EDGE('',*,*,#1244,.T.);
#1838=ORIENTED_EDGE('',*,*,#1348,.F.);
#1839=ORIENTED_EDGE('',*,*,#1318,.F.);
#1840=ORIENTED_EDGE('',*,*,#1349,.F.);
#1841=ORIENTED_EDGE('',*,*,#1350,.F.);
#1842=ORIENTED_EDGE('',*,*,#1321,.T.);
#1843=ORIENTED_EDGE('',*,*,#1317,.F.);
#1844=ORIENTED_EDGE('',*,*,#1338,.F.);
#1845=ORIENTED_EDGE('',*,*,#1341,.T.);
#1846=ORIENTED_EDGE('',*,*,#1351,.F.);
#1847=ORIENTED_EDGE('',*,*,#1349,.T.);
#1848=ORIENTED_EDGE('',*,*,#1347,.T.);
#1849=ORIENTED_EDGE('',*,*,#1352,.F.);
#1850=ORIENTED_EDGE('',*,*,#1353,.T.);
#1851=ORIENTED_EDGE('',*,*,#1224,.T.);
#1852=ORIENTED_EDGE('',*,*,#1265,.T.);
#1853=ORIENTED_EDGE('',*,*,#1287,.T.);
#1854=ORIENTED_EDGE('',*,*,#1237,.T.);
#1855=ORIENTED_EDGE('',*,*,#1225,.T.);
#1856=ORIENTED_EDGE('',*,*,#1353,.F.);
#1857=ORIENTED_EDGE('',*,*,#1343,.F.);
#1858=ORIENTED_EDGE('',*,*,#1354,.F.);
#1859=ORIENTED_EDGE('',*,*,#1355,.F.);
#1860=ORIENTED_EDGE('',*,*,#1328,.F.);
#1861=ORIENTED_EDGE('',*,*,#1346,.F.);
#1862=ORIENTED_EDGE('',*,*,#1325,.F.);
#1863=ORIENTED_EDGE('',*,*,#1356,.F.);
#1864=ORIENTED_EDGE('',*,*,#1357,.F.);
#1865=ORIENTED_EDGE('',*,*,#1342,.F.);
#1866=ORIENTED_EDGE('',*,*,#1345,.F.);
#1867=ORIENTED_EDGE('',*,*,#1357,.T.);
#1868=ORIENTED_EDGE('',*,*,#1358,.F.);
#1869=ORIENTED_EDGE('',*,*,#1354,.T.);
#1870=ORIENTED_EDGE('',*,*,#1352,.T.);
#1871=ORIENTED_EDGE('',*,*,#1359,.F.);
#1872=ORIENTED_EDGE('',*,*,#1360,.T.);
#1873=ORIENTED_EDGE('',*,*,#1334,.F.);
#1874=ORIENTED_EDGE('',*,*,#1360,.F.);
#1875=ORIENTED_EDGE('',*,*,#1361,.F.);
#1876=ORIENTED_EDGE('',*,*,#1362,.T.);
#1877=ORIENTED_EDGE('',*,*,#1335,.F.);
#1878=ORIENTED_EDGE('',*,*,#1362,.F.);
#1879=ORIENTED_EDGE('',*,*,#1363,.F.);
#1880=ORIENTED_EDGE('',*,*,#1364,.T.);
#1881=ORIENTED_EDGE('',*,*,#1336,.F.);
#1882=ORIENTED_EDGE('',*,*,#1364,.F.);
#1883=ORIENTED_EDGE('',*,*,#1365,.F.);
#1884=ORIENTED_EDGE('',*,*,#1366,.T.);
#1885=ORIENTED_EDGE('',*,*,#1337,.F.);
#1886=ORIENTED_EDGE('',*,*,#1366,.F.);
#1887=ORIENTED_EDGE('',*,*,#1181,.T.);
#1888=ORIENTED_EDGE('',*,*,#1367,.T.);
#1889=ORIENTED_EDGE('',*,*,#1368,.F.);
#1890=ORIENTED_EDGE('',*,*,#1369,.F.);
#1891=ORIENTED_EDGE('',*,*,#1370,.F.);
#1892=ORIENTED_EDGE('',*,*,#1185,.F.);
#1893=ORIENTED_EDGE('',*,*,#1367,.F.);
#1894=ORIENTED_EDGE('',*,*,#1359,.T.);
#1895=ORIENTED_EDGE('',*,*,#1175,.T.);
#1896=ORIENTED_EDGE('',*,*,#1371,.T.);
#1897=ORIENTED_EDGE('',*,*,#1372,.F.);
#1898=ORIENTED_EDGE('',*,*,#1373,.F.);
#1899=ORIENTED_EDGE('',*,*,#1180,.F.);
#1900=ORIENTED_EDGE('',*,*,#1371,.F.);
#1901=ORIENTED_EDGE('',*,*,#1361,.T.);
#1902=ORIENTED_EDGE('',*,*,#1170,.T.);
#1903=ORIENTED_EDGE('',*,*,#1374,.T.);
#1904=ORIENTED_EDGE('',*,*,#1375,.F.);
#1905=ORIENTED_EDGE('',*,*,#1376,.F.);
#1906=ORIENTED_EDGE('',*,*,#1377,.F.);
#1907=ORIENTED_EDGE('',*,*,#1174,.F.);
#1908=ORIENTED_EDGE('',*,*,#1374,.F.);
#1909=ORIENTED_EDGE('',*,*,#1363,.T.);
#1910=ORIENTED_EDGE('',*,*,#1164,.T.);
#1911=ORIENTED_EDGE('',*,*,#1378,.T.);
#1912=ORIENTED_EDGE('',*,*,#1379,.F.);
#1913=ORIENTED_EDGE('',*,*,#1380,.F.);
#1914=ORIENTED_EDGE('',*,*,#1169,.F.);
#1915=ORIENTED_EDGE('',*,*,#1378,.F.);
#1916=ORIENTED_EDGE('',*,*,#1365,.T.);
#1917=ORIENTED_EDGE('',*,*,#1369,.T.);
#1918=ORIENTED_EDGE('',*,*,#1381,.T.);
#1919=ORIENTED_EDGE('',*,*,#1382,.F.);
#1920=ORIENTED_EDGE('',*,*,#1383,.F.);
#1921=ORIENTED_EDGE('',*,*,#1172,.T.);
#1922=ORIENTED_EDGE('',*,*,#1384,.F.);
#1923=ORIENTED_EDGE('',*,*,#1385,.F.);
#1924=ORIENTED_EDGE('',*,*,#1386,.T.);
#1925=ORIENTED_EDGE('',*,*,#1387,.T.);
#1926=ORIENTED_EDGE('',*,*,#1182,.T.);
#1927=ORIENTED_EDGE('',*,*,#1370,.T.);
#1928=ORIENTED_EDGE('',*,*,#1383,.T.);
#1929=ORIENTED_EDGE('',*,*,#1388,.F.);
#1930=ORIENTED_EDGE('',*,*,#1389,.F.);
#1931=ORIENTED_EDGE('',*,*,#1166,.T.);
#1932=ORIENTED_EDGE('',*,*,#1390,.F.);
#1933=ORIENTED_EDGE('',*,*,#1177,.T.);
#1934=ORIENTED_EDGE('',*,*,#1391,.F.);
#1935=ORIENTED_EDGE('',*,*,#1392,.F.);
#1936=ORIENTED_EDGE('',*,*,#1384,.T.);
#1937=ORIENTED_EDGE('',*,*,#1171,.T.);
#1938=ORIENTED_EDGE('',*,*,#1377,.T.);
#1939=ORIENTED_EDGE('',*,*,#1393,.T.);
#1940=ORIENTED_EDGE('',*,*,#1176,.T.);
#1941=ORIENTED_EDGE('',*,*,#1373,.T.);
#1942=ORIENTED_EDGE('',*,*,#1394,.F.);
#1943=ORIENTED_EDGE('',*,*,#1395,.T.);
#1944=ORIENTED_EDGE('',*,*,#1396,.F.);
#1945=ORIENTED_EDGE('',*,*,#1391,.T.);
#1946=ORIENTED_EDGE('',*,*,#1167,.T.);
#1947=ORIENTED_EDGE('',*,*,#1389,.T.);
#1948=ORIENTED_EDGE('',*,*,#1397,.F.);
#1949=ORIENTED_EDGE('',*,*,#1398,.F.);
#1950=ORIENTED_EDGE('',*,*,#1294,.T.);
#1951=ORIENTED_EDGE('',*,*,#1399,.T.);
#1952=ORIENTED_EDGE('',*,*,#1304,.T.);
#1953=ORIENTED_EDGE('',*,*,#1400,.T.);
#1954=ORIENTED_EDGE('',*,*,#1401,.T.);
#1955=ORIENTED_EDGE('',*,*,#1402,.T.);
#1956=ORIENTED_EDGE('',*,*,#1403,.T.);
#1957=ORIENTED_EDGE('',*,*,#1404,.T.);
#1958=ORIENTED_EDGE('',*,*,#1400,.F.);
#1959=ORIENTED_EDGE('',*,*,#1303,.T.);
#1960=ORIENTED_EDGE('',*,*,#1315,.T.);
#1961=ORIENTED_EDGE('',*,*,#1402,.F.);
#1962=ORIENTED_EDGE('',*,*,#1405,.T.);
#1963=ORIENTED_EDGE('',*,*,#1293,.T.);
#1964=ORIENTED_EDGE('',*,*,#1406,.T.);
#1965=ORIENTED_EDGE('',*,*,#1311,.T.);
#1966=ORIENTED_EDGE('',*,*,#1305,.T.);
#1967=ORIENTED_EDGE('',*,*,#1399,.F.);
#1968=ORIENTED_EDGE('',*,*,#1403,.F.);
#1969=ORIENTED_EDGE('',*,*,#1405,.F.);
#1970=ORIENTED_EDGE('',*,*,#1401,.F.);
#1971=ORIENTED_EDGE('',*,*,#1395,.F.);
#1972=ORIENTED_EDGE('',*,*,#1407,.T.);
#1973=ORIENTED_EDGE('',*,*,#1330,.T.);
#1974=ORIENTED_EDGE('',*,*,#1408,.T.);
#1975=ORIENTED_EDGE('',*,*,#1386,.F.);
#1976=ORIENTED_EDGE('',*,*,#1356,.T.);
#1977=ORIENTED_EDGE('',*,*,#1324,.T.);
#1978=ORIENTED_EDGE('',*,*,#1409,.F.);
#1979=ORIENTED_EDGE('',*,*,#1381,.F.);
#1980=ORIENTED_EDGE('',*,*,#1368,.T.);
#1981=ORIENTED_EDGE('',*,*,#1184,.F.);
#1982=ORIENTED_EDGE('',*,*,#1410,.F.);
#1983=ORIENTED_EDGE('',*,*,#1375,.T.);
#1984=ORIENTED_EDGE('',*,*,#1173,.F.);
#1985=ORIENTED_EDGE('',*,*,#1387,.F.);
#1986=ORIENTED_EDGE('',*,*,#1408,.F.);
#1987=ORIENTED_EDGE('',*,*,#1329,.T.);
#1988=ORIENTED_EDGE('',*,*,#1355,.T.);
#1989=ORIENTED_EDGE('',*,*,#1358,.T.);
#1990=ORIENTED_EDGE('',*,*,#1183,.T.);
#1991=ORIENTED_EDGE('',*,*,#1393,.F.);
#1992=ORIENTED_EDGE('',*,*,#1376,.T.);
#1993=ORIENTED_EDGE('',*,*,#1410,.T.);
#1994=ORIENTED_EDGE('',*,*,#1178,.T.);
#1995=ORIENTED_EDGE('',*,*,#1390,.T.);
#1996=ORIENTED_EDGE('',*,*,#1165,.T.);
#1997=ORIENTED_EDGE('',*,*,#1380,.T.);
#1998=ORIENTED_EDGE('',*,*,#1411,.F.);
#1999=ORIENTED_EDGE('',*,*,#1340,.T.);
#2000=ORIENTED_EDGE('',*,*,#1331,.F.);
#2001=ORIENTED_EDGE('',*,*,#1407,.F.);
#2002=ORIENTED_EDGE('',*,*,#1394,.T.);
#2003=ORIENTED_EDGE('',*,*,#1372,.T.);
#2004=ORIENTED_EDGE('',*,*,#1179,.F.);
#2005=ORIENTED_EDGE('',*,*,#1411,.T.);
#2006=ORIENTED_EDGE('',*,*,#1379,.T.);
#2007=ORIENTED_EDGE('',*,*,#1168,.F.);
#2008=ORIENTED_EDGE('',*,*,#1398,.T.);
#2009=ORIENTED_EDGE('',*,*,#1412,.F.);
#2010=ORIENTED_EDGE('',*,*,#1322,.F.);
#2011=ORIENTED_EDGE('',*,*,#1350,.T.);
#2012=ORIENTED_EDGE('',*,*,#1351,.T.);
#2013=ORIENTED_EDGE('',*,*,#1323,.T.);
#2014=ORIENTED_EDGE('',*,*,#1412,.T.);
#2015=ORIENTED_EDGE('',*,*,#1397,.T.);
#2016=ORIENTED_EDGE('',*,*,#1388,.T.);
#2017=ORIENTED_EDGE('',*,*,#1382,.T.);
#2018=ORIENTED_EDGE('',*,*,#1409,.T.);
#2019=ORIENTED_EDGE('',*,*,#1385,.T.);
#2020=ORIENTED_EDGE('',*,*,#1392,.T.);
#2021=ORIENTED_EDGE('',*,*,#1396,.T.);
#2022=ORIENTED_EDGE('',*,*,#1404,.F.);
#2023=ORIENTED_EDGE('',*,*,#1413,.F.);
#2024=ORIENTED_EDGE('',*,*,#1313,.F.);
#2025=ORIENTED_EDGE('',*,*,#1414,.F.);
#2026=ORIENTED_EDGE('',*,*,#1309,.F.);
#2027=ORIENTED_EDGE('',*,*,#1415,.F.);
#2028=ORIENTED_EDGE('',*,*,#1416,.F.);
#2029=ORIENTED_EDGE('',*,*,#1288,.T.);
#2030=ORIENTED_EDGE('',*,*,#1310,.F.);
#2031=ORIENTED_EDGE('',*,*,#1414,.T.);
#2032=ORIENTED_EDGE('',*,*,#1312,.T.);
#2033=ORIENTED_EDGE('',*,*,#1406,.F.);
#2034=ORIENTED_EDGE('',*,*,#1292,.T.);
#2035=ORIENTED_EDGE('',*,*,#1297,.T.);
#2036=ORIENTED_EDGE('',*,*,#1314,.F.);
#2037=ORIENTED_EDGE('',*,*,#1413,.T.);
#2038=ORIENTED_EDGE('',*,*,#1308,.T.);
#2039=ORIENTED_EDGE('',*,*,#1316,.F.);
#2040=ORIENTED_EDGE('',*,*,#1301,.T.);
#2041=ORIENTED_EDGE('',*,*,#1291,.T.);
#2042=ORIENTED_EDGE('',*,*,#1417,.T.);
#2043=ORIENTED_EDGE('',*,*,#1415,.T.);
#2044=ORIENTED_EDGE('',*,*,#1417,.F.);
#2045=ORIENTED_EDGE('',*,*,#1300,.T.);
#2046=ORIENTED_EDGE('',*,*,#1418,.T.);
#2047=ORIENTED_EDGE('',*,*,#1416,.T.);
#2048=ORIENTED_EDGE('',*,*,#1418,.F.);
#2049=CYLINDRICAL_SURFACE('',#2212,11.);
#2050=CYLINDRICAL_SURFACE('',#2216,13.7);
#2051=CYLINDRICAL_SURFACE('',#2232,13.7);
#2052=CYLINDRICAL_SURFACE('',#2236,1.65);
#2053=CYLINDRICAL_SURFACE('',#2238,3.50000000000001);
#2054=CYLINDRICAL_SURFACE('',#2240,3.5);
#2055=CYLINDRICAL_SURFACE('',#2244,1.65);
#2056=CYLINDRICAL_SURFACE('',#2247,3.5);
#2057=CYLINDRICAL_SURFACE('',#2249,3.50000000000001);
#2058=CYLINDRICAL_SURFACE('',#2252,2.85);
#2059=CYLINDRICAL_SURFACE('',#2256,2.85);
#2060=CYLINDRICAL_SURFACE('',#2259,2.85);
#2061=CYLINDRICAL_SURFACE('',#2263,2.85);
#2062=CYLINDRICAL_SURFACE('',#2316,3.);
#2063=CYLINDRICAL_SURFACE('',#2323,3.);
#2064=CYLINDRICAL_SURFACE('',#2331,3.5);
#2065=CYLINDRICAL_SURFACE('',#2342,3.5);
#2066=CYLINDRICAL_SURFACE('',#2345,3.5);
#2067=CYLINDRICAL_SURFACE('',#2347,3.5);
#2068=CYLINDRICAL_SURFACE('',#2349,1.65);
#2069=CYLINDRICAL_SURFACE('',#2353,1.65);
#2070=CYLINDRICAL_SURFACE('',#2358,1.65);
#2071=CYLINDRICAL_SURFACE('',#2360,1.65);
#2072=CYLINDRICAL_SURFACE('',#2362,1.65);
#2073=CYLINDRICAL_SURFACE('',#2364,1.65);
#2074=CYLINDRICAL_SURFACE('',#2366,2.85);
#2075=CYLINDRICAL_SURFACE('',#2370,2.85);
#2076=CYLINDRICAL_SURFACE('',#2374,2.85);
#2077=CYLINDRICAL_SURFACE('',#2378,2.85);
#2078=CYLINDRICAL_SURFACE('',#2384,11.);
#2079=CYLINDRICAL_SURFACE('',#2408,7.125);
#2080=CYLINDRICAL_SURFACE('',#2409,7.125);
#2081=CYLINDRICAL_SURFACE('',#2410,1.);
#2082=CYLINDRICAL_SURFACE('',#2411,1.);
#2083=ADVANCED_FACE('',(#133),#2049,.F.);
#2084=ADVANCED_FACE('',(#134),#55,.T.);
#2085=ADVANCED_FACE('',(#135),#2050,.F.);
#2086=ADVANCED_FACE('',(#136),#56,.T.);
#2087=ADVANCED_FACE('',(#137),#57,.T.);
#2088=ADVANCED_FACE('',(#138),#58,.T.);
#2089=ADVANCED_FACE('',(#139,#34,#35),#59,.T.);
#2090=ADVANCED_FACE('',(#140),#60,.T.);
#2091=ADVANCED_FACE('',(#141),#61,.T.);
#2092=ADVANCED_FACE('',(#142),#62,.T.);
#2093=ADVANCED_FACE('',(#143),#2051,.F.);
#2094=ADVANCED_FACE('',(#144),#63,.T.);
#2095=ADVANCED_FACE('',(#145),#2052,.F.);
#2096=ADVANCED_FACE('',(#146),#2053,.T.);
#2097=ADVANCED_FACE('',(#147),#2054,.T.);
#2098=ADVANCED_FACE('',(#148,#36),#64,.F.);
#2099=ADVANCED_FACE('',(#149),#65,.T.);
#2100=ADVANCED_FACE('',(#150),#2055,.F.);
#2101=ADVANCED_FACE('',(#151),#66,.T.);
#2102=ADVANCED_FACE('',(#152),#2056,.T.);
#2103=ADVANCED_FACE('',(#153),#2057,.T.);
#2104=ADVANCED_FACE('',(#154,#37),#67,.F.);
#2105=ADVANCED_FACE('',(#155),#2058,.F.);
#2106=ADVANCED_FACE('',(#156),#2059,.F.);
#2107=ADVANCED_FACE('',(#157),#2060,.F.);
#2108=ADVANCED_FACE('',(#158),#2061,.F.);
#2109=ADVANCED_FACE('',(#159),#68,.T.);
#2110=ADVANCED_FACE('',(#160),#69,.T.);
#2111=ADVANCED_FACE('',(#161),#70,.F.);
#2112=ADVANCED_FACE('',(#162),#71,.F.);
#2113=ADVANCED_FACE('',(#163),#72,.F.);
#2114=ADVANCED_FACE('',(#164),#73,.F.);
#2115=ADVANCED_FACE('',(#165),#74,.T.);
#2116=ADVANCED_FACE('',(#166),#75,.T.);
#2117=ADVANCED_FACE('',(#167),#76,.F.);
#2118=ADVANCED_FACE('',(#168),#77,.F.);
#2119=ADVANCED_FACE('',(#169),#78,.F.);
#2120=ADVANCED_FACE('',(#170),#79,.T.);
#2121=ADVANCED_FACE('',(#171),#80,.T.);
#2122=ADVANCED_FACE('',(#172),#81,.F.);
#2123=ADVANCED_FACE('',(#173),#82,.T.);
#2124=ADVANCED_FACE('',(#174),#83,.T.);
#2125=ADVANCED_FACE('',(#175),#84,.F.);
#2126=ADVANCED_FACE('',(#176),#85,.T.);
#2127=ADVANCED_FACE('',(#177),#86,.T.);
#2128=ADVANCED_FACE('',(#178),#87,.F.);
#2129=ADVANCED_FACE('',(#179),#88,.F.);
#2130=ADVANCED_FACE('',(#180),#89,.F.);
#2131=ADVANCED_FACE('',(#181),#90,.T.);
#2132=ADVANCED_FACE('',(#182),#91,.T.);
#2133=ADVANCED_FACE('',(#183),#92,.F.);
#2134=ADVANCED_FACE('',(#184),#93,.F.);
#2135=ADVANCED_FACE('',(#185),#94,.T.);
#2136=ADVANCED_FACE('',(#186),#95,.T.);
#2137=ADVANCED_FACE('',(#187),#96,.F.);
#2138=ADVANCED_FACE('',(#188),#97,.F.);
#2139=ADVANCED_FACE('',(#189),#98,.T.);
#2140=ADVANCED_FACE('',(#190),#99,.T.);
#2141=ADVANCED_FACE('',(#191),#100,.F.);
#2142=ADVANCED_FACE('',(#192),#101,.F.);
#2143=ADVANCED_FACE('',(#193),#102,.F.);
#2144=ADVANCED_FACE('',(#194),#103,.F.);
#2145=ADVANCED_FACE('',(#195,#38),#104,.T.);
#2146=ADVANCED_FACE('',(#196),#2062,.F.);
#2147=ADVANCED_FACE('',(#197,#39),#105,.T.);
#2148=ADVANCED_FACE('',(#198),#2063,.F.);
#2149=ADVANCED_FACE('',(#199),#106,.T.);
#2150=ADVANCED_FACE('',(#200),#107,.T.);
#2151=ADVANCED_FACE('',(#201),#108,.T.);
#2152=ADVANCED_FACE('',(#202),#2064,.T.);
#2153=ADVANCED_FACE('',(#203,#40,#41,#42,#43,#44,#45),#109,.T.);
#2154=ADVANCED_FACE('',(#204),#2065,.T.);
#2155=ADVANCED_FACE('',(#205),#110,.T.);
#2156=ADVANCED_FACE('',(#206),#2066,.T.);
#2157=ADVANCED_FACE('',(#207),#2067,.T.);
#2158=ADVANCED_FACE('',(#208),#2068,.F.);
#2159=ADVANCED_FACE('',(#209),#111,.T.);
#2160=ADVANCED_FACE('',(#210,#46),#112,.T.);
#2161=ADVANCED_FACE('',(#211),#2069,.F.);
#2162=ADVANCED_FACE('',(#212),#113,.T.);
#2163=ADVANCED_FACE('',(#213),#114,.T.);
#2164=ADVANCED_FACE('',(#214,#47),#115,.T.);
#2165=ADVANCED_FACE('',(#215),#2070,.F.);
#2166=ADVANCED_FACE('',(#216),#2071,.F.);
#2167=ADVANCED_FACE('',(#217),#2072,.F.);
#2168=ADVANCED_FACE('',(#218),#2073,.F.);
#2169=ADVANCED_FACE('',(#219),#2074,.F.);
#2170=ADVANCED_FACE('',(#220,#48),#116,.T.);
#2171=ADVANCED_FACE('',(#221),#2075,.F.);
#2172=ADVANCED_FACE('',(#222,#49),#117,.T.);
#2173=ADVANCED_FACE('',(#223),#2076,.F.);
#2174=ADVANCED_FACE('',(#224,#50),#118,.T.);
#2175=ADVANCED_FACE('',(#225),#2077,.F.);
#2176=ADVANCED_FACE('',(#226,#51),#119,.T.);
#2177=ADVANCED_FACE('',(#227),#120,.T.);
#2178=ADVANCED_FACE('',(#228),#121,.T.);
#2179=ADVANCED_FACE('',(#229),#2078,.F.);
#2180=ADVANCED_FACE('',(#230),#122,.T.);
#2181=ADVANCED_FACE('',(#231),#123,.T.);
#2182=ADVANCED_FACE('',(#232),#16,.T.);
#2183=ADVANCED_FACE('',(#233),#124,.T.);
#2184=ADVANCED_FACE('',(#234),#125,.T.);
#2185=ADVANCED_FACE('',(#235),#126,.T.);
#2186=ADVANCED_FACE('',(#236),#127,.T.);
#2187=ADVANCED_FACE('',(#237),#128,.T.);
#2188=ADVANCED_FACE('',(#238),#129,.T.);
#2189=ADVANCED_FACE('',(#239),#130,.T.);
#2190=ADVANCED_FACE('',(#240),#131,.F.);
#2191=ADVANCED_FACE('',(#241,#52,#53,#54),#132,.F.);
#2192=ADVANCED_FACE('',(#242),#2079,.F.);
#2193=ADVANCED_FACE('',(#243),#2080,.F.);
#2194=ADVANCED_FACE('',(#244),#2081,.F.);
#2195=ADVANCED_FACE('',(#245),#2082,.F.);
#2196=CLOSED_SHELL('',(#2083,#2084,#2085,#2086,#2087,#2088,#2089,#2090,
#2091,#2092,#2093,#2094,#2095,#2096,#2097,#2098,#2099,#2100,#2101,#2102,
#2103,#2104));
#2197=CLOSED_SHELL('',(#2105,#2106,#2107,#2108,#2109,#2110,#2111,#2112,
#2113,#2114,#2115,#2116,#2117,#2118,#2119,#2120,#2121,#2122,#2123,#2124,
#2125,#2126,#2127,#2128,#2129,#2130,#2131,#2132,#2133,#2134,#2135,#2136,
#2137,#2138,#2139,#2140,#2141,#2142,#2143,#2144,#2145,#2146,#2147,#2148,
#2149,#2150,#2151,#2152,#2153,#2154,#2155,#2156,#2157,#2158,#2159,#2160,
#2161,#2162,#2163,#2164,#2165,#2166,#2167,#2168,#2169,#2170,#2171,#2172,
#2173,#2174,#2175,#2176,#2177,#2178,#2179,#2180,#2181,#2182,#2183,#2184,
#2185,#2186,#2187,#2188,#2189,#2190,#2191,#2192,#2193,#2194,#2195));
#2198=DERIVED_UNIT_ELEMENT(#2200,1.);
#2199=DERIVED_UNIT_ELEMENT(#3803,-3.);
#2200=(
MASS_UNIT()
NAMED_UNIT(*)
SI_UNIT(.KILO.,.GRAM.)
);
#2201=DERIVED_UNIT((#2198,#2199));
#2202=MEASURE_REPRESENTATION_ITEM('density measure',
POSITIVE_RATIO_MEASURE(7850.),#2201);
#2203=PROPERTY_DEFINITION_REPRESENTATION(#2208,#2205);
#2204=PROPERTY_DEFINITION_REPRESENTATION(#2209,#2206);
#2205=REPRESENTATION('material name',(#2207),#3800);
#2206=REPRESENTATION('density',(#2202),#3800);
#2207=DESCRIPTIVE_REPRESENTATION_ITEM('Steel','Steel');
#2208=PROPERTY_DEFINITION('material property','material name',#3815);
#2209=PROPERTY_DEFINITION('material property','density of part',#3815);
#2210=AXIS2_PLACEMENT_3D('',#3037,#2413,#2414);
#2211=AXIS2_PLACEMENT_3D('',#3038,#2415,#2416);
#2212=AXIS2_PLACEMENT_3D('',#3039,#2417,#2418);
#2213=AXIS2_PLACEMENT_3D('',#3042,#2419,#2420);
#2214=AXIS2_PLACEMENT_3D('',#3046,#2422,#2423);
#2215=AXIS2_PLACEMENT_3D('',#3048,#2425,#2426);
#2216=AXIS2_PLACEMENT_3D('',#3054,#2430,#2431);
#2217=AXIS2_PLACEMENT_3D('',#3056,#2432,#2433);
#2218=AXIS2_PLACEMENT_3D('',#3059,#2435,#2436);
#2219=AXIS2_PLACEMENT_3D('',#3060,#2437,#2438);
#2220=AXIS2_PLACEMENT_3D('',#3066,#2442,#2443);
#2221=AXIS2_PLACEMENT_3D('',#3072,#2447,#2448);
#2222=AXIS2_PLACEMENT_3D('',#3078,#2452,#2453);
#2223=AXIS2_PLACEMENT_3D('',#3083,#2455,#2456);
#2224=AXIS2_PLACEMENT_3D('',#3085,#2457,#2458);
#2225=AXIS2_PLACEMENT_3D('',#3089,#2460,#2461);
#2226=AXIS2_PLACEMENT_3D('',#3090,#2462,#2463);
#2227=AXIS2_PLACEMENT_3D('',#3092,#2464,#2465);
#2228=AXIS2_PLACEMENT_3D('',#3094,#2466,#2467);
#2229=AXIS2_PLACEMENT_3D('',#3095,#2468,#2469);
#2230=AXIS2_PLACEMENT_3D('',#3104,#2474,#2475);
#2231=AXIS2_PLACEMENT_3D('',#3110,#2479,#2480);
#2232=AXIS2_PLACEMENT_3D('',#3116,#2484,#2485);
#2233=AXIS2_PLACEMENT_3D('',#3118,#2486,#2487);
#2234=AXIS2_PLACEMENT_3D('',#3121,#2489,#2490);
#2235=AXIS2_PLACEMENT_3D('',#3122,#2491,#2492);
#2236=AXIS2_PLACEMENT_3D('',#3125,#2495,#2496);
#2237=AXIS2_PLACEMENT_3D('',#3128,#2498,#2499);
#2238=AXIS2_PLACEMENT_3D('',#3129,#2500,#2501);
#2239=AXIS2_PLACEMENT_3D('',#3133,#2503,#2504);
#2240=AXIS2_PLACEMENT_3D('',#3135,#2506,#2507);
#2241=AXIS2_PLACEMENT_3D('',#3138,#2509,#2510);
#2242=AXIS2_PLACEMENT_3D('',#3139,#2511,#2512);
#2243=AXIS2_PLACEMENT_3D('',#3142,#2515,#2516);
#2244=AXIS2_PLACEMENT_3D('',#3146,#2519,#2520);
#2245=AXIS2_PLACEMENT_3D('',#3149,#2522,#2523);
#2246=AXIS2_PLACEMENT_3D('',#3150,#2524,#2525);
#2247=AXIS2_PLACEMENT_3D('',#3154,#2528,#2529);
#2248=AXIS2_PLACEMENT_3D('',#3157,#2531,#2532);
#2249=AXIS2_PLACEMENT_3D('',#3158,#2533,#2534);
#2250=AXIS2_PLACEMENT_3D('',#3159,#2535,#2536);
#2251=AXIS2_PLACEMENT_3D('',#3160,#2537,#2538);
#2252=AXIS2_PLACEMENT_3D('',#3161,#2539,#2540);
#2253=AXIS2_PLACEMENT_3D('',#3166,#2542,#2543);
#2254=AXIS2_PLACEMENT_3D('',#3191,#2544,#2545);
#2255=AXIS2_PLACEMENT_3D('',#3194,#2547,#2548);
#2256=AXIS2_PLACEMENT_3D('',#3195,#2549,#2550);
#2257=AXIS2_PLACEMENT_3D('',#3205,#2552,#2553);
#2258=AXIS2_PLACEMENT_3D('',#3208,#2555,#2556);
#2259=AXIS2_PLACEMENT_3D('',#3209,#2557,#2558);
#2260=AXIS2_PLACEMENT_3D('',#3214,#2560,#2561);
#2261=AXIS2_PLACEMENT_3D('',#3239,#2562,#2563);
#2262=AXIS2_PLACEMENT_3D('',#3242,#2565,#2566);
#2263=AXIS2_PLACEMENT_3D('',#3243,#2567,#2568);
#2264=AXIS2_PLACEMENT_3D('',#3253,#2570,#2571);
#2265=AXIS2_PLACEMENT_3D('',#3256,#2573,#2574);
#2266=AXIS2_PLACEMENT_3D('',#3257,#2575,#2576);
#2267=AXIS2_PLACEMENT_3D('',#3268,#2582,#2583);
#2268=AXIS2_PLACEMENT_3D('',#3274,#2587,#2588);
#2269=AXIS2_PLACEMENT_3D('',#3286,#2595,#2596);
#2270=AXIS2_PLACEMENT_3D('',#3290,#2599,#2600);
#2271=AXIS2_PLACEMENT_3D('',#3292,#2601,#2602);
#2272=AXIS2_PLACEMENT_3D('',#3296,#2605,#2606);
#2273=AXIS2_PLACEMENT_3D('',#3304,#2611,#2612);
#2274=AXIS2_PLACEMENT_3D('',#3315,#2618,#2619);
#2275=AXIS2_PLACEMENT_3D('',#3321,#2623,#2624);
#2276=AXIS2_PLACEMENT_3D('',#3333,#2631,#2632);
#2277=AXIS2_PLACEMENT_3D('',#3337,#2634,#2635);
#2278=AXIS2_PLACEMENT_3D('',#3338,#2636,#2637);
#2279=AXIS2_PLACEMENT_3D('',#3339,#2638,#2639);
#2280=AXIS2_PLACEMENT_3D('',#3351,#2646,#2647);
#2281=AXIS2_PLACEMENT_3D('',#3359,#2652,#2653);
#2282=AXIS2_PLACEMENT_3D('',#3361,#2655,#2656);
#2283=AXIS2_PLACEMENT_3D('',#3362,#2657,#2658);
#2284=AXIS2_PLACEMENT_3D('',#3363,#2659,#2660);
#2285=AXIS2_PLACEMENT_3D('',#3369,#2664,#2665);
#2286=AXIS2_PLACEMENT_3D('',#3371,#2667,#2668);
#2287=AXIS2_PLACEMENT_3D('',#3375,#2670,#2671);
#2288=AXIS2_PLACEMENT_3D('',#3376,#2672,#2673);
#2289=AXIS2_PLACEMENT_3D('',#3377,#2674,#2675);
#2290=AXIS2_PLACEMENT_3D('',#3388,#2681,#2682);
#2291=AXIS2_PLACEMENT_3D('',#3394,#2686,#2687);
#2292=AXIS2_PLACEMENT_3D('',#3399,#2691,#2692);
#2293=AXIS2_PLACEMENT_3D('',#3400,#2693,#2694);
#2294=AXIS2_PLACEMENT_3D('',#3401,#2695,#2696);
#2295=AXIS2_PLACEMENT_3D('',#3405,#2699,#2700);
#2296=AXIS2_PLACEMENT_3D('',#3411,#2704,#2705);
#2297=AXIS2_PLACEMENT_3D('',#3413,#2707,#2708);
#2298=AXIS2_PLACEMENT_3D('',#3418,#2711,#2712);
#2299=AXIS2_PLACEMENT_3D('',#3419,#2713,#2714);
#2300=AXIS2_PLACEMENT_3D('',#3427,#2719,#2720);
#2301=AXIS2_PLACEMENT_3D('',#3433,#2724,#2725);
#2302=AXIS2_PLACEMENT_3D('',#3437,#2728,#2729);
#2303=AXIS2_PLACEMENT_3D('',#3442,#2733,#2734);
#2304=AXIS2_PLACEMENT_3D('',#3444,#2736,#2737);
#2305=AXIS2_PLACEMENT_3D('',#3450,#2741,#2742);
#2306=AXIS2_PLACEMENT_3D('',#3452,#2744,#2745);
#2307=AXIS2_PLACEMENT_3D('',#3455,#2748,#2749);
#2308=AXIS2_PLACEMENT_3D('',#3456,#2750,#2751);
#2309=AXIS2_PLACEMENT_3D('',#3457,#2752,#2753);
#2310=AXIS2_PLACEMENT_3D('',#3459,#2755,#2756);
#2311=AXIS2_PLACEMENT_3D('',#3460,#2757,#2758);
#2312=AXIS2_PLACEMENT_3D('',#3461,#2759,#2760);
#2313=AXIS2_PLACEMENT_3D('',#3464,#2761,#2762);
#2314=AXIS2_PLACEMENT_3D('',#3466,#2763,#2764);
#2315=AXIS2_PLACEMENT_3D('',#3469,#2766,#2767);
#2316=AXIS2_PLACEMENT_3D('',#3470,#2768,#2769);
#2317=AXIS2_PLACEMENT_3D('',#3474,#2771,#2772);
#2318=AXIS2_PLACEMENT_3D('',#3495,#2773,#2774);
#2319=AXIS2_PLACEMENT_3D('',#3497,#2776,#2777);
#2320=AXIS2_PLACEMENT_3D('',#3500,#2778,#2779);
#2321=AXIS2_PLACEMENT_3D('',#3502,#2780,#2781);
#2322=AXIS2_PLACEMENT_3D('',#3505,#2783,#2784);
#2323=AXIS2_PLACEMENT_3D('',#3506,#2785,#2786);
#2324=AXIS2_PLACEMENT_3D('',#3510,#2788,#2789);
#2325=AXIS2_PLACEMENT_3D('',#3534,#2790,#2791);
#2326=AXIS2_PLACEMENT_3D('',#3536,#2793,#2794);
#2327=AXIS2_PLACEMENT_3D('',#3544,#2799,#2800);
#2328=AXIS2_PLACEMENT_3D('',#3552,#2805,#2806);
#2329=AXIS2_PLACEMENT_3D('',#3553,#2807,#2808);
#2330=AXIS2_PLACEMENT_3D('',#3554,#2809,#2810);
#2331=AXIS2_PLACEMENT_3D('',#3555,#2811,#2812);
#2332=AXIS2_PLACEMENT_3D('',#3558,#2813,#2814);
#2333=AXIS2_PLACEMENT_3D('',#3562,#2816,#2817);
#2334=AXIS2_PLACEMENT_3D('',#3564,#2819,#2820);
#2335=AXIS2_PLACEMENT_3D('',#3576,#2826,#2827);
#2336=AXIS2_PLACEMENT_3D('',#3578,#2828,#2829);
#2337=AXIS2_PLACEMENT_3D('',#3589,#2835,#2836);
#2338=AXIS2_PLACEMENT_3D('',#3591,#2837,#2838);
#2339=AXIS2_PLACEMENT_3D('',#3593,#2839,#2840);
#2340=AXIS2_PLACEMENT_3D('',#3595,#2841,#2842);
#2341=AXIS2_PLACEMENT_3D('',#3597,#2843,#2844);
#2342=AXIS2_PLACEMENT_3D('',#3598,#2845,#2846);
#2343=AXIS2_PLACEMENT_3D('',#3600,#2847,#2848);
#2344=AXIS2_PLACEMENT_3D('',#3602,#2850,#2851);
#2345=AXIS2_PLACEMENT_3D('',#3606,#2854,#2855);
#2346=AXIS2_PLACEMENT_3D('',#3609,#2856,#2857);
#2347=AXIS2_PLACEMENT_3D('',#3612,#2860,#2861);
#2348=AXIS2_PLACEMENT_3D('',#3614,#2862,#2863);
#2349=AXIS2_PLACEMENT_3D('',#3616,#2865,#2866);
#2350=AXIS2_PLACEMENT_3D('',#3618,#2867,#2868);
#2351=AXIS2_PLACEMENT_3D('',#3620,#2870,#2871);
#2352=AXIS2_PLACEMENT_3D('',#3624,#2874,#2875);
#2353=AXIS2_PLACEMENT_3D('',#3626,#2877,#2878);
#2354=AXIS2_PLACEMENT_3D('',#3628,#2879,#2880);
#2355=AXIS2_PLACEMENT_3D('',#3630,#2882,#2883);
#2356=AXIS2_PLACEMENT_3D('',#3634,#2886,#2887);
#2357=AXIS2_PLACEMENT_3D('',#3638,#2890,#2891);
#2358=AXIS2_PLACEMENT_3D('',#3640,#2893,#2894);
#2359=AXIS2_PLACEMENT_3D('',#3642,#2895,#2896);
#2360=AXIS2_PLACEMENT_3D('',#3644,#2898,#2899);
#2361=AXIS2_PLACEMENT_3D('',#3646,#2900,#2901);
#2362=AXIS2_PLACEMENT_3D('',#3648,#2903,#2904);
#2363=AXIS2_PLACEMENT_3D('',#3650,#2905,#2906);
#2364=AXIS2_PLACEMENT_3D('',#3652,#2908,#2909);
#2365=AXIS2_PLACEMENT_3D('',#3654,#2910,#2911);
#2366=AXIS2_PLACEMENT_3D('',#3656,#2913,#2914);
#2367=AXIS2_PLACEMENT_3D('',#3657,#2915,#2916);
#2368=AXIS2_PLACEMENT_3D('',#3660,#2918,#2919);
#2369=AXIS2_PLACEMENT_3D('',#3683,#2920,#2921);
#2370=AXIS2_PLACEMENT_3D('',#3684,#2922,#2923);
#2371=AXIS2_PLACEMENT_3D('',#3685,#2924,#2925);
#2372=AXIS2_PLACEMENT_3D('',#3687,#2927,#2928);
#2373=AXIS2_PLACEMENT_3D('',#3688,#2929,#2930);
#2374=AXIS2_PLACEMENT_3D('',#3689,#2931,#2932);
#2375=AXIS2_PLACEMENT_3D('',#3690,#2933,#2934);
#2376=AXIS2_PLACEMENT_3D('',#3693,#2936,#2937);
#2377=AXIS2_PLACEMENT_3D('',#3716,#2938,#2939);
#2378=AXIS2_PLACEMENT_3D('',#3717,#2940,#2941);
#2379=AXIS2_PLACEMENT_3D('',#3718,#2942,#2943);
#2380=AXIS2_PLACEMENT_3D('',#3720,#2945,#2946);
#2381=AXIS2_PLACEMENT_3D('',#3721,#2947,#2948);
#2382=AXIS2_PLACEMENT_3D('',#3722,#2949,#2950);
#2383=AXIS2_PLACEMENT_3D('',#3728,#2954,#2955);
#2384=AXIS2_PLACEMENT_3D('',#3736,#2960,#2961);
#2385=AXIS2_PLACEMENT_3D('',#3738,#2962,#2963);
#2386=AXIS2_PLACEMENT_3D('',#3743,#2967,#2968);
#2387=AXIS2_PLACEMENT_3D('',#3745,#2970,#2971);
#2388=AXIS2_PLACEMENT_3D('',#3751,#2975,#2976);
#2389=AXIS2_PLACEMENT_3D('',#3755,#2979,#2980);
#2390=AXIS2_PLACEMENT_3D('',#3756,#2981,#2982);
#2391=AXIS2_PLACEMENT_3D('',#3759,#2984,#2985);
#2392=AXIS2_PLACEMENT_3D('',#3764,#2986,#2987);
#2393=AXIS2_PLACEMENT_3D('',#3765,#2988,#2989);
#2394=AXIS2_PLACEMENT_3D('',#3766,#2990,#2991);
#2395=AXIS2_PLACEMENT_3D('',#3768,#2993,#2994);
#2396=AXIS2_PLACEMENT_3D('',#3769,#2995,#2996);
#2397=AXIS2_PLACEMENT_3D('',#3770,#2997,#2998);
#2398=AXIS2_PLACEMENT_3D('',#3773,#3001,#3002);
#2399=AXIS2_PLACEMENT_3D('',#3776,#3005,#3006);
#2400=AXIS2_PLACEMENT_3D('',#3777,#3007,#3008);
#2401=AXIS2_PLACEMENT_3D('',#3779,#3010,#3011);
#2402=AXIS2_PLACEMENT_3D('',#3781,#3013,#3014);
#2403=AXIS2_PLACEMENT_3D('',#3782,#3015,#3016);
#2404=AXIS2_PLACEMENT_3D('',#3783,#3017,#3018);
#2405=AXIS2_PLACEMENT_3D('',#3784,#3019,#3020);
#2406=AXIS2_PLACEMENT_3D('',#3786,#3021,#3022);
#2407=AXIS2_PLACEMENT_3D('',#3788,#3023,#3024);
#2408=AXIS2_PLACEMENT_3D('',#3789,#3025,#3026);
#2409=AXIS2_PLACEMENT_3D('',#3790,#3027,#3028);
#2410=AXIS2_PLACEMENT_3D('',#3791,#3029,#3030);
#2411=AXIS2_PLACEMENT_3D('',#3793,#3032,#3033);
#2412=AXIS2_PLACEMENT_3D('',#3795,#3035,#3036);
#2413=DIRECTION('axis',(0.,0.,1.));
#2414=DIRECTION('refdir',(1.,0.,0.));
#2415=DIRECTION('axis',(0.,0.,1.));
#2416=DIRECTION('refdir',(1.,0.,0.));
#2417=DIRECTION('center_axis',(-0.824649715947188,-3.20111794752842E-16,
0.565643744761862));
#2418=DIRECTION('ref_axis',(-0.565643744761862,0.,-0.824649715947188));
#2419=DIRECTION('center_axis',(0.824649715947188,3.24152707919754E-16,-0.565643744761862));
#2420=DIRECTION('ref_axis',(-0.565643744761862,0.,-0.824649715947188));
#2421=DIRECTION('',(-0.824649715947188,-3.20111794752842E-16,0.565643744761862));
#2422=DIRECTION('center_axis',(0.824649715947188,0.,-0.565643744761862));
#2423=DIRECTION('ref_axis',(-0.565643744761862,0.,-0.824649715947188));
#2424=DIRECTION('',(-0.824649715947188,-3.20111794752842E-16,0.565643744761862));
#2425=DIRECTION('center_axis',(2.63980100614276E-16,-1.,-1.81069234326438E-16));
#2426=DIRECTION('ref_axis',(0.565643744761862,0.,0.824649715947188));
#2427=DIRECTION('',(0.565643744761862,-4.93038065763132E-32,0.824649715947188));
#2428=DIRECTION('',(-0.824649715947188,-3.20111794752842E-16,0.565643744761862));
#2429=DIRECTION('',(-0.565643744761862,0.,-0.824649715947188));
#2430=DIRECTION('center_axis',(-0.824649715947188,-3.20111794752842E-16,
0.565643744761862));
#2431=DIRECTION('ref_axis',(-0.565643744761862,0.,-0.824649715947188));
#2432=DIRECTION('center_axis',(0.824649715947188,3.24152707919754E-16,-0.565643744761862));
#2433=DIRECTION('ref_axis',(-0.565643744761862,0.,-0.824649715947188));
#2434=DIRECTION('',(-0.824649715947188,-3.20111794752842E-16,0.565643744761862));
#2435=DIRECTION('center_axis',(0.824649715947188,0.,-0.565643744761862));
#2436=DIRECTION('ref_axis',(-0.565643744761862,0.,-0.824649715947188));
#2437=DIRECTION('center_axis',(0.565643744761862,0.,0.824649715947188));
#2438=DIRECTION('ref_axis',(0.,1.,0.));
#2439=DIRECTION('',(-2.67312438509537E-16,1.,1.83354951582427E-16));
#2440=DIRECTION('',(-0.824649715947188,-3.20111794752842E-16,0.565643744761862));
#2441=DIRECTION('',(0.,1.,0.));
#2442=DIRECTION('center_axis',(-6.87241335571547E-17,-1.,-6.66117384765025E-16));
#2443=DIRECTION('ref_axis',(0.565643744761862,-5.88186888394745E-16,0.824649715947188));
#2444=DIRECTION('',(0.565643744761862,-5.88186888394745E-16,0.824649715947188));
#2445=DIRECTION('',(-0.824649715947188,-3.20111794752842E-16,0.565643744761862));
#2446=DIRECTION('',(-0.565643744761862,5.88186888394745E-16,-0.824649715947188));
#2447=DIRECTION('center_axis',(-0.565643744761862,-3.24152707919754E-16,
-0.824649715947188));
#2448=DIRECTION('ref_axis',(4.50667390091964E-16,-1.,8.39574869271092E-17));
#2449=DIRECTION('',(0.824649715947188,0.,-0.565643744761862));
#2450=DIRECTION('',(-4.50667390091964E-16,1.,-8.39574869271092E-17));
#2451=DIRECTION('',(4.50667390091964E-16,-1.,8.39574869271092E-17));
#2452=DIRECTION('center_axis',(-2.63980100614276E-16,1.,1.81069234326438E-16));
#2453=DIRECTION('ref_axis',(-0.565643744761862,0.,-0.824649715947188));
#2454=DIRECTION('',(-0.56564374476186,5.66993775627602E-31,-0.824649715947189));
#2455=DIRECTION('center_axis',(2.63980100614276E-16,-1.,-1.81069234326438E-16));
#2456=DIRECTION('ref_axis',(-0.824649715947185,-8.3343159810195E-17,0.565643744761867));
#2457=DIRECTION('center_axis',(2.63980100614276E-16,-1.,-1.81069234326438E-16));
#2458=DIRECTION('ref_axis',(0.565643744761864,-1.21505653867971E-16,0.824649715947186));
#2459=DIRECTION('',(0.565643744761862,0.,0.824649715947188));
#2460=DIRECTION('center_axis',(2.63980100614276E-16,-1.,-1.81069234326438E-16));
#2461=DIRECTION('ref_axis',(0.824649715947184,2.43011307735941E-16,-0.565643744761868));
#2462=DIRECTION('center_axis',(2.63980100614276E-16,-1.,-1.81069234326438E-16));
#2463=DIRECTION('ref_axis',(-0.565643744761863,-1.66686319620389E-16,-0.824649715947187));
#2464=DIRECTION('center_axis',(-2.63980100614276E-16,1.,1.81069234326438E-16));
#2465=DIRECTION('ref_axis',(-1.,-2.94684279927049E-16,0.));
#2466=DIRECTION('center_axis',(-2.63980100614276E-16,1.,1.81069234326438E-16));
#2467=DIRECTION('ref_axis',(-1.,0.,0.));
#2468=DIRECTION('center_axis',(0.565643744761862,9.72458123759261E-16,0.824649715947188));
#2469=DIRECTION('ref_axis',(-1.08468973176636E-15,1.,-4.35227412363755E-16));
#2470=DIRECTION('',(-0.824649715947187,0.,0.565643744761863));
#2471=DIRECTION('',(-8.17377293256819E-16,1.,-6.18582363946183E-16));
#2472=DIRECTION('',(-0.824649715947188,-3.20111794752842E-16,0.565643744761862));
#2473=DIRECTION('',(1.08468973176636E-15,-1.,4.35227412363755E-16));
#2474=DIRECTION('center_axis',(-6.87241335571547E-17,-1.,-6.66117384765025E-16));
#2475=DIRECTION('ref_axis',(0.565643744761862,-5.88186888394745E-16,0.824649715947188));
#2476=DIRECTION('',(0.565643744761862,-5.88186888394745E-16,0.824649715947188));
#2477=DIRECTION('',(-0.824649715947188,-3.20111794752842E-16,0.565643744761862));
#2478=DIRECTION('',(-0.565643744761862,5.88186888394745E-16,-0.824649715947188));
#2479=DIRECTION('center_axis',(-0.565643744761862,0.,-0.824649715947188));
#2480=DIRECTION('ref_axis',(0.,-1.,0.));
#2481=DIRECTION('',(2.67312438509537E-16,-1.,-1.83354951582427E-16));
#2482=DIRECTION('',(-0.824649715947188,-3.20111794752842E-16,0.565643744761862));
#2483=DIRECTION('',(0.,1.,0.));
#2484=DIRECTION('center_axis',(-0.824649715947188,-3.20111794752842E-16,
0.565643744761862));
#2485=DIRECTION('ref_axis',(-0.565643744761862,0.,-0.824649715947188));
#2486=DIRECTION('center_axis',(0.824649715947188,3.24152707919754E-16,-0.565643744761862));
#2487=DIRECTION('ref_axis',(-0.565643744761862,0.,-0.824649715947188));
#2488=DIRECTION('',(-0.824649715947188,-3.20111794752842E-16,0.565643744761862));
#2489=DIRECTION('center_axis',(0.824649715947188,0.,-0.565643744761862));
#2490=DIRECTION('ref_axis',(-0.565643744761862,0.,-0.824649715947188));
#2491=DIRECTION('center_axis',(2.63980100614276E-16,-1.,-1.81069234326438E-16));
#2492=DIRECTION('ref_axis',(0.565643744761862,0.,0.824649715947188));
#2493=DIRECTION('',(0.565643744761862,-4.93038065763132E-32,0.824649715947188));
#2494=DIRECTION('',(-0.565643744761862,0.,-0.824649715947188));
#2495=DIRECTION('center_axis',(0.,1.,0.));
#2496=DIRECTION('ref_axis',(-1.,0.,0.));
#2497=DIRECTION('',(0.,-1.,0.));
#2498=DIRECTION('center_axis',(0.,-1.,0.));
#2499=DIRECTION('ref_axis',(-1.,0.,0.));
#2500=DIRECTION('center_axis',(0.,1.,0.));
#2501=DIRECTION('ref_axis',(-0.565643744761863,0.,-0.824649715947187));
#2502=DIRECTION('',(0.,1.,0.));
#2503=DIRECTION('center_axis',(0.,1.,0.));
#2504=DIRECTION('ref_axis',(-0.565643744761863,0.,-0.824649715947187));
#2505=DIRECTION('',(0.,1.,0.));
#2506=DIRECTION('center_axis',(0.,1.,0.));
#2507=DIRECTION('ref_axis',(0.824649715947184,0.,-0.565643744761868));
#2508=DIRECTION('',(0.,1.,0.));
#2509=DIRECTION('center_axis',(0.,1.,0.));
#2510=DIRECTION('ref_axis',(0.824649715947184,0.,-0.565643744761868));
#2511=DIRECTION('center_axis',(0.,1.,0.));
#2512=DIRECTION('ref_axis',(-1.,0.,0.));
#2513=DIRECTION('',(0.56564374476186,0.,0.824649715947189));
#2514=DIRECTION('',(-0.565643744761868,0.,-0.824649715947184));
#2515=DIRECTION('center_axis',(-0.824649715947187,0.,0.565643744761864));
#2516=DIRECTION('ref_axis',(0.565643744761864,0.,0.824649715947187));
#2517=DIRECTION('',(0.,1.,0.));
#2518=DIRECTION('',(0.565643744761864,0.,0.824649715947187));
#2519=DIRECTION('center_axis',(0.,1.,0.));
#2520=DIRECTION('ref_axis',(-1.,0.,0.));
#2521=DIRECTION('',(0.,-1.,0.));
#2522=DIRECTION('center_axis',(0.,-1.,0.));
#2523=DIRECTION('ref_axis',(-1.,0.,0.));
#2524=DIRECTION('center_axis',(0.824649715947191,0.,-0.565643744761857));
#2525=DIRECTION('ref_axis',(-0.565643744761857,0.,-0.824649715947191));
#2526=DIRECTION('',(0.,1.,0.));
#2527=DIRECTION('',(-0.565643744761857,0.,-0.824649715947191));
#2528=DIRECTION('center_axis',(0.,1.,0.));
#2529=DIRECTION('ref_axis',(0.565643744761864,0.,0.824649715947186));
#2530=DIRECTION('',(0.,1.,0.));
#2531=DIRECTION('center_axis',(0.,1.,0.));
#2532=DIRECTION('ref_axis',(0.565643744761864,0.,0.824649715947186));
#2533=DIRECTION('center_axis',(0.,1.,0.));
#2534=DIRECTION('ref_axis',(-0.824649715947185,0.,0.565643744761867));
#2535=DIRECTION('center_axis',(0.,1.,0.));
#2536=DIRECTION('ref_axis',(-0.824649715947185,0.,0.565643744761867));
#2537=DIRECTION('center_axis',(0.,1.,0.));
#2538=DIRECTION('ref_axis',(-1.,0.,0.));
#2539=DIRECTION('center_axis',(0.,-1.,0.));
#2540=DIRECTION('ref_axis',(-1.,0.,0.));
#2541=DIRECTION('',(0.,-1.,0.));
#2542=DIRECTION('center_axis',(2.67312438509537E-16,-1.,-1.83354951582427E-16));
#2543=DIRECTION('ref_axis',(-1.,0.,0.));
#2544=DIRECTION('center_axis',(2.67312438509537E-16,-1.,-1.83354951582427E-16));
#2545=DIRECTION('ref_axis',(-1.,0.,0.));
#2546=DIRECTION('',(0.,-1.,0.));
#2547=DIRECTION('center_axis',(0.,1.,0.));
#2548=DIRECTION('ref_axis',(-1.,0.,0.));
#2549=DIRECTION('center_axis',(0.,-1.,0.));
#2550=DIRECTION('ref_axis',(-1.,0.,0.));
#2551=DIRECTION('',(0.,-1.,0.));
#2552=DIRECTION('center_axis',(2.67312438509537E-16,-1.,-1.83354951582427E-16));
#2553=DIRECTION('ref_axis',(-1.,0.,0.));
#2554=DIRECTION('',(0.,-1.,0.));
#2555=DIRECTION('center_axis',(0.,1.,0.));
#2556=DIRECTION('ref_axis',(-1.,0.,0.));
#2557=DIRECTION('center_axis',(0.,-1.,0.));
#2558=DIRECTION('ref_axis',(-1.,0.,0.));
#2559=DIRECTION('',(0.,-1.,0.));
#2560=DIRECTION('center_axis',(2.67312438509537E-16,-1.,-1.83354951582427E-16));
#2561=DIRECTION('ref_axis',(-1.,0.,0.));
#2562=DIRECTION('center_axis',(2.67312438509537E-16,-1.,-1.83354951582427E-16));
#2563=DIRECTION('ref_axis',(-1.,0.,0.));
#2564=DIRECTION('',(0.,-1.,0.));
#2565=DIRECTION('center_axis',(0.,1.,0.));
#2566=DIRECTION('ref_axis',(-1.,0.,0.));
#2567=DIRECTION('center_axis',(0.,-1.,0.));
#2568=DIRECTION('ref_axis',(-1.,0.,0.));
#2569=DIRECTION('',(0.,-1.,0.));
#2570=DIRECTION('center_axis',(2.67312438509537E-16,-1.,-1.83354951582427E-16));
#2571=DIRECTION('ref_axis',(-1.,0.,0.));
#2572=DIRECTION('',(0.,-1.,0.));
#2573=DIRECTION('center_axis',(0.,1.,0.));
#2574=DIRECTION('ref_axis',(-1.,0.,0.));
#2575=DIRECTION('center_axis',(-0.824649715947188,0.,0.565643744761861));
#2576=DIRECTION('ref_axis',(-0.565643744761861,0.,-0.824649715947188));
#2577=DIRECTION('',(0.565643744761861,0.,0.824649715947188));
#2578=DIRECTION('',(0.,1.,0.));
#2579=DIRECTION('',(-0.565643744761861,0.,-0.824649715947188));
#2580=DIRECTION('',(0.,-1.,0.));
#2581=DIRECTION('',(0.565643744761861,0.,0.824649715947188));
#2582=DIRECTION('center_axis',(0.,-1.,0.));
#2583=DIRECTION('ref_axis',(0.,0.,-1.));
#2584=DIRECTION('',(-0.565643744761858,0.,-0.82464971594719));
#2585=DIRECTION('',(0.431345730852957,0.,-0.902186710429126));
#2586=DIRECTION('',(-0.996989475614817,0.,0.0775369944819346));
#2587=DIRECTION('center_axis',(0.902186710429126,0.,0.431345730852958));
#2588=DIRECTION('ref_axis',(0.431345730852957,0.,-0.902186710429126));
#2589=DIRECTION('',(0.,1.,0.));
#2590=DIRECTION('',(0.431345730852957,2.80724479764024E-16,-0.902186710429126));
#2591=DIRECTION('',(0.,1.,0.));
#2592=DIRECTION('',(0.431345730852957,0.,-0.902186710429126));
#2593=DIRECTION('',(0.,1.,0.));
#2594=DIRECTION('',(0.431345730852957,0.,-0.902186710429126));
#2595=DIRECTION('center_axis',(0.82464971594719,0.,-0.565643744761858));
#2596=DIRECTION('ref_axis',(-0.565643744761858,0.,-0.82464971594719));
#2597=DIRECTION('',(0.,1.,0.));
#2598=DIRECTION('',(-0.565643744761858,1.38050658413677E-30,-0.82464971594719));
#2599=DIRECTION('center_axis',(0.,1.,0.));
#2600=DIRECTION('ref_axis',(-1.,0.,0.));
#2601=DIRECTION('center_axis',(0.,-1.,0.));
#2602=DIRECTION('ref_axis',(-1.,0.,0.));
#2603=DIRECTION('',(0.824649715947193,0.,-0.565643744761855));
#2604=DIRECTION('',(-0.996989475614817,0.,0.0775369944819346));
#2605=DIRECTION('center_axis',(-0.0775369944819346,0.,-0.996989475614817));
#2606=DIRECTION('ref_axis',(-0.996989475614817,0.,0.0775369944819346));
#2607=DIRECTION('',(0.,-1.,0.));
#2608=DIRECTION('',(-0.996989475614817,0.,0.0775369944819346));
#2609=DIRECTION('',(0.,1.,0.));
#2610=DIRECTION('',(-0.996989475614817,-2.80724479764023E-16,0.0775369944819346));
#2611=DIRECTION('center_axis',(-0.824649715947182,0.,0.56564374476187));
#2612=DIRECTION('ref_axis',(-0.56564374476187,0.,-0.824649715947182));
#2613=DIRECTION('',(0.56564374476187,0.,0.824649715947182));
#2614=DIRECTION('',(0.,1.,0.));
#2615=DIRECTION('',(-0.56564374476187,0.,-0.824649715947182));
#2616=DIRECTION('',(0.,-1.,0.));
#2617=DIRECTION('',(0.56564374476187,0.,0.824649715947182));
#2618=DIRECTION('center_axis',(0.,-1.,0.));
#2619=DIRECTION('ref_axis',(0.,0.,-1.));
#2620=DIRECTION('',(0.431345730852953,0.,-0.902186710429128));
#2621=DIRECTION('',(-0.996989475614817,0.,0.0775369944819412));
#2622=DIRECTION('',(-0.565643744761864,0.,-0.824649715947186));
#2623=DIRECTION('center_axis',(0.902186710429128,0.,0.431345730852953));
#2624=DIRECTION('ref_axis',(0.431345730852953,0.,-0.902186710429128));
#2625=DIRECTION('',(0.,1.,0.));
#2626=DIRECTION('',(0.431345730852953,2.80724479764023E-16,-0.902186710429128));
#2627=DIRECTION('',(0.,1.,0.));
#2628=DIRECTION('',(0.431345730852953,0.,-0.902186710429128));
#2629=DIRECTION('',(0.,1.,0.));
#2630=DIRECTION('',(0.431345730852953,0.,-0.902186710429128));
#2631=DIRECTION('center_axis',(0.,1.,0.));
#2632=DIRECTION('ref_axis',(-1.,0.,0.));
#2633=DIRECTION('',(-0.824649715947183,0.,0.565643744761869));
#2634=DIRECTION('center_axis',(0.,-1.,0.));
#2635=DIRECTION('ref_axis',(-1.,0.,0.));
#2636=DIRECTION('center_axis',(0.,-1.,0.));
#2637=DIRECTION('ref_axis',(-1.,0.,0.));
#2638=DIRECTION('center_axis',(-0.0775369944819412,0.,-0.996989475614817));
#2639=DIRECTION('ref_axis',(-0.996989475614817,0.,0.0775369944819412));
#2640=DIRECTION('',(-0.996989475614817,0.,0.0775369944819412));
#2641=DIRECTION('',(0.,-1.,0.));
#2642=DIRECTION('',(-0.996989475614817,0.,0.0775369944819412));
#2643=DIRECTION('',(0.,1.,0.));
#2644=DIRECTION('',(-0.996989475614817,-2.80724479764024E-16,0.0775369944819412));
#2645=DIRECTION('',(0.,1.,0.));
#2646=DIRECTION('center_axis',(0.565643744761849,0.,0.824649715947197));
#2647=DIRECTION('ref_axis',(-0.824649715947197,0.,0.565643744761849));
#2648=DIRECTION('',(0.824649715947197,0.,-0.565643744761849));
#2649=DIRECTION('',(0.,1.,0.));
#2650=DIRECTION('',(-0.824649715947197,0.,0.565643744761849));
#2651=DIRECTION('',(0.824649715947197,0.,-0.565643744761849));
#2652=DIRECTION('center_axis',(0.,-1.,0.));
#2653=DIRECTION('ref_axis',(0.,0.,-1.));
#2654=DIRECTION('',(-0.431345730852953,0.,0.902186710429128));
#2655=DIRECTION('center_axis',(0.,1.,0.));
#2656=DIRECTION('ref_axis',(-1.,0.,0.));
#2657=DIRECTION('center_axis',(0.,-1.,0.));
#2658=DIRECTION('ref_axis',(-1.,0.,0.));
#2659=DIRECTION('center_axis',(0.565643744761855,0.,0.824649715947193));
#2660=DIRECTION('ref_axis',(-0.824649715947193,0.,0.565643744761855));
#2661=DIRECTION('',(0.824649715947193,0.,-0.565643744761855));
#2662=DIRECTION('',(0.,1.,0.));
#2663=DIRECTION('',(-0.824649715947193,0.,0.565643744761855));
#2664=DIRECTION('center_axis',(0.,-1.,0.));
#2665=DIRECTION('ref_axis',(0.,0.,-1.));
#2666=DIRECTION('',(-0.431345730852959,0.,0.902186710429125));
#2667=DIRECTION('center_axis',(0.,1.,0.));
#2668=DIRECTION('ref_axis',(-1.,0.,0.));
#2669=DIRECTION('',(-0.824649715947181,0.,0.565643744761872));
#2670=DIRECTION('center_axis',(0.,-1.,0.));
#2671=DIRECTION('ref_axis',(-1.,0.,0.));
#2672=DIRECTION('center_axis',(0.,-1.,0.));
#2673=DIRECTION('ref_axis',(-1.,0.,0.));
#2674=DIRECTION('center_axis',(0.824649715947178,0.,-0.565643744761876));
#2675=DIRECTION('ref_axis',(0.565643744761876,0.,0.824649715947178));
#2676=DIRECTION('',(-0.565643744761876,0.,-0.824649715947178));
#2677=DIRECTION('',(0.,1.,0.));
#2678=DIRECTION('',(0.565643744761876,0.,0.824649715947178));
#2679=DIRECTION('',(0.,-1.,0.));
#2680=DIRECTION('',(-0.565643744761876,0.,-0.824649715947178));
#2681=DIRECTION('center_axis',(0.,-1.,0.));
#2682=DIRECTION('ref_axis',(0.,0.,-1.));
#2683=DIRECTION('',(0.996989475614817,0.,-0.0775369944819369));
#2684=DIRECTION('',(0.565643744761861,0.,0.824649715947189));
#2685=DIRECTION('',(-0.431345730852959,0.,0.902186710429125));
#2686=DIRECTION('center_axis',(-0.902186710429126,0.,-0.431345730852959));
#2687=DIRECTION('ref_axis',(-0.431345730852959,0.,0.902186710429125));
#2688=DIRECTION('',(-0.431345730852959,0.,0.902186710429125));
#2689=DIRECTION('',(0.,1.,0.));
#2690=DIRECTION('',(-0.431345730852959,-2.80724479764025E-16,0.902186710429125));
#2691=DIRECTION('center_axis',(0.,1.,0.));
#2692=DIRECTION('ref_axis',(-1.,0.,0.));
#2693=DIRECTION('center_axis',(0.,-1.,0.));
#2694=DIRECTION('ref_axis',(-1.,0.,0.));
#2695=DIRECTION('center_axis',(-0.824649715947189,0.,0.565643744761861));
#2696=DIRECTION('ref_axis',(0.565643744761861,0.,0.824649715947189));
#2697=DIRECTION('',(0.,1.,0.));
#2698=DIRECTION('',(0.565643744761861,-4.43734259186819E-31,0.824649715947189));
#2699=DIRECTION('center_axis',(-0.565643744761869,0.,-0.824649715947183));
#2700=DIRECTION('ref_axis',(0.824649715947183,0.,-0.565643744761869));
#2701=DIRECTION('',(0.824649715947183,0.,-0.565643744761869));
#2702=DIRECTION('',(0.,-1.,0.));
#2703=DIRECTION('',(-0.824649715947183,0.,0.565643744761869));
#2704=DIRECTION('center_axis',(0.,-1.,0.));
#2705=DIRECTION('ref_axis',(0.,0.,-1.));
#2706=DIRECTION('',(0.996989475614817,0.,-0.077536994481943));
#2707=DIRECTION('center_axis',(0.,1.,0.));
#2708=DIRECTION('ref_axis',(-1.,0.,0.));
#2709=DIRECTION('',(0.996989475614817,0.,-0.077536994481943));
#2710=DIRECTION('',(-0.565643744761849,0.,-0.824649715947197));
#2711=DIRECTION('center_axis',(0.,-1.,0.));
#2712=DIRECTION('ref_axis',(-1.,0.,0.));
#2713=DIRECTION('center_axis',(0.077536994481943,0.,0.996989475614817));
#2714=DIRECTION('ref_axis',(0.996989475614817,0.,-0.077536994481943));
#2715=DIRECTION('',(0.996989475614817,2.80724479764024E-16,-0.077536994481943));
#2716=DIRECTION('',(0.,1.,0.));
#2717=DIRECTION('',(0.996989475614817,0.,-0.077536994481943));
#2718=DIRECTION('',(0.,1.,0.));
#2719=DIRECTION('center_axis',(0.824649715947197,0.,-0.565643744761849));
#2720=DIRECTION('ref_axis',(0.565643744761849,0.,0.824649715947197));
#2721=DIRECTION('',(0.565643744761849,0.,0.824649715947197));
#2722=DIRECTION('',(0.,-1.,0.));
#2723=DIRECTION('',(-0.565643744761849,0.,-0.824649715947197));
#2724=DIRECTION('center_axis',(0.,-1.,0.));
#2725=DIRECTION('ref_axis',(0.,0.,-1.));
#2726=DIRECTION('',(0.565643744761864,0.,0.824649715947187));
#2727=DIRECTION('',(-0.431345730852953,0.,0.902186710429128));
#2728=DIRECTION('center_axis',(-0.902186710429128,0.,-0.431345730852953));
#2729=DIRECTION('ref_axis',(-0.431345730852953,0.,0.902186710429128));
#2730=DIRECTION('',(-0.431345730852953,0.,0.902186710429128));
#2731=DIRECTION('',(0.,1.,0.));
#2732=DIRECTION('',(-0.431345730852953,-2.80724479764023E-16,0.902186710429128));
#2733=DIRECTION('center_axis',(-0.824649715947187,0.,0.565643744761864));
#2734=DIRECTION('ref_axis',(0.565643744761864,0.,0.824649715947187));
#2735=DIRECTION('',(0.565643744761864,6.90253292068385E-31,0.824649715947187));
#2736=DIRECTION('center_axis',(-0.565643744761872,0.,-0.824649715947181));
#2737=DIRECTION('ref_axis',(0.824649715947181,0.,-0.565643744761872));
#2738=DIRECTION('',(0.824649715947181,0.,-0.565643744761872));
#2739=DIRECTION('',(0.,-1.,0.));
#2740=DIRECTION('',(-0.824649715947181,0.,0.565643744761872));
#2741=DIRECTION('center_axis',(0.,-1.,0.));
#2742=DIRECTION('ref_axis',(0.,0.,-1.));
#2743=DIRECTION('',(0.996989475614817,0.,-0.0775369944819369));
#2744=DIRECTION('center_axis',(0.0775369944819369,0.,0.996989475614817));
#2745=DIRECTION('ref_axis',(0.996989475614817,0.,-0.0775369944819369));
#2746=DIRECTION('',(0.996989475614817,0.,-0.0775369944819369));
#2747=DIRECTION('',(0.996989475614817,2.80724479764023E-16,-0.0775369944819369));
#2748=DIRECTION('center_axis',(0.,1.,0.));
#2749=DIRECTION('ref_axis',(-1.,0.,0.));
#2750=DIRECTION('center_axis',(0.,-1.,0.));
#2751=DIRECTION('ref_axis',(-1.,0.,0.));
#2752=DIRECTION('center_axis',(0.824649715947186,0.,-0.565643744761864));
#2753=DIRECTION('ref_axis',(-0.565643744761864,0.,-0.824649715947186));
#2754=DIRECTION('',(-0.565643744761864,-1.01072803481442E-30,-0.824649715947186));
#2755=DIRECTION('center_axis',(0.,1.,0.));
#2756=DIRECTION('ref_axis',(-1.,0.,0.));
#2757=DIRECTION('center_axis',(0.,-1.,0.));
#2758=DIRECTION('ref_axis',(-1.,0.,0.));
#2759=DIRECTION('center_axis',(0.824649715947188,0.,-0.565643744761862));
#2760=DIRECTION('ref_axis',(-0.565643744761862,0.,-0.824649715947188));
#2761=DIRECTION('center_axis',(0.824649715947188,0.,-0.565643744761862));
#2762=DIRECTION('ref_axis',(0.139521176789122,-0.969102310684603,0.203407356438116));
#2763=DIRECTION('center_axis',(-0.824649715947188,0.,0.565643744761862));
#2764=DIRECTION('ref_axis',(-0.565643744761862,0.,-0.824649715947188));
#2765=DIRECTION('',(0.399970527656865,0.707106781186548,0.583115406249816));
#2766=DIRECTION('center_axis',(0.824649715947188,0.,-0.565643744761862));
#2767=DIRECTION('ref_axis',(-0.565643744761861,0.,-0.824649715947188));
#2768=DIRECTION('center_axis',(-0.824649715947187,0.,0.565643744761863));
#2769=DIRECTION('ref_axis',(-0.565643744761863,0.,-0.824649715947188));
#2770=DIRECTION('',(-0.824649715947187,0.,0.565643744761863));
#2771=DIRECTION('center_axis',(-0.824649715947188,0.,0.565643744761862));
#2772=DIRECTION('ref_axis',(-0.565643744761863,0.,-0.824649715947188));
#2773=DIRECTION('center_axis',(-0.824649715947188,0.,0.565643744761862));
#2774=DIRECTION('ref_axis',(-0.565643744761863,0.,-0.824649715947188));
#2775=DIRECTION('',(0.824649715947187,0.,-0.565643744761863));
#2776=DIRECTION('center_axis',(0.824649715947188,0.,-0.565643744761862));
#2777=DIRECTION('ref_axis',(-0.565643744761862,0.,-0.824649715947188));
#2778=DIRECTION('center_axis',(0.824649715947188,0.,-0.565643744761862));
#2779=DIRECTION('ref_axis',(-0.139521176789122,0.969102310684603,-0.203407356438116));
#2780=DIRECTION('center_axis',(-0.824649715947188,0.,0.565643744761862));
#2781=DIRECTION('ref_axis',(-0.565643744761862,0.,-0.824649715947188));
#2782=DIRECTION('',(-0.399970527656865,-0.707106781186547,-0.583115406249817));
#2783=DIRECTION('center_axis',(0.824649715947188,0.,-0.565643744761862));
#2784=DIRECTION('ref_axis',(-0.565643744761861,0.,-0.824649715947188));
#2785=DIRECTION('center_axis',(-0.824649715947187,0.,0.565643744761863));
#2786=DIRECTION('ref_axis',(0.564842514346476,-0.0532069505274805,0.823481605381879));
#2787=DIRECTION('',(-0.824649715947187,0.,0.565643744761863));
#2788=DIRECTION('center_axis',(-0.824649715947188,0.,0.565643744761862));
#2789=DIRECTION('ref_axis',(-0.565643744761863,0.,-0.824649715947188));
#2790=DIRECTION('center_axis',(-0.824649715947188,0.,0.565643744761862));
#2791=DIRECTION('ref_axis',(-0.565643744761863,0.,-0.824649715947188));
#2792=DIRECTION('',(0.824649715947187,0.,-0.565643744761863));
#2793=DIRECTION('center_axis',(0.399970527656865,-0.707106781186547,0.583115406249818));
#2794=DIRECTION('ref_axis',(-0.399970527656865,-0.707106781186548,-0.583115406249816));
#2795=DIRECTION('',(-0.399970527656865,-0.707106781186548,-0.583115406249816));
#2796=DIRECTION('',(0.824649715947188,0.,-0.565643744761861));
#2797=DIRECTION('',(-0.399970527656865,-0.707106781186548,-0.583115406249816));
#2798=DIRECTION('',(0.824649715947188,0.,-0.565643744761861));
#2799=DIRECTION('center_axis',(-0.399970527656865,0.707106781186548,-0.583115406249817));
#2800=DIRECTION('ref_axis',(0.399970527656865,0.707106781186547,0.583115406249817));
#2801=DIRECTION('',(0.399970527656865,0.707106781186547,0.583115406249817));
#2802=DIRECTION('',(0.824649715947188,0.,-0.565643744761861));
#2803=DIRECTION('',(0.399970527656865,0.707106781186547,0.583115406249817));
#2804=DIRECTION('',(0.824649715947188,0.,-0.565643744761861));
#2805=DIRECTION('center_axis',(0.824649715947188,0.,-0.565643744761862));
#2806=DIRECTION('ref_axis',(-0.565643744761862,0.,-0.824649715947188));
#2807=DIRECTION('center_axis',(-0.824649715947188,0.,0.565643744761862));
#2808=DIRECTION('ref_axis',(-0.565643744761862,0.,-0.824649715947188));
#2809=DIRECTION('center_axis',(-0.824649715947188,0.,0.565643744761862));
#2810=DIRECTION('ref_axis',(-0.139521176789122,0.969102310684603,-0.203407356438116));
#2811=DIRECTION('center_axis',(0.,-1.,0.));
#2812=DIRECTION('ref_axis',(0.492877777824613,0.,0.870098555410059));
#2813=DIRECTION('center_axis',(0.,-1.,0.));
#2814=DIRECTION('ref_axis',(0.492877777824613,0.,0.870098555410059));
#2815=DIRECTION('',(0.,-1.,0.));
#2816=DIRECTION('center_axis',(-2.67312438509537E-16,1.,1.83354951582427E-16));
#2817=DIRECTION('ref_axis',(0.492877777824613,0.,0.870098555410059));
#2818=DIRECTION('',(0.,-1.,0.));
#2819=DIRECTION('center_axis',(2.67312438509537E-16,-1.,-1.83354951582427E-16));
#2820=DIRECTION('ref_axis',(0.565643744761862,0.,0.824649715947188));
#2821=DIRECTION('',(0.565643744761863,0.,0.824649715947187));
#2822=DIRECTION('',(-0.824649715947188,-3.24152707919754E-16,0.565643744761862));
#2823=DIRECTION('',(0.565643744761862,-4.82175748269762E-32,0.824649715947188));
#2824=DIRECTION('',(-0.824649715947188,-3.24152707919754E-16,0.565643744761862));
#2825=DIRECTION('',(-0.565643744761861,0.,-0.824649715947188));
#2826=DIRECTION('center_axis',(-2.67312438509537E-16,1.,1.83354951582427E-16));
#2827=DIRECTION('ref_axis',(-0.983085933906682,0.,-0.183144878592953));
#2828=DIRECTION('center_axis',(-2.67312438509537E-16,1.,1.83354951582427E-16));
#2829=DIRECTION('ref_axis',(-0.492877777824619,0.,-0.870098555410056));
#2830=DIRECTION('',(0.565643744761868,0.,0.824649715947184));
#2831=DIRECTION('',(-0.824649715947188,-3.24152707919754E-16,0.565643744761862));
#2832=DIRECTION('',(-0.565643744761862,0.,-0.824649715947188));
#2833=DIRECTION('',(-0.824649715947188,-3.24152707919754E-16,0.565643744761862));
#2834=DIRECTION('',(-0.565643744761856,0.,-0.824649715947192));
#2835=DIRECTION('center_axis',(-2.67312438509537E-16,1.,1.83354951582427E-16));
#2836=DIRECTION('ref_axis',(0.983085933906681,0.,0.183144878592955));
#2837=DIRECTION('center_axis',(-2.67312438509537E-16,1.,1.83354951582427E-16));
#2838=DIRECTION('ref_axis',(-1.,0.,0.));
#2839=DIRECTION('center_axis',(-2.67312438509537E-16,1.,1.83354951582427E-16));
#2840=DIRECTION('ref_axis',(-1.,0.,0.));
#2841=DIRECTION('center_axis',(-2.67312438509537E-16,1.,1.83354951582427E-16));
#2842=DIRECTION('ref_axis',(-1.,0.,0.));
#2843=DIRECTION('center_axis',(-2.67312438509537E-16,1.,1.83354951582427E-16));
#2844=DIRECTION('ref_axis',(-1.,0.,0.));
#2845=DIRECTION('center_axis',(0.,1.,0.));
#2846=DIRECTION('ref_axis',(0.983085933906681,0.,0.183144878592955));
#2847=DIRECTION('center_axis',(0.,-1.,0.));
#2848=DIRECTION('ref_axis',(0.983085933906681,0.,0.183144878592955));
#2849=DIRECTION('',(0.,1.,0.));
#2850=DIRECTION('center_axis',(0.824649715947192,0.,-0.565643744761856));
#2851=DIRECTION('ref_axis',(-0.565643744761856,0.,-0.824649715947192));
#2852=DIRECTION('',(5.50064854747277E-16,-1.,8.01937315528615E-16));
#2853=DIRECTION('',(-0.565643744761856,0.,-0.824649715947192));
#2854=DIRECTION('center_axis',(0.,-1.,0.));
#2855=DIRECTION('ref_axis',(-0.492877777824619,0.,-0.870098555410056));
#2856=DIRECTION('center_axis',(0.,-1.,0.));
#2857=DIRECTION('ref_axis',(-0.492877777824619,0.,-0.870098555410056));
#2858=DIRECTION('',(0.,-1.,0.));
#2859=DIRECTION('',(0.,-1.,0.));
#2860=DIRECTION('center_axis',(0.,1.,0.));
#2861=DIRECTION('ref_axis',(-0.983085933906682,0.,-0.183144878592953));
#2862=DIRECTION('center_axis',(0.,-1.,0.));
#2863=DIRECTION('ref_axis',(-0.983085933906682,0.,-0.183144878592953));
#2864=DIRECTION('',(0.,1.,0.));
#2865=DIRECTION('center_axis',(0.,1.,0.));
#2866=DIRECTION('ref_axis',(-1.,0.,0.));
#2867=DIRECTION('center_axis',(0.,-1.,0.));
#2868=DIRECTION('ref_axis',(-1.,0.,0.));
#2869=DIRECTION('',(0.,-1.,0.));
#2870=DIRECTION('center_axis',(-0.824649715947187,0.,0.565643744761863));
#2871=DIRECTION('ref_axis',(0.565643744761863,0.,0.824649715947187));
#2872=DIRECTION('',(0.565643744761863,0.,0.824649715947187));
#2873=DIRECTION('',(-5.50064854747284E-16,1.,-8.01937315528609E-16));
#2874=DIRECTION('center_axis',(0.,1.,0.));
#2875=DIRECTION('ref_axis',(-1.,0.,0.));
#2876=DIRECTION('',(0.824649715947188,0.,-0.565643744761862));
#2877=DIRECTION('center_axis',(0.,1.,0.));
#2878=DIRECTION('ref_axis',(-1.,0.,0.));
#2879=DIRECTION('center_axis',(0.,-1.,0.));
#2880=DIRECTION('ref_axis',(-1.,0.,0.));
#2881=DIRECTION('',(0.,-1.,0.));
#2882=DIRECTION('center_axis',(0.824649715947184,0.,-0.565643744761868));
#2883=DIRECTION('ref_axis',(-0.565643744761868,0.,-0.824649715947184));
#2884=DIRECTION('',(-0.565643744761868,0.,-0.824649715947184));
#2885=DIRECTION('',(-1.83354951582429E-16,1.,-2.67312438509535E-16));
#2886=DIRECTION('center_axis',(-0.824649715947188,0.,0.565643744761861));
#2887=DIRECTION('ref_axis',(0.565643744761861,0.,0.824649715947188));
#2888=DIRECTION('',(1.83354951582427E-16,-1.,2.67312438509537E-16));
#2889=DIRECTION('',(0.565643744761861,0.,0.824649715947188));
#2890=DIRECTION('center_axis',(0.,1.,0.));
#2891=DIRECTION('ref_axis',(-1.,0.,0.));
#2892=DIRECTION('',(-0.824649715947188,0.,0.565643744761862));
#2893=DIRECTION('center_axis',(0.,-1.,0.));
#2894=DIRECTION('ref_axis',(-1.,0.,0.));
#2895=DIRECTION('center_axis',(0.,-1.,0.));
#2896=DIRECTION('ref_axis',(-1.,0.,0.));
#2897=DIRECTION('',(0.,-1.,0.));
#2898=DIRECTION('center_axis',(0.,-1.,0.));
#2899=DIRECTION('ref_axis',(-1.,0.,0.));
#2900=DIRECTION('center_axis',(0.,-1.,0.));
#2901=DIRECTION('ref_axis',(-1.,0.,0.));
#2902=DIRECTION('',(0.,-1.,0.));
#2903=DIRECTION('center_axis',(0.,-1.,0.));
#2904=DIRECTION('ref_axis',(-1.,0.,0.));
#2905=DIRECTION('center_axis',(0.,-1.,0.));
#2906=DIRECTION('ref_axis',(-1.,0.,0.));
#2907=DIRECTION('',(0.,-1.,0.));
#2908=DIRECTION('center_axis',(0.,-1.,0.));
#2909=DIRECTION('ref_axis',(-1.,0.,0.));
#2910=DIRECTION('center_axis',(0.,-1.,0.));
#2911=DIRECTION('ref_axis',(-1.,0.,0.));
#2912=DIRECTION('',(0.,-1.,0.));
#2913=DIRECTION('center_axis',(0.,-1.,0.));
#2914=DIRECTION('ref_axis',(-1.,0.,0.));
#2915=DIRECTION('center_axis',(0.,1.,0.));
#2916=DIRECTION('ref_axis',(-1.,0.,0.));
#2917=DIRECTION('',(0.,-1.,0.));
#2918=DIRECTION('center_axis',(2.67312438509537E-16,-1.,-1.83354951582427E-16));
#2919=DIRECTION('ref_axis',(-1.,0.,0.));
#2920=DIRECTION('center_axis',(0.,1.,0.));
#2921=DIRECTION('ref_axis',(0.,0.,1.));
#2922=DIRECTION('center_axis',(0.,-1.,0.));
#2923=DIRECTION('ref_axis',(-1.,0.,0.));
#2924=DIRECTION('center_axis',(0.,1.,0.));
#2925=DIRECTION('ref_axis',(-1.,0.,0.));
#2926=DIRECTION('',(0.,-1.,0.));
#2927=DIRECTION('center_axis',(2.67312438509537E-16,-1.,-1.83354951582427E-16));
#2928=DIRECTION('ref_axis',(-1.,0.,0.));
#2929=DIRECTION('center_axis',(0.,1.,0.));
#2930=DIRECTION('ref_axis',(0.,0.,1.));
#2931=DIRECTION('center_axis',(0.,-1.,0.));
#2932=DIRECTION('ref_axis',(-1.,0.,0.));
#2933=DIRECTION('center_axis',(0.,1.,0.));
#2934=DIRECTION('ref_axis',(-1.,0.,0.));
#2935=DIRECTION('',(0.,-1.,0.));
#2936=DIRECTION('center_axis',(2.67312438509537E-16,-1.,-1.83354951582427E-16));
#2937=DIRECTION('ref_axis',(-1.,0.,0.));
#2938=DIRECTION('center_axis',(0.,1.,0.));
#2939=DIRECTION('ref_axis',(0.,0.,1.));
#2940=DIRECTION('center_axis',(0.,-1.,0.));
#2941=DIRECTION('ref_axis',(-1.,0.,0.));
#2942=DIRECTION('center_axis',(0.,1.,0.));
#2943=DIRECTION('ref_axis',(-1.,0.,0.));
#2944=DIRECTION('',(0.,-1.,0.));
#2945=DIRECTION('center_axis',(2.67312438509537E-16,-1.,-1.83354951582427E-16));
#2946=DIRECTION('ref_axis',(-1.,0.,0.));
#2947=DIRECTION('center_axis',(0.,1.,0.));
#2948=DIRECTION('ref_axis',(0.,0.,1.));
#2949=DIRECTION('center_axis',(-2.67312438509537E-16,1.,1.83354951582427E-16));
#2950=DIRECTION('ref_axis',(-0.565643744761862,0.,-0.824649715947188));
#2951=DIRECTION('',(-0.824649715947188,-3.24152707919754E-16,0.565643744761862));
#2952=DIRECTION('',(-0.565643744761862,4.82175748269762E-32,-0.824649715947188));
#2953=DIRECTION('',(-0.824649715947188,-3.24152707919754E-16,0.565643744761862));
#2954=DIRECTION('center_axis',(-2.67312438509537E-16,1.,1.83354951582427E-16));
#2955=DIRECTION('ref_axis',(-0.565643744761862,0.,-0.824649715947188));
#2956=DIRECTION('',(-0.824649715947188,-3.24152707919754E-16,0.565643744761862));
#2957=DIRECTION('',(0.565643744761862,-4.93038065763132E-32,0.824649715947188));
#2958=DIRECTION('',(-0.565643744761862,0.,-0.824649715947188));
#2959=DIRECTION('',(-0.824649715947188,-3.24152707919754E-16,0.565643744761862));
#2960=DIRECTION('center_axis',(-0.824649715947188,-3.24152707919754E-16,
0.565643744761862));
#2961=DIRECTION('ref_axis',(-0.565643744761862,-6.54330545140189E-32,-0.824649715947188));
#2962=DIRECTION('center_axis',(0.824649715947188,-2.67141751968516E-32,
-0.565643744761862));
#2963=DIRECTION('ref_axis',(-0.565643744761862,4.82175748269762E-32,-0.824649715947188));
#2964=DIRECTION('',(-0.824649715947188,-3.24152707919754E-16,0.565643744761862));
#2965=DIRECTION('',(-0.824649715947188,-3.24152707919754E-16,0.565643744761862));
#2966=DIRECTION('',(-0.824649715947188,-3.24152707919754E-16,0.565643744761862));
#2967=DIRECTION('center_axis',(-0.824649715947188,0.,0.565643744761862));
#2968=DIRECTION('ref_axis',(-0.565643744761862,-6.54330545140189E-32,-0.824649715947188));
#2969=DIRECTION('',(-0.824649715947188,-3.24152707919754E-16,0.565643744761862));
#2970=DIRECTION('center_axis',(-2.67312438509537E-16,1.,1.83354951582427E-16));
#2971=DIRECTION('ref_axis',(-0.565643744761862,0.,-0.824649715947188));
#2972=DIRECTION('',(-0.824649715947188,-3.24152707919754E-16,0.565643744761862));
#2973=DIRECTION('',(-0.565643744761862,0.,-0.824649715947188));
#2974=DIRECTION('',(0.565643744761862,-4.93038065763132E-32,0.824649715947188));
#2975=DIRECTION('center_axis',(-2.67312438509537E-16,1.,1.83354951582427E-16));
#2976=DIRECTION('ref_axis',(-0.565643744761862,0.,-0.824649715947188));
#2977=DIRECTION('',(-0.565643744761862,4.82175748269762E-32,-0.824649715947188));
#2978=DIRECTION('',(-0.824649715947188,-3.24152707919754E-16,0.565643744761862));
#2979=DIRECTION('center_axis',(-0.824649715947188,0.,0.565643744761862));
#2980=DIRECTION('ref_axis',(-0.565643744761861,0.,-0.824649715947188));
#2981=DIRECTION('center_axis',(-0.824649715947188,0.,0.565643744761862));
#2982=DIRECTION('ref_axis',(-0.565643744761862,0.,-0.824649715947188));
#2983=DIRECTION('',(-0.183144878592952,-8.65956056235492E-17,0.983085933906682));
#2984=DIRECTION('center_axis',(0.824649715947188,0.,-0.565643744761862));
#2985=DIRECTION('ref_axis',(-0.565643744761862,0.,-0.824649715947188));
#2986=DIRECTION('center_axis',(0.824649715947188,0.,-0.565643744761862));
#2987=DIRECTION('ref_axis',(-0.565643744761862,0.,-0.824649715947188));
#2988=DIRECTION('center_axis',(0.824649715947188,0.,-0.565643744761862));
#2989=DIRECTION('ref_axis',(-0.565643744761862,0.,-0.824649715947188));
#2990=DIRECTION('center_axis',(-3.3270423417143E-16,-1.,-4.85048150438587E-16));
#2991=DIRECTION('ref_axis',(-0.565643744761862,5.88186888394745E-16,-0.824649715947188));
#2992=DIRECTION('',(-0.565643744761862,5.88186888394745E-16,-0.824649715947188));
#2993=DIRECTION('center_axis',(0.824649715947188,0.,-0.565643744761862));
#2994=DIRECTION('ref_axis',(-0.565643744761862,0.,-0.824649715947188));
#2995=DIRECTION('center_axis',(-0.824649715947188,0.,0.565643744761862));
#2996=DIRECTION('ref_axis',(0.139521176789122,-0.969102310684603,0.203407356438116));
#2997=DIRECTION('center_axis',(0.824649715947188,3.24152707919754E-16,-0.565643744761862));
#2998=DIRECTION('ref_axis',(-0.565643744761862,0.,-0.824649715947188));
#2999=DIRECTION('',(1.08468973176636E-15,-1.,4.35227412363755E-16));
#3000=DIRECTION('',(-4.50667390091964E-16,1.,-8.39574869271092E-17));
#3001=DIRECTION('center_axis',(-0.565643744761862,-3.24152707919754E-16,
-0.824649715947188));
#3002=DIRECTION('ref_axis',(4.50667390091964E-16,-1.,8.39574869271092E-17));
#3003=DIRECTION('',(4.50667390091964E-16,-1.,8.39574869271092E-17));
#3004=DIRECTION('',(-0.824649715947188,-3.24152707919754E-16,0.565643744761862));
#3005=DIRECTION('center_axis',(-2.67312438509537E-16,1.,1.83354951582427E-16));
#3006=DIRECTION('ref_axis',(-0.565643744761862,0.,-0.824649715947188));
#3007=DIRECTION('center_axis',(-2.67312438509537E-16,1.,1.83354951582427E-16));
#3008=DIRECTION('ref_axis',(-0.565643744761862,0.,-0.824649715947188));
#3009=DIRECTION('',(-0.824649715947188,-3.24152707919754E-16,0.565643744761862));
#3010=DIRECTION('center_axis',(0.565643744761862,9.72458123759261E-16,0.824649715947188));
#3011=DIRECTION('ref_axis',(-1.08468973176636E-15,1.,-4.35227412363755E-16));
#3012=DIRECTION('',(-1.08468973176636E-15,1.,-4.35227412363755E-16));
#3013=DIRECTION('center_axis',(0.824649715947188,3.24152707919754E-16,-0.565643744761862));
#3014=DIRECTION('ref_axis',(-0.565643744761862,4.82175748269762E-32,-0.824649715947188));
#3015=DIRECTION('center_axis',(0.824649715947188,0.,-0.565643744761862));
#3016=DIRECTION('ref_axis',(-0.565643744761862,0.,-0.824649715947188));
#3017=DIRECTION('center_axis',(-0.824649715947188,0.,0.565643744761862));
#3018=DIRECTION('ref_axis',(-0.139521176789122,0.969102310684603,-0.203407356438116));
#3019=DIRECTION('center_axis',(-0.824649715947188,0.,0.565643744761862));
#3020=DIRECTION('ref_axis',(0.139521176789122,-0.969102310684603,0.203407356438116));
#3021=DIRECTION('center_axis',(-0.824649715947188,0.,0.565643744761862));
#3022=DIRECTION('ref_axis',(-0.565643744761862,0.,-0.824649715947188));
#3023=DIRECTION('center_axis',(-0.824649715947188,0.,0.565643744761862));
#3024=DIRECTION('ref_axis',(-0.565643744761862,0.,-0.824649715947188));
#3025=DIRECTION('center_axis',(0.824649715947188,0.,-0.565643744761861));
#3026=DIRECTION('ref_axis',(0.139521176789122,-0.969102310684603,0.203407356438116));
#3027=DIRECTION('center_axis',(0.824649715947188,0.,-0.565643744761861));
#3028=DIRECTION('ref_axis',(-0.139521176789122,0.969102310684603,-0.203407356438116));
#3029=DIRECTION('center_axis',(0.824649715947188,0.,-0.565643744761861));
#3030=DIRECTION('ref_axis',(-0.565643744761861,0.,-0.824649715947188));
#3031=DIRECTION('',(-0.824649715947188,0.,0.565643744761861));
#3032=DIRECTION('center_axis',(0.824649715947188,0.,-0.565643744761861));
#3033=DIRECTION('ref_axis',(-0.565643744761861,0.,-0.824649715947188));
#3034=DIRECTION('',(-0.824649715947188,0.,0.565643744761861));
#3035=DIRECTION('',(0.,0.,1.));
#3036=DIRECTION('',(1.,0.,0.));
#3037=CARTESIAN_POINT('',(0.,0.,0.));
#3038=CARTESIAN_POINT('',(0.,0.,0.));
#3039=CARTESIAN_POINT('Origin',(41.7055866657375,13.7,-28.6066965923856));
#3040=CARTESIAN_POINT('',(29.9583523765109,13.7,-33.8880303779002));
#3041=CARTESIAN_POINT('',(42.4025147612718,13.7,-15.745736627062));
#3042=CARTESIAN_POINT('Origin',(36.1804335688914,13.7,-24.8168835024811));
#3043=CARTESIAN_POINT('',(35.4835054733571,13.7,-37.6778434678047));
#3044=CARTESIAN_POINT('',(35.4835054733571,13.7,-37.6778434678047));
#3045=CARTESIAN_POINT('',(47.927667858118,13.7,-19.5355497169665));
#3046=CARTESIAN_POINT('Origin',(41.7055866657375,13.7,-28.6066965923856));
#3047=CARTESIAN_POINT('',(47.927667858118,13.7,-19.5355497169665));
#3048=CARTESIAN_POINT('Origin',(33.9562673625,13.7,-39.9043977008621));
#3049=CARTESIAN_POINT('',(28.4311142656538,13.7,-36.1145846109576));
#3050=CARTESIAN_POINT('',(32.3057739172726,13.7,-30.4657340567193));
#3051=CARTESIAN_POINT('',(33.9562673625,13.7,-39.9043977008621));
#3052=CARTESIAN_POINT('',(33.9562673625,13.7,-39.9043977008621));
#3053=CARTESIAN_POINT('',(50.2469631780049,13.7,-16.1542584988561));
#3054=CARTESIAN_POINT('Origin',(41.7055866657375,13.7,-28.6066965923856));
#3055=CARTESIAN_POINT('',(28.4875226737668,12.0500000000002,-36.0323470220898));
#3056=CARTESIAN_POINT('Origin',(36.1804335688914,13.7,-24.8168835024811));
#3057=CARTESIAN_POINT('',(34.012675770613,12.0500000000002,-39.8221601119943));
#3058=CARTESIAN_POINT('',(34.012675770613,12.0500000000002,-39.8221601119943));
#3059=CARTESIAN_POINT('Origin',(41.7055866657375,13.7,-28.6066965923856));
#3060=CARTESIAN_POINT('Origin',(34.0126757706129,1.00000000000001,-39.8221601119943));
#3061=CARTESIAN_POINT('',(28.4875226737668,1.00000000000001,-36.0323470220898));
#3062=CARTESIAN_POINT('',(28.4875226737668,7.6,-36.0323470220898));
#3063=CARTESIAN_POINT('',(34.0126757706129,1.00000000000001,-39.8221601119943));
#3064=CARTESIAN_POINT('',(34.0126757706129,1.00000000000001,-39.8221601119943));
#3065=CARTESIAN_POINT('',(34.0126757706129,1.00000000000001,-39.8221601119943));
#3066=CARTESIAN_POINT('Origin',(33.1642101534702,1.00000000000001,-41.0591346859151));
#3067=CARTESIAN_POINT('',(27.639057056624,1.00000000000001,-37.2693215960106));
#3068=CARTESIAN_POINT('',(31.9097453127577,1.00000000000001,-31.0431025492458));
#3069=CARTESIAN_POINT('',(33.1642101534702,1.00000000000001,-41.0591346859151));
#3070=CARTESIAN_POINT('',(33.1642101534702,1.00000000000001,-41.0591346859151));
#3071=CARTESIAN_POINT('',(50.2469631780049,0.999999999999997,-16.1542584988561));
#3072=CARTESIAN_POINT('Origin',(33.1642101534702,27.4,-41.0591346859151));
#3073=CARTESIAN_POINT('',(27.6390570566239,3.,-37.2693215960105));
#3074=CARTESIAN_POINT('',(33.1642101534701,3.,-41.059134685915));
#3075=CARTESIAN_POINT('',(27.6390570566239,3.,-37.2693215960105));
#3076=CARTESIAN_POINT('',(33.1642101534702,-6.50736561148904E-15,-41.0591346859151));
#3077=CARTESIAN_POINT('',(27.639057056624,20.8,-37.2693215960106));
#3078=CARTESIAN_POINT('Origin',(50.2469631780049,27.4,-16.1542584988561));
#3079=CARTESIAN_POINT('',(46.539156033893,27.4,-9.71494413261201));
#3080=CARTESIAN_POINT('',(25.828997073386,27.4,-39.9082006870415));
#3081=CARTESIAN_POINT('',(31.0047153211386,27.4,-32.3625420947613));
#3082=CARTESIAN_POINT('',(51.1505022620943,27.4,-8.64935229534333));
#3083=CARTESIAN_POINT('Origin',(49.4254300397081,27.4,-11.6946972392785));
#3084=CARTESIAN_POINT('',(52.0570231612429,27.4,-13.515379407825));
#3085=CARTESIAN_POINT('Origin',(49.1707491554278,27.4,-11.5356263011585));
#3086=CARTESIAN_POINT('',(31.3468642007359,27.4,-43.7086359622546));
#3087=CARTESIAN_POINT('',(33.1642101534702,27.4,-41.0591346859151));
#3088=CARTESIAN_POINT('',(26.7355179725346,27.4,-44.7742277995232));
#3089=CARTESIAN_POINT('Origin',(28.4605901949208,27.4,-41.728882855588));
#3090=CARTESIAN_POINT('Origin',(28.7152710792011,27.4,-41.8879537937081));
#3091=CARTESIAN_POINT('',(30.1567270600948,27.4,-41.9268046893859));
#3092=CARTESIAN_POINT('Origin',(28.5067270600948,27.4,-41.9268046893859));
#3093=CARTESIAN_POINT('',(51.0292931745341,27.4,-11.4967754054807));
#3094=CARTESIAN_POINT('Origin',(49.3792931745341,27.4,-11.4967754054807));
#3095=CARTESIAN_POINT('Origin',(50.2469631780049,0.999999999999996,-16.1542584988561));
#3096=CARTESIAN_POINT('',(50.246963178005,3.,-16.154258498856));
#3097=CARTESIAN_POINT('',(44.7218100811588,3.,-12.3644454089515));
#3098=CARTESIAN_POINT('',(50.246963178005,3.,-16.154258498856));
#3099=CARTESIAN_POINT('',(44.7218100811588,0.999999999999995,-12.3644454089516));
#3100=CARTESIAN_POINT('',(44.7218100811587,7.6,-12.3644454089516));
#3101=CARTESIAN_POINT('',(50.2469631780049,0.999999999999997,-16.1542584988561));
#3102=CARTESIAN_POINT('',(50.2469631780049,0.999999999999997,-16.1542584988561));
#3103=CARTESIAN_POINT('',(50.2469631780049,27.4,-16.1542584988561));
#3104=CARTESIAN_POINT('Origin',(49.3984975608621,0.999999999999998,-17.3912330727769));
#3105=CARTESIAN_POINT('',(43.873344464016,0.999999999999996,-13.6014199828724));
#3106=CARTESIAN_POINT('',(40.0268890164536,1.,-19.2091517426767));
#3107=CARTESIAN_POINT('',(49.3984975608621,0.999999999999998,-17.3912330727769));
#3108=CARTESIAN_POINT('',(49.3984975608621,0.999999999999998,-17.3912330727769));
#3109=CARTESIAN_POINT('',(50.2469631780049,0.999999999999997,-16.1542584988561));
#3110=CARTESIAN_POINT('Origin',(49.3984975608621,12.0500000000001,-17.3912330727769));
#3111=CARTESIAN_POINT('',(43.8733444640159,12.0500000000001,-13.6014199828724));
#3112=CARTESIAN_POINT('',(43.8733444640159,13.125,-13.6014199828724));
#3113=CARTESIAN_POINT('',(49.3984975608621,12.0500000000001,-17.3912330727769));
#3114=CARTESIAN_POINT('',(49.3984975608621,12.0500000000001,-17.3912330727769));
#3115=CARTESIAN_POINT('',(49.3984975608621,0.999999999999998,-17.3912330727769));
#3116=CARTESIAN_POINT('Origin',(41.7055866657375,13.7,-28.6066965923856));
#3117=CARTESIAN_POINT('',(43.9297528721289,13.7,-13.5191823940046));
#3118=CARTESIAN_POINT('Origin',(36.1804335688914,13.7,-24.8168835024811));
#3119=CARTESIAN_POINT('',(49.4549059689751,13.7,-17.3089954839091));
#3120=CARTESIAN_POINT('',(49.4549059689751,13.7,-17.3089954839091));
#3121=CARTESIAN_POINT('Origin',(41.7055866657375,13.7,-28.6066965923856));
#3122=CARTESIAN_POINT('Origin',(47.927667858118,13.7,-19.5355497169665));
#3123=CARTESIAN_POINT('',(39.2914741650816,13.7,-20.2813100647716));
#3124=CARTESIAN_POINT('',(50.2469631780049,13.7,-16.1542584988561));
#3125=CARTESIAN_POINT('Origin',(28.5067270600948,3.,-41.9268046893859));
#3126=CARTESIAN_POINT('',(30.1567270600948,3.,-41.9268046893859));
#3127=CARTESIAN_POINT('',(30.1567270600948,3.,-41.9268046893859));
#3128=CARTESIAN_POINT('Origin',(28.5067270600948,3.,-41.9268046893859));
#3129=CARTESIAN_POINT('Origin',(28.7152710792011,3.,-41.8879537937081));
#3130=CARTESIAN_POINT('',(26.7355179725346,3.,-44.7742277995232));
#3131=CARTESIAN_POINT('',(26.7355179725346,3.,-44.7742277995232));
#3132=CARTESIAN_POINT('',(25.828997073386,3.,-39.9082006870415));
#3133=CARTESIAN_POINT('Origin',(28.7152710792011,3.,-41.8879537937081));
#3134=CARTESIAN_POINT('',(25.828997073386,3.,-39.9082006870415));
#3135=CARTESIAN_POINT('Origin',(28.4605901949208,3.,-41.728882855588));
#3136=CARTESIAN_POINT('',(31.3468642007359,3.,-43.7086359622546));
#3137=CARTESIAN_POINT('',(31.3468642007359,3.,-43.7086359622546));
#3138=CARTESIAN_POINT('Origin',(28.4605901949208,3.,-41.728882855588));
#3139=CARTESIAN_POINT('Origin',(29.1897406163356,3.,-41.2491022257993));
#3140=CARTESIAN_POINT('',(25.828997073386,3.,-39.9082006870415));
#3141=CARTESIAN_POINT('',(33.1642101534701,3.,-41.059134685915));
#3142=CARTESIAN_POINT('Origin',(44.7218100811588,3.,-12.3644454089515));
#3143=CARTESIAN_POINT('',(46.539156033893,3.,-9.71494413261201));
#3144=CARTESIAN_POINT('',(46.539156033893,3.,-9.71494413261201));
#3145=CARTESIAN_POINT('',(44.7218100811588,3.,-12.3644454089515));
#3146=CARTESIAN_POINT('Origin',(49.3792931745341,3.,-11.4967754054807));
#3147=CARTESIAN_POINT('',(51.0292931745341,3.,-11.4967754054807));
#3148=CARTESIAN_POINT('',(51.0292931745341,3.,-11.4967754054807));
#3149=CARTESIAN_POINT('Origin',(49.3792931745341,3.,-11.4967754054807));
#3150=CARTESIAN_POINT('Origin',(52.0570231612429,3.,-13.515379407825));
#3151=CARTESIAN_POINT('',(52.0570231612429,3.,-13.515379407825));
#3152=CARTESIAN_POINT('',(52.0570231612429,3.,-13.515379407825));
#3153=CARTESIAN_POINT('',(52.0570231612429,3.,-13.515379407825));
#3154=CARTESIAN_POINT('Origin',(49.1707491554278,3.,-11.5356263011585));
#3155=CARTESIAN_POINT('',(51.1505022620943,3.,-8.64935229534333));
#3156=CARTESIAN_POINT('',(51.1505022620943,3.,-8.64935229534333));
#3157=CARTESIAN_POINT('Origin',(49.1707491554278,3.,-11.5356263011585));
#3158=CARTESIAN_POINT('Origin',(49.4254300397081,3.,-11.6946972392786));
#3159=CARTESIAN_POINT('Origin',(49.4254300397081,3.,-11.6946972392786));
#3160=CARTESIAN_POINT('Origin',(48.6962796182933,3.,-12.1744778690673));
#3161=CARTESIAN_POINT('Origin',(37.6258047975387,13.7,-10.9531661967347));
#3162=CARTESIAN_POINT('',(40.4758047975387,13.7,-10.9531661967347));
#3163=CARTESIAN_POINT('',(40.4758047975387,3.,-10.9531661967347));
#3164=CARTESIAN_POINT('',(40.4758047975387,13.7,-10.9531661967347));
#3165=CARTESIAN_POINT('',(39.0306169959473,13.7,-13.4328844644422));
#3166=CARTESIAN_POINT('Origin',(37.6258047975387,13.7,-10.9531661967347));
#3167=CARTESIAN_POINT('',(34.8065713044988,13.7,-10.5355269843491));
#3168=CARTESIAN_POINT('Ctrl Pts',(34.8065713044988,13.7,-10.5355269843491));
#3169=CARTESIAN_POINT('Ctrl Pts',(34.8065713044988,12.7642613790095,-10.5355269843491));
#3170=CARTESIAN_POINT('Ctrl Pts',(34.7738515326085,11.7597724604147,-10.6718236738323));
#3171=CARTESIAN_POINT('Ctrl Pts',(34.7768778455324,10.3842833701478,-11.1225488416902));
#3172=CARTESIAN_POINT('Ctrl Pts',(34.7888228037931,9.94875366890908,-11.3121870037442));
#3173=CARTESIAN_POINT('Ctrl Pts',(34.8855080941781,9.15472399769197,-11.7705646750406));
#3174=CARTESIAN_POINT('Ctrl Pts',(34.9653802145959,8.79449645763174,-12.0373217339551));
#3175=CARTESIAN_POINT('Ctrl Pts',(35.229524904014,8.35272290107188,-12.5060585866393));
#3176=CARTESIAN_POINT('Ctrl Pts',(35.3477383368331,8.21831469651037,-12.6803015805894));
#3177=CARTESIAN_POINT('Ctrl Pts',(35.6452439371983,8.03540525513407,-13.0147104431038));
#3178=CARTESIAN_POINT('Ctrl Pts',(35.8254532934594,7.98731095253819,-13.1742818994681));
#3179=CARTESIAN_POINT('Ctrl Pts',(36.2019869564754,7.98731095253819,-13.4325538749003));
#3180=CARTESIAN_POINT('Ctrl Pts',(36.4157460698454,8.03540525513408,-13.5432132767669));
#3181=CARTESIAN_POINT('Ctrl Pts',(36.8348514903869,8.21831469651038,-13.7003422557925));
#3182=CARTESIAN_POINT('Ctrl Pts',(37.0399735353972,8.35272290107189,-13.7478815373431));
#3183=CARTESIAN_POINT('Ctrl Pts',(37.5723826005662,8.79449645763175,-13.8255168472094));
#3184=CARTESIAN_POINT('Ctrl Pts',(37.850006000035,9.15472399769198,-13.803973120324));
#3185=CARTESIAN_POINT('Ctrl Pts',(38.312449643688,9.94875366890908,-13.7291131753276));
#3186=CARTESIAN_POINT('Ctrl Pts',(38.4936674131009,10.3842833701478,-13.6719691941565));
#3187=CARTESIAN_POINT('Ctrl Pts',(38.9152458498895,11.7597724604147,-13.5124889221937));
#3188=CARTESIAN_POINT('Ctrl Pts',(39.0306169959473,12.7642613790095,-13.4328844644422));
#3189=CARTESIAN_POINT('Ctrl Pts',(39.0306169959473,13.7,-13.4328844644422));
#3190=CARTESIAN_POINT('',(39.23788947011,13.7,-8.60291450628521));
#3191=CARTESIAN_POINT('Origin',(37.6258047975387,13.7,-10.9531661967347));
#3192=CARTESIAN_POINT('',(39.23788947011,3.,-8.60291450628521));
#3193=CARTESIAN_POINT('',(39.23788947011,13.7,-8.60291450628522));
#3194=CARTESIAN_POINT('Origin',(37.6258047975387,3.,-10.9531661967347));
#3195=CARTESIAN_POINT('Origin',(44.3834640168262,13.7,-45.2986326219412));
#3196=CARTESIAN_POINT('',(47.2334640168262,10.9019844580726,-45.2986326219301));
#3197=CARTESIAN_POINT('',(47.2334640168262,3.,-45.2986326219412));
#3198=CARTESIAN_POINT('',(47.2334640168262,13.7,-45.2986326219412));
#3199=CARTESIAN_POINT('',(47.2026975098661,13.7,-45.7162718343268));
#3200=CARTESIAN_POINT('Ctrl Pts',(47.2026975098661,13.7,-45.7162718343268));
#3201=CARTESIAN_POINT('Ctrl Pts',(47.2026975098661,12.7843597087836,-45.7162718343268));
#3202=CARTESIAN_POINT('Ctrl Pts',(47.2334640168284,11.802832125892,-45.5859515129008));
#3203=CARTESIAN_POINT('Ctrl Pts',(47.2334640168262,10.9019844580726,-45.2986326219189));
#3204=CARTESIAN_POINT('',(42.7713793442548,13.7,-47.6488843123907));
#3205=CARTESIAN_POINT('Origin',(44.3834640168262,13.7,-45.2986326219412));
#3206=CARTESIAN_POINT('',(42.7713793442548,3.,-47.6488843123907));
#3207=CARTESIAN_POINT('',(42.7713793442548,13.7,-47.6488843123907));
#3208=CARTESIAN_POINT('Origin',(44.3834640168262,3.,-45.2986326219412));
#3209=CARTESIAN_POINT('Origin',(58.2420476962183,13.7,-25.0942598157812));
#3210=CARTESIAN_POINT('',(61.0920476962183,13.7,-25.0942598157812));
#3211=CARTESIAN_POINT('',(61.0920476962183,3.,-25.0942598157812));
#3212=CARTESIAN_POINT('',(61.0920476962183,13.7,-25.0942598157812));
#3213=CARTESIAN_POINT('',(59.646859894627,13.7,-27.5739780834887));
#3214=CARTESIAN_POINT('Origin',(58.2420476962183,13.7,-25.0942598157812));
#3215=CARTESIAN_POINT('',(55.4228142031784,13.7,-24.6766206033957));
#3216=CARTESIAN_POINT('Ctrl Pts',(55.4228142031784,13.7,-24.6766206033957));
#3217=CARTESIAN_POINT('Ctrl Pts',(55.4228142031784,12.7642613790095,-24.6766206033957));
#3218=CARTESIAN_POINT('Ctrl Pts',(55.3900944312882,11.7597724604147,-24.8129172928789));
#3219=CARTESIAN_POINT('Ctrl Pts',(55.393120744212,10.3842833701478,-25.2636424607367));
#3220=CARTESIAN_POINT('Ctrl Pts',(55.4050657024727,9.94875366890908,-25.4532806227907));
#3221=CARTESIAN_POINT('Ctrl Pts',(55.5017509928578,9.15472399769198,-25.9116582940871));
#3222=CARTESIAN_POINT('Ctrl Pts',(55.5816231132755,8.79449645763174,-26.1784153530016));
#3223=CARTESIAN_POINT('Ctrl Pts',(55.8457678026937,8.35272290107188,-26.6471522056858));
#3224=CARTESIAN_POINT('Ctrl Pts',(55.9639812355127,8.21831469651038,-26.8213951996359));
#3225=CARTESIAN_POINT('Ctrl Pts',(56.261486835878,8.03540525513409,-27.1558040621504));
#3226=CARTESIAN_POINT('Ctrl Pts',(56.441696192139,7.98731095253819,-27.3153755185146));
#3227=CARTESIAN_POINT('Ctrl Pts',(56.818229855155,7.98731095253819,-27.5736474939468));
#3228=CARTESIAN_POINT('Ctrl Pts',(57.0319889685251,8.03540525513408,-27.6843068958134));
#3229=CARTESIAN_POINT('Ctrl Pts',(57.4510943890666,8.21831469651037,-27.841435874839));
#3230=CARTESIAN_POINT('Ctrl Pts',(57.6562164340768,8.35272290107188,-27.8889751563896));
#3231=CARTESIAN_POINT('Ctrl Pts',(58.1886254992458,8.79449645763174,-27.966610466256));
#3232=CARTESIAN_POINT('Ctrl Pts',(58.4662488987147,9.15472399769197,-27.9450667393705));
#3233=CARTESIAN_POINT('Ctrl Pts',(58.9286925423677,9.94875366890908,-27.8702067943741));
#3234=CARTESIAN_POINT('Ctrl Pts',(59.1099103117806,10.3842833701478,-27.813062813203));
#3235=CARTESIAN_POINT('Ctrl Pts',(59.5314887485691,11.7597724604147,-27.6535825412403));
#3236=CARTESIAN_POINT('Ctrl Pts',(59.646859894627,12.7642613790095,-27.5739780834887));
#3237=CARTESIAN_POINT('Ctrl Pts',(59.646859894627,13.7,-27.5739780834887));
#3238=CARTESIAN_POINT('',(59.8541323687896,13.7,-22.7440081253317));
#3239=CARTESIAN_POINT('Origin',(58.2420476962183,13.7,-25.0942598157812));
#3240=CARTESIAN_POINT('',(59.8541323687896,3.,-22.7440081253317));
#3241=CARTESIAN_POINT('',(59.8541323687896,13.7,-22.7440081253317));
#3242=CARTESIAN_POINT('Origin',(58.2420476962183,3.,-25.0942598157812));
#3243=CARTESIAN_POINT('Origin',(23.7672211181465,13.7,-31.1575390028947));
#3244=CARTESIAN_POINT('',(26.6172211181465,10.9019844580726,-31.1575390028835));
#3245=CARTESIAN_POINT('',(26.6172211181465,3.,-31.1575390028947));
#3246=CARTESIAN_POINT('',(26.6172211181465,13.7,-31.1575390028947));
#3247=CARTESIAN_POINT('',(26.5864546111864,13.7,-31.5751782152803));
#3248=CARTESIAN_POINT('Ctrl Pts',(26.5864546111864,13.7,-31.5751782152803));
#3249=CARTESIAN_POINT('Ctrl Pts',(26.5864546111864,12.7843597087836,-31.5751782152803));
#3250=CARTESIAN_POINT('Ctrl Pts',(26.6172211181487,11.802832125892,-31.4448578938542));
#3251=CARTESIAN_POINT('Ctrl Pts',(26.6172211181465,10.9019844580726,-31.1575390028724));
#3252=CARTESIAN_POINT('',(22.1551364455752,13.7,-33.5077906933442));
#3253=CARTESIAN_POINT('Origin',(23.7672211181465,13.7,-31.1575390028947));
#3254=CARTESIAN_POINT('',(22.1551364455752,3.,-33.5077906933442));
#3255=CARTESIAN_POINT('',(22.1551364455752,13.7,-33.5077906933442));
#3256=CARTESIAN_POINT('Origin',(23.7672211181465,3.,-31.1575390028947));
#3257=CARTESIAN_POINT('Origin',(51.6053878118517,2.8,-11.1683914852912));
#3258=CARTESIAN_POINT('',(49.8745425998422,2.8,-13.6917836833843));
#3259=CARTESIAN_POINT('',(50.739965205847,2.8,-12.4300875843378));
#3260=CARTESIAN_POINT('',(51.1726765088493,2.8,-11.7992395348145));
#3261=CARTESIAN_POINT('',(49.8745425998422,2.4,-13.6917836833843));
#3262=CARTESIAN_POINT('',(49.8745425998422,1.4,-13.6917836833843));
#3263=CARTESIAN_POINT('',(51.6053878118517,2.4,-11.1683914852912));
#3264=CARTESIAN_POINT('',(45.0891123742348,2.4,-20.6684429548373));
#3265=CARTESIAN_POINT('',(51.6053878118517,2.8,-11.1683914852912));
#3266=CARTESIAN_POINT('',(51.6053878118517,1.4,-11.1683914852912));
#3267=CARTESIAN_POINT('',(51.1726765088493,2.8,-11.7992395348145));
#3268=CARTESIAN_POINT('Origin',(38.9430101173144,2.4,-26.7117900474333));
#3269=CARTESIAN_POINT('',(51.8544253856735,2.4,-11.6892692254168));
#3270=CARTESIAN_POINT('',(50.4501547419676,2.4,-13.7365496880206));
#3271=CARTESIAN_POINT('',(46.2852161961372,2.4,-19.8085966620441));
#3272=CARTESIAN_POINT('',(53.0408911276666,2.4,-14.1708369059152));
#3273=CARTESIAN_POINT('',(45.2326890073095,2.4,-13.3307815011213));
#3274=CARTESIAN_POINT('Origin',(50.7835638182399,0.,-9.44949494287689));
#3275=CARTESIAN_POINT('',(51.8544253856735,0.,-11.6892692254168));
#3276=CARTESIAN_POINT('',(51.8544253856735,0.,-11.6892692254168));
#3277=CARTESIAN_POINT('',(50.7835638182399,0.,-9.44949494287689));
#3278=CARTESIAN_POINT('',(58.4048146029719,-1.52306149203813E-15,-25.3898200302176));
#3279=CARTESIAN_POINT('',(50.7835638182399,2.4,-9.44949494287689));
#3280=CARTESIAN_POINT('',(50.7835638182399,0.,-9.44949494287689));
#3281=CARTESIAN_POINT('',(51.5018460412922,2.4,-10.9518273635406));
#3282=CARTESIAN_POINT('',(53.0408911276666,2.4,-14.1708369059152));
#3283=CARTESIAN_POINT('',(51.5018460412922,2.8,-10.9518273635406));
#3284=CARTESIAN_POINT('',(51.5018460412922,1.4,-10.9518273635406));
#3285=CARTESIAN_POINT('',(51.8544253856735,2.8,-11.6892692254168));
#3286=CARTESIAN_POINT('Origin',(51.8544253856735,0.,-11.6892692254168));
#3287=CARTESIAN_POINT('',(50.4501547419676,0.,-13.7365496880206));
#3288=CARTESIAN_POINT('',(50.4501547419676,0.,-13.7365496880206));
#3289=CARTESIAN_POINT('',(42.0145279400035,-5.78612583636757E-15,-26.0348157088089));
#3290=CARTESIAN_POINT('Origin',(49.3792931745341,2.8,-11.4967754054807));
#3291=CARTESIAN_POINT('',(48.445980995677,2.8,-12.8574474367936));
#3292=CARTESIAN_POINT('Origin',(49.3792931745341,2.8,-11.4967754054807));
#3293=CARTESIAN_POINT('',(49.6352216835782,2.8,-13.6731714261663));
#3294=CARTESIAN_POINT('',(49.0406013396276,2.8,-13.2653094314799));
#3295=CARTESIAN_POINT('',(47.9750225308282,2.8,-13.5440558680845));
#3296=CARTESIAN_POINT('Origin',(50.4501547419676,0.,-13.7365496880206));
#3297=CARTESIAN_POINT('',(49.6352216835782,2.4,-13.6731714261663));
#3298=CARTESIAN_POINT('',(49.6352216835782,1.4,-13.6731714261663));
#3299=CARTESIAN_POINT('',(47.9750225308282,2.4,-13.5440558680845));
#3300=CARTESIAN_POINT('',(45.2326890073095,2.4,-13.3307815011213));
#3301=CARTESIAN_POINT('',(47.9750225308282,0.,-13.5440558680845));
#3302=CARTESIAN_POINT('',(47.9750225308282,0.,-13.5440558680845));
#3303=CARTESIAN_POINT('',(50.1031671431452,-5.88382788392825E-15,-13.7095640716292));
#3304=CARTESIAN_POINT('Origin',(30.7328216974124,2.8,-41.5984207691964));
#3305=CARTESIAN_POINT('',(29.0019764854028,2.8,-44.1218129672895));
#3306=CARTESIAN_POINT('',(29.8673990914076,2.8,-42.8601168682429));
#3307=CARTESIAN_POINT('',(30.30011039441,2.8,-42.2292688187197));
#3308=CARTESIAN_POINT('',(29.0019764854028,2.4,-44.1218129672895));
#3309=CARTESIAN_POINT('',(29.0019764854028,1.4,-44.1218129672895));
#3310=CARTESIAN_POINT('',(30.7328216974124,2.4,-41.5984207691964));
#3311=CARTESIAN_POINT('',(34.6528293170151,2.4,-35.88345759679));
#3312=CARTESIAN_POINT('',(30.7328216974124,2.8,-41.5984207691964));
#3313=CARTESIAN_POINT('',(30.7328216974124,1.4,-41.5984207691964));
#3314=CARTESIAN_POINT('',(30.30011039441,2.8,-42.2292688187197));
#3315=CARTESIAN_POINT('Origin',(38.9430101173144,2.4,-26.7117900474333));
#3316=CARTESIAN_POINT('',(30.9818592712342,2.4,-42.119298509322));
#3317=CARTESIAN_POINT('',(28.1891011780907,2.4,-36.2780694050136));
#3318=CARTESIAN_POINT('',(29.5775886275283,2.4,-44.1665789719258));
#3319=CARTESIAN_POINT('',(33.5574882566167,2.4,-44.476100248857));
#3320=CARTESIAN_POINT('',(35.8489331389175,2.4,-35.0236113039966));
#3321=CARTESIAN_POINT('Origin',(29.9109977038007,0.,-39.8795242267821));
#3322=CARTESIAN_POINT('',(30.9818592712342,0.,-42.119298509322));
#3323=CARTESIAN_POINT('',(30.9818592712342,0.,-42.119298509322));
#3324=CARTESIAN_POINT('',(29.9109977038007,0.,-39.8795242267821));
#3325=CARTESIAN_POINT('',(33.5530246533959,-4.11278352029243E-15,-47.497052529316));
#3326=CARTESIAN_POINT('',(29.9109977038007,2.4,-39.8795242267821));
#3327=CARTESIAN_POINT('',(29.9109977038007,0.,-39.8795242267821));
#3328=CARTESIAN_POINT('',(30.629279926853,2.4,-41.3818566474458));
#3329=CARTESIAN_POINT('',(28.1891011780907,2.4,-36.2780694050136));
#3330=CARTESIAN_POINT('',(30.629279926853,2.8,-41.3818566474458));
#3331=CARTESIAN_POINT('',(30.629279926853,1.4,-41.3818566474458));
#3332=CARTESIAN_POINT('',(29.9109977038007,2.8,-39.8795242267821));
#3333=CARTESIAN_POINT('Origin',(28.5067270600948,2.8,-41.9268046893859));
#3334=CARTESIAN_POINT('',(29.4400392389519,2.8,-40.566132658073));
#3335=CARTESIAN_POINT('',(28.8454188950013,2.8,-40.1582706633866));
#3336=CARTESIAN_POINT('',(30.1567270600948,2.8,-41.9268046893859));
#3337=CARTESIAN_POINT('Origin',(28.5067270600948,2.8,-41.9268046893859));
#3338=CARTESIAN_POINT('Origin',(28.5067270600948,2.8,-41.9268046893859));
#3339=CARTESIAN_POINT('Origin',(29.5775886275283,0.,-44.1665789719258));
#3340=CARTESIAN_POINT('',(28.7626555691388,2.8,-44.1032007100715));
#3341=CARTESIAN_POINT('',(29.5775886275283,2.8,-44.1665789719258));
#3342=CARTESIAN_POINT('',(28.7626555691388,2.4,-44.1032007100715));
#3343=CARTESIAN_POINT('',(28.7626555691388,1.4,-44.1032007100715));
#3344=CARTESIAN_POINT('',(27.1024564163889,2.4,-43.9740851519897));
#3345=CARTESIAN_POINT('',(33.5574882566167,2.4,-44.476100248857));
#3346=CARTESIAN_POINT('',(27.1024564163889,0.,-43.9740851519897));
#3347=CARTESIAN_POINT('',(27.1024564163889,0.,-43.9740851519897));
#3348=CARTESIAN_POINT('',(29.5775886275283,0.,-44.1665789719258));
#3349=CARTESIAN_POINT('',(38.4279663924524,-3.29410585567395E-15,-44.8548828193649));
#3350=CARTESIAN_POINT('',(29.5775886275283,0.,-44.1665789719258));
#3351=CARTESIAN_POINT('Origin',(28.7626555691388,2.8,-44.1032007100715));
#3352=CARTESIAN_POINT('',(26.3841741933367,2.8,-42.4717527313261));
#3353=CARTESIAN_POINT('',(27.5734148812377,2.8,-43.2874767206988));
#3354=CARTESIAN_POINT('',(28.1680352251882,2.8,-43.6953387153851));
#3355=CARTESIAN_POINT('',(26.3841741933367,2.4,-42.4717527313261));
#3356=CARTESIAN_POINT('',(26.3841741933367,1.4,-42.4717527313261));
#3357=CARTESIAN_POINT('',(26.9787945372873,2.4,-42.8796147260125));
#3358=CARTESIAN_POINT('',(28.1680352251882,2.8,-43.6953387153851));
#3359=CARTESIAN_POINT('Origin',(38.9430101173144,2.4,-26.7117900474333));
#3360=CARTESIAN_POINT('',(24.8451291069622,2.4,-39.2527431889513));
#3361=CARTESIAN_POINT('Origin',(28.5067270600948,2.8,-41.9268046893859));
#3362=CARTESIAN_POINT('Origin',(28.5067270600948,2.8,-41.9268046893859));
#3363=CARTESIAN_POINT('Origin',(49.6352216835782,2.8,-13.6731714261663));
#3364=CARTESIAN_POINT('',(47.2567403077759,2.8,-12.0417234474208));
#3365=CARTESIAN_POINT('',(49.0406013396276,2.8,-13.2653094314799));
#3366=CARTESIAN_POINT('',(47.2567403077759,2.4,-12.0417234474208));
#3367=CARTESIAN_POINT('',(47.2567403077759,1.4,-12.0417234474208));
#3368=CARTESIAN_POINT('',(47.8513606517264,2.4,-12.4495854421071));
#3369=CARTESIAN_POINT('Origin',(38.9430101173144,2.4,-26.7117900474333));
#3370=CARTESIAN_POINT('',(49.6969190565382,2.4,-17.1455106898529));
#3371=CARTESIAN_POINT('Origin',(49.3792931745341,2.8,-11.4967754054807));
#3372=CARTESIAN_POINT('',(50.3126053533912,2.8,-10.1361033741678));
#3373=CARTESIAN_POINT('',(49.7179850094407,2.8,-9.72824137948147));
#3374=CARTESIAN_POINT('',(51.0292931745341,2.8,-11.4967754054807));
#3375=CARTESIAN_POINT('Origin',(49.3792931745341,2.8,-11.4967754054807));
#3376=CARTESIAN_POINT('Origin',(49.3792931745341,2.8,-11.4967754054807));
#3377=CARTESIAN_POINT('Origin',(47.1531985372165,2.8,-11.8251593256702));
#3378=CARTESIAN_POINT('',(48.8840437492261,2.8,-9.30176712757711));
#3379=CARTESIAN_POINT('',(48.0186211432213,2.8,-10.5634632266236));
#3380=CARTESIAN_POINT('',(47.5859098402189,2.8,-11.1943112761469));
#3381=CARTESIAN_POINT('',(48.8840437492261,2.4,-9.30176712757711));
#3382=CARTESIAN_POINT('',(48.8840437492261,1.4,-9.3017671275771));
#3383=CARTESIAN_POINT('',(47.1531985372165,2.4,-11.8251593256702));
#3384=CARTESIAN_POINT('',(43.2331909176137,2.4,-17.5401224980766));
#3385=CARTESIAN_POINT('',(47.1531985372165,2.8,-11.8251593256702));
#3386=CARTESIAN_POINT('',(47.1531985372165,1.4,-11.8251593256702));
#3387=CARTESIAN_POINT('',(47.5859098402189,2.8,-11.1943112761469));
#3388=CARTESIAN_POINT('Origin',(38.9430101173144,2.4,-26.7117900474333));
#3389=CARTESIAN_POINT('',(48.3084316071006,2.4,-9.2570011229408));
#3390=CARTESIAN_POINT('',(44.3285319780121,2.4,-8.94747984600957));
#3391=CARTESIAN_POINT('',(46.9041609633947,2.4,-11.3042815855446));
#3392=CARTESIAN_POINT('',(42.0370870957114,2.4,-18.39996879087));
#3393=CARTESIAN_POINT('',(49.6969190565382,2.4,-17.1455106898529));
#3394=CARTESIAN_POINT('Origin',(47.9750225308282,0.,-13.5440558680845));
#3395=CARTESIAN_POINT('',(46.9041609633947,2.8,-11.3042815855446));
#3396=CARTESIAN_POINT('',(46.9041609633947,0.,-11.3042815855446));
#3397=CARTESIAN_POINT('',(46.9041609633947,0.,-11.3042815855446));
#3398=CARTESIAN_POINT('',(55.0608425318435,-1.87152565305186E-15,-28.3644938141553));
#3399=CARTESIAN_POINT('Origin',(49.3792931745341,2.8,-11.4967754054807));
#3400=CARTESIAN_POINT('Origin',(49.3792931745341,2.8,-11.4967754054807));
#3401=CARTESIAN_POINT('Origin',(46.9041609633947,0.,-11.3042815855446));
#3402=CARTESIAN_POINT('',(48.3084316071006,0.,-9.2570011229408));
#3403=CARTESIAN_POINT('',(48.3084316071006,0.,-9.2570011229408));
#3404=CARTESIAN_POINT('',(37.7663988395777,-7.17998248042253E-15,-24.6261878376347));
#3405=CARTESIAN_POINT('Origin',(28.2507985510508,2.8,-39.7504086687003));
#3406=CARTESIAN_POINT('',(28.2507985510508,2.4,-39.7504086687003));
#3407=CARTESIAN_POINT('',(30.0346595829024,2.4,-40.9739946527594));
#3408=CARTESIAN_POINT('',(28.2507985510508,2.8,-39.7504086687003));
#3409=CARTESIAN_POINT('',(28.2507985510508,1.4,-39.7504086687003));
#3410=CARTESIAN_POINT('',(28.8454188950013,2.8,-40.1582706633866));
#3411=CARTESIAN_POINT('Origin',(38.9430101173144,2.4,-26.7117900474333));
#3412=CARTESIAN_POINT('',(32.6533312273193,2.4,-40.0927985937453));
#3413=CARTESIAN_POINT('Origin',(28.5067270600948,2.8,-41.9268046893859));
#3414=CARTESIAN_POINT('',(28.0114776347867,2.8,-39.7317964114823));
#3415=CARTESIAN_POINT('',(27.4358654926613,2.8,-39.687030406846));
#3416=CARTESIAN_POINT('',(27.1460550287819,2.8,-40.9934925105288));
#3417=CARTESIAN_POINT('',(26.7133437257796,2.8,-41.6243405600521));
#3418=CARTESIAN_POINT('Origin',(28.5067270600948,2.8,-41.9268046893859));
#3419=CARTESIAN_POINT('Origin',(27.4358654926613,0.,-39.687030406846));
#3420=CARTESIAN_POINT('',(27.4358654926613,0.,-39.687030406846));
#3421=CARTESIAN_POINT('',(37.5238093631551,-4.33949833871515E-15,-40.4715811642532));
#3422=CARTESIAN_POINT('',(27.4358654926613,2.4,-39.687030406846));
#3423=CARTESIAN_POINT('',(27.4358654926613,0.,-39.687030406846));
#3424=CARTESIAN_POINT('',(28.0114776347867,2.4,-39.7317964114823));
#3425=CARTESIAN_POINT('',(32.6533312273193,2.4,-40.0927985937453));
#3426=CARTESIAN_POINT('',(28.0114776347867,1.4,-39.7317964114823));
#3427=CARTESIAN_POINT('Origin',(26.2806324227772,2.8,-42.2551886095754));
#3428=CARTESIAN_POINT('',(26.2806324227772,2.4,-42.2551886095754));
#3429=CARTESIAN_POINT('',(32.796907860394,2.4,-32.7551371400292));
#3430=CARTESIAN_POINT('',(26.2806324227772,2.8,-42.2551886095754));
#3431=CARTESIAN_POINT('',(26.2806324227772,1.4,-42.2551886095754));
#3432=CARTESIAN_POINT('',(26.7133437257796,2.8,-41.6243405600521));
#3433=CARTESIAN_POINT('Origin',(38.9430101173144,2.4,-26.7117900474333));
#3434=CARTESIAN_POINT('',(26.0315948489554,2.4,-41.7343108694498));
#3435=CARTESIAN_POINT('',(31.6008040384917,2.4,-33.6149834328225));
#3436=CARTESIAN_POINT('',(24.8451291069622,2.4,-39.2527431889513));
#3437=CARTESIAN_POINT('Origin',(27.1024564163889,0.,-43.9740851519897));
#3438=CARTESIAN_POINT('',(27.1024564163889,2.8,-43.9740851519897));
#3439=CARTESIAN_POINT('',(26.0315948489554,0.,-41.7343108694498));
#3440=CARTESIAN_POINT('',(26.0315948489554,0.,-41.7343108694498));
#3441=CARTESIAN_POINT('',(30.2090525822674,-4.46124768130617E-15,-50.4717263132537));
#3442=CARTESIAN_POINT('Origin',(26.0315948489554,0.,-41.7343108694498));
#3443=CARTESIAN_POINT('',(27.330115782358,-7.17998248042254E-15,-39.8412024795873));
#3444=CARTESIAN_POINT('Origin',(49.1233646654902,2.8,-9.32037938479511));
#3445=CARTESIAN_POINT('',(49.1233646654902,2.4,-9.3203793847951));
#3446=CARTESIAN_POINT('',(50.9072256973418,2.4,-10.5439653688542));
#3447=CARTESIAN_POINT('',(49.1233646654902,2.8,-9.3203793847951));
#3448=CARTESIAN_POINT('',(49.1233646654902,1.4,-9.3203793847951));
#3449=CARTESIAN_POINT('',(49.7179850094407,2.8,-9.72824137948147));
#3450=CARTESIAN_POINT('Origin',(38.9430101173144,2.4,-26.7117900474333));
#3451=CARTESIAN_POINT('',(44.3285319780121,2.4,-8.94747984600957));
#3452=CARTESIAN_POINT('Origin',(48.3084316071006,0.,-9.2570011229408));
#3453=CARTESIAN_POINT('',(50.7835638182399,2.8,-9.44949494287689));
#3454=CARTESIAN_POINT('',(49.1990101138479,-6.92922036696945E-15,-9.32626241651745));
#3455=CARTESIAN_POINT('Origin',(49.3792931745341,2.8,-11.4967754054807));
#3456=CARTESIAN_POINT('Origin',(49.3792931745341,2.8,-11.4967754054807));
#3457=CARTESIAN_POINT('Origin',(30.9818592712342,0.,-42.119298509322));
#3458=CARTESIAN_POINT('',(31.5782448827838,-5.78612583636761E-15,-41.2498303507614));
#3459=CARTESIAN_POINT('Origin',(28.5067270600948,2.8,-41.9268046893859));
#3460=CARTESIAN_POINT('Origin',(28.5067270600948,2.8,-41.9268046893859));
#3461=CARTESIAN_POINT('Origin',(51.8650071797031,13.7,-45.8826531453644));
#3462=CARTESIAN_POINT('',(52.8793187109811,11.2949139237616,-44.4038924874481));
#3463=CARTESIAN_POINT('',(52.7672915571587,15.4574460847985,-44.5672164195758));
#3464=CARTESIAN_POINT('Origin',(56.6729790101789,13.7,-38.8731305598133));
#3465=CARTESIAN_POINT('',(53.0181384588162,15.900917623166,-44.2015077414304));
#3466=CARTESIAN_POINT('Origin',(51.8650071797031,13.7,-45.8826531453644));
#3467=CARTESIAN_POINT('',(53.7489979008381,17.1930019939205,-43.1359907321079));
#3468=CARTESIAN_POINT('',(52.147829052084,13.7,-45.4703282873908));
#3469=CARTESIAN_POINT('Origin',(51.5821853073222,13.7,-46.294978003338));
#3470=CARTESIAN_POINT('Origin',(53.1019817536239,13.7,-46.7311187625072));
#3471=CARTESIAN_POINT('',(54.1162932849019,11.2949139237616,-45.2523581045909));
#3472=CARTESIAN_POINT('',(54.1162932849018,11.2949139237616,-45.2523581045909));
#3473=CARTESIAN_POINT('',(51.9959818668071,11.4247362980317,-48.3435515012181));
#3474=CARTESIAN_POINT('Origin',(53.1019817536239,13.7,-46.7311187625072));
#3475=CARTESIAN_POINT('',(51.9959818668071,15.9752637019683,-48.3435515012181));
#3476=CARTESIAN_POINT('Ctrl Pts',(51.9959818668071,15.9752637019683,-48.3435515012181));
#3477=CARTESIAN_POINT('Ctrl Pts',(51.8724176641641,15.8882775548146,-48.3815403286491));
#3478=CARTESIAN_POINT('Ctrl Pts',(51.7516349679888,15.7907685162107,-48.4194339123087));
#3479=CARTESIAN_POINT('Ctrl Pts',(51.4333697707626,15.4918503224006,-48.5209138708299));
#3480=CARTESIAN_POINT('Ctrl Pts',(51.2549333714583,15.2692789498678,-48.5798276878383));
#3481=CARTESIAN_POINT('Ctrl Pts',(51.0073928022072,14.8531074308649,-48.6627091020552));
#3482=CARTESIAN_POINT('Ctrl Pts',(50.9080691850074,14.6312253108762,-48.6965771060413));
#3483=CARTESIAN_POINT('Ctrl Pts',(50.7769458175842,14.1668395813354,-48.7415666049375));
#3484=CARTESIAN_POINT('Ctrl Pts',(50.7453307465806,13.9242707597839,-48.7525529145393));
#3485=CARTESIAN_POINT('Ctrl Pts',(50.7453307465806,13.4757292402161,-48.7525529145393));
#3486=CARTESIAN_POINT('Ctrl Pts',(50.7769458175842,13.2331604186646,-48.7415666049375));
#3487=CARTESIAN_POINT('Ctrl Pts',(50.9080691850074,12.7687746891238,-48.6965771060413));
#3488=CARTESIAN_POINT('Ctrl Pts',(51.0073928022072,12.5468925691351,-48.6627091020552));
#3489=CARTESIAN_POINT('Ctrl Pts',(51.2549333714583,12.1307210501323,-48.5798276878383));
#3490=CARTESIAN_POINT('Ctrl Pts',(51.4333697707626,11.9081496775994,-48.5209138708299));
#3491=CARTESIAN_POINT('Ctrl Pts',(51.7516349679888,11.6092314837893,-48.4194339123087));
#3492=CARTESIAN_POINT('Ctrl Pts',(51.8724176641641,11.5117224451854,-48.3815403286491));
#3493=CARTESIAN_POINT('Ctrl Pts',(51.9959818668071,11.4247362980317,-48.3435515012181));
#3494=CARTESIAN_POINT('',(54.255113032737,15.900917623166,-45.0499733585732));
#3495=CARTESIAN_POINT('Origin',(53.1019817536239,13.7,-46.7311187625072));
#3496=CARTESIAN_POINT('',(54.255113032737,15.900917623166,-45.0499733585732));
#3497=CARTESIAN_POINT('Origin',(61.4809508406548,13.7,-31.8636079742622));
#3498=CARTESIAN_POINT('',(60.4666393093768,16.1050860762383,-33.3423686321785));
#3499=CARTESIAN_POINT('',(60.5786664631992,11.9425539152015,-33.1790447000509));
#3500=CARTESIAN_POINT('Origin',(56.6729790101789,13.7,-38.8731305598133));
#3501=CARTESIAN_POINT('',(60.3278195615417,11.4990823768341,-33.5447533781962));
#3502=CARTESIAN_POINT('Origin',(61.4809508406548,13.7,-31.8636079742622));
#3503=CARTESIAN_POINT('',(59.5969601195198,10.2069980060795,-34.6102703875187));
#3504=CARTESIAN_POINT('',(62.3294164577976,13.7,-30.6266334003415));
#3505=CARTESIAN_POINT('Origin',(61.7637727130357,13.7,-31.4512831162886));
#3506=CARTESIAN_POINT('Origin',(62.7179254145756,13.7,-32.712073591405));
#3507=CARTESIAN_POINT('',(61.7036138832976,16.1050860762383,-34.1908342493214));
#3508=CARTESIAN_POINT('',(61.7036138832976,16.1050860762383,-34.1908342493213));
#3509=CARTESIAN_POINT('',(63.8239253013923,15.9752637019684,-31.0996408526941));
#3510=CARTESIAN_POINT('Origin',(62.7179254145756,13.7,-32.712073591405));
#3511=CARTESIAN_POINT('',(63.7551368761034,13.7,-29.7856094477539));
#3512=CARTESIAN_POINT('Ctrl Pts',(63.7551368761034,13.7,-29.7856094477539));
#3513=CARTESIAN_POINT('Ctrl Pts',(63.7551368761034,13.9242707597839,-29.7856094477539));
#3514=CARTESIAN_POINT('Ctrl Pts',(63.7562719802339,14.1668395813354,-29.8190597579444));
#3515=CARTESIAN_POINT('Ctrl Pts',(63.7615173393287,14.6312253108762,-29.9575872956519));
#3516=CARTESIAN_POINT('Ctrl Pts',(63.7656872088814,14.8531074308649,-30.062443553527));
#3517=CARTESIAN_POINT('Ctrl Pts',(63.7775037691651,15.2692789498677,-30.3232232136825));
#3518=CARTESIAN_POINT('Ctrl Pts',(63.786796063876,15.4918503224006,-30.5109038991303));
#3519=CARTESIAN_POINT('Ctrl Pts',(63.8067292823042,15.7907685162108,-30.8443609196742));
#3520=CARTESIAN_POINT('Ctrl Pts',(63.8148709167395,15.8882775548147,-30.9706862819998));
#3521=CARTESIAN_POINT('Ctrl Pts',(63.8239253013923,15.9752637019684,-31.0996408526941));
#3522=CARTESIAN_POINT('',(63.8239253013923,11.4247362980316,-31.0996408526941));
#3523=CARTESIAN_POINT('Ctrl Pts',(63.8239253013923,11.4247362980316,-31.0996408526941));
#3524=CARTESIAN_POINT('Ctrl Pts',(63.8148709167395,11.5117224451853,-30.9706862819998));
#3525=CARTESIAN_POINT('Ctrl Pts',(63.8067292823042,11.6092314837892,-30.8443609196743));
#3526=CARTESIAN_POINT('Ctrl Pts',(63.786796063876,11.9081496775994,-30.5109038991303));
#3527=CARTESIAN_POINT('Ctrl Pts',(63.7775037691651,12.1307210501323,-30.3232232136825));
#3528=CARTESIAN_POINT('Ctrl Pts',(63.7656872088814,12.5468925691351,-30.062443553527));
#3529=CARTESIAN_POINT('Ctrl Pts',(63.7615173393286,12.7687746891238,-29.9575872956519));
#3530=CARTESIAN_POINT('Ctrl Pts',(63.7562719802339,13.2331604186646,-29.8190597579444));
#3531=CARTESIAN_POINT('Ctrl Pts',(63.7551368761034,13.4757292402161,-29.7856094477539));
#3532=CARTESIAN_POINT('Ctrl Pts',(63.7551368761034,13.7,-29.7856094477539));
#3533=CARTESIAN_POINT('',(61.5647941354625,11.4990823768341,-34.393218995339));
#3534=CARTESIAN_POINT('Origin',(62.7179254145756,13.7,-32.712073591405));
#3535=CARTESIAN_POINT('',(61.5647941354625,11.4990823768341,-34.393218995339));
#3536=CARTESIAN_POINT('Origin',(54.4419160516357,20.6048539636278,-39.4739423572921));
#3537=CARTESIAN_POINT('',(56.9158651994773,20.6048539636278,-41.1708735915777));
#3538=CARTESIAN_POINT('',(56.9158651994773,20.6048539636278,-41.1708735915777));
#3539=CARTESIAN_POINT('',(54.4419160516357,20.6048539636278,-39.4739423572921));
#3540=CARTESIAN_POINT('',(54.4419160516357,20.6048539636278,-39.4739423572921));
#3541=CARTESIAN_POINT('',(51.530316983238,15.4574460847985,-43.718750802433));
#3542=CARTESIAN_POINT('',(54.4419160516357,20.6048539636278,-39.4739423572921));
#3543=CARTESIAN_POINT('',(51.530316983238,15.4574460847985,-43.718750802433));
#3544=CARTESIAN_POINT('Origin',(56.4300928208807,6.79514603637221,-36.575387528049));
#3545=CARTESIAN_POINT('',(58.9040419687222,6.79514603637221,-38.2723187623346));
#3546=CARTESIAN_POINT('',(61.81564103712,11.9425539152015,-34.0275103171937));
#3547=CARTESIAN_POINT('',(56.4300928208807,6.79514603637221,-36.575387528049));
#3548=CARTESIAN_POINT('',(56.4300928208807,6.79514603637221,-36.575387528049));
#3549=CARTESIAN_POINT('',(59.3416918892784,11.9425539152015,-32.3305790829081));
#3550=CARTESIAN_POINT('',(59.3416918892784,11.9425539152015,-32.3305790829081));
#3551=CARTESIAN_POINT('',(59.3416918892784,11.9425539152015,-32.3305790829081));
#3552=CARTESIAN_POINT('Origin',(57.9099535840997,14.2,-39.7215961769561));
#3553=CARTESIAN_POINT('Origin',(57.9099535840997,13.7,-39.7215961769561));
#3554=CARTESIAN_POINT('Origin',(57.9099535840997,13.7,-39.7215961769561));
#3555=CARTESIAN_POINT('Origin',(49.4254300397081,0.,-11.6946972392785));
#3556=CARTESIAN_POINT('',(51.1505022620943,3.,-8.64935229534333));
#3557=CARTESIAN_POINT('',(46.539156033893,3.,-9.71494413261201));
#3558=CARTESIAN_POINT('Origin',(49.4254300397081,3.,-11.6946972392785));
#3559=CARTESIAN_POINT('',(46.539156033893,0.,-9.71494413261201));
#3560=CARTESIAN_POINT('',(46.539156033893,0.,-9.71494413261201));
#3561=CARTESIAN_POINT('',(51.1505022620943,0.,-8.64935229534333));
#3562=CARTESIAN_POINT('Origin',(49.4254300397081,0.,-11.6946972392785));
#3563=CARTESIAN_POINT('',(51.1505022620943,0.,-8.64935229534333));
#3564=CARTESIAN_POINT('Origin',(46.8946279239908,0.,-50.4771030362));
#3565=CARTESIAN_POINT('',(44.7218100811588,0.,-12.3644454089515));
#3566=CARTESIAN_POINT('',(44.7218100811588,0.,-12.3644454089516));
#3567=CARTESIAN_POINT('',(35.114640890374,-1.13453447771914E-14,-5.77469578247587));
#3568=CARTESIAN_POINT('',(63.9773809485256,0.,-25.572226849141));
#3569=CARTESIAN_POINT('',(18.0318878658392,-1.13453447771914E-14,-30.6795719695349));
#3570=CARTESIAN_POINT('',(37.037673656201,-1.13453447771914E-14,-2.97111413098239));
#3571=CARTESIAN_POINT('',(27.6390570566239,0.,-37.2693215960105));
#3572=CARTESIAN_POINT('',(46.8946279239908,0.,-50.4771030362));
#3573=CARTESIAN_POINT('',(25.828997073386,0.,-39.9082006870415));
#3574=CARTESIAN_POINT('',(27.639057056624,0.,-37.2693215960105));
#3575=CARTESIAN_POINT('',(26.7355179725346,0.,-44.7742277995232));
#3576=CARTESIAN_POINT('Origin',(28.7152710792011,0.,-41.8879537937081));
#3577=CARTESIAN_POINT('',(31.3468642007359,0.,-43.7086359622546));
#3578=CARTESIAN_POINT('Origin',(28.4605901949208,0.,-41.728882855588));
#3579=CARTESIAN_POINT('',(33.1642101534701,0.,-41.059134685915));
#3580=CARTESIAN_POINT('',(29.3743970635656,0.,-46.5842877827612));
#3581=CARTESIAN_POINT('',(46.8946279239908,0.,-50.4771030362));
#3582=CARTESIAN_POINT('',(46.8946279239908,0.,-50.4771030362));
#3583=CARTESIAN_POINT('',(63.9773809485256,0.,-25.572226849141));
#3584=CARTESIAN_POINT('',(65.9004137143526,0.,-22.7686451976476));
#3585=CARTESIAN_POINT('',(50.246963178005,0.,-16.154258498856));
#3586=CARTESIAN_POINT('',(63.9773809485256,0.,-25.572226849141));
#3587=CARTESIAN_POINT('',(52.0570231612429,0.,-13.515379407825));
#3588=CARTESIAN_POINT('',(54.0367762679094,0.,-10.6291054020098));
#3589=CARTESIAN_POINT('Origin',(49.1707491554278,0.,-11.5356263011585));
#3590=CARTESIAN_POINT('',(25.4172211181465,3.70499340029343E-32,-31.1575390028947));
#3591=CARTESIAN_POINT('Origin',(23.7672211181465,0.,-31.1575390028947));
#3592=CARTESIAN_POINT('',(59.8920476962183,3.70499340029342E-32,-25.0942598157812));
#3593=CARTESIAN_POINT('Origin',(58.2420476962183,0.,-25.0942598157812));
#3594=CARTESIAN_POINT('',(46.0334640168262,3.70499340029342E-32,-45.2986326219412));
#3595=CARTESIAN_POINT('Origin',(44.3834640168262,0.,-45.2986326219412));
#3596=CARTESIAN_POINT('',(39.2758047975387,3.70499340029342E-32,-10.9531661967347));
#3597=CARTESIAN_POINT('Origin',(37.6258047975387,0.,-10.9531661967347));
#3598=CARTESIAN_POINT('Origin',(49.1707491554278,0.,-11.5356263011585));
#3599=CARTESIAN_POINT('',(52.0570231612429,3.,-13.515379407825));
#3600=CARTESIAN_POINT('Origin',(49.1707491554278,3.,-11.5356263011585));
#3601=CARTESIAN_POINT('',(52.0570231612429,0.,-13.515379407825));
#3602=CARTESIAN_POINT('Origin',(54.0367762679094,0.,-10.6291054020098));
#3603=CARTESIAN_POINT('',(50.246963178005,3.,-16.154258498856));
#3604=CARTESIAN_POINT('',(50.2469631780049,-3.2577347145935E-15,-16.1542584988561));
#3605=CARTESIAN_POINT('',(54.0367762679094,3.,-10.6291054020098));
#3606=CARTESIAN_POINT('Origin',(28.4605901949208,0.,-41.728882855588));
#3607=CARTESIAN_POINT('',(26.7355179725346,3.,-44.7742277995232));
#3608=CARTESIAN_POINT('',(31.3468642007359,3.,-43.7086359622546));
#3609=CARTESIAN_POINT('Origin',(28.4605901949208,3.,-41.728882855588));
#3610=CARTESIAN_POINT('',(31.3468642007359,0.,-43.7086359622546));
#3611=CARTESIAN_POINT('',(26.7355179725346,0.,-44.7742277995232));
#3612=CARTESIAN_POINT('Origin',(28.7152710792011,0.,-41.8879537937081));
#3613=CARTESIAN_POINT('',(25.828997073386,3.,-39.9082006870415));
#3614=CARTESIAN_POINT('Origin',(28.7152710792011,3.,-41.8879537937081));
#3615=CARTESIAN_POINT('',(25.828997073386,0.,-39.9082006870415));
#3616=CARTESIAN_POINT('Origin',(49.3792931745341,0.,-11.4967754054807));
#3617=CARTESIAN_POINT('',(51.0292931745341,3.,-11.4967754054807));
#3618=CARTESIAN_POINT('Origin',(49.3792931745341,3.,-11.4967754054807));
#3619=CARTESIAN_POINT('',(51.0292931745341,0.,-11.4967754054807));
#3620=CARTESIAN_POINT('Origin',(44.7218100811588,0.,-12.3644454089515));
#3621=CARTESIAN_POINT('',(44.7218100811588,3.,-12.3644454089515));
#3622=CARTESIAN_POINT('',(44.7218100811588,3.,-12.3644454089516));
#3623=CARTESIAN_POINT('',(44.7218100811587,-4.10265251802899E-29,-12.3644454089516));
#3624=CARTESIAN_POINT('Origin',(49.3792931745341,3.,-11.4967754054807));
#3625=CARTESIAN_POINT('',(55.7308837890537,3.,-19.9157894015224));
#3626=CARTESIAN_POINT('Origin',(28.5067270600948,0.,-41.9268046893859));
#3627=CARTESIAN_POINT('',(30.1567270600948,3.,-41.9268046893859));
#3628=CARTESIAN_POINT('Origin',(28.5067270600948,3.,-41.9268046893859));
#3629=CARTESIAN_POINT('',(30.1567270600948,0.,-41.9268046893859));
#3630=CARTESIAN_POINT('Origin',(33.1642101534701,0.,-41.059134685915));
#3631=CARTESIAN_POINT('',(33.1642101534701,3.,-41.059134685915));
#3632=CARTESIAN_POINT('',(29.3743970635656,3.,-46.5842877827612));
#3633=CARTESIAN_POINT('',(33.1642101534701,6.85,-41.0591346859151));
#3634=CARTESIAN_POINT('Origin',(23.8492439667195,0.,-42.7944746928567));
#3635=CARTESIAN_POINT('',(27.6390570566239,3.,-37.2693215960105));
#3636=CARTESIAN_POINT('',(27.6390570566239,6.85,-37.2693215960106));
#3637=CARTESIAN_POINT('',(27.639057056624,3.,-37.2693215960105));
#3638=CARTESIAN_POINT('Origin',(28.5067270600948,3.,-41.9268046893859));
#3639=CARTESIAN_POINT('',(38.6481307645189,3.,-44.8206655885814));
#3640=CARTESIAN_POINT('Origin',(23.7672211181465,13.7,-31.1575390028947));
#3641=CARTESIAN_POINT('',(25.4172211181465,3.,-31.1575390028947));
#3642=CARTESIAN_POINT('Origin',(23.7672211181465,3.,-31.1575390028947));
#3643=CARTESIAN_POINT('',(25.4172211181465,13.7,-31.1575390028947));
#3644=CARTESIAN_POINT('Origin',(58.2420476962183,13.7,-25.0942598157812));
#3645=CARTESIAN_POINT('',(59.8920476962183,3.,-25.0942598157812));
#3646=CARTESIAN_POINT('Origin',(58.2420476962183,3.,-25.0942598157812));
#3647=CARTESIAN_POINT('',(59.8920476962183,13.7,-25.0942598157812));
#3648=CARTESIAN_POINT('Origin',(44.3834640168262,13.7,-45.2986326219412));
#3649=CARTESIAN_POINT('',(46.0334640168262,3.,-45.2986326219412));
#3650=CARTESIAN_POINT('Origin',(44.3834640168262,3.,-45.2986326219412));
#3651=CARTESIAN_POINT('',(46.0334640168262,13.7,-45.2986326219412));
#3652=CARTESIAN_POINT('Origin',(37.6258047975387,13.7,-10.9531661967347));
#3653=CARTESIAN_POINT('',(39.2758047975387,3.,-10.9531661967347));
#3654=CARTESIAN_POINT('Origin',(37.6258047975387,3.,-10.9531661967347));
#3655=CARTESIAN_POINT('',(39.2758047975387,13.7,-10.9531661967347));
#3656=CARTESIAN_POINT('Origin',(23.7672211181465,13.7,-31.1575390028947));
#3657=CARTESIAN_POINT('Origin',(23.7672211181465,3.,-31.1575390028947));
#3658=CARTESIAN_POINT('',(22.1551364455752,13.7,-33.5077906933442));
#3659=CARTESIAN_POINT('',(22.3624089197377,13.7,-28.6778207351872));
#3660=CARTESIAN_POINT('Origin',(23.7672211181465,13.7,-31.1575390028947));
#3661=CARTESIAN_POINT('Ctrl Pts',(26.6172211181465,10.9019844580726,-31.1575390028724));
#3662=CARTESIAN_POINT('Ctrl Pts',(26.6172211181464,10.8822108267922,-31.1512323452507));
#3663=CARTESIAN_POINT('Ctrl Pts',(26.6172001750484,10.8624754282983,-31.1448520360099));
#3664=CARTESIAN_POINT('Ctrl Pts',(26.6161480701528,10.3842833701477,-30.9881563579392));
#3665=CARTESIAN_POINT('Ctrl Pts',(26.6042031118921,9.94875366890898,-30.7985181958853));
#3666=CARTESIAN_POINT('Ctrl Pts',(26.5075178215071,9.15472399769185,-30.3401405245888));
#3667=CARTESIAN_POINT('Ctrl Pts',(26.4276457010893,8.79449645763161,-30.0733834656743));
#3668=CARTESIAN_POINT('Ctrl Pts',(26.1635010116711,8.35272290107174,-29.6046466129901));
#3669=CARTESIAN_POINT('Ctrl Pts',(26.0452875788521,8.21831469651022,-29.4304036190399));
#3670=CARTESIAN_POINT('Ctrl Pts',(25.7477819784869,8.03540525513393,-29.0959947565255));
#3671=CARTESIAN_POINT('Ctrl Pts',(25.5675726222258,7.98731095253805,-28.9364233001613));
#3672=CARTESIAN_POINT('Ctrl Pts',(25.1910389592098,7.98731095253805,-28.6781513247291));
#3673=CARTESIAN_POINT('Ctrl Pts',(24.9772798458397,8.03540525513393,-28.5674919228625));
#3674=CARTESIAN_POINT('Ctrl Pts',(24.5581744252982,8.21831469651023,-28.4103629438368));
#3675=CARTESIAN_POINT('Ctrl Pts',(24.3530523802879,8.35272290107175,-28.3628236622863));
#3676=CARTESIAN_POINT('Ctrl Pts',(23.8206433151189,8.79449645763162,-28.2851883524199));
#3677=CARTESIAN_POINT('Ctrl Pts',(23.5430199156501,9.15472399769186,-28.3067320793053));
#3678=CARTESIAN_POINT('Ctrl Pts',(23.0805762719971,9.94875366890899,-28.3815920243018));
#3679=CARTESIAN_POINT('Ctrl Pts',(22.8993585025842,10.3842833701477,-28.4387360054729));
#3680=CARTESIAN_POINT('Ctrl Pts',(22.4777800657956,11.7597724604147,-28.5982162774356));
#3681=CARTESIAN_POINT('Ctrl Pts',(22.3624089197377,12.7642613790095,-28.6778207351872));
#3682=CARTESIAN_POINT('Ctrl Pts',(22.3624089197377,13.7,-28.6778207351872));
#3683=CARTESIAN_POINT('Origin',(41.0046344071824,3.,-28.1258994093379));
#3684=CARTESIAN_POINT('Origin',(58.2420476962183,13.7,-25.0942598157812));
#3685=CARTESIAN_POINT('Origin',(58.2420476962183,3.,-25.0942598157812));
#3686=CARTESIAN_POINT('',(59.8541323687896,13.7,-22.7440081253317));
#3687=CARTESIAN_POINT('Origin',(58.2420476962183,13.7,-25.0942598157812));
#3688=CARTESIAN_POINT('Origin',(41.0046344071824,3.,-28.1258994093379));
#3689=CARTESIAN_POINT('Origin',(44.3834640168262,13.7,-45.2986326219412));
#3690=CARTESIAN_POINT('Origin',(44.3834640168262,3.,-45.2986326219412));
#3691=CARTESIAN_POINT('',(42.7713793442548,13.7,-47.6488843123907));
#3692=CARTESIAN_POINT('',(42.9786518184174,13.7,-42.8189143542338));
#3693=CARTESIAN_POINT('Origin',(44.3834640168262,13.7,-45.2986326219412));
#3694=CARTESIAN_POINT('Ctrl Pts',(47.2334640168262,10.9019844580726,-45.2986326219189));
#3695=CARTESIAN_POINT('Ctrl Pts',(47.2334640168261,10.8822108267922,-45.2923259642973));
#3696=CARTESIAN_POINT('Ctrl Pts',(47.233443073728,10.8624754282983,-45.2859456550565));
#3697=CARTESIAN_POINT('Ctrl Pts',(47.2323909688325,10.3842833701477,-45.1292499769858));
#3698=CARTESIAN_POINT('Ctrl Pts',(47.2204460105718,9.94875366890899,-44.9396118149318));
#3699=CARTESIAN_POINT('Ctrl Pts',(47.1237607201868,9.15472399769187,-44.4812341436354));
#3700=CARTESIAN_POINT('Ctrl Pts',(47.043888599769,8.79449645763164,-44.2144770847209));
#3701=CARTESIAN_POINT('Ctrl Pts',(46.7797439103508,8.35272290107177,-43.7457402320366));
#3702=CARTESIAN_POINT('Ctrl Pts',(46.6615304775318,8.21831469651026,-43.5714972380865));
#3703=CARTESIAN_POINT('Ctrl Pts',(46.3640248771665,8.03540525513396,-43.2370883755721));
#3704=CARTESIAN_POINT('Ctrl Pts',(46.1838155209055,7.98731095253805,-43.0775169192078));
#3705=CARTESIAN_POINT('Ctrl Pts',(45.8072818578895,7.98731095253805,-42.8192449437756));
#3706=CARTESIAN_POINT('Ctrl Pts',(45.5935227445194,8.03540525513395,-42.708585541909));
#3707=CARTESIAN_POINT('Ctrl Pts',(45.1744173239779,8.21831469651024,-42.5514565628834));
#3708=CARTESIAN_POINT('Ctrl Pts',(44.9692952789676,8.35272290107176,-42.5039172813328));
#3709=CARTESIAN_POINT('Ctrl Pts',(44.4368862137986,8.79449645763163,-42.4262819714664));
#3710=CARTESIAN_POINT('Ctrl Pts',(44.1592628143298,9.15472399769187,-42.4478256983519));
#3711=CARTESIAN_POINT('Ctrl Pts',(43.6968191706768,9.948753668909,-42.5226856433483));
#3712=CARTESIAN_POINT('Ctrl Pts',(43.5156014012639,10.3842833701477,-42.5798296245194));
#3713=CARTESIAN_POINT('Ctrl Pts',(43.0940229644753,11.7597724604147,-42.7393098964822));
#3714=CARTESIAN_POINT('Ctrl Pts',(42.9786518184174,12.7642613790095,-42.8189143542338));
#3715=CARTESIAN_POINT('Ctrl Pts',(42.9786518184174,13.7,-42.8189143542338));
#3716=CARTESIAN_POINT('Origin',(41.0046344071824,3.,-28.1258994093379));
#3717=CARTESIAN_POINT('Origin',(37.6258047975387,13.7,-10.9531661967347));
#3718=CARTESIAN_POINT('Origin',(37.6258047975387,3.,-10.9531661967347));
#3719=CARTESIAN_POINT('',(39.23788947011,13.7,-8.60291450628522));
#3720=CARTESIAN_POINT('Origin',(37.6258047975387,13.7,-10.9531661967347));
#3721=CARTESIAN_POINT('Origin',(41.0046344071824,3.,-28.1258994093379));
#3722=CARTESIAN_POINT('Origin',(49.2139232438777,13.7,-47.0958118180896));
#3723=CARTESIAN_POINT('',(18.0318878658392,13.7,-30.6795719695349));
#3724=CARTESIAN_POINT('',(46.8946279239908,13.7,-50.4771030362001));
#3725=CARTESIAN_POINT('',(20.3511831857261,13.7,-27.2982807514245));
#3726=CARTESIAN_POINT('',(35.114640890374,13.7,-5.77469578247588));
#3727=CARTESIAN_POINT('',(49.2139232438777,13.7,-47.0958118180896));
#3728=CARTESIAN_POINT('Origin',(49.2139232438777,13.7,-47.0958118180896));
#3729=CARTESIAN_POINT('',(49.2139232438777,13.7,-47.0958118180896));
#3730=CARTESIAN_POINT('',(49.2139232438777,13.7,-47.0958118180896));
#3731=CARTESIAN_POINT('',(47.6866851330207,13.7,-49.322366051147));
#3732=CARTESIAN_POINT('',(52.3249638400679,13.7,-42.5602383803801));
#3733=CARTESIAN_POINT('',(46.8946279239908,13.7,-50.4771030362001));
#3734=CARTESIAN_POINT('',(63.9773809485256,13.7,-25.5722268491411));
#3735=CARTESIAN_POINT('',(46.8946279239908,13.7,-50.4771030362001));
#3736=CARTESIAN_POINT('Origin',(55.4360044362582,13.7,-38.0246649426706));
#3737=CARTESIAN_POINT('',(32.7953455704871,13.7,-9.15598700058632));
#3738=CARTESIAN_POINT('Origin',(26.5732643781066,13.7,-18.2271338760054));
#3739=CARTESIAN_POINT('',(61.6580856286387,13.7,-28.9535180672515));
#3740=CARTESIAN_POINT('',(61.6580856286387,13.7,-28.9535180672515));
#3741=CARTESIAN_POINT('',(61.6580856286387,13.7,-28.9535180672515));
#3742=CARTESIAN_POINT('',(61.6580856286387,13.7,-28.9535180672515));
#3743=CARTESIAN_POINT('Origin',(55.4360044362582,13.7,-38.0246649426706));
#3744=CARTESIAN_POINT('',(49.2139232438777,13.7,-47.0958118180896));
#3745=CARTESIAN_POINT('Origin',(63.9773809485256,13.7,-25.5722268491411));
#3746=CARTESIAN_POINT('',(63.9773809485256,13.7,-25.5722268491411));
#3747=CARTESIAN_POINT('',(63.9773809485256,13.7,-25.5722268491411));
#3748=CARTESIAN_POINT('',(63.1853237394957,13.7,-26.7269638341941));
#3749=CARTESIAN_POINT('',(63.9773809485256,13.7,-25.5722268491411));
#3750=CARTESIAN_POINT('',(59.7066926923919,13.7,-31.7984458959058));
#3751=CARTESIAN_POINT('Origin',(63.9773809485256,13.7,-25.5722268491411));
#3752=CARTESIAN_POINT('',(35.114640890374,13.7,-5.77469578247588));
#3753=CARTESIAN_POINT('',(35.114640890374,13.7,-5.77469578247588));
#3754=CARTESIAN_POINT('',(63.9773809485256,13.7,-25.5722268491411));
#3755=CARTESIAN_POINT('Origin',(56.672979010179,13.7,-38.8731305598133));
#3756=CARTESIAN_POINT('Origin',(57.9099535840997,13.7,-39.7215961769561));
#3757=CARTESIAN_POINT('',(63.5738326962737,13.7,-28.8124040252577));
#3758=CARTESIAN_POINT('',(58.3423346195115,1.00000000000001,-33.7875379837618));
#3759=CARTESIAN_POINT('Origin',(55.4360044362582,13.7,-38.0246649426706));
#3760=CARTESIAN_POINT('',(52.5296742530049,1.00000000000001,-42.2617919015793));
#3761=CARTESIAN_POINT('Ctrl Pts',(58.3423346195115,1.00000000000001,-33.7875379837618));
#3762=CARTESIAN_POINT('Ctrl Pts',(57.0251104582294,1.00000000000001,-39.1146645676131));
#3763=CARTESIAN_POINT('Ctrl Pts',(52.5296742530049,1.00000000000001,-42.2617919015793));
#3764=CARTESIAN_POINT('Origin',(55.4360044362582,13.7,-38.0246649426706));
#3765=CARTESIAN_POINT('Origin',(55.4360044362582,13.7,-38.0246649426706));
#3766=CARTESIAN_POINT('Origin',(58.3423346195115,1.00000000000001,-33.7875379837618));
#3767=CARTESIAN_POINT('',(63.9773809485256,1.,-25.572226849141));
#3768=CARTESIAN_POINT('Origin',(57.9099535840997,14.2,-39.7215961769561));
#3769=CARTESIAN_POINT('Origin',(57.9099535840997,13.7,-39.7215961769561));
#3770=CARTESIAN_POINT('Origin',(55.4360044362582,6.85,-38.0246649426706));
#3771=CARTESIAN_POINT('',(63.9773809485256,27.4,-25.5722268491411));
#3772=CARTESIAN_POINT('',(46.8946279239908,-1.11022302462516E-15,-50.4771030362));
#3773=CARTESIAN_POINT('Origin',(46.8946279239908,13.7,-50.4771030362));
#3774=CARTESIAN_POINT('',(18.0318878658392,-1.24555678018165E-14,-30.6795719695349));
#3775=CARTESIAN_POINT('',(46.8946279239908,13.7,-50.4771030362001));
#3776=CARTESIAN_POINT('Origin',(49.2139232438777,13.7,-47.0958118180896));
#3777=CARTESIAN_POINT('Origin',(63.9773809485256,13.7,-25.5722268491411));
#3778=CARTESIAN_POINT('',(63.9773809485256,13.7,-25.5722268491411));
#3779=CARTESIAN_POINT('Origin',(63.9773809485256,0.,-25.572226849141));
#3780=CARTESIAN_POINT('',(35.114640890374,27.4,-5.77469578247589));
#3781=CARTESIAN_POINT('Origin',(26.5732643781066,6.84999999999999,-18.2271338760054));
#3782=CARTESIAN_POINT('Origin',(55.4360044362582,14.2,-38.0246649426706));
#3783=CARTESIAN_POINT('Origin',(55.4360044362582,13.7,-38.0246649426706));
#3784=CARTESIAN_POINT('Origin',(55.4360044362582,13.7,-38.0246649426706));
#3785=CARTESIAN_POINT('',(50.9108544781633,13.7,-44.6218626702481));
#3786=CARTESIAN_POINT('Origin',(50.3452107334014,13.7,-45.4465123861953));
#3787=CARTESIAN_POINT('',(61.0924418838768,13.7,-29.7781677831987));
#3788=CARTESIAN_POINT('Origin',(60.5267981391149,13.7,-30.6028174991459));
#3789=CARTESIAN_POINT('Origin',(55.4360044362582,13.7,-38.0246649426706));
#3790=CARTESIAN_POINT('Origin',(55.4360044362582,13.7,-38.0246649426706));
#3791=CARTESIAN_POINT('Origin',(50.3452107334014,13.7,-45.4465123861953));
#3792=CARTESIAN_POINT('',(50.9108544781633,13.7,-44.6218626702481));
#3793=CARTESIAN_POINT('Origin',(60.5267981391149,13.7,-30.6028174991459));
#3794=CARTESIAN_POINT('',(61.0924418838768,13.7,-29.7781677831987));
#3795=CARTESIAN_POINT('',(0.,0.,0.));
#3796=UNCERTAINTY_MEASURE_WITH_UNIT(LENGTH_MEASURE(0.01),#3802,
'DISTANCE_ACCURACY_VALUE',
'Maximum model space distance between geometric entities at asserted c
onnectivities');
#3797=UNCERTAINTY_MEASURE_WITH_UNIT(LENGTH_MEASURE(0.01),#3802,
'DISTANCE_ACCURACY_VALUE',
'Maximum model space distance between geometric entities at asserted c
onnectivities');
#3798=UNCERTAINTY_MEASURE_WITH_UNIT(LENGTH_MEASURE(0.01),#3802,
'DISTANCE_ACCURACY_VALUE',
'Maximum model space distance between geometric entities at asserted c
onnectivities');
#3799=(
GEOMETRIC_REPRESENTATION_CONTEXT(3)
GLOBAL_UNCERTAINTY_ASSIGNED_CONTEXT((#3796))
GLOBAL_UNIT_ASSIGNED_CONTEXT((#3802,#3804,#3805))
REPRESENTATION_CONTEXT('','3D')
);
#3800=(
GEOMETRIC_REPRESENTATION_CONTEXT(3)
GLOBAL_UNCERTAINTY_ASSIGNED_CONTEXT((#3797))
GLOBAL_UNIT_ASSIGNED_CONTEXT((#3802,#3804,#3805))
REPRESENTATION_CONTEXT('','3D')
);
#3801=(
GEOMETRIC_REPRESENTATION_CONTEXT(3)
GLOBAL_UNCERTAINTY_ASSIGNED_CONTEXT((#3798))
GLOBAL_UNIT_ASSIGNED_CONTEXT((#3802,#3804,#3805))
REPRESENTATION_CONTEXT('','3D')
);
#3802=(
LENGTH_UNIT()
NAMED_UNIT(*)
SI_UNIT(.MILLI.,.METRE.)
);
#3803=(
LENGTH_UNIT()
NAMED_UNIT(*)
SI_UNIT($,.METRE.)
);
#3804=(
NAMED_UNIT(*)
PLANE_ANGLE_UNIT()
SI_UNIT($,.RADIAN.)
);
#3805=(
NAMED_UNIT(*)
SI_UNIT($,.STERADIAN.)
SOLID_ANGLE_UNIT()
);
#3806=SHAPE_DEFINITION_REPRESENTATION(#3808,#3811);
#3807=SHAPE_DEFINITION_REPRESENTATION(#3809,#3812);
#3808=PRODUCT_DEFINITION_SHAPE('',$,#3814);
#3809=PRODUCT_DEFINITION_SHAPE('',$,#3815);
#3810=PRODUCT_DEFINITION_SHAPE($,$,#14);
#3811=SHAPE_REPRESENTATION('',(#2210,#2412),#3799);
#3812=SHAPE_REPRESENTATION('',(#2211),#3800);
#3813=PRODUCT_DEFINITION_CONTEXT('part definition',#3821,'design');
#3814=PRODUCT_DEFINITION('Actual Motor Mount','Actual Motor Mount v4',#3816,
#3813);
#3815=PRODUCT_DEFINITION('Motor Clamp','Motor Clamp',#3817,#3813);
#3816=PRODUCT_DEFINITION_FORMATION('',$,#3823);
#3817=PRODUCT_DEFINITION_FORMATION('',$,#3824);
#3818=PRODUCT_RELATED_PRODUCT_CATEGORY('Actual Motor Mount v4',
'Actual Motor Mount v4',(#3823));
#3819=PRODUCT_RELATED_PRODUCT_CATEGORY('Motor Clamp','Motor Clamp',(#3824));
#3820=APPLICATION_PROTOCOL_DEFINITION('international standard',
'automotive_design',2009,#3821);
#3821=APPLICATION_CONTEXT(
'Core Data for Automotive Mechanical Design Process');
#3822=PRODUCT_CONTEXT('part definition',#3821,'mechanical');
#3823=PRODUCT('Actual Motor Mount','Actual Motor Mount v4',$,(#3822));
#3824=PRODUCT('Motor Clamp','Motor Clamp',$,(#3822));
#3825=PRESENTATION_STYLE_ASSIGNMENT((#3830));
#3826=PRESENTATION_STYLE_ASSIGNMENT((#3831));
#3827=PRESENTATION_STYLE_ASSIGNMENT((#3832));
#3828=PRESENTATION_STYLE_ASSIGNMENT((#3833));
#3829=PRESENTATION_STYLE_ASSIGNMENT((#3834));
#3830=SURFACE_STYLE_USAGE(.BOTH.,#3835);
#3831=SURFACE_STYLE_USAGE(.BOTH.,#3836);
#3832=SURFACE_STYLE_USAGE(.BOTH.,#3837);
#3833=SURFACE_STYLE_USAGE(.BOTH.,#3838);
#3834=SURFACE_STYLE_USAGE(.BOTH.,#3839);
#3835=SURFACE_SIDE_STYLE('',(#3840));
#3836=SURFACE_SIDE_STYLE('',(#3841));
#3837=SURFACE_SIDE_STYLE('',(#3842));
#3838=SURFACE_SIDE_STYLE('',(#3843));
#3839=SURFACE_SIDE_STYLE('',(#3844));
#3840=SURFACE_STYLE_FILL_AREA(#3845);
#3841=SURFACE_STYLE_FILL_AREA(#3846);
#3842=SURFACE_STYLE_FILL_AREA(#3847);
#3843=SURFACE_STYLE_FILL_AREA(#3848);
#3844=SURFACE_STYLE_FILL_AREA(#3849);
#3845=FILL_AREA_STYLE('Stainless Steel - Satin',(#3850));
#3846=FILL_AREA_STYLE('Coating - Black Oxide',(#3851));
#3847=FILL_AREA_STYLE('Plastic - Matte (Blue)',(#3852));
#3848=FILL_AREA_STYLE('Silver - Satin',(#3853));
#3849=FILL_AREA_STYLE('Plastic - Glossy (Black)',(#3854));
#3850=FILL_AREA_STYLE_COLOUR('Stainless Steel - Satin',#3855);
#3851=FILL_AREA_STYLE_COLOUR('Coating - Black Oxide',#3856);
#3852=FILL_AREA_STYLE_COLOUR('Plastic - Matte (Blue)',#3857);
#3853=FILL_AREA_STYLE_COLOUR('Silver - Satin',#3858);
#3854=FILL_AREA_STYLE_COLOUR('Plastic - Glossy (Black)',#3859);
#3855=COLOUR_RGB('Stainless Steel - Satin',0.796078431372549,0.796078431372549,
0.796078431372549);
#3856=COLOUR_RGB('Coating - Black Oxide',0.172549019607843,0.172549019607843,
0.172549019607843);
#3857=COLOUR_RGB('Plastic - Matte (Blue)',0.188235294117647,0.231372549019608,
0.588235294117647);
#3858=COLOUR_RGB('Silver - Satin',0.984313725490196,0.980392156862745,0.96078431372549);
#3859=COLOUR_RGB('Plastic - Glossy (Black)',0.0980392156862745,0.0980392156862745,
0.0980392156862745);
ENDSEC;
END-ISO-10303-21;
