ISO-10303-21;
HEADER;
/* Generated by software containing ST-Developer
 * from STEP Tools, Inc. (www.steptools.com) 
 */

FILE_DESCRIPTION(
/* description */ (''),
/* implementation_level */ '2;1');

FILE_NAME(
/* name */ 'Actual Motor Mount v3.step',
/* time_stamp */ '2025-04-03T21:52:31+08:00',
/* author */ (''),
/* organization */ (''),
/* preprocessor_version */ 'ST-DEVELOPER v20.1',
/* originating_system */ 'Autodesk Translation Framework v14.4.0.0',
/* authorisation */ '');

FILE_SCHEMA (('AUTOMOTIVE_DESIGN { 1 0 10303 214 3 1 1 }'));
ENDSEC;

DATA;
#10=MECHANICAL_DESIGN_GEOMETRIC_PRESENTATION_REPRESENTATION('',(#30,#31,
#32,#33,#34,#35,#36,#37,#38),#4034);
#11=ITEM_DEFINED_TRANSFORMATION($,$,#2341,#2565);
#12=(
REPRESENTATION_RELATIONSHIP($,$,#4045,#4044)
REPRESENTATION_RELATIONSHIP_WITH_TRANSFORMATION(#11)
SHAPE_REPRESENTATION_RELATIONSHIP()
);
#13=CONTEXT_DEPENDENT_SHAPE_REPRESENTATION(#12,#4043);
#14=NEXT_ASSEMBLY_USAGE_OCCURRENCE('Motor Clamp:1','Motor Clamp:1',
'Motor Clamp:1',#4047,#4048,'Motor Clamp:1');
#15=(
BOUNDED_CURVE()
B_SPLINE_CURVE(2,(#3463,#3464,#3465),.UNSPECIFIED.,.F.,.F.)
B_SPLINE_CURVE_WITH_KNOTS((3,3),(0.802751386940868,2.12490809249731),
 .UNSPECIFIED.)
CURVE()
GEOMETRIC_REPRESENTATION_ITEM()
RATIONAL_B_SPLINE_CURVE((1.18156851212641,1.27460540284502,1.18156851212641))
REPRESENTATION_ITEM('')
);
#16=CONICAL_SURFACE('',#2401,12.2,0.785398163397445);
#17=B_SPLINE_CURVE_WITH_KNOTS('',3,(#3377,#3378,#3379,#3380,#3381,#3382,
#3383,#3384,#3385,#3386,#3387,#3388,#3389,#3390,#3391,#3392,#3393,#3394),
 .UNSPECIFIED.,.F.,.F.,(4,2,2,2,2,2,2,2,4),(0.406636714066833,0.450697799035748,
0.530797016183779,0.59807824411894,0.6653594720541,0.73264069998926,0.79992192792442,
0.880021145072451,0.924082230041366),.UNSPECIFIED.);
#18=B_SPLINE_CURVE_WITH_KNOTS('',3,(#3413,#3414,#3415,#3416,#3417,#3418,
#3419,#3420,#3421,#3422),.UNSPECIFIED.,.F.,.F.,(4,2,2,2,4),(0.665359472054099,
0.732640699989259,0.799921927924419,0.88002114507245,0.924082230041381),
 .UNSPECIFIED.);
#19=B_SPLINE_CURVE_WITH_KNOTS('',3,(#3424,#3425,#3426,#3427,#3428,#3429,
#3430,#3431,#3432,#3433),.UNSPECIFIED.,.F.,.F.,(4,2,2,2,4),(0.406636714066816,
0.450697799035748,0.530797016183779,0.598078244118939,0.665359472054099),
 .UNSPECIFIED.);
#20=B_SPLINE_CURVE_WITH_KNOTS('',3,(#3491,#3492,#3493,#3494,#3495,#3496,
#3497,#3498,#3499,#3500,#3501,#3502,#3503,#3504,#3505,#3506,#3507,#3508,
#3509,#3510,#3511,#3512),.UNSPECIFIED.,.F.,.F.,(4,2,2,2,2,2,2,2,2,2,4),
(-1.39684532854929,-1.11612374225215,-0.975762949103583,-0.835402155955014,
-0.766912410114829,-0.698422664274644,-0.629932918434458,-0.561443172594273,
-0.421082379445705,-0.280721586297137,0.),.UNSPECIFIED.);
#21=B_SPLINE_CURVE_WITH_KNOTS('',3,(#3523,#3524,#3525,#3526),
 .UNSPECIFIED.,.F.,.F.,(4,4),(-1.39684532854933,-1.1221532411844),
 .UNSPECIFIED.);
#22=B_SPLINE_CURVE_WITH_KNOTS('',3,(#3539,#3540,#3541,#3542,#3543,#3544,
#3545,#3546,#3547,#3548,#3549,#3550,#3551,#3552,#3553,#3554,#3555,#3556,
#3557,#3558,#3559,#3560),.UNSPECIFIED.,.F.,.F.,(4,2,2,2,2,2,2,2,2,2,4),
(-1.39684532854929,-1.11612374225215,-0.975762949103586,-0.835402155955017,
-0.766912410114831,-0.698422664274646,-0.629932918434462,-0.561443172594276,
-0.421082379445707,-0.280721586297138,0.),.UNSPECIFIED.);
#23=B_SPLINE_CURVE_WITH_KNOTS('',3,(#3571,#3572,#3573,#3574),
 .UNSPECIFIED.,.F.,.F.,(4,4),(-1.39684532854933,-1.1221532411844),
 .UNSPECIFIED.);
#24=B_SPLINE_CURVE_WITH_KNOTS('',3,(#3609,#3610,#3611,#3612,#3613,#3614,
#3615,#3616,#3617,#3618,#3619,#3620,#3621,#3622,#3623,#3624,#3625,#3626,
#3627,#3628,#3629,#3630),.UNSPECIFIED.,.F.,.F.,(4,2,2,2,2,2,2,2,2,2,4),
(-1.1221532411844,-1.11612374225218,-0.975762949103611,-0.835402155955038,
-0.766912410114851,-0.698422664274664,-0.629932918434477,-0.561443172594289,
-0.421082379445717,-0.280721586297144,0.),.UNSPECIFIED.);
#25=B_SPLINE_CURVE_WITH_KNOTS('',3,(#3642,#3643,#3644,#3645,#3646,#3647,
#3648,#3649,#3650,#3651,#3652,#3653,#3654,#3655,#3656,#3657,#3658,#3659,
#3660,#3661,#3662,#3663),.UNSPECIFIED.,.F.,.F.,(4,2,2,2,2,2,2,2,2,2,4),
(-1.1221532411844,-1.11612374225218,-0.975762949103611,-0.835402155955039,
-0.766912410114852,-0.698422664274664,-0.629932918434477,-0.56144317259429,
-0.421082379445717,-0.280721586297145,0.),.UNSPECIFIED.);
#26=SHAPE_REPRESENTATION_RELATIONSHIP('SRR','None',#4045,#28);
#27=SHAPE_REPRESENTATION_RELATIONSHIP('SRR','None',#4044,#29);
#28=ADVANCED_BREP_SHAPE_REPRESENTATION('',(#39),#4033);
#29=ADVANCED_BREP_SHAPE_REPRESENTATION('',(#40,#41,#42,#43,#44,#45,#46,
#47),#4032);
#30=STYLED_ITEM('',(#4062),#39);
#31=STYLED_ITEM('',(#4062),#40);
#32=STYLED_ITEM('',(#4062),#41);
#33=STYLED_ITEM('',(#4062),#42);
#34=STYLED_ITEM('',(#4062),#43);
#35=STYLED_ITEM('',(#4062),#44);
#36=STYLED_ITEM('',(#4062),#45);
#37=STYLED_ITEM('',(#4062),#46);
#38=STYLED_ITEM('',(#4062),#47);
#39=MANIFOLD_SOLID_BREP('Body1',#2319);
#40=MANIFOLD_SOLID_BREP('Body1',#2320);
#41=MANIFOLD_SOLID_BREP('Body71',#2321);
#42=MANIFOLD_SOLID_BREP('Body72',#2322);
#43=MANIFOLD_SOLID_BREP('Body73',#2323);
#44=MANIFOLD_SOLID_BREP('Body59',#2324);
#45=MANIFOLD_SOLID_BREP('Body54',#2325);
#46=MANIFOLD_SOLID_BREP('Body55',#2326);
#47=MANIFOLD_SOLID_BREP('Body60',#2327);
#48=FACE_BOUND('',#338,.T.);
#49=FACE_BOUND('',#339,.T.);
#50=FACE_BOUND('',#348,.T.);
#51=FACE_BOUND('',#355,.T.);
#52=FACE_BOUND('',#357,.T.);
#53=FACE_BOUND('',#360,.T.);
#54=FACE_BOUND('',#373,.T.);
#55=FACE_BOUND('',#374,.T.);
#56=FACE_BOUND('',#375,.T.);
#57=FACE_BOUND('',#386,.T.);
#58=FACE_BOUND('',#389,.T.);
#59=FACE_BOUND('',#392,.T.);
#60=FACE_BOUND('',#395,.T.);
#61=FACE_BOUND('',#406,.T.);
#62=FACE_BOUND('',#407,.T.);
#63=FACE_BOUND('',#408,.T.);
#64=FACE_BOUND('',#409,.T.);
#65=FACE_BOUND('',#432,.T.);
#66=FACE_BOUND('',#439,.T.);
#67=FACE_BOUND('',#461,.T.);
#68=FACE_BOUND('',#467,.T.);
#69=CIRCLE('',#2345,11.);
#70=CIRCLE('',#2346,11.);
#71=CIRCLE('',#2349,13.7);
#72=CIRCLE('',#2350,13.7);
#73=CIRCLE('',#2354,3.50000000000001);
#74=CIRCLE('',#2355,3.5);
#75=CIRCLE('',#2356,3.5);
#76=CIRCLE('',#2357,3.50000000000001);
#77=CIRCLE('',#2358,1.65);
#78=CIRCLE('',#2359,1.65);
#79=CIRCLE('',#2363,13.7);
#80=CIRCLE('',#2364,13.7);
#81=CIRCLE('',#2367,3.5);
#82=CIRCLE('',#2369,1.65);
#83=CIRCLE('',#2371,3.50000000000001);
#84=CIRCLE('',#2374,3.50000000000001);
#85=CIRCLE('',#2377,1.65);
#86=CIRCLE('',#2380,3.5);
#87=CIRCLE('',#2383,7.125);
#88=CIRCLE('',#2384,3.);
#89=CIRCLE('',#2385,1.);
#90=CIRCLE('',#2387,3.);
#91=CIRCLE('',#2388,3.);
#92=CIRCLE('',#2390,7.125);
#93=CIRCLE('',#2391,3.);
#94=CIRCLE('',#2392,1.);
#95=CIRCLE('',#2394,3.);
#96=CIRCLE('',#2395,3.);
#97=CIRCLE('',#2399,10.7);
#98=CIRCLE('',#2400,7.125);
#99=CIRCLE('',#2402,10.7);
#100=CIRCLE('',#2403,13.7);
#101=CIRCLE('',#2404,13.7);
#102=CIRCLE('',#2407,7.125);
#103=CIRCLE('',#2409,7.125);
#104=CIRCLE('',#2411,7.125);
#105=CIRCLE('',#2413,1.);
#106=CIRCLE('',#2415,1.);
#107=CIRCLE('',#2418,2.85);
#108=CIRCLE('',#2419,2.85);
#109=CIRCLE('',#2420,2.85);
#110=CIRCLE('',#2422,2.85);
#111=CIRCLE('',#2423,2.85);
#112=CIRCLE('',#2425,2.85);
#113=CIRCLE('',#2426,2.85);
#114=CIRCLE('',#2427,2.85);
#115=CIRCLE('',#2429,2.85);
#116=CIRCLE('',#2430,2.85);
#117=CIRCLE('',#2432,1.65);
#118=CIRCLE('',#2433,1.65);
#119=CIRCLE('',#2435,1.65);
#120=CIRCLE('',#2436,1.65);
#121=CIRCLE('',#2438,1.65);
#122=CIRCLE('',#2439,1.65);
#123=CIRCLE('',#2441,1.65);
#124=CIRCLE('',#2442,1.65);
#125=CIRCLE('',#2444,2.85);
#126=CIRCLE('',#2445,2.85);
#127=CIRCLE('',#2448,2.85);
#128=CIRCLE('',#2449,2.85);
#129=CIRCLE('',#2452,2.85);
#130=CIRCLE('',#2453,2.85);
#131=CIRCLE('',#2456,2.85);
#132=CIRCLE('',#2457,2.85);
#133=CIRCLE('',#2462,11.);
#134=CIRCLE('',#2463,11.);
#135=CIRCLE('',#2477,1.65);
#136=CIRCLE('',#2478,1.65);
#137=CIRCLE('',#2483,1.65);
#138=CIRCLE('',#2487,1.65);
#139=CIRCLE('',#2495,1.65);
#140=CIRCLE('',#2497,3.5);
#141=CIRCLE('',#2498,3.5);
#142=CIRCLE('',#2500,3.5);
#143=CIRCLE('',#2502,3.5);
#144=CIRCLE('',#2504,1.65);
#145=CIRCLE('',#2514,1.65);
#146=CIRCLE('',#2519,1.65);
#147=CIRCLE('',#2520,1.65);
#148=CIRCLE('',#2525,1.65);
#149=CIRCLE('',#2531,1.65);
#150=CIRCLE('',#2533,3.5);
#151=CIRCLE('',#2534,3.5);
#152=CIRCLE('',#2537,3.5);
#153=CIRCLE('',#2538,1.65);
#154=CIRCLE('',#2540,3.5);
#155=CIRCLE('',#2546,1.65);
#156=CIRCLE('',#2547,1.65);
#157=CIRCLE('',#2551,1.65);
#158=CIRCLE('',#2552,1.65);
#159=CIRCLE('',#2556,1.65);
#160=CIRCLE('',#2557,1.65);
#161=CIRCLE('',#2561,1.65);
#162=CIRCLE('',#2562,1.65);
#163=CYLINDRICAL_SURFACE('',#2344,11.);
#164=CYLINDRICAL_SURFACE('',#2348,13.7);
#165=CYLINDRICAL_SURFACE('',#2362,13.7);
#166=CYLINDRICAL_SURFACE('',#2366,3.5);
#167=CYLINDRICAL_SURFACE('',#2368,1.65);
#168=CYLINDRICAL_SURFACE('',#2370,3.50000000000001);
#169=CYLINDRICAL_SURFACE('',#2373,3.50000000000001);
#170=CYLINDRICAL_SURFACE('',#2376,1.65);
#171=CYLINDRICAL_SURFACE('',#2379,3.5);
#172=CYLINDRICAL_SURFACE('',#2386,3.);
#173=CYLINDRICAL_SURFACE('',#2393,3.);
#174=CYLINDRICAL_SURFACE('',#2408,7.125);
#175=CYLINDRICAL_SURFACE('',#2410,7.125);
#176=CYLINDRICAL_SURFACE('',#2412,1.);
#177=CYLINDRICAL_SURFACE('',#2414,1.);
#178=CYLINDRICAL_SURFACE('',#2417,2.85);
#179=CYLINDRICAL_SURFACE('',#2421,2.85);
#180=CYLINDRICAL_SURFACE('',#2424,2.85);
#181=CYLINDRICAL_SURFACE('',#2428,2.85);
#182=CYLINDRICAL_SURFACE('',#2431,1.65);
#183=CYLINDRICAL_SURFACE('',#2434,1.65);
#184=CYLINDRICAL_SURFACE('',#2437,1.65);
#185=CYLINDRICAL_SURFACE('',#2440,1.65);
#186=CYLINDRICAL_SURFACE('',#2443,2.85);
#187=CYLINDRICAL_SURFACE('',#2447,2.85);
#188=CYLINDRICAL_SURFACE('',#2451,2.85);
#189=CYLINDRICAL_SURFACE('',#2455,2.85);
#190=CYLINDRICAL_SURFACE('',#2461,11.);
#191=CYLINDRICAL_SURFACE('',#2496,3.5);
#192=CYLINDRICAL_SURFACE('',#2501,3.5);
#193=CYLINDRICAL_SURFACE('',#2503,1.65);
#194=CYLINDRICAL_SURFACE('',#2532,3.5);
#195=CYLINDRICAL_SURFACE('',#2539,3.5);
#196=CYLINDRICAL_SURFACE('',#2542,1.65);
#197=CYLINDRICAL_SURFACE('',#2545,1.65);
#198=CYLINDRICAL_SURFACE('',#2550,1.65);
#199=CYLINDRICAL_SURFACE('',#2555,1.65);
#200=CYLINDRICAL_SURFACE('',#2560,1.65);
#201=FACE_OUTER_BOUND('',#330,.T.);
#202=FACE_OUTER_BOUND('',#331,.T.);
#203=FACE_OUTER_BOUND('',#332,.T.);
#204=FACE_OUTER_BOUND('',#333,.T.);
#205=FACE_OUTER_BOUND('',#334,.T.);
#206=FACE_OUTER_BOUND('',#335,.T.);
#207=FACE_OUTER_BOUND('',#336,.T.);
#208=FACE_OUTER_BOUND('',#337,.T.);
#209=FACE_OUTER_BOUND('',#340,.T.);
#210=FACE_OUTER_BOUND('',#341,.T.);
#211=FACE_OUTER_BOUND('',#342,.T.);
#212=FACE_OUTER_BOUND('',#343,.T.);
#213=FACE_OUTER_BOUND('',#344,.T.);
#214=FACE_OUTER_BOUND('',#345,.T.);
#215=FACE_OUTER_BOUND('',#346,.T.);
#216=FACE_OUTER_BOUND('',#347,.T.);
#217=FACE_OUTER_BOUND('',#349,.T.);
#218=FACE_OUTER_BOUND('',#350,.T.);
#219=FACE_OUTER_BOUND('',#351,.T.);
#220=FACE_OUTER_BOUND('',#352,.T.);
#221=FACE_OUTER_BOUND('',#353,.T.);
#222=FACE_OUTER_BOUND('',#354,.T.);
#223=FACE_OUTER_BOUND('',#356,.T.);
#224=FACE_OUTER_BOUND('',#358,.T.);
#225=FACE_OUTER_BOUND('',#359,.T.);
#226=FACE_OUTER_BOUND('',#361,.T.);
#227=FACE_OUTER_BOUND('',#362,.T.);
#228=FACE_OUTER_BOUND('',#363,.T.);
#229=FACE_OUTER_BOUND('',#364,.T.);
#230=FACE_OUTER_BOUND('',#365,.T.);
#231=FACE_OUTER_BOUND('',#366,.T.);
#232=FACE_OUTER_BOUND('',#367,.T.);
#233=FACE_OUTER_BOUND('',#368,.T.);
#234=FACE_OUTER_BOUND('',#369,.T.);
#235=FACE_OUTER_BOUND('',#370,.T.);
#236=FACE_OUTER_BOUND('',#371,.T.);
#237=FACE_OUTER_BOUND('',#372,.T.);
#238=FACE_OUTER_BOUND('',#376,.T.);
#239=FACE_OUTER_BOUND('',#377,.T.);
#240=FACE_OUTER_BOUND('',#378,.T.);
#241=FACE_OUTER_BOUND('',#379,.T.);
#242=FACE_OUTER_BOUND('',#380,.T.);
#243=FACE_OUTER_BOUND('',#381,.T.);
#244=FACE_OUTER_BOUND('',#382,.T.);
#245=FACE_OUTER_BOUND('',#383,.T.);
#246=FACE_OUTER_BOUND('',#384,.T.);
#247=FACE_OUTER_BOUND('',#385,.T.);
#248=FACE_OUTER_BOUND('',#387,.T.);
#249=FACE_OUTER_BOUND('',#388,.T.);
#250=FACE_OUTER_BOUND('',#390,.T.);
#251=FACE_OUTER_BOUND('',#391,.T.);
#252=FACE_OUTER_BOUND('',#393,.T.);
#253=FACE_OUTER_BOUND('',#394,.T.);
#254=FACE_OUTER_BOUND('',#396,.T.);
#255=FACE_OUTER_BOUND('',#397,.T.);
#256=FACE_OUTER_BOUND('',#398,.T.);
#257=FACE_OUTER_BOUND('',#399,.T.);
#258=FACE_OUTER_BOUND('',#400,.T.);
#259=FACE_OUTER_BOUND('',#401,.T.);
#260=FACE_OUTER_BOUND('',#402,.T.);
#261=FACE_OUTER_BOUND('',#403,.T.);
#262=FACE_OUTER_BOUND('',#404,.T.);
#263=FACE_OUTER_BOUND('',#405,.T.);
#264=FACE_OUTER_BOUND('',#410,.T.);
#265=FACE_OUTER_BOUND('',#411,.T.);
#266=FACE_OUTER_BOUND('',#412,.T.);
#267=FACE_OUTER_BOUND('',#413,.T.);
#268=FACE_OUTER_BOUND('',#414,.T.);
#269=FACE_OUTER_BOUND('',#415,.T.);
#270=FACE_OUTER_BOUND('',#416,.T.);
#271=FACE_OUTER_BOUND('',#417,.T.);
#272=FACE_OUTER_BOUND('',#418,.T.);
#273=FACE_OUTER_BOUND('',#419,.T.);
#274=FACE_OUTER_BOUND('',#420,.T.);
#275=FACE_OUTER_BOUND('',#421,.T.);
#276=FACE_OUTER_BOUND('',#422,.T.);
#277=FACE_OUTER_BOUND('',#423,.T.);
#278=FACE_OUTER_BOUND('',#424,.T.);
#279=FACE_OUTER_BOUND('',#425,.T.);
#280=FACE_OUTER_BOUND('',#426,.T.);
#281=FACE_OUTER_BOUND('',#427,.T.);
#282=FACE_OUTER_BOUND('',#428,.T.);
#283=FACE_OUTER_BOUND('',#429,.T.);
#284=FACE_OUTER_BOUND('',#430,.T.);
#285=FACE_OUTER_BOUND('',#431,.T.);
#286=FACE_OUTER_BOUND('',#433,.T.);
#287=FACE_OUTER_BOUND('',#434,.T.);
#288=FACE_OUTER_BOUND('',#435,.T.);
#289=FACE_OUTER_BOUND('',#436,.T.);
#290=FACE_OUTER_BOUND('',#437,.T.);
#291=FACE_OUTER_BOUND('',#438,.T.);
#292=FACE_OUTER_BOUND('',#440,.T.);
#293=FACE_OUTER_BOUND('',#441,.T.);
#294=FACE_OUTER_BOUND('',#442,.T.);
#295=FACE_OUTER_BOUND('',#443,.T.);
#296=FACE_OUTER_BOUND('',#444,.T.);
#297=FACE_OUTER_BOUND('',#445,.T.);
#298=FACE_OUTER_BOUND('',#446,.T.);
#299=FACE_OUTER_BOUND('',#447,.T.);
#300=FACE_OUTER_BOUND('',#448,.T.);
#301=FACE_OUTER_BOUND('',#449,.T.);
#302=FACE_OUTER_BOUND('',#450,.T.);
#303=FACE_OUTER_BOUND('',#451,.T.);
#304=FACE_OUTER_BOUND('',#452,.T.);
#305=FACE_OUTER_BOUND('',#453,.T.);
#306=FACE_OUTER_BOUND('',#454,.T.);
#307=FACE_OUTER_BOUND('',#455,.T.);
#308=FACE_OUTER_BOUND('',#456,.T.);
#309=FACE_OUTER_BOUND('',#457,.T.);
#310=FACE_OUTER_BOUND('',#458,.T.);
#311=FACE_OUTER_BOUND('',#459,.T.);
#312=FACE_OUTER_BOUND('',#460,.T.);
#313=FACE_OUTER_BOUND('',#462,.T.);
#314=FACE_OUTER_BOUND('',#463,.T.);
#315=FACE_OUTER_BOUND('',#464,.T.);
#316=FACE_OUTER_BOUND('',#465,.T.);
#317=FACE_OUTER_BOUND('',#466,.T.);
#318=FACE_OUTER_BOUND('',#468,.T.);
#319=FACE_OUTER_BOUND('',#469,.T.);
#320=FACE_OUTER_BOUND('',#470,.T.);
#321=FACE_OUTER_BOUND('',#471,.T.);
#322=FACE_OUTER_BOUND('',#472,.T.);
#323=FACE_OUTER_BOUND('',#473,.T.);
#324=FACE_OUTER_BOUND('',#474,.T.);
#325=FACE_OUTER_BOUND('',#475,.T.);
#326=FACE_OUTER_BOUND('',#476,.T.);
#327=FACE_OUTER_BOUND('',#477,.T.);
#328=FACE_OUTER_BOUND('',#478,.T.);
#329=FACE_OUTER_BOUND('',#479,.T.);
#330=EDGE_LOOP('',(#1452,#1453,#1454,#1455));
#331=EDGE_LOOP('',(#1456,#1457,#1458,#1459));
#332=EDGE_LOOP('',(#1460,#1461,#1462,#1463));
#333=EDGE_LOOP('',(#1464,#1465,#1466,#1467));
#334=EDGE_LOOP('',(#1468,#1469,#1470,#1471));
#335=EDGE_LOOP('',(#1472,#1473,#1474,#1475));
#336=EDGE_LOOP('',(#1476,#1477,#1478,#1479));
#337=EDGE_LOOP('',(#1480,#1481,#1482,#1483,#1484,#1485));
#338=EDGE_LOOP('',(#1486));
#339=EDGE_LOOP('',(#1487));
#340=EDGE_LOOP('',(#1488,#1489,#1490,#1491));
#341=EDGE_LOOP('',(#1492,#1493,#1494,#1495));
#342=EDGE_LOOP('',(#1496,#1497,#1498,#1499));
#343=EDGE_LOOP('',(#1500,#1501,#1502,#1503));
#344=EDGE_LOOP('',(#1504,#1505,#1506,#1507));
#345=EDGE_LOOP('',(#1508,#1509,#1510,#1511));
#346=EDGE_LOOP('',(#1512,#1513,#1514,#1515));
#347=EDGE_LOOP('',(#1516,#1517,#1518,#1519,#1520));
#348=EDGE_LOOP('',(#1521));
#349=EDGE_LOOP('',(#1522,#1523,#1524,#1525));
#350=EDGE_LOOP('',(#1526,#1527,#1528,#1529,#1530,#1531,#1532,#1533,#1534,
#1535,#1536,#1537,#1538,#1539,#1540,#1541));
#351=EDGE_LOOP('',(#1542,#1543,#1544,#1545));
#352=EDGE_LOOP('',(#1546,#1547,#1548,#1549,#1550,#1551,#1552,#1553,#1554,
#1555,#1556,#1557,#1558,#1559,#1560,#1561));
#353=EDGE_LOOP('',(#1562,#1563,#1564,#1565));
#354=EDGE_LOOP('',(#1566,#1567,#1568,#1569,#1570));
#355=EDGE_LOOP('',(#1571));
#356=EDGE_LOOP('',(#1572,#1573,#1574));
#357=EDGE_LOOP('',(#1575));
#358=EDGE_LOOP('',(#1576,#1577,#1578,#1579,#1580,#1581));
#359=EDGE_LOOP('',(#1582,#1583,#1584));
#360=EDGE_LOOP('',(#1585));
#361=EDGE_LOOP('',(#1586,#1587,#1588,#1589,#1590,#1591,#1592));
#362=EDGE_LOOP('',(#1593,#1594,#1595,#1596,#1597,#1598));
#363=EDGE_LOOP('',(#1599,#1600,#1601,#1602,#1603,#1604));
#364=EDGE_LOOP('',(#1605,#1606,#1607,#1608,#1609));
#365=EDGE_LOOP('',(#1610,#1611,#1612,#1613,#1614,#1615,#1616,#1617,#1618,
#1619));
#366=EDGE_LOOP('',(#1620,#1621));
#367=EDGE_LOOP('',(#1622,#1623,#1624,#1625,#1626));
#368=EDGE_LOOP('',(#1627,#1628,#1629,#1630,#1631,#1632));
#369=EDGE_LOOP('',(#1633,#1634,#1635,#1636,#1637,#1638));
#370=EDGE_LOOP('',(#1639,#1640,#1641,#1642));
#371=EDGE_LOOP('',(#1643,#1644,#1645,#1646));
#372=EDGE_LOOP('',(#1647,#1648,#1649));
#373=EDGE_LOOP('',(#1650));
#374=EDGE_LOOP('',(#1651));
#375=EDGE_LOOP('',(#1652,#1653,#1654,#1655));
#376=EDGE_LOOP('',(#1656,#1657,#1658,#1659,#1660,#1661));
#377=EDGE_LOOP('',(#1662,#1663,#1664,#1665,#1666));
#378=EDGE_LOOP('',(#1667,#1668,#1669,#1670,#1671,#1672));
#379=EDGE_LOOP('',(#1673,#1674,#1675,#1676,#1677));
#380=EDGE_LOOP('',(#1678,#1679,#1680,#1681));
#381=EDGE_LOOP('',(#1682,#1683,#1684,#1685));
#382=EDGE_LOOP('',(#1686,#1687,#1688,#1689));
#383=EDGE_LOOP('',(#1690,#1691,#1692,#1693));
#384=EDGE_LOOP('',(#1694,#1695,#1696,#1697,#1698));
#385=EDGE_LOOP('',(#1699,#1700));
#386=EDGE_LOOP('',(#1701));
#387=EDGE_LOOP('',(#1702,#1703,#1704,#1705));
#388=EDGE_LOOP('',(#1706,#1707));
#389=EDGE_LOOP('',(#1708));
#390=EDGE_LOOP('',(#1709,#1710,#1711,#1712,#1713));
#391=EDGE_LOOP('',(#1714,#1715));
#392=EDGE_LOOP('',(#1716));
#393=EDGE_LOOP('',(#1717,#1718,#1719,#1720));
#394=EDGE_LOOP('',(#1721,#1722));
#395=EDGE_LOOP('',(#1723));
#396=EDGE_LOOP('',(#1724,#1725,#1726,#1727));
#397=EDGE_LOOP('',(#1728,#1729,#1730,#1731));
#398=EDGE_LOOP('',(#1732,#1733,#1734,#1735,#1736,#1737,#1738,#1739,#1740,
#1741,#1742,#1743,#1744,#1745));
#399=EDGE_LOOP('',(#1746,#1747,#1748,#1749,#1750));
#400=EDGE_LOOP('',(#1751,#1752,#1753,#1754));
#401=EDGE_LOOP('',(#1755,#1756,#1757,#1758,#1759,#1760,#1761,#1762,#1763,
#1764));
#402=EDGE_LOOP('',(#1765,#1766,#1767,#1768));
#403=EDGE_LOOP('',(#1769,#1770,#1771,#1772,#1773));
#404=EDGE_LOOP('',(#1774,#1775,#1776,#1777,#1778,#1779,#1780,#1781,#1782,
#1783));
#405=EDGE_LOOP('',(#1784,#1785,#1786,#1787));
#406=EDGE_LOOP('',(#1788));
#407=EDGE_LOOP('',(#1789));
#408=EDGE_LOOP('',(#1790));
#409=EDGE_LOOP('',(#1791));
#410=EDGE_LOOP('',(#1792,#1793,#1794,#1795,#1796,#1797));
#411=EDGE_LOOP('',(#1798,#1799,#1800,#1801,#1802,#1803));
#412=EDGE_LOOP('',(#1804,#1805,#1806,#1807,#1808));
#413=EDGE_LOOP('',(#1809,#1810,#1811,#1812));
#414=EDGE_LOOP('',(#1813,#1814,#1815,#1816,#1817,#1818,#1819,#1820));
#415=EDGE_LOOP('',(#1821,#1822,#1823,#1824,#1825));
#416=EDGE_LOOP('',(#1826,#1827,#1828,#1829,#1830,#1831,#1832,#1833));
#417=EDGE_LOOP('',(#1834,#1835,#1836,#1837,#1838));
#418=EDGE_LOOP('',(#1839,#1840,#1841));
#419=EDGE_LOOP('',(#1842,#1843,#1844,#1845));
#420=EDGE_LOOP('',(#1846,#1847,#1848,#1849,#1850));
#421=EDGE_LOOP('',(#1851,#1852,#1853));
#422=EDGE_LOOP('',(#1854,#1855,#1856,#1857));
#423=EDGE_LOOP('',(#1858,#1859,#1860,#1861,#1862,#1863,#1864,#1865));
#424=EDGE_LOOP('',(#1866,#1867,#1868,#1869,#1870));
#425=EDGE_LOOP('',(#1871,#1872,#1873,#1874));
#426=EDGE_LOOP('',(#1875,#1876,#1877,#1878,#1879,#1880,#1881,#1882));
#427=EDGE_LOOP('',(#1883,#1884,#1885,#1886));
#428=EDGE_LOOP('',(#1887,#1888,#1889,#1890));
#429=EDGE_LOOP('',(#1891,#1892,#1893,#1894));
#430=EDGE_LOOP('',(#1895,#1896,#1897,#1898));
#431=EDGE_LOOP('',(#1899,#1900,#1901,#1902,#1903));
#432=EDGE_LOOP('',(#1904,#1905,#1906,#1907,#1908,#1909));
#433=EDGE_LOOP('',(#1910,#1911,#1912,#1913));
#434=EDGE_LOOP('',(#1914,#1915,#1916,#1917,#1918,#1919,#1920,#1921));
#435=EDGE_LOOP('',(#1922,#1923,#1924,#1925));
#436=EDGE_LOOP('',(#1926,#1927,#1928,#1929));
#437=EDGE_LOOP('',(#1930,#1931,#1932,#1933));
#438=EDGE_LOOP('',(#1934,#1935,#1936,#1937,#1938));
#439=EDGE_LOOP('',(#1939));
#440=EDGE_LOOP('',(#1940,#1941,#1942,#1943,#1944));
#441=EDGE_LOOP('',(#1945,#1946,#1947,#1948));
#442=EDGE_LOOP('',(#1949,#1950,#1951,#1952,#1953,#1954,#1955,#1956));
#443=EDGE_LOOP('',(#1957,#1958,#1959,#1960));
#444=EDGE_LOOP('',(#1961,#1962,#1963,#1964));
#445=EDGE_LOOP('',(#1965,#1966,#1967,#1968,#1969,#1970,#1971,#1972));
#446=EDGE_LOOP('',(#1973,#1974,#1975,#1976,#1977));
#447=EDGE_LOOP('',(#1978,#1979,#1980));
#448=EDGE_LOOP('',(#1981,#1982,#1983,#1984,#1985));
#449=EDGE_LOOP('',(#1986,#1987,#1988,#1989,#1990));
#450=EDGE_LOOP('',(#1991,#1992,#1993,#1994));
#451=EDGE_LOOP('',(#1995,#1996,#1997,#1998,#1999,#2000,#2001,#2002));
#452=EDGE_LOOP('',(#2003,#2004,#2005,#2006));
#453=EDGE_LOOP('',(#2007,#2008,#2009,#2010));
#454=EDGE_LOOP('',(#2011,#2012,#2013,#2014,#2015));
#455=EDGE_LOOP('',(#2016,#2017,#2018));
#456=EDGE_LOOP('',(#2019,#2020,#2021,#2022,#2023,#2024,#2025,#2026));
#457=EDGE_LOOP('',(#2027,#2028,#2029,#2030));
#458=EDGE_LOOP('',(#2031,#2032,#2033,#2034));
#459=EDGE_LOOP('',(#2035,#2036,#2037,#2038));
#460=EDGE_LOOP('',(#2039,#2040,#2041,#2042,#2043));
#461=EDGE_LOOP('',(#2044));
#462=EDGE_LOOP('',(#2045,#2046,#2047,#2048));
#463=EDGE_LOOP('',(#2049,#2050,#2051,#2052));
#464=EDGE_LOOP('',(#2053,#2054,#2055,#2056,#2057,#2058,#2059,#2060));
#465=EDGE_LOOP('',(#2061,#2062,#2063,#2064));
#466=EDGE_LOOP('',(#2065,#2066,#2067,#2068,#2069));
#467=EDGE_LOOP('',(#2070,#2071,#2072,#2073,#2074,#2075));
#468=EDGE_LOOP('',(#2076,#2077,#2078,#2079));
#469=EDGE_LOOP('',(#2080));
#470=EDGE_LOOP('',(#2081));
#471=EDGE_LOOP('',(#2082,#2083,#2084,#2085));
#472=EDGE_LOOP('',(#2086));
#473=EDGE_LOOP('',(#2087));
#474=EDGE_LOOP('',(#2088,#2089,#2090,#2091));
#475=EDGE_LOOP('',(#2092));
#476=EDGE_LOOP('',(#2093));
#477=EDGE_LOOP('',(#2094,#2095,#2096,#2097));
#478=EDGE_LOOP('',(#2098));
#479=EDGE_LOOP('',(#2099));
#480=LINE('',#3243,#700);
#481=LINE('',#3245,#701);
#482=LINE('',#3247,#702);
#483=LINE('',#3248,#703);
#484=LINE('',#3252,#704);
#485=LINE('',#3254,#705);
#486=LINE('',#3256,#706);
#487=LINE('',#3257,#707);
#488=LINE('',#3263,#708);
#489=LINE('',#3266,#709);
#490=LINE('',#3269,#710);
#491=LINE('',#3271,#711);
#492=LINE('',#3272,#712);
#493=LINE('',#3277,#713);
#494=LINE('',#3281,#714);
#495=LINE('',#3283,#715);
#496=LINE('',#3284,#716);
#497=LINE('',#3286,#717);
#498=LINE('',#3287,#718);
#499=LINE('',#3291,#719);
#500=LINE('',#3297,#720);
#501=LINE('',#3307,#721);
#502=LINE('',#3309,#722);
#503=LINE('',#3310,#723);
#504=LINE('',#3313,#724);
#505=LINE('',#3315,#725);
#506=LINE('',#3316,#726);
#507=LINE('',#3321,#727);
#508=LINE('',#3324,#728);
#509=LINE('',#3325,#729);
#510=LINE('',#3328,#730);
#511=LINE('',#3331,#731);
#512=LINE('',#3334,#732);
#513=LINE('',#3339,#733);
#514=LINE('',#3341,#734);
#515=LINE('',#3342,#735);
#516=LINE('',#3345,#736);
#517=LINE('',#3348,#737);
#518=LINE('',#3350,#738);
#519=LINE('',#3353,#739);
#520=LINE('',#3357,#740);
#521=LINE('',#3358,#741);
#522=LINE('',#3368,#742);
#523=LINE('',#3373,#743);
#524=LINE('',#3397,#744);
#525=LINE('',#3404,#745);
#526=LINE('',#3409,#746);
#527=LINE('',#3436,#747);
#528=LINE('',#3439,#748);
#529=LINE('',#3441,#749);
#530=LINE('',#3443,#750);
#531=LINE('',#3444,#751);
#532=LINE('',#3447,#752);
#533=LINE('',#3449,#753);
#534=LINE('',#3451,#754);
#535=LINE('',#3452,#755);
#536=LINE('',#3459,#756);
#537=LINE('',#3468,#757);
#538=LINE('',#3477,#758);
#539=LINE('',#3481,#759);
#540=LINE('',#3487,#760);
#541=LINE('',#3516,#761);
#542=LINE('',#3521,#762);
#543=LINE('',#3530,#763);
#544=LINE('',#3535,#764);
#545=LINE('',#3564,#765);
#546=LINE('',#3569,#766);
#547=LINE('',#3578,#767);
#548=LINE('',#3584,#768);
#549=LINE('',#3590,#769);
#550=LINE('',#3596,#770);
#551=LINE('',#3602,#771);
#552=LINE('',#3606,#772);
#553=LINE('',#3634,#773);
#554=LINE('',#3639,#774);
#555=LINE('',#3667,#775);
#556=LINE('',#3672,#776);
#557=LINE('',#3674,#777);
#558=LINE('',#3675,#778);
#559=LINE('',#3678,#779);
#560=LINE('',#3680,#780);
#561=LINE('',#3681,#781);
#562=LINE('',#3685,#782);
#563=LINE('',#3686,#783);
#564=LINE('',#3688,#784);
#565=LINE('',#3690,#785);
#566=LINE('',#3693,#786);
#567=LINE('',#3694,#787);
#568=LINE('',#3697,#788);
#569=LINE('',#3698,#789);
#570=LINE('',#3701,#790);
#571=LINE('',#3703,#791);
#572=LINE('',#3704,#792);
#573=LINE('',#3705,#793);
#574=LINE('',#3708,#794);
#575=LINE('',#3711,#795);
#576=LINE('',#3713,#796);
#577=LINE('',#3714,#797);
#578=LINE('',#3716,#798);
#579=LINE('',#3717,#799);
#580=LINE('',#3723,#800);
#581=LINE('',#3725,#801);
#582=LINE('',#3727,#802);
#583=LINE('',#3729,#803);
#584=LINE('',#3730,#804);
#585=LINE('',#3733,#805);
#586=LINE('',#3735,#806);
#587=LINE('',#3736,#807);
#588=LINE('',#3739,#808);
#589=LINE('',#3741,#809);
#590=LINE('',#3743,#810);
#591=LINE('',#3745,#811);
#592=LINE('',#3747,#812);
#593=LINE('',#3748,#813);
#594=LINE('',#3751,#814);
#595=LINE('',#3757,#815);
#596=LINE('',#3759,#816);
#597=LINE('',#3761,#817);
#598=LINE('',#3763,#818);
#599=LINE('',#3765,#819);
#600=LINE('',#3766,#820);
#601=LINE('',#3770,#821);
#602=LINE('',#3772,#822);
#603=LINE('',#3773,#823);
#604=LINE('',#3774,#824);
#605=LINE('',#3776,#825);
#606=LINE('',#3781,#826);
#607=LINE('',#3783,#827);
#608=LINE('',#3784,#828);
#609=LINE('',#3786,#829);
#610=LINE('',#3789,#830);
#611=LINE('',#3791,#831);
#612=LINE('',#3795,#832);
#613=LINE('',#3797,#833);
#614=LINE('',#3799,#834);
#615=LINE('',#3800,#835);
#616=LINE('',#3803,#836);
#617=LINE('',#3805,#837);
#618=LINE('',#3806,#838);
#619=LINE('',#3809,#839);
#620=LINE('',#3810,#840);
#621=LINE('',#3812,#841);
#622=LINE('',#3814,#842);
#623=LINE('',#3815,#843);
#624=LINE('',#3817,#844);
#625=LINE('',#3819,#845);
#626=LINE('',#3827,#846);
#627=LINE('',#3830,#847);
#628=LINE('',#3833,#848);
#629=LINE('',#3835,#849);
#630=LINE('',#3837,#850);
#631=LINE('',#3842,#851);
#632=LINE('',#3846,#852);
#633=LINE('',#3849,#853);
#634=LINE('',#3850,#854);
#635=LINE('',#3853,#855);
#636=LINE('',#3854,#856);
#637=LINE('',#3856,#857);
#638=LINE('',#3861,#858);
#639=LINE('',#3863,#859);
#640=LINE('',#3865,#860);
#641=LINE('',#3867,#861);
#642=LINE('',#3868,#862);
#643=LINE('',#3872,#863);
#644=LINE('',#3873,#864);
#645=LINE('',#3874,#865);
#646=LINE('',#3877,#866);
#647=LINE('',#3879,#867);
#648=LINE('',#3881,#868);
#649=LINE('',#3883,#869);
#650=LINE('',#3885,#870);
#651=LINE('',#3886,#871);
#652=LINE('',#3889,#872);
#653=LINE('',#3890,#873);
#654=LINE('',#3895,#874);
#655=LINE('',#3896,#875);
#656=LINE('',#3899,#876);
#657=LINE('',#3901,#877);
#658=LINE('',#3903,#878);
#659=LINE('',#3904,#879);
#660=LINE('',#3907,#880);
#661=LINE('',#3909,#881);
#662=LINE('',#3910,#882);
#663=LINE('',#3912,#883);
#664=LINE('',#3915,#884);
#665=LINE('',#3922,#885);
#666=LINE('',#3924,#886);
#667=LINE('',#3926,#887);
#668=LINE('',#3928,#888);
#669=LINE('',#3929,#889);
#670=LINE('',#3932,#890);
#671=LINE('',#3934,#891);
#672=LINE('',#3935,#892);
#673=LINE('',#3937,#893);
#674=LINE('',#3939,#894);
#675=LINE('',#3940,#895);
#676=LINE('',#3945,#896);
#677=LINE('',#3946,#897);
#678=LINE('',#3949,#898);
#679=LINE('',#3951,#899);
#680=LINE('',#3952,#900);
#681=LINE('',#3954,#901);
#682=LINE('',#3956,#902);
#683=LINE('',#3957,#903);
#684=LINE('',#3965,#904);
#685=LINE('',#3968,#905);
#686=LINE('',#3971,#906);
#687=LINE('',#3973,#907);
#688=LINE('',#3974,#908);
#689=LINE('',#3979,#909);
#690=LINE('',#3980,#910);
#691=LINE('',#3986,#911);
#692=LINE('',#3989,#912);
#693=LINE('',#3990,#913);
#694=LINE('',#3992,#914);
#695=LINE('',#3994,#915);
#696=LINE('',#4000,#916);
#697=LINE('',#4008,#917);
#698=LINE('',#4016,#918);
#699=LINE('',#4024,#919);
#700=VECTOR('',#2572,10.);
#701=VECTOR('',#2573,10.);
#702=VECTOR('',#2574,10.);
#703=VECTOR('',#2575,10.);
#704=VECTOR('',#2578,10.);
#705=VECTOR('',#2579,10.);
#706=VECTOR('',#2580,10.);
#707=VECTOR('',#2581,10.);
#708=VECTOR('',#2586,10.);
#709=VECTOR('',#2589,10.);
#710=VECTOR('',#2592,10.);
#711=VECTOR('',#2593,10.);
#712=VECTOR('',#2594,10.);
#713=VECTOR('',#2599,10.);
#714=VECTOR('',#2604,10.);
#715=VECTOR('',#2605,10.);
#716=VECTOR('',#2606,10.);
#717=VECTOR('',#2609,10.);
#718=VECTOR('',#2610,10.);
#719=VECTOR('',#2613,10.);
#720=VECTOR('',#2618,10.);
#721=VECTOR('',#2629,10.);
#722=VECTOR('',#2630,10.);
#723=VECTOR('',#2631,10.);
#724=VECTOR('',#2634,10.);
#725=VECTOR('',#2635,10.);
#726=VECTOR('',#2636,10.);
#727=VECTOR('',#2641,10.);
#728=VECTOR('',#2646,10.);
#729=VECTOR('',#2647,10.);
#730=VECTOR('',#2650,10.);
#731=VECTOR('',#2653,10.);
#732=VECTOR('',#2656,1.65);
#733=VECTOR('',#2663,10.);
#734=VECTOR('',#2666,10.);
#735=VECTOR('',#2667,10.);
#736=VECTOR('',#2670,10.);
#737=VECTOR('',#2673,10.);
#738=VECTOR('',#2676,10.);
#739=VECTOR('',#2679,1.65);
#740=VECTOR('',#2684,10.);
#741=VECTOR('',#2685,10.);
#742=VECTOR('',#2698,10.);
#743=VECTOR('',#2703,10.);
#744=VECTOR('',#2708,10.);
#745=VECTOR('',#2715,10.);
#746=VECTOR('',#2720,10.);
#747=VECTOR('',#2725,10.);
#748=VECTOR('',#2728,10.);
#749=VECTOR('',#2729,10.);
#750=VECTOR('',#2730,10.);
#751=VECTOR('',#2731,10.);
#752=VECTOR('',#2734,10.);
#753=VECTOR('',#2735,10.);
#754=VECTOR('',#2736,10.);
#755=VECTOR('',#2737,10.);
#756=VECTOR('',#2748,12.2);
#757=VECTOR('',#2755,10.);
#758=VECTOR('',#2770,1.);
#759=VECTOR('',#2775,1.);
#760=VECTOR('',#2782,2.85);
#761=VECTOR('',#2787,10.);
#762=VECTOR('',#2792,2.85);
#763=VECTOR('',#2795,10.);
#764=VECTOR('',#2800,2.85);
#765=VECTOR('',#2805,10.);
#766=VECTOR('',#2810,2.85);
#767=VECTOR('',#2813,10.);
#768=VECTOR('',#2820,1.65);
#769=VECTOR('',#2827,1.65);
#770=VECTOR('',#2834,1.65);
#771=VECTOR('',#2841,1.65);
#772=VECTOR('',#2848,10.);
#773=VECTOR('',#2857,10.);
#774=VECTOR('',#2866,10.);
#775=VECTOR('',#2875,10.);
#776=VECTOR('',#2882,10.);
#777=VECTOR('',#2883,10.);
#778=VECTOR('',#2884,10.);
#779=VECTOR('',#2887,10.);
#780=VECTOR('',#2888,10.);
#781=VECTOR('',#2889,10.);
#782=VECTOR('',#2894,10.);
#783=VECTOR('',#2895,10.);
#784=VECTOR('',#2896,10.);
#785=VECTOR('',#2899,10.);
#786=VECTOR('',#2902,10.);
#787=VECTOR('',#2903,10.);
#788=VECTOR('',#2906,10.);
#789=VECTOR('',#2907,10.);
#790=VECTOR('',#2910,10.);
#791=VECTOR('',#2911,10.);
#792=VECTOR('',#2912,10.);
#793=VECTOR('',#2913,10.);
#794=VECTOR('',#2918,10.);
#795=VECTOR('',#2921,10.);
#796=VECTOR('',#2922,10.);
#797=VECTOR('',#2923,10.);
#798=VECTOR('',#2926,10.);
#799=VECTOR('',#2927,10.);
#800=VECTOR('',#2934,10.);
#801=VECTOR('',#2935,10.);
#802=VECTOR('',#2936,10.);
#803=VECTOR('',#2937,10.);
#804=VECTOR('',#2938,10.);
#805=VECTOR('',#2941,10.);
#806=VECTOR('',#2942,10.);
#807=VECTOR('',#2943,10.);
#808=VECTOR('',#2946,10.);
#809=VECTOR('',#2947,10.);
#810=VECTOR('',#2948,10.);
#811=VECTOR('',#2949,10.);
#812=VECTOR('',#2950,10.);
#813=VECTOR('',#2951,10.);
#814=VECTOR('',#2954,10.);
#815=VECTOR('',#2961,10.);
#816=VECTOR('',#2962,10.);
#817=VECTOR('',#2963,10.);
#818=VECTOR('',#2964,10.);
#819=VECTOR('',#2965,10.);
#820=VECTOR('',#2966,10.);
#821=VECTOR('',#2969,10.);
#822=VECTOR('',#2970,10.);
#823=VECTOR('',#2971,10.);
#824=VECTOR('',#2972,10.);
#825=VECTOR('',#2975,10.);
#826=VECTOR('',#2982,10.);
#827=VECTOR('',#2983,10.);
#828=VECTOR('',#2984,10.);
#829=VECTOR('',#2987,10.);
#830=VECTOR('',#2990,10.);
#831=VECTOR('',#2991,10.);
#832=VECTOR('',#2996,10.);
#833=VECTOR('',#2997,10.);
#834=VECTOR('',#2998,10.);
#835=VECTOR('',#2999,10.);
#836=VECTOR('',#3002,10.);
#837=VECTOR('',#3003,10.);
#838=VECTOR('',#3004,10.);
#839=VECTOR('',#3007,10.);
#840=VECTOR('',#3008,10.);
#841=VECTOR('',#3011,10.);
#842=VECTOR('',#3012,10.);
#843=VECTOR('',#3013,10.);
#844=VECTOR('',#3016,10.);
#845=VECTOR('',#3019,10.);
#846=VECTOR('',#3028,3.5);
#847=VECTOR('',#3031,10.);
#848=VECTOR('',#3034,10.);
#849=VECTOR('',#3035,10.);
#850=VECTOR('',#3036,10.);
#851=VECTOR('',#3043,10.);
#852=VECTOR('',#3048,1.65);
#853=VECTOR('',#3051,10.);
#854=VECTOR('',#3052,10.);
#855=VECTOR('',#3055,10.);
#856=VECTOR('',#3056,10.);
#857=VECTOR('',#3059,10.);
#858=VECTOR('',#3064,10.);
#859=VECTOR('',#3065,10.);
#860=VECTOR('',#3066,10.);
#861=VECTOR('',#3067,10.);
#862=VECTOR('',#3068,10.);
#863=VECTOR('',#3071,10.);
#864=VECTOR('',#3072,10.);
#865=VECTOR('',#3073,10.);
#866=VECTOR('',#3076,10.);
#867=VECTOR('',#3077,10.);
#868=VECTOR('',#3078,10.);
#869=VECTOR('',#3079,10.);
#870=VECTOR('',#3080,10.);
#871=VECTOR('',#3081,10.);
#872=VECTOR('',#3084,10.);
#873=VECTOR('',#3085,10.);
#874=VECTOR('',#3090,10.);
#875=VECTOR('',#3091,10.);
#876=VECTOR('',#3094,10.);
#877=VECTOR('',#3095,10.);
#878=VECTOR('',#3096,10.);
#879=VECTOR('',#3097,10.);
#880=VECTOR('',#3100,10.);
#881=VECTOR('',#3101,10.);
#882=VECTOR('',#3102,10.);
#883=VECTOR('',#3105,10.);
#884=VECTOR('',#3108,10.);
#885=VECTOR('',#3115,10.);
#886=VECTOR('',#3116,10.);
#887=VECTOR('',#3117,10.);
#888=VECTOR('',#3118,10.);
#889=VECTOR('',#3119,10.);
#890=VECTOR('',#3122,10.);
#891=VECTOR('',#3123,10.);
#892=VECTOR('',#3124,10.);
#893=VECTOR('',#3127,10.);
#894=VECTOR('',#3128,10.);
#895=VECTOR('',#3129,10.);
#896=VECTOR('',#3136,10.);
#897=VECTOR('',#3137,10.);
#898=VECTOR('',#3140,10.);
#899=VECTOR('',#3141,10.);
#900=VECTOR('',#3142,10.);
#901=VECTOR('',#3145,10.);
#902=VECTOR('',#3148,10.);
#903=VECTOR('',#3149,10.);
#904=VECTOR('',#3158,3.5);
#905=VECTOR('',#3161,10.);
#906=VECTOR('',#3164,10.);
#907=VECTOR('',#3165,10.);
#908=VECTOR('',#3166,10.);
#909=VECTOR('',#3171,10.);
#910=VECTOR('',#3172,10.);
#911=VECTOR('',#3179,10.);
#912=VECTOR('',#3182,10.);
#913=VECTOR('',#3183,10.);
#914=VECTOR('',#3186,1.65);
#915=VECTOR('',#3189,10.);
#916=VECTOR('',#3196,1.65);
#917=VECTOR('',#3207,1.65);
#918=VECTOR('',#3218,1.65);
#919=VECTOR('',#3229,1.65);
#920=VERTEX_POINT('',#3241);
#921=VERTEX_POINT('',#3242);
#922=VERTEX_POINT('',#3244);
#923=VERTEX_POINT('',#3246);
#924=VERTEX_POINT('',#3250);
#925=VERTEX_POINT('',#3251);
#926=VERTEX_POINT('',#3253);
#927=VERTEX_POINT('',#3255);
#928=VERTEX_POINT('',#3259);
#929=VERTEX_POINT('',#3260);
#930=VERTEX_POINT('',#3262);
#931=VERTEX_POINT('',#3264);
#932=VERTEX_POINT('',#3268);
#933=VERTEX_POINT('',#3270);
#934=VERTEX_POINT('',#3274);
#935=VERTEX_POINT('',#3276);
#936=VERTEX_POINT('',#3280);
#937=VERTEX_POINT('',#3282);
#938=VERTEX_POINT('',#3289);
#939=VERTEX_POINT('',#3290);
#940=VERTEX_POINT('',#3292);
#941=VERTEX_POINT('',#3294);
#942=VERTEX_POINT('',#3296);
#943=VERTEX_POINT('',#3298);
#944=VERTEX_POINT('',#3301);
#945=VERTEX_POINT('',#3303);
#946=VERTEX_POINT('',#3306);
#947=VERTEX_POINT('',#3308);
#948=VERTEX_POINT('',#3312);
#949=VERTEX_POINT('',#3314);
#950=VERTEX_POINT('',#3318);
#951=VERTEX_POINT('',#3320);
#952=VERTEX_POINT('',#3327);
#953=VERTEX_POINT('',#3329);
#954=VERTEX_POINT('',#3333);
#955=VERTEX_POINT('',#3337);
#956=VERTEX_POINT('',#3344);
#957=VERTEX_POINT('',#3346);
#958=VERTEX_POINT('',#3352);
#959=VERTEX_POINT('',#3356);
#960=VERTEX_POINT('',#3363);
#961=VERTEX_POINT('',#3364);
#962=VERTEX_POINT('',#3366);
#963=VERTEX_POINT('',#3369);
#964=VERTEX_POINT('',#3372);
#965=VERTEX_POINT('',#3374);
#966=VERTEX_POINT('',#3376);
#967=VERTEX_POINT('',#3395);
#968=VERTEX_POINT('',#3399);
#969=VERTEX_POINT('',#3400);
#970=VERTEX_POINT('',#3402);
#971=VERTEX_POINT('',#3405);
#972=VERTEX_POINT('',#3408);
#973=VERTEX_POINT('',#3410);
#974=VERTEX_POINT('',#3412);
#975=VERTEX_POINT('',#3423);
#976=VERTEX_POINT('',#3434);
#977=VERTEX_POINT('',#3438);
#978=VERTEX_POINT('',#3440);
#979=VERTEX_POINT('',#3442);
#980=VERTEX_POINT('',#3446);
#981=VERTEX_POINT('',#3448);
#982=VERTEX_POINT('',#3450);
#983=VERTEX_POINT('',#3458);
#984=VERTEX_POINT('',#3460);
#985=VERTEX_POINT('',#3462);
#986=VERTEX_POINT('',#3476);
#987=VERTEX_POINT('',#3480);
#988=VERTEX_POINT('',#3485);
#989=VERTEX_POINT('',#3486);
#990=VERTEX_POINT('',#3488);
#991=VERTEX_POINT('',#3490);
#992=VERTEX_POINT('',#3513);
#993=VERTEX_POINT('',#3515);
#994=VERTEX_POINT('',#3519);
#995=VERTEX_POINT('',#3520);
#996=VERTEX_POINT('',#3522);
#997=VERTEX_POINT('',#3527);
#998=VERTEX_POINT('',#3529);
#999=VERTEX_POINT('',#3533);
#1000=VERTEX_POINT('',#3534);
#1001=VERTEX_POINT('',#3536);
#1002=VERTEX_POINT('',#3538);
#1003=VERTEX_POINT('',#3561);
#1004=VERTEX_POINT('',#3563);
#1005=VERTEX_POINT('',#3567);
#1006=VERTEX_POINT('',#3568);
#1007=VERTEX_POINT('',#3570);
#1008=VERTEX_POINT('',#3575);
#1009=VERTEX_POINT('',#3577);
#1010=VERTEX_POINT('',#3581);
#1011=VERTEX_POINT('',#3583);
#1012=VERTEX_POINT('',#3587);
#1013=VERTEX_POINT('',#3589);
#1014=VERTEX_POINT('',#3593);
#1015=VERTEX_POINT('',#3595);
#1016=VERTEX_POINT('',#3599);
#1017=VERTEX_POINT('',#3601);
#1018=VERTEX_POINT('',#3607);
#1019=VERTEX_POINT('',#3640);
#1020=VERTEX_POINT('',#3671);
#1021=VERTEX_POINT('',#3673);
#1022=VERTEX_POINT('',#3677);
#1023=VERTEX_POINT('',#3679);
#1024=VERTEX_POINT('',#3683);
#1025=VERTEX_POINT('',#3687);
#1026=VERTEX_POINT('',#3692);
#1027=VERTEX_POINT('',#3696);
#1028=VERTEX_POINT('',#3700);
#1029=VERTEX_POINT('',#3702);
#1030=VERTEX_POINT('',#3710);
#1031=VERTEX_POINT('',#3712);
#1032=VERTEX_POINT('',#3721);
#1033=VERTEX_POINT('',#3722);
#1034=VERTEX_POINT('',#3724);
#1035=VERTEX_POINT('',#3726);
#1036=VERTEX_POINT('',#3728);
#1037=VERTEX_POINT('',#3732);
#1038=VERTEX_POINT('',#3734);
#1039=VERTEX_POINT('',#3738);
#1040=VERTEX_POINT('',#3740);
#1041=VERTEX_POINT('',#3742);
#1042=VERTEX_POINT('',#3744);
#1043=VERTEX_POINT('',#3746);
#1044=VERTEX_POINT('',#3750);
#1045=VERTEX_POINT('',#3752);
#1046=VERTEX_POINT('',#3756);
#1047=VERTEX_POINT('',#3758);
#1048=VERTEX_POINT('',#3760);
#1049=VERTEX_POINT('',#3762);
#1050=VERTEX_POINT('',#3764);
#1051=VERTEX_POINT('',#3768);
#1052=VERTEX_POINT('',#3769);
#1053=VERTEX_POINT('',#3771);
#1054=VERTEX_POINT('',#3780);
#1055=VERTEX_POINT('',#3782);
#1056=VERTEX_POINT('',#3788);
#1057=VERTEX_POINT('',#3790);
#1058=VERTEX_POINT('',#3794);
#1059=VERTEX_POINT('',#3796);
#1060=VERTEX_POINT('',#3798);
#1061=VERTEX_POINT('',#3802);
#1062=VERTEX_POINT('',#3804);
#1063=VERTEX_POINT('',#3808);
#1064=VERTEX_POINT('',#3813);
#1065=VERTEX_POINT('',#3823);
#1066=VERTEX_POINT('',#3824);
#1067=VERTEX_POINT('',#3826);
#1068=VERTEX_POINT('',#3828);
#1069=VERTEX_POINT('',#3832);
#1070=VERTEX_POINT('',#3834);
#1071=VERTEX_POINT('',#3836);
#1072=VERTEX_POINT('',#3840);
#1073=VERTEX_POINT('',#3844);
#1074=VERTEX_POINT('',#3848);
#1075=VERTEX_POINT('',#3852);
#1076=VERTEX_POINT('',#3859);
#1077=VERTEX_POINT('',#3860);
#1078=VERTEX_POINT('',#3862);
#1079=VERTEX_POINT('',#3864);
#1080=VERTEX_POINT('',#3866);
#1081=VERTEX_POINT('',#3870);
#1082=VERTEX_POINT('',#3871);
#1083=VERTEX_POINT('',#3876);
#1084=VERTEX_POINT('',#3878);
#1085=VERTEX_POINT('',#3880);
#1086=VERTEX_POINT('',#3882);
#1087=VERTEX_POINT('',#3884);
#1088=VERTEX_POINT('',#3888);
#1089=VERTEX_POINT('',#3892);
#1090=VERTEX_POINT('',#3894);
#1091=VERTEX_POINT('',#3898);
#1092=VERTEX_POINT('',#3900);
#1093=VERTEX_POINT('',#3902);
#1094=VERTEX_POINT('',#3906);
#1095=VERTEX_POINT('',#3908);
#1096=VERTEX_POINT('',#3914);
#1097=VERTEX_POINT('',#3916);
#1098=VERTEX_POINT('',#3920);
#1099=VERTEX_POINT('',#3921);
#1100=VERTEX_POINT('',#3923);
#1101=VERTEX_POINT('',#3925);
#1102=VERTEX_POINT('',#3927);
#1103=VERTEX_POINT('',#3931);
#1104=VERTEX_POINT('',#3933);
#1105=VERTEX_POINT('',#3938);
#1106=VERTEX_POINT('',#3944);
#1107=VERTEX_POINT('',#3948);
#1108=VERTEX_POINT('',#3950);
#1109=VERTEX_POINT('',#3961);
#1110=VERTEX_POINT('',#3962);
#1111=VERTEX_POINT('',#3964);
#1112=VERTEX_POINT('',#3966);
#1113=VERTEX_POINT('',#3970);
#1114=VERTEX_POINT('',#3972);
#1115=VERTEX_POINT('',#3976);
#1116=VERTEX_POINT('',#3978);
#1117=VERTEX_POINT('',#3981);
#1118=VERTEX_POINT('',#3984);
#1119=VERTEX_POINT('',#3988);
#1120=VERTEX_POINT('',#3997);
#1121=VERTEX_POINT('',#3999);
#1122=VERTEX_POINT('',#4005);
#1123=VERTEX_POINT('',#4007);
#1124=VERTEX_POINT('',#4013);
#1125=VERTEX_POINT('',#4015);
#1126=VERTEX_POINT('',#4021);
#1127=VERTEX_POINT('',#4023);
#1128=EDGE_CURVE('',#920,#921,#480,.T.);
#1129=EDGE_CURVE('',#922,#921,#481,.T.);
#1130=EDGE_CURVE('',#923,#922,#482,.T.);
#1131=EDGE_CURVE('',#920,#923,#483,.T.);
#1132=EDGE_CURVE('',#924,#925,#484,.T.);
#1133=EDGE_CURVE('',#926,#925,#485,.T.);
#1134=EDGE_CURVE('',#926,#927,#486,.T.);
#1135=EDGE_CURVE('',#924,#927,#487,.T.);
#1136=EDGE_CURVE('',#928,#929,#69,.T.);
#1137=EDGE_CURVE('',#930,#928,#488,.T.);
#1138=EDGE_CURVE('',#930,#931,#70,.T.);
#1139=EDGE_CURVE('',#931,#929,#489,.T.);
#1140=EDGE_CURVE('',#932,#928,#490,.T.);
#1141=EDGE_CURVE('',#933,#932,#491,.T.);
#1142=EDGE_CURVE('',#930,#933,#492,.T.);
#1143=EDGE_CURVE('',#934,#932,#71,.T.);
#1144=EDGE_CURVE('',#935,#934,#493,.T.);
#1145=EDGE_CURVE('',#935,#933,#72,.T.);
#1146=EDGE_CURVE('',#936,#934,#494,.T.);
#1147=EDGE_CURVE('',#937,#936,#495,.T.);
#1148=EDGE_CURVE('',#937,#935,#496,.T.);
#1149=EDGE_CURVE('',#927,#936,#497,.T.);
#1150=EDGE_CURVE('',#937,#926,#498,.T.);
#1151=EDGE_CURVE('',#938,#939,#499,.T.);
#1152=EDGE_CURVE('',#940,#938,#73,.T.);
#1153=EDGE_CURVE('',#941,#940,#74,.T.);
#1154=EDGE_CURVE('',#942,#941,#500,.T.);
#1155=EDGE_CURVE('',#943,#942,#75,.T.);
#1156=EDGE_CURVE('',#939,#943,#76,.T.);
#1157=EDGE_CURVE('',#944,#944,#77,.T.);
#1158=EDGE_CURVE('',#945,#945,#78,.T.);
#1159=EDGE_CURVE('',#946,#922,#501,.T.);
#1160=EDGE_CURVE('',#947,#946,#502,.T.);
#1161=EDGE_CURVE('',#923,#947,#503,.T.);
#1162=EDGE_CURVE('',#948,#946,#504,.T.);
#1163=EDGE_CURVE('',#949,#948,#505,.T.);
#1164=EDGE_CURVE('',#947,#949,#506,.T.);
#1165=EDGE_CURVE('',#950,#948,#79,.T.);
#1166=EDGE_CURVE('',#951,#950,#507,.T.);
#1167=EDGE_CURVE('',#951,#949,#80,.T.);
#1168=EDGE_CURVE('',#929,#950,#508,.T.);
#1169=EDGE_CURVE('',#951,#931,#509,.T.);
#1170=EDGE_CURVE('',#952,#942,#510,.T.);
#1171=EDGE_CURVE('',#952,#953,#81,.T.);
#1172=EDGE_CURVE('',#953,#943,#511,.T.);
#1173=EDGE_CURVE('',#944,#954,#512,.T.);
#1174=EDGE_CURVE('',#954,#954,#82,.T.);
#1175=EDGE_CURVE('',#953,#955,#83,.T.);
#1176=EDGE_CURVE('',#955,#939,#513,.T.);
#1177=EDGE_CURVE('',#925,#952,#514,.T.);
#1178=EDGE_CURVE('',#955,#924,#515,.T.);
#1179=EDGE_CURVE('',#956,#938,#516,.T.);
#1180=EDGE_CURVE('',#956,#957,#84,.T.);
#1181=EDGE_CURVE('',#957,#940,#517,.T.);
#1182=EDGE_CURVE('',#921,#956,#518,.T.);
#1183=EDGE_CURVE('',#945,#958,#519,.T.);
#1184=EDGE_CURVE('',#958,#958,#85,.T.);
#1185=EDGE_CURVE('',#959,#941,#520,.T.);
#1186=EDGE_CURVE('',#959,#920,#521,.T.);
#1187=EDGE_CURVE('',#957,#959,#86,.T.);
#1188=EDGE_CURVE('',#960,#961,#87,.T.);
#1189=EDGE_CURVE('',#962,#960,#88,.T.);
#1190=EDGE_CURVE('',#961,#962,#522,.T.);
#1191=EDGE_CURVE('',#963,#963,#89,.T.);
#1192=EDGE_CURVE('',#964,#960,#523,.T.);
#1193=EDGE_CURVE('',#965,#964,#90,.T.);
#1194=EDGE_CURVE('',#966,#965,#17,.T.);
#1195=EDGE_CURVE('',#967,#966,#91,.T.);
#1196=EDGE_CURVE('',#962,#967,#524,.T.);
#1197=EDGE_CURVE('',#968,#969,#92,.T.);
#1198=EDGE_CURVE('',#970,#968,#93,.T.);
#1199=EDGE_CURVE('',#969,#970,#525,.T.);
#1200=EDGE_CURVE('',#971,#971,#94,.T.);
#1201=EDGE_CURVE('',#972,#968,#526,.T.);
#1202=EDGE_CURVE('',#973,#972,#95,.T.);
#1203=EDGE_CURVE('',#974,#973,#18,.T.);
#1204=EDGE_CURVE('',#975,#974,#19,.T.);
#1205=EDGE_CURVE('',#976,#975,#96,.T.);
#1206=EDGE_CURVE('',#970,#976,#527,.T.);
#1207=EDGE_CURVE('',#977,#967,#528,.T.);
#1208=EDGE_CURVE('',#978,#977,#529,.T.);
#1209=EDGE_CURVE('',#978,#979,#530,.T.);
#1210=EDGE_CURVE('',#979,#961,#531,.T.);
#1211=EDGE_CURVE('',#980,#976,#532,.T.);
#1212=EDGE_CURVE('',#981,#980,#533,.T.);
#1213=EDGE_CURVE('',#981,#982,#534,.T.);
#1214=EDGE_CURVE('',#982,#969,#535,.T.);
#1215=EDGE_CURVE('',#973,#966,#97,.T.);
#1216=EDGE_CURVE('',#972,#977,#98,.T.);
#1217=EDGE_CURVE('',#965,#975,#99,.T.);
#1218=EDGE_CURVE('',#974,#983,#536,.T.);
#1219=EDGE_CURVE('',#983,#984,#100,.T.);
#1220=EDGE_CURVE('',#984,#985,#15,.T.);
#1221=EDGE_CURVE('',#985,#983,#101,.T.);
#1222=EDGE_CURVE('',#984,#985,#537,.T.);
#1223=EDGE_CURVE('',#964,#980,#102,.T.);
#1224=EDGE_CURVE('',#979,#981,#103,.T.);
#1225=EDGE_CURVE('',#982,#978,#104,.T.);
#1226=EDGE_CURVE('',#963,#986,#538,.T.);
#1227=EDGE_CURVE('',#986,#986,#105,.T.);
#1228=EDGE_CURVE('',#971,#987,#539,.T.);
#1229=EDGE_CURVE('',#987,#987,#106,.T.);
#1230=EDGE_CURVE('',#988,#989,#540,.T.);
#1231=EDGE_CURVE('',#990,#988,#107,.T.);
#1232=EDGE_CURVE('',#991,#990,#20,.T.);
#1233=EDGE_CURVE('',#992,#991,#108,.T.);
#1234=EDGE_CURVE('',#992,#993,#541,.T.);
#1235=EDGE_CURVE('',#993,#989,#109,.F.);
#1236=EDGE_CURVE('',#994,#995,#542,.T.);
#1237=EDGE_CURVE('',#996,#994,#21,.T.);
#1238=EDGE_CURVE('',#997,#996,#110,.T.);
#1239=EDGE_CURVE('',#997,#998,#543,.T.);
#1240=EDGE_CURVE('',#998,#995,#111,.F.);
#1241=EDGE_CURVE('',#999,#1000,#544,.T.);
#1242=EDGE_CURVE('',#1001,#999,#112,.T.);
#1243=EDGE_CURVE('',#1002,#1001,#22,.T.);
#1244=EDGE_CURVE('',#1003,#1002,#113,.T.);
#1245=EDGE_CURVE('',#1003,#1004,#545,.T.);
#1246=EDGE_CURVE('',#1004,#1000,#114,.F.);
#1247=EDGE_CURVE('',#1005,#1006,#546,.T.);
#1248=EDGE_CURVE('',#1007,#1005,#23,.T.);
#1249=EDGE_CURVE('',#1008,#1007,#115,.T.);
#1250=EDGE_CURVE('',#1008,#1009,#547,.T.);
#1251=EDGE_CURVE('',#1009,#1006,#116,.F.);
#1252=EDGE_CURVE('',#1010,#1010,#117,.T.);
#1253=EDGE_CURVE('',#1010,#1011,#548,.T.);
#1254=EDGE_CURVE('',#1011,#1011,#118,.T.);
#1255=EDGE_CURVE('',#1012,#1012,#119,.T.);
#1256=EDGE_CURVE('',#1012,#1013,#549,.T.);
#1257=EDGE_CURVE('',#1013,#1013,#120,.T.);
#1258=EDGE_CURVE('',#1014,#1014,#121,.T.);
#1259=EDGE_CURVE('',#1014,#1015,#550,.T.);
#1260=EDGE_CURVE('',#1015,#1015,#122,.T.);
#1261=EDGE_CURVE('',#1016,#1016,#123,.T.);
#1262=EDGE_CURVE('',#1016,#1017,#551,.T.);
#1263=EDGE_CURVE('',#1017,#1017,#124,.T.);
#1264=EDGE_CURVE('',#1006,#1009,#125,.F.);
#1265=EDGE_CURVE('',#1008,#1009,#552,.T.);
#1266=EDGE_CURVE('',#1018,#1008,#126,.T.);
#1267=EDGE_CURVE('',#1005,#1018,#24,.T.);
#1268=EDGE_CURVE('',#1000,#1004,#127,.F.);
#1269=EDGE_CURVE('',#1003,#1004,#553,.T.);
#1270=EDGE_CURVE('',#999,#1003,#128,.T.);
#1271=EDGE_CURVE('',#995,#998,#129,.F.);
#1272=EDGE_CURVE('',#997,#998,#554,.T.);
#1273=EDGE_CURVE('',#1019,#997,#130,.T.);
#1274=EDGE_CURVE('',#994,#1019,#25,.T.);
#1275=EDGE_CURVE('',#989,#993,#131,.F.);
#1276=EDGE_CURVE('',#992,#993,#555,.T.);
#1277=EDGE_CURVE('',#988,#992,#132,.T.);
#1278=EDGE_CURVE('',#1008,#1020,#556,.T.);
#1279=EDGE_CURVE('',#1021,#1020,#557,.T.);
#1280=EDGE_CURVE('',#1018,#1021,#558,.T.);
#1281=EDGE_CURVE('',#1022,#996,#559,.T.);
#1282=EDGE_CURVE('',#1022,#1023,#560,.T.);
#1283=EDGE_CURVE('',#1023,#997,#561,.T.);
#1284=EDGE_CURVE('',#1024,#1021,#133,.T.);
#1285=EDGE_CURVE('',#991,#1024,#562,.T.);
#1286=EDGE_CURVE('',#1002,#990,#563,.T.);
#1287=EDGE_CURVE('',#1025,#1001,#564,.T.);
#1288=EDGE_CURVE('',#1025,#1022,#134,.T.);
#1289=EDGE_CURVE('',#1019,#1007,#565,.T.);
#1290=EDGE_CURVE('',#1026,#1003,#566,.T.);
#1291=EDGE_CURVE('',#1026,#1025,#567,.T.);
#1292=EDGE_CURVE('',#1027,#1024,#568,.T.);
#1293=EDGE_CURVE('',#992,#1027,#569,.T.);
#1294=EDGE_CURVE('',#1028,#1023,#570,.T.);
#1295=EDGE_CURVE('',#1028,#1029,#571,.T.);
#1296=EDGE_CURVE('',#1020,#1029,#572,.T.);
#1297=EDGE_CURVE('',#997,#1008,#573,.T.);
#1298=EDGE_CURVE('',#1003,#992,#574,.T.);
#1299=EDGE_CURVE('',#1026,#1030,#575,.T.);
#1300=EDGE_CURVE('',#1031,#1027,#576,.T.);
#1301=EDGE_CURVE('',#1030,#1031,#577,.T.);
#1302=EDGE_CURVE('',#1030,#1028,#578,.T.);
#1303=EDGE_CURVE('',#1029,#1031,#579,.T.);
#1304=EDGE_CURVE('',#1032,#1033,#580,.T.);
#1305=EDGE_CURVE('',#1034,#1032,#581,.T.);
#1306=EDGE_CURVE('',#1035,#1034,#582,.T.);
#1307=EDGE_CURVE('',#1036,#1035,#583,.T.);
#1308=EDGE_CURVE('',#1033,#1036,#584,.T.);
#1309=EDGE_CURVE('',#1035,#1037,#585,.T.);
#1310=EDGE_CURVE('',#1038,#1034,#586,.T.);
#1311=EDGE_CURVE('',#1037,#1038,#587,.T.);
#1312=EDGE_CURVE('',#1039,#1037,#588,.T.);
#1313=EDGE_CURVE('',#1040,#1039,#589,.T.);
#1314=EDGE_CURVE('',#1040,#1041,#590,.T.);
#1315=EDGE_CURVE('',#1041,#1042,#591,.T.);
#1316=EDGE_CURVE('',#1042,#1043,#592,.T.);
#1317=EDGE_CURVE('',#1043,#1036,#593,.T.);
#1318=EDGE_CURVE('',#1043,#1044,#594,.T.);
#1319=EDGE_CURVE('',#1045,#1044,#135,.T.);
#1320=EDGE_CURVE('',#1033,#1045,#136,.T.);
#1321=EDGE_CURVE('',#1032,#1046,#595,.T.);
#1322=EDGE_CURVE('',#1046,#1047,#596,.T.);
#1323=EDGE_CURVE('',#1047,#1048,#597,.T.);
#1324=EDGE_CURVE('',#1049,#1048,#598,.T.);
#1325=EDGE_CURVE('',#1050,#1049,#599,.T.);
#1326=EDGE_CURVE('',#1050,#1038,#600,.T.);
#1327=EDGE_CURVE('',#1051,#1052,#601,.T.);
#1328=EDGE_CURVE('',#1053,#1051,#602,.T.);
#1329=EDGE_CURVE('',#1047,#1053,#603,.T.);
#1330=EDGE_CURVE('',#1052,#1046,#604,.T.);
#1331=EDGE_CURVE('',#1048,#1053,#605,.T.);
#1332=EDGE_CURVE('',#1052,#1033,#137,.T.);
#1333=EDGE_CURVE('',#1054,#1042,#606,.T.);
#1334=EDGE_CURVE('',#1055,#1054,#607,.T.);
#1335=EDGE_CURVE('',#1044,#1055,#608,.T.);
#1336=EDGE_CURVE('',#1054,#1041,#609,.T.);
#1337=EDGE_CURVE('',#1056,#1055,#610,.T.);
#1338=EDGE_CURVE('',#1056,#1057,#611,.T.);
#1339=EDGE_CURVE('',#1044,#1057,#138,.T.);
#1340=EDGE_CURVE('',#1058,#1040,#612,.T.);
#1341=EDGE_CURVE('',#1058,#1059,#613,.T.);
#1342=EDGE_CURVE('',#1059,#1060,#614,.T.);
#1343=EDGE_CURVE('',#1060,#1056,#615,.T.);
#1344=EDGE_CURVE('',#1061,#1060,#616,.T.);
#1345=EDGE_CURVE('',#1062,#1061,#617,.T.);
#1346=EDGE_CURVE('',#1057,#1062,#618,.T.);
#1347=EDGE_CURVE('',#1063,#1059,#619,.T.);
#1348=EDGE_CURVE('',#1061,#1063,#620,.T.);
#1349=EDGE_CURVE('',#1051,#1062,#621,.T.);
#1350=EDGE_CURVE('',#1064,#1063,#622,.T.);
#1351=EDGE_CURVE('',#1049,#1064,#623,.T.);
#1352=EDGE_CURVE('',#1064,#1058,#624,.T.);
#1353=EDGE_CURVE('',#1039,#1050,#625,.T.);
#1354=EDGE_CURVE('',#1057,#1052,#139,.T.);
#1355=EDGE_CURVE('',#1065,#1066,#140,.T.);
#1356=EDGE_CURVE('',#1066,#1067,#626,.T.);
#1357=EDGE_CURVE('',#1067,#1068,#141,.T.);
#1358=EDGE_CURVE('',#1065,#1068,#627,.T.);
#1359=EDGE_CURVE('',#1067,#1069,#628,.T.);
#1360=EDGE_CURVE('',#1069,#1070,#629,.T.);
#1361=EDGE_CURVE('',#1070,#1071,#630,.T.);
#1362=EDGE_CURVE('',#1068,#1071,#142,.T.);
#1363=EDGE_CURVE('',#1072,#1065,#143,.T.);
#1364=EDGE_CURVE('',#1071,#1072,#631,.T.);
#1365=EDGE_CURVE('',#1073,#1073,#144,.T.);
#1366=EDGE_CURVE('',#1073,#1045,#632,.T.);
#1367=EDGE_CURVE('',#1074,#1066,#633,.T.);
#1368=EDGE_CURVE('',#1069,#1074,#634,.T.);
#1369=EDGE_CURVE('',#1075,#1074,#635,.T.);
#1370=EDGE_CURVE('',#1070,#1075,#636,.T.);
#1371=EDGE_CURVE('',#1072,#1075,#637,.T.);
#1372=EDGE_CURVE('',#1076,#1077,#638,.T.);
#1373=EDGE_CURVE('',#1078,#1076,#639,.T.);
#1374=EDGE_CURVE('',#1079,#1078,#640,.T.);
#1375=EDGE_CURVE('',#1080,#1079,#641,.T.);
#1376=EDGE_CURVE('',#1077,#1080,#642,.T.);
#1377=EDGE_CURVE('',#1081,#1082,#643,.T.);
#1378=EDGE_CURVE('',#1079,#1081,#644,.T.);
#1379=EDGE_CURVE('',#1082,#1078,#645,.T.);
#1380=EDGE_CURVE('',#1083,#1081,#646,.T.);
#1381=EDGE_CURVE('',#1084,#1083,#647,.T.);
#1382=EDGE_CURVE('',#1084,#1085,#648,.T.);
#1383=EDGE_CURVE('',#1085,#1086,#649,.T.);
#1384=EDGE_CURVE('',#1086,#1087,#650,.T.);
#1385=EDGE_CURVE('',#1087,#1080,#651,.T.);
#1386=EDGE_CURVE('',#1088,#1082,#652,.T.);
#1387=EDGE_CURVE('',#1083,#1088,#653,.T.);
#1388=EDGE_CURVE('',#1089,#1077,#145,.T.);
#1389=EDGE_CURVE('',#1089,#1090,#654,.T.);
#1390=EDGE_CURVE('',#1076,#1090,#655,.T.);
#1391=EDGE_CURVE('',#1090,#1091,#656,.T.);
#1392=EDGE_CURVE('',#1091,#1092,#657,.T.);
#1393=EDGE_CURVE('',#1093,#1092,#658,.T.);
#1394=EDGE_CURVE('',#1088,#1093,#659,.T.);
#1395=EDGE_CURVE('',#1094,#1089,#660,.T.);
#1396=EDGE_CURVE('',#1095,#1094,#661,.T.);
#1397=EDGE_CURVE('',#1091,#1095,#662,.T.);
#1398=EDGE_CURVE('',#1092,#1095,#663,.T.);
#1399=EDGE_CURVE('',#1087,#1096,#664,.T.);
#1400=EDGE_CURVE('',#1097,#1096,#146,.T.);
#1401=EDGE_CURVE('',#1077,#1097,#147,.T.);
#1402=EDGE_CURVE('',#1098,#1099,#665,.T.);
#1403=EDGE_CURVE('',#1100,#1098,#666,.T.);
#1404=EDGE_CURVE('',#1101,#1100,#667,.T.);
#1405=EDGE_CURVE('',#1102,#1101,#668,.T.);
#1406=EDGE_CURVE('',#1099,#1102,#669,.T.);
#1407=EDGE_CURVE('',#1103,#1100,#670,.T.);
#1408=EDGE_CURVE('',#1104,#1103,#671,.T.);
#1409=EDGE_CURVE('',#1101,#1104,#672,.T.);
#1410=EDGE_CURVE('',#1094,#1102,#673,.T.);
#1411=EDGE_CURVE('',#1105,#1104,#674,.T.);
#1412=EDGE_CURVE('',#1093,#1105,#675,.T.);
#1413=EDGE_CURVE('',#1099,#1089,#148,.T.);
#1414=EDGE_CURVE('',#1106,#1103,#676,.T.);
#1415=EDGE_CURVE('',#1105,#1106,#677,.T.);
#1416=EDGE_CURVE('',#1107,#1086,#678,.T.);
#1417=EDGE_CURVE('',#1108,#1107,#679,.T.);
#1418=EDGE_CURVE('',#1096,#1108,#680,.T.);
#1419=EDGE_CURVE('',#1107,#1085,#681,.T.);
#1420=EDGE_CURVE('',#1098,#1108,#682,.T.);
#1421=EDGE_CURVE('',#1106,#1084,#683,.T.);
#1422=EDGE_CURVE('',#1096,#1099,#149,.T.);
#1423=EDGE_CURVE('',#1109,#1110,#150,.T.);
#1424=EDGE_CURVE('',#1110,#1111,#684,.T.);
#1425=EDGE_CURVE('',#1111,#1112,#151,.T.);
#1426=EDGE_CURVE('',#1109,#1112,#685,.T.);
#1427=EDGE_CURVE('',#1113,#1110,#686,.T.);
#1428=EDGE_CURVE('',#1114,#1113,#687,.T.);
#1429=EDGE_CURVE('',#1114,#1111,#688,.T.);
#1430=EDGE_CURVE('',#1115,#1109,#152,.T.);
#1431=EDGE_CURVE('',#1115,#1116,#689,.T.);
#1432=EDGE_CURVE('',#1116,#1113,#690,.T.);
#1433=EDGE_CURVE('',#1117,#1117,#153,.T.);
#1434=EDGE_CURVE('',#1112,#1118,#154,.T.);
#1435=EDGE_CURVE('',#1118,#1115,#691,.T.);
#1436=EDGE_CURVE('',#1118,#1119,#692,.T.);
#1437=EDGE_CURVE('',#1119,#1116,#693,.T.);
#1438=EDGE_CURVE('',#1117,#1097,#694,.T.);
#1439=EDGE_CURVE('',#1119,#1114,#695,.T.);
#1440=EDGE_CURVE('',#1120,#1120,#155,.T.);
#1441=EDGE_CURVE('',#1120,#1121,#696,.T.);
#1442=EDGE_CURVE('',#1121,#1121,#156,.T.);
#1443=EDGE_CURVE('',#1122,#1122,#157,.T.);
#1444=EDGE_CURVE('',#1122,#1123,#697,.T.);
#1445=EDGE_CURVE('',#1123,#1123,#158,.T.);
#1446=EDGE_CURVE('',#1124,#1124,#159,.T.);
#1447=EDGE_CURVE('',#1124,#1125,#698,.T.);
#1448=EDGE_CURVE('',#1125,#1125,#160,.T.);
#1449=EDGE_CURVE('',#1126,#1126,#161,.T.);
#1450=EDGE_CURVE('',#1126,#1127,#699,.T.);
#1451=EDGE_CURVE('',#1127,#1127,#162,.T.);
#1452=ORIENTED_EDGE('',*,*,#1128,.T.);
#1453=ORIENTED_EDGE('',*,*,#1129,.F.);
#1454=ORIENTED_EDGE('',*,*,#1130,.F.);
#1455=ORIENTED_EDGE('',*,*,#1131,.F.);
#1456=ORIENTED_EDGE('',*,*,#1132,.T.);
#1457=ORIENTED_EDGE('',*,*,#1133,.F.);
#1458=ORIENTED_EDGE('',*,*,#1134,.T.);
#1459=ORIENTED_EDGE('',*,*,#1135,.F.);
#1460=ORIENTED_EDGE('',*,*,#1136,.F.);
#1461=ORIENTED_EDGE('',*,*,#1137,.F.);
#1462=ORIENTED_EDGE('',*,*,#1138,.T.);
#1463=ORIENTED_EDGE('',*,*,#1139,.T.);
#1464=ORIENTED_EDGE('',*,*,#1140,.F.);
#1465=ORIENTED_EDGE('',*,*,#1141,.F.);
#1466=ORIENTED_EDGE('',*,*,#1142,.F.);
#1467=ORIENTED_EDGE('',*,*,#1137,.T.);
#1468=ORIENTED_EDGE('',*,*,#1143,.F.);
#1469=ORIENTED_EDGE('',*,*,#1144,.F.);
#1470=ORIENTED_EDGE('',*,*,#1145,.T.);
#1471=ORIENTED_EDGE('',*,*,#1141,.T.);
#1472=ORIENTED_EDGE('',*,*,#1146,.F.);
#1473=ORIENTED_EDGE('',*,*,#1147,.F.);
#1474=ORIENTED_EDGE('',*,*,#1148,.T.);
#1475=ORIENTED_EDGE('',*,*,#1144,.T.);
#1476=ORIENTED_EDGE('',*,*,#1149,.F.);
#1477=ORIENTED_EDGE('',*,*,#1134,.F.);
#1478=ORIENTED_EDGE('',*,*,#1150,.F.);
#1479=ORIENTED_EDGE('',*,*,#1147,.T.);
#1480=ORIENTED_EDGE('',*,*,#1151,.F.);
#1481=ORIENTED_EDGE('',*,*,#1152,.F.);
#1482=ORIENTED_EDGE('',*,*,#1153,.F.);
#1483=ORIENTED_EDGE('',*,*,#1154,.F.);
#1484=ORIENTED_EDGE('',*,*,#1155,.F.);
#1485=ORIENTED_EDGE('',*,*,#1156,.F.);
#1486=ORIENTED_EDGE('',*,*,#1157,.F.);
#1487=ORIENTED_EDGE('',*,*,#1158,.F.);
#1488=ORIENTED_EDGE('',*,*,#1159,.F.);
#1489=ORIENTED_EDGE('',*,*,#1160,.F.);
#1490=ORIENTED_EDGE('',*,*,#1161,.F.);
#1491=ORIENTED_EDGE('',*,*,#1130,.T.);
#1492=ORIENTED_EDGE('',*,*,#1162,.F.);
#1493=ORIENTED_EDGE('',*,*,#1163,.F.);
#1494=ORIENTED_EDGE('',*,*,#1164,.F.);
#1495=ORIENTED_EDGE('',*,*,#1160,.T.);
#1496=ORIENTED_EDGE('',*,*,#1165,.F.);
#1497=ORIENTED_EDGE('',*,*,#1166,.F.);
#1498=ORIENTED_EDGE('',*,*,#1167,.T.);
#1499=ORIENTED_EDGE('',*,*,#1163,.T.);
#1500=ORIENTED_EDGE('',*,*,#1168,.F.);
#1501=ORIENTED_EDGE('',*,*,#1139,.F.);
#1502=ORIENTED_EDGE('',*,*,#1169,.F.);
#1503=ORIENTED_EDGE('',*,*,#1166,.T.);
#1504=ORIENTED_EDGE('',*,*,#1170,.F.);
#1505=ORIENTED_EDGE('',*,*,#1171,.T.);
#1506=ORIENTED_EDGE('',*,*,#1172,.T.);
#1507=ORIENTED_EDGE('',*,*,#1155,.T.);
#1508=ORIENTED_EDGE('',*,*,#1157,.T.);
#1509=ORIENTED_EDGE('',*,*,#1173,.T.);
#1510=ORIENTED_EDGE('',*,*,#1174,.T.);
#1511=ORIENTED_EDGE('',*,*,#1173,.F.);
#1512=ORIENTED_EDGE('',*,*,#1172,.F.);
#1513=ORIENTED_EDGE('',*,*,#1175,.T.);
#1514=ORIENTED_EDGE('',*,*,#1176,.T.);
#1515=ORIENTED_EDGE('',*,*,#1156,.T.);
#1516=ORIENTED_EDGE('',*,*,#1177,.F.);
#1517=ORIENTED_EDGE('',*,*,#1132,.F.);
#1518=ORIENTED_EDGE('',*,*,#1178,.F.);
#1519=ORIENTED_EDGE('',*,*,#1175,.F.);
#1520=ORIENTED_EDGE('',*,*,#1171,.F.);
#1521=ORIENTED_EDGE('',*,*,#1174,.F.);
#1522=ORIENTED_EDGE('',*,*,#1179,.F.);
#1523=ORIENTED_EDGE('',*,*,#1180,.T.);
#1524=ORIENTED_EDGE('',*,*,#1181,.T.);
#1525=ORIENTED_EDGE('',*,*,#1152,.T.);
#1526=ORIENTED_EDGE('',*,*,#1179,.T.);
#1527=ORIENTED_EDGE('',*,*,#1151,.T.);
#1528=ORIENTED_EDGE('',*,*,#1176,.F.);
#1529=ORIENTED_EDGE('',*,*,#1178,.T.);
#1530=ORIENTED_EDGE('',*,*,#1135,.T.);
#1531=ORIENTED_EDGE('',*,*,#1149,.T.);
#1532=ORIENTED_EDGE('',*,*,#1146,.T.);
#1533=ORIENTED_EDGE('',*,*,#1143,.T.);
#1534=ORIENTED_EDGE('',*,*,#1140,.T.);
#1535=ORIENTED_EDGE('',*,*,#1136,.T.);
#1536=ORIENTED_EDGE('',*,*,#1168,.T.);
#1537=ORIENTED_EDGE('',*,*,#1165,.T.);
#1538=ORIENTED_EDGE('',*,*,#1162,.T.);
#1539=ORIENTED_EDGE('',*,*,#1159,.T.);
#1540=ORIENTED_EDGE('',*,*,#1129,.T.);
#1541=ORIENTED_EDGE('',*,*,#1182,.T.);
#1542=ORIENTED_EDGE('',*,*,#1158,.T.);
#1543=ORIENTED_EDGE('',*,*,#1183,.T.);
#1544=ORIENTED_EDGE('',*,*,#1184,.T.);
#1545=ORIENTED_EDGE('',*,*,#1183,.F.);
#1546=ORIENTED_EDGE('',*,*,#1185,.F.);
#1547=ORIENTED_EDGE('',*,*,#1186,.T.);
#1548=ORIENTED_EDGE('',*,*,#1131,.T.);
#1549=ORIENTED_EDGE('',*,*,#1161,.T.);
#1550=ORIENTED_EDGE('',*,*,#1164,.T.);
#1551=ORIENTED_EDGE('',*,*,#1167,.F.);
#1552=ORIENTED_EDGE('',*,*,#1169,.T.);
#1553=ORIENTED_EDGE('',*,*,#1138,.F.);
#1554=ORIENTED_EDGE('',*,*,#1142,.T.);
#1555=ORIENTED_EDGE('',*,*,#1145,.F.);
#1556=ORIENTED_EDGE('',*,*,#1148,.F.);
#1557=ORIENTED_EDGE('',*,*,#1150,.T.);
#1558=ORIENTED_EDGE('',*,*,#1133,.T.);
#1559=ORIENTED_EDGE('',*,*,#1177,.T.);
#1560=ORIENTED_EDGE('',*,*,#1170,.T.);
#1561=ORIENTED_EDGE('',*,*,#1154,.T.);
#1562=ORIENTED_EDGE('',*,*,#1181,.F.);
#1563=ORIENTED_EDGE('',*,*,#1187,.T.);
#1564=ORIENTED_EDGE('',*,*,#1185,.T.);
#1565=ORIENTED_EDGE('',*,*,#1153,.T.);
#1566=ORIENTED_EDGE('',*,*,#1182,.F.);
#1567=ORIENTED_EDGE('',*,*,#1128,.F.);
#1568=ORIENTED_EDGE('',*,*,#1186,.F.);
#1569=ORIENTED_EDGE('',*,*,#1187,.F.);
#1570=ORIENTED_EDGE('',*,*,#1180,.F.);
#1571=ORIENTED_EDGE('',*,*,#1184,.F.);
#1572=ORIENTED_EDGE('',*,*,#1188,.F.);
#1573=ORIENTED_EDGE('',*,*,#1189,.F.);
#1574=ORIENTED_EDGE('',*,*,#1190,.F.);
#1575=ORIENTED_EDGE('',*,*,#1191,.F.);
#1576=ORIENTED_EDGE('',*,*,#1192,.F.);
#1577=ORIENTED_EDGE('',*,*,#1193,.F.);
#1578=ORIENTED_EDGE('',*,*,#1194,.F.);
#1579=ORIENTED_EDGE('',*,*,#1195,.F.);
#1580=ORIENTED_EDGE('',*,*,#1196,.F.);
#1581=ORIENTED_EDGE('',*,*,#1189,.T.);
#1582=ORIENTED_EDGE('',*,*,#1197,.F.);
#1583=ORIENTED_EDGE('',*,*,#1198,.F.);
#1584=ORIENTED_EDGE('',*,*,#1199,.F.);
#1585=ORIENTED_EDGE('',*,*,#1200,.F.);
#1586=ORIENTED_EDGE('',*,*,#1201,.F.);
#1587=ORIENTED_EDGE('',*,*,#1202,.F.);
#1588=ORIENTED_EDGE('',*,*,#1203,.F.);
#1589=ORIENTED_EDGE('',*,*,#1204,.F.);
#1590=ORIENTED_EDGE('',*,*,#1205,.F.);
#1591=ORIENTED_EDGE('',*,*,#1206,.F.);
#1592=ORIENTED_EDGE('',*,*,#1198,.T.);
#1593=ORIENTED_EDGE('',*,*,#1190,.T.);
#1594=ORIENTED_EDGE('',*,*,#1196,.T.);
#1595=ORIENTED_EDGE('',*,*,#1207,.F.);
#1596=ORIENTED_EDGE('',*,*,#1208,.F.);
#1597=ORIENTED_EDGE('',*,*,#1209,.T.);
#1598=ORIENTED_EDGE('',*,*,#1210,.T.);
#1599=ORIENTED_EDGE('',*,*,#1199,.T.);
#1600=ORIENTED_EDGE('',*,*,#1206,.T.);
#1601=ORIENTED_EDGE('',*,*,#1211,.F.);
#1602=ORIENTED_EDGE('',*,*,#1212,.F.);
#1603=ORIENTED_EDGE('',*,*,#1213,.T.);
#1604=ORIENTED_EDGE('',*,*,#1214,.T.);
#1605=ORIENTED_EDGE('',*,*,#1195,.T.);
#1606=ORIENTED_EDGE('',*,*,#1215,.F.);
#1607=ORIENTED_EDGE('',*,*,#1202,.T.);
#1608=ORIENTED_EDGE('',*,*,#1216,.T.);
#1609=ORIENTED_EDGE('',*,*,#1207,.T.);
#1610=ORIENTED_EDGE('',*,*,#1194,.T.);
#1611=ORIENTED_EDGE('',*,*,#1217,.T.);
#1612=ORIENTED_EDGE('',*,*,#1204,.T.);
#1613=ORIENTED_EDGE('',*,*,#1218,.T.);
#1614=ORIENTED_EDGE('',*,*,#1219,.T.);
#1615=ORIENTED_EDGE('',*,*,#1220,.T.);
#1616=ORIENTED_EDGE('',*,*,#1221,.T.);
#1617=ORIENTED_EDGE('',*,*,#1218,.F.);
#1618=ORIENTED_EDGE('',*,*,#1203,.T.);
#1619=ORIENTED_EDGE('',*,*,#1215,.T.);
#1620=ORIENTED_EDGE('',*,*,#1220,.F.);
#1621=ORIENTED_EDGE('',*,*,#1222,.T.);
#1622=ORIENTED_EDGE('',*,*,#1193,.T.);
#1623=ORIENTED_EDGE('',*,*,#1223,.T.);
#1624=ORIENTED_EDGE('',*,*,#1211,.T.);
#1625=ORIENTED_EDGE('',*,*,#1205,.T.);
#1626=ORIENTED_EDGE('',*,*,#1217,.F.);
#1627=ORIENTED_EDGE('',*,*,#1188,.T.);
#1628=ORIENTED_EDGE('',*,*,#1210,.F.);
#1629=ORIENTED_EDGE('',*,*,#1224,.T.);
#1630=ORIENTED_EDGE('',*,*,#1212,.T.);
#1631=ORIENTED_EDGE('',*,*,#1223,.F.);
#1632=ORIENTED_EDGE('',*,*,#1192,.T.);
#1633=ORIENTED_EDGE('',*,*,#1197,.T.);
#1634=ORIENTED_EDGE('',*,*,#1214,.F.);
#1635=ORIENTED_EDGE('',*,*,#1225,.T.);
#1636=ORIENTED_EDGE('',*,*,#1208,.T.);
#1637=ORIENTED_EDGE('',*,*,#1216,.F.);
#1638=ORIENTED_EDGE('',*,*,#1201,.T.);
#1639=ORIENTED_EDGE('',*,*,#1191,.T.);
#1640=ORIENTED_EDGE('',*,*,#1226,.T.);
#1641=ORIENTED_EDGE('',*,*,#1227,.T.);
#1642=ORIENTED_EDGE('',*,*,#1226,.F.);
#1643=ORIENTED_EDGE('',*,*,#1200,.T.);
#1644=ORIENTED_EDGE('',*,*,#1228,.T.);
#1645=ORIENTED_EDGE('',*,*,#1229,.T.);
#1646=ORIENTED_EDGE('',*,*,#1228,.F.);
#1647=ORIENTED_EDGE('',*,*,#1221,.F.);
#1648=ORIENTED_EDGE('',*,*,#1222,.F.);
#1649=ORIENTED_EDGE('',*,*,#1219,.F.);
#1650=ORIENTED_EDGE('',*,*,#1229,.F.);
#1651=ORIENTED_EDGE('',*,*,#1227,.F.);
#1652=ORIENTED_EDGE('',*,*,#1225,.F.);
#1653=ORIENTED_EDGE('',*,*,#1213,.F.);
#1654=ORIENTED_EDGE('',*,*,#1224,.F.);
#1655=ORIENTED_EDGE('',*,*,#1209,.F.);
#1656=ORIENTED_EDGE('',*,*,#1230,.F.);
#1657=ORIENTED_EDGE('',*,*,#1231,.F.);
#1658=ORIENTED_EDGE('',*,*,#1232,.F.);
#1659=ORIENTED_EDGE('',*,*,#1233,.F.);
#1660=ORIENTED_EDGE('',*,*,#1234,.T.);
#1661=ORIENTED_EDGE('',*,*,#1235,.T.);
#1662=ORIENTED_EDGE('',*,*,#1236,.F.);
#1663=ORIENTED_EDGE('',*,*,#1237,.F.);
#1664=ORIENTED_EDGE('',*,*,#1238,.F.);
#1665=ORIENTED_EDGE('',*,*,#1239,.T.);
#1666=ORIENTED_EDGE('',*,*,#1240,.T.);
#1667=ORIENTED_EDGE('',*,*,#1241,.F.);
#1668=ORIENTED_EDGE('',*,*,#1242,.F.);
#1669=ORIENTED_EDGE('',*,*,#1243,.F.);
#1670=ORIENTED_EDGE('',*,*,#1244,.F.);
#1671=ORIENTED_EDGE('',*,*,#1245,.T.);
#1672=ORIENTED_EDGE('',*,*,#1246,.T.);
#1673=ORIENTED_EDGE('',*,*,#1247,.F.);
#1674=ORIENTED_EDGE('',*,*,#1248,.F.);
#1675=ORIENTED_EDGE('',*,*,#1249,.F.);
#1676=ORIENTED_EDGE('',*,*,#1250,.T.);
#1677=ORIENTED_EDGE('',*,*,#1251,.T.);
#1678=ORIENTED_EDGE('',*,*,#1252,.F.);
#1679=ORIENTED_EDGE('',*,*,#1253,.T.);
#1680=ORIENTED_EDGE('',*,*,#1254,.F.);
#1681=ORIENTED_EDGE('',*,*,#1253,.F.);
#1682=ORIENTED_EDGE('',*,*,#1255,.F.);
#1683=ORIENTED_EDGE('',*,*,#1256,.T.);
#1684=ORIENTED_EDGE('',*,*,#1257,.F.);
#1685=ORIENTED_EDGE('',*,*,#1256,.F.);
#1686=ORIENTED_EDGE('',*,*,#1258,.F.);
#1687=ORIENTED_EDGE('',*,*,#1259,.T.);
#1688=ORIENTED_EDGE('',*,*,#1260,.F.);
#1689=ORIENTED_EDGE('',*,*,#1259,.F.);
#1690=ORIENTED_EDGE('',*,*,#1261,.F.);
#1691=ORIENTED_EDGE('',*,*,#1262,.T.);
#1692=ORIENTED_EDGE('',*,*,#1263,.F.);
#1693=ORIENTED_EDGE('',*,*,#1262,.F.);
#1694=ORIENTED_EDGE('',*,*,#1247,.T.);
#1695=ORIENTED_EDGE('',*,*,#1264,.T.);
#1696=ORIENTED_EDGE('',*,*,#1265,.F.);
#1697=ORIENTED_EDGE('',*,*,#1266,.F.);
#1698=ORIENTED_EDGE('',*,*,#1267,.F.);
#1699=ORIENTED_EDGE('',*,*,#1251,.F.);
#1700=ORIENTED_EDGE('',*,*,#1264,.F.);
#1701=ORIENTED_EDGE('',*,*,#1252,.T.);
#1702=ORIENTED_EDGE('',*,*,#1241,.T.);
#1703=ORIENTED_EDGE('',*,*,#1268,.T.);
#1704=ORIENTED_EDGE('',*,*,#1269,.F.);
#1705=ORIENTED_EDGE('',*,*,#1270,.F.);
#1706=ORIENTED_EDGE('',*,*,#1246,.F.);
#1707=ORIENTED_EDGE('',*,*,#1268,.F.);
#1708=ORIENTED_EDGE('',*,*,#1255,.T.);
#1709=ORIENTED_EDGE('',*,*,#1236,.T.);
#1710=ORIENTED_EDGE('',*,*,#1271,.T.);
#1711=ORIENTED_EDGE('',*,*,#1272,.F.);
#1712=ORIENTED_EDGE('',*,*,#1273,.F.);
#1713=ORIENTED_EDGE('',*,*,#1274,.F.);
#1714=ORIENTED_EDGE('',*,*,#1240,.F.);
#1715=ORIENTED_EDGE('',*,*,#1271,.F.);
#1716=ORIENTED_EDGE('',*,*,#1258,.T.);
#1717=ORIENTED_EDGE('',*,*,#1230,.T.);
#1718=ORIENTED_EDGE('',*,*,#1275,.T.);
#1719=ORIENTED_EDGE('',*,*,#1276,.F.);
#1720=ORIENTED_EDGE('',*,*,#1277,.F.);
#1721=ORIENTED_EDGE('',*,*,#1235,.F.);
#1722=ORIENTED_EDGE('',*,*,#1275,.F.);
#1723=ORIENTED_EDGE('',*,*,#1261,.T.);
#1724=ORIENTED_EDGE('',*,*,#1266,.T.);
#1725=ORIENTED_EDGE('',*,*,#1278,.T.);
#1726=ORIENTED_EDGE('',*,*,#1279,.F.);
#1727=ORIENTED_EDGE('',*,*,#1280,.F.);
#1728=ORIENTED_EDGE('',*,*,#1238,.T.);
#1729=ORIENTED_EDGE('',*,*,#1281,.F.);
#1730=ORIENTED_EDGE('',*,*,#1282,.T.);
#1731=ORIENTED_EDGE('',*,*,#1283,.T.);
#1732=ORIENTED_EDGE('',*,*,#1248,.T.);
#1733=ORIENTED_EDGE('',*,*,#1267,.T.);
#1734=ORIENTED_EDGE('',*,*,#1280,.T.);
#1735=ORIENTED_EDGE('',*,*,#1284,.F.);
#1736=ORIENTED_EDGE('',*,*,#1285,.F.);
#1737=ORIENTED_EDGE('',*,*,#1232,.T.);
#1738=ORIENTED_EDGE('',*,*,#1286,.F.);
#1739=ORIENTED_EDGE('',*,*,#1243,.T.);
#1740=ORIENTED_EDGE('',*,*,#1287,.F.);
#1741=ORIENTED_EDGE('',*,*,#1288,.T.);
#1742=ORIENTED_EDGE('',*,*,#1281,.T.);
#1743=ORIENTED_EDGE('',*,*,#1237,.T.);
#1744=ORIENTED_EDGE('',*,*,#1274,.T.);
#1745=ORIENTED_EDGE('',*,*,#1289,.T.);
#1746=ORIENTED_EDGE('',*,*,#1242,.T.);
#1747=ORIENTED_EDGE('',*,*,#1270,.T.);
#1748=ORIENTED_EDGE('',*,*,#1290,.F.);
#1749=ORIENTED_EDGE('',*,*,#1291,.T.);
#1750=ORIENTED_EDGE('',*,*,#1287,.T.);
#1751=ORIENTED_EDGE('',*,*,#1233,.T.);
#1752=ORIENTED_EDGE('',*,*,#1285,.T.);
#1753=ORIENTED_EDGE('',*,*,#1292,.F.);
#1754=ORIENTED_EDGE('',*,*,#1293,.F.);
#1755=ORIENTED_EDGE('',*,*,#1294,.F.);
#1756=ORIENTED_EDGE('',*,*,#1295,.T.);
#1757=ORIENTED_EDGE('',*,*,#1296,.F.);
#1758=ORIENTED_EDGE('',*,*,#1278,.F.);
#1759=ORIENTED_EDGE('',*,*,#1265,.T.);
#1760=ORIENTED_EDGE('',*,*,#1250,.F.);
#1761=ORIENTED_EDGE('',*,*,#1297,.F.);
#1762=ORIENTED_EDGE('',*,*,#1272,.T.);
#1763=ORIENTED_EDGE('',*,*,#1239,.F.);
#1764=ORIENTED_EDGE('',*,*,#1283,.F.);
#1765=ORIENTED_EDGE('',*,*,#1249,.T.);
#1766=ORIENTED_EDGE('',*,*,#1289,.F.);
#1767=ORIENTED_EDGE('',*,*,#1273,.T.);
#1768=ORIENTED_EDGE('',*,*,#1297,.T.);
#1769=ORIENTED_EDGE('',*,*,#1244,.T.);
#1770=ORIENTED_EDGE('',*,*,#1286,.T.);
#1771=ORIENTED_EDGE('',*,*,#1231,.T.);
#1772=ORIENTED_EDGE('',*,*,#1277,.T.);
#1773=ORIENTED_EDGE('',*,*,#1298,.F.);
#1774=ORIENTED_EDGE('',*,*,#1299,.F.);
#1775=ORIENTED_EDGE('',*,*,#1290,.T.);
#1776=ORIENTED_EDGE('',*,*,#1269,.T.);
#1777=ORIENTED_EDGE('',*,*,#1245,.F.);
#1778=ORIENTED_EDGE('',*,*,#1298,.T.);
#1779=ORIENTED_EDGE('',*,*,#1276,.T.);
#1780=ORIENTED_EDGE('',*,*,#1234,.F.);
#1781=ORIENTED_EDGE('',*,*,#1293,.T.);
#1782=ORIENTED_EDGE('',*,*,#1300,.F.);
#1783=ORIENTED_EDGE('',*,*,#1301,.F.);
#1784=ORIENTED_EDGE('',*,*,#1302,.F.);
#1785=ORIENTED_EDGE('',*,*,#1301,.T.);
#1786=ORIENTED_EDGE('',*,*,#1303,.F.);
#1787=ORIENTED_EDGE('',*,*,#1295,.F.);
#1788=ORIENTED_EDGE('',*,*,#1254,.T.);
#1789=ORIENTED_EDGE('',*,*,#1257,.T.);
#1790=ORIENTED_EDGE('',*,*,#1260,.T.);
#1791=ORIENTED_EDGE('',*,*,#1263,.T.);
#1792=ORIENTED_EDGE('',*,*,#1302,.T.);
#1793=ORIENTED_EDGE('',*,*,#1294,.T.);
#1794=ORIENTED_EDGE('',*,*,#1282,.F.);
#1795=ORIENTED_EDGE('',*,*,#1288,.F.);
#1796=ORIENTED_EDGE('',*,*,#1291,.F.);
#1797=ORIENTED_EDGE('',*,*,#1299,.T.);
#1798=ORIENTED_EDGE('',*,*,#1303,.T.);
#1799=ORIENTED_EDGE('',*,*,#1300,.T.);
#1800=ORIENTED_EDGE('',*,*,#1292,.T.);
#1801=ORIENTED_EDGE('',*,*,#1284,.T.);
#1802=ORIENTED_EDGE('',*,*,#1279,.T.);
#1803=ORIENTED_EDGE('',*,*,#1296,.T.);
#1804=ORIENTED_EDGE('',*,*,#1304,.F.);
#1805=ORIENTED_EDGE('',*,*,#1305,.F.);
#1806=ORIENTED_EDGE('',*,*,#1306,.F.);
#1807=ORIENTED_EDGE('',*,*,#1307,.F.);
#1808=ORIENTED_EDGE('',*,*,#1308,.F.);
#1809=ORIENTED_EDGE('',*,*,#1309,.F.);
#1810=ORIENTED_EDGE('',*,*,#1306,.T.);
#1811=ORIENTED_EDGE('',*,*,#1310,.F.);
#1812=ORIENTED_EDGE('',*,*,#1311,.F.);
#1813=ORIENTED_EDGE('',*,*,#1307,.T.);
#1814=ORIENTED_EDGE('',*,*,#1309,.T.);
#1815=ORIENTED_EDGE('',*,*,#1312,.F.);
#1816=ORIENTED_EDGE('',*,*,#1313,.F.);
#1817=ORIENTED_EDGE('',*,*,#1314,.T.);
#1818=ORIENTED_EDGE('',*,*,#1315,.T.);
#1819=ORIENTED_EDGE('',*,*,#1316,.T.);
#1820=ORIENTED_EDGE('',*,*,#1317,.T.);
#1821=ORIENTED_EDGE('',*,*,#1308,.T.);
#1822=ORIENTED_EDGE('',*,*,#1317,.F.);
#1823=ORIENTED_EDGE('',*,*,#1318,.T.);
#1824=ORIENTED_EDGE('',*,*,#1319,.F.);
#1825=ORIENTED_EDGE('',*,*,#1320,.F.);
#1826=ORIENTED_EDGE('',*,*,#1310,.T.);
#1827=ORIENTED_EDGE('',*,*,#1305,.T.);
#1828=ORIENTED_EDGE('',*,*,#1321,.T.);
#1829=ORIENTED_EDGE('',*,*,#1322,.T.);
#1830=ORIENTED_EDGE('',*,*,#1323,.T.);
#1831=ORIENTED_EDGE('',*,*,#1324,.F.);
#1832=ORIENTED_EDGE('',*,*,#1325,.F.);
#1833=ORIENTED_EDGE('',*,*,#1326,.T.);
#1834=ORIENTED_EDGE('',*,*,#1327,.F.);
#1835=ORIENTED_EDGE('',*,*,#1328,.F.);
#1836=ORIENTED_EDGE('',*,*,#1329,.F.);
#1837=ORIENTED_EDGE('',*,*,#1322,.F.);
#1838=ORIENTED_EDGE('',*,*,#1330,.F.);
#1839=ORIENTED_EDGE('',*,*,#1329,.T.);
#1840=ORIENTED_EDGE('',*,*,#1331,.F.);
#1841=ORIENTED_EDGE('',*,*,#1323,.F.);
#1842=ORIENTED_EDGE('',*,*,#1304,.T.);
#1843=ORIENTED_EDGE('',*,*,#1332,.F.);
#1844=ORIENTED_EDGE('',*,*,#1330,.T.);
#1845=ORIENTED_EDGE('',*,*,#1321,.F.);
#1846=ORIENTED_EDGE('',*,*,#1318,.F.);
#1847=ORIENTED_EDGE('',*,*,#1316,.F.);
#1848=ORIENTED_EDGE('',*,*,#1333,.F.);
#1849=ORIENTED_EDGE('',*,*,#1334,.F.);
#1850=ORIENTED_EDGE('',*,*,#1335,.F.);
#1851=ORIENTED_EDGE('',*,*,#1333,.T.);
#1852=ORIENTED_EDGE('',*,*,#1315,.F.);
#1853=ORIENTED_EDGE('',*,*,#1336,.F.);
#1854=ORIENTED_EDGE('',*,*,#1335,.T.);
#1855=ORIENTED_EDGE('',*,*,#1337,.F.);
#1856=ORIENTED_EDGE('',*,*,#1338,.T.);
#1857=ORIENTED_EDGE('',*,*,#1339,.F.);
#1858=ORIENTED_EDGE('',*,*,#1334,.T.);
#1859=ORIENTED_EDGE('',*,*,#1336,.T.);
#1860=ORIENTED_EDGE('',*,*,#1314,.F.);
#1861=ORIENTED_EDGE('',*,*,#1340,.F.);
#1862=ORIENTED_EDGE('',*,*,#1341,.T.);
#1863=ORIENTED_EDGE('',*,*,#1342,.T.);
#1864=ORIENTED_EDGE('',*,*,#1343,.T.);
#1865=ORIENTED_EDGE('',*,*,#1337,.T.);
#1866=ORIENTED_EDGE('',*,*,#1338,.F.);
#1867=ORIENTED_EDGE('',*,*,#1343,.F.);
#1868=ORIENTED_EDGE('',*,*,#1344,.F.);
#1869=ORIENTED_EDGE('',*,*,#1345,.F.);
#1870=ORIENTED_EDGE('',*,*,#1346,.F.);
#1871=ORIENTED_EDGE('',*,*,#1342,.F.);
#1872=ORIENTED_EDGE('',*,*,#1347,.F.);
#1873=ORIENTED_EDGE('',*,*,#1348,.F.);
#1874=ORIENTED_EDGE('',*,*,#1344,.T.);
#1875=ORIENTED_EDGE('',*,*,#1328,.T.);
#1876=ORIENTED_EDGE('',*,*,#1349,.T.);
#1877=ORIENTED_EDGE('',*,*,#1345,.T.);
#1878=ORIENTED_EDGE('',*,*,#1348,.T.);
#1879=ORIENTED_EDGE('',*,*,#1350,.F.);
#1880=ORIENTED_EDGE('',*,*,#1351,.F.);
#1881=ORIENTED_EDGE('',*,*,#1324,.T.);
#1882=ORIENTED_EDGE('',*,*,#1331,.T.);
#1883=ORIENTED_EDGE('',*,*,#1347,.T.);
#1884=ORIENTED_EDGE('',*,*,#1341,.F.);
#1885=ORIENTED_EDGE('',*,*,#1352,.F.);
#1886=ORIENTED_EDGE('',*,*,#1350,.T.);
#1887=ORIENTED_EDGE('',*,*,#1311,.T.);
#1888=ORIENTED_EDGE('',*,*,#1326,.F.);
#1889=ORIENTED_EDGE('',*,*,#1353,.F.);
#1890=ORIENTED_EDGE('',*,*,#1312,.T.);
#1891=ORIENTED_EDGE('',*,*,#1327,.T.);
#1892=ORIENTED_EDGE('',*,*,#1354,.F.);
#1893=ORIENTED_EDGE('',*,*,#1346,.T.);
#1894=ORIENTED_EDGE('',*,*,#1349,.F.);
#1895=ORIENTED_EDGE('',*,*,#1355,.T.);
#1896=ORIENTED_EDGE('',*,*,#1356,.T.);
#1897=ORIENTED_EDGE('',*,*,#1357,.T.);
#1898=ORIENTED_EDGE('',*,*,#1358,.F.);
#1899=ORIENTED_EDGE('',*,*,#1357,.F.);
#1900=ORIENTED_EDGE('',*,*,#1359,.T.);
#1901=ORIENTED_EDGE('',*,*,#1360,.T.);
#1902=ORIENTED_EDGE('',*,*,#1361,.T.);
#1903=ORIENTED_EDGE('',*,*,#1362,.F.);
#1904=ORIENTED_EDGE('',*,*,#1353,.T.);
#1905=ORIENTED_EDGE('',*,*,#1325,.T.);
#1906=ORIENTED_EDGE('',*,*,#1351,.T.);
#1907=ORIENTED_EDGE('',*,*,#1352,.T.);
#1908=ORIENTED_EDGE('',*,*,#1340,.T.);
#1909=ORIENTED_EDGE('',*,*,#1313,.T.);
#1910=ORIENTED_EDGE('',*,*,#1363,.T.);
#1911=ORIENTED_EDGE('',*,*,#1358,.T.);
#1912=ORIENTED_EDGE('',*,*,#1362,.T.);
#1913=ORIENTED_EDGE('',*,*,#1364,.T.);
#1914=ORIENTED_EDGE('',*,*,#1365,.F.);
#1915=ORIENTED_EDGE('',*,*,#1366,.T.);
#1916=ORIENTED_EDGE('',*,*,#1319,.T.);
#1917=ORIENTED_EDGE('',*,*,#1339,.T.);
#1918=ORIENTED_EDGE('',*,*,#1354,.T.);
#1919=ORIENTED_EDGE('',*,*,#1332,.T.);
#1920=ORIENTED_EDGE('',*,*,#1320,.T.);
#1921=ORIENTED_EDGE('',*,*,#1366,.F.);
#1922=ORIENTED_EDGE('',*,*,#1356,.F.);
#1923=ORIENTED_EDGE('',*,*,#1367,.F.);
#1924=ORIENTED_EDGE('',*,*,#1368,.F.);
#1925=ORIENTED_EDGE('',*,*,#1359,.F.);
#1926=ORIENTED_EDGE('',*,*,#1360,.F.);
#1927=ORIENTED_EDGE('',*,*,#1368,.T.);
#1928=ORIENTED_EDGE('',*,*,#1369,.F.);
#1929=ORIENTED_EDGE('',*,*,#1370,.F.);
#1930=ORIENTED_EDGE('',*,*,#1364,.F.);
#1931=ORIENTED_EDGE('',*,*,#1361,.F.);
#1932=ORIENTED_EDGE('',*,*,#1370,.T.);
#1933=ORIENTED_EDGE('',*,*,#1371,.F.);
#1934=ORIENTED_EDGE('',*,*,#1355,.F.);
#1935=ORIENTED_EDGE('',*,*,#1363,.F.);
#1936=ORIENTED_EDGE('',*,*,#1371,.T.);
#1937=ORIENTED_EDGE('',*,*,#1369,.T.);
#1938=ORIENTED_EDGE('',*,*,#1367,.T.);
#1939=ORIENTED_EDGE('',*,*,#1365,.T.);
#1940=ORIENTED_EDGE('',*,*,#1372,.F.);
#1941=ORIENTED_EDGE('',*,*,#1373,.F.);
#1942=ORIENTED_EDGE('',*,*,#1374,.F.);
#1943=ORIENTED_EDGE('',*,*,#1375,.F.);
#1944=ORIENTED_EDGE('',*,*,#1376,.F.);
#1945=ORIENTED_EDGE('',*,*,#1377,.F.);
#1946=ORIENTED_EDGE('',*,*,#1378,.F.);
#1947=ORIENTED_EDGE('',*,*,#1374,.T.);
#1948=ORIENTED_EDGE('',*,*,#1379,.F.);
#1949=ORIENTED_EDGE('',*,*,#1375,.T.);
#1950=ORIENTED_EDGE('',*,*,#1378,.T.);
#1951=ORIENTED_EDGE('',*,*,#1380,.F.);
#1952=ORIENTED_EDGE('',*,*,#1381,.F.);
#1953=ORIENTED_EDGE('',*,*,#1382,.T.);
#1954=ORIENTED_EDGE('',*,*,#1383,.T.);
#1955=ORIENTED_EDGE('',*,*,#1384,.T.);
#1956=ORIENTED_EDGE('',*,*,#1385,.T.);
#1957=ORIENTED_EDGE('',*,*,#1377,.T.);
#1958=ORIENTED_EDGE('',*,*,#1386,.F.);
#1959=ORIENTED_EDGE('',*,*,#1387,.F.);
#1960=ORIENTED_EDGE('',*,*,#1380,.T.);
#1961=ORIENTED_EDGE('',*,*,#1372,.T.);
#1962=ORIENTED_EDGE('',*,*,#1388,.F.);
#1963=ORIENTED_EDGE('',*,*,#1389,.T.);
#1964=ORIENTED_EDGE('',*,*,#1390,.F.);
#1965=ORIENTED_EDGE('',*,*,#1379,.T.);
#1966=ORIENTED_EDGE('',*,*,#1373,.T.);
#1967=ORIENTED_EDGE('',*,*,#1390,.T.);
#1968=ORIENTED_EDGE('',*,*,#1391,.T.);
#1969=ORIENTED_EDGE('',*,*,#1392,.T.);
#1970=ORIENTED_EDGE('',*,*,#1393,.F.);
#1971=ORIENTED_EDGE('',*,*,#1394,.F.);
#1972=ORIENTED_EDGE('',*,*,#1386,.T.);
#1973=ORIENTED_EDGE('',*,*,#1395,.F.);
#1974=ORIENTED_EDGE('',*,*,#1396,.F.);
#1975=ORIENTED_EDGE('',*,*,#1397,.F.);
#1976=ORIENTED_EDGE('',*,*,#1391,.F.);
#1977=ORIENTED_EDGE('',*,*,#1389,.F.);
#1978=ORIENTED_EDGE('',*,*,#1398,.F.);
#1979=ORIENTED_EDGE('',*,*,#1392,.F.);
#1980=ORIENTED_EDGE('',*,*,#1397,.T.);
#1981=ORIENTED_EDGE('',*,*,#1376,.T.);
#1982=ORIENTED_EDGE('',*,*,#1385,.F.);
#1983=ORIENTED_EDGE('',*,*,#1399,.T.);
#1984=ORIENTED_EDGE('',*,*,#1400,.F.);
#1985=ORIENTED_EDGE('',*,*,#1401,.F.);
#1986=ORIENTED_EDGE('',*,*,#1402,.F.);
#1987=ORIENTED_EDGE('',*,*,#1403,.F.);
#1988=ORIENTED_EDGE('',*,*,#1404,.F.);
#1989=ORIENTED_EDGE('',*,*,#1405,.F.);
#1990=ORIENTED_EDGE('',*,*,#1406,.F.);
#1991=ORIENTED_EDGE('',*,*,#1404,.T.);
#1992=ORIENTED_EDGE('',*,*,#1407,.F.);
#1993=ORIENTED_EDGE('',*,*,#1408,.F.);
#1994=ORIENTED_EDGE('',*,*,#1409,.F.);
#1995=ORIENTED_EDGE('',*,*,#1396,.T.);
#1996=ORIENTED_EDGE('',*,*,#1410,.T.);
#1997=ORIENTED_EDGE('',*,*,#1405,.T.);
#1998=ORIENTED_EDGE('',*,*,#1409,.T.);
#1999=ORIENTED_EDGE('',*,*,#1411,.F.);
#2000=ORIENTED_EDGE('',*,*,#1412,.F.);
#2001=ORIENTED_EDGE('',*,*,#1393,.T.);
#2002=ORIENTED_EDGE('',*,*,#1398,.T.);
#2003=ORIENTED_EDGE('',*,*,#1395,.T.);
#2004=ORIENTED_EDGE('',*,*,#1413,.F.);
#2005=ORIENTED_EDGE('',*,*,#1406,.T.);
#2006=ORIENTED_EDGE('',*,*,#1410,.F.);
#2007=ORIENTED_EDGE('',*,*,#1408,.T.);
#2008=ORIENTED_EDGE('',*,*,#1414,.F.);
#2009=ORIENTED_EDGE('',*,*,#1415,.F.);
#2010=ORIENTED_EDGE('',*,*,#1411,.T.);
#2011=ORIENTED_EDGE('',*,*,#1399,.F.);
#2012=ORIENTED_EDGE('',*,*,#1384,.F.);
#2013=ORIENTED_EDGE('',*,*,#1416,.F.);
#2014=ORIENTED_EDGE('',*,*,#1417,.F.);
#2015=ORIENTED_EDGE('',*,*,#1418,.F.);
#2016=ORIENTED_EDGE('',*,*,#1383,.F.);
#2017=ORIENTED_EDGE('',*,*,#1419,.F.);
#2018=ORIENTED_EDGE('',*,*,#1416,.T.);
#2019=ORIENTED_EDGE('',*,*,#1403,.T.);
#2020=ORIENTED_EDGE('',*,*,#1420,.T.);
#2021=ORIENTED_EDGE('',*,*,#1417,.T.);
#2022=ORIENTED_EDGE('',*,*,#1419,.T.);
#2023=ORIENTED_EDGE('',*,*,#1382,.F.);
#2024=ORIENTED_EDGE('',*,*,#1421,.F.);
#2025=ORIENTED_EDGE('',*,*,#1414,.T.);
#2026=ORIENTED_EDGE('',*,*,#1407,.T.);
#2027=ORIENTED_EDGE('',*,*,#1402,.T.);
#2028=ORIENTED_EDGE('',*,*,#1422,.F.);
#2029=ORIENTED_EDGE('',*,*,#1418,.T.);
#2030=ORIENTED_EDGE('',*,*,#1420,.F.);
#2031=ORIENTED_EDGE('',*,*,#1423,.T.);
#2032=ORIENTED_EDGE('',*,*,#1424,.T.);
#2033=ORIENTED_EDGE('',*,*,#1425,.T.);
#2034=ORIENTED_EDGE('',*,*,#1426,.F.);
#2035=ORIENTED_EDGE('',*,*,#1424,.F.);
#2036=ORIENTED_EDGE('',*,*,#1427,.F.);
#2037=ORIENTED_EDGE('',*,*,#1428,.F.);
#2038=ORIENTED_EDGE('',*,*,#1429,.T.);
#2039=ORIENTED_EDGE('',*,*,#1423,.F.);
#2040=ORIENTED_EDGE('',*,*,#1430,.F.);
#2041=ORIENTED_EDGE('',*,*,#1431,.T.);
#2042=ORIENTED_EDGE('',*,*,#1432,.T.);
#2043=ORIENTED_EDGE('',*,*,#1427,.T.);
#2044=ORIENTED_EDGE('',*,*,#1433,.T.);
#2045=ORIENTED_EDGE('',*,*,#1430,.T.);
#2046=ORIENTED_EDGE('',*,*,#1426,.T.);
#2047=ORIENTED_EDGE('',*,*,#1434,.T.);
#2048=ORIENTED_EDGE('',*,*,#1435,.T.);
#2049=ORIENTED_EDGE('',*,*,#1435,.F.);
#2050=ORIENTED_EDGE('',*,*,#1436,.T.);
#2051=ORIENTED_EDGE('',*,*,#1437,.T.);
#2052=ORIENTED_EDGE('',*,*,#1431,.F.);
#2053=ORIENTED_EDGE('',*,*,#1433,.F.);
#2054=ORIENTED_EDGE('',*,*,#1438,.T.);
#2055=ORIENTED_EDGE('',*,*,#1400,.T.);
#2056=ORIENTED_EDGE('',*,*,#1422,.T.);
#2057=ORIENTED_EDGE('',*,*,#1413,.T.);
#2058=ORIENTED_EDGE('',*,*,#1388,.T.);
#2059=ORIENTED_EDGE('',*,*,#1401,.T.);
#2060=ORIENTED_EDGE('',*,*,#1438,.F.);
#2061=ORIENTED_EDGE('',*,*,#1439,.T.);
#2062=ORIENTED_EDGE('',*,*,#1428,.T.);
#2063=ORIENTED_EDGE('',*,*,#1432,.F.);
#2064=ORIENTED_EDGE('',*,*,#1437,.F.);
#2065=ORIENTED_EDGE('',*,*,#1425,.F.);
#2066=ORIENTED_EDGE('',*,*,#1429,.F.);
#2067=ORIENTED_EDGE('',*,*,#1439,.F.);
#2068=ORIENTED_EDGE('',*,*,#1436,.F.);
#2069=ORIENTED_EDGE('',*,*,#1434,.F.);
#2070=ORIENTED_EDGE('',*,*,#1421,.T.);
#2071=ORIENTED_EDGE('',*,*,#1381,.T.);
#2072=ORIENTED_EDGE('',*,*,#1387,.T.);
#2073=ORIENTED_EDGE('',*,*,#1394,.T.);
#2074=ORIENTED_EDGE('',*,*,#1412,.T.);
#2075=ORIENTED_EDGE('',*,*,#1415,.T.);
#2076=ORIENTED_EDGE('',*,*,#1440,.T.);
#2077=ORIENTED_EDGE('',*,*,#1441,.T.);
#2078=ORIENTED_EDGE('',*,*,#1442,.F.);
#2079=ORIENTED_EDGE('',*,*,#1441,.F.);
#2080=ORIENTED_EDGE('',*,*,#1442,.T.);
#2081=ORIENTED_EDGE('',*,*,#1440,.F.);
#2082=ORIENTED_EDGE('',*,*,#1443,.T.);
#2083=ORIENTED_EDGE('',*,*,#1444,.T.);
#2084=ORIENTED_EDGE('',*,*,#1445,.F.);
#2085=ORIENTED_EDGE('',*,*,#1444,.F.);
#2086=ORIENTED_EDGE('',*,*,#1445,.T.);
#2087=ORIENTED_EDGE('',*,*,#1443,.F.);
#2088=ORIENTED_EDGE('',*,*,#1446,.T.);
#2089=ORIENTED_EDGE('',*,*,#1447,.T.);
#2090=ORIENTED_EDGE('',*,*,#1448,.F.);
#2091=ORIENTED_EDGE('',*,*,#1447,.F.);
#2092=ORIENTED_EDGE('',*,*,#1448,.T.);
#2093=ORIENTED_EDGE('',*,*,#1446,.F.);
#2094=ORIENTED_EDGE('',*,*,#1449,.T.);
#2095=ORIENTED_EDGE('',*,*,#1450,.T.);
#2096=ORIENTED_EDGE('',*,*,#1451,.F.);
#2097=ORIENTED_EDGE('',*,*,#1450,.F.);
#2098=ORIENTED_EDGE('',*,*,#1451,.T.);
#2099=ORIENTED_EDGE('',*,*,#1449,.F.);
#2100=PLANE('',#2342);
#2101=PLANE('',#2343);
#2102=PLANE('',#2347);
#2103=PLANE('',#2351);
#2104=PLANE('',#2352);
#2105=PLANE('',#2353);
#2106=PLANE('',#2360);
#2107=PLANE('',#2361);
#2108=PLANE('',#2365);
#2109=PLANE('',#2372);
#2110=PLANE('',#2375);
#2111=PLANE('',#2378);
#2112=PLANE('',#2381);
#2113=PLANE('',#2382);
#2114=PLANE('',#2389);
#2115=PLANE('',#2396);
#2116=PLANE('',#2397);
#2117=PLANE('',#2398);
#2118=PLANE('',#2405);
#2119=PLANE('',#2406);
#2120=PLANE('',#2416);
#2121=PLANE('',#2446);
#2122=PLANE('',#2450);
#2123=PLANE('',#2454);
#2124=PLANE('',#2458);
#2125=PLANE('',#2459);
#2126=PLANE('',#2460);
#2127=PLANE('',#2464);
#2128=PLANE('',#2465);
#2129=PLANE('',#2466);
#2130=PLANE('',#2467);
#2131=PLANE('',#2468);
#2132=PLANE('',#2469);
#2133=PLANE('',#2470);
#2134=PLANE('',#2471);
#2135=PLANE('',#2472);
#2136=PLANE('',#2473);
#2137=PLANE('',#2474);
#2138=PLANE('',#2475);
#2139=PLANE('',#2476);
#2140=PLANE('',#2479);
#2141=PLANE('',#2480);
#2142=PLANE('',#2481);
#2143=PLANE('',#2482);
#2144=PLANE('',#2484);
#2145=PLANE('',#2485);
#2146=PLANE('',#2486);
#2147=PLANE('',#2488);
#2148=PLANE('',#2489);
#2149=PLANE('',#2490);
#2150=PLANE('',#2491);
#2151=PLANE('',#2492);
#2152=PLANE('',#2493);
#2153=PLANE('',#2494);
#2154=PLANE('',#2499);
#2155=PLANE('',#2505);
#2156=PLANE('',#2506);
#2157=PLANE('',#2507);
#2158=PLANE('',#2508);
#2159=PLANE('',#2509);
#2160=PLANE('',#2510);
#2161=PLANE('',#2511);
#2162=PLANE('',#2512);
#2163=PLANE('',#2513);
#2164=PLANE('',#2515);
#2165=PLANE('',#2516);
#2166=PLANE('',#2517);
#2167=PLANE('',#2518);
#2168=PLANE('',#2521);
#2169=PLANE('',#2522);
#2170=PLANE('',#2523);
#2171=PLANE('',#2524);
#2172=PLANE('',#2526);
#2173=PLANE('',#2527);
#2174=PLANE('',#2528);
#2175=PLANE('',#2529);
#2176=PLANE('',#2530);
#2177=PLANE('',#2535);
#2178=PLANE('',#2536);
#2179=PLANE('',#2541);
#2180=PLANE('',#2543);
#2181=PLANE('',#2544);
#2182=PLANE('',#2548);
#2183=PLANE('',#2549);
#2184=PLANE('',#2553);
#2185=PLANE('',#2554);
#2186=PLANE('',#2558);
#2187=PLANE('',#2559);
#2188=PLANE('',#2563);
#2189=PLANE('',#2564);
#2190=ADVANCED_FACE('',(#201),#2100,.T.);
#2191=ADVANCED_FACE('',(#202),#2101,.T.);
#2192=ADVANCED_FACE('',(#203),#163,.F.);
#2193=ADVANCED_FACE('',(#204),#2102,.T.);
#2194=ADVANCED_FACE('',(#205),#164,.F.);
#2195=ADVANCED_FACE('',(#206),#2103,.T.);
#2196=ADVANCED_FACE('',(#207),#2104,.T.);
#2197=ADVANCED_FACE('',(#208,#48,#49),#2105,.T.);
#2198=ADVANCED_FACE('',(#209),#2106,.T.);
#2199=ADVANCED_FACE('',(#210),#2107,.T.);
#2200=ADVANCED_FACE('',(#211),#165,.F.);
#2201=ADVANCED_FACE('',(#212),#2108,.T.);
#2202=ADVANCED_FACE('',(#213),#166,.T.);
#2203=ADVANCED_FACE('',(#214),#167,.F.);
#2204=ADVANCED_FACE('',(#215),#168,.T.);
#2205=ADVANCED_FACE('',(#216,#50),#2109,.F.);
#2206=ADVANCED_FACE('',(#217),#169,.T.);
#2207=ADVANCED_FACE('',(#218),#2110,.T.);
#2208=ADVANCED_FACE('',(#219),#170,.F.);
#2209=ADVANCED_FACE('',(#220),#2111,.T.);
#2210=ADVANCED_FACE('',(#221),#171,.T.);
#2211=ADVANCED_FACE('',(#222,#51),#2112,.F.);
#2212=ADVANCED_FACE('',(#223,#52),#2113,.T.);
#2213=ADVANCED_FACE('',(#224),#172,.F.);
#2214=ADVANCED_FACE('',(#225,#53),#2114,.T.);
#2215=ADVANCED_FACE('',(#226),#173,.F.);
#2216=ADVANCED_FACE('',(#227),#2115,.T.);
#2217=ADVANCED_FACE('',(#228),#2116,.T.);
#2218=ADVANCED_FACE('',(#229),#2117,.T.);
#2219=ADVANCED_FACE('',(#230),#16,.T.);
#2220=ADVANCED_FACE('',(#231),#2118,.T.);
#2221=ADVANCED_FACE('',(#232),#2119,.T.);
#2222=ADVANCED_FACE('',(#233),#174,.F.);
#2223=ADVANCED_FACE('',(#234),#175,.F.);
#2224=ADVANCED_FACE('',(#235),#176,.F.);
#2225=ADVANCED_FACE('',(#236),#177,.F.);
#2226=ADVANCED_FACE('',(#237,#54,#55,#56),#2120,.F.);
#2227=ADVANCED_FACE('',(#238),#178,.F.);
#2228=ADVANCED_FACE('',(#239),#179,.F.);
#2229=ADVANCED_FACE('',(#240),#180,.F.);
#2230=ADVANCED_FACE('',(#241),#181,.F.);
#2231=ADVANCED_FACE('',(#242),#182,.F.);
#2232=ADVANCED_FACE('',(#243),#183,.F.);
#2233=ADVANCED_FACE('',(#244),#184,.F.);
#2234=ADVANCED_FACE('',(#245),#185,.F.);
#2235=ADVANCED_FACE('',(#246),#186,.F.);
#2236=ADVANCED_FACE('',(#247,#57),#2121,.T.);
#2237=ADVANCED_FACE('',(#248),#187,.F.);
#2238=ADVANCED_FACE('',(#249,#58),#2122,.T.);
#2239=ADVANCED_FACE('',(#250),#188,.F.);
#2240=ADVANCED_FACE('',(#251,#59),#2123,.T.);
#2241=ADVANCED_FACE('',(#252),#189,.F.);
#2242=ADVANCED_FACE('',(#253,#60),#2124,.T.);
#2243=ADVANCED_FACE('',(#254),#2125,.T.);
#2244=ADVANCED_FACE('',(#255),#2126,.T.);
#2245=ADVANCED_FACE('',(#256),#190,.F.);
#2246=ADVANCED_FACE('',(#257),#2127,.T.);
#2247=ADVANCED_FACE('',(#258),#2128,.T.);
#2248=ADVANCED_FACE('',(#259),#2129,.T.);
#2249=ADVANCED_FACE('',(#260),#2130,.T.);
#2250=ADVANCED_FACE('',(#261),#2131,.T.);
#2251=ADVANCED_FACE('',(#262),#2132,.T.);
#2252=ADVANCED_FACE('',(#263,#61,#62,#63,#64),#2133,.T.);
#2253=ADVANCED_FACE('',(#264),#2134,.T.);
#2254=ADVANCED_FACE('',(#265),#2135,.F.);
#2255=ADVANCED_FACE('',(#266),#2136,.T.);
#2256=ADVANCED_FACE('',(#267),#2137,.T.);
#2257=ADVANCED_FACE('',(#268),#2138,.F.);
#2258=ADVANCED_FACE('',(#269),#2139,.F.);
#2259=ADVANCED_FACE('',(#270),#2140,.F.);
#2260=ADVANCED_FACE('',(#271),#2141,.T.);
#2261=ADVANCED_FACE('',(#272),#2142,.T.);
#2262=ADVANCED_FACE('',(#273),#2143,.F.);
#2263=ADVANCED_FACE('',(#274),#2144,.T.);
#2264=ADVANCED_FACE('',(#275),#2145,.T.);
#2265=ADVANCED_FACE('',(#276),#2146,.F.);
#2266=ADVANCED_FACE('',(#277),#2147,.F.);
#2267=ADVANCED_FACE('',(#278),#2148,.T.);
#2268=ADVANCED_FACE('',(#279),#2149,.T.);
#2269=ADVANCED_FACE('',(#280),#2150,.F.);
#2270=ADVANCED_FACE('',(#281),#2151,.F.);
#2271=ADVANCED_FACE('',(#282),#2152,.F.);
#2272=ADVANCED_FACE('',(#283),#2153,.F.);
#2273=ADVANCED_FACE('',(#284),#191,.T.);
#2274=ADVANCED_FACE('',(#285,#65),#2154,.F.);
#2275=ADVANCED_FACE('',(#286),#192,.T.);
#2276=ADVANCED_FACE('',(#287),#193,.F.);
#2277=ADVANCED_FACE('',(#288),#2155,.T.);
#2278=ADVANCED_FACE('',(#289),#2156,.T.);
#2279=ADVANCED_FACE('',(#290),#2157,.T.);
#2280=ADVANCED_FACE('',(#291,#66),#2158,.T.);
#2281=ADVANCED_FACE('',(#292),#2159,.T.);
#2282=ADVANCED_FACE('',(#293),#2160,.T.);
#2283=ADVANCED_FACE('',(#294),#2161,.F.);
#2284=ADVANCED_FACE('',(#295),#2162,.F.);
#2285=ADVANCED_FACE('',(#296),#2163,.F.);
#2286=ADVANCED_FACE('',(#297),#2164,.F.);
#2287=ADVANCED_FACE('',(#298),#2165,.T.);
#2288=ADVANCED_FACE('',(#299),#2166,.T.);
#2289=ADVANCED_FACE('',(#300),#2167,.F.);
#2290=ADVANCED_FACE('',(#301),#2168,.T.);
#2291=ADVANCED_FACE('',(#302),#2169,.T.);
#2292=ADVANCED_FACE('',(#303),#2170,.F.);
#2293=ADVANCED_FACE('',(#304),#2171,.F.);
#2294=ADVANCED_FACE('',(#305),#2172,.F.);
#2295=ADVANCED_FACE('',(#306),#2173,.T.);
#2296=ADVANCED_FACE('',(#307),#2174,.T.);
#2297=ADVANCED_FACE('',(#308),#2175,.F.);
#2298=ADVANCED_FACE('',(#309),#2176,.F.);
#2299=ADVANCED_FACE('',(#310),#194,.T.);
#2300=ADVANCED_FACE('',(#311),#2177,.T.);
#2301=ADVANCED_FACE('',(#312,#67),#2178,.T.);
#2302=ADVANCED_FACE('',(#313),#195,.T.);
#2303=ADVANCED_FACE('',(#314),#2179,.T.);
#2304=ADVANCED_FACE('',(#315),#196,.F.);
#2305=ADVANCED_FACE('',(#316),#2180,.T.);
#2306=ADVANCED_FACE('',(#317,#68),#2181,.F.);
#2307=ADVANCED_FACE('',(#318),#197,.T.);
#2308=ADVANCED_FACE('',(#319),#2182,.T.);
#2309=ADVANCED_FACE('',(#320),#2183,.T.);
#2310=ADVANCED_FACE('',(#321),#198,.T.);
#2311=ADVANCED_FACE('',(#322),#2184,.T.);
#2312=ADVANCED_FACE('',(#323),#2185,.T.);
#2313=ADVANCED_FACE('',(#324),#199,.T.);
#2314=ADVANCED_FACE('',(#325),#2186,.T.);
#2315=ADVANCED_FACE('',(#326),#2187,.T.);
#2316=ADVANCED_FACE('',(#327),#200,.T.);
#2317=ADVANCED_FACE('',(#328),#2188,.T.);
#2318=ADVANCED_FACE('',(#329),#2189,.T.);
#2319=CLOSED_SHELL('',(#2190,#2191,#2192,#2193,#2194,#2195,#2196,#2197,
#2198,#2199,#2200,#2201,#2202,#2203,#2204,#2205,#2206,#2207,#2208,#2209,
#2210,#2211));
#2320=CLOSED_SHELL('',(#2212,#2213,#2214,#2215,#2216,#2217,#2218,#2219,
#2220,#2221,#2222,#2223,#2224,#2225,#2226));
#2321=CLOSED_SHELL('',(#2227,#2228,#2229,#2230,#2231,#2232,#2233,#2234,
#2235,#2236,#2237,#2238,#2239,#2240,#2241,#2242,#2243,#2244,#2245,#2246,
#2247,#2248,#2249,#2250,#2251,#2252,#2253,#2254));
#2322=CLOSED_SHELL('',(#2255,#2256,#2257,#2258,#2259,#2260,#2261,#2262,
#2263,#2264,#2265,#2266,#2267,#2268,#2269,#2270,#2271,#2272,#2273,#2274,
#2275,#2276,#2277,#2278,#2279,#2280));
#2323=CLOSED_SHELL('',(#2281,#2282,#2283,#2284,#2285,#2286,#2287,#2288,
#2289,#2290,#2291,#2292,#2293,#2294,#2295,#2296,#2297,#2298,#2299,#2300,
#2301,#2302,#2303,#2304,#2305,#2306));
#2324=CLOSED_SHELL('',(#2307,#2308,#2309));
#2325=CLOSED_SHELL('',(#2310,#2311,#2312));
#2326=CLOSED_SHELL('',(#2313,#2314,#2315));
#2327=CLOSED_SHELL('',(#2316,#2317,#2318));
#2328=DERIVED_UNIT_ELEMENT(#2330,1.);
#2329=DERIVED_UNIT_ELEMENT(#4036,-3.);
#2330=(
MASS_UNIT()
NAMED_UNIT(*)
SI_UNIT(.KILO.,.GRAM.)
);
#2331=DERIVED_UNIT((#2328,#2329));
#2332=MEASURE_REPRESENTATION_ITEM('density measure',
POSITIVE_RATIO_MEASURE(7850.),#2331);
#2333=PROPERTY_DEFINITION_REPRESENTATION(#2338,#2335);
#2334=PROPERTY_DEFINITION_REPRESENTATION(#2339,#2336);
#2335=REPRESENTATION('material name',(#2337),#4033);
#2336=REPRESENTATION('density',(#2332),#4033);
#2337=DESCRIPTIVE_REPRESENTATION_ITEM('Steel','Steel');
#2338=PROPERTY_DEFINITION('material property','material name',#4048);
#2339=PROPERTY_DEFINITION('material property','density of part',#4048);
#2340=AXIS2_PLACEMENT_3D('',#3238,#2566,#2567);
#2341=AXIS2_PLACEMENT_3D('',#3239,#2568,#2569);
#2342=AXIS2_PLACEMENT_3D('',#3240,#2570,#2571);
#2343=AXIS2_PLACEMENT_3D('',#3249,#2576,#2577);
#2344=AXIS2_PLACEMENT_3D('',#3258,#2582,#2583);
#2345=AXIS2_PLACEMENT_3D('',#3261,#2584,#2585);
#2346=AXIS2_PLACEMENT_3D('',#3265,#2587,#2588);
#2347=AXIS2_PLACEMENT_3D('',#3267,#2590,#2591);
#2348=AXIS2_PLACEMENT_3D('',#3273,#2595,#2596);
#2349=AXIS2_PLACEMENT_3D('',#3275,#2597,#2598);
#2350=AXIS2_PLACEMENT_3D('',#3278,#2600,#2601);
#2351=AXIS2_PLACEMENT_3D('',#3279,#2602,#2603);
#2352=AXIS2_PLACEMENT_3D('',#3285,#2607,#2608);
#2353=AXIS2_PLACEMENT_3D('',#3288,#2611,#2612);
#2354=AXIS2_PLACEMENT_3D('',#3293,#2614,#2615);
#2355=AXIS2_PLACEMENT_3D('',#3295,#2616,#2617);
#2356=AXIS2_PLACEMENT_3D('',#3299,#2619,#2620);
#2357=AXIS2_PLACEMENT_3D('',#3300,#2621,#2622);
#2358=AXIS2_PLACEMENT_3D('',#3302,#2623,#2624);
#2359=AXIS2_PLACEMENT_3D('',#3304,#2625,#2626);
#2360=AXIS2_PLACEMENT_3D('',#3305,#2627,#2628);
#2361=AXIS2_PLACEMENT_3D('',#3311,#2632,#2633);
#2362=AXIS2_PLACEMENT_3D('',#3317,#2637,#2638);
#2363=AXIS2_PLACEMENT_3D('',#3319,#2639,#2640);
#2364=AXIS2_PLACEMENT_3D('',#3322,#2642,#2643);
#2365=AXIS2_PLACEMENT_3D('',#3323,#2644,#2645);
#2366=AXIS2_PLACEMENT_3D('',#3326,#2648,#2649);
#2367=AXIS2_PLACEMENT_3D('',#3330,#2651,#2652);
#2368=AXIS2_PLACEMENT_3D('',#3332,#2654,#2655);
#2369=AXIS2_PLACEMENT_3D('',#3335,#2657,#2658);
#2370=AXIS2_PLACEMENT_3D('',#3336,#2659,#2660);
#2371=AXIS2_PLACEMENT_3D('',#3338,#2661,#2662);
#2372=AXIS2_PLACEMENT_3D('',#3340,#2664,#2665);
#2373=AXIS2_PLACEMENT_3D('',#3343,#2668,#2669);
#2374=AXIS2_PLACEMENT_3D('',#3347,#2671,#2672);
#2375=AXIS2_PLACEMENT_3D('',#3349,#2674,#2675);
#2376=AXIS2_PLACEMENT_3D('',#3351,#2677,#2678);
#2377=AXIS2_PLACEMENT_3D('',#3354,#2680,#2681);
#2378=AXIS2_PLACEMENT_3D('',#3355,#2682,#2683);
#2379=AXIS2_PLACEMENT_3D('',#3359,#2686,#2687);
#2380=AXIS2_PLACEMENT_3D('',#3360,#2688,#2689);
#2381=AXIS2_PLACEMENT_3D('',#3361,#2690,#2691);
#2382=AXIS2_PLACEMENT_3D('',#3362,#2692,#2693);
#2383=AXIS2_PLACEMENT_3D('',#3365,#2694,#2695);
#2384=AXIS2_PLACEMENT_3D('',#3367,#2696,#2697);
#2385=AXIS2_PLACEMENT_3D('',#3370,#2699,#2700);
#2386=AXIS2_PLACEMENT_3D('',#3371,#2701,#2702);
#2387=AXIS2_PLACEMENT_3D('',#3375,#2704,#2705);
#2388=AXIS2_PLACEMENT_3D('',#3396,#2706,#2707);
#2389=AXIS2_PLACEMENT_3D('',#3398,#2709,#2710);
#2390=AXIS2_PLACEMENT_3D('',#3401,#2711,#2712);
#2391=AXIS2_PLACEMENT_3D('',#3403,#2713,#2714);
#2392=AXIS2_PLACEMENT_3D('',#3406,#2716,#2717);
#2393=AXIS2_PLACEMENT_3D('',#3407,#2718,#2719);
#2394=AXIS2_PLACEMENT_3D('',#3411,#2721,#2722);
#2395=AXIS2_PLACEMENT_3D('',#3435,#2723,#2724);
#2396=AXIS2_PLACEMENT_3D('',#3437,#2726,#2727);
#2397=AXIS2_PLACEMENT_3D('',#3445,#2732,#2733);
#2398=AXIS2_PLACEMENT_3D('',#3453,#2738,#2739);
#2399=AXIS2_PLACEMENT_3D('',#3454,#2740,#2741);
#2400=AXIS2_PLACEMENT_3D('',#3455,#2742,#2743);
#2401=AXIS2_PLACEMENT_3D('',#3456,#2744,#2745);
#2402=AXIS2_PLACEMENT_3D('',#3457,#2746,#2747);
#2403=AXIS2_PLACEMENT_3D('',#3461,#2749,#2750);
#2404=AXIS2_PLACEMENT_3D('',#3466,#2751,#2752);
#2405=AXIS2_PLACEMENT_3D('',#3467,#2753,#2754);
#2406=AXIS2_PLACEMENT_3D('',#3469,#2756,#2757);
#2407=AXIS2_PLACEMENT_3D('',#3470,#2758,#2759);
#2408=AXIS2_PLACEMENT_3D('',#3471,#2760,#2761);
#2409=AXIS2_PLACEMENT_3D('',#3472,#2762,#2763);
#2410=AXIS2_PLACEMENT_3D('',#3473,#2764,#2765);
#2411=AXIS2_PLACEMENT_3D('',#3474,#2766,#2767);
#2412=AXIS2_PLACEMENT_3D('',#3475,#2768,#2769);
#2413=AXIS2_PLACEMENT_3D('',#3478,#2771,#2772);
#2414=AXIS2_PLACEMENT_3D('',#3479,#2773,#2774);
#2415=AXIS2_PLACEMENT_3D('',#3482,#2776,#2777);
#2416=AXIS2_PLACEMENT_3D('',#3483,#2778,#2779);
#2417=AXIS2_PLACEMENT_3D('',#3484,#2780,#2781);
#2418=AXIS2_PLACEMENT_3D('',#3489,#2783,#2784);
#2419=AXIS2_PLACEMENT_3D('',#3514,#2785,#2786);
#2420=AXIS2_PLACEMENT_3D('',#3517,#2788,#2789);
#2421=AXIS2_PLACEMENT_3D('',#3518,#2790,#2791);
#2422=AXIS2_PLACEMENT_3D('',#3528,#2793,#2794);
#2423=AXIS2_PLACEMENT_3D('',#3531,#2796,#2797);
#2424=AXIS2_PLACEMENT_3D('',#3532,#2798,#2799);
#2425=AXIS2_PLACEMENT_3D('',#3537,#2801,#2802);
#2426=AXIS2_PLACEMENT_3D('',#3562,#2803,#2804);
#2427=AXIS2_PLACEMENT_3D('',#3565,#2806,#2807);
#2428=AXIS2_PLACEMENT_3D('',#3566,#2808,#2809);
#2429=AXIS2_PLACEMENT_3D('',#3576,#2811,#2812);
#2430=AXIS2_PLACEMENT_3D('',#3579,#2814,#2815);
#2431=AXIS2_PLACEMENT_3D('',#3580,#2816,#2817);
#2432=AXIS2_PLACEMENT_3D('',#3582,#2818,#2819);
#2433=AXIS2_PLACEMENT_3D('',#3585,#2821,#2822);
#2434=AXIS2_PLACEMENT_3D('',#3586,#2823,#2824);
#2435=AXIS2_PLACEMENT_3D('',#3588,#2825,#2826);
#2436=AXIS2_PLACEMENT_3D('',#3591,#2828,#2829);
#2437=AXIS2_PLACEMENT_3D('',#3592,#2830,#2831);
#2438=AXIS2_PLACEMENT_3D('',#3594,#2832,#2833);
#2439=AXIS2_PLACEMENT_3D('',#3597,#2835,#2836);
#2440=AXIS2_PLACEMENT_3D('',#3598,#2837,#2838);
#2441=AXIS2_PLACEMENT_3D('',#3600,#2839,#2840);
#2442=AXIS2_PLACEMENT_3D('',#3603,#2842,#2843);
#2443=AXIS2_PLACEMENT_3D('',#3604,#2844,#2845);
#2444=AXIS2_PLACEMENT_3D('',#3605,#2846,#2847);
#2445=AXIS2_PLACEMENT_3D('',#3608,#2849,#2850);
#2446=AXIS2_PLACEMENT_3D('',#3631,#2851,#2852);
#2447=AXIS2_PLACEMENT_3D('',#3632,#2853,#2854);
#2448=AXIS2_PLACEMENT_3D('',#3633,#2855,#2856);
#2449=AXIS2_PLACEMENT_3D('',#3635,#2858,#2859);
#2450=AXIS2_PLACEMENT_3D('',#3636,#2860,#2861);
#2451=AXIS2_PLACEMENT_3D('',#3637,#2862,#2863);
#2452=AXIS2_PLACEMENT_3D('',#3638,#2864,#2865);
#2453=AXIS2_PLACEMENT_3D('',#3641,#2867,#2868);
#2454=AXIS2_PLACEMENT_3D('',#3664,#2869,#2870);
#2455=AXIS2_PLACEMENT_3D('',#3665,#2871,#2872);
#2456=AXIS2_PLACEMENT_3D('',#3666,#2873,#2874);
#2457=AXIS2_PLACEMENT_3D('',#3668,#2876,#2877);
#2458=AXIS2_PLACEMENT_3D('',#3669,#2878,#2879);
#2459=AXIS2_PLACEMENT_3D('',#3670,#2880,#2881);
#2460=AXIS2_PLACEMENT_3D('',#3676,#2885,#2886);
#2461=AXIS2_PLACEMENT_3D('',#3682,#2890,#2891);
#2462=AXIS2_PLACEMENT_3D('',#3684,#2892,#2893);
#2463=AXIS2_PLACEMENT_3D('',#3689,#2897,#2898);
#2464=AXIS2_PLACEMENT_3D('',#3691,#2900,#2901);
#2465=AXIS2_PLACEMENT_3D('',#3695,#2904,#2905);
#2466=AXIS2_PLACEMENT_3D('',#3699,#2908,#2909);
#2467=AXIS2_PLACEMENT_3D('',#3706,#2914,#2915);
#2468=AXIS2_PLACEMENT_3D('',#3707,#2916,#2917);
#2469=AXIS2_PLACEMENT_3D('',#3709,#2919,#2920);
#2470=AXIS2_PLACEMENT_3D('',#3715,#2924,#2925);
#2471=AXIS2_PLACEMENT_3D('',#3718,#2928,#2929);
#2472=AXIS2_PLACEMENT_3D('',#3719,#2930,#2931);
#2473=AXIS2_PLACEMENT_3D('',#3720,#2932,#2933);
#2474=AXIS2_PLACEMENT_3D('',#3731,#2939,#2940);
#2475=AXIS2_PLACEMENT_3D('',#3737,#2944,#2945);
#2476=AXIS2_PLACEMENT_3D('',#3749,#2952,#2953);
#2477=AXIS2_PLACEMENT_3D('',#3753,#2955,#2956);
#2478=AXIS2_PLACEMENT_3D('',#3754,#2957,#2958);
#2479=AXIS2_PLACEMENT_3D('',#3755,#2959,#2960);
#2480=AXIS2_PLACEMENT_3D('',#3767,#2967,#2968);
#2481=AXIS2_PLACEMENT_3D('',#3775,#2973,#2974);
#2482=AXIS2_PLACEMENT_3D('',#3777,#2976,#2977);
#2483=AXIS2_PLACEMENT_3D('',#3778,#2978,#2979);
#2484=AXIS2_PLACEMENT_3D('',#3779,#2980,#2981);
#2485=AXIS2_PLACEMENT_3D('',#3785,#2985,#2986);
#2486=AXIS2_PLACEMENT_3D('',#3787,#2988,#2989);
#2487=AXIS2_PLACEMENT_3D('',#3792,#2992,#2993);
#2488=AXIS2_PLACEMENT_3D('',#3793,#2994,#2995);
#2489=AXIS2_PLACEMENT_3D('',#3801,#3000,#3001);
#2490=AXIS2_PLACEMENT_3D('',#3807,#3005,#3006);
#2491=AXIS2_PLACEMENT_3D('',#3811,#3009,#3010);
#2492=AXIS2_PLACEMENT_3D('',#3816,#3014,#3015);
#2493=AXIS2_PLACEMENT_3D('',#3818,#3017,#3018);
#2494=AXIS2_PLACEMENT_3D('',#3820,#3020,#3021);
#2495=AXIS2_PLACEMENT_3D('',#3821,#3022,#3023);
#2496=AXIS2_PLACEMENT_3D('',#3822,#3024,#3025);
#2497=AXIS2_PLACEMENT_3D('',#3825,#3026,#3027);
#2498=AXIS2_PLACEMENT_3D('',#3829,#3029,#3030);
#2499=AXIS2_PLACEMENT_3D('',#3831,#3032,#3033);
#2500=AXIS2_PLACEMENT_3D('',#3838,#3037,#3038);
#2501=AXIS2_PLACEMENT_3D('',#3839,#3039,#3040);
#2502=AXIS2_PLACEMENT_3D('',#3841,#3041,#3042);
#2503=AXIS2_PLACEMENT_3D('',#3843,#3044,#3045);
#2504=AXIS2_PLACEMENT_3D('',#3845,#3046,#3047);
#2505=AXIS2_PLACEMENT_3D('',#3847,#3049,#3050);
#2506=AXIS2_PLACEMENT_3D('',#3851,#3053,#3054);
#2507=AXIS2_PLACEMENT_3D('',#3855,#3057,#3058);
#2508=AXIS2_PLACEMENT_3D('',#3857,#3060,#3061);
#2509=AXIS2_PLACEMENT_3D('',#3858,#3062,#3063);
#2510=AXIS2_PLACEMENT_3D('',#3869,#3069,#3070);
#2511=AXIS2_PLACEMENT_3D('',#3875,#3074,#3075);
#2512=AXIS2_PLACEMENT_3D('',#3887,#3082,#3083);
#2513=AXIS2_PLACEMENT_3D('',#3891,#3086,#3087);
#2514=AXIS2_PLACEMENT_3D('',#3893,#3088,#3089);
#2515=AXIS2_PLACEMENT_3D('',#3897,#3092,#3093);
#2516=AXIS2_PLACEMENT_3D('',#3905,#3098,#3099);
#2517=AXIS2_PLACEMENT_3D('',#3911,#3103,#3104);
#2518=AXIS2_PLACEMENT_3D('',#3913,#3106,#3107);
#2519=AXIS2_PLACEMENT_3D('',#3917,#3109,#3110);
#2520=AXIS2_PLACEMENT_3D('',#3918,#3111,#3112);
#2521=AXIS2_PLACEMENT_3D('',#3919,#3113,#3114);
#2522=AXIS2_PLACEMENT_3D('',#3930,#3120,#3121);
#2523=AXIS2_PLACEMENT_3D('',#3936,#3125,#3126);
#2524=AXIS2_PLACEMENT_3D('',#3941,#3130,#3131);
#2525=AXIS2_PLACEMENT_3D('',#3942,#3132,#3133);
#2526=AXIS2_PLACEMENT_3D('',#3943,#3134,#3135);
#2527=AXIS2_PLACEMENT_3D('',#3947,#3138,#3139);
#2528=AXIS2_PLACEMENT_3D('',#3953,#3143,#3144);
#2529=AXIS2_PLACEMENT_3D('',#3955,#3146,#3147);
#2530=AXIS2_PLACEMENT_3D('',#3958,#3150,#3151);
#2531=AXIS2_PLACEMENT_3D('',#3959,#3152,#3153);
#2532=AXIS2_PLACEMENT_3D('',#3960,#3154,#3155);
#2533=AXIS2_PLACEMENT_3D('',#3963,#3156,#3157);
#2534=AXIS2_PLACEMENT_3D('',#3967,#3159,#3160);
#2535=AXIS2_PLACEMENT_3D('',#3969,#3162,#3163);
#2536=AXIS2_PLACEMENT_3D('',#3975,#3167,#3168);
#2537=AXIS2_PLACEMENT_3D('',#3977,#3169,#3170);
#2538=AXIS2_PLACEMENT_3D('',#3982,#3173,#3174);
#2539=AXIS2_PLACEMENT_3D('',#3983,#3175,#3176);
#2540=AXIS2_PLACEMENT_3D('',#3985,#3177,#3178);
#2541=AXIS2_PLACEMENT_3D('',#3987,#3180,#3181);
#2542=AXIS2_PLACEMENT_3D('',#3991,#3184,#3185);
#2543=AXIS2_PLACEMENT_3D('',#3993,#3187,#3188);
#2544=AXIS2_PLACEMENT_3D('',#3995,#3190,#3191);
#2545=AXIS2_PLACEMENT_3D('',#3996,#3192,#3193);
#2546=AXIS2_PLACEMENT_3D('',#3998,#3194,#3195);
#2547=AXIS2_PLACEMENT_3D('',#4001,#3197,#3198);
#2548=AXIS2_PLACEMENT_3D('',#4002,#3199,#3200);
#2549=AXIS2_PLACEMENT_3D('',#4003,#3201,#3202);
#2550=AXIS2_PLACEMENT_3D('',#4004,#3203,#3204);
#2551=AXIS2_PLACEMENT_3D('',#4006,#3205,#3206);
#2552=AXIS2_PLACEMENT_3D('',#4009,#3208,#3209);
#2553=AXIS2_PLACEMENT_3D('',#4010,#3210,#3211);
#2554=AXIS2_PLACEMENT_3D('',#4011,#3212,#3213);
#2555=AXIS2_PLACEMENT_3D('',#4012,#3214,#3215);
#2556=AXIS2_PLACEMENT_3D('',#4014,#3216,#3217);
#2557=AXIS2_PLACEMENT_3D('',#4017,#3219,#3220);
#2558=AXIS2_PLACEMENT_3D('',#4018,#3221,#3222);
#2559=AXIS2_PLACEMENT_3D('',#4019,#3223,#3224);
#2560=AXIS2_PLACEMENT_3D('',#4020,#3225,#3226);
#2561=AXIS2_PLACEMENT_3D('',#4022,#3227,#3228);
#2562=AXIS2_PLACEMENT_3D('',#4025,#3230,#3231);
#2563=AXIS2_PLACEMENT_3D('',#4026,#3232,#3233);
#2564=AXIS2_PLACEMENT_3D('',#4027,#3234,#3235);
#2565=AXIS2_PLACEMENT_3D('',#4028,#3236,#3237);
#2566=DIRECTION('axis',(0.,0.,1.));
#2567=DIRECTION('refdir',(1.,0.,0.));
#2568=DIRECTION('axis',(0.,0.,1.));
#2569=DIRECTION('refdir',(1.,0.,0.));
#2570=DIRECTION('center_axis',(0.565643744761862,9.72458123759261E-16,0.824649715947188));
#2571=DIRECTION('ref_axis',(-1.08468973176636E-15,1.,-4.35227412363755E-16));
#2572=DIRECTION('',(-0.824649715947187,0.,0.565643744761863));
#2573=DIRECTION('',(-8.17377293256819E-16,1.,-6.18582363946183E-16));
#2574=DIRECTION('',(-0.824649715947188,-3.20111794752842E-16,0.565643744761862));
#2575=DIRECTION('',(1.08468973176636E-15,-1.,4.35227412363755E-16));
#2576=DIRECTION('center_axis',(-0.565643744761862,-3.24152707919754E-16,
-0.824649715947188));
#2577=DIRECTION('ref_axis',(4.50667390091964E-16,-1.,8.39574869271092E-17));
#2578=DIRECTION('',(0.824649715947188,0.,-0.565643744761862));
#2579=DIRECTION('',(-4.50667390091964E-16,1.,-8.39574869271092E-17));
#2580=DIRECTION('',(-0.824649715947188,-3.20111794752842E-16,0.565643744761862));
#2581=DIRECTION('',(4.50667390091964E-16,-1.,8.39574869271092E-17));
#2582=DIRECTION('center_axis',(-0.824649715947188,-3.20111794752842E-16,
0.565643744761862));
#2583=DIRECTION('ref_axis',(-0.565643744761862,0.,-0.824649715947188));
#2584=DIRECTION('center_axis',(0.824649715947188,3.24152707919754E-16,-0.565643744761862));
#2585=DIRECTION('ref_axis',(-0.565643744761862,0.,-0.824649715947188));
#2586=DIRECTION('',(-0.824649715947188,-3.20111794752842E-16,0.565643744761862));
#2587=DIRECTION('center_axis',(0.824649715947188,0.,-0.565643744761862));
#2588=DIRECTION('ref_axis',(-0.565643744761862,0.,-0.824649715947188));
#2589=DIRECTION('',(-0.824649715947188,-3.20111794752842E-16,0.565643744761862));
#2590=DIRECTION('center_axis',(2.63980100614276E-16,-1.,-1.81069234326438E-16));
#2591=DIRECTION('ref_axis',(0.565643744761862,0.,0.824649715947188));
#2592=DIRECTION('',(0.565643744761862,-4.93038065763132E-32,0.824649715947188));
#2593=DIRECTION('',(-0.824649715947188,-3.20111794752842E-16,0.565643744761862));
#2594=DIRECTION('',(-0.565643744761862,0.,-0.824649715947188));
#2595=DIRECTION('center_axis',(-0.824649715947188,-3.20111794752842E-16,
0.565643744761862));
#2596=DIRECTION('ref_axis',(-0.565643744761862,0.,-0.824649715947188));
#2597=DIRECTION('center_axis',(0.824649715947188,3.24152707919754E-16,-0.565643744761862));
#2598=DIRECTION('ref_axis',(-0.565643744761862,0.,-0.824649715947188));
#2599=DIRECTION('',(-0.824649715947188,-3.20111794752842E-16,0.565643744761862));
#2600=DIRECTION('center_axis',(0.824649715947188,0.,-0.565643744761862));
#2601=DIRECTION('ref_axis',(-0.565643744761862,0.,-0.824649715947188));
#2602=DIRECTION('center_axis',(0.565643744761862,0.,0.824649715947188));
#2603=DIRECTION('ref_axis',(0.,1.,0.));
#2604=DIRECTION('',(-2.67312438509537E-16,1.,1.83354951582427E-16));
#2605=DIRECTION('',(-0.824649715947188,-3.20111794752842E-16,0.565643744761862));
#2606=DIRECTION('',(0.,1.,0.));
#2607=DIRECTION('center_axis',(-6.87241335571547E-17,-1.,-6.66117384765025E-16));
#2608=DIRECTION('ref_axis',(0.565643744761862,-5.88186888394745E-16,0.824649715947188));
#2609=DIRECTION('',(0.565643744761862,-5.88186888394745E-16,0.824649715947188));
#2610=DIRECTION('',(-0.565643744761862,5.88186888394745E-16,-0.824649715947188));
#2611=DIRECTION('center_axis',(-2.63980100614276E-16,1.,1.81069234326438E-16));
#2612=DIRECTION('ref_axis',(-0.565643744761862,0.,-0.824649715947188));
#2613=DIRECTION('',(-0.56564374476186,5.66993775627602E-31,-0.824649715947189));
#2614=DIRECTION('center_axis',(2.63980100614276E-16,-1.,-1.81069234326438E-16));
#2615=DIRECTION('ref_axis',(-0.824649715947185,-8.3343159810195E-17,0.565643744761867));
#2616=DIRECTION('center_axis',(2.63980100614276E-16,-1.,-1.81069234326438E-16));
#2617=DIRECTION('ref_axis',(0.565643744761864,-1.21505653867971E-16,0.824649715947186));
#2618=DIRECTION('',(0.565643744761862,0.,0.824649715947188));
#2619=DIRECTION('center_axis',(2.63980100614276E-16,-1.,-1.81069234326438E-16));
#2620=DIRECTION('ref_axis',(0.824649715947184,2.43011307735941E-16,-0.565643744761868));
#2621=DIRECTION('center_axis',(2.63980100614276E-16,-1.,-1.81069234326438E-16));
#2622=DIRECTION('ref_axis',(-0.565643744761863,-1.66686319620389E-16,-0.824649715947187));
#2623=DIRECTION('center_axis',(-2.63980100614276E-16,1.,1.81069234326438E-16));
#2624=DIRECTION('ref_axis',(-1.,-2.94684279927049E-16,0.));
#2625=DIRECTION('center_axis',(-2.63980100614276E-16,1.,1.81069234326438E-16));
#2626=DIRECTION('ref_axis',(-1.,0.,0.));
#2627=DIRECTION('center_axis',(-6.87241335571547E-17,-1.,-6.66117384765025E-16));
#2628=DIRECTION('ref_axis',(0.565643744761862,-5.88186888394745E-16,0.824649715947188));
#2629=DIRECTION('',(0.565643744761862,-5.88186888394745E-16,0.824649715947188));
#2630=DIRECTION('',(-0.824649715947188,-3.20111794752842E-16,0.565643744761862));
#2631=DIRECTION('',(-0.565643744761862,5.88186888394745E-16,-0.824649715947188));
#2632=DIRECTION('center_axis',(-0.565643744761862,0.,-0.824649715947188));
#2633=DIRECTION('ref_axis',(0.,-1.,0.));
#2634=DIRECTION('',(2.67312438509537E-16,-1.,-1.83354951582427E-16));
#2635=DIRECTION('',(-0.824649715947188,-3.20111794752842E-16,0.565643744761862));
#2636=DIRECTION('',(0.,1.,0.));
#2637=DIRECTION('center_axis',(-0.824649715947188,-3.20111794752842E-16,
0.565643744761862));
#2638=DIRECTION('ref_axis',(-0.565643744761862,0.,-0.824649715947188));
#2639=DIRECTION('center_axis',(0.824649715947188,3.24152707919754E-16,-0.565643744761862));
#2640=DIRECTION('ref_axis',(-0.565643744761862,0.,-0.824649715947188));
#2641=DIRECTION('',(-0.824649715947188,-3.20111794752842E-16,0.565643744761862));
#2642=DIRECTION('center_axis',(0.824649715947188,0.,-0.565643744761862));
#2643=DIRECTION('ref_axis',(-0.565643744761862,0.,-0.824649715947188));
#2644=DIRECTION('center_axis',(2.63980100614276E-16,-1.,-1.81069234326438E-16));
#2645=DIRECTION('ref_axis',(0.565643744761862,0.,0.824649715947188));
#2646=DIRECTION('',(0.565643744761862,-4.93038065763132E-32,0.824649715947188));
#2647=DIRECTION('',(-0.565643744761862,0.,-0.824649715947188));
#2648=DIRECTION('center_axis',(0.,1.,0.));
#2649=DIRECTION('ref_axis',(0.824649715947184,0.,-0.565643744761868));
#2650=DIRECTION('',(0.,1.,0.));
#2651=DIRECTION('center_axis',(0.,1.,0.));
#2652=DIRECTION('ref_axis',(0.824649715947184,0.,-0.565643744761868));
#2653=DIRECTION('',(0.,1.,0.));
#2654=DIRECTION('center_axis',(0.,1.,0.));
#2655=DIRECTION('ref_axis',(-1.,0.,0.));
#2656=DIRECTION('',(0.,-1.,0.));
#2657=DIRECTION('center_axis',(0.,-1.,0.));
#2658=DIRECTION('ref_axis',(-1.,0.,0.));
#2659=DIRECTION('center_axis',(0.,1.,0.));
#2660=DIRECTION('ref_axis',(-0.565643744761863,0.,-0.824649715947187));
#2661=DIRECTION('center_axis',(0.,1.,0.));
#2662=DIRECTION('ref_axis',(-0.565643744761863,0.,-0.824649715947187));
#2663=DIRECTION('',(0.,1.,0.));
#2664=DIRECTION('center_axis',(0.,1.,0.));
#2665=DIRECTION('ref_axis',(-1.,0.,0.));
#2666=DIRECTION('',(-0.565643744761868,0.,-0.824649715947184));
#2667=DIRECTION('',(0.56564374476186,0.,0.824649715947189));
#2668=DIRECTION('center_axis',(0.,1.,0.));
#2669=DIRECTION('ref_axis',(-0.824649715947185,0.,0.565643744761867));
#2670=DIRECTION('',(0.,1.,0.));
#2671=DIRECTION('center_axis',(0.,1.,0.));
#2672=DIRECTION('ref_axis',(-0.824649715947185,0.,0.565643744761867));
#2673=DIRECTION('',(0.,1.,0.));
#2674=DIRECTION('center_axis',(-0.824649715947187,0.,0.565643744761864));
#2675=DIRECTION('ref_axis',(0.565643744761864,0.,0.824649715947187));
#2676=DIRECTION('',(0.565643744761864,0.,0.824649715947187));
#2677=DIRECTION('center_axis',(0.,1.,0.));
#2678=DIRECTION('ref_axis',(-1.,0.,0.));
#2679=DIRECTION('',(0.,-1.,0.));
#2680=DIRECTION('center_axis',(0.,-1.,0.));
#2681=DIRECTION('ref_axis',(-1.,0.,0.));
#2682=DIRECTION('center_axis',(0.824649715947191,0.,-0.565643744761857));
#2683=DIRECTION('ref_axis',(-0.565643744761857,0.,-0.824649715947191));
#2684=DIRECTION('',(0.,1.,0.));
#2685=DIRECTION('',(-0.565643744761857,0.,-0.824649715947191));
#2686=DIRECTION('center_axis',(0.,1.,0.));
#2687=DIRECTION('ref_axis',(0.565643744761864,0.,0.824649715947186));
#2688=DIRECTION('center_axis',(0.,1.,0.));
#2689=DIRECTION('ref_axis',(0.565643744761864,0.,0.824649715947186));
#2690=DIRECTION('center_axis',(0.,1.,0.));
#2691=DIRECTION('ref_axis',(-1.,0.,0.));
#2692=DIRECTION('center_axis',(0.824649715947188,0.,-0.565643744761862));
#2693=DIRECTION('ref_axis',(-0.565643744761862,0.,-0.824649715947188));
#2694=DIRECTION('center_axis',(0.824649715947188,0.,-0.565643744761862));
#2695=DIRECTION('ref_axis',(0.139521176789122,-0.969102310684603,0.203407356438116));
#2696=DIRECTION('center_axis',(-0.824649715947188,0.,0.565643744761862));
#2697=DIRECTION('ref_axis',(-0.565643744761862,0.,-0.824649715947188));
#2698=DIRECTION('',(0.399970527656865,0.707106781186548,0.583115406249816));
#2699=DIRECTION('center_axis',(0.824649715947188,0.,-0.565643744761862));
#2700=DIRECTION('ref_axis',(-0.565643744761861,0.,-0.824649715947188));
#2701=DIRECTION('center_axis',(-0.824649715947187,0.,0.565643744761863));
#2702=DIRECTION('ref_axis',(-0.565643744761863,0.,-0.824649715947188));
#2703=DIRECTION('',(-0.824649715947187,0.,0.565643744761863));
#2704=DIRECTION('center_axis',(-0.824649715947188,0.,0.565643744761862));
#2705=DIRECTION('ref_axis',(-0.565643744761863,0.,-0.824649715947188));
#2706=DIRECTION('center_axis',(-0.824649715947188,0.,0.565643744761862));
#2707=DIRECTION('ref_axis',(-0.565643744761863,0.,-0.824649715947188));
#2708=DIRECTION('',(0.824649715947187,0.,-0.565643744761863));
#2709=DIRECTION('center_axis',(0.824649715947188,0.,-0.565643744761862));
#2710=DIRECTION('ref_axis',(-0.565643744761862,0.,-0.824649715947188));
#2711=DIRECTION('center_axis',(0.824649715947188,0.,-0.565643744761862));
#2712=DIRECTION('ref_axis',(-0.139521176789122,0.969102310684603,-0.203407356438116));
#2713=DIRECTION('center_axis',(-0.824649715947188,0.,0.565643744761862));
#2714=DIRECTION('ref_axis',(-0.565643744761862,0.,-0.824649715947188));
#2715=DIRECTION('',(-0.399970527656865,-0.707106781186547,-0.583115406249817));
#2716=DIRECTION('center_axis',(0.824649715947188,0.,-0.565643744761862));
#2717=DIRECTION('ref_axis',(-0.565643744761861,0.,-0.824649715947188));
#2718=DIRECTION('center_axis',(-0.824649715947187,0.,0.565643744761863));
#2719=DIRECTION('ref_axis',(0.564842514346476,-0.0532069505274805,0.823481605381879));
#2720=DIRECTION('',(-0.824649715947187,0.,0.565643744761863));
#2721=DIRECTION('center_axis',(-0.824649715947188,0.,0.565643744761862));
#2722=DIRECTION('ref_axis',(-0.565643744761863,0.,-0.824649715947188));
#2723=DIRECTION('center_axis',(-0.824649715947188,0.,0.565643744761862));
#2724=DIRECTION('ref_axis',(-0.565643744761863,0.,-0.824649715947188));
#2725=DIRECTION('',(0.824649715947187,0.,-0.565643744761863));
#2726=DIRECTION('center_axis',(0.399970527656865,-0.707106781186547,0.583115406249818));
#2727=DIRECTION('ref_axis',(-0.399970527656865,-0.707106781186548,-0.583115406249816));
#2728=DIRECTION('',(-0.399970527656865,-0.707106781186548,-0.583115406249816));
#2729=DIRECTION('',(0.824649715947188,0.,-0.565643744761861));
#2730=DIRECTION('',(-0.399970527656865,-0.707106781186548,-0.583115406249816));
#2731=DIRECTION('',(0.824649715947188,0.,-0.565643744761861));
#2732=DIRECTION('center_axis',(-0.399970527656865,0.707106781186548,-0.583115406249817));
#2733=DIRECTION('ref_axis',(0.399970527656865,0.707106781186547,0.583115406249817));
#2734=DIRECTION('',(0.399970527656865,0.707106781186547,0.583115406249817));
#2735=DIRECTION('',(0.824649715947188,0.,-0.565643744761861));
#2736=DIRECTION('',(0.399970527656865,0.707106781186547,0.583115406249817));
#2737=DIRECTION('',(0.824649715947188,0.,-0.565643744761861));
#2738=DIRECTION('center_axis',(0.824649715947188,0.,-0.565643744761862));
#2739=DIRECTION('ref_axis',(-0.565643744761862,0.,-0.824649715947188));
#2740=DIRECTION('center_axis',(-0.824649715947188,0.,0.565643744761862));
#2741=DIRECTION('ref_axis',(-0.565643744761862,0.,-0.824649715947188));
#2742=DIRECTION('center_axis',(-0.824649715947188,0.,0.565643744761862));
#2743=DIRECTION('ref_axis',(-0.139521176789122,0.969102310684603,-0.203407356438116));
#2744=DIRECTION('center_axis',(-0.824649715947188,0.,0.565643744761862));
#2745=DIRECTION('ref_axis',(-0.565643744761861,0.,-0.824649715947188));
#2746=DIRECTION('center_axis',(-0.824649715947188,0.,0.565643744761862));
#2747=DIRECTION('ref_axis',(-0.565643744761862,0.,-0.824649715947188));
#2748=DIRECTION('',(-0.183144878592952,-8.65956056235492E-17,0.983085933906682));
#2749=DIRECTION('center_axis',(0.824649715947188,0.,-0.565643744761862));
#2750=DIRECTION('ref_axis',(-0.565643744761862,0.,-0.824649715947188));
#2751=DIRECTION('center_axis',(0.824649715947188,0.,-0.565643744761862));
#2752=DIRECTION('ref_axis',(-0.565643744761862,0.,-0.824649715947188));
#2753=DIRECTION('center_axis',(-3.3270423417143E-16,-1.,-4.85048150438587E-16));
#2754=DIRECTION('ref_axis',(-0.565643744761862,5.88186888394745E-16,-0.824649715947188));
#2755=DIRECTION('',(-0.565643744761862,5.88186888394745E-16,-0.824649715947188));
#2756=DIRECTION('center_axis',(0.824649715947188,0.,-0.565643744761862));
#2757=DIRECTION('ref_axis',(-0.565643744761862,0.,-0.824649715947188));
#2758=DIRECTION('center_axis',(-0.824649715947188,0.,0.565643744761862));
#2759=DIRECTION('ref_axis',(0.139521176789122,-0.969102310684603,0.203407356438116));
#2760=DIRECTION('center_axis',(0.824649715947188,0.,-0.565643744761861));
#2761=DIRECTION('ref_axis',(0.139521176789122,-0.969102310684603,0.203407356438116));
#2762=DIRECTION('center_axis',(-0.824649715947188,0.,0.565643744761862));
#2763=DIRECTION('ref_axis',(0.139521176789122,-0.969102310684603,0.203407356438116));
#2764=DIRECTION('center_axis',(0.824649715947188,0.,-0.565643744761861));
#2765=DIRECTION('ref_axis',(-0.139521176789122,0.969102310684603,-0.203407356438116));
#2766=DIRECTION('center_axis',(-0.824649715947188,0.,0.565643744761862));
#2767=DIRECTION('ref_axis',(-0.139521176789122,0.969102310684603,-0.203407356438116));
#2768=DIRECTION('center_axis',(0.824649715947188,0.,-0.565643744761861));
#2769=DIRECTION('ref_axis',(-0.565643744761861,0.,-0.824649715947188));
#2770=DIRECTION('',(-0.824649715947188,0.,0.565643744761861));
#2771=DIRECTION('center_axis',(-0.824649715947188,0.,0.565643744761862));
#2772=DIRECTION('ref_axis',(-0.565643744761862,0.,-0.824649715947188));
#2773=DIRECTION('center_axis',(0.824649715947188,0.,-0.565643744761861));
#2774=DIRECTION('ref_axis',(-0.565643744761861,0.,-0.824649715947188));
#2775=DIRECTION('',(-0.824649715947188,0.,0.565643744761861));
#2776=DIRECTION('center_axis',(-0.824649715947188,0.,0.565643744761862));
#2777=DIRECTION('ref_axis',(-0.565643744761862,0.,-0.824649715947188));
#2778=DIRECTION('center_axis',(0.824649715947188,0.,-0.565643744761862));
#2779=DIRECTION('ref_axis',(-0.565643744761862,0.,-0.824649715947188));
#2780=DIRECTION('center_axis',(0.,-1.,0.));
#2781=DIRECTION('ref_axis',(-1.,0.,0.));
#2782=DIRECTION('',(0.,-1.,0.));
#2783=DIRECTION('center_axis',(2.67312438509537E-16,-1.,-1.83354951582427E-16));
#2784=DIRECTION('ref_axis',(-1.,0.,0.));
#2785=DIRECTION('center_axis',(2.67312438509537E-16,-1.,-1.83354951582427E-16));
#2786=DIRECTION('ref_axis',(-1.,0.,0.));
#2787=DIRECTION('',(0.,-1.,0.));
#2788=DIRECTION('center_axis',(0.,1.,0.));
#2789=DIRECTION('ref_axis',(-1.,0.,0.));
#2790=DIRECTION('center_axis',(0.,-1.,0.));
#2791=DIRECTION('ref_axis',(-1.,0.,0.));
#2792=DIRECTION('',(0.,-1.,0.));
#2793=DIRECTION('center_axis',(2.67312438509537E-16,-1.,-1.83354951582427E-16));
#2794=DIRECTION('ref_axis',(-1.,0.,0.));
#2795=DIRECTION('',(0.,-1.,0.));
#2796=DIRECTION('center_axis',(0.,1.,0.));
#2797=DIRECTION('ref_axis',(-1.,0.,0.));
#2798=DIRECTION('center_axis',(0.,-1.,0.));
#2799=DIRECTION('ref_axis',(-1.,0.,0.));
#2800=DIRECTION('',(0.,-1.,0.));
#2801=DIRECTION('center_axis',(2.67312438509537E-16,-1.,-1.83354951582427E-16));
#2802=DIRECTION('ref_axis',(-1.,0.,0.));
#2803=DIRECTION('center_axis',(2.67312438509537E-16,-1.,-1.83354951582427E-16));
#2804=DIRECTION('ref_axis',(-1.,0.,0.));
#2805=DIRECTION('',(0.,-1.,0.));
#2806=DIRECTION('center_axis',(0.,1.,0.));
#2807=DIRECTION('ref_axis',(-1.,0.,0.));
#2808=DIRECTION('center_axis',(0.,-1.,0.));
#2809=DIRECTION('ref_axis',(-1.,0.,0.));
#2810=DIRECTION('',(0.,-1.,0.));
#2811=DIRECTION('center_axis',(2.67312438509537E-16,-1.,-1.83354951582427E-16));
#2812=DIRECTION('ref_axis',(-1.,0.,0.));
#2813=DIRECTION('',(0.,-1.,0.));
#2814=DIRECTION('center_axis',(0.,1.,0.));
#2815=DIRECTION('ref_axis',(-1.,0.,0.));
#2816=DIRECTION('center_axis',(0.,-1.,0.));
#2817=DIRECTION('ref_axis',(-1.,0.,0.));
#2818=DIRECTION('center_axis',(0.,-1.,0.));
#2819=DIRECTION('ref_axis',(-1.,0.,0.));
#2820=DIRECTION('',(0.,-1.,0.));
#2821=DIRECTION('center_axis',(-2.67312438509537E-16,1.,1.83354951582427E-16));
#2822=DIRECTION('ref_axis',(-1.,0.,0.));
#2823=DIRECTION('center_axis',(0.,-1.,0.));
#2824=DIRECTION('ref_axis',(-1.,0.,0.));
#2825=DIRECTION('center_axis',(0.,-1.,0.));
#2826=DIRECTION('ref_axis',(-1.,0.,0.));
#2827=DIRECTION('',(0.,-1.,0.));
#2828=DIRECTION('center_axis',(-2.67312438509537E-16,1.,1.83354951582427E-16));
#2829=DIRECTION('ref_axis',(-1.,0.,0.));
#2830=DIRECTION('center_axis',(0.,-1.,0.));
#2831=DIRECTION('ref_axis',(-1.,0.,0.));
#2832=DIRECTION('center_axis',(0.,-1.,0.));
#2833=DIRECTION('ref_axis',(-1.,0.,0.));
#2834=DIRECTION('',(0.,-1.,0.));
#2835=DIRECTION('center_axis',(-2.67312438509537E-16,1.,1.83354951582427E-16));
#2836=DIRECTION('ref_axis',(-1.,0.,0.));
#2837=DIRECTION('center_axis',(0.,-1.,0.));
#2838=DIRECTION('ref_axis',(-1.,0.,0.));
#2839=DIRECTION('center_axis',(0.,-1.,0.));
#2840=DIRECTION('ref_axis',(-1.,0.,0.));
#2841=DIRECTION('',(0.,-1.,0.));
#2842=DIRECTION('center_axis',(-2.67312438509537E-16,1.,1.83354951582427E-16));
#2843=DIRECTION('ref_axis',(-1.,0.,0.));
#2844=DIRECTION('center_axis',(0.,-1.,0.));
#2845=DIRECTION('ref_axis',(-1.,0.,0.));
#2846=DIRECTION('center_axis',(0.,1.,0.));
#2847=DIRECTION('ref_axis',(-1.,0.,0.));
#2848=DIRECTION('',(0.,-1.,0.));
#2849=DIRECTION('center_axis',(2.67312438509537E-16,-1.,-1.83354951582427E-16));
#2850=DIRECTION('ref_axis',(-1.,0.,0.));
#2851=DIRECTION('center_axis',(0.,1.,0.));
#2852=DIRECTION('ref_axis',(0.,0.,1.));
#2853=DIRECTION('center_axis',(0.,-1.,0.));
#2854=DIRECTION('ref_axis',(-1.,0.,0.));
#2855=DIRECTION('center_axis',(0.,1.,0.));
#2856=DIRECTION('ref_axis',(-1.,0.,0.));
#2857=DIRECTION('',(0.,-1.,0.));
#2858=DIRECTION('center_axis',(2.67312438509537E-16,-1.,-1.83354951582427E-16));
#2859=DIRECTION('ref_axis',(-1.,0.,0.));
#2860=DIRECTION('center_axis',(0.,1.,0.));
#2861=DIRECTION('ref_axis',(0.,0.,1.));
#2862=DIRECTION('center_axis',(0.,-1.,0.));
#2863=DIRECTION('ref_axis',(-1.,0.,0.));
#2864=DIRECTION('center_axis',(0.,1.,0.));
#2865=DIRECTION('ref_axis',(-1.,0.,0.));
#2866=DIRECTION('',(0.,-1.,0.));
#2867=DIRECTION('center_axis',(2.67312438509537E-16,-1.,-1.83354951582427E-16));
#2868=DIRECTION('ref_axis',(-1.,0.,0.));
#2869=DIRECTION('center_axis',(0.,1.,0.));
#2870=DIRECTION('ref_axis',(0.,0.,1.));
#2871=DIRECTION('center_axis',(0.,-1.,0.));
#2872=DIRECTION('ref_axis',(-1.,0.,0.));
#2873=DIRECTION('center_axis',(0.,1.,0.));
#2874=DIRECTION('ref_axis',(-1.,0.,0.));
#2875=DIRECTION('',(0.,-1.,0.));
#2876=DIRECTION('center_axis',(2.67312438509537E-16,-1.,-1.83354951582427E-16));
#2877=DIRECTION('ref_axis',(-1.,0.,0.));
#2878=DIRECTION('center_axis',(0.,1.,0.));
#2879=DIRECTION('ref_axis',(0.,0.,1.));
#2880=DIRECTION('center_axis',(-2.67312438509537E-16,1.,1.83354951582427E-16));
#2881=DIRECTION('ref_axis',(-0.565643744761862,0.,-0.824649715947188));
#2882=DIRECTION('',(-0.824649715947188,-3.24152707919754E-16,0.565643744761862));
#2883=DIRECTION('',(-0.565643744761862,4.82175748269762E-32,-0.824649715947188));
#2884=DIRECTION('',(-0.824649715947188,-3.24152707919754E-16,0.565643744761862));
#2885=DIRECTION('center_axis',(-2.67312438509537E-16,1.,1.83354951582427E-16));
#2886=DIRECTION('ref_axis',(-0.565643744761862,0.,-0.824649715947188));
#2887=DIRECTION('',(-0.824649715947188,-3.24152707919754E-16,0.565643744761862));
#2888=DIRECTION('',(-0.565643744761862,0.,-0.824649715947188));
#2889=DIRECTION('',(-0.824649715947188,-3.24152707919754E-16,0.565643744761862));
#2890=DIRECTION('center_axis',(-0.824649715947188,-3.24152707919754E-16,
0.565643744761862));
#2891=DIRECTION('ref_axis',(-0.565643744761862,-6.54330545140189E-32,-0.824649715947188));
#2892=DIRECTION('center_axis',(0.824649715947188,-2.67141751968516E-32,
-0.565643744761862));
#2893=DIRECTION('ref_axis',(-0.565643744761862,4.82175748269762E-32,-0.824649715947188));
#2894=DIRECTION('',(-0.824649715947188,-3.24152707919754E-16,0.565643744761862));
#2895=DIRECTION('',(-0.824649715947188,-3.24152707919754E-16,0.565643744761862));
#2896=DIRECTION('',(-0.824649715947188,-3.24152707919754E-16,0.565643744761862));
#2897=DIRECTION('center_axis',(0.824649715947188,0.,-0.565643744761862));
#2898=DIRECTION('ref_axis',(-0.565643744761862,0.,-0.824649715947188));
#2899=DIRECTION('',(-0.824649715947188,-3.24152707919754E-16,0.565643744761862));
#2900=DIRECTION('center_axis',(-2.67312438509537E-16,1.,1.83354951582427E-16));
#2901=DIRECTION('ref_axis',(-0.565643744761862,0.,-0.824649715947188));
#2902=DIRECTION('',(-0.824649715947188,-3.24152707919754E-16,0.565643744761862));
#2903=DIRECTION('',(-0.565643744761862,0.,-0.824649715947188));
#2904=DIRECTION('center_axis',(-2.67312438509537E-16,1.,1.83354951582427E-16));
#2905=DIRECTION('ref_axis',(-0.565643744761862,0.,-0.824649715947188));
#2906=DIRECTION('',(-0.565643744761862,4.82175748269762E-32,-0.824649715947188));
#2907=DIRECTION('',(-0.824649715947188,-3.24152707919754E-16,0.565643744761862));
#2908=DIRECTION('center_axis',(-0.565643744761862,-3.24152707919754E-16,
-0.824649715947188));
#2909=DIRECTION('ref_axis',(4.50667390091964E-16,-1.,8.39574869271092E-17));
#2910=DIRECTION('',(-4.50667390091964E-16,1.,-8.39574869271092E-17));
#2911=DIRECTION('',(-0.824649715947188,-3.24152707919754E-16,0.565643744761862));
#2912=DIRECTION('',(4.50667390091964E-16,-1.,8.39574869271092E-17));
#2913=DIRECTION('',(-0.824649715947188,-3.24152707919754E-16,0.565643744761862));
#2914=DIRECTION('center_axis',(-2.67312438509537E-16,1.,1.83354951582427E-16));
#2915=DIRECTION('ref_axis',(-0.565643744761862,0.,-0.824649715947188));
#2916=DIRECTION('center_axis',(-2.67312438509537E-16,1.,1.83354951582427E-16));
#2917=DIRECTION('ref_axis',(-0.565643744761862,0.,-0.824649715947188));
#2918=DIRECTION('',(-0.824649715947188,-3.24152707919754E-16,0.565643744761862));
#2919=DIRECTION('center_axis',(0.565643744761862,9.72458123759261E-16,0.824649715947188));
#2920=DIRECTION('ref_axis',(-1.08468973176636E-15,1.,-4.35227412363755E-16));
#2921=DIRECTION('',(1.08468973176636E-15,-1.,4.35227412363755E-16));
#2922=DIRECTION('',(-1.08468973176636E-15,1.,-4.35227412363755E-16));
#2923=DIRECTION('',(-0.824649715947188,-3.24152707919754E-16,0.565643744761862));
#2924=DIRECTION('center_axis',(2.67312438509537E-16,-1.,-1.83354951582427E-16));
#2925=DIRECTION('ref_axis',(0.565643744761862,0.,0.824649715947188));
#2926=DIRECTION('',(-0.565643744761862,0.,-0.824649715947188));
#2927=DIRECTION('',(0.565643744761862,-4.82175748269762E-32,0.824649715947188));
#2928=DIRECTION('center_axis',(0.824649715947188,3.24152707919754E-16,-0.565643744761862));
#2929=DIRECTION('ref_axis',(-0.565643744761862,0.,-0.824649715947188));
#2930=DIRECTION('center_axis',(0.824649715947188,3.24152707919754E-16,-0.565643744761862));
#2931=DIRECTION('ref_axis',(-0.565643744761862,4.82175748269762E-32,-0.824649715947188));
#2932=DIRECTION('center_axis',(-0.824649715947182,0.,0.56564374476187));
#2933=DIRECTION('ref_axis',(-0.56564374476187,0.,-0.824649715947182));
#2934=DIRECTION('',(0.56564374476187,0.,0.824649715947182));
#2935=DIRECTION('',(0.,1.,0.));
#2936=DIRECTION('',(-0.56564374476187,0.,-0.824649715947182));
#2937=DIRECTION('',(0.,-1.,0.));
#2938=DIRECTION('',(0.56564374476187,0.,0.824649715947182));
#2939=DIRECTION('center_axis',(0.,-1.,0.));
#2940=DIRECTION('ref_axis',(0.,0.,-1.));
#2941=DIRECTION('',(0.431345730852953,0.,-0.902186710429128));
#2942=DIRECTION('',(-0.996989475614817,0.,0.0775369944819412));
#2943=DIRECTION('',(-0.565643744761864,0.,-0.824649715947186));
#2944=DIRECTION('center_axis',(0.902186710429128,0.,0.431345730852953));
#2945=DIRECTION('ref_axis',(0.431345730852953,0.,-0.902186710429128));
#2946=DIRECTION('',(0.,1.,0.));
#2947=DIRECTION('',(0.431345730852953,0.,-0.902186710429128));
#2948=DIRECTION('',(0.,1.,0.));
#2949=DIRECTION('',(0.431345730852953,0.,-0.902186710429128));
#2950=DIRECTION('',(0.,1.,0.));
#2951=DIRECTION('',(0.431345730852953,0.,-0.902186710429128));
#2952=DIRECTION('center_axis',(0.,1.,0.));
#2953=DIRECTION('ref_axis',(-1.,0.,0.));
#2954=DIRECTION('',(-0.824649715947183,0.,0.565643744761869));
#2955=DIRECTION('center_axis',(0.,-1.,0.));
#2956=DIRECTION('ref_axis',(-1.,0.,0.));
#2957=DIRECTION('center_axis',(0.,-1.,0.));
#2958=DIRECTION('ref_axis',(-1.,0.,0.));
#2959=DIRECTION('center_axis',(-0.0775369944819412,0.,-0.996989475614817));
#2960=DIRECTION('ref_axis',(-0.996989475614817,0.,0.0775369944819412));
#2961=DIRECTION('',(-0.996989475614817,0.,0.0775369944819412));
#2962=DIRECTION('',(0.,-1.,0.));
#2963=DIRECTION('',(-0.996989475614817,0.,0.0775369944819412));
#2964=DIRECTION('',(0.,1.,0.));
#2965=DIRECTION('',(-0.996989475614817,0.,0.0775369944819412));
#2966=DIRECTION('',(0.,1.,0.));
#2967=DIRECTION('center_axis',(0.565643744761849,0.,0.824649715947197));
#2968=DIRECTION('ref_axis',(-0.824649715947197,0.,0.565643744761849));
#2969=DIRECTION('',(0.824649715947197,0.,-0.565643744761849));
#2970=DIRECTION('',(0.,1.,0.));
#2971=DIRECTION('',(-0.824649715947197,0.,0.565643744761849));
#2972=DIRECTION('',(0.824649715947197,0.,-0.565643744761849));
#2973=DIRECTION('center_axis',(0.,-1.,0.));
#2974=DIRECTION('ref_axis',(0.,0.,-1.));
#2975=DIRECTION('',(-0.431345730852953,0.,0.902186710429128));
#2976=DIRECTION('center_axis',(0.,1.,0.));
#2977=DIRECTION('ref_axis',(-1.,0.,0.));
#2978=DIRECTION('center_axis',(0.,-1.,0.));
#2979=DIRECTION('ref_axis',(-1.,0.,0.));
#2980=DIRECTION('center_axis',(-0.565643744761869,0.,-0.824649715947183));
#2981=DIRECTION('ref_axis',(0.824649715947183,0.,-0.565643744761869));
#2982=DIRECTION('',(0.824649715947183,0.,-0.565643744761869));
#2983=DIRECTION('',(0.,-1.,0.));
#2984=DIRECTION('',(-0.824649715947183,0.,0.565643744761869));
#2985=DIRECTION('center_axis',(0.,-1.,0.));
#2986=DIRECTION('ref_axis',(0.,0.,-1.));
#2987=DIRECTION('',(0.996989475614817,0.,-0.077536994481943));
#2988=DIRECTION('center_axis',(0.,1.,0.));
#2989=DIRECTION('ref_axis',(-1.,0.,0.));
#2990=DIRECTION('',(0.996989475614817,0.,-0.077536994481943));
#2991=DIRECTION('',(-0.565643744761849,0.,-0.824649715947197));
#2992=DIRECTION('center_axis',(0.,-1.,0.));
#2993=DIRECTION('ref_axis',(-1.,0.,0.));
#2994=DIRECTION('center_axis',(0.077536994481943,0.,0.996989475614817));
#2995=DIRECTION('ref_axis',(0.996989475614817,0.,-0.077536994481943));
#2996=DIRECTION('',(0.996989475614817,0.,-0.077536994481943));
#2997=DIRECTION('',(0.,1.,0.));
#2998=DIRECTION('',(0.996989475614817,0.,-0.077536994481943));
#2999=DIRECTION('',(0.,1.,0.));
#3000=DIRECTION('center_axis',(0.824649715947197,0.,-0.565643744761849));
#3001=DIRECTION('ref_axis',(0.565643744761849,0.,0.824649715947197));
#3002=DIRECTION('',(0.565643744761849,0.,0.824649715947197));
#3003=DIRECTION('',(0.,-1.,0.));
#3004=DIRECTION('',(-0.565643744761849,0.,-0.824649715947197));
#3005=DIRECTION('center_axis',(0.,-1.,0.));
#3006=DIRECTION('ref_axis',(0.,0.,-1.));
#3007=DIRECTION('',(0.565643744761864,0.,0.824649715947187));
#3008=DIRECTION('',(-0.431345730852953,0.,0.902186710429128));
#3009=DIRECTION('center_axis',(-0.902186710429128,0.,-0.431345730852953));
#3010=DIRECTION('ref_axis',(-0.431345730852953,0.,0.902186710429128));
#3011=DIRECTION('',(-0.431345730852953,0.,0.902186710429128));
#3012=DIRECTION('',(0.,1.,0.));
#3013=DIRECTION('',(-0.431345730852953,0.,0.902186710429128));
#3014=DIRECTION('center_axis',(-0.824649715947187,0.,0.565643744761864));
#3015=DIRECTION('ref_axis',(0.565643744761864,0.,0.824649715947187));
#3016=DIRECTION('',(0.565643744761864,0.,0.824649715947187));
#3017=DIRECTION('center_axis',(0.824649715947186,0.,-0.565643744761864));
#3018=DIRECTION('ref_axis',(-0.565643744761864,0.,-0.824649715947186));
#3019=DIRECTION('',(-0.565643744761864,0.,-0.824649715947186));
#3020=DIRECTION('center_axis',(0.,1.,0.));
#3021=DIRECTION('ref_axis',(-1.,0.,0.));
#3022=DIRECTION('center_axis',(0.,-1.,0.));
#3023=DIRECTION('ref_axis',(-1.,0.,0.));
#3024=DIRECTION('center_axis',(0.,-1.,0.));
#3025=DIRECTION('ref_axis',(-0.492877777824619,0.,-0.870098555410056));
#3026=DIRECTION('center_axis',(0.,-1.,0.));
#3027=DIRECTION('ref_axis',(-0.492877777824619,0.,-0.870098555410056));
#3028=DIRECTION('',(0.,-1.,0.));
#3029=DIRECTION('center_axis',(0.,1.,0.));
#3030=DIRECTION('ref_axis',(-0.492877777824619,0.,-0.870098555410056));
#3031=DIRECTION('',(0.,-1.,0.));
#3032=DIRECTION('center_axis',(0.,1.,0.));
#3033=DIRECTION('ref_axis',(-1.,0.,0.));
#3034=DIRECTION('',(0.565643744761868,0.,0.824649715947184));
#3035=DIRECTION('',(-0.824649715947188,0.,0.565643744761862));
#3036=DIRECTION('',(-0.565643744761861,0.,-0.824649715947188));
#3037=DIRECTION('center_axis',(0.,1.,0.));
#3038=DIRECTION('ref_axis',(-0.983085933906682,0.,-0.183144878592953));
#3039=DIRECTION('center_axis',(0.,1.,0.));
#3040=DIRECTION('ref_axis',(-0.983085933906682,0.,-0.183144878592953));
#3041=DIRECTION('center_axis',(0.,-1.,0.));
#3042=DIRECTION('ref_axis',(-0.983085933906682,0.,-0.183144878592953));
#3043=DIRECTION('',(0.,1.,0.));
#3044=DIRECTION('center_axis',(0.,1.,0.));
#3045=DIRECTION('ref_axis',(-1.,0.,0.));
#3046=DIRECTION('center_axis',(0.,-1.,0.));
#3047=DIRECTION('ref_axis',(-1.,0.,0.));
#3048=DIRECTION('',(0.,-1.,0.));
#3049=DIRECTION('center_axis',(0.824649715947184,0.,-0.565643744761868));
#3050=DIRECTION('ref_axis',(-0.565643744761868,0.,-0.824649715947184));
#3051=DIRECTION('',(-0.565643744761868,0.,-0.824649715947184));
#3052=DIRECTION('',(0.,1.,0.));
#3053=DIRECTION('center_axis',(0.565643744761862,0.,0.824649715947188));
#3054=DIRECTION('ref_axis',(0.824649715947188,0.,-0.565643744761862));
#3055=DIRECTION('',(0.824649715947188,0.,-0.565643744761862));
#3056=DIRECTION('',(0.,1.,0.));
#3057=DIRECTION('center_axis',(-0.824649715947188,0.,0.565643744761861));
#3058=DIRECTION('ref_axis',(0.565643744761861,0.,0.824649715947188));
#3059=DIRECTION('',(0.565643744761861,0.,0.824649715947188));
#3060=DIRECTION('center_axis',(0.,1.,0.));
#3061=DIRECTION('ref_axis',(-1.,0.,0.));
#3062=DIRECTION('center_axis',(-0.824649715947188,0.,0.565643744761861));
#3063=DIRECTION('ref_axis',(-0.565643744761861,0.,-0.824649715947188));
#3064=DIRECTION('',(0.565643744761861,0.,0.824649715947188));
#3065=DIRECTION('',(0.,1.,0.));
#3066=DIRECTION('',(-0.565643744761861,0.,-0.824649715947188));
#3067=DIRECTION('',(0.,-1.,0.));
#3068=DIRECTION('',(0.565643744761861,0.,0.824649715947188));
#3069=DIRECTION('center_axis',(0.,-1.,0.));
#3070=DIRECTION('ref_axis',(0.,0.,-1.));
#3071=DIRECTION('',(-0.565643744761858,0.,-0.82464971594719));
#3072=DIRECTION('',(0.431345730852957,0.,-0.902186710429126));
#3073=DIRECTION('',(-0.996989475614817,0.,0.0775369944819346));
#3074=DIRECTION('center_axis',(0.902186710429126,0.,0.431345730852958));
#3075=DIRECTION('ref_axis',(0.431345730852957,0.,-0.902186710429126));
#3076=DIRECTION('',(0.,1.,0.));
#3077=DIRECTION('',(0.431345730852957,0.,-0.902186710429126));
#3078=DIRECTION('',(0.,1.,0.));
#3079=DIRECTION('',(0.431345730852957,0.,-0.902186710429126));
#3080=DIRECTION('',(0.,1.,0.));
#3081=DIRECTION('',(0.431345730852957,0.,-0.902186710429126));
#3082=DIRECTION('center_axis',(0.82464971594719,0.,-0.565643744761858));
#3083=DIRECTION('ref_axis',(-0.565643744761858,0.,-0.82464971594719));
#3084=DIRECTION('',(0.,1.,0.));
#3085=DIRECTION('',(-0.565643744761858,0.,-0.82464971594719));
#3086=DIRECTION('center_axis',(0.,1.,0.));
#3087=DIRECTION('ref_axis',(-1.,0.,0.));
#3088=DIRECTION('center_axis',(0.,-1.,0.));
#3089=DIRECTION('ref_axis',(-1.,0.,0.));
#3090=DIRECTION('',(0.824649715947193,0.,-0.565643744761855));
#3091=DIRECTION('',(-0.996989475614817,0.,0.0775369944819346));
#3092=DIRECTION('center_axis',(-0.0775369944819346,0.,-0.996989475614817));
#3093=DIRECTION('ref_axis',(-0.996989475614817,0.,0.0775369944819346));
#3094=DIRECTION('',(0.,-1.,0.));
#3095=DIRECTION('',(-0.996989475614817,0.,0.0775369944819346));
#3096=DIRECTION('',(0.,1.,0.));
#3097=DIRECTION('',(-0.996989475614817,0.,0.0775369944819346));
#3098=DIRECTION('center_axis',(0.565643744761855,0.,0.824649715947193));
#3099=DIRECTION('ref_axis',(-0.824649715947193,0.,0.565643744761855));
#3100=DIRECTION('',(0.824649715947193,0.,-0.565643744761855));
#3101=DIRECTION('',(0.,1.,0.));
#3102=DIRECTION('',(-0.824649715947193,0.,0.565643744761855));
#3103=DIRECTION('center_axis',(0.,-1.,0.));
#3104=DIRECTION('ref_axis',(0.,0.,-1.));
#3105=DIRECTION('',(-0.431345730852959,0.,0.902186710429125));
#3106=DIRECTION('center_axis',(0.,1.,0.));
#3107=DIRECTION('ref_axis',(-1.,0.,0.));
#3108=DIRECTION('',(-0.824649715947181,0.,0.565643744761872));
#3109=DIRECTION('center_axis',(0.,-1.,0.));
#3110=DIRECTION('ref_axis',(-1.,0.,0.));
#3111=DIRECTION('center_axis',(0.,-1.,0.));
#3112=DIRECTION('ref_axis',(-1.,0.,0.));
#3113=DIRECTION('center_axis',(0.824649715947178,0.,-0.565643744761876));
#3114=DIRECTION('ref_axis',(0.565643744761876,0.,0.824649715947178));
#3115=DIRECTION('',(-0.565643744761876,0.,-0.824649715947178));
#3116=DIRECTION('',(0.,1.,0.));
#3117=DIRECTION('',(0.565643744761876,0.,0.824649715947178));
#3118=DIRECTION('',(0.,-1.,0.));
#3119=DIRECTION('',(-0.565643744761876,0.,-0.824649715947178));
#3120=DIRECTION('center_axis',(0.,-1.,0.));
#3121=DIRECTION('ref_axis',(0.,0.,-1.));
#3122=DIRECTION('',(0.996989475614817,0.,-0.0775369944819369));
#3123=DIRECTION('',(0.565643744761861,0.,0.824649715947189));
#3124=DIRECTION('',(-0.431345730852959,0.,0.902186710429125));
#3125=DIRECTION('center_axis',(-0.902186710429126,0.,-0.431345730852959));
#3126=DIRECTION('ref_axis',(-0.431345730852959,0.,0.902186710429125));
#3127=DIRECTION('',(-0.431345730852959,0.,0.902186710429125));
#3128=DIRECTION('',(0.,1.,0.));
#3129=DIRECTION('',(-0.431345730852959,0.,0.902186710429125));
#3130=DIRECTION('center_axis',(0.,1.,0.));
#3131=DIRECTION('ref_axis',(-1.,0.,0.));
#3132=DIRECTION('center_axis',(0.,-1.,0.));
#3133=DIRECTION('ref_axis',(-1.,0.,0.));
#3134=DIRECTION('center_axis',(-0.824649715947189,0.,0.565643744761861));
#3135=DIRECTION('ref_axis',(0.565643744761861,0.,0.824649715947189));
#3136=DIRECTION('',(0.,1.,0.));
#3137=DIRECTION('',(0.565643744761861,0.,0.824649715947189));
#3138=DIRECTION('center_axis',(-0.565643744761872,0.,-0.824649715947181));
#3139=DIRECTION('ref_axis',(0.824649715947181,0.,-0.565643744761872));
#3140=DIRECTION('',(0.824649715947181,0.,-0.565643744761872));
#3141=DIRECTION('',(0.,-1.,0.));
#3142=DIRECTION('',(-0.824649715947181,0.,0.565643744761872));
#3143=DIRECTION('center_axis',(0.,-1.,0.));
#3144=DIRECTION('ref_axis',(0.,0.,-1.));
#3145=DIRECTION('',(0.996989475614817,0.,-0.0775369944819369));
#3146=DIRECTION('center_axis',(0.0775369944819369,0.,0.996989475614817));
#3147=DIRECTION('ref_axis',(0.996989475614817,0.,-0.0775369944819369));
#3148=DIRECTION('',(0.996989475614817,0.,-0.0775369944819369));
#3149=DIRECTION('',(0.996989475614817,0.,-0.0775369944819369));
#3150=DIRECTION('center_axis',(0.,1.,0.));
#3151=DIRECTION('ref_axis',(-1.,0.,0.));
#3152=DIRECTION('center_axis',(0.,-1.,0.));
#3153=DIRECTION('ref_axis',(-1.,0.,0.));
#3154=DIRECTION('center_axis',(0.,-1.,0.));
#3155=DIRECTION('ref_axis',(0.492877777824613,0.,0.870098555410059));
#3156=DIRECTION('center_axis',(0.,-1.,0.));
#3157=DIRECTION('ref_axis',(0.492877777824613,0.,0.870098555410059));
#3158=DIRECTION('',(0.,-1.,0.));
#3159=DIRECTION('center_axis',(0.,1.,0.));
#3160=DIRECTION('ref_axis',(0.492877777824613,0.,0.870098555410059));
#3161=DIRECTION('',(0.,-1.,0.));
#3162=DIRECTION('center_axis',(-0.824649715947187,0.,0.565643744761863));
#3163=DIRECTION('ref_axis',(0.565643744761863,0.,0.824649715947187));
#3164=DIRECTION('',(0.565643744761863,0.,0.824649715947187));
#3165=DIRECTION('',(0.,1.,0.));
#3166=DIRECTION('',(0.565643744761863,0.,0.824649715947187));
#3167=DIRECTION('center_axis',(0.,1.,0.));
#3168=DIRECTION('ref_axis',(-1.,0.,0.));
#3169=DIRECTION('center_axis',(0.,-1.,0.));
#3170=DIRECTION('ref_axis',(0.983085933906681,0.,0.183144878592955));
#3171=DIRECTION('',(-0.565643744761856,0.,-0.824649715947192));
#3172=DIRECTION('',(-0.824649715947188,0.,0.565643744761862));
#3173=DIRECTION('center_axis',(0.,-1.,0.));
#3174=DIRECTION('ref_axis',(-1.,0.,0.));
#3175=DIRECTION('center_axis',(0.,1.,0.));
#3176=DIRECTION('ref_axis',(0.983085933906681,0.,0.183144878592955));
#3177=DIRECTION('center_axis',(0.,1.,0.));
#3178=DIRECTION('ref_axis',(0.983085933906681,0.,0.183144878592955));
#3179=DIRECTION('',(0.,1.,0.));
#3180=DIRECTION('center_axis',(0.824649715947192,0.,-0.565643744761856));
#3181=DIRECTION('ref_axis',(-0.565643744761856,0.,-0.824649715947192));
#3182=DIRECTION('',(-0.565643744761856,0.,-0.824649715947192));
#3183=DIRECTION('',(0.,1.,0.));
#3184=DIRECTION('center_axis',(0.,1.,0.));
#3185=DIRECTION('ref_axis',(-1.,0.,0.));
#3186=DIRECTION('',(0.,-1.,0.));
#3187=DIRECTION('center_axis',(-0.565643744761862,0.,-0.824649715947188));
#3188=DIRECTION('ref_axis',(-0.824649715947188,0.,0.565643744761862));
#3189=DIRECTION('',(-0.824649715947188,0.,0.565643744761862));
#3190=DIRECTION('center_axis',(0.,1.,0.));
#3191=DIRECTION('ref_axis',(-1.,0.,0.));
#3192=DIRECTION('center_axis',(0.,-1.,0.));
#3193=DIRECTION('ref_axis',(-1.,0.,0.));
#3194=DIRECTION('center_axis',(0.,1.,0.));
#3195=DIRECTION('ref_axis',(-1.,0.,0.));
#3196=DIRECTION('',(0.,1.,0.));
#3197=DIRECTION('center_axis',(0.,1.,0.));
#3198=DIRECTION('ref_axis',(-1.,0.,0.));
#3199=DIRECTION('center_axis',(0.,1.,0.));
#3200=DIRECTION('ref_axis',(-1.,0.,0.));
#3201=DIRECTION('center_axis',(0.,-1.,0.));
#3202=DIRECTION('ref_axis',(0.,0.,-1.));
#3203=DIRECTION('center_axis',(0.,-1.,0.));
#3204=DIRECTION('ref_axis',(-1.,0.,0.));
#3205=DIRECTION('center_axis',(0.,1.,0.));
#3206=DIRECTION('ref_axis',(-1.,0.,0.));
#3207=DIRECTION('',(0.,1.,0.));
#3208=DIRECTION('center_axis',(0.,1.,0.));
#3209=DIRECTION('ref_axis',(-1.,0.,0.));
#3210=DIRECTION('center_axis',(0.,1.,0.));
#3211=DIRECTION('ref_axis',(-1.,0.,0.));
#3212=DIRECTION('center_axis',(0.,-1.,0.));
#3213=DIRECTION('ref_axis',(0.,0.,-1.));
#3214=DIRECTION('center_axis',(0.,-1.,0.));
#3215=DIRECTION('ref_axis',(-1.,0.,0.));
#3216=DIRECTION('center_axis',(0.,1.,0.));
#3217=DIRECTION('ref_axis',(-1.,0.,0.));
#3218=DIRECTION('',(0.,1.,0.));
#3219=DIRECTION('center_axis',(0.,1.,0.));
#3220=DIRECTION('ref_axis',(-1.,0.,0.));
#3221=DIRECTION('center_axis',(0.,1.,0.));
#3222=DIRECTION('ref_axis',(-1.,0.,0.));
#3223=DIRECTION('center_axis',(0.,-1.,0.));
#3224=DIRECTION('ref_axis',(0.,0.,-1.));
#3225=DIRECTION('center_axis',(0.,-1.,0.));
#3226=DIRECTION('ref_axis',(-1.,0.,0.));
#3227=DIRECTION('center_axis',(0.,1.,0.));
#3228=DIRECTION('ref_axis',(-1.,0.,0.));
#3229=DIRECTION('',(0.,1.,0.));
#3230=DIRECTION('center_axis',(0.,1.,0.));
#3231=DIRECTION('ref_axis',(-1.,0.,0.));
#3232=DIRECTION('center_axis',(0.,1.,0.));
#3233=DIRECTION('ref_axis',(-1.,0.,0.));
#3234=DIRECTION('center_axis',(0.,-1.,0.));
#3235=DIRECTION('ref_axis',(0.,0.,-1.));
#3236=DIRECTION('',(0.,0.,1.));
#3237=DIRECTION('',(1.,0.,0.));
#3238=CARTESIAN_POINT('',(0.,0.,0.));
#3239=CARTESIAN_POINT('',(0.,0.,0.));
#3240=CARTESIAN_POINT('Origin',(50.2469631780049,0.999999999999996,-16.1542584988561));
#3241=CARTESIAN_POINT('',(50.246963178005,3.,-16.154258498856));
#3242=CARTESIAN_POINT('',(44.7218100811588,3.,-12.3644454089515));
#3243=CARTESIAN_POINT('',(50.246963178005,3.,-16.154258498856));
#3244=CARTESIAN_POINT('',(44.7218100811588,0.999999999999995,-12.3644454089516));
#3245=CARTESIAN_POINT('',(44.7218100811587,7.6,-12.3644454089516));
#3246=CARTESIAN_POINT('',(50.2469631780049,0.999999999999997,-16.1542584988561));
#3247=CARTESIAN_POINT('',(50.2469631780049,0.999999999999997,-16.1542584988561));
#3248=CARTESIAN_POINT('',(50.2469631780049,27.4,-16.1542584988561));
#3249=CARTESIAN_POINT('Origin',(33.1642101534702,27.4,-41.0591346859151));
#3250=CARTESIAN_POINT('',(27.6390570566239,3.,-37.2693215960105));
#3251=CARTESIAN_POINT('',(33.1642101534701,3.,-41.059134685915));
#3252=CARTESIAN_POINT('',(27.6390570566239,3.,-37.2693215960105));
#3253=CARTESIAN_POINT('',(33.1642101534702,1.00000000000001,-41.0591346859151));
#3254=CARTESIAN_POINT('',(33.1642101534702,-6.50736561148904E-15,-41.0591346859151));
#3255=CARTESIAN_POINT('',(27.639057056624,1.00000000000001,-37.2693215960106));
#3256=CARTESIAN_POINT('',(33.1642101534702,1.00000000000001,-41.0591346859151));
#3257=CARTESIAN_POINT('',(27.639057056624,20.8,-37.2693215960106));
#3258=CARTESIAN_POINT('Origin',(41.7055866657375,13.7,-28.6066965923856));
#3259=CARTESIAN_POINT('',(29.9583523765109,13.7,-33.8880303779002));
#3260=CARTESIAN_POINT('',(42.4025147612718,13.7,-15.745736627062));
#3261=CARTESIAN_POINT('Origin',(36.1804335688914,13.7,-24.8168835024811));
#3262=CARTESIAN_POINT('',(35.4835054733571,13.7,-37.6778434678047));
#3263=CARTESIAN_POINT('',(35.4835054733571,13.7,-37.6778434678047));
#3264=CARTESIAN_POINT('',(47.927667858118,13.7,-19.5355497169665));
#3265=CARTESIAN_POINT('Origin',(41.7055866657375,13.7,-28.6066965923856));
#3266=CARTESIAN_POINT('',(47.927667858118,13.7,-19.5355497169665));
#3267=CARTESIAN_POINT('Origin',(33.9562673625,13.7,-39.9043977008621));
#3268=CARTESIAN_POINT('',(28.4311142656538,13.7,-36.1145846109576));
#3269=CARTESIAN_POINT('',(32.3057739172726,13.7,-30.4657340567193));
#3270=CARTESIAN_POINT('',(33.9562673625,13.7,-39.9043977008621));
#3271=CARTESIAN_POINT('',(33.9562673625,13.7,-39.9043977008621));
#3272=CARTESIAN_POINT('',(50.2469631780049,13.7,-16.1542584988561));
#3273=CARTESIAN_POINT('Origin',(41.7055866657375,13.7,-28.6066965923856));
#3274=CARTESIAN_POINT('',(28.4875226737668,12.0500000000002,-36.0323470220898));
#3275=CARTESIAN_POINT('Origin',(36.1804335688914,13.7,-24.8168835024811));
#3276=CARTESIAN_POINT('',(34.012675770613,12.0500000000002,-39.8221601119943));
#3277=CARTESIAN_POINT('',(34.012675770613,12.0500000000002,-39.8221601119943));
#3278=CARTESIAN_POINT('Origin',(41.7055866657375,13.7,-28.6066965923856));
#3279=CARTESIAN_POINT('Origin',(34.0126757706129,1.00000000000001,-39.8221601119943));
#3280=CARTESIAN_POINT('',(28.4875226737668,1.00000000000001,-36.0323470220898));
#3281=CARTESIAN_POINT('',(28.4875226737668,7.6,-36.0323470220898));
#3282=CARTESIAN_POINT('',(34.0126757706129,1.00000000000001,-39.8221601119943));
#3283=CARTESIAN_POINT('',(34.0126757706129,1.00000000000001,-39.8221601119943));
#3284=CARTESIAN_POINT('',(34.0126757706129,1.00000000000001,-39.8221601119943));
#3285=CARTESIAN_POINT('Origin',(33.1642101534702,1.00000000000001,-41.0591346859151));
#3286=CARTESIAN_POINT('',(31.9097453127577,1.00000000000001,-31.0431025492458));
#3287=CARTESIAN_POINT('',(50.2469631780049,0.999999999999997,-16.1542584988561));
#3288=CARTESIAN_POINT('Origin',(50.2469631780049,27.4,-16.1542584988561));
#3289=CARTESIAN_POINT('',(46.539156033893,27.4,-9.71494413261201));
#3290=CARTESIAN_POINT('',(25.828997073386,27.4,-39.9082006870415));
#3291=CARTESIAN_POINT('',(31.0047153211386,27.4,-32.3625420947613));
#3292=CARTESIAN_POINT('',(51.1505022620943,27.4,-8.64935229534333));
#3293=CARTESIAN_POINT('Origin',(49.4254300397081,27.4,-11.6946972392785));
#3294=CARTESIAN_POINT('',(52.0570231612429,27.4,-13.515379407825));
#3295=CARTESIAN_POINT('Origin',(49.1707491554278,27.4,-11.5356263011585));
#3296=CARTESIAN_POINT('',(31.3468642007359,27.4,-43.7086359622546));
#3297=CARTESIAN_POINT('',(33.1642101534702,27.4,-41.0591346859151));
#3298=CARTESIAN_POINT('',(26.7355179725346,27.4,-44.7742277995232));
#3299=CARTESIAN_POINT('Origin',(28.4605901949208,27.4,-41.728882855588));
#3300=CARTESIAN_POINT('Origin',(28.7152710792011,27.4,-41.8879537937081));
#3301=CARTESIAN_POINT('',(30.1567270600948,27.4,-41.9268046893859));
#3302=CARTESIAN_POINT('Origin',(28.5067270600948,27.4,-41.9268046893859));
#3303=CARTESIAN_POINT('',(51.0292931745341,27.4,-11.4967754054807));
#3304=CARTESIAN_POINT('Origin',(49.3792931745341,27.4,-11.4967754054807));
#3305=CARTESIAN_POINT('Origin',(49.3984975608621,0.999999999999998,-17.3912330727769));
#3306=CARTESIAN_POINT('',(43.873344464016,0.999999999999996,-13.6014199828724));
#3307=CARTESIAN_POINT('',(40.0268890164536,1.,-19.2091517426767));
#3308=CARTESIAN_POINT('',(49.3984975608621,0.999999999999998,-17.3912330727769));
#3309=CARTESIAN_POINT('',(49.3984975608621,0.999999999999998,-17.3912330727769));
#3310=CARTESIAN_POINT('',(50.2469631780049,0.999999999999997,-16.1542584988561));
#3311=CARTESIAN_POINT('Origin',(49.3984975608621,12.0500000000001,-17.3912330727769));
#3312=CARTESIAN_POINT('',(43.8733444640159,12.0500000000001,-13.6014199828724));
#3313=CARTESIAN_POINT('',(43.8733444640159,13.125,-13.6014199828724));
#3314=CARTESIAN_POINT('',(49.3984975608621,12.0500000000001,-17.3912330727769));
#3315=CARTESIAN_POINT('',(49.3984975608621,12.0500000000001,-17.3912330727769));
#3316=CARTESIAN_POINT('',(49.3984975608621,0.999999999999998,-17.3912330727769));
#3317=CARTESIAN_POINT('Origin',(41.7055866657375,13.7,-28.6066965923856));
#3318=CARTESIAN_POINT('',(43.9297528721289,13.7,-13.5191823940046));
#3319=CARTESIAN_POINT('Origin',(36.1804335688914,13.7,-24.8168835024811));
#3320=CARTESIAN_POINT('',(49.4549059689751,13.7,-17.3089954839091));
#3321=CARTESIAN_POINT('',(49.4549059689751,13.7,-17.3089954839091));
#3322=CARTESIAN_POINT('Origin',(41.7055866657375,13.7,-28.6066965923856));
#3323=CARTESIAN_POINT('Origin',(47.927667858118,13.7,-19.5355497169665));
#3324=CARTESIAN_POINT('',(39.2914741650816,13.7,-20.2813100647716));
#3325=CARTESIAN_POINT('',(50.2469631780049,13.7,-16.1542584988561));
#3326=CARTESIAN_POINT('Origin',(28.4605901949208,3.,-41.728882855588));
#3327=CARTESIAN_POINT('',(31.3468642007359,3.,-43.7086359622546));
#3328=CARTESIAN_POINT('',(31.3468642007359,3.,-43.7086359622546));
#3329=CARTESIAN_POINT('',(26.7355179725346,3.,-44.7742277995232));
#3330=CARTESIAN_POINT('Origin',(28.4605901949208,3.,-41.728882855588));
#3331=CARTESIAN_POINT('',(26.7355179725346,3.,-44.7742277995232));
#3332=CARTESIAN_POINT('Origin',(28.5067270600948,3.,-41.9268046893859));
#3333=CARTESIAN_POINT('',(30.1567270600948,3.,-41.9268046893859));
#3334=CARTESIAN_POINT('',(30.1567270600948,3.,-41.9268046893859));
#3335=CARTESIAN_POINT('Origin',(28.5067270600948,3.,-41.9268046893859));
#3336=CARTESIAN_POINT('Origin',(28.7152710792011,3.,-41.8879537937081));
#3337=CARTESIAN_POINT('',(25.828997073386,3.,-39.9082006870415));
#3338=CARTESIAN_POINT('Origin',(28.7152710792011,3.,-41.8879537937081));
#3339=CARTESIAN_POINT('',(25.828997073386,3.,-39.9082006870415));
#3340=CARTESIAN_POINT('Origin',(29.1897406163356,3.,-41.2491022257993));
#3341=CARTESIAN_POINT('',(33.1642101534701,3.,-41.059134685915));
#3342=CARTESIAN_POINT('',(25.828997073386,3.,-39.9082006870415));
#3343=CARTESIAN_POINT('Origin',(49.4254300397081,3.,-11.6946972392786));
#3344=CARTESIAN_POINT('',(46.539156033893,3.,-9.71494413261201));
#3345=CARTESIAN_POINT('',(46.539156033893,3.,-9.71494413261201));
#3346=CARTESIAN_POINT('',(51.1505022620943,3.,-8.64935229534333));
#3347=CARTESIAN_POINT('Origin',(49.4254300397081,3.,-11.6946972392786));
#3348=CARTESIAN_POINT('',(51.1505022620943,3.,-8.64935229534333));
#3349=CARTESIAN_POINT('Origin',(44.7218100811588,3.,-12.3644454089515));
#3350=CARTESIAN_POINT('',(44.7218100811588,3.,-12.3644454089515));
#3351=CARTESIAN_POINT('Origin',(49.3792931745341,3.,-11.4967754054807));
#3352=CARTESIAN_POINT('',(51.0292931745341,3.,-11.4967754054807));
#3353=CARTESIAN_POINT('',(51.0292931745341,3.,-11.4967754054807));
#3354=CARTESIAN_POINT('Origin',(49.3792931745341,3.,-11.4967754054807));
#3355=CARTESIAN_POINT('Origin',(52.0570231612429,3.,-13.515379407825));
#3356=CARTESIAN_POINT('',(52.0570231612429,3.,-13.515379407825));
#3357=CARTESIAN_POINT('',(52.0570231612429,3.,-13.515379407825));
#3358=CARTESIAN_POINT('',(52.0570231612429,3.,-13.515379407825));
#3359=CARTESIAN_POINT('Origin',(49.1707491554278,3.,-11.5356263011585));
#3360=CARTESIAN_POINT('Origin',(49.1707491554278,3.,-11.5356263011585));
#3361=CARTESIAN_POINT('Origin',(48.6962796182933,3.,-12.1744778690673));
#3362=CARTESIAN_POINT('Origin',(51.8650071797031,13.7,-45.8826531453644));
#3363=CARTESIAN_POINT('',(52.8793187109811,11.2949139237616,-44.4038924874481));
#3364=CARTESIAN_POINT('',(52.7672915571587,15.4574460847985,-44.5672164195758));
#3365=CARTESIAN_POINT('Origin',(56.6729790101789,13.7,-38.8731305598133));
#3366=CARTESIAN_POINT('',(53.0181384588162,15.900917623166,-44.2015077414304));
#3367=CARTESIAN_POINT('Origin',(51.8650071797031,13.7,-45.8826531453644));
#3368=CARTESIAN_POINT('',(53.7489979008381,17.1930019939205,-43.1359907321079));
#3369=CARTESIAN_POINT('',(52.147829052084,13.7,-45.4703282873908));
#3370=CARTESIAN_POINT('Origin',(51.5821853073222,13.7,-46.294978003338));
#3371=CARTESIAN_POINT('Origin',(53.1019817536239,13.7,-46.7311187625072));
#3372=CARTESIAN_POINT('',(54.1162932849019,11.2949139237616,-45.2523581045909));
#3373=CARTESIAN_POINT('',(54.1162932849018,11.2949139237616,-45.2523581045909));
#3374=CARTESIAN_POINT('',(51.9959818668071,11.4247362980317,-48.3435515012181));
#3375=CARTESIAN_POINT('Origin',(53.1019817536239,13.7,-46.7311187625072));
#3376=CARTESIAN_POINT('',(51.9959818668071,15.9752637019683,-48.3435515012181));
#3377=CARTESIAN_POINT('Ctrl Pts',(51.9959818668071,15.9752637019683,-48.3435515012181));
#3378=CARTESIAN_POINT('Ctrl Pts',(51.8724176641641,15.8882775548146,-48.3815403286491));
#3379=CARTESIAN_POINT('Ctrl Pts',(51.7516349679888,15.7907685162107,-48.4194339123087));
#3380=CARTESIAN_POINT('Ctrl Pts',(51.4333697707626,15.4918503224006,-48.5209138708299));
#3381=CARTESIAN_POINT('Ctrl Pts',(51.2549333714583,15.2692789498678,-48.5798276878383));
#3382=CARTESIAN_POINT('Ctrl Pts',(51.0073928022072,14.8531074308649,-48.6627091020552));
#3383=CARTESIAN_POINT('Ctrl Pts',(50.9080691850074,14.6312253108762,-48.6965771060413));
#3384=CARTESIAN_POINT('Ctrl Pts',(50.7769458175842,14.1668395813354,-48.7415666049375));
#3385=CARTESIAN_POINT('Ctrl Pts',(50.7453307465806,13.9242707597839,-48.7525529145393));
#3386=CARTESIAN_POINT('Ctrl Pts',(50.7453307465806,13.4757292402161,-48.7525529145393));
#3387=CARTESIAN_POINT('Ctrl Pts',(50.7769458175842,13.2331604186646,-48.7415666049375));
#3388=CARTESIAN_POINT('Ctrl Pts',(50.9080691850074,12.7687746891238,-48.6965771060413));
#3389=CARTESIAN_POINT('Ctrl Pts',(51.0073928022072,12.5468925691351,-48.6627091020552));
#3390=CARTESIAN_POINT('Ctrl Pts',(51.2549333714583,12.1307210501323,-48.5798276878383));
#3391=CARTESIAN_POINT('Ctrl Pts',(51.4333697707626,11.9081496775994,-48.5209138708299));
#3392=CARTESIAN_POINT('Ctrl Pts',(51.7516349679888,11.6092314837893,-48.4194339123087));
#3393=CARTESIAN_POINT('Ctrl Pts',(51.8724176641641,11.5117224451854,-48.3815403286491));
#3394=CARTESIAN_POINT('Ctrl Pts',(51.9959818668071,11.4247362980317,-48.3435515012181));
#3395=CARTESIAN_POINT('',(54.255113032737,15.900917623166,-45.0499733585732));
#3396=CARTESIAN_POINT('Origin',(53.1019817536239,13.7,-46.7311187625072));
#3397=CARTESIAN_POINT('',(54.255113032737,15.900917623166,-45.0499733585732));
#3398=CARTESIAN_POINT('Origin',(61.4809508406548,13.7,-31.8636079742622));
#3399=CARTESIAN_POINT('',(60.4666393093768,16.1050860762383,-33.3423686321785));
#3400=CARTESIAN_POINT('',(60.5786664631992,11.9425539152015,-33.1790447000509));
#3401=CARTESIAN_POINT('Origin',(56.6729790101789,13.7,-38.8731305598133));
#3402=CARTESIAN_POINT('',(60.3278195615417,11.4990823768341,-33.5447533781962));
#3403=CARTESIAN_POINT('Origin',(61.4809508406548,13.7,-31.8636079742622));
#3404=CARTESIAN_POINT('',(59.5969601195198,10.2069980060795,-34.6102703875187));
#3405=CARTESIAN_POINT('',(62.3294164577976,13.7,-30.6266334003415));
#3406=CARTESIAN_POINT('Origin',(61.7637727130357,13.7,-31.4512831162886));
#3407=CARTESIAN_POINT('Origin',(62.7179254145756,13.7,-32.712073591405));
#3408=CARTESIAN_POINT('',(61.7036138832976,16.1050860762383,-34.1908342493214));
#3409=CARTESIAN_POINT('',(61.7036138832976,16.1050860762383,-34.1908342493213));
#3410=CARTESIAN_POINT('',(63.8239253013923,15.9752637019684,-31.0996408526941));
#3411=CARTESIAN_POINT('Origin',(62.7179254145756,13.7,-32.712073591405));
#3412=CARTESIAN_POINT('',(63.7551368761034,13.7,-29.7856094477539));
#3413=CARTESIAN_POINT('Ctrl Pts',(63.7551368761034,13.7,-29.7856094477539));
#3414=CARTESIAN_POINT('Ctrl Pts',(63.7551368761034,13.9242707597839,-29.7856094477539));
#3415=CARTESIAN_POINT('Ctrl Pts',(63.7562719802339,14.1668395813354,-29.8190597579444));
#3416=CARTESIAN_POINT('Ctrl Pts',(63.7615173393287,14.6312253108762,-29.9575872956519));
#3417=CARTESIAN_POINT('Ctrl Pts',(63.7656872088814,14.8531074308649,-30.062443553527));
#3418=CARTESIAN_POINT('Ctrl Pts',(63.7775037691651,15.2692789498677,-30.3232232136825));
#3419=CARTESIAN_POINT('Ctrl Pts',(63.786796063876,15.4918503224006,-30.5109038991303));
#3420=CARTESIAN_POINT('Ctrl Pts',(63.8067292823042,15.7907685162108,-30.8443609196742));
#3421=CARTESIAN_POINT('Ctrl Pts',(63.8148709167395,15.8882775548147,-30.9706862819998));
#3422=CARTESIAN_POINT('Ctrl Pts',(63.8239253013923,15.9752637019684,-31.0996408526941));
#3423=CARTESIAN_POINT('',(63.8239253013923,11.4247362980316,-31.0996408526941));
#3424=CARTESIAN_POINT('Ctrl Pts',(63.8239253013923,11.4247362980316,-31.0996408526941));
#3425=CARTESIAN_POINT('Ctrl Pts',(63.8148709167395,11.5117224451853,-30.9706862819998));
#3426=CARTESIAN_POINT('Ctrl Pts',(63.8067292823042,11.6092314837892,-30.8443609196743));
#3427=CARTESIAN_POINT('Ctrl Pts',(63.786796063876,11.9081496775994,-30.5109038991303));
#3428=CARTESIAN_POINT('Ctrl Pts',(63.7775037691651,12.1307210501323,-30.3232232136825));
#3429=CARTESIAN_POINT('Ctrl Pts',(63.7656872088814,12.5468925691351,-30.062443553527));
#3430=CARTESIAN_POINT('Ctrl Pts',(63.7615173393286,12.7687746891238,-29.9575872956519));
#3431=CARTESIAN_POINT('Ctrl Pts',(63.7562719802339,13.2331604186646,-29.8190597579444));
#3432=CARTESIAN_POINT('Ctrl Pts',(63.7551368761034,13.4757292402161,-29.7856094477539));
#3433=CARTESIAN_POINT('Ctrl Pts',(63.7551368761034,13.7,-29.7856094477539));
#3434=CARTESIAN_POINT('',(61.5647941354625,11.4990823768341,-34.393218995339));
#3435=CARTESIAN_POINT('Origin',(62.7179254145756,13.7,-32.712073591405));
#3436=CARTESIAN_POINT('',(61.5647941354625,11.4990823768341,-34.393218995339));
#3437=CARTESIAN_POINT('Origin',(54.4419160516357,20.6048539636278,-39.4739423572921));
#3438=CARTESIAN_POINT('',(56.9158651994773,20.6048539636278,-41.1708735915777));
#3439=CARTESIAN_POINT('',(56.9158651994773,20.6048539636278,-41.1708735915777));
#3440=CARTESIAN_POINT('',(54.4419160516357,20.6048539636278,-39.4739423572921));
#3441=CARTESIAN_POINT('',(54.4419160516357,20.6048539636278,-39.4739423572921));
#3442=CARTESIAN_POINT('',(51.530316983238,15.4574460847985,-43.718750802433));
#3443=CARTESIAN_POINT('',(54.4419160516357,20.6048539636278,-39.4739423572921));
#3444=CARTESIAN_POINT('',(51.530316983238,15.4574460847985,-43.718750802433));
#3445=CARTESIAN_POINT('Origin',(56.4300928208807,6.79514603637221,-36.575387528049));
#3446=CARTESIAN_POINT('',(58.9040419687222,6.79514603637221,-38.2723187623346));
#3447=CARTESIAN_POINT('',(61.81564103712,11.9425539152015,-34.0275103171937));
#3448=CARTESIAN_POINT('',(56.4300928208807,6.79514603637221,-36.575387528049));
#3449=CARTESIAN_POINT('',(56.4300928208807,6.79514603637221,-36.575387528049));
#3450=CARTESIAN_POINT('',(59.3416918892784,11.9425539152015,-32.3305790829081));
#3451=CARTESIAN_POINT('',(59.3416918892784,11.9425539152015,-32.3305790829081));
#3452=CARTESIAN_POINT('',(59.3416918892784,11.9425539152015,-32.3305790829081));
#3453=CARTESIAN_POINT('Origin',(57.9099535840997,14.2,-39.7215961769561));
#3454=CARTESIAN_POINT('Origin',(57.9099535840997,13.7,-39.7215961769561));
#3455=CARTESIAN_POINT('Origin',(57.9099535840997,13.7,-39.7215961769561));
#3456=CARTESIAN_POINT('Origin',(56.672979010179,13.7,-38.8731305598133));
#3457=CARTESIAN_POINT('Origin',(57.9099535840997,13.7,-39.7215961769561));
#3458=CARTESIAN_POINT('',(63.1853237394957,13.7,-26.7269638341941));
#3459=CARTESIAN_POINT('',(63.5738326962737,13.7,-28.8124040252577));
#3460=CARTESIAN_POINT('',(58.3423346195115,1.00000000000001,-33.7875379837618));
#3461=CARTESIAN_POINT('Origin',(55.4360044362582,13.7,-38.0246649426706));
#3462=CARTESIAN_POINT('',(52.5296742530049,1.00000000000001,-42.2617919015793));
#3463=CARTESIAN_POINT('Ctrl Pts',(58.3423346195115,1.00000000000001,-33.7875379837618));
#3464=CARTESIAN_POINT('Ctrl Pts',(57.0251104582294,1.00000000000001,-39.1146645676131));
#3465=CARTESIAN_POINT('Ctrl Pts',(52.5296742530049,1.00000000000001,-42.2617919015793));
#3466=CARTESIAN_POINT('Origin',(55.4360044362582,13.7,-38.0246649426706));
#3467=CARTESIAN_POINT('Origin',(58.3423346195115,1.00000000000001,-33.7875379837618));
#3468=CARTESIAN_POINT('',(63.9773809485256,1.,-25.572226849141));
#3469=CARTESIAN_POINT('Origin',(57.9099535840997,14.2,-39.7215961769561));
#3470=CARTESIAN_POINT('Origin',(57.9099535840997,13.7,-39.7215961769561));
#3471=CARTESIAN_POINT('Origin',(55.4360044362582,13.7,-38.0246649426706));
#3472=CARTESIAN_POINT('Origin',(55.4360044362582,13.7,-38.0246649426706));
#3473=CARTESIAN_POINT('Origin',(55.4360044362582,13.7,-38.0246649426706));
#3474=CARTESIAN_POINT('Origin',(55.4360044362582,13.7,-38.0246649426706));
#3475=CARTESIAN_POINT('Origin',(50.3452107334014,13.7,-45.4465123861953));
#3476=CARTESIAN_POINT('',(50.9108544781633,13.7,-44.6218626702481));
#3477=CARTESIAN_POINT('',(50.9108544781633,13.7,-44.6218626702481));
#3478=CARTESIAN_POINT('Origin',(50.3452107334014,13.7,-45.4465123861953));
#3479=CARTESIAN_POINT('Origin',(60.5267981391149,13.7,-30.6028174991459));
#3480=CARTESIAN_POINT('',(61.0924418838768,13.7,-29.7781677831987));
#3481=CARTESIAN_POINT('',(61.0924418838768,13.7,-29.7781677831987));
#3482=CARTESIAN_POINT('Origin',(60.5267981391149,13.7,-30.6028174991459));
#3483=CARTESIAN_POINT('Origin',(55.4360044362582,14.2,-38.0246649426706));
#3484=CARTESIAN_POINT('Origin',(37.6258047975387,13.7,-10.9531661967347));
#3485=CARTESIAN_POINT('',(40.4758047975387,13.7,-10.9531661967347));
#3486=CARTESIAN_POINT('',(40.4758047975387,3.,-10.9531661967347));
#3487=CARTESIAN_POINT('',(40.4758047975387,13.7,-10.9531661967347));
#3488=CARTESIAN_POINT('',(39.0306169959473,13.7,-13.4328844644422));
#3489=CARTESIAN_POINT('Origin',(37.6258047975387,13.7,-10.9531661967347));
#3490=CARTESIAN_POINT('',(34.8065713044988,13.7,-10.5355269843491));
#3491=CARTESIAN_POINT('Ctrl Pts',(34.8065713044988,13.7,-10.5355269843491));
#3492=CARTESIAN_POINT('Ctrl Pts',(34.8065713044988,12.7642613790095,-10.5355269843491));
#3493=CARTESIAN_POINT('Ctrl Pts',(34.7738515326085,11.7597724604147,-10.6718236738323));
#3494=CARTESIAN_POINT('Ctrl Pts',(34.7768778455324,10.3842833701478,-11.1225488416902));
#3495=CARTESIAN_POINT('Ctrl Pts',(34.7888228037931,9.94875366890908,-11.3121870037442));
#3496=CARTESIAN_POINT('Ctrl Pts',(34.8855080941781,9.15472399769197,-11.7705646750406));
#3497=CARTESIAN_POINT('Ctrl Pts',(34.9653802145959,8.79449645763174,-12.0373217339551));
#3498=CARTESIAN_POINT('Ctrl Pts',(35.229524904014,8.35272290107188,-12.5060585866393));
#3499=CARTESIAN_POINT('Ctrl Pts',(35.3477383368331,8.21831469651037,-12.6803015805894));
#3500=CARTESIAN_POINT('Ctrl Pts',(35.6452439371983,8.03540525513407,-13.0147104431038));
#3501=CARTESIAN_POINT('Ctrl Pts',(35.8254532934594,7.98731095253819,-13.1742818994681));
#3502=CARTESIAN_POINT('Ctrl Pts',(36.2019869564754,7.98731095253819,-13.4325538749003));
#3503=CARTESIAN_POINT('Ctrl Pts',(36.4157460698454,8.03540525513408,-13.5432132767669));
#3504=CARTESIAN_POINT('Ctrl Pts',(36.8348514903869,8.21831469651038,-13.7003422557925));
#3505=CARTESIAN_POINT('Ctrl Pts',(37.0399735353972,8.35272290107189,-13.7478815373431));
#3506=CARTESIAN_POINT('Ctrl Pts',(37.5723826005662,8.79449645763175,-13.8255168472094));
#3507=CARTESIAN_POINT('Ctrl Pts',(37.850006000035,9.15472399769198,-13.803973120324));
#3508=CARTESIAN_POINT('Ctrl Pts',(38.312449643688,9.94875366890908,-13.7291131753276));
#3509=CARTESIAN_POINT('Ctrl Pts',(38.4936674131009,10.3842833701478,-13.6719691941565));
#3510=CARTESIAN_POINT('Ctrl Pts',(38.9152458498895,11.7597724604147,-13.5124889221937));
#3511=CARTESIAN_POINT('Ctrl Pts',(39.0306169959473,12.7642613790095,-13.4328844644422));
#3512=CARTESIAN_POINT('Ctrl Pts',(39.0306169959473,13.7,-13.4328844644422));
#3513=CARTESIAN_POINT('',(39.23788947011,13.7,-8.60291450628521));
#3514=CARTESIAN_POINT('Origin',(37.6258047975387,13.7,-10.9531661967347));
#3515=CARTESIAN_POINT('',(39.23788947011,3.,-8.60291450628521));
#3516=CARTESIAN_POINT('',(39.23788947011,13.7,-8.60291450628522));
#3517=CARTESIAN_POINT('Origin',(37.6258047975387,3.,-10.9531661967347));
#3518=CARTESIAN_POINT('Origin',(44.3834640168262,13.7,-45.2986326219412));
#3519=CARTESIAN_POINT('',(47.2334640168262,10.9019844580726,-45.2986326219301));
#3520=CARTESIAN_POINT('',(47.2334640168262,3.,-45.2986326219412));
#3521=CARTESIAN_POINT('',(47.2334640168262,13.7,-45.2986326219412));
#3522=CARTESIAN_POINT('',(47.2026975098661,13.7,-45.7162718343268));
#3523=CARTESIAN_POINT('Ctrl Pts',(47.2026975098661,13.7,-45.7162718343268));
#3524=CARTESIAN_POINT('Ctrl Pts',(47.2026975098661,12.7843597087836,-45.7162718343268));
#3525=CARTESIAN_POINT('Ctrl Pts',(47.2334640168284,11.802832125892,-45.5859515129008));
#3526=CARTESIAN_POINT('Ctrl Pts',(47.2334640168262,10.9019844580726,-45.2986326219189));
#3527=CARTESIAN_POINT('',(42.7713793442548,13.7,-47.6488843123907));
#3528=CARTESIAN_POINT('Origin',(44.3834640168262,13.7,-45.2986326219412));
#3529=CARTESIAN_POINT('',(42.7713793442548,3.,-47.6488843123907));
#3530=CARTESIAN_POINT('',(42.7713793442548,13.7,-47.6488843123907));
#3531=CARTESIAN_POINT('Origin',(44.3834640168262,3.,-45.2986326219412));
#3532=CARTESIAN_POINT('Origin',(58.2420476962183,13.7,-25.0942598157812));
#3533=CARTESIAN_POINT('',(61.0920476962183,13.7,-25.0942598157812));
#3534=CARTESIAN_POINT('',(61.0920476962183,3.,-25.0942598157812));
#3535=CARTESIAN_POINT('',(61.0920476962183,13.7,-25.0942598157812));
#3536=CARTESIAN_POINT('',(59.646859894627,13.7,-27.5739780834887));
#3537=CARTESIAN_POINT('Origin',(58.2420476962183,13.7,-25.0942598157812));
#3538=CARTESIAN_POINT('',(55.4228142031784,13.7,-24.6766206033957));
#3539=CARTESIAN_POINT('Ctrl Pts',(55.4228142031784,13.7,-24.6766206033957));
#3540=CARTESIAN_POINT('Ctrl Pts',(55.4228142031784,12.7642613790095,-24.6766206033957));
#3541=CARTESIAN_POINT('Ctrl Pts',(55.3900944312882,11.7597724604147,-24.8129172928789));
#3542=CARTESIAN_POINT('Ctrl Pts',(55.393120744212,10.3842833701478,-25.2636424607367));
#3543=CARTESIAN_POINT('Ctrl Pts',(55.4050657024727,9.94875366890908,-25.4532806227907));
#3544=CARTESIAN_POINT('Ctrl Pts',(55.5017509928578,9.15472399769198,-25.9116582940871));
#3545=CARTESIAN_POINT('Ctrl Pts',(55.5816231132755,8.79449645763174,-26.1784153530016));
#3546=CARTESIAN_POINT('Ctrl Pts',(55.8457678026937,8.35272290107188,-26.6471522056858));
#3547=CARTESIAN_POINT('Ctrl Pts',(55.9639812355127,8.21831469651038,-26.8213951996359));
#3548=CARTESIAN_POINT('Ctrl Pts',(56.261486835878,8.03540525513409,-27.1558040621504));
#3549=CARTESIAN_POINT('Ctrl Pts',(56.441696192139,7.98731095253819,-27.3153755185146));
#3550=CARTESIAN_POINT('Ctrl Pts',(56.818229855155,7.98731095253819,-27.5736474939468));
#3551=CARTESIAN_POINT('Ctrl Pts',(57.0319889685251,8.03540525513408,-27.6843068958134));
#3552=CARTESIAN_POINT('Ctrl Pts',(57.4510943890666,8.21831469651037,-27.841435874839));
#3553=CARTESIAN_POINT('Ctrl Pts',(57.6562164340768,8.35272290107188,-27.8889751563896));
#3554=CARTESIAN_POINT('Ctrl Pts',(58.1886254992458,8.79449645763174,-27.966610466256));
#3555=CARTESIAN_POINT('Ctrl Pts',(58.4662488987147,9.15472399769197,-27.9450667393705));
#3556=CARTESIAN_POINT('Ctrl Pts',(58.9286925423677,9.94875366890908,-27.8702067943741));
#3557=CARTESIAN_POINT('Ctrl Pts',(59.1099103117806,10.3842833701478,-27.813062813203));
#3558=CARTESIAN_POINT('Ctrl Pts',(59.5314887485691,11.7597724604147,-27.6535825412403));
#3559=CARTESIAN_POINT('Ctrl Pts',(59.646859894627,12.7642613790095,-27.5739780834887));
#3560=CARTESIAN_POINT('Ctrl Pts',(59.646859894627,13.7,-27.5739780834887));
#3561=CARTESIAN_POINT('',(59.8541323687896,13.7,-22.7440081253317));
#3562=CARTESIAN_POINT('Origin',(58.2420476962183,13.7,-25.0942598157812));
#3563=CARTESIAN_POINT('',(59.8541323687896,3.,-22.7440081253317));
#3564=CARTESIAN_POINT('',(59.8541323687896,13.7,-22.7440081253317));
#3565=CARTESIAN_POINT('Origin',(58.2420476962183,3.,-25.0942598157812));
#3566=CARTESIAN_POINT('Origin',(23.7672211181465,13.7,-31.1575390028947));
#3567=CARTESIAN_POINT('',(26.6172211181465,10.9019844580726,-31.1575390028835));
#3568=CARTESIAN_POINT('',(26.6172211181465,3.,-31.1575390028947));
#3569=CARTESIAN_POINT('',(26.6172211181465,13.7,-31.1575390028947));
#3570=CARTESIAN_POINT('',(26.5864546111864,13.7,-31.5751782152803));
#3571=CARTESIAN_POINT('Ctrl Pts',(26.5864546111864,13.7,-31.5751782152803));
#3572=CARTESIAN_POINT('Ctrl Pts',(26.5864546111864,12.7843597087836,-31.5751782152803));
#3573=CARTESIAN_POINT('Ctrl Pts',(26.6172211181487,11.802832125892,-31.4448578938542));
#3574=CARTESIAN_POINT('Ctrl Pts',(26.6172211181465,10.9019844580726,-31.1575390028724));
#3575=CARTESIAN_POINT('',(22.1551364455752,13.7,-33.5077906933442));
#3576=CARTESIAN_POINT('Origin',(23.7672211181465,13.7,-31.1575390028947));
#3577=CARTESIAN_POINT('',(22.1551364455752,3.,-33.5077906933442));
#3578=CARTESIAN_POINT('',(22.1551364455752,13.7,-33.5077906933442));
#3579=CARTESIAN_POINT('Origin',(23.7672211181465,3.,-31.1575390028947));
#3580=CARTESIAN_POINT('Origin',(23.7672211181465,13.7,-31.1575390028947));
#3581=CARTESIAN_POINT('',(25.4172211181465,3.,-31.1575390028947));
#3582=CARTESIAN_POINT('Origin',(23.7672211181465,3.,-31.1575390028947));
#3583=CARTESIAN_POINT('',(25.4172211181465,3.70499340029343E-32,-31.1575390028947));
#3584=CARTESIAN_POINT('',(25.4172211181465,13.7,-31.1575390028947));
#3585=CARTESIAN_POINT('Origin',(23.7672211181465,0.,-31.1575390028947));
#3586=CARTESIAN_POINT('Origin',(58.2420476962183,13.7,-25.0942598157812));
#3587=CARTESIAN_POINT('',(59.8920476962183,3.,-25.0942598157812));
#3588=CARTESIAN_POINT('Origin',(58.2420476962183,3.,-25.0942598157812));
#3589=CARTESIAN_POINT('',(59.8920476962183,3.70499340029342E-32,-25.0942598157812));
#3590=CARTESIAN_POINT('',(59.8920476962183,13.7,-25.0942598157812));
#3591=CARTESIAN_POINT('Origin',(58.2420476962183,0.,-25.0942598157812));
#3592=CARTESIAN_POINT('Origin',(44.3834640168262,13.7,-45.2986326219412));
#3593=CARTESIAN_POINT('',(46.0334640168262,3.,-45.2986326219412));
#3594=CARTESIAN_POINT('Origin',(44.3834640168262,3.,-45.2986326219412));
#3595=CARTESIAN_POINT('',(46.0334640168262,3.70499340029342E-32,-45.2986326219412));
#3596=CARTESIAN_POINT('',(46.0334640168262,13.7,-45.2986326219412));
#3597=CARTESIAN_POINT('Origin',(44.3834640168262,0.,-45.2986326219412));
#3598=CARTESIAN_POINT('Origin',(37.6258047975387,13.7,-10.9531661967347));
#3599=CARTESIAN_POINT('',(39.2758047975387,3.,-10.9531661967347));
#3600=CARTESIAN_POINT('Origin',(37.6258047975387,3.,-10.9531661967347));
#3601=CARTESIAN_POINT('',(39.2758047975387,3.70499340029342E-32,-10.9531661967347));
#3602=CARTESIAN_POINT('',(39.2758047975387,13.7,-10.9531661967347));
#3603=CARTESIAN_POINT('Origin',(37.6258047975387,0.,-10.9531661967347));
#3604=CARTESIAN_POINT('Origin',(23.7672211181465,13.7,-31.1575390028947));
#3605=CARTESIAN_POINT('Origin',(23.7672211181465,3.,-31.1575390028947));
#3606=CARTESIAN_POINT('',(22.1551364455752,13.7,-33.5077906933442));
#3607=CARTESIAN_POINT('',(22.3624089197377,13.7,-28.6778207351872));
#3608=CARTESIAN_POINT('Origin',(23.7672211181465,13.7,-31.1575390028947));
#3609=CARTESIAN_POINT('Ctrl Pts',(26.6172211181465,10.9019844580726,-31.1575390028724));
#3610=CARTESIAN_POINT('Ctrl Pts',(26.6172211181464,10.8822108267922,-31.1512323452507));
#3611=CARTESIAN_POINT('Ctrl Pts',(26.6172001750484,10.8624754282983,-31.1448520360099));
#3612=CARTESIAN_POINT('Ctrl Pts',(26.6161480701528,10.3842833701477,-30.9881563579392));
#3613=CARTESIAN_POINT('Ctrl Pts',(26.6042031118921,9.94875366890898,-30.7985181958853));
#3614=CARTESIAN_POINT('Ctrl Pts',(26.5075178215071,9.15472399769185,-30.3401405245888));
#3615=CARTESIAN_POINT('Ctrl Pts',(26.4276457010893,8.79449645763161,-30.0733834656743));
#3616=CARTESIAN_POINT('Ctrl Pts',(26.1635010116711,8.35272290107174,-29.6046466129901));
#3617=CARTESIAN_POINT('Ctrl Pts',(26.0452875788521,8.21831469651022,-29.4304036190399));
#3618=CARTESIAN_POINT('Ctrl Pts',(25.7477819784869,8.03540525513393,-29.0959947565255));
#3619=CARTESIAN_POINT('Ctrl Pts',(25.5675726222258,7.98731095253805,-28.9364233001613));
#3620=CARTESIAN_POINT('Ctrl Pts',(25.1910389592098,7.98731095253805,-28.6781513247291));
#3621=CARTESIAN_POINT('Ctrl Pts',(24.9772798458397,8.03540525513393,-28.5674919228625));
#3622=CARTESIAN_POINT('Ctrl Pts',(24.5581744252982,8.21831469651023,-28.4103629438368));
#3623=CARTESIAN_POINT('Ctrl Pts',(24.3530523802879,8.35272290107175,-28.3628236622863));
#3624=CARTESIAN_POINT('Ctrl Pts',(23.8206433151189,8.79449645763162,-28.2851883524199));
#3625=CARTESIAN_POINT('Ctrl Pts',(23.5430199156501,9.15472399769186,-28.3067320793053));
#3626=CARTESIAN_POINT('Ctrl Pts',(23.0805762719971,9.94875366890899,-28.3815920243018));
#3627=CARTESIAN_POINT('Ctrl Pts',(22.8993585025842,10.3842833701477,-28.4387360054729));
#3628=CARTESIAN_POINT('Ctrl Pts',(22.4777800657956,11.7597724604147,-28.5982162774356));
#3629=CARTESIAN_POINT('Ctrl Pts',(22.3624089197377,12.7642613790095,-28.6778207351872));
#3630=CARTESIAN_POINT('Ctrl Pts',(22.3624089197377,13.7,-28.6778207351872));
#3631=CARTESIAN_POINT('Origin',(41.0046344071824,3.,-28.1258994093379));
#3632=CARTESIAN_POINT('Origin',(58.2420476962183,13.7,-25.0942598157812));
#3633=CARTESIAN_POINT('Origin',(58.2420476962183,3.,-25.0942598157812));
#3634=CARTESIAN_POINT('',(59.8541323687896,13.7,-22.7440081253317));
#3635=CARTESIAN_POINT('Origin',(58.2420476962183,13.7,-25.0942598157812));
#3636=CARTESIAN_POINT('Origin',(41.0046344071824,3.,-28.1258994093379));
#3637=CARTESIAN_POINT('Origin',(44.3834640168262,13.7,-45.2986326219412));
#3638=CARTESIAN_POINT('Origin',(44.3834640168262,3.,-45.2986326219412));
#3639=CARTESIAN_POINT('',(42.7713793442548,13.7,-47.6488843123907));
#3640=CARTESIAN_POINT('',(42.9786518184174,13.7,-42.8189143542338));
#3641=CARTESIAN_POINT('Origin',(44.3834640168262,13.7,-45.2986326219412));
#3642=CARTESIAN_POINT('Ctrl Pts',(47.2334640168262,10.9019844580726,-45.2986326219189));
#3643=CARTESIAN_POINT('Ctrl Pts',(47.2334640168261,10.8822108267922,-45.2923259642973));
#3644=CARTESIAN_POINT('Ctrl Pts',(47.233443073728,10.8624754282983,-45.2859456550565));
#3645=CARTESIAN_POINT('Ctrl Pts',(47.2323909688325,10.3842833701477,-45.1292499769858));
#3646=CARTESIAN_POINT('Ctrl Pts',(47.2204460105718,9.94875366890899,-44.9396118149318));
#3647=CARTESIAN_POINT('Ctrl Pts',(47.1237607201868,9.15472399769187,-44.4812341436354));
#3648=CARTESIAN_POINT('Ctrl Pts',(47.043888599769,8.79449645763164,-44.2144770847209));
#3649=CARTESIAN_POINT('Ctrl Pts',(46.7797439103508,8.35272290107177,-43.7457402320366));
#3650=CARTESIAN_POINT('Ctrl Pts',(46.6615304775318,8.21831469651026,-43.5714972380865));
#3651=CARTESIAN_POINT('Ctrl Pts',(46.3640248771665,8.03540525513396,-43.2370883755721));
#3652=CARTESIAN_POINT('Ctrl Pts',(46.1838155209055,7.98731095253805,-43.0775169192078));
#3653=CARTESIAN_POINT('Ctrl Pts',(45.8072818578895,7.98731095253805,-42.8192449437756));
#3654=CARTESIAN_POINT('Ctrl Pts',(45.5935227445194,8.03540525513395,-42.708585541909));
#3655=CARTESIAN_POINT('Ctrl Pts',(45.1744173239779,8.21831469651024,-42.5514565628834));
#3656=CARTESIAN_POINT('Ctrl Pts',(44.9692952789676,8.35272290107176,-42.5039172813328));
#3657=CARTESIAN_POINT('Ctrl Pts',(44.4368862137986,8.79449645763163,-42.4262819714664));
#3658=CARTESIAN_POINT('Ctrl Pts',(44.1592628143298,9.15472399769187,-42.4478256983519));
#3659=CARTESIAN_POINT('Ctrl Pts',(43.6968191706768,9.948753668909,-42.5226856433483));
#3660=CARTESIAN_POINT('Ctrl Pts',(43.5156014012639,10.3842833701477,-42.5798296245194));
#3661=CARTESIAN_POINT('Ctrl Pts',(43.0940229644753,11.7597724604147,-42.7393098964822));
#3662=CARTESIAN_POINT('Ctrl Pts',(42.9786518184174,12.7642613790095,-42.8189143542338));
#3663=CARTESIAN_POINT('Ctrl Pts',(42.9786518184174,13.7,-42.8189143542338));
#3664=CARTESIAN_POINT('Origin',(41.0046344071824,3.,-28.1258994093379));
#3665=CARTESIAN_POINT('Origin',(37.6258047975387,13.7,-10.9531661967347));
#3666=CARTESIAN_POINT('Origin',(37.6258047975387,3.,-10.9531661967347));
#3667=CARTESIAN_POINT('',(39.23788947011,13.7,-8.60291450628522));
#3668=CARTESIAN_POINT('Origin',(37.6258047975387,13.7,-10.9531661967347));
#3669=CARTESIAN_POINT('Origin',(41.0046344071824,3.,-28.1258994093379));
#3670=CARTESIAN_POINT('Origin',(49.2139232438777,13.7,-47.0958118180896));
#3671=CARTESIAN_POINT('',(18.0318878658392,13.7,-30.6795719695349));
#3672=CARTESIAN_POINT('',(46.8946279239908,13.7,-50.4771030362001));
#3673=CARTESIAN_POINT('',(20.3511831857261,13.7,-27.2982807514245));
#3674=CARTESIAN_POINT('',(35.114640890374,13.7,-5.77469578247588));
#3675=CARTESIAN_POINT('',(49.2139232438777,13.7,-47.0958118180896));
#3676=CARTESIAN_POINT('Origin',(49.2139232438777,13.7,-47.0958118180896));
#3677=CARTESIAN_POINT('',(49.2139232438777,13.7,-47.0958118180896));
#3678=CARTESIAN_POINT('',(49.2139232438777,13.7,-47.0958118180896));
#3679=CARTESIAN_POINT('',(46.8946279239908,13.7,-50.4771030362001));
#3680=CARTESIAN_POINT('',(63.9773809485256,13.7,-25.5722268491411));
#3681=CARTESIAN_POINT('',(46.8946279239908,13.7,-50.4771030362001));
#3682=CARTESIAN_POINT('Origin',(55.4360044362582,13.7,-38.0246649426706));
#3683=CARTESIAN_POINT('',(32.7953455704871,13.7,-9.15598700058632));
#3684=CARTESIAN_POINT('Origin',(26.5732643781066,13.7,-18.2271338760054));
#3685=CARTESIAN_POINT('',(61.6580856286387,13.7,-28.9535180672515));
#3686=CARTESIAN_POINT('',(61.6580856286387,13.7,-28.9535180672515));
#3687=CARTESIAN_POINT('',(61.6580856286387,13.7,-28.9535180672515));
#3688=CARTESIAN_POINT('',(61.6580856286387,13.7,-28.9535180672515));
#3689=CARTESIAN_POINT('Origin',(55.4360044362582,13.7,-38.0246649426706));
#3690=CARTESIAN_POINT('',(49.2139232438777,13.7,-47.0958118180896));
#3691=CARTESIAN_POINT('Origin',(63.9773809485256,13.7,-25.5722268491411));
#3692=CARTESIAN_POINT('',(63.9773809485256,13.7,-25.5722268491411));
#3693=CARTESIAN_POINT('',(63.9773809485256,13.7,-25.5722268491411));
#3694=CARTESIAN_POINT('',(63.9773809485256,13.7,-25.5722268491411));
#3695=CARTESIAN_POINT('Origin',(63.9773809485256,13.7,-25.5722268491411));
#3696=CARTESIAN_POINT('',(35.114640890374,13.7,-5.77469578247588));
#3697=CARTESIAN_POINT('',(35.114640890374,13.7,-5.77469578247588));
#3698=CARTESIAN_POINT('',(63.9773809485256,13.7,-25.5722268491411));
#3699=CARTESIAN_POINT('Origin',(46.8946279239908,13.7,-50.4771030362));
#3700=CARTESIAN_POINT('',(46.8946279239908,0.,-50.4771030362));
#3701=CARTESIAN_POINT('',(46.8946279239908,-1.11022302462516E-15,-50.4771030362));
#3702=CARTESIAN_POINT('',(18.0318878658392,-1.13453447771914E-14,-30.6795719695349));
#3703=CARTESIAN_POINT('',(46.8946279239908,0.,-50.4771030362));
#3704=CARTESIAN_POINT('',(18.0318878658392,-1.24555678018165E-14,-30.6795719695349));
#3705=CARTESIAN_POINT('',(46.8946279239908,13.7,-50.4771030362001));
#3706=CARTESIAN_POINT('Origin',(49.2139232438777,13.7,-47.0958118180896));
#3707=CARTESIAN_POINT('Origin',(63.9773809485256,13.7,-25.5722268491411));
#3708=CARTESIAN_POINT('',(63.9773809485256,13.7,-25.5722268491411));
#3709=CARTESIAN_POINT('Origin',(63.9773809485256,0.,-25.572226849141));
#3710=CARTESIAN_POINT('',(63.9773809485256,0.,-25.572226849141));
#3711=CARTESIAN_POINT('',(63.9773809485256,27.4,-25.5722268491411));
#3712=CARTESIAN_POINT('',(35.114640890374,-1.13453447771914E-14,-5.77469578247587));
#3713=CARTESIAN_POINT('',(35.114640890374,27.4,-5.77469578247589));
#3714=CARTESIAN_POINT('',(63.9773809485256,0.,-25.572226849141));
#3715=CARTESIAN_POINT('Origin',(46.8946279239908,0.,-50.4771030362));
#3716=CARTESIAN_POINT('',(65.9004137143526,0.,-22.7686451976476));
#3717=CARTESIAN_POINT('',(37.037673656201,-1.13453447771914E-14,-2.97111413098239));
#3718=CARTESIAN_POINT('Origin',(55.4360044362582,6.85,-38.0246649426706));
#3719=CARTESIAN_POINT('Origin',(26.5732643781066,6.84999999999999,-18.2271338760054));
#3720=CARTESIAN_POINT('Origin',(30.7328216974124,2.8,-41.5984207691964));
#3721=CARTESIAN_POINT('',(29.0019764854028,2.8,-44.1218129672895));
#3722=CARTESIAN_POINT('',(29.8673990914076,2.8,-42.8601168682429));
#3723=CARTESIAN_POINT('',(30.30011039441,2.8,-42.2292688187197));
#3724=CARTESIAN_POINT('',(29.0019764854028,2.4,-44.1218129672895));
#3725=CARTESIAN_POINT('',(29.0019764854028,1.4,-44.1218129672895));
#3726=CARTESIAN_POINT('',(30.7328216974124,2.4,-41.5984207691964));
#3727=CARTESIAN_POINT('',(34.6528293170151,2.4,-35.88345759679));
#3728=CARTESIAN_POINT('',(30.7328216974124,2.8,-41.5984207691964));
#3729=CARTESIAN_POINT('',(30.7328216974124,1.4,-41.5984207691964));
#3730=CARTESIAN_POINT('',(30.30011039441,2.8,-42.2292688187197));
#3731=CARTESIAN_POINT('Origin',(38.9430101173144,2.4,-26.7117900474333));
#3732=CARTESIAN_POINT('',(30.9818592712342,2.4,-42.119298509322));
#3733=CARTESIAN_POINT('',(28.1891011780907,2.4,-36.2780694050136));
#3734=CARTESIAN_POINT('',(29.5775886275283,2.4,-44.1665789719258));
#3735=CARTESIAN_POINT('',(33.5574882566167,2.4,-44.476100248857));
#3736=CARTESIAN_POINT('',(35.8489331389175,2.4,-35.0236113039966));
#3737=CARTESIAN_POINT('Origin',(29.9109977038007,0.,-39.8795242267821));
#3738=CARTESIAN_POINT('',(30.9818592712342,0.,-42.119298509322));
#3739=CARTESIAN_POINT('',(30.9818592712342,0.,-42.119298509322));
#3740=CARTESIAN_POINT('',(29.9109977038007,0.,-39.8795242267821));
#3741=CARTESIAN_POINT('',(30.178713095659,0.,-40.439467797417));
#3742=CARTESIAN_POINT('',(29.9109977038007,2.4,-39.8795242267821));
#3743=CARTESIAN_POINT('',(29.9109977038007,0.,-39.8795242267821));
#3744=CARTESIAN_POINT('',(30.629279926853,2.4,-41.3818566474458));
#3745=CARTESIAN_POINT('',(28.1891011780907,2.4,-36.2780694050136));
#3746=CARTESIAN_POINT('',(30.629279926853,2.8,-41.3818566474458));
#3747=CARTESIAN_POINT('',(30.629279926853,1.4,-41.3818566474458));
#3748=CARTESIAN_POINT('',(29.9109977038007,2.8,-39.8795242267821));
#3749=CARTESIAN_POINT('Origin',(28.5067270600948,2.8,-41.9268046893859));
#3750=CARTESIAN_POINT('',(29.4400392389519,2.8,-40.566132658073));
#3751=CARTESIAN_POINT('',(28.8454188950013,2.8,-40.1582706633866));
#3752=CARTESIAN_POINT('',(30.1567270600948,2.8,-41.9268046893859));
#3753=CARTESIAN_POINT('Origin',(28.5067270600948,2.8,-41.9268046893859));
#3754=CARTESIAN_POINT('Origin',(28.5067270600948,2.8,-41.9268046893859));
#3755=CARTESIAN_POINT('Origin',(29.5775886275283,0.,-44.1665789719258));
#3756=CARTESIAN_POINT('',(28.7626555691388,2.8,-44.1032007100715));
#3757=CARTESIAN_POINT('',(29.5775886275283,2.8,-44.1665789719258));
#3758=CARTESIAN_POINT('',(28.7626555691388,2.4,-44.1032007100715));
#3759=CARTESIAN_POINT('',(28.7626555691388,1.4,-44.1032007100715));
#3760=CARTESIAN_POINT('',(27.1024564163889,2.4,-43.9740851519897));
#3761=CARTESIAN_POINT('',(33.5574882566167,2.4,-44.476100248857));
#3762=CARTESIAN_POINT('',(27.1024564163889,0.,-43.9740851519897));
#3763=CARTESIAN_POINT('',(27.1024564163889,0.,-43.9740851519897));
#3764=CARTESIAN_POINT('',(29.5775886275283,0.,-44.1665789719258));
#3765=CARTESIAN_POINT('',(28.9588055747435,0.,-44.1184555169417));
#3766=CARTESIAN_POINT('',(29.5775886275283,0.,-44.1665789719258));
#3767=CARTESIAN_POINT('Origin',(28.7626555691388,2.8,-44.1032007100715));
#3768=CARTESIAN_POINT('',(26.3841741933367,2.8,-42.4717527313261));
#3769=CARTESIAN_POINT('',(27.5734148812377,2.8,-43.2874767206988));
#3770=CARTESIAN_POINT('',(28.1680352251882,2.8,-43.6953387153851));
#3771=CARTESIAN_POINT('',(26.3841741933367,2.4,-42.4717527313261));
#3772=CARTESIAN_POINT('',(26.3841741933367,1.4,-42.4717527313261));
#3773=CARTESIAN_POINT('',(26.9787945372873,2.4,-42.8796147260125));
#3774=CARTESIAN_POINT('',(28.1680352251882,2.8,-43.6953387153851));
#3775=CARTESIAN_POINT('Origin',(38.9430101173144,2.4,-26.7117900474333));
#3776=CARTESIAN_POINT('',(24.8451291069622,2.4,-39.2527431889513));
#3777=CARTESIAN_POINT('Origin',(28.5067270600948,2.8,-41.9268046893859));
#3778=CARTESIAN_POINT('Origin',(28.5067270600948,2.8,-41.9268046893859));
#3779=CARTESIAN_POINT('Origin',(28.2507985510508,2.8,-39.7504086687003));
#3780=CARTESIAN_POINT('',(28.2507985510508,2.4,-39.7504086687003));
#3781=CARTESIAN_POINT('',(30.0346595829024,2.4,-40.9739946527594));
#3782=CARTESIAN_POINT('',(28.2507985510508,2.8,-39.7504086687003));
#3783=CARTESIAN_POINT('',(28.2507985510508,1.4,-39.7504086687003));
#3784=CARTESIAN_POINT('',(28.8454188950013,2.8,-40.1582706633866));
#3785=CARTESIAN_POINT('Origin',(38.9430101173144,2.4,-26.7117900474333));
#3786=CARTESIAN_POINT('',(32.6533312273193,2.4,-40.0927985937453));
#3787=CARTESIAN_POINT('Origin',(28.5067270600948,2.8,-41.9268046893859));
#3788=CARTESIAN_POINT('',(28.0114776347867,2.8,-39.7317964114823));
#3789=CARTESIAN_POINT('',(27.4358654926613,2.8,-39.687030406846));
#3790=CARTESIAN_POINT('',(27.1460550287819,2.8,-40.9934925105288));
#3791=CARTESIAN_POINT('',(26.7133437257796,2.8,-41.6243405600521));
#3792=CARTESIAN_POINT('Origin',(28.5067270600948,2.8,-41.9268046893859));
#3793=CARTESIAN_POINT('Origin',(27.4358654926613,0.,-39.687030406846));
#3794=CARTESIAN_POINT('',(27.4358654926613,0.,-39.687030406846));
#3795=CARTESIAN_POINT('',(28.0546485454461,0.,-39.73515386183));
#3796=CARTESIAN_POINT('',(27.4358654926613,2.4,-39.687030406846));
#3797=CARTESIAN_POINT('',(27.4358654926613,0.,-39.687030406846));
#3798=CARTESIAN_POINT('',(28.0114776347867,2.4,-39.7317964114823));
#3799=CARTESIAN_POINT('',(32.6533312273193,2.4,-40.0927985937453));
#3800=CARTESIAN_POINT('',(28.0114776347867,1.4,-39.7317964114823));
#3801=CARTESIAN_POINT('Origin',(26.2806324227772,2.8,-42.2551886095754));
#3802=CARTESIAN_POINT('',(26.2806324227772,2.4,-42.2551886095754));
#3803=CARTESIAN_POINT('',(32.796907860394,2.4,-32.7551371400292));
#3804=CARTESIAN_POINT('',(26.2806324227772,2.8,-42.2551886095754));
#3805=CARTESIAN_POINT('',(26.2806324227772,1.4,-42.2551886095754));
#3806=CARTESIAN_POINT('',(26.7133437257796,2.8,-41.6243405600521));
#3807=CARTESIAN_POINT('Origin',(38.9430101173144,2.4,-26.7117900474333));
#3808=CARTESIAN_POINT('',(26.0315948489554,2.4,-41.7343108694498));
#3809=CARTESIAN_POINT('',(31.6008040384917,2.4,-33.6149834328225));
#3810=CARTESIAN_POINT('',(24.8451291069622,2.4,-39.2527431889513));
#3811=CARTESIAN_POINT('Origin',(27.1024564163889,0.,-43.9740851519897));
#3812=CARTESIAN_POINT('',(27.1024564163889,2.8,-43.9740851519897));
#3813=CARTESIAN_POINT('',(26.0315948489554,0.,-41.7343108694498));
#3814=CARTESIAN_POINT('',(26.0315948489554,0.,-41.7343108694498));
#3815=CARTESIAN_POINT('',(26.8347410245305,0.,-43.4141415813547));
#3816=CARTESIAN_POINT('Origin',(26.0315948489554,0.,-41.7343108694498));
#3817=CARTESIAN_POINT('',(26.3826625098819,0.,-41.2224907537988));
#3818=CARTESIAN_POINT('Origin',(30.9818592712342,0.,-42.119298509322));
#3819=CARTESIAN_POINT('',(30.6307916103077,0.,-42.6311186249729));
#3820=CARTESIAN_POINT('Origin',(28.5067270600948,2.8,-41.9268046893859));
#3821=CARTESIAN_POINT('Origin',(28.5067270600948,2.8,-41.9268046893859));
#3822=CARTESIAN_POINT('Origin',(28.4605901949208,0.,-41.728882855588));
#3823=CARTESIAN_POINT('',(26.7355179725346,3.,-44.7742277995232));
#3824=CARTESIAN_POINT('',(31.3468642007359,3.,-43.7086359622546));
#3825=CARTESIAN_POINT('Origin',(28.4605901949208,3.,-41.728882855588));
#3826=CARTESIAN_POINT('',(31.3468642007359,0.,-43.7086359622546));
#3827=CARTESIAN_POINT('',(31.3468642007359,0.,-43.7086359622546));
#3828=CARTESIAN_POINT('',(26.7355179725346,0.,-44.7742277995232));
#3829=CARTESIAN_POINT('Origin',(28.4605901949208,0.,-41.728882855588));
#3830=CARTESIAN_POINT('',(26.7355179725346,0.,-44.7742277995232));
#3831=CARTESIAN_POINT('Origin',(28.5067270600948,0.,-41.9268046893859));
#3832=CARTESIAN_POINT('',(33.1642101534701,0.,-41.059134685915));
#3833=CARTESIAN_POINT('',(29.3743970635656,0.,-46.5842877827612));
#3834=CARTESIAN_POINT('',(27.6390570566239,0.,-37.2693215960105));
#3835=CARTESIAN_POINT('',(46.8946279239908,0.,-50.4771030362));
#3836=CARTESIAN_POINT('',(25.828997073386,0.,-39.9082006870415));
#3837=CARTESIAN_POINT('',(27.639057056624,0.,-37.2693215960105));
#3838=CARTESIAN_POINT('Origin',(28.7152710792011,0.,-41.8879537937081));
#3839=CARTESIAN_POINT('Origin',(28.7152710792011,0.,-41.8879537937081));
#3840=CARTESIAN_POINT('',(25.828997073386,3.,-39.9082006870415));
#3841=CARTESIAN_POINT('Origin',(28.7152710792011,3.,-41.8879537937081));
#3842=CARTESIAN_POINT('',(25.828997073386,0.,-39.9082006870415));
#3843=CARTESIAN_POINT('Origin',(28.5067270600948,0.,-41.9268046893859));
#3844=CARTESIAN_POINT('',(30.1567270600948,3.,-41.9268046893859));
#3845=CARTESIAN_POINT('Origin',(28.5067270600948,3.,-41.9268046893859));
#3846=CARTESIAN_POINT('',(30.1567270600948,0.,-41.9268046893859));
#3847=CARTESIAN_POINT('Origin',(33.1642101534701,0.,-41.059134685915));
#3848=CARTESIAN_POINT('',(33.1642101534701,3.,-41.059134685915));
#3849=CARTESIAN_POINT('',(29.3743970635656,3.,-46.5842877827612));
#3850=CARTESIAN_POINT('',(33.1642101534701,0.,-41.059134685915));
#3851=CARTESIAN_POINT('Origin',(27.6390570566239,0.,-37.2693215960105));
#3852=CARTESIAN_POINT('',(27.6390570566239,3.,-37.2693215960105));
#3853=CARTESIAN_POINT('',(46.8946279239908,3.,-50.4771030362));
#3854=CARTESIAN_POINT('',(27.6390570566239,0.,-37.2693215960105));
#3855=CARTESIAN_POINT('Origin',(23.8492439667195,0.,-42.7944746928567));
#3856=CARTESIAN_POINT('',(27.639057056624,3.,-37.2693215960105));
#3857=CARTESIAN_POINT('Origin',(28.5067270600948,3.,-41.9268046893859));
#3858=CARTESIAN_POINT('Origin',(51.6053878118517,2.8,-11.1683914852912));
#3859=CARTESIAN_POINT('',(49.8745425998422,2.8,-13.6917836833843));
#3860=CARTESIAN_POINT('',(50.739965205847,2.8,-12.4300875843378));
#3861=CARTESIAN_POINT('',(51.1726765088493,2.8,-11.7992395348145));
#3862=CARTESIAN_POINT('',(49.8745425998422,2.4,-13.6917836833843));
#3863=CARTESIAN_POINT('',(49.8745425998422,1.4,-13.6917836833843));
#3864=CARTESIAN_POINT('',(51.6053878118517,2.4,-11.1683914852912));
#3865=CARTESIAN_POINT('',(45.0891123742348,2.4,-20.6684429548373));
#3866=CARTESIAN_POINT('',(51.6053878118517,2.8,-11.1683914852912));
#3867=CARTESIAN_POINT('',(51.6053878118517,1.4,-11.1683914852912));
#3868=CARTESIAN_POINT('',(51.1726765088493,2.8,-11.7992395348145));
#3869=CARTESIAN_POINT('Origin',(38.9430101173144,2.4,-26.7117900474333));
#3870=CARTESIAN_POINT('',(51.8544253856735,2.4,-11.6892692254168));
#3871=CARTESIAN_POINT('',(50.4501547419676,2.4,-13.7365496880206));
#3872=CARTESIAN_POINT('',(46.2852161961372,2.4,-19.8085966620441));
#3873=CARTESIAN_POINT('',(53.0408911276666,2.4,-14.1708369059152));
#3874=CARTESIAN_POINT('',(45.2326890073095,2.4,-13.3307815011213));
#3875=CARTESIAN_POINT('Origin',(50.7835638182399,0.,-9.44949494287689));
#3876=CARTESIAN_POINT('',(51.8544253856735,0.,-11.6892692254168));
#3877=CARTESIAN_POINT('',(51.8544253856735,0.,-11.6892692254168));
#3878=CARTESIAN_POINT('',(50.7835638182399,0.,-9.44949494287689));
#3879=CARTESIAN_POINT('',(51.0512792100983,0.,-10.0094385135119));
#3880=CARTESIAN_POINT('',(50.7835638182399,2.4,-9.44949494287689));
#3881=CARTESIAN_POINT('',(50.7835638182399,0.,-9.44949494287689));
#3882=CARTESIAN_POINT('',(51.5018460412922,2.4,-10.9518273635406));
#3883=CARTESIAN_POINT('',(53.0408911276666,2.4,-14.1708369059152));
#3884=CARTESIAN_POINT('',(51.5018460412922,2.8,-10.9518273635406));
#3885=CARTESIAN_POINT('',(51.5018460412922,1.4,-10.9518273635406));
#3886=CARTESIAN_POINT('',(51.8544253856735,2.8,-11.6892692254168));
#3887=CARTESIAN_POINT('Origin',(51.8544253856735,0.,-11.6892692254168));
#3888=CARTESIAN_POINT('',(50.4501547419676,0.,-13.7365496880206));
#3889=CARTESIAN_POINT('',(50.4501547419676,0.,-13.7365496880206));
#3890=CARTESIAN_POINT('',(51.503357724747,0.,-12.2010893410677));
#3891=CARTESIAN_POINT('Origin',(49.3792931745341,2.8,-11.4967754054807));
#3892=CARTESIAN_POINT('',(48.445980995677,2.8,-12.8574474367936));
#3893=CARTESIAN_POINT('Origin',(49.3792931745341,2.8,-11.4967754054807));
#3894=CARTESIAN_POINT('',(49.6352216835782,2.8,-13.6731714261663));
#3895=CARTESIAN_POINT('',(49.0406013396276,2.8,-13.2653094314799));
#3896=CARTESIAN_POINT('',(47.9750225308282,2.8,-13.5440558680845));
#3897=CARTESIAN_POINT('Origin',(50.4501547419676,0.,-13.7365496880206));
#3898=CARTESIAN_POINT('',(49.6352216835782,2.4,-13.6731714261663));
#3899=CARTESIAN_POINT('',(49.6352216835782,1.4,-13.6731714261663));
#3900=CARTESIAN_POINT('',(47.9750225308282,2.4,-13.5440558680845));
#3901=CARTESIAN_POINT('',(45.2326890073095,2.4,-13.3307815011213));
#3902=CARTESIAN_POINT('',(47.9750225308282,0.,-13.5440558680845));
#3903=CARTESIAN_POINT('',(47.9750225308282,0.,-13.5440558680845));
#3904=CARTESIAN_POINT('',(49.8313716891828,0.,-13.6884262330366));
#3905=CARTESIAN_POINT('Origin',(49.6352216835782,2.8,-13.6731714261663));
#3906=CARTESIAN_POINT('',(47.2567403077759,2.8,-12.0417234474208));
#3907=CARTESIAN_POINT('',(49.0406013396276,2.8,-13.2653094314799));
#3908=CARTESIAN_POINT('',(47.2567403077759,2.4,-12.0417234474208));
#3909=CARTESIAN_POINT('',(47.2567403077759,1.4,-12.0417234474208));
#3910=CARTESIAN_POINT('',(47.8513606517264,2.4,-12.4495854421071));
#3911=CARTESIAN_POINT('Origin',(38.9430101173144,2.4,-26.7117900474333));
#3912=CARTESIAN_POINT('',(49.6969190565382,2.4,-17.1455106898529));
#3913=CARTESIAN_POINT('Origin',(49.3792931745341,2.8,-11.4967754054807));
#3914=CARTESIAN_POINT('',(50.3126053533912,2.8,-10.1361033741678));
#3915=CARTESIAN_POINT('',(49.7179850094407,2.8,-9.72824137948147));
#3916=CARTESIAN_POINT('',(51.0292931745341,2.8,-11.4967754054807));
#3917=CARTESIAN_POINT('Origin',(49.3792931745341,2.8,-11.4967754054807));
#3918=CARTESIAN_POINT('Origin',(49.3792931745341,2.8,-11.4967754054807));
#3919=CARTESIAN_POINT('Origin',(47.1531985372165,2.8,-11.8251593256702));
#3920=CARTESIAN_POINT('',(48.8840437492261,2.8,-9.30176712757711));
#3921=CARTESIAN_POINT('',(48.0186211432213,2.8,-10.5634632266236));
#3922=CARTESIAN_POINT('',(47.5859098402189,2.8,-11.1943112761469));
#3923=CARTESIAN_POINT('',(48.8840437492261,2.4,-9.30176712757711));
#3924=CARTESIAN_POINT('',(48.8840437492261,1.4,-9.3017671275771));
#3925=CARTESIAN_POINT('',(47.1531985372165,2.4,-11.8251593256702));
#3926=CARTESIAN_POINT('',(43.2331909176137,2.4,-17.5401224980766));
#3927=CARTESIAN_POINT('',(47.1531985372165,2.8,-11.8251593256702));
#3928=CARTESIAN_POINT('',(47.1531985372165,1.4,-11.8251593256702));
#3929=CARTESIAN_POINT('',(47.5859098402189,2.8,-11.1943112761469));
#3930=CARTESIAN_POINT('Origin',(38.9430101173144,2.4,-26.7117900474333));
#3931=CARTESIAN_POINT('',(48.3084316071006,2.4,-9.2570011229408));
#3932=CARTESIAN_POINT('',(44.3285319780121,2.4,-8.94747984600957));
#3933=CARTESIAN_POINT('',(46.9041609633947,2.4,-11.3042815855446));
#3934=CARTESIAN_POINT('',(42.0370870957114,2.4,-18.39996879087));
#3935=CARTESIAN_POINT('',(49.6969190565382,2.4,-17.1455106898529));
#3936=CARTESIAN_POINT('Origin',(47.9750225308282,0.,-13.5440558680845));
#3937=CARTESIAN_POINT('',(46.9041609633947,2.8,-11.3042815855446));
#3938=CARTESIAN_POINT('',(46.9041609633947,0.,-11.3042815855446));
#3939=CARTESIAN_POINT('',(46.9041609633947,0.,-11.3042815855446));
#3940=CARTESIAN_POINT('',(47.7073071389699,0.,-12.9841122974495));
#3941=CARTESIAN_POINT('Origin',(49.3792931745341,2.8,-11.4967754054807));
#3942=CARTESIAN_POINT('Origin',(49.3792931745341,2.8,-11.4967754054807));
#3943=CARTESIAN_POINT('Origin',(46.9041609633947,0.,-11.3042815855446));
#3944=CARTESIAN_POINT('',(48.3084316071006,0.,-9.2570011229408));
#3945=CARTESIAN_POINT('',(48.3084316071006,0.,-9.2570011229408));
#3946=CARTESIAN_POINT('',(47.2552286243212,0.,-10.7924614698937));
#3947=CARTESIAN_POINT('Origin',(49.1233646654902,2.8,-9.32037938479511));
#3948=CARTESIAN_POINT('',(49.1233646654902,2.4,-9.3203793847951));
#3949=CARTESIAN_POINT('',(50.9072256973418,2.4,-10.5439653688542));
#3950=CARTESIAN_POINT('',(49.1233646654902,2.8,-9.3203793847951));
#3951=CARTESIAN_POINT('',(49.1233646654902,1.4,-9.3203793847951));
#3952=CARTESIAN_POINT('',(49.7179850094407,2.8,-9.72824137948147));
#3953=CARTESIAN_POINT('Origin',(38.9430101173144,2.4,-26.7117900474333));
#3954=CARTESIAN_POINT('',(44.3285319780121,2.4,-8.94747984600957));
#3955=CARTESIAN_POINT('Origin',(48.3084316071006,0.,-9.2570011229408));
#3956=CARTESIAN_POINT('',(50.7835638182399,2.8,-9.44949494287689));
#3957=CARTESIAN_POINT('',(48.9272146598854,0.,-9.30512457792482));
#3958=CARTESIAN_POINT('Origin',(49.3792931745341,2.8,-11.4967754054807));
#3959=CARTESIAN_POINT('Origin',(49.3792931745341,2.8,-11.4967754054807));
#3960=CARTESIAN_POINT('Origin',(49.4254300397081,0.,-11.6946972392785));
#3961=CARTESIAN_POINT('',(51.1505022620943,3.,-8.64935229534333));
#3962=CARTESIAN_POINT('',(46.539156033893,3.,-9.71494413261201));
#3963=CARTESIAN_POINT('Origin',(49.4254300397081,3.,-11.6946972392785));
#3964=CARTESIAN_POINT('',(46.539156033893,0.,-9.71494413261201));
#3965=CARTESIAN_POINT('',(46.539156033893,0.,-9.71494413261201));
#3966=CARTESIAN_POINT('',(51.1505022620943,0.,-8.64935229534333));
#3967=CARTESIAN_POINT('Origin',(49.4254300397081,0.,-11.6946972392785));
#3968=CARTESIAN_POINT('',(51.1505022620943,0.,-8.64935229534333));
#3969=CARTESIAN_POINT('Origin',(44.7218100811588,0.,-12.3644454089515));
#3970=CARTESIAN_POINT('',(44.7218100811588,3.,-12.3644454089515));
#3971=CARTESIAN_POINT('',(44.7218100811588,3.,-12.3644454089516));
#3972=CARTESIAN_POINT('',(44.7218100811588,0.,-12.3644454089515));
#3973=CARTESIAN_POINT('',(44.7218100811588,0.,-12.3644454089515));
#3974=CARTESIAN_POINT('',(44.7218100811588,0.,-12.3644454089516));
#3975=CARTESIAN_POINT('Origin',(49.3792931745341,3.,-11.4967754054807));
#3976=CARTESIAN_POINT('',(52.0570231612429,3.,-13.515379407825));
#3977=CARTESIAN_POINT('Origin',(49.1707491554278,3.,-11.5356263011585));
#3978=CARTESIAN_POINT('',(50.246963178005,3.,-16.154258498856));
#3979=CARTESIAN_POINT('',(54.0367762679094,3.,-10.6291054020098));
#3980=CARTESIAN_POINT('',(63.9773809485256,3.,-25.572226849141));
#3981=CARTESIAN_POINT('',(51.0292931745341,3.,-11.4967754054807));
#3982=CARTESIAN_POINT('Origin',(49.3792931745341,3.,-11.4967754054807));
#3983=CARTESIAN_POINT('Origin',(49.1707491554278,0.,-11.5356263011585));
#3984=CARTESIAN_POINT('',(52.0570231612429,0.,-13.515379407825));
#3985=CARTESIAN_POINT('Origin',(49.1707491554278,0.,-11.5356263011585));
#3986=CARTESIAN_POINT('',(52.0570231612429,0.,-13.515379407825));
#3987=CARTESIAN_POINT('Origin',(54.0367762679094,0.,-10.6291054020098));
#3988=CARTESIAN_POINT('',(50.246963178005,0.,-16.154258498856));
#3989=CARTESIAN_POINT('',(54.0367762679094,0.,-10.6291054020098));
#3990=CARTESIAN_POINT('',(50.246963178005,0.,-16.154258498856));
#3991=CARTESIAN_POINT('Origin',(49.3792931745341,0.,-11.4967754054807));
#3992=CARTESIAN_POINT('',(51.0292931745341,0.,-11.4967754054807));
#3993=CARTESIAN_POINT('Origin',(50.246963178005,0.,-16.154258498856));
#3994=CARTESIAN_POINT('',(63.9773809485256,0.,-25.572226849141));
#3995=CARTESIAN_POINT('Origin',(49.3792931745341,0.,-11.4967754054807));
#3996=CARTESIAN_POINT('Origin',(44.3834640168262,13.7,-45.2986326219412));
#3997=CARTESIAN_POINT('',(46.0334640168262,-1.6,-45.2986326219412));
#3998=CARTESIAN_POINT('Origin',(44.3834640168262,-1.6,-45.2986326219412));
#3999=CARTESIAN_POINT('',(46.0334640168262,13.7,-45.2986326219412));
#4000=CARTESIAN_POINT('',(46.0334640168262,13.7,-45.2986326219412));
#4001=CARTESIAN_POINT('Origin',(44.3834640168262,13.7,-45.2986326219412));
#4002=CARTESIAN_POINT('Origin',(44.3834640168262,13.7,-45.2986326219412));
#4003=CARTESIAN_POINT('Origin',(41.0046344071824,-1.6,-28.1258994093379));
#4004=CARTESIAN_POINT('Origin',(23.7672211181465,13.7,-31.1575390028947));
#4005=CARTESIAN_POINT('',(25.4172211181465,-1.6,-31.1575390028947));
#4006=CARTESIAN_POINT('Origin',(23.7672211181465,-1.6,-31.1575390028947));
#4007=CARTESIAN_POINT('',(25.4172211181465,13.7,-31.1575390028947));
#4008=CARTESIAN_POINT('',(25.4172211181465,13.7,-31.1575390028947));
#4009=CARTESIAN_POINT('Origin',(23.7672211181465,13.7,-31.1575390028947));
#4010=CARTESIAN_POINT('Origin',(23.7672211181465,13.7,-31.1575390028947));
#4011=CARTESIAN_POINT('Origin',(41.0046344071824,-1.6,-28.1258994093379));
#4012=CARTESIAN_POINT('Origin',(58.2420476962183,13.7,-25.0942598157812));
#4013=CARTESIAN_POINT('',(59.8920476962183,-1.6,-25.0942598157812));
#4014=CARTESIAN_POINT('Origin',(58.2420476962183,-1.6,-25.0942598157812));
#4015=CARTESIAN_POINT('',(59.8920476962183,13.7,-25.0942598157812));
#4016=CARTESIAN_POINT('',(59.8920476962183,13.7,-25.0942598157812));
#4017=CARTESIAN_POINT('Origin',(58.2420476962183,13.7,-25.0942598157812));
#4018=CARTESIAN_POINT('Origin',(58.2420476962183,13.7,-25.0942598157812));
#4019=CARTESIAN_POINT('Origin',(41.0046344071824,-1.6,-28.1258994093379));
#4020=CARTESIAN_POINT('Origin',(37.6258047975387,13.7,-10.9531661967347));
#4021=CARTESIAN_POINT('',(39.2758047975387,-1.6,-10.9531661967347));
#4022=CARTESIAN_POINT('Origin',(37.6258047975387,-1.6,-10.9531661967347));
#4023=CARTESIAN_POINT('',(39.2758047975387,13.7,-10.9531661967347));
#4024=CARTESIAN_POINT('',(39.2758047975387,13.7,-10.9531661967347));
#4025=CARTESIAN_POINT('Origin',(37.6258047975387,13.7,-10.9531661967347));
#4026=CARTESIAN_POINT('Origin',(37.6258047975387,13.7,-10.9531661967347));
#4027=CARTESIAN_POINT('Origin',(41.0046344071824,-1.6,-28.1258994093379));
#4028=CARTESIAN_POINT('',(0.,0.,0.));
#4029=UNCERTAINTY_MEASURE_WITH_UNIT(LENGTH_MEASURE(0.01),#4035,
'DISTANCE_ACCURACY_VALUE',
'Maximum model space distance between geometric entities at asserted c
onnectivities');
#4030=UNCERTAINTY_MEASURE_WITH_UNIT(LENGTH_MEASURE(0.01),#4035,
'DISTANCE_ACCURACY_VALUE',
'Maximum model space distance between geometric entities at asserted c
onnectivities');
#4031=UNCERTAINTY_MEASURE_WITH_UNIT(LENGTH_MEASURE(0.01),#4035,
'DISTANCE_ACCURACY_VALUE',
'Maximum model space distance between geometric entities at asserted c
onnectivities');
#4032=(
GEOMETRIC_REPRESENTATION_CONTEXT(3)
GLOBAL_UNCERTAINTY_ASSIGNED_CONTEXT((#4029))
GLOBAL_UNIT_ASSIGNED_CONTEXT((#4035,#4037,#4038))
REPRESENTATION_CONTEXT('','3D')
);
#4033=(
GEOMETRIC_REPRESENTATION_CONTEXT(3)
GLOBAL_UNCERTAINTY_ASSIGNED_CONTEXT((#4030))
GLOBAL_UNIT_ASSIGNED_CONTEXT((#4035,#4037,#4038))
REPRESENTATION_CONTEXT('','3D')
);
#4034=(
GEOMETRIC_REPRESENTATION_CONTEXT(3)
GLOBAL_UNCERTAINTY_ASSIGNED_CONTEXT((#4031))
GLOBAL_UNIT_ASSIGNED_CONTEXT((#4035,#4037,#4038))
REPRESENTATION_CONTEXT('','3D')
);
#4035=(
LENGTH_UNIT()
NAMED_UNIT(*)
SI_UNIT(.MILLI.,.METRE.)
);
#4036=(
LENGTH_UNIT()
NAMED_UNIT(*)
SI_UNIT($,.METRE.)
);
#4037=(
NAMED_UNIT(*)
PLANE_ANGLE_UNIT()
SI_UNIT($,.RADIAN.)
);
#4038=(
NAMED_UNIT(*)
SI_UNIT($,.STERADIAN.)
SOLID_ANGLE_UNIT()
);
#4039=SHAPE_DEFINITION_REPRESENTATION(#4041,#4044);
#4040=SHAPE_DEFINITION_REPRESENTATION(#4042,#4045);
#4041=PRODUCT_DEFINITION_SHAPE('',$,#4047);
#4042=PRODUCT_DEFINITION_SHAPE('',$,#4048);
#4043=PRODUCT_DEFINITION_SHAPE($,$,#14);
#4044=SHAPE_REPRESENTATION('',(#2340,#2565),#4032);
#4045=SHAPE_REPRESENTATION('',(#2341),#4033);
#4046=PRODUCT_DEFINITION_CONTEXT('part definition',#4054,'design');
#4047=PRODUCT_DEFINITION('Actual Motor Mount','Actual Motor Mount v2',#4049,
#4046);
#4048=PRODUCT_DEFINITION('Motor Clamp','Motor Clamp',#4050,#4046);
#4049=PRODUCT_DEFINITION_FORMATION('',$,#4056);
#4050=PRODUCT_DEFINITION_FORMATION('',$,#4057);
#4051=PRODUCT_RELATED_PRODUCT_CATEGORY('Actual Motor Mount v2',
'Actual Motor Mount v2',(#4056));
#4052=PRODUCT_RELATED_PRODUCT_CATEGORY('Motor Clamp','Motor Clamp',(#4057));
#4053=APPLICATION_PROTOCOL_DEFINITION('international standard',
'automotive_design',2009,#4054);
#4054=APPLICATION_CONTEXT(
'Core Data for Automotive Mechanical Design Process');
#4055=PRODUCT_CONTEXT('part definition',#4054,'mechanical');
#4056=PRODUCT('Actual Motor Mount','Actual Motor Mount v2',$,(#4055));
#4057=PRODUCT('Motor Clamp','Motor Clamp',$,(#4055));
#4058=PRESENTATION_STYLE_ASSIGNMENT((#4063));
#4059=PRESENTATION_STYLE_ASSIGNMENT((#4064));
#4060=PRESENTATION_STYLE_ASSIGNMENT((#4065));
#4061=PRESENTATION_STYLE_ASSIGNMENT((#4066));
#4062=PRESENTATION_STYLE_ASSIGNMENT((#4067));
#4063=SURFACE_STYLE_USAGE(.BOTH.,#4068);
#4064=SURFACE_STYLE_USAGE(.BOTH.,#4069);
#4065=SURFACE_STYLE_USAGE(.BOTH.,#4070);
#4066=SURFACE_STYLE_USAGE(.BOTH.,#4071);
#4067=SURFACE_STYLE_USAGE(.BOTH.,#4072);
#4068=SURFACE_SIDE_STYLE('',(#4073));
#4069=SURFACE_SIDE_STYLE('',(#4074));
#4070=SURFACE_SIDE_STYLE('',(#4075));
#4071=SURFACE_SIDE_STYLE('',(#4076));
#4072=SURFACE_SIDE_STYLE('',(#4077));
#4073=SURFACE_STYLE_FILL_AREA(#4078);
#4074=SURFACE_STYLE_FILL_AREA(#4079);
#4075=SURFACE_STYLE_FILL_AREA(#4080);
#4076=SURFACE_STYLE_FILL_AREA(#4081);
#4077=SURFACE_STYLE_FILL_AREA(#4082);
#4078=FILL_AREA_STYLE('Stainless Steel - Satin',(#4083));
#4079=FILL_AREA_STYLE('Coating - Black Oxide',(#4084));
#4080=FILL_AREA_STYLE('Plastic - Matte (Blue)',(#4085));
#4081=FILL_AREA_STYLE('Silver - Satin',(#4086));
#4082=FILL_AREA_STYLE('Plastic - Glossy (Black)',(#4087));
#4083=FILL_AREA_STYLE_COLOUR('Stainless Steel - Satin',#4088);
#4084=FILL_AREA_STYLE_COLOUR('Coating - Black Oxide',#4089);
#4085=FILL_AREA_STYLE_COLOUR('Plastic - Matte (Blue)',#4090);
#4086=FILL_AREA_STYLE_COLOUR('Silver - Satin',#4091);
#4087=FILL_AREA_STYLE_COLOUR('Plastic - Glossy (Black)',#4092);
#4088=COLOUR_RGB('Stainless Steel - Satin',0.796078431372549,0.796078431372549,
0.796078431372549);
#4089=COLOUR_RGB('Coating - Black Oxide',0.172549019607843,0.172549019607843,
0.172549019607843);
#4090=COLOUR_RGB('Plastic - Matte (Blue)',0.188235294117647,0.231372549019608,
0.588235294117647);
#4091=COLOUR_RGB('Silver - Satin',0.984313725490196,0.980392156862745,0.96078431372549);
#4092=COLOUR_RGB('Plastic - Glossy (Black)',0.0980392156862745,0.0980392156862745,
0.0980392156862745);
ENDSEC;
END-ISO-10303-21;
