ISO-10303-21;
HEADER;
/* Generated by software containing ST-Developer
 * from STEP Tools, Inc. (www.steptools.com) 
 */

FILE_DESCRIPTION(
/* description */ (''),
/* implementation_level */ '2;1');

FILE_NAME(
/* name */ 'Battery Mount.step',
/* time_stamp */ '2025-04-03T21:57:35+08:00',
/* author */ (''),
/* organization */ (''),
/* preprocessor_version */ 'ST-DEVELOPER v20.1',
/* originating_system */ 'Autodesk Translation Framework v14.4.0.0',
/* authorisation */ '');

FILE_SCHEMA (('AUTOMOTIVE_DESIGN { 1 0 10303 214 3 1 1 }'));
ENDSEC;

DATA;
#10=MECHANICAL_DESIGN_GEOMETRIC_PRESENTATION_REPRESENTATION('',(#38,#39,
#40),#3660);
#11=CONTEXT_DEPENDENT_OVER_RIDING_STYLED_ITEM('',(#3707),#3678,#40,(#19,
#18));
#12=MAPPED_ITEM('',#13,#2396);
#13=REPRESENTATION_MAP(#2396,#3676);
#14=ITEM_DEFINED_TRANSFORMATION($,$,#2214,#2393);
#15=ITEM_DEFINED_TRANSFORMATION($,$,#2213,#2394);
#16=ITEM_DEFINED_TRANSFORMATION($,$,#2212,#2395);
#17=(
REPRESENTATION_RELATIONSHIP($,$,#3679,#3678)
REPRESENTATION_RELATIONSHIP_WITH_TRANSFORMATION(#14)
SHAPE_REPRESENTATION_RELATIONSHIP()
);
#18=(
REPRESENTATION_RELATIONSHIP($,$,#3678,#3677)
REPRESENTATION_RELATIONSHIP_WITH_TRANSFORMATION(#15)
SHAPE_REPRESENTATION_RELATIONSHIP()
);
#19=(
REPRESENTATION_RELATIONSHIP($,$,#3677,#3676)
REPRESENTATION_RELATIONSHIP_WITH_TRANSFORMATION(#16)
SHAPE_REPRESENTATION_RELATIONSHIP()
);
#20=CONTEXT_DEPENDENT_SHAPE_REPRESENTATION(#17,#3673);
#21=CONTEXT_DEPENDENT_SHAPE_REPRESENTATION(#18,#3674);
#22=CONTEXT_DEPENDENT_SHAPE_REPRESENTATION(#19,#3675);
#23=NEXT_ASSEMBLY_USAGE_OCCURRENCE('Battery lid:1','Battery lid:1',
'Battery lid:1',#3683,#3684,'Battery lid:1');
#24=NEXT_ASSEMBLY_USAGE_OCCURRENCE('Battery Mount:1','Battery Mount:1',
'Battery Mount:1',#3682,#3683,'Battery Mount:1');
#25=NEXT_ASSEMBLY_USAGE_OCCURRENCE('Bot:1','Bot:1','Bot:1',#3681,#3682,
'Bot:1');
#26=FACE_BOUND('',#311,.T.);
#27=FACE_BOUND('',#312,.T.);
#28=FACE_BOUND('',#313,.T.);
#29=FACE_BOUND('',#314,.T.);
#30=FACE_BOUND('',#317,.T.);
#31=FACE_BOUND('',#318,.T.);
#32=FACE_BOUND('',#319,.T.);
#33=FACE_BOUND('',#320,.T.);
#34=SHAPE_REPRESENTATION_RELATIONSHIP('SRR','None',#3679,#36);
#35=SHAPE_REPRESENTATION_RELATIONSHIP('SRR','None',#3678,#37);
#36=ADVANCED_BREP_SHAPE_REPRESENTATION('',(#41),#3659);
#37=ADVANCED_BREP_SHAPE_REPRESENTATION('',(#42),#3658);
#38=STYLED_ITEM('',(#3707),#41);
#39=STYLED_ITEM('',(#3707),#42);
#40=STYLED_ITEM('',(#3710),#12);
#41=MANIFOLD_SOLID_BREP('Body2',#2197);
#42=MANIFOLD_SOLID_BREP('Battery Shell',#2198);
#43=CIRCLE('',#2222,2.5);
#44=CIRCLE('',#2223,2.5);
#45=CIRCLE('',#2229,9.50000000000001);
#46=CIRCLE('',#2230,9.50000000000001);
#47=CIRCLE('',#2234,9.50000000000001);
#48=CIRCLE('',#2235,6.5);
#49=CIRCLE('',#2239,9.50000000000001);
#50=CIRCLE('',#2240,6.5);
#51=CIRCLE('',#2243,6.5);
#52=CIRCLE('',#2247,6.5);
#53=CIRCLE('',#2250,9.50000000000001);
#54=CIRCLE('',#2252,9.50000000000001);
#55=CIRCLE('',#2255,9.50000000000001);
#56=CIRCLE('',#2259,9.50000000000001);
#57=CIRCLE('',#2264,9.50000000000001);
#58=CIRCLE('',#2267,9.50000000000001);
#59=CIRCLE('',#2268,6.5);
#60=CIRCLE('',#2271,6.5);
#61=CIRCLE('',#2272,9.50000000000001);
#62=CIRCLE('',#2275,9.50000000000001);
#63=CIRCLE('',#2280,6.5);
#64=CIRCLE('',#2282,6.5);
#65=CIRCLE('',#2285,9.50000000000001);
#66=CIRCLE('',#2287,9.50000000000001);
#67=CIRCLE('',#2290,9.50000000000001);
#68=CIRCLE('',#2294,9.50000000000001);
#69=CIRCLE('',#2298,3.);
#70=CIRCLE('',#2299,3.);
#71=CIRCLE('',#2302,3.);
#72=CIRCLE('',#2303,3.);
#73=CIRCLE('',#2306,3.);
#74=CIRCLE('',#2307,3.);
#75=CIRCLE('',#2308,3.);
#76=CIRCLE('',#2309,3.);
#77=CIRCLE('',#2310,3.);
#78=CIRCLE('',#2311,3.);
#79=CIRCLE('',#2312,3.);
#80=CIRCLE('',#2313,3.);
#81=CIRCLE('',#2314,3.);
#82=CIRCLE('',#2315,3.);
#83=CIRCLE('',#2316,3.);
#84=CIRCLE('',#2317,3.);
#85=CIRCLE('',#2318,3.);
#86=CIRCLE('',#2319,3.);
#87=CIRCLE('',#2320,3.25);
#88=CIRCLE('',#2321,3.25);
#89=CIRCLE('',#2322,3.25);
#90=CIRCLE('',#2323,3.25);
#91=CIRCLE('',#2325,3.);
#92=CIRCLE('',#2327,3.);
#93=CIRCLE('',#2328,3.);
#94=CIRCLE('',#2329,3.);
#95=CIRCLE('',#2330,3.);
#96=CIRCLE('',#2331,3.);
#97=CIRCLE('',#2332,3.);
#98=CIRCLE('',#2333,3.);
#99=CIRCLE('',#2334,3.);
#100=CIRCLE('',#2335,3.);
#101=CIRCLE('',#2336,3.);
#102=CIRCLE('',#2337,3.);
#103=CIRCLE('',#2338,3.);
#104=CIRCLE('',#2339,3.);
#105=CIRCLE('',#2340,3.25);
#106=CIRCLE('',#2341,3.25);
#107=CIRCLE('',#2342,3.25);
#108=CIRCLE('',#2343,3.25);
#109=CYLINDRICAL_SURFACE('',#2221,2.5);
#110=CYLINDRICAL_SURFACE('',#2242,6.5);
#111=CYLINDRICAL_SURFACE('',#2246,6.5);
#112=CYLINDRICAL_SURFACE('',#2254,9.50000000000001);
#113=CYLINDRICAL_SURFACE('',#2258,9.50000000000001);
#114=CYLINDRICAL_SURFACE('',#2279,6.5);
#115=CYLINDRICAL_SURFACE('',#2281,6.5);
#116=CYLINDRICAL_SURFACE('',#2289,9.50000000000001);
#117=CYLINDRICAL_SURFACE('',#2293,9.50000000000001);
#118=CYLINDRICAL_SURFACE('',#2297,3.);
#119=CYLINDRICAL_SURFACE('',#2301,3.);
#120=CYLINDRICAL_SURFACE('',#2324,3.);
#121=CYLINDRICAL_SURFACE('',#2345,3.);
#122=CYLINDRICAL_SURFACE('',#2346,3.);
#123=CYLINDRICAL_SURFACE('',#2348,3.);
#124=CYLINDRICAL_SURFACE('',#2350,3.);
#125=CYLINDRICAL_SURFACE('',#2352,3.);
#126=CYLINDRICAL_SURFACE('',#2353,3.);
#127=CYLINDRICAL_SURFACE('',#2355,3.);
#128=CYLINDRICAL_SURFACE('',#2357,3.);
#129=CYLINDRICAL_SURFACE('',#2359,3.);
#130=CYLINDRICAL_SURFACE('',#2361,3.);
#131=CYLINDRICAL_SURFACE('',#2363,3.);
#132=CYLINDRICAL_SURFACE('',#2364,3.);
#133=CYLINDRICAL_SURFACE('',#2365,3.);
#134=CYLINDRICAL_SURFACE('',#2366,3.25);
#135=CYLINDRICAL_SURFACE('',#2370,3.25);
#136=CYLINDRICAL_SURFACE('',#2374,3.25);
#137=CYLINDRICAL_SURFACE('',#2378,3.25);
#138=FACE_OUTER_BOUND('',#250,.T.);
#139=FACE_OUTER_BOUND('',#251,.T.);
#140=FACE_OUTER_BOUND('',#252,.T.);
#141=FACE_OUTER_BOUND('',#253,.T.);
#142=FACE_OUTER_BOUND('',#254,.T.);
#143=FACE_OUTER_BOUND('',#255,.T.);
#144=FACE_OUTER_BOUND('',#256,.T.);
#145=FACE_OUTER_BOUND('',#257,.T.);
#146=FACE_OUTER_BOUND('',#258,.T.);
#147=FACE_OUTER_BOUND('',#259,.T.);
#148=FACE_OUTER_BOUND('',#260,.T.);
#149=FACE_OUTER_BOUND('',#261,.T.);
#150=FACE_OUTER_BOUND('',#262,.T.);
#151=FACE_OUTER_BOUND('',#263,.T.);
#152=FACE_OUTER_BOUND('',#264,.T.);
#153=FACE_OUTER_BOUND('',#265,.T.);
#154=FACE_OUTER_BOUND('',#266,.T.);
#155=FACE_OUTER_BOUND('',#267,.T.);
#156=FACE_OUTER_BOUND('',#268,.T.);
#157=FACE_OUTER_BOUND('',#269,.T.);
#158=FACE_OUTER_BOUND('',#270,.T.);
#159=FACE_OUTER_BOUND('',#271,.T.);
#160=FACE_OUTER_BOUND('',#272,.T.);
#161=FACE_OUTER_BOUND('',#273,.T.);
#162=FACE_OUTER_BOUND('',#274,.T.);
#163=FACE_OUTER_BOUND('',#275,.T.);
#164=FACE_OUTER_BOUND('',#276,.T.);
#165=FACE_OUTER_BOUND('',#277,.T.);
#166=FACE_OUTER_BOUND('',#278,.T.);
#167=FACE_OUTER_BOUND('',#279,.T.);
#168=FACE_OUTER_BOUND('',#280,.T.);
#169=FACE_OUTER_BOUND('',#281,.T.);
#170=FACE_OUTER_BOUND('',#282,.T.);
#171=FACE_OUTER_BOUND('',#283,.T.);
#172=FACE_OUTER_BOUND('',#284,.T.);
#173=FACE_OUTER_BOUND('',#285,.T.);
#174=FACE_OUTER_BOUND('',#286,.T.);
#175=FACE_OUTER_BOUND('',#287,.T.);
#176=FACE_OUTER_BOUND('',#288,.T.);
#177=FACE_OUTER_BOUND('',#289,.T.);
#178=FACE_OUTER_BOUND('',#290,.T.);
#179=FACE_OUTER_BOUND('',#291,.T.);
#180=FACE_OUTER_BOUND('',#292,.T.);
#181=FACE_OUTER_BOUND('',#293,.T.);
#182=FACE_OUTER_BOUND('',#294,.T.);
#183=FACE_OUTER_BOUND('',#295,.T.);
#184=FACE_OUTER_BOUND('',#296,.T.);
#185=FACE_OUTER_BOUND('',#297,.T.);
#186=FACE_OUTER_BOUND('',#298,.T.);
#187=FACE_OUTER_BOUND('',#299,.T.);
#188=FACE_OUTER_BOUND('',#300,.T.);
#189=FACE_OUTER_BOUND('',#301,.T.);
#190=FACE_OUTER_BOUND('',#302,.T.);
#191=FACE_OUTER_BOUND('',#303,.T.);
#192=FACE_OUTER_BOUND('',#304,.T.);
#193=FACE_OUTER_BOUND('',#305,.T.);
#194=FACE_OUTER_BOUND('',#306,.T.);
#195=FACE_OUTER_BOUND('',#307,.T.);
#196=FACE_OUTER_BOUND('',#308,.T.);
#197=FACE_OUTER_BOUND('',#309,.T.);
#198=FACE_OUTER_BOUND('',#310,.T.);
#199=FACE_OUTER_BOUND('',#315,.T.);
#200=FACE_OUTER_BOUND('',#316,.T.);
#201=FACE_OUTER_BOUND('',#321,.T.);
#202=FACE_OUTER_BOUND('',#322,.T.);
#203=FACE_OUTER_BOUND('',#323,.T.);
#204=FACE_OUTER_BOUND('',#324,.T.);
#205=FACE_OUTER_BOUND('',#325,.T.);
#206=FACE_OUTER_BOUND('',#326,.T.);
#207=FACE_OUTER_BOUND('',#327,.T.);
#208=FACE_OUTER_BOUND('',#328,.T.);
#209=FACE_OUTER_BOUND('',#329,.T.);
#210=FACE_OUTER_BOUND('',#330,.T.);
#211=FACE_OUTER_BOUND('',#331,.T.);
#212=FACE_OUTER_BOUND('',#332,.T.);
#213=FACE_OUTER_BOUND('',#333,.T.);
#214=FACE_OUTER_BOUND('',#334,.T.);
#215=FACE_OUTER_BOUND('',#335,.T.);
#216=FACE_OUTER_BOUND('',#336,.T.);
#217=FACE_OUTER_BOUND('',#337,.T.);
#218=FACE_OUTER_BOUND('',#338,.T.);
#219=FACE_OUTER_BOUND('',#339,.T.);
#220=FACE_OUTER_BOUND('',#340,.T.);
#221=FACE_OUTER_BOUND('',#341,.T.);
#222=FACE_OUTER_BOUND('',#342,.T.);
#223=FACE_OUTER_BOUND('',#343,.T.);
#224=FACE_OUTER_BOUND('',#344,.T.);
#225=FACE_OUTER_BOUND('',#345,.T.);
#226=FACE_OUTER_BOUND('',#346,.T.);
#227=FACE_OUTER_BOUND('',#347,.T.);
#228=FACE_OUTER_BOUND('',#348,.T.);
#229=FACE_OUTER_BOUND('',#349,.T.);
#230=FACE_OUTER_BOUND('',#350,.T.);
#231=FACE_OUTER_BOUND('',#351,.T.);
#232=FACE_OUTER_BOUND('',#352,.T.);
#233=FACE_OUTER_BOUND('',#353,.T.);
#234=FACE_OUTER_BOUND('',#354,.T.);
#235=FACE_OUTER_BOUND('',#355,.T.);
#236=FACE_OUTER_BOUND('',#356,.T.);
#237=FACE_OUTER_BOUND('',#357,.T.);
#238=FACE_OUTER_BOUND('',#358,.T.);
#239=FACE_OUTER_BOUND('',#359,.T.);
#240=FACE_OUTER_BOUND('',#360,.T.);
#241=FACE_OUTER_BOUND('',#361,.T.);
#242=FACE_OUTER_BOUND('',#362,.T.);
#243=FACE_OUTER_BOUND('',#363,.T.);
#244=FACE_OUTER_BOUND('',#364,.T.);
#245=FACE_OUTER_BOUND('',#365,.T.);
#246=FACE_OUTER_BOUND('',#366,.T.);
#247=FACE_OUTER_BOUND('',#367,.T.);
#248=FACE_OUTER_BOUND('',#368,.T.);
#249=FACE_OUTER_BOUND('',#369,.T.);
#250=EDGE_LOOP('',(#1378,#1379,#1380,#1381));
#251=EDGE_LOOP('',(#1382,#1383,#1384,#1385));
#252=EDGE_LOOP('',(#1386,#1387,#1388,#1389));
#253=EDGE_LOOP('',(#1390,#1391,#1392,#1393));
#254=EDGE_LOOP('',(#1394,#1395,#1396,#1397));
#255=EDGE_LOOP('',(#1398,#1399,#1400,#1401));
#256=EDGE_LOOP('',(#1402,#1403,#1404,#1405));
#257=EDGE_LOOP('',(#1406,#1407,#1408,#1409,#1410,#1411));
#258=EDGE_LOOP('',(#1412,#1413,#1414,#1415,#1416,#1417));
#259=EDGE_LOOP('',(#1418,#1419,#1420,#1421));
#260=EDGE_LOOP('',(#1422,#1423,#1424,#1425));
#261=EDGE_LOOP('',(#1426,#1427,#1428,#1429,#1430,#1431,#1432,#1433,#1434,
#1435,#1436,#1437,#1438,#1439,#1440,#1441,#1442,#1443,#1444,#1445));
#262=EDGE_LOOP('',(#1446,#1447,#1448,#1449));
#263=EDGE_LOOP('',(#1450,#1451,#1452,#1453));
#264=EDGE_LOOP('',(#1454,#1455,#1456,#1457,#1458));
#265=EDGE_LOOP('',(#1459,#1460,#1461,#1462));
#266=EDGE_LOOP('',(#1463,#1464,#1465,#1466));
#267=EDGE_LOOP('',(#1467,#1468,#1469,#1470,#1471));
#268=EDGE_LOOP('',(#1472,#1473,#1474,#1475));
#269=EDGE_LOOP('',(#1476,#1477,#1478,#1479));
#270=EDGE_LOOP('',(#1480,#1481,#1482,#1483));
#271=EDGE_LOOP('',(#1484,#1485,#1486,#1487));
#272=EDGE_LOOP('',(#1488,#1489,#1490,#1491));
#273=EDGE_LOOP('',(#1492,#1493,#1494,#1495));
#274=EDGE_LOOP('',(#1496,#1497,#1498,#1499,#1500));
#275=EDGE_LOOP('',(#1501,#1502,#1503,#1504,#1505));
#276=EDGE_LOOP('',(#1506,#1507,#1508,#1509));
#277=EDGE_LOOP('',(#1510,#1511,#1512,#1513,#1514,#1515,#1516,#1517));
#278=EDGE_LOOP('',(#1518,#1519,#1520,#1521));
#279=EDGE_LOOP('',(#1522,#1523,#1524,#1525));
#280=EDGE_LOOP('',(#1526,#1527,#1528,#1529,#1530,#1531,#1532,#1533));
#281=EDGE_LOOP('',(#1534,#1535,#1536,#1537));
#282=EDGE_LOOP('',(#1538,#1539,#1540,#1541));
#283=EDGE_LOOP('',(#1542,#1543,#1544,#1545,#1546,#1547,#1548,#1549,#1550,
#1551,#1552,#1553,#1554,#1555,#1556,#1557,#1558,#1559,#1560,#1561));
#284=EDGE_LOOP('',(#1562,#1563,#1564,#1565));
#285=EDGE_LOOP('',(#1566,#1567,#1568,#1569));
#286=EDGE_LOOP('',(#1570,#1571,#1572,#1573,#1574));
#287=EDGE_LOOP('',(#1575,#1576,#1577,#1578));
#288=EDGE_LOOP('',(#1579,#1580,#1581,#1582,#1583));
#289=EDGE_LOOP('',(#1584,#1585,#1586,#1587));
#290=EDGE_LOOP('',(#1588,#1589,#1590,#1591));
#291=EDGE_LOOP('',(#1592,#1593,#1594,#1595));
#292=EDGE_LOOP('',(#1596,#1597,#1598,#1599));
#293=EDGE_LOOP('',(#1600,#1601,#1602,#1603));
#294=EDGE_LOOP('',(#1604,#1605,#1606,#1607));
#295=EDGE_LOOP('',(#1608,#1609,#1610,#1611));
#296=EDGE_LOOP('',(#1612,#1613,#1614,#1615));
#297=EDGE_LOOP('',(#1616,#1617,#1618,#1619,#1620));
#298=EDGE_LOOP('',(#1621,#1622,#1623,#1624,#1625));
#299=EDGE_LOOP('',(#1626,#1627,#1628,#1629));
#300=EDGE_LOOP('',(#1630,#1631,#1632,#1633,#1634,#1635,#1636,#1637));
#301=EDGE_LOOP('',(#1638,#1639,#1640,#1641));
#302=EDGE_LOOP('',(#1642,#1643,#1644,#1645));
#303=EDGE_LOOP('',(#1646,#1647,#1648,#1649,#1650,#1651,#1652,#1653));
#304=EDGE_LOOP('',(#1654,#1655,#1656,#1657));
#305=EDGE_LOOP('',(#1658,#1659,#1660,#1661));
#306=EDGE_LOOP('',(#1662,#1663,#1664,#1665));
#307=EDGE_LOOP('',(#1666,#1667,#1668,#1669));
#308=EDGE_LOOP('',(#1670,#1671,#1672,#1673));
#309=EDGE_LOOP('',(#1674,#1675,#1676,#1677));
#310=EDGE_LOOP('',(#1678,#1679,#1680,#1681,#1682,#1683,#1684,#1685,#1686,
#1687,#1688,#1689,#1690,#1691,#1692,#1693,#1694,#1695,#1696,#1697,#1698,
#1699,#1700,#1701,#1702,#1703,#1704,#1705,#1706,#1707,#1708,#1709,#1710,
#1711,#1712,#1713,#1714,#1715,#1716,#1717,#1718,#1719,#1720,#1721,#1722,
#1723,#1724,#1725,#1726,#1727));
#311=EDGE_LOOP('',(#1728,#1729));
#312=EDGE_LOOP('',(#1730,#1731));
#313=EDGE_LOOP('',(#1732,#1733));
#314=EDGE_LOOP('',(#1734,#1735));
#315=EDGE_LOOP('',(#1736,#1737,#1738,#1739));
#316=EDGE_LOOP('',(#1740,#1741,#1742,#1743,#1744,#1745,#1746,#1747,#1748,
#1749,#1750,#1751,#1752,#1753,#1754,#1755,#1756,#1757,#1758,#1759,#1760,
#1761,#1762,#1763,#1764,#1765,#1766,#1767,#1768,#1769,#1770,#1771,#1772,
#1773,#1774,#1775,#1776,#1777,#1778,#1779,#1780,#1781,#1782,#1783,#1784,
#1785));
#317=EDGE_LOOP('',(#1786,#1787));
#318=EDGE_LOOP('',(#1788,#1789));
#319=EDGE_LOOP('',(#1790,#1791));
#320=EDGE_LOOP('',(#1792,#1793));
#321=EDGE_LOOP('',(#1794,#1795,#1796,#1797));
#322=EDGE_LOOP('',(#1798,#1799,#1800,#1801));
#323=EDGE_LOOP('',(#1802,#1803,#1804,#1805));
#324=EDGE_LOOP('',(#1806,#1807,#1808,#1809));
#325=EDGE_LOOP('',(#1810,#1811,#1812,#1813));
#326=EDGE_LOOP('',(#1814,#1815,#1816,#1817));
#327=EDGE_LOOP('',(#1818,#1819,#1820,#1821));
#328=EDGE_LOOP('',(#1822,#1823,#1824,#1825));
#329=EDGE_LOOP('',(#1826,#1827,#1828,#1829));
#330=EDGE_LOOP('',(#1830,#1831,#1832,#1833));
#331=EDGE_LOOP('',(#1834,#1835,#1836,#1837));
#332=EDGE_LOOP('',(#1838,#1839,#1840,#1841));
#333=EDGE_LOOP('',(#1842,#1843,#1844,#1845));
#334=EDGE_LOOP('',(#1846,#1847,#1848,#1849));
#335=EDGE_LOOP('',(#1850,#1851,#1852,#1853));
#336=EDGE_LOOP('',(#1854,#1855,#1856,#1857));
#337=EDGE_LOOP('',(#1858,#1859,#1860,#1861));
#338=EDGE_LOOP('',(#1862,#1863,#1864,#1865));
#339=EDGE_LOOP('',(#1866,#1867,#1868,#1869));
#340=EDGE_LOOP('',(#1870,#1871,#1872,#1873));
#341=EDGE_LOOP('',(#1874,#1875,#1876,#1877));
#342=EDGE_LOOP('',(#1878,#1879,#1880,#1881));
#343=EDGE_LOOP('',(#1882,#1883,#1884,#1885));
#344=EDGE_LOOP('',(#1886,#1887,#1888,#1889));
#345=EDGE_LOOP('',(#1890,#1891,#1892,#1893));
#346=EDGE_LOOP('',(#1894,#1895,#1896,#1897));
#347=EDGE_LOOP('',(#1898,#1899,#1900,#1901));
#348=EDGE_LOOP('',(#1902,#1903,#1904,#1905));
#349=EDGE_LOOP('',(#1906,#1907,#1908,#1909));
#350=EDGE_LOOP('',(#1910,#1911,#1912,#1913));
#351=EDGE_LOOP('',(#1914,#1915,#1916,#1917));
#352=EDGE_LOOP('',(#1918,#1919,#1920,#1921));
#353=EDGE_LOOP('',(#1922,#1923,#1924,#1925));
#354=EDGE_LOOP('',(#1926,#1927,#1928,#1929));
#355=EDGE_LOOP('',(#1930,#1931,#1932,#1933));
#356=EDGE_LOOP('',(#1934,#1935,#1936,#1937));
#357=EDGE_LOOP('',(#1938,#1939,#1940,#1941));
#358=EDGE_LOOP('',(#1942,#1943,#1944,#1945));
#359=EDGE_LOOP('',(#1946,#1947,#1948,#1949));
#360=EDGE_LOOP('',(#1950,#1951,#1952,#1953));
#361=EDGE_LOOP('',(#1954,#1955,#1956,#1957));
#362=EDGE_LOOP('',(#1958,#1959,#1960,#1961));
#363=EDGE_LOOP('',(#1962,#1963,#1964,#1965));
#364=EDGE_LOOP('',(#1966,#1967,#1968,#1969,#1970,#1971,#1972,#1973));
#365=EDGE_LOOP('',(#1974,#1975,#1976,#1977,#1978,#1979,#1980,#1981,#1982,
#1983,#1984,#1985));
#366=EDGE_LOOP('',(#1986,#1987,#1988,#1989));
#367=EDGE_LOOP('',(#1990,#1991,#1992,#1993));
#368=EDGE_LOOP('',(#1994,#1995,#1996,#1997));
#369=EDGE_LOOP('',(#1998,#1999,#2000,#2001));
#370=LINE('',#3022,#616);
#371=LINE('',#3024,#617);
#372=LINE('',#3026,#618);
#373=LINE('',#3027,#619);
#374=LINE('',#3030,#620);
#375=LINE('',#3032,#621);
#376=LINE('',#3033,#622);
#377=LINE('',#3036,#623);
#378=LINE('',#3038,#624);
#379=LINE('',#3039,#625);
#380=LINE('',#3043,#626);
#381=LINE('',#3045,#627);
#382=LINE('',#3047,#628);
#383=LINE('',#3048,#629);
#384=LINE('',#3051,#630);
#385=LINE('',#3053,#631);
#386=LINE('',#3054,#632);
#387=LINE('',#3057,#633);
#388=LINE('',#3059,#634);
#389=LINE('',#3060,#635);
#390=LINE('',#3066,#636);
#391=LINE('',#3069,#637);
#392=LINE('',#3072,#638);
#393=LINE('',#3074,#639);
#394=LINE('',#3076,#640);
#395=LINE('',#3078,#641);
#396=LINE('',#3079,#642);
#397=LINE('',#3082,#643);
#398=LINE('',#3084,#644);
#399=LINE('',#3086,#645);
#400=LINE('',#3088,#646);
#401=LINE('',#3089,#647);
#402=LINE('',#3092,#648);
#403=LINE('',#3094,#649);
#404=LINE('',#3095,#650);
#405=LINE('',#3098,#651);
#406=LINE('',#3100,#652);
#407=LINE('',#3101,#653);
#408=LINE('',#3104,#654);
#409=LINE('',#3106,#655);
#410=LINE('',#3109,#656);
#411=LINE('',#3111,#657);
#412=LINE('',#3115,#658);
#413=LINE('',#3116,#659);
#414=LINE('',#3117,#660);
#415=LINE('',#3120,#661);
#416=LINE('',#3121,#662);
#417=LINE('',#3124,#663);
#418=LINE('',#3125,#664);
#419=LINE('',#3128,#665);
#420=LINE('',#3130,#666);
#421=LINE('',#3134,#667);
#422=LINE('',#3138,#668);
#423=LINE('',#3139,#669);
#424=LINE('',#3141,#670);
#425=LINE('',#3145,#671);
#426=LINE('',#3148,#672);
#427=LINE('',#3153,#673);
#428=LINE('',#3154,#674);
#429=LINE('',#3155,#675);
#430=LINE('',#3159,#676);
#431=LINE('',#3161,#677);
#432=LINE('',#3164,#678);
#433=LINE('',#3165,#679);
#434=LINE('',#3169,#680);
#435=LINE('',#3172,#681);
#436=LINE('',#3173,#682);
#437=LINE('',#3176,#683);
#438=LINE('',#3181,#684);
#439=LINE('',#3184,#685);
#440=LINE('',#3185,#686);
#441=LINE('',#3189,#687);
#442=LINE('',#3191,#688);
#443=LINE('',#3194,#689);
#444=LINE('',#3195,#690);
#445=LINE('',#3199,#691);
#446=LINE('',#3201,#692);
#447=LINE('',#3203,#693);
#448=LINE('',#3208,#694);
#449=LINE('',#3210,#695);
#450=LINE('',#3213,#696);
#451=LINE('',#3217,#697);
#452=LINE('',#3218,#698);
#453=LINE('',#3219,#699);
#454=LINE('',#3223,#700);
#455=LINE('',#3226,#701);
#456=LINE('',#3230,#702);
#457=LINE('',#3232,#703);
#458=LINE('',#3233,#704);
#459=LINE('',#3237,#705);
#460=LINE('',#3241,#706);
#461=LINE('',#3243,#707);
#462=LINE('',#3247,#708);
#463=LINE('',#3249,#709);
#464=LINE('',#3250,#710);
#465=LINE('',#3255,#711);
#466=LINE('',#3256,#712);
#467=LINE('',#3259,#713);
#468=LINE('',#3261,#714);
#469=LINE('',#3262,#715);
#470=LINE('',#3265,#716);
#471=LINE('',#3267,#717);
#472=LINE('',#3268,#718);
#473=LINE('',#3272,#719);
#474=LINE('',#3273,#720);
#475=LINE('',#3274,#721);
#476=LINE('',#3280,#722);
#477=LINE('',#3283,#723);
#478=LINE('',#3284,#724);
#479=LINE('',#3288,#725);
#480=LINE('',#3291,#726);
#481=LINE('',#3296,#727);
#482=LINE('',#3297,#728);
#483=LINE('',#3298,#729);
#484=LINE('',#3302,#730);
#485=LINE('',#3305,#731);
#486=LINE('',#3306,#732);
#487=LINE('',#3310,#733);
#488=LINE('',#3312,#734);
#489=LINE('',#3314,#735);
#490=LINE('',#3315,#736);
#491=LINE('',#3320,#737);
#492=LINE('',#3321,#738);
#493=LINE('',#3324,#739);
#494=LINE('',#3325,#740);
#495=LINE('',#3328,#741);
#496=LINE('',#3329,#742);
#497=LINE('',#3335,#743);
#498=LINE('',#3338,#744);
#499=LINE('',#3341,#745);
#500=LINE('',#3343,#746);
#501=LINE('',#3344,#747);
#502=LINE('',#3350,#748);
#503=LINE('',#3353,#749);
#504=LINE('',#3355,#750);
#505=LINE('',#3356,#751);
#506=LINE('',#3359,#752);
#507=LINE('',#3361,#753);
#508=LINE('',#3362,#754);
#509=LINE('',#3363,#755);
#510=LINE('',#3365,#756);
#511=LINE('',#3367,#757);
#512=LINE('',#3369,#758);
#513=LINE('',#3371,#759);
#514=LINE('',#3373,#760);
#515=LINE('',#3375,#761);
#516=LINE('',#3376,#762);
#517=LINE('',#3378,#763);
#518=LINE('',#3380,#764);
#519=LINE('',#3384,#765);
#520=LINE('',#3388,#766);
#521=LINE('',#3392,#767);
#522=LINE('',#3396,#768);
#523=LINE('',#3400,#769);
#524=LINE('',#3404,#770);
#525=LINE('',#3408,#771);
#526=LINE('',#3412,#772);
#527=LINE('',#3414,#773);
#528=LINE('',#3416,#774);
#529=LINE('',#3420,#775);
#530=LINE('',#3424,#776);
#531=LINE('',#3428,#777);
#532=LINE('',#3432,#778);
#533=LINE('',#3436,#779);
#534=LINE('',#3440,#780);
#535=LINE('',#3445,#781);
#536=LINE('',#3449,#782);
#537=LINE('',#3453,#783);
#538=LINE('',#3457,#784);
#539=LINE('',#3460,#785);
#540=LINE('',#3464,#786);
#541=LINE('',#3468,#787);
#542=LINE('',#3472,#788);
#543=LINE('',#3476,#789);
#544=LINE('',#3480,#790);
#545=LINE('',#3482,#791);
#546=LINE('',#3484,#792);
#547=LINE('',#3488,#793);
#548=LINE('',#3492,#794);
#549=LINE('',#3496,#795);
#550=LINE('',#3500,#796);
#551=LINE('',#3504,#797);
#552=LINE('',#3508,#798);
#553=LINE('',#3512,#799);
#554=LINE('',#3516,#800);
#555=LINE('',#3517,#801);
#556=LINE('',#3518,#802);
#557=LINE('',#3520,#803);
#558=LINE('',#3522,#804);
#559=LINE('',#3523,#805);
#560=LINE('',#3526,#806);
#561=LINE('',#3530,#807);
#562=LINE('',#3534,#808);
#563=LINE('',#3539,#809);
#564=LINE('',#3541,#810);
#565=LINE('',#3543,#811);
#566=LINE('',#3545,#812);
#567=LINE('',#3546,#813);
#568=LINE('',#3548,#814);
#569=LINE('',#3550,#815);
#570=LINE('',#3552,#816);
#571=LINE('',#3554,#817);
#572=LINE('',#3556,#818);
#573=LINE('',#3558,#819);
#574=LINE('',#3560,#820);
#575=LINE('',#3561,#821);
#576=LINE('',#3563,#822);
#577=LINE('',#3565,#823);
#578=LINE('',#3566,#824);
#579=LINE('',#3568,#825);
#580=LINE('',#3570,#826);
#581=LINE('',#3571,#827);
#582=LINE('',#3573,#828);
#583=LINE('',#3575,#829);
#584=LINE('',#3576,#830);
#585=LINE('',#3578,#831);
#586=LINE('',#3580,#832);
#587=LINE('',#3582,#833);
#588=LINE('',#3585,#834);
#589=LINE('',#3587,#835);
#590=LINE('',#3589,#836);
#591=LINE('',#3590,#837);
#592=LINE('',#3594,#838);
#593=LINE('',#3596,#839);
#594=LINE('',#3597,#840);
#595=LINE('',#3599,#841);
#596=LINE('',#3603,#842);
#597=LINE('',#3604,#843);
#598=LINE('',#3606,#844);
#599=LINE('',#3610,#845);
#600=LINE('',#3611,#846);
#601=LINE('',#3613,#847);
#602=LINE('',#3617,#848);
#603=LINE('',#3619,#849);
#604=LINE('',#3620,#850);
#605=LINE('',#3623,#851);
#606=LINE('',#3624,#852);
#607=LINE('',#3627,#853);
#608=LINE('',#3628,#854);
#609=LINE('',#3631,#855);
#610=LINE('',#3632,#856);
#611=LINE('',#3635,#857);
#612=LINE('',#3636,#858);
#613=LINE('',#3638,#859);
#614=LINE('',#3640,#860);
#615=LINE('',#3645,#861);
#616=VECTOR('',#2407,10.);
#617=VECTOR('',#2408,10.);
#618=VECTOR('',#2409,10.);
#619=VECTOR('',#2410,10.);
#620=VECTOR('',#2413,10.);
#621=VECTOR('',#2414,10.);
#622=VECTOR('',#2415,10.);
#623=VECTOR('',#2418,10.);
#624=VECTOR('',#2419,10.);
#625=VECTOR('',#2420,10.);
#626=VECTOR('',#2423,10.);
#627=VECTOR('',#2424,10.);
#628=VECTOR('',#2425,10.);
#629=VECTOR('',#2426,10.);
#630=VECTOR('',#2429,10.);
#631=VECTOR('',#2430,10.);
#632=VECTOR('',#2431,10.);
#633=VECTOR('',#2434,10.);
#634=VECTOR('',#2435,10.);
#635=VECTOR('',#2436,10.);
#636=VECTOR('',#2441,10.);
#637=VECTOR('',#2444,10.);
#638=VECTOR('',#2447,10.);
#639=VECTOR('',#2448,10.);
#640=VECTOR('',#2449,10.);
#641=VECTOR('',#2450,10.);
#642=VECTOR('',#2451,10.);
#643=VECTOR('',#2454,10.);
#644=VECTOR('',#2455,10.);
#645=VECTOR('',#2456,10.);
#646=VECTOR('',#2457,10.);
#647=VECTOR('',#2458,10.);
#648=VECTOR('',#2461,10.);
#649=VECTOR('',#2462,10.);
#650=VECTOR('',#2463,10.);
#651=VECTOR('',#2466,10.);
#652=VECTOR('',#2467,10.);
#653=VECTOR('',#2468,10.);
#654=VECTOR('',#2471,10.);
#655=VECTOR('',#2472,10.);
#656=VECTOR('',#2475,10.);
#657=VECTOR('',#2476,10.);
#658=VECTOR('',#2479,10.);
#659=VECTOR('',#2480,10.);
#660=VECTOR('',#2481,10.);
#661=VECTOR('',#2484,10.);
#662=VECTOR('',#2485,10.);
#663=VECTOR('',#2488,10.);
#664=VECTOR('',#2489,10.);
#665=VECTOR('',#2492,10.);
#666=VECTOR('',#2493,10.);
#667=VECTOR('',#2496,10.);
#668=VECTOR('',#2501,10.);
#669=VECTOR('',#2502,10.);
#670=VECTOR('',#2505,10.);
#671=VECTOR('',#2508,10.);
#672=VECTOR('',#2511,10.);
#673=VECTOR('',#2516,10.);
#674=VECTOR('',#2517,10.);
#675=VECTOR('',#2518,10.);
#676=VECTOR('',#2523,10.);
#677=VECTOR('',#2526,10.);
#678=VECTOR('',#2529,10.);
#679=VECTOR('',#2530,10.);
#680=VECTOR('',#2535,10.);
#681=VECTOR('',#2538,10.);
#682=VECTOR('',#2539,10.);
#683=VECTOR('',#2542,10.);
#684=VECTOR('',#2549,10.);
#685=VECTOR('',#2552,10.);
#686=VECTOR('',#2553,10.);
#687=VECTOR('',#2558,10.);
#688=VECTOR('',#2561,10.);
#689=VECTOR('',#2564,10.);
#690=VECTOR('',#2565,10.);
#691=VECTOR('',#2570,10.);
#692=VECTOR('',#2573,10.);
#693=VECTOR('',#2576,10.);
#694=VECTOR('',#2581,10.);
#695=VECTOR('',#2582,10.);
#696=VECTOR('',#2585,10.);
#697=VECTOR('',#2588,10.);
#698=VECTOR('',#2589,10.);
#699=VECTOR('',#2590,10.);
#700=VECTOR('',#2593,10.);
#701=VECTOR('',#2596,10.);
#702=VECTOR('',#2601,10.);
#703=VECTOR('',#2602,10.);
#704=VECTOR('',#2603,10.);
#705=VECTOR('',#2606,10.);
#706=VECTOR('',#2609,10.);
#707=VECTOR('',#2610,10.);
#708=VECTOR('',#2615,10.);
#709=VECTOR('',#2616,10.);
#710=VECTOR('',#2617,10.);
#711=VECTOR('',#2622,10.);
#712=VECTOR('',#2623,10.);
#713=VECTOR('',#2626,10.);
#714=VECTOR('',#2627,10.);
#715=VECTOR('',#2628,10.);
#716=VECTOR('',#2631,10.);
#717=VECTOR('',#2632,10.);
#718=VECTOR('',#2633,10.);
#719=VECTOR('',#2636,10.);
#720=VECTOR('',#2637,10.);
#721=VECTOR('',#2638,10.);
#722=VECTOR('',#2647,10.);
#723=VECTOR('',#2650,10.);
#724=VECTOR('',#2651,10.);
#725=VECTOR('',#2656,10.);
#726=VECTOR('',#2659,10.);
#727=VECTOR('',#2664,10.);
#728=VECTOR('',#2665,10.);
#729=VECTOR('',#2666,10.);
#730=VECTOR('',#2671,10.);
#731=VECTOR('',#2674,10.);
#732=VECTOR('',#2675,10.);
#733=VECTOR('',#2678,10.);
#734=VECTOR('',#2679,10.);
#735=VECTOR('',#2680,10.);
#736=VECTOR('',#2681,10.);
#737=VECTOR('',#2686,10.);
#738=VECTOR('',#2687,10.);
#739=VECTOR('',#2690,10.);
#740=VECTOR('',#2691,10.);
#741=VECTOR('',#2694,10.);
#742=VECTOR('',#2695,10.);
#743=VECTOR('',#2700,10.);
#744=VECTOR('',#2703,10.);
#745=VECTOR('',#2706,10.);
#746=VECTOR('',#2707,10.);
#747=VECTOR('',#2708,10.);
#748=VECTOR('',#2715,10.);
#749=VECTOR('',#2718,10.);
#750=VECTOR('',#2719,10.);
#751=VECTOR('',#2720,10.);
#752=VECTOR('',#2723,10.);
#753=VECTOR('',#2724,10.);
#754=VECTOR('',#2725,10.);
#755=VECTOR('',#2726,10.);
#756=VECTOR('',#2727,10.);
#757=VECTOR('',#2728,10.);
#758=VECTOR('',#2729,10.);
#759=VECTOR('',#2730,10.);
#760=VECTOR('',#2731,10.);
#761=VECTOR('',#2732,10.);
#762=VECTOR('',#2733,10.);
#763=VECTOR('',#2734,10.);
#764=VECTOR('',#2735,10.);
#765=VECTOR('',#2738,10.);
#766=VECTOR('',#2741,10.);
#767=VECTOR('',#2744,10.);
#768=VECTOR('',#2747,10.);
#769=VECTOR('',#2750,10.);
#770=VECTOR('',#2753,10.);
#771=VECTOR('',#2756,10.);
#772=VECTOR('',#2759,10.);
#773=VECTOR('',#2760,10.);
#774=VECTOR('',#2761,10.);
#775=VECTOR('',#2764,10.);
#776=VECTOR('',#2767,10.);
#777=VECTOR('',#2770,10.);
#778=VECTOR('',#2773,10.);
#779=VECTOR('',#2776,10.);
#780=VECTOR('',#2779,10.);
#781=VECTOR('',#2784,10.);
#782=VECTOR('',#2787,10.);
#783=VECTOR('',#2790,10.);
#784=VECTOR('',#2795,10.);
#785=VECTOR('',#2798,10.);
#786=VECTOR('',#2801,10.);
#787=VECTOR('',#2804,10.);
#788=VECTOR('',#2807,10.);
#789=VECTOR('',#2810,10.);
#790=VECTOR('',#2813,10.);
#791=VECTOR('',#2814,10.);
#792=VECTOR('',#2815,10.);
#793=VECTOR('',#2818,10.);
#794=VECTOR('',#2821,10.);
#795=VECTOR('',#2824,10.);
#796=VECTOR('',#2827,10.);
#797=VECTOR('',#2830,10.);
#798=VECTOR('',#2833,10.);
#799=VECTOR('',#2836,10.);
#800=VECTOR('',#2839,10.);
#801=VECTOR('',#2840,10.);
#802=VECTOR('',#2841,10.);
#803=VECTOR('',#2842,10.);
#804=VECTOR('',#2843,10.);
#805=VECTOR('',#2844,10.);
#806=VECTOR('',#2845,10.);
#807=VECTOR('',#2848,10.);
#808=VECTOR('',#2851,10.);
#809=VECTOR('',#2856,10.);
#810=VECTOR('',#2859,10.);
#811=VECTOR('',#2862,10.);
#812=VECTOR('',#2865,10.);
#813=VECTOR('',#2866,10.);
#814=VECTOR('',#2869,10.);
#815=VECTOR('',#2872,10.);
#816=VECTOR('',#2875,10.);
#817=VECTOR('',#2878,10.);
#818=VECTOR('',#2881,10.);
#819=VECTOR('',#2884,10.);
#820=VECTOR('',#2887,10.);
#821=VECTOR('',#2888,10.);
#822=VECTOR('',#2891,10.);
#823=VECTOR('',#2894,10.);
#824=VECTOR('',#2895,10.);
#825=VECTOR('',#2898,10.);
#826=VECTOR('',#2901,10.);
#827=VECTOR('',#2902,10.);
#828=VECTOR('',#2905,10.);
#829=VECTOR('',#2908,10.);
#830=VECTOR('',#2909,10.);
#831=VECTOR('',#2912,10.);
#832=VECTOR('',#2915,10.);
#833=VECTOR('',#2918,10.);
#834=VECTOR('',#2923,10.);
#835=VECTOR('',#2926,10.);
#836=VECTOR('',#2929,10.);
#837=VECTOR('',#2930,10.);
#838=VECTOR('',#2937,10.);
#839=VECTOR('',#2940,10.);
#840=VECTOR('',#2941,10.);
#841=VECTOR('',#2944,10.);
#842=VECTOR('',#2951,10.);
#843=VECTOR('',#2952,10.);
#844=VECTOR('',#2955,10.);
#845=VECTOR('',#2962,10.);
#846=VECTOR('',#2963,10.);
#847=VECTOR('',#2966,10.);
#848=VECTOR('',#2971,10.);
#849=VECTOR('',#2972,10.);
#850=VECTOR('',#2973,10.);
#851=VECTOR('',#2976,10.);
#852=VECTOR('',#2977,10.);
#853=VECTOR('',#2980,10.);
#854=VECTOR('',#2981,10.);
#855=VECTOR('',#2984,10.);
#856=VECTOR('',#2985,10.);
#857=VECTOR('',#2988,10.);
#858=VECTOR('',#2989,10.);
#859=VECTOR('',#2992,10.);
#860=VECTOR('',#2995,10.);
#861=VECTOR('',#3004,10.);
#862=VERTEX_POINT('',#3020);
#863=VERTEX_POINT('',#3021);
#864=VERTEX_POINT('',#3023);
#865=VERTEX_POINT('',#3025);
#866=VERTEX_POINT('',#3029);
#867=VERTEX_POINT('',#3031);
#868=VERTEX_POINT('',#3035);
#869=VERTEX_POINT('',#3037);
#870=VERTEX_POINT('',#3041);
#871=VERTEX_POINT('',#3042);
#872=VERTEX_POINT('',#3044);
#873=VERTEX_POINT('',#3046);
#874=VERTEX_POINT('',#3050);
#875=VERTEX_POINT('',#3052);
#876=VERTEX_POINT('',#3056);
#877=VERTEX_POINT('',#3058);
#878=VERTEX_POINT('',#3062);
#879=VERTEX_POINT('',#3063);
#880=VERTEX_POINT('',#3065);
#881=VERTEX_POINT('',#3067);
#882=VERTEX_POINT('',#3071);
#883=VERTEX_POINT('',#3073);
#884=VERTEX_POINT('',#3075);
#885=VERTEX_POINT('',#3077);
#886=VERTEX_POINT('',#3081);
#887=VERTEX_POINT('',#3083);
#888=VERTEX_POINT('',#3085);
#889=VERTEX_POINT('',#3087);
#890=VERTEX_POINT('',#3091);
#891=VERTEX_POINT('',#3093);
#892=VERTEX_POINT('',#3097);
#893=VERTEX_POINT('',#3099);
#894=VERTEX_POINT('',#3103);
#895=VERTEX_POINT('',#3105);
#896=VERTEX_POINT('',#3107);
#897=VERTEX_POINT('',#3110);
#898=VERTEX_POINT('',#3112);
#899=VERTEX_POINT('',#3114);
#900=VERTEX_POINT('',#3119);
#901=VERTEX_POINT('',#3123);
#902=VERTEX_POINT('',#3127);
#903=VERTEX_POINT('',#3129);
#904=VERTEX_POINT('',#3131);
#905=VERTEX_POINT('',#3133);
#906=VERTEX_POINT('',#3137);
#907=VERTEX_POINT('',#3143);
#908=VERTEX_POINT('',#3144);
#909=VERTEX_POINT('',#3147);
#910=VERTEX_POINT('',#3151);
#911=VERTEX_POINT('',#3152);
#912=VERTEX_POINT('',#3157);
#913=VERTEX_POINT('',#3163);
#914=VERTEX_POINT('',#3167);
#915=VERTEX_POINT('',#3171);
#916=VERTEX_POINT('',#3175);
#917=VERTEX_POINT('',#3179);
#918=VERTEX_POINT('',#3183);
#919=VERTEX_POINT('',#3187);
#920=VERTEX_POINT('',#3193);
#921=VERTEX_POINT('',#3197);
#922=VERTEX_POINT('',#3206);
#923=VERTEX_POINT('',#3207);
#924=VERTEX_POINT('',#3209);
#925=VERTEX_POINT('',#3211);
#926=VERTEX_POINT('',#3215);
#927=VERTEX_POINT('',#3216);
#928=VERTEX_POINT('',#3221);
#929=VERTEX_POINT('',#3222);
#930=VERTEX_POINT('',#3225);
#931=VERTEX_POINT('',#3229);
#932=VERTEX_POINT('',#3231);
#933=VERTEX_POINT('',#3235);
#934=VERTEX_POINT('',#3236);
#935=VERTEX_POINT('',#3238);
#936=VERTEX_POINT('',#3240);
#937=VERTEX_POINT('',#3242);
#938=VERTEX_POINT('',#3246);
#939=VERTEX_POINT('',#3248);
#940=VERTEX_POINT('',#3252);
#941=VERTEX_POINT('',#3254);
#942=VERTEX_POINT('',#3258);
#943=VERTEX_POINT('',#3260);
#944=VERTEX_POINT('',#3264);
#945=VERTEX_POINT('',#3266);
#946=VERTEX_POINT('',#3270);
#947=VERTEX_POINT('',#3271);
#948=VERTEX_POINT('',#3278);
#949=VERTEX_POINT('',#3282);
#950=VERTEX_POINT('',#3286);
#951=VERTEX_POINT('',#3290);
#952=VERTEX_POINT('',#3294);
#953=VERTEX_POINT('',#3295);
#954=VERTEX_POINT('',#3300);
#955=VERTEX_POINT('',#3304);
#956=VERTEX_POINT('',#3308);
#957=VERTEX_POINT('',#3309);
#958=VERTEX_POINT('',#3311);
#959=VERTEX_POINT('',#3313);
#960=VERTEX_POINT('',#3317);
#961=VERTEX_POINT('',#3318);
#962=VERTEX_POINT('',#3323);
#963=VERTEX_POINT('',#3327);
#964=VERTEX_POINT('',#3331);
#965=VERTEX_POINT('',#3332);
#966=VERTEX_POINT('',#3334);
#967=VERTEX_POINT('',#3336);
#968=VERTEX_POINT('',#3340);
#969=VERTEX_POINT('',#3342);
#970=VERTEX_POINT('',#3346);
#971=VERTEX_POINT('',#3348);
#972=VERTEX_POINT('',#3352);
#973=VERTEX_POINT('',#3354);
#974=VERTEX_POINT('',#3358);
#975=VERTEX_POINT('',#3360);
#976=VERTEX_POINT('',#3364);
#977=VERTEX_POINT('',#3366);
#978=VERTEX_POINT('',#3368);
#979=VERTEX_POINT('',#3370);
#980=VERTEX_POINT('',#3372);
#981=VERTEX_POINT('',#3374);
#982=VERTEX_POINT('',#3377);
#983=VERTEX_POINT('',#3379);
#984=VERTEX_POINT('',#3381);
#985=VERTEX_POINT('',#3383);
#986=VERTEX_POINT('',#3385);
#987=VERTEX_POINT('',#3387);
#988=VERTEX_POINT('',#3389);
#989=VERTEX_POINT('',#3391);
#990=VERTEX_POINT('',#3393);
#991=VERTEX_POINT('',#3395);
#992=VERTEX_POINT('',#3397);
#993=VERTEX_POINT('',#3399);
#994=VERTEX_POINT('',#3401);
#995=VERTEX_POINT('',#3403);
#996=VERTEX_POINT('',#3405);
#997=VERTEX_POINT('',#3407);
#998=VERTEX_POINT('',#3409);
#999=VERTEX_POINT('',#3411);
#1000=VERTEX_POINT('',#3413);
#1001=VERTEX_POINT('',#3415);
#1002=VERTEX_POINT('',#3417);
#1003=VERTEX_POINT('',#3419);
#1004=VERTEX_POINT('',#3421);
#1005=VERTEX_POINT('',#3423);
#1006=VERTEX_POINT('',#3425);
#1007=VERTEX_POINT('',#3427);
#1008=VERTEX_POINT('',#3429);
#1009=VERTEX_POINT('',#3431);
#1010=VERTEX_POINT('',#3433);
#1011=VERTEX_POINT('',#3435);
#1012=VERTEX_POINT('',#3438);
#1013=VERTEX_POINT('',#3439);
#1014=VERTEX_POINT('',#3442);
#1015=VERTEX_POINT('',#3443);
#1016=VERTEX_POINT('',#3446);
#1017=VERTEX_POINT('',#3447);
#1018=VERTEX_POINT('',#3450);
#1019=VERTEX_POINT('',#3451);
#1020=VERTEX_POINT('',#3455);
#1021=VERTEX_POINT('',#3459);
#1022=VERTEX_POINT('',#3461);
#1023=VERTEX_POINT('',#3463);
#1024=VERTEX_POINT('',#3465);
#1025=VERTEX_POINT('',#3467);
#1026=VERTEX_POINT('',#3469);
#1027=VERTEX_POINT('',#3471);
#1028=VERTEX_POINT('',#3473);
#1029=VERTEX_POINT('',#3475);
#1030=VERTEX_POINT('',#3477);
#1031=VERTEX_POINT('',#3479);
#1032=VERTEX_POINT('',#3481);
#1033=VERTEX_POINT('',#3483);
#1034=VERTEX_POINT('',#3485);
#1035=VERTEX_POINT('',#3487);
#1036=VERTEX_POINT('',#3489);
#1037=VERTEX_POINT('',#3491);
#1038=VERTEX_POINT('',#3493);
#1039=VERTEX_POINT('',#3495);
#1040=VERTEX_POINT('',#3497);
#1041=VERTEX_POINT('',#3499);
#1042=VERTEX_POINT('',#3501);
#1043=VERTEX_POINT('',#3503);
#1044=VERTEX_POINT('',#3505);
#1045=VERTEX_POINT('',#3507);
#1046=VERTEX_POINT('',#3509);
#1047=VERTEX_POINT('',#3511);
#1048=VERTEX_POINT('',#3513);
#1049=VERTEX_POINT('',#3515);
#1050=VERTEX_POINT('',#3519);
#1051=VERTEX_POINT('',#3521);
#1052=VERTEX_POINT('',#3524);
#1053=VERTEX_POINT('',#3525);
#1054=VERTEX_POINT('',#3528);
#1055=VERTEX_POINT('',#3529);
#1056=VERTEX_POINT('',#3532);
#1057=VERTEX_POINT('',#3533);
#1058=VERTEX_POINT('',#3536);
#1059=VERTEX_POINT('',#3537);
#1060=VERTEX_POINT('',#3616);
#1061=VERTEX_POINT('',#3618);
#1062=VERTEX_POINT('',#3622);
#1063=VERTEX_POINT('',#3626);
#1064=VERTEX_POINT('',#3630);
#1065=VERTEX_POINT('',#3634);
#1066=EDGE_CURVE('',#862,#863,#370,.T.);
#1067=EDGE_CURVE('',#864,#863,#371,.T.);
#1068=EDGE_CURVE('',#864,#865,#372,.T.);
#1069=EDGE_CURVE('',#865,#862,#373,.T.);
#1070=EDGE_CURVE('',#863,#866,#374,.T.);
#1071=EDGE_CURVE('',#866,#867,#375,.T.);
#1072=EDGE_CURVE('',#867,#864,#376,.T.);
#1073=EDGE_CURVE('',#868,#866,#377,.T.);
#1074=EDGE_CURVE('',#869,#868,#378,.T.);
#1075=EDGE_CURVE('',#867,#869,#379,.T.);
#1076=EDGE_CURVE('',#870,#871,#380,.T.);
#1077=EDGE_CURVE('',#872,#871,#381,.T.);
#1078=EDGE_CURVE('',#872,#873,#382,.T.);
#1079=EDGE_CURVE('',#873,#870,#383,.T.);
#1080=EDGE_CURVE('',#871,#874,#384,.T.);
#1081=EDGE_CURVE('',#874,#875,#385,.T.);
#1082=EDGE_CURVE('',#875,#872,#386,.T.);
#1083=EDGE_CURVE('',#876,#874,#387,.T.);
#1084=EDGE_CURVE('',#877,#876,#388,.T.);
#1085=EDGE_CURVE('',#875,#877,#389,.T.);
#1086=EDGE_CURVE('',#878,#879,#43,.T.);
#1087=EDGE_CURVE('',#880,#879,#390,.T.);
#1088=EDGE_CURVE('',#881,#880,#44,.T.);
#1089=EDGE_CURVE('',#881,#878,#391,.T.);
#1090=EDGE_CURVE('',#879,#882,#392,.T.);
#1091=EDGE_CURVE('',#882,#883,#393,.T.);
#1092=EDGE_CURVE('',#883,#884,#394,.T.);
#1093=EDGE_CURVE('',#884,#885,#395,.T.);
#1094=EDGE_CURVE('',#880,#885,#396,.T.);
#1095=EDGE_CURVE('',#886,#878,#397,.T.);
#1096=EDGE_CURVE('',#881,#887,#398,.T.);
#1097=EDGE_CURVE('',#888,#887,#399,.T.);
#1098=EDGE_CURVE('',#889,#888,#400,.T.);
#1099=EDGE_CURVE('',#886,#889,#401,.T.);
#1100=EDGE_CURVE('',#890,#865,#402,.T.);
#1101=EDGE_CURVE('',#891,#890,#403,.T.);
#1102=EDGE_CURVE('',#862,#891,#404,.T.);
#1103=EDGE_CURVE('',#892,#873,#405,.T.);
#1104=EDGE_CURVE('',#893,#892,#406,.T.);
#1105=EDGE_CURVE('',#870,#893,#407,.T.);
#1106=EDGE_CURVE('',#891,#894,#408,.T.);
#1107=EDGE_CURVE('',#894,#895,#409,.T.);
#1108=EDGE_CURVE('',#895,#896,#45,.T.);
#1109=EDGE_CURVE('',#896,#887,#410,.T.);
#1110=EDGE_CURVE('',#885,#897,#411,.T.);
#1111=EDGE_CURVE('',#897,#898,#46,.T.);
#1112=EDGE_CURVE('',#898,#899,#412,.T.);
#1113=EDGE_CURVE('',#899,#876,#413,.T.);
#1114=EDGE_CURVE('',#893,#868,#414,.T.);
#1115=EDGE_CURVE('',#900,#899,#415,.T.);
#1116=EDGE_CURVE('',#900,#877,#416,.T.);
#1117=EDGE_CURVE('',#890,#901,#417,.T.);
#1118=EDGE_CURVE('',#901,#894,#418,.T.);
#1119=EDGE_CURVE('',#902,#888,#419,.T.);
#1120=EDGE_CURVE('',#888,#903,#420,.T.);
#1121=EDGE_CURVE('',#903,#904,#47,.T.);
#1122=EDGE_CURVE('',#904,#905,#421,.T.);
#1123=EDGE_CURVE('',#905,#902,#48,.T.);
#1124=EDGE_CURVE('',#906,#884,#422,.T.);
#1125=EDGE_CURVE('',#906,#897,#423,.T.);
#1126=EDGE_CURVE('',#903,#896,#424,.T.);
#1127=EDGE_CURVE('',#907,#908,#425,.T.);
#1128=EDGE_CURVE('',#908,#906,#49,.T.);
#1129=EDGE_CURVE('',#884,#909,#426,.T.);
#1130=EDGE_CURVE('',#909,#907,#50,.T.);
#1131=EDGE_CURVE('',#910,#911,#427,.T.);
#1132=EDGE_CURVE('',#910,#908,#428,.T.);
#1133=EDGE_CURVE('',#911,#907,#429,.T.);
#1134=EDGE_CURVE('',#911,#912,#51,.T.);
#1135=EDGE_CURVE('',#912,#909,#430,.T.);
#1136=EDGE_CURVE('',#912,#883,#431,.T.);
#1137=EDGE_CURVE('',#889,#913,#432,.T.);
#1138=EDGE_CURVE('',#913,#902,#433,.T.);
#1139=EDGE_CURVE('',#913,#914,#52,.T.);
#1140=EDGE_CURVE('',#914,#905,#434,.T.);
#1141=EDGE_CURVE('',#914,#915,#435,.T.);
#1142=EDGE_CURVE('',#915,#904,#436,.T.);
#1143=EDGE_CURVE('',#883,#916,#437,.T.);
#1144=EDGE_CURVE('',#916,#910,#53,.T.);
#1145=EDGE_CURVE('',#915,#917,#54,.T.);
#1146=EDGE_CURVE('',#917,#889,#438,.T.);
#1147=EDGE_CURVE('',#900,#918,#439,.T.);
#1148=EDGE_CURVE('',#918,#898,#440,.T.);
#1149=EDGE_CURVE('',#919,#918,#55,.T.);
#1150=EDGE_CURVE('',#919,#916,#441,.T.);
#1151=EDGE_CURVE('',#882,#919,#442,.T.);
#1152=EDGE_CURVE('',#886,#920,#443,.T.);
#1153=EDGE_CURVE('',#920,#917,#444,.T.);
#1154=EDGE_CURVE('',#921,#920,#56,.T.);
#1155=EDGE_CURVE('',#921,#895,#445,.T.);
#1156=EDGE_CURVE('',#901,#921,#446,.T.);
#1157=EDGE_CURVE('',#892,#869,#447,.T.);
#1158=EDGE_CURVE('',#922,#923,#448,.T.);
#1159=EDGE_CURVE('',#922,#924,#449,.T.);
#1160=EDGE_CURVE('',#924,#925,#57,.T.);
#1161=EDGE_CURVE('',#925,#923,#450,.T.);
#1162=EDGE_CURVE('',#926,#927,#451,.T.);
#1163=EDGE_CURVE('',#926,#924,#452,.T.);
#1164=EDGE_CURVE('',#927,#922,#453,.T.);
#1165=EDGE_CURVE('',#928,#929,#454,.T.);
#1166=EDGE_CURVE('',#929,#926,#58,.T.);
#1167=EDGE_CURVE('',#930,#927,#455,.T.);
#1168=EDGE_CURVE('',#930,#928,#59,.T.);
#1169=EDGE_CURVE('',#931,#927,#456,.T.);
#1170=EDGE_CURVE('',#931,#932,#457,.T.);
#1171=EDGE_CURVE('',#930,#932,#458,.T.);
#1172=EDGE_CURVE('',#933,#934,#459,.T.);
#1173=EDGE_CURVE('',#934,#935,#60,.T.);
#1174=EDGE_CURVE('',#936,#935,#460,.T.);
#1175=EDGE_CURVE('',#936,#937,#461,.T.);
#1176=EDGE_CURVE('',#937,#933,#61,.T.);
#1177=EDGE_CURVE('',#938,#936,#462,.T.);
#1178=EDGE_CURVE('',#939,#938,#463,.T.);
#1179=EDGE_CURVE('',#937,#939,#464,.T.);
#1180=EDGE_CURVE('',#940,#939,#62,.T.);
#1181=EDGE_CURVE('',#941,#938,#465,.T.);
#1182=EDGE_CURVE('',#941,#940,#466,.T.);
#1183=EDGE_CURVE('',#935,#942,#467,.T.);
#1184=EDGE_CURVE('',#942,#943,#468,.T.);
#1185=EDGE_CURVE('',#936,#943,#469,.T.);
#1186=EDGE_CURVE('',#944,#938,#470,.T.);
#1187=EDGE_CURVE('',#945,#944,#471,.T.);
#1188=EDGE_CURVE('',#945,#941,#472,.T.);
#1189=EDGE_CURVE('',#946,#947,#473,.T.);
#1190=EDGE_CURVE('',#946,#929,#474,.T.);
#1191=EDGE_CURVE('',#947,#928,#475,.T.);
#1192=EDGE_CURVE('',#947,#932,#63,.T.);
#1193=EDGE_CURVE('',#942,#948,#64,.T.);
#1194=EDGE_CURVE('',#948,#934,#476,.T.);
#1195=EDGE_CURVE('',#948,#949,#477,.T.);
#1196=EDGE_CURVE('',#949,#933,#478,.T.);
#1197=EDGE_CURVE('',#949,#950,#65,.T.);
#1198=EDGE_CURVE('',#950,#943,#479,.T.);
#1199=EDGE_CURVE('',#931,#951,#480,.T.);
#1200=EDGE_CURVE('',#951,#946,#66,.T.);
#1201=EDGE_CURVE('',#952,#953,#481,.T.);
#1202=EDGE_CURVE('',#952,#923,#482,.T.);
#1203=EDGE_CURVE('',#953,#925,#483,.T.);
#1204=EDGE_CURVE('',#953,#954,#67,.T.);
#1205=EDGE_CURVE('',#954,#951,#484,.T.);
#1206=EDGE_CURVE('',#955,#954,#485,.T.);
#1207=EDGE_CURVE('',#955,#931,#486,.T.);
#1208=EDGE_CURVE('',#956,#957,#487,.T.);
#1209=EDGE_CURVE('',#956,#958,#488,.F.);
#1210=EDGE_CURVE('',#959,#958,#489,.F.);
#1211=EDGE_CURVE('',#957,#959,#490,.T.);
#1212=EDGE_CURVE('',#960,#961,#68,.T.);
#1213=EDGE_CURVE('',#960,#950,#491,.T.);
#1214=EDGE_CURVE('',#961,#940,#492,.T.);
#1215=EDGE_CURVE('',#962,#961,#493,.T.);
#1216=EDGE_CURVE('',#941,#962,#494,.T.);
#1217=EDGE_CURVE('',#963,#960,#495,.T.);
#1218=EDGE_CURVE('',#943,#963,#496,.T.);
#1219=EDGE_CURVE('',#964,#965,#69,.T.);
#1220=EDGE_CURVE('',#965,#966,#497,.T.);
#1221=EDGE_CURVE('',#966,#967,#70,.T.);
#1222=EDGE_CURVE('',#967,#964,#498,.T.);
#1223=EDGE_CURVE('',#968,#965,#499,.T.);
#1224=EDGE_CURVE('',#969,#968,#500,.T.);
#1225=EDGE_CURVE('',#969,#966,#501,.T.);
#1226=EDGE_CURVE('',#970,#969,#71,.T.);
#1227=EDGE_CURVE('',#968,#971,#72,.T.);
#1228=EDGE_CURVE('',#971,#970,#502,.T.);
#1229=EDGE_CURVE('',#972,#971,#503,.T.);
#1230=EDGE_CURVE('',#973,#972,#504,.T.);
#1231=EDGE_CURVE('',#973,#970,#505,.T.);
#1232=EDGE_CURVE('',#964,#974,#506,.T.);
#1233=EDGE_CURVE('',#975,#974,#507,.T.);
#1234=EDGE_CURVE('',#923,#975,#508,.T.);
#1235=EDGE_CURVE('',#957,#952,#509,.T.);
#1236=EDGE_CURVE('',#959,#976,#510,.T.);
#1237=EDGE_CURVE('',#976,#977,#511,.T.);
#1238=EDGE_CURVE('',#977,#978,#512,.T.);
#1239=EDGE_CURVE('',#978,#979,#513,.T.);
#1240=EDGE_CURVE('',#979,#980,#514,.T.);
#1241=EDGE_CURVE('',#980,#981,#515,.T.);
#1242=EDGE_CURVE('',#962,#981,#516,.T.);
#1243=EDGE_CURVE('',#982,#945,#517,.T.);
#1244=EDGE_CURVE('',#982,#983,#518,.T.);
#1245=EDGE_CURVE('',#984,#983,#73,.T.);
#1246=EDGE_CURVE('',#985,#984,#519,.T.);
#1247=EDGE_CURVE('',#986,#985,#74,.T.);
#1248=EDGE_CURVE('',#987,#986,#520,.T.);
#1249=EDGE_CURVE('',#988,#987,#75,.T.);
#1250=EDGE_CURVE('',#989,#988,#521,.T.);
#1251=EDGE_CURVE('',#990,#989,#76,.T.);
#1252=EDGE_CURVE('',#990,#991,#522,.T.);
#1253=EDGE_CURVE('',#992,#991,#77,.T.);
#1254=EDGE_CURVE('',#993,#992,#523,.T.);
#1255=EDGE_CURVE('',#994,#993,#78,.T.);
#1256=EDGE_CURVE('',#995,#994,#524,.T.);
#1257=EDGE_CURVE('',#996,#995,#79,.T.);
#1258=EDGE_CURVE('',#997,#996,#525,.T.);
#1259=EDGE_CURVE('',#998,#997,#80,.T.);
#1260=EDGE_CURVE('',#998,#999,#526,.T.);
#1261=EDGE_CURVE('',#999,#1000,#527,.T.);
#1262=EDGE_CURVE('',#1000,#1001,#528,.T.);
#1263=EDGE_CURVE('',#1002,#1001,#81,.T.);
#1264=EDGE_CURVE('',#1002,#1003,#529,.T.);
#1265=EDGE_CURVE('',#1004,#1003,#82,.T.);
#1266=EDGE_CURVE('',#1004,#1005,#530,.T.);
#1267=EDGE_CURVE('',#1006,#1005,#83,.T.);
#1268=EDGE_CURVE('',#1006,#1007,#531,.T.);
#1269=EDGE_CURVE('',#1008,#1007,#84,.T.);
#1270=EDGE_CURVE('',#1008,#1009,#532,.T.);
#1271=EDGE_CURVE('',#1010,#1009,#85,.T.);
#1272=EDGE_CURVE('',#1010,#1011,#533,.T.);
#1273=EDGE_CURVE('',#972,#1011,#86,.T.);
#1274=EDGE_CURVE('',#1012,#1013,#534,.T.);
#1275=EDGE_CURVE('',#1013,#1012,#87,.T.);
#1276=EDGE_CURVE('',#1014,#1015,#88,.T.);
#1277=EDGE_CURVE('',#1015,#1014,#535,.T.);
#1278=EDGE_CURVE('',#1016,#1017,#89,.T.);
#1279=EDGE_CURVE('',#1017,#1016,#536,.T.);
#1280=EDGE_CURVE('',#1018,#1019,#90,.T.);
#1281=EDGE_CURVE('',#1019,#1018,#537,.T.);
#1282=EDGE_CURVE('',#1020,#973,#91,.T.);
#1283=EDGE_CURVE('',#1011,#1020,#538,.T.);
#1284=EDGE_CURVE('',#1021,#1020,#539,.T.);
#1285=EDGE_CURVE('',#1022,#1021,#92,.T.);
#1286=EDGE_CURVE('',#1022,#1023,#540,.T.);
#1287=EDGE_CURVE('',#1024,#1023,#93,.T.);
#1288=EDGE_CURVE('',#1025,#1024,#541,.T.);
#1289=EDGE_CURVE('',#1026,#1025,#94,.T.);
#1290=EDGE_CURVE('',#1027,#1026,#542,.T.);
#1291=EDGE_CURVE('',#1028,#1027,#95,.T.);
#1292=EDGE_CURVE('',#1029,#1028,#543,.T.);
#1293=EDGE_CURVE('',#1030,#1029,#96,.T.);
#1294=EDGE_CURVE('',#1030,#1031,#544,.T.);
#1295=EDGE_CURVE('',#1031,#1032,#545,.T.);
#1296=EDGE_CURVE('',#1032,#1033,#546,.T.);
#1297=EDGE_CURVE('',#1034,#1033,#97,.T.);
#1298=EDGE_CURVE('',#1035,#1034,#547,.T.);
#1299=EDGE_CURVE('',#1036,#1035,#98,.T.);
#1300=EDGE_CURVE('',#1037,#1036,#548,.T.);
#1301=EDGE_CURVE('',#1038,#1037,#99,.T.);
#1302=EDGE_CURVE('',#1039,#1038,#549,.T.);
#1303=EDGE_CURVE('',#1040,#1039,#100,.T.);
#1304=EDGE_CURVE('',#1040,#1041,#550,.T.);
#1305=EDGE_CURVE('',#1042,#1041,#101,.T.);
#1306=EDGE_CURVE('',#1043,#1042,#551,.T.);
#1307=EDGE_CURVE('',#1044,#1043,#102,.T.);
#1308=EDGE_CURVE('',#1045,#1044,#552,.T.);
#1309=EDGE_CURVE('',#1046,#1045,#103,.T.);
#1310=EDGE_CURVE('',#1047,#1046,#553,.T.);
#1311=EDGE_CURVE('',#1048,#1047,#104,.T.);
#1312=EDGE_CURVE('',#1048,#1049,#554,.T.);
#1313=EDGE_CURVE('',#1049,#944,#555,.T.);
#1314=EDGE_CURVE('',#963,#955,#556,.T.);
#1315=EDGE_CURVE('',#922,#1050,#557,.T.);
#1316=EDGE_CURVE('',#1050,#1051,#558,.T.);
#1317=EDGE_CURVE('',#1051,#967,#559,.T.);
#1318=EDGE_CURVE('',#1052,#1053,#560,.T.);
#1319=EDGE_CURVE('',#1052,#1053,#105,.T.);
#1320=EDGE_CURVE('',#1054,#1055,#561,.T.);
#1321=EDGE_CURVE('',#1054,#1055,#106,.T.);
#1322=EDGE_CURVE('',#1056,#1057,#562,.T.);
#1323=EDGE_CURVE('',#1056,#1057,#107,.T.);
#1324=EDGE_CURVE('',#1058,#1059,#108,.T.);
#1325=EDGE_CURVE('',#1058,#1059,#563,.T.);
#1326=EDGE_CURVE('',#1021,#1010,#564,.T.);
#1327=EDGE_CURVE('',#1009,#1022,#565,.T.);
#1328=EDGE_CURVE('',#1007,#1024,#566,.T.);
#1329=EDGE_CURVE('',#1023,#1008,#567,.T.);
#1330=EDGE_CURVE('',#1025,#1006,#568,.T.);
#1331=EDGE_CURVE('',#1005,#1026,#569,.T.);
#1332=EDGE_CURVE('',#1027,#1004,#570,.T.);
#1333=EDGE_CURVE('',#1003,#1028,#571,.T.);
#1334=EDGE_CURVE('',#1029,#1002,#572,.T.);
#1335=EDGE_CURVE('',#1001,#1030,#573,.T.);
#1336=EDGE_CURVE('',#1047,#984,#574,.T.);
#1337=EDGE_CURVE('',#983,#1048,#575,.T.);
#1338=EDGE_CURVE('',#985,#1046,#576,.T.);
#1339=EDGE_CURVE('',#1039,#992,#577,.T.);
#1340=EDGE_CURVE('',#991,#1040,#578,.T.);
#1341=EDGE_CURVE('',#993,#1038,#579,.T.);
#1342=EDGE_CURVE('',#989,#1042,#580,.T.);
#1343=EDGE_CURVE('',#1041,#990,#581,.T.);
#1344=EDGE_CURVE('',#1043,#988,#582,.T.);
#1345=EDGE_CURVE('',#997,#1034,#583,.T.);
#1346=EDGE_CURVE('',#1033,#998,#584,.T.);
#1347=EDGE_CURVE('',#1035,#996,#585,.T.);
#1348=EDGE_CURVE('',#1045,#986,#586,.T.);
#1349=EDGE_CURVE('',#987,#1044,#587,.T.);
#1350=EDGE_CURVE('',#1037,#994,#588,.T.);
#1351=EDGE_CURVE('',#995,#1036,#589,.T.);
#1352=EDGE_CURVE('',#1012,#1059,#590,.T.);
#1353=EDGE_CURVE('',#1058,#1013,#591,.T.);
#1354=EDGE_CURVE('',#1000,#1031,#592,.T.);
#1355=EDGE_CURVE('',#1015,#1053,#593,.T.);
#1356=EDGE_CURVE('',#1052,#1014,#594,.T.);
#1357=EDGE_CURVE('',#982,#1049,#595,.T.);
#1358=EDGE_CURVE('',#1017,#1055,#596,.T.);
#1359=EDGE_CURVE('',#1054,#1016,#597,.T.);
#1360=EDGE_CURVE('',#974,#1051,#598,.T.);
#1361=EDGE_CURVE('',#1019,#1057,#599,.T.);
#1362=EDGE_CURVE('',#1056,#1018,#600,.T.);
#1363=EDGE_CURVE('',#999,#1032,#601,.T.);
#1364=EDGE_CURVE('',#980,#1060,#602,.F.);
#1365=EDGE_CURVE('',#1060,#1061,#603,.F.);
#1366=EDGE_CURVE('',#981,#1061,#604,.T.);
#1367=EDGE_CURVE('',#979,#1062,#605,.T.);
#1368=EDGE_CURVE('',#1062,#1060,#606,.F.);
#1369=EDGE_CURVE('',#978,#1063,#607,.F.);
#1370=EDGE_CURVE('',#1063,#1062,#608,.F.);
#1371=EDGE_CURVE('',#977,#1064,#609,.F.);
#1372=EDGE_CURVE('',#1064,#1063,#610,.F.);
#1373=EDGE_CURVE('',#976,#1065,#611,.T.);
#1374=EDGE_CURVE('',#1065,#1064,#612,.F.);
#1375=EDGE_CURVE('',#958,#1065,#613,.F.);
#1376=EDGE_CURVE('',#1061,#956,#614,.T.);
#1377=EDGE_CURVE('',#975,#1050,#615,.T.);
#1378=ORIENTED_EDGE('',*,*,#1066,.T.);
#1379=ORIENTED_EDGE('',*,*,#1067,.F.);
#1380=ORIENTED_EDGE('',*,*,#1068,.T.);
#1381=ORIENTED_EDGE('',*,*,#1069,.T.);
#1382=ORIENTED_EDGE('',*,*,#1070,.T.);
#1383=ORIENTED_EDGE('',*,*,#1071,.T.);
#1384=ORIENTED_EDGE('',*,*,#1072,.T.);
#1385=ORIENTED_EDGE('',*,*,#1067,.T.);
#1386=ORIENTED_EDGE('',*,*,#1071,.F.);
#1387=ORIENTED_EDGE('',*,*,#1073,.F.);
#1388=ORIENTED_EDGE('',*,*,#1074,.F.);
#1389=ORIENTED_EDGE('',*,*,#1075,.F.);
#1390=ORIENTED_EDGE('',*,*,#1076,.T.);
#1391=ORIENTED_EDGE('',*,*,#1077,.F.);
#1392=ORIENTED_EDGE('',*,*,#1078,.T.);
#1393=ORIENTED_EDGE('',*,*,#1079,.T.);
#1394=ORIENTED_EDGE('',*,*,#1080,.T.);
#1395=ORIENTED_EDGE('',*,*,#1081,.T.);
#1396=ORIENTED_EDGE('',*,*,#1082,.T.);
#1397=ORIENTED_EDGE('',*,*,#1077,.T.);
#1398=ORIENTED_EDGE('',*,*,#1081,.F.);
#1399=ORIENTED_EDGE('',*,*,#1083,.F.);
#1400=ORIENTED_EDGE('',*,*,#1084,.F.);
#1401=ORIENTED_EDGE('',*,*,#1085,.F.);
#1402=ORIENTED_EDGE('',*,*,#1086,.T.);
#1403=ORIENTED_EDGE('',*,*,#1087,.F.);
#1404=ORIENTED_EDGE('',*,*,#1088,.F.);
#1405=ORIENTED_EDGE('',*,*,#1089,.T.);
#1406=ORIENTED_EDGE('',*,*,#1090,.T.);
#1407=ORIENTED_EDGE('',*,*,#1091,.T.);
#1408=ORIENTED_EDGE('',*,*,#1092,.T.);
#1409=ORIENTED_EDGE('',*,*,#1093,.T.);
#1410=ORIENTED_EDGE('',*,*,#1094,.F.);
#1411=ORIENTED_EDGE('',*,*,#1087,.T.);
#1412=ORIENTED_EDGE('',*,*,#1095,.T.);
#1413=ORIENTED_EDGE('',*,*,#1089,.F.);
#1414=ORIENTED_EDGE('',*,*,#1096,.T.);
#1415=ORIENTED_EDGE('',*,*,#1097,.F.);
#1416=ORIENTED_EDGE('',*,*,#1098,.F.);
#1417=ORIENTED_EDGE('',*,*,#1099,.F.);
#1418=ORIENTED_EDGE('',*,*,#1069,.F.);
#1419=ORIENTED_EDGE('',*,*,#1100,.F.);
#1420=ORIENTED_EDGE('',*,*,#1101,.F.);
#1421=ORIENTED_EDGE('',*,*,#1102,.F.);
#1422=ORIENTED_EDGE('',*,*,#1079,.F.);
#1423=ORIENTED_EDGE('',*,*,#1103,.F.);
#1424=ORIENTED_EDGE('',*,*,#1104,.F.);
#1425=ORIENTED_EDGE('',*,*,#1105,.F.);
#1426=ORIENTED_EDGE('',*,*,#1073,.T.);
#1427=ORIENTED_EDGE('',*,*,#1070,.F.);
#1428=ORIENTED_EDGE('',*,*,#1066,.F.);
#1429=ORIENTED_EDGE('',*,*,#1102,.T.);
#1430=ORIENTED_EDGE('',*,*,#1106,.T.);
#1431=ORIENTED_EDGE('',*,*,#1107,.T.);
#1432=ORIENTED_EDGE('',*,*,#1108,.T.);
#1433=ORIENTED_EDGE('',*,*,#1109,.T.);
#1434=ORIENTED_EDGE('',*,*,#1096,.F.);
#1435=ORIENTED_EDGE('',*,*,#1088,.T.);
#1436=ORIENTED_EDGE('',*,*,#1094,.T.);
#1437=ORIENTED_EDGE('',*,*,#1110,.T.);
#1438=ORIENTED_EDGE('',*,*,#1111,.T.);
#1439=ORIENTED_EDGE('',*,*,#1112,.T.);
#1440=ORIENTED_EDGE('',*,*,#1113,.T.);
#1441=ORIENTED_EDGE('',*,*,#1083,.T.);
#1442=ORIENTED_EDGE('',*,*,#1080,.F.);
#1443=ORIENTED_EDGE('',*,*,#1076,.F.);
#1444=ORIENTED_EDGE('',*,*,#1105,.T.);
#1445=ORIENTED_EDGE('',*,*,#1114,.T.);
#1446=ORIENTED_EDGE('',*,*,#1084,.T.);
#1447=ORIENTED_EDGE('',*,*,#1113,.F.);
#1448=ORIENTED_EDGE('',*,*,#1115,.F.);
#1449=ORIENTED_EDGE('',*,*,#1116,.T.);
#1450=ORIENTED_EDGE('',*,*,#1101,.T.);
#1451=ORIENTED_EDGE('',*,*,#1117,.T.);
#1452=ORIENTED_EDGE('',*,*,#1118,.T.);
#1453=ORIENTED_EDGE('',*,*,#1106,.F.);
#1454=ORIENTED_EDGE('',*,*,#1119,.T.);
#1455=ORIENTED_EDGE('',*,*,#1120,.T.);
#1456=ORIENTED_EDGE('',*,*,#1121,.T.);
#1457=ORIENTED_EDGE('',*,*,#1122,.T.);
#1458=ORIENTED_EDGE('',*,*,#1123,.T.);
#1459=ORIENTED_EDGE('',*,*,#1124,.F.);
#1460=ORIENTED_EDGE('',*,*,#1125,.T.);
#1461=ORIENTED_EDGE('',*,*,#1110,.F.);
#1462=ORIENTED_EDGE('',*,*,#1093,.F.);
#1463=ORIENTED_EDGE('',*,*,#1120,.F.);
#1464=ORIENTED_EDGE('',*,*,#1097,.T.);
#1465=ORIENTED_EDGE('',*,*,#1109,.F.);
#1466=ORIENTED_EDGE('',*,*,#1126,.F.);
#1467=ORIENTED_EDGE('',*,*,#1127,.T.);
#1468=ORIENTED_EDGE('',*,*,#1128,.T.);
#1469=ORIENTED_EDGE('',*,*,#1124,.T.);
#1470=ORIENTED_EDGE('',*,*,#1129,.T.);
#1471=ORIENTED_EDGE('',*,*,#1130,.T.);
#1472=ORIENTED_EDGE('',*,*,#1131,.F.);
#1473=ORIENTED_EDGE('',*,*,#1132,.T.);
#1474=ORIENTED_EDGE('',*,*,#1127,.F.);
#1475=ORIENTED_EDGE('',*,*,#1133,.F.);
#1476=ORIENTED_EDGE('',*,*,#1134,.F.);
#1477=ORIENTED_EDGE('',*,*,#1133,.T.);
#1478=ORIENTED_EDGE('',*,*,#1130,.F.);
#1479=ORIENTED_EDGE('',*,*,#1135,.F.);
#1480=ORIENTED_EDGE('',*,*,#1136,.F.);
#1481=ORIENTED_EDGE('',*,*,#1135,.T.);
#1482=ORIENTED_EDGE('',*,*,#1129,.F.);
#1483=ORIENTED_EDGE('',*,*,#1092,.F.);
#1484=ORIENTED_EDGE('',*,*,#1137,.F.);
#1485=ORIENTED_EDGE('',*,*,#1098,.T.);
#1486=ORIENTED_EDGE('',*,*,#1119,.F.);
#1487=ORIENTED_EDGE('',*,*,#1138,.F.);
#1488=ORIENTED_EDGE('',*,*,#1139,.F.);
#1489=ORIENTED_EDGE('',*,*,#1138,.T.);
#1490=ORIENTED_EDGE('',*,*,#1123,.F.);
#1491=ORIENTED_EDGE('',*,*,#1140,.F.);
#1492=ORIENTED_EDGE('',*,*,#1141,.F.);
#1493=ORIENTED_EDGE('',*,*,#1140,.T.);
#1494=ORIENTED_EDGE('',*,*,#1122,.F.);
#1495=ORIENTED_EDGE('',*,*,#1142,.F.);
#1496=ORIENTED_EDGE('',*,*,#1136,.T.);
#1497=ORIENTED_EDGE('',*,*,#1143,.T.);
#1498=ORIENTED_EDGE('',*,*,#1144,.T.);
#1499=ORIENTED_EDGE('',*,*,#1131,.T.);
#1500=ORIENTED_EDGE('',*,*,#1134,.T.);
#1501=ORIENTED_EDGE('',*,*,#1137,.T.);
#1502=ORIENTED_EDGE('',*,*,#1139,.T.);
#1503=ORIENTED_EDGE('',*,*,#1141,.T.);
#1504=ORIENTED_EDGE('',*,*,#1145,.T.);
#1505=ORIENTED_EDGE('',*,*,#1146,.T.);
#1506=ORIENTED_EDGE('',*,*,#1147,.F.);
#1507=ORIENTED_EDGE('',*,*,#1115,.T.);
#1508=ORIENTED_EDGE('',*,*,#1112,.F.);
#1509=ORIENTED_EDGE('',*,*,#1148,.F.);
#1510=ORIENTED_EDGE('',*,*,#1149,.T.);
#1511=ORIENTED_EDGE('',*,*,#1148,.T.);
#1512=ORIENTED_EDGE('',*,*,#1111,.F.);
#1513=ORIENTED_EDGE('',*,*,#1125,.F.);
#1514=ORIENTED_EDGE('',*,*,#1128,.F.);
#1515=ORIENTED_EDGE('',*,*,#1132,.F.);
#1516=ORIENTED_EDGE('',*,*,#1144,.F.);
#1517=ORIENTED_EDGE('',*,*,#1150,.F.);
#1518=ORIENTED_EDGE('',*,*,#1151,.T.);
#1519=ORIENTED_EDGE('',*,*,#1150,.T.);
#1520=ORIENTED_EDGE('',*,*,#1143,.F.);
#1521=ORIENTED_EDGE('',*,*,#1091,.F.);
#1522=ORIENTED_EDGE('',*,*,#1152,.F.);
#1523=ORIENTED_EDGE('',*,*,#1099,.T.);
#1524=ORIENTED_EDGE('',*,*,#1146,.F.);
#1525=ORIENTED_EDGE('',*,*,#1153,.F.);
#1526=ORIENTED_EDGE('',*,*,#1154,.T.);
#1527=ORIENTED_EDGE('',*,*,#1153,.T.);
#1528=ORIENTED_EDGE('',*,*,#1145,.F.);
#1529=ORIENTED_EDGE('',*,*,#1142,.T.);
#1530=ORIENTED_EDGE('',*,*,#1121,.F.);
#1531=ORIENTED_EDGE('',*,*,#1126,.T.);
#1532=ORIENTED_EDGE('',*,*,#1108,.F.);
#1533=ORIENTED_EDGE('',*,*,#1155,.F.);
#1534=ORIENTED_EDGE('',*,*,#1156,.T.);
#1535=ORIENTED_EDGE('',*,*,#1155,.T.);
#1536=ORIENTED_EDGE('',*,*,#1107,.F.);
#1537=ORIENTED_EDGE('',*,*,#1118,.F.);
#1538=ORIENTED_EDGE('',*,*,#1074,.T.);
#1539=ORIENTED_EDGE('',*,*,#1114,.F.);
#1540=ORIENTED_EDGE('',*,*,#1104,.T.);
#1541=ORIENTED_EDGE('',*,*,#1157,.T.);
#1542=ORIENTED_EDGE('',*,*,#1075,.T.);
#1543=ORIENTED_EDGE('',*,*,#1157,.F.);
#1544=ORIENTED_EDGE('',*,*,#1103,.T.);
#1545=ORIENTED_EDGE('',*,*,#1078,.F.);
#1546=ORIENTED_EDGE('',*,*,#1082,.F.);
#1547=ORIENTED_EDGE('',*,*,#1085,.T.);
#1548=ORIENTED_EDGE('',*,*,#1116,.F.);
#1549=ORIENTED_EDGE('',*,*,#1147,.T.);
#1550=ORIENTED_EDGE('',*,*,#1149,.F.);
#1551=ORIENTED_EDGE('',*,*,#1151,.F.);
#1552=ORIENTED_EDGE('',*,*,#1090,.F.);
#1553=ORIENTED_EDGE('',*,*,#1086,.F.);
#1554=ORIENTED_EDGE('',*,*,#1095,.F.);
#1555=ORIENTED_EDGE('',*,*,#1152,.T.);
#1556=ORIENTED_EDGE('',*,*,#1154,.F.);
#1557=ORIENTED_EDGE('',*,*,#1156,.F.);
#1558=ORIENTED_EDGE('',*,*,#1117,.F.);
#1559=ORIENTED_EDGE('',*,*,#1100,.T.);
#1560=ORIENTED_EDGE('',*,*,#1068,.F.);
#1561=ORIENTED_EDGE('',*,*,#1072,.F.);
#1562=ORIENTED_EDGE('',*,*,#1158,.F.);
#1563=ORIENTED_EDGE('',*,*,#1159,.T.);
#1564=ORIENTED_EDGE('',*,*,#1160,.T.);
#1565=ORIENTED_EDGE('',*,*,#1161,.T.);
#1566=ORIENTED_EDGE('',*,*,#1162,.F.);
#1567=ORIENTED_EDGE('',*,*,#1163,.T.);
#1568=ORIENTED_EDGE('',*,*,#1159,.F.);
#1569=ORIENTED_EDGE('',*,*,#1164,.F.);
#1570=ORIENTED_EDGE('',*,*,#1165,.T.);
#1571=ORIENTED_EDGE('',*,*,#1166,.T.);
#1572=ORIENTED_EDGE('',*,*,#1162,.T.);
#1573=ORIENTED_EDGE('',*,*,#1167,.F.);
#1574=ORIENTED_EDGE('',*,*,#1168,.T.);
#1575=ORIENTED_EDGE('',*,*,#1167,.T.);
#1576=ORIENTED_EDGE('',*,*,#1169,.F.);
#1577=ORIENTED_EDGE('',*,*,#1170,.T.);
#1578=ORIENTED_EDGE('',*,*,#1171,.F.);
#1579=ORIENTED_EDGE('',*,*,#1172,.T.);
#1580=ORIENTED_EDGE('',*,*,#1173,.T.);
#1581=ORIENTED_EDGE('',*,*,#1174,.F.);
#1582=ORIENTED_EDGE('',*,*,#1175,.T.);
#1583=ORIENTED_EDGE('',*,*,#1176,.T.);
#1584=ORIENTED_EDGE('',*,*,#1175,.F.);
#1585=ORIENTED_EDGE('',*,*,#1177,.F.);
#1586=ORIENTED_EDGE('',*,*,#1178,.F.);
#1587=ORIENTED_EDGE('',*,*,#1179,.F.);
#1588=ORIENTED_EDGE('',*,*,#1180,.T.);
#1589=ORIENTED_EDGE('',*,*,#1178,.T.);
#1590=ORIENTED_EDGE('',*,*,#1181,.F.);
#1591=ORIENTED_EDGE('',*,*,#1182,.T.);
#1592=ORIENTED_EDGE('',*,*,#1174,.T.);
#1593=ORIENTED_EDGE('',*,*,#1183,.T.);
#1594=ORIENTED_EDGE('',*,*,#1184,.T.);
#1595=ORIENTED_EDGE('',*,*,#1185,.F.);
#1596=ORIENTED_EDGE('',*,*,#1181,.T.);
#1597=ORIENTED_EDGE('',*,*,#1186,.F.);
#1598=ORIENTED_EDGE('',*,*,#1187,.F.);
#1599=ORIENTED_EDGE('',*,*,#1188,.T.);
#1600=ORIENTED_EDGE('',*,*,#1189,.F.);
#1601=ORIENTED_EDGE('',*,*,#1190,.T.);
#1602=ORIENTED_EDGE('',*,*,#1165,.F.);
#1603=ORIENTED_EDGE('',*,*,#1191,.F.);
#1604=ORIENTED_EDGE('',*,*,#1192,.F.);
#1605=ORIENTED_EDGE('',*,*,#1191,.T.);
#1606=ORIENTED_EDGE('',*,*,#1168,.F.);
#1607=ORIENTED_EDGE('',*,*,#1171,.T.);
#1608=ORIENTED_EDGE('',*,*,#1193,.F.);
#1609=ORIENTED_EDGE('',*,*,#1183,.F.);
#1610=ORIENTED_EDGE('',*,*,#1173,.F.);
#1611=ORIENTED_EDGE('',*,*,#1194,.F.);
#1612=ORIENTED_EDGE('',*,*,#1195,.F.);
#1613=ORIENTED_EDGE('',*,*,#1194,.T.);
#1614=ORIENTED_EDGE('',*,*,#1172,.F.);
#1615=ORIENTED_EDGE('',*,*,#1196,.F.);
#1616=ORIENTED_EDGE('',*,*,#1193,.T.);
#1617=ORIENTED_EDGE('',*,*,#1195,.T.);
#1618=ORIENTED_EDGE('',*,*,#1197,.T.);
#1619=ORIENTED_EDGE('',*,*,#1198,.T.);
#1620=ORIENTED_EDGE('',*,*,#1184,.F.);
#1621=ORIENTED_EDGE('',*,*,#1192,.T.);
#1622=ORIENTED_EDGE('',*,*,#1170,.F.);
#1623=ORIENTED_EDGE('',*,*,#1199,.T.);
#1624=ORIENTED_EDGE('',*,*,#1200,.T.);
#1625=ORIENTED_EDGE('',*,*,#1189,.T.);
#1626=ORIENTED_EDGE('',*,*,#1201,.F.);
#1627=ORIENTED_EDGE('',*,*,#1202,.T.);
#1628=ORIENTED_EDGE('',*,*,#1161,.F.);
#1629=ORIENTED_EDGE('',*,*,#1203,.F.);
#1630=ORIENTED_EDGE('',*,*,#1204,.F.);
#1631=ORIENTED_EDGE('',*,*,#1203,.T.);
#1632=ORIENTED_EDGE('',*,*,#1160,.F.);
#1633=ORIENTED_EDGE('',*,*,#1163,.F.);
#1634=ORIENTED_EDGE('',*,*,#1166,.F.);
#1635=ORIENTED_EDGE('',*,*,#1190,.F.);
#1636=ORIENTED_EDGE('',*,*,#1200,.F.);
#1637=ORIENTED_EDGE('',*,*,#1205,.F.);
#1638=ORIENTED_EDGE('',*,*,#1206,.T.);
#1639=ORIENTED_EDGE('',*,*,#1205,.T.);
#1640=ORIENTED_EDGE('',*,*,#1199,.F.);
#1641=ORIENTED_EDGE('',*,*,#1207,.F.);
#1642=ORIENTED_EDGE('',*,*,#1208,.F.);
#1643=ORIENTED_EDGE('',*,*,#1209,.T.);
#1644=ORIENTED_EDGE('',*,*,#1210,.F.);
#1645=ORIENTED_EDGE('',*,*,#1211,.F.);
#1646=ORIENTED_EDGE('',*,*,#1212,.F.);
#1647=ORIENTED_EDGE('',*,*,#1213,.T.);
#1648=ORIENTED_EDGE('',*,*,#1197,.F.);
#1649=ORIENTED_EDGE('',*,*,#1196,.T.);
#1650=ORIENTED_EDGE('',*,*,#1176,.F.);
#1651=ORIENTED_EDGE('',*,*,#1179,.T.);
#1652=ORIENTED_EDGE('',*,*,#1180,.F.);
#1653=ORIENTED_EDGE('',*,*,#1214,.F.);
#1654=ORIENTED_EDGE('',*,*,#1215,.T.);
#1655=ORIENTED_EDGE('',*,*,#1214,.T.);
#1656=ORIENTED_EDGE('',*,*,#1182,.F.);
#1657=ORIENTED_EDGE('',*,*,#1216,.T.);
#1658=ORIENTED_EDGE('',*,*,#1217,.F.);
#1659=ORIENTED_EDGE('',*,*,#1218,.F.);
#1660=ORIENTED_EDGE('',*,*,#1198,.F.);
#1661=ORIENTED_EDGE('',*,*,#1213,.F.);
#1662=ORIENTED_EDGE('',*,*,#1219,.T.);
#1663=ORIENTED_EDGE('',*,*,#1220,.T.);
#1664=ORIENTED_EDGE('',*,*,#1221,.T.);
#1665=ORIENTED_EDGE('',*,*,#1222,.T.);
#1666=ORIENTED_EDGE('',*,*,#1220,.F.);
#1667=ORIENTED_EDGE('',*,*,#1223,.F.);
#1668=ORIENTED_EDGE('',*,*,#1224,.F.);
#1669=ORIENTED_EDGE('',*,*,#1225,.T.);
#1670=ORIENTED_EDGE('',*,*,#1226,.T.);
#1671=ORIENTED_EDGE('',*,*,#1224,.T.);
#1672=ORIENTED_EDGE('',*,*,#1227,.T.);
#1673=ORIENTED_EDGE('',*,*,#1228,.T.);
#1674=ORIENTED_EDGE('',*,*,#1228,.F.);
#1675=ORIENTED_EDGE('',*,*,#1229,.F.);
#1676=ORIENTED_EDGE('',*,*,#1230,.F.);
#1677=ORIENTED_EDGE('',*,*,#1231,.T.);
#1678=ORIENTED_EDGE('',*,*,#1227,.F.);
#1679=ORIENTED_EDGE('',*,*,#1223,.T.);
#1680=ORIENTED_EDGE('',*,*,#1219,.F.);
#1681=ORIENTED_EDGE('',*,*,#1232,.T.);
#1682=ORIENTED_EDGE('',*,*,#1233,.F.);
#1683=ORIENTED_EDGE('',*,*,#1234,.F.);
#1684=ORIENTED_EDGE('',*,*,#1202,.F.);
#1685=ORIENTED_EDGE('',*,*,#1235,.F.);
#1686=ORIENTED_EDGE('',*,*,#1211,.T.);
#1687=ORIENTED_EDGE('',*,*,#1236,.T.);
#1688=ORIENTED_EDGE('',*,*,#1237,.T.);
#1689=ORIENTED_EDGE('',*,*,#1238,.T.);
#1690=ORIENTED_EDGE('',*,*,#1239,.T.);
#1691=ORIENTED_EDGE('',*,*,#1240,.T.);
#1692=ORIENTED_EDGE('',*,*,#1241,.T.);
#1693=ORIENTED_EDGE('',*,*,#1242,.F.);
#1694=ORIENTED_EDGE('',*,*,#1216,.F.);
#1695=ORIENTED_EDGE('',*,*,#1188,.F.);
#1696=ORIENTED_EDGE('',*,*,#1243,.F.);
#1697=ORIENTED_EDGE('',*,*,#1244,.T.);
#1698=ORIENTED_EDGE('',*,*,#1245,.F.);
#1699=ORIENTED_EDGE('',*,*,#1246,.F.);
#1700=ORIENTED_EDGE('',*,*,#1247,.F.);
#1701=ORIENTED_EDGE('',*,*,#1248,.F.);
#1702=ORIENTED_EDGE('',*,*,#1249,.F.);
#1703=ORIENTED_EDGE('',*,*,#1250,.F.);
#1704=ORIENTED_EDGE('',*,*,#1251,.F.);
#1705=ORIENTED_EDGE('',*,*,#1252,.T.);
#1706=ORIENTED_EDGE('',*,*,#1253,.F.);
#1707=ORIENTED_EDGE('',*,*,#1254,.F.);
#1708=ORIENTED_EDGE('',*,*,#1255,.F.);
#1709=ORIENTED_EDGE('',*,*,#1256,.F.);
#1710=ORIENTED_EDGE('',*,*,#1257,.F.);
#1711=ORIENTED_EDGE('',*,*,#1258,.F.);
#1712=ORIENTED_EDGE('',*,*,#1259,.F.);
#1713=ORIENTED_EDGE('',*,*,#1260,.T.);
#1714=ORIENTED_EDGE('',*,*,#1261,.T.);
#1715=ORIENTED_EDGE('',*,*,#1262,.T.);
#1716=ORIENTED_EDGE('',*,*,#1263,.F.);
#1717=ORIENTED_EDGE('',*,*,#1264,.T.);
#1718=ORIENTED_EDGE('',*,*,#1265,.F.);
#1719=ORIENTED_EDGE('',*,*,#1266,.T.);
#1720=ORIENTED_EDGE('',*,*,#1267,.F.);
#1721=ORIENTED_EDGE('',*,*,#1268,.T.);
#1722=ORIENTED_EDGE('',*,*,#1269,.F.);
#1723=ORIENTED_EDGE('',*,*,#1270,.T.);
#1724=ORIENTED_EDGE('',*,*,#1271,.F.);
#1725=ORIENTED_EDGE('',*,*,#1272,.T.);
#1726=ORIENTED_EDGE('',*,*,#1273,.F.);
#1727=ORIENTED_EDGE('',*,*,#1229,.T.);
#1728=ORIENTED_EDGE('',*,*,#1274,.T.);
#1729=ORIENTED_EDGE('',*,*,#1275,.T.);
#1730=ORIENTED_EDGE('',*,*,#1276,.T.);
#1731=ORIENTED_EDGE('',*,*,#1277,.T.);
#1732=ORIENTED_EDGE('',*,*,#1278,.T.);
#1733=ORIENTED_EDGE('',*,*,#1279,.T.);
#1734=ORIENTED_EDGE('',*,*,#1280,.T.);
#1735=ORIENTED_EDGE('',*,*,#1281,.T.);
#1736=ORIENTED_EDGE('',*,*,#1282,.T.);
#1737=ORIENTED_EDGE('',*,*,#1230,.T.);
#1738=ORIENTED_EDGE('',*,*,#1273,.T.);
#1739=ORIENTED_EDGE('',*,*,#1283,.T.);
#1740=ORIENTED_EDGE('',*,*,#1226,.F.);
#1741=ORIENTED_EDGE('',*,*,#1231,.F.);
#1742=ORIENTED_EDGE('',*,*,#1282,.F.);
#1743=ORIENTED_EDGE('',*,*,#1284,.F.);
#1744=ORIENTED_EDGE('',*,*,#1285,.F.);
#1745=ORIENTED_EDGE('',*,*,#1286,.T.);
#1746=ORIENTED_EDGE('',*,*,#1287,.F.);
#1747=ORIENTED_EDGE('',*,*,#1288,.F.);
#1748=ORIENTED_EDGE('',*,*,#1289,.F.);
#1749=ORIENTED_EDGE('',*,*,#1290,.F.);
#1750=ORIENTED_EDGE('',*,*,#1291,.F.);
#1751=ORIENTED_EDGE('',*,*,#1292,.F.);
#1752=ORIENTED_EDGE('',*,*,#1293,.F.);
#1753=ORIENTED_EDGE('',*,*,#1294,.T.);
#1754=ORIENTED_EDGE('',*,*,#1295,.T.);
#1755=ORIENTED_EDGE('',*,*,#1296,.T.);
#1756=ORIENTED_EDGE('',*,*,#1297,.F.);
#1757=ORIENTED_EDGE('',*,*,#1298,.F.);
#1758=ORIENTED_EDGE('',*,*,#1299,.F.);
#1759=ORIENTED_EDGE('',*,*,#1300,.F.);
#1760=ORIENTED_EDGE('',*,*,#1301,.F.);
#1761=ORIENTED_EDGE('',*,*,#1302,.F.);
#1762=ORIENTED_EDGE('',*,*,#1303,.F.);
#1763=ORIENTED_EDGE('',*,*,#1304,.T.);
#1764=ORIENTED_EDGE('',*,*,#1305,.F.);
#1765=ORIENTED_EDGE('',*,*,#1306,.F.);
#1766=ORIENTED_EDGE('',*,*,#1307,.F.);
#1767=ORIENTED_EDGE('',*,*,#1308,.F.);
#1768=ORIENTED_EDGE('',*,*,#1309,.F.);
#1769=ORIENTED_EDGE('',*,*,#1310,.F.);
#1770=ORIENTED_EDGE('',*,*,#1311,.F.);
#1771=ORIENTED_EDGE('',*,*,#1312,.T.);
#1772=ORIENTED_EDGE('',*,*,#1313,.T.);
#1773=ORIENTED_EDGE('',*,*,#1186,.T.);
#1774=ORIENTED_EDGE('',*,*,#1177,.T.);
#1775=ORIENTED_EDGE('',*,*,#1185,.T.);
#1776=ORIENTED_EDGE('',*,*,#1218,.T.);
#1777=ORIENTED_EDGE('',*,*,#1314,.T.);
#1778=ORIENTED_EDGE('',*,*,#1207,.T.);
#1779=ORIENTED_EDGE('',*,*,#1169,.T.);
#1780=ORIENTED_EDGE('',*,*,#1164,.T.);
#1781=ORIENTED_EDGE('',*,*,#1315,.T.);
#1782=ORIENTED_EDGE('',*,*,#1316,.T.);
#1783=ORIENTED_EDGE('',*,*,#1317,.T.);
#1784=ORIENTED_EDGE('',*,*,#1221,.F.);
#1785=ORIENTED_EDGE('',*,*,#1225,.F.);
#1786=ORIENTED_EDGE('',*,*,#1318,.T.);
#1787=ORIENTED_EDGE('',*,*,#1319,.F.);
#1788=ORIENTED_EDGE('',*,*,#1320,.T.);
#1789=ORIENTED_EDGE('',*,*,#1321,.F.);
#1790=ORIENTED_EDGE('',*,*,#1322,.T.);
#1791=ORIENTED_EDGE('',*,*,#1323,.F.);
#1792=ORIENTED_EDGE('',*,*,#1324,.F.);
#1793=ORIENTED_EDGE('',*,*,#1325,.T.);
#1794=ORIENTED_EDGE('',*,*,#1283,.F.);
#1795=ORIENTED_EDGE('',*,*,#1272,.F.);
#1796=ORIENTED_EDGE('',*,*,#1326,.F.);
#1797=ORIENTED_EDGE('',*,*,#1284,.T.);
#1798=ORIENTED_EDGE('',*,*,#1285,.T.);
#1799=ORIENTED_EDGE('',*,*,#1326,.T.);
#1800=ORIENTED_EDGE('',*,*,#1271,.T.);
#1801=ORIENTED_EDGE('',*,*,#1327,.T.);
#1802=ORIENTED_EDGE('',*,*,#1269,.T.);
#1803=ORIENTED_EDGE('',*,*,#1328,.T.);
#1804=ORIENTED_EDGE('',*,*,#1287,.T.);
#1805=ORIENTED_EDGE('',*,*,#1329,.T.);
#1806=ORIENTED_EDGE('',*,*,#1328,.F.);
#1807=ORIENTED_EDGE('',*,*,#1268,.F.);
#1808=ORIENTED_EDGE('',*,*,#1330,.F.);
#1809=ORIENTED_EDGE('',*,*,#1288,.T.);
#1810=ORIENTED_EDGE('',*,*,#1289,.T.);
#1811=ORIENTED_EDGE('',*,*,#1330,.T.);
#1812=ORIENTED_EDGE('',*,*,#1267,.T.);
#1813=ORIENTED_EDGE('',*,*,#1331,.T.);
#1814=ORIENTED_EDGE('',*,*,#1331,.F.);
#1815=ORIENTED_EDGE('',*,*,#1266,.F.);
#1816=ORIENTED_EDGE('',*,*,#1332,.F.);
#1817=ORIENTED_EDGE('',*,*,#1290,.T.);
#1818=ORIENTED_EDGE('',*,*,#1291,.T.);
#1819=ORIENTED_EDGE('',*,*,#1332,.T.);
#1820=ORIENTED_EDGE('',*,*,#1265,.T.);
#1821=ORIENTED_EDGE('',*,*,#1333,.T.);
#1822=ORIENTED_EDGE('',*,*,#1333,.F.);
#1823=ORIENTED_EDGE('',*,*,#1264,.F.);
#1824=ORIENTED_EDGE('',*,*,#1334,.F.);
#1825=ORIENTED_EDGE('',*,*,#1292,.T.);
#1826=ORIENTED_EDGE('',*,*,#1293,.T.);
#1827=ORIENTED_EDGE('',*,*,#1334,.T.);
#1828=ORIENTED_EDGE('',*,*,#1263,.T.);
#1829=ORIENTED_EDGE('',*,*,#1335,.T.);
#1830=ORIENTED_EDGE('',*,*,#1311,.T.);
#1831=ORIENTED_EDGE('',*,*,#1336,.T.);
#1832=ORIENTED_EDGE('',*,*,#1245,.T.);
#1833=ORIENTED_EDGE('',*,*,#1337,.T.);
#1834=ORIENTED_EDGE('',*,*,#1336,.F.);
#1835=ORIENTED_EDGE('',*,*,#1310,.T.);
#1836=ORIENTED_EDGE('',*,*,#1338,.F.);
#1837=ORIENTED_EDGE('',*,*,#1246,.T.);
#1838=ORIENTED_EDGE('',*,*,#1303,.T.);
#1839=ORIENTED_EDGE('',*,*,#1339,.T.);
#1840=ORIENTED_EDGE('',*,*,#1253,.T.);
#1841=ORIENTED_EDGE('',*,*,#1340,.T.);
#1842=ORIENTED_EDGE('',*,*,#1339,.F.);
#1843=ORIENTED_EDGE('',*,*,#1302,.T.);
#1844=ORIENTED_EDGE('',*,*,#1341,.F.);
#1845=ORIENTED_EDGE('',*,*,#1254,.T.);
#1846=ORIENTED_EDGE('',*,*,#1251,.T.);
#1847=ORIENTED_EDGE('',*,*,#1342,.T.);
#1848=ORIENTED_EDGE('',*,*,#1305,.T.);
#1849=ORIENTED_EDGE('',*,*,#1343,.T.);
#1850=ORIENTED_EDGE('',*,*,#1342,.F.);
#1851=ORIENTED_EDGE('',*,*,#1250,.T.);
#1852=ORIENTED_EDGE('',*,*,#1344,.F.);
#1853=ORIENTED_EDGE('',*,*,#1306,.T.);
#1854=ORIENTED_EDGE('',*,*,#1259,.T.);
#1855=ORIENTED_EDGE('',*,*,#1345,.T.);
#1856=ORIENTED_EDGE('',*,*,#1297,.T.);
#1857=ORIENTED_EDGE('',*,*,#1346,.T.);
#1858=ORIENTED_EDGE('',*,*,#1345,.F.);
#1859=ORIENTED_EDGE('',*,*,#1258,.T.);
#1860=ORIENTED_EDGE('',*,*,#1347,.F.);
#1861=ORIENTED_EDGE('',*,*,#1298,.T.);
#1862=ORIENTED_EDGE('',*,*,#1309,.T.);
#1863=ORIENTED_EDGE('',*,*,#1348,.T.);
#1864=ORIENTED_EDGE('',*,*,#1247,.T.);
#1865=ORIENTED_EDGE('',*,*,#1338,.T.);
#1866=ORIENTED_EDGE('',*,*,#1348,.F.);
#1867=ORIENTED_EDGE('',*,*,#1308,.T.);
#1868=ORIENTED_EDGE('',*,*,#1349,.F.);
#1869=ORIENTED_EDGE('',*,*,#1248,.T.);
#1870=ORIENTED_EDGE('',*,*,#1307,.T.);
#1871=ORIENTED_EDGE('',*,*,#1344,.T.);
#1872=ORIENTED_EDGE('',*,*,#1249,.T.);
#1873=ORIENTED_EDGE('',*,*,#1349,.T.);
#1874=ORIENTED_EDGE('',*,*,#1301,.T.);
#1875=ORIENTED_EDGE('',*,*,#1350,.T.);
#1876=ORIENTED_EDGE('',*,*,#1255,.T.);
#1877=ORIENTED_EDGE('',*,*,#1341,.T.);
#1878=ORIENTED_EDGE('',*,*,#1299,.T.);
#1879=ORIENTED_EDGE('',*,*,#1347,.T.);
#1880=ORIENTED_EDGE('',*,*,#1257,.T.);
#1881=ORIENTED_EDGE('',*,*,#1351,.T.);
#1882=ORIENTED_EDGE('',*,*,#1324,.T.);
#1883=ORIENTED_EDGE('',*,*,#1352,.F.);
#1884=ORIENTED_EDGE('',*,*,#1275,.F.);
#1885=ORIENTED_EDGE('',*,*,#1353,.F.);
#1886=ORIENTED_EDGE('',*,*,#1327,.F.);
#1887=ORIENTED_EDGE('',*,*,#1270,.F.);
#1888=ORIENTED_EDGE('',*,*,#1329,.F.);
#1889=ORIENTED_EDGE('',*,*,#1286,.F.);
#1890=ORIENTED_EDGE('',*,*,#1352,.T.);
#1891=ORIENTED_EDGE('',*,*,#1325,.F.);
#1892=ORIENTED_EDGE('',*,*,#1353,.T.);
#1893=ORIENTED_EDGE('',*,*,#1274,.F.);
#1894=ORIENTED_EDGE('',*,*,#1335,.F.);
#1895=ORIENTED_EDGE('',*,*,#1262,.F.);
#1896=ORIENTED_EDGE('',*,*,#1354,.T.);
#1897=ORIENTED_EDGE('',*,*,#1294,.F.);
#1898=ORIENTED_EDGE('',*,*,#1319,.T.);
#1899=ORIENTED_EDGE('',*,*,#1355,.F.);
#1900=ORIENTED_EDGE('',*,*,#1276,.F.);
#1901=ORIENTED_EDGE('',*,*,#1356,.F.);
#1902=ORIENTED_EDGE('',*,*,#1337,.F.);
#1903=ORIENTED_EDGE('',*,*,#1244,.F.);
#1904=ORIENTED_EDGE('',*,*,#1357,.T.);
#1905=ORIENTED_EDGE('',*,*,#1312,.F.);
#1906=ORIENTED_EDGE('',*,*,#1340,.F.);
#1907=ORIENTED_EDGE('',*,*,#1252,.F.);
#1908=ORIENTED_EDGE('',*,*,#1343,.F.);
#1909=ORIENTED_EDGE('',*,*,#1304,.F.);
#1910=ORIENTED_EDGE('',*,*,#1356,.T.);
#1911=ORIENTED_EDGE('',*,*,#1277,.F.);
#1912=ORIENTED_EDGE('',*,*,#1355,.T.);
#1913=ORIENTED_EDGE('',*,*,#1318,.F.);
#1914=ORIENTED_EDGE('',*,*,#1321,.T.);
#1915=ORIENTED_EDGE('',*,*,#1358,.F.);
#1916=ORIENTED_EDGE('',*,*,#1278,.F.);
#1917=ORIENTED_EDGE('',*,*,#1359,.F.);
#1918=ORIENTED_EDGE('',*,*,#1222,.F.);
#1919=ORIENTED_EDGE('',*,*,#1317,.F.);
#1920=ORIENTED_EDGE('',*,*,#1360,.F.);
#1921=ORIENTED_EDGE('',*,*,#1232,.F.);
#1922=ORIENTED_EDGE('',*,*,#1359,.T.);
#1923=ORIENTED_EDGE('',*,*,#1279,.F.);
#1924=ORIENTED_EDGE('',*,*,#1358,.T.);
#1925=ORIENTED_EDGE('',*,*,#1320,.F.);
#1926=ORIENTED_EDGE('',*,*,#1350,.F.);
#1927=ORIENTED_EDGE('',*,*,#1300,.T.);
#1928=ORIENTED_EDGE('',*,*,#1351,.F.);
#1929=ORIENTED_EDGE('',*,*,#1256,.T.);
#1930=ORIENTED_EDGE('',*,*,#1323,.T.);
#1931=ORIENTED_EDGE('',*,*,#1361,.F.);
#1932=ORIENTED_EDGE('',*,*,#1280,.F.);
#1933=ORIENTED_EDGE('',*,*,#1362,.F.);
#1934=ORIENTED_EDGE('',*,*,#1346,.F.);
#1935=ORIENTED_EDGE('',*,*,#1296,.F.);
#1936=ORIENTED_EDGE('',*,*,#1363,.F.);
#1937=ORIENTED_EDGE('',*,*,#1260,.F.);
#1938=ORIENTED_EDGE('',*,*,#1362,.T.);
#1939=ORIENTED_EDGE('',*,*,#1281,.F.);
#1940=ORIENTED_EDGE('',*,*,#1361,.T.);
#1941=ORIENTED_EDGE('',*,*,#1322,.F.);
#1942=ORIENTED_EDGE('',*,*,#1241,.F.);
#1943=ORIENTED_EDGE('',*,*,#1364,.T.);
#1944=ORIENTED_EDGE('',*,*,#1365,.T.);
#1945=ORIENTED_EDGE('',*,*,#1366,.F.);
#1946=ORIENTED_EDGE('',*,*,#1240,.F.);
#1947=ORIENTED_EDGE('',*,*,#1367,.T.);
#1948=ORIENTED_EDGE('',*,*,#1368,.T.);
#1949=ORIENTED_EDGE('',*,*,#1364,.F.);
#1950=ORIENTED_EDGE('',*,*,#1239,.F.);
#1951=ORIENTED_EDGE('',*,*,#1369,.T.);
#1952=ORIENTED_EDGE('',*,*,#1370,.T.);
#1953=ORIENTED_EDGE('',*,*,#1367,.F.);
#1954=ORIENTED_EDGE('',*,*,#1238,.F.);
#1955=ORIENTED_EDGE('',*,*,#1371,.T.);
#1956=ORIENTED_EDGE('',*,*,#1372,.T.);
#1957=ORIENTED_EDGE('',*,*,#1369,.F.);
#1958=ORIENTED_EDGE('',*,*,#1237,.F.);
#1959=ORIENTED_EDGE('',*,*,#1373,.T.);
#1960=ORIENTED_EDGE('',*,*,#1374,.T.);
#1961=ORIENTED_EDGE('',*,*,#1371,.F.);
#1962=ORIENTED_EDGE('',*,*,#1236,.F.);
#1963=ORIENTED_EDGE('',*,*,#1210,.T.);
#1964=ORIENTED_EDGE('',*,*,#1375,.T.);
#1965=ORIENTED_EDGE('',*,*,#1373,.F.);
#1966=ORIENTED_EDGE('',*,*,#1376,.F.);
#1967=ORIENTED_EDGE('',*,*,#1365,.F.);
#1968=ORIENTED_EDGE('',*,*,#1368,.F.);
#1969=ORIENTED_EDGE('',*,*,#1370,.F.);
#1970=ORIENTED_EDGE('',*,*,#1372,.F.);
#1971=ORIENTED_EDGE('',*,*,#1374,.F.);
#1972=ORIENTED_EDGE('',*,*,#1375,.F.);
#1973=ORIENTED_EDGE('',*,*,#1209,.F.);
#1974=ORIENTED_EDGE('',*,*,#1208,.T.);
#1975=ORIENTED_EDGE('',*,*,#1235,.T.);
#1976=ORIENTED_EDGE('',*,*,#1201,.T.);
#1977=ORIENTED_EDGE('',*,*,#1204,.T.);
#1978=ORIENTED_EDGE('',*,*,#1206,.F.);
#1979=ORIENTED_EDGE('',*,*,#1314,.F.);
#1980=ORIENTED_EDGE('',*,*,#1217,.T.);
#1981=ORIENTED_EDGE('',*,*,#1212,.T.);
#1982=ORIENTED_EDGE('',*,*,#1215,.F.);
#1983=ORIENTED_EDGE('',*,*,#1242,.T.);
#1984=ORIENTED_EDGE('',*,*,#1366,.T.);
#1985=ORIENTED_EDGE('',*,*,#1376,.T.);
#1986=ORIENTED_EDGE('',*,*,#1243,.T.);
#1987=ORIENTED_EDGE('',*,*,#1187,.T.);
#1988=ORIENTED_EDGE('',*,*,#1313,.F.);
#1989=ORIENTED_EDGE('',*,*,#1357,.F.);
#1990=ORIENTED_EDGE('',*,*,#1261,.F.);
#1991=ORIENTED_EDGE('',*,*,#1363,.T.);
#1992=ORIENTED_EDGE('',*,*,#1295,.F.);
#1993=ORIENTED_EDGE('',*,*,#1354,.F.);
#1994=ORIENTED_EDGE('',*,*,#1233,.T.);
#1995=ORIENTED_EDGE('',*,*,#1360,.T.);
#1996=ORIENTED_EDGE('',*,*,#1316,.F.);
#1997=ORIENTED_EDGE('',*,*,#1377,.F.);
#1998=ORIENTED_EDGE('',*,*,#1158,.T.);
#1999=ORIENTED_EDGE('',*,*,#1234,.T.);
#2000=ORIENTED_EDGE('',*,*,#1377,.T.);
#2001=ORIENTED_EDGE('',*,*,#1315,.F.);
#2002=PLANE('',#2215);
#2003=PLANE('',#2216);
#2004=PLANE('',#2217);
#2005=PLANE('',#2218);
#2006=PLANE('',#2219);
#2007=PLANE('',#2220);
#2008=PLANE('',#2224);
#2009=PLANE('',#2225);
#2010=PLANE('',#2226);
#2011=PLANE('',#2227);
#2012=PLANE('',#2228);
#2013=PLANE('',#2231);
#2014=PLANE('',#2232);
#2015=PLANE('',#2233);
#2016=PLANE('',#2236);
#2017=PLANE('',#2237);
#2018=PLANE('',#2238);
#2019=PLANE('',#2241);
#2020=PLANE('',#2244);
#2021=PLANE('',#2245);
#2022=PLANE('',#2248);
#2023=PLANE('',#2249);
#2024=PLANE('',#2251);
#2025=PLANE('',#2253);
#2026=PLANE('',#2256);
#2027=PLANE('',#2257);
#2028=PLANE('',#2260);
#2029=PLANE('',#2261);
#2030=PLANE('',#2262);
#2031=PLANE('',#2263);
#2032=PLANE('',#2265);
#2033=PLANE('',#2266);
#2034=PLANE('',#2269);
#2035=PLANE('',#2270);
#2036=PLANE('',#2273);
#2037=PLANE('',#2274);
#2038=PLANE('',#2276);
#2039=PLANE('',#2277);
#2040=PLANE('',#2278);
#2041=PLANE('',#2283);
#2042=PLANE('',#2284);
#2043=PLANE('',#2286);
#2044=PLANE('',#2288);
#2045=PLANE('',#2291);
#2046=PLANE('',#2292);
#2047=PLANE('',#2295);
#2048=PLANE('',#2296);
#2049=PLANE('',#2300);
#2050=PLANE('',#2304);
#2051=PLANE('',#2305);
#2052=PLANE('',#2326);
#2053=PLANE('',#2344);
#2054=PLANE('',#2347);
#2055=PLANE('',#2349);
#2056=PLANE('',#2351);
#2057=PLANE('',#2354);
#2058=PLANE('',#2356);
#2059=PLANE('',#2358);
#2060=PLANE('',#2360);
#2061=PLANE('',#2362);
#2062=PLANE('',#2367);
#2063=PLANE('',#2368);
#2064=PLANE('',#2369);
#2065=PLANE('',#2371);
#2066=PLANE('',#2372);
#2067=PLANE('',#2373);
#2068=PLANE('',#2375);
#2069=PLANE('',#2376);
#2070=PLANE('',#2377);
#2071=PLANE('',#2379);
#2072=PLANE('',#2380);
#2073=PLANE('',#2381);
#2074=PLANE('',#2382);
#2075=PLANE('',#2383);
#2076=PLANE('',#2384);
#2077=PLANE('',#2385);
#2078=PLANE('',#2386);
#2079=PLANE('',#2387);
#2080=PLANE('',#2388);
#2081=PLANE('',#2389);
#2082=PLANE('',#2390);
#2083=PLANE('',#2391);
#2084=PLANE('',#2392);
#2085=ADVANCED_FACE('',(#138),#2002,.T.);
#2086=ADVANCED_FACE('',(#139),#2003,.T.);
#2087=ADVANCED_FACE('',(#140),#2004,.F.);
#2088=ADVANCED_FACE('',(#141),#2005,.T.);
#2089=ADVANCED_FACE('',(#142),#2006,.T.);
#2090=ADVANCED_FACE('',(#143),#2007,.F.);
#2091=ADVANCED_FACE('',(#144),#109,.T.);
#2092=ADVANCED_FACE('',(#145),#2008,.T.);
#2093=ADVANCED_FACE('',(#146),#2009,.T.);
#2094=ADVANCED_FACE('',(#147),#2010,.F.);
#2095=ADVANCED_FACE('',(#148),#2011,.F.);
#2096=ADVANCED_FACE('',(#149),#2012,.T.);
#2097=ADVANCED_FACE('',(#150),#2013,.T.);
#2098=ADVANCED_FACE('',(#151),#2014,.T.);
#2099=ADVANCED_FACE('',(#152),#2015,.F.);
#2100=ADVANCED_FACE('',(#153),#2016,.T.);
#2101=ADVANCED_FACE('',(#154),#2017,.T.);
#2102=ADVANCED_FACE('',(#155),#2018,.F.);
#2103=ADVANCED_FACE('',(#156),#2019,.T.);
#2104=ADVANCED_FACE('',(#157),#110,.F.);
#2105=ADVANCED_FACE('',(#158),#2020,.T.);
#2106=ADVANCED_FACE('',(#159),#2021,.T.);
#2107=ADVANCED_FACE('',(#160),#111,.F.);
#2108=ADVANCED_FACE('',(#161),#2022,.T.);
#2109=ADVANCED_FACE('',(#162),#2023,.T.);
#2110=ADVANCED_FACE('',(#163),#2024,.T.);
#2111=ADVANCED_FACE('',(#164),#2025,.T.);
#2112=ADVANCED_FACE('',(#165),#112,.T.);
#2113=ADVANCED_FACE('',(#166),#2026,.T.);
#2114=ADVANCED_FACE('',(#167),#2027,.T.);
#2115=ADVANCED_FACE('',(#168),#113,.T.);
#2116=ADVANCED_FACE('',(#169),#2028,.T.);
#2117=ADVANCED_FACE('',(#170),#2029,.T.);
#2118=ADVANCED_FACE('',(#171),#2030,.F.);
#2119=ADVANCED_FACE('',(#172),#2031,.T.);
#2120=ADVANCED_FACE('',(#173),#2032,.T.);
#2121=ADVANCED_FACE('',(#174),#2033,.F.);
#2122=ADVANCED_FACE('',(#175),#2034,.T.);
#2123=ADVANCED_FACE('',(#176),#2035,.F.);
#2124=ADVANCED_FACE('',(#177),#2036,.T.);
#2125=ADVANCED_FACE('',(#178),#2037,.T.);
#2126=ADVANCED_FACE('',(#179),#2038,.T.);
#2127=ADVANCED_FACE('',(#180),#2039,.T.);
#2128=ADVANCED_FACE('',(#181),#2040,.T.);
#2129=ADVANCED_FACE('',(#182),#114,.F.);
#2130=ADVANCED_FACE('',(#183),#115,.F.);
#2131=ADVANCED_FACE('',(#184),#2041,.T.);
#2132=ADVANCED_FACE('',(#185),#2042,.F.);
#2133=ADVANCED_FACE('',(#186),#2043,.F.);
#2134=ADVANCED_FACE('',(#187),#2044,.T.);
#2135=ADVANCED_FACE('',(#188),#116,.T.);
#2136=ADVANCED_FACE('',(#189),#2045,.T.);
#2137=ADVANCED_FACE('',(#190),#2046,.F.);
#2138=ADVANCED_FACE('',(#191),#117,.T.);
#2139=ADVANCED_FACE('',(#192),#2047,.T.);
#2140=ADVANCED_FACE('',(#193),#2048,.T.);
#2141=ADVANCED_FACE('',(#194),#118,.F.);
#2142=ADVANCED_FACE('',(#195),#2049,.T.);
#2143=ADVANCED_FACE('',(#196),#119,.T.);
#2144=ADVANCED_FACE('',(#197),#2050,.T.);
#2145=ADVANCED_FACE('',(#198,#26,#27,#28,#29),#2051,.F.);
#2146=ADVANCED_FACE('',(#199),#120,.T.);
#2147=ADVANCED_FACE('',(#200,#30,#31,#32,#33),#2052,.T.);
#2148=ADVANCED_FACE('',(#201),#2053,.T.);
#2149=ADVANCED_FACE('',(#202),#121,.F.);
#2150=ADVANCED_FACE('',(#203),#122,.F.);
#2151=ADVANCED_FACE('',(#204),#2054,.T.);
#2152=ADVANCED_FACE('',(#205),#123,.T.);
#2153=ADVANCED_FACE('',(#206),#2055,.T.);
#2154=ADVANCED_FACE('',(#207),#124,.T.);
#2155=ADVANCED_FACE('',(#208),#2056,.T.);
#2156=ADVANCED_FACE('',(#209),#125,.F.);
#2157=ADVANCED_FACE('',(#210),#126,.F.);
#2158=ADVANCED_FACE('',(#211),#2057,.T.);
#2159=ADVANCED_FACE('',(#212),#127,.F.);
#2160=ADVANCED_FACE('',(#213),#2058,.T.);
#2161=ADVANCED_FACE('',(#214),#128,.F.);
#2162=ADVANCED_FACE('',(#215),#2059,.T.);
#2163=ADVANCED_FACE('',(#216),#129,.F.);
#2164=ADVANCED_FACE('',(#217),#2060,.T.);
#2165=ADVANCED_FACE('',(#218),#130,.T.);
#2166=ADVANCED_FACE('',(#219),#2061,.T.);
#2167=ADVANCED_FACE('',(#220),#131,.T.);
#2168=ADVANCED_FACE('',(#221),#132,.T.);
#2169=ADVANCED_FACE('',(#222),#133,.T.);
#2170=ADVANCED_FACE('',(#223),#134,.F.);
#2171=ADVANCED_FACE('',(#224),#2062,.T.);
#2172=ADVANCED_FACE('',(#225),#2063,.T.);
#2173=ADVANCED_FACE('',(#226),#2064,.T.);
#2174=ADVANCED_FACE('',(#227),#135,.F.);
#2175=ADVANCED_FACE('',(#228),#2065,.T.);
#2176=ADVANCED_FACE('',(#229),#2066,.T.);
#2177=ADVANCED_FACE('',(#230),#2067,.T.);
#2178=ADVANCED_FACE('',(#231),#136,.F.);
#2179=ADVANCED_FACE('',(#232),#2068,.T.);
#2180=ADVANCED_FACE('',(#233),#2069,.T.);
#2181=ADVANCED_FACE('',(#234),#2070,.T.);
#2182=ADVANCED_FACE('',(#235),#137,.F.);
#2183=ADVANCED_FACE('',(#236),#2071,.T.);
#2184=ADVANCED_FACE('',(#237),#2072,.T.);
#2185=ADVANCED_FACE('',(#238),#2073,.F.);
#2186=ADVANCED_FACE('',(#239),#2074,.F.);
#2187=ADVANCED_FACE('',(#240),#2075,.F.);
#2188=ADVANCED_FACE('',(#241),#2076,.F.);
#2189=ADVANCED_FACE('',(#242),#2077,.F.);
#2190=ADVANCED_FACE('',(#243),#2078,.F.);
#2191=ADVANCED_FACE('',(#244),#2079,.F.);
#2192=ADVANCED_FACE('',(#245),#2080,.T.);
#2193=ADVANCED_FACE('',(#246),#2081,.T.);
#2194=ADVANCED_FACE('',(#247),#2082,.T.);
#2195=ADVANCED_FACE('',(#248),#2083,.T.);
#2196=ADVANCED_FACE('',(#249),#2084,.T.);
#2197=CLOSED_SHELL('',(#2085,#2086,#2087,#2088,#2089,#2090,#2091,#2092,
#2093,#2094,#2095,#2096,#2097,#2098,#2099,#2100,#2101,#2102,#2103,#2104,
#2105,#2106,#2107,#2108,#2109,#2110,#2111,#2112,#2113,#2114,#2115,#2116,
#2117,#2118));
#2198=CLOSED_SHELL('',(#2119,#2120,#2121,#2122,#2123,#2124,#2125,#2126,
#2127,#2128,#2129,#2130,#2131,#2132,#2133,#2134,#2135,#2136,#2137,#2138,
#2139,#2140,#2141,#2142,#2143,#2144,#2145,#2146,#2147,#2148,#2149,#2150,
#2151,#2152,#2153,#2154,#2155,#2156,#2157,#2158,#2159,#2160,#2161,#2162,
#2163,#2164,#2165,#2166,#2167,#2168,#2169,#2170,#2171,#2172,#2173,#2174,
#2175,#2176,#2177,#2178,#2179,#2180,#2181,#2182,#2183,#2184,#2185,#2186,
#2187,#2188,#2189,#2190,#2191,#2192,#2193,#2194,#2195,#2196));
#2199=DERIVED_UNIT_ELEMENT(#2201,1.);
#2200=DERIVED_UNIT_ELEMENT(#3662,-3.);
#2201=(
MASS_UNIT()
NAMED_UNIT(*)
SI_UNIT(.KILO.,.GRAM.)
);
#2202=DERIVED_UNIT((#2199,#2200));
#2203=MEASURE_REPRESENTATION_ITEM('density measure',
POSITIVE_RATIO_MEASURE(7850.),#2202);
#2204=PROPERTY_DEFINITION_REPRESENTATION(#2209,#2206);
#2205=PROPERTY_DEFINITION_REPRESENTATION(#2210,#2207);
#2206=REPRESENTATION('material name',(#2208),#3659);
#2207=REPRESENTATION('density',(#2203),#3659);
#2208=DESCRIPTIVE_REPRESENTATION_ITEM('Steel','Steel');
#2209=PROPERTY_DEFINITION('material property','material name',#3684);
#2210=PROPERTY_DEFINITION('material property','density of part',#3684);
#2211=AXIS2_PLACEMENT_3D('',#3015,#2397,#2398);
#2212=AXIS2_PLACEMENT_3D('',#3016,#2399,#2400);
#2213=AXIS2_PLACEMENT_3D('',#3017,#2401,#2402);
#2214=AXIS2_PLACEMENT_3D('',#3018,#2403,#2404);
#2215=AXIS2_PLACEMENT_3D('',#3019,#2405,#2406);
#2216=AXIS2_PLACEMENT_3D('',#3028,#2411,#2412);
#2217=AXIS2_PLACEMENT_3D('',#3034,#2416,#2417);
#2218=AXIS2_PLACEMENT_3D('',#3040,#2421,#2422);
#2219=AXIS2_PLACEMENT_3D('',#3049,#2427,#2428);
#2220=AXIS2_PLACEMENT_3D('',#3055,#2432,#2433);
#2221=AXIS2_PLACEMENT_3D('',#3061,#2437,#2438);
#2222=AXIS2_PLACEMENT_3D('',#3064,#2439,#2440);
#2223=AXIS2_PLACEMENT_3D('',#3068,#2442,#2443);
#2224=AXIS2_PLACEMENT_3D('',#3070,#2445,#2446);
#2225=AXIS2_PLACEMENT_3D('',#3080,#2452,#2453);
#2226=AXIS2_PLACEMENT_3D('',#3090,#2459,#2460);
#2227=AXIS2_PLACEMENT_3D('',#3096,#2464,#2465);
#2228=AXIS2_PLACEMENT_3D('',#3102,#2469,#2470);
#2229=AXIS2_PLACEMENT_3D('',#3108,#2473,#2474);
#2230=AXIS2_PLACEMENT_3D('',#3113,#2477,#2478);
#2231=AXIS2_PLACEMENT_3D('',#3118,#2482,#2483);
#2232=AXIS2_PLACEMENT_3D('',#3122,#2486,#2487);
#2233=AXIS2_PLACEMENT_3D('',#3126,#2490,#2491);
#2234=AXIS2_PLACEMENT_3D('',#3132,#2494,#2495);
#2235=AXIS2_PLACEMENT_3D('',#3135,#2497,#2498);
#2236=AXIS2_PLACEMENT_3D('',#3136,#2499,#2500);
#2237=AXIS2_PLACEMENT_3D('',#3140,#2503,#2504);
#2238=AXIS2_PLACEMENT_3D('',#3142,#2506,#2507);
#2239=AXIS2_PLACEMENT_3D('',#3146,#2509,#2510);
#2240=AXIS2_PLACEMENT_3D('',#3149,#2512,#2513);
#2241=AXIS2_PLACEMENT_3D('',#3150,#2514,#2515);
#2242=AXIS2_PLACEMENT_3D('',#3156,#2519,#2520);
#2243=AXIS2_PLACEMENT_3D('',#3158,#2521,#2522);
#2244=AXIS2_PLACEMENT_3D('',#3160,#2524,#2525);
#2245=AXIS2_PLACEMENT_3D('',#3162,#2527,#2528);
#2246=AXIS2_PLACEMENT_3D('',#3166,#2531,#2532);
#2247=AXIS2_PLACEMENT_3D('',#3168,#2533,#2534);
#2248=AXIS2_PLACEMENT_3D('',#3170,#2536,#2537);
#2249=AXIS2_PLACEMENT_3D('',#3174,#2540,#2541);
#2250=AXIS2_PLACEMENT_3D('',#3177,#2543,#2544);
#2251=AXIS2_PLACEMENT_3D('',#3178,#2545,#2546);
#2252=AXIS2_PLACEMENT_3D('',#3180,#2547,#2548);
#2253=AXIS2_PLACEMENT_3D('',#3182,#2550,#2551);
#2254=AXIS2_PLACEMENT_3D('',#3186,#2554,#2555);
#2255=AXIS2_PLACEMENT_3D('',#3188,#2556,#2557);
#2256=AXIS2_PLACEMENT_3D('',#3190,#2559,#2560);
#2257=AXIS2_PLACEMENT_3D('',#3192,#2562,#2563);
#2258=AXIS2_PLACEMENT_3D('',#3196,#2566,#2567);
#2259=AXIS2_PLACEMENT_3D('',#3198,#2568,#2569);
#2260=AXIS2_PLACEMENT_3D('',#3200,#2571,#2572);
#2261=AXIS2_PLACEMENT_3D('',#3202,#2574,#2575);
#2262=AXIS2_PLACEMENT_3D('',#3204,#2577,#2578);
#2263=AXIS2_PLACEMENT_3D('',#3205,#2579,#2580);
#2264=AXIS2_PLACEMENT_3D('',#3212,#2583,#2584);
#2265=AXIS2_PLACEMENT_3D('',#3214,#2586,#2587);
#2266=AXIS2_PLACEMENT_3D('',#3220,#2591,#2592);
#2267=AXIS2_PLACEMENT_3D('',#3224,#2594,#2595);
#2268=AXIS2_PLACEMENT_3D('',#3227,#2597,#2598);
#2269=AXIS2_PLACEMENT_3D('',#3228,#2599,#2600);
#2270=AXIS2_PLACEMENT_3D('',#3234,#2604,#2605);
#2271=AXIS2_PLACEMENT_3D('',#3239,#2607,#2608);
#2272=AXIS2_PLACEMENT_3D('',#3244,#2611,#2612);
#2273=AXIS2_PLACEMENT_3D('',#3245,#2613,#2614);
#2274=AXIS2_PLACEMENT_3D('',#3251,#2618,#2619);
#2275=AXIS2_PLACEMENT_3D('',#3253,#2620,#2621);
#2276=AXIS2_PLACEMENT_3D('',#3257,#2624,#2625);
#2277=AXIS2_PLACEMENT_3D('',#3263,#2629,#2630);
#2278=AXIS2_PLACEMENT_3D('',#3269,#2634,#2635);
#2279=AXIS2_PLACEMENT_3D('',#3275,#2639,#2640);
#2280=AXIS2_PLACEMENT_3D('',#3276,#2641,#2642);
#2281=AXIS2_PLACEMENT_3D('',#3277,#2643,#2644);
#2282=AXIS2_PLACEMENT_3D('',#3279,#2645,#2646);
#2283=AXIS2_PLACEMENT_3D('',#3281,#2648,#2649);
#2284=AXIS2_PLACEMENT_3D('',#3285,#2652,#2653);
#2285=AXIS2_PLACEMENT_3D('',#3287,#2654,#2655);
#2286=AXIS2_PLACEMENT_3D('',#3289,#2657,#2658);
#2287=AXIS2_PLACEMENT_3D('',#3292,#2660,#2661);
#2288=AXIS2_PLACEMENT_3D('',#3293,#2662,#2663);
#2289=AXIS2_PLACEMENT_3D('',#3299,#2667,#2668);
#2290=AXIS2_PLACEMENT_3D('',#3301,#2669,#2670);
#2291=AXIS2_PLACEMENT_3D('',#3303,#2672,#2673);
#2292=AXIS2_PLACEMENT_3D('',#3307,#2676,#2677);
#2293=AXIS2_PLACEMENT_3D('',#3316,#2682,#2683);
#2294=AXIS2_PLACEMENT_3D('',#3319,#2684,#2685);
#2295=AXIS2_PLACEMENT_3D('',#3322,#2688,#2689);
#2296=AXIS2_PLACEMENT_3D('',#3326,#2692,#2693);
#2297=AXIS2_PLACEMENT_3D('',#3330,#2696,#2697);
#2298=AXIS2_PLACEMENT_3D('',#3333,#2698,#2699);
#2299=AXIS2_PLACEMENT_3D('',#3337,#2701,#2702);
#2300=AXIS2_PLACEMENT_3D('',#3339,#2704,#2705);
#2301=AXIS2_PLACEMENT_3D('',#3345,#2709,#2710);
#2302=AXIS2_PLACEMENT_3D('',#3347,#2711,#2712);
#2303=AXIS2_PLACEMENT_3D('',#3349,#2713,#2714);
#2304=AXIS2_PLACEMENT_3D('',#3351,#2716,#2717);
#2305=AXIS2_PLACEMENT_3D('',#3357,#2721,#2722);
#2306=AXIS2_PLACEMENT_3D('',#3382,#2736,#2737);
#2307=AXIS2_PLACEMENT_3D('',#3386,#2739,#2740);
#2308=AXIS2_PLACEMENT_3D('',#3390,#2742,#2743);
#2309=AXIS2_PLACEMENT_3D('',#3394,#2745,#2746);
#2310=AXIS2_PLACEMENT_3D('',#3398,#2748,#2749);
#2311=AXIS2_PLACEMENT_3D('',#3402,#2751,#2752);
#2312=AXIS2_PLACEMENT_3D('',#3406,#2754,#2755);
#2313=AXIS2_PLACEMENT_3D('',#3410,#2757,#2758);
#2314=AXIS2_PLACEMENT_3D('',#3418,#2762,#2763);
#2315=AXIS2_PLACEMENT_3D('',#3422,#2765,#2766);
#2316=AXIS2_PLACEMENT_3D('',#3426,#2768,#2769);
#2317=AXIS2_PLACEMENT_3D('',#3430,#2771,#2772);
#2318=AXIS2_PLACEMENT_3D('',#3434,#2774,#2775);
#2319=AXIS2_PLACEMENT_3D('',#3437,#2777,#2778);
#2320=AXIS2_PLACEMENT_3D('',#3441,#2780,#2781);
#2321=AXIS2_PLACEMENT_3D('',#3444,#2782,#2783);
#2322=AXIS2_PLACEMENT_3D('',#3448,#2785,#2786);
#2323=AXIS2_PLACEMENT_3D('',#3452,#2788,#2789);
#2324=AXIS2_PLACEMENT_3D('',#3454,#2791,#2792);
#2325=AXIS2_PLACEMENT_3D('',#3456,#2793,#2794);
#2326=AXIS2_PLACEMENT_3D('',#3458,#2796,#2797);
#2327=AXIS2_PLACEMENT_3D('',#3462,#2799,#2800);
#2328=AXIS2_PLACEMENT_3D('',#3466,#2802,#2803);
#2329=AXIS2_PLACEMENT_3D('',#3470,#2805,#2806);
#2330=AXIS2_PLACEMENT_3D('',#3474,#2808,#2809);
#2331=AXIS2_PLACEMENT_3D('',#3478,#2811,#2812);
#2332=AXIS2_PLACEMENT_3D('',#3486,#2816,#2817);
#2333=AXIS2_PLACEMENT_3D('',#3490,#2819,#2820);
#2334=AXIS2_PLACEMENT_3D('',#3494,#2822,#2823);
#2335=AXIS2_PLACEMENT_3D('',#3498,#2825,#2826);
#2336=AXIS2_PLACEMENT_3D('',#3502,#2828,#2829);
#2337=AXIS2_PLACEMENT_3D('',#3506,#2831,#2832);
#2338=AXIS2_PLACEMENT_3D('',#3510,#2834,#2835);
#2339=AXIS2_PLACEMENT_3D('',#3514,#2837,#2838);
#2340=AXIS2_PLACEMENT_3D('',#3527,#2846,#2847);
#2341=AXIS2_PLACEMENT_3D('',#3531,#2849,#2850);
#2342=AXIS2_PLACEMENT_3D('',#3535,#2852,#2853);
#2343=AXIS2_PLACEMENT_3D('',#3538,#2854,#2855);
#2344=AXIS2_PLACEMENT_3D('',#3540,#2857,#2858);
#2345=AXIS2_PLACEMENT_3D('',#3542,#2860,#2861);
#2346=AXIS2_PLACEMENT_3D('',#3544,#2863,#2864);
#2347=AXIS2_PLACEMENT_3D('',#3547,#2867,#2868);
#2348=AXIS2_PLACEMENT_3D('',#3549,#2870,#2871);
#2349=AXIS2_PLACEMENT_3D('',#3551,#2873,#2874);
#2350=AXIS2_PLACEMENT_3D('',#3553,#2876,#2877);
#2351=AXIS2_PLACEMENT_3D('',#3555,#2879,#2880);
#2352=AXIS2_PLACEMENT_3D('',#3557,#2882,#2883);
#2353=AXIS2_PLACEMENT_3D('',#3559,#2885,#2886);
#2354=AXIS2_PLACEMENT_3D('',#3562,#2889,#2890);
#2355=AXIS2_PLACEMENT_3D('',#3564,#2892,#2893);
#2356=AXIS2_PLACEMENT_3D('',#3567,#2896,#2897);
#2357=AXIS2_PLACEMENT_3D('',#3569,#2899,#2900);
#2358=AXIS2_PLACEMENT_3D('',#3572,#2903,#2904);
#2359=AXIS2_PLACEMENT_3D('',#3574,#2906,#2907);
#2360=AXIS2_PLACEMENT_3D('',#3577,#2910,#2911);
#2361=AXIS2_PLACEMENT_3D('',#3579,#2913,#2914);
#2362=AXIS2_PLACEMENT_3D('',#3581,#2916,#2917);
#2363=AXIS2_PLACEMENT_3D('',#3583,#2919,#2920);
#2364=AXIS2_PLACEMENT_3D('',#3584,#2921,#2922);
#2365=AXIS2_PLACEMENT_3D('',#3586,#2924,#2925);
#2366=AXIS2_PLACEMENT_3D('',#3588,#2927,#2928);
#2367=AXIS2_PLACEMENT_3D('',#3591,#2931,#2932);
#2368=AXIS2_PLACEMENT_3D('',#3592,#2933,#2934);
#2369=AXIS2_PLACEMENT_3D('',#3593,#2935,#2936);
#2370=AXIS2_PLACEMENT_3D('',#3595,#2938,#2939);
#2371=AXIS2_PLACEMENT_3D('',#3598,#2942,#2943);
#2372=AXIS2_PLACEMENT_3D('',#3600,#2945,#2946);
#2373=AXIS2_PLACEMENT_3D('',#3601,#2947,#2948);
#2374=AXIS2_PLACEMENT_3D('',#3602,#2949,#2950);
#2375=AXIS2_PLACEMENT_3D('',#3605,#2953,#2954);
#2376=AXIS2_PLACEMENT_3D('',#3607,#2956,#2957);
#2377=AXIS2_PLACEMENT_3D('',#3608,#2958,#2959);
#2378=AXIS2_PLACEMENT_3D('',#3609,#2960,#2961);
#2379=AXIS2_PLACEMENT_3D('',#3612,#2964,#2965);
#2380=AXIS2_PLACEMENT_3D('',#3614,#2967,#2968);
#2381=AXIS2_PLACEMENT_3D('',#3615,#2969,#2970);
#2382=AXIS2_PLACEMENT_3D('',#3621,#2974,#2975);
#2383=AXIS2_PLACEMENT_3D('',#3625,#2978,#2979);
#2384=AXIS2_PLACEMENT_3D('',#3629,#2982,#2983);
#2385=AXIS2_PLACEMENT_3D('',#3633,#2986,#2987);
#2386=AXIS2_PLACEMENT_3D('',#3637,#2990,#2991);
#2387=AXIS2_PLACEMENT_3D('',#3639,#2993,#2994);
#2388=AXIS2_PLACEMENT_3D('',#3641,#2996,#2997);
#2389=AXIS2_PLACEMENT_3D('',#3642,#2998,#2999);
#2390=AXIS2_PLACEMENT_3D('',#3643,#3000,#3001);
#2391=AXIS2_PLACEMENT_3D('',#3644,#3002,#3003);
#2392=AXIS2_PLACEMENT_3D('',#3646,#3005,#3006);
#2393=AXIS2_PLACEMENT_3D('',#3647,#3007,#3008);
#2394=AXIS2_PLACEMENT_3D('',#3648,#3009,#3010);
#2395=AXIS2_PLACEMENT_3D('',#3649,#3011,#3012);
#2396=AXIS2_PLACEMENT_3D('',#3650,#3013,#3014);
#2397=DIRECTION('axis',(0.,0.,1.));
#2398=DIRECTION('refdir',(1.,0.,0.));
#2399=DIRECTION('axis',(0.,0.,1.));
#2400=DIRECTION('refdir',(1.,0.,0.));
#2401=DIRECTION('axis',(0.,0.,1.));
#2402=DIRECTION('refdir',(1.,0.,0.));
#2403=DIRECTION('axis',(0.,0.,1.));
#2404=DIRECTION('refdir',(1.,0.,0.));
#2405=DIRECTION('center_axis',(-0.707106781186548,-0.707106781186547,3.10717122312189E-15));
#2406=DIRECTION('ref_axis',(4.39420368435437E-15,0.,1.));
#2407=DIRECTION('',(-0.707106781186547,0.707106781186548,3.14018491736755E-15));
#2408=DIRECTION('',(4.39420368435437E-15,0.,1.));
#2409=DIRECTION('',(0.707106781186547,-0.707106781186548,-3.14018491736755E-15));
#2410=DIRECTION('',(4.39420368435437E-15,0.,1.));
#2411=DIRECTION('center_axis',(0.707106781186565,-0.70710678118653,-3.10717122312196E-15));
#2412=DIRECTION('ref_axis',(-4.39420368435437E-15,0.,-1.));
#2413=DIRECTION('',(-0.70710678118653,-0.707106781186565,3.14018491736748E-15));
#2414=DIRECTION('',(-4.39420368435437E-15,0.,-1.));
#2415=DIRECTION('',(0.70710678118653,0.707106781186565,-3.14018491736748E-15));
#2416=DIRECTION('center_axis',(-1.,3.46731190767556E-14,4.39420368435437E-15));
#2417=DIRECTION('ref_axis',(3.46731190767556E-14,1.,-1.53979580538336E-28));
#2418=DIRECTION('',(3.46731190767556E-14,1.,-1.53979580538336E-28));
#2419=DIRECTION('',(4.39420368435437E-15,0.,1.));
#2420=DIRECTION('',(-3.46731190767556E-14,-1.,1.53979580538336E-28));
#2421=DIRECTION('center_axis',(-0.707106781186548,-0.707106781186548,3.10717122312189E-15));
#2422=DIRECTION('ref_axis',(4.39420368435437E-15,0.,1.));
#2423=DIRECTION('',(-0.707106781186548,0.707106781186548,3.14018491736755E-15));
#2424=DIRECTION('',(4.39420368435437E-15,0.,1.));
#2425=DIRECTION('',(0.707106781186548,-0.707106781186548,-3.14018491736755E-15));
#2426=DIRECTION('',(4.39420368435437E-15,0.,1.));
#2427=DIRECTION('center_axis',(0.707106781186549,-0.707106781186546,-3.10717122312189E-15));
#2428=DIRECTION('ref_axis',(-4.39420368435437E-15,0.,-1.));
#2429=DIRECTION('',(-0.707106781186546,-0.707106781186549,3.14018491736755E-15));
#2430=DIRECTION('',(-4.39420368435437E-15,0.,-1.));
#2431=DIRECTION('',(0.707106781186546,0.707106781186549,-3.14018491736755E-15));
#2432=DIRECTION('center_axis',(-1.,0.,4.39420368435437E-15));
#2433=DIRECTION('ref_axis',(0.,1.,0.));
#2434=DIRECTION('',(0.,1.,0.));
#2435=DIRECTION('',(4.39420368435437E-15,0.,1.));
#2436=DIRECTION('',(0.,-1.,0.));
#2437=DIRECTION('center_axis',(-4.43711582970939E-15,0.,-1.));
#2438=DIRECTION('ref_axis',(1.,0.,-4.43711582970939E-15));
#2439=DIRECTION('center_axis',(4.44089209850063E-15,0.,1.));
#2440=DIRECTION('ref_axis',(1.,0.,-4.43711582970939E-15));
#2441=DIRECTION('',(-4.43711582970939E-15,0.,-1.));
#2442=DIRECTION('center_axis',(4.44089209850063E-15,0.,1.));
#2443=DIRECTION('ref_axis',(1.,0.,-4.44089209850063E-15));
#2444=DIRECTION('',(-4.43711582970939E-15,0.,-1.));
#2445=DIRECTION('center_axis',(-0.224375318714905,0.974502804691492,9.95579278465996E-16));
#2446=DIRECTION('ref_axis',(0.974502804691492,0.224375318714905,-4.32766180532115E-15));
#2447=DIRECTION('',(-0.974502804691492,-0.224375318714905,4.32766180532115E-15));
#2448=DIRECTION('',(3.70074341541719E-15,0.,1.));
#2449=DIRECTION('',(4.22942104619107E-15,0.,1.));
#2450=DIRECTION('',(4.44089209850063E-15,0.,1.));
#2451=DIRECTION('',(-0.974502804691492,-0.224375318714905,4.32766180532115E-15));
#2452=DIRECTION('center_axis',(0.224375318714937,0.974502804691485,-9.95579278466135E-16));
#2453=DIRECTION('ref_axis',(0.974502804691485,-0.224375318714937,-4.32766180532112E-15));
#2454=DIRECTION('',(-0.974502804691485,0.224375318714937,4.32766180532112E-15));
#2455=DIRECTION('',(0.974502804691485,-0.224375318714937,-4.32766180532112E-15));
#2456=DIRECTION('',(4.44089209850063E-15,0.,1.));
#2457=DIRECTION('',(4.22942104619107E-15,0.,1.));
#2458=DIRECTION('',(3.70074341541719E-15,0.,1.));
#2459=DIRECTION('center_axis',(1.,0.,-4.39420368435437E-15));
#2460=DIRECTION('ref_axis',(0.,-1.,0.));
#2461=DIRECTION('',(0.,1.,0.));
#2462=DIRECTION('',(-4.39420368435437E-15,0.,-1.));
#2463=DIRECTION('',(0.,-1.,0.));
#2464=DIRECTION('center_axis',(1.,6.8321416900011E-16,-4.39420368435437E-15));
#2465=DIRECTION('ref_axis',(6.8321416900011E-16,-1.,-3.03408040469627E-30));
#2466=DIRECTION('',(-6.8321416900011E-16,1.,3.03408040469627E-30));
#2467=DIRECTION('',(-4.39420368435437E-15,0.,-1.));
#2468=DIRECTION('',(6.8321416900011E-16,-1.,-3.03408040469627E-30));
#2469=DIRECTION('center_axis',(4.44089209850063E-15,0.,1.));
#2470=DIRECTION('ref_axis',(1.,0.,-4.44089209850063E-15));
#2471=DIRECTION('',(1.,0.,-4.44089209850063E-15));
#2472=DIRECTION('',(0.873446751756698,0.486919676995778,-3.87888277833736E-15));
#2473=DIRECTION('center_axis',(4.44089209850063E-15,0.,1.));
#2474=DIRECTION('ref_axis',(1.,0.,-4.6404306149432E-15));
#2475=DIRECTION('',(-0.873446751756732,0.486919676995717,3.87888277833752E-15));
#2476=DIRECTION('',(-0.873446751756716,-0.486919676995746,3.87888277833744E-15));
#2477=DIRECTION('center_axis',(4.44089209850063E-15,0.,1.));
#2478=DIRECTION('ref_axis',(1.,0.,-4.6404306149432E-15));
#2479=DIRECTION('',(0.873446751756714,-0.486919676995749,-3.87888277833744E-15));
#2480=DIRECTION('',(1.,0.,-4.44089209850063E-15));
#2481=DIRECTION('',(1.,0.,-4.44089209850063E-15));
#2482=DIRECTION('center_axis',(0.,-1.,0.));
#2483=DIRECTION('ref_axis',(1.,0.,-4.44089209850063E-15));
#2484=DIRECTION('',(3.70074341541719E-15,0.,1.));
#2485=DIRECTION('',(1.,0.,-4.44089209850063E-15));
#2486=DIRECTION('center_axis',(0.,-1.,0.));
#2487=DIRECTION('ref_axis',(1.,0.,-4.44089209850063E-15));
#2488=DIRECTION('',(1.,0.,-4.44089209850063E-15));
#2489=DIRECTION('',(3.70074341541719E-15,0.,1.));
#2490=DIRECTION('center_axis',(4.44089209850063E-15,0.,1.));
#2491=DIRECTION('ref_axis',(1.,0.,-4.44089209850063E-15));
#2492=DIRECTION('',(1.53134210293125E-16,1.,-6.80052504500873E-31));
#2493=DIRECTION('',(0.873446751756732,-0.486919676995717,-3.87888277833752E-15));
#2494=DIRECTION('center_axis',(-4.44089209850063E-15,0.,-1.));
#2495=DIRECTION('ref_axis',(1.,0.,-4.6404306149432E-15));
#2496=DIRECTION('',(2.692147760937E-14,-1.,-1.19555377195413E-28));
#2497=DIRECTION('center_axis',(-4.44089209850063E-15,0.,-1.));
#2498=DIRECTION('ref_axis',(1.,0.,-3.36431219583384E-15));
#2499=DIRECTION('center_axis',(-0.486919676995746,0.873446751756716,2.16235774617489E-15));
#2500=DIRECTION('ref_axis',(-0.873446751756716,-0.486919676995746,3.87888277833744E-15));
#2501=DIRECTION('',(0.873446751756716,0.486919676995746,-3.87888277833744E-15));
#2502=DIRECTION('',(4.44089209850063E-15,0.,1.));
#2503=DIRECTION('center_axis',(0.486919676995717,0.873446751756732,-2.16235774617476E-15));
#2504=DIRECTION('ref_axis',(-0.873446751756732,0.486919676995717,3.87888277833752E-15));
#2505=DIRECTION('',(4.44089209850063E-15,0.,1.));
#2506=DIRECTION('center_axis',(4.44089209850063E-15,0.,1.));
#2507=DIRECTION('ref_axis',(1.,0.,-4.44089209850063E-15));
#2508=DIRECTION('',(-6.40987562127858E-15,1.,2.84655659989079E-29));
#2509=DIRECTION('center_axis',(-4.44089209850063E-15,0.,-1.));
#2510=DIRECTION('ref_axis',(1.,0.,-4.6404306149432E-15));
#2511=DIRECTION('',(0.,-1.,0.));
#2512=DIRECTION('center_axis',(-4.44089209850063E-15,0.,-1.));
#2513=DIRECTION('ref_axis',(1.,0.,-3.36431219583384E-15));
#2514=DIRECTION('center_axis',(1.,6.40987562127858E-15,-4.22942104619107E-15));
#2515=DIRECTION('ref_axis',(-6.40987562127858E-15,1.,2.84655659989079E-29));
#2516=DIRECTION('',(6.40987562127858E-15,-1.,-2.84655659989079E-29));
#2517=DIRECTION('',(4.22942104619107E-15,0.,1.));
#2518=DIRECTION('',(4.22942104619107E-15,0.,1.));
#2519=DIRECTION('center_axis',(4.22942104619107E-15,0.,1.));
#2520=DIRECTION('ref_axis',(1.,0.,-4.22942104619107E-15));
#2521=DIRECTION('center_axis',(4.44089209850063E-15,0.,1.));
#2522=DIRECTION('ref_axis',(1.,0.,-4.22942104619107E-15));
#2523=DIRECTION('',(4.22942104619107E-15,0.,1.));
#2524=DIRECTION('center_axis',(-1.,0.,4.22942104619107E-15));
#2525=DIRECTION('ref_axis',(0.,-1.,0.));
#2526=DIRECTION('',(0.,1.,0.));
#2527=DIRECTION('center_axis',(1.,-1.53134210293125E-16,-4.22942104619107E-15));
#2528=DIRECTION('ref_axis',(1.53134210293125E-16,1.,-6.80052504500873E-31));
#2529=DIRECTION('',(-1.53134210293125E-16,-1.,6.80052504500873E-31));
#2530=DIRECTION('',(4.22942104619107E-15,0.,1.));
#2531=DIRECTION('center_axis',(4.22942104619107E-15,0.,1.));
#2532=DIRECTION('ref_axis',(1.,0.,-4.22942104619107E-15));
#2533=DIRECTION('center_axis',(4.44089209850063E-15,0.,1.));
#2534=DIRECTION('ref_axis',(1.,0.,-4.22942104619107E-15));
#2535=DIRECTION('',(4.22942104619107E-15,0.,1.));
#2536=DIRECTION('center_axis',(-1.,-2.692147760937E-14,4.22942104619107E-15));
#2537=DIRECTION('ref_axis',(2.692147760937E-14,-1.,-1.19555377195413E-28));
#2538=DIRECTION('',(-2.692147760937E-14,1.,1.19555377195413E-28));
#2539=DIRECTION('',(4.22942104619107E-15,0.,1.));
#2540=DIRECTION('center_axis',(4.44089209850063E-15,0.,1.));
#2541=DIRECTION('ref_axis',(1.,0.,-4.44089209850063E-15));
#2542=DIRECTION('',(-0.873446751756716,-0.486919676995746,3.87888277833744E-15));
#2543=DIRECTION('center_axis',(4.44089209850063E-15,0.,1.));
#2544=DIRECTION('ref_axis',(1.,0.,-4.44089209850063E-15));
#2545=DIRECTION('center_axis',(4.44089209850063E-15,0.,1.));
#2546=DIRECTION('ref_axis',(1.,0.,-4.44089209850063E-15));
#2547=DIRECTION('center_axis',(4.44089209850063E-15,0.,1.));
#2548=DIRECTION('ref_axis',(1.,0.,-4.44089209850063E-15));
#2549=DIRECTION('',(-0.873446751756732,0.486919676995717,3.87888277833752E-15));
#2550=DIRECTION('center_axis',(-0.486919676995749,-0.873446751756714,1.80196478847908E-15));
#2551=DIRECTION('ref_axis',(0.873446751756714,-0.486919676995749,-3.87888277833744E-15));
#2552=DIRECTION('',(-0.873446751756714,0.486919676995749,3.87888277833744E-15));
#2553=DIRECTION('',(3.70074341541719E-15,0.,1.));
#2554=DIRECTION('center_axis',(3.70074341541719E-15,0.,1.));
#2555=DIRECTION('ref_axis',(-1.,2.78699993901511E-15,3.70074341541719E-15));
#2556=DIRECTION('center_axis',(4.44089209850063E-15,0.,1.));
#2557=DIRECTION('ref_axis',(1.,0.,-4.44089209850063E-15));
#2558=DIRECTION('',(3.70074341541719E-15,0.,1.));
#2559=DIRECTION('center_axis',(-0.486919676995746,0.873446751756716,1.80196478847907E-15));
#2560=DIRECTION('ref_axis',(-0.873446751756716,-0.486919676995746,3.87888277833744E-15));
#2561=DIRECTION('',(-0.873446751756716,-0.486919676995746,3.87888277833744E-15));
#2562=DIRECTION('center_axis',(0.486919676995717,0.873446751756732,-1.80196478847896E-15));
#2563=DIRECTION('ref_axis',(-0.873446751756732,0.486919676995717,3.87888277833752E-15));
#2564=DIRECTION('',(0.873446751756732,-0.486919676995717,-3.87888277833752E-15));
#2565=DIRECTION('',(3.70074341541719E-15,0.,1.));
#2566=DIRECTION('center_axis',(3.70074341541719E-15,0.,1.));
#2567=DIRECTION('ref_axis',(1.,0.,-3.70074341541719E-15));
#2568=DIRECTION('center_axis',(4.44089209850063E-15,0.,1.));
#2569=DIRECTION('ref_axis',(1.,0.,-4.44089209850063E-15));
#2570=DIRECTION('',(3.70074341541719E-15,0.,1.));
#2571=DIRECTION('center_axis',(0.486919676995778,-0.873446751756698,-1.80196478847919E-15));
#2572=DIRECTION('ref_axis',(0.873446751756698,0.486919676995778,-3.87888277833736E-15));
#2573=DIRECTION('',(0.873446751756698,0.486919676995778,-3.87888277833736E-15));
#2574=DIRECTION('center_axis',(0.,-1.,0.));
#2575=DIRECTION('ref_axis',(1.,0.,-4.44089209850063E-15));
#2576=DIRECTION('',(1.,0.,-4.44089209850063E-15));
#2577=DIRECTION('center_axis',(4.44089209850063E-15,0.,1.));
#2578=DIRECTION('ref_axis',(1.,0.,-4.44089209850063E-15));
#2579=DIRECTION('center_axis',(-4.44089209850063E-15,0.,-1.));
#2580=DIRECTION('ref_axis',(-1.,0.,4.44089209850063E-15));
#2581=DIRECTION('',(0.,-1.,0.));
#2582=DIRECTION('',(0.873446751756732,-0.486919676995717,-3.87888277833752E-15));
#2583=DIRECTION('center_axis',(-4.44089209850063E-15,0.,-1.));
#2584=DIRECTION('ref_axis',(1.,0.,-4.64043061494317E-15));
#2585=DIRECTION('',(-0.873446751756698,-0.486919676995778,3.87888277833736E-15));
#2586=DIRECTION('center_axis',(0.486919676995717,0.873446751756732,-2.16235774617476E-15));
#2587=DIRECTION('ref_axis',(0.873446751756732,-0.486919676995717,-3.87888277833752E-15));
#2588=DIRECTION('',(-0.873446751756732,0.486919676995717,3.87888277833752E-15));
#2589=DIRECTION('',(-4.44089209850063E-15,0.,-1.));
#2590=DIRECTION('',(0.,0.,-1.));
#2591=DIRECTION('center_axis',(-4.44089209850063E-15,0.,-1.));
#2592=DIRECTION('ref_axis',(-1.,0.,4.44089209850063E-15));
#2593=DIRECTION('',(-2.692147760937E-14,1.,1.19555377195413E-28));
#2594=DIRECTION('center_axis',(4.44089209850063E-15,0.,1.));
#2595=DIRECTION('ref_axis',(1.,0.,-4.64043061494317E-15));
#2596=DIRECTION('',(0.,1.,0.));
#2597=DIRECTION('center_axis',(4.44089209850063E-15,0.,1.));
#2598=DIRECTION('ref_axis',(1.,0.,-3.36431219583377E-15));
#2599=DIRECTION('center_axis',(1.,0.,0.));
#2600=DIRECTION('ref_axis',(0.,0.,-1.));
#2601=DIRECTION('',(0.,0.,-1.));
#2602=DIRECTION('',(0.,-1.,0.));
#2603=DIRECTION('',(4.22942104619107E-15,0.,1.));
#2604=DIRECTION('center_axis',(-4.44089209850063E-15,0.,-1.));
#2605=DIRECTION('ref_axis',(-1.,0.,4.44089209850063E-15));
#2606=DIRECTION('',(6.40987562127858E-15,-1.,-2.84655659989079E-29));
#2607=DIRECTION('center_axis',(4.44089209850063E-15,0.,1.));
#2608=DIRECTION('ref_axis',(1.,0.,-3.36431219583377E-15));
#2609=DIRECTION('',(0.,-1.,0.));
#2610=DIRECTION('',(-0.873446751756716,-0.486919676995746,3.87888277833744E-15));
#2611=DIRECTION('center_axis',(4.44089209850063E-15,0.,1.));
#2612=DIRECTION('ref_axis',(1.,0.,-4.64043061494317E-15));
#2613=DIRECTION('center_axis',(-0.486919676995746,0.873446751756716,2.16235774617489E-15));
#2614=DIRECTION('ref_axis',(0.873446751756716,0.486919676995746,-3.87888277833744E-15));
#2615=DIRECTION('',(0.,0.,1.));
#2616=DIRECTION('',(0.873446751756716,0.486919676995746,-3.87888277833744E-15));
#2617=DIRECTION('',(-4.44089209850063E-15,0.,-1.));
#2618=DIRECTION('center_axis',(-4.44089209850063E-15,0.,-1.));
#2619=DIRECTION('ref_axis',(-1.,0.,4.44089209850063E-15));
#2620=DIRECTION('center_axis',(-4.44089209850063E-15,0.,-1.));
#2621=DIRECTION('ref_axis',(1.,0.,-4.64043061494317E-15));
#2622=DIRECTION('',(0.,1.,0.));
#2623=DIRECTION('',(-0.873446751756714,0.486919676995749,3.87888277833744E-15));
#2624=DIRECTION('center_axis',(-1.,0.,0.));
#2625=DIRECTION('ref_axis',(0.,0.,1.));
#2626=DIRECTION('',(4.22942104619107E-15,0.,1.));
#2627=DIRECTION('',(0.,1.,0.));
#2628=DIRECTION('',(0.,0.,1.));
#2629=DIRECTION('center_axis',(-1.,0.,0.));
#2630=DIRECTION('ref_axis',(0.,0.,1.));
#2631=DIRECTION('',(0.,0.,1.));
#2632=DIRECTION('',(0.,1.,0.));
#2633=DIRECTION('',(0.,0.,1.));
#2634=DIRECTION('center_axis',(-1.,-2.692147760937E-14,4.22942104619107E-15));
#2635=DIRECTION('ref_axis',(-2.692147760937E-14,1.,1.19555377195413E-28));
#2636=DIRECTION('',(2.692147760937E-14,-1.,-1.19555377195413E-28));
#2637=DIRECTION('',(-4.22942104619107E-15,0.,-1.));
#2638=DIRECTION('',(-4.22942104619107E-15,0.,-1.));
#2639=DIRECTION('center_axis',(-4.22942104619107E-15,0.,-1.));
#2640=DIRECTION('ref_axis',(1.,0.,-4.22942104619107E-15));
#2641=DIRECTION('center_axis',(-4.44089209850063E-15,0.,-1.));
#2642=DIRECTION('ref_axis',(1.,0.,-4.22942104619107E-15));
#2643=DIRECTION('center_axis',(-4.22942104619107E-15,0.,-1.));
#2644=DIRECTION('ref_axis',(1.,0.,-4.22942104619107E-15));
#2645=DIRECTION('center_axis',(-4.44089209850063E-15,0.,-1.));
#2646=DIRECTION('ref_axis',(1.,0.,-4.22942104619107E-15));
#2647=DIRECTION('',(-4.22942104619107E-15,0.,-1.));
#2648=DIRECTION('center_axis',(1.,6.40987562127858E-15,-4.22942104619107E-15));
#2649=DIRECTION('ref_axis',(6.40987562127858E-15,-1.,-2.84655659989079E-29));
#2650=DIRECTION('',(-6.40987562127858E-15,1.,2.84655659989079E-29));
#2651=DIRECTION('',(-4.22942104619107E-15,0.,-1.));
#2652=DIRECTION('center_axis',(4.44089209850063E-15,0.,1.));
#2653=DIRECTION('ref_axis',(1.,0.,-4.44089209850063E-15));
#2654=DIRECTION('center_axis',(-4.44089209850063E-15,0.,-1.));
#2655=DIRECTION('ref_axis',(1.,0.,-4.44089209850063E-15));
#2656=DIRECTION('',(0.873446751756716,0.486919676995746,-3.87888277833744E-15));
#2657=DIRECTION('center_axis',(4.44089209850063E-15,0.,1.));
#2658=DIRECTION('ref_axis',(1.,0.,-4.44089209850063E-15));
#2659=DIRECTION('',(0.873446751756732,-0.486919676995717,-3.87888277833752E-15));
#2660=DIRECTION('center_axis',(-4.44089209850063E-15,0.,-1.));
#2661=DIRECTION('ref_axis',(1.,0.,-4.44089209850063E-15));
#2662=DIRECTION('center_axis',(0.486919676995778,-0.873446751756698,-1.80196478847919E-15));
#2663=DIRECTION('ref_axis',(-0.873446751756698,-0.486919676995778,3.87888277833736E-15));
#2664=DIRECTION('',(0.873446751756698,0.486919676995778,-3.87888277833736E-15));
#2665=DIRECTION('',(0.,0.,-1.));
#2666=DIRECTION('',(-3.70074341541719E-15,0.,-1.));
#2667=DIRECTION('center_axis',(-3.70074341541719E-15,0.,-1.));
#2668=DIRECTION('ref_axis',(1.,0.,-3.70074341541719E-15));
#2669=DIRECTION('center_axis',(4.44089209850063E-15,0.,1.));
#2670=DIRECTION('ref_axis',(1.,0.,-4.44089209850063E-15));
#2671=DIRECTION('',(-3.70074341541719E-15,0.,-1.));
#2672=DIRECTION('center_axis',(0.486919676995717,0.873446751756732,-1.80196478847896E-15));
#2673=DIRECTION('ref_axis',(0.873446751756732,-0.486919676995717,-3.87888277833752E-15));
#2674=DIRECTION('',(0.873446751756732,-0.486919676995717,-3.87888277833752E-15));
#2675=DIRECTION('',(0.,0.,-1.));
#2676=DIRECTION('center_axis',(1.,0.,0.));
#2677=DIRECTION('ref_axis',(0.,0.,-1.));
#2678=DIRECTION('',(0.,-1.,0.));
#2679=DIRECTION('',(0.,0.,1.));
#2680=DIRECTION('',(0.,-1.,0.));
#2681=DIRECTION('',(0.,0.,-1.));
#2682=DIRECTION('center_axis',(-3.70074341541719E-15,0.,-1.));
#2683=DIRECTION('ref_axis',(-1.,1.65389215948552E-15,3.70074341541719E-15));
#2684=DIRECTION('center_axis',(4.44089209850063E-15,0.,1.));
#2685=DIRECTION('ref_axis',(1.,0.,-4.44089209850063E-15));
#2686=DIRECTION('',(-3.70074341541719E-15,0.,-1.));
#2687=DIRECTION('',(-3.70074341541719E-15,0.,-1.));
#2688=DIRECTION('center_axis',(-0.486919676995749,-0.873446751756714,1.80196478847908E-15));
#2689=DIRECTION('ref_axis',(-0.873446751756714,0.486919676995749,3.87888277833744E-15));
#2690=DIRECTION('',(-0.873446751756714,0.486919676995749,3.87888277833744E-15));
#2691=DIRECTION('',(0.,0.,1.));
#2692=DIRECTION('center_axis',(-0.486919676995746,0.873446751756716,1.80196478847907E-15));
#2693=DIRECTION('ref_axis',(0.873446751756716,0.486919676995746,-3.87888277833744E-15));
#2694=DIRECTION('',(-0.873446751756716,-0.486919676995746,3.87888277833744E-15));
#2695=DIRECTION('',(0.,0.,1.));
#2696=DIRECTION('center_axis',(0.,1.,0.));
#2697=DIRECTION('ref_axis',(-0.707106781186547,0.,-0.707106781186548));
#2698=DIRECTION('center_axis',(0.,-1.,0.));
#2699=DIRECTION('ref_axis',(-0.707106781186547,0.,-0.707106781186548));
#2700=DIRECTION('',(0.,1.,0.));
#2701=DIRECTION('center_axis',(0.,1.,0.));
#2702=DIRECTION('ref_axis',(-0.707106781186547,0.,-0.707106781186548));
#2703=DIRECTION('',(0.,-1.,0.));
#2704=DIRECTION('center_axis',(-2.53765262771461E-15,0.,1.));
#2705=DIRECTION('ref_axis',(1.,0.,2.53765262771461E-15));
#2706=DIRECTION('',(-1.,0.,-2.53765262771461E-15));
#2707=DIRECTION('',(0.,-1.,0.));
#2708=DIRECTION('',(-1.,0.,-2.53765262771461E-15));
#2709=DIRECTION('center_axis',(0.,1.,0.));
#2710=DIRECTION('ref_axis',(0.707106781186548,0.,0.707106781186547));
#2711=DIRECTION('center_axis',(0.,-1.,0.));
#2712=DIRECTION('ref_axis',(0.707106781186548,0.,0.707106781186547));
#2713=DIRECTION('center_axis',(0.,1.,0.));
#2714=DIRECTION('ref_axis',(0.707106781186548,0.,0.707106781186547));
#2715=DIRECTION('',(0.,1.,0.));
#2716=DIRECTION('center_axis',(1.,0.,-1.33226762955019E-15));
#2717=DIRECTION('ref_axis',(-1.33226762955019E-15,0.,-1.));
#2718=DIRECTION('',(1.33226762955019E-15,0.,1.));
#2719=DIRECTION('',(0.,-1.,0.));
#2720=DIRECTION('',(1.33226762955019E-15,0.,1.));
#2721=DIRECTION('center_axis',(0.,1.,0.));
#2722=DIRECTION('ref_axis',(-1.,0.,0.));
#2723=DIRECTION('',(7.72329060608805E-17,0.,1.));
#2724=DIRECTION('',(-1.,0.,0.));
#2725=DIRECTION('',(0.,0.,-1.));
#2726=DIRECTION('',(1.,0.,-4.44089209850063E-15));
#2727=DIRECTION('',(-1.,0.,0.));
#2728=DIRECTION('',(-7.72329060608805E-17,0.,-1.));
#2729=DIRECTION('',(-1.,0.,0.));
#2730=DIRECTION('',(7.72329060608805E-17,0.,1.));
#2731=DIRECTION('',(-1.,0.,0.));
#2732=DIRECTION('',(0.,0.,1.));
#2733=DIRECTION('',(1.,0.,-4.44089209850063E-15));
#2734=DIRECTION('',(-1.,0.,0.));
#2735=DIRECTION('',(-7.72329060608805E-17,0.,-1.));
#2736=DIRECTION('center_axis',(0.,-1.,0.));
#2737=DIRECTION('ref_axis',(0.707106781186545,0.,-0.70710678118655));
#2738=DIRECTION('',(1.,0.,-3.17206578464327E-15));
#2739=DIRECTION('center_axis',(0.,1.,0.));
#2740=DIRECTION('ref_axis',(-0.707106781186545,0.,0.70710678118655));
#2741=DIRECTION('',(-4.44089209850063E-16,0.,1.));
#2742=DIRECTION('center_axis',(0.,1.,0.));
#2743=DIRECTION('ref_axis',(-0.707106781186547,0.,-0.707106781186547));
#2744=DIRECTION('',(-1.,0.,-6.34413156928654E-16));
#2745=DIRECTION('center_axis',(0.,-1.,0.));
#2746=DIRECTION('ref_axis',(0.707106781186549,0.,0.707106781186546));
#2747=DIRECTION('',(-7.72329060608805E-17,0.,-1.));
#2748=DIRECTION('center_axis',(0.,-1.,0.));
#2749=DIRECTION('ref_axis',(0.707106781186546,0.,-0.707106781186549));
#2750=DIRECTION('',(1.,0.,-1.90323947078598E-15));
#2751=DIRECTION('center_axis',(0.,1.,0.));
#2752=DIRECTION('ref_axis',(-0.707106781186547,0.,0.707106781186547));
#2753=DIRECTION('',(-1.33226762955019E-15,0.,1.));
#2754=DIRECTION('center_axis',(0.,1.,0.));
#2755=DIRECTION('ref_axis',(-0.707106781186546,0.,-0.707106781186549));
#2756=DIRECTION('',(-1.,0.,0.));
#2757=DIRECTION('center_axis',(0.,-1.,0.));
#2758=DIRECTION('ref_axis',(0.707106781186547,0.,0.707106781186547));
#2759=DIRECTION('',(-7.72329060608805E-17,0.,-1.));
#2760=DIRECTION('',(1.,0.,0.));
#2761=DIRECTION('',(7.72329060608805E-17,0.,1.));
#2762=DIRECTION('center_axis',(0.,-1.,0.));
#2763=DIRECTION('ref_axis',(-0.707106781186546,0.,0.707106781186549));
#2764=DIRECTION('',(1.,0.,0.));
#2765=DIRECTION('center_axis',(0.,1.,0.));
#2766=DIRECTION('ref_axis',(0.707106781186546,0.,-0.707106781186549));
#2767=DIRECTION('',(2.22044604925031E-15,0.,1.));
#2768=DIRECTION('center_axis',(0.,1.,0.));
#2769=DIRECTION('ref_axis',(0.707106781186547,0.,0.707106781186548));
#2770=DIRECTION('',(-1.,0.,-1.90323947078598E-15));
#2771=DIRECTION('center_axis',(0.,-1.,0.));
#2772=DIRECTION('ref_axis',(-0.707106781186547,0.,-0.707106781186547));
#2773=DIRECTION('',(7.72329060608805E-17,0.,1.));
#2774=DIRECTION('center_axis',(0.,-1.,0.));
#2775=DIRECTION('ref_axis',(-0.707106781186547,0.,0.707106781186547));
#2776=DIRECTION('',(1.,0.,-2.53765262771462E-15));
#2777=DIRECTION('center_axis',(0.,1.,0.));
#2778=DIRECTION('ref_axis',(0.707106781186545,0.,-0.70710678118655));
#2779=DIRECTION('',(7.72329060608805E-17,0.,1.));
#2780=DIRECTION('center_axis',(0.,1.,0.));
#2781=DIRECTION('ref_axis',(-1.,0.,0.));
#2782=DIRECTION('center_axis',(0.,1.,0.));
#2783=DIRECTION('ref_axis',(-1.,0.,0.));
#2784=DIRECTION('',(-7.72329060608805E-17,0.,-1.));
#2785=DIRECTION('center_axis',(0.,1.,0.));
#2786=DIRECTION('ref_axis',(-1.,0.,0.));
#2787=DIRECTION('',(7.72329060608805E-17,0.,1.));
#2788=DIRECTION('center_axis',(0.,1.,0.));
#2789=DIRECTION('ref_axis',(-1.,0.,0.));
#2790=DIRECTION('',(-7.72329060608805E-17,0.,-1.));
#2791=DIRECTION('center_axis',(0.,1.,0.));
#2792=DIRECTION('ref_axis',(0.707106781186545,0.,-0.70710678118655));
#2793=DIRECTION('center_axis',(0.,-1.,0.));
#2794=DIRECTION('ref_axis',(0.707106781186545,0.,-0.70710678118655));
#2795=DIRECTION('',(0.,1.,0.));
#2796=DIRECTION('center_axis',(0.,1.,0.));
#2797=DIRECTION('ref_axis',(0.,0.,1.));
#2798=DIRECTION('',(1.,0.,-2.53765262771462E-15));
#2799=DIRECTION('center_axis',(0.,1.,0.));
#2800=DIRECTION('ref_axis',(-0.707106781186547,0.,0.707106781186547));
#2801=DIRECTION('',(-7.72329060608805E-17,0.,-1.));
#2802=DIRECTION('center_axis',(0.,1.,0.));
#2803=DIRECTION('ref_axis',(-0.707106781186547,0.,-0.707106781186547));
#2804=DIRECTION('',(-1.,0.,-1.90323947078598E-15));
#2805=DIRECTION('center_axis',(0.,-1.,0.));
#2806=DIRECTION('ref_axis',(0.707106781186547,0.,0.707106781186548));
#2807=DIRECTION('',(2.22044604925031E-15,0.,1.));
#2808=DIRECTION('center_axis',(0.,-1.,0.));
#2809=DIRECTION('ref_axis',(0.707106781186546,0.,-0.707106781186549));
#2810=DIRECTION('',(1.,0.,0.));
#2811=DIRECTION('center_axis',(0.,1.,0.));
#2812=DIRECTION('ref_axis',(-0.707106781186546,0.,0.707106781186549));
#2813=DIRECTION('',(-7.72329060608805E-17,0.,-1.));
#2814=DIRECTION('',(-1.,0.,0.));
#2815=DIRECTION('',(7.72329060608805E-17,0.,1.));
#2816=DIRECTION('center_axis',(0.,1.,0.));
#2817=DIRECTION('ref_axis',(0.707106781186547,0.,0.707106781186547));
#2818=DIRECTION('',(1.,0.,0.));
#2819=DIRECTION('center_axis',(0.,-1.,0.));
#2820=DIRECTION('ref_axis',(-0.707106781186546,0.,-0.707106781186549));
#2821=DIRECTION('',(1.33226762955019E-15,0.,-1.));
#2822=DIRECTION('center_axis',(0.,-1.,0.));
#2823=DIRECTION('ref_axis',(-0.707106781186547,0.,0.707106781186547));
#2824=DIRECTION('',(-1.,0.,1.90323947078598E-15));
#2825=DIRECTION('center_axis',(0.,1.,0.));
#2826=DIRECTION('ref_axis',(0.707106781186546,0.,-0.707106781186549));
#2827=DIRECTION('',(7.72329060608805E-17,0.,1.));
#2828=DIRECTION('center_axis',(0.,1.,0.));
#2829=DIRECTION('ref_axis',(0.707106781186549,0.,0.707106781186546));
#2830=DIRECTION('',(1.,0.,6.34413156928654E-16));
#2831=DIRECTION('center_axis',(0.,-1.,0.));
#2832=DIRECTION('ref_axis',(-0.707106781186547,0.,-0.707106781186547));
#2833=DIRECTION('',(4.44089209850063E-16,0.,-1.));
#2834=DIRECTION('center_axis',(0.,-1.,0.));
#2835=DIRECTION('ref_axis',(-0.707106781186545,0.,0.70710678118655));
#2836=DIRECTION('',(-1.,0.,3.17206578464327E-15));
#2837=DIRECTION('center_axis',(0.,1.,0.));
#2838=DIRECTION('ref_axis',(0.707106781186545,0.,-0.70710678118655));
#2839=DIRECTION('',(7.72329060608805E-17,0.,1.));
#2840=DIRECTION('',(-1.,0.,0.));
#2841=DIRECTION('',(1.,0.,-4.44089209850063E-15));
#2842=DIRECTION('',(0.,0.,-1.));
#2843=DIRECTION('',(-1.,0.,0.));
#2844=DIRECTION('',(-7.72329060608805E-17,0.,-1.));
#2845=DIRECTION('',(7.72329060608805E-17,0.,1.));
#2846=DIRECTION('center_axis',(0.,1.,0.));
#2847=DIRECTION('ref_axis',(-1.,0.,0.));
#2848=DIRECTION('',(-7.72329060608805E-17,0.,-1.));
#2849=DIRECTION('center_axis',(0.,1.,0.));
#2850=DIRECTION('ref_axis',(-1.,0.,0.));
#2851=DIRECTION('',(7.72329060608805E-17,0.,1.));
#2852=DIRECTION('center_axis',(0.,1.,0.));
#2853=DIRECTION('ref_axis',(-1.,0.,0.));
#2854=DIRECTION('center_axis',(0.,1.,0.));
#2855=DIRECTION('ref_axis',(-1.,0.,0.));
#2856=DIRECTION('',(-7.72329060608805E-17,0.,-1.));
#2857=DIRECTION('center_axis',(-2.53765262771462E-15,0.,-1.));
#2858=DIRECTION('ref_axis',(-1.,0.,2.53765262771462E-15));
#2859=DIRECTION('',(0.,-1.,0.));
#2860=DIRECTION('center_axis',(0.,-1.,0.));
#2861=DIRECTION('ref_axis',(-0.707106781186547,0.,0.707106781186547));
#2862=DIRECTION('',(0.,1.,0.));
#2863=DIRECTION('center_axis',(0.,1.,0.));
#2864=DIRECTION('ref_axis',(-0.707106781186547,0.,-0.707106781186547));
#2865=DIRECTION('',(0.,1.,0.));
#2866=DIRECTION('',(0.,-1.,0.));
#2867=DIRECTION('center_axis',(-1.90323947078598E-15,0.,1.));
#2868=DIRECTION('ref_axis',(1.,0.,1.90323947078598E-15));
#2869=DIRECTION('',(0.,-1.,0.));
#2870=DIRECTION('center_axis',(0.,1.,0.));
#2871=DIRECTION('ref_axis',(0.707106781186547,0.,0.707106781186548));
#2872=DIRECTION('',(0.,1.,0.));
#2873=DIRECTION('center_axis',(1.,0.,-2.22044604925031E-15));
#2874=DIRECTION('ref_axis',(-2.22044604925031E-15,0.,-1.));
#2875=DIRECTION('',(0.,-1.,0.));
#2876=DIRECTION('center_axis',(0.,1.,0.));
#2877=DIRECTION('ref_axis',(0.707106781186546,0.,-0.707106781186549));
#2878=DIRECTION('',(0.,1.,0.));
#2879=DIRECTION('center_axis',(0.,0.,-1.));
#2880=DIRECTION('ref_axis',(-1.,0.,0.));
#2881=DIRECTION('',(0.,-1.,0.));
#2882=DIRECTION('center_axis',(0.,-1.,0.));
#2883=DIRECTION('ref_axis',(-0.707106781186546,0.,0.707106781186549));
#2884=DIRECTION('',(0.,1.,0.));
#2885=DIRECTION('center_axis',(0.,-1.,0.));
#2886=DIRECTION('ref_axis',(0.707106781186545,0.,-0.70710678118655));
#2887=DIRECTION('',(0.,-1.,0.));
#2888=DIRECTION('',(0.,1.,0.));
#2889=DIRECTION('center_axis',(3.17206578464327E-15,0.,1.));
#2890=DIRECTION('ref_axis',(1.,0.,-3.17206578464327E-15));
#2891=DIRECTION('',(0.,1.,0.));
#2892=DIRECTION('center_axis',(0.,-1.,0.));
#2893=DIRECTION('ref_axis',(0.707106781186546,0.,-0.707106781186549));
#2894=DIRECTION('',(0.,-1.,0.));
#2895=DIRECTION('',(0.,1.,0.));
#2896=DIRECTION('center_axis',(1.90323947078598E-15,0.,1.));
#2897=DIRECTION('ref_axis',(1.,0.,-1.90323947078598E-15));
#2898=DIRECTION('',(0.,1.,0.));
#2899=DIRECTION('center_axis',(0.,1.,0.));
#2900=DIRECTION('ref_axis',(0.707106781186549,0.,0.707106781186546));
#2901=DIRECTION('',(0.,1.,0.));
#2902=DIRECTION('',(0.,-1.,0.));
#2903=DIRECTION('center_axis',(6.34413156928654E-16,0.,-1.));
#2904=DIRECTION('ref_axis',(-1.,0.,-6.34413156928654E-16));
#2905=DIRECTION('',(0.,-1.,0.));
#2906=DIRECTION('center_axis',(0.,1.,0.));
#2907=DIRECTION('ref_axis',(0.707106781186547,0.,0.707106781186547));
#2908=DIRECTION('',(0.,1.,0.));
#2909=DIRECTION('',(0.,-1.,0.));
#2910=DIRECTION('center_axis',(0.,0.,-1.));
#2911=DIRECTION('ref_axis',(-1.,0.,0.));
#2912=DIRECTION('',(0.,-1.,0.));
#2913=DIRECTION('center_axis',(0.,1.,0.));
#2914=DIRECTION('ref_axis',(-0.707106781186545,0.,0.70710678118655));
#2915=DIRECTION('',(0.,-1.,0.));
#2916=DIRECTION('center_axis',(-1.,0.,-4.44089209850063E-16));
#2917=DIRECTION('ref_axis',(-4.44089209850063E-16,0.,1.));
#2918=DIRECTION('',(0.,1.,0.));
#2919=DIRECTION('center_axis',(0.,1.,0.));
#2920=DIRECTION('ref_axis',(-0.707106781186547,0.,-0.707106781186547));
#2921=DIRECTION('center_axis',(0.,1.,0.));
#2922=DIRECTION('ref_axis',(-0.707106781186547,0.,0.707106781186547));
#2923=DIRECTION('',(0.,-1.,0.));
#2924=DIRECTION('center_axis',(0.,1.,0.));
#2925=DIRECTION('ref_axis',(-0.707106781186546,0.,-0.707106781186549));
#2926=DIRECTION('',(0.,1.,0.));
#2927=DIRECTION('center_axis',(0.,1.,0.));
#2928=DIRECTION('ref_axis',(1.,0.,1.22464679914735E-16));
#2929=DIRECTION('',(0.,1.,0.));
#2930=DIRECTION('',(0.,-1.,0.));
#2931=DIRECTION('center_axis',(1.,0.,-7.72329060608805E-17));
#2932=DIRECTION('ref_axis',(-7.72329060608805E-17,0.,-1.));
#2933=DIRECTION('center_axis',(1.,0.,-7.72329060608805E-17));
#2934=DIRECTION('ref_axis',(-7.72329060608805E-17,0.,-1.));
#2935=DIRECTION('center_axis',(1.,0.,-7.72329060608805E-17));
#2936=DIRECTION('ref_axis',(-7.72329060608805E-17,0.,-1.));
#2937=DIRECTION('',(0.,1.,0.));
#2938=DIRECTION('center_axis',(0.,1.,0.));
#2939=DIRECTION('ref_axis',(-1.,0.,0.));
#2940=DIRECTION('',(0.,1.,0.));
#2941=DIRECTION('',(0.,-1.,0.));
#2942=DIRECTION('center_axis',(-1.,0.,7.72329060608805E-17));
#2943=DIRECTION('ref_axis',(7.72329060608805E-17,0.,1.));
#2944=DIRECTION('',(0.,1.,0.));
#2945=DIRECTION('center_axis',(-1.,0.,7.72329060608805E-17));
#2946=DIRECTION('ref_axis',(7.72329060608805E-17,0.,1.));
#2947=DIRECTION('center_axis',(-1.,0.,7.72329060608805E-17));
#2948=DIRECTION('ref_axis',(7.72329060608805E-17,0.,1.));
#2949=DIRECTION('center_axis',(0.,1.,0.));
#2950=DIRECTION('ref_axis',(1.,0.,-4.76251662843595E-15));
#2951=DIRECTION('',(0.,1.,0.));
#2952=DIRECTION('',(0.,-1.,0.));
#2953=DIRECTION('center_axis',(1.,0.,-7.72329060608805E-17));
#2954=DIRECTION('ref_axis',(-7.72329060608805E-17,0.,-1.));
#2955=DIRECTION('',(0.,1.,0.));
#2956=DIRECTION('center_axis',(1.,0.,-7.72329060608805E-17));
#2957=DIRECTION('ref_axis',(-7.72329060608805E-17,0.,-1.));
#2958=DIRECTION('center_axis',(-1.,0.,-1.33226762955019E-15));
#2959=DIRECTION('ref_axis',(-1.33226762955019E-15,0.,1.));
#2960=DIRECTION('center_axis',(0.,1.,0.));
#2961=DIRECTION('ref_axis',(-1.,0.,0.));
#2962=DIRECTION('',(0.,1.,0.));
#2963=DIRECTION('',(0.,-1.,0.));
#2964=DIRECTION('center_axis',(-1.,0.,7.72329060608805E-17));
#2965=DIRECTION('ref_axis',(7.72329060608805E-17,0.,1.));
#2966=DIRECTION('',(0.,1.,0.));
#2967=DIRECTION('center_axis',(-1.,0.,7.72329060608805E-17));
#2968=DIRECTION('ref_axis',(7.72329060608805E-17,0.,1.));
#2969=DIRECTION('center_axis',(-1.,0.,0.));
#2970=DIRECTION('ref_axis',(0.,0.,1.));
#2971=DIRECTION('',(0.,-1.,0.));
#2972=DIRECTION('',(0.,0.,-1.));
#2973=DIRECTION('',(0.,1.,0.));
#2974=DIRECTION('center_axis',(0.,0.,-1.));
#2975=DIRECTION('ref_axis',(-1.,0.,0.));
#2976=DIRECTION('',(0.,1.,0.));
#2977=DIRECTION('',(1.,0.,0.));
#2978=DIRECTION('center_axis',(-1.,0.,7.72329060608805E-17));
#2979=DIRECTION('ref_axis',(7.72329060608805E-17,0.,1.));
#2980=DIRECTION('',(0.,-1.,0.));
#2981=DIRECTION('',(-7.72329060608805E-17,0.,-1.));
#2982=DIRECTION('center_axis',(0.,0.,-1.));
#2983=DIRECTION('ref_axis',(-1.,0.,0.));
#2984=DIRECTION('',(0.,-1.,0.));
#2985=DIRECTION('',(1.,0.,0.));
#2986=DIRECTION('center_axis',(1.,0.,-7.72329060608805E-17));
#2987=DIRECTION('ref_axis',(-7.72329060608805E-17,0.,-1.));
#2988=DIRECTION('',(0.,1.,0.));
#2989=DIRECTION('',(7.72329060608805E-17,0.,1.));
#2990=DIRECTION('center_axis',(0.,0.,-1.));
#2991=DIRECTION('ref_axis',(-1.,0.,0.));
#2992=DIRECTION('',(1.,0.,0.));
#2993=DIRECTION('center_axis',(0.,1.,0.));
#2994=DIRECTION('ref_axis',(0.,0.,1.));
#2995=DIRECTION('',(1.,0.,-4.44089209850063E-15));
#2996=DIRECTION('center_axis',(4.44089209850063E-15,0.,1.));
#2997=DIRECTION('ref_axis',(1.,0.,-4.44089209850063E-15));
#2998=DIRECTION('center_axis',(0.,0.,-1.));
#2999=DIRECTION('ref_axis',(-1.,0.,0.));
#3000=DIRECTION('center_axis',(0.,0.,-1.));
#3001=DIRECTION('ref_axis',(-1.,0.,0.));
#3002=DIRECTION('center_axis',(0.,0.,-1.));
#3003=DIRECTION('ref_axis',(-1.,0.,0.));
#3004=DIRECTION('',(0.,1.,0.));
#3005=DIRECTION('center_axis',(1.,0.,0.));
#3006=DIRECTION('ref_axis',(0.,0.,-1.));
#3007=DIRECTION('',(0.,0.,1.));
#3008=DIRECTION('',(1.,0.,0.));
#3009=DIRECTION('',(0.,0.,1.));
#3010=DIRECTION('',(1.,0.,0.));
#3011=DIRECTION('',(0.,0.,1.));
#3012=DIRECTION('',(1.,0.,0.));
#3013=DIRECTION('center_axis',(0.,0.,1.));
#3014=DIRECTION('ref_axis',(1.,0.,0.));
#3015=CARTESIAN_POINT('',(0.,0.,0.));
#3016=CARTESIAN_POINT('',(0.,0.,0.));
#3017=CARTESIAN_POINT('',(0.,0.,0.));
#3018=CARTESIAN_POINT('',(0.,0.,0.));
#3019=CARTESIAN_POINT('Origin',(16.0000000000001,60.5999999999993,64.8499999999998));
#3020=CARTESIAN_POINT('',(18.0000000000001,58.5999999999993,64.8499999999998));
#3021=CARTESIAN_POINT('',(14.0000000000005,62.5999999999993,64.8499999999998));
#3022=CARTESIAN_POINT('',(14.3749999999999,62.2249999999995,64.8499999999998));
#3023=CARTESIAN_POINT('',(14.0000000000004,62.5999999999993,57.4999999999999));
#3024=CARTESIAN_POINT('',(14.0000000000005,62.5999999999993,64.8499999999998));
#3025=CARTESIAN_POINT('',(18.,58.5999999999993,57.4999999999998));
#3026=CARTESIAN_POINT('',(14.3749999999998,62.2249999999995,57.4999999999999));
#3027=CARTESIAN_POINT('',(18.0000000000001,58.5999999999993,64.8499999999998));
#3028=CARTESIAN_POINT('Origin',(12.0000000000004,60.5999999999991,64.8499999999998));
#3029=CARTESIAN_POINT('',(10.0000000000003,58.5999999999989,64.8499999999999));
#3030=CARTESIAN_POINT('',(6.62500000000084,55.2249999999993,64.8499999999999));
#3031=CARTESIAN_POINT('',(10.0000000000003,58.5999999999989,57.4999999999999));
#3032=CARTESIAN_POINT('',(10.0000000000003,58.5999999999989,64.8499999999999));
#3033=CARTESIAN_POINT('',(6.62500000000081,55.2249999999993,57.4999999999999));
#3034=CARTESIAN_POINT('Origin',(9.99999999999957,36.5999999999995,64.8499999999999));
#3035=CARTESIAN_POINT('',(9.99999999999957,36.5999999999995,64.8499999999999));
#3036=CARTESIAN_POINT('',(9.99999999999982,43.8499999999997,64.8499999999999));
#3037=CARTESIAN_POINT('',(9.99999999999954,36.5999999999995,57.4999999999999));
#3038=CARTESIAN_POINT('',(9.99999999999955,36.6,61.1749999999999));
#3039=CARTESIAN_POINT('',(9.99999999999979,43.8499999999997,57.4999999999999));
#3040=CARTESIAN_POINT('Origin',(-11.9999999999995,60.5999999999993,64.85));
#3041=CARTESIAN_POINT('',(-9.99999999999952,58.5999999999993,64.8499999999999));
#3042=CARTESIAN_POINT('',(-13.9999999999995,62.5999999999993,64.85));
#3043=CARTESIAN_POINT('',(-6.62499999999984,55.2249999999996,64.8499999999999));
#3044=CARTESIAN_POINT('',(-13.9999999999995,62.5999999999993,57.5));
#3045=CARTESIAN_POINT('',(-13.9999999999995,62.5999999999993,64.85));
#3046=CARTESIAN_POINT('',(-9.99999999999955,58.5999999999993,57.5));
#3047=CARTESIAN_POINT('',(-6.62499999999987,55.2249999999996,57.4999999999999));
#3048=CARTESIAN_POINT('',(-9.99999999999951,58.5999999999993,64.8499999999999));
#3049=CARTESIAN_POINT('Origin',(-15.9999999999995,60.5999999999993,64.85));
#3050=CARTESIAN_POINT('',(-17.9999999999995,58.5999999999992,64.85));
#3051=CARTESIAN_POINT('',(-14.3749999999993,62.2249999999995,64.85));
#3052=CARTESIAN_POINT('',(-17.9999999999995,58.5999999999992,57.5));
#3053=CARTESIAN_POINT('',(-17.9999999999995,58.5999999999992,64.85));
#3054=CARTESIAN_POINT('',(-14.3749999999993,62.2249999999995,57.5));
#3055=CARTESIAN_POINT('Origin',(-17.9999999999995,36.6,64.85));
#3056=CARTESIAN_POINT('',(-17.9999999999995,36.6,64.85));
#3057=CARTESIAN_POINT('',(-17.9999999999995,43.8500000000002,64.85));
#3058=CARTESIAN_POINT('',(-17.9999999999995,36.6,57.5));
#3059=CARTESIAN_POINT('',(-17.9999999999995,36.6,61.175));
#3060=CARTESIAN_POINT('',(-17.9999999999995,43.8500000000002,57.5));
#3061=CARTESIAN_POINT('Origin',(5.27800025906799E-13,68.0999999999993,64.8499999999999));
#3062=CARTESIAN_POINT('',(0.560938296787835,70.536257011728,57.4999999999999));
#3063=CARTESIAN_POINT('',(-0.560938296786767,70.536257011728,57.4999999999999));
#3064=CARTESIAN_POINT('Origin',(4.95187224558435E-13,68.0999999999993,57.4999999999999));
#3065=CARTESIAN_POINT('',(-0.560938296786734,70.536257011728,64.8499999999999));
#3066=CARTESIAN_POINT('',(-0.560938296786734,70.536257011728,64.8499999999999));
#3067=CARTESIAN_POINT('',(0.560938296787868,70.536257011728,64.8499999999999));
#3068=CARTESIAN_POINT('Origin',(5.27800025906799E-13,68.0999999999993,64.8499999999999));
#3069=CARTESIAN_POINT('',(0.560938296787868,70.536257011728,64.8499999999999));
#3070=CARTESIAN_POINT('Origin',(-22.,65.6,64.85));
#3071=CARTESIAN_POINT('',(-22.,65.6,57.5));
#3072=CARTESIAN_POINT('',(-11.2804691483934,68.068128505864,57.5));
#3073=CARTESIAN_POINT('',(-22.,65.6,58.7));
#3074=CARTESIAN_POINT('',(-22.,65.6,57.5));
#3075=CARTESIAN_POINT('',(-22.,65.6,61.85));
#3076=CARTESIAN_POINT('',(-22.,65.6,58.7));
#3077=CARTESIAN_POINT('',(-22.,65.6,64.85));
#3078=CARTESIAN_POINT('',(-22.,65.6,61.85));
#3079=CARTESIAN_POINT('',(-0.560938296786734,70.536257011728,64.8499999999999));
#3080=CARTESIAN_POINT('Origin',(0.560938296787868,70.536257011728,64.8499999999999));
#3081=CARTESIAN_POINT('',(22.,65.6000000000007,57.4999999999998));
#3082=CARTESIAN_POINT('',(0.560938296787836,70.536257011728,57.4999999999999));
#3083=CARTESIAN_POINT('',(22.,65.6000000000007,64.8499999999998));
#3084=CARTESIAN_POINT('',(0.560938296787868,70.536257011728,64.8499999999999));
#3085=CARTESIAN_POINT('',(22.,65.6,61.8499999999998));
#3086=CARTESIAN_POINT('',(22.,65.6000000000007,61.8499999999998));
#3087=CARTESIAN_POINT('',(22.,65.6000000000007,58.6999999999998));
#3088=CARTESIAN_POINT('',(22.,65.6,58.6999999999998));
#3089=CARTESIAN_POINT('',(22.,65.6000000000007,57.4999999999998));
#3090=CARTESIAN_POINT('Origin',(18.0000000000001,62.5999999999993,64.8499999999998));
#3091=CARTESIAN_POINT('',(18.,36.6,57.4999999999998));
#3092=CARTESIAN_POINT('',(18.,56.8499999999998,57.4999999999998));
#3093=CARTESIAN_POINT('',(18.0000000000001,36.6,64.8499999999998));
#3094=CARTESIAN_POINT('',(18.0000000000001,36.6,61.1749999999998));
#3095=CARTESIAN_POINT('',(18.0000000000001,56.8499999999998,64.8499999999998));
#3096=CARTESIAN_POINT('Origin',(-9.99999999999952,62.5999999999993,64.8499999999999));
#3097=CARTESIAN_POINT('',(-9.99999999999953,36.5999999999998,57.5));
#3098=CARTESIAN_POINT('',(-9.99999999999955,56.8499999999998,57.5));
#3099=CARTESIAN_POINT('',(-9.9999999999995,36.5999999999998,64.8499999999999));
#3100=CARTESIAN_POINT('',(-9.99999999999952,36.6,61.175));
#3101=CARTESIAN_POINT('',(-9.99999999999951,56.8499999999998,64.8499999999999));
#3102=CARTESIAN_POINT('Origin',(2.85771406538515E-13,51.1000000000004,64.8499999999999));
#3103=CARTESIAN_POINT('',(22.000000000001,36.6000000000007,64.8499999999998));
#3104=CARTESIAN_POINT('',(-10.9999999999998,36.6,64.85));
#3105=CARTESIAN_POINT('',(33.1257369314605,42.8022558583123,64.8499999999997));
#3106=CARTESIAN_POINT('',(16.6914119645313,33.6406255832594,64.8499999999998));
#3107=CARTESIAN_POINT('',(33.1257369314599,59.3977441416899,64.8499999999997));
#3108=CARTESIAN_POINT('Origin',(28.5000000000005,51.100000000001,64.8499999999998));
#3109=CARTESIAN_POINT('',(22.2542804302599,65.4582464875864,64.8499999999998));
#3110=CARTESIAN_POINT('',(-33.1257369314596,59.3977441416888,64.8500000000001));
#3111=CARTESIAN_POINT('',(-16.69141196453,68.5593744167412,64.85));
#3112=CARTESIAN_POINT('',(-33.1257369314596,42.8022558583112,64.8500000000001));
#3113=CARTESIAN_POINT('Origin',(-28.5,51.1,64.85));
#3114=CARTESIAN_POINT('',(-22.,36.6,64.85));
#3115=CARTESIAN_POINT('',(-22.25428043026,36.7417535124145,64.85));
#3116=CARTESIAN_POINT('',(-10.9999999999998,36.6,64.85));
#3117=CARTESIAN_POINT('',(-10.9999999999998,36.6,64.85));
#3118=CARTESIAN_POINT('Origin',(-22.,36.6,57.5));
#3119=CARTESIAN_POINT('',(-22.,36.6,57.5));
#3120=CARTESIAN_POINT('',(-22.,36.6,57.5));
#3121=CARTESIAN_POINT('',(-22.,36.6,57.5));
#3122=CARTESIAN_POINT('Origin',(-22.,36.6,57.5));
#3123=CARTESIAN_POINT('',(22.000000000001,36.6000000000007,57.4999999999998));
#3124=CARTESIAN_POINT('',(-22.,36.6,57.5));
#3125=CARTESIAN_POINT('',(22.000000000001,36.6000000000007,57.4999999999998));
#3126=CARTESIAN_POINT('Origin',(2.72448730243013E-13,51.1000000000004,61.8499999999999));
#3127=CARTESIAN_POINT('',(22.0000000000005,51.100000000001,61.8499999999998));
#3128=CARTESIAN_POINT('',(22.,51.1000000000005,61.8499999999998));
#3129=CARTESIAN_POINT('',(33.1257369314598,59.3977441416899,61.8499999999997));
#3130=CARTESIAN_POINT('',(22.2542804302599,65.4582464875864,61.8499999999998));
#3131=CARTESIAN_POINT('',(35.0000000000003,58.0282032302767,61.8499999999997));
#3132=CARTESIAN_POINT('Origin',(28.5000000000005,51.100000000001,61.8499999999998));
#3133=CARTESIAN_POINT('',(35.0000000000005,51.100000000001,61.8499999999997));
#3134=CARTESIAN_POINT('',(35.0000000000004,54.5641016151388,61.8499999999997));
#3135=CARTESIAN_POINT('Origin',(28.5000000000005,51.100000000001,61.8499999999998));
#3136=CARTESIAN_POINT('Origin',(-22.,65.6,61.85));
#3137=CARTESIAN_POINT('',(-33.1257369314596,59.3977441416888,61.8500000000001));
#3138=CARTESIAN_POINT('',(-16.69141196453,68.5593744167412,61.85));
#3139=CARTESIAN_POINT('',(-33.1257369314596,59.3977441416888,61.8500000000001));
#3140=CARTESIAN_POINT('Origin',(33.1257369314598,59.3977441416899,61.8499999999998));
#3141=CARTESIAN_POINT('',(33.1257369314598,59.3977441416899,61.8499999999997));
#3142=CARTESIAN_POINT('Origin',(2.72448730243013E-13,51.1000000000004,61.8499999999999));
#3143=CARTESIAN_POINT('',(-35.,51.1,61.8500000000001));
#3144=CARTESIAN_POINT('',(-35.,58.0282032302755,61.8500000000001));
#3145=CARTESIAN_POINT('',(-35.,51.0999999999999,61.8500000000001));
#3146=CARTESIAN_POINT('Origin',(-28.5,51.1,61.85));
#3147=CARTESIAN_POINT('',(-22.,51.1,61.85));
#3148=CARTESIAN_POINT('',(-22.,58.35,61.85));
#3149=CARTESIAN_POINT('Origin',(-28.5,51.1,61.85));
#3150=CARTESIAN_POINT('Origin',(-35.,51.1,58.7000000000001));
#3151=CARTESIAN_POINT('',(-35.,58.0282032302755,58.7000000000001));
#3152=CARTESIAN_POINT('',(-35.,51.1,58.7000000000001));
#3153=CARTESIAN_POINT('',(-35.,51.1000000000001,58.7000000000001));
#3154=CARTESIAN_POINT('',(-35.,58.0282032302755,58.7000000000001));
#3155=CARTESIAN_POINT('',(-35.,51.1,58.7000000000001));
#3156=CARTESIAN_POINT('Origin',(-28.5,51.1,58.7));
#3157=CARTESIAN_POINT('',(-22.,51.1,58.7));
#3158=CARTESIAN_POINT('Origin',(-28.5,51.1,58.7));
#3159=CARTESIAN_POINT('',(-22.,51.1,58.7));
#3160=CARTESIAN_POINT('Origin',(-22.,65.6,58.7));
#3161=CARTESIAN_POINT('',(-22.,58.3500000000002,58.7));
#3162=CARTESIAN_POINT('Origin',(22.,51.100000000001,58.6999999999998));
#3163=CARTESIAN_POINT('',(22.0000000000005,51.100000000001,58.6999999999998));
#3164=CARTESIAN_POINT('',(22.,51.1000000000007,58.6999999999998));
#3165=CARTESIAN_POINT('',(22.0000000000005,51.100000000001,58.6999999999998));
#3166=CARTESIAN_POINT('Origin',(28.5000000000005,51.100000000001,58.6999999999998));
#3167=CARTESIAN_POINT('',(35.0000000000005,51.100000000001,58.6999999999997));
#3168=CARTESIAN_POINT('Origin',(28.5000000000005,51.100000000001,58.6999999999998));
#3169=CARTESIAN_POINT('',(35.0000000000005,51.100000000001,58.6999999999997));
#3170=CARTESIAN_POINT('Origin',(35.0000000000003,58.0282032302767,58.6999999999997));
#3171=CARTESIAN_POINT('',(35.0000000000003,58.0282032302767,58.6999999999997));
#3172=CARTESIAN_POINT('',(35.0000000000004,54.564101615139,58.6999999999998));
#3173=CARTESIAN_POINT('',(35.0000000000003,58.0282032302767,58.6999999999997));
#3174=CARTESIAN_POINT('Origin',(2.59792187762287E-13,51.1000000000004,58.6999999999999));
#3175=CARTESIAN_POINT('',(-33.1257369314596,59.3977441416888,58.7000000000001));
#3176=CARTESIAN_POINT('',(-22.,65.6,58.7));
#3177=CARTESIAN_POINT('Origin',(-28.5,51.1,58.7));
#3178=CARTESIAN_POINT('Origin',(2.59792187762287E-13,51.1000000000004,58.6999999999999));
#3179=CARTESIAN_POINT('',(33.1257369314598,59.3977441416899,58.6999999999998));
#3180=CARTESIAN_POINT('Origin',(28.5000000000005,51.100000000001,58.6999999999998));
#3181=CARTESIAN_POINT('',(22.,65.6000000000007,58.6999999999998));
#3182=CARTESIAN_POINT('Origin',(-33.1257369314596,42.8022558583112,57.5000000000001));
#3183=CARTESIAN_POINT('',(-33.1257369314596,42.8022558583112,57.5000000000001));
#3184=CARTESIAN_POINT('',(-22.,36.6,57.5));
#3185=CARTESIAN_POINT('',(-33.1257369314596,42.8022558583112,57.5000000000001));
#3186=CARTESIAN_POINT('Origin',(-28.5,51.1,57.5));
#3187=CARTESIAN_POINT('',(-33.1257369314596,59.3977441416888,57.5000000000001));
#3188=CARTESIAN_POINT('Origin',(-28.5,51.1,57.5));
#3189=CARTESIAN_POINT('',(-33.1257369314596,59.3977441416888,57.5000000000001));
#3190=CARTESIAN_POINT('Origin',(-22.,65.6,57.5));
#3191=CARTESIAN_POINT('',(-22.,65.6,57.5));
#3192=CARTESIAN_POINT('Origin',(33.1257369314598,59.3977441416899,57.4999999999998));
#3193=CARTESIAN_POINT('',(33.1257369314598,59.3977441416899,57.4999999999998));
#3194=CARTESIAN_POINT('',(22.,65.6000000000007,57.4999999999998));
#3195=CARTESIAN_POINT('',(33.1257369314598,59.3977441416899,57.4999999999998));
#3196=CARTESIAN_POINT('Origin',(28.5000000000005,51.100000000001,57.4999999999998));
#3197=CARTESIAN_POINT('',(33.1257369314604,42.8022558583123,57.4999999999998));
#3198=CARTESIAN_POINT('Origin',(28.5000000000005,51.100000000001,57.4999999999998));
#3199=CARTESIAN_POINT('',(33.1257369314604,42.8022558583123,57.4999999999998));
#3200=CARTESIAN_POINT('Origin',(22.000000000001,36.6000000000007,57.4999999999998));
#3201=CARTESIAN_POINT('',(22.000000000001,36.6000000000007,57.4999999999998));
#3202=CARTESIAN_POINT('Origin',(-22.,36.6,57.5));
#3203=CARTESIAN_POINT('',(-22.,36.6,57.5));
#3204=CARTESIAN_POINT('Origin',(2.55351295663786E-13,51.1000000000004,57.4999999999999));
#3205=CARTESIAN_POINT('Origin',(2.20490292690556E-13,51.1000000000004,50.1499999999999));
#3206=CARTESIAN_POINT('',(22.,65.6000000000007,50.1499999999998));
#3207=CARTESIAN_POINT('',(22.0000000000009,36.6000000000007,50.1499999999998));
#3208=CARTESIAN_POINT('',(22.,43.8500000000002,50.1499999999998));
#3209=CARTESIAN_POINT('',(33.1257369314598,59.3977441416899,50.1499999999998));
#3210=CARTESIAN_POINT('',(16.6914119645299,68.5593744167418,50.1499999999998));
#3211=CARTESIAN_POINT('',(33.1257369314604,42.8022558583123,50.1499999999998));
#3212=CARTESIAN_POINT('Origin',(28.5000000000005,51.100000000001,50.1499999999998));
#3213=CARTESIAN_POINT('',(22.254280430261,36.7417535124153,50.1499999999998));
#3214=CARTESIAN_POINT('Origin',(22.,65.6000000000007,53.1499999999998));
#3215=CARTESIAN_POINT('',(33.1257369314598,59.3977441416899,53.1499999999998));
#3216=CARTESIAN_POINT('',(22.,65.6000000000007,53.1499999999998));
#3217=CARTESIAN_POINT('',(16.6914119645299,68.5593744167418,53.1499999999998));
#3218=CARTESIAN_POINT('',(33.1257369314598,59.3977441416899,53.1499999999998));
#3219=CARTESIAN_POINT('',(22.,65.6,57.5));
#3220=CARTESIAN_POINT('Origin',(2.33812968986058E-13,51.1000000000004,53.1499999999999));
#3221=CARTESIAN_POINT('',(35.0000000000005,51.100000000001,53.1499999999997));
#3222=CARTESIAN_POINT('',(35.0000000000003,58.0282032302767,53.1499999999997));
#3223=CARTESIAN_POINT('',(35.0000000000005,49.2070508075702,53.1499999999997));
#3224=CARTESIAN_POINT('Origin',(28.5000000000005,51.100000000001,53.1499999999998));
#3225=CARTESIAN_POINT('',(22.0000000000005,51.100000000001,53.1499999999998));
#3226=CARTESIAN_POINT('',(22.,43.8500000000002,53.1499999999998));
#3227=CARTESIAN_POINT('Origin',(28.5000000000005,51.100000000001,53.1499999999998));
#3228=CARTESIAN_POINT('Origin',(22.,36.6,57.5));
#3229=CARTESIAN_POINT('',(22.,65.6000000000007,56.2999999999998));
#3230=CARTESIAN_POINT('',(22.,65.6,57.5));
#3231=CARTESIAN_POINT('',(22.0000000000005,51.100000000001,56.2999999999998));
#3232=CARTESIAN_POINT('',(22.,43.8500000000002,56.2999999999998));
#3233=CARTESIAN_POINT('',(22.,51.100000000001,56.2999999999998));
#3234=CARTESIAN_POINT('Origin',(2.33812968986058E-13,51.1000000000004,53.1499999999999));
#3235=CARTESIAN_POINT('',(-35.0000000000001,58.0282032302755,53.1500000000001));
#3236=CARTESIAN_POINT('',(-35.,51.1,53.1500000000001));
#3237=CARTESIAN_POINT('',(-35.,52.6711524227068,53.1500000000001));
#3238=CARTESIAN_POINT('',(-22.,51.1,53.15));
#3239=CARTESIAN_POINT('Origin',(-28.5,51.1,53.15));
#3240=CARTESIAN_POINT('',(-22.,65.6,53.15));
#3241=CARTESIAN_POINT('',(-22.,43.8500000000002,53.15));
#3242=CARTESIAN_POINT('',(-33.1257369314596,59.3977441416888,53.1500000000001));
#3243=CARTESIAN_POINT('',(-22.2542804302598,65.4582464875856,53.15));
#3244=CARTESIAN_POINT('Origin',(-28.5,51.1,53.15));
#3245=CARTESIAN_POINT('Origin',(-33.1257369314596,59.3977441416888,53.15));
#3246=CARTESIAN_POINT('',(-22.,65.6,50.15));
#3247=CARTESIAN_POINT('',(-22.,65.6,47.5));
#3248=CARTESIAN_POINT('',(-33.1257369314596,59.3977441416888,50.1500000000001));
#3249=CARTESIAN_POINT('',(-22.2542804302599,65.4582464875856,50.15));
#3250=CARTESIAN_POINT('',(-33.1257369314596,59.3977441416888,53.1500000000001));
#3251=CARTESIAN_POINT('Origin',(2.20490292690556E-13,51.1000000000004,50.1499999999999));
#3252=CARTESIAN_POINT('',(-33.1257369314597,42.8022558583112,50.1500000000001));
#3253=CARTESIAN_POINT('Origin',(-28.5,51.1,50.15));
#3254=CARTESIAN_POINT('',(-22.,36.6,50.15));
#3255=CARTESIAN_POINT('',(-22.,43.8500000000002,50.15));
#3256=CARTESIAN_POINT('',(-16.6914119645302,33.6406255832589,50.15));
#3257=CARTESIAN_POINT('Origin',(-22.,36.6,47.5));
#3258=CARTESIAN_POINT('',(-22.,51.1,56.3));
#3259=CARTESIAN_POINT('',(-22.,51.1,56.3));
#3260=CARTESIAN_POINT('',(-22.,65.6,56.3));
#3261=CARTESIAN_POINT('',(-22.,43.85,56.3));
#3262=CARTESIAN_POINT('',(-22.,65.6,47.5));
#3263=CARTESIAN_POINT('Origin',(-22.,36.6,47.5));
#3264=CARTESIAN_POINT('',(-22.,65.6,47.5));
#3265=CARTESIAN_POINT('',(-22.,65.6,47.5));
#3266=CARTESIAN_POINT('',(-22.,36.6,47.5));
#3267=CARTESIAN_POINT('',(-22.,36.6,47.5));
#3268=CARTESIAN_POINT('',(-22.,36.6,47.5));
#3269=CARTESIAN_POINT('Origin',(35.0000000000005,51.100000000001,56.2999999999997));
#3270=CARTESIAN_POINT('',(35.0000000000003,58.0282032302767,56.2999999999997));
#3271=CARTESIAN_POINT('',(35.0000000000005,51.100000000001,56.2999999999997));
#3272=CARTESIAN_POINT('',(35.0000000000005,51.1000000000008,56.2999999999997));
#3273=CARTESIAN_POINT('',(35.0000000000003,58.0282032302767,56.2999999999997));
#3274=CARTESIAN_POINT('',(35.0000000000005,51.100000000001,56.2999999999997));
#3275=CARTESIAN_POINT('Origin',(28.5000000000005,51.100000000001,56.2999999999998));
#3276=CARTESIAN_POINT('Origin',(28.5000000000005,51.100000000001,56.2999999999998));
#3277=CARTESIAN_POINT('Origin',(-28.5,51.1,56.3));
#3278=CARTESIAN_POINT('',(-35.,51.1,56.3000000000001));
#3279=CARTESIAN_POINT('Origin',(-28.5,51.1,56.3));
#3280=CARTESIAN_POINT('',(-35.,51.1,56.3000000000001));
#3281=CARTESIAN_POINT('Origin',(-35.0000000000001,58.0282032302755,56.3000000000001));
#3282=CARTESIAN_POINT('',(-35.0000000000001,58.0282032302755,56.3000000000001));
#3283=CARTESIAN_POINT('',(-35.,54.5641016151377,56.3000000000001));
#3284=CARTESIAN_POINT('',(-35.0000000000001,58.0282032302755,56.3000000000001));
#3285=CARTESIAN_POINT('Origin',(-30.,51.1,56.3));
#3286=CARTESIAN_POINT('',(-33.1257369314596,59.3977441416888,56.3000000000001));
#3287=CARTESIAN_POINT('Origin',(-28.5,51.1,56.3));
#3288=CARTESIAN_POINT('',(-22.,65.6,56.3));
#3289=CARTESIAN_POINT('Origin',(29.0000000000003,51.1000000000004,56.2999999999998));
#3290=CARTESIAN_POINT('',(33.1257369314598,59.3977441416899,56.2999999999998));
#3291=CARTESIAN_POINT('',(22.,65.6000000000007,56.2999999999998));
#3292=CARTESIAN_POINT('Origin',(28.5000000000005,51.100000000001,56.2999999999998));
#3293=CARTESIAN_POINT('Origin',(33.1257369314604,42.8022558583123,57.4999999999998));
#3294=CARTESIAN_POINT('',(22.,36.6,57.5));
#3295=CARTESIAN_POINT('',(33.1257369314604,42.8022558583123,57.4999999999998));
#3296=CARTESIAN_POINT('',(22.000000000001,36.6000000000007,57.4999999999998));
#3297=CARTESIAN_POINT('',(22.,36.6,57.5));
#3298=CARTESIAN_POINT('',(33.1257369314604,42.8022558583123,57.4999999999998));
#3299=CARTESIAN_POINT('Origin',(28.5000000000005,51.100000000001,57.4999999999998));
#3300=CARTESIAN_POINT('',(33.1257369314598,59.3977441416899,57.4999999999998));
#3301=CARTESIAN_POINT('Origin',(28.5000000000005,51.100000000001,57.4999999999998));
#3302=CARTESIAN_POINT('',(33.1257369314598,59.3977441416899,57.4999999999998));
#3303=CARTESIAN_POINT('Origin',(22.,65.6000000000007,57.4999999999998));
#3304=CARTESIAN_POINT('',(22.,65.6,57.5));
#3305=CARTESIAN_POINT('',(22.,65.6000000000007,57.4999999999998));
#3306=CARTESIAN_POINT('',(22.,65.6,57.5));
#3307=CARTESIAN_POINT('Origin',(20.,36.6,57.5));
#3308=CARTESIAN_POINT('',(20.,63.6,57.4999999999998));
#3309=CARTESIAN_POINT('',(20.,36.6,57.4999999999998));
#3310=CARTESIAN_POINT('',(20.,36.6,57.4999999999998));
#3311=CARTESIAN_POINT('',(20.,63.6,49.5));
#3312=CARTESIAN_POINT('',(20.,63.6,28.75));
#3313=CARTESIAN_POINT('',(20.,36.6,49.5));
#3314=CARTESIAN_POINT('',(20.,36.6,49.5));
#3315=CARTESIAN_POINT('',(20.,36.6,28.75));
#3316=CARTESIAN_POINT('Origin',(-28.5,51.1,57.5));
#3317=CARTESIAN_POINT('',(-33.1257369314596,59.3977441416888,57.5000000000001));
#3318=CARTESIAN_POINT('',(-33.1257369314596,42.8022558583112,57.5000000000001));
#3319=CARTESIAN_POINT('Origin',(-28.5,51.1,57.5));
#3320=CARTESIAN_POINT('',(-33.1257369314596,59.3977441416888,57.5000000000001));
#3321=CARTESIAN_POINT('',(-33.1257369314596,42.8022558583112,57.5000000000001));
#3322=CARTESIAN_POINT('Origin',(-22.,36.6,57.5));
#3323=CARTESIAN_POINT('',(-22.,36.6,57.5));
#3324=CARTESIAN_POINT('',(-22.,36.6,57.5));
#3325=CARTESIAN_POINT('',(-22.,36.6,47.5));
#3326=CARTESIAN_POINT('Origin',(-33.1257369314596,59.3977441416888,57.5000000000001));
#3327=CARTESIAN_POINT('',(-22.,65.6,57.5));
#3328=CARTESIAN_POINT('',(-22.,65.6,57.5));
#3329=CARTESIAN_POINT('',(-22.,65.6,47.5));
#3330=CARTESIAN_POINT('Origin',(23.,36.6,38.));
#3331=CARTESIAN_POINT('',(20.,36.6,38.));
#3332=CARTESIAN_POINT('',(23.,36.6,35.));
#3333=CARTESIAN_POINT('Origin',(23.,36.6,38.));
#3334=CARTESIAN_POINT('',(23.,65.6,35.));
#3335=CARTESIAN_POINT('',(23.,36.6,35.));
#3336=CARTESIAN_POINT('',(20.,65.6,38.));
#3337=CARTESIAN_POINT('Origin',(23.,65.6,38.));
#3338=CARTESIAN_POINT('',(20.,36.6,38.));
#3339=CARTESIAN_POINT('Origin',(20.,36.6,35.));
#3340=CARTESIAN_POINT('',(24.0000000000001,36.6,35.));
#3341=CARTESIAN_POINT('',(27.0000000000001,36.6,35.0000000000001));
#3342=CARTESIAN_POINT('',(24.0000000000001,65.6,35.));
#3343=CARTESIAN_POINT('',(24.0000000000001,36.6,35.));
#3344=CARTESIAN_POINT('',(9.99999999999996,65.6,35.));
#3345=CARTESIAN_POINT('Origin',(24.0000000000001,36.6,32.));
#3346=CARTESIAN_POINT('',(27.0000000000001,65.6,32.));
#3347=CARTESIAN_POINT('Origin',(24.0000000000001,65.6,32.));
#3348=CARTESIAN_POINT('',(27.0000000000001,36.6,32.));
#3349=CARTESIAN_POINT('Origin',(24.0000000000001,36.6,32.));
#3350=CARTESIAN_POINT('',(27.0000000000001,36.6,32.));
#3351=CARTESIAN_POINT('Origin',(27.0000000000001,36.6,35.0000000000001));
#3352=CARTESIAN_POINT('',(27.0000000000001,36.6,28.0000000000001));
#3353=CARTESIAN_POINT('',(27.0000000000001,36.6,25.0000000000001));
#3354=CARTESIAN_POINT('',(27.0000000000001,65.6,28.0000000000001));
#3355=CARTESIAN_POINT('',(27.0000000000001,36.6,28.0000000000001));
#3356=CARTESIAN_POINT('',(27.0000000000001,65.6,17.5));
#3357=CARTESIAN_POINT('Origin',(8.88178419700125E-15,36.6,0.));
#3358=CARTESIAN_POINT('',(20.,36.6,47.5));
#3359=CARTESIAN_POINT('',(20.,36.6,-57.5));
#3360=CARTESIAN_POINT('',(22.,36.6,47.5));
#3361=CARTESIAN_POINT('',(22.,36.6,47.5));
#3362=CARTESIAN_POINT('',(22.,36.6,57.5));
#3363=CARTESIAN_POINT('',(-22.,36.6,57.5));
#3364=CARTESIAN_POINT('',(18.,36.6,49.5));
#3365=CARTESIAN_POINT('',(11.,36.6,49.5));
#3366=CARTESIAN_POINT('',(18.,36.6,-55.5));
#3367=CARTESIAN_POINT('',(18.,36.6,23.75));
#3368=CARTESIAN_POINT('',(-18.,36.6,-55.5));
#3369=CARTESIAN_POINT('',(10.,36.6,-55.5));
#3370=CARTESIAN_POINT('',(-18.,36.6,49.5));
#3371=CARTESIAN_POINT('',(-18.,36.6,-28.75));
#3372=CARTESIAN_POINT('',(-20.,36.6,49.5));
#3373=CARTESIAN_POINT('',(-9.99999999999999,36.6,49.5));
#3374=CARTESIAN_POINT('',(-20.,36.6,57.5));
#3375=CARTESIAN_POINT('',(-20.,36.6,23.75));
#3376=CARTESIAN_POINT('',(-22.,36.6,57.5));
#3377=CARTESIAN_POINT('',(-20.,36.6,47.5));
#3378=CARTESIAN_POINT('',(-20.,36.6,47.5));
#3379=CARTESIAN_POINT('',(-20.,36.6,38.));
#3380=CARTESIAN_POINT('',(-20.,36.6,57.5));
#3381=CARTESIAN_POINT('',(-23.,36.6,35.));
#3382=CARTESIAN_POINT('Origin',(-23.,36.6,38.));
#3383=CARTESIAN_POINT('',(-24.0000000000001,36.6,35.));
#3384=CARTESIAN_POINT('',(-27.0000000000001,36.6,35.0000000000001));
#3385=CARTESIAN_POINT('',(-27.0000000000001,36.6,32.));
#3386=CARTESIAN_POINT('Origin',(-24.0000000000001,36.6,32.));
#3387=CARTESIAN_POINT('',(-27.0000000000001,36.6,28.0000000000001));
#3388=CARTESIAN_POINT('',(-27.0000000000001,36.6,25.0000000000001));
#3389=CARTESIAN_POINT('',(-24.0000000000001,36.6,25.0000000000001));
#3390=CARTESIAN_POINT('Origin',(-24.0000000000001,36.6,28.0000000000001));
#3391=CARTESIAN_POINT('',(-23.,36.6,25.0000000000001));
#3392=CARTESIAN_POINT('',(-20.,36.6,25.0000000000001));
#3393=CARTESIAN_POINT('',(-20.,36.6,22.0000000000001));
#3394=CARTESIAN_POINT('Origin',(-23.,36.6,22.0000000000001));
#3395=CARTESIAN_POINT('',(-20.,36.6,-22.));
#3396=CARTESIAN_POINT('',(-20.,36.6,57.5));
#3397=CARTESIAN_POINT('',(-23.,36.6,-25.));
#3398=CARTESIAN_POINT('Origin',(-23.,36.6,-22.));
#3399=CARTESIAN_POINT('',(-24.,36.6,-25.));
#3400=CARTESIAN_POINT('',(-27.,36.6,-25.));
#3401=CARTESIAN_POINT('',(-27.,36.6,-28.));
#3402=CARTESIAN_POINT('Origin',(-24.,36.6,-28.));
#3403=CARTESIAN_POINT('',(-27.,36.6,-32.));
#3404=CARTESIAN_POINT('',(-27.,36.6,-35.));
#3405=CARTESIAN_POINT('',(-24.,36.6,-35.));
#3406=CARTESIAN_POINT('Origin',(-24.,36.6,-32.));
#3407=CARTESIAN_POINT('',(-23.,36.6,-35.));
#3408=CARTESIAN_POINT('',(-20.,36.6,-35.));
#3409=CARTESIAN_POINT('',(-20.,36.6,-38.));
#3410=CARTESIAN_POINT('Origin',(-23.,36.6,-38.));
#3411=CARTESIAN_POINT('',(-20.,36.6,-57.5));
#3412=CARTESIAN_POINT('',(-20.,36.6,57.5));
#3413=CARTESIAN_POINT('',(20.,36.6,-57.5));
#3414=CARTESIAN_POINT('',(-20.,36.6,-57.5));
#3415=CARTESIAN_POINT('',(20.,36.6,-38.));
#3416=CARTESIAN_POINT('',(20.,36.6,-57.5));
#3417=CARTESIAN_POINT('',(23.,36.6,-35.));
#3418=CARTESIAN_POINT('Origin',(23.,36.6,-38.));
#3419=CARTESIAN_POINT('',(24.,36.6,-35.));
#3420=CARTESIAN_POINT('',(20.,36.6,-35.));
#3421=CARTESIAN_POINT('',(27.,36.6,-32.));
#3422=CARTESIAN_POINT('Origin',(24.,36.6,-32.));
#3423=CARTESIAN_POINT('',(27.,36.6,-28.));
#3424=CARTESIAN_POINT('',(27.,36.6,-35.));
#3425=CARTESIAN_POINT('',(24.,36.6,-25.));
#3426=CARTESIAN_POINT('Origin',(24.,36.6,-28.));
#3427=CARTESIAN_POINT('',(23.,36.6,-25.));
#3428=CARTESIAN_POINT('',(27.,36.6,-25.));
#3429=CARTESIAN_POINT('',(20.,36.6,-22.));
#3430=CARTESIAN_POINT('Origin',(23.,36.6,-22.));
#3431=CARTESIAN_POINT('',(20.,36.6,22.0000000000001));
#3432=CARTESIAN_POINT('',(20.,36.6,-57.5));
#3433=CARTESIAN_POINT('',(23.,36.6,25.0000000000001));
#3434=CARTESIAN_POINT('Origin',(23.,36.6,22.0000000000001));
#3435=CARTESIAN_POINT('',(24.0000000000001,36.6,25.0000000000001));
#3436=CARTESIAN_POINT('',(20.,36.6,25.0000000000001));
#3437=CARTESIAN_POINT('Origin',(24.0000000000001,36.6,28.0000000000001));
#3438=CARTESIAN_POINT('',(20.,36.6,-31.1224972160322));
#3439=CARTESIAN_POINT('',(20.,36.6,-28.8775027839678));
#3440=CARTESIAN_POINT('',(20.,36.6,-57.5));
#3441=CARTESIAN_POINT('Origin',(23.05,36.6,-30.));
#3442=CARTESIAN_POINT('',(-20.,36.6,28.877502783961));
#3443=CARTESIAN_POINT('',(-20.,36.6,31.1224972160391));
#3444=CARTESIAN_POINT('Origin',(-23.0499999999975,36.6,30.0000000000001));
#3445=CARTESIAN_POINT('',(-20.,36.6,57.5));
#3446=CARTESIAN_POINT('',(20.,36.6,31.1224972160391));
#3447=CARTESIAN_POINT('',(20.,36.6,28.877502783961));
#3448=CARTESIAN_POINT('Origin',(23.0499999999975,36.6,30.0000000000001));
#3449=CARTESIAN_POINT('',(20.,36.6,-57.5));
#3450=CARTESIAN_POINT('',(-20.,36.6,-31.1224972160323));
#3451=CARTESIAN_POINT('',(-20.,36.6,-28.8775027839678));
#3452=CARTESIAN_POINT('Origin',(-23.05,36.6,-30.));
#3453=CARTESIAN_POINT('',(-20.,36.6,57.5));
#3454=CARTESIAN_POINT('Origin',(24.0000000000001,36.6,28.0000000000001));
#3455=CARTESIAN_POINT('',(24.0000000000001,65.6,25.0000000000001));
#3456=CARTESIAN_POINT('Origin',(24.0000000000001,65.6,28.0000000000001));
#3457=CARTESIAN_POINT('',(24.0000000000001,36.6,25.0000000000001));
#3458=CARTESIAN_POINT('Origin',(8.88178419700125E-15,65.6,0.));
#3459=CARTESIAN_POINT('',(23.,65.6,25.0000000000001));
#3460=CARTESIAN_POINT('',(13.5000000000001,65.6,25.0000000000001));
#3461=CARTESIAN_POINT('',(20.,65.6,22.0000000000001));
#3462=CARTESIAN_POINT('Origin',(23.,65.6,22.0000000000001));
#3463=CARTESIAN_POINT('',(20.,65.6,-22.));
#3464=CARTESIAN_POINT('',(20.,65.6,-57.5));
#3465=CARTESIAN_POINT('',(23.,65.6,-25.));
#3466=CARTESIAN_POINT('Origin',(23.,65.6,-22.));
#3467=CARTESIAN_POINT('',(24.,65.6,-25.));
#3468=CARTESIAN_POINT('',(10.,65.6,-25.));
#3469=CARTESIAN_POINT('',(27.,65.6,-28.));
#3470=CARTESIAN_POINT('Origin',(24.,65.6,-28.));
#3471=CARTESIAN_POINT('',(27.,65.6,-32.));
#3472=CARTESIAN_POINT('',(27.,65.6,-12.5));
#3473=CARTESIAN_POINT('',(24.,65.6,-35.));
#3474=CARTESIAN_POINT('Origin',(24.,65.6,-32.));
#3475=CARTESIAN_POINT('',(23.,65.6,-35.));
#3476=CARTESIAN_POINT('',(13.5,65.6,-35.));
#3477=CARTESIAN_POINT('',(20.,65.6,-38.));
#3478=CARTESIAN_POINT('Origin',(23.,65.6,-38.));
#3479=CARTESIAN_POINT('',(20.,65.6,-57.5));
#3480=CARTESIAN_POINT('',(20.,65.6,-57.5));
#3481=CARTESIAN_POINT('',(-20.,65.6,-57.5));
#3482=CARTESIAN_POINT('',(-20.,65.6,-57.5));
#3483=CARTESIAN_POINT('',(-20.,65.6,-38.));
#3484=CARTESIAN_POINT('',(-20.,65.6,57.5));
#3485=CARTESIAN_POINT('',(-23.,65.6,-35.));
#3486=CARTESIAN_POINT('Origin',(-23.,65.6,-38.));
#3487=CARTESIAN_POINT('',(-24.,65.6,-35.));
#3488=CARTESIAN_POINT('',(-10.,65.6,-35.));
#3489=CARTESIAN_POINT('',(-27.,65.6,-32.));
#3490=CARTESIAN_POINT('Origin',(-24.,65.6,-32.));
#3491=CARTESIAN_POINT('',(-27.,65.6,-28.));
#3492=CARTESIAN_POINT('',(-27.,65.6,-17.5));
#3493=CARTESIAN_POINT('',(-24.,65.6,-25.));
#3494=CARTESIAN_POINT('Origin',(-24.,65.6,-28.));
#3495=CARTESIAN_POINT('',(-23.,65.6,-25.));
#3496=CARTESIAN_POINT('',(-13.5,65.6,-25.));
#3497=CARTESIAN_POINT('',(-20.,65.6,-22.));
#3498=CARTESIAN_POINT('Origin',(-23.,65.6,-22.));
#3499=CARTESIAN_POINT('',(-20.,65.6,22.0000000000001));
#3500=CARTESIAN_POINT('',(-20.,65.6,57.5));
#3501=CARTESIAN_POINT('',(-23.,65.6,25.0000000000001));
#3502=CARTESIAN_POINT('Origin',(-23.,65.6,22.0000000000001));
#3503=CARTESIAN_POINT('',(-24.0000000000001,65.6,25.0000000000001));
#3504=CARTESIAN_POINT('',(-10.,65.6,25.0000000000001));
#3505=CARTESIAN_POINT('',(-27.0000000000001,65.6,28.0000000000001));
#3506=CARTESIAN_POINT('Origin',(-24.0000000000001,65.6,28.0000000000001));
#3507=CARTESIAN_POINT('',(-27.0000000000001,65.6,32.));
#3508=CARTESIAN_POINT('',(-27.0000000000001,65.6,12.5));
#3509=CARTESIAN_POINT('',(-24.0000000000001,65.6,35.));
#3510=CARTESIAN_POINT('Origin',(-24.0000000000001,65.6,32.));
#3511=CARTESIAN_POINT('',(-23.,65.6,35.));
#3512=CARTESIAN_POINT('',(-13.5,65.6,35.));
#3513=CARTESIAN_POINT('',(-20.,65.6,38.));
#3514=CARTESIAN_POINT('Origin',(-23.,65.6,38.));
#3515=CARTESIAN_POINT('',(-20.,65.6,47.5));
#3516=CARTESIAN_POINT('',(-20.,65.6,57.5));
#3517=CARTESIAN_POINT('',(-20.,65.6,47.5));
#3518=CARTESIAN_POINT('',(-22.,65.6,57.5));
#3519=CARTESIAN_POINT('',(22.,65.6,47.5));
#3520=CARTESIAN_POINT('',(22.,65.6,57.5));
#3521=CARTESIAN_POINT('',(20.,65.6,47.5));
#3522=CARTESIAN_POINT('',(22.,65.6,47.5));
#3523=CARTESIAN_POINT('',(20.,65.6,-57.5));
#3524=CARTESIAN_POINT('',(-20.,65.6,28.877502783961));
#3525=CARTESIAN_POINT('',(-20.,65.6,31.1224972160391));
#3526=CARTESIAN_POINT('',(-20.,65.6,57.5));
#3527=CARTESIAN_POINT('Origin',(-23.0499999999975,65.6,30.0000000000001));
#3528=CARTESIAN_POINT('',(20.,65.6,31.1224972160391));
#3529=CARTESIAN_POINT('',(20.,65.6,28.877502783961));
#3530=CARTESIAN_POINT('',(20.,65.6,-57.5));
#3531=CARTESIAN_POINT('Origin',(23.0499999999975,65.6,30.0000000000001));
#3532=CARTESIAN_POINT('',(-20.,65.6,-31.1224972160323));
#3533=CARTESIAN_POINT('',(-20.,65.6,-28.8775027839678));
#3534=CARTESIAN_POINT('',(-20.,65.6,57.5));
#3535=CARTESIAN_POINT('Origin',(-23.05,65.6,-30.));
#3536=CARTESIAN_POINT('',(20.,65.6,-28.8775027839678));
#3537=CARTESIAN_POINT('',(20.,65.6,-31.1224972160322));
#3538=CARTESIAN_POINT('Origin',(23.05,65.6,-30.));
#3539=CARTESIAN_POINT('',(20.,65.6,-57.5));
#3540=CARTESIAN_POINT('Origin',(27.0000000000001,36.6,25.0000000000001));
#3541=CARTESIAN_POINT('',(23.,36.6,25.0000000000001));
#3542=CARTESIAN_POINT('Origin',(23.,36.6,22.0000000000001));
#3543=CARTESIAN_POINT('',(20.,36.6,22.0000000000001));
#3544=CARTESIAN_POINT('Origin',(23.,36.6,-22.));
#3545=CARTESIAN_POINT('',(23.,36.6,-25.));
#3546=CARTESIAN_POINT('',(20.,36.6,-22.));
#3547=CARTESIAN_POINT('Origin',(20.,36.6,-25.));
#3548=CARTESIAN_POINT('',(24.,36.6,-25.));
#3549=CARTESIAN_POINT('Origin',(24.,36.6,-28.));
#3550=CARTESIAN_POINT('',(27.,36.6,-28.));
#3551=CARTESIAN_POINT('Origin',(27.,36.6,-25.));
#3552=CARTESIAN_POINT('',(27.,36.6,-32.));
#3553=CARTESIAN_POINT('Origin',(24.,36.6,-32.));
#3554=CARTESIAN_POINT('',(24.,36.6,-35.));
#3555=CARTESIAN_POINT('Origin',(27.,36.6,-35.));
#3556=CARTESIAN_POINT('',(23.,36.6,-35.));
#3557=CARTESIAN_POINT('Origin',(23.,36.6,-38.));
#3558=CARTESIAN_POINT('',(20.,36.6,-38.));
#3559=CARTESIAN_POINT('Origin',(-23.,36.6,38.));
#3560=CARTESIAN_POINT('',(-23.,36.6,35.));
#3561=CARTESIAN_POINT('',(-20.,36.6,38.));
#3562=CARTESIAN_POINT('Origin',(-27.0000000000001,36.6,35.0000000000001));
#3563=CARTESIAN_POINT('',(-24.0000000000001,36.6,35.));
#3564=CARTESIAN_POINT('Origin',(-23.,36.6,-22.));
#3565=CARTESIAN_POINT('',(-23.,36.6,-25.));
#3566=CARTESIAN_POINT('',(-20.,36.6,-22.));
#3567=CARTESIAN_POINT('Origin',(-27.,36.6,-25.));
#3568=CARTESIAN_POINT('',(-24.,36.6,-25.));
#3569=CARTESIAN_POINT('Origin',(-23.,36.6,22.0000000000001));
#3570=CARTESIAN_POINT('',(-23.,36.6,25.0000000000001));
#3571=CARTESIAN_POINT('',(-20.,36.6,22.0000000000001));
#3572=CARTESIAN_POINT('Origin',(-20.,36.6,25.0000000000001));
#3573=CARTESIAN_POINT('',(-24.0000000000001,36.6,25.0000000000001));
#3574=CARTESIAN_POINT('Origin',(-23.,36.6,-38.));
#3575=CARTESIAN_POINT('',(-23.,36.6,-35.));
#3576=CARTESIAN_POINT('',(-20.,36.6,-38.));
#3577=CARTESIAN_POINT('Origin',(-20.,36.6,-35.));
#3578=CARTESIAN_POINT('',(-24.,36.6,-35.));
#3579=CARTESIAN_POINT('Origin',(-24.0000000000001,36.6,32.));
#3580=CARTESIAN_POINT('',(-27.0000000000001,36.6,32.));
#3581=CARTESIAN_POINT('Origin',(-27.0000000000001,36.6,25.0000000000001));
#3582=CARTESIAN_POINT('',(-27.0000000000001,36.6,28.0000000000001));
#3583=CARTESIAN_POINT('Origin',(-24.0000000000001,36.6,28.0000000000001));
#3584=CARTESIAN_POINT('Origin',(-24.,36.6,-28.));
#3585=CARTESIAN_POINT('',(-27.,36.6,-28.));
#3586=CARTESIAN_POINT('Origin',(-24.,36.6,-32.));
#3587=CARTESIAN_POINT('',(-27.,36.6,-32.));
#3588=CARTESIAN_POINT('Origin',(23.05,36.6,-30.));
#3589=CARTESIAN_POINT('',(20.,36.6,-31.1224972160322));
#3590=CARTESIAN_POINT('',(20.,36.6,-28.8775027839678));
#3591=CARTESIAN_POINT('Origin',(20.,36.6,47.5));
#3592=CARTESIAN_POINT('Origin',(20.,36.6,47.5));
#3593=CARTESIAN_POINT('Origin',(20.,36.6,47.5));
#3594=CARTESIAN_POINT('',(20.,36.6,-57.5));
#3595=CARTESIAN_POINT('Origin',(-23.0499999999975,36.6,30.0000000000001));
#3596=CARTESIAN_POINT('',(-20.,36.6,31.1224972160391));
#3597=CARTESIAN_POINT('',(-20.,36.6,28.877502783961));
#3598=CARTESIAN_POINT('Origin',(-20.,36.6,-57.5));
#3599=CARTESIAN_POINT('',(-20.,36.6,47.5));
#3600=CARTESIAN_POINT('Origin',(-20.,36.6,-57.5));
#3601=CARTESIAN_POINT('Origin',(-20.,36.6,-57.5));
#3602=CARTESIAN_POINT('Origin',(23.0499999999975,36.6,30.0000000000001));
#3603=CARTESIAN_POINT('',(20.,36.6,28.877502783961));
#3604=CARTESIAN_POINT('',(20.,36.6,31.1224972160391));
#3605=CARTESIAN_POINT('Origin',(20.,36.6,47.5));
#3606=CARTESIAN_POINT('',(20.,36.6,47.5));
#3607=CARTESIAN_POINT('Origin',(20.,36.6,47.5));
#3608=CARTESIAN_POINT('Origin',(-27.,36.6,-35.));
#3609=CARTESIAN_POINT('Origin',(-23.05,36.6,-30.));
#3610=CARTESIAN_POINT('',(-20.,36.6,-28.8775027839678));
#3611=CARTESIAN_POINT('',(-20.,36.6,-31.1224972160322));
#3612=CARTESIAN_POINT('Origin',(-20.,36.6,-57.5));
#3613=CARTESIAN_POINT('',(-20.,36.6,-57.5));
#3614=CARTESIAN_POINT('Origin',(-20.,36.6,-57.5));
#3615=CARTESIAN_POINT('Origin',(-20.,36.6,47.5));
#3616=CARTESIAN_POINT('',(-20.,63.6,49.5));
#3617=CARTESIAN_POINT('',(-20.,36.6,49.5));
#3618=CARTESIAN_POINT('',(-20.,63.6,57.5));
#3619=CARTESIAN_POINT('',(-20.,63.6,23.75));
#3620=CARTESIAN_POINT('',(-20.,36.6,57.5));
#3621=CARTESIAN_POINT('Origin',(-20.,36.6,49.5));
#3622=CARTESIAN_POINT('',(-18.,63.6,49.5));
#3623=CARTESIAN_POINT('',(-18.,36.6,49.5));
#3624=CARTESIAN_POINT('',(-9.99999999999999,63.6,49.5));
#3625=CARTESIAN_POINT('Origin',(-18.,36.6,-57.5));
#3626=CARTESIAN_POINT('',(-18.,63.6,-55.5));
#3627=CARTESIAN_POINT('',(-18.,36.6,-55.5));
#3628=CARTESIAN_POINT('',(-18.,63.6,-28.75));
#3629=CARTESIAN_POINT('Origin',(20.,36.6,-55.5));
#3630=CARTESIAN_POINT('',(18.,63.6,-55.5));
#3631=CARTESIAN_POINT('',(18.,36.6,-55.5));
#3632=CARTESIAN_POINT('',(10.,63.6,-55.5));
#3633=CARTESIAN_POINT('Origin',(18.,36.6,47.5));
#3634=CARTESIAN_POINT('',(18.,63.6,49.5));
#3635=CARTESIAN_POINT('',(18.,36.6,49.5));
#3636=CARTESIAN_POINT('',(18.,63.6,23.75));
#3637=CARTESIAN_POINT('Origin',(22.,36.6,49.5));
#3638=CARTESIAN_POINT('',(11.,63.6,49.5));
#3639=CARTESIAN_POINT('Origin',(8.88178419700125E-15,63.6,0.));
#3640=CARTESIAN_POINT('',(-10.9999999999999,63.6,57.5));
#3641=CARTESIAN_POINT('Origin',(-22.,36.6,57.5));
#3642=CARTESIAN_POINT('Origin',(-20.,36.6,47.5));
#3643=CARTESIAN_POINT('Origin',(20.,36.6,-57.5));
#3644=CARTESIAN_POINT('Origin',(22.,36.6,47.5));
#3645=CARTESIAN_POINT('',(22.,36.6,47.5));
#3646=CARTESIAN_POINT('Origin',(22.,36.6,57.5));
#3647=CARTESIAN_POINT('',(0.,0.,0.));
#3648=CARTESIAN_POINT('',(0.,0.,0.));
#3649=CARTESIAN_POINT('',(0.,0.,0.));
#3650=CARTESIAN_POINT('Origin',(0.,0.,0.));
#3651=UNCERTAINTY_MEASURE_WITH_UNIT(LENGTH_MEASURE(0.01),#3661,
'DISTANCE_ACCURACY_VALUE',
'Maximum model space distance between geometric entities at asserted c
onnectivities');
#3652=UNCERTAINTY_MEASURE_WITH_UNIT(LENGTH_MEASURE(0.01),#3661,
'DISTANCE_ACCURACY_VALUE',
'Maximum model space distance between geometric entities at asserted c
onnectivities');
#3653=UNCERTAINTY_MEASURE_WITH_UNIT(LENGTH_MEASURE(0.01),#3661,
'DISTANCE_ACCURACY_VALUE',
'Maximum model space distance between geometric entities at asserted c
onnectivities');
#3654=UNCERTAINTY_MEASURE_WITH_UNIT(LENGTH_MEASURE(0.01),#3661,
'DISTANCE_ACCURACY_VALUE',
'Maximum model space distance between geometric entities at asserted c
onnectivities');
#3655=UNCERTAINTY_MEASURE_WITH_UNIT(LENGTH_MEASURE(0.01),#3661,
'DISTANCE_ACCURACY_VALUE',
'Maximum model space distance between geometric entities at asserted c
onnectivities');
#3656=(
GEOMETRIC_REPRESENTATION_CONTEXT(3)
GLOBAL_UNCERTAINTY_ASSIGNED_CONTEXT((#3651))
GLOBAL_UNIT_ASSIGNED_CONTEXT((#3661,#3663,#3664))
REPRESENTATION_CONTEXT('','3D')
);
#3657=(
GEOMETRIC_REPRESENTATION_CONTEXT(3)
GLOBAL_UNCERTAINTY_ASSIGNED_CONTEXT((#3652))
GLOBAL_UNIT_ASSIGNED_CONTEXT((#3661,#3663,#3664))
REPRESENTATION_CONTEXT('','3D')
);
#3658=(
GEOMETRIC_REPRESENTATION_CONTEXT(3)
GLOBAL_UNCERTAINTY_ASSIGNED_CONTEXT((#3653))
GLOBAL_UNIT_ASSIGNED_CONTEXT((#3661,#3663,#3664))
REPRESENTATION_CONTEXT('','3D')
);
#3659=(
GEOMETRIC_REPRESENTATION_CONTEXT(3)
GLOBAL_UNCERTAINTY_ASSIGNED_CONTEXT((#3654))
GLOBAL_UNIT_ASSIGNED_CONTEXT((#3661,#3663,#3664))
REPRESENTATION_CONTEXT('','3D')
);
#3660=(
GEOMETRIC_REPRESENTATION_CONTEXT(3)
GLOBAL_UNCERTAINTY_ASSIGNED_CONTEXT((#3655))
GLOBAL_UNIT_ASSIGNED_CONTEXT((#3661,#3663,#3664))
REPRESENTATION_CONTEXT('','3D')
);
#3661=(
LENGTH_UNIT()
NAMED_UNIT(*)
SI_UNIT(.MILLI.,.METRE.)
);
#3662=(
LENGTH_UNIT()
NAMED_UNIT(*)
SI_UNIT($,.METRE.)
);
#3663=(
NAMED_UNIT(*)
PLANE_ANGLE_UNIT()
SI_UNIT($,.RADIAN.)
);
#3664=(
NAMED_UNIT(*)
SI_UNIT($,.STERADIAN.)
SOLID_ANGLE_UNIT()
);
#3665=SHAPE_DEFINITION_REPRESENTATION(#3669,#3676);
#3666=SHAPE_DEFINITION_REPRESENTATION(#3670,#3677);
#3667=SHAPE_DEFINITION_REPRESENTATION(#3671,#3678);
#3668=SHAPE_DEFINITION_REPRESENTATION(#3672,#3679);
#3669=PRODUCT_DEFINITION_SHAPE('',$,#3681);
#3670=PRODUCT_DEFINITION_SHAPE('',$,#3682);
#3671=PRODUCT_DEFINITION_SHAPE('',$,#3683);
#3672=PRODUCT_DEFINITION_SHAPE('',$,#3684);
#3673=PRODUCT_DEFINITION_SHAPE($,$,#23);
#3674=PRODUCT_DEFINITION_SHAPE($,$,#24);
#3675=PRODUCT_DEFINITION_SHAPE($,$,#25);
#3676=SHAPE_REPRESENTATION('',(#2211,#2395),#3656);
#3677=SHAPE_REPRESENTATION('',(#2212,#2394),#3657);
#3678=SHAPE_REPRESENTATION('',(#2213,#2393),#3658);
#3679=SHAPE_REPRESENTATION('',(#2214),#3659);
#3680=PRODUCT_DEFINITION_CONTEXT('part definition',#3694,'design');
#3681=PRODUCT_DEFINITION('Main Bot','Main Bot v258',#3685,#3680);
#3682=PRODUCT_DEFINITION('Bot','Bot',#3686,#3680);
#3683=PRODUCT_DEFINITION('Battery Mount','Battery Mount',#3687,#3680);
#3684=PRODUCT_DEFINITION('Battery lid','Battery lid',#3688,#3680);
#3685=PRODUCT_DEFINITION_FORMATION('',$,#3696);
#3686=PRODUCT_DEFINITION_FORMATION('',$,#3697);
#3687=PRODUCT_DEFINITION_FORMATION('',$,#3698);
#3688=PRODUCT_DEFINITION_FORMATION('',$,#3699);
#3689=PRODUCT_RELATED_PRODUCT_CATEGORY('Main Bot v258','Main Bot v258',
(#3696));
#3690=PRODUCT_RELATED_PRODUCT_CATEGORY('Bot','Bot',(#3697));
#3691=PRODUCT_RELATED_PRODUCT_CATEGORY('Battery Mount','Battery Mount',
(#3698));
#3692=PRODUCT_RELATED_PRODUCT_CATEGORY('Battery lid','Battery lid',(#3699));
#3693=APPLICATION_PROTOCOL_DEFINITION('international standard',
'automotive_design',2009,#3694);
#3694=APPLICATION_CONTEXT(
'Core Data for Automotive Mechanical Design Process');
#3695=PRODUCT_CONTEXT('part definition',#3694,'mechanical');
#3696=PRODUCT('Main Bot','Main Bot v258',$,(#3695));
#3697=PRODUCT('Bot','Bot',$,(#3695));
#3698=PRODUCT('Battery Mount','Battery Mount',$,(#3695));
#3699=PRODUCT('Battery lid','Battery lid',$,(#3695));
#3700=PRESENTATION_STYLE_ASSIGNMENT((#3711));
#3701=PRESENTATION_STYLE_ASSIGNMENT((#3712));
#3702=PRESENTATION_STYLE_ASSIGNMENT((#3713));
#3703=PRESENTATION_STYLE_ASSIGNMENT((#3714));
#3704=PRESENTATION_STYLE_ASSIGNMENT((#3715));
#3705=PRESENTATION_STYLE_ASSIGNMENT((#3716));
#3706=PRESENTATION_STYLE_ASSIGNMENT((#3717));
#3707=PRESENTATION_STYLE_ASSIGNMENT((#3718));
#3708=PRESENTATION_STYLE_ASSIGNMENT((#3719));
#3709=PRESENTATION_STYLE_ASSIGNMENT((#3720));
#3710=PRESENTATION_STYLE_ASSIGNMENT((NULL_STYLE(.NULL.)));
#3711=SURFACE_STYLE_USAGE(.BOTH.,#3721);
#3712=SURFACE_STYLE_USAGE(.BOTH.,#3722);
#3713=SURFACE_STYLE_USAGE(.BOTH.,#3723);
#3714=SURFACE_STYLE_USAGE(.BOTH.,#3724);
#3715=SURFACE_STYLE_USAGE(.BOTH.,#3725);
#3716=SURFACE_STYLE_USAGE(.BOTH.,#3726);
#3717=SURFACE_STYLE_USAGE(.BOTH.,#3727);
#3718=SURFACE_STYLE_USAGE(.BOTH.,#3728);
#3719=SURFACE_STYLE_USAGE(.BOTH.,#3729);
#3720=SURFACE_STYLE_USAGE(.BOTH.,#3730);
#3721=SURFACE_SIDE_STYLE('',(#3731));
#3722=SURFACE_SIDE_STYLE('',(#3732));
#3723=SURFACE_SIDE_STYLE('',(#3733));
#3724=SURFACE_SIDE_STYLE('',(#3734));
#3725=SURFACE_SIDE_STYLE('',(#3735));
#3726=SURFACE_SIDE_STYLE('',(#3736));
#3727=SURFACE_SIDE_STYLE('',(#3737));
#3728=SURFACE_SIDE_STYLE('',(#3738));
#3729=SURFACE_SIDE_STYLE('',(#3739));
#3730=SURFACE_SIDE_STYLE('',(#3740));
#3731=SURFACE_STYLE_FILL_AREA(#3741);
#3732=SURFACE_STYLE_FILL_AREA(#3742);
#3733=SURFACE_STYLE_FILL_AREA(#3743);
#3734=SURFACE_STYLE_FILL_AREA(#3744);
#3735=SURFACE_STYLE_FILL_AREA(#3745);
#3736=SURFACE_STYLE_FILL_AREA(#3746);
#3737=SURFACE_STYLE_FILL_AREA(#3747);
#3738=SURFACE_STYLE_FILL_AREA(#3748);
#3739=SURFACE_STYLE_FILL_AREA(#3749);
#3740=SURFACE_STYLE_FILL_AREA(#3750);
#3741=FILL_AREA_STYLE('Stainless Steel - Satin',(#3751));
#3742=FILL_AREA_STYLE('Coating - Black Oxide',(#3752));
#3743=FILL_AREA_STYLE('Plastic - Matte (Blue)',(#3753));
#3744=FILL_AREA_STYLE('Silver - Satin',(#3754));
#3745=FILL_AREA_STYLE('Rubber - Hard',(#3755));
#3746=FILL_AREA_STYLE('ABS (White)',(#3756));
#3747=FILL_AREA_STYLE('Steel - Satin',(#3757));
#3748=FILL_AREA_STYLE('Plastic - Glossy (Black)',(#3758));
#3749=FILL_AREA_STYLE('Plastic - Matte (Black)',(#3759));
#3750=FILL_AREA_STYLE('Aluminum - Anodized Glossy (Grey)',(#3760));
#3751=FILL_AREA_STYLE_COLOUR('Stainless Steel - Satin',#3761);
#3752=FILL_AREA_STYLE_COLOUR('Coating - Black Oxide',#3762);
#3753=FILL_AREA_STYLE_COLOUR('Plastic - Matte (Blue)',#3763);
#3754=FILL_AREA_STYLE_COLOUR('Silver - Satin',#3764);
#3755=FILL_AREA_STYLE_COLOUR('Rubber - Hard',#3765);
#3756=FILL_AREA_STYLE_COLOUR('ABS (White)',#3766);
#3757=FILL_AREA_STYLE_COLOUR('Steel - Satin',#3767);
#3758=FILL_AREA_STYLE_COLOUR('Plastic - Glossy (Black)',#3768);
#3759=FILL_AREA_STYLE_COLOUR('Plastic - Matte (Black)',#3769);
#3760=FILL_AREA_STYLE_COLOUR('Aluminum - Anodized Glossy (Grey)',#3770);
#3761=COLOUR_RGB('Stainless Steel - Satin',0.796078431372549,0.796078431372549,
0.796078431372549);
#3762=COLOUR_RGB('Coating - Black Oxide',0.172549019607843,0.172549019607843,
0.172549019607843);
#3763=COLOUR_RGB('Plastic - Matte (Blue)',0.188235294117647,0.231372549019608,
0.588235294117647);
#3764=COLOUR_RGB('Silver - Satin',0.984313725490196,0.980392156862745,0.96078431372549);
#3765=COLOUR_RGB('Rubber - Hard',0.152941176470588,0.152941176470588,0.152941176470588);
#3766=COLOUR_RGB('ABS (White)',0.964705882352941,0.964705882352941,0.952941176470588);
#3767=COLOUR_RGB('Steel - Satin',0.627450980392157,0.627450980392157,0.627450980392157);
#3768=COLOUR_RGB('Plastic - Glossy (Black)',0.0980392156862745,0.0980392156862745,
0.0980392156862745);
#3769=COLOUR_RGB('Plastic - Matte (Black)',0.0980392156862745,0.0980392156862745,
0.0980392156862745);
#3770=COLOUR_RGB('Aluminum - Anodized Glossy (Grey)',0.537254901960784,
0.537254901960784,0.537254901960784);
ENDSEC;
END-ISO-10303-21;
